0163	0.75	0.00005	0.98634	0.01361
121454	KLRD1	3824	sp|Q86YD1|PTOV1_HUMAN	PTOV1	 Prostate tumor-overexpressed gene 1 protein OS=Homo sapiens GN=PTOV1 PE=1 SV=1	53635	2	0.6	2.51	0.925432	0.954434	2	0.0792485	1094	0.00366	0.5	0.	0.97672	0.02328
121454	KLRD1	3824	sp|Q9P003|CNIH4_HUMAN	CNIH4	 Protein cornichon homolog 4 OS=Homo sapiens GN=CNIH4 PE=1 SV=1	29097	2	0.25	2.97	4.25849	0.954434	2	0.122801	1841	0.00217	0.5	0.18958	0.78394	0.02648
121421	LNP1	348801	sp|A1A4G5|LNP1_HUMAN	LNP1	 Leukemia NUP98 fusion partner 1 OS=Homo sapiens GN=LNP1 PE=2 SV=1	348801	79	156.12	76.68	297.9	0.987219	23	0.00170794	13	12.1539	0.14557	0.	0.	1.
121421	LNP1	348801	sp|Q92734|TFG_HUMAN	TFG	 Protein TFG OS=Homo sapiens GN=TFG PE=1 SV=2	10342	41	0.14	-0.71	-0.815631	0.98698	25	0.999829	743126	0.00011	0.304878	0.	0.99001	0.00999
121421	LNP1	348801	sp|P08107|HSP71_HUMAN	HSPA1B	 Heat shock 70 kDa protein 1A/1B OS=Homo sapiens GN=HSPA1A PE=1 SV=5	3304	39	0.14	-0.75	-1.01544	0.994183	31	1.	704020	0.00011	0.397436	0.	0.99486	0.00514
121421	LNP1	348801	sp|P11021|GRP78_HUMAN	HSPA5	 78 kDa glucose-regulated protein OS=Homo sapiens GN=HSPA5 PE=1 SV=2	3309	70	0.18	-0.41	-0.507748	0.997677	43	1.	1333224	0.00011	0.307143	0.	0.93892	0.06108
121421	LNP1	348801	sp|P11142|HSP7C_HUMAN	HSPA8	 Heat shock cognate 71 kDa protein OS=Homo sapiens GN=HSPA8 PE=1 SV=1	3312	67	0.18	-0.72	-0.976824	0.999638	49	0.999829	1328530	0.0001	0.365672	0.	0.94116	0.05884
121446	ATAT1	79969	sp|P84090|ERH_HUMAN	ERH	 Enhancer of rudimentary homolog OS=Homo sapiens GN=ERH PE=1 SV=1	2079	2	0.03	-1.08	0.0531426	0.881291	2	0.990777	54396	0.00007	0.5	0.	0.99994	0.00006
121421	LNP1	348801	sp|P17066|HSP76_HUMAN	HSPA6	 Heat shock 70 kDa protein 6 OS=Homo sapiens GN=HSPA6 PE=1 SV=2	3310	13	0.08	-0.61	-0.903871	0.990375	8	0.999488	249298	0.0001	0.307692	0.	0.99362	0.00638
121421	LNP1	348801	sp|P27348|1433T_HUMAN	YWHAQ	 14-3-3 protein theta OS=Homo sapiens GN=YWHAQ PE=1 SV=1	10971	45	0.15	12.9	7.32621	0.999198	26	0.987532	73716	0.00122	0.288889	0.	0.15845	0.84155
121421	LNP1	348801	sp|P31946-2|1433B_HUMAN	YWHAB	 Isoform Short of 14-3-3 protein beta/alpha OS=Homo sapiens GN=YWHAB	7529	67	0.18	16.11	7.45853	0.980758	38	0.992656	92071	0.00146	0.283582	0.	0.03762	0.96238
121421	LNP1	348801	sp|P31947|1433S_HUMAN	SFN	 14-3-3 protein sigma OS=Homo sapiens GN=SFN PE=1 SV=1	2810	43	0.15	7.63	6.13106	0.995216	30	0.980359	101434	0.00085	0.348837	0.	0.29551	0.70449
121421	LNP1	348801	sp|P61981|1433G_HUMAN	YWHAG	 14-3-3 protein gamma OS=Homo sapiens GN=YWHAG PE=1 SV=2	7532	62	0.17	15.51	7.51104	0.999815	37	0.993339	77714	0.0016	0.298387	0.	0.01087	0.98913
121421	LNP1	348801	sp|P62258|1433E_HUMAN	YWHAE	 14-3-3 protein epsilon OS=Homo sapiens GN=YWHAE PE=1 SV=1	7531	179	0.29	20.95	7.57247	0.996479	52	0.999488	167781	0.00213	0.145251	0.	0.00304	0.99696
121421	LNP1	348801	sp|P63104|1433Z_HUMAN	YWHAZ	 14-3-3 protein zeta/delta OS=Homo sapiens GN=YWHAZ PE=1 SV=1	7534	113	0.23	21.07	10.0836	0.999873	37	1.	149240	0.00151	0.163717	0.	0.00046	0.99954
121421	LNP1	348801	sp|Q04917|1433F_HUMAN	YWHAH	 14-3-3 protein eta OS=Homo sapiens GN=YWHAH PE=1 SV=4	7533	66	0.19	17.98	7.53208	0.999959	34	0.951665	63479	0.00208	0.257576	0.	0.01456	0.98544
121421	LNP1	348801	tr|B3KT37|B3KT37_HUMAN		 cDNA FLJ37577 fis, clone BRCOC2003513, moderately similar to 14-3-3 protein epsilon (14-3-3E) OS=Homo sapiens PE=4 SV=1		9	381.85	75.	-0.12692	1.	3	0.000170794	3627133	0.	0.166667	0.99784	0.0021	0.00006
121421	LNP1	348801	tr|E7ESK7|E7ESK7_HUMAN	YWHAZ	 Uncharacterized protein OS=Homo sapiens GN=YWHAZ PE=4 SV=1	7534	36	0.23	21.07	10.0836	0.986421	19	1.	149240	0.00048	0.263889	0.	0.00077	0.99923
121446	ATAT1	79969	sp|P26583|HMGB2_HUMAN	HMGB2	 High mobility group protein B2 OS=Homo sapiens GN=HMGB2 PE=1 SV=2	3148	3	0.04	-0.29	0.00505586	0.979869	3	0.949445	43041	0.00014	0.5	0.	0.99994	0.00006
121421	LNP1	348801	sp|Q92804-2|RBP56_HUMAN	TAF15	 Isoform Short of TATA-binding protein-associated factor 2N OS=Homo sapiens GN=TAF15	8148	9	0.07	-0.39	0.418622	0.943602	8	0.942442	146021	0.00012	0.444444	0.	0.99991	0.00009
121421	LNP1	348801	sp|P35637-2|FUS_HUMAN	FUS	 Isoform Short of RNA-binding protein FUS OS=Homo sapiens GN=FUS	2521	12	0.08	-0.61	0.110474	0.981454	11	1.	243121	0.0001	0.458333	0.	0.99828	0.00172
121421	LNP1	348801	sp|P09417|DHPR_HUMAN	QDPR	 Dihydropteridine reductase OS=Homo sapiens GN=QDPR PE=1 SV=2	5860	4	0.05	0.37	0.476252	0.896038	5	0.934927	37313	0.00021	0.625	0.	0.99992	0.00008
121421	LNP1	348801	sp|P52815|RM12_HUMAN	MRPL12	 39S ribosomal protein L12, mitochondrial OS=Homo sapiens GN=MRPL12 PE=1 SV=2	6182	2	0.04	-0.15	0.603677	0.954434	3	0.810931	26811	0.00015	0.75	0.	0.9996	0.0004
121446	ATAT1	79969	sp|P31040|DHSA_HUMAN	SDHA	 Succinate dehydrogenase [ubiquinone] flavoprotein subunit, mitochondrial OS=Homo sapiens GN=SDHA PE=1 SV=2	6389	5	0.05	-0.88	-0.431417	0.992774	7	0.996584	95768	0.0001	0.7	0.	0.99979	0.00021
121421	LNP1	348801	sp|P14923|PLAK_HUMAN	JUP	 Junction plakoglobin OS=Homo sapiens GN=JUP PE=1 SV=3	3728	3	0.06	-0.42	-0.40571	0.811278	4	0.930999	123314	0.00005	0.666667	0.	0.9998	0.0002
121421	LNP1	348801	sp|Q9Y4L1|HYOU1_HUMAN	HYOU1	 Hypoxia up-regulated protein 1 OS=Homo sapiens GN=HYOU1 PE=1 SV=1	10525	8	0.09	0.27	0.238808	0.974489	12	0.838258	67454	0.00024	0.75	0.	0.9998	0.0002
121421	LNP1	348801	sp|P11766|ADHX_HUMAN	ADH5	 Alcohol dehydrogenase class-3 OS=Homo sapiens GN=ADH5 PE=1 SV=4	128	3	0.04	0.56	0.318279	0.979869	3	0.889325	24114	0.00025	0.5	0.	0.99978	0.00022
121421	LNP1	348801	sp|P04083|ANXA1_HUMAN	ANXA1	 Annexin A1 OS=Homo sapiens GN=ANXA1 PE=1 SV=2	301	14	0.08	0.12	0.0153465	0.99908	14	0.999658	157618	0.00018	0.5	0.	0.98856	0.01144
121421	LNP1	348801	sp|P09972|ALDOC_HUMAN	ALDOC	 Fructose-bisphosphate aldolase C OS=Homo sapiens GN=ALDOC PE=1 SV=2	230	3	0.06	0.	-0.0384943	1.	4	0.847481	34183	0.00018	0.666667	0.	0.99997	0.00003
121421	LNP1	348801	sp|P04075|ALDOA_HUMAN	ALDOA	 Fructose-bisphosphate aldolase A OS=Homo sapiens GN=ALDOA PE=1 SV=2	226	11	0.07	-0.64	-0.821442	0.994539	14	0.999829	177243	0.00012	0.636364	0.	0.99508	0.00492
121421	LNP1	348801	sp|Q00610-2|CLH1_HUMAN	CLTC	 Isoform 2 of Clathrin heavy chain 1 OS=Homo sapiens GN=CLTC	1213	51	0.16	-0.8	-0.899093	0.998912	57	1.	815628	0.00013	0.558824	0.	0.97925	0.02075
121421	LNP1	348801	sp|Q13162|PRDX4_HUMAN	PRDX4	 Peroxiredoxin-4 OS=Homo sapiens GN=PRDX4 PE=1 SV=1	10549	6	0.05	-0.53	-0.777469	1.	6	0.998292	83253	0.00014	0.5	0.	0.99957	0.00043
121446	ATAT1	79969	sp|Q13185|CBX3_HUMAN	CBX3	 Chromobox protein homolog 3 OS=Homo sapiens GN=CBX3 PE=1 SV=4	11335	1	0.02	-0.74	-0.056888	1.	2	0.88386	27277	0.00007	1.	0.	0.99995	0.00005
121421	LNP1	348801	sp|Q06830|PRDX1_HUMAN	PRDX1	 Peroxiredoxin-1 OS=Homo sapiens GN=PRDX1 PE=1 SV=1	5052	8	0.06	-0.84	-1.03879	0.974489	10	0.999829	122764	0.00013	0.625	0.	0.9994	0.0006
121421	LNP1	348801	sp|P00390-2|GSHR_HUMAN	GSR	 Isoform Cytoplasmic of Glutathione reductase, mitochondrial OS=Homo sapiens GN=GSR	2936	4	0.05	0.38	0.157459	0.988699	6	0.936635	36266	0.00022	0.75	0.	0.99962	0.00038
121421	LNP1	348801	sp|P07900-2|HS90A_HUMAN	HSP90AA1	 Isoform 2 of Heat shock protein HSP 90-alpha OS=Homo sapiens GN=HSP90AA1	3320	36	0.13	-0.26	-1.18244	0.993171	34	0.999829	479426	0.00015	0.472222	0.	0.97698	0.02302
121421	LNP1	348801	sp|P08238|HS90B_HUMAN	HSP90AB1	 Heat shock protein HSP 90-beta OS=Homo sapiens GN=HSP90AB1 PE=1 SV=4	3326	35	0.13	-0.51	-1.66519	0.999428	32	0.999829	527194	0.00013	0.457143	0.	0.96692	0.03308
121421	LNP1	348801	sp|P14625|ENPL_HUMAN	HSP90B1	 Endoplasmin OS=Homo sapiens GN=HSP90B1 PE=1 SV=1	7184	22	0.1	-0.72	-1.08311	0.987138	26	1.	346000	0.00013	0.590909	0.	0.99739	0.00261
121421	LNP1	348801	sp|Q58FF8|H90B2_HUMAN	HSP90AB2P	 Putative heat shock protein HSP 90-beta 2 OS=Homo sapiens GN=HSP90AB2P PE=1 SV=2	391634	7	0.06	-0.7	-1.92187	0.996317	8	0.981725	113333	0.00012	0.571429	0.	1.	0.
121421	LNP1	348801	sp|P08195-2|4F2_HUMAN	SLC3A2	 Isoform 2 of 4F2 cell-surface antigen heavy chain OS=Homo sapiens GN=SLC3A2	6520	6	0.05	-0.41	-0.496666	0.994985	9	0.98497	108327	0.00011	0.75	0.	0.99999	0.00001
121421	LNP1	348801	sp|P36871-2|PGM1_HUMAN	PGM1	 Isoform 2 of Phosphoglucomutase-1 OS=Homo sapiens GN=PGM1	5236	2	0.04	-0.49	-0.57515	1.	3	0.869855	35666	0.00011	0.75	0.	0.99925	0.00075
121421	LNP1	348801	sp|P62263|RS14_HUMAN	RPS14	 40S ribosomal protein S14 OS=Homo sapiens GN=RPS14 PE=1 SV=3	6208	5	0.05	-0.29	0.109405	0.992774	5	0.999488	67126	0.00015	0.5	0.	0.99853	0.00147
121457	ADI1	55256	sp|P36871-2|PGM1_HUMAN	PGM1	 Isoform 2 of Phosphoglucomutase-1 OS=Homo sapiens GN=PGM1	5236	3	0.04	-0.08	-0.185431	0.940286	5	0.869855	35666	0.00017	0.833333	0.	0.99918	0.00082
121446	ATAT1	79969	sp|P22087|FBRL_HUMAN	FBL	 rRNA 2'-O-methyltransferase fibrillarin OS=Homo sapiens GN=FBL PE=1 SV=2	2091	3	0.08	0.55	1.17936	0.940286	5	0.496499	16645	0.00036	0.833333	0.	0.99948	0.00052
121421	LNP1	348801	sp|P04040|CATA_HUMAN	CAT	 Catalase OS=Homo sapiens GN=CAT PE=1 SV=3	847	4	0.04	-0.48	-0.304572	1.	4	0.986507	60639	0.00013	0.5	0.	0.99911	0.00089
121421	LNP1	348801	sp|Q8TEM1|PO210_HUMAN	NUP210	 Nuclear pore membrane glycoprotein 210 OS=Homo sapiens GN=NUP210 PE=1 SV=3	23225	16	0.09	-0.74	-0.807066	0.989376	21	0.998804	280104	0.00011	0.65625	0.	0.99911	0.00089
121421	LNP1	348801	sp|P27824|CALX_HUMAN	CANX	 Calnexin OS=Homo sapiens GN=CANX PE=1 SV=2	821	7	0.06	-0.37	-0.425286	0.996317	8	0.998975	151134	0.00009	0.571429	0.	0.99949	0.00051
121421	LNP1	348801	sp|Q09666|AHNK_HUMAN	AHNAK	 Neuroblast differentiation-associated protein AHNAK OS=Homo sapiens GN=AHNAK PE=1 SV=2	79026	9	0.07	-0.66	-0.594228	0.991992	12	0.991631	284829	0.00006	0.666667	0.	0.99987	0.00013
121421	LNP1	348801	sp|Q9HB71|CYBP_HUMAN	CACYBP	 Calcyclin-binding protein OS=Homo sapiens GN=CACYBP PE=1 SV=2	27101	4	0.06	0.5	-0.416484	0.896038	5	0.76994	31487	0.00025	0.625	0.	0.99971	0.00029
121446	ATAT1	79969	sp|P30837|AL1B1_HUMAN	ALDH1B1	 Aldehyde dehydrogenase X, mitochondrial OS=Homo sapiens GN=ALDH1B1 PE=1 SV=3	219	2	0.04	-0.09	0.233081	0.954434	2	0.726558	24599	0.00016	0.5	0.	0.99991	0.00009
121421	LNP1	348801	sp|P23396|RS3_HUMAN	RPS3	 40S ribosomal protein S3 OS=Homo sapiens GN=RPS3 PE=1 SV=2	6188	6	0.05	-0.53	0.282123	0.994985	6	1.	113604	0.00011	0.5	0.	0.99789	0.00211
121421	LNP1	348801	sp|P09874|PARP1_HUMAN	PARP1	 Poly [ADP-ribose] polymerase 1 OS=Homo sapiens GN=PARP1 PE=1 SV=4	142	4	0.07	0.02	2.06925	0.988699	5	0.768574	44352	0.00018	0.625	0.	0.99799	0.00201
121421	LNP1	348801	sp|P22234-2|PUR6_HUMAN	PAICS	 Isoform 2 of Multifunctional protein ADE2 OS=Homo sapiens GN=PAICS	10606	5	0.05	0.02	-0.584436	0.902393	9	0.932024	56863	0.00018	0.9	0.	0.99881	0.00119
121421	LNP1	348801	sp|P53396|ACLY_HUMAN	ACLY	 ATP-citrate synthase OS=Homo sapiens GN=ACLY PE=1 SV=3	47	4	0.04	-0.63	-1.03489	0.896038	5	0.976772	83744	0.0001	0.625	0.	0.9999	0.0001
121421	LNP1	348801	sp|P21333-2|FLNA_HUMAN	FLNA	 Isoform 2 of Filamin-A OS=Homo sapiens GN=FLNA	2316	10	0.07	-0.64	-0.662563	0.993447	15	0.992656	236489	0.00008	0.75	0.	0.99869	0.00131
121421	LNP1	348801	sp|O75369-2|FLNB_HUMAN	FLNB	 Isoform 2 of Filamin-B OS=Homo sapiens GN=FLNB	2317	9	0.09	-0.22	-0.507237	1.	16	0.943126	149627	0.00012	0.888889	0.	0.99971	0.00029
121421	LNP1	348801	sp|P05388|RLA0_HUMAN	RPLP0	 60S acidic ribosomal protein P0 OS=Homo sapiens GN=RPLP0 PE=1 SV=1	6175	8	0.06	-0.93	-0.658215	0.989993	9	0.999829	150086	0.00011	0.5625	0.	0.99522	0.00478
121421	LNP1	348801	sp|P09211|GSTP1_HUMAN	GSTP1	 Glutathione S-transferase P OS=Homo sapiens GN=GSTP1 PE=1 SV=2	2950	10	0.07	0.16	-0.0135481	1.	9	0.999829	110684	0.00018	0.45	0.	0.99908	0.00092
121421	LNP1	348801	sp|Q12931|TRAP1_HUMAN	TRAP1	 Heat shock protein 75 kDa, mitochondrial OS=Homo sapiens GN=TRAP1 PE=1 SV=3	10131	9	0.07	0.81	0.552473	0.997772	10	0.995559	68509	0.00026	0.555556	0.	0.99724	0.00276
121421	LNP1	348801	sp|P30048|PRDX3_HUMAN	PRDX3	 Thioredoxin-dependent peroxide reductase, mitochondrial OS=Homo sapiens GN=PRDX3 PE=1 SV=3	10935	9	0.07	0.65	0.405376	0.991992	10	0.999146	87160	0.00021	0.555556	0.	0.99964	0.00036
121446	ATAT1	79969	sp|P26373|RL13_HUMAN	RPL13	 60S ribosomal protein L13 OS=Homo sapiens GN=RPL13 PE=1 SV=4	6137	4	0.04	-0.23	0.0880548	1.	5	0.991973	54655	0.00015	0.625	0.	0.99959	0.00041
121421	LNP1	348801	sp|P31939|PUR9_HUMAN	ATIC	 Bifunctional purine biosynthesis protein PURH OS=Homo sapiens GN=ATIC PE=1 SV=3	471	3	0.04	-0.38	-0.689694	0.979869	4	0.903501	48381	0.00012	0.666667	0.	0.99971	0.00029
121421	LNP1	348801	sp|Q07021|C1QBP_HUMAN	C1QBP	 Complement component 1 Q subcomponent-binding protein, mitochondrial OS=Homo sapiens GN=C1QBP PE=1 SV=1	708	7	0.07	-0.07	-0.0324146	0.966619	7	1.	89900	0.00016	0.5	0.	0.99739	0.00261
121421	LNP1	348801	sp|P40926|MDHM_HUMAN	MDH2	 Malate dehydrogenase, mitochondrial OS=Homo sapiens GN=MDH2 PE=1 SV=3	4191	15	0.08	0.92	0.62854	0.992774	14	0.999829	139351	0.00022	0.466667	0.	0.98854	0.01146
121421	LNP1	348801	sp|Q86X55-1|CARM1_HUMAN	CARM1	 Isoform 1 of Histone-arginine methyltransferase CARM1 OS=Homo sapiens GN=CARM1	10498	6	0.05	0.04	-0.00816863	1.	7	0.98924	66808	0.00018	0.583333	0.	0.99957	0.00043
121421	LNP1	348801	sp|P18206-2|VINC_HUMAN	VCL	 Isoform 1 of Vinculin OS=Homo sapiens GN=VCL	7414	7	0.06	0.33	0.0898252	0.987138	11	0.923484	64657	0.00022	0.785714	0.	0.99916	0.00084
121421	LNP1	348801	sp|P68032|ACTC_HUMAN	ACTC1	 Actin, alpha cardiac muscle 1 OS=Homo sapiens GN=ACTC1 PE=1 SV=1	70	16	0.09	-0.49	-0.199156	0.989376	16	0.938002	279190	0.00011	0.5	0.	0.99776	0.00224
121421	LNP1	348801	sp|P60709|ACTB_HUMAN	ACTB	 Actin, cytoplasmic 1 OS=Homo sapiens GN=ACTB PE=1 SV=1	60	28	0.12	-0.48	-0.660018	0.99977	21	0.999658	486484	0.00012	0.375	0.	0.96204	0.03796
121421	LNP1	348801	sp|Q9P258|RCC2_HUMAN	RCC2	 Protein RCC2 OS=Homo sapiens GN=RCC2 PE=1 SV=2	55920	4	0.05	0.52	1.6816	0.964079	5	0.809564	30440	0.00026	0.625	0.	0.99962	0.00038
121421	LNP1	348801	sp|P00558|PGK1_HUMAN	PGK1	 Phosphoglycerate kinase 1 OS=Homo sapiens GN=PGK1 PE=1 SV=3	5230	12	0.08	0.21	-0.284996	0.958042	13	0.99573	125514	0.00019	0.541667	0.	0.99431	0.00569
121421	LNP1	348801	sp|P20618|PSB1_HUMAN	PSMB1	 Proteasome subunit beta type-1 OS=Homo sapiens GN=PSMB1 PE=1 SV=2	5689	2	0.07	-0.19	-0.355859	1.	3	0.959863	38472	0.0001	0.75	0.	0.99966	0.00034
121446	ATAT1	79969	sp|P04792|HSPB1_HUMAN	HSPB1	 Heat shock protein beta-1 OS=Homo sapiens GN=HSPB1 PE=1 SV=2	3315	6	0.05	-0.47	-0.490657	1.	6	0.999829	115017	0.0001	0.5	0.	0.99965	0.00035
121421	LNP1	348801	sp|P13639|EF2_HUMAN	EEF2	 Elongation factor 2 OS=Homo sapiens GN=EEF2 PE=1 SV=4	1938	21	0.1	0.17	-0.735363	0.993749	23	0.999146	226499	0.00019	0.547619	0.	0.98956	0.01044
121421	LNP1	348801	sp|P18124|RL7_HUMAN	RPL7	 60S ribosomal protein L7 OS=Homo sapiens GN=RPL7 PE=1 SV=1	6129	5	0.05	-0.88	-0.529348	0.992774	7	0.995559	110333	0.00009	0.7	0.	0.99901	0.00099
121421	LNP1	348801	sp|Q6P5R6|RL22L_HUMAN	RPL22L1	 60S ribosomal protein L22-like 1 OS=Homo sapiens GN=RPL22L1 PE=1 SV=2	200916	4	0.04	-0.28	-0.0395388	0.964079	4	0.995389	51486	0.00016	0.5	0.	0.99988	0.00012
121421	LNP1	348801	sp|P35268|RL22_HUMAN	RPL22	 60S ribosomal protein L22 OS=Homo sapiens GN=RPL22 PE=1 SV=2	6146	2	0.03	-0.73	-0.380556	1.	3	0.998634	32626	0.00012	0.75	0.	0.99941	0.00059
121421	LNP1	348801	sp|O60506-3|HNRPQ_HUMAN	SYNCRIP	 Isoform 3 of Heterogeneous nuclear ribonucleoprotein Q OS=Homo sapiens GN=SYNCRIP	10492	6	0.06	0.08	1.22517	0.994985	8	0.889667	66771	0.00018	0.666667	0.	0.99974	0.00026
121421	LNP1	348801	sp|O15027-2|SC16A_HUMAN	SEC16A	 Isoform 2 of Protein transport protein Sec16A OS=Homo sapiens GN=SEC16A	9919	10	0.11	0.57	0.0658947	0.954434	14	0.726729	65315	0.00031	0.7	0.	0.99949	0.00051
121421	LNP1	348801	sp|P12814-2|ACTN1_HUMAN	ACTN1	 Isoform 2 of Alpha-actinin-1 OS=Homo sapiens GN=ACTN1	87	9	0.08	-0.37	-0.637381	0.991992	13	0.849018	154305	0.00012	0.722222	0.	0.99903	0.00097
121421	LNP1	348801	sp|O43707|ACTN4_HUMAN	ACTN4	 Alpha-actinin-4 OS=Homo sapiens GN=ACTN4 PE=1 SV=2	81	22	0.1	-0.5	-0.856238	0.998575	28	0.999658	352070	0.00012	0.636364	0.	0.9938	0.0062
121421	LNP1	348801	sp|Q15149-2|PLEC_HUMAN	PLEC	 Isoform 2 of Plectin OS=Homo sapiens GN=PLEC	5339	22	0.1	-1.4	-0.975434	0.999627	36	0.999829	857272	0.00005	0.818182	0.	0.99777	0.00223
121421	LNP1	348801	sp|P58107|EPIPL_HUMAN	EPPK1	 Epiplakin OS=Homo sapiens GN=EPPK1 PE=1 SV=2	83481	2	0.04	-0.37	0.0105799	0.954434	3	0.708454	48409	0.00008	0.75	0.	0.99989	0.00011
121446	ATAT1	79969	sp|P61457|PHS_HUMAN	PCBD1	 Pterin-4-alpha-carbinolamine dehydratase OS=Homo sapiens GN=PCBD1 PE=1 SV=2	5092	6	0.05	-0.57	-0.375473	0.954434	7	0.999658	84433	0.00014	0.583333	0.	0.99972	0.00028
121421	LNP1	348801	sp|O75340|PDCD6_HUMAN	PDCD6	 Programmed cell death protein 6 OS=Homo sapiens GN=PDCD6 PE=1 SV=1	10016	2	0.03	-0.42	0.771118	0.954434	2	0.919044	32123	0.00012	0.5	0.	0.99983	0.00017
121421	LNP1	348801	sp|P36551|HEM6_HUMAN	CPOX	 Coproporphyrinogen-III oxidase, mitochondrial OS=Homo sapiens GN=CPOX PE=1 SV=3	1371	11	0.07	0.29	-0.186917	0.994539	11	0.998975	118312	0.00019	0.5	0.	0.99934	0.00066
121421	LNP1	348801	sp|O75083|WDR1_HUMAN	WDR1	 WD repeat-containing protein 1 OS=Homo sapiens GN=WDR1 PE=1 SV=4	9948	5	0.05	-0.8	-1.20383	1.	6	0.981896	129999	0.00008	0.6	0.	0.9998	0.0002
121421	LNP1	348801	sp|P06576|ATPB_HUMAN	ATP5B	 ATP synthase subunit beta, mitochondrial OS=Homo sapiens GN=ATP5B PE=1 SV=3	506	24	0.11	-0.39	-0.6181	0.992159	24	1.	346122	0.00014	0.5	0.	0.99171	0.00829
121421	LNP1	348801	sp|P34897|GLYM_HUMAN	SHMT2	 Serine hydroxymethyltransferase, mitochondrial OS=Homo sapiens GN=SHMT2 PE=1 SV=3	6472	9	0.07	0.4	0.227061	0.997772	10	0.982921	77683	0.00023	0.555556	0.	0.9976	0.0024
121421	LNP1	348801	sp|P27708|PYR1_HUMAN	CAD	 CAD protein OS=Homo sapiens GN=CAD PE=1 SV=3	790	30	0.12	-0.54	-0.569184	1.	36	0.999488	540452	0.00011	0.6	0.	0.99829	0.00171
121421	LNP1	348801	sp|Q8IXB1|DJC10_HUMAN	DNAJC10	 DnaJ homolog subfamily C member 10 OS=Homo sapiens GN=DNAJC10 PE=1 SV=2	54431	10	0.07	-0.33	-0.12439	0.973668	10	0.995389	144225	0.00014	0.5	0.	0.99942	0.00058
121421	LNP1	348801	sp|P50990|TCPQ_HUMAN	CCT8	 T-complex protein 1 subunit theta OS=Homo sapiens GN=CCT8 PE=1 SV=4	10694	12	0.09	-0.33	-0.401405	0.998747	14	0.999658	227523	0.00011	0.583333	0.	0.99749	0.00251
121421	LNP1	348801	sp|Q9H9G7|AGO3_HUMAN	EIF2C3	 Protein argonaute-3 OS=Homo sapiens GN=EIF2C3 PE=1 SV=2	192669	8	0.07	-0.19	0.14721	1.	12	0.842357	110295	0.00015	0.75	0.	0.99945	0.00055
121421	LNP1	348801	sp|Q9UKV8-2|AGO2_HUMAN	EIF2C2	 Isoform 2 of Protein argonaute-2 OS=Homo sapiens GN=EIF2C2	27161	11	0.07	-0.62	-0.484898	0.994539	13	0.992485	209425	0.00011	0.590909	0.	0.9989	0.0011
121446	ATAT1	79969	sp|Q9Y2Z0-2|SUGT1_HUMAN	SUGT1	 Isoform 2 of Suppressor of G2 allele of SKP1 homolog OS=Homo sapiens GN=SUGT1	10910	3	0.05	0.63	0.80518	0.979869	4	0.747908	18686	0.00032	0.666667	0.	0.99996	0.00004
121421	LNP1	348801	sp|Q9UL18|AGO1_HUMAN	EIF2C1	 Protein argonaute-1 OS=Homo sapiens GN=EIF2C1 PE=1 SV=3	26523	6	0.06	-0.62	-0.435053	0.994985	8	0.9269	128977	0.00009	0.666667	0.	0.99987	0.00013
121421	LNP1	348801	sp|P50502|F10A1_HUMAN	ST13	 Hsc70-interacting protein OS=Homo sapiens GN=ST13 PE=1 SV=2	6767	4	0.05	0.42	0.298433	0.964079	6	0.948762	36380	0.00022	0.75	0.	0.99996	0.00004
121421	LNP1	348801	sp|P18077|RL35A_HUMAN	RPL35A	 60S ribosomal protein L35a OS=Homo sapiens GN=RPL35A PE=1 SV=2	6165	1	0.03	-0.63	-0.0448905	1.	2	0.850043	23341	0.00009	1.	0.	0.99958	0.00042
121421	LNP1	348801	sp|Q9NQH7-4|XPP3_HUMAN	XPNPEP3	 Isoform 4 of Probable Xaa-Pro aminopeptidase 3 OS=Homo sapiens GN=XPNPEP3	63929	5	0.05	1.97	3.67235	0.902393	6	0.996413	20902	0.00048	0.6	0.	0.99851	0.00149
121421	LNP1	348801	sp|P60900|PSA6_HUMAN	PSMA6	 Proteasome subunit alpha type-6 OS=Homo sapiens GN=PSMA6 PE=1 SV=1	5687	3	0.07	-0.1	-0.409031	1.	4	0.986336	43268	0.00014	0.666667	0.	0.9991	0.0009
121421	LNP1	348801	sp|Q92945-2|FUBP2_HUMAN	KHSRP	 Isoform 2 of Far upstream element-binding protein 2 OS=Homo sapiens GN=KHSRP	8570	11	0.08	1.02	2.36499	0.978071	14	0.939026	74865	0.00029	0.636364	0.	0.99888	0.00112
121421	LNP1	348801	sp|Q02878|RL6_HUMAN	RPL6	 60S ribosomal protein L6 OS=Homo sapiens GN=RPL6 PE=1 SV=3	6128	3	0.04	-1.02	-0.60415	0.979869	4	0.990094	100129	0.00006	0.666667	0.	0.99948	0.00052
121421	LNP1	348801	sp|Q02952-2|AKA12_HUMAN	AKAP12	 Isoform 2 of A-kinase anchor protein 12 OS=Homo sapiens GN=AKAP12	9590	6	0.05	-1.08	-1.12689	0.954434	8	0.998804	211249	0.00006	0.666667	0.	0.99987	0.00013
121421	LNP1	348801	sp|Q9BUJ2-2|HNRL1_HUMAN	HNRNPUL1	 Isoform 2 of Heterogeneous nuclear ribonucleoprotein U-like protein 1 OS=Homo sapiens GN=HNRNPUL1	11100	25	0.11	0.96	0.956456	0.999711	23	0.995559	195701	0.00026	0.46	0.	0.99344	0.00656
121421	LNP1	348801	sp|P26641|EF1G_HUMAN	EEF1G	 Elongation factor 1-gamma OS=Homo sapiens GN=EEF1G PE=1 SV=3	1937	7	0.07	-0.07	0.279662	0.966619	7	0.999658	89474	0.00016	0.5	0.	0.99967	0.00033
121446	ATAT1	79969	sp|O60664-3|PLIN3_HUMAN	PLIN3	 Isoform 3 of Perilipin-3 OS=Homo sapiens GN=PLIN3	10226	2	0.03	-0.82	-0.871015	0.954434	2	0.949616	51169	0.00008	0.5	0.	0.99999	0.00001
121421	LNP1	348801	sp|P10412|H14_HUMAN	HIST1H1E	 Histone H1.4 OS=Homo sapiens GN=HIST1H1E PE=1 SV=2	3008	3	0.04	-0.62	-0.182903	0.940286	4	0.996926	57471	0.0001	0.666667	0.	0.99989	0.00011
121421	LNP1	348801	sp|Q9BS26|ERP44_HUMAN	ERP44	 Endoplasmic reticulum resident protein 44 OS=Homo sapiens GN=ERP44 PE=1 SV=1	23071	4	0.22	2.55	4.9755	0.896038	5	0.275662	4071	0.00197	0.625	0.	0.97244	0.02756
121421	LNP1	348801	sp|Q8NBS9|TXND5_HUMAN	TXNDC5	 Thioredoxin domain-containing protein 5 OS=Homo sapiens GN=TXNDC5 PE=1 SV=2	81567	3	0.04	-0.35	-0.478734	0.979869	4	0.9807	42180	0.00014	0.666667	0.	0.99999	0.00001
121421	LNP1	348801	sp|P23526|SAHH_HUMAN	AHCY	 Adenosylhomocysteinase OS=Homo sapiens GN=AHCY PE=1 SV=4	191	8	0.06	-1.03	-1.0525	0.989993	10	1.	140676	0.00011	0.625	0.	0.9989	0.0011
121421	LNP1	348801	sp|Q99832|TCPH_HUMAN	CCT7	 T-complex protein 1 subunit eta OS=Homo sapiens GN=CCT7 PE=1 SV=2	10574	3	0.07	-0.44	-0.549026	0.940286	4	0.99573	176733	0.00003	0.666667	0.	0.99884	0.00116
121421	LNP1	348801	sp|P35579|MYH9_HUMAN	MYH9	 Myosin-9 OS=Homo sapiens GN=MYH9 PE=1 SV=4	4627	6	0.08	-0.45	-0.263784	0.994985	9	0.866439	182464	0.00007	0.75	0.	0.99961	0.00039
121421	LNP1	348801	sp|Q9Y617|SERC_HUMAN	PSAT1	 Phosphoserine aminotransferase OS=Homo sapiens GN=PSAT1 PE=1 SV=2	29968	7	0.06	0.24	-0.666127	1.	9	0.990606	70972	0.0002	0.642857	0.	0.9999	0.0001
121421	LNP1	348801	sp|P19338|NUCL_HUMAN	NCL	 Nucleolin OS=Homo sapiens GN=NCL PE=1 SV=3	4691	17	0.09	-0.6	-0.113371	0.997643	19	1.	283514	0.00012	0.558824	0.	0.99099	0.00901
121421	LNP1	348801	sp|Q5JRX3-2|PREP_HUMAN	PITRM1	 Isoform 2 of Presequence protease, mitochondrial OS=Homo sapiens GN=PITRM1	10531	15	0.96	6.75	5.0873	0.999198	18	0.179846	4538	0.00661	0.6	0.	0.54977	0.45023
121421	LNP1	348801	sp|P23381-2|SYWC_HUMAN	WARS	 Isoform 2 of Tryptophanyl-tRNA synthetase, cytoplasmic OS=Homo sapiens GN=WARS	7453	2	0.05	0.71	0.505321	0.954434	2	0.652946	11444	0.00035	0.5	0.	0.99991	0.00009
121446	ATAT1	79969	sp|P41252|SYIC_HUMAN	IARS	 Isoleucyl-tRNA synthetase, cytoplasmic OS=Homo sapiens GN=IARS PE=1 SV=2	3376	2	0.07	-0.27	-0.263634	1.	4	0.785312	51504	0.00008	1.	0.	0.99981	0.00019
121421	LNP1	348801	sp|O14818|PSA7_HUMAN	PSMA7	 Proteasome subunit alpha type-7 OS=Homo sapiens GN=PSMA7 PE=1 SV=1	5688	5	0.07	-0.05	0.199566	0.992774	7	0.989923	63024	0.00016	0.7	0.	0.99871	0.00129
121421	LNP1	348801	sp|P12429|ANXA3_HUMAN	ANXA3	 Annexin A3 OS=Homo sapiens GN=ANXA3 PE=1 SV=3	306	12	0.08	-0.02	-0.348546	0.988699	17	0.99795	141590	0.00017	0.708333	0.	0.9993	0.0007
121421	LNP1	348801	sp|P16070-10|CD44_HUMAN	CD44	 Isoform 10 of CD44 antigen OS=Homo sapiens GN=CD44	960	2	0.03	-0.43	0.171481	0.881291	3	0.95474	32059	0.00012	0.75	0.	0.99945	0.00055
121421	LNP1	348801	sp|P09622|DLDH_HUMAN	DLD	 Dihydrolipoyl dehydrogenase, mitochondrial OS=Homo sapiens GN=DLD PE=1 SV=2	1738	4	0.04	-0.22	-0.678119	0.988699	4	0.986336	56717	0.00014	0.5	0.	0.99924	0.00076
121421	LNP1	348801	sp|P04843|RPN1_HUMAN	RPN1	 Dolichyl-diphosphooligosaccharide--protein glycosyltransferase subunit 1 OS=Homo sapiens GN=RPN1 PE=1 SV=1	6184	2	0.04	-0.49	-0.50082	1.	2	0.779846	57241	0.00007	0.5	0.	0.9994	0.0006
121421	LNP1	348801	sp|Q92522|H1X_HUMAN	H1FX	 Histone H1x OS=Homo sapiens GN=H1FX PE=1 SV=1	8971	2	0.05	0.87	1.43848	1.	2	0.655167	9666	0.00041	0.5	0.	0.99997	0.00003
121421	LNP1	348801	sp|O43143|DHX15_HUMAN	DHX15	 Putative pre-mRNA-splicing factor ATP-dependent RNA helicase DHX15 OS=Homo sapiens GN=DHX15 PE=1 SV=2	1665	9	0.07	-0.44	0.356753	0.997772	11	0.996413	138943	0.00013	0.611111	0.	0.99779	0.00221
121421	LNP1	348801	sp|O60814|H2B1K_HUMAN	HIST1H2BK	 Histone H2B type 1-K OS=Homo sapiens GN=HIST1H2BK PE=1 SV=3	85236	2	0.03	-0.33	0.442613	1.	3	0.895132	31204	0.00013	0.75	0.	0.99993	0.00007
121421	LNP1	348801	sp|P38646|GRP75_HUMAN	HSPA9	 Stress-70 protein, mitochondrial OS=Homo sapiens GN=HSPA9 PE=1 SV=2	3313	48	0.15	-1.47	-0.967959	0.988932	39	0.999829	831896	0.00012	0.40625	0.	0.94728	0.05272
121421	LNP1	348801	sp|Q00796|DHSO_HUMAN	SORD	 Sorbitol dehydrogenase OS=Homo sapiens GN=SORD PE=1 SV=4	6652	2	0.03	-0.57	-0.967798	0.881291	3	0.901964	36905	0.00011	0.75	0.	0.99997	0.00003
121446	ATAT1	79969	sp|P47756-2|CAPZB_HUMAN	CAPZB	 Isoform 2 of F-actin-capping protein subunit beta OS=Homo sapiens GN=CAPZB	832	2	0.04	-0.39	-0.352798	0.881291	3	0.984799	45829	0.00009	0.75	0.	0.99988	0.00012
121421	LNP1	348801	sp|Q15369|ELOC_HUMAN	TCEB1	 Transcription elongation factor B polypeptide 1 OS=Homo sapiens GN=TCEB1 PE=1 SV=1	6921	3	0.04	-0.55	-0.439003	0.940286	3	0.997267	60672	0.0001	0.5	0.	0.99977	0.00023
121421	LNP1	348801	sp|Q99873-2|ANM1_HUMAN	PRMT1	 Isoform 2 of Protein arginine N-methyltransferase 1 OS=Homo sapiens GN=PRMT1	3276	8	0.08	-0.1	-0.123684	0.928362	10	0.998121	108822	0.00015	0.625	0.	0.99903	0.00097
121421	LNP1	348801	sp|Q09161|NCBP1_HUMAN	NCBP1	 Nuclear cap-binding protein subunit 1 OS=Homo sapiens GN=NCBP1 PE=1 SV=1	4686	2	0.03	-0.85	-0.220624	0.881291	3	0.971477	55955	0.00007	0.75	0.	0.99923	0.00077
121421	LNP1	348801	sp|P61247|RS3A_HUMAN	RPS3A	 40S ribosomal protein S3a OS=Homo sapiens GN=RPS3A PE=1 SV=2	6189	2	0.04	-0.41	-0.0670708	0.954434	3	0.874808	52083	0.00008	0.75	0.	0.99976	0.00024
121421	LNP1	348801	sp|P26038|MOES_HUMAN	MSN	 Moesin OS=Homo sapiens GN=MSN PE=1 SV=3	4478	7	0.07	-0.4	-0.583358	0.948078	10	0.821691	121604	0.00012	0.714286	0.	0.99964	0.00036
121421	LNP1	348801	sp|P15311|EZRI_HUMAN	EZR	 Ezrin OS=Homo sapiens GN=EZR PE=1 SV=4	7430	19	0.09	-0.5	-0.746062	0.982859	23	0.999829	278018	0.00014	0.605263	0.	0.99834	0.00166
121421	LNP1	348801	sp|P25705|ATPA_HUMAN	ATP5A1	 ATP synthase subunit alpha, mitochondrial OS=Homo sapiens GN=ATP5A1 PE=1 SV=1	498	9	0.07	-0.55	-0.735741	0.943602	13	0.999658	175347	0.0001	0.722222	0.	0.99638	0.00362
121421	LNP1	348801	sp|P78527|PRKDC_HUMAN	PRKDC	 DNA-dependent protein kinase catalytic subunit OS=Homo sapiens GN=PRKDC PE=1 SV=3	5591	12	0.11	-0.35	-0.296356	0.998747	17	0.868318	276280	0.00009	0.708333	0.	0.99856	0.00144
121421	LNP1	348801	sp|Q07020|RL18_HUMAN	RPL18	 60S ribosomal protein L18 OS=Homo sapiens GN=RPL18 PE=1 SV=2	6141	4	0.04	-0.14	-0.0689716	0.988699	5	0.994535	51146	0.00016	0.625	0.	0.99945	0.00055
121421	LNP1	348801	sp|O00571|DDX3X_HUMAN	DDX3X	 ATP-dependent RNA helicase DDX3X OS=Homo sapiens GN=DDX3X PE=1 SV=3	1654	7	0.06	-1.02	-0.382358	0.905928	10	0.997267	197353	0.00007	0.714286	0.	0.99954	0.00046
121446	ATAT1	79969	sp|Q13151|ROA0_HUMAN	HNRNPA0	 Heterogeneous nuclear ribonucleoprotein A0 OS=Homo sapiens GN=HNRNPA0 PE=1 SV=1	10949	3	0.04	-0.98	-0.477809	0.979869	2	0.991973	58787	0.0001	0.333333	0.	0.99871	0.00129
121421	LNP1	348801	sp|P17844|DDX5_HUMAN	DDX5	 Probable ATP-dependent RNA helicase DDX5 OS=Homo sapiens GN=DDX5 PE=1 SV=1	1655	10	0.07	-0.17	0.988089	0.983708	11	0.990094	127567	0.00016	0.55	0.	0.99859	0.00141
121421	LNP1	348801	sp|Q92841-2|DDX17_HUMAN	DDX17	 Isoform 2 of Probable ATP-dependent RNA helicase DDX17 OS=Homo sapiens GN=DDX17	10521	7	0.06	-0.34	1.00527	0.987138	11	0.918873	103530	0.00014	0.785714	0.	0.99986	0.00014
121421	LNP1	348801	sp|P36578|RL4_HUMAN	RPL4	 60S ribosomal protein L4 OS=Homo sapiens GN=RPL4 PE=1 SV=5	6124	6	0.05	-0.57	-0.346722	1.	5	0.995559	111270	0.00011	0.416667	0.	0.99708	0.00292
121421	LNP1	348801	sp|Q99497|PARK7_HUMAN	PARK7	 Protein DJ-1 OS=Homo sapiens GN=PARK7 PE=1 SV=2	11315	5	0.05	-0.69	-0.798172	1.	6	0.998463	78407	0.00013	0.6	0.	0.99719	0.00281
121421	LNP1	348801	sp|O95831-3|AIFM1_HUMAN	AIFM1	 Isoform 3 of Apoptosis-inducing factor 1, mitochondrial OS=Homo sapiens GN=AIFM1	9131	5	0.05	-0.42	-0.61313	1.	7	0.996584	110281	0.00009	0.7	0.	0.9995	0.0005
121421	LNP1	348801	sp|P14314|GLU2B_HUMAN	PRKCSH	 Glucosidase 2 subunit beta OS=Homo sapiens GN=PRKCSH PE=1 SV=2	5589	8	0.06	0.34	0.0384536	0.989993	10	0.992997	80914	0.0002	0.625	0.	0.9991	0.0009
121421	LNP1	348801	sp|P49327|FAS_HUMAN	FASN	 Fatty acid synthase OS=Homo sapiens GN=FASN PE=1 SV=3	2194	14	0.08	-1.02	-1.30117	0.996566	22	0.998463	419595	0.00007	0.785714	0.	0.9982	0.0018
121421	LNP1	348801	sp|P00505|AATM_HUMAN	GOT2	 Aspartate aminotransferase, mitochondrial OS=Homo sapiens GN=GOT2 PE=1 SV=3	2806	8	0.06	0.26	-0.0394592	0.99718	9	0.994193	84127	0.00019	0.5625	0.	0.99883	0.00117
121421	LNP1	348801	sp|Q8WWY3-2|PRP31_HUMAN	PRPF31	 Isoform 2 of U4/U6 small nuclear ribonucleoprotein Prp31 OS=Homo sapiens GN=PRPF31	26121	2	0.05	-0.04	1.84922	0.954434	2	0.722972	23352	0.00017	0.5	0.	0.99943	0.00057
121421	LNP1	348801	sp|P49588|SYAC_HUMAN	AARS	 Alanyl-tRNA synthetase, cytoplasmic OS=Homo sapiens GN=AARS PE=1 SV=2	16	2	0.06	0.36	-0.244553	0.881291	4	0.537831	13721	0.00029	1.	0.	0.99988	0.00012
121457	ADI1	55256	sp|P09497-2|CLCB_HUMAN	CLTB	 Isoform Non-brain of Clathrin light chain B OS=Homo sapiens GN=CLTB	1212	3	0.05	0.5	1.22307	0.940286	4	0.815713	22483	0.00027	0.666667	0.	0.99968	0.00032
121446	ATAT1	79969	sp|O43809|CPSF5_HUMAN	NUDT21	 Cleavage and polyadenylation specificity factor subunit 5 OS=Homo sapiens GN=NUDT21 PE=1 SV=1	11051	2	0.03	-0.73	-0.323547	0.881291	3	0.956277	39454	0.0001	0.75	0.	0.99988	0.00012
121421	LNP1	348801	sp|P24534|EF1B_HUMAN	EEF1B2	 Elongation factor 1-beta OS=Homo sapiens GN=EEF1B2 PE=1 SV=3	1933	4	0.04	0.04	0.692154	0.988699	4	0.999317	44942	0.00018	0.5	0.	0.99856	0.00144
121421	LNP1	348801	sp|P09960|LKHA4_HUMAN	LTA4H	 Leukotriene A-4 hydrolase OS=Homo sapiens GN=LTA4H PE=1 SV=2	4048	9	0.07	0.19	-0.360869	0.991992	14	0.958497	93761	0.00019	0.777778	0.	0.99875	0.00125
121421	LNP1	348801	sp|Q5T5P2-3|SKT_HUMAN	KIAA1217	 Isoform 3 of Sickle tail protein homolog OS=Homo sapiens GN=SKT	56243	21	0.1	1.68	1.37312	0.999591	24	0.972502	110550	0.00038	0.571429	0.	0.99879	0.00121
121421	LNP1	348801	sp|P62993-2|GRB2_HUMAN	GRB2	 Isoform GRB3-3 of Growth factor receptor-bound protein 2 OS=Homo sapiens GN=GRB2	2885	2	0.03	-0.77	0.087944	0.954434	2	0.966524	38807	0.0001	0.5	0.	0.99695	0.00305
121421	LNP1	348801	sp|P47897|SYQ_HUMAN	QARS	 Glutaminyl-tRNA synthetase OS=Homo sapiens GN=QARS PE=1 SV=1	5859	6	0.05	-0.63	-0.275631	0.954434	9	0.997096	118024	0.0001	0.75	0.	0.99954	0.00046
121421	LNP1	348801	sp|P22314|UBA1_HUMAN	UBA1	 Ubiquitin-like modifier-activating enzyme 1 OS=Homo sapiens GN=UBA1 PE=1 SV=3	7317	10	0.07	-0.51	-0.824933	0.998196	12	0.983775	156081	0.00013	0.6	0.	0.98322	0.01678
121421	LNP1	348801	sp|P49321-2|NASP_HUMAN	NASP	 Isoform 2 of Nuclear autoantigenic sperm protein OS=Homo sapiens GN=NASP	4678	5	0.12	0.18	0.15482	0.992774	7	0.929462	41371	0.00024	0.7	0.	0.99931	0.00069
121421	LNP1	348801	sp|P38919|IF4A3_HUMAN	EIF4A3	 Eukaryotic initiation factor 4A-III OS=Homo sapiens GN=EIF4A3 PE=1 SV=4	9775	2	0.03	-0.88	-0.20093	0.954434	2	0.934757	57738	0.00007	0.5	0.	0.99995	0.00005
121421	LNP1	348801	sp|P60842|IF4A1_HUMAN	EIF4A1	 Eukaryotic initiation factor 4A-I OS=Homo sapiens GN=EIF4A1 PE=1 SV=1	1973	8	0.06	-0.69	-0.661214	0.989993	8	0.990436	142258	0.00011	0.5	0.	0.99906	0.00094
121421	LNP1	348801	sp|Q14240-2|IF4A2_HUMAN	EIF4A2	 Isoform 2 of Eukaryotic initiation factor 4A-II OS=Homo sapiens GN=EIF4A2	1974	6	0.07	-0.15	0.0222448	0.994985	5	0.776943	78289	0.00015	0.416667	0.	0.99288	0.00712
121446	ATAT1	79969	sp|P36776|LONM_HUMAN	LONP1	 Lon protease homolog, mitochondrial OS=Homo sapiens GN=LONP1 PE=1 SV=2	9361	3	0.18	0.2	0.832876	0.811278	4	0.446798	19735	0.0003	0.666667	0.	0.99803	0.00197
121421	LNP1	348801	sp|P62906|RL10A_HUMAN	RPL10A	 60S ribosomal protein L10a OS=Homo sapiens GN=RPL10A PE=1 SV=2	4736	5	0.05	-0.02	0.224019	0.992774	5	0.953544	58912	0.00017	0.5	0.	0.99965	0.00035
121421	LNP1	348801	sp|Q08380|LG3BP_HUMAN	LGALS3BP	 Galectin-3-binding protein OS=Homo sapiens GN=LGALS3BP PE=1 SV=1	3959	20	0.1	-0.73	-0.657814	0.995939	14	1.	276032	0.00014	0.35	0.	0.98667	0.01333
121421	LNP1	348801	sp|P25788-2|PSA3_HUMAN	PSMA3	 Isoform 2 of Proteasome subunit alpha type-3 OS=Homo sapiens GN=PSMA3	5684	3	0.06	-0.1	-0.872975	0.979869	4	0.981554	41068	0.00015	0.666667	0.	0.998	0.002
121421	LNP1	348801	sp|Q6UXN9|WDR82_HUMAN	WDR82	 WD repeat-containing protein 82 OS=Homo sapiens GN=WDR82 PE=1 SV=1	80335	11	0.07	-1.61	-1.67416	1.	12	0.999829	204000	0.00011	0.545455	0.	0.99864	0.00136
121421	LNP1	348801	sp|Q9UHX1-2|PUF60_HUMAN	PUF60	 Isoform 2 of Poly(U)-binding-splicing factor PUF60 OS=Homo sapiens GN=PUF60	22827	21	0.1	-1.14	-0.596337	0.998439	21	0.999829	421368	0.0001	0.5	0.	0.97631	0.02369
121421	LNP1	348801	sp|Q93034|CUL5_HUMAN	CUL5	 Cullin-5 OS=Homo sapiens GN=CUL5 PE=1 SV=4	8065	9	0.07	-0.34	0.1531	0.991992	11	0.982579	144633	0.00012	0.611111	0.	0.99752	0.00248
121421	LNP1	348801	sp|Q02790|FKBP4_HUMAN	FKBP4	 Peptidyl-prolyl cis-trans isomerase FKBP4 OS=Homo sapiens GN=FKBP4 PE=1 SV=3	2288	5	0.06	0.28	-0.30777	0.811278	7	0.834671	43732	0.00023	0.7	0.	0.99993	0.00007
121421	LNP1	348801	sp|P07108-2|ACBP_HUMAN	DBI	 Isoform 2 of Acyl-CoA-binding protein OS=Homo sapiens GN=DBI	1622	4	0.05	0.65	0.437347	1.	4	0.877882	30371	0.00026	0.5	0.	0.99988	0.00012
121421	LNP1	348801	sp|P07355-2|ANXA2_HUMAN	ANXA2	 Isoform 2 of Annexin A2 OS=Homo sapiens GN=ANXA2	302	11	0.07	-1.44	-1.41737	0.998509	13	0.999658	251695	0.00009	0.590909	0.	0.99629	0.00371
121421	LNP1	348801	sp|P06733|ENOA_HUMAN	ENO1	 Alpha-enolase OS=Homo sapiens GN=ENO1 PE=1 SV=2	2023	30	0.12	-0.52	-0.666429	0.996896	29	1.	442482	0.00014	0.483333	0.	0.98954	0.01046
121446	ATAT1	79969	sp|Q92769|HDAC2_HUMAN	HDAC2	 Histone deacetylase 2 OS=Homo sapiens GN=HDAC2 PE=1 SV=2	3066	3	0.07	0.02	0.983718	1.	4	0.862511	32905	0.00018	0.666667	0.	0.99896	0.00104
121421	LNP1	348801	sp|P09104|ENOG_HUMAN	ENO2	 Gamma-enolase OS=Homo sapiens GN=ENO2 PE=1 SV=3	2026	3	0.12	0.17	0.239194	0.940286	2	0.467976	24623	0.00024	0.333333	0.	0.99968	0.00032
121421	LNP1	348801	sp|P13929-2|ENOB_HUMAN	ENO3	 Isoform 2 of Beta-enolase OS=Homo sapiens GN=ENO3	2027	3	0.25	0.43	0.50159	0.940286	2	0.255679	13743	0.00044	0.333333	0.	0.99923	0.00077
121421	LNP1	348801	sp|P06748-2|NPM_HUMAN	NPM1	 Isoform 2 of Nucleophosmin OS=Homo sapiens GN=NPM1	4869	4	0.04	-0.68	-0.200392	1.	5	0.998975	104267	0.00008	0.625	0.	0.99946	0.00054
121421	LNP1	348801	sp|Q13283|G3BP1_HUMAN	G3BP1	 Ras GTPase-activating protein-binding protein 1 OS=Homo sapiens GN=G3BP1 PE=1 SV=1	10146	9	0.07	-0.41	0.884994	0.991992	10	0.988044	141489	0.00013	0.555556	0.	0.99868	0.00132
121421	LNP1	348801	sp|P11177-2|ODPB_HUMAN	PDHB	 Isoform 2 of Pyruvate dehydrogenase E1 component subunit beta, mitochondrial OS=Homo sapiens GN=PDHB	5162	2	0.04	-0.01	1.14867	0.954434	3	0.726388	21889	0.00018	0.75	0.	0.99996	0.00004
121421	LNP1	348801	sp|P63173|RL38_HUMAN	RPL38	 60S ribosomal protein L38 OS=Homo sapiens GN=RPL38 PE=1 SV=2	6169	11	0.07	1.37	1.88606	0.962413	6	1.	98194	0.00022	0.272727	0.	0.97169	0.02831
121421	LNP1	348801	sp|P40227|TCPZ_HUMAN	CCT6A	 T-complex protein 1 subunit zeta OS=Homo sapiens GN=CCT6A PE=1 SV=3	908	6	0.08	-0.45	-0.561786	1.	8	0.998121	188510	0.00006	0.666667	0.	0.99841	0.00159
121421	LNP1	348801	sp|P63244|GBLP_HUMAN	GNB2L1	 Guanine nucleotide-binding protein subunit beta-2-like 1 OS=Homo sapiens GN=GNB2L1 PE=1 SV=3	10399	4	0.04	-0.17	-0.292004	0.964079	5	0.995047	50192	0.00016	0.625	0.	0.99741	0.00259
121421	LNP1	348801	sp|Q00839-2|HNRPU_HUMAN	HNRNPU	 Isoform Short of Heterogeneous nuclear ribonucleoprotein U OS=Homo sapiens GN=HNRNPU	3192	13	0.08	-0.11	0.853595	0.98411	12	0.998975	160498	0.00016	0.461538	0.	0.99393	0.00607
121421	LNP1	348801	sp|P10515|ODP2_HUMAN	DLAT	 Dihydrolipoyllysine-residue acetyltransferase component of pyruvate dehydrogenase complex, mitochondrial OS=Homo sapiens GN=DLAT PE=1 SV=3	1737	10	0.07	0.05	0.0696003	0.998196	10	0.999658	114756	0.00017	0.5	0.	0.99904	0.00096
121446	ATAT1	79969	sp|Q13547|HDAC1_HUMAN	HDAC1	 Histone deacetylase 1 OS=Homo sapiens GN=HDAC1 PE=1 SV=1	3065	2	0.07	-0.13	0.156947	1.	4	0.818104	32150	0.00012	1.	0.	0.99931	0.00069
121421	LNP1	348801	sp|P46459|NSF_HUMAN	NSF	 Vesicle-fusing ATPase OS=Homo sapiens GN=NSF PE=1 SV=3	4905	12	0.2	1.23	0.986189	0.988699	15	0.44526	38179	0.00063	0.625	0.	0.99325	0.00675
121421	LNP1	348801	sp|Q13765|NACA_HUMAN	NACA	 Nascent polypeptide-associated complex subunit alpha OS=Homo sapiens GN=NACA PE=1 SV=1	4666	5	0.05	-0.13	-0.343748	1.	4	0.998634	67160	0.00015	0.4	0.	0.99932	0.00068
121421	LNP1	348801	sp|P62753|RS6_HUMAN	RPS6	 40S ribosomal protein S6 OS=Homo sapiens GN=RPS6 PE=1 SV=1	6194	2	0.03	-0.51	-0.124571	0.954434	2	0.966866	36644	0.00011	0.5	0.	0.99931	0.00069
121421	LNP1	348801	sp|Q92688-2|AN32B_HUMAN	ANP32B	 Isoform 2 of Acidic leucine-rich nuclear phosphoprotein 32 family member B OS=Homo sapiens GN=ANP32B	10541	3	0.04	-0.32	-0.72252	0.940286	6	0.955423	42025	0.00014	1.	0.	0.99989	0.00011
121421	LNP1	348801	sp|P39687|AN32A_HUMAN	ANP32A	 Acidic leucine-rich nuclear phosphoprotein 32 family member A OS=Homo sapiens GN=ANP32A PE=1 SV=1	8125	2	0.04	-0.22	-0.559874	1.	4	0.865243	26246	0.00015	1.	0.	0.99998	0.00002
121421	LNP1	348801	sp|Q92598-2|HS105_HUMAN	HSPH1	 Isoform Beta of Heat shock protein 105 kDa OS=Homo sapiens GN=HSPH1	10808	7	0.06	-0.75	-0.906272	0.996317	9	0.998804	194866	0.00007	0.642857	0.	0.99995	0.00005
121421	LNP1	348801	sp|O95757|HS74L_HUMAN	HSPA4L	 Heat shock 70 kDa protein 4L OS=Homo sapiens GN=HSPA4L PE=1 SV=3	22824	2	0.04	-0.6	-0.510702	0.954434	3	0.832792	70014	0.00006	0.75	0.	0.99996	0.00004
121421	LNP1	348801	sp|Q13263|TIF1B_HUMAN	TRIM28	 Transcription intermediary factor 1-beta OS=Homo sapiens GN=TRIM28 PE=1 SV=5	10155	8	0.08	-0.32	-0.78324	0.99718	9	0.999829	165718	0.0001	0.5625	0.	0.99893	0.00107
121421	LNP1	348801	sp|P12268|IMDH2_HUMAN	IMPDH2	 Inosine-5'-monophosphate dehydrogenase 2 OS=Homo sapiens GN=IMPDH2 PE=1 SV=2	3615	10	0.1	0.74	1.92269	0.954434	11	0.9462	54459	0.00037	0.55	0.	0.99929	0.00071
121446	ATAT1	79969	sp|Q96HE7|ERO1A_HUMAN	ERO1L	 ERO1-like protein alpha OS=Homo sapiens GN=ERO1L PE=1 SV=2	30001	4	0.04	0.23	0.467106	0.896038	5	0.976943	40668	0.0002	0.625	0.	0.99998	0.00002
121421	LNP1	348801	sp|P07195|LDHB_HUMAN	LDHB	 L-lactate dehydrogenase B chain OS=Homo sapiens GN=LDHB PE=1 SV=2	3945	12	0.08	-1.09	-1.34658	0.995378	13	1.	200242	0.00012	0.541667	0.	0.99813	0.00187
121421	LNP1	348801	sp|P00338|LDHA_HUMAN	LDHA	 L-lactate dehydrogenase A chain OS=Homo sapiens GN=LDHA PE=1 SV=2	3939	9	0.07	-0.67	-0.73103	0.991992	10	1.	138667	0.00013	0.555556	0.	0.99802	0.00198
121421	LNP1	348801	sp|P61978-2|HNRPK_HUMAN	HNRNPK	 Isoform 2 of Heterogeneous nuclear ribonucleoprotein K OS=Homo sapiens GN=HNRNPK	3190	13	0.08	0.	0.994612	0.990375	13	0.999317	154375	0.00017	0.5	0.	0.9957	0.0043
121421	LNP1	348801	sp|P19474|RO52_HUMAN	TRIM21	 E3 ubiquitin-protein ligase TRIM21 OS=Homo sapiens GN=TRIM21 PE=1 SV=1	6737	6	0.05	-1.03	-0.523707	0.994985	9	0.999658	112148	0.00011	0.75	0.	0.99966	0.00034
121421	LNP1	348801	sp|P12277|KCRB_HUMAN	CKB	 Creatine kinase B-type OS=Homo sapiens GN=CKB PE=1 SV=1	1152	10	0.07	-0.48	-0.729237	0.909736	12	0.999488	146574	0.00014	0.6	0.	0.99966	0.00034
121421	LNP1	348801	sp|P13667|PDIA4_HUMAN	PDIA4	 Protein disulfide-isomerase A4 OS=Homo sapiens GN=PDIA4 PE=1 SV=2	9601	10	0.07	-0.31	-0.624364	0.993447	12	0.995047	164970	0.00012	0.6	0.	0.99548	0.00452
121421	LNP1	348801	sp|P45974-2|UBP5_HUMAN	USP5	 Isoform Short of Ubiquitin carboxyl-terminal hydrolase 5 OS=Homo sapiens GN=USP5	8078	5	0.06	0.74	-0.0900076	0.992774	6	0.847652	33832	0.0003	0.6	0.	0.99998	0.00002
121421	LNP1	348801	sp|Q14103-2|HNRPD_HUMAN	HNRNPD	 Isoform 2 of Heterogeneous nuclear ribonucleoprotein D0 OS=Homo sapiens GN=HNRNPD	3184	6	0.05	-0.72	0.263188	0.994985	7	0.999146	113029	0.00011	0.583333	0.	0.99945	0.00055
121421	LNP1	348801	sp|O14979-2|HNRDL_HUMAN	HNRPDL	 Isoform 2 of Heterogeneous nuclear ribonucleoprotein D-like OS=Homo sapiens GN=HNRPDL	9987	3	0.04	-0.38	0.832851	0.979869	3	0.923655	45429	0.00013	0.5	0.	0.99997	0.00003
121421	LNP1	348801	sp|Q99729-2|ROAA_HUMAN	HNRNPAB	 Isoform 2 of Heterogeneous nuclear ribonucleoprotein A/B OS=Homo sapiens GN=HNRNPAB	3182	5	0.05	-0.88	0.280359	0.934068	5	0.999146	103125	0.0001	0.5	0.	0.9992	0.0008
121446	ATAT1	79969	sp|P0CB43|F203B_HUMAN	FAM203B	 Protein FAM203B OS=Homo sapiens GN=FAM203B PE=3 SV=1	728071	2	0.33	2.47	2.91385	0.881291	4	0.0941076	1626	0.00246	1.	0.	0.99065	0.00935
121421	LNP1	348801	sp|Q9HAV7|GRPE1_HUMAN	GRPEL1	 GrpE protein homolog 1, mitochondrial OS=Homo sapiens GN=GRPEL1 PE=1 SV=2	80273	2	0.06	1.17	1.10441	0.954434	2	0.474125	7022	0.00057	0.5	0.	0.9997	0.0003
121421	LNP1	348801	sp|P42677|RS27_HUMAN	RPS27	 40S ribosomal protein S27 OS=Homo sapiens GN=RPS27 PE=1 SV=3	6232	2	0.03	-0.73	-0.39767	0.954434	3	0.927412	44743	0.00009	0.75	0.	0.99952	0.00048
121421	LNP1	348801	sp|P30101|PDIA3_HUMAN	PDIA3	 Protein disulfide-isomerase A3 OS=Homo sapiens GN=PDIA3 PE=1 SV=4	2923	14	0.08	-0.16	-0.737321	0.954434	18	0.998463	175975	0.00016	0.642857	0.	0.99887	0.00113
121421	LNP1	348801	sp|P16949-2|STMN1_HUMAN	STMN1	 Isoform 2 of Stathmin OS=Homo sapiens GN=STMN1	3925	2	0.04	0.03	-0.171454	1.	3	0.877541	21911	0.00018	0.75	0.	0.99996	0.00004
121421	LNP1	348801	sp|Q9NYU2-2|UGGG1_HUMAN	UGGT1	 Isoform 2 of UDP-glucose:glycoprotein glucosyltransferase 1 OS=Homo sapiens GN=UGGT1	56886	24	0.11	-0.23	-0.519837	0.989157	33	0.999829	359404	0.00013	0.6875	0.	0.99958	0.00042
121421	LNP1	348801	sp|P10809|CH60_HUMAN	HSPD1	 60 kDa heat shock protein, mitochondrial OS=Homo sapiens GN=HSPD1 PE=1 SV=2	3329	22	0.1	-0.42	-0.24171	0.936081	28	0.999829	430538	0.0001	0.636364	0.	0.9692	0.0308
121421	LNP1	348801	sp|Q9UPQ9-1|TNR6B_HUMAN	TNRC6B	 Isoform 2 of Trinucleotide repeat-containing gene 6B protein OS=Homo sapiens GN=TNRC6B	23112	9	0.07	-0.73	-0.969836	0.997772	12	0.983091	266427	0.00007	0.666667	0.	0.99985	0.00015
121421	LNP1	348801	sp|P13674|P4HA1_HUMAN	P4HA1	 Prolyl 4-hydroxylase subunit alpha-1 OS=Homo sapiens GN=P4HA1 PE=1 SV=2	5033	6	0.06	-0.32	-0.410484	0.994985	8	0.941759	105975	0.00011	0.666667	0.	0.99987	0.00013
121421	LNP1	348801	tr|E7EUQ8|E7EUQ8_HUMAN	PKM2	 Pyruvate kinase OS=Homo sapiens GN=PKM2 PE=3 SV=1	5315	17	0.1	0.35	1.47443	0.997643	18	0.999829	296677	0.00011	0.529412	0.	0.977	0.023
121421	LNP1	348801	sp|P14618|KPYM_HUMAN	PKM2	 Pyruvate kinase isozymes M1/M2 OS=Homo sapiens GN=PKM2 PE=1 SV=4	5315	20	0.1	0.35	1.47443	0.998283	21	0.999829	296677	0.00013	0.525	0.	0.9709	0.0291
121446	ATAT1	79969	sp|Q9Y2I1|NISCH_HUMAN	NISCH	 Nischarin OS=Homo sapiens GN=NISCH PE=1 SV=3	11188	4	0.31	1.3	1.27081	0.988699	5	0.196755	7415	0.00108	0.625	0.	0.9958	0.0042
121421	LNP1	348801	sp|P22392-2|NDKB_HUMAN	NME1-NME2	 Isoform 3 of Nucleoside diphosphate kinase B OS=Homo sapiens GN=NME2	654364	10	0.07	-0.56	-0.895766	0.954434	12	0.966866	154476	0.00013	0.6	0.	0.99713	0.00287
121421	LNP1	348801	sp|P15531-2|NDKA_HUMAN	NME1	 Isoform 2 of Nucleoside diphosphate kinase A OS=Homo sapiens GN=NME1	4830	9	0.07	-0.23	-0.104618	0.997772	10	0.896499	118866	0.00015	0.555556	0.	0.99925	0.00075
121421	LNP1	348801	sp|P02786|TFR1_HUMAN	TFRC	 Transferrin receptor protein 1 OS=Homo sapiens GN=TFRC PE=1 SV=2	7037	8	0.06	-1.08	-1.09088	1.	12	0.999146	167545	0.0001	0.75	0.	0.99852	0.00148
121421	LNP1	348801	sp|P09382|LEG1_HUMAN	LGALS1	 Galectin-1 OS=Homo sapiens GN=LGALS1 PE=1 SV=2	3956	6	0.05	0.86	0.797264	0.994985	5	0.997267	49728	0.00024	0.416667	0.	0.99927	0.00073
121421	LNP1	348801	sp|Q2TAY7|SMU1_HUMAN	SMU1	 WD40 repeat-containing protein SMU1 OS=Homo sapiens GN=SMU1 PE=1 SV=2	55234	2	0.04	-0.56	0.325828	0.954434	2	0.859949	42395	0.00009	0.5	0.	0.99996	0.00004
121421	LNP1	348801	sp|P23284|PPIB_HUMAN	PPIB	 Peptidyl-prolyl cis-trans isomerase B OS=Homo sapiens GN=PPIB PE=1 SV=2	5479	4	0.04	-0.66	-0.179032	0.988699	5	0.997438	67921	0.00012	0.625	0.	0.99996	0.00004
121421	LNP1	348801	sp|Q01085|TIAR_HUMAN	TIAL1	 Nucleolysin TIAR OS=Homo sapiens GN=TIAL1 PE=1 SV=1	7073	8	0.06	-0.09	0.296622	0.99718	7	0.989582	104958	0.00015	0.4375	0.	0.99994	0.00006
121421	LNP1	348801	sp|P31483|TIA1_HUMAN	TIA1	 Nucleolysin TIA-1 isoform p40 OS=Homo sapiens GN=TIA1 PE=1 SV=3	7072	3	0.05	-0.31	-0.329297	1.	5	0.753886	47565	0.00013	0.833333	0.	0.99994	0.00006
121421	LNP1	348801	sp|O60664-3|PLIN3_HUMAN	PLIN3	 Isoform 3 of Perilipin-3 OS=Homo sapiens GN=PLIN3	10226	5	0.05	0.19	0.201891	0.976021	6	0.949616	51169	0.0002	0.6	0.	0.99996	0.00004
121421	LNP1	348801	sp|P55072|TERA_HUMAN	VCP	 Transitional endoplasmic reticulum ATPase OS=Homo sapiens GN=VCP PE=1 SV=4	7415	9	0.07	-0.39	-0.631116	0.991992	12	0.999317	158417	0.00011	0.666667	0.	0.99891	0.00109
121446	ATAT1	79969	sp|P84098|RL19_HUMAN	RPL19	 60S ribosomal protein L19 OS=Homo sapiens GN=RPL19 PE=1 SV=1	6143	2	0.04	-0.17	0.213411	1.	3	0.878224	26375	0.00015	0.75	0.	0.99972	0.00028
121421	LNP1	348801	sp|P40925|MDHC_HUMAN	MDH1	 Malate dehydrogenase, cytoplasmic OS=Homo sapiens GN=MDH1 PE=1 SV=4	4190	5	0.05	-0.15	-0.175245	0.992774	6	0.996072	62152	0.00016	0.6	0.	0.9995	0.0005
121421	LNP1	348801	sp|P25398|RS12_HUMAN	RPS12	 40S ribosomal protein S12 OS=Homo sapiens GN=RPS12 PE=1 SV=3	6206	3	0.04	-0.02	0.501186	0.979869	2	0.998292	35234	0.00017	0.333333	0.	0.99933	0.00067
121421	LNP1	348801	sp|P68363|TBA1B_HUMAN	TUBA1B	 Tubulin alpha-1B chain OS=Homo sapiens GN=TUBA1B PE=1 SV=1	10376	16	0.11	-0.32	-0.491636	0.999295	15	0.789752	243540	0.00013	0.46875	0.	0.99875	0.00125
121421	LNP1	348801	sp|P52907|CAZA1_HUMAN	CAPZA1	 F-actin-capping protein subunit alpha-1 OS=Homo sapiens GN=CAPZA1 PE=1 SV=3	829	3	0.07	-0.22	-0.321896	0.940286	5	0.994193	60422	0.0001	0.833333	0.	0.99981	0.00019
121421	LNP1	348801	sp|Q16543|CDC37_HUMAN	CDC37	 Hsp90 co-chaperone Cdc37 OS=Homo sapiens GN=CDC37 PE=1 SV=1	11140	3	0.04	-0.32	0.0452129	0.940286	4	0.985482	49626	0.00012	0.666667	0.	0.99993	0.00007
121421	LNP1	348801	sp|Q13813-2|SPTA2_HUMAN	SPTAN1	 Isoform 2 of Spectrin alpha chain, brain OS=Homo sapiens GN=SPTAN1	6709	29	0.12	-0.9	-0.602267	0.999786	41	1.	518937	0.00011	0.706897	0.	0.98762	0.01238
121421	LNP1	348801	sp|P07602-2|SAP_HUMAN	PSAP	 Isoform Sap-mu-6 of Proactivator polypeptide OS=Homo sapiens GN=PSAP	5660	4	0.06	1.73	1.26926	0.988699	5	0.701793	16005	0.0005	0.625	0.	0.99984	0.00016
121421	LNP1	348801	sp|O43852|CALU_HUMAN	CALU	 Calumenin OS=Homo sapiens GN=CALU PE=1 SV=2	813	2	0.03	-0.47	-0.297778	0.881291	3	0.926558	37737	0.00011	0.75	0.	0.99998	0.00002
121421	LNP1	348801	sp|P60660-2|MYL6_HUMAN	MYL6	 Isoform Smooth muscle of Myosin light polypeptide 6 OS=Homo sapiens GN=MYL6	4637	1	0.03	-0.92	-0.602823	1.	2	0.867635	50947	0.00004	1.	0.	0.99987	0.00013
121421	LNP1	348801	sp|P08243|ASNS_HUMAN	ASNS	 Asparagine synthetase [glutamine-hydrolyzing] OS=Homo sapiens GN=ASNS PE=1 SV=4	440	3	0.05	0.66	0.379735	0.940286	4	0.752007	18291	0.00033	0.666667	0.	0.99997	0.00003
121446	ATAT1	79969	sp|O60613|SEP15_HUMAN	SEP15	 15 kDa selenoprotein OS=Homo sapiens GN=SEP15 PE=1 SV=3	9403	1	0.03	-0.31	-0.211916	1.	2	0.73117	15929	0.00013	1.	0.	0.99999	0.00001
121421	LNP1	348801	sp|P62158|CALM_HUMAN	CALM3	 Calmodulin OS=Homo sapiens GN=CALM1 PE=1 SV=2	808	2	0.03	-0.93	-1.02634	0.954434	2	0.994364	98039	0.00004	0.5	0.	0.99949	0.00051
121421	LNP1	348801	sp|Q13895|BYST_HUMAN	BYSL	 Bystin OS=Homo sapiens GN=BYSL PE=1 SV=3	705	2	0.04	-0.6	0.117078	1.	2	0.863365	47760	0.00008	0.5	0.	0.99929	0.00071
121421	LNP1	348801	sp|Q15056-2|IF4H_HUMAN	EIF4H	 Isoform Short of Eukaryotic translation initiation factor 4H OS=Homo sapiens GN=EIF4H	7458	2	0.03	0.05	0.738798	0.954434	2	0.904697	21519	0.00019	0.5	0.	0.99993	0.00007
121421	LNP1	348801	sp|O14602|IF1AY_HUMAN	EIF1AY	 Eukaryotic translation initiation factor 1A, Y-chromosomal OS=Homo sapiens GN=EIF1AY PE=1 SV=4	9086	2	0.03	-0.77	0.242969	1.	4	0.916994	41650	0.0001	1.	0.	0.99979	0.00021
121421	LNP1	348801	sp|P31942|HNRH3_HUMAN	HNRNPH3	 Heterogeneous nuclear ribonucleoprotein H3 OS=Homo sapiens GN=HNRNPH3 PE=1 SV=2	3189	15	0.08	-0.32	-0.265012	1.	14	1.	231064	0.00013	0.466667	0.	0.9988	0.0012
121421	LNP1	348801	sp|P31943|HNRH1_HUMAN	HNRNPH1	 Heterogeneous nuclear ribonucleoprotein H OS=Homo sapiens GN=HNRNPH1 PE=1 SV=4	3187	11	0.07	-0.69	-0.681398	0.998509	11	0.999829	250124	0.00009	0.5	0.	0.99838	0.00162
121421	LNP1	348801	sp|P52597|HNRPF_HUMAN	HNRNPF	 Heterogeneous nuclear ribonucleoprotein F OS=Homo sapiens GN=HNRNPF PE=1 SV=3	3185	8	0.06	-1.11	-0.752296	0.974489	8	0.999658	141562	0.00011	0.5	0.	0.99939	0.00061
121421	LNP1	348801	sp|P55795|HNRH2_HUMAN	HNRNPH2	 Heterogeneous nuclear ribonucleoprotein H2 OS=Homo sapiens GN=HNRNPH2 PE=1 SV=1	3188	8	0.06	-0.27	0.608334	0.99718	6	0.950811	106158	0.00015	0.375	0.	0.99951	0.00049
121421	LNP1	348801	sp|Q8NDN9|RCBT1_HUMAN	RCBTB1	 RCC1 and BTB domain-containing protein 1 OS=Homo sapiens GN=RCBTB1 PE=2 SV=1	55213	5	0.05	-0.02	-0.243809	1.	8	0.977114	58764	0.00017	0.8	0.	0.99961	0.00039
121421	LNP1	348801	sp|Q14204|DYHC1_HUMAN	DYNC1H1	 Cytoplasmic dynein 1 heavy chain 1 OS=Homo sapiens GN=DYNC1H1 PE=1 SV=5	1778	7	0.11	-0.38	-0.519708	0.948078	11	0.970623	285463	0.00005	0.785714	0.	0.99918	0.00082
121446	ATAT1	79969	sp|P61289-2|PSME3_HUMAN	PSME3	 Isoform 2 of Proteasome activator complex subunit 3 OS=Homo sapiens GN=PSME3	10197	8	0.31	1.82	2.26215	0.908178	11	0.433476	11067	0.00145	0.6875	0.	0.98794	0.01206
121421	LNP1	348801	sp|Q01105-2|SET_HUMAN	SET	 Isoform 2 of Protein SET OS=Homo sapiens GN=SET	6418	5	0.05	-0.12	-0.0135652	0.992774	5	0.998804	63402	0.00016	0.5	0.	0.9999	0.0001
121421	LNP1	348801	sp|P17655|CAN2_HUMAN	CAPN2	 Calpain-2 catalytic subunit OS=Homo sapiens GN=CAPN2 PE=1 SV=6	824	2	0.04	0.49	0.266731	0.881291	3	0.704526	13671	0.00029	0.75	0.	0.99992	0.00008
121421	LNP1	348801	sp|P13995|MTDC_HUMAN	MTHFD2	 Bifunctional methylenetetrahydrofolate dehydrogenase/cyclohydrolase, mitochondrial OS=Homo sapiens GN=MTHFD2 PE=1 SV=2	10797	1	0.03	-0.33	-0.739409	1.	2	0.826302	17721	0.00011	1.	0.	0.99995	0.00005
121421	LNP1	348801	sp|Q16822|PCKGM_HUMAN	PCK2	 Phosphoenolpyruvate carboxykinase [GTP], mitochondrial OS=Homo sapiens GN=PCK2 PE=1 SV=3	5106	5	0.09	1.74	0.847108	0.811278	7	0.566524	15449	0.00065	0.7	0.	0.99984	0.00016
121421	LNP1	348801	sp|Q01082|SPTB2_HUMAN	SPTBN1	 Spectrin beta chain, brain 1 OS=Homo sapiens GN=SPTBN1 PE=1 SV=2	6711	27	0.11	-0.93	-0.902749	0.991398	41	1.	542974	0.0001	0.759259	0.	0.9962	0.0038
121421	LNP1	348801	sp|Q9UQ80|PA2G4_HUMAN	PA2G4	 Proliferation-associated protein 2G4 OS=Homo sapiens GN=PA2G4 PE=1 SV=3	5036	3	0.05	-0.06	-0.0445778	0.979869	4	0.805124	35837	0.00017	0.666667	0.	0.99938	0.00062
121421	LNP1	348801	sp|P32119|PRDX2_HUMAN	PRDX2	 Peroxiredoxin-2 OS=Homo sapiens GN=PRDX2 PE=1 SV=5	7001	3	0.04	-1.35	-1.2931	1.	4	0.995218	67063	0.00009	0.666667	0.	0.99999	0.00001
121421	LNP1	348801	sp|P05455|LA_HUMAN	SSB	 Lupus La protein OS=Homo sapiens GN=SSB PE=1 SV=2	6741	3	0.04	-0.51	0.153993	1.	5	0.974722	61845	0.0001	0.833333	0.	0.99877	0.00123
121421	LNP1	348801	sp|Q14694-2|UBP10_HUMAN	USP10	 Isoform 2 of Ubiquitin carboxyl-terminal hydrolase 10 OS=Homo sapiens GN=USP10	9100	4	0.05	0.29	1.74997	0.988699	4	0.858241	36076	0.00022	0.5	0.	0.99993	0.00007
121421	LNP1	348801	sp|P62937|PPIA_HUMAN	PPIA	 Peptidyl-prolyl cis-trans isomerase A OS=Homo sapiens GN=PPIA PE=1 SV=2	5478	11	0.07	0.05	-0.146058	0.962413	9	0.999829	126975	0.00017	0.409091	0.	0.99758	0.00242
121457	ADI1	55256	sp|P12277|KCRB_HUMAN	CKB	 Creatine kinase B-type OS=Homo sapiens GN=CKB PE=1 SV=1	1152	10	0.07	-0.48	-0.729237	0.954434	12	0.999488	146574	0.00014	0.6	0.	0.99983	0.00017
121446	ATAT1	79969	sp|P31948|STIP1_HUMAN	STIP1	 Stress-induced-phosphoprotein 1 OS=Homo sapiens GN=STIP1 PE=1 SV=1	10963	3	0.11	0.28	1.3977	0.811278	3	0.556277	19455	0.00031	0.5	0.	0.99985	0.00015
121421	LNP1	348801	sp|P27635|RL10_HUMAN	RPL10	 60S ribosomal protein L10 OS=Homo sapiens GN=RPL10 PE=1 SV=4	6134	4	0.04	-0.43	0.0150264	1.	5	0.98719	64799	0.00012	0.625	0.	0.99922	0.00078
121421	LNP1	348801	sp|O43615|TIM44_HUMAN	TIMM44	 Mitochondrial import inner membrane translocase subunit TIM44 OS=Homo sapiens GN=TIMM44 PE=1 SV=2	10469	3	0.04	-0.89	-0.033463	0.940286	5	0.9655	70870	0.00008	0.833333	0.	0.99999	0.00001
121421	LNP1	348801	sp|Q15843|NEDD8_HUMAN	NEDD8	 NEDD8 OS=Homo sapiens GN=NEDD8 PE=1 SV=1	4738	2	0.04	0.5	0.992583	0.954434	2	0.802562	14516	0.00028	0.5	0.	0.99989	0.00011
121421	LNP1	348801	sp|O14497-2|ARI1A_HUMAN	ARID1A	 Isoform 2 of AT-rich interactive domain-containing protein 1A OS=Homo sapiens GN=ARID1A	8289	4	0.07	-0.22	0.620909	1.	6	0.828352	71794	0.00011	0.75	0.	0.99966	0.00034
121421	LNP1	348801	sp|P30050|RL12_HUMAN	RPL12	 60S ribosomal protein L12 OS=Homo sapiens GN=RPL12 PE=1 SV=1	6136	3	0.04	-0.13	0.223414	0.979869	4	0.998121	37385	0.00016	0.666667	0.	0.99968	0.00032
121421	LNP1	348801	sp|P49368|TCPG_HUMAN	CCT3	 T-complex protein 1 subunit gamma OS=Homo sapiens GN=CCT3 PE=1 SV=4	7203	9	0.1	-0.33	-0.387902	1.	10	0.998292	206764	0.00009	0.555556	0.	0.9898	0.0102
121421	LNP1	348801	sp|P50395|GDIB_HUMAN	GDI2	 Rab GDP dissociation inhibitor beta OS=Homo sapiens GN=GDI2 PE=1 SV=2	2665	4	0.06	-0.3	-0.627326	0.988699	6	0.959009	79812	0.0001	0.75	0.	0.99897	0.00103
121421	LNP1	348801	sp|P31150|GDIA_HUMAN	GDI1	 Rab GDP dissociation inhibitor alpha OS=Homo sapiens GN=GDI1 PE=1 SV=2	2664	2	0.07	-0.17	-0.358943	1.	3	0.643723	34100	0.00012	0.75	0.	0.99988	0.00012
121421	LNP1	348801	sp|P49411|EFTU_HUMAN	TUFM	 Elongation factor Tu, mitochondrial OS=Homo sapiens GN=TUFM PE=1 SV=2	7284	9	0.07	-0.67	-0.377598	0.997772	10	0.999829	164883	0.00011	0.555556	0.	0.99779	0.00221
121421	LNP1	348801	sp|P60174|TPIS_HUMAN	TPI1	 Triosephosphate isomerase OS=Homo sapiens GN=TPI1 PE=1 SV=2	7167	17	0.09	0.55	0.143642	0.997643	16	1.	174114	0.0002	0.470588	0.	0.9929	0.0071
121446	ATAT1	79969	sp|P11441|UBL4A_HUMAN	UBL4A	 Ubiquitin-like protein 4A OS=Homo sapiens GN=UBL4A PE=1 SV=1	8266	2	0.22	1.42	1.93937	0.954434	2	0.139197	3556	0.00112	0.5	0.	0.99799	0.00201
121421	LNP1	348801	sp|P09496-2|CLCA_HUMAN	CLTA	 Isoform Non-brain of Clathrin light chain A OS=Homo sapiens GN=CLTA	1211	3	0.04	-1.39	-0.861575	0.811278	3	0.997609	61561	0.0001	0.5	0.	0.99991	0.00009
121421	LNP1	348801	sp|P62241|RS8_HUMAN	RPS8	 40S ribosomal protein S8 OS=Homo sapiens GN=RPS8 PE=1 SV=2	6202	2	0.03	-0.91	-0.674557	1.	2	0.976943	58011	0.00007	0.5	0.	0.9997	0.0003
121421	LNP1	348801	sp|P12270|TPR_HUMAN	TPR	 Nucleoprotein TPR OS=Homo sapiens GN=TPR PE=1 SV=3	7175	7	0.06	-0.44	0.293607	0.966619	10	0.968745	119407	0.00012	0.714286	0.	0.9993	0.0007
121421	LNP1	348801	sp|P02794|FRIH_HUMAN	FTH1	 Ferritin heavy chain OS=Homo sapiens GN=FTH1 PE=1 SV=2	2495	3	0.08	1.22	0.0409383	0.940286	3	0.567208	8771	0.00068	0.5	0.	0.99926	0.00074
121421	LNP1	348801	sp|Q8WXX5|DNJC9_HUMAN	DNAJC9	 DnaJ homolog subfamily C member 9 OS=Homo sapiens GN=DNAJC9 PE=1 SV=1	23234	2	0.03	-0.83	0.170939	0.954434	2	0.981896	50788	0.00008	0.5	0.	0.99989	0.00011
121421	LNP1	348801	sp|Q01469|FABP5_HUMAN	FABP5	 Fatty acid-binding protein, epidermal OS=Homo sapiens GN=FABP5 PE=1 SV=3	2171	1	0.02	-0.56	-0.470661	1.	2	0.947054	18574	0.00011	1.	0.	0.99991	0.00009
121421	LNP1	348801	sp|O95429|BAG4_HUMAN	BAG4	 BAG family molecular chaperone regulator 4 OS=Homo sapiens GN=BAG4 PE=1 SV=1	9530	8	0.06	-0.54	-0.426681	0.974489	9	0.998121	140442	0.00011	0.5625	0.	0.99981	0.00019
121421	LNP1	348801	sp|Q9HC38-2|GLOD4_HUMAN	GLOD4	 Isoform 2 of Glyoxalase domain-containing protein 4 OS=Homo sapiens GN=GLOD4	51031	2	0.04	0.01	-0.343196	0.954434	2	0.880444	21510	0.00019	0.5	0.	0.99999	0.00001
121421	LNP1	348801	sp|Q99567|NUP88_HUMAN	NUP88	 Nuclear pore complex protein Nup88 OS=Homo sapiens GN=NUP88 PE=1 SV=2	4927	1	0.06	0.11	0.122268	1.	2	0.390606	8222	0.00024	1.	0.	0.99979	0.00021
121421	LNP1	348801	sp|P34932|HSP74_HUMAN	HSPA4	 Heat shock 70 kDa protein 4 OS=Homo sapiens GN=HSPA4 PE=1 SV=4	3308	8	0.06	-0.76	-0.944036	0.959687	11	0.999146	183089	0.00009	0.6875	0.	0.998	0.002
121446	ATAT1	79969	sp|P38606|VATA_HUMAN	ATP6V1A	 V-type proton ATPase catalytic subunit A OS=Homo sapiens GN=ATP6V1A PE=1 SV=2	523	3	0.33	0.08	1.24499	0.979869	3	0.70111	19454	0.00031	0.5	0.	0.99976	0.00024
121421	LNP1	348801	sp|P22061-2|PIMT_HUMAN	PCMT1	 Isoform 2 of Protein-L-isoaspartate(D-aspartate) O-methyltransferase OS=Homo sapiens GN=PCMT1	5110	11	0.07	-0.05	0.116439	0.998509	11	0.999658	131336	0.00017	0.5	0.	0.99928	0.00072
121421	LNP1	348801	sp|O43169|CYB5B_HUMAN	CYB5B	 Cytochrome b5 type B OS=Homo sapiens GN=CYB5B PE=1 SV=2	80777	2	0.03	-0.74	-0.872924	0.881291	3	0.980871	34370	0.00012	0.75	0.	0.99999	0.00001
121421	LNP1	348801	sp|Q16576|RBBP7_HUMAN	RBBP7	 Histone-binding protein RBBP7 OS=Homo sapiens GN=RBBP7 PE=1 SV=1	5931	4	0.05	-0.4	-0.833361	0.964079	6	0.941759	72258	0.00011	0.75	0.	0.9996	0.0004
121421	LNP1	348801	sp|Q09028-2|RBBP4_HUMAN	RBBP4	 Isoform 2 of Histone-binding protein RBBP4 OS=Homo sapiens GN=RBBP4	5928	5	0.05	-0.2	-0.0774683	0.934068	7	0.971819	72511	0.00014	0.7	0.	0.99832	0.00168
121421	LNP1	348801	sp|Q16531|DDB1_HUMAN	DDB1	 DNA damage-binding protein 1 OS=Homo sapiens GN=DDB1 PE=1 SV=1	1642	11	0.07	-0.45	-0.736697	0.998509	14	0.999488	204208	0.00011	0.636364	0.	0.99483	0.00517
121421	LNP1	348801	sp|P07237|PDIA1_HUMAN	P4HB	 Protein disulfide-isomerase OS=Homo sapiens GN=P4HB PE=1 SV=3	5034	23	0.1	-0.91	-1.02538	0.994769	19	1.	350501	0.00013	0.413043	0.	0.96269	0.03731
121421	LNP1	348801	sp|P27797|CALR_HUMAN	CALR	 Calreticulin OS=Homo sapiens GN=CALR PE=1 SV=1	811	8	0.06	-0.36	-0.790685	0.857148	8	0.999829	115567	0.00014	0.5	0.	0.99876	0.00124
121421	LNP1	348801	sp|P53999|TCP4_HUMAN	SUB1	 Activated RNA polymerase II transcriptional coactivator p15 OS=Homo sapiens GN=SUB1 PE=1 SV=3	10923	3	0.04	0.35	1.1043	1.	3	0.970794	29310	0.0002	0.5	0.	0.99995	0.00005
121421	LNP1	348801	sp|Q15370|ELOB_HUMAN	TCEB2	 Transcription elongation factor B polypeptide 2 OS=Homo sapiens GN=TCEB2 PE=1 SV=1	6923	3	0.04	-0.96	-1.33361	0.979869	4	0.999829	63105	0.0001	0.666667	0.	0.99973	0.00027
121421	LNP1	348801	sp|P26639|SYTC_HUMAN	TARS	 Threonyl-tRNA synthetase, cytoplasmic OS=Homo sapiens GN=TARS PE=1 SV=3	6897	3	0.05	-0.1	-0.102745	0.979869	3	0.815371	37415	0.00016	0.5	0.	0.99996	0.00004
121446	ATAT1	79969	sp|Q9Y4L1|HYOU1_HUMAN	HYOU1	 Hypoxia up-regulated protein 1 OS=Homo sapiens GN=HYOU1 PE=1 SV=1	10525	2	0.04	-0.48	-0.649557	1.	4	0.838258	67454	0.00006	1.	0.	0.99994	0.00006
121421	LNP1	348801	sp|P07437|TBB5_HUMAN	TUBB	 Tubulin beta chain OS=Homo sapiens GN=TUBB PE=1 SV=2	203068	24	0.11	-0.64	-0.657579	0.995188	21	0.999829	465790	0.0001	0.4375	0.	0.96567	0.03433
121421	LNP1	348801	sp|P68371|TBB2C_HUMAN	TUBB2C	 Tubulin beta-2C chain OS=Homo sapiens GN=TUBB2C PE=1 SV=1	10383	22	0.1	-0.6	-0.667679	0.998575	21	0.990606	411288	0.00011	0.477273	0.	0.99904	0.00096
121421	LNP1	348801	sp|Q9BUF5|TBB6_HUMAN	TUBB6	 Tubulin beta-6 chain OS=Homo sapiens GN=TUBB6 PE=1 SV=1	84617	8	0.09	-0.49	-0.366095	0.959687	10	0.711187	173150	0.00009	0.625	0.	0.99945	0.00055
121421	LNP1	348801	sp|Q15046-2|SYK_HUMAN	KARS	 Isoform Mitochondrial of Lysyl-tRNA synthetase OS=Homo sapiens GN=KARS	3735	8	0.06	-1.08	-0.639818	0.99718	10	0.999658	159834	0.0001	0.625	0.	0.99516	0.00484
121421	LNP1	348801	sp|Q05639|EF1A2_HUMAN	EEF1A2	 Elongation factor 1-alpha 2 OS=Homo sapiens GN=EEF1A2 PE=1 SV=1	1917	11	0.1	0.17	1.07542	0.962413	7	0.704526	109744	0.0002	0.318182	0.	0.99858	0.00142
121421	LNP1	348801	sp|P68104|EF1A1_HUMAN	EEF1A1	 Elongation factor 1-alpha 1 OS=Homo sapiens GN=EEF1A1 PE=1 SV=1	1915	17	0.09	-0.16	0.308504	0.994377	11	0.999829	221404	0.00015	0.323529	0.	0.94631	0.05369
121421	LNP1	348801	sp|P24752|THIL_HUMAN	ACAT1	 Acetyl-CoA acetyltransferase, mitochondrial OS=Homo sapiens GN=ACAT1 PE=1 SV=1	38	5	0.05	-0.15	-0.150254	0.992774	6	0.984287	63297	0.00016	0.6	0.	0.99881	0.00119
121421	LNP1	348801	sp|P06744|G6PI_HUMAN	GPI	 Glucose-6-phosphate isomerase OS=Homo sapiens GN=GPI PE=1 SV=4	2821	16	0.09	-0.01	-0.15544	1.	15	0.999829	188208	0.00017	0.46875	0.	0.99805	0.00195
121421	LNP1	348801	sp|Q86UA1|PRP39_HUMAN	PRPF39	 Pre-mRNA-processing factor 39 OS=Homo sapiens GN=PRPF39 PE=1 SV=3	55015	10	0.07	0.38	0.0392349	0.998196	14	0.946712	88637	0.00023	0.7	0.	0.99999	0.00001
121421	LNP1	348801	sp|P11216|PYGB_HUMAN	PYGB	 Glycogen phosphorylase, brain form OS=Homo sapiens GN=PYGB PE=1 SV=5	5834	1	0.14	-0.04	0.246773	1.	2	0.282323	13242	0.00015	1.	0.	0.99971	0.00029
121446	ATAT1	79969	sp|P09382|LEG1_HUMAN	LGALS1	 Galectin-1 OS=Homo sapiens GN=LGALS1 PE=1 SV=2	3956	4	0.04	-0.13	-0.747435	0.988699	4	0.997267	49728	0.00016	0.5	0.	0.99949	0.00051
121421	LNP1	348801	sp|P08865|RSSA_HUMAN	RPSA	 40S ribosomal protein SA OS=Homo sapiens GN=RPSA PE=1 SV=4	3921	7	0.06	-1.03	-0.719992	0.996317	7	0.999317	131858	0.00011	0.5	0.	0.99871	0.00129
121421	LNP1	348801	tr|E5RJ24|E5RJ24_HUMAN	LOC101929950	 Uncharacterized protein OS=Homo sapiens PE=4 SV=1	101929950	1	0.05	-0.17	-0.12692	1.	2	0.407857	3627133	0.	1.	0.00016	0.99984	0.
121421	LNP1	348801	sp|P55786|PSA_HUMAN	NPEPPS	 Puromycin-sensitive aminopeptidase OS=Homo sapiens GN=NPEPPS PE=1 SV=2	9520	4	0.05	-0.32	-0.296509	0.964079	7	0.893937	62652	0.00013	0.875	0.	0.9999	0.0001
121421	LNP1	348801	sp|P17987|TCPA_HUMAN	TCP1	 T-complex protein 1 subunit alpha OS=Homo sapiens GN=TCP1 PE=1 SV=1	6950	6	0.08	-0.41	-0.657651	0.994985	6	0.998292	194161	0.00006	0.5	0.	0.99749	0.00251
121421	LNP1	348801	sp|P30740|ILEU_HUMAN	SERPINB1	 Leukocyte elastase inhibitor OS=Homo sapiens GN=SERPINB1 PE=1 SV=1	1992	4	0.06	0.64	0.418893	0.988699	4	0.783945	29210	0.00027	0.5	0.	0.99996	0.00004
121421	LNP1	348801	sp|P52272-2|HNRPM_HUMAN	HNRNPM	 Isoform 2 of Heterogeneous nuclear ribonucleoprotein M OS=Homo sapiens GN=HNRNPM	4670	15	0.08	0.11	0.440929	0.992774	17	0.998121	165002	0.00018	0.566667	0.	0.99744	0.00256
121421	LNP1	348801	sp|Q92820|GGH_HUMAN	GGH	 Gamma-glutamyl hydrolase OS=Homo sapiens GN=GGH PE=1 SV=2	8836	2	0.06	1.04	0.860431	1.	3	0.559522	8111	0.00049	0.75	0.	0.99991	0.00009
121421	LNP1	348801	sp|P08758|ANXA5_HUMAN	ANXA5	 Annexin A5 OS=Homo sapiens GN=ANXA5 PE=1 SV=2	308	7	0.06	-0.57	-0.375932	0.996317	9	0.997438	110002	0.00013	0.642857	0.	0.99992	0.00008
121421	LNP1	348801	sp|Q16836-2|HCDH_HUMAN	HADH	 Isoform 2 of Hydroxyacyl-coenzyme A dehydrogenase, mitochondrial OS=Homo sapiens GN=HADH	3033	2	0.07	1.7	1.0638	0.881291	3	0.452092	5473	0.00073	0.75	0.	0.99933	0.00067
121421	LNP1	348801	sp|P49419-2|AL7A1_HUMAN	ALDH7A1	 Isoform 2 of Alpha-aminoadipic semialdehyde dehydrogenase OS=Homo sapiens GN=ALDH7A1	501	4	0.05	0.54	-0.0357495	1.	6	0.828864	30251	0.00026	0.75	0.	0.99985	0.00015
121446	ATAT1	79969	sp|Q9ULT8|HECD1_HUMAN	HECTD1	 E3 ubiquitin-protein ligase HECTD1 OS=Homo sapiens GN=HECTD1 PE=1 SV=3	25831	2	0.73	0.28	0.303939	0.954434	2	0.169428	5550	0.00072	0.5	0.	0.99972	0.00028
121421	LNP1	348801	sp|Q13618-2|CUL3_HUMAN	CUL3	 Isoform 2 of Cullin-3 OS=Homo sapiens GN=CUL3	8452	7	0.14	0.87	1.08748	0.948078	9	0.605978	27229	0.00051	0.642857	0.	0.99921	0.00079
121421	LNP1	348801	sp|O95816|BAG2_HUMAN	BAG2	 BAG family molecular chaperone regulator 2 OS=Homo sapiens GN=BAG2 PE=1 SV=1	9532	2	0.03	-0.67	-0.594204	1.	3	0.988557	59417	0.00007	0.75	0.	0.99992	0.00008
121421	LNP1	348801	sp|P32969|RL9_HUMAN	RPL9	 60S ribosomal protein L9 OS=Homo sapiens GN=RPL9 PE=1 SV=1	6133	3	0.04	-0.57	-0.507078	0.940286	4	0.993168	49421	0.00012	0.666667	0.	0.99758	0.00242
121421	LNP1	348801	sp|O00410-2|IPO5_HUMAN	IPO5	 Isoform 2 of Importin-5 OS=Homo sapiens GN=IPO5	3843	4	0.07	0.11	-0.874598	0.988699	5	0.818787	38647	0.00021	0.625	0.	0.99981	0.00019
121421	LNP1	348801	sp|Q02809|PLOD1_HUMAN	PLOD1	 Procollagen-lysine,2-oxoglutarate 5-dioxygenase 1 OS=Homo sapiens GN=PLOD1 PE=1 SV=2	5351	5	0.05	-1.05	-0.96144	0.902393	8	0.998804	162052	0.00006	0.8	0.	0.99995	0.00005
121421	LNP1	348801	sp|P61604|CH10_HUMAN	HSPE1	 10 kDa heat shock protein, mitochondrial OS=Homo sapiens GN=HSPE1 PE=1 SV=2	3336	8	0.06	-0.38	-0.700687	0.928362	8	1.	103905	0.00015	0.5	0.	0.99848	0.00152
121421	LNP1	348801	sp|Q92499|DDX1_HUMAN	DDX1	 ATP-dependent RNA helicase DDX1 OS=Homo sapiens GN=DDX1 PE=1 SV=2	1653	4	0.04	-0.39	0.640705	0.964079	5	0.980871	63642	0.00013	0.625	0.	0.99994	0.00006
121421	LNP1	348801	sp|Q99623|PHB2_HUMAN	PHB2	 Prohibitin-2 OS=Homo sapiens GN=PHB2 PE=1 SV=2	11331	2	0.03	-0.89	-0.317925	0.881291	3	0.945687	56462	0.00007	0.75	0.	0.99996	0.00004
121421	LNP1	348801	sp|P61254|RL26_HUMAN	RPL26	 60S ribosomal protein L26 OS=Homo sapiens GN=RPL26 PE=1 SV=1	6154	2	0.03	-0.36	0.00636207	1.	2	0.970965	35297	0.00011	0.5	0.	0.99969	0.00031
121421	LNP1	348801	sp|Q9NUJ1|ABHDA_HUMAN	ABHD10	 Abhydrolase domain-containing protein 10, mitochondrial OS=Homo sapiens GN=ABHD10 PE=1 SV=1	55347	6	0.06	0.56	0.589344	0.994985	7	0.927583	49172	0.00024	0.583333	0.	0.99989	0.00011
121446	ATAT1	79969	sp|P06703|S10A6_HUMAN	S100A6	 Protein S100-A6 OS=Homo sapiens GN=S100A6 PE=1 SV=1	6277	3	0.04	0.8	1.17801	1.	3	0.920922	22169	0.00027	0.5	0.	0.99999	0.00001
121421	LNP1	348801	sp|P62826|RAN_HUMAN	RAN	 GTP-binding nuclear protein Ran OS=Homo sapiens GN=RAN PE=1 SV=3	5901	6	0.05	0.47	0.239413	0.994985	6	0.998292	55051	0.00022	0.5	0.	0.99851	0.00149
121421	LNP1	348801	sp|Q9UBS4|DJB11_HUMAN	DNAJB11	 DnaJ homolog subfamily B member 11 OS=Homo sapiens GN=DNAJB11 PE=1 SV=1	51726	4	0.06	0.04	-0.297623	0.988699	4	0.81298	43328	0.00018	0.5	0.	0.99997	0.00003
121421	LNP1	348801	sp|P12004|PCNA_HUMAN	PCNA	 Proliferating cell nuclear antigen OS=Homo sapiens GN=PCNA PE=1 SV=1	5111	4	0.04	-0.86	-1.17097	0.988699	4	0.999488	78404	0.0001	0.5	0.	0.99203	0.00797
121421	LNP1	348801	sp|P12956|XRCC6_HUMAN	XRCC6	 X-ray repair cross-complementing protein 6 OS=Homo sapiens GN=XRCC6 PE=1 SV=2	2547	5	0.05	-0.2	-0.248616	0.976021	6	0.961401	69928	0.00014	0.6	0.	0.99968	0.00032
121421	LNP1	348801	sp|P55209|NP1L1_HUMAN	NAP1L1	 Nucleosome assembly protein 1-like 1 OS=Homo sapiens GN=NAP1L1 PE=1 SV=1	4673	4	0.04	-0.48	0.725846	0.988699	4	0.994364	65377	0.00012	0.5	0.	0.99973	0.00027
121421	LNP1	348801	sp|P67809|YBOX1_HUMAN	YBX1	 Nuclease-sensitive element-binding protein 1 OS=Homo sapiens GN=YBX1 PE=1 SV=3	4904	1	0.02	-0.91	-0.617379	1.	2	0.977114	73908	0.00003	1.	0.	0.99963	0.00037
121421	LNP1	348801	sp|P11586|C1TC_HUMAN	MTHFD1	 C-1-tetrahydrofolate synthase, cytoplasmic OS=Homo sapiens GN=MTHFD1 PE=1 SV=3	4522	1	0.06	0.1	1.21013	1.	2	0.388898	8490	0.00024	1.	0.	0.99979	0.00021
121421	LNP1	348801	sp|P30040|ERP29_HUMAN	ERP29	 Endoplasmic reticulum resident protein 29 OS=Homo sapiens GN=ERP29 PE=1 SV=4	10961	2	0.03	-0.89	-1.02752	0.954434	2	0.990265	39340	0.0001	0.5	0.	0.99999	0.00001
121421	LNP1	348801	sp|P46777|RL5_HUMAN	RPL5	 60S ribosomal protein L5 OS=Homo sapiens GN=RPL5 PE=1 SV=3	6125	6	0.05	-0.5	0.0104478	0.982859	5	0.99795	113460	0.00011	0.416667	0.	0.99656	0.00344
121421	LNP1	348801	sp|P07910-2|HNRPC_HUMAN	HNRNPC	 Isoform C1 of Heterogeneous nuclear ribonucleoproteins C1/C2 OS=Homo sapiens GN=HNRNPC	3183	1	0.02	-0.92	-0.458072	1.	2	0.908625	51660	0.00004	1.	0.	0.99903	0.00097
121446	ATAT1	79969	sp|P05556-2|ITB1_HUMAN	ITGB1	 Isoform Beta-1B of Integrin beta-1 OS=Homo sapiens GN=ITGB1	3688	2	0.06	-0.11	-0.58398	0.954434	2	0.767037	27634	0.00014	0.5	0.	0.99978	0.00022
121421	LNP1	348801	sp|P15924-2|DESP_HUMAN	DSP	 Isoform DPII of Desmoplakin OS=Homo sapiens GN=DSP	1832	2	0.05	-0.47	-0.377817	0.881291	4	0.942613	109042	0.00004	1.	0.	0.99996	0.00004
121421	LNP1	348801	sp|P11940-2|PABP1_HUMAN	PABPC1	 Isoform 2 of Polyadenylate-binding protein 1 OS=Homo sapiens GN=PABPC1	26986	4	0.04	-0.84	-0.231733	0.988699	5	0.996072	119305	0.00007	0.625	0.	0.99981	0.00019
121421	LNP1	348801	sp|P51858|HDGF_HUMAN	HDGF	 Hepatoma-derived growth factor OS=Homo sapiens GN=HDGF PE=1 SV=1	3068	2	0.04	-0.17	0.458125	1.	3	0.837062	25815	0.00015	0.75	0.	0.99999	0.00001
121421	LNP1	348801	sp|Q14847|LASP1_HUMAN	LASP1	 LIM and SH3 domain protein 1 OS=Homo sapiens GN=LASP1 PE=1 SV=2	3927	2	0.04	0.24	0.346346	1.	2	0.837062	18211	0.00022	0.5	0.	1.	0.
121421	LNP1	348801	sp|P50991|TCPD_HUMAN	CCT4	 T-complex protein 1 subunit delta OS=Homo sapiens GN=CCT4 PE=1 SV=4	10575	9	0.08	-0.38	-0.46945	1.	12	0.999829	213151	0.00008	0.666667	0.	0.99892	0.00108
121421	LNP1	348801	sp|Q00325-2|MPCP_HUMAN	SLC25A3	 Isoform B of Phosphate carrier protein, mitochondrial OS=Homo sapiens GN=SLC25A3	5250	2	0.03	-0.74	-0.689606	0.954434	2	0.953886	85796	0.00005	0.5	0.	0.9999	0.0001
121421	LNP1	348801	sp|P49189|AL9A1_HUMAN	ALDH9A1	 4-trimethylaminobutyraldehyde dehydrogenase OS=Homo sapiens GN=ALDH9A1 PE=1 SV=3	223	2	0.04	-0.03	-0.131376	0.954434	2	0.827839	22311	0.00018	0.5	0.	0.99997	0.00003
121421	LNP1	348801	sp|P04406|G3P_HUMAN	GAPDH	 Glyceraldehyde-3-phosphate dehydrogenase OS=Homo sapiens GN=GAPDH PE=1 SV=3	2597	32	0.12	0.06	-0.436747	0.999824	23	1.	371838	0.00017	0.359375	0.	0.85663	0.14337
121421	LNP1	348801	sp|P62701|RS4X_HUMAN	RPS4X	 40S ribosomal protein S4, X isoform OS=Homo sapiens GN=RPS4X PE=1 SV=2	6191	3	0.04	-0.91	-0.530425	0.940286	5	0.990436	79133	0.00008	0.833333	0.	0.99913	0.00087
121421	LNP1	348801	sp|P18621|RL17_HUMAN	RPL17	 60S ribosomal protein L17 OS=Homo sapiens GN=RPL17 PE=1 SV=3	6139	4	0.05	0.17	0.299102	1.	4	0.91187	38349	0.00021	0.5	0.	0.99971	0.00029
121446	ATAT1	79969	sp|P37837|TALDO_HUMAN	TALDO1	 Transaldolase OS=Homo sapiens GN=TALDO1 PE=1 SV=2	6888	5	0.05	0.33	0.451547	0.992774	5	0.959522	47669	0.00021	0.5	0.	0.9997	0.0003
121421	LNP1	348801	sp|P04181|OAT_HUMAN	OAT	 Ornithine aminotransferase, mitochondrial OS=Homo sapiens GN=OAT PE=1 SV=1	4942	5	0.05	-0.6	-0.888601	0.992774	7	0.98924	79693	0.00013	0.7	0.	0.9978	0.0022
121421	LNP1	348801	sp|O43399-2|TPD54_HUMAN	TPD52L2	 Isoform 2 of Tumor protein D54 OS=Homo sapiens GN=TPD52L2	7165	2	0.05	0.35	0.637771	0.881291	3	0.663023	14494	0.00028	0.75	0.	0.99995	0.00005
121421	LNP1	348801	sp|P62277|RS13_HUMAN	RPS13	 40S ribosomal protein S13 OS=Homo sapiens GN=RPS13 PE=1 SV=2	6207	3	0.04	-0.37	-0.278416	1.	4	0.979846	47394	0.00013	0.666667	0.	0.99885	0.00115
121421	LNP1	348801	sp|Q08209-2|PP2BA_HUMAN	PPP3CA	 Isoform 2 of Serine/threonine-protein phosphatase 2B catalytic subunit alpha isoform OS=Homo sapiens GN=PPP3CA	5530	2	0.05	0.01	0.415007	1.	3	0.707088	21710	0.00018	0.75	0.	0.99988	0.00012
121421	LNP1	348801	sp|Q99714-2|HCD2_HUMAN	HSD17B10	 Isoform 2 of 3-hydroxyacyl-CoA dehydrogenase type-2 OS=Homo sapiens GN=HSD17B10	3028	3	0.06	0.01	0.145948	0.979869	3	0.918873	32520	0.00018	0.5	0.	0.9998	0.0002
121421	LNP1	348801	sp|P14550|AK1A1_HUMAN	AKR1A1	 Alcohol dehydrogenase [NADP+] OS=Homo sapiens GN=AKR1A1 PE=1 SV=3	10327	4	0.07	1.53	1.53724	0.988699	4	0.620837	15527	0.00052	0.5	0.	0.99975	0.00025
121421	LNP1	348801	sp|O75390|CISY_HUMAN	CS	 Citrate synthase, mitochondrial OS=Homo sapiens GN=CS PE=1 SV=2	1431	3	0.04	-0.69	-0.751458	0.979869	4	0.978822	55769	0.00011	0.666667	0.	0.99905	0.00095
121421	LNP1	348801	sp|Q9Y3I0|RTCB_HUMAN	C22orf28	 tRNA-splicing ligase RtcB homolog OS=Homo sapiens GN=C22orf28 PE=1 SV=1	51493	3	0.04	-0.81	0.135538	0.940286	5	0.97643	68388	0.00009	0.833333	0.	0.99997	0.00003
121421	LNP1	348801	sp|P16083|NQO2_HUMAN	NQO2	 Ribosyldihydronicotinamide dehydrogenase [quinone] OS=Homo sapiens GN=NQO2 PE=1 SV=5	4835	7	0.06	-0.01	-0.452294	0.966619	8	0.975747	82069	0.00017	0.571429	0.	0.99994	0.00006
121421	LNP1	348801	sp|P30086|PEBP1_HUMAN	PEBP1	 Phosphatidylethanolamine-binding protein 1 OS=Homo sapiens GN=PEBP1 PE=1 SV=3	5037	8	0.06	0.55	-0.0717616	0.974489	7	0.99795	79566	0.0002	0.4375	0.	0.99969	0.00031
121446	ATAT1	79969	sp|P55786|PSA_HUMAN	NPEPPS	 Puromycin-sensitive aminopeptidase OS=Homo sapiens GN=NPEPPS PE=1 SV=2	9520	4	0.05	-0.32	-0.296509	1.	7	0.893937	62652	0.00013	0.875	0.	0.9999	0.0001
121421	LNP1	348801	sp|P08559|ODPA_HUMAN	PDHA1	 Pyruvate dehydrogenase E1 component subunit alpha, somatic form, mitochondrial OS=Homo sapiens GN=PDHA1 PE=1 SV=3	5160	2	0.05	0.49	0.689642	1.	2	0.656362	11929	0.00034	0.5	0.	0.99934	0.00066
121421	LNP1	348801	sp|P62249|RS16_HUMAN	RPS16	 40S ribosomal protein S16 OS=Homo sapiens GN=RPS16 PE=1 SV=2	6217	3	0.04	0.17	0.869769	0.979869	3	0.905892	28404	0.00021	0.5	0.	0.99938	0.00062
121421	LNP1	348801	sp|O00764|PDXK_HUMAN	PDXK	 Pyridoxal kinase OS=Homo sapiens GN=PDXK PE=1 SV=1	8566	6	0.05	0.84	0.240002	1.	6	0.991631	49604	0.00024	0.5	0.	0.99998	0.00002
121421	LNP1	348801	sp|Q15181|IPYR_HUMAN	PPA1	 Inorganic pyrophosphatase OS=Homo sapiens GN=PPA1 PE=1 SV=2	5464	3	0.04	-0.05	-0.413187	0.940286	4	0.908113	35383	0.00017	0.666667	0.	0.99981	0.00019
121421	LNP1	348801	sp|P28838-2|AMPL_HUMAN	LAP3	 Isoform 2 of Cytosol aminopeptidase OS=Homo sapiens GN=LAP3	51056	2	0.04	-0.1	-0.214067	0.954434	3	0.739026	24167	0.00017	0.75	0.	0.99994	0.00006
121421	LNP1	348801	sp|O43175|SERA_HUMAN	PHGDH	 D-3-phosphoglycerate dehydrogenase OS=Homo sapiens GN=PHGDH PE=1 SV=4	26227	3	0.04	-0.14	-0.0195538	0.979869	4	0.872929	38305	0.00016	0.666667	0.	0.99992	0.00008
121421	LNP1	348801	sp|Q13126|MTAP_HUMAN	MTAP	 S-methyl-5'-thioadenosine phosphorylase OS=Homo sapiens GN=MTAP PE=1 SV=2	4507	3	0.04	-1.15	-1.33914	0.979869	3	0.996755	67085	0.00009	0.5	0.	0.99996	0.00004
121421	LNP1	348801	sp|P61158|ARP3_HUMAN	ACTR3	 Actin-related protein 3 OS=Homo sapiens GN=ACTR3 PE=1 SV=3	10096	2	0.05	-0.37	-0.614544	1.	3	0.908796	54269	0.00007	0.75	0.	0.99992	0.00008
121421	LNP1	348801	sp|O00299|CLIC1_HUMAN	CLIC1	 Chloride intracellular channel protein 1 OS=Homo sapiens GN=CLIC1 PE=1 SV=4	1192	5	0.05	0.17	0.102226	0.934068	5	0.996072	55086	0.00018	0.5	0.	0.9999	0.0001
121421	LNP1	348801	sp|P50454|SERPH_HUMAN	SERPINH1	 Serpin H1 OS=Homo sapiens GN=SERPINH1 PE=1 SV=2	871	3	0.04	-0.48	-0.309665	0.940286	4	0.923997	76945	0.00008	0.666667	0.	0.99993	0.00007
121457	ADI1	55256	sp|Q96CW1-2|AP2M1_HUMAN	AP2M1	 Isoform 2 of AP-2 complex subunit mu OS=Homo sapiens GN=AP2M1	1173	6	0.15	0.66	0.954289	0.930586	10	0.441674	31138	0.00039	0.833333	0.	0.99934	0.00066
121457	ADI1	55256	sp|P13667|PDIA4_HUMAN	PDIA4	 Protein disulfide-isomerase A4 OS=Homo sapiens GN=PDIA4 PE=1 SV=2	9601	11	0.07	-0.24	-0.488059	0.986545	12	0.995047	164970	0.00013	0.545455	0.	0.99583	0.00417
121446	ATAT1	79969	sp|P55036|PSMD4_HUMAN	PSMD4	 26S proteasome non-ATPase regulatory subunit 4 OS=Homo sapiens GN=PSMD4 PE=1 SV=1	5710	6	0.08	1.25	2.32994	0.994985	7	0.805124	23959	0.0005	0.583333	0.	0.99387	0.00613
121421	LNP1	348801	sp|P43490|NAMPT_HUMAN	NAMPT	 Nicotinamide phosphoribosyltransferase OS=Homo sapiens GN=NAMPT PE=1 SV=1	10135	2	0.06	0.36	0.0221942	0.954434	2	0.493424	13668	0.00029	0.5	0.	0.99942	0.00058
121421	LNP1	348801	sp|P35222|CTNB1_HUMAN	CTNNB1	 Catenin beta-1 OS=Homo sapiens GN=CTNNB1 PE=1 SV=1	1499	1	0.05	-0.39	-0.496134	1.	2	0.85585	47221	0.00004	1.	0.	0.99962	0.00038
121421	LNP1	348801	sp|P23528|COF1_HUMAN	CFL1	 Cofilin-1 OS=Homo sapiens GN=CFL1 PE=1 SV=3	1072	3	0.04	-0.69	-0.792816	0.979869	3	0.991802	57579	0.0001	0.5	0.	0.99969	0.00031
121421	LNP1	348801	sp|Q9Y5X1|SNX9_HUMAN	SNX9	 Sorting nexin-9 OS=Homo sapiens GN=SNX9 PE=1 SV=1	51429	4	0.05	0.48	1.53623	0.988699	5	0.811272	31395	0.00025	0.625	0.	0.99993	0.00007
121421	LNP1	348801	sp|P46778|RL21_HUMAN	RPL21	 60S ribosomal protein L21 OS=Homo sapiens GN=RPL21 PE=1 SV=2	6144	2	0.03	-0.55	-0.0427266	0.954434	2	0.956618	42056	0.0001	0.5	0.	0.99994	0.00006
121421	LNP1	348801	sp|Q14697-2|GANAB_HUMAN	GANAB	 Isoform 2 of Neutral alpha-glucosidase AB OS=Homo sapiens GN=GANAB	23193	15	0.08	-0.31	-0.563475	0.979869	19	0.999317	233910	0.00013	0.633333	0.	0.99896	0.00104
121421	LNP1	348801	sp|P61160|ARP2_HUMAN	ACTR2	 Actin-related protein 2 OS=Homo sapiens GN=ACTR2 PE=1 SV=1	10097	2	0.05	-0.43	-0.742485	0.881291	3	0.903843	69015	0.00006	0.75	0.	0.99985	0.00015
121421	LNP1	348801	sp|P17174|AATC_HUMAN	GOT1	 Aspartate aminotransferase, cytoplasmic OS=Homo sapiens GN=GOT1 PE=1 SV=3	2805	8	0.06	0.47	0.144165	0.959687	10	0.990094	76846	0.00021	0.625	0.	0.99906	0.00094
121421	LNP1	348801	sp|Q15437|SC23B_HUMAN	SEC23B	 Protein transport protein Sec23B OS=Homo sapiens GN=SEC23B PE=1 SV=2	10483	2	0.04	-0.54	-0.590058	1.	3	0.856874	41904	0.0001	0.75	0.	0.99949	0.00051
121421	LNP1	348801	sp|Q15436|SC23A_HUMAN	SEC23A	 Protein transport protein Sec23A OS=Homo sapiens GN=SEC23A PE=1 SV=2	10484	1	0.02	-1.05	-1.01847	1.	2	0.933049	48025	0.00004	1.	0.	0.99983	0.00017
121446	ATAT1	79969	sp|Q13838-2|DX39B_HUMAN	DDX39B	 Isoform 2 of Spliceosome RNA helicase DDX39B OS=Homo sapiens GN=DDX39B	7919	3	0.06	-0.07	-0.72483	0.979869	4	0.630914	37671	0.00016	0.666667	0.	0.9998	0.0002
121421	LNP1	348801	sp|P30153|2AAA_HUMAN	PPP2R1A	 Serine/threonine-protein phosphatase 2A 65 kDa regulatory subunit A alpha isoform OS=Homo sapiens GN=PPP2R1A PE=1 SV=4	5518	1	0.03	-0.47	-0.940297	1.	2	0.942272	42517	0.00005	1.	0.	0.9994	0.0006
121421	LNP1	348801	sp|P26583|HMGB2_HUMAN	HMGB2	 High mobility group protein B2 OS=Homo sapiens GN=HMGB2 PE=1 SV=2	3148	6	0.06	0.87	1.88584	1.	7	0.949445	43041	0.00028	0.583333	0.	0.99988	0.00012
121421	LNP1	348801	sp|P09429|HMGB1_HUMAN	HMGB1	 High mobility group protein B1 OS=Homo sapiens GN=HMGB1 PE=1 SV=3	3146	7	0.06	0.14	1.58385	0.996317	8	0.972502	75296	0.00019	0.571429	0.	0.99995	0.00005
121421	LNP1	348801	sp|P29401|TKT_HUMAN	TKT	 Transketolase OS=Homo sapiens GN=TKT PE=1 SV=3	7086	12	0.08	-1.05	-1.1535	0.968461	15	1.	213163	0.00011	0.625	0.	0.99772	0.00228
121421	LNP1	348801	sp|Q969G3-2|SMCE1_HUMAN	SMARCE1	 Isoform 2 of SWI/SNF-related matrix-associated actin-dependent regulator of chromatin subfamily E member 1 OS=Homo sapiens GN=SMARCE1	6605	2	0.07	0.11	0.654224	0.954434	2	0.766012	18049	0.00022	0.5	0.	0.99944	0.00056
121421	LNP1	348801	sp|O43148-2|MCES_HUMAN	RNMT	 Isoform 2 of mRNA cap guanine-N7 methyltransferase OS=Homo sapiens GN=RNMT	8731	2	0.03	-1.02	-0.510291	0.881291	3	0.977455	86566	0.00005	0.75	0.	0.99982	0.00018
121421	LNP1	348801	sp|P51610-2|HCFC1_HUMAN	HCFC1	 Isoform 2 of Host cell factor 1 OS=Homo sapiens GN=HCFC1	3054	3	0.04	-0.7	-0.407059	0.979869	4	0.988044	95207	0.00006	0.666667	0.	0.99983	0.00017
121421	LNP1	348801	sp|P54727|RD23B_HUMAN	RAD23B	 UV excision repair protein RAD23 homolog B OS=Homo sapiens GN=RAD23B PE=1 SV=1	5887	4	0.04	-0.73	-0.892097	0.988699	5	0.996072	74584	0.00011	0.625	0.	0.99979	0.00021
121421	LNP1	348801	sp|P52565|GDIR1_HUMAN	ARHGDIA	 Rho GDP-dissociation inhibitor 1 OS=Homo sapiens GN=ARHGDIA PE=1 SV=3	396	5	0.05	-0.24	-0.605063	1.	5	0.996072	64397	0.00016	0.5	0.	0.99984	0.00016
121421	LNP1	348801	sp|P22626|ROA2_HUMAN	HNRNPA2B1	 Heterogeneous nuclear ribonucleoproteins A2/B1 OS=Homo sapiens GN=HNRNPA2B1 PE=1 SV=2	3181	17	0.09	-0.87	-0.346713	0.999376	14	1.	373096	0.00009	0.411765	0.	0.98957	0.01043
121446	ATAT1	79969	sp|P63000-2|RAC1_HUMAN	RAC1	 Isoform B of Ras-related C3 botulinum toxin substrate 1 OS=Homo sapiens GN=RAC1	5879	2	0.05	0.73	0.548923	1.	2	0.641674	12443	0.00032	0.5	0.	0.99933	0.00067
121421	LNP1	348801	sp|Q04837|SSBP_HUMAN	SSBP1	 Single-stranded DNA-binding protein, mitochondrial OS=Homo sapiens GN=SSBP1 PE=1 SV=1	6742	2	0.03	-1.08	-0.788005	1.	2	0.994876	52338	0.00008	0.5	0.	0.99984	0.00016
121421	LNP1	348801	sp|P46781|RS9_HUMAN	RPS9	 40S ribosomal protein S9 OS=Homo sapiens GN=RPS9 PE=1 SV=3	6203	2	0.03	-0.61	-0.311726	1.	3	0.933561	49273	0.00008	0.75	0.	0.99939	0.00061
121421	LNP1	348801	sp|P35573-2|GDE_HUMAN	AGL	 Isoform 5 of Glycogen debranching enzyme OS=Homo sapiens GN=AGL	178	9	0.07	-0.59	-0.528346	0.979869	12	0.994364	182311	0.0001	0.666667	0.	0.99908	0.00092
121421	LNP1	348801	sp|Q9H2C0|GAN_HUMAN	GAN	 Gigaxonin OS=Homo sapiens GN=GAN PE=1 SV=1	8139	8	10.73	12.08	7.81025	0.989993	12	0.0088813	359	0.04457	0.75	0.	0.00007	0.99993
121421	LNP1	348801	sp|P51991-2|ROA3_HUMAN	HNRNPA3	 Isoform 2 of Heterogeneous nuclear ribonucleoprotein A3 OS=Homo sapiens GN=HNRNPA3	220988	5	0.05	-0.86	-0.0140692	0.934068	6	0.997267	110064	0.00009	0.6	0.	0.99993	0.00007
121421	LNP1	348801	sp|P09651-2|ROA1_HUMAN	HNRNPA1	 Isoform A1-A of Heterogeneous nuclear ribonucleoprotein A1 OS=Homo sapiens GN=HNRNPA1	3178	5	0.05	-1.2	-0.473315	0.976021	7	0.999488	143643	0.00007	0.7	0.	0.99922	0.00078
121421	LNP1	348801	sp|P38117-2|ETFB_HUMAN	ETFB	 Isoform 2 of Electron transfer flavoprotein subunit beta OS=Homo sapiens GN=ETFB	2109	2	0.05	0.18	0.761177	0.881291	3	0.776089	16536	0.00024	0.75	0.	0.99994	0.00006
121421	LNP1	348801	sp|Q13867|BLMH_HUMAN	BLMH	 Bleomycin hydrolase OS=Homo sapiens GN=BLMH PE=1 SV=1	642	7	0.14	3.02	3.97782	0.987138	5	0.612639	9367	0.00149	0.357143	0.	0.98512	0.01488
121421	LNP1	348801	sp|O43447|PPIH_HUMAN	PPIH	 Peptidyl-prolyl cis-trans isomerase H OS=Homo sapiens GN=PPIH PE=1 SV=1	10465	2	0.03	-1.34	-0.42728	0.954434	2	0.996243	59929	0.00007	0.5	0.	0.99999	0.00001
121421	LNP1	348801	sp|Q9UHV9|PFD2_HUMAN	PFDN2	 Prefoldin subunit 2 OS=Homo sapiens GN=PFDN2 PE=1 SV=1	5202	2	0.06	-0.22	-0.680051	0.954434	2	0.987532	39560	0.0001	0.5	0.	0.9999	0.0001
121446	ATAT1	79969	sp|P50914|RL14_HUMAN	RPL14	 60S ribosomal protein L14 OS=Homo sapiens GN=RPL14 PE=1 SV=4	9045	3	0.04	0.39	0.0446126	1.	2	0.966866	27167	0.00022	0.333333	0.	0.99944	0.00056
121421	LNP1	348801	sp|P62136|PP1A_HUMAN	PPP1CA	 Serine/threonine-protein phosphatase PP1-alpha catalytic subunit OS=Homo sapiens GN=PPP1CA PE=1 SV=1	5499	4	0.04	-0.81	-1.26485	0.988699	4	0.996926	132941	0.00006	0.5	0.	0.9996	0.0004
121421	LNP1	348801	sp|P36873-2|PP1G_HUMAN	PPP1CC	 Isoform Gamma-2 of Serine/threonine-protein phosphatase PP1-gamma catalytic subunit OS=Homo sapiens GN=PPP1CC	5501	3	0.04	-0.65	-0.637548	0.979869	4	0.946883	68577	0.00009	0.666667	0.	0.99963	0.00037
121421	LNP1	348801	sp|P05387|RLA2_HUMAN	RPLP2	 60S acidic ribosomal protein P2 OS=Homo sapiens GN=RPLP2 PE=1 SV=1	6181	7	0.06	-1.02	-0.338518	1.	5	1.	143158	0.0001	0.357143	0.	0.99613	0.00387
121421	LNP1	348801	sp|P78371|TCPB_HUMAN	CCT2	 T-complex protein 1 subunit beta OS=Homo sapiens GN=CCT2 PE=1 SV=4	10576	6	0.09	-0.43	-0.501934	0.954434	7	0.998634	232857	0.00005	0.583333	0.	0.99512	0.00488
121421	LNP1	348801	sp|P08670|VIME_HUMAN	VIM	 Vimentin OS=Homo sapiens GN=VIM PE=1 SV=4	7431	2	3.07	1.23	7.81025	0.954434	2	0.0128096	1236	0.00324	0.5	0.00006	0.45335	0.54659
121421	LNP1	348801	sp|Q15819|UB2V2_HUMAN	UBE2V2	 Ubiquitin-conjugating enzyme E2 variant 2 OS=Homo sapiens GN=UBE2V2 PE=1 SV=4	7336	3	0.06	0.13	-0.104379	0.811278	3	0.708454	29137	0.00021	0.5	0.	0.9999	0.0001
121421	LNP1	348801	sp|Q13404-1|UB2V1_HUMAN	UBE2V1	 Isoform 1 of Ubiquitin-conjugating enzyme E2 variant 1 OS=Homo sapiens GN=UBE2V1	7335	3	0.04	0.18	-0.459371	0.940286	3	0.872246	30608	0.0002	0.5	0.	0.99996	0.00004
121421	LNP1	348801	sp|P62269|RS18_HUMAN	RPS18	 40S ribosomal protein S18 OS=Homo sapiens GN=RPS18 PE=1 SV=3	6222	1	0.02	-0.71	-0.280789	1.	2	0.950982	34123	0.00006	1.	0.	0.99987	0.00013
121421	LNP1	348801	sp|P37802|TAGL2_HUMAN	TAGLN2	 Transgelin-2 OS=Homo sapiens GN=TAGLN2 PE=1 SV=3	8407	3	0.05	0.29	0.577956	0.940286	4	0.815542	26532	0.00023	0.666667	0.	0.99984	0.00016
121446	ATAT1	79969	sp|P13995|MTDC_HUMAN	MTHFD2	 Bifunctional methylenetetrahydrofolate dehydrogenase/cyclohydrolase, mitochondrial OS=Homo sapiens GN=MTHFD2 PE=1 SV=2	10797	2	0.04	0.13	0.0509937	0.954434	2	0.826302	17721	0.00023	0.5	0.	0.99996	0.00004
121421	LNP1	348801	sp|P06753-2|TPM3_HUMAN	TPM3	 Isoform 2 of Tropomyosin alpha-3 chain OS=Homo sapiens GN=TPM3	7170	4	0.04	-0.75	-0.984395	0.896038	5	0.980188	114855	0.00007	0.625	0.	0.99987	0.00013
121421	LNP1	348801	sp|P17931|LEG3_HUMAN	LGALS3	 Galectin-3 OS=Homo sapiens GN=LGALS3 PE=1 SV=5	3958	4	0.05	0.39	0.271228	0.964079	4	0.918019	35232	0.00023	0.5	0.	0.9999	0.0001
121421	LNP1	348801	sp|P48643|TCPE_HUMAN	CCT5	 T-complex protein 1 subunit epsilon OS=Homo sapiens GN=CCT5 PE=1 SV=1	22948	3	0.07	-0.47	-0.497295	0.979869	3	0.994022	181114	0.00003	0.5	0.	0.99953	0.00047
121421	LNP1	348801	sp|Q9UJV9|DDX41_HUMAN	DDX41	 Probable ATP-dependent RNA helicase DDX41 OS=Homo sapiens GN=DDX41 PE=1 SV=2	51428	5	0.05	-0.41	0.340729	0.992774	7	0.980529	76180	0.00013	0.7	0.	1.	0.
121421	LNP1	348801	sp|Q14192|FHL2_HUMAN	FHL2	 Four and a half LIM domains protein 2 OS=Homo sapiens GN=FHL2 PE=1 SV=3	2274	1	0.06	0.66	0.858765	1.	2	0.382579	4183	0.00048	1.	0.	0.99969	0.00031
121421	LNP1	348801	sp|P62829|RL23_HUMAN	RPL23	 60S ribosomal protein L23 OS=Homo sapiens GN=RPL23 PE=1 SV=1	9349	5	0.05	-0.38	-0.217855	0.934068	5	0.999658	80296	0.00012	0.5	0.	0.99891	0.00109
121421	LNP1	348801	sp|Q14974|IMB1_HUMAN	KPNB1	 Importin subunit beta-1 OS=Homo sapiens GN=KPNB1 PE=1 SV=2	3837	4	0.04	-0.69	-0.547292	1.	5	0.994705	99505	0.00008	0.625	0.	0.99788	0.00212
121421	LNP1	348801	sp|Q15084-2|PDIA6_HUMAN	PDIA6	 Isoform 2 of Protein disulfide-isomerase A6 OS=Homo sapiens GN=PDIA6	10130	4	0.04	-0.61	-0.849076	0.988699	4	0.995389	64653	0.00012	0.5	0.	0.99989	0.00011
121421	LNP1	348801	sp|P30041|PRDX6_HUMAN	PRDX6	 Peroxiredoxin-6 OS=Homo sapiens GN=PRDX6 PE=1 SV=3	9588	7	0.06	-0.09	-0.0853195	0.966619	10	0.997267	85400	0.00016	0.714286	0.	0.99924	0.00076
121421	LNP1	348801	sp|Q08211|DHX9_HUMAN	DHX9	 ATP-dependent RNA helicase A OS=Homo sapiens GN=DHX9 PE=1 SV=4	1660	4	0.05	-0.12	1.2641	0.896038	5	0.825961	53517	0.00015	0.625	0.	0.99952	0.00048
121446	ATAT1	79969	sp|O60568|PLOD3_HUMAN	PLOD3	 Procollagen-lysine,2-oxoglutarate 5-dioxygenase 3 OS=Homo sapiens GN=PLOD3 PE=1 SV=1	8985	4	0.04	-0.44	-0.0863299	1.	5	0.991119	81790	0.0001	0.625	0.	0.99997	0.00003
121421	LNP1	348801	sp|P04792|HSPB1_HUMAN	HSPB1	 Heat shock protein beta-1 OS=Homo sapiens GN=HSPB1 PE=1 SV=2	3315	7	0.06	-0.35	-0.203669	0.996317	5	0.999829	115017	0.00012	0.357143	0.	0.9978	0.0022
121421	LNP1	348801	sp|P61457|PHS_HUMAN	PCBD1	 Pterin-4-alpha-carbinolamine dehydratase OS=Homo sapiens GN=PCBD1 PE=1 SV=2	5092	7	0.06	-0.1	0.125158	0.948078	8	0.999658	84433	0.00017	0.571429	0.	0.99952	0.00048
121421	LNP1	348801	sp|P27816-2|MAP4_HUMAN	MAP4	 Isoform 2 of Microtubule-associated protein 4 OS=Homo sapiens GN=MAP4	4134	3	0.04	-0.45	0.0365549	0.979869	4	0.944492	51108	0.00012	0.666667	0.	0.99985	0.00015
121421	LNP1	348801	sp|P10599|THIO_HUMAN	TXN	 Thioredoxin OS=Homo sapiens GN=TXN PE=1 SV=3	7295	3	0.04	-0.56	-1.12256	0.940286	3	0.99795	44898	0.00013	0.5	0.	0.99914	0.00086
121421	LNP1	348801	sp|P61088|UBE2N_HUMAN	UBE2N	 Ubiquitin-conjugating enzyme E2 N OS=Homo sapiens GN=UBE2N PE=1 SV=1	7334	2	0.04	0.04	-0.339002	1.	2	0.856362	20818	0.00019	0.5	0.	0.9996	0.0004
121421	LNP1	348801	sp|Q5T9A4-3|ATD3B_HUMAN	ATAD3B	 Isoform 3 of ATPase family AAA domain-containing protein 3B OS=Homo sapiens GN=ATAD3B	83858	1	0.12	-0.1	-0.0357633	1.	2	0.183604	16417	0.00012	1.	0.	0.99973	0.00027
121421	LNP1	348801	sp|Q13151|ROA0_HUMAN	HNRNPA0	 Heterogeneous nuclear ribonucleoprotein A0 OS=Homo sapiens GN=HNRNPA0 PE=1 SV=1	10949	5	0.05	-0.02	0.868744	0.992774	3	0.991973	58787	0.00017	0.3	0.	0.99845	0.00155
121421	LNP1	348801	sp|O43809|CPSF5_HUMAN	NUDT21	 Cleavage and polyadenylation specificity factor subunit 5 OS=Homo sapiens GN=NUDT21 PE=1 SV=1	11051	3	0.04	-0.23	0.249594	1.	4	0.956277	39454	0.00015	0.666667	0.	0.99988	0.00012
121421	LNP1	348801	sp|P48444|COPD_HUMAN	ARCN1	 Coatomer subunit delta OS=Homo sapiens GN=ARCN1 PE=1 SV=1	372	2	0.14	0.13	1.39119	0.954434	3	0.667464	13452	0.0003	0.75	0.	0.99999	0.00001
121421	LNP1	348801	sp|P37837|TALDO_HUMAN	TALDO1	 Transaldolase OS=Homo sapiens GN=TALDO1 PE=1 SV=2	6888	4	0.05	-0.06	0.0732238	0.852405	8	0.959522	47669	0.00017	1.	0.	0.99976	0.00024
121446	ATAT1	79969	sp|Q6L8Q7-2|PDE12_HUMAN	PDE12	 Isoform 2 of 2',5'-phosphodiesterase 12 OS=Homo sapiens GN=PDE12	201626	2	0.03	-0.67	-0.654865	0.881291	3	0.962767	35084	0.00011	0.75	0.	1.	0.
121421	LNP1	348801	sp|P00491|PNPH_HUMAN	PNP	 Purine nucleoside phosphorylase OS=Homo sapiens GN=PNP PE=1 SV=2	4860	2	0.03	-0.77	-0.693673	0.881291	4	0.934586	45619	0.00009	1.	0.	0.99967	0.00033
121421	LNP1	348801	sp|Q15393|SF3B3_HUMAN	SF3B3	 Splicing factor 3B subunit 3 OS=Homo sapiens GN=SF3B3 PE=1 SV=4	23450	5	0.08	-0.2	-0.617855	0.976021	7	0.952007	83149	0.00012	0.7	0.	0.99873	0.00127
121421	LNP1	348801	sp|P06702|S10A9_HUMAN	S100A9	 Protein S100-A9 OS=Homo sapiens GN=S100A9 PE=1 SV=1	6280	4	0.19	0.79	0.737557	0.988699	3	0.396584	12774	0.00063	0.375	0.	0.99927	0.00073
121421	LNP1	348801	sp|Q15024|EXOS7_HUMAN	EXOSC7	 Exosome complex component RRP42 OS=Homo sapiens GN=EXOSC7 PE=1 SV=3	23016	2	0.04	0.03	1.37412	0.954434	2	0.875662	21168	0.00019	0.5	0.	0.9999	0.0001
121421	LNP1	348801	sp|Q13868|EXOS2_HUMAN	EXOSC2	 Exosome complex component RRP4 OS=Homo sapiens GN=EXOSC2 PE=1 SV=2	23404	2	0.05	-0.16	1.0582	1.	3	0.917677	30054	0.00013	0.75	0.	0.9999	0.0001
121421	LNP1	348801	sp|Q96HE7|ERO1A_HUMAN	ERO1L	 ERO1-like protein alpha OS=Homo sapiens GN=ERO1L PE=1 SV=2	30001	3	0.04	-0.27	-0.0742132	0.979869	4	0.976943	40668	0.00015	0.666667	0.	0.99998	0.00002
121421	LNP1	348801	sp|O96019|ACL6A_HUMAN	ACTL6A	 Actin-like protein 6A OS=Homo sapiens GN=ACTL6A PE=1 SV=1	86	2	0.03	-0.89	-0.675338	0.881291	3	0.982408	55790	0.00007	0.75	0.	0.99993	0.00007
121421	LNP1	348801	sp|Q16658|FSCN1_HUMAN	FSCN1	 Fascin OS=Homo sapiens GN=FSCN1 PE=1 SV=3	6624	3	0.04	-0.64	-1.38133	1.	4	0.980188	52384	0.00011	0.666667	0.	0.99992	0.00008
121421	LNP1	348801	sp|P05556-2|ITB1_HUMAN	ITGB1	 Isoform Beta-1B of Integrin beta-1 OS=Homo sapiens GN=ITGB1	3688	3	0.07	0.11	-0.174864	0.940286	5	0.767037	27634	0.00022	0.833333	0.	0.99972	0.00028
121421	LNP1	348801	sp|O60613|SEP15_HUMAN	SEP15	 15 kDa selenoprotein OS=Homo sapiens GN=SEP15 PE=1 SV=3	9403	3	0.05	0.9	0.906279	0.979869	3	0.73117	15929	0.00038	0.5	0.	0.99998	0.00002
121446	ATAT1	79969	sp|P24534|EF1B_HUMAN	EEF1B2	 Elongation factor 1-beta OS=Homo sapiens GN=EEF1B2 PE=1 SV=3	1933	3	0.04	-0.24	-0.533947	1.	4	0.999317	44942	0.00013	0.666667	0.	0.99887	0.00113
121421	LNP1	348801	sp|P25789|PSA4_HUMAN	PSMA4	 Proteasome subunit alpha type-4 OS=Homo sapiens GN=PSMA4 PE=1 SV=1	5685	2	0.07	-0.1	-0.066565	1.	2	0.967549	30985	0.00013	0.5	0.	0.99922	0.00078
121421	LNP1	348801	sp|P78417|GSTO1_HUMAN	GSTO1	 Glutathione S-transferase omega-1 OS=Homo sapiens GN=GSTO1 PE=1 SV=2	9446	2	0.03	-0.75	-0.761694	1.	3	0.953544	38556	0.0001	0.75	0.	0.99981	0.00019
121421	LNP1	348801	sp|P31948|STIP1_HUMAN	STIP1	 Stress-induced-phosphoprotein 1 OS=Homo sapiens GN=STIP1 PE=1 SV=1	10963	3	0.11	0.28	1.3977	0.979869	3	0.556277	19455	0.00031	0.5	0.	0.99984	0.00016
121421	LNP1	348801	sp|P56537|IF6_HUMAN	EIF6	 Eukaryotic translation initiation factor 6 OS=Homo sapiens GN=EIF6 PE=1 SV=1	3692	3	0.04	0.22	0.480186	0.979869	3	0.979334	30852	0.00019	0.5	0.	0.99866	0.00134
121421	LNP1	348801	sp|Q01518-2|CAP1_HUMAN	CAP1	 Isoform 2 of Adenylyl cyclase-associated protein 1 OS=Homo sapiens GN=CAP1	10487	2	0.1	-0.1	-0.728879	0.954434	2	0.828352	34370	0.00012	0.5	0.	0.99996	0.00004
121421	LNP1	348801	sp|O14744|ANM5_HUMAN	PRMT5	 Protein arginine N-methyltransferase 5 OS=Homo sapiens GN=PRMT5 PE=1 SV=4	10419	2	0.04	-0.5	-0.189303	0.954434	3	0.964133	60744	0.00007	0.75	0.	0.99929	0.00071
121421	LNP1	348801	sp|Q13838-2|DX39B_HUMAN	DDX39B	 Isoform 2 of Spliceosome RNA helicase DDX39B OS=Homo sapiens GN=DDX39B	7919	6	0.08	0.81	0.32434	0.982859	6	0.630914	37671	0.00032	0.5	0.	0.99974	0.00026
121421	LNP1	348801	sp|P45880-1|VDAC2_HUMAN	VDAC2	 Isoform 1 of Voltage-dependent anion-selective channel protein 2 OS=Homo sapiens GN=VDAC2	7417	2	0.04	-0.01	0.243736	0.954434	3	0.726046	22208	0.00018	0.75	0.	0.99998	0.00002
121421	LNP1	348801	sp|P50914|RL14_HUMAN	RPL14	 60S ribosomal protein L14 OS=Homo sapiens GN=RPL14 PE=1 SV=4	9045	3	0.04	0.39	0.0446126	1.	3	0.966866	27167	0.00022	0.5	0.	0.99967	0.00033
121421	LNP1	348801	sp|O60568|PLOD3_HUMAN	PLOD3	 Procollagen-lysine,2-oxoglutarate 5-dioxygenase 3 OS=Homo sapiens GN=PLOD3 PE=1 SV=1	8985	4	0.04	-0.44	-0.0863299	0.988699	6	0.991119	81790	0.0001	0.75	0.	0.99997	0.00003
121446	ATAT1	79969	sp|P54819-2|KAD2_HUMAN	AK2	 Isoform 2 of Adenylate kinase 2, mitochondrial OS=Homo sapiens GN=AK2	204	3	0.04	-0.19	-0.179292	0.979869	3	0.947908	39128	0.00015	0.5	0.	0.99797	0.00203
121421	LNP1	348801	sp|Q6L8Q7-2|PDE12_HUMAN	PDE12	 Isoform 2 of 2',5'-phosphodiesterase 12 OS=Homo sapiens GN=PDE12	201626	3	0.04	-0.04	0.0275153	0.979869	3	0.962767	35084	0.00017	0.5	0.	1.	0.
121421	LNP1	348801	sp|P54819-2|KAD2_HUMAN	AK2	 Isoform 2 of Adenylate kinase 2, mitochondrial OS=Homo sapiens GN=AK2	204	5	0.05	0.71	0.692559	0.992774	5	0.947908	39128	0.00026	0.5	0.	0.99915	0.00085
121421	LNP1	348801	sp|P62750|RL23A_HUMAN	RPL23A	 60S ribosomal protein L23a OS=Homo sapiens GN=RPL23A PE=1 SV=1	6147	2	0.03	-0.57	-0.1904	0.954434	2	0.963792	47459	0.00008	0.5	0.	0.99969	0.00031
121421	LNP1	348801	sp|Q86V81|THOC4_HUMAN	THOC4	 THO complex subunit 4 OS=Homo sapiens GN=THOC4 PE=1 SV=3	10189	2	0.03	-0.73	-0.1674	1.	3	0.948591	42499	0.00009	0.75	0.	0.99977	0.00023
121421	LNP1	348801	sp|Q96AE4-2|FUBP1_HUMAN	FUBP1	 Isoform 2 of Far upstream element-binding protein 1 OS=Homo sapiens GN=FUBP1	8880	2	0.04	-0.23	0.961103	1.	3	0.702818	29614	0.00014	0.75	0.	0.99995	0.00005
121421	LNP1	348801	sp|Q9H5V9|CX056_HUMAN	CXorf56	 UPF0428 protein CXorf56 OS=Homo sapiens GN=CXorf56 PE=1 SV=1	63932	2	0.03	-0.11	0.417179	0.954434	2	0.929974	24301	0.00016	0.5	0.	0.99993	0.00007
121421	LNP1	348801	sp|Q02543|RL18A_HUMAN	RPL18A	 60S ribosomal protein L18a OS=Homo sapiens GN=RPL18A PE=1 SV=2	6142	3	0.04	-0.16	0.0145351	1.	3	0.951153	39906	0.00015	0.5	0.	0.99912	0.00088
121421	LNP1	348801	sp|P61353|RL27_HUMAN	RPL27	 60S ribosomal protein L27 OS=Homo sapiens GN=RPL27 PE=1 SV=2	6155	4	0.04	-0.33	0.0982026	0.988699	4	0.983775	57223	0.00014	0.5	0.	0.99906	0.00094
121421	LNP1	348801	sp|Q16181-2|SEPT7_HUMAN	SEPT7	 Isoform 2 of Septin-7 OS=Homo sapiens GN=SEPT7	989	2	0.14	-0.04	1.40982	0.954434	2	0.799146	29595	0.00014	0.5	0.	0.99988	0.00012
121421	LNP1	348801	sp|P18669|PGAM1_HUMAN	PGAM1	 Phosphoglycerate mutase 1 OS=Homo sapiens GN=PGAM1 PE=1 SV=2	5223	7	0.06	-0.34	-0.45156	0.996317	8	0.990777	103711	0.00013	0.571429	0.	0.99987	0.00013
121446	ATAT1	79969	sp|P11766|ADHX_HUMAN	ADH5	 Alcohol dehydrogenase class-3 OS=Homo sapiens GN=ADH5 PE=1 SV=4	128	2	0.03	-0.11	-0.503942	0.954434	2	0.889325	24114	0.00017	0.5	0.	0.99988	0.00012
121421	LNP1	348801	sp|P07814|SYEP_HUMAN	EPRS	 Bifunctional aminoacyl-tRNA synthetase OS=Homo sapiens GN=EPRS PE=1 SV=5	2058	3	0.09	-0.19	-0.170268	0.940286	5	0.919044	62792	0.0001	0.833333	0.	0.99983	0.00017
121421	LNP1	348801	sp|O15143|ARC1B_HUMAN	ARPC1B	 Actin-related protein 2/3 complex subunit 1B OS=Homo sapiens GN=ARPC1B PE=1 SV=3	10095	1	0.03	-0.61	-1.33361	1.	2	0.878736	42479	0.00005	1.	0.	0.99979	0.00021
121421	LNP1	348801	sp|Q8N163-2|K1967_HUMAN	KIAA1967	 Isoform 2 of Protein KIAA1967 OS=Homo sapiens GN=KIAA1967	57805	3	0.05	-0.37	-0.0448223	1.	6	0.900769	67965	0.00009	1.	0.	0.99996	0.00004
121421	LNP1	348801	sp|Q9ULX6|AKP8L_HUMAN	AKAP8L	 A-kinase anchor protein 8-like OS=Homo sapiens GN=AKAP8L PE=1 SV=3	26993	4	0.09	1.23	1.21698	0.988699	5	0.470709	13595	0.00059	0.625	0.	0.99994	0.00006
121421	LNP1	348801	sp|Q9Y3F4|STRAP_HUMAN	STRAP	 Serine-threonine kinase receptor-associated protein OS=Homo sapiens GN=STRAP PE=1 SV=1	11171	4	0.04	-0.87	-1.25574	0.988699	4	0.999488	102498	0.00008	0.5	0.	0.9996	0.0004
121421	LNP1	348801	sp|P12532-2|KCRU_HUMAN	CKMT1A	 Isoform 2 of Creatine kinase U-type, mitochondrial OS=Homo sapiens GN=CKMT1A	548596	3	0.06	-0.05	0.571297	0.979869	3	0.909821	36970	0.00016	0.5	0.	0.99996	0.00004
121421	LNP1	348801	sp|P47756-2|CAPZB_HUMAN	CAPZB	 Isoform 2 of F-actin-capping protein subunit beta OS=Homo sapiens GN=CAPZB	832	2	0.04	-0.39	-0.352798	0.881291	3	0.984799	45829	0.00009	0.75	0.	0.99988	0.00012
121421	LNP1	348801	sp|Q96CT7|CC124_HUMAN	CCDC124	 Coiled-coil domain-containing protein 124 OS=Homo sapiens GN=CCDC124 PE=1 SV=1	115098	4	0.05	-0.32	0.629054	0.988699	4	0.94415	57598	0.00014	0.5	0.	1.	0.
121421	LNP1	348801	sp|P29692-2|EF1D_HUMAN	EEF1D	 Isoform 2 of Elongation factor 1-delta OS=Homo sapiens GN=EEF1D	1936	4	0.04	-0.13	0.451994	0.988699	5	0.996584	54846	0.00015	0.625	0.	0.99951	0.00049
121457	ADI1	55256	sp|P45974-2|UBP5_HUMAN	USP5	 Isoform Short of Ubiquitin carboxyl-terminal hydrolase 5 OS=Homo sapiens GN=USP5	8078	2	0.04	-0.38	-0.868678	0.954434	3	0.847652	33832	0.00012	0.75	0.	0.99999	0.00001
121446	ATAT1	79969	sp|Q9UK99-2|FBX3_HUMAN	FBXO3	 Isoform 2 of F-box only protein 3 OS=Homo sapiens GN=FBXO3	26273	2	0.04	0.17	0.0461032	0.881291	3	0.791289	17823	0.00022	0.75	0.	0.99998	0.00002
121421	LNP1	348801	sp|Q8NBJ5|GT251_HUMAN	GLT25D1	 Procollagen galactosyltransferase 1 OS=Homo sapiens GN=GLT25D1 PE=1 SV=1	79709	2	0.06	-0.2	-0.111482	0.954434	3	0.86012	34551	0.00012	0.75	0.	0.99994	0.00006
121421	LNP1	348801	sp|P61289-2|PSME3_HUMAN	PSME3	 Isoform 2 of Proteasome activator complex subunit 3 OS=Homo sapiens GN=PSME3	10197	3	0.19	0.5	0.594453	0.979869	3	0.433476	11067	0.00054	0.5	0.	0.99932	0.00068
121421	LNP1	348801	sp|P04080|CYTB_HUMAN	CSTB	 Cystatin-B OS=Homo sapiens GN=CSTB PE=1 SV=2	1476	3	0.04	0.68	1.21731	0.979869	3	0.962596	24742	0.00024	0.5	0.	0.99992	0.00008
121421	LNP1	348801	sp|P26373|RL13_HUMAN	RPL13	 60S ribosomal protein L13 OS=Homo sapiens GN=RPL13 PE=1 SV=4	6137	2	0.03	-0.91	-0.664966	0.954434	3	0.991973	54655	0.00007	0.75	0.	0.99985	0.00015
121421	LNP1	348801	sp|P07737|PROF1_HUMAN	PFN1	 Profilin-1 OS=Homo sapiens GN=PFN1 PE=1 SV=2	5216	7	0.06	-0.77	-0.71878	0.966619	7	1.	105146	0.00013	0.5	0.	0.99969	0.00031
121421	LNP1	348801	sp|Q8NE71-2|ABCF1_HUMAN	ABCF1	 Isoform 2 of ATP-binding cassette sub-family F member 1 OS=Homo sapiens GN=ABCF1	23	3	0.06	-0.03	1.5477	0.979869	4	0.662511	35139	0.00017	0.666667	0.	1.	0.
121421	LNP1	348801	sp|Q8WUM4|PDC6I_HUMAN	PDCD6IP	 Programmed cell death 6-interacting protein OS=Homo sapiens GN=PDCD6IP PE=1 SV=1	10015	2	0.04	-0.46	-0.0505973	0.954434	2	0.840478	38879	0.0001	0.5	0.	0.99931	0.00069
121421	LNP1	348801	sp|Q969H8|CS010_HUMAN	C19orf10	 UPF0556 protein C19orf10 OS=Homo sapiens GN=C19orf10 PE=1 SV=1	56005	3	0.04	0.09	-0.393885	0.979869	3	0.980871	33463	0.00018	0.5	0.	0.99998	0.00002
121421	LNP1	348801	sp|Q9Y265-2|RUVB1_HUMAN	RUVBL1	 Isoform 2 of RuvB-like 1 OS=Homo sapiens GN=RUVBL1	8607	4	0.04	-0.68	-0.870426	0.964079	5	0.988557	116459	0.00007	0.625	0.	0.99873	0.00127
121421	LNP1	348801	sp|P16278-2|BGAL_HUMAN	GLB1	 Isoform 2 of Beta-galactosidase OS=Homo sapiens GN=GLB1	2720	2	0.09	0.67	1.38693	0.954434	2	0.434671	7438	0.00054	0.5	0.	0.99958	0.00042
121446	ATAT1	79969	sp|P55735|SEC13_HUMAN	SEC13	 Protein SEC13 homolog OS=Homo sapiens GN=SEC13 PE=1 SV=3	6396	2	0.04	0.76	1.75717	1.	4	0.773868	10100	0.0004	1.	0.	0.99924	0.00076
121421	LNP1	348801	sp|P46776|RL27A_HUMAN	RPL27A	 60S ribosomal protein L27a OS=Homo sapiens GN=RPL27A PE=1 SV=2	6157	2	0.03	-0.25	-0.15516	0.954434	2	0.963108	26890	0.00015	0.5	0.	0.99926	0.00074
121421	LNP1	348801	sp|P30044-2|PRDX5_HUMAN	PRDX5	 Isoform Cytoplasmic+peroxisomal of Peroxiredoxin-5, mitochondrial OS=Homo sapiens GN=PRDX5	25824	4	0.04	-0.11	-0.0948241	1.	5	0.985141	48773	0.00016	0.625	0.	0.99998	0.00002
121421	LNP1	348801	sp|Q9BRA2|TXD17_HUMAN	TXNDC17	 Thioredoxin domain-containing protein 17 OS=Homo sapiens GN=TXNDC17 PE=1 SV=1	84817	2	0.03	0.65	0.161333	0.954434	2	0.897353	15864	0.00025	0.5	0.	1.	0.
121421	LNP1	348801	sp|P43487|RANG_HUMAN	RANBP1	 Ran-specific GTPase-activating protein OS=Homo sapiens GN=RANBP1 PE=1 SV=1	5902	1	0.03	-0.1	0.270081	1.	2	0.779334	10884	0.00018	1.	0.	0.9999	0.0001
121421	LNP1	348801	sp|P36957|ODO2_HUMAN	DLST	 Dihydrolipoyllysine-residue succinyltransferase component of 2-oxoglutarate dehydrogenase complex, mitochondrial OS=Homo sapiens GN=DLST PE=1 SV=4	1743	3	0.04	-0.58	-0.395006	0.940286	4	0.988898	50311	0.00012	0.666667	0.	0.99962	0.00038
121421	LNP1	348801	sp|Q8TAQ2-2|SMRC2_HUMAN	SMARCC2	 Isoform 2 of SWI/SNF complex subunit SMARCC2 OS=Homo sapiens GN=SMARCC2	6601	2	0.08	-0.06	0.743671	1.	2	0.717506	27874	0.00014	0.5	0.	0.99976	0.00024
121421	LNP1	348801	sp|P60866|RS20_HUMAN	RPS20	 40S ribosomal protein S20 OS=Homo sapiens GN=RPS20 PE=1 SV=1	6224	2	0.03	-0.92	-0.225116	1.	2	0.998121	40054	0.0001	0.5	0.	0.9983	0.0017
121421	LNP1	348801	sp|P31153|METK2_HUMAN	MAT2A	 S-adenosylmethionine synthase isoform type-2 OS=Homo sapiens GN=MAT2A PE=1 SV=1	4144	3	0.04	-0.33	-0.627288	0.979869	3	0.996584	47571	0.00013	0.5	0.	0.99982	0.00018
121421	LNP1	348801	sp|Q9Y230|RUVB2_HUMAN	RUVBL2	 RuvB-like 2 OS=Homo sapiens GN=RUVBL2 PE=1 SV=3	10856	4	0.04	-0.53	-0.651515	0.852405	6	0.988898	103268	0.00008	0.75	0.	0.99908	0.00092
121421	LNP1	348801	sp|O43823|AKAP8_HUMAN	AKAP8	 A-kinase anchor protein 8 OS=Homo sapiens GN=AKAP8 PE=1 SV=1	10270	2	0.05	0.27	1.84718	0.954434	2	0.609223	15911	0.00025	0.5	0.	0.99999	0.00001
121446	ATAT1	79969	sp|P62750|RL23A_HUMAN	RPL23A	 60S ribosomal protein L23a OS=Homo sapiens GN=RPL23A PE=1 SV=1	6147	2	0.03	-0.57	-0.1904	0.881291	3	0.963792	47459	0.00008	0.75	0.	0.99969	0.00031
121421	LNP1	348801	sp|P15880|RS2_HUMAN	RPS2	 40S ribosomal protein S2 OS=Homo sapiens GN=RPS2 PE=1 SV=2	6187	2	0.06	-0.23	-0.0260345	0.954434	2	0.960205	42410	0.00009	0.5	0.	0.99984	0.00016
121421	LNP1	348801	sp|P54136-2|SYRC_HUMAN	RARS	 Isoform Monomeric of Arginyl-tRNA synthetase, cytoplasmic OS=Homo sapiens GN=RARS	5917	3	0.07	0.05	0.851114	0.979869	4	0.813322	31524	0.00019	0.666667	0.	0.99924	0.00076
121421	LNP1	348801	sp|Q15233|NONO_HUMAN	NONO	 Non-POU domain-containing octamer-binding protein OS=Homo sapiens GN=NONO PE=1 SV=4	4841	3	0.04	-0.02	0.986989	0.979869	3	0.876345	34515	0.00017	0.5	0.	0.99994	0.00006
121421	LNP1	348801	sp|P40429|RL13A_HUMAN	RPL13A	 60S ribosomal protein L13a OS=Homo sapiens GN=RPL13A PE=1 SV=2	23521	2	0.03	-0.46	-0.0964138	0.954434	3	0.955423	38050	0.00011	0.75	0.	0.99974	0.00026
121421	LNP1	348801	sp|P62805|H4_HUMAN	HIST2H4A	 Histone H4 OS=Homo sapiens GN=HIST1H4A PE=1 SV=2	8370	2	0.04	-0.17	0.338587	0.954434	2	0.878224	27668	0.00014	0.5	0.	0.99986	0.00014
121421	LNP1	348801	sp|P83731|RL24_HUMAN	RPL24	 60S ribosomal protein L24 OS=Homo sapiens GN=RPL24 PE=1 SV=1	6152	2	0.03	-1.02	-0.789502	1.	3	0.998463	38188	0.0001	0.75	0.	0.99935	0.00065
121421	LNP1	348801	sp|Q9NV79|PCMD2_HUMAN	PCMTD2	 Protein-L-isoaspartate O-methyltransferase domain-containing protein 2 OS=Homo sapiens GN=PCMTD2 PE=2 SV=2	55251	3	0.04	-0.58	-0.095264	0.979869	4	0.946541	52639	0.00011	0.666667	0.	0.99999	0.00001
121421	LNP1	348801	sp|O95881|TXD12_HUMAN	TXNDC12	 Thioredoxin domain-containing protein 12 OS=Homo sapiens GN=TXNDC12 PE=1 SV=1	51060	2	0.03	0.18	5.	0.954434	2	0.889496	19400	0.00021	0.5	0.	0.99954	0.00046
121421	LNP1	348801	sp|Q9NPH2-2|INO1_HUMAN	ISYNA1	 Isoform 2 of Inositol-3-phosphate synthase 1 OS=Homo sapiens GN=ISYNA1	51477	1	0.02	-1.29	-1.81673	1.	2	0.956447	40746	0.00005	1.	0.	1.	0.
121421	LNP1	348801	sp|P62913-2|RL11_HUMAN	RPL11	 Isoform 2 of 60S ribosomal protein L11 OS=Homo sapiens GN=RPL11	6135	2	0.03	-0.33	-0.0134297	0.881291	2	0.995047	30199	0.00013	0.5	0.	0.99889	0.00111
121446	ATAT1	79969	sp|O43684-2|BUB3_HUMAN	BUB3	 Isoform 2 of Mitotic checkpoint protein BUB3 OS=Homo sapiens GN=BUB3	9184	2	0.03	-0.4	0.236413	0.954434	2	0.921435	29841	0.00013	0.5	0.	0.99941	0.00059
121421	LNP1	348801	sp|Q9Y2S7|PDIP2_HUMAN	POLDIP2	 Polymerase delta-interacting protein 2 OS=Homo sapiens GN=POLDIP2 PE=1 SV=1	26073	3	0.04	-0.38	-0.171554	0.979869	3	0.968915	47862	0.00013	0.5	0.	0.99949	0.00051
121421	LNP1	348801	sp|P51659|DHB4_HUMAN	HSD17B4	 Peroxisomal multifunctional enzyme type 2 OS=Homo sapiens GN=HSD17B4 PE=1 SV=3	3295	2	0.04	-0.34	-0.081094	1.	3	0.812297	32334	0.00012	0.75	0.	0.99997	0.00003
121421	LNP1	348801	sp|Q9UHD8-2|SEPT9_HUMAN	SEPT9	 Isoform 2 of Septin-9 OS=Homo sapiens GN=SEPT9	10801	1	0.06	-0.25	0.0474936	1.	2	0.865585	35354	0.00006	1.	0.	0.99991	0.00009
121421	LNP1	348801	sp|P15104|GLNA_HUMAN	GLUL	 Glutamine synthetase OS=Homo sapiens GN=GLUL PE=1 SV=4	2752	3	1.11	6.	4.62022	0.811278	2	0.0351836	571	0.01051	0.333333	0.00044	0.10716	0.8924
121421	LNP1	348801	sp|Q9Y5L4|TIM13_HUMAN	TIMM13	 Mitochondrial import inner membrane translocase subunit Tim13 OS=Homo sapiens GN=TIMM13 PE=1 SV=1	26517	2	0.04	0.37	0.879304	0.954434	2	0.85807	16846	0.00024	0.5	0.	0.99989	0.00011
121421	LNP1	348801	sp|P84098|RL19_HUMAN	RPL19	 60S ribosomal protein L19 OS=Homo sapiens GN=RPL19 PE=1 SV=1	6143	2	0.04	-0.17	0.213411	1.	2	0.878224	26375	0.00015	0.5	0.	0.99972	0.00028
121421	LNP1	348801	sp|P23246-2|SFPQ_HUMAN	SFPQ	 Isoform Short of Splicing factor, proline- and glutamine-rich OS=Homo sapiens GN=SFPQ	6421	3	0.04	0.47	1.30672	0.979869	3	0.894278	24364	0.00025	0.5	0.	0.99992	0.00008
121421	LNP1	348801	sp|Q14011|CIRBP_HUMAN	CIRBP	 Cold-inducible RNA-binding protein OS=Homo sapiens GN=CIRBP PE=1 SV=1	1153	1	0.02	-1.2	-0.277885	1.	2	0.96123	29363	0.00007	1.	0.	0.99991	0.00009
121421	LNP1	348801	sp|Q14444-2|CAPR1_HUMAN	CAPRIN1	 Isoform 2 of Caprin-1 OS=Homo sapiens GN=CAPRIN1	4076	4	0.04	-1.09	-0.606863	0.988699	4	0.999317	95297	0.00008	0.5	0.	0.99977	0.00023
121421	LNP1	348801	sp|P07305|H10_HUMAN	H1F0	 Histone H1.0 OS=Homo sapiens GN=H1F0 PE=1 SV=3	3005	2	0.04	0.19	1.09702	0.954434	2	0.808027	18683	0.00021	0.5	0.	0.99998	0.00002
121446	ATAT1	79969	sp|P10644|KAP0_HUMAN	PRKAR1A	 cAMP-dependent protein kinase type I-alpha regulatory subunit OS=Homo sapiens GN=PRKAR1A PE=1 SV=1	5573	3	0.06	0.17	1.12438	0.979869	3	0.867464	26264	0.00023	0.5	0.	0.99995	0.00005
121421	LNP1	348801	sp|P05091|ALDH2_HUMAN	ALDH2	 Aldehyde dehydrogenase, mitochondrial OS=Homo sapiens GN=ALDH2 PE=1 SV=2	217	2	0.06	0.25	0.248402	1.	3	0.538002	15866	0.00025	0.75	0.	0.99998	0.00002
121421	LNP1	348801	sp|Q9H773|DCTP1_HUMAN	DCTPP1	 dCTP pyrophosphatase 1 OS=Homo sapiens GN=DCTPP1 PE=1 SV=1	79077	5	0.06	2.11	0.672667	1.	4	0.861657	19835	0.0005	0.4	0.	0.99979	0.00021
121421	LNP1	348801	sp|P23588|IF4B_HUMAN	EIF4B	 Eukaryotic translation initiation factor 4B OS=Homo sapiens GN=EIF4B PE=1 SV=2	1975	1	0.03	-0.55	0.331806	1.	2	0.821862	22772	0.00009	1.	0.	0.99991	0.00009
121421	LNP1	348801	sp|P62424|RL7A_HUMAN	RPL7A	 60S ribosomal protein L7a OS=Homo sapiens GN=RPL7A PE=1 SV=2	6130	3	0.04	-0.95	-0.482267	1.	3	0.984799	85316	0.00007	0.5	0.	0.9995	0.0005
121421	LNP1	348801	sp|P10253|LYAG_HUMAN	GAA	 Lysosomal alpha-glucosidase OS=Homo sapiens GN=GAA PE=1 SV=4	2548	3	0.04	-0.23	-0.518547	0.979869	4	0.905038	42789	0.00014	0.666667	0.	0.99984	0.00016
121421	LNP1	348801	sp|P07954-2|FUMH_HUMAN	FH	 Isoform Cytoplasmic of Fumarate hydratase, mitochondrial OS=Homo sapiens GN=FH	2271	2	0.03	-0.5	-0.526942	1.	3	0.9076	33958	0.00012	0.75	0.	0.99977	0.00023
121421	LNP1	348801	sp|P28066|PSA5_HUMAN	PSMA5	 Proteasome subunit alpha type-5 OS=Homo sapiens GN=PSMA5 PE=1 SV=3	5686	2	0.05	-0.29	-0.868519	1.	3	0.994022	44786	0.00009	0.75	0.	0.99914	0.00086
121421	LNP1	348801	sp|Q15365|PCBP1_HUMAN	PCBP1	 Poly(rC)-binding protein 1 OS=Homo sapiens GN=PCBP1 PE=1 SV=2	5093	2	0.03	-0.83	-0.0186024	0.954434	3	0.96345	44281	0.00009	0.75	0.	0.99953	0.00047
121421	LNP1	348801	sp|Q96PK6|RBM14_HUMAN	RBM14	 RNA-binding protein 14 OS=Homo sapiens GN=RBM14 PE=1 SV=2	10432	5	0.05	-0.75	-0.0778266	0.976021	6	0.996584	96735	0.0001	0.6	0.	0.9998	0.0002
121421	LNP1	348801	sp|P62917|RL8_HUMAN	RPL8	 60S ribosomal protein L8 OS=Homo sapiens GN=RPL8 PE=1 SV=2	6132	3	0.04	-0.4	-0.0685451	0.979869	2	0.982921	50128	0.00012	0.333333	0.	0.99743	0.00257
121446	ATAT1	79969	sp|P62424|RL7A_HUMAN	RPL7A	 60S ribosomal protein L7a OS=Homo sapiens GN=RPL7A PE=1 SV=2	6130	4	0.04	-0.73	-0.257451	0.852405	8	0.984799	85316	0.00009	1.	0.	0.99944	0.00056
121421	LNP1	348801	sp|P28074|PSB5_HUMAN	PSMB5	 Proteasome subunit beta type-5 OS=Homo sapiens GN=PSMB5 PE=1 SV=3	5693	2	0.06	-0.28	-1.18346	0.881291	3	0.990436	56211	0.00007	0.75	0.	0.99964	0.00036
121421	LNP1	348801	sp|P42126-2|ECI1_HUMAN	ECI1	 Isoform 2 of Enoyl-CoA delta isomerase 1, mitochondrial OS=Homo sapiens GN=ECI1	1632	2	0.03	-0.06	-0.186469	0.954434	2	0.899573	22879	0.00017	0.5	0.	0.99998	0.00002
121421	LNP1	348801	sp|P07741|APT_HUMAN	APRT	 Adenine phosphoribosyltransferase OS=Homo sapiens GN=APRT PE=1 SV=2	353	2	0.04	0.26	-0.35958	0.881291	3	0.76994	16211	0.00025	0.75	0.	0.99944	0.00056
121421	LNP1	348801	sp|Q9Y3U8|RL36_HUMAN	RPL36	 60S ribosomal protein L36 OS=Homo sapiens GN=RPL36 PE=1 SV=3	25873	2	0.04	-0.11	0.417535	0.954434	2	0.835013	24964	0.00016	0.5	0.	0.99985	0.00015
121421	LNP1	348801	sp|P62857|RS28_HUMAN	RPS28	 40S ribosomal protein S28 OS=Homo sapiens GN=RPS28 PE=1 SV=1	6234	2	0.03	-0.97	-0.800791	1.	2	0.998975	41335	0.0001	0.5	0.	0.99943	0.00057
121421	LNP1	348801	sp|Q5RKV6|EXOS6_HUMAN	EXOSC6	 Exosome complex component MTR3 OS=Homo sapiens GN=EXOSC6 PE=1 SV=1	118460	1	0.04	-0.11	2.79607	1.	2	0.679761	12541	0.00016	1.	0.	0.99966	0.00034
121421	LNP1	348801	sp|Q9NQC3-2|RTN4_HUMAN	RTN4	 Isoform 2 of Reticulon-4 OS=Homo sapiens GN=RTN4	57142	1	0.12	0.14	-0.198935	1.	2	0.353202	7464	0.00027	1.	0.	0.99983	0.00017
121421	LNP1	348801	sp|Q13200|PSMD2_HUMAN	PSMD2	 26S proteasome non-ATPase regulatory subunit 2 OS=Homo sapiens GN=PSMD2 PE=1 SV=3	5708	3	0.06	-0.4	-0.767719	0.940286	5	0.966524	104355	0.00006	0.833333	0.	0.99774	0.00226
121421	LNP1	348801	sp|Q06203|PUR1_HUMAN	PPAT	 Amidophosphoribosyltransferase OS=Homo sapiens GN=PPAT PE=1 SV=1	5471	1	0.03	-0.13	-0.408481	1.	2	0.658241	11372	0.00018	1.	0.	0.99994	0.00006
121421	LNP1	348801	sp|P35232|PHB_HUMAN	PHB	 Prohibitin OS=Homo sapiens GN=PHB PE=1 SV=1	5245	3	0.04	-0.25	0.767755	1.	3	0.90743	42822	0.00014	0.5	0.	0.99996	0.00004
121446	ATAT1	79969	sp|Q02543|RL18A_HUMAN	RPL18A	 60S ribosomal protein L18a OS=Homo sapiens GN=RPL18A PE=1 SV=2	6142	4	0.05	0.18	0.375005	0.964079	5	0.951153	39906	0.0002	0.625	0.	0.99935	0.00065
121421	LNP1	348801	sp|Q16881-2|TRXR1_HUMAN	TXNRD1	 Isoform 2 of Thioredoxin reductase 1, cytoplasmic OS=Homo sapiens GN=TXNRD1	7296	2	0.04	-0.03	-0.021549	1.	2	0.844236	22183	0.00018	0.5	0.	0.99998	0.00002
121421	LNP1	348801	sp|P62854|RS26_HUMAN	RPS26	 40S ribosomal protein S26 OS=Homo sapiens GN=RPS26 PE=1 SV=3	6231	2	0.03	-0.08	0.0379382	0.954434	2	0.937831	23565	0.00017	0.5	0.	0.99991	0.00009
121421	LNP1	348801	sp|Q96EY4|CD043_HUMAN	C4orf43	 UPF0534 protein C4orf43 OS=Homo sapiens GN=C4orf43 PE=1 SV=2	55319	2	0.05	0.97	2.41091	0.954434	2	0.662681	10082	0.0004	0.5	0.	0.99998	0.00002
121421	LNP1	348801	sp|P62861|RS30_HUMAN	FAU	 40S ribosomal protein S30 OS=Homo sapiens GN=FAU PE=1 SV=1	2197	3	0.04	0.23	0.932553	1.	3	0.996413	31654	0.00019	0.5	0.	0.99843	0.00157
121421	LNP1	348801	sp|Q04446|GLGB_HUMAN	GBE1	 1,4-alpha-glucan-branching enzyme OS=Homo sapiens GN=GBE1 PE=1 SV=2	2632	2	0.03	-0.53	-0.435762	0.954434	2	0.906063	35994	0.00011	0.5	0.	0.99998	0.00002
121421	LNP1	348801	sp|O60841|IF2P_HUMAN	EIF5B	 Eukaryotic translation initiation factor 5B OS=Homo sapiens GN=EIF5B PE=1 SV=4	9669	2	0.06	0.12	3.22972	0.881291	3	0.499402	18360	0.00022	0.75	0.	0.99934	0.00066
121421	LNP1	348801	sp|P02545|LMNA_HUMAN	LMNA	 Prelamin-A/C OS=Homo sapiens GN=LMNA PE=1 SV=1	4000	5	0.05	-1.21	-0.461301	0.934068	7	0.996926	158434	0.00006	0.7	0.	0.99889	0.00111
121421	LNP1	348801	sp|P25786-2|PSA1_HUMAN	PSMA1	 Isoform Long of Proteasome subunit alpha type-1 OS=Homo sapiens GN=PSMA1	5682	2	0.08	-0.19	-0.667123	0.954434	2	0.941247	41905	0.0001	0.5	0.	0.99937	0.00063
121421	LNP1	348801	sp|O75347|TBCA_HUMAN	TBCA	 Tubulin-specific chaperone A OS=Homo sapiens GN=TBCA PE=1 SV=3	6902	3	0.04	0.04	0.247926	0.979869	4	0.919214	33340	0.00018	0.666667	0.	0.99997	0.00003
121421	LNP1	348801	sp|P18085|ARF4_HUMAN	ARF4	 ADP-ribosylation factor 4 OS=Homo sapiens GN=ARF4 PE=1 SV=3	378	1	0.06	-0.23	-0.514138	1.	2	0.666781	25803	0.00008	1.	0.	0.99998	0.00002
121446	ATAT1	79969	sp|P61353|RL27_HUMAN	RPL27	 60S ribosomal protein L27 OS=Homo sapiens GN=RPL27 PE=1 SV=2	6155	5	0.05	0.03	0.549207	0.934068	5	0.983775	57223	0.00017	0.5	0.	0.99881	0.00119
121421	LNP1	348801	sp|Q9Y2B0|CNPY2_HUMAN	CNPY2	 Protein canopy homolog 2 OS=Homo sapiens GN=CNPY2 PE=1 SV=1	10330	2	0.03	0.04	0.539112	0.954434	2	0.925705	21575	0.00019	0.5	0.	0.99999	0.00001
121421	LNP1	348801	sp|P28072|PSB6_HUMAN	PSMB6	 Proteasome subunit beta type-6 OS=Homo sapiens GN=PSMB6 PE=1 SV=4	5694	2	0.09	0.02	0.493691	0.954434	2	0.917165	20380	0.0002	0.5	0.	0.99972	0.00028
121421	LNP1	348801	sp|P62244|RS15A_HUMAN	RPS15A	 40S ribosomal protein S15a OS=Homo sapiens GN=RPS15A PE=1 SV=2	6210	1	0.02	-1.16	-0.607513	1.	2	0.981896	35287	0.00006	1.	0.	0.99985	0.00015
121421	LNP1	348801	sp|P61313|RL15_HUMAN	RPL15	 60S ribosomal protein L15 OS=Homo sapiens GN=RPL15 PE=1 SV=2	6138	2	0.03	-0.6	-0.277365	1.	2	0.977626	43808	0.00009	0.5	0.	0.99945	0.00055
121421	LNP1	348801	sp|P04632|CPNS1_HUMAN	CAPNS1	 Calpain small subunit 1 OS=Homo sapiens GN=CAPNS1 PE=1 SV=1	826	2	0.04	0.38	0.420883	0.954434	2	0.787361	15469	0.00026	0.5	0.	0.99995	0.00005
121409	MCEE	84693	sp|Q15393|SF3B3_HUMAN	SF3B3	 Splicing factor 3B subunit 3 OS=Homo sapiens GN=SF3B3 PE=1 SV=4	23450	15	0.13	0.7	1.11158	0.999198	18	0.952007	83149	0.00036	0.6	0.	0.99767	0.00233
121409	MCEE	84693	sp|O15144|ARPC2_HUMAN	ARPC2	 Actin-related protein 2/3 complex subunit 2 OS=Homo sapiens GN=ARPC2 PE=1 SV=1	10109	6	0.13	0.12	0.395394	0.994985	7	0.725705	53680	0.00022	0.583333	0.	0.99937	0.00063
121409	MCEE	84693	sp|Q92734|TFG_HUMAN	TFG	 Protein TFG OS=Homo sapiens GN=TFG PE=1 SV=2	10342	46	0.15	-0.55	-0.426638	0.99582	24	0.999829	743126	0.00012	0.26087	0.	0.983	0.017
121409	MCEE	84693	sp|Q15149-2|PLEC_HUMAN	PLEC	 Isoform 2 of Plectin OS=Homo sapiens GN=PLEC	5339	52	0.16	-0.4	0.401127	0.993447	71	0.999829	857272	0.00012	0.682692	0.	0.99932	0.00068
121409	MCEE	84693	sp|P58107|EPIPL_HUMAN	EPPK1	 Epiplakin OS=Homo sapiens GN=EPPK1 PE=1 SV=2	83481	4	0.06	0.01	0.885181	1.	5	0.708454	48409	0.00017	0.625	0.	0.99981	0.00019
121446	ATAT1	79969	sp|P35869|AHR_HUMAN	AHR	 Aryl hydrocarbon receptor OS=Homo sapiens GN=AHR PE=1 SV=2	196	3	0.38	3.32	4.38679	0.979869	4	0.100085	2117	0.00283	0.666667	0.	0.96876	0.03124
121409	MCEE	84693	sp|P36578|RL4_HUMAN	RPL4	 60S ribosomal protein L4 OS=Homo sapiens GN=RPL4 PE=1 SV=5	6124	8	0.06	-0.25	-0.01
