GENE PRODUCT DB	GENE PRODUCT ID	SYMBOL	QUALIFIER	GO TERM	GO NAME	GO ASPECT	ECO ID	GO EVIDENCE CODE	REFERENCE	WITH/FROM	TAXON ID	TAXON NAME	ASSIGNED BY	GENE NAME	DATE
UniProtKB	P62993	GRB2	is_active_in	GO:0005737	cytoplasm	cellular_component	ECO:0000318	IBA	GO_REF:0000033	MGI:MGI:95805|PANTHER:PTN005273574|UniProtKB:O75791|UniProtKB:P62993	9606	Homo sapiens	GO_Central	Growth factor receptor-bound protein 2	20260530
UniProtKB	P62993	GRB2	is_active_in	GO:0005886	plasma membrane	cellular_component	ECO:0000318	IBA	GO_REF:0000033	FB:FBgn0004638|MGI:MGI:95805|PANTHER:PTN005273574|UniProtKB:P62993|WB:WBGene00004774	9606	Homo sapiens	GO_Central	Growth factor receptor-bound protein 2	20260530
UniProtKB	P62993	GRB2	involved_in	GO:0007165	signal transduction	biological_process	ECO:0000318	IBA	GO_REF:0000033	FB:FBgn0004638|MGI:MGI:95805|PANTHER:PTN005273574|RGD:619758|UniProtKB:P62993|WB:WBGene00004774	9606	Homo sapiens	GO_Central	Growth factor receptor-bound protein 2	20250904
UniProtKB	P62993	GRB2	is_active_in	GO:0005654	nucleoplasm	cellular_component	ECO:0000318	IBA	GO_REF:0000033	PANTHER:PTN005273574|UniProtKB:O75791	9606	Homo sapiens	GO_Central	Growth factor receptor-bound protein 2	20250413
UniProtKB	P62993	GRB2	enables	GO:0001784	phosphotyrosine residue binding	molecular_function	ECO:0000318	IBA	GO_REF:0000033	FB:FBgn0004638|PANTHER:PTN005273574|RGD:619758|UniProtKB:P62993	9606	Homo sapiens	GO_Central	Growth factor receptor-bound protein 2	20241121
UniProtKB	P62993	GRB2	enables	GO:0005154	epidermal growth factor receptor binding	molecular_function	ECO:0000318	IBA	GO_REF:0000033	FB:FBgn0004638|PANTHER:PTN005273574|RGD:619758|UniProtKB:P62993|WB:WBGene00004774	9606	Homo sapiens	GO_Central	Growth factor receptor-bound protein 2	20220324
UniProtKB	P62993	GRB2	part_of	GO:0008180	COP9 signalosome	cellular_component	ECO:0000318	IBA	GO_REF:0000033	MGI:MGI:95805|PANTHER:PTN005273574|UniProtKB:P62993	9606	Homo sapiens	GO_Central	Growth factor receptor-bound protein 2	20220324
UniProtKB	P62993	GRB2	involved_in	GO:0043408	regulation of MAPK cascade	biological_process	ECO:0000318	IBA	GO_REF:0000033	FB:FBgn0004638|MGI:MGI:95805|PANTHER:PTN005273574	9606	Homo sapiens	GO_Central	Growth factor receptor-bound protein 2	20220324
UniProtKB	P62993	GRB2	located_in	GO:0005634	nucleus	cellular_component	ECO:0007322	IEA	GO_REF:0000044	UniProtKB-SubCell:SL-0191	9606	Homo sapiens	UniProt	Growth factor receptor-bound protein 2	20260727
UniProtKB	P62993	GRB2	located_in	GO:0005737	cytoplasm	cellular_component	ECO:0000501	IEA	GO_REF:0000120	UniProtKB:Q60631|ensembl:ENSMUSP00000021090|UniProtKB-SubCell:SL-0086	9606	Homo sapiens	UniProt	Growth factor receptor-bound protein 2	20260727
UniProtKB	P62993	GRB2	located_in	GO:0005768	endosome	cellular_component	ECO:0007322	IEA	GO_REF:0000044	UniProtKB-SubCell:SL-0101	9606	Homo sapiens	UniProt	Growth factor receptor-bound protein 2	20260727
UniProtKB	P62993	GRB2	located_in	GO:0005794	Golgi apparatus	cellular_component	ECO:0007322	IEA	GO_REF:0000044	UniProtKB-SubCell:SL-0132	9606	Homo sapiens	UniProt	Growth factor receptor-bound protein 2	20260727
UniProtKB	P62993	GRB2	located_in	GO:0005829	cytosol	cellular_component	ECO:0000256	IEA	GO_REF:0000117	ARBA:ARBA00029243	9606	Homo sapiens	UniProt	Growth factor receptor-bound protein 2	20260727
UniProtKB	P62993	GRB2	involved_in	GO:0007265	Ras protein signal transduction	biological_process	ECO:0000256	IEA	GO_REF:0000117	ARBA:ARBA00044394	9606	Homo sapiens	UniProt	Growth factor receptor-bound protein 2	20260727
UniProtKB	P62993	GRB2	enables	GO:0005515	protein binding	molecular_function	ECO:0000353	IPI	PMID:10206341	UniProtKB:Q05193	9606	Homo sapiens	IntAct	Growth factor receptor-bound protein 2	20260725
UniProtKB	P62993	GRB2	enables	GO:0005515	protein binding	molecular_function	ECO:0000353	IPI	PMID:10229072	UniProtKB:P00533	9606	Homo sapiens	IntAct	Growth factor receptor-bound protein 2	20260725
UniProtKB	P62993	GRB2	enables	GO:0005515	protein binding	molecular_function	ECO:0000353	IPI	PMID:10318918	UniProtKB:P26662-PRO_0000037647	9606	Homo sapiens	IntAct	Growth factor receptor-bound protein 2	20260725
UniProtKB	P62993	GRB2	enables	GO:0005515	protein binding	molecular_function	ECO:0000353	IPI	PMID:10356320	UniProtKB:P29353	9606	Homo sapiens	IntAct	Growth factor receptor-bound protein 2	20260725
UniProtKB	P62993	GRB2	enables	GO:0005515	protein binding	molecular_function	ECO:0000353	IPI	PMID:10377264	UniProtKB:P10721	9606	Homo sapiens	IntAct	Growth factor receptor-bound protein 2	20260725
UniProtKB	P62993	GRB2	enables	GO:0005515	protein binding	molecular_function	ECO:0000353	IPI	PMID:10660596	UniProtKB:P18031	9606	Homo sapiens	IntAct	Growth factor receptor-bound protein 2	20260725
UniProtKB	P62993	GRB2	enables	GO:0005515	protein binding	molecular_function	ECO:0000353	IPI	PMID:10660596	UniProtKB:P35570	9606	Homo sapiens	IntAct	Growth factor receptor-bound protein 2	20260725
UniProtKB	P62993	GRB2	enables	GO:0005515	protein binding	molecular_function	ECO:0000353	IPI	PMID:10660620	UniProtKB:P29350	9606	Homo sapiens	IntAct	Growth factor receptor-bound protein 2	20260725
UniProtKB	P62993	GRB2	enables	GO:0005515	protein binding	molecular_function	ECO:0000353	IPI	PMID:10811803	UniProtKB:O43561	9606	Homo sapiens	IntAct	Growth factor receptor-bound protein 2	20260725
UniProtKB	P62993	GRB2	enables	GO:0005515	protein binding	molecular_function	ECO:0000353	IPI	PMID:10887132	UniProtKB:P11274	9606	Homo sapiens	IntAct	Growth factor receptor-bound protein 2	20260725
UniProtKB	P62993	GRB2	enables	GO:0005515	protein binding	molecular_function	ECO:0000353	IPI	PMID:11278465	UniProtKB:Q07666	9606	Homo sapiens	IntAct	Growth factor receptor-bound protein 2	20260725
UniProtKB	P62993	GRB2	enables	GO:0005515	protein binding	molecular_function	ECO:0000353	IPI	PMID:11432792	UniProtKB:P35235	9606	Homo sapiens	IntAct	Growth factor receptor-bound protein 2	20260725
UniProtKB	P62993	GRB2	enables	GO:0005515	protein binding	molecular_function	ECO:0000353	IPI	PMID:11684012	UniProtKB:P35235	9606	Homo sapiens	IntAct	Growth factor receptor-bound protein 2	20260725
UniProtKB	P62993	GRB2	enables	GO:0005515	protein binding	molecular_function	ECO:0000353	IPI	PMID:11741929	UniProtKB:Q13444	9606	Homo sapiens	IntAct	Growth factor receptor-bound protein 2	20260725
UniProtKB	P62993	GRB2	enables	GO:0005515	protein binding	molecular_function	ECO:0000353	IPI	PMID:11827484	UniProtKB:P29353	9606	Homo sapiens	IntAct	Growth factor receptor-bound protein 2	20260725
UniProtKB	P62993	GRB2	enables	GO:0005515	protein binding	molecular_function	ECO:0000353	IPI	PMID:11882361	UniProtKB:Q9Y2R2	9606	Homo sapiens	IntAct	Growth factor receptor-bound protein 2	20260725
UniProtKB	P62993	GRB2	enables	GO:0005515	protein binding	molecular_function	ECO:0000353	IPI	PMID:11896612	UniProtKB:P00533	9606	Homo sapiens	IntAct	Growth factor receptor-bound protein 2	20260725
UniProtKB	P62993	GRB2	enables	GO:0005515	protein binding	molecular_function	ECO:0000353	IPI	PMID:11923305	UniProtKB:P18433	9606	Homo sapiens	IntAct	Growth factor receptor-bound protein 2	20260725
UniProtKB	P62993	GRB2	enables	GO:0005515	protein binding	molecular_function	ECO:0000353	IPI	PMID:12213123	UniProtKB:P29353	9606	Homo sapiens	IntAct	Growth factor receptor-bound protein 2	20260725
UniProtKB	P62993	GRB2	enables	GO:0005515	protein binding	molecular_function	ECO:0000353	IPI	PMID:12577067	UniProtKB:O14744	9606	Homo sapiens	IntAct	Growth factor receptor-bound protein 2	20260725
UniProtKB	P62993	GRB2	enables	GO:0005515	protein binding	molecular_function	ECO:0000353	IPI	PMID:12577067	UniProtKB:O75369	9606	Homo sapiens	IntAct	Growth factor receptor-bound protein 2	20260725
UniProtKB	P62993	GRB2	enables	GO:0005515	protein binding	molecular_function	ECO:0000353	IPI	PMID:12577067	UniProtKB:P00533	9606	Homo sapiens	IntAct	Growth factor receptor-bound protein 2	20260725
UniProtKB	P62993	GRB2	enables	GO:0005515	protein binding	molecular_function	ECO:0000353	IPI	PMID:12577067	UniProtKB:P05787	9606	Homo sapiens	IntAct	Growth factor receptor-bound protein 2	20260725
UniProtKB	P62993	GRB2	enables	GO:0005515	protein binding	molecular_function	ECO:0000353	IPI	PMID:12577067	UniProtKB:P11021	9606	Homo sapiens	IntAct	Growth factor receptor-bound protein 2	20260725
UniProtKB	P62993	GRB2	enables	GO:0005515	protein binding	molecular_function	ECO:0000353	IPI	PMID:12577067	UniProtKB:P21333	9606	Homo sapiens	IntAct	Growth factor receptor-bound protein 2	20260725
UniProtKB	P62993	GRB2	enables	GO:0005515	protein binding	molecular_function	ECO:0000353	IPI	PMID:12577067	UniProtKB:P29353	9606	Homo sapiens	IntAct	Growth factor receptor-bound protein 2	20260725
UniProtKB	P62993	GRB2	enables	GO:0005515	protein binding	molecular_function	ECO:0000353	IPI	PMID:12577067	UniProtKB:P35579	9606	Homo sapiens	IntAct	Growth factor receptor-bound protein 2	20260725
UniProtKB	P62993	GRB2	enables	GO:0005515	protein binding	molecular_function	ECO:0000353	IPI	PMID:12577067	UniProtKB:P61978	9606	Homo sapiens	IntAct	Growth factor receptor-bound protein 2	20260725
UniProtKB	P62993	GRB2	enables	GO:0005515	protein binding	molecular_function	ECO:0000353	IPI	PMID:12577067	UniProtKB:Q06124	9606	Homo sapiens	IntAct	Growth factor receptor-bound protein 2	20260725
UniProtKB	P62993	GRB2	enables	GO:0005515	protein binding	molecular_function	ECO:0000353	IPI	PMID:12577067	UniProtKB:Q07889	9606	Homo sapiens	IntAct	Growth factor receptor-bound protein 2	20260725
UniProtKB	P62993	GRB2	enables	GO:0005515	protein binding	molecular_function	ECO:0000353	IPI	PMID:12577067	UniProtKB:Q08209	9606	Homo sapiens	IntAct	Growth factor receptor-bound protein 2	20260725
UniProtKB	P62993	GRB2	enables	GO:0005515	protein binding	molecular_function	ECO:0000353	IPI	PMID:12577067	UniProtKB:Q13191	9606	Homo sapiens	IntAct	Growth factor receptor-bound protein 2	20260725
UniProtKB	P62993	GRB2	enables	GO:0005515	protein binding	molecular_function	ECO:0000353	IPI	PMID:12577067	UniProtKB:Q16643	9606	Homo sapiens	IntAct	Growth factor receptor-bound protein 2	20260725
UniProtKB	P62993	GRB2	enables	GO:0005515	protein binding	molecular_function	ECO:0000353	IPI	PMID:12577067	UniProtKB:Q9UKW4	9606	Homo sapiens	IntAct	Growth factor receptor-bound protein 2	20260725
UniProtKB	P62993	GRB2	enables	GO:0005515	protein binding	molecular_function	ECO:0000353	IPI	PMID:12852788	UniProtKB:Q5SQ64	9606	Homo sapiens	IntAct	Growth factor receptor-bound protein 2	20260725
UniProtKB	P62993	GRB2	enables	GO:0005515	protein binding	molecular_function	ECO:0000353	IPI	PMID:14679214	UniProtKB:P00533	9606	Homo sapiens	IntAct	Growth factor receptor-bound protein 2	20260725
UniProtKB	P62993	GRB2	enables	GO:0005515	protein binding	molecular_function	ECO:0000353	IPI	PMID:14679214	UniProtKB:Q07889	9606	Homo sapiens	IntAct	Growth factor receptor-bound protein 2	20260725
UniProtKB	P62993	GRB2	enables	GO:0005515	protein binding	molecular_function	ECO:0000353	IPI	PMID:14679214	UniProtKB:Q07890	9606	Homo sapiens	IntAct	Growth factor receptor-bound protein 2	20260725
UniProtKB	P62993	GRB2	enables	GO:0005515	protein binding	molecular_function	ECO:0000353	IPI	PMID:14993658	UniProtKB:O92972	9606	Homo sapiens	IntAct	Growth factor receptor-bound protein 2	20260725
UniProtKB	P62993	GRB2	enables	GO:0005515	protein binding	molecular_function	ECO:0000353	IPI	PMID:14993658	UniProtKB:P27958	9606	Homo sapiens	IntAct	Growth factor receptor-bound protein 2	20260725
UniProtKB	P62993	GRB2	enables	GO:0005515	protein binding	molecular_function	ECO:0000353	IPI	PMID:15467741	UniProtKB:Q9H204	9606	Homo sapiens	IntAct	Growth factor receptor-bound protein 2	20260725
UniProtKB	P62993	GRB2	enables	GO:0005515	protein binding	molecular_function	ECO:0000353	IPI	PMID:15558030	UniProtKB:P15498	9606	Homo sapiens	IntAct	Growth factor receptor-bound protein 2	20260725
UniProtKB	P62993	GRB2	enables	GO:0005515	protein binding	molecular_function	ECO:0000353	IPI	PMID:15657067	UniProtKB:P00533	9606	Homo sapiens	IntAct	Growth factor receptor-bound protein 2	20260725
UniProtKB	P62993	GRB2	enables	GO:0005515	protein binding	molecular_function	ECO:0000353	IPI	PMID:15784897	UniProtKB:O92972	9606	Homo sapiens	IntAct	Growth factor receptor-bound protein 2	20260725
UniProtKB	P62993	GRB2	enables	GO:0005515	protein binding	molecular_function	ECO:0000353	IPI	PMID:15784897	UniProtKB:P27958	9606	Homo sapiens	IntAct	Growth factor receptor-bound protein 2	20260725
UniProtKB	P62993	GRB2	enables	GO:0005515	protein binding	molecular_function	ECO:0000353	IPI	PMID:15929943	UniProtKB:Q13094	9606	Homo sapiens	IntAct	Growth factor receptor-bound protein 2	20260725
UniProtKB	P62993	GRB2	enables	GO:0005515	protein binding	molecular_function	ECO:0000353	IPI	PMID:16253990	UniProtKB:Q9UQC2	9606	Homo sapiens	IntAct	Growth factor receptor-bound protein 2	20260725
UniProtKB	P62993	GRB2	enables	GO:0005515	protein binding	molecular_function	ECO:0000353	IPI	PMID:16273093	UniProtKB:P00533	9606	Homo sapiens	IntAct	Growth factor receptor-bound protein 2	20260725
UniProtKB	P62993	GRB2	enables	GO:0005515	protein binding	molecular_function	ECO:0000353	IPI	PMID:16273093	UniProtKB:P04626	9606	Homo sapiens	IntAct	Growth factor receptor-bound protein 2	20260725
UniProtKB	P62993	GRB2	enables	GO:0005515	protein binding	molecular_function	ECO:0000353	IPI	PMID:16374509	UniProtKB:Q13177	9606	Homo sapiens	IntAct	Growth factor receptor-bound protein 2	20260725
UniProtKB	P62993	GRB2	enables	GO:0005515	protein binding	molecular_function	ECO:0000353	IPI	PMID:16374509	UniProtKB:Q13444	9606	Homo sapiens	IntAct	Growth factor receptor-bound protein 2	20260725
UniProtKB	P62993	GRB2	enables	GO:0005515	protein binding	molecular_function	ECO:0000353	IPI	PMID:16407827	UniProtKB:O14939	9606	Homo sapiens	IntAct	Growth factor receptor-bound protein 2	20260725
UniProtKB	P62993	GRB2	enables	GO:0005515	protein binding	molecular_function	ECO:0000353	IPI	PMID:16520382	UniProtKB:P29353-1	9606	Homo sapiens	IntAct	Growth factor receptor-bound protein 2	20260725
UniProtKB	P62993	GRB2	enables	GO:0005515	protein binding	molecular_function	ECO:0000353	IPI	PMID:16520382	UniProtKB:Q07889	9606	Homo sapiens	IntAct	Growth factor receptor-bound protein 2	20260725
UniProtKB	P62993	GRB2	enables	GO:0005515	protein binding	molecular_function	ECO:0000353	IPI	PMID:16696976	UniProtKB:P50570	9606	Homo sapiens	IntAct	Growth factor receptor-bound protein 2	20260725
UniProtKB	P62993	GRB2	enables	GO:0005515	protein binding	molecular_function	ECO:0000353	IPI	PMID:16730941	UniProtKB:O95630	9606	Homo sapiens	IntAct	Growth factor receptor-bound protein 2	20260725
UniProtKB	P62993	GRB2	enables	GO:0005515	protein binding	molecular_function	ECO:0000353	IPI	PMID:16799092	UniProtKB:P00533	9606	Homo sapiens	IntAct	Growth factor receptor-bound protein 2	20260725
UniProtKB	P62993	GRB2	enables	GO:0005515	protein binding	molecular_function	ECO:0000353	IPI	PMID:16893902	UniProtKB:O43597	9606	Homo sapiens	IntAct	Growth factor receptor-bound protein 2	20260725
UniProtKB	P62993	GRB2	enables	GO:0005515	protein binding	molecular_function	ECO:0000353	IPI	PMID:16899217	UniProtKB:Q9H204	9606	Homo sapiens	IntAct	Growth factor receptor-bound protein 2	20260725
UniProtKB	P62993	GRB2	enables	GO:0005515	protein binding	molecular_function	ECO:0000353	IPI	PMID:16912232	UniProtKB:Q8WV28	9606	Homo sapiens	IntAct	Growth factor receptor-bound protein 2	20260725
UniProtKB	P62993	GRB2	enables	GO:0005515	protein binding	molecular_function	ECO:0000353	IPI	PMID:16938345	UniProtKB:O43561	9606	Homo sapiens	IntAct	Growth factor receptor-bound protein 2	20260725
UniProtKB	P62993	GRB2	enables	GO:0005515	protein binding	molecular_function	ECO:0000353	IPI	PMID:17094785	UniProtKB:P22681	9606	Homo sapiens	IntAct	Growth factor receptor-bound protein 2	20260725
UniProtKB	P62993	GRB2	enables	GO:0005515	protein binding	molecular_function	ECO:0000353	IPI	PMID:17235283	UniProtKB:Q13094	9606	Homo sapiens	IntAct	Growth factor receptor-bound protein 2	20260725
UniProtKB	P62993	GRB2	enables	GO:0005515	protein binding	molecular_function	ECO:0000353	IPI	PMID:17276458	UniProtKB:O14939	9606	Homo sapiens	IntAct	Growth factor receptor-bound protein 2	20260725
UniProtKB	P62993	GRB2	enables	GO:0005515	protein binding	molecular_function	ECO:0000353	IPI	PMID:17474147	UniProtKB:O00401	9606	Homo sapiens	IntAct	Growth factor receptor-bound protein 2	20260725
UniProtKB	P62993	GRB2	enables	GO:0005515	protein binding	molecular_function	ECO:0000353	IPI	PMID:17474147	UniProtKB:O00750	9606	Homo sapiens	IntAct	Growth factor receptor-bound protein 2	20260725
UniProtKB	P62993	GRB2	enables	GO:0005515	protein binding	molecular_function	ECO:0000353	IPI	PMID:17474147	UniProtKB:O14490	9606	Homo sapiens	IntAct	Growth factor receptor-bound protein 2	20260725
UniProtKB	P62993	GRB2	enables	GO:0005515	protein binding	molecular_function	ECO:0000353	IPI	PMID:17474147	UniProtKB:O15056	9606	Homo sapiens	IntAct	Growth factor receptor-bound protein 2	20260725
UniProtKB	P62993	GRB2	enables	GO:0005515	protein binding	molecular_function	ECO:0000353	IPI	PMID:17474147	UniProtKB:O15360	9606	Homo sapiens	IntAct	Growth factor receptor-bound protein 2	20260725
UniProtKB	P62993	GRB2	enables	GO:0005515	protein binding	molecular_function	ECO:0000353	IPI	PMID:17474147	UniProtKB:O43150	9606	Homo sapiens	IntAct	Growth factor receptor-bound protein 2	20260725
UniProtKB	P62993	GRB2	enables	GO:0005515	protein binding	molecular_function	ECO:0000353	IPI	PMID:17474147	UniProtKB:O60885	9606	Homo sapiens	IntAct	Growth factor receptor-bound protein 2	20260725
UniProtKB	P62993	GRB2	enables	GO:0005515	protein binding	molecular_function	ECO:0000353	IPI	PMID:17474147	UniProtKB:O75369	9606	Homo sapiens	IntAct	Growth factor receptor-bound protein 2	20260725
UniProtKB	P62993	GRB2	enables	GO:0005515	protein binding	molecular_function	ECO:0000353	IPI	PMID:17474147	UniProtKB:P14868	9606	Homo sapiens	IntAct	Growth factor receptor-bound protein 2	20260725
UniProtKB	P62993	GRB2	enables	GO:0005515	protein binding	molecular_function	ECO:0000353	IPI	PMID:17474147	UniProtKB:P21333	9606	Homo sapiens	IntAct	Growth factor receptor-bound protein 2	20260725
UniProtKB	P62993	GRB2	enables	GO:0005515	protein binding	molecular_function	ECO:0000353	IPI	PMID:17474147	UniProtKB:P42684	9606	Homo sapiens	IntAct	Growth factor receptor-bound protein 2	20260725
UniProtKB	P62993	GRB2	enables	GO:0005515	protein binding	molecular_function	ECO:0000353	IPI	PMID:17474147	UniProtKB:P48357	9606	Homo sapiens	IntAct	Growth factor receptor-bound protein 2	20260725
UniProtKB	P62993	GRB2	enables	GO:0005515	protein binding	molecular_function	ECO:0000353	IPI	PMID:17474147	UniProtKB:P98082	9606	Homo sapiens	IntAct	Growth factor receptor-bound protein 2	20260725
UniProtKB	P62993	GRB2	enables	GO:0005515	protein binding	molecular_function	ECO:0000353	IPI	PMID:17474147	UniProtKB:Q01484	9606	Homo sapiens	IntAct	Growth factor receptor-bound protein 2	20260725
UniProtKB	P62993	GRB2	enables	GO:0005515	protein binding	molecular_function	ECO:0000353	IPI	PMID:17474147	UniProtKB:Q05193	9606	Homo sapiens	IntAct	Growth factor receptor-bound protein 2	20260725
UniProtKB	P62993	GRB2	enables	GO:0005515	protein binding	molecular_function	ECO:0000353	IPI	PMID:17474147	UniProtKB:Q07889	9606	Homo sapiens	IntAct	Growth factor receptor-bound protein 2	20260725
UniProtKB	P62993	GRB2	enables	GO:0005515	protein binding	molecular_function	ECO:0000353	IPI	PMID:17474147	UniProtKB:Q07890	9606	Homo sapiens	IntAct	Growth factor receptor-bound protein 2	20260725
UniProtKB	P62993	GRB2	enables	GO:0005515	protein binding	molecular_function	ECO:0000353	IPI	PMID:17474147	UniProtKB:Q08209	9606	Homo sapiens	IntAct	Growth factor receptor-bound protein 2	20260725
UniProtKB	P62993	GRB2	enables	GO:0005515	protein binding	molecular_function	ECO:0000353	IPI	PMID:17474147	UniProtKB:Q13163	9606	Homo sapiens	IntAct	Growth factor receptor-bound protein 2	20260725
UniProtKB	P62993	GRB2	enables	GO:0005515	protein binding	molecular_function	ECO:0000353	IPI	PMID:17474147	UniProtKB:Q14185	9606	Homo sapiens	IntAct	Growth factor receptor-bound protein 2	20260725
UniProtKB	P62993	GRB2	enables	GO:0005515	protein binding	molecular_function	ECO:0000353	IPI	PMID:17474147	UniProtKB:Q14315	9606	Homo sapiens	IntAct	Growth factor receptor-bound protein 2	20260725
UniProtKB	P62993	GRB2	enables	GO:0005515	protein binding	molecular_function	ECO:0000353	IPI	PMID:17474147	UniProtKB:Q15027	9606	Homo sapiens	IntAct	Growth factor receptor-bound protein 2	20260725
UniProtKB	P62993	GRB2	enables	GO:0005515	protein binding	molecular_function	ECO:0000353	IPI	PMID:17474147	UniProtKB:Q15109	9606	Homo sapiens	IntAct	Growth factor receptor-bound protein 2	20260725
UniProtKB	P62993	GRB2	enables	GO:0005515	protein binding	molecular_function	ECO:0000353	IPI	PMID:17474147	UniProtKB:Q15427	9606	Homo sapiens	IntAct	Growth factor receptor-bound protein 2	20260725
UniProtKB	P62993	GRB2	enables	GO:0005515	protein binding	molecular_function	ECO:0000353	IPI	PMID:17474147	UniProtKB:Q16851	9606	Homo sapiens	IntAct	Growth factor receptor-bound protein 2	20260725
UniProtKB	P62993	GRB2	enables	GO:0005515	protein binding	molecular_function	ECO:0000353	IPI	PMID:17474147	UniProtKB:Q8IVH8	9606	Homo sapiens	IntAct	Growth factor receptor-bound protein 2	20260725
UniProtKB	P62993	GRB2	enables	GO:0005515	protein binding	molecular_function	ECO:0000353	IPI	PMID:17474147	UniProtKB:Q8WX92	9606	Homo sapiens	IntAct	Growth factor receptor-bound protein 2	20260725
UniProtKB	P62993	GRB2	enables	GO:0005515	protein binding	molecular_function	ECO:0000353	IPI	PMID:17474147	UniProtKB:Q92918	9606	Homo sapiens	IntAct	Growth factor receptor-bound protein 2	20260725
UniProtKB	P62993	GRB2	enables	GO:0005515	protein binding	molecular_function	ECO:0000353	IPI	PMID:17474147	UniProtKB:Q92973	9606	Homo sapiens	IntAct	Growth factor receptor-bound protein 2	20260725
UniProtKB	P62993	GRB2	enables	GO:0005515	protein binding	molecular_function	ECO:0000353	IPI	PMID:17474147	UniProtKB:Q9BYB0	9606	Homo sapiens	IntAct	Growth factor receptor-bound protein 2	20260725
UniProtKB	P62993	GRB2	enables	GO:0005515	protein binding	molecular_function	ECO:0000353	IPI	PMID:17474147	UniProtKB:Q9P1A6	9606	Homo sapiens	IntAct	Growth factor receptor-bound protein 2	20260725
UniProtKB	P62993	GRB2	enables	GO:0005515	protein binding	molecular_function	ECO:0000353	IPI	PMID:17474147	UniProtKB:Q9ULH1	9606	Homo sapiens	IntAct	Growth factor receptor-bound protein 2	20260725
UniProtKB	P62993	GRB2	enables	GO:0005515	protein binding	molecular_function	ECO:0000353	IPI	PMID:17474147	UniProtKB:Q9ULW0	9606	Homo sapiens	IntAct	Growth factor receptor-bound protein 2	20260725
UniProtKB	P62993	GRB2	enables	GO:0005515	protein binding	molecular_function	ECO:0000353	IPI	PMID:17474147	UniProtKB:Q9UPX8	9606	Homo sapiens	IntAct	Growth factor receptor-bound protein 2	20260725
UniProtKB	P62993	GRB2	enables	GO:0005515	protein binding	molecular_function	ECO:0000353	IPI	PMID:17474147	UniProtKB:Q9Y2D5	9606	Homo sapiens	IntAct	Growth factor receptor-bound protein 2	20260725
UniProtKB	P62993	GRB2	enables	GO:0005515	protein binding	molecular_function	ECO:0000353	IPI	PMID:17474147	UniProtKB:Q9Y2H0	9606	Homo sapiens	IntAct	Growth factor receptor-bound protein 2	20260725
UniProtKB	P62993	GRB2	enables	GO:0005515	protein binding	molecular_function	ECO:0000353	IPI	PMID:17474147	UniProtKB:Q9Y4K4	9606	Homo sapiens	IntAct	Growth factor receptor-bound protein 2	20260725
UniProtKB	P62993	GRB2	enables	GO:0005515	protein binding	molecular_function	ECO:0000353	IPI	PMID:18273061	UniProtKB:P22681	9606	Homo sapiens	IntAct	Growth factor receptor-bound protein 2	20260725
UniProtKB	P62993	GRB2	enables	GO:0005515	protein binding	molecular_function	ECO:0000353	IPI	PMID:18624398	UniProtKB:Q9Y478	9606	Homo sapiens	IntAct	Growth factor receptor-bound protein 2	20260725
UniProtKB	P62993	GRB2	enables	GO:0005515	protein binding	molecular_function	ECO:0000353	IPI	PMID:18647389	UniProtKB:Q8NFH8	9606	Homo sapiens	IntAct	Growth factor receptor-bound protein 2	20260725
UniProtKB	P62993	GRB2	enables	GO:0005515	protein binding	molecular_function	ECO:0000353	IPI	PMID:18654987	UniProtKB:Q9UKW4	9606	Homo sapiens	IntAct	Growth factor receptor-bound protein 2	20260725
UniProtKB	P62993	GRB2	enables	GO:0005515	protein binding	molecular_function	ECO:0000353	IPI	PMID:18692475	UniProtKB:P15498	9606	Homo sapiens	IntAct	Growth factor receptor-bound protein 2	20260725
UniProtKB	P62993	GRB2	enables	GO:0005515	protein binding	molecular_function	ECO:0000353	IPI	PMID:19172738	UniProtKB:Q9UQC2	9606	Homo sapiens	IntAct	Growth factor receptor-bound protein 2	20260725
UniProtKB	P62993	GRB2	enables	GO:0005515	protein binding	molecular_function	ECO:0000353	IPI	PMID:19323566	UniProtKB:Q07889	9606	Homo sapiens	IntAct	Growth factor receptor-bound protein 2	20260725
UniProtKB	P62993	GRB2	enables	GO:0005515	protein binding	molecular_function	ECO:0000353	IPI	PMID:19380743	UniProtKB:O00459	9606	Homo sapiens	IntAct	Growth factor receptor-bound protein 2	20260725
UniProtKB	P62993	GRB2	enables	GO:0005515	protein binding	molecular_function	ECO:0000353	IPI	PMID:19380743	UniProtKB:P14868	9606	Homo sapiens	IntAct	Growth factor receptor-bound protein 2	20260725
UniProtKB	P62993	GRB2	enables	GO:0005515	protein binding	molecular_function	ECO:0000353	IPI	PMID:19380743	UniProtKB:P18433	9606	Homo sapiens	IntAct	Growth factor receptor-bound protein 2	20260725
UniProtKB	P62993	GRB2	enables	GO:0005515	protein binding	molecular_function	ECO:0000353	IPI	PMID:19380743	UniProtKB:P22681	9606	Homo sapiens	IntAct	Growth factor receptor-bound protein 2	20260725
UniProtKB	P62993	GRB2	enables	GO:0005515	protein binding	molecular_function	ECO:0000353	IPI	PMID:19380743	UniProtKB:P27986	9606	Homo sapiens	IntAct	Growth factor receptor-bound protein 2	20260725
UniProtKB	P62993	GRB2	enables	GO:0005515	protein binding	molecular_function	ECO:0000353	IPI	PMID:19380743	UniProtKB:P29353	9606	Homo sapiens	IntAct	Growth factor receptor-bound protein 2	20260725
UniProtKB	P62993	GRB2	enables	GO:0005515	protein binding	molecular_function	ECO:0000353	IPI	PMID:19380743	UniProtKB:P50570	9606	Homo sapiens	IntAct	Growth factor receptor-bound protein 2	20260725
UniProtKB	P62993	GRB2	enables	GO:0005515	protein binding	molecular_function	ECO:0000353	IPI	PMID:19380743	UniProtKB:Q06124	9606	Homo sapiens	IntAct	Growth factor receptor-bound protein 2	20260725
UniProtKB	P62993	GRB2	enables	GO:0005515	protein binding	molecular_function	ECO:0000353	IPI	PMID:19380743	UniProtKB:Q13094	9606	Homo sapiens	IntAct	Growth factor receptor-bound protein 2	20260725
UniProtKB	P62993	GRB2	enables	GO:0005515	protein binding	molecular_function	ECO:0000353	IPI	PMID:19380743	UniProtKB:Q13480	9606	Homo sapiens	IntAct	Growth factor receptor-bound protein 2	20260725
UniProtKB	P62993	GRB2	enables	GO:0005515	protein binding	molecular_function	ECO:0000353	IPI	PMID:19380743	UniProtKB:Q9ULH1	9606	Homo sapiens	IntAct	Growth factor receptor-bound protein 2	20260725
UniProtKB	P62993	GRB2	enables	GO:0005515	protein binding	molecular_function	ECO:0000353	IPI	PMID:19380743	UniProtKB:Q9UQC2	9606	Homo sapiens	IntAct	Growth factor receptor-bound protein 2	20260725
UniProtKB	P62993	GRB2	enables	GO:0005515	protein binding	molecular_function	ECO:0000353	IPI	PMID:19380743	UniProtKB:Q9Y5K6	9606	Homo sapiens	IntAct	Growth factor receptor-bound protein 2	20260725
UniProtKB	P62993	GRB2	enables	GO:0005515	protein binding	molecular_function	ECO:0000353	IPI	PMID:19615732	UniProtKB:O95630	9606	Homo sapiens	IntAct	Growth factor receptor-bound protein 2	20260725
UniProtKB	P62993	GRB2	enables	GO:0005515	protein binding	molecular_function	ECO:0000353	IPI	PMID:19798056	UniProtKB:O75674	9606	Homo sapiens	IntAct	Growth factor receptor-bound protein 2	20260725
UniProtKB	P62993	GRB2	enables	GO:0005515	protein binding	molecular_function	ECO:0000353	IPI	PMID:20473329	UniProtKB:P00533	9606	Homo sapiens	IntAct	Growth factor receptor-bound protein 2	20260725
UniProtKB	P62993	GRB2	enables	GO:0005515	protein binding	molecular_function	ECO:0000353	IPI	PMID:20473329	UniProtKB:Q05397	9606	Homo sapiens	IntAct	Growth factor receptor-bound protein 2	20260725
UniProtKB	P62993	GRB2	enables	GO:0005515	protein binding	molecular_function	ECO:0000353	IPI	PMID:20473329	UniProtKB:Q06124	9606	Homo sapiens	IntAct	Growth factor receptor-bound protein 2	20260725
UniProtKB	P62993	GRB2	enables	GO:0005515	protein binding	molecular_function	ECO:0000353	IPI	PMID:20473329	UniProtKB:Q07889	9606	Homo sapiens	IntAct	Growth factor receptor-bound protein 2	20260725
UniProtKB	P62993	GRB2	enables	GO:0005515	protein binding	molecular_function	ECO:0000353	IPI	PMID:20473329	UniProtKB:Q13480	9606	Homo sapiens	IntAct	Growth factor receptor-bound protein 2	20260725
UniProtKB	P62993	GRB2	enables	GO:0005515	protein binding	molecular_function	ECO:0000353	IPI	PMID:20936779	UniProtKB:O00401	9606	Homo sapiens	IntAct	Growth factor receptor-bound protein 2	20260725
UniProtKB	P62993	GRB2	enables	GO:0005515	protein binding	molecular_function	ECO:0000353	IPI	PMID:20936779	UniProtKB:O00459	9606	Homo sapiens	IntAct	Growth factor receptor-bound protein 2	20260725
UniProtKB	P62993	GRB2	enables	GO:0005515	protein binding	molecular_function	ECO:0000353	IPI	PMID:20936779	UniProtKB:O14490	9606	Homo sapiens	IntAct	Growth factor receptor-bound protein 2	20260725
UniProtKB	P62993	GRB2	enables	GO:0005515	protein binding	molecular_function	ECO:0000353	IPI	PMID:20936779	UniProtKB:O15056	9606	Homo sapiens	IntAct	Growth factor receptor-bound protein 2	20260725
UniProtKB	P62993	GRB2	enables	GO:0005515	protein binding	molecular_function	ECO:0000353	IPI	PMID:20936779	UniProtKB:O43150	9606	Homo sapiens	IntAct	Growth factor receptor-bound protein 2	20260725
UniProtKB	P62993	GRB2	enables	GO:0005515	protein binding	molecular_function	ECO:0000353	IPI	PMID:20936779	UniProtKB:O43516	9606	Homo sapiens	IntAct	Growth factor receptor-bound protein 2	20260725
UniProtKB	P62993	GRB2	enables	GO:0005515	protein binding	molecular_function	ECO:0000353	IPI	PMID:20936779	UniProtKB:O95630	9606	Homo sapiens	IntAct	Growth factor receptor-bound protein 2	20260725
UniProtKB	P62993	GRB2	enables	GO:0005515	protein binding	molecular_function	ECO:0000353	IPI	PMID:20936779	UniProtKB:P05787	9606	Homo sapiens	IntAct	Growth factor receptor-bound protein 2	20260725
UniProtKB	P62993	GRB2	enables	GO:0005515	protein binding	molecular_function	ECO:0000353	IPI	PMID:20936779	UniProtKB:P11021	9606	Homo sapiens	IntAct	Growth factor receptor-bound protein 2	20260725
UniProtKB	P62993	GRB2	enables	GO:0005515	protein binding	molecular_function	ECO:0000353	IPI	PMID:20936779	UniProtKB:P22681	9606	Homo sapiens	IntAct	Growth factor receptor-bound protein 2	20260725
UniProtKB	P62993	GRB2	enables	GO:0005515	protein binding	molecular_function	ECO:0000353	IPI	PMID:20936779	UniProtKB:P27986	9606	Homo sapiens	IntAct	Growth factor receptor-bound protein 2	20260725
UniProtKB	P62993	GRB2	enables	GO:0005515	protein binding	molecular_function	ECO:0000353	IPI	PMID:20936779	UniProtKB:P35579	9606	Homo sapiens	IntAct	Growth factor receptor-bound protein 2	20260725
UniProtKB	P62993	GRB2	enables	GO:0005515	protein binding	molecular_function	ECO:0000353	IPI	PMID:20936779	UniProtKB:P61978	9606	Homo sapiens	IntAct	Growth factor receptor-bound protein 2	20260725
UniProtKB	P62993	GRB2	enables	GO:0005515	protein binding	molecular_function	ECO:0000353	IPI	PMID:20936779	UniProtKB:P98082	9606	Homo sapiens	IntAct	Growth factor receptor-bound protein 2	20260725
UniProtKB	P62993	GRB2	enables	GO:0005515	protein binding	molecular_function	ECO:0000353	IPI	PMID:20936779	UniProtKB:Q07666	9606	Homo sapiens	IntAct	Growth factor receptor-bound protein 2	20260725
UniProtKB	P62993	GRB2	enables	GO:0005515	protein binding	molecular_function	ECO:0000353	IPI	PMID:20936779	UniProtKB:Q07890	9606	Homo sapiens	IntAct	Growth factor receptor-bound protein 2	20260725
UniProtKB	P62993	GRB2	enables	GO:0005515	protein binding	molecular_function	ECO:0000353	IPI	PMID:20936779	UniProtKB:Q07912	9606	Homo sapiens	IntAct	Growth factor receptor-bound protein 2	20260725
UniProtKB	P62993	GRB2	enables	GO:0005515	protein binding	molecular_function	ECO:0000353	IPI	PMID:20936779	UniProtKB:Q13094	9606	Homo sapiens	IntAct	Growth factor receptor-bound protein 2	20260725
UniProtKB	P62993	GRB2	enables	GO:0005515	protein binding	molecular_function	ECO:0000353	IPI	PMID:20936779	UniProtKB:Q13191	9606	Homo sapiens	IntAct	Growth factor receptor-bound protein 2	20260725
UniProtKB	P62993	GRB2	enables	GO:0005515	protein binding	molecular_function	ECO:0000353	IPI	PMID:20936779	UniProtKB:Q13480	9606	Homo sapiens	IntAct	Growth factor receptor-bound protein 2	20260725
UniProtKB	P62993	GRB2	enables	GO:0005515	protein binding	molecular_function	ECO:0000353	IPI	PMID:20936779	UniProtKB:Q14185	9606	Homo sapiens	IntAct	Growth factor receptor-bound protein 2	20260725
UniProtKB	P62993	GRB2	enables	GO:0005515	protein binding	molecular_function	ECO:0000353	IPI	PMID:20936779	UniProtKB:Q8IVH8	9606	Homo sapiens	IntAct	Growth factor receptor-bound protein 2	20260725
UniProtKB	P62993	GRB2	enables	GO:0005515	protein binding	molecular_function	ECO:0000353	IPI	PMID:20936779	UniProtKB:Q8TF74	9606	Homo sapiens	IntAct	Growth factor receptor-bound protein 2	20260725
UniProtKB	P62993	GRB2	enables	GO:0005515	protein binding	molecular_function	ECO:0000353	IPI	PMID:20936779	UniProtKB:Q9H3S7	9606	Homo sapiens	IntAct	Growth factor receptor-bound protein 2	20260725
UniProtKB	P62993	GRB2	enables	GO:0005515	protein binding	molecular_function	ECO:0000353	IPI	PMID:20936779	UniProtKB:Q9H706	9606	Homo sapiens	IntAct	Growth factor receptor-bound protein 2	20260725
UniProtKB	P62993	GRB2	enables	GO:0005515	protein binding	molecular_function	ECO:0000353	IPI	PMID:20936779	UniProtKB:Q9H788	9606	Homo sapiens	IntAct	Growth factor receptor-bound protein 2	20260725
UniProtKB	P62993	GRB2	enables	GO:0005515	protein binding	molecular_function	ECO:0000353	IPI	PMID:20936779	UniProtKB:Q9UJM3	9606	Homo sapiens	IntAct	Growth factor receptor-bound protein 2	20260725
UniProtKB	P62993	GRB2	enables	GO:0005515	protein binding	molecular_function	ECO:0000353	IPI	PMID:20936779	UniProtKB:Q9UKW4	9606	Homo sapiens	IntAct	Growth factor receptor-bound protein 2	20260725
UniProtKB	P62993	GRB2	enables	GO:0005515	protein binding	molecular_function	ECO:0000353	IPI	PMID:20936779	UniProtKB:Q9ULH1	9606	Homo sapiens	IntAct	Growth factor receptor-bound protein 2	20260725
UniProtKB	P62993	GRB2	enables	GO:0005515	protein binding	molecular_function	ECO:0000353	IPI	PMID:20936779	UniProtKB:Q9UQC2	9606	Homo sapiens	IntAct	Growth factor receptor-bound protein 2	20260725
UniProtKB	P62993	GRB2	enables	GO:0005515	protein binding	molecular_function	ECO:0000353	IPI	PMID:20936779	UniProtKB:Q9Y4K4	9606	Homo sapiens	IntAct	Growth factor receptor-bound protein 2	20260725
UniProtKB	P62993	GRB2	enables	GO:0005515	protein binding	molecular_function	ECO:0000353	IPI	PMID:21179510	UniProtKB:Q9H3S7	9606	Homo sapiens	IntAct	Growth factor receptor-bound protein 2	20260725
UniProtKB	P62993	GRB2	enables	GO:0005515	protein binding	molecular_function	ECO:0000353	IPI	PMID:21189249	UniProtKB:Q8N1K5	9606	Homo sapiens	IntAct	Growth factor receptor-bound protein 2	20260725
UniProtKB	P62993	GRB2	enables	GO:0005515	protein binding	molecular_function	ECO:0000353	IPI	PMID:21278786	UniProtKB:P00533	9606	Homo sapiens	IntAct	Growth factor receptor-bound protein 2	20260725
UniProtKB	P62993	GRB2	enables	GO:0005515	protein binding	molecular_function	ECO:0000353	IPI	PMID:21278786	UniProtKB:P04626	9606	Homo sapiens	IntAct	Growth factor receptor-bound protein 2	20260725
UniProtKB	P62993	GRB2	enables	GO:0005515	protein binding	molecular_function	ECO:0000353	IPI	PMID:21278788	UniProtKB:P00533	9606	Homo sapiens	IntAct	Growth factor receptor-bound protein 2	20260725
UniProtKB	P62993	GRB2	enables	GO:0005515	protein binding	molecular_function	ECO:0000353	IPI	PMID:21706016	UniProtKB:O00401	9606	Homo sapiens	IntAct	Growth factor receptor-bound protein 2	20260725
UniProtKB	P62993	GRB2	enables	GO:0005515	protein binding	molecular_function	ECO:0000353	IPI	PMID:21706016	UniProtKB:O00459	9606	Homo sapiens	IntAct	Growth factor receptor-bound protein 2	20260725
UniProtKB	P62993	GRB2	enables	GO:0005515	protein binding	molecular_function	ECO:0000353	IPI	PMID:21706016	UniProtKB:O00750	9606	Homo sapiens	IntAct	Growth factor receptor-bound protein 2	20260725
UniProtKB	P62993	GRB2	enables	GO:0005515	protein binding	molecular_function	ECO:0000353	IPI	PMID:21706016	UniProtKB:O43150	9606	Homo sapiens	IntAct	Growth factor receptor-bound protein 2	20260725
UniProtKB	P62993	GRB2	enables	GO:0005515	protein binding	molecular_function	ECO:0000353	IPI	PMID:21706016	UniProtKB:O43516	9606	Homo sapiens	IntAct	Growth factor receptor-bound protein 2	20260725
UniProtKB	P62993	GRB2	enables	GO:0005515	protein binding	molecular_function	ECO:0000353	IPI	PMID:21706016	UniProtKB:O95630	9606	Homo sapiens	IntAct	Growth factor receptor-bound protein 2	20260725
UniProtKB	P62993	GRB2	enables	GO:0005515	protein binding	molecular_function	ECO:0000353	IPI	PMID:21706016	UniProtKB:P00533	9606	Homo sapiens	IntAct	Growth factor receptor-bound protein 2	20260725
UniProtKB	P62993	GRB2	enables	GO:0005515	protein binding	molecular_function	ECO:0000353	IPI	PMID:21706016	UniProtKB:P11274	9606	Homo sapiens	IntAct	Growth factor receptor-bound protein 2	20260725
UniProtKB	P62993	GRB2	enables	GO:0005515	protein binding	molecular_function	ECO:0000353	IPI	PMID:21706016	UniProtKB:P19174	9606	Homo sapiens	IntAct	Growth factor receptor-bound protein 2	20260725
UniProtKB	P62993	GRB2	enables	GO:0005515	protein binding	molecular_function	ECO:0000353	IPI	PMID:21706016	UniProtKB:P22681	9606	Homo sapiens	IntAct	Growth factor receptor-bound protein 2	20260725
UniProtKB	P62993	GRB2	enables	GO:0005515	protein binding	molecular_function	ECO:0000353	IPI	PMID:21706016	UniProtKB:P27986	9606	Homo sapiens	IntAct	Growth factor receptor-bound protein 2	20260725
UniProtKB	P62993	GRB2	enables	GO:0005515	protein binding	molecular_function	ECO:0000353	IPI	PMID:21706016	UniProtKB:P29353	9606	Homo sapiens	IntAct	Growth factor receptor-bound protein 2	20260725
UniProtKB	P62993	GRB2	enables	GO:0005515	protein binding	molecular_function	ECO:0000353	IPI	PMID:21706016	UniProtKB:P42336	9606	Homo sapiens	IntAct	Growth factor receptor-bound protein 2	20260725
UniProtKB	P62993	GRB2	enables	GO:0005515	protein binding	molecular_function	ECO:0000353	IPI	PMID:21706016	UniProtKB:P50570	9606	Homo sapiens	IntAct	Growth factor receptor-bound protein 2	20260725
UniProtKB	P62993	GRB2	enables	GO:0005515	protein binding	molecular_function	ECO:0000353	IPI	PMID:21706016	UniProtKB:Q05193	9606	Homo sapiens	IntAct	Growth factor receptor-bound protein 2	20260725
UniProtKB	P62993	GRB2	enables	GO:0005515	protein binding	molecular_function	ECO:0000353	IPI	PMID:21706016	UniProtKB:Q06124	9606	Homo sapiens	IntAct	Growth factor receptor-bound protein 2	20260725
UniProtKB	P62993	GRB2	enables	GO:0005515	protein binding	molecular_function	ECO:0000353	IPI	PMID:21706016	UniProtKB:Q07666	9606	Homo sapiens	IntAct	Growth factor receptor-bound protein 2	20260725
UniProtKB	P62993	GRB2	enables	GO:0005515	protein binding	molecular_function	ECO:0000353	IPI	PMID:21706016	UniProtKB:Q07889	9606	Homo sapiens	IntAct	Growth factor receptor-bound protein 2	20260725
UniProtKB	P62993	GRB2	enables	GO:0005515	protein binding	molecular_function	ECO:0000353	IPI	PMID:21706016	UniProtKB:Q07890	9606	Homo sapiens	IntAct	Growth factor receptor-bound protein 2	20260725
UniProtKB	P62993	GRB2	enables	GO:0005515	protein binding	molecular_function	ECO:0000353	IPI	PMID:21706016	UniProtKB:Q13191	9606	Homo sapiens	IntAct	Growth factor receptor-bound protein 2	20260725
UniProtKB	P62993	GRB2	enables	GO:0005515	protein binding	molecular_function	ECO:0000353	IPI	PMID:21706016	UniProtKB:Q15109	9606	Homo sapiens	IntAct	Growth factor receptor-bound protein 2	20260725
UniProtKB	P62993	GRB2	enables	GO:0005515	protein binding	molecular_function	ECO:0000353	IPI	PMID:21706016	UniProtKB:Q6ZUJ8	9606	Homo sapiens	IntAct	Growth factor receptor-bound protein 2	20260725
UniProtKB	P62993	GRB2	enables	GO:0005515	protein binding	molecular_function	ECO:0000353	IPI	PMID:21706016	UniProtKB:Q8N1I0	9606	Homo sapiens	IntAct	Growth factor receptor-bound protein 2	20260725
UniProtKB	P62993	GRB2	enables	GO:0005515	protein binding	molecular_function	ECO:0000353	IPI	PMID:21706016	UniProtKB:Q8TF74	9606	Homo sapiens	IntAct	Growth factor receptor-bound protein 2	20260725
UniProtKB	P62993	GRB2	enables	GO:0005515	protein binding	molecular_function	ECO:0000353	IPI	PMID:21706016	UniProtKB:Q92569	9606	Homo sapiens	IntAct	Growth factor receptor-bound protein 2	20260725
UniProtKB	P62993	GRB2	enables	GO:0005515	protein binding	molecular_function	ECO:0000353	IPI	PMID:21706016	UniProtKB:Q9H706	9606	Homo sapiens	IntAct	Growth factor receptor-bound protein 2	20260725
UniProtKB	P62993	GRB2	enables	GO:0005515	protein binding	molecular_function	ECO:0000353	IPI	PMID:21706016	UniProtKB:Q9UJM3	9606	Homo sapiens	IntAct	Growth factor receptor-bound protein 2	20260725
UniProtKB	P62993	GRB2	enables	GO:0005515	protein binding	molecular_function	ECO:0000353	IPI	PMID:21706016	UniProtKB:Q9UKW4	9606	Homo sapiens	IntAct	Growth factor receptor-bound protein 2	20260725
UniProtKB	P62993	GRB2	enables	GO:0005515	protein binding	molecular_function	ECO:0000353	IPI	PMID:21706016	UniProtKB:Q9ULH1	9606	Homo sapiens	IntAct	Growth factor receptor-bound protein 2	20260725
UniProtKB	P62993	GRB2	enables	GO:0005515	protein binding	molecular_function	ECO:0000353	IPI	PMID:21706016	UniProtKB:Q9UQC2	9606	Homo sapiens	IntAct	Growth factor receptor-bound protein 2	20260725
UniProtKB	P62993	GRB2	enables	GO:0005515	protein binding	molecular_function	ECO:0000353	IPI	PMID:21706016	UniProtKB:Q9Y2X7	9606	Homo sapiens	IntAct	Growth factor receptor-bound protein 2	20260725
UniProtKB	P62993	GRB2	enables	GO:0005515	protein binding	molecular_function	ECO:0000353	IPI	PMID:21706016	UniProtKB:Q9Y4K4	9606	Homo sapiens	IntAct	Growth factor receptor-bound protein 2	20260725
UniProtKB	P62993	GRB2	enables	GO:0005515	protein binding	molecular_function	ECO:0000353	IPI	PMID:21706016	UniProtKB:Q9Y5K6	9606	Homo sapiens	IntAct	Growth factor receptor-bound protein 2	20260725
UniProtKB	P62993	GRB2	enables	GO:0005515	protein binding	molecular_function	ECO:0000353	IPI	PMID:21725282	UniProtKB:O14522	9606	Homo sapiens	IntAct	Growth factor receptor-bound protein 2	20260725
UniProtKB	P62993	GRB2	enables	GO:0005515	protein binding	molecular_function	ECO:0000353	IPI	PMID:21725358	UniProtKB:P29353	9606	Homo sapiens	IntAct	Growth factor receptor-bound protein 2	20260725
UniProtKB	P62993	GRB2	enables	GO:0005515	protein binding	molecular_function	ECO:0000353	IPI	PMID:21822214	UniProtKB:Q8WV28	9606	Homo sapiens	IntAct	Growth factor receptor-bound protein 2	20260725
UniProtKB	P62993	GRB2	enables	GO:0005515	protein binding	molecular_function	ECO:0000353	IPI	PMID:21900206	UniProtKB:Q05397	9606	Homo sapiens	IntAct	Growth factor receptor-bound protein 2	20260725
UniProtKB	P62993	GRB2	enables	GO:0005515	protein binding	molecular_function	ECO:0000353	IPI	PMID:21900206	UniProtKB:Q08209	9606	Homo sapiens	IntAct	Growth factor receptor-bound protein 2	20260725
UniProtKB	P62993	GRB2	enables	GO:0005515	protein binding	molecular_function	ECO:0000353	IPI	PMID:21900206	UniProtKB:Q13191	9606	Homo sapiens	IntAct	Growth factor receptor-bound protein 2	20260725
UniProtKB	P62993	GRB2	enables	GO:0005515	protein binding	molecular_function	ECO:0000353	IPI	PMID:21900206	UniProtKB:Q9Y2X7	9606	Homo sapiens	IntAct	Growth factor receptor-bound protein 2	20260725
UniProtKB	P62993	GRB2	enables	GO:0005515	protein binding	molecular_function	ECO:0000353	IPI	PMID:21988832	UniProtKB:O43516	9606	Homo sapiens	IntAct	Growth factor receptor-bound protein 2	20260725
UniProtKB	P62993	GRB2	enables	GO:0005515	protein binding	molecular_function	ECO:0000353	IPI	PMID:21988832	UniProtKB:P50570	9606	Homo sapiens	IntAct	Growth factor receptor-bound protein 2	20260725
UniProtKB	P62993	GRB2	enables	GO:0005515	protein binding	molecular_function	ECO:0000353	IPI	PMID:21988832	UniProtKB:P61978	9606	Homo sapiens	IntAct	Growth factor receptor-bound protein 2	20260725
UniProtKB	P62993	GRB2	enables	GO:0005515	protein binding	molecular_function	ECO:0000353	IPI	PMID:21988832	UniProtKB:Q07666	9606	Homo sapiens	IntAct	Growth factor receptor-bound protein 2	20260725
UniProtKB	P62993	GRB2	enables	GO:0005515	protein binding	molecular_function	ECO:0000353	IPI	PMID:21988832	UniProtKB:Q07889	9606	Homo sapiens	IntAct	Growth factor receptor-bound protein 2	20260725
UniProtKB	P62993	GRB2	enables	GO:0005515	protein binding	molecular_function	ECO:0000353	IPI	PMID:21988832	UniProtKB:Q07890	9606	Homo sapiens	IntAct	Growth factor receptor-bound protein 2	20260725
UniProtKB	P62993	GRB2	enables	GO:0005515	protein binding	molecular_function	ECO:0000353	IPI	PMID:21988832	UniProtKB:Q12774	9606	Homo sapiens	IntAct	Growth factor receptor-bound protein 2	20260725
UniProtKB	P62993	GRB2	enables	GO:0005515	protein binding	molecular_function	ECO:0000353	IPI	PMID:21988832	UniProtKB:Q15427	9606	Homo sapiens	IntAct	Growth factor receptor-bound protein 2	20260725
UniProtKB	P62993	GRB2	enables	GO:0005515	protein binding	molecular_function	ECO:0000353	IPI	PMID:21988832	UniProtKB:Q6ZUJ8	9606	Homo sapiens	IntAct	Growth factor receptor-bound protein 2	20260725
UniProtKB	P62993	GRB2	enables	GO:0005515	protein binding	molecular_function	ECO:0000353	IPI	PMID:21988832	UniProtKB:Q8N1I0	9606	Homo sapiens	IntAct	Growth factor receptor-bound protein 2	20260725
UniProtKB	P62993	GRB2	enables	GO:0005515	protein binding	molecular_function	ECO:0000353	IPI	PMID:21988832	UniProtKB:Q8TF74	9606	Homo sapiens	IntAct	Growth factor receptor-bound protein 2	20260725
UniProtKB	P62993	GRB2	enables	GO:0005515	protein binding	molecular_function	ECO:0000353	IPI	PMID:21988832	UniProtKB:Q9BYB0	9606	Homo sapiens	IntAct	Growth factor receptor-bound protein 2	20260725
UniProtKB	P62993	GRB2	enables	GO:0005515	protein binding	molecular_function	ECO:0000353	IPI	PMID:21988832	UniProtKB:Q9H706	9606	Homo sapiens	IntAct	Growth factor receptor-bound protein 2	20260725
UniProtKB	P62993	GRB2	enables	GO:0005515	protein binding	molecular_function	ECO:0000353	IPI	PMID:21988832	UniProtKB:Q9UJM3	9606	Homo sapiens	IntAct	Growth factor receptor-bound protein 2	20260725
UniProtKB	P62993	GRB2	enables	GO:0005515	protein binding	molecular_function	ECO:0000353	IPI	PMID:21988832	UniProtKB:Q9ULH1	9606	Homo sapiens	IntAct	Growth factor receptor-bound protein 2	20260725
UniProtKB	P62993	GRB2	enables	GO:0005515	protein binding	molecular_function	ECO:0000353	IPI	PMID:21988832	UniProtKB:Q9Y2W2	9606	Homo sapiens	IntAct	Growth factor receptor-bound protein 2	20260725
UniProtKB	P62993	GRB2	enables	GO:0005515	protein binding	molecular_function	ECO:0000353	IPI	PMID:21988832	UniProtKB:Q9Y5K6	9606	Homo sapiens	IntAct	Growth factor receptor-bound protein 2	20260725
UniProtKB	P62993	GRB2	enables	GO:0005515	protein binding	molecular_function	ECO:0000353	IPI	PMID:22057045	UniProtKB:P29353	9606	Homo sapiens	IntAct	Growth factor receptor-bound protein 2	20260725
UniProtKB	P62993	GRB2	enables	GO:0005515	protein binding	molecular_function	ECO:0000353	IPI	PMID:22323290	UniProtKB:P98078	9606	Homo sapiens	IntAct	Growth factor receptor-bound protein 2	20260725
UniProtKB	P62993	GRB2	enables	GO:0005515	protein binding	molecular_function	ECO:0000353	IPI	PMID:22536782	UniProtKB:Q13480	9606	Homo sapiens	IntAct	Growth factor receptor-bound protein 2	20260725
UniProtKB	P62993	GRB2	enables	GO:0005515	protein binding	molecular_function	ECO:0000353	IPI	PMID:22726438	UniProtKB:P21802	9606	Homo sapiens	IntAct	Growth factor receptor-bound protein 2	20260725
UniProtKB	P62993	GRB2	enables	GO:0005515	protein binding	molecular_function	ECO:0000353	IPI	PMID:23178716	UniProtKB:P00533	9606	Homo sapiens	IntAct	Growth factor receptor-bound protein 2	20260725
UniProtKB	P62993	GRB2	enables	GO:0005515	protein binding	molecular_function	ECO:0000353	IPI	PMID:23178716	UniProtKB:P29353	9606	Homo sapiens	IntAct	Growth factor receptor-bound protein 2	20260725
UniProtKB	P62993	GRB2	enables	GO:0005515	protein binding	molecular_function	ECO:0000353	IPI	PMID:23460737	UniProtKB:Q8N1K5-1	9606	Homo sapiens	IntAct	Growth factor receptor-bound protein 2	20260725
UniProtKB	P62993	GRB2	enables	GO:0005515	protein binding	molecular_function	ECO:0000353	IPI	PMID:23799367	UniProtKB:P00533	9606	Homo sapiens	IntAct	Growth factor receptor-bound protein 2	20260725
UniProtKB	P62993	GRB2	enables	GO:0005515	protein binding	molecular_function	ECO:0000353	IPI	PMID:23799367	UniProtKB:P22681	9606	Homo sapiens	IntAct	Growth factor receptor-bound protein 2	20260725
UniProtKB	P62993	GRB2	enables	GO:0005515	protein binding	molecular_function	ECO:0000353	IPI	PMID:24189400	UniProtKB:P00533	9606	Homo sapiens	IntAct	Growth factor receptor-bound protein 2	20260725
UniProtKB	P62993	GRB2	enables	GO:0005515	protein binding	molecular_function	ECO:0000353	IPI	PMID:24189400	UniProtKB:P04626	9606	Homo sapiens	IntAct	Growth factor receptor-bound protein 2	20260725
UniProtKB	P62993	GRB2	enables	GO:0005515	protein binding	molecular_function	ECO:0000353	IPI	PMID:24189400	UniProtKB:P18433	9606	Homo sapiens	IntAct	Growth factor receptor-bound protein 2	20260725
UniProtKB	P62993	GRB2	enables	GO:0005515	protein binding	molecular_function	ECO:0000353	IPI	PMID:24189400	UniProtKB:P21860	9606	Homo sapiens	IntAct	Growth factor receptor-bound protein 2	20260725
UniProtKB	P62993	GRB2	enables	GO:0005515	protein binding	molecular_function	ECO:0000353	IPI	PMID:24189400	UniProtKB:P29353	9606	Homo sapiens	IntAct	Growth factor receptor-bound protein 2	20260725
UniProtKB	P62993	GRB2	enables	GO:0005515	protein binding	molecular_function	ECO:0000353	IPI	PMID:24189400	UniProtKB:P35579	9606	Homo sapiens	IntAct	Growth factor receptor-bound protein 2	20260725
UniProtKB	P62993	GRB2	enables	GO:0005515	protein binding	molecular_function	ECO:0000353	IPI	PMID:24189400	UniProtKB:Q12774	9606	Homo sapiens	IntAct	Growth factor receptor-bound protein 2	20260725
UniProtKB	P62993	GRB2	enables	GO:0005515	protein binding	molecular_function	ECO:0000353	IPI	PMID:24189400	UniProtKB:Q9UJM3	9606	Homo sapiens	IntAct	Growth factor receptor-bound protein 2	20260725
UniProtKB	P62993	GRB2	enables	GO:0005515	protein binding	molecular_function	ECO:0000353	IPI	PMID:24658140	UniProtKB:P00533	9606	Homo sapiens	IntAct	Growth factor receptor-bound protein 2	20260725
UniProtKB	P62993	GRB2	enables	GO:0005515	protein binding	molecular_function	ECO:0000353	IPI	PMID:24658140	UniProtKB:P04626	9606	Homo sapiens	IntAct	Growth factor receptor-bound protein 2	20260725
UniProtKB	P62993	GRB2	enables	GO:0005515	protein binding	molecular_function	ECO:0000353	IPI	PMID:24658140	UniProtKB:P21860	9606	Homo sapiens	IntAct	Growth factor receptor-bound protein 2	20260725
UniProtKB	P62993	GRB2	enables	GO:0005515	protein binding	molecular_function	ECO:0000353	IPI	PMID:24728074	UniProtKB:P10721	9606	Homo sapiens	IntAct	Growth factor receptor-bound protein 2	20260725
UniProtKB	P62993	GRB2	enables	GO:0005515	protein binding	molecular_function	ECO:0000353	IPI	PMID:24902122	UniProtKB:Q7VLE8	9606	Homo sapiens	IntAct	Growth factor receptor-bound protein 2	20260725
UniProtKB	P62993	GRB2	enables	GO:0005515	protein binding	molecular_function	ECO:0000353	IPI	PMID:25036101	UniProtKB:O14672	9606	Homo sapiens	IntAct	Growth factor receptor-bound protein 2	20260725
UniProtKB	P62993	GRB2	enables	GO:0005515	protein binding	molecular_function	ECO:0000353	IPI	PMID:25036637	UniProtKB:P22681	9606	Homo sapiens	IntAct	Growth factor receptor-bound protein 2	20260725
UniProtKB	P62993	GRB2	enables	GO:0005515	protein binding	molecular_function	ECO:0000353	IPI	PMID:25416956	UniProtKB:B7ZLH0	9606	Homo sapiens	IntAct	Growth factor receptor-bound protein 2	20260725
UniProtKB	P62993	GRB2	enables	GO:0005515	protein binding	molecular_function	ECO:0000353	IPI	PMID:25416956	UniProtKB:O00401	9606	Homo sapiens	IntAct	Growth factor receptor-bound protein 2	20260725
UniProtKB	P62993	GRB2	enables	GO:0005515	protein binding	molecular_function	ECO:0000353	IPI	PMID:25416956	UniProtKB:O15156	9606	Homo sapiens	IntAct	Growth factor receptor-bound protein 2	20260725
UniProtKB	P62993	GRB2	enables	GO:0005515	protein binding	molecular_function	ECO:0000353	IPI	PMID:25416956	UniProtKB:O95630	9606	Homo sapiens	IntAct	Growth factor receptor-bound protein 2	20260725
UniProtKB	P62993	GRB2	enables	GO:0005515	protein binding	molecular_function	ECO:0000353	IPI	PMID:25416956	UniProtKB:P14373	9606	Homo sapiens	IntAct	Growth factor receptor-bound protein 2	20260725
UniProtKB	P62993	GRB2	enables	GO:0005515	protein binding	molecular_function	ECO:0000353	IPI	PMID:25416956	UniProtKB:P25791	9606	Homo sapiens	IntAct	Growth factor receptor-bound protein 2	20260725
UniProtKB	P62993	GRB2	enables	GO:0005515	protein binding	molecular_function	ECO:0000353	IPI	PMID:25416956	UniProtKB:P27986	9606	Homo sapiens	IntAct	Growth factor receptor-bound protein 2	20260725
UniProtKB	P62993	GRB2	enables	GO:0005515	protein binding	molecular_function	ECO:0000353	IPI	PMID:25416956	UniProtKB:P29353	9606	Homo sapiens	IntAct	Growth factor receptor-bound protein 2	20260725
UniProtKB	P62993	GRB2	enables	GO:0005515	protein binding	molecular_function	ECO:0000353	IPI	PMID:25416956	UniProtKB:P61978	9606	Homo sapiens	IntAct	Growth factor receptor-bound protein 2	20260725
UniProtKB	P62993	GRB2	enables	GO:0005515	protein binding	molecular_function	ECO:0000353	IPI	PMID:25416956	UniProtKB:Q04864	9606	Homo sapiens	IntAct	Growth factor receptor-bound protein 2	20260725
UniProtKB	P62993	GRB2	enables	GO:0005515	protein binding	molecular_function	ECO:0000353	IPI	PMID:25416956	UniProtKB:Q08117	9606	Homo sapiens	IntAct	Growth factor receptor-bound protein 2	20260725
UniProtKB	P62993	GRB2	enables	GO:0005515	protein binding	molecular_function	ECO:0000353	IPI	PMID:25416956	UniProtKB:Q0VD86	9606	Homo sapiens	IntAct	Growth factor receptor-bound protein 2	20260725
UniProtKB	P62993	GRB2	enables	GO:0005515	protein binding	molecular_function	ECO:0000353	IPI	PMID:25416956	UniProtKB:Q12929	9606	Homo sapiens	IntAct	Growth factor receptor-bound protein 2	20260725
UniProtKB	P62993	GRB2	enables	GO:0005515	protein binding	molecular_function	ECO:0000353	IPI	PMID:25416956	UniProtKB:Q13094	9606	Homo sapiens	IntAct	Growth factor receptor-bound protein 2	20260725
UniProtKB	P62993	GRB2	enables	GO:0005515	protein binding	molecular_function	ECO:0000353	IPI	PMID:25416956	UniProtKB:Q13191	9606	Homo sapiens	IntAct	Growth factor receptor-bound protein 2	20260725
UniProtKB	P62993	GRB2	enables	GO:0005515	protein binding	molecular_function	ECO:0000353	IPI	PMID:25416956	UniProtKB:Q13625-3	9606	Homo sapiens	IntAct	Growth factor receptor-bound protein 2	20260725
UniProtKB	P62993	GRB2	enables	GO:0005515	protein binding	molecular_function	ECO:0000353	IPI	PMID:25416956	UniProtKB:Q6P1W5	9606	Homo sapiens	IntAct	Growth factor receptor-bound protein 2	20260725
UniProtKB	P62993	GRB2	enables	GO:0005515	protein binding	molecular_function	ECO:0000353	IPI	PMID:25416956	UniProtKB:Q7L190	9606	Homo sapiens	IntAct	Growth factor receptor-bound protein 2	20260725
UniProtKB	P62993	GRB2	enables	GO:0005515	protein binding	molecular_function	ECO:0000353	IPI	PMID:25416956	UniProtKB:Q8IX15-3	9606	Homo sapiens	IntAct	Growth factor receptor-bound protein 2	20260725
UniProtKB	P62993	GRB2	enables	GO:0005515	protein binding	molecular_function	ECO:0000353	IPI	PMID:25416956	UniProtKB:Q8TBB1	9606	Homo sapiens	IntAct	Growth factor receptor-bound protein 2	20260725
UniProtKB	P62993	GRB2	enables	GO:0005515	protein binding	molecular_function	ECO:0000353	IPI	PMID:25416956	UniProtKB:Q92841	9606	Homo sapiens	IntAct	Growth factor receptor-bound protein 2	20260725
UniProtKB	P62993	GRB2	enables	GO:0005515	protein binding	molecular_function	ECO:0000353	IPI	PMID:25416956	UniProtKB:Q96PV4	9606	Homo sapiens	IntAct	Growth factor receptor-bound protein 2	20260725
UniProtKB	P62993	GRB2	enables	GO:0005515	protein binding	molecular_function	ECO:0000353	IPI	PMID:25416956	UniProtKB:Q9BRK4	9606	Homo sapiens	IntAct	Growth factor receptor-bound protein 2	20260725
UniProtKB	P62993	GRB2	enables	GO:0005515	protein binding	molecular_function	ECO:0000353	IPI	PMID:25416956	UniProtKB:Q9BRR9	9606	Homo sapiens	IntAct	Growth factor receptor-bound protein 2	20260725
UniProtKB	P62993	GRB2	enables	GO:0005515	protein binding	molecular_function	ECO:0000353	IPI	PMID:25416956	UniProtKB:Q9GZT8	9606	Homo sapiens	IntAct	Growth factor receptor-bound protein 2	20260725
UniProtKB	P62993	GRB2	enables	GO:0005515	protein binding	molecular_function	ECO:0000353	IPI	PMID:25416956	UniProtKB:Q9H706	9606	Homo sapiens	IntAct	Growth factor receptor-bound protein 2	20260725
UniProtKB	P62993	GRB2	enables	GO:0005515	protein binding	molecular_function	ECO:0000353	IPI	PMID:25416956	UniProtKB:Q9P2A4	9606	Homo sapiens	IntAct	Growth factor receptor-bound protein 2	20260725
UniProtKB	P62993	GRB2	enables	GO:0005515	protein binding	molecular_function	ECO:0000353	IPI	PMID:25416956	UniProtKB:Q9UKT9	9606	Homo sapiens	IntAct	Growth factor receptor-bound protein 2	20260725
UniProtKB	P62993	GRB2	enables	GO:0005515	protein binding	molecular_function	ECO:0000353	IPI	PMID:25416956	UniProtKB:Q9UQC2	9606	Homo sapiens	IntAct	Growth factor receptor-bound protein 2	20260725
UniProtKB	P62993	GRB2	enables	GO:0005515	protein binding	molecular_function	ECO:0000353	IPI	PMID:25416956	UniProtKB:Q9Y2W2	9606	Homo sapiens	IntAct	Growth factor receptor-bound protein 2	20260725
UniProtKB	P62993	GRB2	enables	GO:0005515	protein binding	molecular_function	ECO:0000353	IPI	PMID:25535246	UniProtKB:P29350	9606	Homo sapiens	IntAct	Growth factor receptor-bound protein 2	20260725
UniProtKB	P62993	GRB2	enables	GO:0005515	protein binding	molecular_function	ECO:0000353	IPI	PMID:25535246	UniProtKB:Q8N1K5	9606	Homo sapiens	IntAct	Growth factor receptor-bound protein 2	20260725
UniProtKB	P62993	GRB2	enables	GO:0005515	protein binding	molecular_function	ECO:0000353	IPI	PMID:25814554	UniProtKB:O60636	9606	Homo sapiens	IntAct	Growth factor receptor-bound protein 2	20260725
UniProtKB	P62993	GRB2	enables	GO:0005515	protein binding	molecular_function	ECO:0000353	IPI	PMID:25814554	UniProtKB:P06400	9606	Homo sapiens	IntAct	Growth factor receptor-bound protein 2	20260725
UniProtKB	P62993	GRB2	enables	GO:0005515	protein binding	molecular_function	ECO:0000353	IPI	PMID:25814554	UniProtKB:P22681	9606	Homo sapiens	IntAct	Growth factor receptor-bound protein 2	20260725
UniProtKB	P62993	GRB2	enables	GO:0005515	protein binding	molecular_function	ECO:0000353	IPI	PMID:25814554	UniProtKB:P55072	9606	Homo sapiens	IntAct	Growth factor receptor-bound protein 2	20260725
UniProtKB	P62993	GRB2	enables	GO:0005515	protein binding	molecular_function	ECO:0000353	IPI	PMID:25814554	UniProtKB:Q07869	9606	Homo sapiens	IntAct	Growth factor receptor-bound protein 2	20260725
UniProtKB	P62993	GRB2	enables	GO:0005515	protein binding	molecular_function	ECO:0000353	IPI	PMID:25814554	UniProtKB:Q15027	9606	Homo sapiens	IntAct	Growth factor receptor-bound protein 2	20260725
UniProtKB	P62993	GRB2	enables	GO:0005515	protein binding	molecular_function	ECO:0000353	IPI	PMID:25814554	UniProtKB:Q16643	9606	Homo sapiens	IntAct	Growth factor receptor-bound protein 2	20260725
UniProtKB	P62993	GRB2	enables	GO:0005515	protein binding	molecular_function	ECO:0000353	IPI	PMID:25814554	UniProtKB:Q5BJH2-2	9606	Homo sapiens	IntAct	Growth factor receptor-bound protein 2	20260725
UniProtKB	P62993	GRB2	enables	GO:0005515	protein binding	molecular_function	ECO:0000353	IPI	PMID:25814554	UniProtKB:Q5SXH7-1	9606	Homo sapiens	IntAct	Growth factor receptor-bound protein 2	20260725
UniProtKB	P62993	GRB2	enables	GO:0005515	protein binding	molecular_function	ECO:0000353	IPI	PMID:25814554	UniProtKB:Q66PJ3-4	9606	Homo sapiens	IntAct	Growth factor receptor-bound protein 2	20260725
UniProtKB	P62993	GRB2	enables	GO:0005515	protein binding	molecular_function	ECO:0000353	IPI	PMID:25814554	UniProtKB:Q8TE12	9606	Homo sapiens	IntAct	Growth factor receptor-bound protein 2	20260725
UniProtKB	P62993	GRB2	enables	GO:0005515	protein binding	molecular_function	ECO:0000353	IPI	PMID:25814554	UniProtKB:Q8WXH5	9606	Homo sapiens	IntAct	Growth factor receptor-bound protein 2	20260725
UniProtKB	P62993	GRB2	enables	GO:0005515	protein binding	molecular_function	ECO:0000353	IPI	PMID:25814554	UniProtKB:Q9NPB6-2	9606	Homo sapiens	IntAct	Growth factor receptor-bound protein 2	20260725
UniProtKB	P62993	GRB2	enables	GO:0005515	protein binding	molecular_function	ECO:0000353	IPI	PMID:25819436	UniProtKB:O43295	9606	Homo sapiens	IntAct	Growth factor receptor-bound protein 2	20260725
UniProtKB	P62993	GRB2	enables	GO:0005515	protein binding	molecular_function	ECO:0000353	IPI	PMID:25825872	UniProtKB:Q13444	9606	Homo sapiens	IntAct	Growth factor receptor-bound protein 2	20260725
UniProtKB	P62993	GRB2	enables	GO:0005515	protein binding	molecular_function	ECO:0000353	IPI	PMID:27059931	UniProtKB:P00533	9606	Homo sapiens	IntAct	Growth factor receptor-bound protein 2	20260725
UniProtKB	P62993	GRB2	enables	GO:0005515	protein binding	molecular_function	ECO:0000353	IPI	PMID:27107012	UniProtKB:O00401	9606	Homo sapiens	IntAct	Growth factor receptor-bound protein 2	20260725
UniProtKB	P62993	GRB2	enables	GO:0005515	protein binding	molecular_function	ECO:0000353	IPI	PMID:27107012	UniProtKB:P50570	9606	Homo sapiens	IntAct	Growth factor receptor-bound protein 2	20260725
UniProtKB	P62993	GRB2	enables	GO:0005515	protein binding	molecular_function	ECO:0000353	IPI	PMID:27107012	UniProtKB:Q13191	9606	Homo sapiens	IntAct	Growth factor receptor-bound protein 2	20260725
UniProtKB	P62993	GRB2	enables	GO:0005515	protein binding	molecular_function	ECO:0000353	IPI	PMID:27107012	UniProtKB:Q9UKT9	9606	Homo sapiens	IntAct	Growth factor receptor-bound protein 2	20260725
UniProtKB	P62993	GRB2	enables	GO:0005515	protein binding	molecular_function	ECO:0000353	IPI	PMID:28046066	UniProtKB:Q8N1K5	9606	Homo sapiens	IntAct	Growth factor receptor-bound protein 2	20260725
UniProtKB	P62993	GRB2	enables	GO:0005515	protein binding	molecular_function	ECO:0000353	IPI	PMID:28065597	UniProtKB:P18433	9606	Homo sapiens	IntAct	Growth factor receptor-bound protein 2	20260725
UniProtKB	P62993	GRB2	enables	GO:0005515	protein binding	molecular_function	ECO:0000353	IPI	PMID:28330616	UniProtKB:P18433	9606	Homo sapiens	IntAct	Growth factor receptor-bound protein 2	20260725
UniProtKB	P62993	GRB2	enables	GO:0005515	protein binding	molecular_function	ECO:0000353	IPI	PMID:28514442	UniProtKB:O00401	9606	Homo sapiens	IntAct	Growth factor receptor-bound protein 2	20260725
UniProtKB	P62993	GRB2	enables	GO:0005515	protein binding	molecular_function	ECO:0000353	IPI	PMID:28514442	UniProtKB:O00750	9606	Homo sapiens	IntAct	Growth factor receptor-bound protein 2	20260725
UniProtKB	P62993	GRB2	enables	GO:0005515	protein binding	molecular_function	ECO:0000353	IPI	PMID:28514442	UniProtKB:O43516	9606	Homo sapiens	IntAct	Growth factor receptor-bound protein 2	20260725
UniProtKB	P62993	GRB2	enables	GO:0005515	protein binding	molecular_function	ECO:0000353	IPI	PMID:28514442	UniProtKB:O95630	9606	Homo sapiens	IntAct	Growth factor receptor-bound protein 2	20260725
UniProtKB	P62993	GRB2	enables	GO:0005515	protein binding	molecular_function	ECO:0000353	IPI	PMID:28514442	UniProtKB:P11274	9606	Homo sapiens	IntAct	Growth factor receptor-bound protein 2	20260725
UniProtKB	P62993	GRB2	enables	GO:0005515	protein binding	molecular_function	ECO:0000353	IPI	PMID:28514442	UniProtKB:P18433	9606	Homo sapiens	IntAct	Growth factor receptor-bound protein 2	20260725
UniProtKB	P62993	GRB2	enables	GO:0005515	protein binding	molecular_function	ECO:0000353	IPI	PMID:28514442	UniProtKB:P22681	9606	Homo sapiens	IntAct	Growth factor receptor-bound protein 2	20260725
UniProtKB	P62993	GRB2	enables	GO:0005515	protein binding	molecular_function	ECO:0000353	IPI	PMID:28514442	UniProtKB:P42336	9606	Homo sapiens	IntAct	Growth factor receptor-bound protein 2	20260725
UniProtKB	P62993	GRB2	enables	GO:0005515	protein binding	molecular_function	ECO:0000353	IPI	PMID:28514442	UniProtKB:Q07889	9606	Homo sapiens	IntAct	Growth factor receptor-bound protein 2	20260725
UniProtKB	P62993	GRB2	enables	GO:0005515	protein binding	molecular_function	ECO:0000353	IPI	PMID:28514442	UniProtKB:Q07890	9606	Homo sapiens	IntAct	Growth factor receptor-bound protein 2	20260725
UniProtKB	P62993	GRB2	enables	GO:0005515	protein binding	molecular_function	ECO:0000353	IPI	PMID:28514442	UniProtKB:Q13191	9606	Homo sapiens	IntAct	Growth factor receptor-bound protein 2	20260725
UniProtKB	P62993	GRB2	enables	GO:0005515	protein binding	molecular_function	ECO:0000353	IPI	PMID:28514442	UniProtKB:Q14185	9606	Homo sapiens	IntAct	Growth factor receptor-bound protein 2	20260725
UniProtKB	P62993	GRB2	enables	GO:0005515	protein binding	molecular_function	ECO:0000353	IPI	PMID:28514442	UniProtKB:Q6ZUJ8	9606	Homo sapiens	IntAct	Growth factor receptor-bound protein 2	20260725
UniProtKB	P62993	GRB2	enables	GO:0005515	protein binding	molecular_function	ECO:0000353	IPI	PMID:28514442	UniProtKB:Q8IUW3	9606	Homo sapiens	IntAct	Growth factor receptor-bound protein 2	20260725
UniProtKB	P62993	GRB2	enables	GO:0005515	protein binding	molecular_function	ECO:0000353	IPI	PMID:28514442	UniProtKB:Q8TF74	9606	Homo sapiens	IntAct	Growth factor receptor-bound protein 2	20260725
UniProtKB	P62993	GRB2	enables	GO:0005515	protein binding	molecular_function	ECO:0000353	IPI	PMID:28514442	UniProtKB:Q9H3S7	9606	Homo sapiens	IntAct	Growth factor receptor-bound protein 2	20260725
UniProtKB	P62993	GRB2	enables	GO:0005515	protein binding	molecular_function	ECO:0000353	IPI	PMID:28514442	UniProtKB:Q9UJM3	9606	Homo sapiens	IntAct	Growth factor receptor-bound protein 2	20260725
UniProtKB	P62993	GRB2	enables	GO:0005515	protein binding	molecular_function	ECO:0000353	IPI	PMID:28514442	UniProtKB:Q9ULH1	9606	Homo sapiens	IntAct	Growth factor receptor-bound protein 2	20260725
UniProtKB	P62993	GRB2	enables	GO:0005515	protein binding	molecular_function	ECO:0000353	IPI	PMID:28514442	UniProtKB:Q9Y4K4	9606	Homo sapiens	IntAct	Growth factor receptor-bound protein 2	20260725
UniProtKB	P62993	GRB2	enables	GO:0005515	protein binding	molecular_function	ECO:0000353	IPI	PMID:29892012	UniProtKB:Q8TBB1	9606	Homo sapiens	IntAct	Growth factor receptor-bound protein 2	20260725
UniProtKB	P62993	GRB2	enables	GO:0005515	protein binding	molecular_function	ECO:0000353	IPI	PMID:29997244	UniProtKB:P15498	9606	Homo sapiens	IntAct	Growth factor receptor-bound protein 2	20260725
UniProtKB	P62993	GRB2	enables	GO:0005515	protein binding	molecular_function	ECO:0000353	IPI	PMID:29997244	UniProtKB:Q13191	9606	Homo sapiens	IntAct	Growth factor receptor-bound protein 2	20260725
UniProtKB	P62993	GRB2	enables	GO:0005515	protein binding	molecular_function	ECO:0000353	IPI	PMID:31467278	UniProtKB:Q13191	9606	Homo sapiens	IntAct	Growth factor receptor-bound protein 2	20260725
UniProtKB	P62993	GRB2	enables	GO:0005515	protein binding	molecular_function	ECO:0000353	IPI	PMID:31515488	UniProtKB:O95630	9606	Homo sapiens	IntAct	Growth factor receptor-bound protein 2	20260725
UniProtKB	P62993	GRB2	enables	GO:0005515	protein binding	molecular_function	ECO:0000353	IPI	PMID:31515488	UniProtKB:Q0VD86	9606	Homo sapiens	IntAct	Growth factor receptor-bound protein 2	20260725
UniProtKB	P62993	GRB2	enables	GO:0005515	protein binding	molecular_function	ECO:0000353	IPI	PMID:31515488	UniProtKB:Q9UQC2	9606	Homo sapiens	IntAct	Growth factor receptor-bound protein 2	20260725
UniProtKB	P62993	GRB2	enables	GO:0005515	protein binding	molecular_function	ECO:0000353	IPI	PMID:31585087	UniProtKB:P00533	9606	Homo sapiens	IntAct	Growth factor receptor-bound protein 2	20260725
UniProtKB	P62993	GRB2	enables	GO:0005515	protein binding	molecular_function	ECO:0000353	IPI	PMID:31585087	UniProtKB:Q06124	9606	Homo sapiens	IntAct	Growth factor receptor-bound protein 2	20260725
UniProtKB	P62993	GRB2	enables	GO:0005515	protein binding	molecular_function	ECO:0000353	IPI	PMID:31820037	UniProtKB:P27986	9606	Homo sapiens	IntAct	Growth factor receptor-bound protein 2	20260725
UniProtKB	P62993	GRB2	enables	GO:0005515	protein binding	molecular_function	ECO:0000353	IPI	PMID:31820037	UniProtKB:P29353	9606	Homo sapiens	IntAct	Growth factor receptor-bound protein 2	20260725
UniProtKB	P62993	GRB2	enables	GO:0005515	protein binding	molecular_function	ECO:0000353	IPI	PMID:31820037	UniProtKB:Q07889	9606	Homo sapiens	IntAct	Growth factor receptor-bound protein 2	20260725
UniProtKB	P62993	GRB2	enables	GO:0005515	protein binding	molecular_function	ECO:0000353	IPI	PMID:31980649	UniProtKB:O00401	9606	Homo sapiens	IntAct	Growth factor receptor-bound protein 2	20260725
UniProtKB	P62993	GRB2	enables	GO:0005515	protein binding	molecular_function	ECO:0000353	IPI	PMID:31980649	UniProtKB:O00750	9606	Homo sapiens	IntAct	Growth factor receptor-bound protein 2	20260725
UniProtKB	P62993	GRB2	enables	GO:0005515	protein binding	molecular_function	ECO:0000353	IPI	PMID:31980649	UniProtKB:P00533	9606	Homo sapiens	IntAct	Growth factor receptor-bound protein 2	20260725
UniProtKB	P62993	GRB2	enables	GO:0005515	protein binding	molecular_function	ECO:0000353	IPI	PMID:31980649	UniProtKB:P04626	9606	Homo sapiens	IntAct	Growth factor receptor-bound protein 2	20260725
UniProtKB	P62993	GRB2	enables	GO:0005515	protein binding	molecular_function	ECO:0000353	IPI	PMID:31980649	UniProtKB:P11021	9606	Homo sapiens	IntAct	Growth factor receptor-bound protein 2	20260725
UniProtKB	P62993	GRB2	enables	GO:0005515	protein binding	molecular_function	ECO:0000353	IPI	PMID:31980649	UniProtKB:P18031	9606	Homo sapiens	IntAct	Growth factor receptor-bound protein 2	20260725
UniProtKB	P62993	GRB2	enables	GO:0005515	protein binding	molecular_function	ECO:0000353	IPI	PMID:31980649	UniProtKB:P18433	9606	Homo sapiens	IntAct	Growth factor receptor-bound protein 2	20260725
UniProtKB	P62993	GRB2	enables	GO:0005515	protein binding	molecular_function	ECO:0000353	IPI	PMID:31980649	UniProtKB:P22681	9606	Homo sapiens	IntAct	Growth factor receptor-bound protein 2	20260725
UniProtKB	P62993	GRB2	enables	GO:0005515	protein binding	molecular_function	ECO:0000353	IPI	PMID:31980649	UniProtKB:P29353	9606	Homo sapiens	IntAct	Growth factor receptor-bound protein 2	20260725
UniProtKB	P62993	GRB2	enables	GO:0005515	protein binding	molecular_function	ECO:0000353	IPI	PMID:31980649	UniProtKB:P50570	9606	Homo sapiens	IntAct	Growth factor receptor-bound protein 2	20260725
UniProtKB	P62993	GRB2	enables	GO:0005515	protein binding	molecular_function	ECO:0000353	IPI	PMID:31980649	UniProtKB:P61978	9606	Homo sapiens	IntAct	Growth factor receptor-bound protein 2	20260725
UniProtKB	P62993	GRB2	enables	GO:0005515	protein binding	molecular_function	ECO:0000353	IPI	PMID:31980649	UniProtKB:Q05193	9606	Homo sapiens	IntAct	Growth factor receptor-bound protein 2	20260725
UniProtKB	P62993	GRB2	enables	GO:0005515	protein binding	molecular_function	ECO:0000353	IPI	PMID:31980649	UniProtKB:Q06124	9606	Homo sapiens	IntAct	Growth factor receptor-bound protein 2	20260725
UniProtKB	P62993	GRB2	enables	GO:0005515	protein binding	molecular_function	ECO:0000353	IPI	PMID:31980649	UniProtKB:Q07889	9606	Homo sapiens	IntAct	Growth factor receptor-bound protein 2	20260725
UniProtKB	P62993	GRB2	enables	GO:0005515	protein binding	molecular_function	ECO:0000353	IPI	PMID:31980649	UniProtKB:Q07890	9606	Homo sapiens	IntAct	Growth factor receptor-bound protein 2	20260725
UniProtKB	P62993	GRB2	enables	GO:0005515	protein binding	molecular_function	ECO:0000353	IPI	PMID:31980649	UniProtKB:Q12774	9606	Homo sapiens	IntAct	Growth factor receptor-bound protein 2	20260725
UniProtKB	P62993	GRB2	enables	GO:0005515	protein binding	molecular_function	ECO:0000353	IPI	PMID:31980649	UniProtKB:Q13191	9606	Homo sapiens	IntAct	Growth factor receptor-bound protein 2	20260725
UniProtKB	P62993	GRB2	enables	GO:0005515	protein binding	molecular_function	ECO:0000353	IPI	PMID:31980649	UniProtKB:Q13480	9606	Homo sapiens	IntAct	Growth factor receptor-bound protein 2	20260725
UniProtKB	P62993	GRB2	enables	GO:0005515	protein binding	molecular_function	ECO:0000353	IPI	PMID:31980649	UniProtKB:Q14185	9606	Homo sapiens	IntAct	Growth factor receptor-bound protein 2	20260725
UniProtKB	P62993	GRB2	enables	GO:0005515	protein binding	molecular_function	ECO:0000353	IPI	PMID:31980649	UniProtKB:Q6ZUJ8	9606	Homo sapiens	IntAct	Growth factor receptor-bound protein 2	20260725
UniProtKB	P62993	GRB2	enables	GO:0005515	protein binding	molecular_function	ECO:0000353	IPI	PMID:31980649	UniProtKB:Q8N1I0	9606	Homo sapiens	IntAct	Growth factor receptor-bound protein 2	20260725
UniProtKB	P62993	GRB2	enables	GO:0005515	protein binding	molecular_function	ECO:0000353	IPI	PMID:31980649	UniProtKB:Q8TF74	9606	Homo sapiens	IntAct	Growth factor receptor-bound protein 2	20260725
UniProtKB	P62993	GRB2	enables	GO:0005515	protein binding	molecular_function	ECO:0000353	IPI	PMID:31980649	UniProtKB:Q9H706	9606	Homo sapiens	IntAct	Growth factor receptor-bound protein 2	20260725
UniProtKB	P62993	GRB2	enables	GO:0005515	protein binding	molecular_function	ECO:0000353	IPI	PMID:31980649	UniProtKB:Q9UJM3	9606	Homo sapiens	IntAct	Growth factor receptor-bound protein 2	20260725
UniProtKB	P62993	GRB2	enables	GO:0005515	protein binding	molecular_function	ECO:0000353	IPI	PMID:31980649	UniProtKB:Q9ULH1	9606	Homo sapiens	IntAct	Growth factor receptor-bound protein 2	20260725
UniProtKB	P62993	GRB2	enables	GO:0005515	protein binding	molecular_function	ECO:0000353	IPI	PMID:31980649	UniProtKB:Q9UQC2	9606	Homo sapiens	IntAct	Growth factor receptor-bound protein 2	20260725
UniProtKB	P62993	GRB2	enables	GO:0005515	protein binding	molecular_function	ECO:0000353	IPI	PMID:31980649	UniProtKB:Q9Y2X7	9606	Homo sapiens	IntAct	Growth factor receptor-bound protein 2	20260725
UniProtKB	P62993	GRB2	enables	GO:0005515	protein binding	molecular_function	ECO:0000353	IPI	PMID:32203420	UniProtKB:Q12774	9606	Homo sapiens	IntAct	Growth factor receptor-bound protein 2	20260725
UniProtKB	P62993	GRB2	enables	GO:0005515	protein binding	molecular_function	ECO:0000353	IPI	PMID:32296183	UniProtKB:A0JLT2-2	9606	Homo sapiens	IntAct	Growth factor receptor-bound protein 2	20260725
UniProtKB	P62993	GRB2	enables	GO:0005515	protein binding	molecular_function	ECO:0000353	IPI	PMID:32296183	UniProtKB:A5D8V6	9606	Homo sapiens	IntAct	Growth factor receptor-bound protein 2	20260725
UniProtKB	P62993	GRB2	enables	GO:0005515	protein binding	molecular_function	ECO:0000353	IPI	PMID:32296183	UniProtKB:A8MW99	9606	Homo sapiens	IntAct	Growth factor receptor-bound protein 2	20260725
UniProtKB	P62993	GRB2	enables	GO:0005515	protein binding	molecular_function	ECO:0000353	IPI	PMID:32296183	UniProtKB:B1AHC3	9606	Homo sapiens	IntAct	Growth factor receptor-bound protein 2	20260725
UniProtKB	P62993	GRB2	enables	GO:0005515	protein binding	molecular_function	ECO:0000353	IPI	PMID:32296183	UniProtKB:B7ZLH0	9606	Homo sapiens	IntAct	Growth factor receptor-bound protein 2	20260725
UniProtKB	P62993	GRB2	enables	GO:0005515	protein binding	molecular_function	ECO:0000353	IPI	PMID:32296183	UniProtKB:O14512	9606	Homo sapiens	IntAct	Growth factor receptor-bound protein 2	20260725
UniProtKB	P62993	GRB2	enables	GO:0005515	protein binding	molecular_function	ECO:0000353	IPI	PMID:32296183	UniProtKB:O95994	9606	Homo sapiens	IntAct	Growth factor receptor-bound protein 2	20260725
UniProtKB	P62993	GRB2	enables	GO:0005515	protein binding	molecular_function	ECO:0000353	IPI	PMID:32296183	UniProtKB:P42681	9606	Homo sapiens	IntAct	Growth factor receptor-bound protein 2	20260725
UniProtKB	P62993	GRB2	enables	GO:0005515	protein binding	molecular_function	ECO:0000353	IPI	PMID:32296183	UniProtKB:P62324	9606	Homo sapiens	IntAct	Growth factor receptor-bound protein 2	20260725
UniProtKB	P62993	GRB2	enables	GO:0005515	protein binding	molecular_function	ECO:0000353	IPI	PMID:32296183	UniProtKB:Q03989	9606	Homo sapiens	IntAct	Growth factor receptor-bound protein 2	20260725
UniProtKB	P62993	GRB2	enables	GO:0005515	protein binding	molecular_function	ECO:0000353	IPI	PMID:32296183	UniProtKB:Q06418	9606	Homo sapiens	IntAct	Growth factor receptor-bound protein 2	20260725
UniProtKB	P62993	GRB2	enables	GO:0005515	protein binding	molecular_function	ECO:0000353	IPI	PMID:32296183	UniProtKB:Q13094	9606	Homo sapiens	IntAct	Growth factor receptor-bound protein 2	20260725
UniProtKB	P62993	GRB2	enables	GO:0005515	protein binding	molecular_function	ECO:0000353	IPI	PMID:32296183	UniProtKB:Q15428	9606	Homo sapiens	IntAct	Growth factor receptor-bound protein 2	20260725
UniProtKB	P62993	GRB2	enables	GO:0005515	protein binding	molecular_function	ECO:0000353	IPI	PMID:32296183	UniProtKB:Q5JST6	9606	Homo sapiens	IntAct	Growth factor receptor-bound protein 2	20260725
UniProtKB	P62993	GRB2	enables	GO:0005515	protein binding	molecular_function	ECO:0000353	IPI	PMID:32296183	UniProtKB:Q6DHY5	9606	Homo sapiens	IntAct	Growth factor receptor-bound protein 2	20260725
UniProtKB	P62993	GRB2	enables	GO:0005515	protein binding	molecular_function	ECO:0000353	IPI	PMID:32296183	UniProtKB:Q6IQ23-2	9606	Homo sapiens	IntAct	Growth factor receptor-bound protein 2	20260725
UniProtKB	P62993	GRB2	enables	GO:0005515	protein binding	molecular_function	ECO:0000353	IPI	PMID:32296183	UniProtKB:Q6S9Z5	9606	Homo sapiens	IntAct	Growth factor receptor-bound protein 2	20260725
UniProtKB	P62993	GRB2	enables	GO:0005515	protein binding	molecular_function	ECO:0000353	IPI	PMID:32296183	UniProtKB:Q6ZNG0	9606	Homo sapiens	IntAct	Growth factor receptor-bound protein 2	20260725
UniProtKB	P62993	GRB2	enables	GO:0005515	protein binding	molecular_function	ECO:0000353	IPI	PMID:32296183	UniProtKB:Q6ZU52	9606	Homo sapiens	IntAct	Growth factor receptor-bound protein 2	20260725
UniProtKB	P62993	GRB2	enables	GO:0005515	protein binding	molecular_function	ECO:0000353	IPI	PMID:32296183	UniProtKB:Q7Z783	9606	Homo sapiens	IntAct	Growth factor receptor-bound protein 2	20260725
UniProtKB	P62993	GRB2	enables	GO:0005515	protein binding	molecular_function	ECO:0000353	IPI	PMID:32296183	UniProtKB:Q86SG2	9606	Homo sapiens	IntAct	Growth factor receptor-bound protein 2	20260725
UniProtKB	P62993	GRB2	enables	GO:0005515	protein binding	molecular_function	ECO:0000353	IPI	PMID:32296183	UniProtKB:Q86UU5	9606	Homo sapiens	IntAct	Growth factor receptor-bound protein 2	20260725
UniProtKB	P62993	GRB2	enables	GO:0005515	protein binding	molecular_function	ECO:0000353	IPI	PMID:32296183	UniProtKB:Q8IUW3	9606	Homo sapiens	IntAct	Growth factor receptor-bound protein 2	20260725
UniProtKB	P62993	GRB2	enables	GO:0005515	protein binding	molecular_function	ECO:0000353	IPI	PMID:32296183	UniProtKB:Q8N4B1-4	9606	Homo sapiens	IntAct	Growth factor receptor-bound protein 2	20260725
UniProtKB	P62993	GRB2	enables	GO:0005515	protein binding	molecular_function	ECO:0000353	IPI	PMID:32296183	UniProtKB:Q8N684-3	9606	Homo sapiens	IntAct	Growth factor receptor-bound protein 2	20260725
UniProtKB	P62993	GRB2	enables	GO:0005515	protein binding	molecular_function	ECO:0000353	IPI	PMID:32296183	UniProtKB:Q8N9I9	9606	Homo sapiens	IntAct	Growth factor receptor-bound protein 2	20260725
UniProtKB	P62993	GRB2	enables	GO:0005515	protein binding	molecular_function	ECO:0000353	IPI	PMID:32296183	UniProtKB:Q92558	9606	Homo sapiens	IntAct	Growth factor receptor-bound protein 2	20260725
UniProtKB	P62993	GRB2	enables	GO:0005515	protein binding	molecular_function	ECO:0000353	IPI	PMID:32296183	UniProtKB:Q92569	9606	Homo sapiens	IntAct	Growth factor receptor-bound protein 2	20260725
UniProtKB	P62993	GRB2	enables	GO:0005515	protein binding	molecular_function	ECO:0000353	IPI	PMID:32296183	UniProtKB:Q96D03	9606	Homo sapiens	IntAct	Growth factor receptor-bound protein 2	20260725
UniProtKB	P62993	GRB2	enables	GO:0005515	protein binding	molecular_function	ECO:0000353	IPI	PMID:32296183	UniProtKB:Q96RU7	9606	Homo sapiens	IntAct	Growth factor receptor-bound protein 2	20260725
UniProtKB	P62993	GRB2	enables	GO:0005515	protein binding	molecular_function	ECO:0000353	IPI	PMID:32296183	UniProtKB:Q9BUN5-3	9606	Homo sapiens	IntAct	Growth factor receptor-bound protein 2	20260725
UniProtKB	P62993	GRB2	enables	GO:0005515	protein binding	molecular_function	ECO:0000353	IPI	PMID:32296183	UniProtKB:Q9BYN7	9606	Homo sapiens	IntAct	Growth factor receptor-bound protein 2	20260725
UniProtKB	P62993	GRB2	enables	GO:0005515	protein binding	molecular_function	ECO:0000353	IPI	PMID:32296183	UniProtKB:Q9H0X6	9606	Homo sapiens	IntAct	Growth factor receptor-bound protein 2	20260725
UniProtKB	P62993	GRB2	enables	GO:0005515	protein binding	molecular_function	ECO:0000353	IPI	PMID:32296183	UniProtKB:Q9H706	9606	Homo sapiens	IntAct	Growth factor receptor-bound protein 2	20260725
UniProtKB	P62993	GRB2	enables	GO:0005515	protein binding	molecular_function	ECO:0000353	IPI	PMID:32296183	UniProtKB:Q9H788	9606	Homo sapiens	IntAct	Growth factor receptor-bound protein 2	20260725
UniProtKB	P62993	GRB2	enables	GO:0005515	protein binding	molecular_function	ECO:0000353	IPI	PMID:32296183	UniProtKB:Q9HB07	9606	Homo sapiens	IntAct	Growth factor receptor-bound protein 2	20260725
UniProtKB	P62993	GRB2	enables	GO:0005515	protein binding	molecular_function	ECO:0000353	IPI	PMID:32296183	UniProtKB:Q9NRF2-2	9606	Homo sapiens	IntAct	Growth factor receptor-bound protein 2	20260725
UniProtKB	P62993	GRB2	enables	GO:0005515	protein binding	molecular_function	ECO:0000353	IPI	PMID:32296183	UniProtKB:Q9UJM3	9606	Homo sapiens	IntAct	Growth factor receptor-bound protein 2	20260725
UniProtKB	P62993	GRB2	enables	GO:0005515	protein binding	molecular_function	ECO:0000353	IPI	PMID:32296183	UniProtKB:Q9UKT9	9606	Homo sapiens	IntAct	Growth factor receptor-bound protein 2	20260725
UniProtKB	P62993	GRB2	enables	GO:0005515	protein binding	molecular_function	ECO:0000353	IPI	PMID:32296183	UniProtKB:Q9UKW4	9606	Homo sapiens	IntAct	Growth factor receptor-bound protein 2	20260725
UniProtKB	P62993	GRB2	enables	GO:0005515	protein binding	molecular_function	ECO:0000353	IPI	PMID:32296183	UniProtKB:Q9UQC2	9606	Homo sapiens	IntAct	Growth factor receptor-bound protein 2	20260725
UniProtKB	P62993	GRB2	enables	GO:0005515	protein binding	molecular_function	ECO:0000353	IPI	PMID:32296183	UniProtKB:Q9Y330	9606	Homo sapiens	IntAct	Growth factor receptor-bound protein 2	20260725
UniProtKB	P62993	GRB2	enables	GO:0005515	protein binding	molecular_function	ECO:0000353	IPI	PMID:32707033	UniProtKB:Q92918	9606	Homo sapiens	IntAct	Growth factor receptor-bound protein 2	20260725
UniProtKB	P62993	GRB2	enables	GO:0005515	protein binding	molecular_function	ECO:0000353	IPI	PMID:32707033	UniProtKB:Q9Y4K4	9606	Homo sapiens	IntAct	Growth factor receptor-bound protein 2	20260725
UniProtKB	P62993	GRB2	enables	GO:0005515	protein binding	molecular_function	ECO:0000353	IPI	PMID:32814053	UniProtKB:O14744	9606	Homo sapiens	IntAct	Growth factor receptor-bound protein 2	20260725
UniProtKB	P62993	GRB2	enables	GO:0005515	protein binding	molecular_function	ECO:0000353	IPI	PMID:32814053	UniProtKB:P27986-2	9606	Homo sapiens	IntAct	Growth factor receptor-bound protein 2	20260725
UniProtKB	P62993	GRB2	enables	GO:0005515	protein binding	molecular_function	ECO:0000353	IPI	PMID:32814053	UniProtKB:P42336	9606	Homo sapiens	IntAct	Growth factor receptor-bound protein 2	20260725
UniProtKB	P62993	GRB2	enables	GO:0005515	protein binding	molecular_function	ECO:0000353	IPI	PMID:32814053	UniProtKB:P52566	9606	Homo sapiens	IntAct	Growth factor receptor-bound protein 2	20260725
UniProtKB	P62993	GRB2	enables	GO:0005515	protein binding	molecular_function	ECO:0000353	IPI	PMID:32814053	UniProtKB:Q13191	9606	Homo sapiens	IntAct	Growth factor receptor-bound protein 2	20260725
UniProtKB	P62993	GRB2	enables	GO:0005515	protein binding	molecular_function	ECO:0000353	IPI	PMID:32814053	UniProtKB:Q13322-4	9606	Homo sapiens	IntAct	Growth factor receptor-bound protein 2	20260725
UniProtKB	P62993	GRB2	enables	GO:0005515	protein binding	molecular_function	ECO:0000353	IPI	PMID:32814053	UniProtKB:Q13352	9606	Homo sapiens	IntAct	Growth factor receptor-bound protein 2	20260725
UniProtKB	P62993	GRB2	enables	GO:0005515	protein binding	molecular_function	ECO:0000353	IPI	PMID:32814053	UniProtKB:Q13829	9606	Homo sapiens	IntAct	Growth factor receptor-bound protein 2	20260725
UniProtKB	P62993	GRB2	enables	GO:0005515	protein binding	molecular_function	ECO:0000353	IPI	PMID:32814053	UniProtKB:Q14457	9606	Homo sapiens	IntAct	Growth factor receptor-bound protein 2	20260725
UniProtKB	P62993	GRB2	enables	GO:0005515	protein binding	molecular_function	ECO:0000353	IPI	PMID:32814053	UniProtKB:Q14693	9606	Homo sapiens	IntAct	Growth factor receptor-bound protein 2	20260725
UniProtKB	P62993	GRB2	enables	GO:0005515	protein binding	molecular_function	ECO:0000353	IPI	PMID:32814053	UniProtKB:Q15907	9606	Homo sapiens	IntAct	Growth factor receptor-bound protein 2	20260725
UniProtKB	P62993	GRB2	enables	GO:0005515	protein binding	molecular_function	ECO:0000353	IPI	PMID:32814053	UniProtKB:Q3LI72	9606	Homo sapiens	IntAct	Growth factor receptor-bound protein 2	20260725
UniProtKB	P62993	GRB2	enables	GO:0005515	protein binding	molecular_function	ECO:0000353	IPI	PMID:32814053	UniProtKB:Q6UY14-3	9606	Homo sapiens	IntAct	Growth factor receptor-bound protein 2	20260725
UniProtKB	P62993	GRB2	enables	GO:0005515	protein binding	molecular_function	ECO:0000353	IPI	PMID:32814053	UniProtKB:Q6XD76	9606	Homo sapiens	IntAct	Growth factor receptor-bound protein 2	20260725
UniProtKB	P62993	GRB2	enables	GO:0005515	protein binding	molecular_function	ECO:0000353	IPI	PMID:32814053	UniProtKB:Q8NFB2	9606	Homo sapiens	IntAct	Growth factor receptor-bound protein 2	20260725
UniProtKB	P62993	GRB2	enables	GO:0005515	protein binding	molecular_function	ECO:0000353	IPI	PMID:32814053	UniProtKB:Q9BRT8	9606	Homo sapiens	IntAct	Growth factor receptor-bound protein 2	20260725
UniProtKB	P62993	GRB2	enables	GO:0005515	protein binding	molecular_function	ECO:0000353	IPI	PMID:32814053	UniProtKB:Q9BWF3-2	9606	Homo sapiens	IntAct	Growth factor receptor-bound protein 2	20260725
UniProtKB	P62993	GRB2	enables	GO:0005515	protein binding	molecular_function	ECO:0000353	IPI	PMID:32814053	UniProtKB:Q9NQC1-2	9606	Homo sapiens	IntAct	Growth factor receptor-bound protein 2	20260725
UniProtKB	P62993	GRB2	enables	GO:0005515	protein binding	molecular_function	ECO:0000353	IPI	PMID:32814053	UniProtKB:Q9UI10	9606	Homo sapiens	IntAct	Growth factor receptor-bound protein 2	20260725
UniProtKB	P62993	GRB2	enables	GO:0005515	protein binding	molecular_function	ECO:0000353	IPI	PMID:32814053	UniProtKB:Q9UIH9	9606	Homo sapiens	IntAct	Growth factor receptor-bound protein 2	20260725
UniProtKB	P62993	GRB2	enables	GO:0005515	protein binding	molecular_function	ECO:0000353	IPI	PMID:32814053	UniProtKB:Q9UNY5	9606	Homo sapiens	IntAct	Growth factor receptor-bound protein 2	20260725
UniProtKB	P62993	GRB2	enables	GO:0005515	protein binding	molecular_function	ECO:0000353	IPI	PMID:32911434	UniProtKB:Q16236	9606	Homo sapiens	IntAct	Growth factor receptor-bound protein 2	20260725
UniProtKB	P62993	GRB2	enables	GO:0005515	protein binding	molecular_function	ECO:0000353	IPI	PMID:33961781	UniProtKB:O00401	9606	Homo sapiens	IntAct	Growth factor receptor-bound protein 2	20260725
UniProtKB	P62993	GRB2	enables	GO:0005515	protein binding	molecular_function	ECO:0000353	IPI	PMID:33961781	UniProtKB:O00750	9606	Homo sapiens	IntAct	Growth factor receptor-bound protein 2	20260725
UniProtKB	P62993	GRB2	enables	GO:0005515	protein binding	molecular_function	ECO:0000353	IPI	PMID:33961781	UniProtKB:O43150	9606	Homo sapiens	IntAct	Growth factor receptor-bound protein 2	20260725
UniProtKB	P62993	GRB2	enables	GO:0005515	protein binding	molecular_function	ECO:0000353	IPI	PMID:33961781	UniProtKB:O43516	9606	Homo sapiens	IntAct	Growth factor receptor-bound protein 2	20260725
UniProtKB	P62993	GRB2	enables	GO:0005515	protein binding	molecular_function	ECO:0000353	IPI	PMID:33961781	UniProtKB:O95630	9606	Homo sapiens	IntAct	Growth factor receptor-bound protein 2	20260725
UniProtKB	P62993	GRB2	enables	GO:0005515	protein binding	molecular_function	ECO:0000353	IPI	PMID:33961781	UniProtKB:P11274	9606	Homo sapiens	IntAct	Growth factor receptor-bound protein 2	20260725
UniProtKB	P62993	GRB2	enables	GO:0005515	protein binding	molecular_function	ECO:0000353	IPI	PMID:33961781	UniProtKB:P18433	9606	Homo sapiens	IntAct	Growth factor receptor-bound protein 2	20260725
UniProtKB	P62993	GRB2	enables	GO:0005515	protein binding	molecular_function	ECO:0000353	IPI	PMID:33961781	UniProtKB:P22681	9606	Homo sapiens	IntAct	Growth factor receptor-bound protein 2	20260725
UniProtKB	P62993	GRB2	enables	GO:0005515	protein binding	molecular_function	ECO:0000353	IPI	PMID:33961781	UniProtKB:P29353	9606	Homo sapiens	IntAct	Growth factor receptor-bound protein 2	20260725
UniProtKB	P62993	GRB2	enables	GO:0005515	protein binding	molecular_function	ECO:0000353	IPI	PMID:33961781	UniProtKB:P42336	9606	Homo sapiens	IntAct	Growth factor receptor-bound protein 2	20260725
UniProtKB	P62993	GRB2	enables	GO:0005515	protein binding	molecular_function	ECO:0000353	IPI	PMID:33961781	UniProtKB:P50570	9606	Homo sapiens	IntAct	Growth factor receptor-bound protein 2	20260725
UniProtKB	P62993	GRB2	enables	GO:0005515	protein binding	molecular_function	ECO:0000353	IPI	PMID:33961781	UniProtKB:Q05193	9606	Homo sapiens	IntAct	Growth factor receptor-bound protein 2	20260725
UniProtKB	P62993	GRB2	enables	GO:0005515	protein binding	molecular_function	ECO:0000353	IPI	PMID:33961781	UniProtKB:Q06124	9606	Homo sapiens	IntAct	Growth factor receptor-bound protein 2	20260725
UniProtKB	P62993	GRB2	enables	GO:0005515	protein binding	molecular_function	ECO:0000353	IPI	PMID:33961781	UniProtKB:Q07889	9606	Homo sapiens	IntAct	Growth factor receptor-bound protein 2	20260725
UniProtKB	P62993	GRB2	enables	GO:0005515	protein binding	molecular_function	ECO:0000353	IPI	PMID:33961781	UniProtKB:Q07890	9606	Homo sapiens	IntAct	Growth factor receptor-bound protein 2	20260725
UniProtKB	P62993	GRB2	enables	GO:0005515	protein binding	molecular_function	ECO:0000353	IPI	PMID:33961781	UniProtKB:Q07912	9606	Homo sapiens	IntAct	Growth factor receptor-bound protein 2	20260725
UniProtKB	P62993	GRB2	enables	GO:0005515	protein binding	molecular_function	ECO:0000353	IPI	PMID:33961781	UniProtKB:Q12774	9606	Homo sapiens	IntAct	Growth factor receptor-bound protein 2	20260725
UniProtKB	P62993	GRB2	enables	GO:0005515	protein binding	molecular_function	ECO:0000353	IPI	PMID:33961781	UniProtKB:Q13191	9606	Homo sapiens	IntAct	Growth factor receptor-bound protein 2	20260725
UniProtKB	P62993	GRB2	enables	GO:0005515	protein binding	molecular_function	ECO:0000353	IPI	PMID:33961781	UniProtKB:Q13480	9606	Homo sapiens	IntAct	Growth factor receptor-bound protein 2	20260725
UniProtKB	P62993	GRB2	enables	GO:0005515	protein binding	molecular_function	ECO:0000353	IPI	PMID:33961781	UniProtKB:Q14185	9606	Homo sapiens	IntAct	Growth factor receptor-bound protein 2	20260725
UniProtKB	P62993	GRB2	enables	GO:0005515	protein binding	molecular_function	ECO:0000353	IPI	PMID:33961781	UniProtKB:Q6ZUJ8	9606	Homo sapiens	IntAct	Growth factor receptor-bound protein 2	20260725
UniProtKB	P62993	GRB2	enables	GO:0005515	protein binding	molecular_function	ECO:0000353	IPI	PMID:33961781	UniProtKB:Q8IUW3	9606	Homo sapiens	IntAct	Growth factor receptor-bound protein 2	20260725
UniProtKB	P62993	GRB2	enables	GO:0005515	protein binding	molecular_function	ECO:0000353	IPI	PMID:33961781	UniProtKB:Q8N1I0	9606	Homo sapiens	IntAct	Growth factor receptor-bound protein 2	20260725
UniProtKB	P62993	GRB2	enables	GO:0005515	protein binding	molecular_function	ECO:0000353	IPI	PMID:33961781	UniProtKB:Q8N1K5	9606	Homo sapiens	IntAct	Growth factor receptor-bound protein 2	20260725
UniProtKB	P62993	GRB2	enables	GO:0005515	protein binding	molecular_function	ECO:0000353	IPI	PMID:33961781	UniProtKB:Q8TF74	9606	Homo sapiens	IntAct	Growth factor receptor-bound protein 2	20260725
UniProtKB	P62993	GRB2	enables	GO:0005515	protein binding	molecular_function	ECO:0000353	IPI	PMID:33961781	UniProtKB:Q9H3S7	9606	Homo sapiens	IntAct	Growth factor receptor-bound protein 2	20260725
UniProtKB	P62993	GRB2	enables	GO:0005515	protein binding	molecular_function	ECO:0000353	IPI	PMID:33961781	UniProtKB:Q9H706	9606	Homo sapiens	IntAct	Growth factor receptor-bound protein 2	20260725
UniProtKB	P62993	GRB2	enables	GO:0005515	protein binding	molecular_function	ECO:0000353	IPI	PMID:33961781	UniProtKB:Q9UJM3	9606	Homo sapiens	IntAct	Growth factor receptor-bound protein 2	20260725
UniProtKB	P62993	GRB2	enables	GO:0005515	protein binding	molecular_function	ECO:0000353	IPI	PMID:33961781	UniProtKB:Q9ULH1	9606	Homo sapiens	IntAct	Growth factor receptor-bound protein 2	20260725
UniProtKB	P62993	GRB2	enables	GO:0005515	protein binding	molecular_function	ECO:0000353	IPI	PMID:33961781	UniProtKB:Q9UQC2	9606	Homo sapiens	IntAct	Growth factor receptor-bound protein 2	20260725
UniProtKB	P62993	GRB2	enables	GO:0005515	protein binding	molecular_function	ECO:0000353	IPI	PMID:33961781	UniProtKB:Q9Y4K4	9606	Homo sapiens	IntAct	Growth factor receptor-bound protein 2	20260725
UniProtKB	P62993	GRB2	enables	GO:0005515	protein binding	molecular_function	ECO:0000353	IPI	PMID:34591642	UniProtKB:P00533	9606	Homo sapiens	IntAct	Growth factor receptor-bound protein 2	20260725
UniProtKB	P62993	GRB2	enables	GO:0005515	protein binding	molecular_function	ECO:0000353	IPI	PMID:35271311	UniProtKB:P18433	9606	Homo sapiens	IntAct	Growth factor receptor-bound protein 2	20260725
UniProtKB	P62993	GRB2	enables	GO:0005515	protein binding	molecular_function	ECO:0000353	IPI	PMID:35271311	UniProtKB:P29353	9606	Homo sapiens	IntAct	Growth factor receptor-bound protein 2	20260725
UniProtKB	P62993	GRB2	enables	GO:0005515	protein binding	molecular_function	ECO:0000353	IPI	PMID:35384245	UniProtKB:P00533	9606	Homo sapiens	IntAct	Growth factor receptor-bound protein 2	20260725
UniProtKB	P62993	GRB2	enables	GO:0005515	protein binding	molecular_function	ECO:0000353	IPI	PMID:35384245	UniProtKB:P04626	9606	Homo sapiens	IntAct	Growth factor receptor-bound protein 2	20260725
UniProtKB	P62993	GRB2	enables	GO:0005515	protein binding	molecular_function	ECO:0000353	IPI	PMID:35384245	UniProtKB:P21802	9606	Homo sapiens	IntAct	Growth factor receptor-bound protein 2	20260725
UniProtKB	P62993	GRB2	enables	GO:0005515	protein binding	molecular_function	ECO:0000353	IPI	PMID:35384245	UniProtKB:P30530	9606	Homo sapiens	IntAct	Growth factor receptor-bound protein 2	20260725
UniProtKB	P62993	GRB2	enables	GO:0005515	protein binding	molecular_function	ECO:0000353	IPI	PMID:35384245	UniProtKB:Q06418	9606	Homo sapiens	IntAct	Growth factor receptor-bound protein 2	20260725
UniProtKB	P62993	GRB2	enables	GO:0005515	protein binding	molecular_function	ECO:0000353	IPI	PMID:37398436	UniProtKB:Q13191	9606	Homo sapiens	IntAct	Growth factor receptor-bound protein 2	20260725
UniProtKB	P62993	GRB2	enables	GO:0005515	protein binding	molecular_function	ECO:0000353	IPI	PMID:37776851	UniProtKB:P55072	9606	Homo sapiens	IntAct	Growth factor receptor-bound protein 2	20260725
UniProtKB	P62993	GRB2	enables	GO:0005515	protein binding	molecular_function	ECO:0000353	IPI	PMID:38182563	UniProtKB:Q14457	9606	Homo sapiens	IntAct	Growth factor receptor-bound protein 2	20260725
UniProtKB	P62993	GRB2	enables	GO:0005515	protein binding	molecular_function	ECO:0000353	IPI	PMID:39251607	UniProtKB:Q15427	9606	Homo sapiens	IntAct	Growth factor receptor-bound protein 2	20260725
UniProtKB	P62993	GRB2	enables	GO:0005515	protein binding	molecular_function	ECO:0000353	IPI	PMID:40205054	UniProtKB:O00401	9606	Homo sapiens	IntAct	Growth factor receptor-bound protein 2	20260725
UniProtKB	P62993	GRB2	enables	GO:0005515	protein binding	molecular_function	ECO:0000353	IPI	PMID:40205054	UniProtKB:O00459	9606	Homo sapiens	IntAct	Growth factor receptor-bound protein 2	20260725
UniProtKB	P62993	GRB2	enables	GO:0005515	protein binding	molecular_function	ECO:0000353	IPI	PMID:40205054	UniProtKB:O00750	9606	Homo sapiens	IntAct	Growth factor receptor-bound protein 2	20260725
UniProtKB	P62993	GRB2	enables	GO:0005515	protein binding	molecular_function	ECO:0000353	IPI	PMID:40205054	UniProtKB:O15056	9606	Homo sapiens	IntAct	Growth factor receptor-bound protein 2	20260725
UniProtKB	P62993	GRB2	enables	GO:0005515	protein binding	molecular_function	ECO:0000353	IPI	PMID:40205054	UniProtKB:O43516	9606	Homo sapiens	IntAct	Growth factor receptor-bound protein 2	20260725
UniProtKB	P62993	GRB2	enables	GO:0005515	protein binding	molecular_function	ECO:0000353	IPI	PMID:40205054	UniProtKB:O95630	9606	Homo sapiens	IntAct	Growth factor receptor-bound protein 2	20260725
UniProtKB	P62993	GRB2	enables	GO:0005515	protein binding	molecular_function	ECO:0000353	IPI	PMID:40205054	UniProtKB:P18031	9606	Homo sapiens	IntAct	Growth factor receptor-bound protein 2	20260725
UniProtKB	P62993	GRB2	enables	GO:0005515	protein binding	molecular_function	ECO:0000353	IPI	PMID:40205054	UniProtKB:P18433	9606	Homo sapiens	IntAct	Growth factor receptor-bound protein 2	20260725
UniProtKB	P62993	GRB2	enables	GO:0005515	protein binding	molecular_function	ECO:0000353	IPI	PMID:40205054	UniProtKB:P22681	9606	Homo sapiens	IntAct	Growth factor receptor-bound protein 2	20260725
UniProtKB	P62993	GRB2	enables	GO:0005515	protein binding	molecular_function	ECO:0000353	IPI	PMID:40205054	UniProtKB:P29353	9606	Homo sapiens	IntAct	Growth factor receptor-bound protein 2	20260725
UniProtKB	P62993	GRB2	enables	GO:0005515	protein binding	molecular_function	ECO:0000353	IPI	PMID:40205054	UniProtKB:P50570	9606	Homo sapiens	IntAct	Growth factor receptor-bound protein 2	20260725
UniProtKB	P62993	GRB2	enables	GO:0005515	protein binding	molecular_function	ECO:0000353	IPI	PMID:40205054	UniProtKB:Q05193	9606	Homo sapiens	IntAct	Growth factor receptor-bound protein 2	20260725
UniProtKB	P62993	GRB2	enables	GO:0005515	protein binding	molecular_function	ECO:0000353	IPI	PMID:40205054	UniProtKB:Q06124	9606	Homo sapiens	IntAct	Growth factor receptor-bound protein 2	20260725
UniProtKB	P62993	GRB2	enables	GO:0005515	protein binding	molecular_function	ECO:0000353	IPI	PMID:40205054	UniProtKB:Q07889	9606	Homo sapiens	IntAct	Growth factor receptor-bound protein 2	20260725
UniProtKB	P62993	GRB2	enables	GO:0005515	protein binding	molecular_function	ECO:0000353	IPI	PMID:40205054	UniProtKB:Q07890	9606	Homo sapiens	IntAct	Growth factor receptor-bound protein 2	20260725
UniProtKB	P62993	GRB2	enables	GO:0005515	protein binding	molecular_function	ECO:0000353	IPI	PMID:40205054	UniProtKB:Q07912	9606	Homo sapiens	IntAct	Growth factor receptor-bound protein 2	20260725
UniProtKB	P62993	GRB2	enables	GO:0005515	protein binding	molecular_function	ECO:0000353	IPI	PMID:40205054	UniProtKB:Q13191	9606	Homo sapiens	IntAct	Growth factor receptor-bound protein 2	20260725
UniProtKB	P62993	GRB2	enables	GO:0005515	protein binding	molecular_function	ECO:0000353	IPI	PMID:40205054	UniProtKB:Q13480	9606	Homo sapiens	IntAct	Growth factor receptor-bound protein 2	20260725
UniProtKB	P62993	GRB2	enables	GO:0005515	protein binding	molecular_function	ECO:0000353	IPI	PMID:40205054	UniProtKB:Q14185	9606	Homo sapiens	IntAct	Growth factor receptor-bound protein 2	20260725
UniProtKB	P62993	GRB2	enables	GO:0005515	protein binding	molecular_function	ECO:0000353	IPI	PMID:40205054	UniProtKB:Q6ZUJ8	9606	Homo sapiens	IntAct	Growth factor receptor-bound protein 2	20260725
UniProtKB	P62993	GRB2	enables	GO:0005515	protein binding	molecular_function	ECO:0000353	IPI	PMID:40205054	UniProtKB:Q8IVH8	9606	Homo sapiens	IntAct	Growth factor receptor-bound protein 2	20260725
UniProtKB	P62993	GRB2	enables	GO:0005515	protein binding	molecular_function	ECO:0000353	IPI	PMID:40205054	UniProtKB:Q8N1I0	9606	Homo sapiens	IntAct	Growth factor receptor-bound protein 2	20260725
UniProtKB	P62993	GRB2	enables	GO:0005515	protein binding	molecular_function	ECO:0000353	IPI	PMID:40205054	UniProtKB:Q8N1K5	9606	Homo sapiens	IntAct	Growth factor receptor-bound protein 2	20260725
UniProtKB	P62993	GRB2	enables	GO:0005515	protein binding	molecular_function	ECO:0000353	IPI	PMID:40205054	UniProtKB:Q8TF74	9606	Homo sapiens	IntAct	Growth factor receptor-bound protein 2	20260725
UniProtKB	P62993	GRB2	enables	GO:0005515	protein binding	molecular_function	ECO:0000353	IPI	PMID:40205054	UniProtKB:Q9H3S7	9606	Homo sapiens	IntAct	Growth factor receptor-bound protein 2	20260725
UniProtKB	P62993	GRB2	enables	GO:0005515	protein binding	molecular_function	ECO:0000353	IPI	PMID:40205054	UniProtKB:Q9H706	9606	Homo sapiens	IntAct	Growth factor receptor-bound protein 2	20260725
UniProtKB	P62993	GRB2	enables	GO:0005515	protein binding	molecular_function	ECO:0000353	IPI	PMID:40205054	UniProtKB:Q9UJM3	9606	Homo sapiens	IntAct	Growth factor receptor-bound protein 2	20260725
UniProtKB	P62993	GRB2	enables	GO:0005515	protein binding	molecular_function	ECO:0000353	IPI	PMID:40205054	UniProtKB:Q9ULH1	9606	Homo sapiens	IntAct	Growth factor receptor-bound protein 2	20260725
UniProtKB	P62993	GRB2	enables	GO:0005515	protein binding	molecular_function	ECO:0000353	IPI	PMID:40205054	UniProtKB:Q9UQC2	9606	Homo sapiens	IntAct	Growth factor receptor-bound protein 2	20260725
UniProtKB	P62993	GRB2	enables	GO:0005515	protein binding	molecular_function	ECO:0000353	IPI	PMID:40205054	UniProtKB:Q9Y2D5	9606	Homo sapiens	IntAct	Growth factor receptor-bound protein 2	20260725
UniProtKB	P62993	GRB2	enables	GO:0005515	protein binding	molecular_function	ECO:0000353	IPI	PMID:40205054	UniProtKB:Q9Y4K4	9606	Homo sapiens	IntAct	Growth factor receptor-bound protein 2	20260725
UniProtKB	P62993	GRB2	enables	GO:0005515	protein binding	molecular_function	ECO:0000353	IPI	PMID:7504175	UniProtKB:P35570	9606	Homo sapiens	IntAct	Growth factor receptor-bound protein 2	20260725
UniProtKB	P62993	GRB2	enables	GO:0005515	protein binding	molecular_function	ECO:0000353	IPI	PMID:7518560	UniProtKB:P00533	9606	Homo sapiens	IntAct	Growth factor receptor-bound protein 2	20260725
UniProtKB	P62993	GRB2	enables	GO:0005515	protein binding	molecular_function	ECO:0000353	IPI	PMID:7518772	UniProtKB:P18433	9606	Homo sapiens	IntAct	Growth factor receptor-bound protein 2	20260725
UniProtKB	P62993	GRB2	enables	GO:0005515	protein binding	molecular_function	ECO:0000353	IPI	PMID:7522233	UniProtKB:P35235	9606	Homo sapiens	IntAct	Growth factor receptor-bound protein 2	20260725
UniProtKB	P62993	GRB2	enables	GO:0005515	protein binding	molecular_function	ECO:0000353	IPI	PMID:7523381	UniProtKB:P10721	9606	Homo sapiens	IntAct	Growth factor receptor-bound protein 2	20260725
UniProtKB	P62993	GRB2	enables	GO:0005515	protein binding	molecular_function	ECO:0000353	IPI	PMID:7523381	UniProtKB:P35235	9606	Homo sapiens	IntAct	Growth factor receptor-bound protein 2	20260725
UniProtKB	P62993	GRB2	enables	GO:0005515	protein binding	molecular_function	ECO:0000353	IPI	PMID:7523381	UniProtKB:Q06124	9606	Homo sapiens	IntAct	Growth factor receptor-bound protein 2	20260725
UniProtKB	P62993	GRB2	enables	GO:0005515	protein binding	molecular_function	ECO:0000353	IPI	PMID:7527391	UniProtKB:Q07889	9606	Homo sapiens	IntAct	Growth factor receptor-bound protein 2	20260725
UniProtKB	P62993	GRB2	enables	GO:0005515	protein binding	molecular_function	ECO:0000353	IPI	PMID:7537265	UniProtKB:Q07666	9606	Homo sapiens	IntAct	Growth factor receptor-bound protein 2	20260725
UniProtKB	P62993	GRB2	enables	GO:0005515	protein binding	molecular_function	ECO:0000353	IPI	PMID:7597091	UniProtKB:Q05397	9606	Homo sapiens	IntAct	Growth factor receptor-bound protein 2	20260725
UniProtKB	P62993	GRB2	enables	GO:0005515	protein binding	molecular_function	ECO:0000353	IPI	PMID:7629138	UniProtKB:Q07889	9606	Homo sapiens	IntAct	Growth factor receptor-bound protein 2	20260725
UniProtKB	P62993	GRB2	enables	GO:0005515	protein binding	molecular_function	ECO:0000353	IPI	PMID:7629138	UniProtKB:Q07890	9606	Homo sapiens	IntAct	Growth factor receptor-bound protein 2	20260725
UniProtKB	P62993	GRB2	enables	GO:0005515	protein binding	molecular_function	ECO:0000353	IPI	PMID:7773779	UniProtKB:Q07889	9606	Homo sapiens	IntAct	Growth factor receptor-bound protein 2	20260725
UniProtKB	P62993	GRB2	enables	GO:0005515	protein binding	molecular_function	ECO:0000353	IPI	PMID:8112292	UniProtKB:P11274	9606	Homo sapiens	IntAct	Growth factor receptor-bound protein 2	20260725
UniProtKB	P62993	GRB2	enables	GO:0005515	protein binding	molecular_function	ECO:0000353	IPI	PMID:8491186	UniProtKB:P35570	9606	Homo sapiens	IntAct	Growth factor receptor-bound protein 2	20260725
UniProtKB	P62993	GRB2	enables	GO:0005515	protein binding	molecular_function	ECO:0000353	IPI	PMID:8663178	UniProtKB:P29353	9606	Homo sapiens	IntAct	Growth factor receptor-bound protein 2	20260725
UniProtKB	P62993	GRB2	enables	GO:0005515	protein binding	molecular_function	ECO:0000353	IPI	PMID:8798570	UniProtKB:P54762	9606	Homo sapiens	IntAct	Growth factor receptor-bound protein 2	20260725
UniProtKB	P62993	GRB2	enables	GO:0005515	protein binding	molecular_function	ECO:0000353	IPI	PMID:8816475	UniProtKB:P34152	9606	Homo sapiens	IntAct	Growth factor receptor-bound protein 2	20260725
UniProtKB	P62993	GRB2	enables	GO:0005515	protein binding	molecular_function	ECO:0000353	IPI	PMID:8887653	UniProtKB:P00533	9606	Homo sapiens	IntAct	Growth factor receptor-bound protein 2	20260725
UniProtKB	P62993	GRB2	enables	GO:0005515	protein binding	molecular_function	ECO:0000353	IPI	PMID:8939605	UniProtKB:P29353	9606	Homo sapiens	IntAct	Growth factor receptor-bound protein 2	20260725
UniProtKB	P62993	GRB2	enables	GO:0005515	protein binding	molecular_function	ECO:0000353	IPI	PMID:8940013	UniProtKB:P00533	9606	Homo sapiens	IntAct	Growth factor receptor-bound protein 2	20260725
UniProtKB	P62993	GRB2	enables	GO:0005515	protein binding	molecular_function	ECO:0000353	IPI	PMID:8940013	UniProtKB:P29353	9606	Homo sapiens	IntAct	Growth factor receptor-bound protein 2	20260725
UniProtKB	P62993	GRB2	enables	GO:0005515	protein binding	molecular_function	ECO:0000353	IPI	PMID:8940013	UniProtKB:Q62245	9606	Homo sapiens	IntAct	Growth factor receptor-bound protein 2	20260725
UniProtKB	P62993	GRB2	enables	GO:0005515	protein binding	molecular_function	ECO:0000353	IPI	PMID:8955135	UniProtKB:P11274	9606	Homo sapiens	IntAct	Growth factor receptor-bound protein 2	20260725
UniProtKB	P62993	GRB2	enables	GO:0005515	protein binding	molecular_function	ECO:0000353	IPI	PMID:8959326	UniProtKB:P35235	9606	Homo sapiens	IntAct	Growth factor receptor-bound protein 2	20260725
UniProtKB	P62993	GRB2	enables	GO:0005515	protein binding	molecular_function	ECO:0000353	IPI	PMID:8995379	UniProtKB:P11274	9606	Homo sapiens	IntAct	Growth factor receptor-bound protein 2	20260725
UniProtKB	P62993	GRB2	enables	GO:0005515	protein binding	molecular_function	ECO:0000353	IPI	PMID:8995379	UniProtKB:P29353	9606	Homo sapiens	IntAct	Growth factor receptor-bound protein 2	20260725
UniProtKB	P62993	GRB2	enables	GO:0005515	protein binding	molecular_function	ECO:0000353	IPI	PMID:9020117	UniProtKB:P00533	9606	Homo sapiens	IntAct	Growth factor receptor-bound protein 2	20260725
UniProtKB	P62993	GRB2	enables	GO:0005515	protein binding	molecular_function	ECO:0000353	IPI	PMID:9020117	UniProtKB:P19174	9606	Homo sapiens	IntAct	Growth factor receptor-bound protein 2	20260725
UniProtKB	P62993	GRB2	enables	GO:0005515	protein binding	molecular_function	ECO:0000353	IPI	PMID:9045636	UniProtKB:Q07666	9606	Homo sapiens	IntAct	Growth factor receptor-bound protein 2	20260725
UniProtKB	P62993	GRB2	enables	GO:0005515	protein binding	molecular_function	ECO:0000353	IPI	PMID:9148935	UniProtKB:P34152	9606	Homo sapiens	IntAct	Growth factor receptor-bound protein 2	20260725
UniProtKB	P62993	GRB2	enables	GO:0005515	protein binding	molecular_function	ECO:0000353	IPI	PMID:9174058	UniProtKB:P11274	9606	Homo sapiens	IntAct	Growth factor receptor-bound protein 2	20260725
UniProtKB	P62993	GRB2	enables	GO:0005515	protein binding	molecular_function	ECO:0000353	IPI	PMID:9175774	UniProtKB:P29353	9606	Homo sapiens	IntAct	Growth factor receptor-bound protein 2	20260725
UniProtKB	P62993	GRB2	enables	GO:0005515	protein binding	molecular_function	ECO:0000353	IPI	PMID:9178760	UniProtKB:P30530	9606	Homo sapiens	IntAct	Growth factor receptor-bound protein 2	20260725
UniProtKB	P62993	GRB2	enables	GO:0005515	protein binding	molecular_function	ECO:0000353	IPI	PMID:9178913	UniProtKB:P11274	9606	Homo sapiens	IntAct	Growth factor receptor-bound protein 2	20260725
UniProtKB	P62993	GRB2	enables	GO:0005515	protein binding	molecular_function	ECO:0000353	IPI	PMID:9254595	UniProtKB:P29353	9606	Homo sapiens	IntAct	Growth factor receptor-bound protein 2	20260725
UniProtKB	P62993	GRB2	enables	GO:0005515	protein binding	molecular_function	ECO:0000353	IPI	PMID:9346925	UniProtKB:Q92918	9606	Homo sapiens	IntAct	Growth factor receptor-bound protein 2	20260725
UniProtKB	P62993	GRB2	enables	GO:0005515	protein binding	molecular_function	ECO:0000353	IPI	PMID:9447984	UniProtKB:Q07889	9606	Homo sapiens	IntAct	Growth factor receptor-bound protein 2	20260725
UniProtKB	P62993	GRB2	enables	GO:0005515	protein binding	molecular_function	ECO:0000353	IPI	PMID:9489702	UniProtKB:O43561	9606	Homo sapiens	IntAct	Growth factor receptor-bound protein 2	20260725
UniProtKB	P62993	GRB2	enables	GO:0005515	protein binding	molecular_function	ECO:0000353	IPI	PMID:9544989	UniProtKB:P29353	9606	Homo sapiens	IntAct	Growth factor receptor-bound protein 2	20260725
UniProtKB	P62993	GRB2	enables	GO:0005515	protein binding	molecular_function	ECO:0000353	IPI	PMID:9569023	UniProtKB:P98078	9606	Homo sapiens	IntAct	Growth factor receptor-bound protein 2	20260725
UniProtKB	P62993	GRB2	enables	GO:0005515	protein binding	molecular_function	ECO:0000353	IPI	PMID:9569023	UniProtKB:Q07889	9606	Homo sapiens	IntAct	Growth factor receptor-bound protein 2	20260725
UniProtKB	P62993	GRB2	enables	GO:0005515	protein binding	molecular_function	ECO:0000353	IPI	PMID:9569023	UniProtKB:Q62245	9606	Homo sapiens	IntAct	Growth factor receptor-bound protein 2	20260725
UniProtKB	P62993	GRB2	enables	GO:0005515	protein binding	molecular_function	ECO:0000353	IPI	PMID:9788432	UniProtKB:Q9Y4K4	9606	Homo sapiens	IntAct	Growth factor receptor-bound protein 2	20260725
UniProtKB	P62993	GRB2	enables	GO:0042802	identical protein binding	molecular_function	ECO:0000353	IPI	PMID:12577067	UniProtKB:P62993	9606	Homo sapiens	IntAct	Growth factor receptor-bound protein 2	20260725
UniProtKB	P62993	GRB2	enables	GO:0042802	identical protein binding	molecular_function	ECO:0000353	IPI	PMID:22536782	UniProtKB:P62993	9606	Homo sapiens	IntAct	Growth factor receptor-bound protein 2	20260725
UniProtKB	P62993	GRB2	enables	GO:0042802	identical protein binding	molecular_function	ECO:0000353	IPI	PMID:22726438	UniProtKB:P62993	9606	Homo sapiens	IntAct	Growth factor receptor-bound protein 2	20260725
UniProtKB	P62993	GRB2	enables	GO:0005068	transmembrane receptor protein tyrosine kinase adaptor activity	molecular_function	ECO:0000265	IEA	GO_REF:0000107	UniProtKB:Q60631|ensembl:ENSMUSP00000021090	9606	Homo sapiens	Ensembl	Growth factor receptor-bound protein 2	20260724
UniProtKB	P62993	GRB2	enables	GO:0005091	guanyl-nucleotide exchange factor adaptor activity	molecular_function	ECO:0000501	IEA	GO_REF:0000120	ARBA:ARBA00095251|UniProtKB:Q60631|ensembl:ENSMUSP00000021090	9606	Homo sapiens	UniProt	Growth factor receptor-bound protein 2	20260724
UniProtKB	P62993	GRB2	located_in	GO:0005886	plasma membrane	cellular_component	ECO:0000265	IEA	GO_REF:0000107	UniProtKB:Q60631|ensembl:ENSMUSP00000021090	9606	Homo sapiens	Ensembl	Growth factor receptor-bound protein 2	20260724
UniProtKB	P62993	GRB2	located_in	GO:0005911	cell-cell junction	cellular_component	ECO:0000265	IEA	GO_REF:0000107	UniProtKB:Q60631|ensembl:ENSMUSP00000021090	9606	Homo sapiens	Ensembl	Growth factor receptor-bound protein 2	20260724
UniProtKB	P62993	GRB2	is_active_in	GO:0005938	cell cortex	cellular_component	ECO:0000265	IEA	GO_REF:0000107	UniProtKB:Q60631|ensembl:ENSMUSP00000021090	9606	Homo sapiens	Ensembl	Growth factor receptor-bound protein 2	20260724
UniProtKB	P62993	GRB2	involved_in	GO:0007173	epidermal growth factor receptor signaling pathway	biological_process	ECO:0000265	IEA	GO_REF:0000107	UniProtKB:Q60631|ensembl:ENSMUSP00000021090	9606	Homo sapiens	Ensembl	Growth factor receptor-bound protein 2	20260724
UniProtKB	P62993	GRB2	part_of	GO:0008180	COP9 signalosome	cellular_component	ECO:0000265	IEA	GO_REF:0000107	UniProtKB:Q60631|ensembl:ENSMUSP00000021090	9606	Homo sapiens	Ensembl	Growth factor receptor-bound protein 2	20260724
UniProtKB	P62993	GRB2	involved_in	GO:0008286	insulin receptor signaling pathway	biological_process	ECO:0000265	IEA	GO_REF:0000107	UniProtKB:Q60631|ensembl:ENSMUSP00000021090	9606	Homo sapiens	Ensembl	Growth factor receptor-bound protein 2	20260724
UniProtKB	P62993	GRB2	located_in	GO:0012506	vesicle membrane	cellular_component	ECO:0000265	IEA	GO_REF:0000107	UniProtKB:Q60631|ensembl:ENSMUSP00000021090	9606	Homo sapiens	Ensembl	Growth factor receptor-bound protein 2	20260724
UniProtKB	P62993	GRB2	involved_in	GO:0014044	Schwann cell development	biological_process	ECO:0000265	IEA	GO_REF:0000107	UniProtKB:Q60631|ensembl:ENSMUSP00000021090	9606	Homo sapiens	Ensembl	Growth factor receptor-bound protein 2	20260724
UniProtKB	P62993	GRB2	located_in	GO:0016020	membrane	cellular_component	ECO:0000265	IEA	GO_REF:0000107	UniProtKB:Q60631|ensembl:ENSMUSP00000021090	9606	Homo sapiens	Ensembl	Growth factor receptor-bound protein 2	20260724
UniProtKB	P62993	GRB2	enables	GO:0019903	protein phosphatase binding	molecular_function	ECO:0000265	IEA	GO_REF:0000107	UniProtKB:Q60631|ensembl:ENSMUSP00000021090	9606	Homo sapiens	Ensembl	Growth factor receptor-bound protein 2	20260724
UniProtKB	P62993	GRB2	enables	GO:0019904	protein domain specific binding	molecular_function	ECO:0000501	IEA	GO_REF:0000120	ARBA:ARBA00087321|UniProtKB:Q60631|ensembl:ENSMUSP00000021090	9606	Homo sapiens	UniProt	Growth factor receptor-bound protein 2	20260724
UniProtKB	P62993	GRB2	enables	GO:0030674	protein-macromolecule adaptor activity	molecular_function	ECO:0000265	IEA	GO_REF:0000107	UniProtKB:Q60631|ensembl:ENSMUSP00000021090	9606	Homo sapiens	Ensembl	Growth factor receptor-bound protein 2	20260724
UniProtKB	P62993	GRB2	involved_in	GO:0042552	myelination	biological_process	ECO:0000265	IEA	GO_REF:0000107	UniProtKB:Q60631|ensembl:ENSMUSP00000021090	9606	Homo sapiens	Ensembl	Growth factor receptor-bound protein 2	20260724
UniProtKB	P62993	GRB2	enables	GO:0046875	ephrin receptor binding	molecular_function	ECO:0000265	IEA	GO_REF:0000107	UniProtKB:Q60631|ensembl:ENSMUSP00000021090	9606	Homo sapiens	Ensembl	Growth factor receptor-bound protein 2	20260724
UniProtKB	P62993	GRB2	involved_in	GO:0048009	insulin-like growth factor receptor signaling pathway	biological_process	ECO:0000265	IEA	GO_REF:0000107	UniProtKB:Q60631|ensembl:ENSMUSP00000021090	9606	Homo sapiens	Ensembl	Growth factor receptor-bound protein 2	20260724
UniProtKB	P62993	GRB2	involved_in	GO:0050853	B cell receptor signaling pathway	biological_process	ECO:0000265	IEA	GO_REF:0000107	UniProtKB:Q60631|ensembl:ENSMUSP00000021090	9606	Homo sapiens	Ensembl	Growth factor receptor-bound protein 2	20260724
UniProtKB	P62993	GRB2	located_in	GO:0005829	cytosol	cellular_component	ECO:0000314	IDA	GO_REF:0000052		9606	Homo sapiens	HPA	Growth factor receptor-bound protein 2	20251115
UniProtKB	P62993	GRB2	located_in	GO:0005634	nucleus	cellular_component	ECO:0000269	EXP	PMID:37328606		9606	Homo sapiens	UniProt	Growth factor receptor-bound protein 2	20251027
UniProtKB	P62993	GRB2	located_in	GO:0005737	cytoplasm	cellular_component	ECO:0000269	EXP	PMID:30282717		9606	Homo sapiens	UniProt	Growth factor receptor-bound protein 2	20251027
UniProtKB	P62993	GRB2	located_in	GO:0005737	cytoplasm	cellular_component	ECO:0000269	EXP	PMID:37328606		9606	Homo sapiens	UniProt	Growth factor receptor-bound protein 2	20251027
UniProtKB	P62993	GRB2	located_in	GO:0005794	Golgi apparatus	cellular_component	ECO:0000250	ISS	GO_REF:0000024	UniProtKB:Q60631	9606	Homo sapiens	UniProt	Growth factor receptor-bound protein 2	20251027
UniProtKB	P62993	GRB2	enables	GO:0005091	guanyl-nucleotide exchange factor adaptor activity	molecular_function	ECO:0000314	IDA	PMID:8386805		9606	Homo sapiens	UniProt	Growth factor receptor-bound protein 2	20250718
UniProtKB	P62993	GRB2	involved_in	GO:0035022	positive regulation of Rac protein signal transduction	biological_process	ECO:0000305	IC	PMID:16475793		9606	Homo sapiens	UniProt	Growth factor receptor-bound protein 2	20250718
UniProtKB	P62993	GRB2	enables	GO:0030674	protein-macromolecule adaptor activity	molecular_function	ECO:0000314	IDA	PMID:25870599		9606	Homo sapiens	UniProt	Growth factor receptor-bound protein 2	20240820
UniProtKB	P62993	GRB2	involved_in	GO:0045953	negative regulation of natural killer cell mediated cytotoxicity	biological_process	ECO:0000314	IDA	PMID:25870599		9606	Homo sapiens	UniProt	Growth factor receptor-bound protein 2	20240820
UniProtKB	P62993	GRB2	enables	GO:0030674	protein-macromolecule adaptor activity	molecular_function	ECO:0000314	IDA	PMID:25870599		9606	Homo sapiens	UniProt	Growth factor receptor-bound protein 2	20240815
UniProtKB	P62993	GRB2	involved_in	GO:0042267	natural killer cell mediated cytotoxicity	biological_process	ECO:0000314	IDA	PMID:16582911		9606	Homo sapiens	UniProt	Growth factor receptor-bound protein 2	20240815
UniProtKB	P62993	GRB2	enables	GO:0030674	protein-macromolecule adaptor activity	molecular_function	ECO:0000314	IDA	PMID:7539782		9606	Homo sapiens	UniProt	Growth factor receptor-bound protein 2	20240502
UniProtKB	P62993	GRB2	involved_in	GO:0042110	T cell activation	biological_process	ECO:0000314	IDA	PMID:7568038		9606	Homo sapiens	UniProt	Growth factor receptor-bound protein 2	20240502
UniProtKB	P62993	GRB2	enables	GO:0005515	protein binding	molecular_function	ECO:0000353	IPI	PMID:9922133	UniProtKB:Q05193	9606	Homo sapiens	UniProt	Growth factor receptor-bound protein 2	20230912
UniProtKB	P62993	GRB2	enables	GO:0005515	protein binding	molecular_function	ECO:0000353	IPI	PMID:11533253	UniProtKB:O00750	9606	Homo sapiens	UniProt	Growth factor receptor-bound protein 2	20200921
UniProtKB	P62993	GRB2	enables	GO:0005515	protein binding	molecular_function	ECO:0000353	IPI	PMID:17974561	UniProtKB:O43597	9606	Homo sapiens	UniProt	Growth factor receptor-bound protein 2	20200903
UniProtKB	P62993	GRB2	involved_in	GO:0007173	epidermal growth factor receptor signaling pathway	biological_process	ECO:0000315	IMP	PMID:8253073		9606	Homo sapiens	UniProt	Growth factor receptor-bound protein 2	20200522
UniProtKB	P62993	GRB2	acts_upstream_of_or_within	GO:0030036	actin cytoskeleton organization	biological_process	ECO:0000315	IMP	PMID:8253073		9606	Homo sapiens	UniProt	Growth factor receptor-bound protein 2	20200522
UniProtKB	P62993	GRB2	enables	GO:0005515	protein binding	molecular_function	ECO:0000353	IPI	PMID:9697839	UniProtKB:Q8WV28	9606	Homo sapiens	UniProt	Growth factor receptor-bound protein 2	20200406
UniProtKB	P62993	GRB2	enables	GO:0005515	protein binding	molecular_function	ECO:0000353	IPI	PMID:7929073	UniProtKB:P09917	9606	Homo sapiens	UniProt	Growth factor receptor-bound protein 2	20200107
UniProtKB	P62993	GRB2	enables	GO:0005515	protein binding	molecular_function	ECO:0000353	IPI	PMID:22801373	UniProtKB:P18433	9606	Homo sapiens	UniProt	Growth factor receptor-bound protein 2	20191106
UniProtKB	P62993	GRB2	enables	GO:0005515	protein binding	molecular_function	ECO:0000353	IPI	PMID:25092874	UniProtKB:Q6ZWK4	9606	Homo sapiens	UniProt	Growth factor receptor-bound protein 2	20171121
UniProtKB	P62993	GRB2	enables	GO:0005515	protein binding	molecular_function	ECO:0000353	IPI	PMID:20933011	UniProtKB:Q6DN72	9606	Homo sapiens	UniProt	Growth factor receptor-bound protein 2	20170804
UniProtKB	P62993	GRB2	located_in	GO:0005829	cytosol	cellular_component	ECO:0000304	TAS	Reactome:R-HSA-8983384		9606	Homo sapiens	Reactome	Growth factor receptor-bound protein 2	20170323
UniProtKB	P62993	GRB2	located_in	GO:0005829	cytosol	cellular_component	ECO:0000304	TAS	Reactome:R-HSA-9674816		9606	Homo sapiens	Reactome	Growth factor receptor-bound protein 2	20170323
UniProtKB	P62993	GRB2	located_in	GO:0005829	cytosol	cellular_component	ECO:0000304	TAS	Reactome:R-HSA-9695841		9606	Homo sapiens	Reactome	Growth factor receptor-bound protein 2	20170323
UniProtKB	P62993	GRB2	located_in	GO:0005829	cytosol	cellular_component	ECO:0000304	TAS	Reactome:R-HSA-9695845		9606	Homo sapiens	Reactome	Growth factor receptor-bound protein 2	20170323
UniProtKB	P62993	GRB2	located_in	GO:0005829	cytosol	cellular_component	ECO:0000304	TAS	Reactome:R-HSA-9695853		9606	Homo sapiens	Reactome	Growth factor receptor-bound protein 2	20170323
UniProtKB	P62993	GRB2	located_in	GO:0005829	cytosol	cellular_component	ECO:0000304	TAS	Reactome:R-HSA-9698000		9606	Homo sapiens	Reactome	Growth factor receptor-bound protein 2	20170323
UniProtKB	P62993	GRB2	located_in	GO:0005829	cytosol	cellular_component	ECO:0000304	TAS	Reactome:R-HSA-9698003		9606	Homo sapiens	Reactome	Growth factor receptor-bound protein 2	20170323
UniProtKB	P62993	GRB2	located_in	GO:0005829	cytosol	cellular_component	ECO:0000304	TAS	Reactome:R-HSA-9698005		9606	Homo sapiens	Reactome	Growth factor receptor-bound protein 2	20170323
UniProtKB	P62993	GRB2	located_in	GO:0005829	cytosol	cellular_component	ECO:0000304	TAS	Reactome:R-HSA-9698007		9606	Homo sapiens	Reactome	Growth factor receptor-bound protein 2	20170323
UniProtKB	P62993	GRB2	located_in	GO:0005829	cytosol	cellular_component	ECO:0000304	TAS	Reactome:R-HSA-9698008		9606	Homo sapiens	Reactome	Growth factor receptor-bound protein 2	20170323
UniProtKB	P62993	GRB2	located_in	GO:0005829	cytosol	cellular_component	ECO:0000304	TAS	Reactome:R-HSA-9698013		9606	Homo sapiens	Reactome	Growth factor receptor-bound protein 2	20170323
UniProtKB	P62993	GRB2	located_in	GO:0005829	cytosol	cellular_component	ECO:0000304	TAS	Reactome:R-HSA-9698029		9606	Homo sapiens	Reactome	Growth factor receptor-bound protein 2	20170323
UniProtKB	P62993	GRB2	located_in	GO:0005829	cytosol	cellular_component	ECO:0000304	TAS	Reactome:R-HSA-9698174		9606	Homo sapiens	Reactome	Growth factor receptor-bound protein 2	20170323
UniProtKB	P62993	GRB2	located_in	GO:0005829	cytosol	cellular_component	ECO:0000304	TAS	Reactome:R-HSA-9710914		9606	Homo sapiens	Reactome	Growth factor receptor-bound protein 2	20170323
UniProtKB	P62993	GRB2	located_in	GO:0005829	cytosol	cellular_component	ECO:0000304	TAS	Reactome:R-HSA-9724099		9606	Homo sapiens	Reactome	Growth factor receptor-bound protein 2	20170323
UniProtKB	P62993	GRB2	located_in	GO:0005829	cytosol	cellular_component	ECO:0000304	TAS	Reactome:R-HSA-9842655		9606	Homo sapiens	Reactome	Growth factor receptor-bound protein 2	20170323
UniProtKB	P62993	GRB2	located_in	GO:0005829	cytosol	cellular_component	ECO:0000304	TAS	Reactome:R-HSA-9842665		9606	Homo sapiens	Reactome	Growth factor receptor-bound protein 2	20170323
UniProtKB	P62993	GRB2	located_in	GO:0005829	cytosol	cellular_component	ECO:0000304	TAS	Reactome:R-HSA-9842669		9606	Homo sapiens	Reactome	Growth factor receptor-bound protein 2	20170323
UniProtKB	P62993	GRB2	enables	GO:0001784	phosphotyrosine residue binding	molecular_function	ECO:0000353	IPI	PMID:20624904	UniProtKB:Q6GX35	9606	Homo sapiens	CAFA	Growth factor receptor-bound protein 2	20161201
UniProtKB	P62993	GRB2	located_in	GO:0005829	cytosol	cellular_component	ECO:0000304	TAS	Reactome:R-HSA-109699		9606	Homo sapiens	Reactome	Growth factor receptor-bound protein 2	20160611
UniProtKB	P62993	GRB2	located_in	GO:0005829	cytosol	cellular_component	ECO:0000304	TAS	Reactome:R-HSA-109813		9606	Homo sapiens	Reactome	Growth factor receptor-bound protein 2	20160611
UniProtKB	P62993	GRB2	located_in	GO:0005829	cytosol	cellular_component	ECO:0000304	TAS	Reactome:R-HSA-109822		9606	Homo sapiens	Reactome	Growth factor receptor-bound protein 2	20160611
UniProtKB	P62993	GRB2	located_in	GO:0005829	cytosol	cellular_component	ECO:0000304	TAS	Reactome:R-HSA-109823		9606	Homo sapiens	Reactome	Growth factor receptor-bound protein 2	20160611
UniProtKB	P62993	GRB2	located_in	GO:0005829	cytosol	cellular_component	ECO:0000304	TAS	Reactome:R-HSA-1225950		9606	Homo sapiens	Reactome	Growth factor receptor-bound protein 2	20160611
UniProtKB	P62993	GRB2	located_in	GO:0005829	cytosol	cellular_component	ECO:0000304	TAS	Reactome:R-HSA-1225951		9606	Homo sapiens	Reactome	Growth factor receptor-bound protein 2	20160611
UniProtKB	P62993	GRB2	located_in	GO:0005829	cytosol	cellular_component	ECO:0000304	TAS	Reactome:R-HSA-1225957		9606	Homo sapiens	Reactome	Growth factor receptor-bound protein 2	20160611
UniProtKB	P62993	GRB2	located_in	GO:0005829	cytosol	cellular_component	ECO:0000304	TAS	Reactome:R-HSA-1225961		9606	Homo sapiens	Reactome	Growth factor receptor-bound protein 2	20160611
UniProtKB	P62993	GRB2	located_in	GO:0005829	cytosol	cellular_component	ECO:0000304	TAS	Reactome:R-HSA-1226012		9606	Homo sapiens	Reactome	Growth factor receptor-bound protein 2	20160611
UniProtKB	P62993	GRB2	located_in	GO:0005829	cytosol	cellular_component	ECO:0000304	TAS	Reactome:R-HSA-1226014		9606	Homo sapiens	Reactome	Growth factor receptor-bound protein 2	20160611
UniProtKB	P62993	GRB2	located_in	GO:0005829	cytosol	cellular_component	ECO:0000304	TAS	Reactome:R-HSA-1226016		9606	Homo sapiens	Reactome	Growth factor receptor-bound protein 2	20160611
UniProtKB	P62993	GRB2	located_in	GO:0005829	cytosol	cellular_component	ECO:0000304	TAS	Reactome:R-HSA-1250380		9606	Homo sapiens	Reactome	Growth factor receptor-bound protein 2	20160611
UniProtKB	P62993	GRB2	located_in	GO:0005829	cytosol	cellular_component	ECO:0000304	TAS	Reactome:R-HSA-1250383		9606	Homo sapiens	Reactome	Growth factor receptor-bound protein 2	20160611
UniProtKB	P62993	GRB2	located_in	GO:0005829	cytosol	cellular_component	ECO:0000304	TAS	Reactome:R-HSA-1295613		9606	Homo sapiens	Reactome	Growth factor receptor-bound protein 2	20160611
UniProtKB	P62993	GRB2	located_in	GO:0005829	cytosol	cellular_component	ECO:0000304	TAS	Reactome:R-HSA-1306957		9606	Homo sapiens	Reactome	Growth factor receptor-bound protein 2	20160611
UniProtKB	P62993	GRB2	located_in	GO:0005829	cytosol	cellular_component	ECO:0000304	TAS	Reactome:R-HSA-1306963		9606	Homo sapiens	Reactome	Growth factor receptor-bound protein 2	20160611
UniProtKB	P62993	GRB2	located_in	GO:0005829	cytosol	cellular_component	ECO:0000304	TAS	Reactome:R-HSA-1306965		9606	Homo sapiens	Reactome	Growth factor receptor-bound protein 2	20160611
UniProtKB	P62993	GRB2	located_in	GO:0005829	cytosol	cellular_component	ECO:0000304	TAS	Reactome:R-HSA-1306969		9606	Homo sapiens	Reactome	Growth factor receptor-bound protein 2	20160611
UniProtKB	P62993	GRB2	located_in	GO:0005829	cytosol	cellular_component	ECO:0000304	TAS	Reactome:R-HSA-1306972		9606	Homo sapiens	Reactome	Growth factor receptor-bound protein 2	20160611
UniProtKB	P62993	GRB2	located_in	GO:0005829	cytosol	cellular_component	ECO:0000304	TAS	Reactome:R-HSA-1433428		9606	Homo sapiens	Reactome	Growth factor receptor-bound protein 2	20160611
UniProtKB	P62993	GRB2	located_in	GO:0005829	cytosol	cellular_component	ECO:0000304	TAS	Reactome:R-HSA-1433454		9606	Homo sapiens	Reactome	Growth factor receptor-bound protein 2	20160611
UniProtKB	P62993	GRB2	located_in	GO:0005829	cytosol	cellular_component	ECO:0000304	TAS	Reactome:R-HSA-1433471		9606	Homo sapiens	Reactome	Growth factor receptor-bound protein 2	20160611
UniProtKB	P62993	GRB2	located_in	GO:0005829	cytosol	cellular_component	ECO:0000304	TAS	Reactome:R-HSA-1433514		9606	Homo sapiens	Reactome	Growth factor receptor-bound protein 2	20160611
UniProtKB	P62993	GRB2	located_in	GO:0005829	cytosol	cellular_component	ECO:0000304	TAS	Reactome:R-HSA-1549564		9606	Homo sapiens	Reactome	Growth factor receptor-bound protein 2	20160611
UniProtKB	P62993	GRB2	located_in	GO:0005829	cytosol	cellular_component	ECO:0000304	TAS	Reactome:R-HSA-1562641		9606	Homo sapiens	Reactome	Growth factor receptor-bound protein 2	20160611
UniProtKB	P62993	GRB2	located_in	GO:0005829	cytosol	cellular_component	ECO:0000304	TAS	Reactome:R-HSA-177920		9606	Homo sapiens	Reactome	Growth factor receptor-bound protein 2	20160611
UniProtKB	P62993	GRB2	located_in	GO:0005829	cytosol	cellular_component	ECO:0000304	TAS	Reactome:R-HSA-177923		9606	Homo sapiens	Reactome	Growth factor receptor-bound protein 2	20160611
UniProtKB	P62993	GRB2	located_in	GO:0005829	cytosol	cellular_component	ECO:0000304	TAS	Reactome:R-HSA-177924		9606	Homo sapiens	Reactome	Growth factor receptor-bound protein 2	20160611
UniProtKB	P62993	GRB2	located_in	GO:0005829	cytosol	cellular_component	ECO:0000304	TAS	Reactome:R-HSA-177926		9606	Homo sapiens	Reactome	Growth factor receptor-bound protein 2	20160611
UniProtKB	P62993	GRB2	located_in	GO:0005829	cytosol	cellular_component	ECO:0000304	TAS	Reactome:R-HSA-177927		9606	Homo sapiens	Reactome	Growth factor receptor-bound protein 2	20160611
UniProtKB	P62993	GRB2	located_in	GO:0005829	cytosol	cellular_component	ECO:0000304	TAS	Reactome:R-HSA-177930		9606	Homo sapiens	Reactome	Growth factor receptor-bound protein 2	20160611
UniProtKB	P62993	GRB2	located_in	GO:0005829	cytosol	cellular_component	ECO:0000304	TAS	Reactome:R-HSA-177931		9606	Homo sapiens	Reactome	Growth factor receptor-bound protein 2	20160611
UniProtKB	P62993	GRB2	located_in	GO:0005829	cytosol	cellular_component	ECO:0000304	TAS	Reactome:R-HSA-177935		9606	Homo sapiens	Reactome	Growth factor receptor-bound protein 2	20160611
UniProtKB	P62993	GRB2	located_in	GO:0005829	cytosol	cellular_component	ECO:0000304	TAS	Reactome:R-HSA-177936		9606	Homo sapiens	Reactome	Growth factor receptor-bound protein 2	20160611
UniProtKB	P62993	GRB2	located_in	GO:0005829	cytosol	cellular_component	ECO:0000304	TAS	Reactome:R-HSA-177938		9606	Homo sapiens	Reactome	Growth factor receptor-bound protein 2	20160611
UniProtKB	P62993	GRB2	located_in	GO:0005829	cytosol	cellular_component	ECO:0000304	TAS	Reactome:R-HSA-177939		9606	Homo sapiens	Reactome	Growth factor receptor-bound protein 2	20160611
UniProtKB	P62993	GRB2	located_in	GO:0005829	cytosol	cellular_component	ECO:0000304	TAS	Reactome:R-HSA-177941		9606	Homo sapiens	Reactome	Growth factor receptor-bound protein 2	20160611
UniProtKB	P62993	GRB2	located_in	GO:0005829	cytosol	cellular_component	ECO:0000304	TAS	Reactome:R-HSA-177943		9606	Homo sapiens	Reactome	Growth factor receptor-bound protein 2	20160611
UniProtKB	P62993	GRB2	located_in	GO:0005829	cytosol	cellular_component	ECO:0000304	TAS	Reactome:R-HSA-177944		9606	Homo sapiens	Reactome	Growth factor receptor-bound protein 2	20160611
UniProtKB	P62993	GRB2	located_in	GO:0005829	cytosol	cellular_component	ECO:0000304	TAS	Reactome:R-HSA-177945		9606	Homo sapiens	Reactome	Growth factor receptor-bound protein 2	20160611
UniProtKB	P62993	GRB2	located_in	GO:0005829	cytosol	cellular_component	ECO:0000304	TAS	Reactome:R-HSA-179467		9606	Homo sapiens	Reactome	Growth factor receptor-bound protein 2	20160611
UniProtKB	P62993	GRB2	located_in	GO:0005829	cytosol	cellular_component	ECO:0000304	TAS	Reactome:R-HSA-182994		9606	Homo sapiens	Reactome	Growth factor receptor-bound protein 2	20160611
UniProtKB	P62993	GRB2	located_in	GO:0005829	cytosol	cellular_component	ECO:0000304	TAS	Reactome:R-HSA-183002		9606	Homo sapiens	Reactome	Growth factor receptor-bound protein 2	20160611
UniProtKB	P62993	GRB2	located_in	GO:0005829	cytosol	cellular_component	ECO:0000304	TAS	Reactome:R-HSA-183036		9606	Homo sapiens	Reactome	Growth factor receptor-bound protein 2	20160611
UniProtKB	P62993	GRB2	located_in	GO:0005829	cytosol	cellular_component	ECO:0000304	TAS	Reactome:R-HSA-183052		9606	Homo sapiens	Reactome	Growth factor receptor-bound protein 2	20160611
UniProtKB	P62993	GRB2	located_in	GO:0005829	cytosol	cellular_component	ECO:0000304	TAS	Reactome:R-HSA-183058		9606	Homo sapiens	Reactome	Growth factor receptor-bound protein 2	20160611
UniProtKB	P62993	GRB2	located_in	GO:0005829	cytosol	cellular_component	ECO:0000304	TAS	Reactome:R-HSA-183067		9606	Homo sapiens	Reactome	Growth factor receptor-bound protein 2	20160611
UniProtKB	P62993	GRB2	located_in	GO:0005829	cytosol	cellular_component	ECO:0000304	TAS	Reactome:R-HSA-183084		9606	Homo sapiens	Reactome	Growth factor receptor-bound protein 2	20160611
UniProtKB	P62993	GRB2	located_in	GO:0005829	cytosol	cellular_component	ECO:0000304	TAS	Reactome:R-HSA-1839095		9606	Homo sapiens	Reactome	Growth factor receptor-bound protein 2	20160611
UniProtKB	P62993	GRB2	located_in	GO:0005829	cytosol	cellular_component	ECO:0000304	TAS	Reactome:R-HSA-1839102		9606	Homo sapiens	Reactome	Growth factor receptor-bound protein 2	20160611
UniProtKB	P62993	GRB2	located_in	GO:0005829	cytosol	cellular_component	ECO:0000304	TAS	Reactome:R-HSA-1839107		9606	Homo sapiens	Reactome	Growth factor receptor-bound protein 2	20160611
UniProtKB	P62993	GRB2	located_in	GO:0005829	cytosol	cellular_component	ECO:0000304	TAS	Reactome:R-HSA-1839110		9606	Homo sapiens	Reactome	Growth factor receptor-bound protein 2	20160611
UniProtKB	P62993	GRB2	located_in	GO:0005829	cytosol	cellular_component	ECO:0000304	TAS	Reactome:R-HSA-1839114		9606	Homo sapiens	Reactome	Growth factor receptor-bound protein 2	20160611
UniProtKB	P62993	GRB2	located_in	GO:0005829	cytosol	cellular_component	ECO:0000304	TAS	Reactome:R-HSA-186826		9606	Homo sapiens	Reactome	Growth factor receptor-bound protein 2	20160611
UniProtKB	P62993	GRB2	located_in	GO:0005829	cytosol	cellular_component	ECO:0000304	TAS	Reactome:R-HSA-186834		9606	Homo sapiens	Reactome	Growth factor receptor-bound protein 2	20160611
UniProtKB	P62993	GRB2	located_in	GO:0005829	cytosol	cellular_component	ECO:0000304	TAS	Reactome:R-HSA-2029466		9606	Homo sapiens	Reactome	Growth factor receptor-bound protein 2	20160611
UniProtKB	P62993	GRB2	located_in	GO:0005829	cytosol	cellular_component	ECO:0000304	TAS	Reactome:R-HSA-204871		9606	Homo sapiens	Reactome	Growth factor receptor-bound protein 2	20160611
UniProtKB	P62993	GRB2	located_in	GO:0005829	cytosol	cellular_component	ECO:0000304	TAS	Reactome:R-HSA-205234		9606	Homo sapiens	Reactome	Growth factor receptor-bound protein 2	20160611
UniProtKB	P62993	GRB2	located_in	GO:0005829	cytosol	cellular_component	ECO:0000304	TAS	Reactome:R-HSA-205244		9606	Homo sapiens	Reactome	Growth factor receptor-bound protein 2	20160611
UniProtKB	P62993	GRB2	located_in	GO:0005829	cytosol	cellular_component	ECO:0000304	TAS	Reactome:R-HSA-205286		9606	Homo sapiens	Reactome	Growth factor receptor-bound protein 2	20160611
UniProtKB	P62993	GRB2	located_in	GO:0005829	cytosol	cellular_component	ECO:0000304	TAS	Reactome:R-HSA-210974		9606	Homo sapiens	Reactome	Growth factor receptor-bound protein 2	20160611
UniProtKB	P62993	GRB2	located_in	GO:0005829	cytosol	cellular_component	ECO:0000304	TAS	Reactome:R-HSA-210977		9606	Homo sapiens	Reactome	Growth factor receptor-bound protein 2	20160611
UniProtKB	P62993	GRB2	located_in	GO:0005829	cytosol	cellular_component	ECO:0000304	TAS	Reactome:R-HSA-2179407		9606	Homo sapiens	Reactome	Growth factor receptor-bound protein 2	20160611
UniProtKB	P62993	GRB2	located_in	GO:0005829	cytosol	cellular_component	ECO:0000304	TAS	Reactome:R-HSA-2179415		9606	Homo sapiens	Reactome	Growth factor receptor-bound protein 2	20160611
UniProtKB	P62993	GRB2	located_in	GO:0005829	cytosol	cellular_component	ECO:0000304	TAS	Reactome:R-HSA-2197690		9606	Homo sapiens	Reactome	Growth factor receptor-bound protein 2	20160611
UniProtKB	P62993	GRB2	located_in	GO:0005829	cytosol	cellular_component	ECO:0000304	TAS	Reactome:R-HSA-2197691		9606	Homo sapiens	Reactome	Growth factor receptor-bound protein 2	20160611
UniProtKB	P62993	GRB2	located_in	GO:0005829	cytosol	cellular_component	ECO:0000304	TAS	Reactome:R-HSA-2197698		9606	Homo sapiens	Reactome	Growth factor receptor-bound protein 2	20160611
UniProtKB	P62993	GRB2	located_in	GO:0005829	cytosol	cellular_component	ECO:0000304	TAS	Reactome:R-HSA-2316434		9606	Homo sapiens	Reactome	Growth factor receptor-bound protein 2	20160611
UniProtKB	P62993	GRB2	located_in	GO:0005829	cytosol	cellular_component	ECO:0000304	TAS	Reactome:R-HSA-2396561		9606	Homo sapiens	Reactome	Growth factor receptor-bound protein 2	20160611
UniProtKB	P62993	GRB2	located_in	GO:0005829	cytosol	cellular_component	ECO:0000304	TAS	Reactome:R-HSA-2396594		9606	Homo sapiens	Reactome	Growth factor receptor-bound protein 2	20160611
UniProtKB	P62993	GRB2	located_in	GO:0005829	cytosol	cellular_component	ECO:0000304	TAS	Reactome:R-HSA-2396599		9606	Homo sapiens	Reactome	Growth factor receptor-bound protein 2	20160611
UniProtKB	P62993	GRB2	located_in	GO:0005829	cytosol	cellular_component	ECO:0000304	TAS	Reactome:R-HSA-2396606		9606	Homo sapiens	Reactome	Growth factor receptor-bound protein 2	20160611
UniProtKB	P62993	GRB2	located_in	GO:0005829	cytosol	cellular_component	ECO:0000304	TAS	Reactome:R-HSA-2400009		9606	Homo sapiens	Reactome	Growth factor receptor-bound protein 2	20160611
UniProtKB	P62993	GRB2	located_in	GO:0005829	cytosol	cellular_component	ECO:0000304	TAS	Reactome:R-HSA-2424476		9606	Homo sapiens	Reactome	Growth factor receptor-bound protein 2	20160611
UniProtKB	P62993	GRB2	located_in	GO:0005829	cytosol	cellular_component	ECO:0000304	TAS	Reactome:R-HSA-2424477		9606	Homo sapiens	Reactome	Growth factor receptor-bound protein 2	20160611
UniProtKB	P62993	GRB2	located_in	GO:0005829	cytosol	cellular_component	ECO:0000304	TAS	Reactome:R-HSA-2424481		9606	Homo sapiens	Reactome	Growth factor receptor-bound protein 2	20160611
UniProtKB	P62993	GRB2	located_in	GO:0005829	cytosol	cellular_component	ECO:0000304	TAS	Reactome:R-HSA-2424484		9606	Homo sapiens	Reactome	Growth factor receptor-bound protein 2	20160611
UniProtKB	P62993	GRB2	located_in	GO:0005829	cytosol	cellular_component	ECO:0000304	TAS	Reactome:R-HSA-2424485		9606	Homo sapiens	Reactome	Growth factor receptor-bound protein 2	20160611
UniProtKB	P62993	GRB2	located_in	GO:0005829	cytosol	cellular_component	ECO:0000304	TAS	Reactome:R-HSA-2424486		9606	Homo sapiens	Reactome	Growth factor receptor-bound protein 2	20160611
UniProtKB	P62993	GRB2	located_in	GO:0005829	cytosol	cellular_component	ECO:0000304	TAS	Reactome:R-HSA-2424487		9606	Homo sapiens	Reactome	Growth factor receptor-bound protein 2	20160611
UniProtKB	P62993	GRB2	located_in	GO:0005829	cytosol	cellular_component	ECO:0000304	TAS	Reactome:R-HSA-2730833		9606	Homo sapiens	Reactome	Growth factor receptor-bound protein 2	20160611
UniProtKB	P62993	GRB2	located_in	GO:0005829	cytosol	cellular_component	ECO:0000304	TAS	Reactome:R-HSA-2730837		9606	Homo sapiens	Reactome	Growth factor receptor-bound protein 2	20160611
UniProtKB	P62993	GRB2	located_in	GO:0005829	cytosol	cellular_component	ECO:0000304	TAS	Reactome:R-HSA-2730840		9606	Homo sapiens	Reactome	Growth factor receptor-bound protein 2	20160611
UniProtKB	P62993	GRB2	located_in	GO:0005829	cytosol	cellular_component	ECO:0000304	TAS	Reactome:R-HSA-2730841		9606	Homo sapiens	Reactome	Growth factor receptor-bound protein 2	20160611
UniProtKB	P62993	GRB2	located_in	GO:0005829	cytosol	cellular_component	ECO:0000304	TAS	Reactome:R-HSA-2730842		9606	Homo sapiens	Reactome	Growth factor receptor-bound protein 2	20160611
UniProtKB	P62993	GRB2	located_in	GO:0005829	cytosol	cellular_component	ECO:0000304	TAS	Reactome:R-HSA-2730844		9606	Homo sapiens	Reactome	Growth factor receptor-bound protein 2	20160611
UniProtKB	P62993	GRB2	located_in	GO:0005829	cytosol	cellular_component	ECO:0000304	TAS	Reactome:R-HSA-2730847		9606	Homo sapiens	Reactome	Growth factor receptor-bound protein 2	20160611
UniProtKB	P62993	GRB2	located_in	GO:0005829	cytosol	cellular_component	ECO:0000304	TAS	Reactome:R-HSA-2730851		9606	Homo sapiens	Reactome	Growth factor receptor-bound protein 2	20160611
UniProtKB	P62993	GRB2	located_in	GO:0005829	cytosol	cellular_component	ECO:0000304	TAS	Reactome:R-HSA-2730856		9606	Homo sapiens	Reactome	Growth factor receptor-bound protein 2	20160611
UniProtKB	P62993	GRB2	located_in	GO:0005829	cytosol	cellular_component	ECO:0000304	TAS	Reactome:R-HSA-2730858		9606	Homo sapiens	Reactome	Growth factor receptor-bound protein 2	20160611
UniProtKB	P62993	GRB2	located_in	GO:0005829	cytosol	cellular_component	ECO:0000304	TAS	Reactome:R-HSA-2730870		9606	Homo sapiens	Reactome	Growth factor receptor-bound protein 2	20160611
UniProtKB	P62993	GRB2	located_in	GO:0005829	cytosol	cellular_component	ECO:0000304	TAS	Reactome:R-HSA-2730889		9606	Homo sapiens	Reactome	Growth factor receptor-bound protein 2	20160611
UniProtKB	P62993	GRB2	located_in	GO:0005829	cytosol	cellular_component	ECO:0000304	TAS	Reactome:R-HSA-2730892		9606	Homo sapiens	Reactome	Growth factor receptor-bound protein 2	20160611
UniProtKB	P62993	GRB2	located_in	GO:0005829	cytosol	cellular_component	ECO:0000304	TAS	Reactome:R-HSA-354087		9606	Homo sapiens	Reactome	Growth factor receptor-bound protein 2	20160611
UniProtKB	P62993	GRB2	located_in	GO:0005829	cytosol	cellular_component	ECO:0000304	TAS	Reactome:R-HSA-354165		9606	Homo sapiens	Reactome	Growth factor receptor-bound protein 2	20160611
UniProtKB	P62993	GRB2	located_in	GO:0005829	cytosol	cellular_component	ECO:0000304	TAS	Reactome:R-HSA-388814		9606	Homo sapiens	Reactome	Growth factor receptor-bound protein 2	20160611
UniProtKB	P62993	GRB2	located_in	GO:0005829	cytosol	cellular_component	ECO:0000304	TAS	Reactome:R-HSA-389348		9606	Homo sapiens	Reactome	Growth factor receptor-bound protein 2	20160611
UniProtKB	P62993	GRB2	located_in	GO:0005829	cytosol	cellular_component	ECO:0000304	TAS	Reactome:R-HSA-389350		9606	Homo sapiens	Reactome	Growth factor receptor-bound protein 2	20160611
UniProtKB	P62993	GRB2	located_in	GO:0005829	cytosol	cellular_component	ECO:0000304	TAS	Reactome:R-HSA-389352		9606	Homo sapiens	Reactome	Growth factor receptor-bound protein 2	20160611
UniProtKB	P62993	GRB2	located_in	GO:0005829	cytosol	cellular_component	ECO:0000304	TAS	Reactome:R-HSA-389354		9606	Homo sapiens	Reactome	Growth factor receptor-bound protein 2	20160611
UniProtKB	P62993	GRB2	located_in	GO:0005829	cytosol	cellular_component	ECO:0000304	TAS	Reactome:R-HSA-389919		9606	Homo sapiens	Reactome	Growth factor receptor-bound protein 2	20160611
UniProtKB	P62993	GRB2	located_in	GO:0005829	cytosol	cellular_component	ECO:0000304	TAS	Reactome:R-HSA-391153		9606	Homo sapiens	Reactome	Growth factor receptor-bound protein 2	20160611
UniProtKB	P62993	GRB2	located_in	GO:0005829	cytosol	cellular_component	ECO:0000304	TAS	Reactome:R-HSA-392051		9606	Homo sapiens	Reactome	Growth factor receptor-bound protein 2	20160611
UniProtKB	P62993	GRB2	located_in	GO:0005829	cytosol	cellular_component	ECO:0000304	TAS	Reactome:R-HSA-392053		9606	Homo sapiens	Reactome	Growth factor receptor-bound protein 2	20160611
UniProtKB	P62993	GRB2	located_in	GO:0005829	cytosol	cellular_component	ECO:0000304	TAS	Reactome:R-HSA-392054		9606	Homo sapiens	Reactome	Growth factor receptor-bound protein 2	20160611
UniProtKB	P62993	GRB2	located_in	GO:0005829	cytosol	cellular_component	ECO:0000304	TAS	Reactome:R-HSA-453104		9606	Homo sapiens	Reactome	Growth factor receptor-bound protein 2	20160611
UniProtKB	P62993	GRB2	located_in	GO:0005829	cytosol	cellular_component	ECO:0000304	TAS	Reactome:R-HSA-453111		9606	Homo sapiens	Reactome	Growth factor receptor-bound protein 2	20160611
UniProtKB	P62993	GRB2	located_in	GO:0005829	cytosol	cellular_component	ECO:0000304	TAS	Reactome:R-HSA-508247		9606	Homo sapiens	Reactome	Growth factor receptor-bound protein 2	20160611
UniProtKB	P62993	GRB2	located_in	GO:0005829	cytosol	cellular_component	ECO:0000304	TAS	Reactome:R-HSA-5637764		9606	Homo sapiens	Reactome	Growth factor receptor-bound protein 2	20160611
UniProtKB	P62993	GRB2	located_in	GO:0005829	cytosol	cellular_component	ECO:0000304	TAS	Reactome:R-HSA-5637765		9606	Homo sapiens	Reactome	Growth factor receptor-bound protein 2	20160611
UniProtKB	P62993	GRB2	located_in	GO:0005829	cytosol	cellular_component	ECO:0000304	TAS	Reactome:R-HSA-5637770		9606	Homo sapiens	Reactome	Growth factor receptor-bound protein 2	20160611
UniProtKB	P62993	GRB2	located_in	GO:0005829	cytosol	cellular_component	ECO:0000304	TAS	Reactome:R-HSA-5637798		9606	Homo sapiens	Reactome	Growth factor receptor-bound protein 2	20160611
UniProtKB	P62993	GRB2	located_in	GO:0005829	cytosol	cellular_component	ECO:0000304	TAS	Reactome:R-HSA-5637801		9606	Homo sapiens	Reactome	Growth factor receptor-bound protein 2	20160611
UniProtKB	P62993	GRB2	located_in	GO:0005829	cytosol	cellular_component	ECO:0000304	TAS	Reactome:R-HSA-5637806		9606	Homo sapiens	Reactome	Growth factor receptor-bound protein 2	20160611
UniProtKB	P62993	GRB2	located_in	GO:0005829	cytosol	cellular_component	ECO:0000304	TAS	Reactome:R-HSA-5637808		9606	Homo sapiens	Reactome	Growth factor receptor-bound protein 2	20160611
UniProtKB	P62993	GRB2	located_in	GO:0005829	cytosol	cellular_component	ECO:0000304	TAS	Reactome:R-HSA-5654392		9606	Homo sapiens	Reactome	Growth factor receptor-bound protein 2	20160611
UniProtKB	P62993	GRB2	located_in	GO:0005829	cytosol	cellular_component	ECO:0000304	TAS	Reactome:R-HSA-5654402		9606	Homo sapiens	Reactome	Growth factor receptor-bound protein 2	20160611
UniProtKB	P62993	GRB2	located_in	GO:0005829	cytosol	cellular_component	ECO:0000304	TAS	Reactome:R-HSA-5654406		9606	Homo sapiens	Reactome	Growth factor receptor-bound protein 2	20160611
UniProtKB	P62993	GRB2	located_in	GO:0005829	cytosol	cellular_component	ECO:0000304	TAS	Reactome:R-HSA-5654413		9606	Homo sapiens	Reactome	Growth factor receptor-bound protein 2	20160611
UniProtKB	P62993	GRB2	located_in	GO:0005829	cytosol	cellular_component	ECO:0000304	TAS	Reactome:R-HSA-5654416		9606	Homo sapiens	Reactome	Growth factor receptor-bound protein 2	20160611
UniProtKB	P62993	GRB2	located_in	GO:0005829	cytosol	cellular_component	ECO:0000304	TAS	Reactome:R-HSA-5654423		9606	Homo sapiens	Reactome	Growth factor receptor-bound protein 2	20160611
UniProtKB	P62993	GRB2	located_in	GO:0005829	cytosol	cellular_component	ECO:0000304	TAS	Reactome:R-HSA-5654426		9606	Homo sapiens	Reactome	Growth factor receptor-bound protein 2	20160611
UniProtKB	P62993	GRB2	located_in	GO:0005829	cytosol	cellular_component	ECO:0000304	TAS	Reactome:R-HSA-5654586		9606	Homo sapiens	Reactome	Growth factor receptor-bound protein 2	20160611
UniProtKB	P62993	GRB2	located_in	GO:0005829	cytosol	cellular_component	ECO:0000304	TAS	Reactome:R-HSA-5654591		9606	Homo sapiens	Reactome	Growth factor receptor-bound protein 2	20160611
UniProtKB	P62993	GRB2	located_in	GO:0005829	cytosol	cellular_component	ECO:0000304	TAS	Reactome:R-HSA-5654592		9606	Homo sapiens	Reactome	Growth factor receptor-bound protein 2	20160611
UniProtKB	P62993	GRB2	located_in	GO:0005829	cytosol	cellular_component	ECO:0000304	TAS	Reactome:R-HSA-5654594		9606	Homo sapiens	Reactome	Growth factor receptor-bound protein 2	20160611
UniProtKB	P62993	GRB2	located_in	GO:0005829	cytosol	cellular_component	ECO:0000304	TAS	Reactome:R-HSA-5654596		9606	Homo sapiens	Reactome	Growth factor receptor-bound protein 2	20160611
UniProtKB	P62993	GRB2	located_in	GO:0005829	cytosol	cellular_component	ECO:0000304	TAS	Reactome:R-HSA-5654597		9606	Homo sapiens	Reactome	Growth factor receptor-bound protein 2	20160611
UniProtKB	P62993	GRB2	located_in	GO:0005829	cytosol	cellular_component	ECO:0000304	TAS	Reactome:R-HSA-5654600		9606	Homo sapiens	Reactome	Growth factor receptor-bound protein 2	20160611
UniProtKB	P62993	GRB2	located_in	GO:0005829	cytosol	cellular_component	ECO:0000304	TAS	Reactome:R-HSA-5654612		9606	Homo sapiens	Reactome	Growth factor receptor-bound protein 2	20160611
UniProtKB	P62993	GRB2	located_in	GO:0005829	cytosol	cellular_component	ECO:0000304	TAS	Reactome:R-HSA-5654614		9606	Homo sapiens	Reactome	Growth factor receptor-bound protein 2	20160611
UniProtKB	P62993	GRB2	located_in	GO:0005829	cytosol	cellular_component	ECO:0000304	TAS	Reactome:R-HSA-5654615		9606	Homo sapiens	Reactome	Growth factor receptor-bound protein 2	20160611
UniProtKB	P62993	GRB2	located_in	GO:0005829	cytosol	cellular_component	ECO:0000304	TAS	Reactome:R-HSA-5654618		9606	Homo sapiens	Reactome	Growth factor receptor-bound protein 2	20160611
UniProtKB	P62993	GRB2	located_in	GO:0005829	cytosol	cellular_component	ECO:0000304	TAS	Reactome:R-HSA-5654620		9606	Homo sapiens	Reactome	Growth factor receptor-bound protein 2	20160611
UniProtKB	P62993	GRB2	located_in	GO:0005829	cytosol	cellular_component	ECO:0000304	TAS	Reactome:R-HSA-5654622		9606	Homo sapiens	Reactome	Growth factor receptor-bound protein 2	20160611
UniProtKB	P62993	GRB2	located_in	GO:0005829	cytosol	cellular_component	ECO:0000304	TAS	Reactome:R-HSA-5654637		9606	Homo sapiens	Reactome	Growth factor receptor-bound protein 2	20160611
UniProtKB	P62993	GRB2	located_in	GO:0005829	cytosol	cellular_component	ECO:0000304	TAS	Reactome:R-HSA-5654640		9606	Homo sapiens	Reactome	Growth factor receptor-bound protein 2	20160611
UniProtKB	P62993	GRB2	located_in	GO:0005829	cytosol	cellular_component	ECO:0000304	TAS	Reactome:R-HSA-5654641		9606	Homo sapiens	Reactome	Growth factor receptor-bound protein 2	20160611
UniProtKB	P62993	GRB2	located_in	GO:0005829	cytosol	cellular_component	ECO:0000304	TAS	Reactome:R-HSA-5654643		9606	Homo sapiens	Reactome	Growth factor receptor-bound protein 2	20160611
UniProtKB	P62993	GRB2	located_in	GO:0005829	cytosol	cellular_component	ECO:0000304	TAS	Reactome:R-HSA-5654646		9606	Homo sapiens	Reactome	Growth factor receptor-bound protein 2	20160611
UniProtKB	P62993	GRB2	located_in	GO:0005829	cytosol	cellular_component	ECO:0000304	TAS	Reactome:R-HSA-5654647		9606	Homo sapiens	Reactome	Growth factor receptor-bound protein 2	20160611
UniProtKB	P62993	GRB2	located_in	GO:0005829	cytosol	cellular_component	ECO:0000304	TAS	Reactome:R-HSA-5654659		9606	Homo sapiens	Reactome	Growth factor receptor-bound protein 2	20160611
UniProtKB	P62993	GRB2	located_in	GO:0005829	cytosol	cellular_component	ECO:0000304	TAS	Reactome:R-HSA-5654662		9606	Homo sapiens	Reactome	Growth factor receptor-bound protein 2	20160611
UniProtKB	P62993	GRB2	located_in	GO:0005829	cytosol	cellular_component	ECO:0000304	TAS	Reactome:R-HSA-5654663		9606	Homo sapiens	Reactome	Growth factor receptor-bound protein 2	20160611
UniProtKB	P62993	GRB2	located_in	GO:0005829	cytosol	cellular_component	ECO:0000304	TAS	Reactome:R-HSA-5654664		9606	Homo sapiens	Reactome	Growth factor receptor-bound protein 2	20160611
UniProtKB	P62993	GRB2	located_in	GO:0005829	cytosol	cellular_component	ECO:0000304	TAS	Reactome:R-HSA-5654667		9606	Homo sapiens	Reactome	Growth factor receptor-bound protein 2	20160611
UniProtKB	P62993	GRB2	located_in	GO:0005829	cytosol	cellular_component	ECO:0000304	TAS	Reactome:R-HSA-5654669		9606	Homo sapiens	Reactome	Growth factor receptor-bound protein 2	20160611
UniProtKB	P62993	GRB2	located_in	GO:0005829	cytosol	cellular_component	ECO:0000304	TAS	Reactome:R-HSA-5654672		9606	Homo sapiens	Reactome	Growth factor receptor-bound protein 2	20160611
UniProtKB	P62993	GRB2	located_in	GO:0005829	cytosol	cellular_component	ECO:0000304	TAS	Reactome:R-HSA-5654673		9606	Homo sapiens	Reactome	Growth factor receptor-bound protein 2	20160611
UniProtKB	P62993	GRB2	located_in	GO:0005829	cytosol	cellular_component	ECO:0000304	TAS	Reactome:R-HSA-5654677		9606	Homo sapiens	Reactome	Growth factor receptor-bound protein 2	20160611
UniProtKB	P62993	GRB2	located_in	GO:0005829	cytosol	cellular_component	ECO:0000304	TAS	Reactome:R-HSA-5654679		9606	Homo sapiens	Reactome	Growth factor receptor-bound protein 2	20160611
UniProtKB	P62993	GRB2	located_in	GO:0005829	cytosol	cellular_component	ECO:0000304	TAS	Reactome:R-HSA-5654684		9606	Homo sapiens	Reactome	Growth factor receptor-bound protein 2	20160611
UniProtKB	P62993	GRB2	located_in	GO:0005829	cytosol	cellular_component	ECO:0000304	TAS	Reactome:R-HSA-5654690		9606	Homo sapiens	Reactome	Growth factor receptor-bound protein 2	20160611
UniProtKB	P62993	GRB2	located_in	GO:0005829	cytosol	cellular_component	ECO:0000304	TAS	Reactome:R-HSA-5654692		9606	Homo sapiens	Reactome	Growth factor receptor-bound protein 2	20160611
UniProtKB	P62993	GRB2	located_in	GO:0005829	cytosol	cellular_component	ECO:0000304	TAS	Reactome:R-HSA-5654697		9606	Homo sapiens	Reactome	Growth factor receptor-bound protein 2	20160611
UniProtKB	P62993	GRB2	located_in	GO:0005829	cytosol	cellular_component	ECO:0000304	TAS	Reactome:R-HSA-5654701		9606	Homo sapiens	Reactome	Growth factor receptor-bound protein 2	20160611
UniProtKB	P62993	GRB2	located_in	GO:0005829	cytosol	cellular_component	ECO:0000304	TAS	Reactome:R-HSA-5654705		9606	Homo sapiens	Reactome	Growth factor receptor-bound protein 2	20160611
UniProtKB	P62993	GRB2	located_in	GO:0005829	cytosol	cellular_component	ECO:0000304	TAS	Reactome:R-HSA-5654709		9606	Homo sapiens	Reactome	Growth factor receptor-bound protein 2	20160611
UniProtKB	P62993	GRB2	located_in	GO:0005829	cytosol	cellular_component	ECO:0000304	TAS	Reactome:R-HSA-5654714		9606	Homo sapiens	Reactome	Growth factor receptor-bound protein 2	20160611
UniProtKB	P62993	GRB2	located_in	GO:0005829	cytosol	cellular_component	ECO:0000304	TAS	Reactome:R-HSA-5654717		9606	Homo sapiens	Reactome	Growth factor receptor-bound protein 2	20160611
UniProtKB	P62993	GRB2	located_in	GO:0005829	cytosol	cellular_component	ECO:0000304	TAS	Reactome:R-HSA-5654729		9606	Homo sapiens	Reactome	Growth factor receptor-bound protein 2	20160611
UniProtKB	P62993	GRB2	located_in	GO:0005829	cytosol	cellular_component	ECO:0000304	TAS	Reactome:R-HSA-5654730		9606	Homo sapiens	Reactome	Growth factor receptor-bound protein 2	20160611
UniProtKB	P62993	GRB2	located_in	GO:0005829	cytosol	cellular_component	ECO:0000304	TAS	Reactome:R-HSA-5654734		9606	Homo sapiens	Reactome	Growth factor receptor-bound protein 2	20160611
UniProtKB	P62993	GRB2	located_in	GO:0005829	cytosol	cellular_component	ECO:0000304	TAS	Reactome:R-HSA-5655233		9606	Homo sapiens	Reactome	Growth factor receptor-bound protein 2	20160611
UniProtKB	P62993	GRB2	located_in	GO:0005829	cytosol	cellular_component	ECO:0000304	TAS	Reactome:R-HSA-5655235		9606	Homo sapiens	Reactome	Growth factor receptor-bound protein 2	20160611
UniProtKB	P62993	GRB2	located_in	GO:0005829	cytosol	cellular_component	ECO:0000304	TAS	Reactome:R-HSA-5655240		9606	Homo sapiens	Reactome	Growth factor receptor-bound protein 2	20160611
UniProtKB	P62993	GRB2	located_in	GO:0005829	cytosol	cellular_component	ECO:0000304	TAS	Reactome:R-HSA-5655241		9606	Homo sapiens	Reactome	Growth factor receptor-bound protein 2	20160611
UniProtKB	P62993	GRB2	located_in	GO:0005829	cytosol	cellular_component	ECO:0000304	TAS	Reactome:R-HSA-5655245		9606	Homo sapiens	Reactome	Growth factor receptor-bound protein 2	20160611
UniProtKB	P62993	GRB2	located_in	GO:0005829	cytosol	cellular_component	ECO:0000304	TAS	Reactome:R-HSA-5655248		9606	Homo sapiens	Reactome	Growth factor receptor-bound protein 2	20160611
UniProtKB	P62993	GRB2	located_in	GO:0005829	cytosol	cellular_component	ECO:0000304	TAS	Reactome:R-HSA-5655252		9606	Homo sapiens	Reactome	Growth factor receptor-bound protein 2	20160611
UniProtKB	P62993	GRB2	located_in	GO:0005829	cytosol	cellular_component	ECO:0000304	TAS	Reactome:R-HSA-5655263		9606	Homo sapiens	Reactome	Growth factor receptor-bound protein 2	20160611
UniProtKB	P62993	GRB2	located_in	GO:0005829	cytosol	cellular_component	ECO:0000304	TAS	Reactome:R-HSA-5655266		9606	Homo sapiens	Reactome	Growth factor receptor-bound protein 2	20160611
UniProtKB	P62993	GRB2	located_in	GO:0005829	cytosol	cellular_component	ECO:0000304	TAS	Reactome:R-HSA-5655277		9606	Homo sapiens	Reactome	Growth factor receptor-bound protein 2	20160611
UniProtKB	P62993	GRB2	located_in	GO:0005829	cytosol	cellular_component	ECO:0000304	TAS	Reactome:R-HSA-5655285		9606	Homo sapiens	Reactome	Growth factor receptor-bound protein 2	20160611
UniProtKB	P62993	GRB2	located_in	GO:0005829	cytosol	cellular_component	ECO:0000304	TAS	Reactome:R-HSA-5655289		9606	Homo sapiens	Reactome	Growth factor receptor-bound protein 2	20160611
UniProtKB	P62993	GRB2	located_in	GO:0005829	cytosol	cellular_component	ECO:0000304	TAS	Reactome:R-HSA-5655290		9606	Homo sapiens	Reactome	Growth factor receptor-bound protein 2	20160611
UniProtKB	P62993	GRB2	located_in	GO:0005829	cytosol	cellular_component	ECO:0000304	TAS	Reactome:R-HSA-5655295		9606	Homo sapiens	Reactome	Growth factor receptor-bound protein 2	20160611
UniProtKB	P62993	GRB2	located_in	GO:0005829	cytosol	cellular_component	ECO:0000304	TAS	Reactome:R-HSA-5655315		9606	Homo sapiens	Reactome	Growth factor receptor-bound protein 2	20160611
UniProtKB	P62993	GRB2	located_in	GO:0005829	cytosol	cellular_component	ECO:0000304	TAS	Reactome:R-HSA-5655320		9606	Homo sapiens	Reactome	Growth factor receptor-bound protein 2	20160611
UniProtKB	P62993	GRB2	located_in	GO:0005829	cytosol	cellular_component	ECO:0000304	TAS	Reactome:R-HSA-5655323		9606	Homo sapiens	Reactome	Growth factor receptor-bound protein 2	20160611
UniProtKB	P62993	GRB2	located_in	GO:0005829	cytosol	cellular_component	ECO:0000304	TAS	Reactome:R-HSA-5655326		9606	Homo sapiens	Reactome	Growth factor receptor-bound protein 2	20160611
UniProtKB	P62993	GRB2	located_in	GO:0005829	cytosol	cellular_component	ECO:0000304	TAS	Reactome:R-HSA-5655347		9606	Homo sapiens	Reactome	Growth factor receptor-bound protein 2	20160611
UniProtKB	P62993	GRB2	located_in	GO:0005829	cytosol	cellular_component	ECO:0000304	TAS	Reactome:R-HSA-5655348		9606	Homo sapiens	Reactome	Growth factor receptor-bound protein 2	20160611
UniProtKB	P62993	GRB2	located_in	GO:0005829	cytosol	cellular_component	ECO:0000304	TAS	Reactome:R-HSA-5672965		9606	Homo sapiens	Reactome	Growth factor receptor-bound protein 2	20160611
UniProtKB	P62993	GRB2	located_in	GO:0005829	cytosol	cellular_component	ECO:0000304	TAS	Reactome:R-HSA-5685366		9606	Homo sapiens	Reactome	Growth factor receptor-bound protein 2	20160611
UniProtKB	P62993	GRB2	located_in	GO:0005829	cytosol	cellular_component	ECO:0000304	TAS	Reactome:R-HSA-5686073		9606	Homo sapiens	Reactome	Growth factor receptor-bound protein 2	20160611
UniProtKB	P62993	GRB2	located_in	GO:0005829	cytosol	cellular_component	ECO:0000304	TAS	Reactome:R-HSA-5686074		9606	Homo sapiens	Reactome	Growth factor receptor-bound protein 2	20160611
UniProtKB	P62993	GRB2	located_in	GO:0005829	cytosol	cellular_component	ECO:0000304	TAS	Reactome:R-HSA-5686315		9606	Homo sapiens	Reactome	Growth factor receptor-bound protein 2	20160611
UniProtKB	P62993	GRB2	located_in	GO:0005829	cytosol	cellular_component	ECO:0000304	TAS	Reactome:R-HSA-74736		9606	Homo sapiens	Reactome	Growth factor receptor-bound protein 2	20160611
UniProtKB	P62993	GRB2	located_in	GO:0005829	cytosol	cellular_component	ECO:0000304	TAS	Reactome:R-HSA-74746		9606	Homo sapiens	Reactome	Growth factor receptor-bound protein 2	20160611
UniProtKB	P62993	GRB2	located_in	GO:0005829	cytosol	cellular_component	ECO:0000304	TAS	Reactome:R-HSA-879917		9606	Homo sapiens	Reactome	Growth factor receptor-bound protein 2	20160611
UniProtKB	P62993	GRB2	located_in	GO:0005829	cytosol	cellular_component	ECO:0000304	TAS	Reactome:R-HSA-8851804		9606	Homo sapiens	Reactome	Growth factor receptor-bound protein 2	20160611
UniProtKB	P62993	GRB2	located_in	GO:0005829	cytosol	cellular_component	ECO:0000304	TAS	Reactome:R-HSA-8851827		9606	Homo sapiens	Reactome	Growth factor receptor-bound protein 2	20160611
UniProtKB	P62993	GRB2	located_in	GO:0005829	cytosol	cellular_component	ECO:0000304	TAS	Reactome:R-HSA-8851899		9606	Homo sapiens	Reactome	Growth factor receptor-bound protein 2	20160611
UniProtKB	P62993	GRB2	located_in	GO:0005829	cytosol	cellular_component	ECO:0000304	TAS	Reactome:R-HSA-8851900		9606	Homo sapiens	Reactome	Growth factor receptor-bound protein 2	20160611
UniProtKB	P62993	GRB2	located_in	GO:0005829	cytosol	cellular_component	ECO:0000304	TAS	Reactome:R-HSA-8851919		9606	Homo sapiens	Reactome	Growth factor receptor-bound protein 2	20160611
UniProtKB	P62993	GRB2	located_in	GO:0005829	cytosol	cellular_component	ECO:0000304	TAS	Reactome:R-HSA-8851933		9606	Homo sapiens	Reactome	Growth factor receptor-bound protein 2	20160611
UniProtKB	P62993	GRB2	located_in	GO:0005829	cytosol	cellular_component	ECO:0000304	TAS	Reactome:R-HSA-8851954		9606	Homo sapiens	Reactome	Growth factor receptor-bound protein 2	20160611
UniProtKB	P62993	GRB2	located_in	GO:0005829	cytosol	cellular_component	ECO:0000304	TAS	Reactome:R-HSA-8852019		9606	Homo sapiens	Reactome	Growth factor receptor-bound protein 2	20160611
UniProtKB	P62993	GRB2	located_in	GO:0005829	cytosol	cellular_component	ECO:0000304	TAS	Reactome:R-HSA-8853734		9606	Homo sapiens	Reactome	Growth factor receptor-bound protein 2	20160611
UniProtKB	P62993	GRB2	located_in	GO:0005829	cytosol	cellular_component	ECO:0000304	TAS	Reactome:R-HSA-8853774		9606	Homo sapiens	Reactome	Growth factor receptor-bound protein 2	20160611
UniProtKB	P62993	GRB2	located_in	GO:0005829	cytosol	cellular_component	ECO:0000304	TAS	Reactome:R-HSA-8853793		9606	Homo sapiens	Reactome	Growth factor receptor-bound protein 2	20160611
UniProtKB	P62993	GRB2	located_in	GO:0005829	cytosol	cellular_component	ECO:0000304	TAS	Reactome:R-HSA-8854897		9606	Homo sapiens	Reactome	Growth factor receptor-bound protein 2	20160611
UniProtKB	P62993	GRB2	located_in	GO:0005829	cytosol	cellular_component	ECO:0000304	TAS	Reactome:R-HSA-8854899		9606	Homo sapiens	Reactome	Growth factor receptor-bound protein 2	20160611
UniProtKB	P62993	GRB2	located_in	GO:0005829	cytosol	cellular_component	ECO:0000304	TAS	Reactome:R-HSA-8854905		9606	Homo sapiens	Reactome	Growth factor receptor-bound protein 2	20160611
UniProtKB	P62993	GRB2	located_in	GO:0005829	cytosol	cellular_component	ECO:0000304	TAS	Reactome:R-HSA-8855508		9606	Homo sapiens	Reactome	Growth factor receptor-bound protein 2	20160611
UniProtKB	P62993	GRB2	located_in	GO:0005829	cytosol	cellular_component	ECO:0000304	TAS	Reactome:R-HSA-8865994		9606	Homo sapiens	Reactome	Growth factor receptor-bound protein 2	20160611
UniProtKB	P62993	GRB2	located_in	GO:0005829	cytosol	cellular_component	ECO:0000304	TAS	Reactome:R-HSA-8866279		9606	Homo sapiens	Reactome	Growth factor receptor-bound protein 2	20160611
UniProtKB	P62993	GRB2	located_in	GO:0005829	cytosol	cellular_component	ECO:0000304	TAS	Reactome:R-HSA-8867041		9606	Homo sapiens	Reactome	Growth factor receptor-bound protein 2	20160611
UniProtKB	P62993	GRB2	located_in	GO:0005829	cytosol	cellular_component	ECO:0000304	TAS	Reactome:R-HSA-8867044		9606	Homo sapiens	Reactome	Growth factor receptor-bound protein 2	20160611
UniProtKB	P62993	GRB2	located_in	GO:0005829	cytosol	cellular_component	ECO:0000304	TAS	Reactome:R-HSA-8867047		9606	Homo sapiens	Reactome	Growth factor receptor-bound protein 2	20160611
UniProtKB	P62993	GRB2	located_in	GO:0005829	cytosol	cellular_component	ECO:0000304	TAS	Reactome:R-HSA-8867754		9606	Homo sapiens	Reactome	Growth factor receptor-bound protein 2	20160611
UniProtKB	P62993	GRB2	located_in	GO:0005829	cytosol	cellular_component	ECO:0000304	TAS	Reactome:R-HSA-8867756		9606	Homo sapiens	Reactome	Growth factor receptor-bound protein 2	20160611
UniProtKB	P62993	GRB2	located_in	GO:0005829	cytosol	cellular_component	ECO:0000304	TAS	Reactome:R-HSA-8868071		9606	Homo sapiens	Reactome	Growth factor receptor-bound protein 2	20160611
UniProtKB	P62993	GRB2	located_in	GO:0005829	cytosol	cellular_component	ECO:0000304	TAS	Reactome:R-HSA-8868072		9606	Homo sapiens	Reactome	Growth factor receptor-bound protein 2	20160611
UniProtKB	P62993	GRB2	located_in	GO:0005829	cytosol	cellular_component	ECO:0000304	TAS	Reactome:R-HSA-8868230		9606	Homo sapiens	Reactome	Growth factor receptor-bound protein 2	20160611
UniProtKB	P62993	GRB2	located_in	GO:0005829	cytosol	cellular_component	ECO:0000304	TAS	Reactome:R-HSA-8868236		9606	Homo sapiens	Reactome	Growth factor receptor-bound protein 2	20160611
UniProtKB	P62993	GRB2	located_in	GO:0005829	cytosol	cellular_component	ECO:0000304	TAS	Reactome:R-HSA-8868648		9606	Homo sapiens	Reactome	Growth factor receptor-bound protein 2	20160611
UniProtKB	P62993	GRB2	located_in	GO:0005829	cytosol	cellular_component	ECO:0000304	TAS	Reactome:R-HSA-8868651		9606	Homo sapiens	Reactome	Growth factor receptor-bound protein 2	20160611
UniProtKB	P62993	GRB2	located_in	GO:0005829	cytosol	cellular_component	ECO:0000304	TAS	Reactome:R-HSA-8868658		9606	Homo sapiens	Reactome	Growth factor receptor-bound protein 2	20160611
UniProtKB	P62993	GRB2	located_in	GO:0005829	cytosol	cellular_component	ECO:0000304	TAS	Reactome:R-HSA-8868659		9606	Homo sapiens	Reactome	Growth factor receptor-bound protein 2	20160611
UniProtKB	P62993	GRB2	located_in	GO:0005829	cytosol	cellular_component	ECO:0000304	TAS	Reactome:R-HSA-8868660		9606	Homo sapiens	Reactome	Growth factor receptor-bound protein 2	20160611
UniProtKB	P62993	GRB2	located_in	GO:0005829	cytosol	cellular_component	ECO:0000304	TAS	Reactome:R-HSA-8868661		9606	Homo sapiens	Reactome	Growth factor receptor-bound protein 2	20160611
UniProtKB	P62993	GRB2	located_in	GO:0005829	cytosol	cellular_component	ECO:0000304	TAS	Reactome:R-HSA-8869438		9606	Homo sapiens	Reactome	Growth factor receptor-bound protein 2	20160611
UniProtKB	P62993	GRB2	located_in	GO:0005829	cytosol	cellular_component	ECO:0000304	TAS	Reactome:R-HSA-8871193		9606	Homo sapiens	Reactome	Growth factor receptor-bound protein 2	20160611
UniProtKB	P62993	GRB2	located_in	GO:0005829	cytosol	cellular_component	ECO:0000304	TAS	Reactome:R-HSA-8871194		9606	Homo sapiens	Reactome	Growth factor receptor-bound protein 2	20160611
UniProtKB	P62993	GRB2	located_in	GO:0005829	cytosol	cellular_component	ECO:0000304	TAS	Reactome:R-HSA-8874685		9606	Homo sapiens	Reactome	Growth factor receptor-bound protein 2	20160611
UniProtKB	P62993	GRB2	located_in	GO:0005829	cytosol	cellular_component	ECO:0000304	TAS	Reactome:R-HSA-8875183		9606	Homo sapiens	Reactome	Growth factor receptor-bound protein 2	20160611
UniProtKB	P62993	GRB2	located_in	GO:0005829	cytosol	cellular_component	ECO:0000304	TAS	Reactome:R-HSA-8875451		9606	Homo sapiens	Reactome	Growth factor receptor-bound protein 2	20160611
UniProtKB	P62993	GRB2	located_in	GO:0005829	cytosol	cellular_component	ECO:0000304	TAS	Reactome:R-HSA-8875482		9606	Homo sapiens	Reactome	Growth factor receptor-bound protein 2	20160611
UniProtKB	P62993	GRB2	located_in	GO:0005829	cytosol	cellular_component	ECO:0000304	TAS	Reactome:R-HSA-8875490		9606	Homo sapiens	Reactome	Growth factor receptor-bound protein 2	20160611
UniProtKB	P62993	GRB2	located_in	GO:0005829	cytosol	cellular_component	ECO:0000304	TAS	Reactome:R-HSA-8875540		9606	Homo sapiens	Reactome	Growth factor receptor-bound protein 2	20160611
UniProtKB	P62993	GRB2	located_in	GO:0005829	cytosol	cellular_component	ECO:0000304	TAS	Reactome:R-HSA-8875558		9606	Homo sapiens	Reactome	Growth factor receptor-bound protein 2	20160611
UniProtKB	P62993	GRB2	located_in	GO:0005829	cytosol	cellular_component	ECO:0000304	TAS	Reactome:R-HSA-8875568		9606	Homo sapiens	Reactome	Growth factor receptor-bound protein 2	20160611
UniProtKB	P62993	GRB2	located_in	GO:0005829	cytosol	cellular_component	ECO:0000304	TAS	Reactome:R-HSA-8875576		9606	Homo sapiens	Reactome	Growth factor receptor-bound protein 2	20160611
UniProtKB	P62993	GRB2	located_in	GO:0005829	cytosol	cellular_component	ECO:0000304	TAS	Reactome:R-HSA-8875591		9606	Homo sapiens	Reactome	Growth factor receptor-bound protein 2	20160611
UniProtKB	P62993	GRB2	located_in	GO:0005829	cytosol	cellular_component	ECO:0000304	TAS	Reactome:R-HSA-8875659		9606	Homo sapiens	Reactome	Growth factor receptor-bound protein 2	20160611
UniProtKB	P62993	GRB2	located_in	GO:0005829	cytosol	cellular_component	ECO:0000304	TAS	Reactome:R-HSA-8875661		9606	Homo sapiens	Reactome	Growth factor receptor-bound protein 2	20160611
UniProtKB	P62993	GRB2	located_in	GO:0005829	cytosol	cellular_component	ECO:0000304	TAS	Reactome:R-HSA-8876240		9606	Homo sapiens	Reactome	Growth factor receptor-bound protein 2	20160611
UniProtKB	P62993	GRB2	located_in	GO:0005829	cytosol	cellular_component	ECO:0000304	TAS	Reactome:R-HSA-8876258		9606	Homo sapiens	Reactome	Growth factor receptor-bound protein 2	20160611
UniProtKB	P62993	GRB2	located_in	GO:0005829	cytosol	cellular_component	ECO:0000304	TAS	Reactome:R-HSA-8951490		9606	Homo sapiens	Reactome	Growth factor receptor-bound protein 2	20160611
UniProtKB	P62993	GRB2	located_in	GO:0005829	cytosol	cellular_component	ECO:0000304	TAS	Reactome:R-HSA-9018766		9606	Homo sapiens	Reactome	Growth factor receptor-bound protein 2	20160611
UniProtKB	P62993	GRB2	located_in	GO:0005829	cytosol	cellular_component	ECO:0000304	TAS	Reactome:R-HSA-9029150		9606	Homo sapiens	Reactome	Growth factor receptor-bound protein 2	20160611
UniProtKB	P62993	GRB2	located_in	GO:0005829	cytosol	cellular_component	ECO:0000304	TAS	Reactome:R-HSA-9032073		9606	Homo sapiens	Reactome	Growth factor receptor-bound protein 2	20160611
UniProtKB	P62993	GRB2	located_in	GO:0005829	cytosol	cellular_component	ECO:0000304	TAS	Reactome:R-HSA-912527		9606	Homo sapiens	Reactome	Growth factor receptor-bound protein 2	20160611
UniProtKB	P62993	GRB2	located_in	GO:0005829	cytosol	cellular_component	ECO:0000304	TAS	Reactome:R-HSA-912627		9606	Homo sapiens	Reactome	Growth factor receptor-bound protein 2	20160611
UniProtKB	P62993	GRB2	located_in	GO:0005829	cytosol	cellular_component	ECO:0000304	TAS	Reactome:R-HSA-913424		9606	Homo sapiens	Reactome	Growth factor receptor-bound protein 2	20160611
UniProtKB	P62993	GRB2	located_in	GO:0005829	cytosol	cellular_component	ECO:0000304	TAS	Reactome:R-HSA-9606887		9606	Homo sapiens	Reactome	Growth factor receptor-bound protein 2	20160611
UniProtKB	P62993	GRB2	located_in	GO:0005829	cytosol	cellular_component	ECO:0000304	TAS	Reactome:R-HSA-9607301		9606	Homo sapiens	Reactome	Growth factor receptor-bound protein 2	20160611
UniProtKB	P62993	GRB2	located_in	GO:0005829	cytosol	cellular_component	ECO:0000304	TAS	Reactome:R-HSA-9607304		9606	Homo sapiens	Reactome	Growth factor receptor-bound protein 2	20160611
UniProtKB	P62993	GRB2	located_in	GO:0005829	cytosol	cellular_component	ECO:0000304	TAS	Reactome:R-HSA-9634402		9606	Homo sapiens	Reactome	Growth factor receptor-bound protein 2	20160611
UniProtKB	P62993	GRB2	located_in	GO:0005829	cytosol	cellular_component	ECO:0000304	TAS	Reactome:R-HSA-9634418		9606	Homo sapiens	Reactome	Growth factor receptor-bound protein 2	20160611
UniProtKB	P62993	GRB2	located_in	GO:0005829	cytosol	cellular_component	ECO:0000304	TAS	Reactome:R-HSA-9664918		9606	Homo sapiens	Reactome	Growth factor receptor-bound protein 2	20160611
UniProtKB	P62993	GRB2	located_in	GO:0005829	cytosol	cellular_component	ECO:0000304	TAS	Reactome:R-HSA-9664933		9606	Homo sapiens	Reactome	Growth factor receptor-bound protein 2	20160611
UniProtKB	P62993	GRB2	located_in	GO:0005829	cytosol	cellular_component	ECO:0000304	TAS	Reactome:R-HSA-9664940		9606	Homo sapiens	Reactome	Growth factor receptor-bound protein 2	20160611
UniProtKB	P62993	GRB2	located_in	GO:0005829	cytosol	cellular_component	ECO:0000304	TAS	Reactome:R-HSA-9664983		9606	Homo sapiens	Reactome	Growth factor receptor-bound protein 2	20160611
UniProtKB	P62993	GRB2	located_in	GO:0005829	cytosol	cellular_component	ECO:0000304	TAS	Reactome:R-HSA-9664991		9606	Homo sapiens	Reactome	Growth factor receptor-bound protein 2	20160611
UniProtKB	P62993	GRB2	located_in	GO:0005829	cytosol	cellular_component	ECO:0000304	TAS	Reactome:R-HSA-9665000		9606	Homo sapiens	Reactome	Growth factor receptor-bound protein 2	20160611
UniProtKB	P62993	GRB2	located_in	GO:0005829	cytosol	cellular_component	ECO:0000304	TAS	Reactome:R-HSA-9665009		9606	Homo sapiens	Reactome	Growth factor receptor-bound protein 2	20160611
UniProtKB	P62993	GRB2	located_in	GO:0005829	cytosol	cellular_component	ECO:0000304	TAS	Reactome:R-HSA-9665404		9606	Homo sapiens	Reactome	Growth factor receptor-bound protein 2	20160611
UniProtKB	P62993	GRB2	located_in	GO:0005829	cytosol	cellular_component	ECO:0000304	TAS	Reactome:R-HSA-9665407		9606	Homo sapiens	Reactome	Growth factor receptor-bound protein 2	20160611
UniProtKB	P62993	GRB2	located_in	GO:0005829	cytosol	cellular_component	ECO:0000304	TAS	Reactome:R-HSA-9665408		9606	Homo sapiens	Reactome	Growth factor receptor-bound protein 2	20160611
UniProtKB	P62993	GRB2	located_in	GO:0005829	cytosol	cellular_component	ECO:0000304	TAS	Reactome:R-HSA-9665409		9606	Homo sapiens	Reactome	Growth factor receptor-bound protein 2	20160611
UniProtKB	P62993	GRB2	located_in	GO:0005829	cytosol	cellular_component	ECO:0000304	TAS	Reactome:R-HSA-9665413		9606	Homo sapiens	Reactome	Growth factor receptor-bound protein 2	20160611
UniProtKB	P62993	GRB2	located_in	GO:0005829	cytosol	cellular_component	ECO:0000304	TAS	Reactome:R-HSA-9665415		9606	Homo sapiens	Reactome	Growth factor receptor-bound protein 2	20160611
UniProtKB	P62993	GRB2	located_in	GO:0005829	cytosol	cellular_component	ECO:0000304	TAS	Reactome:R-HSA-9665417		9606	Homo sapiens	Reactome	Growth factor receptor-bound protein 2	20160611
UniProtKB	P62993	GRB2	located_in	GO:0005829	cytosol	cellular_component	ECO:0000304	TAS	Reactome:R-HSA-9665698		9606	Homo sapiens	Reactome	Growth factor receptor-bound protein 2	20160611
UniProtKB	P62993	GRB2	located_in	GO:0005829	cytosol	cellular_component	ECO:0000304	TAS	Reactome:R-HSA-9665699		9606	Homo sapiens	Reactome	Growth factor receptor-bound protein 2	20160611
UniProtKB	P62993	GRB2	located_in	GO:0005829	cytosol	cellular_component	ECO:0000304	TAS	Reactome:R-HSA-9665700		9606	Homo sapiens	Reactome	Growth factor receptor-bound protein 2	20160611
UniProtKB	P62993	GRB2	located_in	GO:0005829	cytosol	cellular_component	ECO:0000304	TAS	Reactome:R-HSA-9665707		9606	Homo sapiens	Reactome	Growth factor receptor-bound protein 2	20160611
UniProtKB	P62993	GRB2	located_in	GO:0005829	cytosol	cellular_component	ECO:0000304	TAS	Reactome:R-HSA-9670428		9606	Homo sapiens	Reactome	Growth factor receptor-bound protein 2	20160611
UniProtKB	P62993	GRB2	located_in	GO:0005829	cytosol	cellular_component	ECO:0000304	TAS	Reactome:R-HSA-9670436		9606	Homo sapiens	Reactome	Growth factor receptor-bound protein 2	20160611
UniProtKB	P62993	GRB2	located_in	GO:0005829	cytosol	cellular_component	ECO:0000304	TAS	Reactome:R-HSA-9672158		9606	Homo sapiens	Reactome	Growth factor receptor-bound protein 2	20160611
UniProtKB	P62993	GRB2	located_in	GO:0005829	cytosol	cellular_component	ECO:0000304	TAS	Reactome:R-HSA-9672163		9606	Homo sapiens	Reactome	Growth factor receptor-bound protein 2	20160611
UniProtKB	P62993	GRB2	located_in	GO:0005829	cytosol	cellular_component	ECO:0000304	TAS	Reactome:R-HSA-9672164		9606	Homo sapiens	Reactome	Growth factor receptor-bound protein 2	20160611
UniProtKB	P62993	GRB2	located_in	GO:0005829	cytosol	cellular_component	ECO:0000304	TAS	Reactome:R-HSA-9672170		9606	Homo sapiens	Reactome	Growth factor receptor-bound protein 2	20160611
UniProtKB	P62993	GRB2	located_in	GO:0005829	cytosol	cellular_component	ECO:0000304	TAS	Reactome:R-HSA-9698170		9606	Homo sapiens	Reactome	Growth factor receptor-bound protein 2	20160611
UniProtKB	P62993	GRB2	located_in	GO:0005829	cytosol	cellular_component	ECO:0000304	TAS	Reactome:R-HSA-9703430		9606	Homo sapiens	Reactome	Growth factor receptor-bound protein 2	20160611
UniProtKB	P62993	GRB2	located_in	GO:0005829	cytosol	cellular_component	ECO:0000304	TAS	Reactome:R-HSA-9703434		9606	Homo sapiens	Reactome	Growth factor receptor-bound protein 2	20160611
UniProtKB	P62993	GRB2	located_in	GO:0005829	cytosol	cellular_component	ECO:0000304	TAS	Reactome:R-HSA-9703438		9606	Homo sapiens	Reactome	Growth factor receptor-bound protein 2	20160611
UniProtKB	P62993	GRB2	located_in	GO:0005829	cytosol	cellular_component	ECO:0000304	TAS	Reactome:R-HSA-9703441		9606	Homo sapiens	Reactome	Growth factor receptor-bound protein 2	20160611
UniProtKB	P62993	GRB2	located_in	GO:0005829	cytosol	cellular_component	ECO:0000304	TAS	Reactome:R-HSA-983703		9606	Homo sapiens	Reactome	Growth factor receptor-bound protein 2	20160611
UniProtKB	P62993	GRB2	located_in	GO:0005829	cytosol	cellular_component	ECO:0000304	TAS	Reactome:R-NUL-1250468		9606	Homo sapiens	Reactome	Growth factor receptor-bound protein 2	20160611
UniProtKB	P62993	GRB2	located_in	GO:0005829	cytosol	cellular_component	ECO:0000304	TAS	Reactome:R-NUL-1250472		9606	Homo sapiens	Reactome	Growth factor receptor-bound protein 2	20160611
UniProtKB	P62993	GRB2	located_in	GO:0005829	cytosol	cellular_component	ECO:0000304	TAS	Reactome:R-NUL-1250475		9606	Homo sapiens	Reactome	Growth factor receptor-bound protein 2	20160611
UniProtKB	P62993	GRB2	located_in	GO:0005829	cytosol	cellular_component	ECO:0000304	TAS	Reactome:R-NUL-1250500		9606	Homo sapiens	Reactome	Growth factor receptor-bound protein 2	20160611
UniProtKB	P62993	GRB2	located_in	GO:0005886	plasma membrane	cellular_component	ECO:0000304	TAS	Reactome:R-HSA-1112666		9606	Homo sapiens	Reactome	Growth factor receptor-bound protein 2	20140925
UniProtKB	P62993	GRB2	located_in	GO:0005886	plasma membrane	cellular_component	ECO:0000304	TAS	Reactome:R-HSA-2076220		9606	Homo sapiens	Reactome	Growth factor receptor-bound protein 2	20140925
UniProtKB	P62993	GRB2	located_in	GO:0005886	plasma membrane	cellular_component	ECO:0000304	TAS	Reactome:R-HSA-2316434		9606	Homo sapiens	Reactome	Growth factor receptor-bound protein 2	20140925
UniProtKB	P62993	GRB2	located_in	GO:0005886	plasma membrane	cellular_component	ECO:0000304	TAS	Reactome:R-HSA-2400009		9606	Homo sapiens	Reactome	Growth factor receptor-bound protein 2	20140925
UniProtKB	P62993	GRB2	located_in	GO:0005886	plasma membrane	cellular_component	ECO:0000304	TAS	Reactome:R-HSA-9606151		9606	Homo sapiens	Reactome	Growth factor receptor-bound protein 2	20140925
UniProtKB	P62993	GRB2	located_in	GO:0005886	plasma membrane	cellular_component	ECO:0000304	TAS	Reactome:R-HSA-9606887		9606	Homo sapiens	Reactome	Growth factor receptor-bound protein 2	20140925
UniProtKB	P62993	GRB2	located_in	GO:0005886	plasma membrane	cellular_component	ECO:0000304	TAS	Reactome:R-HSA-9691421		9606	Homo sapiens	Reactome	Growth factor receptor-bound protein 2	20140925
UniProtKB	P62993	GRB2	located_in	GO:0005886	plasma membrane	cellular_component	ECO:0000304	TAS	Reactome:R-HSA-983703		9606	Homo sapiens	Reactome	Growth factor receptor-bound protein 2	20140925
UniProtKB	P62993	GRB2	enables	GO:0005515	protein binding	molecular_function	ECO:0000353	IPI	PMID:8892607	UniProtKB:P42768	9606	Homo sapiens	BHF-UCL	Growth factor receptor-bound protein 2	20140808
UniProtKB	P62993	GRB2	located_in	GO:0070062	extracellular exosome	cellular_component	ECO:0007005	HDA	PMID:23533145		9606	Homo sapiens	UniProt	Growth factor receptor-bound protein 2	20140714
UniProtKB	P62993	GRB2	enables	GO:0003723	RNA binding	molecular_function	ECO:0007005	HDA	PMID:22658674		9606	Homo sapiens	UniProt	Growth factor receptor-bound protein 2	20140203
UniProtKB	P62993	GRB2	located_in	GO:0070062	extracellular exosome	cellular_component	ECO:0007005	HDA	PMID:19056867		9606	Homo sapiens	UniProt	Growth factor receptor-bound protein 2	20131024
UniProtKB	P62993	GRB2	enables	GO:0005515	protein binding	molecular_function	ECO:0000353	IPI	PMID:12091307	UniProtKB:C8JQR2	9606	Homo sapiens	WB	Growth factor receptor-bound protein 2	20131020
UniProtKB	P62993	GRB2	enables	GO:0005515	protein binding	molecular_function	ECO:0000353	IPI	PMID:12091307	UniProtKB:G5EBX1	9606	Homo sapiens	WB	Growth factor receptor-bound protein 2	20131020
UniProtKB	P62993	GRB2	enables	GO:0005515	protein binding	molecular_function	ECO:0000353	IPI	PMID:12091307	UniProtKB:G5EEU6	9606	Homo sapiens	WB	Growth factor receptor-bound protein 2	20131020
UniProtKB	P62993	GRB2	enables	GO:0005515	protein binding	molecular_function	ECO:0000353	IPI	PMID:12091307	UniProtKB:Q7YSI9	9606	Homo sapiens	WB	Growth factor receptor-bound protein 2	20131020
UniProtKB	P62993	GRB2	located_in	GO:0070062	extracellular exosome	cellular_component	ECO:0007005	HDA	PMID:20458337		9606	Homo sapiens	UniProt	Growth factor receptor-bound protein 2	20130829
UniProtKB	P62993	GRB2	enables	GO:0017124	SH3 domain binding	molecular_function	ECO:0000314	IDA	PMID:19509291		9606	Homo sapiens	UniProt	Growth factor receptor-bound protein 2	20121213
UniProtKB	P62993	GRB2	enables	GO:0005515	protein binding	molecular_function	ECO:0000353	IPI	PMID:19509291	UniProtKB:Q9H706	9606	Homo sapiens	UniProt	Growth factor receptor-bound protein 2	20121207
UniProtKB	P62993	GRB2	part_of	GO:0008180	COP9 signalosome	cellular_component	ECO:0000314	IDA	PMID:22561606		9606	Homo sapiens	UniProt	Growth factor receptor-bound protein 2	20120717
UniProtKB	P62993	GRB2	enables	GO:0019901	protein kinase binding	molecular_function	ECO:0000353	IPI	PMID:20086093	UniProtKB:O54967	9606	Homo sapiens	BHF-UCL	Growth factor receptor-bound protein 2	20120308
UniProtKB	P62993	GRB2	part_of	GO:0070436	Grb2-EGFR complex	cellular_component	ECO:0000314	IDA	PMID:20086093		9606	Homo sapiens	BHF-UCL	Growth factor receptor-bound protein 2	20120308
UniProtKB	P62993	GRB2	enables	GO:0005515	protein binding	molecular_function	ECO:0000353	IPI	PMID:21930792	UniProtKB:Q6UWF3	9606	Homo sapiens	UniProt	Growth factor receptor-bound protein 2	20111202
UniProtKB	P62993	GRB2	enables	GO:0005515	protein binding	molecular_function	ECO:0000353	IPI	PMID:10026169	UniProtKB:P00533	9606	Homo sapiens	UniProt	Growth factor receptor-bound protein 2	20111121
UniProtKB	P62993	GRB2	enables	GO:0005168	neurotrophin TRKA receptor binding	molecular_function	ECO:0000353	IPI	PMID:15488758	UniProtKB:P04629	9606	Homo sapiens	UniProt	Growth factor receptor-bound protein 2	20111115
UniProtKB	P62993	GRB2	enables	GO:0005515	protein binding	molecular_function	ECO:0000353	IPI	PMID:21179510	UniProtKB:Q9H3S7	9606	Homo sapiens	UniProt	Growth factor receptor-bound protein 2	20110923
UniProtKB	P62993	GRB2	located_in	GO:0005634	nucleus	cellular_component	ECO:0000314	IDA	PMID:21179510		9606	Homo sapiens	UniProt	Growth factor receptor-bound protein 2	20110923
UniProtKB	P62993	GRB2	located_in	GO:0005737	cytoplasm	cellular_component	ECO:0000314	IDA	PMID:21179510		9606	Homo sapiens	UniProt	Growth factor receptor-bound protein 2	20110923
UniProtKB	P62993	GRB2	located_in	GO:0005768	endosome	cellular_component	ECO:0000314	IDA	PMID:21179510		9606	Homo sapiens	UniProt	Growth factor receptor-bound protein 2	20110923
UniProtKB	P62993	GRB2	enables	GO:0046875	ephrin receptor binding	molecular_function	ECO:0000353	IPI	PMID:12925710	UniProtKB:P54762	9606	Homo sapiens	UniProt	Growth factor receptor-bound protein 2	20110901
UniProtKB	P62993	GRB2	involved_in	GO:2000379	positive regulation of reactive oxygen species metabolic process	biological_process	ECO:0000315	IMP	PMID:20160708		9606	Homo sapiens	BHF-UCL	Growth factor receptor-bound protein 2	20110323
UniProtKB	P62993	GRB2	involved_in	GO:0042770	signal transduction in response to DNA damage	biological_process	ECO:0000315	IMP	PMID:20160708		9606	Homo sapiens	BHF-UCL	Growth factor receptor-bound protein 2	20101021
UniProtKB	P62993	GRB2	involved_in	GO:0071479	cellular response to ionizing radiation	biological_process	ECO:0000315	IMP	PMID:20160708		9606	Homo sapiens	BHF-UCL	Growth factor receptor-bound protein 2	20101021
UniProtKB	P62993	GRB2	involved_in	GO:0031623	receptor internalization	biological_process	ECO:0000315	IMP	PMID:14985334		9606	Homo sapiens	BHF-UCL	Growth factor receptor-bound protein 2	20100203
UniProtKB	P62993	GRB2	enables	GO:0005515	protein binding	molecular_function	ECO:0000353	IPI	PMID:19914172	UniProtKB:Q52KG5	9606	Homo sapiens	UniProt	Growth factor receptor-bound protein 2	20091119
UniProtKB	P62993	GRB2	enables	GO:0005515	protein binding	molecular_function	ECO:0000353	IPI	PMID:19172738	UniProtKB:Q9UQC2	9606	Homo sapiens	UniProt	Growth factor receptor-bound protein 2	20091118
UniProtKB	P62993	GRB2	enables	GO:0005515	protein binding	molecular_function	ECO:0000353	IPI	PMID:10980613	UniProtKB:P23469	9606	Homo sapiens	UniProt	Growth factor receptor-bound protein 2	20091116
UniProtKB	P62993	GRB2	enables	GO:0005515	protein binding	molecular_function	ECO:0000353	IPI	PMID:8491186	UniProtKB:P35570	9606	Homo sapiens	UniProt	Growth factor receptor-bound protein 2	20090406
UniProtKB	P62993	GRB2	involved_in	GO:0008286	insulin receptor signaling pathway	biological_process	ECO:0000353	IPI	PMID:8388384	UniProtKB:P35568	9606	Homo sapiens	UniProt	Growth factor receptor-bound protein 2	20060106
UniProtKB	P62993	GRB2	enables	GO:0043560	insulin receptor substrate binding	molecular_function	ECO:0000353	IPI	PMID:8388384	UniProtKB:P35568	9606	Homo sapiens	UniProt	Growth factor receptor-bound protein 2	20060106
UniProtKB	P62993	GRB2	enables	GO:0005515	protein binding	molecular_function	ECO:0000353	IPI	PMID:8491186	UniProtKB:P29353	9606	Homo sapiens	UniProt	Growth factor receptor-bound protein 2	20051205
UniProtKB	P62993	GRB2	enables	GO:0005515	protein binding	molecular_function	ECO:0000353	IPI	PMID:14722116	UniProtKB:Q9GZY6	9606	Homo sapiens	HGNC-UCL	Growth factor receptor-bound protein 2	20050520
UniProtKB	P62993	GRB2	enables	GO:0005515	protein binding	molecular_function	ECO:0000353	IPI	PMID:12359715	UniProtKB:Q8IWV1	9606	Homo sapiens	HGNC-UCL	Growth factor receptor-bound protein 2	20050421
UniProtKB	P62993	GRB2	located_in	GO:0005829	cytosol	cellular_component	ECO:0000304	TAS	PMID:14722116		9606	Homo sapiens	HGNC-UCL	Growth factor receptor-bound protein 2	20050413
UniProtKB	P62993	GRB2	enables	GO:0005154	epidermal growth factor receptor binding	molecular_function	ECO:0000353	IPI	PMID:12577067	UniProtKB:P00533	9606	Homo sapiens	UniProt	Growth factor receptor-bound protein 2	20041202
UniProtKB	P62993	GRB2	involved_in	GO:0007173	epidermal growth factor receptor signaling pathway	biological_process	ECO:0000304	TAS	PMID:1322798		9606	Homo sapiens	UniProt	Growth factor receptor-bound protein 2	20041202
UniProtKB	P62993	GRB2	involved_in	GO:0007265	Ras protein signal transduction	biological_process	ECO:0000304	TAS	PMID:8253073		9606	Homo sapiens	UniProt	Growth factor receptor-bound protein 2	20041202
