{
  "ptm": 0.532423198223114,
  "iptm": 0.3896108865737915,
  "confidence_score": 0.3896108865737915,
  "complex_plddt": 0.7574418783187866
}
