organism	gene	pdb_id	title	pmid	doi	year	n_protein	n_nucleic	ligands_all	ligands_meaningful	n_meaningful	has_cofactor	is_complex
human	SRC	1A07	C-SRC (SH2 DOMAIN) COMPLEXED WITH ACE-MALONYL TYR-GLU-(N,N-DIPENTYL AMINE)	9174343	10.1021/bi970019n	1997	2	0			0	0	1
human	SRC	1A08	C-SRC (SH2 DOMAIN) COMPLEXED WITH ACE-DIFLUORO PHOSPHOTYR-GLU-(N,N-DIPENTYL AMINE)	9174343	10.1021/bi970019n	1997	2	0			0	0	1
human	SRC	1A09	C-src (SH2 domain) complexed with ace-formyl phosphotyr-glu-(n,n-dipentyl amine)	9174343	10.1021/bi970019n	1997	2	0			0	0	1
human	PIK3R1	1A0N	NMR STUDY OF THE SH3 DOMAIN FROM FYN PROTO-ONCOGENE TYROSINE KINASE COMPLEXED WITH THE SYNTHETIC PEPTIDE P2L CORRESPONDING TO RESIDUES 91-104 OF THE P85 SUBUNIT OF PI3-KINASE, FAMILY OF 25 STRUCTURES	8961927	10.1021/bi9620969	1996	2	0			0	0	1
human	SRC	1A1A	C-SRC (SH2 DOMAIN WITH C188A MUTATION) COMPLEXED WITH ACE-FORMYL PHOSPHOTYR-GLU-(N,N-DIPENTYL AMINE)	9174343	10.1021/bi970019n	1997	2	0			0	0	1
human	SRC	1A1B	C-SRC (SH2 DOMAIN) COMPLEXED WITH ACE-PHOSPHOTYR-GLU-(N,N-DIPENTYL AMINE)	9174343	10.1021/bi970019n	1997	2	0			0	0	1
human	SRC	1A1C	C-SRC (SH2 DOMAIN) COMPLEXED WITH ACE-PHOSPHOTYR-GLU-(N-ME(-(CH2)3-CYCLOPENTYL))	9174343	10.1021/bi970019n	1997	2	0			0	0	1
human	SRC	1A1E	C-SRC (SH2 DOMAIN) COMPLEXED WITH ACE-PHOSPHOTYR-GLU-(3-BUTYLPIPERIDINE)	9174343	10.1021/bi970019n	1997	2	0			0	0	1
human	LGALS3	1A3K	X-RAY CRYSTAL STRUCTURE OF THE HUMAN GALECTIN-3 CARBOHYDRATE RECOGNITION DOMAIN (CRD) AT 2.1 ANGSTROM RESOLUTION	9582341	10.1074/jbc.273.21.13047	1998	1	0			0	0	0
human	MTHFD1	1A4I	HUMAN TETRAHYDROFOLATE DEHYDROGENASE / CYCLOHYDROLASE	9519408	10.1016/S0969-2126(98)00019-7	1998	1	0	NDP	NDP	1	1	0
human	ANG	1A4Y	RIBONUCLEASE INHIBITOR-ANGIOGENIN COMPLEX	9311977	10.1093/emboj/16.17.5162	1997	2	0			0	0	1
BPT4	wac	1AA0	FIBRITIN DELETION MUTANT E (BACTERIOPHAGE T4)	9261070	10.1016/S0969-2126(97)00233-5	1997	1	0	ZN,CL	ZN	1	1	0
human	ABL1	1AB2	THREE-DIMENSIONAL SOLUTION STRUCTURE OF THE SRC HOMOLOGY 2 DOMAIN OF C-ABL	1505033	10.1016/0092-8674(92)90437-H	1992	1	0			0	0	0
human	TXN	1AIU	HUMAN THIOREDOXIN (D60N MUTANT, REDUCED FORM)	9369469	10.1021/bi971004s	1997	1	0			0	0	0
human	GSR	1ALG	SOLUTION STRUCTURE OF AN HGR INHIBITOR, NMR, 10 STRUCTURES	9151953	10.1111/j.1432-1033.1997.00273.x	1997	1	0			0	0	0
human	ANG	1ANG	CRYSTAL STRUCTURE OF HUMAN ANGIOGENIN REVEALS THE STRUCTURAL BASIS FOR ITS FUNCTIONAL DIVERGENCE FROM RIBONUCLEASE	8159679	10.1073/pnas.91.8.2915	1994	1	0			0	0	0
ACET2	cipA	1ANU	COHESIN-2 DOMAIN OF THE CELLULOSOME FROM CLOSTRIDIUM THERMOCELLUM	9083107	10.1016/S0969-2126(97)00195-0	1997	1	0			0	0	0
ACET2	cipA	1AOH	SINGLE COHESIN DOMAIN FROM THE SCAFFOLDING PROTEIN CIPA OF THE CLOSTRIDIUM THERMOCELLUM CELLULOSOME	9402065	10.1006/jmbi.1997.1326	1997	1	0			0	0	0
human	CDK2	1AQ1	HUMAN CYCLIN DEPENDENT KINASE 2 COMPLEXED WITH THE INHIBITOR STAUROSPORINE	9334743	10.1038/nsb1097-796	1997	1	0	STU	STU	1	0	0
DROME	CG34171	1AQ7	TRYPSIN WITH INHIBITOR AERUGINOSIN 98-B	-1		1998	2	0			0	0	1
human	TXN	1AUC	HUMAN THIOREDOXIN (OXIDIZED WITH DIAMIDE)	9369469	10.1021/bi971004s	1997	1	0			0	0	0
DROME	CG34171	1AUJ	BOVINE TRYPSIN COMPLEXED TO META-CYANO-BENZYLIC INHIBITOR	9341205	10.1021/bi970912m	1997	1	0	PPB,CA	PPB,CA	2	0	0
BACSU	spoIIAA	1AUZ	SOLUTION STRUCTURE OF SPOIIAA, A PHOSPHORYLATABLE COMPONENT OF THE SYSTEM THAT REGULATES TRANSCRIPTION FACTOR SIGMA-F OF BACILLUS SUBTILIS, NMR, 24 STRUCTURES	9560229	10.1073/pnas.95.9.5067	1998	1	0			0	0	0
BPT4	wac	1AVY	FIBRITIN DELETION MUTANT M (BACTERIOPHAGE T4)	9757094	10.1107/S0907444997018878	1998	1	0			0	0	0
human	ABL1	1AWO	THE SOLUTION NMR STRUCTURE OF ABL SH3 AND ITS RELATIONSHIP TO SH2 IN THE SH(32) CONSTRUCT, 20 STRUCTURES	8590002	10.1016/S0969-2126(01)00243-X	1995	1	0			0	0	0
human	ANG	1AWZ	3D SOLUTION STRUCTURE OF HUMAN ANGIOGENIN DETERMINED BY 1H, 15N NMR SPECTROSCOPY, 30 STRUCTURES	9461294	10.1111/j.1432-1033.1997.00712.x	1997	1	0			0	0	0
HYPJE	cbh1	1AZ6	THREE-DIMENSIONAL STRUCTURES OF THREE ENGINEERED CELLULOSE-BINDING DOMAINS OF CELLOBIOHYDROLASE I FROM TRICHODERMA REESEI, NMR, 23 STRUCTURES	9041630		1997	1	0			0	0	0
DROME	CG34171	1AZ8	BOVINE TRYPSIN COMPLEXED TO BIS-PHENYLAMIDINE INHIBITOR				1	0	IN4	IN4	1	0	0
human	PIK3R1	1AZG	NMR STUDY OF THE SH3 DOMAIN FROM FYN PROTO-ONCOGENE TYROSINE KINASE KINASE COMPLEXED WITH THE SYNTHETIC PEPTIDE P2L CORRESPONDING TO RESIDUES 91-104 OF THE P85 SUBUNIT OF PI3-KINASE, MINIMIZED AVERAGE (PROBMAP) STRUCTURE	8961927	10.1021/bi9620969	1996	2	0			0	0	1
HYPJE	cbh1	1AZH	THREE-DIMENSIONAL STRUCTURES OF THREE ENGINEERED CELLULOSE-BINDING DOMAINS OF CELLOBIOHYDROLASE I FROM TRICHODERMA REESEI, NMR, 14 STRUCTURES	9041630		1997	1	0			0	0	0
HYPJE	cbh1	1AZJ	THREE-DIMENSIONAL STRUCTURES OF THREE ENGINEERED CELLULOSE-BINDING DOMAINS OF CELLOBIOHYDROLASE I FROM TRICHODERMA REESEI, NMR, 18 STRUCTURES	9041630		1997	1	0			0	0	0
HYPJE	cbh1	1AZK	THREE-DIMENSIONAL STRUCTURES OF THREE ENGINEERED CELLULOSE-BINDING DOMAINS OF CELLOBIOHYDROLASE I FROM TRICHODERMA REESEI, NMR, 19 STRUCTURES	9041630		1997	1	0			0	0	0
human	ANG	1B1E	CRYSTAL STRUCTURE OF HUMAN ANGIOGENIN VARIANT K40Q	9918722	10.1006/jmbi.1998.2378	1999	1	0	CIT	CIT	1	0	0
human	ANG	1B1I	CRYSTAL STRUCTURE OF HUMAN ANGIOGENIN	9918722	10.1006/jmbi.1998.2378	1999	1	0	CIT	CIT	1	0	0
human	ANG	1B1J	CRYSTAL STRUCTURE OF HUMAN ANGIOGENIN VARIANT H13A.	9918722	10.1006/jmbi.1998.2378	1999	1	0			0	0	0
human	CDK2	1B38	HUMAN CYCLIN-DEPENDENT KINASE 2	10085115	10.1074/jbc.274.13.8746	1999	1	0	MG,ATP	MG,ATP	2	1	0
human	CDK2	1B39	HUMAN CYCLIN-DEPENDENT KINASE 2 PHOSPHORYLATED ON THR 160	10085115	10.1074/jbc.274.13.8746	1999	1	0	MG,ATP	MG,ATP	2	1	0
human	IMPDH2	1B3O	TERNARY COMPLEX OF HUMAN TYPE-II INOSINE MONOPHOSPHATE DEHYDROGENASE WITH 6-CL-IMP AND SELENAZOLE ADENINE DINUCLEOTIDE	10097070	10.1073/pnas.96.7.3531	1999	1	0	UNX,SAE,CPR	SAE,CPR	2	0	0
BETPN	Betv1	1B6F	BIRCH POLLEN ALLERGEN BET V 1	-1		1999	1	0			0	0	0
BACSU	amyE	1BAG	ALPHA-AMYLASE FROM BACILLUS SUBTILIS COMPLEXED WITH MALTOPENTAOSE	9514750	10.1006/jmbi.1997.1599	1998	1	0	CA	CA	1	0	0
human	ABL1	1BBZ	CRYSTAL STRUCTURE OF THE ABL-SH3 DOMAIN COMPLEXED WITH A DESIGNED HIGH-AFFINITY PEPTIDE LIGAND: IMPLICATIONS FOR SH3-LIGAND INTERACTIONS	9698566	10.1006/jmbi.1998.1932	1998	2	0	SO4		0	0	1
rat	Pfkfb4	1BIF	6-PHOSPHOFRUCTO-2-KINASE/FRUCTOSE-2,6-BISPHOSPHATASE BIFUNCTIONAL ENZYME COMPLEXED WITH ATP-G-S AND PHOSPHATE	8805587	10.1016/S0969-2126(96)00109-8	1996	1	0	GOL,AGS,PO4,MG	AGS,MG	2	1	0
human	APEX1	1BIX	THE CRYSTAL STRUCTURE OF THE HUMAN DNA REPAIR ENDONUCLEASE HAP1 SUGGESTS THE RECOGNITION OF EXTRA-HELICAL DEOXYRIBOSE AT DNA ABASIC SITES	9351835	10.1093/emboj/16.21.6548	1997	1	0	PT,SM	PT,SM	2	0	0
BOVIN	Bosd2	1BJ7	BOVINE LIPOCALIN ALLERGEN BOS D 2	9891000	10.1074/jbc.274.4.2337	1999	1	0			0	0	0
DROME	CG34171	1BJU	BETA-TRYPSIN COMPLEXED WITH ACPU	9836602	10.1021/bi981636u	1998	1	0	DMS,GP6,SO4,CA	GP6,CA	2	0	0
DROME	CG34171	1BJV	BETA-TRYPSIN COMPLEXED WITH APPU	9836602	10.1021/bi981636u	1998	1	0	GP8,DMS,SO4,CA	GP8,CA	2	0	0
human	P4HB	1BJX	HUMAN PROTEIN DISULFIDE ISOMERASE, NMR, 24 STRUCTURES	10383197	10.1023/A:1008341820489	1999	1	0			0	0	0
DROME	CG34171	1BTP	UNIQUE BINDING OF A NOVEL SYNTHETIC INHIBITOR, N-[3-[4-[4-(AMIDINOPHENOXY)-CARBONYL]PHENYL]-2-METHYL-2-PROPENOYL]-N-ALLYLGLYCINE METHANESULFONATE TO BOVINE TRYPSIN, REVEALED BY THE CRYSTAL STRUCTURE OF THE COMPLEX	7548040	10.1021/bi00039a046	1995	1	0	CA	CA	1	0	0
BETPN	Betv1	1BTV	STRUCTURE OF BET V 1, NMR, 20 STRUCTURES	8946858	10.1038/nsb1296-1040	1996	1	0			0	0	0
DROME	CG34171	1BTW	Episelection: novel KI ~nanomolar inhibitors of serine proteases selected by binding or chemistry on an enzyme surface	7599119	10.1021/bi00026a008	1995	1	0	CA,0ZW	CA,0ZW	2	0	0
DROME	CG34171	1BTX	Episelection: Novel Ki ~Nanomolar Inhibitors of Serine Proteases Selected by Binding or Chemistry on an Enzyme Surface	7599119	10.1021/bi00026a008	1995	1	0	0ZX,CA	0ZX,CA	2	0	0
DROME	CG34171	1BTY	Crystal structure of beta-trypsin in complex with benzamidine	7599119	10.1021/bi00026a008	1995	1	0	BEN,CA	BEN,CA	2	0	0
DROME	CG34171	1BTZ	Episelection: novel KI ~nanomolar inhibitors of serine proteases selected by binding or chemistry on an enzyme surface	7599119	10.1021/bi00026a008	1995	1	0	0ZY,CA	0ZY,CA	2	0	0
human	CDK2	1BUH	CRYSTAL STRUCTURE OF THE HUMAN CDK2 KINASE COMPLEX WITH CELL CYCLE-REGULATORY PROTEIN CKSHS1	8601310	10.1016/S0092-8674(00)81065-X	1996	2	0			0	0	1
BACSU	spoIIAA	1BUZ	SOLUTION STRUCTURE OF SPOIIAA, A PHOSPHORYLATABLE COMPONENT OF THE SYSTEM THAT REGULATES TRANSCRIPTION FACTOR SIGMA-F OF BACILLUS SUBTILIS NMR, MINIMIZED AVERAGE STRUCTURE	9560229	10.1073/pnas.95.9.5067	1998	1	0			0	0	0
BETPN	Betv1	1BV1	BIRCH POLLEN ALLERGEN BET V 1	8946858	10.1038/nsb1296-1040	1996	1	0			0	0	0
human	GSR	1BWC	STRUCTURE OF HUMAN GLUTATHIONE REDUCTASE COMPLEXED with AJOENE INHIBITOR AND SUBVERSIVE SUBSTRATE	9986706	10.1021/jm980471k	1999	1	0	FAD,AJ3,CL	FAD,AJ3	2	1	0
DROME	CG34171	1C1N	RECRUITING ZINC TO MEDIATE POTENT, SPECIFIC INHIBITION OF SERINE PROTEASES	9468142	10.1038/35422	1998	1	0	BEN,SO4,ZN,CA	BEN,ZN,CA	3	1	0
DROME	CG34171	1C1O	RECRUITING ZINC TO MEDIATE POTENT, SPECIFIC INHIBITION OF SERINE PROTEASES	9468142	10.1038/35422	1998	1	0	SO4,MG,CA	MG,CA	2	0	0
DROME	CG34171	1C1P	RECRUITING ZINC TO MEDIATE POTENT, SPECIFIC INHIBITION OF SERINE PROTEASES	9468142	10.1038/35422	1998	1	0	SO4,BAI,DMS,MG,CA	BAI,MG,CA	3	0	0
DROME	CG34171	1C1Q	RECRUITING ZINC TO MEDIATE POTENT, SPECIFIC INHIBITION OF SERINE PROTEASES	9468142	10.1038/35422	1998	1	0	BAI,SO4,MG,CA	BAI,MG,CA	3	0	0
DROME	CG34171	1C1R	RECRUITING ZINC TO MEDIATE POTENT, SPECIFIC INHIBITION OF SERINE PROTEASES	9468142	10.1038/35422	1998	1	0	CA,MG,SO4,ZN,BAI,DMS	CA,MG,ZN,BAI	4	1	0
human	C3	1C3D	X-RAY CRYSTAL STRUCTURE OF C3D: A C3 FRAGMENT AND LIGAND FOR COMPLEMENT RECEPTOR 2	9596584	10.1126/science.280.5367.1277	1998	1	0	GOL		0	0	0
HYPJE	cbh1	1CBH	DETERMINATION OF THE THREE-DIMENSIONAL STRUCTURE OF THE C-TERMINAL DOMAIN OF CELLOBIOHYDROLASE I FROM TRICHODERMA REESEI. A STUDY USING NUCLEAR MAGNETIC RESONANCE AND HYBRID DISTANCE GEOMETRY-DYNAMICAL SIMULATED ANNEALING	2554967	10.1021/bi00444a016	1989	1	0			0	0	0
HYPJE	cbh1	1CEL	THE THREE-DIMENSIONAL CRYSTAL STRUCTURE OF THE CATALYTIC CORE OF CELLOBIOHYDROLASE I FROM TRICHODERMA REESEI	8036495		1994	1	0	NAG,GLC,IBZ,CA,BGC	NAG,GLC,IBZ,CA,BGC	5	0	0
ACET2	celA	1CEM	ENDOGLUCANASE A (CELA) CATALYTIC CORE, RESIDUES 33-395	8805535	10.1016/S0969-2126(96)00031-7	1996	1	0			0	0	0
SOLLC	PR1B1	1CFE	P14A, NMR, 20 STRUCTURES	9067611	10.1006/jmbi.1996.0772	1997	1	0			0	0	0
human	CDK2	1CKP	HUMAN CYCLIN DEPENDENT KINASE 2 COMPLEXED WITH THE INHIBITOR PURVALANOL B	9677190	10.1126/science.281.5376.533	1998	1	0	PVB,EDO	PVB	1	0	0
rat	Hspa8	1CKR	HIGH RESOLUTION SOLUTION STRUCTURE OF THE HEAT SHOCK COGNATE-70 KD SUBSTRATE BINDING DOMAIN OBTAINED BY MULTIDIMENSIONAL NMR TECHNIQUES	10373374	10.1006/jmbi.1999.2776	1999	1	0			0	0	0
human	CASP3	1CP3	CRYSTAL STRUCTURE OF THE COMPLEX OF APOPAIN WITH THE TETRAPEPTIDE INHIBITOR ACE-DVAD-FMC	9045680	10.1074/jbc.272.10.6539	1997	2	0			0	0	1
BETPN	Betv2	1CQA	BIRCH POLLEN PROFILIN	9016715	10.1016/S0969-2126(97)00164-0	1997	1	0			0	0	0
human	APEX1	1CQG	HIGH RESOLUTION SOLUTION NMR STRUCTURE OF MIXED DISULFIDE INTERMEDIATE BETWEEN HUMAN THIOREDOXIN (C35A, C62A, C69A, C73A) MUTANT AND A 13 RESIDUE PEPTIDE COMPRISING ITS TARGET SITE IN HUMAN REF-1 (RESIDUES 59-71 OF THE P50 SUBUNIT OF NFKB), NMR, 31 STRUCTURES	8736558	10.1016/S0969-2126(96)00065-2	1996	2	0			0	0	1
human	TXN	1CQG	HIGH RESOLUTION SOLUTION NMR STRUCTURE OF MIXED DISULFIDE INTERMEDIATE BETWEEN HUMAN THIOREDOXIN (C35A, C62A, C69A, C73A) MUTANT AND A 13 RESIDUE PEPTIDE COMPRISING ITS TARGET SITE IN HUMAN REF-1 (RESIDUES 59-71 OF THE P50 SUBUNIT OF NFKB), NMR, 31 STRUCTURES	8736558	10.1016/S0969-2126(96)00065-2	1996	2	0			0	0	1
human	APEX1	1CQH	HIGH RESOLUTION SOLUTION NMR STRUCTURE OF MIXED DISULFIDE INTERMEDIATE BETWEEN HUMAN THIOREDOXIN (C35A, C62A, C69A, C73A) MUTANT AND A 13 RESIDUE PEPTIDE COMPRISING ITS TARGET SITE IN HUMAN REF-1 (RESIDUES 59-71 OF THE P50 SUBUNIT OF NFKB), NMR, MINIMIZED AVERAGE STRUCTURE	8736558	10.1016/S0969-2126(96)00065-2	1996	2	0			0	0	1
human	TXN	1CQH	HIGH RESOLUTION SOLUTION NMR STRUCTURE OF MIXED DISULFIDE INTERMEDIATE BETWEEN HUMAN THIOREDOXIN (C35A, C62A, C69A, C73A) MUTANT AND A 13 RESIDUE PEPTIDE COMPRISING ITS TARGET SITE IN HUMAN REF-1 (RESIDUES 59-71 OF THE P50 SUBUNIT OF NFKB), NMR, MINIMIZED AVERAGE STRUCTURE	8736558	10.1016/S0969-2126(96)00065-2	1996	2	0			0	0	1
human	DHODH	1D3G	HUMAN DIHYDROOROTATE DEHYDROGENASE COMPLEXED WITH BREQUINAR ANALOG	10673429	10.1016/S0969-2126(00)00077-0	2000	1	0	ACT,ORO,DDQ,FMN,BRE,SO4	ORO,FMN,BRE	3	1	0
human	DHODH	1D3H	HUMAN DIHYDROOROTATE DEHYDROGENASE COMPLEXED WITH ANTIPROLIFERATIVE AGENT A771726	10673429	10.1016/S0969-2126(00)00077-0	2000	1	0	FMN,ORO,A26,ACT,SO4	FMN,ORO,A26	3	1	0
human	ODC1	1D7K	CRYSTAL STRUCTURE OF HUMAN ORNITHINE DECARBOXYLASE AT 2.1 ANGSTROMS RESOLUTION	10623504	10.1006/jmbi.1999.3331	2000	1	0			0	0	0
ARATH	ETR1	1DCF	CRYSTAL STRUCTURE OF THE RECEIVER DOMAIN OF THE ETHYLENE RECEPTOR OF ARABIDOPSIS THALIANA	10647185	10.1016/S0969-2126(00)88345-8	1999	1	0			0	0	0
human	APEX1	1DE8	HUMAN APURINIC/APYRIMIDINIC ENDONUCLEASE-1 (APE1) BOUND TO ABASIC DNA	10667800	10.1038/35000249	2000	1	2			0	0	1
human	APEX1	1DE9	HUMAN APE1 ENDONUCLEASE WITH BOUND ABASIC DNA AND MN2+ ION	10667800	10.1038/35000249	2000	1	3	MN	MN	1	1	1
human	APEX1	1DEW	CRYSTAL STRUCTURE OF HUMAN APE1 BOUND TO ABASIC DNA	10667800	10.1038/35000249	2000	1	2	SO4		0	0	1
human	CDK2	1DI8	THE STRUCTURE OF CYCLIN-DEPENDENT KINASE 2 (CDK2) IN COMPLEX WITH 4-[3-HYDROXYANILINO]-6,7-DIMETHOXYQUINAZOLINE	10633045	10.1021/jm990401t	2000	1	0	DTQ	DTQ	1	0	0
human	MTHFD1	1DIA	HUMAN METHYLENETETRAHYDROFOLATE DEHYDROGENASE / CYCLOHYDROLASE COMPLEXED WITH NADP AND INHIBITOR LY249543	10828945	10.1021/bi992734y	2000	1	0	NAP,L24	NAP,L24	2	1	0
human	MTHFD1	1DIB	HUMAN METHYLENETETRAHYDROFOLATE DEHYDROGENASE / CYCLOHYDROLASE COMPLEXED WITH NADP AND INHIBITOR LY345899	10828945	10.1021/bi992734y	2000	1	0	L34,NAP	L34,NAP	2	1	0
human	MTHFD1	1DIG	HUMAN METHYLENETETRAHYDROFOLATE DEHYDROGENASE / CYCLOHYDROLASE COMPLEXED WITH NADP AND INHIBITOR LY374571	10828945	10.1021/bi992734y	2000	1	0	NAP,L37,ACT	NAP,L37	2	1	0
ECOLI	appA	1DKL	CRYSTAL STRUCTURE OF ESCHERICHIA COLI PHYTASE AT PH 4.5 (NO LIGAND BOUND)	10655611	10.1038/72371	2000	1	0			0	0	0
ECOLI	appA	1DKM	CRYSTAL STRUCTURE OF ESCHERICHIA COLI PHYTASE AT PH 6.6 WITH HG2+ CATION ACTING AS AN INTERMOLECULAR BRIDGE	10655611	10.1038/72371	2000	1	0	HG	HG	1	0	0
ECOLI	appA	1DKN	CRYSTAL STRUCTURE OF ESCHERICHIA COLI PHYTASE AT PH 5.0 WITH HG2+ CATION ACTING AS AN INTERMOLECULAR BRIDGE	10655611	10.1038/72371	2000	1	0	HG	HG	1	0	0
ECOLI	appA	1DKO	CRYSTAL STRUCTURE OF TUNGSTATE COMPLEX OF ESCHERICHIA COLI PHYTASE AT PH 6.6 WITH TUNGSTATE BOUND AT THE ACTIVE SITE AND WITH HG2+ CATION ACTING AS AN INTERMOLECULAR BRIDGE	10655611	10.1038/72371	2000	1	0	WO4,HG	WO4,HG	2	1	0
ECOLI	appA	1DKP	CRYSTAL STRUCTURE OF PHYTATE COMPLEX OF ESCHERICHIA COLI PHYTASE AT PH 6.6. PHYTATE IS BOUND WITH ITS 3-PHOSPHATE IN THE ACTIVE SITE. HG2+ CATION ACTS AS AN INTERMOLECULAR BRIDGE	10655611	10.1038/72371	2000	1	0	IHP,HG	IHP,HG	2	0	0
ECOLI	appA	1DKQ	CRYSTAL STRUCTURE OF PHYTATE COMPLEX ESCHERICHIA COLI PHYTASE AT PH 5.0. PHYTATE IS BOUND WITH ITS 3-PHOSPHATE IN THE ACTIVE SITE. HG2+ CATION ACTS AS AN INTERMOLECULAR BRIDGE	10655611	10.1038/72371	2000	1	0	IHP,HG	IHP,HG	2	0	0
human	CDK2	1DM2	HUMAN CYCLIN-DEPENDENT KINASE 2 COMPLEXED WITH THE INHIBITOR HYMENIALDISINE	10662688	10.1016/S1074-5521(00)00063-6	2000	1	0	EDO,HMD	HMD	1	0	0
human	GSR	1DNC	HUMAN GLUTATHIONE REDUCTASE MODIFIED BY DIGLUTATHIONE-DINITROSO-IRON	9546215	10.1038/nsb0498-267	1998	1	0	PO4,GSH,FAD	GSH,FAD	2	1	0
human	HMGCR	1DQ8	COMPLEX OF THE CATALYTIC PORTION OF HUMAN HMG-COA REDUCTASE WITH HMG AND COA	10698924	10.1093/emboj/19.5.819	2000	1	0	DTT,MAH,COA	MAH,COA	2	1	0
human	HMGCR	1DQ9	COMPLEX OF CATALYTIC PORTION OF HUMAN HMG-COA REDUCTASE WITH HMG-COA	10698924	10.1093/emboj/19.5.819	2000	1	0	HMG	HMG	1	0	0
human	HMGCR	1DQA	COMPLEX OF THE CATALYTIC PORTION OF HUMAN HMG-COA REDUCTASE WITH HMG, COA, AND NADP+	10698924	10.1093/emboj/19.5.819	2000	1	0	COA,MAH,NAP	COA,MAH,NAP	3	1	0
rat	Echs1	1DUB	2-ENOYL-COA HYDRATASE, DATA COLLECTED AT 100 K, PH 6.5	8895557		1996	1	0	CAA	CAA	1	0	0
HYPJE	cbh1	1DY4	CBH1 IN COMPLEX WITH S-PROPRANOLOL	11114249	10.1006/JMBI.2000.4237	2001	1	0	NAG,SNP,CO	NAG,SNP,CO	3	1	0
DESVH	P07598	1E08	Structural model of the [Fe]-Hydrogenase/cytochrome c553 complex combining NMR and soft-docking	10748163	10.1074/JBC.M909835199	2000	3	0	ZN,CMO,CYN,FE2,PDT,SF4,HEC	ZN,CMO,CYN,FE2,PDT,SF4,HEC	7	1	1
human	CDK2	1E1V	HUMAN CYCLIN DEPENDENT KINASE 2 COMPLEXED WITH THE INHIBITOR NU2058	10956187	10.1021/JM990628O	2000	1	0	CMG	CMG	1	0	0
human	CDK2	1E1X	HUMAN CYCLIN DEPENDENT KINASE 2 COMPLEXED WITH THE INHIBITOR NU6027	10956187	10.1021/JM990628O	2000	1	0	NW1	NW1	1	0	0
human	BIRC5	1E31	SURVIVIN DIMER H. SAPIENS	10949039	10.1016/S1097-2765(00)00019-8	2000	1	0	ZN,CO	ZN,CO	2	1	0
yeast	GCN5	1E6I	Bromodomain from GCN5 complexed with acetylated H4 peptide	11080160	10.1093/EMBOJ/19.22.6141	2000	2	0			0	0	1
human	FN1	1E88	Solution structure of 6F11F22F2, a compact three-module fragment of the gelatin-binding domain of human fibronectin	11285216	10.1093/EMBOJ/20.7.1519	2001	1	0	NAG	NAG	1	0	0
human	FN1	1E8B	Solution structure of 6F11F22F2, a compact three-module fragment of the gelatin-binding domain of human fibronectin	11285216	10.1093/EMBOJ/20.7.1519	2001	1	0	NAG	NAG	1	0	0
human	CDK2	1E9H	Thr 160 phosphorylated CDK2 - Human cyclin A3 complex with the inhibitor indirubin-5-sulphonate bound	11377199	10.1016/S0969-2126(01)00598-6	2001	2	0	INR	INR	1	0	1
human	APEX1	1E9N	A second divalent metal ion in the active site of a new crystal form of human apurinic/apyrimidinic endonuclease, Ape1, and its implications for the catalytic mechanism	11286553	10.1006/JMBI.2001.4529	2001	1	0	PB	PB	1	0	0
HYPJE	cbh1	1EGN	CELLOBIOHYDROLASE CEL7A (E223S, A224H, L225V, T226A, D262G) MUTANT	11336632	10.1042/0264-6021:3560019	2001	1	0	CO,NAG	CO,NAG	2	1	0
BPT4	11	1EL6	STRUCTURE OF BACTERIOPHAGE T4 GENE PRODUCT 11, THE INTERFACE BETWEEN THE BASEPLATE AND SHORT TAIL FIBERS	10966799	10.1006/jmbi.2000.3989	2000	1	0			0	0	0
human	TXN	1ERT	HUMAN THIOREDOXIN (REDUCED FORM)	8805557	10.1016/S0969-2126(96)00079-2	1996	1	0			0	0	0
human	TXN	1ERU	HUMAN THIOREDOXIN (OXIDIZED FORM)	8805557	10.1016/S0969-2126(96)00079-2	1996	1	0			0	0	0
human	TXN	1ERV	HUMAN THIOREDOXIN MUTANT WITH CYS 73 REPLACED BY SER (REDUCED FORM)	8805557	10.1016/S0969-2126(96)00079-2	1996	1	0			0	0	0
human	TXN	1ERW	HUMAN THIOREDOXIN DOUBLE MUTANT WITH CYS 32 REPLACED BY SER AND CYS 35 REPLACED BY SER	8805557	10.1016/S0969-2126(96)00079-2	1996	1	0			0	0	0
HORSE	Equc1	1EW3	CRYSTAL STRUCTURE OF THE MAJOR HORSE ALLERGEN EQU C 1	10787420	10.1074/jbc.M002854200	2000	1	0			0	0	0
human	KITLG	1EXZ	STRUCTURE OF STEM CELL FACTOR	10884405	10.1073/pnas.97.14.7732	2000	1	0	TRS,SM,CA	SM,CA	2	0	0
rat	Echs1	1EY3	STRUCTURE OF ENOYL-COA HYDRATASE COMPLEXED WITH THE SUBSTRATE DAC-COA	11851409	10.1021/bi015844p	2002	1	0	DAK	DAK	1	0	0
human	HADH	1F0Y	L-3-HYDROXYACYL-COA DEHYDROGENASE COMPLEXED WITH ACETOACETYL-COA AND NAD+	10840044		2000	1	0	CAA,NAD	CAA,NAD	2	1	0
human	HADH	1F12	L-3-HYDROXYACYL-COA DEHYDROGENASE COMPLEXED WITH 3-HYDROXYBUTYRYL-COA	10840044		2000	1	0	3HC	3HC	1	0	0
human	HADH	1F14	L-3-HYDROXYACYL-COA DEHYDROGENASE (APO)	10840044		2000	1	0			0	0	0
human	HADH	1F17	L-3-HYDROXYACYL-COA DEHYDROGENASE COMPLEXED WITH NADH	10840044		2000	1	0	NAI	NAI	1	1	0
human	CASP7	1F1J	CRYSTAL STRUCTURE OF CASPASE-7 IN COMPLEX WITH ACETYL-ASP-GLU-VAL-ASP-CHO	10873833	10.1016/S1074-5521(00)00123-X	2000	2	0	SO4		0	0	1
human	BIRC5	1F3H	X-RAY CRYSTAL STRUCTURE OF THE HUMAN ANTI-APOPTOTIC PROTEIN SURVIVIN	10876248	10.1038/77929	2000	1	0	ZN,SO4	ZN	1	1	0
human	CDK2	1F5Q	CRYSTAL STRUCTURE OF MURINE GAMMA HERPESVIRUS CYCLIN COMPLEXED TO HUMAN CYCLIN DEPENDENT KINASE 2	10856233	10.1093/emboj/19.12.2877	2000	2	0	CL		0	0	1
human	CASP8	1F9E	CASPASE-8 SPECIFICITY PROBED AT SUBSITE S4: CRYSTAL STRUCTURE OF THE CASPASE-8-Z-DEVD-CHO	10964557	10.1006/jmbi.2000.4041	2000	3	0			0	0	1
human	GCH1	1FB1	CRYSTAL STRUCTURE OF HUMAN GTP CYCLOHYDROLASE I	11087827	10.1073/pnas.240463497	2000	1	0	ZN,IPA	ZN,IPA	2	1	0
human	FN1	1FBR	FOURTH AND FIFTH FIBRONECTIN TYPE I MODULE PAIR	8308892	10.1006/jmbi.1994.1083	1994	1	0			0	0	0
human	FTH1	1FHA	SOLVING THE STRUCTURE OF HUMAN H FERRITIN BY GENETICALLY ENGINEERING INTERMOLECULAR CRYSTAL CONTACTS	1992356	10.1038/349541a0	1991	1	0	CA,FE	CA,FE	2	1	0
human	CDK2	1FIN	CYCLIN A-CYCLIN-DEPENDENT KINASE 2 COMPLEX	7630397	10.1038/376313a0	1995	2	0	ATP	ATP	1	1	1
human	SRC	1FMK	CRYSTAL STRUCTURE OF HUMAN TYROSINE-PROTEIN KINASE C-SRC	9024657	10.1038/385595a0	1997	1	0			0	0	0
human	FN1	1FNA	CRYSTAL STRUCTURE OF THE TENTH TYPE III CELL ADHESION MODULE OF HUMAN FIBRONECTIN	8120888	10.1016/0022-2836(94)90013-2	1994	1	0			0	0	0
human	FN1	1FNF	FRAGMENT OF HUMAN FIBRONECTIN ENCOMPASSING TYPE-III REPEATS 7 THROUGH 10	8548820	10.1016/S0092-8674(00)81002-8	1996	1	0			0	0	0
human	FN1	1FNH	CRYSTAL STRUCTURE OF HEPARIN AND INTEGRIN BINDING SEGMENT OF HUMAN FIBRONECTIN	10075919	10.1093/emboj/18.6.1468	1999	1	0			0	0	0
human	CDK2	1FQ1	CRYSTAL STRUCTURE OF KINASE ASSOCIATED PHOSPHATASE (KAP) IN COMPLEX WITH PHOSPHO-CDK2	11463386	10.1016/S1097-2765(01)00208-8	2001	2	0	ATP,MG	ATP,MG	2	1	1
BETPN	Betv1	1FSK	COMPLEX FORMATION BETWEEN A FAB FRAGMENT OF A MONOCLONAL IGG ANTIBODY AND THE MAJOR ALLERGEN FROM BIRCH POLLEN BET V 1	10861069		2000	3	0			0	0	1
human	ARSB	1FSU	Crystal Structure of 4-Sulfatase (human)	9032078	10.1016/S0969-2126(97)00185-8	1997	1	0	CL,CA	CA	1	0	0
human	CDK2	1FVT	THE STRUCTURE OF CYCLIN-DEPENDENT KINASE 2 (CDK2) IN COMPLEX WITH AN OXINDOLE INHIBITOR	11141566	10.1126/science.291.5501.134	2001	1	0	106	106	1	0	0
human	CDK2	1FVV	THE STRUCTURE OF CDK2/CYCLIN A IN COMPLEX WITH AN OXINDOLE INHIBITOR	11141566	10.1126/science.291.5501.134	2001	2	0	107	107	1	0	1
human	GSTZ1	1FW1	Glutathione transferase zeta/maleylacetoacetate isomerase	11327815	10.1021/bi002249z	2001	1	0	GSH,DTT,SO4	GSH	1	1	0
human	DLAT	1FYC	INNER LIPOYL DOMAIN FROM HUMAN PYRUVATE DEHYDROGENASE (PDH) COMPLEX, NMR, 1 STRUCTURE	9649469		1998	1	0			0	0	0
DROME	CG33453	1G13	HUMAN GM2 ACTIVATOR STRUCTURE	11090283	10.1006/jmbi.2000.4225	2000	1	0	EPE		0	0	0
human	GM2A	1G13	HUMAN GM2 ACTIVATOR STRUCTURE	11090283	10.1006/jmbi.2000.4225	2000	1	0	EPE		0	0	0
SCHPO	clr4	1G6Z	SOLUTION STRUCTURE OF THE CLR4 CHROMO DOMAIN	11273706	10.1006/jmbi.2001.4515	2001	1	0			0	0	0
human	OAT	1GBN	HUMAN ORNITHINE AMINOTRANSFERASE COMPLEXED WITH THE NEUROTOXIN GABACULINE	9309222	10.1016/S0969-2126(97)00258-X	1997	1	0	GAB,PLP,GBC	GAB,PLP,GBC	3	1	0
human	CASP3	1GFW	THE 2.8 ANGSTROM CRYSTAL STRUCTURE OF CASPASE-3 (APOPAIN OR CPP32)IN COMPLEX WITH AN ISATIN SULFONAMIDE INHIBITOR.	10821855	10.1074/jbc.275.21.16007	2000	2	0	MSI	MSI	1	0	1
human	C3	1GHQ	CR2-C3D COMPLEX STRUCTURE	11387479	10.1126/science.1059118	2001	2	0	ZN,NDG	ZN,NDG	2	1	1
rat	Mapk1	1GOL	COORDINATES OF RAT MAP KINASE ERK2 WITH AN ARGININE MUTATION AT POSITION 52	8639522	10.1021/bi952723e	1996	1	0	MG,ATP	MG,ATP	2	1	0
human	CASP7	1GQF	Crystal structure of human procaspase-7	11752425	10.1073/pnas.221580098	2001	1	0	SO4		0	0	0
human	GSR	1GRA	SUBSTRATE BINDING AND CATALYSIS BY GLUTATHIONE REDUCTASE AS DERIVED FROM REFINED ENZYME: SUBSTRATE CRYSTAL STRUCTURES AT 2 ANGSTROMS RESOLUTION	2585516	10.1016/0022-2836(89)90298-2	1989	1	0	NDP,GSH,FAD	NDP,GSH,FAD	3	1	0
human	GSR	1GRB	SUBSTRATE BINDING AND CATALYSIS BY GLUTATHIONE REDUCTASE AS DERIVED FROM REFINED ENZYME: SUBSTRATE CRYSTAL STRUCTURES AT 2 ANGSTROMS RESOLUTION	2585516	10.1016/0022-2836(89)90298-2	1989	1	0	FAD,NDP,NAD,PO4	FAD,NDP,NAD	3	1	0
human	GSR	1GRE	SUBSTRATE BINDING AND CATALYSIS BY GLUTATHIONE REDUCTASE AS DERIVED FROM REFINED ENZYME: SUBSTRATE CRYSTAL STRUCTURES AT 2 ANGSTROMS RESOLUTION	2585516	10.1016/0022-2836(89)90298-2	1989	1	0	FAD,GSH,PO4	FAD,GSH	2	1	0
human	GSR	1GRF	SUBSTRATE BINDING AND CATALYSIS BY GLUTATHIONE REDUCTASE AS DERIVED FROM REFINED ENZYME: SUBSTRATE CRYSTAL STRUCTURES AT 2 ANGSTROMS RESOLUTION	2585516	10.1016/0022-2836(89)90298-2	1989	1	0	PO4,FAD,ACM	FAD,ACM	2	1	0
human	GSR	1GRG	SUBSTRATE BINDING AND CATALYSIS BY GLUTATHIONE REDUCTASE AS DERIVED FROM REFINED ENZYME: SUBSTRATE CRYSTAL STRUCTURES AT 2 ANGSTROMS RESOLUTION	2585516	10.1016/0022-2836(89)90298-2	1989	1	0	FAD,PO4	FAD	1	1	0
human	GSR	1GRH	INHIBITION OF HUMAN GLUTATHIONE REDUCTASE BY THE NITROSOUREA DRUGS 1,3-BIS(2-CHLOROETHYL)-1-NITROSOUREA AND 1-(2-CHLOROETHYL)-3-(2-HYDROXYETHYL)-1-NITROSOUREA	3338461	10.1111/j.1432-1033.1988.tb13775.x	1988	1	0	PO4,FAD,EOH	FAD,EOH	2	1	0
human	GSR	1GRT	HUMAN GLUTATHIONE REDUCTASE A34E/R37W MUTANT	9174360	10.1021/bi963074p	1997	1	0	FAD	FAD	1	1	0
human	GSR	1GSN	HUMAN GLUTATHIONE REDUCTASE MODIFIED BY DINITROSOGLUTATHIONE	9546215	10.1038/nsb0498-267	1998	1	0	PO4,FAD,GSH	FAD,GSH	2	1	0
human	ANG	1GV7	ARH-I, an angiogenin/RNase A chimera	12173935	10.1021/BI026151R	2002	1	0	CIT	CIT	1	0	0
DESVH	P07598	1GX7	Best model of the electron transfer complex between cytochrome c3 and [Fe]-hydrogenase	12885397	10.1016/S0014-5793(03)00718-X	2003	3	0	SF4,FE2,CYN,HEC,CMO,PDT	SF4,FE2,CYN,HEC,CMO,PDT	6	1	1
human	NMNAT1	1GZU	Crystal Structure of Human Nicotinamide Mononucleotide Adenylyltransferase in Complex with NMN	11959140	10.1016/S0014-5793(02)02556-5	2002	1	0	NMN	NMN	1	0	0
human	ANG	1H0D	Crystal structure of Human Angiogenin in complex with Fab fragment of its monoclonal antibody mAb 26-2F	12842050	10.1016/S0969-2126(03)00131-X	2003	3	0	SO4,GOL		0	0	1
human	CDKN1B	1H27	CDK2/CyclinA in complex with an 11-residue recruitment peptide from p27	12501191	10.1021/BI0268910	2002	3	0			0	0	1
METEA	mxaF	1H4I	Methylobacterium extorquens methanol dehydrogenase	7735834	10.1016/S0969-2126(01)00148-4	1995	2	0	PQQ,CA	PQQ,CA	2	1	1
METEA	mxaI	1H4I	Methylobacterium extorquens methanol dehydrogenase	7735834	10.1016/S0969-2126(01)00148-4	1995	2	0	PQQ,CA	PQQ,CA	2	1	1
METEA	mxaF	1H4J	Methylobacterium extorquens methanol dehydrogenase D303E mutant	11502173	10.1021/BI002932L	2001	2	0	CA,PQQ	CA,PQQ	2	1	1
METEA	mxaI	1H4J	Methylobacterium extorquens methanol dehydrogenase D303E mutant	11502173	10.1021/BI002932L	2001	2	0	CA,PQQ	CA,PQQ	2	1	1
human	ANG	1H52	Binding of Phosphate and Pyrophosphate ions at the active site of human Angiogenin as revealed by X-ray Crystallography	11468363	10.1110/PS.13601	2001	1	0	POP	POP	1	0	0
human	ANG	1H53	Binding of Phosphate and Pyrophosphate ions at the active site of human Angiogenin as revealed by X-ray Crystallography	11468363	10.1110/PS.13601	2001	1	0	CIT,PO4	CIT	1	0	0
human	PIK3R1	1H9O	PHOSPHATIDYLINOSITOL 3-KINASE, P85-ALPHA SUBUNIT: C-TERMINAL SH2 DOMAIN COMPLEXED WITH A TYR751 PHOSPHOPEPTIDE FROM THE PDGF RECEPTOR, CRYSTAL STRUCTURE AT 1.79 A	11567151	10.1107/S0907444901012434	2001	2	0			0	0	1
human	ANG	1HBY	Binding of Phosphate and Pyrophosphate ions at the active site of human angiogenin as revealed by X-ray Crystallography	11468363	10.1110/PS.13601	2001	1	0	PO4		0	0	0
human	SRC	1HCS	NMR STRUCTURE OF THE HUMAN SRC SH2 DOMAIN COMPLEX	7532003	10.1021/bi00007a003	1995	2	0			0	0	1
human	SRC	1HCT	NMR STRUCTURE OF THE HUMAN SRC SH2 DOMAIN COMPLEX	7532003	10.1021/bi00007a003	1995	2	0			0	0	1
human	APEX1	1HD7	A Second Divalent Metal Ion in the Active Site of a New Crystal Form of Human Apurinic/Apyridinimic Endonuclease, Ape1, and its Implications for the Catalytic Mechanism	11286553	10.1006/JMBI.2001.4529	2001	1	0	PB	PB	1	0	0
DESVH	P07598	1HFE	1.6 A RESOLUTION STRUCTURE OF THE FE-ONLY HYDROGENASE FROM DESULFOVIBRIO DESULFURICANS	10368269	10.1016/S0969-2126(99)80005-7	1999	2	0	ZN,FE2,CYN,SF4,PDT,CMO,CYS	ZN,FE2,CYN,SF4,PDT,CMO,CYS	7	1	1
human	HSPA1A	1HJO	ATPase domain of human heat shock 70kDa protein 1	10216320	10.1107/S0907444999002103	1999	1	0	CA,CL,ADP	CA,ADP	2	1	0
human	TYMS	1HVY	Human thymidylate synthase complexed with dUMP and Raltitrexed, an antifolate drug, is in the closed conformation	11329255	10.1021/bi002413i	2001	1	0	UMP,BME,D16	UMP,D16	2	0	0
human	TYMS	1HW3	STRUCTURE OF HUMAN THYMIDYLATE SYNTHASE SUGGESTS ADVANTAGES OF CHEMOTHERAPY WITH NONCOMPETITIVE INHIBITORS	11278511		2001	1	0	SO4,EDO		0	0	0
human	TYMS	1HW4	STRUCTURE OF THYMIDYLATE SYNTHASE SUGGESTS ADVANTAGES OF CHEMOTHERAPY WITH NONCOMPETITIVE INHIBITORS	11278511		2001	1	0	EDO,SO4		0	0	0
human	HMGCR	1HW8	COMPLEX OF THE CATALYTIC PORTION OF HUMAN HMG-COA REDUCTASE WITH COMPACTIN (ALSO KNOWN AS MEVASTATIN)	11349148	10.1126/science.1059344	2001	1	0	ADP,114	ADP,114	2	1	0
human	HMGCR	1HW9	COMPLEX OF THE CATALYTIC PORTION OF HUMAN HMG-COA REDUCTASE WITH SIMVASTATIN	11349148	10.1126/science.1059344	2001	1	0	ADP,SIM	ADP,SIM	2	1	0
human	HMGCR	1HWI	COMPLEX OF THE CATALYTIC PORTION OF HUMAN HMG-COA REDUCTASE WITH FLUVASTATIN	11349148	10.1126/science.1059344	2001	1	0	115,ADP	115,ADP	2	1	0
human	HMGCR	1HWJ	COMPLEX OF THE CATALYTIC PORTION OF HUMAN HMG-COA REDUCTASE WITH CERIVASTATIN	11349148	10.1126/science.1059344	2001	1	0	116,ADP	116,ADP	2	1	0
human	HMGCR	1HWK	COMPLEX OF THE CATALYTIC PORTION OF HUMAN HMG-COA REDUCTASE WITH ATORVASTATIN	11349148	10.1126/science.1059344	2001	1	0	117,ADP	117,ADP	2	1	0
human	HMGCR	1HWL	COMPLEX OF THE CATALYTIC PORTION OF HUMAN HMG-COA REDUCTASE WITH ROSUVASTATIN (FORMALLY KNOWN AS ZD4522)	11349148	10.1126/science.1059344	2001	1	0	FBI,ADP	FBI,ADP	2	1	0
human	TYMS	1HZW	CRYSTAL STRUCTURE OF HUMAN THYMIDYLATE SYNTHASE	11316879	10.1110/ps.47601	2001	1	0	PO4		0	0	0
human	TYMS	1I00	CRYSTAL STRUCTURE OF HUMAN THYMIDYLATE SYNTHASE, TERNARY COMPLEX WITH DUMP AND TOMUDEX	11316879	10.1110/ps.47601	2001	1	0	UMP,D16	UMP,D16	2	0	0
mouse	Musm1	1I04	CRYSTAL STRUCTURE OF MOUSE MAJOR URINARY PROTEIN-I FROM MOUSE LIVER	11316880	10.1110/ps.52201	2001	1	0			0	0	0
mouse	Musm1	1I05	CRYSTAL STRUCTURE OF MOUSE MAJOR URINARY PROTEIN (MUP-I) COMPLEXED WITH HYDROXY-METHYL-HEPTANONE	11316880	10.1110/ps.52201	2001	1	0	CD,LTL	CD,LTL	2	0	0
mouse	Musm1	1I06	CRYSTAL STRUCTURE OF MOUSE MAJOR URINARY PROTEIN (MUP-I) COMPLEXED WITH SEC-BUTYL-THIAZOLINE	11316880	10.1110/ps.52201	2001	1	0	TZL,CD	TZL,CD	2	0	0
human	CKM	1I0E	CRYSTAL STRUCTURE OF CREATINE KINASE FROM HUMAN MUSCLE	11517911	10.1107/s0907444901007703	2001	1	0			0	0	0
human	LDHB	1I0Z	HUMAN HEART L-LACTATE DEHYDROGENASE H CHAIN, TERNARY COMPLEX WITH NADH AND OXAMATE	11276087	10.1002/1097-0134(20010501)43:2<175::AID-PROT1029>3.0.CO;2-#	2001	1	0	OXM,NAI	OXM,NAI	2	1	0
human	CASP3	1I3O	CRYSTAL STRUCTURE OF THE COMPLEX OF XIAP-BIR2 AND CASPASE 3	11257232	10.1016/S0092-8674(01)00274-4	2001	3	0	ZN	ZN	1	1	1
human	CASP8	1I4E	CRYSTAL STRUCTURE OF THE CASPASE-8/P35 COMPLEX	11260720	10.1038/35068604	2001	2	0			0	0	1
human	CASP7	1I4O	CRYSTAL STRUCTURE OF THE XIAP/CASPASE-7 COMPLEX	11257231		2001	2	0			0	0	1
human	CASP7	1I51	CRYSTAL STRUCTURE OF CASPASE-7 COMPLEXED WITH XIAP	11257230	10.1016/S0092-8674(01)00272-0	2001	3	0			0	0	1
human	LPA	1I71	HIGH RESOLUTION CRYSTAL STRUCTURE OF APOLIPOPROTEIN(A) KRINGLE IV TYPE 7: INSIGHTS INTO LIGAND BINDING	11369850	10.1110/ps.01701	2001	1	0	SO4		0	0	0
human	GPI	1IAT	CRYSTAL STRUCTURE OF HUMAN PHOSPHOGLUCOSE ISOMERASE/NEUROLEUKIN/AUTOCRINE MOTILITY FACTOR/MATURATION FACTOR	11371164	10.1006/jmbi.2001.4680	2001	1	0	SO4,BME		0	0	0
human	HSD17B4	1IKT	LIGANDED STEROL CARRIER PROTEIN TYPE 2 (SCP-2) LIKE DOMAIN OF HUMAN MULTIFUNCTIONAL ENZYME TYPE 2 (MFE-2)	11700068	10.1006/jmbi.2001.5084	2001	1	0	SO4,OXN	OXN	1	0	0
human	HADH	1IL0	X-RAY CRYSTAL STRUCTURE OF THE E170Q MUTANT OF HUMAN L-3-HYDROXYACYL-COA DEHYDROGENASE	11451959	10.1074/jbc.M104839200	2001	1	0	NAD,CAA	NAD,CAA	2	1	0
human	GPI	1IRI	Crystal structure of human autocrine motility factor complexed with an inhibitor	12054796	10.1016/S0022-2836(02)00186-9	2002	1	0	E4P	E4P	1	0	0
ACET2	celA	1IS9	Endoglucanase A from Clostridium thermocellum at atomic resolution	12198299	10.1107/S0907444902011368	2002	1	0	CL,HG	HG	1	0	0
human	IVD	1IVH	STRUCTURE OF HUMAN ISOVALERYL-COA DEHYDROGENASE AT 2.6 ANGSTROMS RESOLUTION: STRUCTURAL BASIS FOR SUBSTRATE SPECIFICITY	9214289	10.1021/bi970422u	1997	1	0	FAD,COS	FAD,COS	2	1	0
human	EGFR	1IVO	Crystal Structure of the Complex of Human Epidermal Growth Factor and Receptor Extracellular Domains.	12297050	10.1016/S0092-8674(02)00963-7	2002	2	0	NAG	NAG	1	0	1
human	SIRT2	1J8F	HUMAN SIRT2 HISTONE DEACETYLASE	11427894	10.1038/89668	2001	1	0	ZN	ZN	1	1	0
human	FN1	1J8K	NMR STRUCTURE OF THE FIBRONECTIN EDA DOMAIN, NMR, 20 STRUCTURES	11775745	10.1023/A:1012947209393	2001	1	0			0	0	0
human	IMPDH1	1JCN	BINARY COMPLEX OF HUMAN TYPE-I INOSINE MONOPHOSPHATE DEHYDROGENASE WITH 6-CL-IMP				1	0	CPR	CPR	1	0	0
human	FNTA	1JCQ	CRYSTAL STRUCTURE OF HUMAN PROTEIN FARNESYLTRANSFERASE COMPLEXED WITH FARNESYL DIPHOSPHATE AND THE PEPTIDOMIMETIC INHIBITOR L-739,750	11687658	10.1073/pnas.241407898	2001	2	0	739,FPP,ZN,ACY	739,FPP,ZN	3	1	1
human	LPA	1JFN	SOLUTION STRUCTURE OF HUMAN APOLIPOPROTEIN(A) KRINGLE IV TYPE 6	11781107	10.1021/bi011430k	2002	1	0			0	0	0
human	GPI	1JIQ	Crystal Structure of Human Autocrine Motility Factor	12054796	10.1016/S0022-2836(02)00186-9	2002	1	0			0	0	0
ACET2	P10478	1JJF	STRUCTURAL BASIS FOR THE SUBSTRATE SPECIFICITY OF THE FERULOYL ESTERASE DOMAIN OF THE CELLULOSOMAL XYLANASE Z OF CLOSTRIDIUM THERMOCELLUM	11601976	10.1021/bi011391c	2001	1	0	PT	PT	1	0	0
human	GPI	1JLH	Human Glucose-6-phosphate Isomerase	12573240	10.1016/S1570-9639(02)00464-8	2003	1	0			0	0	0
human	GPHN	1JLJ	1.6 Angstrom crystal structure of the human neuroreceptor anchoring and molybdenum cofactor biosynthesis protein gephyrin	11554796	10.1006/jmbi.2001.4952	2001	1	0	FMT,NA		0	0	0
RHOCA	xdhA	1JRO	Crystal Structure of Xanthine Dehydrogenase from Rhodobacter capsulatus	11796116	10.1016/S0969-2126(01)00697-9	2002	2	0	ZW9,CA,FAD,FES	ZW9,CA,FAD,FES	4	1	1
RHOCA	xdhB	1JRO	Crystal Structure of Xanthine Dehydrogenase from Rhodobacter capsulatus	11796116	10.1016/S0969-2126(01)00697-9	2002	2	0	ZW9,CA,FAD,FES	ZW9,CA,FAD,FES	4	1	1
RHOCA	xdhA	1JRP	Crystal Structure of Xanthine Dehydrogenase inhibited by alloxanthine from Rhodobacter capsulatus	11796116	10.1016/S0969-2126(01)00697-9	2002	2	0	141,MOS,MTE,CA,FAD,FES	141,MOS,MTE,CA,FAD,FES	6	1	1
RHOCA	xdhB	1JRP	Crystal Structure of Xanthine Dehydrogenase inhibited by alloxanthine from Rhodobacter capsulatus	11796116	10.1016/S0969-2126(01)00697-9	2002	2	0	141,MOS,MTE,CA,FAD,FES	141,MOS,MTE,CA,FAD,FES	6	1	1
human	CDKN1B	1JSU	P27(KIP1)/CYCLIN A/CDK2 COMPLEX	8684460	10.1038/382325a0	1996	3	0	SO4		0	0	1
ACET2	P10478	1JT2	STRUCTURAL BASIS FOR THE SUBSTRATE SPECIFICITY OF THE FERUL DOMAIN OF THE CELLULOSOMAL XYLANASE Z FROM C. THERMOCELLUM	11601976	10.1021/bi011391c	2001	1	0	FER	FER	1	0	0
human	ABL1	1JU5	Ternary complex of an Crk SH2 domain, Crk-derived phophopeptide, and Abl SH3 domain by NMR spectroscopy	12384576	10.1073/pnas.212518799	2002	3	0			0	0	1
human	TYMS	1JU6	Human Thymidylate Synthase Complex with dUMP and LY231514, A Pyrrolo(2,3-d)pyrimidine-based Antifolate	11697906	10.1006/jmbi.2001.5074	2001	1	0	PO4,UMP,LYA	UMP,LYA	2	0	0
human	TYMS	1JUJ	Human Thymidylate Synthase Bound to dUMP and LY231514, a Pyrrolo(2,3-d)pyrimidine-based Antifolate	11697906	10.1006/jmbi.2001.5074	2001	1	0	UMP,LYA	UMP,LYA	2	0	0
human	UAP1	1JV1	CRYSTAL STRUCTURE OF HUMAN AGX1 COMPLEXED WITH UDPGLCNAC	11707391	10.1093/emboj/20.22.6191	2001	1	0	UD1	UD1	1	0	0
human	UAP1	1JV3	CRYSTAL STRUCTURE OF HUMAN AGX1 COMPLEXED WITH UDPGALNAC	11707391	10.1093/emboj/20.22.6191	2001	1	0	UD2	UD2	1	0	0
human	UAP1	1JVD	CRYSTAL STRUCTURE OF HUMAN AGX2 COMPLEXED WITH UDPGLCNAC	11707391	10.1093/emboj/20.22.6191	2001	1	0	UD1	UD1	1	0	0
human	UAP1	1JVG	CRYSTAL STRUCTURE OF HUMAN AGX2 COMPLEXED WITH UDPGALNAC	11707391	10.1093/emboj/20.22.6191	2001	1	0	UD2	UD2	1	0	0
human	GSR	1K4Q	Human Glutathione Reductase Inactivated by Peroxynitrite	11705998	10.1074/jbc.M108190200	2002	1	0	FAD	FAD	1	1	0
human	ANG	1K58	Crystal Structure of Human Angiogenin Variant D116H	11851402	10.1021/bi015768q	2002	1	0			0	0	0
human	ANG	1K59	Crystal Structure of Human Angiogenin Variant Q117G	11851402	10.1021/bi015768q	2002	1	0	CIT	CIT	1	0	0
human	ANG	1K5A	Crystal structure of human angiogenin double variant I119A/F120A	11851402	10.1021/bi015768q	2002	1	0			0	0	0
human	ANG	1K5B	Crystal Structure of Human Angiogenin Variant des(121-123)	11851402	10.1021/bi015768q	2002	1	0	CIT	CIT	1	0	0
ECOLI	yciO	1K7J	Structural Genomics, protein TF1				1	0	SO4		0	0	0
human	CASP7	1K86	Crystal structure of caspase-7	11701129	10.1016/S0092-8674(01)00544-X	2001	1	0			0	0	0
human	CASP7	1K88	Crystal structure of procaspase-7	11701129	10.1016/S0092-8674(01)00544-X	2001	1	0			0	0	0
human	DBT	1K8M	Solution Structure of the Lipoic Acid-Bearing Domain of the E2 component of Human, Mitochondrial Branched-Chain alpha-Ketoacid Dehydrogenase	11839747	10.1074/jbc.M110952200	2002	1	0			0	0	0
human	DBT	1K8O	Solution Structure of the Lipoic Acid-Bearing Domain of the E2 component of Human, Mitochondrial Branched-Chain alpha-Ketoacid Dehydrogenase	11839747	10.1074/jbc.M110952200	2002	1	0			0	0	0
human	LPA	1KIV	RECOMBINANT KRINGLE IV-10/M66 VARIANT OF HUMAN APOLIPOPROTEIN(A)	10026282	10.1021/bi9820558	1999	1	0			0	0	0
human	LGALS3	1KJL	High Resolution X-Ray Structure of Human Galectin-3 in complex with LacNAc	15701008	10.1021/ja043475p	2005	1	0	BR,CL		0	0	0
human	LGALS3	1KJR	Crystal Structure of the human galectin-3 CRD in complex with a 3'-derivative of N-Acetyllactosamine	15701008	10.1021/ja043475p	2005	1	0	CL,BEK	BEK	1	0	0
ECOLI	yciO	1KK9	CRYSTAL STRUCTURE OF E. COLI YCIO	12211024	10.1002/prot.10178	2002	1	0	SO4		0	0	0
human	NMNAT1	1KKU	Crystal structure of nuclear human nicotinamide mononucleotide adenylyltransferase	11751893	10.1074/jbc.M111589200	2002	1	0			0	0	0
human	CASP7	1KMC	Crystal Structure of the Caspase-7 / XIAP-BIR2 Complex				2	0			0	0	1
human	NMNAT1	1KQN	Crystal structure of NMN/NaMN adenylyltransferase complexed with NAD	11788603	10.1074/jbc.M111469200	2003	1	0	XE,NAD	XE,NAD	2	1	0
human	NMNAT1	1KQO	Crystal structure of NMN/NaMN adenylyltransferase complexed with deamido-NAD	11788603	10.1074/jbc.M111469200	2002	1	0	DND	DND	1	0	0
human	NMNAT1	1KR2	CRYSTAL STRUCTURE OF HUMAN NMN/NAMN ADENYLYL TRANSFERASE COMPLEXED WITH TIAZOFURIN ADENINE DINUCLEOTIDE (TAD)	11788603	10.1074/jbc.M111469200	2002	1	0	TAD	TAD	1	0	0
human	SRC	1KSW	Structure of Human c-Src Tyrosine Kinase (Thr338Gly Mutant) in Complex with N6-benzyl ADP	11841936	10.1016/S1074-5521(02)00091-1	2002	1	0	NBS	NBS	1	0	0
ACET2	celA	1KWF	Atomic Resolution Structure of an Inverting Glycosidase in Complex with Substrate	11884144	10.1006/jmbi.2001.5404	2002	1	0	BGC	BGC	1	0	0
DORPE	cpx	1L4A	X-RAY STRUCTURE OF THE NEURONAL COMPLEXIN/SNARE COMPLEX FROM THE SQUID LOLIGO PEALEI	12004067	10.1074/jbc.M203460200	2002	5	0			0	0	1
human	FNTA	1LD7	Co-crystal structure of Human Farnesyltransferase with farnesyldiphosphate and inhibitor compound 66	12036349	10.1021/jm010531d	2002	2	0	U66,FPP,ZN	U66,FPP,ZN	3	1	1
human	FNTA	1LD8	Co-crystal structure of Human Farnesyltransferase with farnesyldiphosphate and inhibitor compound 49	12036349	10.1021/jm010531d	2002	2	0	U49,FPP,ZN,ACY	U49,FPP,ZN	3	1	1
BETPN	Betv1	1LLT	BIRCH POLLEN ALLERGEN BET V 1 MUTANT E45S	12960334		2003	1	0			0	0	0
BACSU	spo0A	1LQ1	DNA Complexed Structure of the Key Transcription Factor Initiating Development in Sporulation Bacteria	12176382	10.1016/S0969-2126(02)00803-1	2002	1	2			0	0	1
MAIZE	ABP1	1LR5	Crystal structure of auxin binding protein	12065401	10.1093/emboj/cdf291	2002	1	0	ZN	ZN	1	1	0
MAIZE	ABP1	1LRH	Crystal structure of auxin-binding protein 1 in complex with 1-naphthalene acetic acid	12065401	10.1093/emboj/cdf291	2002	1	0	NLA,ZN	NLA,ZN	2	1	0
human	HADH	1LSJ	Crystal Structure of the E110Q Mutant of L-3-Hydroxyacyl-CoA Dehydrogenase in Complex with NAD				1	0	NAD	NAD	1	1	0
human	HADH	1LSO	Crystal Structure of the S137A mutant of L-3-Hydroxyacyl-CoA Dehydrogenase in Complex with NAD				1	0	NAD	NAD	1	1	0
METEA	mtdA	1LU9	Structure of methylene-tetrahydromethanopterin dehydrogenase from Methylobacterium extorquens AM1	12176390	10.1016/S0969-2126(02)00802-X	2002	1	0			0	0	0
METEA	mtdA	1LUA	Structure of methylene-tetrahydromethanopterin dehydrogenase from Methylobacterium extorquens AM1 complexed with NADP	12176390	10.1016/S0969-2126(02)00802-X	2002	1	0	NAP	NAP	1	1	0
human	EGFR	1M14	Tyrosine Kinase Domain from Epidermal Growth Factor Receptor	12196540	10.1074/jbc.M207135200	2002	1	0			0	0	0
human	EGFR	1M17	Epidermal Growth Factor Receptor tyrosine kinase domain with 4-anilinoquinazoline inhibitor erlotinib	12196540	10.1074/jbc.M207135200	2002	1	0	AQ4	AQ4	1	0	0
BACSU	secA	1M6N	Crystal structure of the SecA translocation ATPase from Bacillus subtilis	12242434	10.1126/science.1074424	2002	1	0	SO4		0	0	0
human	PNP	1M73	CRYSTAL STRUCTURE OF HUMAN PNP AT 2.3A RESOLUTION	12914785	10.1016/S0006-291X(03)01431-1	2003	1	0	SO4		0	0	0
BACSU	secA	1M74	Crystal structure of Mg-ADP-bound SecA from Bacillus subtilis	12242434	10.1126/science.1074424	2002	1	0	MG,ADP,SO4	MG,ADP	2	1	0
human	HADH	1M75	Crystal Structure of the N208S Mutant of L-3-Hydroxyacyl-COA Dehydrogenase in Complex with NAD and Acetoacetyl-COA				1	0	CAA,NAD	CAA,NAD	2	1	0
human	HADH	1M76	Crystal Structure of the S137C Mutant of L-3-HYDROXYACYL-COA Dehydrogenase in Complex with NAD and Acetoacetyl-COA				1	0	CAA,NAD	CAA,NAD	2	1	0
human	TXN	1M7T	Solution Structure and Dynamics of the Human-Escherichia coli Thioredoxin Chimera: Insights into Thermodynamic Stability	12135359	10.1021/bi0258501	2002	1	0			0	0	0
human	TXN	1MDI	HIGH RESOLUTION SOLUTION NMR STRUCTURE OF MIXED DISULFIDE INTERMEDIATE BETWEEN MUTANT HUMAN THIOREDOXIN AND A 13 RESIDUE PEPTIDE COMPRISING ITS TARGET SITE IN HUMAN NFKB	7788295	10.1016/S0969-2126(01)00159-9	1995	2	0			0	0	1
human	TXN	1MDJ	HIGH RESOLUTION SOLUTION NMR STRUCTURE OF MIXED DISULFIDE INTERMEDIATE BETWEEN HUMAN THIOREDOXIN (C35A, C62A, C69A, C73A) MUTANT AND A 13 RESIDUE PEPTIDE COMPRISING ITS TARGET SITE IN HUMAN NFKB (RESIDUES 56-68 OF THE P50 SUBUNIT OF NFKB)	7788295	10.1016/S0969-2126(01)00159-9	1995	2	0			0	0	1
human	TXN	1MDK	HIGH RESOLUTION SOLUTION NMR STRUCTURE OF MIXED DISULFIDE INTERMEDIATE BETWEEN HUMAN THIOREDOXIN (C35A, C62A, C69A, C73A) MUTANT AND A 13 RESIDUE PEPTIDE COMPRISING ITS TARGET SITE IN HUMAN NFKB (RESIDUES 56-68 OF THE P50 SUBUNIT OF NFKB)	7788295	10.1016/S0969-2126(01)00159-9	1995	2	0			0	0	1
human	GART	1MEJ	Human Glycinamide Ribonucleotide Transformylase domain at pH 8.5	12450384	10.1021/bi020522m	2002	1	0	PO4,GOL		0	0	0
human	P4HB	1MEK	HUMAN PROTEIN DISULFIDE ISOMERASE, NMR, 40 STRUCTURES	8672469	10.1021/bi960335m	1996	1	0			0	0	0
human	GART	1MEN	complex structure of human GAR Tfase and substrate beta-GAR	12450384	10.1021/bi020522m	2002	1	0	GAR	GAR	1	0	0
human	GART	1MEO	human glycinamide ribonucleotide Transformylase at pH 4.2	12450384	10.1021/bi020522m	2002	1	0	SO4,PO4		0	0	0
rat	Echs1	1MJ3	Crystal Structure Analysis of rat enoyl-CoA hydratase in complex with hexadienoyl-CoA	12445775	10.1016/S1074-5521(02)00263-6	2002	1	0	HXC	HXC	1	0	0
human	SUOX	1MJ4	Crystal Structure Analysis of the cytochrome b5 domain of human sulfite oxidase	12832761	10.1107/S0907444903009934	2003	1	0	SO4,GOL,HEM	HEM	1	1	0
human	EGFR	1MOX	Crystal Structure of Human Epidermal Growth Factor Receptor (residues 1-501) in complex with TGF-alpha	12297049	10.1016/S0092-8674(02)00940-6	2002	2	0	CD,CL,PT,NAG	CD,PT,NAG	3	0	1
human	CDA	1MQ0	Crystal Structure of Human Cytidine Deaminase	15689149	10.1021/jm0496279	2005	1	0	BRD,ZN	BRD,ZN	2	1	0
mouse	Musm1	1MUP	PHEROMONE BINDING TO TWO RODENT URINARY PROTEINS REVEALED BY X-RAY CRYSTALLOGRAPHY	1279439	10.1038/360186a0	1992	1	0	CD,TZL	CD,TZL	2	0	0
SCHPO	clr4	1MVH	structure of the SET domain histone lysine methyltransferase Clr4	12389037		2002	1	0	SO4,ZN,NI	ZN,NI	2	1	0
SCHPO	clr4	1MVX	structure of the SET domain histone lysine methyltransferase Clr4	12389037		2002	1	0	NI,ZN,SO4	NI,ZN	2	1	0
human	FNTA	1MZC	Co-Crystal Structure Of Human Farnesyltransferase With Farnesyldiphosphate and Inhibitor Compound 33a	12825937	10.1021/jm020587n	2003	2	0	ZN,BNE,FPP	ZN,BNE,FPP	3	1	1
BPT4	8	1N7Z	Structure and location of gene product 8 in the bacteriophage T4 baseplate	12729757	10.1016/S0022-2836(03)00366-8	2003	1	0	CL		0	0	0
BPT4	8	1N80	Bacteriophage T4 baseplate structural protein gp8	12729757	10.1016/S0022-2836(03)00366-8	2003	1	0	CL		0	0	0
BPT4	8	1N8B	Bacteriophage T4 baseplate structural protein gp8	12729757	10.1016/S0022-2836(03)00366-8	2003	1	0	BR		0	0	0
human	AGT	1N9U	Differences and Similarities in Solution Structures of Angiotensin I & II: Implication for Structure-Function Relationship	12752436	10.1046/j.1432-1033.2003.03573.x	2003	1	0			0	0	0
human	AGT	1N9V	Differences and Similarities in Solution Structures of Angiotensin I & II: Implication for Structure-Function Relationship.	12752436	10.1046/j.1432-1033.2003.03573.x	2003	1	0			0	0	0
ACET2	cipA	1NBC	BACTERIAL TYPE 3A CELLULOSE-BINDING DOMAIN	8918451		1996	1	0	CA	CA	1	0	0
DROME	awd	1NDL	THE AWD NUCLEOTIDE DIPHOSPHATE KINASE FROM DROSOPHILA	8081741	10.1016/0969-2126(93)90016-A	1993	1	0			0	0	0
human	IMPDH2	1NF7	Ternary complex of the human type II Inosine Monophosphate Dedhydrogenase with Ribavirin Monophosphate and C2-Mycophenolic Adenine Dinucleotide				1	0	UNL,MYD,RVP,K	MYD,RVP	2	0	0
human	IMPDH2	1NFB	Ternary complex of the human type II Inosine Monophosphate Dedhydrogenase with 6Cl-IMP and NAD				1	0	CPR,NAD	CPR,NAD	2	1	0
human	GART	1NJS	human GAR Tfase in complex with hydrolyzed form of 10-trifluoroacetyl-5,10-dideaza-acyclic-5,6,7,8-tetrahydrofolic acid	12755606	10.1021/bi034219c	2003	1	0	KEU,PO4	KEU	1	0	0
human	CASP3	1NME	Structure of Casp-3 with tethered salicylate	12563278	10.1038/nbt786	2003	2	0	158,159	158,159	2	0	1
human	CASP3	1NMQ	Extendend Tethering: In Situ Assembly of Inhibitors	12563278	10.1038/nbt786	2003	1	0	160	160	1	0	0
human	CASP3	1NMS	Caspase-3 tethered to irreversible inhibitor	12563278	10.1038/nbt786	2003	1	0	161	161	1	0	0
human	HEXB	1NOU	Native human lysosomal beta-hexosaminidase isoform B	12662933	10.1016/S0022-2836(03)00216-X	2003	1	0	SO4,GOL		0	0	0
human	HEXB	1NOW	Human lysosomal beta-hexosaminidase isoform B in complex with (2R,3R,4S,5R)-2-Acetamido-3,4-Dihydroxy-5-Hydroxymethyl-Piperidinium Chloride (GalNAc-isofagomine)	12662933	10.1016/S0022-2836(03)00216-X	2003	1	0	IFG,SO4,GOL	IFG	1	0	0
human	HEXB	1NP0	Human lysosomal beta-hexosaminidase isoform B in complex with intermediate analogue NAG-thiazoline	12662933	10.1016/S0022-2836(03)00216-X	2003	3	0	NGT,GOL,SO4	NGT	1	0	1
human	EGFR	1NQL	Structure of the extracellular domain of human epidermal growth factor (EGF) receptor in an inactive (low pH) complex with EGF.	12620237	10.1016/S1097-2765(03)00047-9	2003	2	0	NAG	NAG	1	0	1
human	PNPO	1NRG	Structure and Properties of Recombinant Human Pyridoxine-5'-Phosphate Oxidase	12824491	10.1110/ps.0356203	2003	1	0	PO4,PLP,BME,FMN	PLP,FMN	2	1	0
human	NME2	1NSK	THE CRYSTAL STRUCTURE OF A HUMAN NUCLEOSIDE DIPHOSPHATE KINASE, NM23-H2	7658474	10.1006/jmbi.1995.0457	1995	1	0			0	0	0
DROME	awd	1NSQ	MECHANISM OF PHOSPHATE TRANSFER BY NUCLEOSIDE DIPHOSPHATE KINASE: X-RAY STRUCTURES OF A PHOSPHO-HISTIDINE INTERMEDIATE OF THE ENZYMES FROM DROSOPHILA AND DICTYOSTELIUM	7669763	10.1021/bi00035a011	1995	1	0			0	0	0
human	NME2	1NUE	X-RAY STRUCTURE OF NM23 HUMAN NUCLEOSIDE DIPHOSPHATE KINASE B COMPLEXED WITH GDP AT 2 ANGSTROMS RESOLUTION	8747457	10.1016/S0969-2126(01)00268-4	1995	1	0	MG,GDP	MG,GDP	2	1	0
human	GPI	1NUH	The crystal structure of human phosphoglucose isomerase complexed with 5-phosphoarabinonate	12777791	10.1107/S0907444903007352	2003	1	0	PA5,SO4	PA5	1	0	0
human	NMNAT3	1NUP	CRYSTAL STRUCTURE OF HUMAN CYTOSOLIC NMN/NaMN ADENYLYLTRANSFERASE COMPLEX WITH NMN	12574164	10.1074/jbc.M300073200	2003	1	0	NMN,SO4	NMN	1	0	0
human	NMNAT3	1NUQ	CRYSTAL STRUCTURE OF HUMAN CYTOSOLIC NMN/NaMN ADENYLYLTRANSFERASE COMPLEXED WITH NaAD	12574164	10.1074/jbc.M300073200	2003	1	0	DND,SO4	DND	1	0	0
human	NMNAT3	1NUR	CRYSTAL STRUCTURE OF HUMAN CYTOSOLIC NMN/NaMN ADENYLYLTRANSFERASE	12574164	10.1074/jbc.M300073200	2003	1	0	SO4		0	0	0
human	NMNAT3	1NUS	CRYSTAL STRUCTURE OF HUMAN CYTOSOLIC NMN/NaMN ADENYLYLTRANSFERASE COMPLEXED WITH ATP ANALOG AND NMN	12574164	10.1074/jbc.M300073200	2003	1	0	APC,NMN,SO4	APC,NMN	2	0	0
human	NMNAT3	1NUT	CRYSTAL STRUCTURE OF HUMAN CYTOSOLIC NMN/NaMN ADENYLYLTRANSFERASE COMPLEXED WITH ATP ANALOG	12574164	10.1074/jbc.M300073200	2003	1	0	SO4,APC	APC	1	0	0
human	NMNAT3	1NUU	CRYSTAL STRUCTURE OF HUMAN CYTOSOLIC NMN/NaMN ADENYLYLTRANSFERASE COMPLEXED WITH NAD	12574164	10.1074/jbc.M300073200	2003	1	0	NAD,SO4	NAD	1	1	0
human	SRC	1O41	CRYSTAL STRUCTURE OF SH2 IN COMPLEX WITH RU78300.	14613321	10.1021/jm020970s	2003	1	0	300	300	1	0	0
human	SRC	1O42	CRYSTAL STRUCTURE OF SH2 IN COMPLEX WITH RU81843.	14613321	10.1021/jm020970s	2003	1	0	843	843	1	0	0
human	SRC	1O43	CRYSTAL STRUCTURE OF SH2 IN COMPLEX WITH RU82129.	14613321	10.1021/jm020970s	2003	1	0	821	821	1	0	0
human	SRC	1O44	Crystal structure of sh2 in complex with ru85052	14613321	10.1021/jm020970s	2003	1	0	852	852	1	0	0
human	HEXB	1O7A	Human beta-Hexosaminidase B	12706724	10.1016/S0022-2836(03)00311-5	2003	1	0	GDL,EDO,NAG	GDL,NAG	2	0	0
human	FN1	1O9A	Solution structure of the complex of 1F12F1 from fibronectin with B3 from FnBB from S. dysgalactiae	12736686	10.1038/nature01589	2003	2	0			0	0	1
human	OAT	1OAT	ORNITHINE AMINOTRANSFERASE	9514741		1998	1	0	PLP	PLP	1	1	0
BPT4	12	1OCY	Structure of the receptor-binding domain of the bacteriophage T4 short tail fibre	12888344	10.1016/S0022-2836(03)00755-1	2003	1	0	ZN,SO4,CIT	ZN,CIT	2	1	0
ACET2	cipA	1OHZ	Cohesin-Dockerin complex from the cellulosome of Clostridium thermocellum	14623971	10.1073/PNAS.1936124100	2003	2	0	CL,CA,EDO,NO3	CA	1	0	1
worm	cmd-1	1OOJ	Structural genomics of Caenorhabditis elegans : Calmodulin	14635136	10.1002/prot.10517	2003	1	0	CA	CA	1	0	0
human	ABL1	1OPL	Structural basis for the auto-inhibition of c-Abl tyrosine kinase	12654251	10.1016/S0092-8674(03)00194-6	2003	1	0	MYR,P16	P16	1	0	0
human	FN1	1OWW	Solution structure of the first type III module of human fibronectin determined by 1H, 15N NMR spectroscopy	14657397	10.1073/pnas.2334390100	2003	1	0			0	0	0
BPT4	wac	1OX3	crystal structure of mini-fibritin	15165860	10.1016/j.jmb.2004.04.001	2004	1	0			0	0	0
BACSU	sacB	1OYG	Crystal structure of Bacillus subtilis levansucrase	14517548	10.1038/nsb974	2003	1	0	EDO,CA	CA	1	0	0
human	CASP3	1PAU	Crystal structure of the complex of apopain with the tetrapeptide aldehyde inhibitor AC-DEVD-CHO	8673606	10.1038/nsb0796-619	1996	3	0			0	0	1
human	PIK3R1	1PBW	STRUCTURE OF BCR-HOMOLOGY (BH) DOMAIN	8962058	10.1073/pnas.93.25.14373	1996	1	0			0	0	0
BPT4	11	1PDF	Fitting of gp11 crystal structure into 3D cryo-EM reconstruction of bacteriophage T4 baseplate-tail tube complex	12923574	10.1038/nsb970	2003	1	0			0	0	0
human	PDGFB	1PDG	CRYSTAL STRUCTURE OF HUMAN PLATELET-DERIVED GROWTH FACTOR BB	1396586		1992	1	0			0	0	0
BPT4	12	1PDI	Fitting of the C-terminal part of the short tail fibers into the cryo-EM reconstruction of T4 baseplate	12923574	10.1038/nsb970	2003	1	0			0	0	0
BPT4	8	1PDM	Fitting of gp8 structure into the cryoEM reconstruction of the bacteriophage T4 baseplate	12923574	10.1038/nsb970	2003	1	0			0	0	0
ECOLI	manX	1PDO	PHOSPHOENOLPYRUVATE-DEPENDENT PHOSPHOTRANSFERASE SYSTEM	8676384	10.1006/jmbi.1996.0335	1996	1	0			0	0	0
BPT4	9	1PDP	Fitting of gp9 structure into the bacteriophage T4 baseplate cryoEM reconstruction	12923574	10.1038/nsb970	2003	1	0			0	0	0
human	PNP	1PF7	CRYSTAL STRUCTURE OF HUMAN PNP COMPLEXED WITH IMMUCILLIN H	13679061	10.1016/j.bbrc.2003.08.094	2003	1	0	IMH,SO4	IMH	1	0	0
human	PIK3R1	1PHT	PHOSPHATIDYLINOSITOL 3-KINASE P85-ALPHA SUBUNIT SH3 DOMAIN, RESIDUES 1-85	8648629	10.1006/jmbi.1996.0190	1996	1	0			0	0	0
human	PIK3R1	1PIC	PHOSPHATIDYLINOSITOL 3-KINASE, P85-ALPHA SUBUNIT: C-TERMINAL SH2 DOMAIN COMPLEXED WITH A TYR751 PHOSPHOPEPTIDE FROM THE PDGF RECEPTOR, NMR, MINIMIZED MEAN STRUCTURE	8670861		1996	2	0			0	0	1
human	PIK3R1	1PKS	STRUCTURE OF THE PI3K SH3 DOMAIN AND ANALYSIS OF THE SH3 FAMILY	7681364	10.1016/0092-8674(93)90582-B	1993	1	0			0	0	0
human	PIK3R1	1PKT	STRUCTURE OF THE PI3K SH3 DOMAIN AND ANALYSIS OF THE SH3 FAMILY	7681364	10.1016/0092-8674(93)90582-B	1993	1	0			0	0	0
human	MAPK1	1PME	STRUCTURE OF PENTA MUTANT HUMAN ERK2 MAP KINASE COMPLEXED WITH A SPECIFIC INHIBITOR OF HUMAN P38 MAP KINASE	9827991		1998	1	0	SO4,SB2	SB2	1	0	0
BACSU	sacB	1PT2	Crystal structure of levansucrase (E342A) complexed with sucrose	14517548	10.1038/nsb974	2003	1	0	CA	CA	1	0	0
DROME	CG33453	1PU5	GM2-activator Protein crystal structure	12909021	10.1016/S0022-2836(03)00794-0	2003	1	0	EPE		0	0	0
human	GM2A	1PU5	GM2-activator Protein crystal structure	12909021	10.1016/S0022-2836(03)00794-0	2003	1	0	EPE		0	0	0
DROME	CG33453	1PUB	GM2-activator Protein crystal structure	12909021	10.1016/S0022-2836(03)00794-0	2003	1	0	3PH	3PH	1	0	0
human	GM2A	1PUB	GM2-activator Protein crystal structure	12909021	10.1016/S0022-2836(03)00794-0	2003	1	0	3PH	3PH	1	0	0
FELCA	CH1	1PUO	Crystal structure of Fel d 1- the major cat allergen	12851385	10.1074/jbc.M304740200	2003	1	0	MPD		0	0	0
FELCA	CH2	1PUO	Crystal structure of Fel d 1- the major cat allergen	12851385	10.1074/jbc.M304740200	2003	1	0	MPD		0	0	0
human	PNP	1PWY	CRYSTAL STRUCTURE OF HUMAN PNP COMPLEXED WITH ACYCLOVIR	12914786	10.1016/S0006-291X(03)01433-5	2003	1	0	AC2,SO4	AC2	1	0	0
HYPJE	cbh1	1Q2B	CELLOBIOHYDROLASE CEL7A WITH DISULPHIDE BRIDGE ADDED ACROSS EXO-LOOP BY MUTATIONS D241C AND D249C	14568538	10.1016/S0022-2836(03)00881-7	2003	1	0	CO,NAG	CO,NAG	2	1	0
HYPJE	cbh1	1Q2E	CELLOBIOHYDROLASE CEL7A WITH LOOP DELETION 245-252 AND BOUND NON-HYDROLYSABLE CELLOTETRAOSE	14568538	10.1016/S0022-2836(03)00881-7	2003	1	0	CA,NAG	CA,NAG	2	0	0
human	FN1	1Q38	Anastellin	12946358	10.1016/S0022-2836(03)00890-8	2003	1	0			0	0	0
mouse	Cftr	1Q3H	mouse CFTR NBD1 with AMP.PNP	14685259	10.1038/sj.emboj.7600040	2004	1	0	ANP,ACY,MG	ANP,MG	2	1	0
human	CASP8	1QDU	CRYSTAL STRUCTURE OF THE COMPLEX OF CASPASE-8 WITH THE TRIPEPTIDE KETONE INHIBITOR ZEVD-DCBMK	10508784	10.1016/S0969-2126(99)80179-8	1999	3	0			0	0	1
BPT4	9	1QEX	BACTERIOPHAGE T4 GENE PRODUCT 9 (GP9), THE TRIGGER OF TAIL CONTRACTION AND THE LONG TAIL FIBERS CONNECTOR	10545330	10.1016/S0969-2126(00)80055-6	1999	1	0	EPE		0	0	0
human	FN1	1QGB	SOLUTION STRUCTURE OF THE N-TERMINAL F1 MODULE PAIR FROM HUMAN FIBRONECTIN	10387076	10.1021/bi990202b	1999	1	0			0	0	0
human	CKMT1A	1QK1	CRYSTAL STRUCTURE OF HUMAN UBIQUITOUS MITOCHONDRIAL CREATINE KINASE	10737943	10.1002/(SICI)1097-0134(20000515)39:3<216::AID-PROT40>3.0.CO;2-#	2000	1	0	PO4		0	0	0
human	G6PD	1QKI	X-RAY STRUCTURE OF HUMAN GLUCOSE 6-PHOSPHATE DEHYDROGENASE (VARIANT CANTON R459L) COMPLEXED WITH STRUCTURAL NADP+	10745013	10.1016/S0969-2126(00)00104-0	2000	1	0	GOL,GOA,NAP	GOA,NAP	2	1	0
BETPN	Betv1	1QMR	BIRCH POLLEN ALLERGEN BET V 1 MUTANT N28T, K32Q, E45S, P108G	15470071	10.4049/jimmunol.173.8.5258	2004	1	0			0	0	0
human	SCP2	1QND	STEROL CARRIER PROTEIN-2, NMR, 20 STRUCTURES	10623549	10.1006/JMBI.1999.3355	2000	1	0			0	0	0
human	FN1	1QO6	Solution structure of a pair of modules from the gelatin-binding domain of fibronectin	10647176	10.1016/S0969-2126(00)88336-7	1999	1	0			0	0	0
human	CASP8	1QTN	CRYSTAL STRUCTURE OF THE COMPLEX OF CASPASE-8 WITH THE TETRAPEPTIDE INHIBITOR ACE-IETD-ALDEHYDE	10508785	10.1016/S0969-2126(99)80180-4	1999	3	0	DTD	DTD	1	0	1
human	CASP3	1QX3	Conformational restrictions in the active site of unliganded human caspase-3	12833566	10.1002/jmr.615	2003	1	0			0	0	0
mouse	Cftr	1R0W	Cystic fibrosis transmembrane conductance regulator (CFTR) nucleotide-binding domain one (NBD1) apo	14685259	10.1038/sj.emboj.7600040	2004	1	0	ACY		0	0	0
mouse	Cftr	1R0X	Cystic fibrosis transmembrane conductance regulator (CFTR) nucleotide-binding domain one (NBD1) with ATP	14685259	10.1038/sj.emboj.7600040	2004	1	0	MG,ATP,ACY	MG,ATP	2	1	0
mouse	Cftr	1R0Y	Cystic fibrosis transmembrane conductance regulator (CFTR) nucleotide-binding domain one (NBD1) with ADP	14685259	10.1038/sj.emboj.7600040	2004	1	0	ACY,ADP	ADP	1	1	0
mouse	Cftr	1R0Z	Phosphorylated Cystic fibrosis transmembrane conductance regulator (CFTR) nucleotide-binding domain one (NBD1) with ATP	14685259	10.1038/sj.emboj.7600040	2004	1	0	MG,ATP,ACY	MG,ATP	2	1	0
mouse	Cftr	1R10	Cystic fibrosis transmembrane conductance regulator (CFTR) nucleotide-binding domain one (NBD1) with ATP, I4122 space group	14685259	10.1038/sj.emboj.7600040	2004	1	0	ACY,ATP,MG	ATP,MG	2	1	0
human	COPG1	1R4X	Crystal Structure Analys of the Gamma-COPI Appendage domain	14690497	10.1111/j.1600-0854.2004.00158.x	2004	1	0	MG	MG	1	0	0
human	GART	1RBM	Human GAR Tfase complex structure with polyglutamated 10-(trifluoroacetyl)-5,10-dideazaacyclic-5,6,7,8-tetrahydrofolic acid				1	0	KT5,PO4	KT5	1	0	0
human	GART	1RBQ	Human GAR Tfase complex structure with 10-(trifluoroacetyl)-5,10-dideazaacyclic-5,6,7,8-tetrahydrofolic acid				1	0	KEU,PO4	KEU	1	0	0
human	GART	1RBY	Human GAR Tfase complex structure with 10-(trifluoroacetyl)-5,10-dideazaacyclic-5,6,7,8-tetrahydrofolic acid and substrate beta-GAR				1	0	GAR,KEU	GAR,KEU	2	0	0
human	GART	1RBZ	Human GAR Tfase complex structure with polyglutamated 10-(trifluoroacetyl)-5,10-dideazaacyclic-5,6,7,8-tetrahydrofolic acid				1	0	KT5	KT5	1	0	0
human	GART	1RC0	Human GAR Tfase complex structure with polyglutamated 10-(trifluoroacetyl)-5,10-dideazaacyclic-5,6,7,8-tetrahydrofolic acid				1	0	KT5	KT5	1	0	0
human	GART	1RC1	Human GAR Tfase complex structure with polyglutamated 10-(trifluoroacetyl)-5,10-dideazaacyclic-5,6,7,8-tetrahydrofolic acid				1	0	KT3,PO4	KT3	1	0	0
human	PNP	1RCT	Crystal structure of Human purine nucleoside phosphorylase complexed with INOSINE	14706628	10.1016/j.bbrc.2003.11.179	2004	1	0	NOS,SO4	NOS	1	0	0
human	CASP3	1RE1	CRYSTAL STRUCTURE OF CASPASE-3 WITH A NICOTINIC ACID ALDEHYDE INHIBITOR	15115390	10.1021/jm0305523	2004	2	0	NA3	NA3	1	0	1
PSEPK	pcaB	1RE5	Crystal structure of 3-carboxy-cis,cis-muconate lactonizing enzyme from Pseudomonas putida	15301541	10.1021/bi036205c	2004	1	0	CIT,DTT	CIT	1	0	0
human	PNP	1RFG	Crystal Structure of Human Purine Nucleoside Phosphorylase Complexed with Guanosine	15983407	10.1107/S0907444905005421	2005	1	0	GMP,SO4	GMP	1	0	0
BPT4	wac	1RFO	Trimeric Foldon of the T4 phagehead fibritin	15033360	10.1016/j.jmb.2004.02.020	2004	1	0			0	0	0
human	CASP3	1RHJ	CRYSTAL STRUCTURE OF THE COMPLEX OF CASPASE-3 WITH A PRYAZINONE INHIBITOR	15115390	10.1021/jm0305523	2004	2	0	PZN	PZN	1	0	1
human	CASP3	1RHK	Crystal structure of the complex of caspase-3 with a phenyl-propyl-ketone inhibitor	15115390	10.1021/jm0305523	2004	3	0			0	0	1
human	CASP3	1RHM	CRYSTAL STRUCTURE OF THE COMPLEX OF CASPASE-3 WITH A NICOTINIC ACID ALDEHYDE INHIBITOR	15115390	10.1021/jm0305523	2004	2	0	NA4	NA4	1	0	1
human	CASP3	1RHQ	CRYSTAL STRUCTURE OF THE COMPLEX OF CASPASE-3 WITH A BROMOMETHOXYPHENYL INHIBITOR	15115390	10.1021/jm0305523	2004	2	0	0ZZ	0ZZ	1	0	1
human	CASP3	1RHR	CRYSTAL STRUCTURE OF THE COMPLEX OF CASPASE-3 WITH A CINNAMIC ACID METHYL ESTER INHIBITOR	15115390	10.1021/jm0305523	2004	2	0	CNE	CNE	1	0	1
human	CASP3	1RHU	CRYSTAL STRUCTURE OF THE COMPLEX OF CASPASE-3 WITH A 5,6,7 TRICYCLIC PEPTIDOMIMETIC INHIBITOR	15115390	10.1021/jm0305523	2004	2	0	3CY	3CY	1	0	1
human	PNP	1RR6	Structure of human purine nucleoside phosphorylase in complex with Immucillin-H and phosphate	14982926	10.1074/jbc.C400068200	2004	1	0	IMH,PO4	IMH	1	0	0
rat	Rnase1	1RRA	RIBONUCLEASE A FROM RATTUS NORVEGICUS (COMMON RAT)	10090281	10.1002/(SICI)1097-0134(19990401)35:1<1::AID-PROT1>3.0.CO;2-2	1999	1	0	PO4		0	0	0
human	PNP	1RSZ	Structure of human purine nucleoside phosphorylase in complex with DADMe-Immucillin-H and sulfate				1	0	DIH,SO4	DIH	1	0	0
human	PNP	1RT9	Structure of human purine nucleoside phosphorylase in complex with Immucillin-H and sulfate				1	0	IMH,SO4	IMH	1	0	0
BPT4	9	1S2E	BACTERIOPHAGE T4 GENE PRODUCT 9 (GP9), THE TRIGGER OF TAIL CONTRACTION AND THE LONG TAIL FIBERS CONNECTOR, ALTERNATIVE FIT OF THE FIRST 19 RESIDUES	10545330	10.1016/S0969-2126(00)80055-6	1999	1	0	EPE		0	0	0
human	NDUFA2	1S3A	NMR Solution Structure of Subunit B8 from Human NADH-Ubiquinone Oxidoreductase Complex I (CI-B8)	15341729	10.1016/j.str.2004.06.021	2004	1	0			0	0	0
human	HSPA1A	1S3X	The crystal structure of the human Hsp70 ATPase domain	9083109	10.1016/S0969-2126(97)00197-4	1997	1	0	ADP,NA,CA,PO4	ADP,CA	2	1	0
human	FNTA	1S63	Human protein farnesyltransferase complexed with L-778,123 and FPP	15248757	10.1021/bi049280b	2004	2	0	778,FPP,ZN	778,FPP,ZN	3	1	1
human	HSD17B4	1S9C	Crystal structure analysis of the 2-enoyl-CoA hydratase 2 domain of human peroxisomal multifunctional enzyme type 2	15644212	10.1016/j.jmb.2004.11.009	2005	1	0			0	0	0
human	FNTA	1SA4	human protein farnesyltransferase complexed with FPP and R115777	15170324	10.1021/bi049723b	2004	2	0	JAN,FPP,ZN	JAN,FPP,ZN	3	1	1
human	KITLG	1SCF	HUMAN RECOMBINANT STEM CELL FACTOR	10880433	10.1093/emboj/19.13.3192	2000	1	0	CA,1PE	CA	1	0	0
BACSU	aprE	1SCJ	CRYSTAL STRUCTURE OF SUBTILISIN-PROPEPTIDE COMPLEX	9811547	10.1006/jmbi.1998.2161	1998	2	0	CA	CA	1	0	1
human	CASP7	1SHJ	Caspase-7 in complex with DICA allosteric inhibitor	15314233	10.1073/pnas.0404781101	2004	1	0	NXN,SO4	NXN	1	0	0
human	CASP7	1SHL	CASPASE-7 IN COMPLEX WITH FICA ALLOSTERIC INHIBITOR	15314233	10.1073/pnas.0404781101	2004	1	0	FXN	FXN	1	0	0
human	GCDH	1SIQ	The Crystal Structure and Mechanism of Human Glutaryl-CoA Dehydrogenase	15274622	10.1021/bi049290c	2004	1	0	FAD	FAD	1	1	0
human	GCDH	1SIR	The Crystal Structure and Mechanism of Human Glutaryl-CoA Dehydrogenase	15274622	10.1021/bi049290c	2004	1	0	NBC,FAD	NBC,FAD	2	1	0
human	GLIPR2	1SMB	Crystal Structure of Golgi-Associated PR-1 protein	15123429	10.1016/j.jmb.2004.03.015	2004	1	0			0	0	0
human	HSD17B10	1SO8	Abeta-bound human ABAD structure [also known as 3-hydroxyacyl-CoA dehydrogenase type II (Type II HADH), Endoplasmic reticulum-associated amyloid beta-peptide binding protein (ERAB)]	15087549	10.1126/science.1091230	2004	1	0	CL,NA		0	0	0
human	LDHB	1T2F	Human B lactate dehydrogenase complexed with NAD+ and 4-hydroxy-1,2,5-oxadiazole-3-carboxylic acid	15117937	10.1074/jbc.M402433200	2004	1	0	OXQ,NAD	OXQ,NAD	2	1	0
human	BPGM	1T8P	Crystal structure of Human erythrocyte 2,3-bisphosphoglycerate mutase	15258155	10.1074/jbc.M405982200	2004	1	0			0	0	0
BACSU	secA	1TF2	Crystal structure of SecA:ADP in an open conformation from Bacillus Subtilis	15256599	10.1073/pnas.0401742101	2004	1	0	ADP,MG	ADP,MG	2	1	0
BACSU	secA	1TF5	Crystal structure of SecA in an open conformation from Bacillus Subtilis	15256599	10.1073/pnas.0401742101	2004	1	0			0	0	0
BPT4	11	1TJA	Fitting of gp8, gp9, and gp11 into the cryo-EM reconstruction of the bacteriophage T4 contracted tail	15315755	10.1016/j.cell.2004.07.022	2004	3	0			0	0	1
BPT4	8	1TJA	Fitting of gp8, gp9, and gp11 into the cryo-EM reconstruction of the bacteriophage T4 contracted tail	15315755	10.1016/j.cell.2004.07.022	2004	3	0			0	0	1
BPT4	9	1TJA	Fitting of gp8, gp9, and gp11 into the cryo-EM reconstruction of the bacteriophage T4 contracted tail	15315755	10.1016/j.cell.2004.07.022	2004	3	0			0	0	1
DROME	CG33453	1TJJ	Human GM2 Activator Protein PAF complex	15327957	10.1016/j.jmb.2004.07.063	2004	1	0	DAO,IPA,LPE,PFS,EPE,CL,ACT	DAO,IPA,LPE,PFS	4	0	0
human	GM2A	1TJJ	Human GM2 Activator Protein PAF complex	15327957	10.1016/j.jmb.2004.07.063	2004	1	0	DAO,IPA,LPE,PFS,EPE,CL,ACT	DAO,IPA,LPE,PFS	4	0	0
human	FNTA	1TN6	Protein Farnesyltransferase Complexed with a Rap2a Peptide Substrate and a FPP Analog at 1.8A Resolution	15451670	10.1016/j.jmb.2004.08.056	2004	3	0	ZN,FII,ACY	ZN,FII	2	1	1
POPTR	PRX2	1TP9	PRX D (type II) from Populus tremula	15697201	10.1021/bi048226s	2005	1	0	SO4		0	0	0
STRCO	actI-ORF1	1TQY	The Actinorhodin Ketosynthase/Chain Length Factor	15286722	10.1038/nsmb808	2004	2	0	NA,ACE,MG	ACE,MG	2	0	1
STRCO	actI-ORF2	1TQY	The Actinorhodin Ketosynthase/Chain Length Factor	15286722	10.1038/nsmb808	2004	2	0	NA,ACE,MG	ACE,MG	2	0	1
human	TXN	1TRS	THE HIGH-RESOLUTION THREE-DIMENSIONAL SOLUTION STRUCTURES OF THE OXIDIZED AND REDUCED STATES OF HUMAN THIOREDOXIN	7922028	10.1016/S0969-2126(00)00051-4	1994	1	0			0	0	0
human	TXN	1TRU	THE HIGH-RESOLUTION THREE-DIMENSIONAL SOLUTION STRUCTURES OF THE OXIDIZED AND REDUCED STATES OF HUMAN THIOREDOXIN	7922028	10.1016/S0969-2126(00)00051-4	1994	1	0			0	0	0
human	TXN	1TRV	THE HIGH-RESOLUTION THREE-DIMENSIONAL SOLUTION STRUCTURES OF THE OXIDIZED AND REDUCED STATES OF HUMAN THIOREDOXIN	7922028	10.1016/S0969-2126(00)00051-4	1994	1	0			0	0	0
human	FN1	1TTF	THE THREE-DIMENSIONAL STRUCTURE OF THE TENTH TYPE III MODULE OF FIBRONECTIN: AN INSIGHT INTO RGD-MEDIATED INTERACTIONS	1423622	10.1016/0092-8674(92)90600-H	1992	1	0			0	0	0
human	FN1	1TTG	THE THREE-DIMENSIONAL STRUCTURE OF THE TENTH TYPE III MODULE OF FIBRONECTIN: AN INSIGHT INTO RGD-MEDIATED INTERACTIONS	1423622	10.1016/0092-8674(92)90600-H	1992	1	0			0	0	0
human	MAPK1	1TVO	The structure of ERK2 in complex with a small molecule inhibitor	16139248	10.1016/j.bbrc.2005.08.082	2005	1	0	FRZ	FRZ	1	0	0
yeast	DOT1	1U2Z	Crystal structure of histone K79 methyltransferase Dot1p from yeast	15292170	10.1074/jbc.M405902200	2004	1	0	SAH	SAH	1	1	0
ARATH	CRY1	1U3C	Crystal Structure of the PHR domain of Cryptochrome 1 from Arabidopsis thaliana	15299148	10.1073/pnas.0404851101	2004	1	0	MG,FAD,NDS,HEZ,CL	MG,FAD,NDS,HEZ	4	1	0
ARATH	CRY1	1U3D	Crystal Structure of the PHR domain of Cryptochrome 1 from Arabidopsis thaliana with AMPPNP bound	15299148	10.1073/pnas.0404851101	2004	1	0	CL,FAD,NDS,ANP,MG	FAD,NDS,ANP,MG	4	1	0
human	HSD17B10	1U7T	Crystal Structure of ABAD/HSD10 with a Bound Inhibitor	15342248	10.1016/j.jmb.2004.07.071	2004	1	0	NAD,TDT	NAD,TDT	2	1	0
human	GAPDH	1U8F	Crystal Structure Of Human Placental Glyceraldehyde-3-Phosphate Dehydrogenase At 1.75 Resolution	16510976	10.1107/S0907444905042289	2006	1	0	NAD	NAD	1	1	0
BACSU	amyE	1UA7	Crystal Structure Analysis of Alpha-Amylase from Bacillus Subtilis complexed with Acarbose	14617662	10.1128/JB.185.23.6981-6984.2003	2003	1	0	CA,ACI	CA,ACI	2	0	0
rat	Hspa8	1UD0	CRYSTAL STRUCTURE OF THE C-TERMINAL 10-kDA SUBDOMAIN OF HSC70	12773536	10.1074/jbc.M304563200	2003	1	0	NA		0	0	0
human	UCK2	1UDW	Crystal structure of human uridine-cytidine kinase 2 complexed with a feedback-inhibitor, CTP	15130468	10.1016/j.str.2004.02.038	2004	1	0	CTP	CTP	1	0	0
human	UCK2	1UEI	Crystal structure of human uridine-cytidine kinase 2 complexed with a feedback-inhibitor, UTP	15130468	10.1016/j.str.2004.02.038	2004	1	0	UTP	UTP	1	0	0
human	UCK2	1UEJ	Crystal structure of human uridine-cytidine kinase 2 complexed with a substrate, cytidine	15130468	10.1016/j.str.2004.02.038	2004	1	0	CIT,CTN	CIT,CTN	2	0	0
human	UCK2	1UFQ	Crystal structure of ligand-free human uridine-cytidine kinase 2	15130468	10.1016/j.str.2004.02.038	2004	1	0			0	0	0
human	UCK2	1UJ2	Crystal structure of human uridine-cytidine kinase 2 complexed with products, CMP and ADP	15130468	10.1016/j.str.2004.02.038	2004	1	0	MG,C5P,ADP	MG,C5P,ADP	3	1	0
human	PNP	1ULA	APPLICATION OF CRYSTALLOGRAPHIC AND MODELING METHODS IN THE DESIGN OF PURINE NUCLEOSIDE PHOSPHORYLASE INHIBITORS	1763067	10.1073/pnas.88.24.11540	1991	1	0	SO4		0	0	0
human	PNP	1ULB	APPLICATION OF CRYSTALLOGRAPHIC AND MODELING METHODS IN THE DESIGN OF PURINE NUCLEOSIDE PHOSPHORYLASE INHIBITORS	1763067	10.1073/pnas.88.24.11540	1991	1	0	SO4,GUN	GUN	1	0	0
human	TYMP	1UOU	Crystal structure of human thymidine phosphorylase in complex with a small molecule inhibitor	14725767	10.1016/J.STR.2003.11.018	2004	1	0	CMU	CMU	1	0	0
BPT4	wac	1V1H	Adenovirus fibre shaft sequence N-terminally fused to the bacteriophage T4 fibritin foldon trimerisation motif with a short linker	15313619	10.1016/J.JMB.2004.07.008	2004	1	0			0	0	0
BPT4	wac	1V1I	Adenovirus fibre shaft sequence N-terminally fused to the bacteriophage T4 fibritin foldon trimerisation motif with a long linker	15313619	10.1016/J.JMB.2004.07.008	2004	1	0			0	0	0
human	PNP	1V2H	Crystal structure of human PNP complexed with guanine	14680831	10.1016/j.bbrc.2003.10.190	2003	1	0	SO4,GUN	GUN	1	0	0
human	PNP	1V3Q	Structure of human PNP complexed with DDI	14706628	10.1016/j.bbrc.2003.11.179	2004	1	0	2DI,SO4	2DI	1	0	0
human	PNP	1V41	Crystal structure of human PNP complexed with 8-Azaguanine	15983407	10.1107/S0907444905005421	2005	1	0	AZG,SO4	AZG	1	0	0
human	PNP	1V45	Crystal Structure of human PNP complexed with 3-deoxyguanosine	15983407	10.1107/S0907444905005421	2005	1	0	3DG,SO4	3DG	1	0	0
ECOLI	manX	1VRC	Complex of enzyme IIAmannose and the histidine-containing phosphocarrier protein HPr from escherichia coli nmr, restrained regularized mean structure	15788390	10.1074/jbc.M501986200	2005	2	0	PO3	PO3	1	0	1
ECOLI	manX	1VSQ	Solution NMR structure of the productive complex between IIAMannose and IIBMannose of the mannose transporter of the E. coli phosphotransferase system	18270202	10.1074/jbc.M800312200	2008	2	0			0	0	1
human	C3	1W2S	Solution structure of CR2 SCR 1-2 in its complex with C3d by X-ray scattering	15713468	10.1016/J.JMB.2004.12.006	2005	2	0			0	0	1
METEA	mxaF	1W6S	The high resolution structure of methanol dehydrogenase from methylobacterium extorquens	15608378	10.1107/S0907444904026964	2005	2	0	PQQ,GOL,CA	PQQ,CA	2	1	1
METEA	mxaI	1W6S	The high resolution structure of methanol dehydrogenase from methylobacterium extorquens	15608378	10.1107/S0907444904026964	2005	2	0	PQQ,GOL,CA	PQQ,CA	2	1	1
human	CCNE1	1W98	The structural basis of CDK2 activation by cyclin E	15660127	10.1038/SJ.EMBOJ.7600554	2005	2	0			0	0	1
9POAL	rbcL	1WDD	Crystal Structure of Activated Rice Rubisco Complexed with 2-Carboxyarabinitol-1,5-bisphosphate	22609438	10.1016/j.jmb.2012.05.014	2012	2	0	GOL,CAP,MG	CAP,MG	2	0	1
human	RASA1	1WER	RAS-GTPASE-ACTIVATING DOMAIN OF HUMAN P120GAP	8955277	10.1038/384591a0	1996	1	0			0	0	0
human	UBAP1	1WGN	Solution Structure of UBA domain of Human Ubiquitin Associated Protein 1 (UBAP1)				1	0			0	0	0
human	RPS3	1WH9	Solution structure of the KH domain of human ribosomal protein S3				1	0			0	0	0
human	RIMBP2	1WIE	Solution structure of the first SH3 domain of KIAA0318 protein				1	0			0	0	0
ARATH	TFL1	1WKO	Terminal flower 1 (tfl1) from arabidopsis thaliana	16424903	10.1038/sj.emboj.7600950	2006	1	0			0	0	0
human	RAB9A	1WMS	High resolution crystal structure of human Rab9 GTPase: a novel antiviral drug target	15263003	10.1074/jbc.M407114200	2004	1	0	GDP	GDP	1	1	0
human	GPD1	1WPQ	Ternary Complex Of Glycerol 3-phosphate Dehydrogenase 1 with NAD and dihydroxyactone	16460752	10.1016/j.jmb.2005.12.074	2006	1	0	NAD,13P,SO4	NAD,13P	2	1	0
human	RASA1	1WQ1	RAS-RASGAP COMPLEX	9219684	10.1126/science.277.5324.333	1997	2	0	GDP,AF3,MG	GDP,AF3,MG	3	1	1
human	AMT	1WSR	Crystal Structure of Human T-protein of Glycine Cleavage System	16051266	10.1016/j.jmb.2005.06.056	2005	1	0	SO4		0	0	0
human	AMT	1WSV	Crystal Structure of Human T-protein of Glycine Cleavage System	16051266	10.1016/j.jmb.2005.06.056	2005	1	0	THH,SO4	THH	1	0	0
human	NANS	1WVO	Solution structure of RSGI RUH-029, an antifreeze protein like domain in human N-acetylneuraminic acid phosphate synthase gene.	16597820	10.1110/ps.051700406	2006	1	0			0	0	0
human	MAPK1	1WZY	Crystal structure of human ERK2 complexed with a pyrazolopyridazine derivative	16242327	10.1016/j.bmcl.2005.09.055	2006	1	0	F29	F29	1	0	0
human	GPD1	1X0V	Crystal Structure of Homo Sapien Glycerol-3-Phosphate Dehydrogenase 1	16460752	10.1016/j.jmb.2005.12.074	2006	1	0	SO4		0	0	0
human	GPD1	1X0X	Co-Structure of Homo Sapiens Glycerol-3-Phosphate Dehydrogenase 1 complex with NAD	16460752	10.1016/j.jmb.2005.12.074	2006	1	0	NAD,SO4	NAD	1	1	0
human	P4HB	1X5C	The solution structure of the second thioredoxin-like domain of human Protein disulfide-isomerase				1	0			0	0	0
human	GSR	1XAN	HUMAN GLUTATHIONE REDUCTASE IN COMPLEX WITH A XANTHENE INHIBITOR	8626496	10.1074/jbc.271.14.8101	1996	1	0	FAD,HXP	FAD,HXP	2	1	0
mouse	Cftr	1XF9	Structure of NBD1 from murine CFTR- F508S mutant	15619636	10.1038/nsmb881	2005	1	0	MG,ATP,ACY	MG,ATP	2	1	0
mouse	Cftr	1XFA	Structure of NBD1 from murine CFTR- F508R mutant	15619636	10.1038/nsmb881	2005	1	0	MG,CL,ATP,ACY	MG,ATP	2	1	0
human	EGFR	1XKK	EGFR kinase domain complexed with a quinazoline inhibitor- GW572016	15374980	10.1158/0008-5472.CAN-04-1168	2004	1	0	FMM,PO4	FMM	1	0	0
human	FASN	1XKT	Human fatty acid synthase: Structure and substrate selectivity of the thioesterase domain	15507492	10.1073/pnas.0406901101	2004	1	0			0	0	0
human	CFTR	1XMI	Crystal structure of human F508A NBD1 domain with ATP	15528182	10.1074/jbc.M410968200	2005	1	0	ATP,MG	ATP,MG	2	1	0
human	CFTR	1XMJ	Crystal structure of human deltaF508 human NBD1 domain with ATP	15528182	10.1074/jbc.M410968200	2005	1	0	ATP,MG	ATP,MG	2	1	0
human	BIRC5	1XOX	SOLUTION STRUCTURE OF HUMAN SURVIVIN	15628841	10.1021/bi0485171	2005	1	0	ZN	ZN	1	1	0
human	HSPA1A	1XQS	Crystal structure of the HspBP1 core domain complexed with the fragment of Hsp70 ATPase domain	15694338	10.1016/j.molcel.2004.12.023	2005	2	0	AMP	AMP	1	1	1
human	FRS2	1XR0	Structural Basis of SNT PTB Domain Interactions with Distinct Neurotrophic Receptors	11090629	10.1016/S1097-2765(05)00087-0	2000	2	0			0	0	1
human	UCK2	1XRJ	Rapid structure determination of human uridine-cytidine kinase 2 using a conventional laboratory X-ray source and a single samarium derivative	15735337	10.1107/S0907444904032937	2005	1	0	ADP,C5P,MG	ADP,C5P,MG	3	1	0
PSEPK	pqqB	1XTO	Crystal Structure of the Coenzyme PQQ Synthesis Protein (PqqB) from Pseudomonas putida, Northeast Structural Genomics Target PpR6				1	0	ZN	ZN	1	1	0
human	HSD11B1	1XU7	Crystal Structure of the Interface Open Conformation of Tetrameric 11b-HSD1	15513927	10.1074/jbc.M411104200	2005	1	0	CPS,NDP	CPS,NDP	2	1	0
human	HSD11B1	1XU9	Crystal Structure of the Interface Closed Conformation of 11b-hydroxysteroid dehydrogenase isozyme 1	15513927	10.1074/jbc.M411104200	2005	1	0	MES,CPS,NDP	CPS,NDP	2	1	0
ACET2	P10478	1XYZ	A COMMON PROTEIN FOLD AND SIMILAR ACTIVE SITE IN TWO DISTINCT FAMILIES OF BETA-GLYCANASES	7664125	10.1038/nsb0795-569	1995	1	0			0	0	0
METEA	fae	1Y5Y	Structure of the tetrahydromethanopterin dependent formaldehyde-activating enzyme (Fae) from Methylobacterium extorquens AM1	15632161	10.1074/jbc.M412320200	2005	1	0	NA,CA	CA	1	0	0
METEA	fae	1Y60	Structure of the tetrahydromethanopterin dependent formaldehyde-activating enzyme (Fae) from Methylobacterium extorquens AM1 with bound 5,10-methylene tetrahydromethanopterin	15632161	10.1074/jbc.M412320200	2005	1	0	H4M	H4M	1	0	0
human	DLAT	1Y8N	Crystal structure of the PDK3-L2 complex	15861126	10.1038/sj.emboj.7600663	2005	2	0	RED,K	RED	1	0	1
human	DLAT	1Y8O	Crystal structure of the PDK3-L2 complex	15861126	10.1038/sj.emboj.7600663	2005	2	0	RED,ADP,K,MG	RED,ADP,MG	3	1	1
human	DLAT	1Y8P	Crystal structure of the PDK3-L2 complex	15861126	10.1038/sj.emboj.7600663	2005	2	0	RED,ATP,K,MG	RED,ATP,MG	3	1	1
yeast	GCN5	1YGH	HAT DOMAIN OF GCN5 FROM SACCHAROMYCES CEREVISIAE	10430873	10.1073/pnas.96.16.8931	1999	1	0	GOL		0	0	0
human	THBS2	1YO8	Structure of the C-terminal domain of human thrombospondin-2	16186819	10.1038/nsmb997	2005	1	0	CA,NAG	CA,NAG	2	0	0
human	TYMS	1YPV	Structure of human thymidylate synthase at low salt conditions	15858273	10.1107/S0907444905005895	2005	1	0	PO4		0	0	0
human	FDPS	1YQ7	Human farnesyl diphosphate synthase complexed with risedronate				1	0	MG,PO4,RIS	MG,RIS	2	0	0
human	PNP	1YRY	Crystal structure of human PNP complexed with MESG	16154528	10.1016/j.abb.2005.07.021	2005	1	0	MSG,SO4	MSG	1	0	0
human	FDPS	1YV5	Human farnesyl diphosphate synthase complexed with Mg and risedronate	16684881	10.1073/pnas.0601643103	2006	1	0	MG,PO4,RIS	MG,RIS	2	0	0
human	EGFR	1YY9	Structure of the extracellular domain of the epidermal growth factor receptor in complex with the Fab fragment of cetuximab/Erbitux/IMC-C225	15837620	10.1016/j.ccr.2005.03.003	2005	3	0	NAG	NAG	1	0	1
human	SPR	1Z6Z	Crystal Structure of Human Sepiapterin Reductase in complex with NADP+				1	0	SO4,CL,NAP	NAP	1	1	0
human	EGFR	1Z9I	A Structural Model for the Membrane-Bound Form of the Juxtamembrane Domain of the Epidermal Growth Factor Receptor	15840573	10.1074/jbc.M502698200	2005	1	0			0	0	0
human	HSD17B4	1ZBQ	Crystal Structure Of Human 17-Beta-Hydroxysteroid Dehydrogenase Type 4 In Complex With NAD				1	0	NAD	NAD	1	1	0
PSEAI	merA	1ZK7	Crystal Structure of Tn501 MerA	16114877	10.1021/bi050519d	2005	1	0	GOL,FAD,SO4	FAD	1	1	0
FELCA	CH1	1ZKR	Crystal structure of the major cat allergen Fel d 1 (1+2)				1	0			0	0	0
FELCA	CH2	1ZKR	Crystal structure of the major cat allergen Fel d 1 (1+2)				1	0			0	0	0
BPT4	9	1ZKU	Fitting of the gp9 structure in the EM density of bacteriophage T4 extended tail	16116440	10.1038/nsmb975	2005	1	0	EPE		0	0	0
human	ANOS1	1ZLG	Solution structure of the extracellular matrix protein anosmin-1	15949815	10.1016/j.jmb.2005.04.031	2005	1	0			0	0	0
human	GART	1ZLX	The apo structure of human glycinamide ribonucleotide transformylase	16026156	10.1021/bi050307g	2005	1	0	GOL		0	0	0
human	GART	1ZLY	The structure of human glycinamide ribonucleotide transformylase in complex with alpha,beta-N-(hydroxyacetyl)-D-ribofuranosylamine and 10-formyl-5,8,dideazafolate	16026156	10.1021/bi050307g	2005	1	0	GRF,DQB	GRF,DQB	2	0	0
human	GAPDH	1ZNQ	Crystal Structure of Human Liver GAPDH				1	0	NAD	NAD	1	1	0
human	FDPS	1ZW5	X-ray structure of Farnesyl diphosphate synthase protein	16684881	10.1073/pnas.0601643103	2006	1	0	ZOL,IPE,MG	ZOL,IPE,MG	3	0	0
human	DBT	1ZWV	Solution Structure of the subunit binding domain (hbSBD) of the human mitochondrial branched-chain alpha-ketoacid dehydrogenase				1	0			0	0	0
PSEAI	merA	1ZX9	Crystal Structure of Tn501 MerA	16114877	10.1021/bi050519d	2005	1	0	FAD	FAD	1	1	0
human	PDHX	1ZY8	The crystal structure of dihydrolipoamide dehydrogenase and dihydrolipoamide dehydrogenase-binding protein (didomain) subcomplex of human pyruvate dehydrogenase complex.	16263718	10.1074/jbc.M507850200	2006	2	0	FAD	FAD	1	1	1
human	ABL1	1ZZP	Solution structure of the F-actin binding domain of Bcr-Abl/c-Abl	16109371	10.1016/j.molcel.2005.06.030	2005	1	0			0	0	0
ACISB	cas12a	22FN	Cryo-EM structure of AsCas12a in complex with crDNA and RNA target	42067668	10.1038/s41587-026-03120-5	2026	1	2			0	0	1
rat	Ratn1	2A2G	THE CRYSTAL STRUCTURES OF A2U-GLOBULIN AND ITS COMPLEX WITH A HYALINE DROPLET INDUCER.	10089305	10.1107/S0907444998017211	1999	1	0	LEO	LEO	1	0	0
rat	Ratn1	2A2U	THE CRYSTAL STRUCTURES OF A2U-GLOBULIN AND ITS COMPLEX WITH A HYALINE DROPLET INDUCER.	10089305	10.1107/S0907444998017211	1999	1	0			0	0	0
human	C3	2A73	Human Complement Component C3	16177781	10.1038/nature04005	2005	2	0			0	0	1
human	C3	2A74	Human Complement Component C3c	16177781	10.1038/nature04005	2005	3	0	NO3,GOL		0	0	1
human	BPGM	2A9J	Human bisphosphoglycerate mutase complexed with 3-phosphoglycerate (17 days)	17052986	10.1074/jbc.M606421200	2006	1	0	3PG	3PG	1	0	0
human	GSR	2AAQ	Crystal Structure Analysis of the human Glutahione Reductase, complexed with GoPI	16493712	10.1002/anie.200502756	2006	1	0	GOL,AU,AUP,FAD,K,CL,PO4	AU,AUP,FAD	3	1	0
human	ABL1	2ABL	SH3-SH2 DOMAIN FRAGMENT OF HUMAN BCR-ABL TYROSINE KINASE	8805596	10.1016/S0969-2126(96)00116-5	1996	1	0			0	0	0
DROME	CG33453	2AF9	Crystal Structure analysis of GM2-Activator protein complexed with phosphatidylcholine	16216074	10.1021/bi050668w	2005	1	0	IPA,DAO,MYR,OLA	IPA,DAO,OLA	3	0	0
human	GM2A	2AF9	Crystal Structure analysis of GM2-Activator protein complexed with phosphatidylcholine	16216074	10.1021/bi050668w	2005	1	0	IPA,DAO,MYR,OLA	IPA,DAO,OLA	3	0	0
DROME	CG33453	2AG2	Crystal Structure Analysis of GM2-activator protein complexed with Phosphatidylcholine	16216074	10.1021/bi050668w	2005	1	0	DAO,MYR,OLA,CH5,IPA,LP3,EPE,CL	DAO,OLA,CH5,IPA,LP3	5	0	0
human	GM2A	2AG2	Crystal Structure Analysis of GM2-activator protein complexed with Phosphatidylcholine	16216074	10.1021/bi050668w	2005	1	0	DAO,MYR,OLA,CH5,IPA,LP3,EPE,CL	DAO,OLA,CH5,IPA,LP3	5	0	0
DROME	CG33453	2AG4	Crystal Structure Analysis of GM2-activator protein complexed with phosphatidylcholine	16216074	10.1021/bi050668w	2005	1	0	LP3,OLA,IPA	LP3,OLA,IPA	3	0	0
human	GM2A	2AG4	Crystal Structure Analysis of GM2-activator protein complexed with phosphatidylcholine	16216074	10.1021/bi050668w	2005	1	0	LP3,OLA,IPA	LP3,OLA,IPA	3	0	0
DROME	CG33453	2AG9	Crystal Structure of the Y137S mutant of GM2-Activator Protein	16216074	10.1021/bi050668w	2005	1	0	MYR,IPA	IPA	1	0	0
human	GM2A	2AG9	Crystal Structure of the Y137S mutant of GM2-Activator Protein	16216074	10.1021/bi050668w	2005	1	0	MYR,IPA	IPA	1	0	0
ECOLI	SecG	2AKH	Normal mode-based flexible fitted coordinates of a non-translocating SecYEG protein-conducting channel into the cryo-EM map of a SecYEG-nascent chain-70S ribosome complex from E. coli	16292303	10.1038/nature04133	2005	3	0			0	0	1
ECOLI	SecG	2AKI	Normal mode-based flexible fitted coordinates of a translocating SecYEG protein-conducting channel into the cryo-EM map of a SecYEG-nascent chain-70S ribosome complex from E. coli	16292303	10.1038/nature04133	2005	3	0			0	0	1
human	CDKN1B	2AST	Crystal structure of Skp1-Skp2-Cks1 in complex with a p27 peptide	16209941	10.1016/j.molcel.2005.09.003	2005	4	0	BEN	BEN	1	0	1
human	DHODH	2B0M	Human dihydroorotate dehydrogenase bound to a novel inhibitor	16406782	10.1016/j.bmcl.2005.12.029	2006	1	0	FMN,ORO,201	FMN,ORO,201	3	1	0
ACET2	Q01866	2B59	The type II cohesin dockerin complex	16384918	10.1073/pnas.0507109103	2006	2	0	CA	CA	1	0	1
ACET2	cipA	2B59	The type II cohesin dockerin complex	16384918	10.1073/pnas.0507109103	2006	2	0	CA	CA	1	0	1
human	CFTR	2BBO	Human NBD1 with Phe508	19944699	10.1016/j.jmb.2009.11.051	2010	1	0	ATP,MG	ATP,MG	2	1	0
human	CFTR	2BBS	Human deltaF508 NBD1 with three solubilizing mutations	19944699	10.1016/j.jmb.2009.11.051	2010	1	0	ATP,MG	ATP,MG	2	1	0
human	CFTR	2BBT	Human deltaF508 NBD1 with two solublizing mutations.	19944699	10.1016/j.jmb.2009.11.051	2010	1	0	MG,ATP	MG,ATP	2	1	0
human	TERT	2BCK	Crystal Structure of HLA-A*2402 Complexed with a telomerase peptide	16323248	10.1002/eji.200535424	2006	3	0	GOL,SO4		0	0	1
human	HSD11B1	2BEL	Structure of human 11-beta-hydroxysteroid dehydrogenase in complex with NADP and carbenoxolone				1	0	CL,CBO,NAP	CBO,NAP	2	1	0
human	G6PD	2BH9	X-RAY STRUCTURE OF A DELETION VARIANT OF HUMAN GLUCOSE 6-PHOSPHATE DEHYDROGENASE COMPLEXED WITH STRUCTURAL AND COENZYME NADP	15858258	10.1107/S0907444905002350	2005	1	0	NAP,GOL	NAP	1	1	0
human	G6PD	2BHL	X-RAY STRUCTURE OF HUMAN GLUCOSE-6-PHOSPHATE DEHYDROGENASE (DELETION VARIANT) COMPLEXED WITH GLUCOSE-6-PHOSPHATE	15858258	10.1107/S0907444905002350	2005	1	0	BG6,GOL	BG6	1	0	0
rat	Pfkfb4	2BIF	6-PHOSPHOFRUCTO-2-KINASE/FRUCTOSE-2,6-BISPHOSPHATASE H256A MUTANT WITH F6P IN PHOSPHATASE ACTIVE SITE	9890980	10.1074/jbc.274.4.2176	1999	1	0	SIN,ANP,PO4,MG,F6P,BOG	SIN,ANP,MG,F6P	4	1	0
human	P4HB	2BJX	PROTEIN DISULFIDE ISOMERASE	10383197	10.1023/A:1008341820489	1999	1	0			0	0	0
ACET2	P71143	2BM3	Structure of the Type II cohesin from Clostridium thermocellum SdbA	15913653	10.1016/J.JMB.2005.04.037	2005	1	0	IPA	IPA	1	0	0
BPT4	wac	2BSG	The modeled structure of fibritin (gpwac) of bacteriophage T4 based on cryo-EM reconstruction of the extended tail of bacteriophage T4	16116440	10.1038/NSMB975	2005	1	0			0	0	0
human	DHODH	2BXV	Dual binding mode of a novel series of DHODH inhibitors	16480261	10.1021/jm0506975	2006	1	0	3FT,ORO,FMN,ACT,SO4	3FT,ORO,FMN	3	1	0
human	OAT	2BYJ	Ornithine aminotransferase mutant Y85I	16096275	10.1074/JBC.M506977200	2005	1	0	PLP	PLP	1	1	0
human	OAT	2BYL	Structure of ornithine aminotransferase triple mutant Y85I Y55A G320F	16096275	10.1074/JBC.M506977200	2005	1	0	PLP	PLP	1	1	0
human	SCP2	2C0L	TPR DOMAIN OF HUMAN PEX5P IN COMPLEX WITH HUMAN MSCP2	17157249	10.1016/J.MOLCEL.2006.10.024	2006	2	0			0	0	1
human	CASP8	2C2Z	Crystal structure of caspase-8 in complex with aza-peptide Michael acceptor inhibitor	16970398	10.1021/JM0601405	2006	3	0	DTD	DTD	1	0	1
METEA	mxaG	2C8S	CYTOCHROME CL FROM METHYLOBACTERIUM EXTORQUENS	16414073	10.1016/J.JMB.2005.12.055	2006	1	0	CA,HEM	CA,HEM	2	1	0
human	OAT	2CAN	HUMAN ORNITHINE AMINOTRANSFERASE COMPLEXED WITH L-CANALINE	9309222	10.1016/S0969-2126(97)00258-X	1997	1	0	CAN,PLP	CAN,PLP	2	1	0
HYPJE	cbh1	2CBH	DETERMINATION OF THE THREE-DIMENSIONAL STRUCTURE OF THE C-TERMINAL DOMAIN OF CELLOBIOHYDROLASE I FROM TRICHODERMA REESEI. A STUDY USING NUCLEAR MAGNETIC RESONANCE AND HYBRID DISTANCE GEOMETRY-DYNAMICAL SIMULATED ANNEALING	2554967	10.1021/bi00444a016	1989	1	0			0	0	0
ACET2	cipA	2CCL	THE S45A, T46A MUTANT OF THE TYPE I COHESIN-DOCKERIN COMPLEX FROM THE CELLULOSOME OF CLOSTRIDIUM THERMOCELLUM	17360613	10.1073/PNAS.0611173104	2007	2	0	PO4,CA	CA	1	0	1
human	FTH1	2CEI	Recombinant human H ferritin, K86Q mutant, soaked with Zn	17070541	10.1016/J.JMB.2006.10.010	2007	1	0	ZN	ZN	1	1	0
HYPJE	cbh1	2CEL	ACTIVE-SITE MUTANT E212Q DETERMINED AT PH 6.0 WITH NO LIGAND BOUND IN THE ACTIVE SITE	8951380	10.1006/jmbi.1996.0644	1996	1	0	CA,NAG	CA,NAG	2	0	0
human	PDXP	2CFR	crystal structure of human pyridoxal 5'-phosphate phosphatase				1	0	MG	MG	1	0	0
human	PDXP	2CFS	crystal structure of human pyridoxal 5'-phosphate phosphatase				1	0	MG	MG	1	0	0
human	PDXP	2CFT	Crystal structure of human pyridoxal 5'-phosphate phosphatase with its substrate				1	0	CA,PLP	CA,PLP	2	1	0
human	FASN	2CG5	Structure of aminoadipate-semialdehyde dehydrogenase- phosphopantetheinyl transferase in complex with cytosolic acyl carrier protein and coenzyme A	18022563	10.1016/J.CHEMBIOL.2007.10.013	2007	2	0	PO4,NI,MG,COA	NI,MG,COA	3	1	1
human	FN1	2CG6	Second and third fibronectin type I module pair (crystal form I).	17368672	10.1016/J.JMB.2007.02.061	2007	1	0	SO4		0	0	0
human	FTH1	2CHI	Recombinant human H ferritin, K86Q and E27D mutant	17070541	10.1016/J.JMB.2006.10.010	2007	1	0	GOL,ZN,CA	ZN,CA	2	1	0
human	FTH1	2CIH	Recombinant human H ferritin, K86Q and E27D mutant, soaked with Zn	17070541	10.1016/J.JMB.2006.10.010	2007	1	0	GOL,ZN	ZN	1	1	0
human	MAP3K5	2CLQ	Structure of mitogen-activated protein kinase kinase kinase 5	17937911	10.1016/J.STR.2007.08.011	2007	1	0	STU	STU	1	0	0
human	FTH1	2CLU	Recombinant human H ferritin, K86Q and E107D mutant	17070541	10.1016/J.JMB.2006.10.010	2007	1	0	GOL,ZN,CA	ZN,CA	2	1	0
human	NT5C3A	2CN1	Crystal structure of Human Cytosolic 5'-Nucleotidase III (NT5C3)	17405878	10.1074/JBC.M700917200	2007	1	0			0	0	0
human	FTH1	2CN6	Recombinant human H ferritin, K86Q and E107D mutant, soaked with Zn ions	17070541	10.1016/J.JMB.2006.10.010	2007	1	0	GOL,CA,ZN	CA,ZN	2	1	0
human	FTH1	2CN7	Recombinant human H ferritin, K86Q, E27D and E107D mutant	17070541	10.1016/J.JMB.2006.10.010	2007	1	0	GOL,CA	CA	1	0	0
human	DBT	2COO	Solution structure of the e3_binding domain of dihydrolipoamide branched chaintransacylase				1	0			0	0	0
human	CRISP2	2CQ7	Solution structure of RSGI RUH-032, a cystein-rich domain of CRISP-2 from human cDNA				1	0			0	0	0
human	CASS4	2CRE	Solution structure of RSGI RUH-036, an SH3 domain from human cDNA				1	0			0	0	0
human	RIMBP2	2CSI	Solution structure of the third SH3 domain of human RIM-binding protein 2				1	0			0	0	0
human	RIMBP2	2CSP	Solution structure of the FNIII domain of human RIM-binding protein 2				1	0			0	0	0
human	RIMBP2	2CSQ	Solution structure of the second SH3 domain of human RIM-binding protein 2				1	0			0	0	0
human	HMGCL	2CW6	Crystal Structure of Human HMG-CoA Lyase: Insights into Catalysis and the Molecular Basis for Hydroxymethylglutaric Aciduria	16330550	10.1074/jbc.M506880200	2006	1	0	MG,3HG	MG,3HG	2	0	0
human	MDH2	2DFD	Crystal Structure of Human Malate Dehydrogenase Type 2				1	0	ALA,HIS,NAD,CL,LMR	ALA,HIS,NAD,LMR	4	1	0
human	IDI1	2DHO	Crystal structure of human IPP isomerase I in space group P212121	17137593	10.1016/j.jmb.2006.10.092	2007	1	0	MN,NA,CL	MN	1	1	0
human	PDHX	2DNC	Solution Structure of RSGI RUH-054, a lipoyl domain from human 2-oxoacid dehydrogenase				1	0			0	0	0
human	DLAT	2DNE	Solution Structure of RSGI RUH-058, a lipoyl domain of human 2-oxoacid dehydrogenase				1	0			0	0	0
SALTY	fliI	2DPY	Crystal structure of the flagellar type III ATPase FliI	17202259	10.1073/pnas.0608090104	2007	1	0	ADP	ADP	1	1	0
rat	Echs1	2DUB	ENOYL-COA HYDRATASE COMPLEXED WITH OCTANOYL-COA	9480773	10.1006/jmbi.1997.1491	1998	1	0	CO8	CO8	1	0	0
human	TECR	2DZJ	2DZJ/Solution Structure of the N-terminal Ubiquitin-like Domain in Human Synaptic Glycoprotein SC2				1	0			0	0	0
human	ABL1	2E2B	Crystal structure of the c-Abl kinase domain in complex with INNO-406	17376680	10.1016/j.bmcl.2007.03.002	2007	1	0	406	406	1	0	0
human	HSPA1A	2E88	Crystal structure of the human Hsp70 ATPase domain in the apo form	20179333	10.1107/S0907444909053979	2010	1	0	ZN	ZN	1	1	0
human	HSPA1A	2E8A	Crystal structure of the human Hsp70 ATPase domain in complex with AMP-PNP	20179333	10.1107/S0907444909053979	2010	1	0	ANP,MG	ANP,MG	2	1	0
human	KITLG	2E9W	Crystal structure of the extracellular domain of Kit in complex with stem cell factor (SCF)	17662946	10.1016/j.cell.2007.05.055	2007	2	0	NAG	NAG	1	0	1
human	EGFR	2EB2	Crystal structure of mutated EGFR kinase domain (G719S)	22349823	10.1038/onc.2012.21	2012	1	0			0	0	0
human	EGFR	2EB3	Crystal structure of mutated EGFR kinase domain (L858R) in complex with AMPPNP	22349823	10.1038/onc.2012.21	2012	1	0	ANP	ANP	1	1	0
human	MCCC1	2EJM	Solution structure of RUH-072, an apo-biotnyl domain form human acetyl coenzyme A carboxylase				1	0			0	0	0
FELCA	CH1	2EJN	Structural characterization of the tetrameric form of the major cat allergen fel D 1	17543334	10.1016/j.jmb.2007.04.074	2007	1	0	CA	CA	1	0	0
FELCA	CH2	2EJN	Structural characterization of the tetrameric form of the major cat allergen fel D 1	17543334	10.1016/j.jmb.2007.04.074	2007	1	0	CA	CA	1	0	0
human	PIK3CA	2ENQ	Solution structure of the C2 domain from human PI3-kinase p110 subunit alpha				1	0			0	0	0
human	ARHGAP4	2EPD	Solution structure of SH3 domain in Rho-GTPase-activating protein 4				1	0			0	0	0
rat	Mapk1	2ERK	PHOSPHORYLATED MAP KINASE ERK2	9298898	10.1016/S0092-8674(00)80351-7	1997	1	0			0	0	0
human	FNTA	2F0Y	Crystal Structure Of Human Protein Farnesyltransferase Complexed With Farnesyl Diphosphate and hydantoin derivative				2	0	3MN,FPP,ZN	3MN,FPP,ZN	3	1	1
human	ACAT1	2F2S	Human mitochondrial acetoacetyl-CoA thiolase				1	0	COA,CL	COA	1	1	0
human	ABL1	2F4J	Structure of the Kinase Domain of an Imatinib-Resistant Abl Mutant in Complex with the Aurora Kinase Inhibitor VX-680	16424036	10.1158/0008-5472.CAN-05-2788	2006	1	0	VX6	VX6	1	0	0
human	PDHX	2F5Z	Crystal Structure of Human Dihydrolipoamide Dehydrogenase (E3) Complexed to the E3-Binding Domain of Human E3-Binding Protein	16442803	10.1016/j.str.2006.01.001	2006	2	0	FAD,SO4	FAD	1	1	1
human	PDHX	2F60	Crystal Structure of the Dihydrolipoamide Dehydrogenase (E3)-Binding Domain of Human E3-Binding Protein	16442803	10.1016/j.str.2006.01.001	2006	1	0	GOL		0	0	0
human	FDPS	2F7M	Crystal Structure of Unliganded Human FPPS	16892359	10.1002/cmdc.200500059	2006	1	0	PO4		0	0	0
human	FDPS	2F89	Crystal structure of human FPPS in complex with pamidronate	16892359	10.1002/cmdc.200500059	2006	1	0	210,MN,PO4	210,MN	2	1	0
human	FDPS	2F8C	Crystal structure of FPPS in complex with Zoledronate	16892359	10.1002/cmdc.200500059	2006	1	0	ZOL,MG,PO4	ZOL,MG	2	0	0
human	FDPS	2F8Z	Crystal structure of human FPPS in complex with zoledronate and isopentenyl diphosphate	16892359	10.1002/cmdc.200500059	2006	1	0	ZOL,IPE,MG	ZOL,IPE,MG	3	0	0
human	BPGM	2F90	Crystal structure of bisphosphoglycerate mutase in complex with 3-phosphoglycerate and AlF4-	17052986	10.1074/jbc.M606421200	2006	1	0	ALF,3PG	ALF,3PG	2	0	0
human	FDPS	2F92	Crystal structure of human FPPS in complex with alendronate	16892359	10.1002/cmdc.200500059	2006	1	0	AHD,PO4,ZN	AHD,ZN	2	1	0
human	FDPS	2F94	Crystal structure of human FPPS in complex with ibandronate	16892359	10.1002/cmdc.200500059	2006	1	0	BFQ,PO4,ZN	BFQ,ZN	2	1	0
human	FDPS	2F9K	Crystal structure of human FPPS in complex with Zoledronate and Zn2+	16892359	10.1002/cmdc.200500059	2006	1	0	ZN,PO4,ZOL	ZN,ZOL	2	1	0
human	FGF8	2FDB	Crystal Structure of Fibroblast growth factor (FGF)8b in complex with FGF Receptor (FGFR) 2c	16384934	10.1101/gad.1365406	2006	2	0			0	0	1
human	LPA	2FEB	NMR Solution Structure, Dynamics and Binding Properties of the Kringle IV Type 8 module of apolipoprotein(a)	17263558	10.1021/bi061814g	2007	1	0			0	0	0
human	FTH1	2FHA	HUMAN H CHAIN FERRITIN	9159481	10.1006/jmbi.1997.0970	1997	1	0	CA	CA	1	0	0
BPT4	10	2FKK	Crystal structure of the C-terminal domain of the bacteriophage T4 gene product 10	16554069	10.1016/j.jmb.2006.02.058	2006	1	0	EDO,TRS,PO3,BR	PO3	1	0	0
BPT4	10	2FL8	Fitting of the gp10 trimer structure into the cryoEM map of the bacteriophage T4 baseplate in the hexagonal conformation.	16554069	10.1016/j.jmb.2006.02.058	2006	1	0			0	0	0
BPT4	10	2FL9	Evolution of bacteriophage tails: Structure of T4 gene product 10	16554069	10.1016/j.jmb.2006.02.058	2006	1	0			0	0	0
NEUCR	eas	2FMC	Solution structure of the class I hydrophobin EAS	16537446	10.1073/pnas.0505704103	2006	1	0			0	0	0
human	ABL1	2FO0	Organization of the SH3-SH2 Unit in Active and Inactive Forms of the c-Abl Tyrosine Kinase	16543148	10.1016/j.molcel.2006.01.035	2006	1	0	GOL,P16,MYR	P16	1	0	0
human	DHODH	2FPT	Dual Binding Mode of a Novel Series of DHODH inhibitors	16480261	10.1021/jm0506975	2006	1	0	ILB,ORO,FMN,ACT,SO4	ILB,ORO,FMN	3	1	0
human	DHODH	2FPV	Dual binding mode of a novel series of DHODH inhibitors	16480261	10.1021/jm0506975	2006	1	0	ILC,ORO,FMN,SO4,ACT	ILC,ORO,FMN	3	1	0
human	DHODH	2FPY	Dual binding mode of a novel series of DHODH inhibitors	16480261	10.1021/jm0506975	2006	1	0	ILF,ORO,FMN,SO4,ACT	ILF,ORO,FMN	3	1	0
human	DHODH	2FQI	dual binding modes of a novel series of DHODH inhibitors	16480261	10.1021/jm0506975	2006	1	0	ILH,ORO,FMN,ACT,SO4	ILH,ORO,FMN	3	1	0
human	CASP8	2FUN	alternative p35-caspase-8 complex	16492559	10.1016/j.chembiol.2005.12.007	2006	2	0			0	0	1
rat	Mapk1	2FYS	Crystal structure of Erk2 complex with KIM peptide derived from MKP3	16567630	10.1073/pnas.0510506103	2006	2	0			0	0	1
human	ABL1	2G1T	A Src-like Inactive Conformation in the Abl Tyrosine Kinase Domain	16640460	10.1371/journal.pbio.0040144	2006	2	0	112,MG	112,MG	2	0	1
human	ABL1	2G2F	A Src-like Inactive Conformation in the Abl Tyrosine Kinase Domain	16640460	10.1371/journal.pbio.0040144	2006	2	0	112,AGS	112,AGS	2	1	1
human	ABL1	2G2H	A Src-like Inactive Conformation in the Abl Tyrosine Kinase Domain	16640460	10.1371/journal.pbio.0040144	2006	1	0	P16	P16	1	0	0
human	ABL1	2G2I	A Src-like Inactive Conformation in the Abl Tyrosine Kinase Domain	16640460	10.1371/journal.pbio.0040144	2006	2	0	ADP	ADP	1	1	1
human	PHGDH	2G76	Crystal structure of human 3-phosphoglycerate dehydrogenase				1	0	NAD,MLT	NAD,MLT	2	1	0
yeast	YFH7	2GA8	Crystal structure of YFH7 from Saccharomyces cerevisiae: a putative P-loop containing kinase with a circular permutation.	18004758	10.1002/prot.21740	2007	1	0	HG,SO4,BME	HG	1	0	0
yeast	YFH7	2GAA	Crystal structure of YFH7 from Saccharomyces cerevisiae: a putative P-loop containing kinase with a circular permutation.	18004758	10.1002/prot.21740	2007	1	0	SO4		0	0	0
human	HIBADH	2GF2	Crystal structure of human hydroxyisobutyrate dehydrogenase				1	0			0	0	0
human	GSR	2GH5	Crystal Structure of human Glutathione Reductase complexed with a Fluoro-Analogue of the Menadione Derivative M5	16910673	10.1021/ja061155v	2006	1	0	GOL,FAD,ELI,PO4	FAD,ELI	2	1	0
human	UPF1	2GJK	Structural and functional insights into the human Upf1 helicase core	17159905	10.1038/sj.emboj.7601464	2007	1	0	ANP,MG	ANP,MG	2	1	0
human	HEXA	2GJX	Crystallographic structure of human beta-Hexosaminidase A	16698036	10.1016/j.jmb.2006.04.004	2006	2	0	NAG,SO4	NAG	1	0	1
human	HEXB	2GJX	Crystallographic structure of human beta-Hexosaminidase A	16698036	10.1016/j.jmb.2006.04.004	2006	2	0	NAG,SO4	NAG	1	0	1
human	HEXA	2GK1	X-ray crystal structure of NGT-bound HexA	16698036	10.1016/j.jmb.2006.04.004	2006	5	0	NGT	NGT	1	0	1
human	HEXB	2GK1	X-ray crystal structure of NGT-bound HexA	16698036	10.1016/j.jmb.2006.04.004	2006	5	0	NGT	NGT	1	0	1
human	UPF1	2GK6	Structural and Functional insights into the human Upf1 helicase core	17159905	10.1038/sj.emboj.7601464	2007	1	0	PO4,ADP,MG	ADP,MG	2	1	0
human	UPF1	2GK7	Structural and Functional insights into the human Upf1 helicase core	17159905	10.1038/sj.emboj.7601464	2007	1	0	PO4		0	0	0
ECOLI	gmhB	2GMW	Crystal Structure of D,D-heptose 1.7-bisphosphate phosphatase from E. Coli.	20050699	10.1021/bi901780j	2010	1	0	ZN	ZN	1	1	0
human	C3	2GOX	Crystal structure of Efb-C / C3d Complex	17351618	10.1038/ni1450	2007	2	0			0	0	1
rat	Mapk1	2GPH	Docking motif interactions in the MAP kinase ERK2	16765894	10.1016/j.str.2006.04.006	2006	2	0			0	0	1
human	ABL1	2GQG	X-ray Crystal Structure of Dasatinib (BMS-354825) Bound to Activated ABL Kinase Domain	16740718	10.1158/0008-5472.CAN-05-4187	2006	1	0	GOL,1N1	1N1	1	0	0
human	RASA1	2GQI	Solution structure of the SH3 domain of human Ras GTPase-activating protein 1				1	0			0	0	0
human	EGFR	2GS2	Crystal Structure of the active EGFR kinase domain	16777603	10.1016/j.cell.2006.05.013	2006	1	0			0	0	0
human	EGFR	2GS6	Crystal Structure of the active EGFR kinase domain in complex with an ATP analog-peptide conjugate	16777603	10.1016/j.cell.2006.05.013	2006	2	0	CL,112	112	1	0	1
human	EGFR	2GS7	Crystal Structure of the inactive EGFR kinase domain in complex with AMP-PNP	16777603	10.1016/j.cell.2006.05.013	2006	1	0	IOD,ANP,MG	ANP,MG	2	1	0
human	RASA1	2GSB	Solution structure of the second SH2 domain of human Ras GTPase-activating protein 1				1	0			0	0	0
human	DPYSL2	2GSE	Crystal Structure of Human Dihydropyrimidinease-like 2	17250651	10.1111/j.1471-4159.2006.04401.x	2007	1	0	CA	CA	1	0	0
yeast	PNC1	2H0R	Structure of the Yeast Nicotinamidase Pnc1p	17382284	10.1016/j.abb.2007.01.037	2007	1	0	ZN	ZN	1	1	0
human	BPGM	2H4X	Human bisphosphoglycerate mutase complex with 3-phosphoglycerate with crystal growth 90 days	17052986	10.1074/jbc.M606421200	2006	1	0	3PG	3PG	1	0	0
human	BPGM	2H4Z	Human bisphosphoglycerate mutase complexed with 2,3-bisphosphoglycerate	17052986	10.1074/jbc.M606421200	2006	1	0	DG2	DG2	1	0	0
human	BPGM	2H52	Crystal structure of human bisphosphoglycerate mutase complex with 3-phosphoglycerate (18 days)				1	0	3PG,HAI	3PG,HAI	2	0	0
human	FNTA	2H6F	Protein Farnesyltransferase Complexed with a Farnesylated DDPTASACVLS Peptide Product at 1.5A Resolution	16893176	10.1021/bi060295e	2006	3	0	ZN,FAR,ACY	ZN,FAR	2	1	1
human	FNTA	2H6G	W102T Protein Farnesyltransferase Mutant Complexed with a Geranylgeranylated DDPTASACVLS Peptide Product at 1.85A Resolution	16893176	10.1021/bi060295e	2006	3	0	ZN,GER	ZN,GER	2	1	1
human	FNTA	2H6H	Y365F Protein Farnesyltransferase Mutant Complexed with a Farnesylated DDPTASACVLS Peptide Product at 1.8A	16893176	10.1021/bi060295e	2006	3	0	FAR,ZN,ACY	FAR,ZN	2	1	1
human	FNTA	2H6I	W102T/Y365F Protein Farnesyltransferase Double Mutant Complexed with a Geranylgeranylated DDPTASACVLS Peptide Product at 3.0A	16893176	10.1021/bi060295e	2006	3	0	ZN,GER	ZN,GER	2	1	1
human	HDAC4	2H8N	Structure of a glutamine-rich domain from histone deacetylase 4	17360518	10.1073/pnas.0608041104	2007	1	0			0	0	0
human	HADH	2HDH	BIOCHEMICAL CHARACTERIZATION AND STRUCTURE DETERMINATION OF HUMAN HEART SHORT CHAIN L-3-HYDROXYACYL COA DEHYDROGENASE PROVIDE INSIGHT INTO CATALYTIC MECHANISM	10231530	10.1021/bi9829027	1999	1	0	NAD	NAD	1	1	0
human	BPGM	2HHJ	Human bisphosphoglycerate mutase complexed with 2,3-bisphosphoglycerate (15 days)	17052986	10.1074/jbc.M606421200	2006	1	0	DG2,3PG,HAI	DG2,3PG,HAI	3	0	0
PSEPK	PP_0301	2HLJ	CRYSTAL STRUCTURE OF A PUTATIVE THIOESTERASE (KT2440) FROM PSEUDOMONAS PUTIDA KT2440 AT 2.00 A RESOLUTION				1	0	GOL		0	0	0
human	CWC27	2HQ6	Structure of the Cyclophilin_CeCYP16-Like Domain of the Serologically Defined Colon Cancer Antigen 10 from Homo Sapiens	20676357	10.1371/journal.pbio.1000439	2010	1	0	GOL,IOD		0	0	0
human	GNPNAT1	2HUZ	Crystal structure of GNPNAT1				1	0			0	0	0
human	ECHS1	2HW5	The crystal structure of human enoyl-coenzyme A (CoA) hydratase short chain 1, ECHS1				1	0	MG,COO	MG,COO	2	0	0
human	C3	2I07	Human Complement Component C3b	17051160	10.1038/nature05172	2006	2	0	NAG	NAG	1	0	1
human	ASPA	2I3C	Crystal Structure of an Aspartoacylase from Homo Sapiens	17194761	10.1073/pnas.0607817104	2007	1	0	PO4,ZN	ZN	1	1	0
human	IDI1	2I6K	Crystal structure of human type I IPP isomerase complexed with a substrate analog	17137593	10.1016/j.jmb.2006.10.092	2007	1	0	MG,ACY,EA2,MN	MG,EA2,MN	3	1	0
human	HIBADH	2I9P	Crystal structure of human hydroxyisobutyrate dehydrogenase complexed with NAD+				1	0	NAD	NAD	1	1	0
human	PPP2CA	2IAE	Crystal structure of a protein phosphatase 2A (PP2A) holoenzyme.	17086192	10.1038/nature05351	2007	4	0	MN	MN	1	1	1
human	ACAT1	2IB7	Crystallographic and kinetic studies of human mitochondrial acetoacetyl-CoA thiolase (T2): the importance of potassium and chloride for its structure and function	17371050	10.1021/bi6026192	2007	1	0	CL,GOL,MES		0	0	0
human	ACAT1	2IB8	Crystallographic and kinetic studies of human mitochondrial acetoacetyl-CoA thiolase (T2): the importance of potassium and chloride for its structure and function	17371050	10.1021/bi6026192	2007	1	0	GOL,MES,K,CL		0	0	0
human	ACAT1	2IB9	Crystallographic and kinetic studies of human mitochondrial acetoacetyl-CoA thiolase (T2): the importance of potassium and chloride for its structure and function	17371050	10.1021/bi6026192	2007	1	0	GOL,MES,K,CL		0	0	0
BPT4	wac	2IBL	Crystal structure of a helper molecule (HT-mf-thromb) based on mini-fibritin (mf) crystal structure (pdb:1OX3).	17222867	10.1016/j.jmb.2006.12.046	2007	1	0			0	0	0
BACSU	secA	2IBM	A novel dimer interface and conformational changes revealed by an X-ray structure of B. subtilis SecA	16989859	10.1016/j.jmb.2006.08.044	2006	1	0	ADP	ADP	1	1	0
human	ACAT1	2IBU	Crystallographic and kinetic studies of human mitochondrial acetoacetyl-CoA thiolase (T2): the importance of potassium and chloride for its structure and function	17371050	10.1021/bi6026192	2007	1	0	COA,GOL,CL	COA	1	1	0
human	ACAT1	2IBW	Crystallographic and kinetic studies of human mitochondrial acetoacetyl-CoA thiolase (T2): the importance of potassium and chloride for its structure and function	17371050	10.1021/bi6026192	2007	1	0	CL,K,COA,GOL,MES	COA	1	1	0
human	ACAT1	2IBY	Crystallographic and kinetic studies of human mitochondrial acetoacetyl-CoA thiolase (T2): the importance of potassium and chloride for its structure and function	17371050	10.1021/bi6026192	2007	1	0	CL,COA,MES,GOL,K	COA	1	1	0
human	C3	2ICE	CRIg bound to C3c	17051150	10.1038/nature05263	2006	4	0	CA	CA	1	0	1
human	C3	2ICF	CRIg bound to C3b	17051150	10.1038/nature05263	2006	3	0	NAG,CA	NAG,CA	2	0	1
human	IDI1	2ICJ	The crystal structure of human isopentenyl diphophate isomerase	17250851	10.1016/j.jmb.2006.12.055	2007	1	0	SO4,MG	MG	1	0	0
human	IDI1	2ICK	Human isopentenyl diphophate isomerase complexed with substrate analog	17250851	10.1016/j.jmb.2006.12.055	2007	1	0	DMA,MN	DMA,MN	2	1	0
human	PPP2CA	2IE3	Structure of the Protein Phosphatase 2A Core Enzyme Bound to Tumor-inducing Toxins	17055435	10.1016/j.cell.2006.09.025	2006	3	0	MN	MN	1	1	1
human	PPP2CA	2IE4	Structure of the Protein Phosphatase 2A Core Enzyme Bound to okadaic acid	17055435	10.1016/j.cell.2006.09.025	2006	2	0	MN,OKA	MN,OKA	2	1	1
human	FNTA	2IEJ	Human Protein Farnesyltransferase Complexed with Inhibitor Compound STN-48 And FPP Analog at 1.8A Resolution	17208314	10.1016/j.molbiopara.2006.11.012	2007	2	0	FII,S48,ZN,ACT	FII,S48,ZN	3	1	1
human	ACAA1	2IIK	Crystal Structure of human peroxisomal acetyl-CoA acyl transferase 1 (ACAA1)				1	0			0	0	0
human	HSD11B1	2ILT	Human 11-beta-Hydroxysteroid Dehydrogenase (HSD1) with NADP and Adamantane Sulfone Inhibitor	17070044	10.1016/j.bmcl.2006.10.008	2007	1	0	NAP,NN1,NI	NAP,NN1,NI	3	1	0
human	HSD11B1	2IRW	Human 11-beta-Hydroxysteroid Dehydrogenase (HSD1) with NADP and Adamantane Ether Inhibitor	17110106	10.1016/j.bmcl.2006.10.074	2007	1	0	NN4,NAP	NN4,NAP	2	1	0
human	APEX1	2ISI	Crystal structure of Ape1 from Homo sapiens in a new crystal form complexed with a ligand				1	0	MG,PO4	MG	1	0	0
human	EGFR	2ITN	Crystal structure of EGFR kinase domain G719S mutation in complex with AMP-PNP	17349580	10.1016/J.CCR.2006.12.017	2007	1	0	ANP,MG	ANP,MG	2	1	0
human	EGFR	2ITO	Crystal structure of EGFR kinase domain G719S mutation in complex with Iressa	17349580	10.1016/J.CCR.2006.12.017	2007	1	0	IRE	IRE	1	0	0
human	FTH1	2IU2	Recombinant human H ferritin, K86Q, E27D and E107D mutant, soaked with Zn ions	17070541	10.1016/J.JMB.2006.10.010	2007	1	0	ZN,GOL	ZN	1	1	0
human	PIK3R1	2IUG	Crystal structure of the PI3-kinase p85 N-terminal SH2 domain	8599763	10.1038/NSB0496-364	1996	1	0			0	0	0
human	PIK3R1	2IUH	Crystal structure of the PI3-kinase p85 N-terminal SH2 domain in complex with c-Kit phosphotyrosyl peptide	8599763	10.1038/NSB0496-364	1996	2	0			0	0	1
human	PIK3R1	2IUI	Crystal structure of the PI3-kinase p85 N-terminal SH2 domain in complex with PDGFR phosphotyrosyl peptide	8599763	10.1038/NSB0496-364	1996	2	0			0	0	1
human	UPF1	2IYK	Crystal structure of the UPF2-interacting domain of nonsense mediated mRNA decay factor UPF1	16931876	10.1261/RNA.177606	2006	1	0	ZN	ZN	1	1	0
human	RASA1	2J05	Crystal structure of the RasGAP SH3 domain at 1.5 Angstrom resolution	17188236	10.1016/J.BBRC.2006.12.044	2007	1	0			0	0	0
human	RASA1	2J06	Crystal structure of the RasGAP SH3 domain at 1.8 Angstrom resolution	17188236	10.1016/J.BBRC.2006.12.044	2007	1	0			0	0	0
human	TYMP	2J0F	Structural basis for non-competitive product inhibition in human thymidine phosphorylase: implication for drug design	16803458	10.1042/BJ20060513	2006	1	0	TDR	TDR	1	0	0
human	NT5C2	2J2C	Crystal structure of Human Cytosolic 5'-Nucleotidase II (NT5C2, cN-II)	17405878	10.1074/JBC.M700917200	2007	1	0	MG,SO4,GOL	MG	1	0	0
human	TRAPPC4	2J3T	The crystal structure of the bet3-trs33-bet5-trs23 complex.	17110339	10.1016/J.CELL.2006.09.029	2006	4	0	PLM	PLM	1	0	1
human	QPRT	2JBM	QPRTASE STRUCTURE FROM HUMAN	17868694	10.1016/J.JMB.2007.08.043	2007	1	0	SRT	SRT	1	0	0
human	NT5C2	2JC9	Crystal structure of Human Cytosolic 5'-Nucleotidase II in complex with adenosine	17405878	10.1074/JBC.M700917200	2007	1	0	GOL,MG,ADN,SO4	MG,ADN	2	0	0
human	NT5C2	2JCM	Crystal structure of Human Cytosolic 5'-Nucleotidase II in complex with beryllium trifluoride	17405878	10.1074/JBC.M700917200	2007	1	0	MG,SO4,BEF,UNX	MG,BEF	2	0	0
human	UCK1	2JEO	Crystal structure of human uridine-cytidine kinase 1				1	0			0	0	0
human	FASN	2JFD	Structure of the MAT domain of human FAS	19549604	10.1016/j.chembiol.2009.04.011	2009	1	0			0	0	0
human	FASN	2JFK	Structure of the MAT domain of human FAS with malonyl-CoA				1	0	COA	COA	1	1	0
human	NT5C3A	2JGA	Crystal structure of human cytosolic 5'-nucleotidase III in complex with phosphate and magnesium	17405878	10.1074/JBC.M700917200	2007	1	0	MG,PO4	MG	1	0	0
human	CSAD	2JIS	Human cysteine sulfinic acid decarboxylase (CSAD) in complex with PLP.				1	0	NO3,PLP	PLP	1	1	0
human	PGD	2JKV	Structure of human Phosphogluconate Dehydrogenase in complex with NADPH at 2.53A				1	0	SO4,CL,NAP	NAP	1	1	0
human	AGT	2JP8	Angiotensin 1-7	17904691	10.1016/j.peptides.2007.08.011	2007	1	0			0	0	0
human	CHMP1A	2JQ9	VPS4A MIT-CHMP1A complex	17928862	10.1038/nature06172	2007	2	0			0	0	1
human	TRAPPC4	2JSN	Solution structure of the atypical PDZ-like domain of synbindin	19200043		2009	1	0			0	0	0
PSEPK	putA	2JXI	Solution structure of the DNA-binding domain of Pseudomonas putida Proline utilization A (putA) bound to GTTGCA DNA sequence	18767154	10.1002/prot.22217	2008	1	2			0	0	1
ECOLI	manX	2JZH	structure of IIB domain of the mannose transporter of E. coli	18270202	10.1074/jbc.M800312200	2008	1	0			0	0	0
ECOLI	manX	2JZN	Solution NMR structure of the productive complex between IIAMannose and IIBMannose of the mannose transporter of the E. coli phosphotransferase system	18270202	10.1074/jbc.M800312200	2008	2	0			0	0	1
ECOLI	manX	2JZO	Solution NMR structure of the non-productive complex between IIAMannose and IIBMannose of the mannose transporter of the E. coli phosphotransferase system	18270202	10.1074/jbc.M800312200	2008	2	0			0	0	1
human	P4HB	2K18	Solution structure of bb' domains of human protein disulfide isomerase	19187238	10.1111/j.1742-4658.2009.06884.x	2009	1	0			0	0	0
NEUCR	eas	2K6A	Solution structure of EAS D15 truncation mutant	18674544	10.1016/j.jmb.2008.07.034	2008	1	0			0	0	0
human	CASP8	2K7Z	Solution Structure of the Catalytic Domain of Procaspase-8	19278658	10.1016/j.str.2008.12.019	2009	1	0			0	0	0
yeast	SHQ1	2K8Q	NMR Structure of Shq1p N-terminal domain	19426738	10.1016/j.jmb.2009.04.076	2009	1	0			0	0	0
BPT4	wac	2KBL	NMR Structure of a Monomeric Folding Intermediate Reveals the Structural Basis for Rapid Assembly of an Evolutionary Optimized Trimerization Module	19361528	10.1016/j.jmb.2009.03.073	2009	1	0			0	0	0
human	ILK	2KBX	Solution structure of ILK-PINCH complex				2	0	ZN	ZN	1	1	1
PSEAI	merA	2KT2	Structure of NmerA, the N-terminal HMA domain of Tn501 Mercuric Reductase	20828160	10.1021/bi100537f	2010	1	0			0	0	0
PSEAI	merA	2KT3	Structure of Hg-NmerA, Hg(II) complex of the N-terminal domain of Tn501 Mercuric Reductase	20828160	10.1021/bi100537f	2010	1	0	HG	HG	1	0	0
ARATH	DRB1	2L2M	Solution structure of the second dsRBD of HYL1	20735118	10.1021/bi100672x	2010	1	0			0	0	0
ARATH	DRB1	2L2N	Backbone 1H, 13C, and 15N Chemical Shift Assignments for the first dsRBD of protein HYL1	20735118	10.1021/bi100672x	2010	1	0			0	0	0
human	ABRACL	2L2O	Solution structure of human HSPC280 protein	21082705	10.1002/pro.548	2011	1	0			0	0	0
human	ZBP1	2L4M	Solution structure of the Zbeta domain of human DAI and its binding modes to B- and Z-DNA			2011	1	0			0	0	0
SCHPO	dcr1	2L6M	Structure of C-terminal dsRBD of the Fission Yeast DICER (Dcr1)	21847092	10.1038/emboj.2011.300	2011	1	0	ZN	ZN	1	1	0
mouse	Musm1	2LB6	Structure of 18694Da MUP, typical to the major urinary protein family: MUP9, MUP11, MUP15, MUP18 & MUP19				1	0			0	0	0
human	HTT	2LD0	Solution structure of the N-terminal domain of huntingtin (htt17) in 50 % TFE	23931318	10.1016/j.bpj.2013.06.030	2013	1	0			0	0	0
human	HTT	2LD2	Solution structure of the N-terminal domain of huntingtin (htt17) in presence of DPC micelles	23931318	10.1016/j.bpj.2013.06.030	2013	1	0			0	0	0
human	CPT1A	2LE3	N-terminal regulatory segment of carnitine palmitoyltransferase 1A	21990363	10.1074/jbc.M111.306951	2011	1	0			0	0	0
NEUCR	eas	2LFN	Identification of the key regions that drive functional amyloid formation by the fungal hydrophobin EAS	22308366	10.1073/pnas.1114052109	2012	1	0			0	0	0
human	AIP	2LKN	Solution structure of the PPIase domain of human aryl-hydrocarbon receptor-interacting protein (AIP)	23418784	10.1021/bi301649m	2013	1	0			0	0	0
human	HSPA1A	2LMG	Solution Structure of The C-terminal Domain (537-610) of Human Heat Shock Protein 70	22219199	10.1074/jbc.M111.294728	2012	1	0			0	0	0
human	ZBP1	2LNB	Solution NMR structure of N-terminal domain (6-74) of human ZBP1 protein, Northeast Structural Genomics Consortium Target HR8174A.				1	0			0	0	0
human	CFTR	2LOB	PDZ Domain of CAL (Cystic Fibrosis Transmembrane Regulator-Associated Ligand)	16331976		2005	2	0			0	0	1
EMENI	dewA	2LSH	Solution structure of the class I hydrophobin DewA	23137797	10.1016/j.jmb.2012.10.021	2012	1	0			0	0	0
human	RASA1	2M51	NMR structure of the SH3 domain of human RAS p21 protein activator (GTPase activating protein) 1				1	0			0	0	0
human	CPT1C	2M76	Structure of the Regulatory Domain of Human Brain Carnitine Palmitoyltransferase 1	24037959	10.1002/bip.22396	2014	1	0			0	0	0
human	FRS2	2MFQ	NMR solution structures of FRS2a PTB domain with neurotrophin receptor TrkB	24470253	10.1002/prot.24523	2014	2	0			0	0	1
human	MEFV	2MPC	Solution structure of the pyrin domain of human Pyrin	25006247	10.1074/jbc.M114.553305	2014	1	0			0	0	0
human	USP25	2MUX	SUMO2 non-covalently interacts with USP25 and downregulates its activity				1	0			0	0	0
HYPJE	cbh1	2MWJ	Solution structure of Family 1 Carbohydrate-Binding Module from Trichoderma reesei Cel7A with O-mannose residues at Thr1 and Ser3	26307003	10.1111/febs.13500	2015	1	0	MAN	MAN	1	0	0
HYPJE	cbh1	2MWK	Family 1 Carbohydrate-Binding Module from Trichoderma reesei Cel7A with O-mannose residues at Thr1, Ser3, and Ser14	26307003	10.1111/febs.13500	2015	1	0	MAN	MAN	1	0	0
human	DNAJC5	2N04	Solution Structure of the phosphorylated N-terminal region of Human Cysteine String Protein (CSP)	27452402	10.1016/j.str.2016.06.009	2016	1	0			0	0	0
human	DNAJC5	2N05	Solution Structure of the non-phosphorylated N-terminal region of Human Cysteine String Protein (CSP)	27452402	10.1016/j.str.2016.06.009	2016	1	0			0	0	0
human	CFLAR	2N5R	NMR structure of cFLIP-derived calmodulin binding peptide	26529318	10.1371/journal.pone.0141692	2015	1	0			0	0	0
human	NCSTN	2N7Q	Structure of the transmembrane domain of human nicastrin in SDS micelles	26776682	10.1038/srep19522	2016	1	0			0	0	0
human	NCSTN	2N7R	Structure of the transmembrane domain of human nicastrin in DPC micelles	26776682	10.1038/srep19522	2016	1	0			0	0	0
human	LGALS3	2NMN	Crystal structure of human galectin-3 carbohydrate-recognising domain at 2.45 angstrom resolution	17327679	10.1107/S090744490605270X	2007	1	0			0	0	0
human	LGALS3	2NMO	Crystal structure of human galectin-3 carbohydrate-recognition domain at 1.35 angstrom resolution	17327679	10.1107/S090744490605270X	2007	1	0	GOL,CL		0	0	0
human	LGALS3	2NN8	Crystal structure of human galectin-3 carbohydrate-recognition domain with lactose bound, at 1.35 angstrom resolution	17327679	10.1107/S090744490605270X	2007	1	0	CL,GOL		0	0	0
mouse	Musm1	2NND	The Structural Identification of the Interaction Site and Functional State of RBP for its Membrane Receptor	17991731	10.1096/fj.07-8939com	2008	1	0	PRZ,CD	PRZ,CD	2	0	0
mouse	Musm1	2NNE	The Structural Identification of the Interaction Site and Functional State of RBP for its Membrane Receptor	17991731	10.1096/fj.07-8939com	2008	1	0	GOL,CD	CD	1	0	0
human	C3	2NOJ	Crystal structure of Ehp / C3d complex	17699522	10.1074/jbc.M704247200	2007	2	0			0	0	1
human	PPP2CA	2NPP	Structure of the Protein Phosphatase 2A Holoenzyme	17174897	10.1016/j.cell.2006.11.033	2006	4	0	MN	MN	1	1	1
human	PPP2CA	2NYL	Crystal structure of Protein Phosphatase 2A (PP2A) holoenzyme with the catalytic subunit carboxyl terminus truncated	17174897	10.1016/j.cell.2006.11.033	2006	4	0	MN	MN	1	1	1
human	PPP2CA	2NYM	Crystal Structure of Protein Phosphatase 2A (PP2A) with C-terminus truncated catalytic subunit	17174897	10.1016/j.cell.2006.11.033	2006	4	0	MN	MN	1	1	1
human	HAO1	2NZL	Crystal structure of human hydroxyacid oxidase 1				1	0	GLV,FMN	GLV,FMN	2	1	0
human	SRM	2O05	Human spermidine synthase	17585781	10.1021/bi602498k	2007	1	0	MTA	MTA	1	0	0
human	SRM	2O06	Human spermidine synthase	17585781	10.1021/bi602498k	2007	1	0	PUT,MTA,MG	PUT,MTA,MG	3	0	0
human	SRM	2O07	Human spermidine synthase	17585781	10.1021/bi602498k	2007	1	0	MTA,SPD	MTA,SPD	2	0	0
human	SRM	2O0L	Human spermidine synthase	17585781	10.1021/bi602498k	2007	1	0	S4M	S4M	1	0	0
human	HSD17B10	2O23	The structure of wild-type human HADH2 (17beta-hydroxysteroid dehydrogenase type 10) bound to NAD+ at 1.2 A				1	0	GOL,NAD	NAD	1	1	0
human	GNPNAT1	2O28	Crystal Structure of GNPNAT1				1	0	COA,16G	COA,16G	2	1	0
human	APEX1	2O3H	Crystal structure of the human C65A Ape	18579163	10.1016/j.mrfmmm.2008.04.008	2008	1	0	ACT,SM	SM	1	0	0
human	ASPA	2O4H	Human brain aspartoacylase complex with intermediate analog (N-phosphonomethyl-L-aspartate)	18293939	10.1021/bi702400x	2008	1	0	AS9,ZN	AS9,ZN	2	1	0
human	ASPA	2O53	Crystal structure of apo-Aspartoacylase from human brain	18293939	10.1021/bi702400x	2008	1	0	PO4,ZN	ZN	1	1	0
DANRE	urad	2O70	Structure of OHCU decarboxylase from zebrafish	17428786	10.1074/jbc.M701297200	2007	1	0			0	0	0
DANRE	urad	2O73	Structure of OHCU decarboxylase in complex with allantoin	17428786	10.1074/jbc.M701297200	2007	1	0	2AL	2AL	1	0	0
DANRE	urad	2O74	Structure of OHCU decarboxylase in complex with guanine	17428786	10.1074/jbc.M701297200	2007	1	0	GUN	GUN	1	0	0
human	HDAC4	2O94	The 97H/F mutant Structure of a glutamine-rich domain from histone deacetylase 4	17360518	10.1073/pnas.0608041104	2007	1	0			0	0	0
human	OAT	2OAT	ORNITHINE AMINOTRANSFERASE COMPLEXED WITH 5-FLUOROMETHYLORNITHINE	9878407	10.1006/jmbi.1998.2289	1999	1	0	PFM	PFM	1	0	0
human	DGUOK	2OCP	Crystal Structure of Human Deoxyguanosine Kinase	11427893	10.1038/89661	2001	1	0	DTP	DTP	1	0	0
human	MAPK1	2OJG	Crystal structure of ERK2 in complex with N,N-dimethyl-4-(4-phenyl-1H-pyrazol-3-yl)-1H-pyrrole-2-carboxamide	17300186	10.1021/jm061381f	2007	1	0	19A,SO4	19A	1	0	0
human	MAPK1	2OJI	Crystal structure of ERK2 in complex with N-benzyl-4-(4-(3-chlorophenyl)-1H-pyrazol-3-yl)-1H-pyrrole-2-carboxamide	17300186	10.1021/jm061381f	2007	1	0	33A,SO4	33A	1	0	0
human	MAPK1	2OJJ	Crystal structure of ERK2 in complex with (S)-N-(1-(3-chloro-4-fluorophenyl)-2-hydroxyethyl)-4-(4-(3-chlorophenyl)-1H-pyrazol-3-yl)-1H-pyrrole-2-carboxamide	17300186	10.1021/jm061381f	2007	1	0	82A,SO4	82A	1	0	0
human	GLUL	2OJW	Crystal structure of human glutamine synthetase in complex with ADP and phosphate	18005987	10.1016/j.jmb.2007.10.029	2008	1	0	MN,PO4,CL,ADP,GOL	MN,ADP	2	1	0
human	GAD1	2OKJ	The X-ray crystal structure of the 67kDa isoform of Glutamic Acid Decarboxylase (GAD67)	17384644	10.1038/nsmb1228	2007	1	0	ABU,PLZ	ABU,PLZ	2	0	0
human	ODC1	2ON3	A structural insight into the inhibition of human and Leishmania donovani ornithine decarboxylases by 3-aminooxy-1-aminopropane	17407445	10.1042/BJ20070188	2007	1	0	XAP	XAP	1	0	0
human	TYMS	2ONB	Human Thymidylate Synthase at low salt conditions with PDPA bound	17297914	10.1021/bi061309j	2007	1	0	7PA,EDO,SO4	7PA	1	0	0
human	ODC1	2OO0	A structural insight into the inhibition of human and Leishmania donovani ornithine decarboxylases by 3-aminooxy-1-aminopropane	17407445	10.1042/BJ20070188	2007	1	0	N2P,XAP,PLP,ACT	N2P,XAP,PLP	3	1	0
worm	hsp-4	2OP6	Peptide-binding domain of Heat shock 70 kDa protein D precursor from C.elegans				1	0			0	0	0
human	FDPS	2OPM	Human Farnesyl Diphosphate Synthase Complexed with Bisphosphonate BPH-461	19309137	10.1021/ja808285e	2009	1	0	PO4,MG,NI9	MG,NI9	2	0	0
human	FDPS	2OPN	Human Farnesyl Diphosphate Synthase Complexed with Bisphosphonate BPH-527				1	0	SUF,PO4,MG	SUF,MG	2	0	0
human	IL21	2OQP	Solution structure of human interleukin-21	17565991	10.1074/jbc.M701313200	2007	1	0			0	0	0
human	PDXP	2OYC	Crystal structure of human pyridoxal phosphate phosphatase	18058037	10.1007/s10969-007-9036-1	2007	1	0	WO4,NA	WO4	1	1	0
human	SYN3	2P0A	The crystal structure of human synapsin III (SYN3) in complex with AMPPNP				1	0	EDO,ANP,SO4,CL	ANP	1	1	0
human	PDXP	2P27	Crystal Structure of Human Pyridoxal Phosphate Phosphatase with Mg2+ at 1.9 A resolution	18058037	10.1007/s10969-007-9036-1	2007	1	0	MG	MG	1	0	0
human	PDXP	2P69	Crystal Structure of Human Pyridoxal Phosphate Phosphatase with PLP	18058037	10.1007/s10969-007-9036-1	2007	1	0	PLP,CA	PLP,CA	2	1	0
human	PRDX4	2PN8	Crystal structure of human peroxiredoxin 4 (thioredoxin peroxidase)				1	0			0	0	0
human	DLAT	2PNR	Crystal Structure of the asymmetric Pdk3-l2 Complex	17532006	10.1016/j.jmb.2007.04.083	2007	2	0	RED	RED	1	0	1
ANOGA	D7r4	2PQL	Crystal Structure of Anopheles gambiae D7R4-tryptamine complex	17928288	10.1074/jbc.M706410200	2007	1	0	TSS	TSS	1	0	0
human	DHODH	2PRH	The structures of apo- and inhibitor bound human dihydroorotate dehydrogenase reveal conformational flexibility within the inhibitor binding site	18672895	10.1021/bi8003318	2008	1	0	DDQ,238,ORO,FMN	238,ORO,FMN	3	1	0
human	DHODH	2PRL	The structures of apo- and inhibitor bound human dihydroorotate dehydrogenase reveal conformational flexibility within the inhibitor binding site	18672895	10.1021/bi8003318	2008	1	0	DDQ,R2C,ORO,FMN,ACT,SO4	R2C,ORO,FMN	3	1	0
human	DHODH	2PRM	The structures of apo- and inhibitor bound human dihydroorotate dehydrogenase reveal conformational flexibility within the inhibitor binding site	18672895	10.1021/bi8003318	2008	1	0	ORO,FMN	ORO,FMN	2	1	0
mouse	F2rl2	2PUX	Crystal structure of murine thrombin in complex with the extracellular fragment of murine PAR3	17606903	10.1073/pnas.0704409104	2007	3	0	NAG	NAG	1	0	1
human	FASN	2PX6	Crystal structure of the thioesterase domain of human fatty acid synthase inhibited by Orlistat	17618296	10.1038/nsmb1265	2007	1	0	DTT,DH9	DH9	1	0	0
human	CFTR	2PZE	Minimal human CFTR first nucleotide binding domain as a head-to-tail dimer	20150177	10.1093/protein/gzq004	2010	1	0	ATP,MG	ATP,MG	2	1	0
human	CFTR	2PZF	Minimal human CFTR first nucleotide binding domain as a head-to-tail dimer with delta F508	20150177	10.1093/protein/gzq004	2010	1	0	ATP,MG	ATP,MG	2	1	0
human	CFTR	2PZG	Minimal human CFTR first nucleotide binding domain as a monomer	20150177	10.1093/protein/gzq004	2010	1	0	GOL,ATP,MG	ATP,MG	2	1	0
human	HMGCR	2Q1L	Design and Synthesis of Pyrrole-based, Hepatoselective HMG-CoA Reductase Inhibitors	17574412	10.1016/j.bmcl.2007.05.096	2007	1	0	882	882	1	0	0
human	ASPA	2Q51	Ensemble refinement of the protein crystal structure of an aspartoacylase from Homo sapiens	17850744	10.1016/j.str.2007.06.019	2007	1	0	ZN,PO4	ZN	1	1	0
human	HMGCR	2Q6B	Design and synthesis of novel, conformationally restricted HMG-COA reductase inhibitors	17574411	10.1016/j.bmcl.2007.05.097	2007	1	0	SO4,HR2	HR2	1	0	0
human	HMGCR	2Q6C	Design and synthesis of novel, conformationally restricted HMG-COA reductase inhibitors	17574411	10.1016/j.bmcl.2007.05.097	2007	1	0	SO4,HR1	HR1	1	0	0
human	GGPS1	2Q80	Crystal structure of human geranylgeranyl pyrophosphate synthase bound to GGPP	16698791	10.1074/jbc.M602603200	2006	1	0	GRG,MG	GRG,MG	2	0	0
human	DLAT	2Q8I	Pyruvate dehydrogenase kinase isoform 3 in complex with antitumor drug radicicol	17683942	10.1016/j.str.2007.07.001	2007	2	0	RED,GOL,RDC,K	RED,RDC	2	0	1
human	CYP46A1	2Q9F	Crystal structure of human cytochrome P450 46A1 in complex with cholesterol-3-sulphate	18621681	10.1073/pnas.0803717105	2008	1	0	GOL,C3S,HEM,PO4	C3S,HEM	2	1	0
human	CYP46A1	2Q9G	Crystal structure of human cytochrome P450 46A1	18621681	10.1073/pnas.0803717105	2008	1	0	GOL,HEM	HEM	1	1	0
human	GLUL	2QC8	Crystal structure of human glutamine synthetase in complex with ADP and methionine sulfoximine phosphate	18005987	10.1016/j.jmb.2007.10.029	2008	1	0	P3S,ADP,CL,MN	P3S,ADP,MN	3	1	0
ANOGA	D7r4	2QEB	Crystal Structure of Anopheles Gambiae D7R4-Histamine Complex	17928288	10.1074/jbc.M706410200	2007	1	0	GOL,HSM	HSM	1	0	0
ANOGA	D7r4	2QEH	Crystal Structure of Anopheles gambiae D7r4-serotonin complex	17928288	10.1074/jbc.M706410200	2007	1	0	SRO	SRO	1	0	0
ANOGA	D7r4	2QEO	Crystal Structure of Anopheles gambiae D7R4-norepinephrine complex	17928288	10.1074/jbc.M706410200	2007	1	0	LNR	LNR	1	0	0
human	PTPRN2	2QEP	Crystal structure of the D1 domain of PTPRN2 (IA2beta)	19167335	10.1016/j.cell.2008.11.038	2009	1	0	CL		0	0	0
ANOGA	D7r4	2QEV	Crystal Structure of Anopheles gambiae D7r4	17928288	10.1074/jbc.M706410200	2007	1	0			0	0	0
human	BIRC5	2QFA	Crystal structure of a Survivin-Borealin-INCENP core complex	17956729	10.1016/j.cell.2007.07.045	2007	3	0	MES,ZN	ZN	1	1	1
human	FDPS	2QIS	Crystal structure of human farnesyl pyrophosphate synthase T210S mutant bound to risedronate				1	0	MG,RIS	MG,RIS	2	0	0
human	GART	2QK4	Human glycinamide ribonucleotide synthetase	20631005	10.1093/nar/gkq595	2010	1	0	CL,SO4,ATP,GOL	ATP	1	1	0
human	C3	2QKI	Human C3c in complex with the inhibitor compstatin	17684013	10.1074/jbc.M704587200	2007	4	0	GOL,BR,K		0	0	1
human	CASP7	2QL5	Crystal Structure of caspase-7 with inhibitor AC-DMQD-CHO	17697120	10.1111/j.1742-4658.2007.05994.x	2007	4	0	CIT	CIT	1	0	1
human	CASP7	2QL7	Crystal Structure of Caspase-7 with inhibitor AC-IEPD-CHO	17697120	10.1111/j.1742-4658.2007.05994.x	2007	4	0	CIT	CIT	1	0	1
human	CASP7	2QL9	Crystal Structure of Caspase-7 with inhibitor AC-DQMD-CHO	17697120	10.1111/j.1742-4658.2007.05994.x	2007	4	0	CIT	CIT	1	0	1
human	CASP7	2QLB	Crystal Structure of caspase-7 with inhibitor AC-ESMD-CHO	17697120	10.1111/j.1742-4658.2007.05994.x	2007	4	0	CIT	CIT	1	0	1
human	CASP7	2QLF	Crystal Structure of Caspase-7 with inhibitor AC-DNLD-CHO	17697120	10.1111/j.1742-4658.2007.05994.x	2007	4	0			0	0	1
human	CASP7	2QLJ	Crystal Structure of Caspase-7 with Inhibitor AC-WEHD-CHO	17697120	10.1111/j.1742-4658.2007.05994.x	2007	4	0	CIT	CIT	1	0	1
human	AADAT	2QLR	Crystal structure of human kynurenine aminotransferase II	18056995	10.1074/jbc.M708358200	2008	1	0	GOL		0	0	0
human	MTRR	2QTL	Crystal Structure of the FAD-containing FNR-like Module of Human Methionine Synthase Reductase	17892308	10.1021/bi701209p	2007	1	0	FAD	FAD	1	1	0
human	MTRR	2QTZ	Crystal Structure of the NADP+-bound FAD-containing FNR-like Module of Human Methionine Synthase Reductase	17892308	10.1021/bi701209p	2007	1	0	NAP,FAD	NAP,FAD	2	1	0
human	GCDH	2R0M	The effect of a Glu370Asp Mutation in Glutaryl-CoA Dehydrogenase on Proton Transfer to the Dienolate Intermediate	18020372	10.1021/bi7009597	2007	1	0	4NI,FAD	4NI,FAD	2	1	0
human	GCDH	2R0N	The effect of a Glu370Asp mutation in Glutaryl-CoA Dehydrogenase on Proton Transfer to the Dienolate Intermediate	18020372	10.1021/bi7009597	2007	1	0	TGC,FAD	TGC,FAD	2	1	0
human	AADAT	2R2N	The crystal structure of human kynurenine aminotransferase II in complex with kynurenine	18056995	10.1074/jbc.M708358200	2008	1	0	GOL,KYN,PMP	KYN,PMP	2	0	0
human	HMGCR	2R4F	Substituted Pyrazoles as Hepatselective HMG-COA reductase inhibitors	18072721	10.1021/jm070849r	2008	1	0	RIE,SO4	RIE	1	0	0
human	FDPS	2RAH	Human FDPS synthase in complex with novel inhibitor				1	0	11P,SO4,MG	11P,MG	2	0	0
human	BIRC5	2RAW	Crystal structure of the Borealin-Survivin complex	17881355	10.1074/jbc.M706233200	2007	2	0	ZN	ZN	1	1	1
human	BIRC5	2RAX	Crystal structure of Borealin (20-78) bound to Survivin (1-120)	17881355	10.1074/jbc.M706233200	2007	2	0	ZN	ZN	1	1	1
human	HSD11B1	2RBE	The discovery of 2-anilinothiazolones as 11beta-HSD1 inhibitors	17919905	10.1016/j.bmcl.2007.09.070	2007	1	0	NDP,ZMG	NDP,ZMG	2	1	0
human	PIK3CA	2RD0	Structure of a human p110alpha/p85alpha complex	18079394	10.1126/science.1150799	2007	2	0			0	0	1
human	PIK3R1	2RD0	Structure of a human p110alpha/p85alpha complex	18079394	10.1126/science.1150799	2007	2	0			0	0	1
human	TYMS	2RD8	Human Thymidylate Synthase Stabilized in Active Conformation by R163K Mutation: Asymmetry and Reactivity of Cys195	18370400	10.1021/bi7019386	2008	2	0	PO4,BME		0	0	1
human	TYMS	2RDA	Human Thymidylate Synthase Stabilized in Active Conformation by R163K Mutation: Asymmetry and Reactivity of Cys195	18370400	10.1021/bi7019386	2008	1	0	PO4,BME		0	0	0
human	HAO1	2RDT	Crystal Structure of Human Glycolate Oxidase (GO) in Complex with CDST	18215067	10.1021/bi701710r	2008	1	0	FMN,2RD	FMN,2RD	2	1	0
human	HAO1	2RDU	Crystal Structure of Human Glycolate Oxidase in Complex with Glyoxylate	18215067	10.1021/bi701710r	2008	1	0	FMN,GLV	FMN,GLV	2	1	0
human	HAO1	2RDW	Crystal Structure of Human Glycolate Oxidase in Complex with Sulfate	18215067	10.1021/bi701710r	2008	1	0	SO4,FMN	FMN	1	1	0
human	THBS2	2RHP	The Thrombospondin-1 Polymorphism Asn700Ser Associated with Cornoary Artery Disease Causes Local and Long-Ranging Changes in Protein Structure	18499674	10.1074/jbc.M800223200	2008	1	0	CA,NAG	CA,NAG	2	0	0
human	UCK1	2UVQ	Crystal structure of human uridine-cytidine kinase 1 in complex with ADP				1	0	ADP	ADP	1	1	0
human	GDA	2UZ9	Human guanine deaminase (guaD) in complex with zinc and its product Xanthine.				1	0	XAN,ZN	XAN,ZN	2	1	0
human	PIK3R1	2V1Y	Structure of a phosphoinositide 3-kinase alpha adaptor-binding domain (ABD) in a complex with the iSH2 domain from p85 alpha	17626883	10.1126/SCIENCE.1135394	2007	2	0			0	0	1
HYPJE	cbh1	2V3I	Hypocrea jecorina Cel7A in complex with (R)-dihydroxy-phenanthrenolol				1	0	CO,XX6,GOL,NAG	CO,XX6,NAG	3	1	0
rat	Hspa8	2V7Z	Crystal structure of the 70-kDa heat shock cognate protein from Rattus norvegicus in post-ATP hydrolysis state	18400763	10.1074/JBC.M708992200	2008	1	0	PO4,ADP	ADP	1	1	0
human	GART	2V9Y	Human aminoimidazole ribonucleotide synthetase	20631005	10.1093/NAR/GKQ595	2010	1	0	SO4		0	0	0
BACSU	sacB	2VDT	Crystallographic structure of Levansucrase from Bacillus subtilis mutant S164A	18596022	10.1093/PROTEIN/GZN036	2008	1	0	CA	CA	1	0	0
human	FDPS	2VF6	Human FDPS synthase in complex with minodronate				1	0	M0N,MG	M0N,MG	2	0	0
human	AADAT	2VGZ	CRYSTAL STRUCTURE OF HUMAN KYNURENINE AMINOTRANSFERASE II	18056996	10.1074/JBC.M707925200	2008	1	0	IOD,PLP	PLP	1	1	0
human	NT5C3A	2VKQ	Crystal structure of human cytosolic 5'-nucleotidase III (cN-III, NT5C3) in complex with beryllium trifluoride				1	0	MG,BEF	MG,BEF	2	0	0
human	DPYSL2	2VM8	Human CRMP-2 crystallised in the presence of Mg	18699782	10.1111/J.1742-4658.2008.06601.X	2008	1	0	MG	MG	1	0	0
ACET2	P15329	2VPT	Clostridium thermocellum family 3 carbohydrate esterase	18436237	10.1016/J.JMB.2008.03.037	2008	1	0	CA	CA	1	0	0
human	HDAC4	2VQJ	Structure of HDAC4 catalytic domain bound to a trifluoromethylketone inhbitor	18614528	10.1074/JBC.M803514200	2008	1	0	DIO,K,SO4,TFG,ZN	DIO,TFG,ZN	3	1	0
human	HDAC4	2VQM	Structure of HDAC4 catalytic domain bound to a hydroxamic acid inhbitor	18614528	10.1074/JBC.M803514200	2008	1	0	K,HA3,ZN	HA3,ZN	2	1	0
human	HDAC4	2VQO	Structure of HDAC4 catalytic domain with a gain-of-function muation bound to a trifluoromethylketone inhbitor	18614528	10.1074/JBC.M803514200	2008	1	0	SO4,K,TFG,ZN	TFG,ZN	2	1	0
human	HDAC4	2VQQ	Structure of HDAC4 catalytic domain (a double cysteine-to-alanine mutant) bound to a trifluoromethylketone inhbitor	18614528	10.1074/JBC.M803514200	2008	1	0	SO4,K,TFG,ZN	TFG,ZN	2	1	0
human	HDAC4	2VQV	Structure of HDAC4 catalytic domain with a gain-of-function mutation bound to a hydroxamic acid inhibitor	18614528	10.1074/JBC.M803514200	2008	1	0	SO4,K,HA3,ZN	HA3,ZN	2	1	0
human	HDAC4	2VQW	Structure of inhibitor-free HDAC4 catalytic domain (with gain-of- function mutation His332Tyr)	18614528	10.1074/JBC.M803514200	2008	1	0	K,ZN	ZN	1	1	0
human	DPYS	2VR2	Human Dihydropyrimidinase				1	0	CL,ZN	ZN	1	1	0
human	RRM2B	2VUX	Human ribonucleotide reductase, subunit M2 B				1	0	FE	FE	1	1	0
human	HAO1	2W0U	CRYSTAL STRUCTURE OF HUMAN GLYCOLATE OXIDASE IN COMPLEX WITH THE INHIBITOR 5-[(4-CHLOROPHENYL)SULFANYL]- 1,2,3-THIADIAZOLE-4-CARBOXYLATE.	20054120	10.1107/S1744309109041670	2009	1	0	FMN,C7C	FMN,C7C	2	1	0
human	CA8	2W2J	Crystal structure of the human carbonic anhydrase related protein VIII	19360879	10.1002/PROT.22411	2009	1	0	GOL,UNX,CL		0	0	0
RHOCA	xdhA	2W3R	Crystal Structure of Xanthine Dehydrogenase (desulfo form) from Rhodobacter capsulatus in complex with hypoxanthine	19109249	10.1074/JBC.M808114200	2009	2	0	DYI,HPA,CA,FAD,FES	DYI,HPA,CA,FAD,FES	5	1	1
RHOCA	xdhB	2W3R	Crystal Structure of Xanthine Dehydrogenase (desulfo form) from Rhodobacter capsulatus in complex with hypoxanthine	19109249	10.1074/JBC.M808114200	2009	2	0	DYI,HPA,CA,FAD,FES	DYI,HPA,CA,FAD,FES	5	1	1
RHOCA	xdhA	2W3S	Crystal Structure of Xanthine Dehydrogenase (desulfo form) from Rhodobacter capsulatus in Complex with Xanthine	19109249	10.1074/JBC.M808114200	2009	2	0	FES,FAD,CA,XAN,DYI	FES,FAD,CA,XAN,DYI	5	1	1
RHOCA	xdhB	2W3S	Crystal Structure of Xanthine Dehydrogenase (desulfo form) from Rhodobacter capsulatus in Complex with Xanthine	19109249	10.1074/JBC.M808114200	2009	2	0	FES,FAD,CA,XAN,DYI	FES,FAD,CA,XAN,DYI	5	1	1
human	NANP	2W4M	The Crystal Structure of human N-acetylneuraminic acid phosphatase, NANP				1	0	PO4,CL,NA		0	0	0
RHOCA	xdhA	2W54	Crystal Structure of Xanthine Dehydrogenase from Rhodobacter capsulatus in Complex with Bound Inhibitor Pterin-6-aldehyde	19109249	10.1074/JBC.M808114200	2009	2	0	XAX,HHR,BA,FAD,FES	XAX,HHR,BA,FAD,FES	5	1	1
RHOCA	xdhB	2W54	Crystal Structure of Xanthine Dehydrogenase from Rhodobacter capsulatus in Complex with Bound Inhibitor Pterin-6-aldehyde	19109249	10.1074/JBC.M808114200	2009	2	0	XAX,HHR,BA,FAD,FES	XAX,HHR,BA,FAD,FES	5	1	1
RHOCA	xdhA	2W55	Crystal Structure of Xanthine Dehydrogenase (E232Q variant) from Rhodobacter capsulatus in Complex with Hypoxanthine	19109249	10.1074/JBC.M808114200	2009	2	0	HPA,BA,XAX,FAD,FES	HPA,BA,XAX,FAD,FES	5	1	1
RHOCA	xdhB	2W55	Crystal Structure of Xanthine Dehydrogenase (E232Q variant) from Rhodobacter capsulatus in Complex with Hypoxanthine	19109249	10.1074/JBC.M808114200	2009	2	0	HPA,BA,XAX,FAD,FES	HPA,BA,XAX,FAD,FES	5	1	1
human	CCND1	2W96	Crystal Structure of CDK4 in complex with a D-type cyclin	19237565	10.1073/PNAS.0809645106	2009	2	0	GOL		0	0	1
human	CCND1	2W99	Crystal Structure of CDK4 in complex with a D-type cyclin	19237565	10.1073/PNAS.0809645106	2009	2	0			0	0	1
human	CCND1	2W9F	Crystal Structure of CDK4 in complex with a D-type cyclin	19237565	10.1073/PNAS.0809645106	2009	2	0			0	0	1
human	CCND1	2W9Z	Crystal Structure of CDK4 in complex with a D-type cyclin	19237565	10.1073/PNAS.0809645106	2009	2	0			0	0	1
human	CASP6	2WDP	Crystal Structure of Ligand Free Human Caspase-6	19694615	10.1042/BJ20090540	2009	1	0	PO4		0	0	0
human	C3	2WII	Complement C3b in complex with factor H domains 1-4	19503104	10.1038/ni.1755	2009	3	0	NAG,GOL,CA	NAG,CA	2	0	1
human	C3	2WIN	C3 convertase (C3bBb) stabilized by SCIN	19503103	10.1038/ni.1756	2009	4	0	MAN,BMA,MG,NAG	MAN,BMA,MG,NAG	4	0	1
human	UPF1	2WJV	Crystal structure of the complex between human nonsense mediated decay factors UPF1 and UPF2	19556969	10.1038/EMBOJ.2009.175	2009	2	0	ZN,SO4	ZN	1	1	1
human	UPF1	2WJY	Crystal structure of the complex between human nonsense mediated decay factors UPF1 and UPF2 Orthorhombic form	19556969	10.1038/EMBOJ.2009.175	2009	1	0	ZN,SO4	ZN	1	1	0
human	TYMP	2WK5	Structural features of native human thymidine phosphorylase and in complex with 5-iodouracil	19555658	10.1016/J.BBRC.2009.06.104	2009	1	0	GOL		0	0	0
human	TYMP	2WK6	Structural features of native human thymidine phosphorylase and in complex with 5-iodouracil	19555658	10.1016/J.BBRC.2009.06.104	2009	1	0	IUR	IUR	1	0	0
human	MEFV	2WL1	Pyrin PrySpry domain	19729025	10.1016/J.JMB.2009.08.059	2009	1	0	EDO,SCN		0	0	0
human	ACMSD	2WM1	The crystal structure of human alpha-amino-beta-carboxymuconate- epsilon-semialdehyde decarboxylase in complex with 1,3- dihydroxyacetonephosphate suggests a regulatory link between NAD synthesis and glycolysis	19843166	10.1111/J.1742-4658.2009.07372.X	2009	1	0	GOL,13P,ZN	13P,ZN	2	1	0
BPT4	denA	2WSH	Structure of bacteriophage T4 EndoII E118A mutant	20156453	10.1016/J.JMB.2010.01.076	2010	1	0	PO4,PEG		0	0	0
human	DHODH	2WV8	Complex of human dihydroorotate dehydrogenase with the inhibitor 221290	20183850	10.1002/CMDC.200900454	2010	1	0	ORO,VGN,DDQ,ACT,SO4,FMN	ORO,VGN,FMN	3	1	0
human	AGT	2WXW	Crystal structure of human angiotensinogen	20927107	10.1038/NATURE09505	2010	1	0			0	0	0
human	C3	2WY7	Staphylococcus aureus complement subversion protein Sbi-IV in complex with complement fragment C3d revealing an alternative binding mode	21055811	10.1016/J.MOLIMM.2010.09.017	2011	2	0	GOL		0	0	1
human	C3	2WY8	Staphylococcus aureus complement subversion protein Sbi-IV in complex with complement fragment C3d	21055811	10.1016/J.MOLIMM.2010.09.017	2011	2	0	GOL		0	0	1
human	AGT	2X0B	Crystal structure of human angiotensinogen complexed with renin	20927107	10.1038/NATURE09505	2010	2	0			0	0	1
PENCH	aatA	2X1C	The crystal structure of precursor acyl coenzyme A:isopenicillin N acyltransferase from Penicillium chrysogenum	20223213	10.1016/J.STR.2010.01.005	2010	1	0	GOL,CL,SO4		0	0	0
PENCH	aatA	2X1D	The crystal structure of mature acyl coenzyme A:isopenicillin N acyltransferase from Penicillium chrysogenum	20223213	10.1016/J.STR.2010.01.005	2010	1	0	ACT,D1D,CL,GOL,PO4	D1D	1	0	0
PENCH	aatA	2X1E	The crystal structure of mature acyl coenzyme A:isopenicillin N acyltransferase from Penicillium chrysogenum in complex 6- aminopenicillanic acid	20223213	10.1016/J.STR.2010.01.005	2010	1	0	X1E,CL,GOL,PO4	X1E	1	0	0
DROME	cdm	2X1G	Crystal structure of Importin13 - Mago-Y14 complex	20122403	10.1016/J.MOLCEL.2010.01.007	2010	3	0			0	0	1
SIRV1	orf114	2X4I	ORF 114a from Sulfolobus islandicus rudivirus 1	20419351	10.1007/S10969-010-9090-Y	2010	1	0			0	0	0
STRPY	FbaB	2X5P	Crystal structure of the Streptococcus pyogenes fibronectin binding protein Fbab-B	20419351	10.1007/S10969-010-9090-Y	2010	1	0			0	0	0
human	TTK	2X9E	HUMAN MPS1 IN COMPLEX WITH NMS-P715	21159646	10.1158/0008-5472.CAN-10-2101	2010	1	0	SVE	SVE	1	0	0
human	NT5C2	2XCV	Crystal structure of the D52N variant of cytosolic 5'-nucleotidase II in complex with inosine monophosphate and 2,3-bisphosphoglycerate	21396942	10.1016/J.JMB.2011.02.059	2011	1	0	IMP,MG,GOL,DG2	IMP,MG,DG2	3	0	0
human	NT5C2	2XCW	Crystal structure of the D52N variant of cytosolic 5'-nucleotidase II in complex with inosine monophosphate and ATP	21396942	10.1016/J.JMB.2011.02.059	2011	1	0	MG,GOL,IMP,ATP	MG,IMP,ATP	3	1	0
human	NT5C2	2XCX	Crystal structure of the apoform of the D52N variant of cytosolic 5'- nucleotidase II	21396942	10.1016/J.JMB.2011.02.059	2011	1	0	GOL		0	0	0
human	LGALS3	2XG3	Human galectin-3 in complex with a benzamido-N-acetyllactoseamine inhibitor	20873837	10.1021/ja105852y	2010	1	0	UNU,CL	UNU	1	0	0
BPT4	37	2XGF	Structure of the bacteriophage T4 long tail fibre needle-shaped receptor-binding tip	21041684	10.1073/pnas.1011218107	2010	1	0	CO3,FE2	FE2	1	1	0
human	AADAT	2XH1	Crystal structure of human KAT II-inhibitor complex	20684605	10.1021/JM100464K	2010	1	0	GOL,IOD,PLP,BF5	PLP,BF5	2	1	0
human	NT5C2	2XJB	Crystal structure of the D52N variant of cytosolic 5'-nucleotidase II in complex with deoxyguanosine monophosphate and deoxyadenosine triphosphate	21396942	10.1016/J.JMB.2011.02.059	2011	1	0	MG,DGP,DTP,GOL	MG,DGP,DTP	3	0	0
human	NT5C2	2XJC	Crystal structure of the D52N variant of cytosolic 5'-nucleotidase II in complex with guanosine monophosphate and diadenosine tetraphosphate	21396942	10.1016/J.JMB.2011.02.059	2011	1	0	B4P,GOL,MG,5GP	B4P,MG,5GP	3	0	0
human	NT5C2	2XJD	Crystal structure of the D52N variant of cytosolic 5'-nucleotidase II in complex with inorganic phosphate and deoxyadenosine triphosphate	21396942	10.1016/J.JMB.2011.02.059	2011	1	0	GOL,MG,PO4,ATP	MG,ATP	2	1	0
human	NT5C2	2XJE	Crystal structure of the D52N variant of cytosolic 5'-nucleotidase II in complex with uridine 5'-monophosphate and adenosine triphosphate	21396942	10.1016/J.JMB.2011.02.059	2011	1	0	U5P,ATP,MG,GOL	U5P,ATP,MG	3	1	0
human	NT5C2	2XJF	Crystal structure of the D52N variant of cytosolic 5'-nucleotidase II with a covalently modified Asn52	21396942	10.1016/J.JMB.2011.02.059	2011	1	0	GOL,DG2	DG2	1	0	0
human	UPP2	2XRF	Crystal structure of human uridine phosphorylase 2				1	0	URA,GOL,MG	URA,MG	2	0	0
human	ENO3	2XSX	Crystal structure of human beta enolase ENOB				1	0	MG,PO4,EDO	MG	1	0	0
human	UPF1	2XZO	Upf1 helicase - RNA complex	21419344	10.1016/J.MOLCEL.2011.02.010	2011	1	1	ALF,MG,ADP,1PE	ALF,MG,ADP	3	1	1
human	UPF1	2XZP	Upf1 helicase	21419344	10.1016/J.MOLCEL.2011.02.010	2011	1	0	GOL,MLI		0	0	0
human	CASP8	2Y1L	Caspase-8 in Complex with DARPin-8.4				5	0	EDO,SO4		0	0	1
human	DNAJC3	2Y4T	Crystal structure of the human co-chaperone P58(IPK)	21799829	10.1371/JOURNAL.PONE.0022337	2011	1	0			0	0	0
human	DNAJC3	2Y4U	Crystal structure of human P58(IPK) in space group P312	21799829	10.1371/JOURNAL.PONE.0022337	2011	1	0			0	0	0
human	PHKG2	2Y7J	Structure of human phosphorylase kinase, gamma 2				1	0	B49	B49	1	0	0
human	MAPK1	2Y9Q	Crystal structure of human ERK2 complexed with a MAPK docking peptide	23047924	10.1126/SCISIGNAL.2003004	2012	2	0	ANP	ANP	1	1	1
PSEPK	mcpS	2YFA	X-ray structure of McpS ligand binding domain in complex with malate	23112148	10.1073/PNAS.1201400109	2012	1	0	LMR,NA,SO4,ACT	LMR	1	0	0
PSEPK	mcpS	2YFB	X-ray structure of McpS ligand binding domain in complex with succinate	23112148	10.1073/PNAS.1201400109	2012	1	0	ACT,SO4,SIN	SIN	1	0	0
human	GNE	2YHW	High-resolution crystal structures of N-Acetylmannosamine kinase: Insights about substrate specificity, activity and inhibitor modelling.	22343627	10.1074/JBC.M111.318170	2012	1	0	EDO,CL,ACT,PGE,CA,2PE,ZN,BM3	CA,ZN,BM3	3	1	0
human	GNE	2YHY	Structure of N-Acetylmannosamine kinase in complex with N- acetylmannosamine and ADP	22343627	10.1074/JBC.M111.318170	2012	1	0	2PE,ADP,CL,MG,PGE,EDO,PG4,CA,BM3,ZN	ADP,MG,CA,BM3,ZN	5	1	0
human	GNE	2YI1	Crystal structure of N-Acetylmannosamine kinase in complex with N- acetyl mannosamine 6-phosphate and ADP.	22343627	10.1074/JBC.M111.318170	2012	1	0	MG,ZN,ACT,EDO,PG4,2PE,CA,BM3,BMX,ADP	MG,ZN,CA,BM3,BMX,ADP	6	1	0
SACEN	eryCII	2YJN	Structure of the glycosyltransferase EryCIII from the erythromycin biosynthetic pathway, in complex with its activating partner, EryCII	22056329	10.1016/J.JMB.2011.10.036	2012	2	0			0	0	1
SACEN	eryCIII	2YJN	Structure of the glycosyltransferase EryCIII from the erythromycin biosynthetic pathway, in complex with its activating partner, EryCII	22056329	10.1016/J.JMB.2011.10.036	2012	2	0			0	0	1
human	CHMP1A	2YMB	Structures of MITD1	23045692	10.1073/PNAS.1206839109	2012	2	0			0	0	1
human	FBXO30	2YRE	Solution structure of the zinc finger domains (1-87) from human F-box only protein				1	0	ZN	ZN	1	1	0
human	DNAJC27	2YS8	Solution structure of the DnaJ-like domain from human ras-associated protein Rap1				1	0			0	0	0
DROME	CG8915	2YU6	Solution structure of the YTH domain in YTH domain-containing protein 2				1	0			0	0	0
human	UFD1	2YUJ	Solution structure of human ubiquitin fusion degradation protein 1 homolog UFD1				1	0			0	0	0
human	CPS1	2YVQ	Crystal structure of MGS domain of carbamoyl-phosphate synthetase from homo sapiens				1	0			0	0	0
human	FTH1	2Z6M	Crystal structure of Human Ferritin H8 as biotemplate for noble metal nanoparticle synthesis	18991401	10.1021/bi8016735	2008	1	0	MPD,CA,ZN	CA,ZN	2	1	0
rat	Mapk1	2Z7L	Unphosphorylated Mitogen Activated Protein Kinase ERK2 in Complex with (4-{[5-Carbamoyl-4-(3-Methylanilino)Pyrimidin 2-Yl]Amino}Phenyl)Acetic Acid	18767165	10.1002/prot.22207	2008	1	0	SO4,S91,BME	S91	1	0	0
human	TTK	2ZMC	Crystal structure of human mitotic checkpoint kinase Mps1 catalytic domain apo form	18480048	10.1074/jbc.M803026200	2008	1	0	7PE	7PE	1	0	0
human	TTK	2ZMD	Crystal structure of human Mps1 catalytic domain T686A mutant in complex with SP600125 inhibitor	18480048	10.1074/jbc.M803026200	2008	1	0	537,7PE	537,7PE	2	0	0
human	TRAPPC4	2ZMV	Crystal structure of Synbindin	18466758	10.1016/j.bbrc.2008.04.143	2009	1	0			0	0	0
ARATH	GID1A	2ZSH	Structural basis of gibberellin(GA3)-induced DELLA recognition by the gibberellin receptor	19037309	10.1038/nature07519	2008	2	0	GA3	GA3	1	0	1
ARATH	GID1A	2ZSI	Structural basis of gibberellin(GA4)-induced DELLA recognition by the gibberellin receptor	19037309	10.1038/nature07519	2008	2	0	GA4	GA4	1	0	1
BPT4	wac	3A1M	A fusion protein of a beta helix region of gene product 5 and the foldon region of bacteriophage T4	20661999	10.1002/smll.201000772	2010	1	0	K		0	0	0
human	HSPA1A	3A8Y	Crystal structure of the complex between the BAG5 BD5 and Hsp70 NBD	20223214	10.1016/j.str.2010.01.004	2010	2	0	TRS		0	0	1
ARATH	DRB1	3ADG	Structure of Arabidopsis HYL1 and its molecular implications for miRNA processing	20462493	10.1016/j.str.2010.02.006	2010	1	0			0	0	0
ARATH	DRB1	3ADI	Structure of Arabidopsis HYL1 and its molecular implications for miRNA processing	20462493	10.1016/j.str.2010.02.006	2010	1	2			0	0	1
ARATH	DRB1	3ADJ	Structure of Arabidopsis HYL1 and its molecular implications for miRNA processing	20462493	10.1016/j.str.2010.02.006	2010	1	0			0	0	0
human	ERO1A	3AHQ	hyperactive human Ero1	20834232	10.1038/emboj.2010.222	2010	1	0	FAD	FAD	1	1	0
human	ERO1A	3AHR	Inactive human Ero1	20834232	10.1038/emboj.2010.222	2010	1	0	FAD	FAD	1	1	0
human	FTH1	3AJO	Crystal structure of wild-type human ferritin H chain	20705053	10.1016/j.bbrc.2010.08.017	2010	1	0	MG	MG	1	0	0
human	FTH1	3AJP	Crystal structure of human H ferritin E140A mutant	20705053	10.1016/j.bbrc.2010.08.017	2010	1	0	MG	MG	1	0	0
human	FTH1	3AJQ	Crystal structure of human H ferritin E140Q mutant	20705053	10.1016/j.bbrc.2010.08.017	2010	1	0	MG	MG	1	0	0
human	HSPA1A	3ATU	Crystal structure of human Hsp70 NBD in the ADP- and Mg ion-bound state	21608060	10.1002/pro.663	2011	1	0	ADP,PO4,MG,NA,PG0	ADP,MG	2	1	0
human	HSPA1A	3ATV	Crystal structure of human Hsp70 NBD in the ADP-bound and Mg ion-free state	21608060	10.1002/pro.663	2011	1	0	ADP,K,CL	ADP	1	1	0
9POAL	rbcL	3AXK	Structure of rice Rubisco in complex with NADP(H)	22609438	10.1016/j.jmb.2012.05.014	2012	2	0	GOL,MG,NDP	MG,NDP	2	1	1
9POAL	rbcL	3AXM	Structure of rice Rubisco in complex with 6PG	22609438	10.1016/j.jmb.2012.05.014	2012	2	0	MG,6PG	MG,6PG	2	0	1
ORYSJ	HD3A	3AXY	Structure of Florigen Activation Complex Consisting of Rice Florigen Hd3a, 14-3-3 Protein GF14 and Rice FD Homolog OsFD1	21804566	10.1038/nature10272	2011	3	0			0	0	1
human	HSPA1A	3AY9	Crystal structure of human Hsp70 NBD in the ADP-, Mg ion-, and K ion-bound state	21608060	10.1002/pro.663	2011	1	0	ADP,K,CL,CA,MG,PO4	ADP,CA,MG	3	1	0
human	LGALS3	3AYA	Crystal structure of galectin-3 CRD domian complexed with Thomsen-Friedenreich antigen	21949831	10.1371/journal.pone.0025007	2011	1	0	SO4,THR	THR	1	0	0
human	LGALS3	3AYC	Crystal structure of galectin-3 CRD domian complexed with GM1 pentasaccharide	21949831	10.1371/journal.pone.0025007	2011	1	0	GOL,SO4,BME		0	0	0
human	LGALS3	3AYD	Crystal structure of galectin-3 CRD domian complexed with TFN	21949831	10.1371/journal.pone.0025007	2011	1	0	SO4,NPO	NPO	1	0	0
human	LGALS3	3AYE	Crystal structure of galectin-3 CRD domian complexed with lactose	21949831	10.1371/journal.pone.0025007	2011	1	0	SO4		0	0	0
human	CKB	3B6R	Crystal structure of Human Brain-type Creatine Kinase	18977227	10.1016/j.febslet.2008.10.039	2008	1	0	MG,ADP,CRN,NO3,ACT	MG,ADP,CRN	3	1	0
human	DLAT	3B8K	Structure of the Truncated Human Dihydrolipoyl Acetyltransferase (E2)	18184588	10.1016/j.str.2007.10.024	2008	1	0			0	0	0
human	NME2	3BBB	Crystal structure of the NM23-H2 transcription factor complex with dinucleotide d(AG)	19435876	10.1158/1535-7163.MCT-08-1093	2009	1	1			0	0	1
human	NME2	3BBC	Crystal structure of R88A mutant of the NM23-H2 transcription factor	19435876	10.1158/1535-7163.MCT-08-1093	2009	1	0			0	0	0
human	NME2	3BBF	Crystal structure of the NM23-H2 transcription factor complex with GDP	19435876	10.1158/1535-7163.MCT-08-1093	2009	1	0	GDP,MG,DTT	GDP,MG	2	1	0
yeast	SOD2	3BFR	The crystal structure of Sod2 from Saccharomyces cerevisiae	22102021	10.1107/S1744309111029186	2011	1	0	MN3	MN3	1	0	0
human	HMGCR	3BGL	Hepatoselectivity of Statins: Design and synthesis of 4-sulfamoyl pyrroles as HMG-CoA reductase inhibitors	18155906	10.1016/j.bmcl.2007.11.124	2008	1	0	RID	RID	1	0	0
human	THTPA	3BHD	Crystal structure of human thiamine triphosphatase (THTPA)				1	0	SO4,CIT,GOL,NA,CL	CIT	1	0	0
rat	Pfkfb4	3BIF	6-PHOSPHOFRUCTO-2-KINASE/FRUCTOSE-2,6-BISPHOSPHATASE EMPTY 6-PF-2K ACTIVE SITE	10493801	10.1021/bi991268+	1999	1	0	BOG,PO4,SIN	SIN	1	0	0
human	P4HB	3BJ5	Alternative conformations of the x region of human protein disulphide-isomerase modulate exposure of the substrate binding b' domain	18801374	10.1016/j.jmb.2008.08.085	2008	1	0	SO4		0	0	0
human	HIBCH	3BPT	Crystal structure of human beta-hydroxyisobutyryl-CoA hydrolase in complex with quercetin				1	0	QUE,HIU	QUE,HIU	2	0	0
human	AKR1D1	3BUR	Crystal structure of Delta(4)-3-ketosteroid 5-beta-reductase in complex with NADP and TESTOSTERONE. RESOLUTION: 1.62 A.	18407998	10.1074/jbc.M801778200	2008	1	0	NAP,GOL,TES	NAP,TES	2	1	0
human	AKR1D1	3BUV	Crystal structure of human Delta(4)-3-ketosteroid 5-beta-reductase in complex with NADP and HEPES. Resolution: 1.35 A.	18407998	10.1074/jbc.M801778200	2008	1	0	NAP,EPE,GOL	NAP	1	1	0
human	AKR1D1	3BV7	Crystal structure of Delta(4)-3-ketosteroid 5-beta-reductase in complex with NADP and glycerol. Resolution: 1.79 A.	18407998	10.1074/jbc.M801778200	2008	1	0	GOL,NAP	NAP	1	1	0
BACSU	sacB	3BYJ	Crystal structure of B. subtilis levansucrase mutant D86A				1	0	CA	CA	1	0	0
BACSU	sacB	3BYK	Crystal structure of B. subtilis levansucrase mutant D247A				1	0	CA	CA	1	0	0
BACSU	sacB	3BYL	Crystal structure of B. subtilis levansucrase mutant E342A				1	0			0	0	0
BACSU	sacB	3BYN	Crystal structure of B. subtilis levansucrase mutant E342A bound to raffinose				1	0	CA	CA	1	0	0
human	HSD11B1	3BYZ	2-Amino-1,3-thiazol-4(5H)-ones as Potent and Selective 11-Hydroxysteroid Dehydrogenase Type 1 Inhibitors	18419108	10.1021/jm701551j	2008	1	0	NDP,H11	NDP,H11	2	1	0
human	HSD11B1	3BZU	Crystal structure of human 11-beta-hydroxysteroid dehydrogenase(HSD1) in complex with NADP and thiazolone inhibitor	18069989	10.1111/j.1747-0285.2007.00603.x	2008	1	0	NAP,A21	NAP,A21	2	1	0
human	HDAC6	3C5K	Crystal structure of human HDAC6 zinc finger domain				1	0	ZN	ZN	1	1	0
human	PPP2CA	3C5W	Complex between PP2A-specific methylesterase PME-1 and PP2A core enzyme	18394995	10.1016/j.cell.2008.02.041	2008	3	0			0	0	1
human	SMS	3C6K	Crystal structure of human spermine synthase in complex with spermidine and 5-methylthioadenosine	18367445	10.1074/jbc.M710323200	2008	1	0	MTA,SPD	MTA,SPD	2	0	0
human	SMS	3C6M	Crystal structure of human spermine synthase in complex with spermine and 5-methylthioadenosine	18367445	10.1074/jbc.M710323200	2008	1	0	SPM,MTA	SPM,MTA	2	0	0
rat	Mapk1	3C9W	Crystal Structure of ERK-2 with hypothemycin covalently bound	18571434	10.1016/j.jsb.2008.05.002	2008	1	0	HMY	HMY	1	0	0
human	AKR1D1	3CAQ	Crystal structure of 5beta-reductase (AKR1D1) in complex with NADPH	19075558	10.1021/bi801276h	2008	1	0	MPD,EDO,BME,NDP	NDP	1	1	0
human	AKR1D1	3CAS	Crystal structure of 5beta-reductase (AKR1D1) in complex with NADP+ and 4-androstenedione	19075558	10.1021/bi801276h	2008	1	0	NAP,ASD,EDO,BME	NAP,ASD	2	1	0
human	AKR1D1	3CAV	Crystal structure of 5beta-reductase (AKR1D1) in complex with NADP+ and 5beta-pregnan-3,20-dione	18624455	10.1021/bi800572s	2008	1	0	NAP,EDO,BME,CI2	NAP,CI2	2	1	0
human	HMGCR	3CCT	Thermodynamic and structure guided design of statin hmg-coa reductase inhibitors	18540668	10.1021/jm7015057	2008	1	0	3HI	3HI	1	0	0
human	TTK	3CEK	Crystal structure of human dual specificity protein kinase (TTK)	20383151	10.1038/nchembio.345	2010	1	0	7PE	7PE	1	0	0
human	HSD11B1	3CH6	Crystal Structure of 11beta-HSD1 Double Mutant (L262R, F278E) Complexed with (3,3-dimethylpiperidin-1-yl)(6-(3-fluoro-4-methylphenyl)pyridin-2-yl)methanone	18485702	10.1016/j.bmcl.2008.04.069	2008	1	0	NAP,311	NAP,311	2	1	0
human	AGT	3CK0	ANTI-ANTI-IDIOTYPIC ANTIBODY AGAINST HUMAN ANGIOTENSIN II, COMPLEX WITH HUMAN ANGIOTENSIN II				3	0			0	0	1
human	AKR1D1	3CMF	Crystal structure of human liver 5beta-reductase (AKR1D1) in complex with NADP and CORTISONE. Resolution 1.90 A.	18407998	10.1074/jbc.M801778200	2008	1	0	PDN,NAP	PDN,NAP	2	1	0
human	AKR1D1	3COT	Crystal structure of human liver delta(4)-3-ketosteroid 5beta-reductase (akr1d1) in complex with progesterone and nadp. Resolution: 2.03 A.	18407998	10.1074/jbc.M801778200	2008	1	0	STR,NAP	STR,NAP	2	1	0
human	DLAT	3CRK	Crystal structure of the PDHK2-L2 complex.	18387944	10.1074/jbc.M800311200	2008	2	0	K		0	0	1
human	DLAT	3CRL	Crystal structure of the PDHK2-L2 complex.	18387944	10.1074/jbc.M800311200	2008	2	0	MG,K,ANP	MG,ANP	2	1	1
human	GNPNAT1	3CXP	Crystal structure of human glucosamine 6-phosphate N-acetyltransferase 1 mutant E156A	18675810	10.1016/j.febslet.2008.07.040	2008	1	0	CL		0	0	0
human	GNPNAT1	3CXQ	Crystal structure of human glucosamine 6-phosphate N-acetyltransferase 1 bound to GlcN6P	18675810	10.1016/j.febslet.2008.07.040	2008	1	0	GLP	GLP	1	0	0
human	GNPNAT1	3CXS	Crystal structure of human GNA1	18675810	10.1016/j.febslet.2008.07.040	2008	1	0			0	0	0
human	HSD11B1	3CZR	Crystal Structure of Human 11-beta-Hydroxysteroid Dehydrogenase (HSD1) in Complex with Arylsulfonylpiperazine Inhibitor	18511278	10.1016/j.bmcl.2008.05.025	2008	1	0	CPS,3CZ,NAP	CPS,3CZ,NAP	3	1	0
human	HSPA1A	3D2E	Crystal structure of a complex of Sse1p and Hsp70, Selenomethionine-labeled crystals	18555782	10.1016/j.cell.2008.05.022	2008	2	0	GOL,ATP,MG	ATP,MG	2	1	1
human	HSPA1A	3D2F	Crystal structure of a complex of Sse1p and Hsp70	18555782	10.1016/j.cell.2008.05.022	2008	2	0	ATP,GOL,K,MG	ATP,MG	2	1	1
human	HSD11B1	3D3E	Crystal Structure of Human 11-beta-Hydroxysteroid Dehydrogenase (HSD1) in Complex with Benzamide Inhibitor	18553955	10.1021/jm800310g	2008	1	0	NAP,D3E	NAP,D3E	2	1	0
human	MAPK1	3D42	Crystal structure of HePTP in complex with a monophosphorylated Erk2 peptide	19053285	10.1021/bi801724n	2008	2	0	GOL,TAR	TAR	1	0	1
human	MAPK1	3D44	Crystal structure of HePTP in complex with a dually phosphorylated Erk2 peptide mimetic	19053285	10.1021/bi801724n	2008	2	0	GOL,CL		0	0	1
human	HSD11B1	3D4N	Crystal Structure of Human 11-beta-Hydroxysteroid Dehydrogenase (HSD1) in Complex with Sulfonamide Inhibitor	18553955	10.1021/jm800310g	2008	1	0	D4N,NAP	D4N,NAP	2	1	0
human	HSD11B1	3D5Q	Crystal Structure of 11b-HSD1 in Complex with Triazole Inhibitor	18789704	10.1016/j.bmc.2008.08.065	2008	1	0	NAP,T30	NAP,T30	2	1	0
human	CYP7A1	3DAX	Crystal structure of human CYP7A1				1	0	HEM,UNX	HEM	1	1	0
human	TTK	3DBQ	Crystal structure of TTK kinase domain	19120698	10.1111/j.1582-4934.2008.00605.x	2008	1	0			0	0	0
human	AADAT	3DC1	Crystal structure of kynurenine aminotransferase II complex with alpha-ketoglutarate	18620547	10.1042/BSR20080085	2008	1	0	GOL,AKG	AKG	1	0	0
worm	sod-3	3DC5	Crystal Structure of a manganese superoxide dismutases from Caenorhabditis elegans	19052361	10.1107/S1744309108037056	2008	1	0	MLI,MN	MN	1	1	0
worm	sod-2	3DC6	Crystal Structure of a manganese superoxide dismutases from Caenorhabditis elegans	19052361	10.1107/S1744309108037056	2008	1	0	SO4,MN	MN	1	1	0
BACSU	secA	3DL8	Structure of the complex of aquifex aeolicus SecYEG and bacillus subtilis SecA	18923516	10.1038/nature07335	2008	4	0			0	0	1
human	OXCT1	3DLX	Crystal structure of human 3-oxoacid CoA transferase 1				1	0	GOL		0	0	0
human	AKR1D1	3DOP	Crystal structure of 5beta-reductase (AKR1D1) in complex with NADP+ and 5beta-dihydrotestosterone, Resolution 2.00A	18848863	10.1016/j.mce.2008.09.013	2009	1	0	NAP,BDT	NAP,BDT	2	1	0
worm	hsp-6	3DQG	Peptide-binding domain of heat shock 70 kDa protein F, mitochondrial precursor, from Caenorhabditis elegans.				1	0			0	0	0
human	CKB	3DRB	Crystal structure of Human Brain-type Creatine Kinase	18977227	10.1016/j.febslet.2008.10.039	2008	1	0	MG,ADP	MG,ADP	2	1	0
human	CKB	3DRE	Crystal structure of Human Brain-type Creatine Kinase	18977227	10.1016/j.febslet.2008.10.039	2008	1	0			0	0	0
human	PPP2CA	3DW8	Structure of a Protein Phosphatase 2A Holoenzyme with B55 subunit	18922469	10.1016/j.molcel.2008.08.006	2008	4	0	MN	MN	1	1	1
human	TAT	3DYD	Human Tyrosine Aminotransferase				1	0	PLP	PLP	1	1	0
human	GDA	3E0L	Computationally Designed Ammelide Deaminase	19470646	10.1073/pnas.0811070106	2009	1	0	ZN	ZN	1	1	0
human	FNTA	3E37	Protein farnesyltransferase complexed with bisubstrate ethylenediamine scaffold inhibitor 5	19246009	10.1016/j.chembiol.2009.01.014	2009	2	0	ED5,ZN	ED5,ZN	2	1	1
human	TYMS	3EAW	Replacement of Val3 in Human Thymidylate Synthase Affects Its Kinetic Properties and Intracellular Stability	20151707	10.1021/bi901457e	2010	1	0	EDO,SO4		0	0	0
human	TYMS	3EBU	Replacement of Val3 in Human Thymidylate Synthase Affects Its Kinetic Properties and Intracellular Stability	20151707	10.1021/bi901457e	2010	1	0	EDO,SO4		0	0	0
human	TYMS	3ED7	Replacement of Val3 in Human Thymidylate Synthase Affects Its Kinetic Properties and Intracellular Stability	20151707	10.1021/bi901457e	2010	1	0	SO4		0	0	0
human	TYMS	3EDW	Replacement of Val3 in Human Thymidylate Synthase Affects Its Kinetic Properties and Intracellular Stability	20151707	10.1021/bi901457e	2010	1	0	SO4		0	0	0
mouse	Cdc42	3EG5	Crystal structure of MDIA1-TSH GBD-FH3 in complex with CDC42-GMPPNP	18829452	10.1074/jbc.M805634200	2008	2	0	MG,GNP	MG,GNP	2	1	1
human	PCYT2	3ELB	Human CTP: Phosphoethanolamine Cytidylyltransferase in complex with CMP				1	0	GOL,C5P	C5P	1	0	0
human	GNE	3EO3	Crystal structure of the N-acetylmannosamine kinase domain of human GNE protein	19841673	10.1371/journal.pone.0007165	2009	1	0	ZN,UNX	ZN	1	1	0
human	CYP19A1	3EQM	Crystal structure of human placental aromatase cytochrome P450 in complex with androstenedione	19129847	10.1038/nature07614	2009	1	0	ASD,PO4,HEM	ASD,HEM	2	1	0
rat	Mapk1	3ERK	THE COMPLEX STRUCTURE OF THE MAP KINASE ERK2/SB220025	9753691	10.1016/S0969-2126(98)00113-0	1998	1	0	SB4	SB4	1	0	0
human	FTH1	3ERZ	Directing Noble Metal Ion Chemistry within a Designed Ferritin Protein. Mercury Ions on the Three-Fold Channel	18991401	10.1021/bi8016735	2008	1	0	CA,ZN,HG,MPD	CA,ZN,HG	3	1	0
human	FTH1	3ES3	Directing Noble Metal Ion Chemistry within a Designed Ferritin Protein. The Complex with Gold ions. Ferritin H8-H9x Mutant	18991401	10.1021/bi8016735	2008	1	0	AU,CA	AU,CA	2	0	0
ECOLI	gmhB	3ESQ	Crystal Structure of Calcium-bound D,D-heptose 1.7-bisphosphate phosphatase from E. Coli				1	0	CA,ZN	CA,ZN	2	1	0
ECOLI	gmhB	3ESR	Crystal Structure of D,D-heptose1.7-bisphosphate phosphatase from E. coli in complex with calcium and phosphate				1	0	ZN,CA,PO4	ZN,CA	2	1	0
yeast	SHQ1	3EUD	Structure of the CS domain of the essential H/ACA RNP assembly protein Shq1p	19019820	10.1074/jbc.M807337200	2009	1	0			0	0	0
human	UPP1	3EUE	Crystal structure of ligand-free human uridine phosphorylase 1 (hUPP1)	19291308	10.1186/1472-6807-9-14	2009	1	0	SO4,MG	MG	1	0	0
human	UPP1	3EUF	Crystal structure of BAU-bound human uridine phosphorylase 1	19291308	10.1186/1472-6807-9-14	2009	1	0	BAU,PO4	BAU	1	0	0
human	HSD11B1	3EY4	Further studies with the 2-amino-1,3-thiazol-4(5H)-one class of 11-hydroxysteroid dehydrogenase type 1 (11-HSD1) inhibitors: Reducing pregnane X receptor (PXR) activity and exploring activity in a monkey pharmacodynamic model			2008	1	0	352,NDP	352,NDP	2	1	0
human	JAK1	3EYG	Crystal structures of JAK1 and JAK2 inhibitor complexes	19361440	10.1016/j.jmb.2009.01.041	2009	1	0	MI1	MI1	1	0	0
human	JAK1	3EYH	Crystal structures of JAK1 and JAK2 inhibitor complexes	19361440	10.1016/j.jmb.2009.01.041	2009	1	0	IZA	IZA	1	0	0
human	ZBP1	3EYI	The crystal structure of the second Z-DNA binding domain of human DAI (ZBP1) in complex with Z-DNA	19095800	10.1073/pnas.0810463106	2008	1	1			0	0	1
human	DHODH	3F1Q	Human dihydroorotate dehydrogenase in complex with a leflunomide derivative inhibitor 1	19351152	10.1021/jm800963t	2009	1	0	FMN,ORO,BCE,ACY,SO4	FMN,ORO,BCE	3	1	0
human	ILK	3F6Q	Crystal structure of integrin-linked kinase ankyrin repeat domain in complex with PINCH1 LIM1 domain	19074270	10.1073/pnas.0811415106	2008	2	0	ZN,PO4,IOD	ZN	1	1	1
human	HSD11B1	3FCO	Crystal Structure of 11beta-Hydroxysteroid Dehydrogenase 1 (11b-HSD1) in Complex with Benzamide Inhibitor	19185488	10.1016/j.bmcl.2009.01.026	2009	1	0	IIG,NAP	IIG,NAP	2	1	0
human	SEPHS1	3FD5	Crystal structure of human selenophosphate synthetase 1 complex with AMPCP	19477186	10.1016/j.jmb.2009.05.032	2009	1	0	AP2,PO4,MG,K	AP2,MG	2	0	0
human	SEPHS1	3FD6	Crystal structure of human selenophosphate synthetase 1 complex with ADP and phosphate	19477186	10.1016/j.jmb.2009.05.032	2009	1	0	ADP,PO4,MG,NA	ADP,MG	2	1	0
human	PPP2CA	3FGA	Structural Basis of PP2A and Sgo interaction	19716788	10.1016/j.molcel.2009.06.031	2009	5	0	MN	MN	1	1	1
human	DHODH	3FJ6	Human dihydroorotate dehydrogenase in complex with a leflunomide derivative inhibitor 2	19351152	10.1021/jm800963t	2009	1	0	CIH,ACT,SO4,FMN,ORO	CIH,FMN,ORO	3	1	0
human	DHODH	3FJL	Human dihydroorotate dehydrogenase in complex with a leflunomide derivative inhibitor 3	19351152	10.1021/jm800963t	2009	1	0	FMN,ORO,SO4,ACY,CJH	FMN,ORO,CJH	3	1	0
BPT4	18	3FO8	Crystal structure of the bacteriophage T4 tail sheath protein, protease resistant fragment gp18PR	19229296	10.1038/emboj.2009.36	2009	1	0	ACT		0	0	0
BPT4	18	3FOA	Crystal structure of the bacteriophage T4 tail sheath protein, deletion mutant gp18M	19229296	10.1038/emboj.2009.36	2009	1	0			0	0	0
BPT4	18	3FOH	Fitting of gp18M crystal structure into 3D cryo-EM reconstruction of bacteriophage T4 extended tail	19229296	10.1038/emboj.2009.36	2009	1	0			0	0	0
BPT4	18	3FOI	Fitting of gp18M crystal structure into 3D cryo-EM reconstruction of bacteriophage T4 contracted tail	19229296	10.1038/emboj.2009.36	2009	1	0			0	0	0
human	AKR1D1	3G1R	Crystal structure of human liver 5beta-reductase (AKR1D1) in complex with NADP and Finasteride. Resolution 1.70 A	19515843	10.1074/jbc.C109.016931	2009	1	0	FIT,NAP	FIT,NAP	2	1	0
SCHPO	SPAC25B8.09	3G5T	Crystal structure of trans-aconitate 3-methyltransferase from yeast				1	0	DMS,T8N,SAH,EDO	T8N,SAH	2	1	0
human	CFTR	3GD7	Crystal structure of human NBD2 complexed with N6-Phenylethyl-ATP (P-ATP)				1	0	B44	B44	1	0	0
human	TTK	3GFW	Crystal Structure of Human Dual Specificity Protein Kinase (TTK) in complex with a pyrolo-pyridin ligand	20383151	10.1038/nchembio.345	2010	1	0	7PE,S22	7PE,S22	2	0	0
human	GAPDH	3GPD	TWINNING IN CRYSTALS OF HUMAN SKELETAL MUSCLE D-GLYCERALDEHYDE-3-PHOSPHATE DEHYDROGENASE	957435	10.1016/0022-2836(76)90013-9	1976	1	0	SO4,NAD	NAD	1	1	0
human	HDAC6	3GV4	Crystal structure of human HDAC6 zinc finger domain and ubiquitin C-terminal peptide RLRGG				2	0	CA,ZN	CA,ZN	2	1	1
human	CASP8	3H11	Zymogen caspase-8:c-FLIPL protease domain complex	19416807	10.1073/pnas.0812453106	2009	3	0			0	0	1
human	CFLAR	3H11	Zymogen caspase-8:c-FLIPL protease domain complex	19416807	10.1073/pnas.0812453106	2009	3	0			0	0	1
human	CFLAR	3H13	c-FLIPL protease-like domain	19416807	10.1073/pnas.0812453106	2009	1	0			0	0	0
human	TTK	3H9F	Crystal Structure of Human Dual Specificity Protein Kinase (TTK) in complex with a pyrimido-diazepin ligand	20383151	10.1038/nchembio.345	2010	1	0	92M,MG	92M,MG	2	0	0
human	HADH	3HAD	BIOCHEMICAL CHARACTERIZATION AND STRUCTURE DETERMINATION OF HUMAN HEART SHORT CHAIN L-3-HYDROXYACYL COA DEHYDROGENASE PROVIDE INSIGHT INTO CATALYTIC MECHANISM	10231530	10.1021/bi9829027	1999	1	0	NAD	NAD	1	1	0
human	RRM2B	3HF1	Crystal structure of human p53R2	19728742	10.1021/bi9001425	2009	1	0	SO4,FE	FE	1	1	0
human	FASN	3HHD	Structure of the Human Fatty Acid Synthase KS-MAT Didomain as a Framework for Inhibitor Design.	20132826	10.1016/j.jmb.2010.01.066	2010	1	0	CL		0	0	0
human	PIK3CA	3HHM	Crystal structure of p110alpha H1047R mutant in complex with niSH2 of p85alpha and the drug wortmannin	19805105	10.1073/pnas.0908444106	2009	2	0	KWT	KWT	1	0	1
human	PIK3R1	3HHM	Crystal structure of p110alpha H1047R mutant in complex with niSH2 of p85alpha and the drug wortmannin	19805105	10.1073/pnas.0908444106	2009	2	0	KWT	KWT	1	0	1
human	PIK3CA	3HIZ	Crystal structure of p110alpha H1047R mutant in complex with niSH2 of p85alpha	19805105	10.1073/pnas.0908444106	2009	2	0			0	0	1
human	PIK3R1	3HIZ	Crystal structure of p110alpha H1047R mutant in complex with niSH2 of p85alpha	19805105	10.1073/pnas.0908444106	2009	2	0			0	0	1
human	TTK	3HMN	Crystal structure of human Mps1 catalytic domain in complex with ATP	20099905	10.1021/bi901970c	2010	1	0	7PE,ATP	7PE,ATP	2	1	0
human	TTK	3HMO	Crystal structure of human Mps1 catalytic domain in complex with the inhibitor staurosporine	20099905	10.1021/bi901970c	2010	1	0	GOL,IPA,STU,7PE	IPA,STU,7PE	3	0	0
human	TTK	3HMP	Crystal structure of human Mps1 catalytic domain in complex with a quinazolin ligand Compound 4	20099905	10.1021/bi901970c	2010	1	0	CX4,7PE,PEG,GOL,IPA	CX4,7PE,IPA	3	0	0
ARATH	HEN1	3HTX	Crystal structure of small RNA methyltransferase HEN1	19812675	10.1038/nature08433	2009	1	2	MG,SAH	MG,SAH	2	1	1
human	RLBP1	3HX3	Crystal structure of CRALBP mutant R234W	19846785	10.1073/pnas.0907454106	2009	1	0	RET	RET	1	0	0
human	RLBP1	3HY5	Crystal structure of CRALBP	19846785	10.1073/pnas.0907454106	2009	1	0	TLA,RET	RET	1	0	0
human	PNPO	3HY8	Crystal Structure of Human Pyridoxine 5'-Phosphate Oxidase R229W Mutant	19759001	10.1074/jbc.M109.038372	2009	1	0	PO4,PLP,FMN	PLP,FMN	2	1	0
human	MOCS3	3I2V	Crystal structure of human MOCS3 rhodanese-like domain				1	0			0	0	0
human	MAPK1	3I5Z	Crystal structure of ERK2 bound to (S)-N-(2-hydroxy-1-phenylethyl)-4-(5-methyl-2-(phenylamino)pyrimidin-4-yl)-1H-pyrrole-2-carboxamide	19827834	10.1021/jm900630q	2009	1	0	Z48,SO4	Z48	1	0	0
human	MAPK1	3I60	Crystal structure of ERK2 bound to (S)-4-(2-(2-chlorophenylamino)-5-methylpyrimidin-4-yl)-N-(2-hydroxy-1-phenylethyl)-1H-pyrrole-2-carboxamide	19827834	10.1021/jm900630q	2009	1	0	E86,SO4	E86	1	0	0
human	PIK3C3	3IHY	Human PIK3C3 crystal structure				1	0			0	0	0
human	GOT1	3II0	Crystal structure of human Glutamate oxaloacetate transaminase 1 (GOT1)				1	0	EDO,TAR,PLP	TAR,PLP	2	1	0
human	HTT	3IO4	Huntingtin amino-terminal region with 17 Gln residues - Crystal C90	19748341	10.1016/j.str.2009.08.002	2009	1	0	CA,ZN	CA,ZN	2	1	0
human	HTT	3IO6	Huntingtin amino-terminal region with 17 Gln residues - crystal C92-a	19748341	10.1016/j.str.2009.08.002	2009	1	0	CA,ZN	CA,ZN	2	1	0
human	HTT	3IOR	Huntingtin amino-terminal region with 17 Gln residues - crystal C95	19748341	10.1016/j.str.2009.08.002	2009	1	0	CA,ZN	CA,ZN	2	1	0
human	HTT	3IOT	Huntingtin amino-terminal region with 17 Gln residues - crystal C92-b	19748341	10.1016/j.str.2009.08.002	2009	1	0	CA,ZN	CA,ZN	2	1	0
human	HTT	3IOU	Huntingtin amino-terminal region with 17 Gln residues - crystal C94	19748341	10.1016/j.str.2009.08.002	2009	1	0	CA,ZN	CA,ZN	2	1	0
human	HTT	3IOV	Huntingtin amino-terminal region with 17 Gln residues - crystal C99	19748341	10.1016/j.str.2009.08.002	2009	1	0	ZN,CA	ZN,CA	2	1	0
human	HTT	3IOW	Huntingtin amino-terminal region with 17 Gln residues - crystal C99-Hg	19748341	10.1016/j.str.2009.08.002	2009	1	0	CA,ZN	CA,ZN	2	1	0
BACSU	secA	3IQM	Active site mutants of B. subtilis SecA	23167435	10.1021/ja306361q	2013	1	0	SO4		0	0	0
BACSU	secA	3IQY	Active site mutants of B. subtilis SecA	23167435	10.1021/ja306361q	2013	1	0	SO4		0	0	0
human	CFTR	3ISW	Crystal structure of filamin-A immunoglobulin-like repeat 21 bound to an N-terminal peptide of CFTR	20351101	10.1074/jbc.M109.080911	2010	2	0			0	0	1
human	ILK	3IXE	Structural basis of competition between PINCH1 and PINCH2 for binding to the ankyrin repeat domain of integrin-linked kinase	19963065	10.1016/j.jsb.2009.12.002	2010	2	0	ZN	ZN	1	1	1
BPT4	18	3J2M	The X-ray structure of the gp15 hexamer and the model of the gp18 protein fitted into the cryo-EM reconstruction of the extended T4 tail	23434847	10.1016/j.jmb.2013.02.012	2013	2	0			0	0	1
BPT4	18	3J2N	The X-ray structure of the gp15 hexamer and the model of the gp18 protein fitted into the cryo-EM reconstruction of the contracted T4 tail	23434847	10.1016/j.jmb.2013.02.012	2013	2	0			0	0	1
BPT4	wac	3J2O	Model of the bacteriophage T4 fibritin based on the cryo-EM reconstruction of the contracted T4 tail containing the phage collar and whiskers	23434847	10.1016/j.jmb.2013.02.012	2013	1	0			0	0	0
ECOLI	SecG	3J45	Structure of a non-translocating SecY protein channel with the 70S ribosome	24153188	10.1038/nature12720	2013	6	5			0	0	1
ECOLI	SecG	3J46	Structure of the SecY protein translocation channel in action	24153188	10.1038/nature12720	2013	8	6			0	0	1
BPT4	20	3JA7	Cryo-EM structure of the bacteriophage T4 portal protein assembly at near-atomic resolution	26144253	10.1038/ncomms8548	2015	1	0			0	0	0
human	CYP51A1	3JUS	Crystal structure of human lanosterol 14alpha-demethylase (CYP51) in complex with econazole	20149798	10.1016/j.jmb.2010.01.075	2010	1	0	ECN,HEM,ECL	ECN,HEM,ECL	3	1	0
human	CYP51A1	3JUV	Crystal structure of human lanosterol 14alpha-demethylase (CYP51)	20149798	10.1016/j.jmb.2010.01.075	2010	1	0	HEM	HEM	1	1	0
BACSU	secA	3JV2	Crystal Structure of B. subtilis SecA with bound peptide	19850053	10.1016/j.jmb.2009.10.024	2009	2	0	ADP,MG	ADP,MG	2	1	1
PSEPK	pqqB	3JXP	Crystal Structure of the Coenzyme PQQ Synthesis Protein (PqqB) from Pseudomonas putida		10.4236/jbpc.2012.32023	2012	1	0	CL,ZN	ZN	1	1	0
human	HSPA1A	3JXU	Crystal structure of the human 70kDa heat shock protein 1A (Hsp70-1) ATPase domain in complex with ADP and inorganic phosphate	20072699	10.1371/journal.pone.0008625	2010	1	0	PO4,MG,ADP	MG,ADP	2	1	0
ARATH	PYR1	3K3K	Crystal structure of dimeric abscisic acid (ABA) receptor pyrabactin resistance 1 (PYR1) with ABA-bound closed-lid and ABA-free open-lid subunits	19933100	10.1126/science.1181829	2009	1	0	A8S	A8S	1	0	0
human	CASP6	3K7E	Crystal structure of human ligand-free mature caspase-6				1	0			0	0	0
human	PPP2CA	3K7V	Protein phosphatase 2A core complex bound to dinophysistoxin-1	19916524	10.1021/tx9001622	2009	2	0	MN,XT1,SO4	MN,XT1	2	1	1
human	PPP2CA	3K7W	Protein phosphatase 2A core complex bound to dinophysistoxin-2	19916524	10.1021/tx9001622	2009	2	0	MN,XT2,SO4	MN,XT2	2	1	1
ARATH	PYR1	3K90	The Abscisic acid receptor PYR1 in complex with Abscisic Acid	19898494	10.1038/nature08591	2009	1	0	ACY,GOL,A8S	A8S	1	0	0
ACET2	cipA	3KCP	Crystal structure of interacting Clostridium thermocellum multimodular components	20070943	10.1016/j.jmb.2010.01.015	2010	2	0	CL,CA	CA	1	0	1
human	LPA	3KIV	RECOMBINANT KRINGLE IV-10/M66 VARIANT OF HUMAN APOLIPOPROTEIN(A)	10026282	10.1021/bi9820558	1999	1	0	ACA	ACA	1	0	0
human	CASP8	3KJN	Caspase 8 bound to a covalent inhibitor	20580860	10.1016/j.bbapap.2010.05.007	2010	2	0	B93,DTT	B93	1	0	1
human	CASP8	3KJQ	Caspase 8 with covalent inhibitor	20580860	10.1016/j.bbapap.2010.05.007	2010	2	0	B94	B94	1	0	1
human	ILK	3KMU	Crystal structure of the ILK/alpha-parvin core complex (apo)	20005845	10.1016/j.molcel.2009.11.028	2009	2	0			0	0	1
human	ILK	3KMW	Crystal structure of the ILK/alpha-parvin core complex (MgATP)	20005845	10.1016/j.molcel.2009.11.028	2009	2	0	ATP,MG	ATP,MG	2	1	1
BOVIN	CRYAA	3L1E	Bovine AlphaA crystallin Zinc Bound	20440841	10.1002/pro.380	2010	1	0	GOL,ZN	ZN	1	1	0
BOVIN	CRYAA	3L1F	Bovine AlphaA crystallin	20440841	10.1002/pro.380	2010	1	0	MPD		0	0	0
ECOLI	gmhB	3L1U	Crystal structure of Calcium-bound GmhB from E. coli.	20050699	10.1021/bi901780j	2010	1	0	CA,ZN	CA,ZN	2	1	0
ECOLI	gmhB	3L1V	Crystal structure of GmhB from E. coli in complex with calcium and phosphate.	20050699	10.1021/bi901780j	2010	1	0	PO4,CA,ZN	CA,ZN	2	1	0
CANLF	Canf2	3L4R	Crystal structure of the dog lipocalin allergen Can f 2 and implications for cross-reactivity to the cat allergen Fel d 4	20621650	10.1016/j.jmb.2010.05.043	2010	1	0	GOL		0	0	0
human	GMFG	3L50	The crystal structure of human Glia Maturation Factor, Gamma (GMFG)				1	0	CL		0	0	0
DROME	CG5565	3L5K	The crystal structure of human Haloacid Dehalogenase-like Hydrolase Domain containing 1A (HDHD1A)				1	0	CL,GOL,K		0	0	0
ECOLI	gmhB	3L8E	Crystal Structure of apo form of D,D-heptose 1.7-bisphosphate phosphatase from E. Coli	20050614	10.1021/bi902019q	2010	1	0	ACY,ZN	ZN	1	1	0
ECOLI	gmhB	3L8F	Crystal Structure of D,D-heptose 1.7-bisphosphate phosphatase from E. Coli complexed with magnesium and phosphate	20050614	10.1021/bi902019q	2010	1	0	PO4,ZN,MG	ZN,MG	2	1	0
ECOLI	gmhB	3L8G	Crystal Structure of D,D-heptose 1.7-bisphosphate phosphatase from E. Coli complexed with D-glycero-D-manno-heptose 1 ,7-bisphosphate	20050614	10.1021/bi902019q	2010	1	0	GMB,NA,ZN,MG	GMB,ZN,MG	3	1	0
human	CYP51A1	3LD6	Crystal structure of human lanosterol 14alpha-demethylase (CYP51) in complex with ketoconazole	20149798	10.1016/j.jmb.2010.01.075	2010	1	0	KKK,HEM	KKK,HEM	2	1	0
human	CYB5R4	3LF5	Structure of Human NADH cytochrome b5 oxidoreductase (Ncb5or) b5 Domain to 1.25A Resolution	20630863	10.1074/jbc.M110.120329	2010	1	0	SO4,HEM	HEM	1	1	0
BACSU	spoVAD	3LM6	Crystal Structure of Stage V sporulation protein AD (spoVAD) from Bacillus subtilis, Northeast Structural Genomics Consortium Target SR525				1	0			0	0	0
human	HEXB	3LMY	The Crystal Structure of beta-hexosaminidase B in complex with Pyrimethamine				1	0	SO4,CP6,NAG,NDG	CP6,NAG,NDG	3	0	0
human	HSPA1A	3LOF	C-terminal domain of human heat shock 70kDa protein 1B.				1	0			0	0	0
human	HTT	3LRH	Structure of anti-huntingtin VL domain in complex with huntingtin peptide	21968397	10.1016/j.jmb.2011.09.034	2011	2	0			0	0	1
human	PIK3C3	3LS8	Crystal structure of human PIK3C3 in complex with 3-[4-(4-Morpholinyl)thieno[3,2-d]pyrimidin-2-yl]-phenol				1	0	GOL,CL,AJZ	AJZ	1	0	0
yeast	SOD2	3LSU	Crystal Structure of SOD2 from Saccharomyces cerevisiae				1	0	NA,GOL,MN	MN	1	1	0
human	CYP46A1	3MDM	Thioperamide complex of Cytochrome P450 46A1	20667828	10.1074/jbc.M110.143313	2010	1	0	FJZ,HEM	FJZ,HEM	2	1	0
human	CYP46A1	3MDR	Tranylcypromine complex of Cytochrome P450 46A1	20667828	10.1074/jbc.M110.143313	2010	1	0	GJZ,HEM	GJZ,HEM	2	1	0
human	CYP46A1	3MDT	Voriconazole complex of Cytochrome P450 46A1	20667828	10.1074/jbc.M110.143313	2010	1	0	VOR,HEM	VOR,HEM	2	1	0
human	CYP46A1	3MDV	Clotrimazole complex of Cytochrome P450 46A1	20667828	10.1074/jbc.M110.143313	2010	1	0	CL6,HEM	CL6,HEM	2	1	0
human	PDGFB	3MJG	The structure of a platelet derived growth factor receptor complex	20534510	10.1073/pnas.1000806107	2010	2	0	NAG,NDG	NAG,NDG	2	0	1
human	TKT	3MOS	The structure of human Transketolase	20667822	10.1074/jbc.M110.149955	2010	1	0	NA,EDO,CA,TPP	CA,TPP	2	1	0
human	HMGCL	3MP3	Crystal Structure of Human Lyase in complex with inhibitor HG-CoA	20558737	10.1074/jbc.M110.139931	2010	1	0	HGG,MG,3HG	HGG,MG,3HG	3	0	0
human	HMGCL	3MP4	Crystal structure of Human lyase R41M mutant	20558737	10.1074/jbc.M110.139931	2010	1	0			0	0	0
human	HMGCL	3MP5	Crystal Structure of Human Lyase R41M in complex with HMG-CoA	20558737	10.1074/jbc.M110.139931	2010	1	0	MG,HMG	MG,HMG	2	0	0
human	ASH1L	3MQM	Crystal Structure of the Bromodomain of human ASH1L	22464331	10.1016/j.cell.2012.02.013	2012	1	0			0	0	0
human	ACLY	3MWD	Truncated Human ATP-Citrate Lyase with Citrate Bound	20558738	10.1074/jbc.M109.078667	2010	2	0	CIT	CIT	1	0	1
human	ACLY	3MWE	Truncated Human ATP-Citrate Lyase with Tartrate Bound	20558738	10.1074/jbc.M109.078667	2010	2	0	TLA,MG	MG	1	0	1
DANRE	cryaa	3N3E	Zebrafish AlphaA crystallin	20669149	10.1002/pro.471	2010	1	0			0	0	0
human	CYP11A1	3N9Y	Crystal structure of human CYP11A1 in complex with cholesterol	21636783	10.1073/pnas.1019441108	2011	2	0	FES,CLR,HEM	FES,CLR,HEM	3	1	1
human	CYP11A1	3N9Z	Crystal structure of human CYP11A1 in complex with 22-hydroxycholesterol	21636783	10.1073/pnas.1019441108	2011	2	0	FES,HC9,HEM	FES,HC9,HEM	3	1	1
human	CYP11A1	3NA0	Crystal structure of human CYP11A1 in complex with 20,22-dihydroxycholesterol	21636783	10.1073/pnas.1019441108	2011	2	0	FES,2DC,HEM	FES,2DC,HEM	3	1	1
human	CYP11A1	3NA1	Crystal structure of human CYP11A1 in complex with 20-hydroxycholesterol	21636783	10.1073/pnas.1019441108	2011	2	0	FES,HCD,HEM	FES,HCD,HEM	3	1	1
human	UPP1	3NBQ	Human uridine phosphorylase 1 (hUPP1) with 5-fluorouracil	20856879	10.1371/journal.pone.0012741	2010	1	0	URF	URF	1	0	0
human	BPGM	3NFY	The Structure of Human Bisphosphoglycerate Mutase to 1.94A	21045285	10.1107/S1744309110035475	2010	1	0			0	0	0
ARATH	PYR1	3NJO	X-ray crystal structure of the Pyr1-pyrabactin A complex	20729860	10.1038/nsmb.1898	2010	1	0	CL,P2M,NA,SO4,PYV	P2M,PYV	2	0	0
human	CASP6	3NKF	Crystal structure of human ligand-free mature caspase-6 with intersubunit linker attached	21111746	10.1016/j.jmb.2010.11.031	2011	1	0			0	0	0
human	PPOX	3NKS	Structure of human protoporphyrinogen IX oxidase	21048046	10.1096/fj.10-170811	2011	1	0	GOL,FAD,ACJ	FAD,ACJ	2	1	0
human	CASP6	3NR2	Crystal structure of Caspase-6 zymogen	20890311	10.1038/embor.2010.141	2010	1	0			0	0	0
rat	Mapk1	3O71	Crystal structure of ERK2/DCC peptide complex	21070949	10.1016/j.str.2010.08.011	2010	2	0	SCN		0	0	1
human	CASP6	3OD5	Crystal structure of active caspase-6 bound with Ac-VEID-CHO	20890311	10.1038/embor.2010.141	2010	2	0	CAC		0	0	1
ARATH	COI1	3OGK	Structure of COI1-ASK1 in complex with coronatine and an incomplete JAZ1 degron	20927106	10.1038/nature09430	2010	3	0	PO4,OGK	OGK	1	0	1
ARATH	COI1	3OGL	Structure of COI1-ASK1 in complex with JA-isoleucine and the JAZ1 degron	20927106	10.1038/nature09430	2010	3	0	PO4,7JA	7JA	1	0	1
ARATH	COI1	3OGM	Structure of COI1-ASK1 in complex with coronatine and the JAZ1 degron	20927106	10.1038/nature09430	2010	3	0	PO4,OGK	OGK	1	0	1
human	TKT	3OOY	Crystal structure of human Transketolase (TKT)				1	0	EDO,ACT,CA,TPP	CA,TPP	2	1	0
human	ASH1L	3OPE	Structural Basis of Auto-inhibitory mechanism of Histone methyltransferase	21239497	10.1074/jbc.M110.203380	2011	1	0	SAM,ZN	SAM,ZN	2	1	0
human	GAMT	3ORH	Human guanidinoacetate N-methyltransferase with SAH				1	0	SAH	SAH	1	1	0
BACTH	Q8A5T1	3OSD	Crystal structure of a putative glycosyl hydrolase (BT2157) from BACTEROIDES THETAIOTAOMICRON VPI-5482 at 1.80 A resolution				1	0	EDO,K		0	0	0
BACTN	BT_2157	3OSD	Crystal structure of a putative glycosyl hydrolase (BT2157) from BACTEROIDES THETAIOTAOMICRON VPI-5482 at 1.80 A resolution				1	0	EDO,K		0	0	0
human	UPP2	3P0E	Structure of hUPP2 in an active conformation with bound 5-benzylacyclouridine	21855639	10.1016/j.jsb.2011.08.002	2011	1	0	PO4,BAU	BAU	1	0	0
human	UPP2	3P0F	Structure of hUPP2 in an inactive conformation with bound 5-benzylacyclouridine	21855639	10.1016/j.jsb.2011.08.002	2011	1	0	MG,CO,BAU	MG,CO,BAU	3	1	0
human	CASP6	3P45	Crystal structure of apo-caspase-6 at physiological pH				2	0			0	0	1
human	CASP6	3P4U	Crystal structure of active caspase-6 in complex with Ac-VEID-CHO inhibitor				3	0			0	0	1
human	PPP2CA	3P71	Crystal structure of the complex of LCMT-1 and PP2A	21292165	10.1016/j.molcel.2010.12.030	2011	2	0	MN,AN6,PEG	MN,AN6	2	1	1
ARATH	CTR1	3P86	Crystal structure of CTR1 kinase domain mutant D676N in complex with staurosporine	22155294	10.1016/j.jmb.2011.11.046	2012	1	0	STU	STU	1	0	0
PSEAE	ftsI	3PBN	Crystal Structure of Apo PBP3 from Pseudomonas aeruginosa	21135211	10.1073/pnas.1013092107	2010	1	0			0	0	0
PSEAE	ftsI	3PBO	Crystal structure of PBP3 complexed with ceftazidime	21135211	10.1073/pnas.1013092107	2010	1	0	CAZ	CAZ	1	0	0
PSEAE	ftsI	3PBQ	Crystal structure of PBP3 complexed with imipenem	21135211	10.1073/pnas.1013092107	2010	1	0	IM2	IM2	1	0	0
PSEAE	ftsI	3PBR	Crystal structure of PBP3 complexed with meropenem	21135211	10.1073/pnas.1013092107	2010	1	0	MER	MER	1	0	0
PSEAE	ftsI	3PBS	Crystal structure of PBP3 complexed with aztreonam	21135211	10.1073/pnas.1013092107	2010	1	0	AZR	AZR	1	0	0
PSEAE	ftsI	3PBT	Crystal structure of PBP3 complexed with MC-1	21135211	10.1073/pnas.1013092107	2010	1	0	UE1	UE1	1	0	0
human	ACLY	3PFF	Truncated human atp-citrate lyase with ADP and tartrate bound	22102020	10.1107/S1744309111028363	2011	1	0	ADP,TLA,MG	ADP,MG	2	1	0
human	HDAC6	3PHD	Crystal structure of human HDAC6 in complex with ubiquitin	22069321	10.1074/jbc.M111.273730	2012	2	0	ZN	ZN	1	1	1
ARATH	CTR1	3PPZ	Crystal structure of CTR1 kinase domain in complex with staurosporine	22155294	10.1016/j.jmb.2011.11.046	2012	1	0	STU	STU	1	0	0
PSEPK	aroE	3PWZ	Crystal structure of an Ael1 enzyme from Pseudomonas putida	21846128	10.1021/bi200586y	2011	1	0			0	0	0
PSEPK	aroE__Q88IJ7	3PWZ	Crystal structure of an Ael1 enzyme from Pseudomonas putida	21846128	10.1021/bi200586y	2011	1	0			0	0	0
human	HSPA1A	3Q49	Crystal structure of the TPR domain of CHIP complexed with Hsp70-C peptide	21454478	10.1074/jbc.M110.201814	2011	2	0			0	0	1
ARATH	PYR1	3QN1	Crystal structure of the PYR1 Abscisic Acid receptor in complex with the HAB1 type 2C phosphatase catalytic domain	21357183	10.1104/pp.110.170894	2011	2	0	MN,A8S	MN,A8S	2	1	1
human	CASP6	3QNW	Caspase-6 in complex with Z-VAD-FMK inhibitor	21820899	10.1016/j.bmcl.2011.07.041	2011	3	0			0	0	1
rat	Mapk1	3QYW	Crystal structure of ERK2 in complex with an inhibitor	21904027	10.1107/S0907444911023249	2011	1	0	SO4,DMS,6PB	6PB	1	0	0
rat	Mapk1	3QYZ	Crystal structure of ERK2 in complex with an inhibitor	21904027	10.1107/S0907444911023249	2011	1	0	BME,SO4,DMS,Z8B	Z8B	1	0	0
rat	Mapk1	3R63	Structure of ERK2 (SPE) mutant (S246E)	21730285	10.1128/MCB.05424-11	2011	1	0			0	0	0
human	DDC	3RBF	Crystal structure of Human aromatic L-amino acid decarboxylase (AADC) in the apo form	22143761	10.1073/pnas.1111456108	2011	1	0	CL,PLP	PLP	1	1	0
human	DDC	3RBL	Crystal structure of Human aromatic L-amino acid decarboxylase (AADC) in the apo form	22143761	10.1073/pnas.1111456108	2011	1	0	CL		0	0	0
human	DDC	3RCH	Crystal structure of Human aromatic L-amino acid decarboxylase (AADC) in the open conformation with LLP and PLP bound to Chain-A and Chain-B respectively	22143761	10.1073/pnas.1111456108	2011	2	0	PLP	PLP	1	1	1
human	ILK	3REP	Crystal structure of the ILK/alpha-parvin core complex (MnATP)				2	0	MN,ATP	MN,ATP	2	1	1
yeast	SOD2	3RN4	Crystal structure of iron-substituted Sod2 from Saccharomyces cerevisiae	22102021	10.1107/S1744309111029186	2011	1	0	FE	FE	1	1	0
human	DBT	3RNM	The crystal structure of the subunit binding of human dihydrolipoamide transacylase (E2b) bound to human dihydrolipoamide dehydrogenase (E3)	21543315	10.1074/jbc.M110.202960	2011	2	0	BME,FAD,NHE	FAD,NHE	2	1	1
human	HADH	3RQS	Crystal Structure of human L-3- Hydroxyacyl-CoA dehydrogenase (EC1.1.1.35) from mitochondria at the resolution 2.0 A, Northeast Structural Genomics Consortium Target HR487, Mitochondrial Protein Partnership				1	0	GOL		0	0	0
human	CYP17A1	3RUK	Human Cytochrome P450 CYP17A1 in complex with Abiraterone	22266943	10.1038/nature10743	2012	1	0	AER,HEM	AER,HEM	2	1	0
human	SRM	3RW9	Crystal Structure of human Spermidine Synthase in Complex with decarboxylated S-adenosylhomocysteine	21898642	10.1002/pro.717	2011	1	0	DSH	DSH	1	0	0
human	HOGA1	3S5N	Crystal Structure of Human 4-hydroxy-2-oxoglutarate Aldolase	21998747	10.1371/journal.pone.0026021	2011	1	0	EDO,NA,K		0	0	0
human	HOGA1	3S5O	Crystal Structure of Human 4-hydroxy-2-oxoglutarate Aldolase Bound to Pyruvate	21998747	10.1371/journal.pone.0026021	2011	1	0	K,EDO		0	0	0
human	CASP6	3S70	Crystal structure of active caspase-6 bound with Ac-VEID-CHO solved by As-SAD	21912678	10.1371/journal.pone.0024227	2011	2	0	CAC,MG,ACT	MG	1	0	1
human	CYP19A1	3S79	Human placental aromatase cytochrome P450 (CYP19A1) refined at 2.75 angstrom	22951074	10.1021/jm300930n	2012	1	0	HEM,PO4,ASD	HEM,ASD	2	1	0
human	CYP19A1	3S7S	Crystal structure of human placental aromatase complexed with breast cancer drug exemestane	22951074	10.1021/jm300930n	2012	1	0	EXM,HEM	EXM,HEM	2	1	0
human	CASP6	3S8E	Phosphorylation regulates assembly of the caspase-6 substrate-binding groove	22483120	10.1016/j.str.2012.02.003	2012	1	0			0	0	0
human	MAPK1	3SA0	Complex of ERK2 with norathyriol	22084399	10.1158/0008-5472.CAN-11-2596	2012	1	0	NRA,SO4	NRA	1	0	0
human	MMACHC	3SBY	Crystal Structure of SeMet-Substituted Apo-MMACHC (1-244), a human B12 processing enzyme	21697092	10.1074/jbc.M111.261370	2011	1	0			0	0	0
human	MMACHC	3SBZ	Crystal Structure of Apo-MMACHC (1-244), a human B12 processing enzyme	21697092	10.1074/jbc.M111.261370	2011	1	0	MLI,GOL		0	0	0
human	MMACHC	3SC0	Crystal Structure of MMACHC (1-238), a human B12 processing enzyme, complexed with MethylCobalamin	21697092	10.1074/jbc.M111.261370	2011	1	0	COB	COB	1	1	0
mouse	Cftr	3SI7	The crystal structure of the NBD1 domain of the mouse CFTR protein, deltaF508 mutant	22265409	10.1016/j.cell.2011.11.023	2012	1	0	ATP,MG,ACT	ATP,MG	2	1	0
human	CYP7A1	3SN5	Crystal structure of human CYP7A1 in complex with cholest-4-en-3-one				1	0	HEM,K2B,UNX	HEM,K2B	2	1	0
human	MAGI3	3SOE	Crystal Structure of the 3rd PDZ domain of the human Membrane-associated guanylate kinase, WW and PDZ domain-containing protein 3 (MAGI3)				1	0	EDO		0	0	0
human	MMACHC	3SOM	crystal structure of human MMACHC	22642810	10.1021/bi300150y	2012	1	0	B12,FLC,DHL,5AD,EDO	B12,DHL,5AD	3	1	0
human	CYP17A1	3SWZ	Human Cytochrome P450 17A1 in complex with TOK-001	22266943	10.1038/nature10743	2012	1	0	HEM,TOK	HEM,TOK	2	1	0
human	LGALS3	3T1L	Crystal structure of human Galectin-3 in complex with methyl 2-O-acetyl-3-O-toluoyl-beta-D-talopyranoside	22136701	10.1111/j.1747-0285.2011.01283.x	2012	1	0	CL,MQT	MQT	1	0	0
human	LGALS3	3T1M	Crystal structure of human galectin-3 carbohydrate recognition domain in complex with methyl 3-deoxy-2-O-toluoyl-3-N-toluoyl-beta-D-talopyranoside	22136701	10.1111/j.1747-0285.2011.01283.x	2012	1	0	CL,DQT	DQT	1	0	0
human	MAPK1	3TEI	Crystal structure of human ERK2 complexed with a MAPK docking peptide	23047924	10.1126/scisignal.2003004	2012	2	0	ANP	ANP	1	1	1
human	IL21	3TGX	IL-21:IL21R complex	22235133	10.1074/jbc.M111.311084	2012	2	0	MAN,SO4,NI	MAN,NI	2	1	1
human	GLB1	3THC	Crystal structure of human beta-galactosidase in complex with galactose	22128166	10.1074/jbc.M111.293795	2012	1	0	NAG,GAL,SO4,EDO,CL	NAG,GAL	2	0	0
human	GLB1	3THD	Crystal structure of human beta-galactosidase in complex with 1-deoxygalactonojirimycin	22128166	10.1074/jbc.M111.293795	2012	1	0	NAG,CL,DGJ,SO4,EDO	NAG,DGJ	2	0	0
human	PRDX4	3TJB	Crystal structure of wild-type human peroxiredoxin IV	21994946	10.1074/jbc.M111.298810	2011	1	0			0	0	0
human	PRDX4	3TJF	Crystal Structure of human peroxiredoxin IV C51A mutant in reduced form	21994946	10.1074/jbc.M111.298810	2011	1	0	SO4		0	0	0
human	PRDX4	3TJG	Crystal Structure of human peroxiredoxin IV C51A mutant in oxidized form	21994946	10.1074/jbc.M111.298810	2011	1	0			0	0	0
human	PRDX4	3TJJ	Crystal structure of human peroxiredoxin IV C245A mutant in sulfenylated form	21994946	10.1074/jbc.M111.298810	2011	1	0			0	0	0
human	PRDX4	3TJK	Crystal Structure of human peroxiredoxin IV C245A mutant in reduced form	21994946	10.1074/jbc.M111.298810	2011	1	0			0	0	0
human	FASN	3TJM	Crystal Structure of the Human Fatty Acid Synthase Thioesterase Domain with an Activate Site-Specific Polyunsaturated Fatty Acyl Adduct	21908709	10.1073/pnas.1112334108	2011	1	0	7FA	7FA	1	0	0
human	PRDX4	3TKP	Crystal structure of full-length human peroxiredoxin 4 in the reduced form	21916849	10.1042/BJ20110380	2011	1	0			0	0	0
human	PRDX4	3TKQ	Crystal structure of full-length human peroxiredoxin 4 with mixed conformation	21916849	10.1042/BJ20110380	2011	1	0			0	0	0
human	PRDX4	3TKR	Crystal structure of full-length human peroxiredoxin 4 with T118E mutation	21916849	10.1042/BJ20110380	2011	1	0			0	0	0
human	PRDX4	3TKS	Crystal structure of full-length human peroxiredoxin 4 in three different redox states	21916849	10.1042/BJ20110380	2011	3	0	PER	PER	1	0	1
human	THTPA	3TVL	Complex between the human thiamine triphosphatase and triphosphate	23707715	10.1016/j.bbagen.2013.05.014	2013	1	0	3PO,EDO	3PO	1	0	0
ECOLX	hph	3TYK	Crystal structure of aminoglycoside phosphotransferase APH(4)-Ia	21084294		2011	1	0	HY0,CL	HY0	1	0	0
human	APEX1	3U8U	Crystal structure of Human Apurinic/Apyridinimic Endonuclease, Ape1 in a new crystal form				1	0	MG,CL	MG	1	0	0
yeast	SHQ1	3UAH	Structure of the Shq1 specific domain from Saccharomyces cerevisiae	22117216	10.1038/emboj.2011.427	2011	1	0			0	0	0
yeast	SHQ1	3UAI	Structure of the Shq1-Cbf5-Nop10-Gar1 complex from Saccharomyces cerevisiae	22117216	10.1038/emboj.2011.427	2011	4	0			0	0	1
ARATH	OST1	3UC4	The crystal structure of Snf1-related kinase 2.6	22160701	10.1073/pnas.1118651109	2011	1	0			0	0	0
ARATH	OST1	3UDB	Crystal structure of SnRK2.6				1	0	CL		0	0	0
human	AADAT	3UE8	Kynurenine Aminotransferase II Inhibitors	24900455	10.1021/ml200204m	2012	1	0	CL,09M	09M	1	0	0
human	BIRC5	3UEC	Crystal structure of human Survivin bound to histone H3 phosphorylated on threonine-3.	22357620	10.1091/mbc.E11-11-0904	2012	2	0	ZN,EDO,PG4,1PE,ACT,PEG	ZN	1	1	1
human	BIRC5	3UED	Crystal structure of human Survivin bound to histone H3 phosphorylated on threonine-3 (C2 space group).	22357620	10.1091/mbc.E11-11-0904	2012	2	0	ZN	ZN	1	1	1
human	BIRC5	3UEE	Crystal structure of human Survivin K62A mutant bound to N-terminal histone H3	22357620	10.1091/mbc.E11-11-0904	2012	2	0	ZN	ZN	1	1	1
human	BIRC5	3UEF	Crystal structure of human Survivin bound to histone H3 (C2 space group).	22357620	10.1091/mbc.E11-11-0904	2012	2	0	EDO,ZN	ZN	1	1	1
human	BIRC5	3UEG	Crystal structure of human Survivin K62A mutant	22357620	10.1091/mbc.E11-11-0904	2012	1	0	PG4,EDO,ZN	ZN	1	1	0
human	BIRC5	3UEH	Crystal structure of human Survivin H80A mutant	22357620	10.1091/mbc.E11-11-0904	2012	1	0	PGE,PEG,EDO,ZN	ZN	1	1	0
human	BIRC5	3UEI	Crystal structure of human Survivin E65A mutant	22357620	10.1091/mbc.E11-11-0904	2012	1	0	ZN	ZN	1	1	0
human	P4HB	3UEM	Crystal structure of human PDI bb'a' domains	22090031	10.1074/jbc.M111.303149	2012	1	0	D1D	D1D	1	0	0
human	BIRC5	3UIG	crystal structure of human Survivin in complex with T3 phosphorylated H3(1-15) peptide	22244766	10.1016/j.str.2011.12.001	2012	2	0	ZN	ZN	1	1	1
human	BIRC5	3UIH	crystal structure of human Survivin in complex with Smac/DIABLO(1-15) peptide	22244766	10.1016/j.str.2011.12.001	2012	2	0	ZN	ZN	1	1	1
ARATH	OST1	3UJG	Crystal structure of SnRK2.6 in complex with HAB1	22116026	10.1126/science.1215106	2012	2	0	MG,SO4	MG	1	0	1
ACET2	ancA	3UL4	Crystal structure of Coh-OlpA(Cthe_3080)-Doc918(Cthe_0918) complex: A novel type I Cohesin-Dockerin complex from Clostridium thermocellum ATTC 27405	23118225	10.1074/jbc.M112.407700	2012	2	0	SO4,CA,PEG	CA	1	0	1
human	NLRX1	3UN9	Crystal structure of an immune receptor	22386589	10.1016/j.immuni.2011.12.018	2012	1	0	PT	PT	1	0	0
human	HDAC4	3UXG	Crystal structure of RFXANK	22649097	10.1126/scisignal.2002979	2012	2	0	UNX		0	0	1
human	HDAC4	3UZD	Crystal structure of 14-3-3 GAMMA	22649097	10.1126/scisignal.2002979	2012	2	0	NO3,MG	MG	1	0	1
human	AKR1D1	3UZW	Crystal structure of 5beta-reductase (AKR1D1) E120H mutant in complex with NADP+	22437839	10.1074/jbc.M111.338780	2012	1	0	NAP,CL	NAP	1	1	0
human	AKR1D1	3UZX	Crystal structure of 5beta-reductase (AKR1D1) E120H mutant in complex with NADP+ and epiandrosterone	22437839	10.1074/jbc.M111.338780	2012	1	0	NAP,AOM,AOX,CL	NAP,AOM,AOX	3	1	0
human	AKR1D1	3UZY	Crystal structure of 5beta-reductase (AKR1D1) E120H mutant in complex with NADP+ and 5beta-dihydrotestosterone	22437839	10.1074/jbc.M111.338780	2012	1	0	NAP,BDT,CL	NAP,BDT	2	1	0
human	AKR1D1	3UZZ	Crystal structure of 5beta-reductase (AKR1D1) E120H mutant in complex with NADP+ and delta4-androstenedione	22437839	10.1074/jbc.M111.338780	2012	1	0	NAP,ASD,CL,TES	NAP,ASD,TES	3	1	0
HORSE	ALB	3V08	Crystal structure of Equine Serum Albumin	22677715	10.1016/j.molimm.2012.05.011	2012	1	0	PG4,UNX,EDO,SO4,BR		0	0	0
human	HDAC4	3V31	Crystal Structure of the Peptide Bound Complex of the Ankyrin Repeat Domains of Human ANKRA2	22649097	10.1126/scisignal.2002979	2012	2	0	CL,NA		0	0	1
human	CASP6	3V6L	Crystal Structure of caspase-6 inactivation mutation	22433863	10.1074/jbc.M112.351213	2012	1	0			0	0	0
human	CASP6	3V6M	Inhibition of caspase-6 activity by single mutation outside the active site	22433863	10.1074/jbc.M112.351213	2012	1	0			0	0	0
human	CYP7A1	3V8D	Crystal structure of human CYP7A1 in complex with 7-ketocholesterol				1	0	HEM,0GV,SO4,UNX	HEM,0GV	2	1	0
yeast	PNC1	3V8E	Crystal structure of the yeast nicotinamidase Pnc1p bound to the inhibitor nicotinaldehyde	22229411	10.1021/bi2015508	2012	1	0	MG,ZN	MG,ZN	2	1	0
human	GAD1	3VP6	Structural characterization of Glutamic Acid Decarboxylase; insights into the mechanism of autoinactivation	23126365	10.1042/BSR20120111	2013	1	0	GOL,HLD	HLD	1	0	0
human	TTK	3VQU	CRYSTAL STRUCTURE OF HUMAN MPS1 CATALYTIC DOMAIN IN COMPLEX WITH 4-[(4-amino-5-cyano-6-ethoxypyridin-2- yl)amino]benzamide	24900510	10.1021/ml3000879	2012	1	0	IOD,O22	O22	1	0	0
human	MAP3K5	3VW6	Crystal structure of human apoptosis signal-regulating kinase 1 (ASK1) with imidazopyridine inhibitor	23147077	10.1016/j.bmcl.2012.10.084	2012	1	0	IM6	IM6	1	0	0
human	SPHK1	3VZB	Crystal structure of Sphingosine Kinase 1	23602659	10.1016/j.str.2013.02.025	2013	1	0	EDO,SO4,SQS	SQS	1	0	0
human	SPHK1	3VZC	Crystal structure of Sphingosine Kinase 1 with inhibitor	23602659	10.1016/j.str.2013.02.025	2013	1	0	EDO,UUL	UUL	1	0	0
human	SPHK1	3VZD	Crystal structure of Sphingosine Kinase 1 with inhibitor and ADP	23602659	10.1016/j.str.2013.02.025	2013	1	0	ADP,CL,MG,POP,UUL	ADP,MG,POP,UUL	4	1	0
ECOLX	hph	3W0M	Crystal structure of a thermostable mutant of aminoglycoside phosphotransferase APH(4)-Ia, apo form	23747390	10.1016/j.jsb.2013.05.023	2013	1	0	MPD		0	0	0
ECOLX	hph	3W0N	Crystal structure of a thermostable mutant of aminoglycoside phosphotransferase APH(4)-Ia, ternary complex with AMP-PNP and hygromycin B	23747390	10.1016/j.jsb.2013.05.023	2013	1	0	ANP,HY0	ANP,HY0	2	1	0
ECOLX	hph	3W0O	Crystal structure of a thermostable mutant of aminoglycoside phosphotransferase APH(4)-Ia, ternary complex with ADP and hygromycin B	23747390	10.1016/j.jsb.2013.05.023	2013	1	0	ADP,HY0	ADP,HY0	2	1	0
ECOLX	hph	3W0P	Crystal structure of a thermostable mutant of aminoglycoside phosphotransferase APH(4)-Ia (D198A), ternary complex with ADP and hygromycin B	23747390	10.1016/j.jsb.2013.05.023	2013	1	0	ADP,HY0	ADP,HY0	2	1	0
ECOLX	hph	3W0Q	Crystal structure of a thermostable mutant of aminoglycoside phosphotransferase APH(4)-Ia (N203A), ternary complex with AMP-PNP and hygromycin B	23747390	10.1016/j.jsb.2013.05.023	2013	1	0	ANP,HY0	ANP,HY0	2	1	0
ECOLX	hph	3W0R	Crystal structure of a thermostable mutant of aminoglycoside phosphotransferase APH(4)-Ia (N202A), ternary complex with AMP-PNP and hygromycin B	23747390	10.1016/j.jsb.2013.05.023	2013	1	0	ANP,HY0	ANP,HY0	2	1	0
ECOLX	hph	3W0S	Crystal structure of aminoglycoside phosphotransferase APH(4)-Ia, ternary complex with AMP-PNP and hygromycin B	23747390	10.1016/j.jsb.2013.05.023	2013	1	0	HY0,ANP,MG	HY0,ANP,MG	3	1	0
human	TTK	3W1F	Crystal structure of Human MPS1 catalytic domain in complex with 5-(5-ethoxy-6-(1-methyl-1H-pyrazol-4-yl)-1H-indazol-3-yl)-2-methylbenzenesulfonamide	23634759	10.1021/jm4000215	2013	1	0	1O5	1O5	1	0	0
human	MAPK1	3W55	The structure of ERK2 in complex with FR148083	17194451	10.1016/j.bbrc.2006.12.083	2007	1	0	1FM	1FM	1	0	0
human	IDUA	3W81	Human alpha-l-iduronidase	23959878	10.1073/pnas.1306939110	2013	1	0	NAG,TLA,PO4,GOL,PO3,CL	NAG,PO3	2	0	0
human	IDUA	3W82	Human alpha-L-iduronidase in complex with iduronic acid	23959878	10.1073/pnas.1306939110	2013	1	0	PO4,CL,IDR,NAG,PO3,TLA	IDR,NAG,PO3	3	0	0
human	GLB1	3WEZ	Crystal structure of human beta-galactosidase in complex with NOEV				1	0	NAG,CL,N8V,SO4,EDO	NAG,N8V	2	0	0
human	GLB1	3WF0	Crystal structure of human beta-galactosidase in complex with 6S-NBI-DGJ				1	0	CL,6DJ,EDO,SO4,NAG	6DJ,NAG	2	0	0
human	GLB1	3WF1	Crystal structure of human beta-galactosidase in complex with 6S-NBI-GJ				1	0	NAG,CL,6GJ,SO4,EDO	NAG,6GJ	2	0	0
human	GLB1	3WF2	Crystal structure of human beta-galactosidase in complex with NBT-DGJ				1	0	EDO,SO4,NDJ,CL,NAG	NDJ,NAG	2	0	0
human	GLB1	3WF3	Crystal structure of human beta-galactosidase mutant I51T in complex with Galactose				1	0	NAG,EDO,SO4,CL,GAL	NAG,GAL	2	0	0
human	GLB1	3WF4	Crystal structure of human beta-galactosidase mutant I51T in complex with 6S-NBI-DGJ				1	0	SO4,EDO,6DJ,CL,NAG	6DJ,NAG	2	0	0
ARATH	PYR1	3WG8	Crystal structure of the abscisic acid receptor PYR1 in complex with an antagonist AS6	24792952	10.1038/nchembio.1524	2014	1	0	6AS	6AS	1	0	0
BACSU	aprE	3WHI	Crystal structure of unautoprocessed form of IS1-inserted Pro-subtilisin E	24279884	10.1021/bi401342k	2013	1	0	CA	CA	1	0	0
human	AGT	3WOO	Crystal structure of the DAP BII hexapeptide complex I	24827749	10.1038/srep04977	2014	2	0	ZN,GOL	ZN	1	1	1
human	AGT	3WOR	Crystal structure of the DAP BII octapeptide complex	24827749	10.1038/srep04977	2014	2	0	GOL,ZN	ZN	1	1	1
human	STK3	3WWS	Crystal structure of Serine/threonine-protein kinase 3				2	0			0	0	1
BPT4	arn	3WX4	CRYSTAL STRUCTURE of T4 PHAGE ARN PROTEIN	25118281	10.1074/jbc.M114.590851	2014	1	0			0	0	0
DROME	awd	3WX8	Purification, characterization and structure of nucleoside diphosphate kinase from Drosophila S2 cells	25195176	10.1016/j.pep.2014.08.014	2014	1	0			0	0	0
human	TTK	3WYX	CRYSTAL STRUCTURE OF HUMAN MPS1 CATALYTIC DOMAIN IN COMPLEX WITH 6-((3-(cyanomethoxy)-4-(1-methyl-1H-pyrazol-4-yl)phenyl)amino)-2-(cyclohexylamino)nicotinonitrile	25801152	10.1016/j.bmc.2015.02.042	2015	1	0	O38,IOD	O38	1	0	0
human	TTK	3WYY	CRYSTAL STRUCTURE OF HUMAN MPS1 CATALYTIC DOMAIN IN COMPLEX WITH (E)-3-(4-((6-(((3s,5s,7s)-adamantan-1-yl)amino)-4-amino-5-cyanopyridin-2-yl)amino)-2-(cyanomethoxy)phenyl)-N-(2-methoxyethyl)acrylamide	25801152	10.1016/j.bmc.2015.02.042	2015	1	0	O17	O17	1	0	0
human	GOT1	3WZF	Crystal structure of human cytoplasmic aspartate aminotransferase				1	0			0	0	0
human	TTK	3WZJ	CRYSTAL STRUCTURE OF HUMAN MPS1 CATALYTIC DOMAIN IN COMPLEX WITH 4-(6-(cyclohexylamino)-8-(((tetrahydro-2H-pyran-4-yl)methyl)amino)imidazo[1,2-b]pyridazin-3-yl)-N-cyclopropylbenzamide	25625617	10.1021/jm501599u	2015	1	0	O43	O43	1	0	0
mouse	Ang2	3ZBV	Crystal Structure of murine Angiogenin-2	23170778	10.1111/FEBS.12071	2013	1	0	GOL,SO4,ZN	ZN	1	1	0
human	SIRT2	3ZGO	Re-refined structure of the human Sirt2 apoform	23454361	10.1016/J.JSB.2013.02.012	2013	1	0	EOH,EDO,PGE,P6G,ZN	EOH,ZN	2	1	0
human	SIRT2	3ZGV	Structure of human SIRT2 in complex with ADP-ribose	23454361	10.1016/J.JSB.2013.02.012	2013	1	0	PGE,GOL,AR6,ACT,ZN	AR6,ZN	2	1	0
human	GLOD4	3ZI1	Crystal structure of human glyoxalase domain-containing protein 4 (GLOD4)				1	0	EDO		0	0	0
human	PIK3CA	3ZIM	Discovery of a potent and isoform-selective targeted covalent inhibitor of the lipid kinase PI3Kalpha	23360348	10.1021/JM3008745	2013	1	0	KKR	KKR	1	0	0
DROME	cdm	3ZKV	Importin13 cytosolic state	23435562	10.1038/EMBOJ.2013.29	2013	1	0			0	0	0
HORSE	Equc4	3ZPM	Solution structure of latherin	23782536	10.1098/rsif.2013.0453	2013	1	0			0	0	0
human	LGALS3	3ZSJ	Crystal structure of Human Galectin-3 CRD in complex with Lactose at 0.86 angstrom resolution	22111949	10.1021/BI201459P	2012	1	0			0	0	0
human	LGALS3	3ZSK	Crystal structure of Human Galectin-3 CRD with glycerol bound at 0.90 angstrom resolution	22111949	10.1021/BI201459P	2012	1	0	GOL		0	0	0
rat	Mapk1	3ZU7	Crystal structure of a designed selected Ankyrin Repeat protein in complex with the MAP kinase ERK2	22843676	10.1073/PNAS.1205399109	2012	2	0			0	0	1
ARATH	OST1	3ZUT	The structure of OST1 (D160A) kinase	21983340	10.1016/j.jmb.2011.09.041	2011	1	0			0	0	0
ARATH	OST1	3ZUU	The structure of OST1 (D160A, S175D) kinase in complex with gold	21983340	10.1016/j.jmb.2011.09.041	2011	1	0	AU,EDO	AU	1	0	0
rat	Mapk1	3ZUV	Crystal structure of a designed selected Ankyrin Repeat protein in complex with the phosphorylated MAP kinase ERK2	22843676	10.1073/PNAS.1205399109	2012	2	0	SO4		0	0	1
yeast	SHQ1	3ZUZ	Structure of Shq1p C-terminal domain	22085966	10.1101/GAD.176834.111	2011	1	0	IPA	IPA	1	0	0
yeast	SHQ1	3ZV0	Structure of the SHQ1P-CBF5P complex	22085966	10.1101/GAD.176834.111	2011	2	0	GOL		0	0	1
ARATH	PYR1	3ZVU	Structure of the PYR1 His60Pro mutant in complex with the HAB1 phosphatase and Abscisic acid	21847091	10.1038/EMBOJ.2011.294	2011	2	0	A8S,MN,SO4	A8S,MN	2	1	1
DROME	insc	4A1S	Crystallographic structure of the Pins:Insc complex	22171003	10.1073/PNAS.1113077108	2011	2	0			0	0	1
human	CHMP1A	4A5X	Structures of MITD1	23045692	10.1073/PNAS.1206839109	2012	2	0	P15,GOL	P15	1	0	1
human	ASMT	4A6D	Crystal structure of human N-acetylserotonin methyltransferase (ASMT) in complex with SAM	22775292	10.1111/J.1600-079X.2012.01020.X	2013	1	0	GOL,SO4,SAM,ZN	SAM,ZN	2	1	0
human	ASMT	4A6E	Crystal structure of human N-acetylserotonin methyltransferase (ASMT) in complex with SAM and N-acetylserotonin	22775292	10.1111/J.1600-079X.2012.01020.X	2013	1	0	GOL,SO4,ASE,SAM,ZN	ASE,SAM,ZN	3	1	0
BETPN	Betv1	4A80	Crystal Structure of Major Birch Pollen Allergen Bet v 1 a in complex with 8-Anilinonaphthalene-1-sulfonate (ANS)	22634284	10.1016/J.JMB.2012.05.016	2012	1	0	SO4,2AN	2AN	1	0	0
BETPN	Betv1	4A81	Crystal Structure of Major Birch Pollen Allergen Bet v 1 a in ternary complex with 8-Anilinonaphthalene-1-sulfonate (ANS) and deoxycholic acid	22634284	10.1016/J.JMB.2012.05.016	2012	1	0	SO4,DXC,2AN,MPD,NA	DXC,2AN	2	0	0
BETPN	Betv1	4A83	Crystal Structure of Major Birch Pollen Allergen Bet v 1 a in complex with deoxycholate.	22634284	10.1016/J.JMB.2012.05.016	2012	1	0	MPD,SO4,DXC	DXC	1	0	0
BETPN	Betv1	4A84	Crystal Structure of Major Birch Pollen Allergen Bet v 1 a F30V mutant in complex with deoxycholate.	22634284	10.1016/J.JMB.2012.05.016	2012	1	0	DXC,MPD,SO4	DXC	1	0	0
BETPN	Betv1	4A85	Crystal Structure of Major Birch Pollen Allergen Bet v 1 a in complex with kinetin.	22634284	10.1016/J.JMB.2012.05.016	2012	1	0	MPD,TRS,SO4,H35	H35	1	0	0
BETPN	Betv1	4A86	Crystal Structure of Major Birch Pollen Allergen Bet v 1 a in ternary complex with kinetin and 8-Anilinonaphthalene-1-sulfonate (ANS)	22634284	10.1016/J.JMB.2012.05.016	2012	1	0	SO4,H35,2AN	H35,2AN	2	0	0
BETPN	Betv1	4A87	Crystal Structure of Major Birch Pollen Allergen Bet v 1 a in complex with naringenin.	22634284	10.1016/J.JMB.2012.05.016	2012	1	0	SO4,NA,NAR,MPD	NAR	1	0	0
BETPN	Betv1	4A88	Crystal Structure of native Major Birch Pollen Allergen Bet v 1 isoform a	22634284	10.1016/J.JMB.2012.05.016	2012	1	0	MPD,SO4		0	0	0
BETPN	Betv1	4A8G	Crystal Structure of Major Birch Pollen Allergen Bet v 1 a in complex with dimethylbenzylammonium propane sulfonate	22634284	10.1016/J.JMB.2012.05.016	2012	1	0	SO4,DMX	DMX	1	0	0
human	AGT	4AA1	Crystal structure of ANCE in complex with Angiotensin-II	23082758	10.1111/FEBS.12038	2012	2	0	NAG,ZN	NAG,ZN	2	1	1
human	UBAP1	4AE4	The UBAP1 subunit of ESCRT-I interacts with ubiquitin via a novel SOUBA domain	22405001	10.1016/j.str.2011.12.013	2012	2	0	NA,GOL,K,NHE	NHE	1	0	1
human	AP3D1	4AFI	Complex between Vamp7 longin domain and fragment of delta-adaptin from AP3	22521722	10.1016/J.DEVCEL.2012.01.018	2012	1	0	PR	PR	1	0	0
human	AIP	4AIF	AIP TPR domain in complex with human Hsp90 peptide	23300914	10.1371/JOURNAL.PONE.0053339	2012	2	0	SO4		0	0	1
human	GLIPR2	4AIW	GAPR-1 with bound inositol hexakisphosphate	22560898	10.1016/J.BBAMEM.2012.04.016	2012	1	0	IHP	IHP	1	0	0
human	AGT	4APH	Human angiotensin-converting enzyme in complex with angiotensin-II	23056909	10.1038/SREP00717	2012	2	0	CL,ZN,PE4,NAG,ACT	ZN,NAG	2	1	1
human	AIP	4APO	AIP TPR domain in complex with human Tomm20 peptide	23300914	10.1371/JOURNAL.PONE.0053339	2012	2	0	SO4,12P		0	0	1
human	TOMM20	4APO	AIP TPR domain in complex with human Tomm20 peptide	23300914	10.1371/JOURNAL.PONE.0053339	2012	2	0	SO4,12P		0	0	1
human	GDA	4AQL	HUMAN GUANINE DEAMINASE IN COMPLEX WITH VALACYCLOVIR	22662200	10.1371/JOURNAL.PONE.0037724	2012	1	0	TXC,ZN	TXC,ZN	2	1	0
human	TERT	4B18	The crystal structure of human Importin alpha 5 with TERT NLS peptide	25999477	10.1242/JCS.166132	2015	2	0			0	0	1
human	CRMP1	4B3Z	Structure of the human collapsin response mediator protein-1, a lung cancer suppressor	26249678	10.1107/S2053230X15009243	2015	1	0			0	0	0
human	DPYSL5	4B90	Crystal structure of WT human CRMP-5	23373749	10.1111/JNC.12188	2013	1	0	EDO		0	0	0
human	DPYSL5	4B91	Crystal structure of truncated human CRMP-5	23373749	10.1111/JNC.12188	2013	1	0			0	0	0
human	DPYSL5	4B92	Crystal structure of truncated human CRMP-5 soaked with Zn	23373749	10.1111/JNC.12188	2013	1	0	ZN	ZN	1	1	0
ACET2	cipA	4B9F	High resolution structure for family 3a carbohydrate binding module from the cipA scaffolding of clostridium thermocellum				1	0	SO4,CA	CA	1	0	0
human	MAP3K5	4BF2	Crystal Structures of Ask1-inhibitor Complexes	23776076	10.1002/PRO.2298	2013	1	0	ACT,GOL,STU	STU	1	0	0
human	MAP3K5	4BHN	Crystal Structures of Ask1-inhibitor Complexes	23776076	10.1002/PRO.2298	2013	1	0	BH9,GOL	BH9	1	0	0
human	MAP3K5	4BIB	Crystal Structures of Ask1-inhibitor Complexes	23776076	10.1002/PRO.2298	2013	1	0	ACT,GOL,IEO	IEO	1	0	0
human	MAP3K5	4BIC	Crystal Structures of Ask1-inhibitor Complexes	23776076	10.1002/PRO.2298	2013	1	0	GOL,IE4	IE4	1	0	0
human	MAP3K5	4BID	Crystal Structures of Ask1-inhibitor Complexes	23776076	10.1002/PRO.2298	2013	1	0	IE8,ACT	IE8	1	0	0
human	MAP3K5	4BIE	Crystal Structures of Ask1-inhibitor Complexes	23776076	10.1002/PRO.2298	2013	1	0	IE6,GOL	IE6	1	0	0
human	DPYSL3	4BKN	Human Dihydropyrimidinase-related protein 3 (DPYSL3)				1	0			0	0	0
human	LPA	4BV5	Identification of small molecule inhibitors selective for apo(a) kringles KIV-7, KIV-10 and KV.				1	0	5C3	5C3	1	0	0
human	LPA	4BV7	Identification of small molecule inhibitors selective for apo(a) kringles KIV-7, KIV-10 and KV.				1	0	BV7,ACT	BV7	1	0	0
human	LPA	4BVC	Identification of small molecule inhibitors selective for apo(a) kringles KIV-7, KIV-10 and KV.				1	0	PEG,BV5,CL	BV5	1	0	0
human	LPA	4BVD	Identification of small molecule inhibitors selective for apo(a) kringles KIV-7, KIV-10 and KV.				1	0	BU6,CL	BU6	1	0	0
human	LPA	4BVV	Identification of small molecule inhibitors selective for apo(a) kringles KIV-7, KIV-10 and KV.				1	0	SO4,CPF	CPF	1	0	0
human	LPA	4BVW	Identification of small molecule inhibitors selective for apo(a) kringles KIV-7, KIV-10 and KV.				1	0	EDO,HKY,CL	HKY	1	0	0
NEUCR	eas	4BWH	Solution structure of the chimeric hydrophobin NChi2				1	0			0	0	0
human	FANCM	4BXO	Architecture and DNA recognition elements of the Fanconi anemia FANCM- FAAP24 complex	23932590	10.1016/J.STR.2013.07.006	2013	2	2	CA	CA	1	0	1
human	CAD	4BY3	Crystal structure of the dihydroorotase domain of human CAD in apo- form obtained recombinantly from E. coli.	24332717	10.1016/J.STR.2013.10.016	2014	1	0	FMT,ZN	ZN	1	1	0
human	GBE1	4BZY	Crystal structure of human glycogen branching enzyme (GBE1)	26199317	10.1093/HMG/DDV280	2015	1	0			0	0	0
human	ACAA2	4C2J	Crystal structure of human mitochondrial 3-ketoacyl-CoA thiolase in complex with CoA	25478839	10.1107/S1399004714023827	2014	1	0	COA,EDO	COA	1	1	0
human	ACAA2	4C2K	Crystal structure of human mitochondrial 3-ketoacyl-CoA thiolase	25478839	10.1107/S1399004714023827	2014	1	0	MES,DTT,EDO		0	0	0
human	CAD	4C6B	Crystal structure of the dihydroorotase domain of human CAD with incomplete active site, obtained recombinantly from E. coli.	24332717	10.1016/J.STR.2013.10.016	2014	1	0	GOL,FMT		0	0	0
human	CAD	4C6C	Crystal structure of the dihydroorotase domain of human CAD in apo- form obtained recombinantly from HEK293 cells.	24332717	10.1016/J.STR.2013.10.016	2014	1	0	FMT,ZN	ZN	1	1	0
human	CAD	4C6D	Crystal structure of the dihydroorotase domain of human CAD bound to substrate at pH 6.0	24332717	10.1016/J.STR.2013.10.016	2014	1	0	FMT,ZN,NCD,DOR	ZN,NCD,DOR	3	1	0
human	CAD	4C6E	Crystal structure of the dihydroorotase domain of human CAD bound to substrate at pH 5.5	24332717	10.1016/J.STR.2013.10.016	2014	1	0	FMT,ZN,NCD,DOR	ZN,NCD,DOR	3	1	0
human	CAD	4C6F	Crystal structure of the dihydroorotase domain of human CAD bound to substrate at pH 6.5	24332717	10.1016/J.STR.2013.10.016	2014	1	0	FMT,ZN,NCD,DOR	ZN,NCD,DOR	3	1	0
human	CAD	4C6I	Crystal structure of the dihydroorotase domain of human CAD bound to substrate at pH 7.0	24332717	10.1016/J.STR.2013.10.016	2014	1	0	NCD,DOR,FMT,ZN	NCD,DOR,ZN	3	1	0
human	CAD	4C6J	Crystal structure of the dihydroorotase domain of human CAD bound to substrate at pH 7.5	24332717	10.1016/J.STR.2013.10.016	2014	1	0	FMT,NCD,DOR,ZN	NCD,DOR,ZN	3	1	0
human	CAD	4C6K	Crystal structure of the dihydroorotase domain of human CAD bound to substrate at pH 8.0	24332717	10.1016/J.STR.2013.10.016	2014	1	0	DOR,FMT,NCD,ZN	DOR,NCD,ZN	3	1	0
human	CAD	4C6L	Crystal structure of the dihydroorotase domain of human CAD bound to the inhibitor fluoroorotate at pH 6.0	24332717	10.1016/J.STR.2013.10.016	2014	1	0	FOT,FMT,ZN	FOT,ZN	2	1	0
human	CAD	4C6M	Crystal structure of the dihydroorotase domain of human CAD bound to the inhibitor fluoroorotate at pH 7.0	24332717	10.1016/J.STR.2013.10.016	2014	1	0	FOT,FMT,ZN	FOT,ZN	2	1	0
human	CAD	4C6N	Crystal structure of the dihydroorotase domain of human CAD E1637T mutant bound to substrate at pH 6.0	24332717	10.1016/J.STR.2013.10.016	2014	1	0	NCD,FMT,ZN	NCD,ZN	2	1	0
human	CAD	4C6O	Crystal structure of the dihydroorotase domain of human CAD C1613S mutant in apo-form at pH 6.0	24332717	10.1016/J.STR.2013.10.016	2014	1	0	FMT,ZN	ZN	1	1	0
human	CAD	4C6P	Crystal structure of the dihydroorotase domain of human CAD C1613S mutant in apo-form at pH 7.0	24332717	10.1016/J.STR.2013.10.016	2014	1	0	FMT,ZN	ZN	1	1	0
human	CAD	4C6Q	Crystal structure of the dihydroorotase domain of human CAD C1613S mutant bound to substrate at pH 7.0	24332717	10.1016/J.STR.2013.10.016	2014	1	0	FMT,NCD,ZN,ORO	NCD,ZN,ORO	3	1	0
human	HDAC4	4CBT	Design, synthesis, and biological evaluation of potent and selective Class IIa HDAC inhibitors as a potential therapy for Huntington's disease	24261862	10.1021/jm4011884	2013	1	0	ZN,9F4	ZN,9F4	2	1	0
human	HDAC4	4CBY	Design, synthesis, and biological evaluation of potent and selective Class IIa HDAC inhibitors as a potential therapy for Huntington's disease	24261862	10.1021/jm4011884	2013	1	0	NA,ZN,KEE	ZN,KEE	2	1	0
human	MEFV	4CG4	Crystal structure of the CHS-B30.2 domains of TRIM20	26043233	10.1038/SREP10819	2015	1	0	DHL,EDO,SO4	DHL	1	0	0
human	RLBP1	4CIZ	Crystal structure of the complex of the Cellular Retinal Binding Protein with 9-cis-retinal	24328211	10.1021/JA411366W	2014	1	0	TLA,RET	RET	1	0	0
human	RLBP1	4CJ6	Crystal structure of the complex of the Cellular Retinal Binding Protein Mutant R234W with 9-cis-retinal	24328211	10.1021/JA411366W	2014	1	0	RET	RET	1	0	0
human	AHNAK2	4CN0	An intertwined homodimer of the PDZ homology domain of AHNAK2	24675079	10.1074/JBC.M114.554816	2014	1	0	K,PG4		0	0	0
human	DPYSL3	4CNS	Crystal structure of truncated human CRMP-4	24914979	10.1107/S1399004714006634	2014	1	0	PEG,MG,CL,EDO	MG	1	0	0
human	DPYSL3	4CNT	CRYSTAL STRUCTURE OF WT HUMAN CRMP-4	24914979	10.1107/S1399004714006634	2014	1	0	NA,EDO		0	0	0
human	DPYSL3	4CNU	CRYSTAL STRUCTURE OF WT HUMAN CRMP-4 from lattice translocation	24914979	10.1107/S1399004714006634	2014	1	0			0	0	0
human	FANCM	4DAY	Crystal structure of the RMI core complex with MM2 peptide from FANCM	22392978	10.1073/pnas.1117279109	2012	3	0			0	0	1
human	RRM2B	4DJN	Crystal structure of a ribonucleotide reductase M2 B (RNRR2) from Homo sapiens at 2.20 A resolution				1	0	EDO,SO4		0	0	0
human	FANCM	4DRB	The crystal structure of FANCM bound MHF complex	22510687	10.1038/ncomms1779	2012	3	0			0	0	1
human	FANCM	4E45	Crystal structure of the hMHF1/hMHF2 Histone-Fold Tetramer in Complex with Fanconi Anemia Associated Helicase hFANCM				3	0	ZN,GOL	ZN	1	1	1
yeast	SOD2	4E4E	Crystal Structure of the Y34F mutant of Saccharomyces cerevisiae Manganese Superoxide Dismutase	22908245	10.1073/pnas.1212367109	2012	1	0	MN	MN	1	1	0
human	JAK1	4E4L	JAK1 kinase (JH1 domain) in complex with compound 30	22591402	10.1021/jm300438j	2012	1	0	0NH	0NH	1	0	0
human	JAK1	4E4N	JAK1 kinase (JH1 domain) in complex with compound 49	22591402	10.1021/jm300438j	2012	1	0	0NL	0NL	1	0	0
human	JAK1	4E5W	JAK1 kinase (JH1 domain) in complex with compound 26	22591402	10.1021/jm300438j	2012	1	0	PEG,0NT	0NT	1	0	0
ARATH	CERK1	4EBY	Crystal structure of the ectodomain of a receptor like kinase	22654057	10.1126/science.1218867	2012	1	0	NAG	NAG	1	0	0
ARATH	CERK1	4EBZ	Crystal structure of the ectodomain of a receptor like kinase	22654057	10.1126/science.1218867	2012	1	0			0	0	0
human	JAK1	4EHZ	The Jak1 kinase domain in complex with inhibitor	22698084	10.1021/jm300628c	2012	1	0	EDO,JAK	JAK	1	0	0
human	JAK1	4EI4	JAK1 kinase (JH1 domain) in complex with compound 20	22698084	10.1021/jm300628c	2012	1	0	0Q2	0Q2	1	0	0
human	CASP6	4EJF	Allosteric peptides that bind to a caspase zymogen and mediate caspase tetramerization	22683611	10.1038/nchembio.967	2012	2	0	PO4		0	0	1
human	P4HB	4EKZ	Crystal structure of reduced hPDI (abb'xa')	22657537	10.1089/ars.2012.4630	2013	1	0			0	0	0
human	P4HB	4EL1	Crystal structure of oxidized hPDI (abb'xa')	22657537	10.1089/ars.2012.4630	2013	1	0			0	0	0
human	CYP46A1	4ENH	Crystal Structure of Human Cytochrome P450 CYP46A1 with Fluvoxamine Bound	22859721	10.1124/mol.112.080424	2012	1	0	HEM,FVX	HEM,FVX	2	1	0
rat	Mapk1	4ERK	THE COMPLEX STRUCTURE OF THE MAP KINASE ERK2/OLOMOUCINE	9753691	10.1016/S0969-2126(98)00113-0	1998	1	0	OLO,SO4	OLO	1	0	0
human	GART	4EW1	High resolution structure of human glycinamide ribonucleotide transformylase in apo form.	23869564	10.1021/bi4005182	2013	1	0	PO4,SO4		0	0	0
DANRE	tdp2	4F1H	Crystal structure of TDP2 from Danio rerio complexed with a single strand DNA	23104058	10.1038/nsmb.2423	2012	2	1	MG,GOL,PO4	MG	1	0	1
HORSE	ALB	4F5T	Crystal Structure of Equine Serum Albumin	22993082	10.1107/S0907444912027047	2012	1	0	ACT,SO4,GOL		0	0	0
HORSE	ALB	4F5U	Crystal structure of Equine Serum Albumin at 2.04 resolution	22993082	10.1107/S0907444912027047	2012	1	0	MLI,SIN,LMR	SIN,LMR	2	0	0
yeast	SOD2	4F6E	Crystal Structure of the K182R, A183P mutant manganese superoxide dismutase from Sacchromyces cerevisiae				1	0	GOL,TRS,MN	MN	1	1	0
human	BTN3A3	4F8T	Crystal Structure of the Human BTN3A3 Ectodomain	22846996	10.1074/jbc.M112.384354	2012	1	0			0	0	0
PSEPK	ttg2D	4FCZ	Crystal Structure of Toluene-tolerance protein from Pseudomonas putida (strain KT2440), Northeast Structural Genomics Consortium (NESG) Target PpR99				1	0			0	0	0
human	GALNS	4FDI	The molecular basis of mucopolysaccharidosis IV A	22940367	10.1016/j.jmb.2012.08.020	2012	1	0	NAG,CA,CIT,GOL	NAG,CA,CIT	3	0	0
human	GALNS	4FDJ	The molecular basis of mucopolysaccharidosis IV A, complex with GalNAc	22940367	10.1016/j.jmb.2012.08.020	2012	1	0	NGA,CA,NAG	NGA,CA,NAG	3	0	0
human	HTT	4FE8	Crystal Structure of Htt36Q3H-EX1-X1-C1(Alpha)	23370273	10.4161/pri.23807	2013	1	0	ZN	ZN	1	1	0
human	HTT	4FEB	Crystal Structure of Htt36Q3H-EX1-X1-C2(Beta)	23370273	10.4161/pri.23807	2013	1	0	NA,ZN	ZN	1	1	0
human	HTT	4FEC	Crystal Structure of Htt36Q3H	23370273	10.4161/pri.23807	2013	1	0	ZN	ZN	1	1	0
human	HTT	4FED	Crystal Structure of Htt36Q3H	23370273	10.4161/pri.23807	2013	1	0	CA,ZN	CA,ZN	2	1	0
human	CYP46A1	4FIA	Crystal Structure of Human CYP46A1 P450 with bicalutamide Bound	23288837	10.1074/jbc.M112.438754	2013	1	0	198,GOL,0U9,HEM	198,0U9,HEM	3	1	0
human	JAK1	4FK6	JAK1 kinase (JH1 domain) in complex with compound 72	23107482	10.1016/j.bmcl.2012.10.008	2012	1	0	0UJ	0UJ	1	0	0
ACET2	P71143	4FL4	Scaffoldin conformation and dynamics revealed by a ternary complex from the Clostridium thermocellum cellulosome	22707718	10.1074/jbc.M112.343897	2012	3	0	CA,SO4	CA	1	0	1
ACET2	celD	4FL4	Scaffoldin conformation and dynamics revealed by a ternary complex from the Clostridium thermocellum cellulosome	22707718	10.1074/jbc.M112.343897	2012	3	0	CA,SO4	CA	1	0	1
human	MAPK1	4FMQ	Crystal structure of human ERK2 complexed with a MAPK docking peptide	23047924	10.1126/scisignal.2003004	2012	2	0	ANP	ANP	1	1	1
STAHA	lnuA	4FO1	Crystal structure of lincosamide antibiotic adenylyltransferase LnuA, apo				1	0	EPE		0	0	0
DANRE	tdp2	4FPV	Crystal structure of D. rerio TDP2 complexed with single strand DNA product	23104058	10.1038/nsmb.2423	2012	1	1	MG,GOL,NA	MG	1	0	1
human	RASA1	4FSS	Crystal structure of a RAS p21 protein activator (RASA1) from Homo sapiens at 2.25 A resolution				1	0	PO4,CL,GOL		0	0	0
human	CASP6	4FXO	Zinc-mediated allosteric inhibiton of caspase-6	22891250	10.1074/jbc.M112.397752	2012	1	0	ZN	ZN	1	1	0
human	AGT	4FYS	Human aminopeptidase N (CD13) in complex with angiotensin IV	22932899	10.1074/jbc.M112.398842	2012	2	0	NAG,SO4	NAG	1	0	1
human	EIF2AK3	4G31	Crystal Structure of GSK6414 Bound to PERK (R587-R1092, delete A660-T867) at 2.28 A Resolution	22827572	10.1021/jm300713s	2012	1	0	GOL,0WH	0WH	1	0	0
human	EIF2AK3	4G34	Crystal Structure of GSK6924 Bound to PERK (R587-R1092, delete A660-T867) at 2.70 A Resolution	22827572	10.1021/jm300713s	2012	1	0	924	924	1	0	0
human	AADAT	4GDY	Kynurenine Aminotransferase II inhibitors		10.1039/C2MD20166F	2012	1	0	0X1	0X1	1	0	0
human	AADAT	4GE4	Kynurenine Aminotransferase II Inhibitors	24900560	10.1021/ml300237v	2013	1	0	0KE	0KE	1	0	0
human	AADAT	4GE7	Kynurenine Aminotransferase II Inhibitors	24900560	10.1021/ml300237v	2013	1	0	0K5	0K5	1	0	0
human	AADAT	4GE9	Kynurenine Aminotransferase II Inhibitors	24900560	10.1021/ml300237v	2013	1	0	0L0	0L0	1	0	0
human	AADAT	4GEB	Kynurenine Aminotransferase II Inhibitors	23466229	10.1016/j.bmcl.2013.02.039	2013	1	0	SO4,0LD	0LD	1	0	0
human	CYP19A1	4GL5	Structure of human placental aromatase complexed with designed inhibitor HDDG029 (compound 4)	22951074	10.1021/jm300930n	2012	1	0	G29,HEM	G29,HEM	2	1	0
human	CYP19A1	4GL7	Structure of human placental aromatase complexed with designed inhibitor HDDG046 (compound 5)	22951074	10.1021/jm300930n	2012	1	0	HEM,0XJ	HEM,0XJ	2	1	0
human	JAK1	4GS0	Crystal structure of SHP1 catalytic domain with JAK1 activation loop peptide	23296072	10.1016/j.jsb.2012.12.009	2013	2	0			0	0	1
rat	Mapk1	4GSB	Monoclinic crystal form of the apo-ERK2				1	0	GOL,PGE,SO4		0	0	0
human	PGD	4GWG	Crystal Structure Analysis of 6-phosphogluconate dehydrogenase apo-form	23153533	10.1016/j.ccr.2012.09.020	2012	1	0	MES		0	0	0
human	PGD	4GWK	Crystal structure of 6-phosphogluconate dehydrogenase complexed with 3-phosphoglyceric acid	23153533	10.1016/j.ccr.2012.09.020	2012	1	0	MES,3PG	3PG	1	0	0
human	NT5E	4H1S	Crystal Structure of a Truncated Soluble form of Human CD73 with Ecto-5'-Nucleotidase activity	22997138	10.1002/cbic.201200426	2012	1	0	PO4,ZN,NAG	ZN,NAG	2	1	0
human	NT5E	4H1Y	Human ecto-5'-nucleotidase (CD73): crystal form II (open) in complex with PSB11552	23142347	10.1016/j.str.2012.10.001	2012	1	0	GOL,CL,CA,0YQ,ZN	CA,0YQ,ZN	3	1	0
human	NT5E	4H2B	Human ecto-5'-nucleotidase (CD73): crystal form II (open) in complex with Baicalin	23142347	10.1016/j.str.2012.10.001	2012	1	0	CA,CL,0XE,ZN	CA,0XE,ZN	3	1	0
human	NT5E	4H2F	Human ecto-5'-nucleotidase (CD73): crystal form I (open) in complex with adenosine	23142347	10.1016/j.str.2012.10.001	2012	1	0	ZN,CA,CL,ADN	ZN,CA,ADN	3	1	0
human	NT5E	4H2G	Human ecto-5'-nucleotidase (CD73): crystal form II (open) in complex with adenosine	23142347	10.1016/j.str.2012.10.001	2012	1	0	ZN,CA,CL,ADN	ZN,CA,ADN	3	1	0
human	NT5E	4H2I	Human ecto-5'-nucleotidase (CD73): crystal form III (closed) in complex with AMPCP	23142347	10.1016/j.str.2012.10.001	2012	1	0	ZN,CL,CA,A12	ZN,CA,A12	3	1	0
human	NT5C2	4H4B	Human cytosolic 5'-nucleotidase II in complex with Anthraquinone-2,6- disulfonic acid	23220537	10.1016/j.bcp.2012.11.024	2013	1	0	SO4,MG,GOL,11H	MG,11H	2	0	0
human	ILK	4HI8	Structure of integrin-linked kinase ankyrin repeat domain in complex with PINCH1 LIM1 domain collected at high energy, wavelength 0.32800				2	0	ZN,PO4	ZN	1	1	1
human	ILK	4HI9	1.2 structure of integrin-linked kinase ankyrin repeat domain in complex with PINCH1 LIM1 domain collected at wavelength 0.91974				2	0	ZN,IOD,PO4	ZN	1	1	1
human	STK3	4HKD	Crystal structure of human MST2 SARAH domain				1	0			0	0	0
human	AP1S3	4HMY	Structural basis for recruitment and activation of the AP-1 clathrin adaptor complex by Arf1	23415225	10.1016/j.cell.2012.12.042	2013	5	0	GTP,MG	GTP,MG	2	1	1
human	PDGFB	4HQU	Crystal structure of human PDGF-BB in complex with a modified nucleotide aptamer (SOMAmer SL5)	23139410	10.1073/pnas.1213933109	2012	1	1	NA,MG	MG	1	0	1
human	PDGFB	4HQX	CRYSTAL STRUCTURE OF HUMAN PDGF-BB IN COMPLEX WITH A Modified nucleotide aptamer (SOMAmer SL4)	23139410	10.1073/pnas.1213933109	2012	1	1	NA,MG	MG	1	0	1
human	PTPRN2	4HTI	Crystallographic structure of the membrane-proximal ectodomain of the human receptor-type protein-tyrosine phosphatase phogrin	25421040	10.1007/s10969-014-9191-0	2015	1	0			0	0	0
human	PTPRN2	4HTJ	Crystallographic structure of the membrane-proximal ectodomain of the human receptor-type protein-tyrosine phosphatase phogrin at pH 4.6	25421040	10.1007/s10969-014-9191-0	2015	1	0			0	0	0
human	CASP6	4HVA	Mechanistic and Structural Understanding of Uncompetitive Inhibitors of Caspase-6	23227217	10.1371/journal.pone.0050864	2012	2	0	4HV	4HV	1	0	1
human	SPR	4HWK	Crystal structure of human sepiapterin reductase in complex with sulfapyridine	23704574	10.1126/science.1232972	2013	1	0	NAP,SFY,PEG,GOL,SO4	NAP,SFY	2	1	0
human	JAK1	4I5C	The Jak1 kinase domain in complex with inhibitor	23642482	10.1016/j.bmcl.2013.04.018	2013	1	0	EDO,C5I	C5I	1	0	0
human	SIRT1	4I5I	Crystal structure of the SIRT1 catalytic domain bound to NAD and an EX527 analog	23311358	10.1021/jm301431y	2013	1	0	4I5,NAD,ZN	4I5,NAD,ZN	3	1	0
human	PPP2CA	4I5L	Structural mechanism of trimeric PP2A holoenzyme involving PR70: insight for Cdc6 dephosphorylation	23752926	10.1038/cr.2013.77	2013	4	0	CA,MN,MLI,PEG	CA,MN	2	1	1
human	PPP2CA	4I5N	Structural mechanism of trimeric PP2A holoenzyme involving PR70: insight for Cdc6 dephosphorylation	23752926	10.1038/cr.2013.77	2013	4	0	MN,CA	MN,CA	2	1	1
human	APEX1	4IEM	Human apurinic/apyrimidinic endonuclease (APE1) with product DNA and Mg2+	23355472	10.1074/jbc.M112.422774	2013	1	3	NA,MG	MG	1	0	1
human	SIRT1	4IF6	Structure of NAD-dependent protein deacetylase sirtuin-1 (closed state, 2.25 A)				2	0	APR,ZN	APR,ZN	2	1	1
human	SIRT1	4IG9	Structure of NAD-dependent protein deacetylase sirtuin-1 (open state, 2.64 A)	24120939	10.1016/j.jmb.2013.10.009	2014	2	0	ZN	ZN	1	1	1
human	ACMSD	4IGM	2.39 Angstrom X-ray Crystal structure of human ACMSD				1	0	ZN	ZN	1	1	0
human	ACMSD	4IGN	2.32 Angstrom X-ray Crystal structure of R47A mutant of human ACMSD	25392945	10.1002/prot.24722	2015	1	0	ZN	ZN	1	1	0
human	ACMSD	4IH3	2.5 Angstroms X-ray crystal structure of of human 2-amino-3-carboxymuconate-6-semialdehyde decarboxylase in complex with dipicolinic acid	25392945	10.1002/prot.24722	2015	1	0	ZN,PDC	ZN,PDC	2	1	0
rat	Ppp3r1	4IL1	Crystal Structure of the Rat Calcineurin	24018048	10.1016/j.cellsig.2013.08.033	2013	1	0	CA	CA	1	0	0
human	JAK1	4IVB	JAK1 kinase (JH1 domain) in complex with the inhibitor TRANS-4-{2-[(1R)-1-HYDROXYETHYL]IMIDAZO[4,5-D]PYRROLO[2,3-B]PYRIDIN-1(6H)-YL}CYCLOHEXANECARBONITRILE	23659214	10.1021/jm4004895	2013	1	0	1J5	1J5	1	0	0
human	JAK1	4IVC	JAK1 kinase (JH1 domain) in complex with the inhibitor (TRANS-4-{2-[(1R)-1-HYDROXYETHYL]IMIDAZO[4,5-D]PYRROLO[2,3-B]PYRIDIN-1(6H)-YL}CYCLOHEXYL)ACETONITRILE	23659214	10.1021/jm4004895	2013	1	0	1J6	1J6	1	0	0
human	JAK1	4IVD	JAK1 kinase (JH1 domain) in complex with compound 34	23659214	10.1021/jm4004895	2013	1	0	15T	15T	1	0	0
human	PPOX	4IVM	Structure of human protoporphyrinogen IX oxidase(R59G)	23467411	10.1074/jbc.M113.459768	2013	1	0	ACJ,FAD,GOL	ACJ,FAD	2	1	0
human	PPOX	4IVO	Structure of human protoporphyrinogen IX oxidase(R59Q)	23467411	10.1074/jbc.M113.459768	2013	1	0	ACJ,FAD,GOL	ACJ,FAD	2	1	0
human	PPP2CA	4IYP	structure of the nPP2Ac-alpha4 complex	23591866	10.1038/ncomms2663	2013	2	0			0	0	1
human	CYP46A1	4J14	Crystal Structure of Human Cytochrome P450 CYP46A1 with Posaconazole Bound	23604141	10.1124/mol.113.085902	2013	1	0	X2N,GOL,HEM	X2N,HEM	2	1	0
HORSE	ALB	4J2V	Crystal Structure of Equine Serum Albumin in complex with 3,5-diiodosalicylic acid	23769932	10.1016/j.ijbiomac.2013.06.004	2013	1	0	DIU,ACT,FMT,MLI	DIU	1	0	0
human	SPR	4J7U	Crystal structure of human sepiapterin reductase in complex with sulfathiazole	23704574	10.1126/science.1232972	2013	1	0	YTZ,SO4,PEG,GOL,NAP	YTZ,NAP	2	1	0
human	SPR	4J7X	Crystal structure of human sepiapterin reductase in complex with sulfasalazine				1	0	PEG,GOL,SAS,SO4,NAP	SAS,NAP	2	1	0
human	HSPA1B	4J8F	Crystal structure of a fusion protein containing the NBD of Hsp70 and the middle domain of Hip	23812373	10.1038/nsmb.2608	2013	1	0	PO4,IOD,MG,ADP	MG,ADP	2	1	0
human	CASP8	4JJ7	Caspase-3 specific unnatural amino acid-based peptides	23614665	10.1021/cb400209w	2013	2	0	DTD	DTD	1	0	1
human	PIK3CA	4JPS	Co-crystal Structures of the Lipid Kinase PI3K alpha with Pan and Isoform Selective Inhibitors	23726034	10.1016/j.bmcl.2013.05.007	2013	2	0	SCN,1LT	1LT	1	0	1
human	P4HB	4JU5	Crystal structure of the dimeric form of the bb' domains of human protein disulfide isomerase	24549644	10.1002/pro.2444	2014	1	0			0	0	0
PSEPK	PP_2608	4K28	2.15 Angstrom resolution crystal structure of a shikimate dehydrogenase family protein from Pseudomonas putida KT2440 in complex with NAD+	23142411	10.1016/j.bbapap.2012.10.016	2013	1	0	NA,MN,NAD	MN,NAD	2	1	0
human	JAK1	4K6Z	The Jak1 kinase domain in complex with compound 37	24042009	10.1016/j.bmcl.2013.08.082	2013	1	0	1Q3	1Q3	1	0	0
human	JAK1	4K77	JAK1 kinase (JH1 domain) in complex with compound 6	24042009	10.1016/j.bmcl.2013.08.082	2013	1	0	1Q4	1Q4	1	0	0
PSEAI	merA	4K7Z	Crystal structure of the C136(42)A/C141(47)A double mutant of Tn501 MerA in complex with NADP and Hg2+				1	0	FAD,NAP,HG,SO4,GOL,UNX	FAD,NAP,HG	3	1	0
PSEAI	merA	4K8D	Crystal structure of the C558(464)A/C559(465)A double mutant of Tn501 MerA in complex with NADPH and Hg2+				1	0	SO4,GOL,FAD,NDP,UNX	FAD,NDP	2	1	0
human	ZBP1	4KA4	Crystal structure of a proteolytically defined Zbeta domain of human DAI (ZBP1, DLM-1)				1	1			0	0	1
human	IDUA	4KGJ	Crystal structure of human alpha-L-iduronidase complex with 5-fluoro-alpha-L-idopyranosyluronic acid fluoride	24036510	10.1038/nchembio.1357	2013	1	0	NAG,GOL,IDF,CL,TLA	NAG,IDF	2	0	0
human	IDUA	4KGL	Crystal structure of human alpha-L-iduronidase complex with [2R,3R,4R,5S]-2-carboxy-3,4,5-trihydroxy-piperidine	24036510	10.1038/nchembio.1357	2013	1	0	GOL,IDJ,TLA,NAG	IDJ,NAG	2	0	0
human	IDUA	4KH2	Crystal structure of human alpha-L-iduronidase complex with 2-deoxy-2-fluoro-alpha-L-idopyranosyluronic acid fluoride	24036510	10.1038/nchembio.1357	2013	1	0	NAG,GOL,FIF,CL,TLA,SRT	NAG,FIF,SRT	3	0	0
human	LPA	4KIV	RECOMBINANT KRINGLE IV-10/W72R MUTANT OF HUMAN APOLIPOPROTEIN(A)	10026282	10.1021/bi9820558	1999	1	0			0	0	0
human	NANP	4KNV	The crystal structure of APO HUMAN HDHD4 FROM SE-MAD	23747226	10.1016/j.bmcl.2013.05.052	2013	1	0	PO4,MG	MG	1	0	0
human	NANP	4KNW	The crystal structure of human HDHD4 IN COMPLEX WITH MAGNESIUM AND THE PHOSPHATE MIMETIC VANADATE	23747226	10.1016/j.bmcl.2013.05.052	2013	1	0	VO4,MG	VO4,MG	2	0	0
human	CYP19A1	4KQ8	Structure of Recombinant Human Cytochrome P450 Aromatase	23899247	10.1021/bi400669h	2013	1	0	PO4,ASD,HEM	ASD,HEM	2	1	0
PSEAE	ftsI	4KQO	Crystal structure of penicillin-binding protein 3 from pseudomonas aeruginosa in complex with piperacillin	23899657	10.1021/cb400200h	2013	1	0	IMD,CL,GOL,JPP	JPP	1	0	0
PSEAE	ftsI	4KQQ	CRYSTAL STRUCTURE OF PENICILLIN-BINDING PROTEIN 3 FROM PSEUDOMONAS AERUGINOSA IN COMPLEX WITH (5S)-Penicilloic Acid	23899657	10.1021/cb400200h	2013	1	0	VPP,GOL,IMD,CL	VPP	1	0	0
PSEAE	ftsI	4KQR	CRYSTAL STRUCTURE OF PENICILLIN-BINDING PROTEIN 3 FROM PSEUDOMONAS AERUGINOSA IN COMPLEX WITH (5S)-Penicilloic Acid	23899657	10.1021/cb400200h	2013	1	0	GOL,IMD,CL,VPP	VPP	1	0	0
human	QPRT	4KWV	Crystal Structure of human apo-QPRT	24038671	10.1002/prot.24406	2014	1	0			0	0	0
human	QPRT	4KWW	The crystal structure of human quinolinic acid phosphoribosyltransferase in complex with its inhibitor phthalic acid	24038671	10.1002/prot.24406	2014	1	0	PHT	PHT	1	0	0
human	SIRT1	4KXQ	Structure of NAD-dependent protein deacetylase sirtuin-1 (closed state, 1.85 A)	24120939	10.1016/j.jmb.2013.10.009	2014	2	0	GOL,BME,APR,ZN	APR,ZN	2	1	1
human	TKT	4KXU	Human transketolase in covalent complex with donor ketose D-fructose-6-phosphate	23965678	10.1038/nchem.1728	2013	1	0	EDO,MG,NA,S6P,TPP	MG,S6P,TPP	3	1	0
human	TKT	4KXV	Human transketolase in covalent complex with donor ketose D-xylulose-5-phosphate, crystal 1	23965678	10.1038/nchem.1728	2013	1	0	DX5,TPP,EDO,CA	DX5,TPP,CA	3	1	0
human	TKT	4KXW	Human transketolase in covalent complex with donor ketose D-xylulose-5-phosphate, crystal 2	23965678	10.1038/nchem.1728	2013	1	0	DX5,TPP,NA,EDO,MG	DX5,TPP,MG	3	1	0
human	TKT	4KXX	Human transketolase in covalent complex with donor ketose D-sedoheptulose-7-phosphate	23965678	10.1038/nchem.1728	2013	1	0	NA,MG,EDO,TPP,1Y7	MG,TPP,1Y7	3	1	0
human	TKT	4KXY	Human transketolase in complex with ThDP analogue (R)-2-(1,2-dihydroxyethyl)-3-deaza-ThDP	23965678	10.1038/nchem.1728	2013	1	0	SO4,1U0,NA,CA,EDO	1U0,CA	2	0	0
human	SPHK1	4L02	Crystal Structure of SphK1 with inhibitor	23845219	10.1016/j.bmcl.2013.06.030	2013	1	0	1V2	1V2	1	0	0
human	STK3	4L0N	Crystal structure of STK3 (MST2) SARAH domain				1	0			0	0	0
human	PIK3CA	4L1B	Crystal Structure of p110alpha complexed with niSH2 of p85alpha	24900786	10.1021/ml400378e	2014	2	0	SO4		0	0	1
human	PIK3CA	4L23	Crystal Structure of p110alpha complexed with niSH2 of p85alpha and PI-103	24900786	10.1021/ml400378e	2014	2	0	X6K,SO4,GOL	X6K	1	0	1
human	PIK3CA	4L2Y	Crystal Structure of p110alpha complexed with niSH2 of p85alpha and compound 9d	24900786	10.1021/ml400378e	2014	2	0	XXK,SO4,GOL	XXK	1	0	1
human	SIRT2	4L3O	Crystal Structure of SIRT2 in complex with the macrocyclic peptide S2iL5	24389023	10.1016/j.str.2013.12.001	2013	2	0	EDO,MES,ZN	ZN	1	1	1
human	STK3	4LG4	Structural Basis for Autoactivation of Human Mst2 Kinase and Its Regulation by RASSF5	23972470	10.1016/j.str.2013.07.008	2013	1	0	GOL		0	0	0
human	STK3	4LGD	Structural Basis for Autoactivation of Human Mst2 Kinase and Its Regulation by RASSF5	23972470	10.1016/j.str.2013.07.008	2013	2	0	ANP,MG,SO4,NA	ANP,MG	2	1	1
human	APEX1	4LND	Crystal structure of human apurinic/apyrimidinic endonuclease 1 with essential Mg2+ cofactor	24311596	10.1107/S0907444913027042	2013	1	0	MG	MG	1	0	0
human	ENPP4	4LQY	Crystal Structure of Human ENPP4 with AMP	24338010	10.1074/jbc.M113.505867	2014	1	0	NAG,AMP,ZN	NAG,AMP,ZN	3	1	0
human	ENPP4	4LR2	Crystal Structure of Human ENPP4 (apo)	24338010	10.1074/jbc.M113.505867	2014	1	0	FLC,ZN,NAG	ZN,NAG	2	1	0
human	FANCM	4M6W	Crystal structure of the C-terminal segment of FANCM in complex with FAAP24	24003026	10.1093/nar/gkt788	2013	2	0	SO4		0	0	1
human	EIF2AK3	4M7I	Crystal Structure of GSK6157 Bound to PERK (R587-R1092, delete A660-T867) at 2.34A Resolution				1	0	27D	27D	1	0	0
yeast	ROF1	4M8B	Fungal Protein	24994900	10.1073/pnas.1410110111	2014	1	2	EDO		0	0	1
human	TUSC3	4M8G	Crystal structure of Se-Met hN33/Tusc3	24685145	10.1016/j.str.2014.02.013	2014	1	0			0	0	0
human	TUSC3	4M90	crystal structure of oxidized hN33/Tusc3	24685145	10.1016/j.str.2014.02.013	2014	1	0			0	0	0
human	TUSC3	4M91	crystal structure of hN33/Tusc3-peptide 1	24685145	10.1016/j.str.2014.02.013	2014	2	0			0	0	1
human	TUSC3	4M92	Crystal structure of hN33/Tusc3-peptide 2	24685145	10.1016/j.str.2014.02.013	2014	2	0			0	0	1
human	ACAN	4MD4	Immune Receptor	24190431	10.1084/jem.20131241	2013	3	0	EDO,NAG	NAG	1	0	1
human	IDUA	4MJ2	Crystal structure of apo-iduronidase in the R3 form	24036510	10.1038/nchembio.1357	2013	1	0	TLA,CL,GOL,NAG,SRT	NAG,SRT	2	0	0
human	IDUA	4MJ4	Human iduronidase apo structure P21 form	24036510	10.1038/nchembio.1357	2013	1	0	CL,NAG,GOL	NAG	1	0	0
STRPY	FbaB	4MLI	Crystal structure of the SpyTag/SpyCatcher complex	24161952	10.1016/j.jmb.2013.10.021	2014	2	0			0	0	1
STRPY	FbaB	4MLS	Crystal structure of the SpyTag and SpyCatcher-deltaN1 complex	24161952	10.1016/j.jmb.2013.10.021	2014	2	0			0	0	1
BPT4	wac	4MMQ	Crystal Structure of Prefusion-stabilized RSV F Variant DS	24179220	10.1126/science.1243283	2013	2	0	SO4		0	0	1
BPT4	wac	4MMR	Crystal Structure of Prefusion-stabilized RSV F Variant Cav1 at pH 9.5	24179220	10.1126/science.1243283	2013	2	0			0	0	1
BPT4	wac	4MMS	Crystal Structure of Prefusion-stabilized RSV F Variant Cav1 at pH 5.5	24179220	10.1126/science.1243283	2013	2	0	SO4		0	0	1
BPT4	wac	4MMT	Crystal Structure of Prefusion-stabilized RSV F Variant DS-Cav1 at pH 9.5	24179220	10.1126/science.1243283	2013	2	0			0	0	1
human	TERT	4MNQ	TCR-peptide specificity overrides affinity enhancing TCR-MHC interactions	24196962	10.1074/jbc.M113.522110	2014	5	0	GOL,EDO		0	0	1
human	ASPA	4MRI	Human brain aspartoacylase mutant F295S complex with intermediate analog (N-phosphonomethyl-L-aspartate)	25003821	10.1021/bi500719k	2014	1	0	ZN,AS9	ZN,AS9	2	1	0
human	ASPA	4MXU	Human brain aspartoacylase mutant K213E complex with intermediate analog (N-phosphonomethyl-L-aspartate)	25003821	10.1021/bi500719k	2014	1	0	ZN,AS9	ZN,AS9	2	1	0
human	ASPA	4NFR	Human brain aspartoacylase mutant E285A complex with intermediate analog (N-phosphonomethyl-L-aspartate)	25003821	10.1021/bi500719k	2014	1	0	AS9,ZN	AS9,ZN	2	1	0
human	CYP17A1	4NKV	Human steroidogenic cytochrome P450 17A1 mutant A105L with inhibitor abiraterone	25301938	10.1074/jbc.M114.610998	2014	1	0	AER,HEM	AER,HEM	2	1	0
human	CYP17A1	4NKW	Human steroidogenic cytochrome P450 17A1 mutant A105L with substrate pregnenolone	25301938	10.1074/jbc.M114.610998	2014	1	0	PLO,HEM	PLO,HEM	2	1	0
human	CYP17A1	4NKX	Human steroidogenic cytochrome P450 17A1 mutant A105L with substrate progesterone	25301938	10.1074/jbc.M114.610998	2014	1	0	HEM,STR	HEM,STR	2	1	0
human	CYP17A1	4NKY	Human steroidogenic cytochrome P450 17A1 mutant A105L with substrate 17alpha-hydroxyprogesterone	25301938	10.1074/jbc.M114.610998	2014	1	0	3QZ,HEM	3QZ,HEM	2	1	0
human	CYP17A1	4NKZ	Human steroidogenic cytochrome P450 17A1 mutant A105L with substrate 17alpha-hydroxypregnenolone	25301938	10.1074/jbc.M114.610998	2014	1	0	LZZ,HEM	LZZ,HEM	2	1	0
human	AMPD2	4NO3	Crystal structure of AMPD2 phosphopeptide bound to HLA-A2	28903331	10.18632/oncotarget.16952	2017	3	0	EDO		0	0	1
human	AMPD2	4NO5	Crystal structure of non-phosphorylated form of AMPD2 phosphopeptide bound to HLA-A2	28903331	10.18632/oncotarget.16952	2017	3	0	NA,EDO		0	0	1
SALTY	sctN2	4NPH	Crystal structure of SsaN from Salmonella enterica			2014	1	0			0	0	0
PSEPK	algJ	4O8V	O-Acetyltransferase Domain of Pseudomonas putida AlgJ	25165982	10.1371/journal.ppat.1004334	2014	1	0			0	0	0
human	IDUA	4OBR	Crystal structure of human alpha-L-iduronidase complex with alpha-L-iduronic acid				1	0	CL,IDR,TLA,GOL,NAG,SO4	IDR,NAG	2	0	0
human	IDUA	4OBS	Crystal structure of human alpha-L-iduronidase in the P212121 form				1	0	SO4,CL,GOL,NAG	NAG	1	0	0
human	ACMSD	4OFC	2.0 Angstroms X-ray crystal structure of human 2-amino-3-carboxymuconate-6-semialdehye decarboxylase	25392945	10.1002/prot.24722	2015	1	0	ZN	ZN	1	1	0
human	STK3	4OH9	Crystal Structure of the human MST2 SARAH homodimer	25004971	10.1107/S139900471400947X	2014	1	0			0	0	0
PSEPK	aroE__Q88RQ5	4OMU	Crystal structure of shikimate dehydrogenase (AroE) from Pseudomonas putida				1	0	SO4		0	0	0
HORSE	ALB	4OT2	Crystal Structure of Equine Serum Albumin in complex with Naproxen	24753230	10.1002/prot.24583	2014	1	0	MLI,ACT,SIN,NPS	SIN,NPS	2	0	0
ARATH	PHYB	4OUR	Crystal structure of Arabidopsis thaliana phytochrome B photosensory module	24982198	10.1073/pnas.1403096111	2014	2	0	PGE,O6E,GOL,SO4	O6E	1	0	1
human	PIK3CA	4OVU	Crystal Structure of p110alpha in complex with niSH2 of p85alpha	25105564		2014	2	0			0	0	1
human	PIK3CA	4OVV	Crystal Structure of PI3Kalpha in complex with diC4-PIP2	25105564		2014	2	0	PO4,PBU	PBU	1	0	1
human	PIK3C3	4OYS	CRYSTAL STRUCTURE OF VPS34 IN COMPLEX WITH SAR405.	25326666	10.1038/nchembio.1681	2014	1	0	1TT,SO4	1TT	1	0	0
human	AP1S1	4P6Z	Crystal structure of the human BST2 cytoplasmic domain and the HIV-1 Vpu cytoplasmic domain bound to the clathrin adaptor protein complex 1 (AP1) core	24843023	10.7554/eLife.02362	2014	6	0			0	0	1
human	LNPEP	4P8Q	Crystal Structure of Human Insulin Regulated Aminopeptidase with Alanine in Active Site	25408552	10.1002/pro.2604	2015	1	0	UNL,NAG,ZN	NAG,ZN	2	1	0
human	FLG	4PCW	Crystal Structure of the N-terminal Domain of Human Profilaggrin at 2.2 A Resolution	25760235	10.1038/jid.2015.102	2015	1	0	CA,2PE	CA	1	0	0
human	PIK3C3	4PH4	The crystal structure of Human VPS34 in complex with PIK-III	25327288	10.1038/ncb3053	2014	1	0	GOL,2UG	2UG	1	0	0
human	FASN	4PIV	Human Fatty Acid Synthase Psi/KR Tri-Domain with NADPH and GSK2194069	25086508	10.1038/nchembio.1603	2014	1	0	NDP,2W4,SO4,CAC	NDP,2W4	2	1	0
human	LNPEP	4PJ6	Crystal Structure of Human Insulin Regulated Aminopeptidase with Lysine in Active Site	25408552	10.1002/pro.2604	2015	1	0	NAG,LYS,ZN	NAG,LYS,ZN	3	1	0
ARATH	ETR1	4PL9	Structure of the catalytic domain of ETR1 from Arabidopsis thaliana	25451923	10.1074/jbc.M114.587667	2015	1	0	ACT,ADP,CL,CD	ADP,CD	2	1	0
human	CASP8	4PRZ	Caspase-8 specific unnatural amino acid peptides	25079698	10.1021/cb5004256	2014	2	0	DTD	DTD	1	0	1
human	CASP8	4PS1	Caspase-8 specific unnatural amino acid peptides	25079698	10.1021/cb5004256	2014	2	0	DTT		0	0	1
human	SHMT2	4PVF	Crystal structure of Homo sapiens holo serine hydroxymethyltransferase 2 (mitochondrial) (SHMT2), isoform 3, transcript variant 5, 483 aa, at 2.6 ang. resolution	25619277	10.1111/febs.13211	2015	1	0	PEG,GOL		0	0	0
DANRE	glceb	4PW2	Crystal structure of D-glucuronyl C5 epimerase	25568314	10.1074/jbc.M114.602201	2015	1	0	CIT	CIT	1	0	0
DANRE	glceb	4PXQ	Crystal structure of D-glucuronyl C5-epimerase in complex with heparin hexasaccharide	25568314	10.1074/jbc.M114.602201	2015	1	0			0	0	0
human	PDGFB	4QCI	PDGF-B blocking antibody bound to PDGF-BB	25707433	10.1021/bi5015425	2015	3	0			0	0	1
human	APEX1	4QH9	Crystal structure of Mn2+ bound human APE1	25251148	10.1021/bi500676p	2014	1	0	EDO,MN	MN	1	1	0
human	APEX1	4QHD	Crystal structure of apo human APE1	25251148	10.1021/bi500676p	2014	1	0	EDO		0	0	0
human	CWC27	4R3E	Structure of the spliceosomal peptidyl-prolyl cis-trans isomerase Cwc27 from Homo sapiens	25478830	10.1107/S1399004714021695	2014	1	0	GOL		0	0	0
human	SIRT2	4R8M	Human SIRT2 crystal structure in complex with BHJH-TM1	25704306	10.1038/srep08529	2015	2	0	3LX,ZN	3LX,ZN	2	1	1
human	HTT	4RAV	Crystal structure of scFvC4 in complex with the first 17 AA of huntingtin	25861763	10.1016/j.jmb.2015.03.021	2015	3	0	SO4		0	0	1
human	SIRT2	4RMG	Human Sirt2 in complex with SirReal2 and NAD+	25672491	10.1038/ncomms7263	2015	1	0	ZN,3TE,NAD	ZN,3TE,NAD	3	1	0
human	SIRT2	4RMH	Human Sirt2 in complex with SirReal2 and Ac-Lys-H3 peptide	25672491	10.1038/ncomms7263	2015	2	0	ZN,3TE	ZN,3TE	2	1	1
human	SIRT2	4RMI	Human Sirt2 in complex with SirReal1 and Ac-Lys-OTC peptide	25672491	10.1038/ncomms7263	2015	2	0	ZN,3TK	ZN,3TK	2	1	1
human	SIRT2	4RMJ	Human Sirt2 in complex with ADP ribose and nicotinamide	25672491	10.1038/ncomms7263	2015	1	0	AR6,NCA,PEG,EDO,NA,ZN,PGE	AR6,NCA,ZN	3	1	0
human	BICC1	4RQM	Crystal structure of the SeMET BICC1 SAM Domain R924E mutant	29290488	10.1016/j.str.2017.12.002	2018	1	0	ZN	ZN	1	1	0
human	BICC1	4RQN	Crystal structure of the native BICC1 SAM Domain R924E mutant	29290488	10.1016/j.str.2017.12.002	2018	1	0	ZN	ZN	1	1	0
human	PRDX4	4RQX	Crystal structure of human peroxiredoxin 4(THIOREDOXIN PEROXIDASE) with MESNA	25793542	10.3390/molecules20034928	2015	1	0	COM	COM	1	0	0
human	ASPA	4TNU	Human brain aspartoacylase mutant Y231C complex with intermediate analog (N-phosphonomethyl-L-aspartate)	25003821	10.1021/bi500719k	2014	1	0	AS9,ZN	AS9,ZN	2	1	0
ECOLI	appA	4TSR	The Complex Structure of Mutant Phytase with IHS				1	0	IHS,NI	IHS,NI	2	1	0
human	PIK3CA	4TUU	Isolated p110a subunit of PI3Ka provides a platform for structure-based drug design	25043846	10.1002/pro.2517	2014	1	0			0	0	0
human	PIK3CA	4TV3	Isolated p110a subunit of PI3Ka provides a platform for structure-based drug design	25043846	10.1002/pro.2517	2014	1	0	ML9	ML9	1	0	0
human	NAA40	4U9V	Crystal structure of NatD (Naa40p) bound to acetyl CoA	25619998	10.1016/j.str.2014.10.025	2015	1	0	ACO	ACO	1	1	0
human	NAA40	4U9W	Crystal Structure of NatD bound to H4/H2A peptide and CoA	25619998	10.1016/j.str.2014.10.025	2015	2	0	COA,NA,GOL	COA	1	1	1
human	RPS3	4UG0	STRUCTURE OF THE HUMAN 80S RIBOSOME	25901680	10.1038/nature14427	2015	76	5	MG,ZN	MG,ZN	2	1	1
human	CYP51A1	4UHI	HUMAN STEROL 14-ALPHA DEMETHYLASE (CYP51) IN COMPLEX WITH VFV IN C121 SPACE GROUP	27313059	10.1194/JLR.M069229	2016	1	0	HEM,VFV	HEM,VFV	2	1	0
human	CYP51A1	4UHL	HUMAN STEROL 14-ALPHA DEMETHYLASE (CYP51) IN COMPLEX WITH VFV IN P1 SPACE GROUP	27313059	10.1194/JLR.M069229	2016	1	0	HEM,VFV	HEM,VFV	2	1	0
human	NCSTN	4UIS	The cryoEM structure of human gamma-Secretase complex	25918421	10.1073/PNAS.1506242112	2015	5	0			0	0	1
human	CPS1	4UTR	Crystal structure of zebrafish Sirtuin 5 in complex with glutarylated CPS1-peptide	25111069	10.1002/ANIE.201402679	2014	2	0	ZN,EDO,DMS,NA,GUA	ZN,GUA	2	1	1
human	CPS1	4UTV	Crystal structure of zebrafish Sirtuin 5 in complex with 3-phenyl- succinylated CPS1-peptide	25111069	10.1002/ANIE.201402679	2014	2	0	ZN,EPE,DMS,NA,FSL,F9V	ZN,FSL,F9V	3	1	1
human	CPS1	4UTX	Crystal structure of zebrafish Sirtuin 5 in complex with 3-nitro- propionylated CPS1-peptide	25111069	10.1002/ANIE.201402679	2014	2	0	3NP,NA,DMS,EPE,EDO,ZN	3NP,ZN	2	1	1
human	CPS1	4UTZ	Crystal structure of zebrafish Sirtuin 5 in complex with adipoylated CPS1-peptide	25111069	10.1002/ANIE.201402679	2014	2	0	0L1,EDO,NA,DMS,EPE,ZN	0L1,ZN	2	1	1
human	CPS1	4UU7	Crystal structure of zebrafish Sirtuin 5 in complex with 3-methyl- succinylated CPS1-peptide	25111069	10.1002/ANIE.201402679	2014	2	0	SUH,JO3,NA,EPE,DMS,EDO,ZN	SUH,JO3,ZN	3	1	1
human	CPS1	4UU8	Crystal structure of zebrafish Sirtuin 5 in complex with 3,3-dimethyl- succinylated CPS1-peptide	25111069	10.1002/ANIE.201402679	2014	2	0	NA,EDO,EPE,DMS,WOC,ZN	WOC,ZN	2	1	1
human	CPS1	4UUA	Crystal structure of zebrafish Sirtuin 5 in complex with 3S-Z-amino- succinylated CPS1-peptide	25111069	10.1002/ANIE.201402679	2014	2	0	NX6,NA,DMS,EPE,EDO,ZN	NX6,ZN	2	1	1
human	CPS1	4UUB	Crystal structure of zebrafish Sirtuin 5 in complex with 2R-butyl- succinylated CPS1-peptide	25111069	10.1002/ANIE.201402679	2014	2	0	ZN,EDO,EPE,DMS,NA,SU8	ZN,SU8	2	1	1
human	PIK3C3	4UWF	Discovery of (2S)-8-((3R)-3-Methylmorpholin-4-yl)-1-(3-methyl-2-oxo- butyl)-2-(trifluoromethyl)-3,4-dihydro-2H-pyrimido(1,2-a)pyrimidin-6- one: a Novel Potent and Selective Inhibitor of Vps34 for the Treatment of Solid Tumors	25402320	10.1021/JM5013352	2015	1	0	EUT	EUT	1	0	0
human	PIK3C3	4UWG	Discovery of (2S)-8-((3R)-3-Methylmorpholin-4-yl)-1-(3-methyl-2-oxo- butyl)-2-(trifluoromethyl)-3,4-dihydro-2H-pyrimido(1,2-a)pyrimidin-6- one: a Novel Potent and Selective Inhibitor of Vps34 for the Treatment of Solid Tumors	25402320	10.1021/JM5013352	2015	1	0	RBQ,SO4	RBQ	1	0	0
human	PIK3C3	4UWH	Discovery of (2S)-8-((3R)-3-Methylmorpholin-4-yl)-1-(3-methyl-2-oxo- butyl)-2-(trifluoromethyl)-3,4-dihydro-2H-pyrimido(1,2-a)pyrimidin-6- one: a Novel Potent and Selective Inhibitor of Vps34 for the Treatment of Solid Tumors	25402320	10.1021/JM5013352	2015	1	0	NA,JXM	JXM	1	0	0
human	PIK3C3	4UWK	Discovery of (2S)-8-((3R)-3-Methylmorpholin-4-yl)-1-(3-methyl-2-oxo- butyl)-2-(trifluoromethyl)-3,4-dihydro-2H-pyrimido(1,2-a)pyrimidin-6- one: a Novel Potent and Selective Inhibitor of Vps34 for the Treatment of Solid Tumors	25402320	10.1021/JM5013352	2015	1	0	GOL,UJB,SO4	UJB	1	0	0
human	PIK3C3	4UWL	Discovery of (2S)-8-((3R)-3-Methylmorpholin-4-yl)-1-(3-methyl-2-oxo- butyl)-2-(trifluoromethyl)-3,4-dihydro-2H-pyrimido(1,2-a)pyrimidin-6- one: a Novel Potent and Selective Inhibitor of Vps34 for the Treatment of Solid Tumors	25402320	10.1021/JM5013352	2015	1	0	SO4,7A5	7A5	1	0	0
human	TPH2	4V06	Crystal structure of human tryptophan hydroxylase 2 (TPH2), catalytic domain				1	0	IMD,FE	FE	1	1	0
human	SPHK1	4V24	Sphingosine kinase 1 in complex with PF-543	25516793	10.1021/ML5004074	2014	1	0	GYR,ACT	GYR	1	0	0
human	RPS3	4V6X	Structure of the human 80S ribosome	23636399	10.1038/nature12104	2013	82	5			0	0	1
yeast	CCT2	4V81	The crystal structure of yeast CCT reveals intrinsic asymmetry of eukaryotic cytosolic chaperonins	21701561	10.1038/emboj.2011.208	2011	8	0	BEF,ADP,SO4	BEF,ADP	2	1	1
yeast	CCT5	4V81	The crystal structure of yeast CCT reveals intrinsic asymmetry of eukaryotic cytosolic chaperonins	21701561	10.1038/emboj.2011.208	2011	8	0	BEF,ADP,SO4	BEF,ADP	2	1	1
yeast	CCT7	4V81	The crystal structure of yeast CCT reveals intrinsic asymmetry of eukaryotic cytosolic chaperonins	21701561	10.1038/emboj.2011.208	2011	8	0	BEF,ADP,SO4	BEF,ADP	2	1	1
yeast	CCT2	4V8R	The crystal structures of the eukaryotic chaperonin CCT reveal its functional partitioning	23478063	10.1016/J.STR.2013.01.017	2013	8	0	BEF,ADP,MG	BEF,ADP,MG	3	1	1
yeast	CCT5	4V8R	The crystal structures of the eukaryotic chaperonin CCT reveal its functional partitioning	23478063	10.1016/J.STR.2013.01.017	2013	8	0	BEF,ADP,MG	BEF,ADP,MG	3	1	1
yeast	CCT7	4V8R	The crystal structures of the eukaryotic chaperonin CCT reveal its functional partitioning	23478063	10.1016/J.STR.2013.01.017	2013	8	0	BEF,ADP,MG	BEF,ADP,MG	3	1	1
yeast	CCT2	4V94	Molecular architecture of the eukaryotic chaperonin TRiC/CCT derived by a combination of chemical crosslinking and mass-spectrometry, XL-MS	22503819	10.1016/j.str.2012.03.007	2012	8	0	MG,ADP,BEF	MG,ADP,BEF	3	1	1
yeast	CCT5	4V94	Molecular architecture of the eukaryotic chaperonin TRiC/CCT derived by a combination of chemical crosslinking and mass-spectrometry, XL-MS	22503819	10.1016/j.str.2012.03.007	2012	8	0	MG,ADP,BEF	MG,ADP,BEF	3	1	1
yeast	CCT7	4V94	Molecular architecture of the eukaryotic chaperonin TRiC/CCT derived by a combination of chemical crosslinking and mass-spectrometry, XL-MS	22503819	10.1016/j.str.2012.03.007	2012	8	0	MG,ADP,BEF	MG,ADP,BEF	3	1	1
human	FASN	4W82	Enoyl-acyl carrier protein-reductase domain from human fatty acid synthase	25301948	10.1074/jbc.M114.608547	2014	1	0	NA,MG,CL	MG	1	0	0
human	FASN	4W9N	Enoyl-acyl carrier protein-reductase domain from human fatty acid synthase complexed with triclosan	25301948	10.1074/jbc.M114.608547	2014	2	0	IMD,CL,TCL,NA	TCL	1	0	1
human	PIK3CA	4WAF	Crystal Structure of a novel tetrahydropyrazolo[1,5-a]pyrazine in an engineered PI3K alpha	25589927	10.1021/ml500353p	2015	2	0	3K6	3K6	1	0	1
BOVIN	Bosd2	4WFU	Bovine allergen Bos d 2 in the trigonal space group P3221.	26346541	10.1038/srep13841	2015	1	0			0	0	0
BOVIN	Bosd2	4WFV	Bovine allergen Bos d 2 in the monoclinic space group C2.	26346541	10.1038/srep13841	2015	1	0			0	0	0
STAHA	lnuA	4WH5	Crystal structure of lincosamide antibiotic adenylyltransferase LnuA, lincomycin-bound				1	0	CL,MG,3QB	MG,3QB	2	0	0
human	MDH2	4WLE	Crystal structure of citrate bound MDH2				1	0	CIT	CIT	1	0	0
human	MDH2	4WLF	Crystal structure of L-malate bound MDH2				1	0	PO4,LMR	LMR	1	0	0
human	MDH2	4WLN	Crystal structure of apo MDH2				1	0	PO4		0	0	0
human	MDH2	4WLO	Crystal structure of oxaloacetate and NADH bound MDH2				1	0	NAI,OAA	NAI,OAA	2	1	0
human	MDH2	4WLU	Crystal structure of L-malate and NAD bound MDH2				1	0	NAD,LMR	NAD,LMR	2	1	0
human	MDH2	4WLV	Crystal structure of NAD bound MDH2				1	0	NAD,PO4	NAD	1	1	0
human	GAPDH	4WNC	Crystal structure of human wild-type GAPDH at 1.99 angstroms resolution	25451934	10.1074/jbc.M114.618165	2015	1	0	ACT,ZN,NAD	ZN,NAD	2	1	0
human	GAPDH	4WNI	Crystal structure of the T229K mutant of human GAPDH at 2.3 angstroems resolution	25451934	10.1074/jbc.M114.618165	2015	1	0	NAD,ZN	NAD,ZN	2	1	0
ARATH	PYR1	4WVO	An engineered PYR1 mandipropamid receptor in complex with mandipropamid and HAB1	25652827	10.1038/nature14123	2015	2	0	3UZ,MG	3UZ,MG	2	0	1
human	CFTR	4WZ6	Human CFTR aa389-678 (NBD1), deltaF508 with three solubilizing mutations, bound ATP	26444971	10.1002/pro.2821	2016	1	0	ATP,MG	ATP,MG	2	1	0
human	SIRT2	4X3O	Sirt2 in complex with a myristoyl peptide	28286128	10.1016/j.chembiol.2017.02.007	2017	2	0	3Y0,EDO,ZN	3Y0,ZN	2	1	1
human	SIRT2	4X3P	Sirt2 in complex with a myristoyl peptide	28286128	10.1016/j.chembiol.2017.02.007	2017	2	0	3LX,CNA,EDO,ZN	3LX,CNA,ZN	3	1	1
human	EIF2AK3	4X7H	Co-crystal Structure of PERK bound to N-{5-[(6,7-dimethoxyquinolin-4-yl)oxy]pyridin-2-yl}-1-methyl-3-oxo-2-phenyl-5-(pyridin-4-yl)-2,3-dihydro-1H-pyrazole-4-carboxamide inhibitor	25587754	10.1021/jm5017494	2015	1	0	SO4,3Z2	3Z2	1	0	0
human	EIF2AK3	4X7J	Co-crystal Structure of PERK with 2-amino-N-[4-methoxy-3-(trifluoromethyl)phenyl]-4-methyl-3-[2-(methylamino)quinazolin-6-yl]benzamide inhibitor	25587754	10.1021/jm5017494	2015	1	0	3Z1,TLA	3Z1	1	0	0
human	EIF2AK3	4X7K	Co-crystal Structure of PERK bound to 4-{2-amino-3-[5-fluoro-2-(methylamino)quinazolin-6-yl]-4-methylbenzoyl}-1-methyl-2,5-diphenyl-1,2-dihydro-3H-pyrazol-3-one inhibitor	25587754	10.1021/jm5017494	2015	1	0	GOL,TLA,3Z3	3Z3	1	0	0
human	EIF2AK3	4X7L	Co-crystal Structure of PERK bound to 4-{2-amino-4-methyl-3-[2-(methylamino)-1,3-benzothiazol-6-yl]benzoyl}-1-methyl-2,5-diphenyl-1,2-dihydro-3H-pyrazol-3-one inhibitor	25587754	10.1021/jm5017494	2015	1	0	3Z4,GOL,TLA	3Z4	1	0	0
human	EIF2AK3	4X7N	Co-crystal Structure of PERK bound to 4-[2-amino-4-methyl-3-(2-methylquinolin-6-yl)benzoyl]-1-methyl-2,5-diphenyl-1,2-dihydro-3H-pyrazol-3-one inhibitor	25587754	10.1021/jm5017494	2015	1	0	TLA,3Z5	3Z5	1	0	0
human	EIF2AK3	4X7O	Co-crystal Structure of PERK bound to 1-[5-(4-amino-2,7-dimethyl-7H-pyrrolo[2,3-d]pyrimidin-5-yl)-2,3-dihydro-1H-indol-1-yl]-2-[3-fluoro-5-(trifluoromethyl)phenyl]ethanone inhibitor	25587754	10.1021/jm5017494	2015	1	0	3Z6	3Z6	1	0	0
DROME	loqs	4X8W	dsRBD3 of Loquacious				2	0	GOL		0	0	1
worm	sod-3	4X9Q	MnSOD-3 Room Temperature Structure	26257399	10.1002/pro.2768	2015	1	0	MN,MLI,SO4	MN	1	1	0
human	OLAH	4XJV	Crystal structure of human thioesterase 2	26663084	10.1074/jbc.M115.702597	2016	1	0	CL		0	0	0
human	PCYT2	4XSV	Human CTP: Phosphoethanolamine Cytidylyltransferase in complex with CTP				1	0	CTP,GOL,C5P	CTP,C5P	2	0	0
human	NAGLU	4XWH	Crystal structure of the human N-acetyl-alpha-glucosaminidase	30802506	10.1016/j.jsb.2019.02.005	2019	1	0	GOL,XYL,NAG	XYL,NAG	2	0	0
human	SPR	4XWY	Crystal structure of human sepiapterin reductase in complex with an N-acetylserotinin analogue	26087165	10.1016/j.neuron.2015.05.033	2015	1	0	SO4,43O,NDP	43O,NDP	2	1	0
human	SIRT2	4Y6L	Human SIRT2 in complex with myristoylated peptide (H3K9myr)	25897714	10.1021/acs.biochem.5b00150	2015	2	0	ZN	ZN	1	1	1
human	SIRT2	4Y6O	Human SIRT2 in complex with myristoylated peptide (TNF-alphaK20myr)	25897714	10.1021/acs.biochem.5b00150	2015	2	0	ZN	ZN	1	1	1
human	SIRT2	4Y6Q	Human SIRT2 in complex with 2-O-myristoyl-ADP-ribose	25897714	10.1021/acs.biochem.5b00150	2015	1	0	OMR,ZN	OMR,ZN	2	1	0
human	CYP21A2	4Y8W	Crystal Structure of Human Cytochrome P450 21A2 Progesterone Complex	25855791	10.1074/jbc.M115.646307	2015	1	0	SO4,HEM,STR	HEM,STR	2	1	0
human	PIK3CA	4YKN	Pi3K alpha lipid kinase with Active Site Inhibitor	26005528	10.1021/acsmedchemlett.5b00025	2015	1	0	4EL	4EL	1	0	0
human	ASH1L	4YNM	ASH1L wild-type SET domain in complex with S-adenosyl methionine (SAM)	26292256	10.1021/acs.biochem.5b00697	2015	1	0	SAM,ZN	SAM,ZN	2	1	0
human	ASH1L	4YNP	ASH1L SET domain S2259M mutant in complex with S-adenosyl methionine (SAM)	26292256	10.1021/acs.biochem.5b00697	2015	1	0	SAM,ZN	SAM,ZN	2	1	0
human	ASH1L	4YPA	ASH1L SET domain Q2265A mutant in complex with S-adenosyl methionine (SAM)	26292256	10.1021/acs.biochem.5b00697	2015	1	0	SAM,ZN	SAM,ZN	2	1	0
human	ASH1L	4YPE	ASH1L SET domain H2193F mutant in complex with S-adenosyl methionine (SAM)	26292256	10.1021/acs.biochem.5b00697	2015	1	0	SAM,ZN	SAM,ZN	2	1	0
human	ASH1L	4YPU	ASH1L SET domain K2264L mutant in complex with S-adenosyl methionine (SAM)	26292256	10.1021/acs.biochem.5b00697	2015	1	0	SAM,ZN	SAM,ZN	2	1	0
human	EIF2AK3	4YZS	Crystal structures reveal transient PERK luminal domain tetramerization in ER stress signaling	25925385	10.15252/embj.201489183	2015	1	0	W	W	1	0	0
human	SPR	4Z3K	Human sepiapterin reductase in complex with the cofactor NADP+ and the trypthophan metabolite xanthurenic acid	26565027	10.1074/jbc.C115.680488	2016	1	0	4KL,EDO,SO4,NAP	4KL,NAP	2	1	0
human	FASN	4Z49	Homo Sapiens Fatty Acid Synthetase, Thioesterase Domain at 1.7 Angstroms Resolution	26241692	10.1021/acs.jcim.5b00185	2015	1	0	K		0	0	0
PSEPK	pqqB	4Z5Y	The 1.56-angstrom crystal structure of copper(II)-bound PqqB from Pseudomonas Putida				1	0	NA,CU,ZN	CU,ZN	2	1	0
PSEPK	pqqB	4Z5Z	The 2.5-angstrom crystal structure of Mg(2+)-bound PqqB from Pseudomonas Putida				1	0	MLT,MG,ZN	MLT,MG,ZN	3	1	0
PSEPK	pqqB	4Z60	The 2.5-angstrom of crystal structure of Zn(2+)-bound PqqB from Pseudomonas Putida				1	0	ZN	ZN	1	1	0
PSEPK	pqqB	4Z67	The 1.5-angstrom crystal structure of Mn(2+)-bound PqqB from Pseudomonas Putida				1	0	NA,MN,MLT,ZN	MN,MLT,ZN	3	1	0
PSEPK	pqqB	4Z6X	The 1.68-angstrom crystal structure of acitive-site metal-free PqqB from Pseudomonas putida				1	0	ZN	ZN	1	1	0
human	LNPEP	4Z7I	Crystal structure of insulin regulated aminopeptidase in complex with ligand	26259583	10.4049/jimmunol.1501103	2015	2	0	NAG,ZN	NAG,ZN	2	1	1
HORSE	ALB	4ZBQ	Crystal Structure of Equine Serum Albumin in complex with Diclofenac	26652101	10.1021/acs.jmedchem.5b00909	2016	1	0	DIF,ACT,SIN,LMR,TLA	DIF,SIN,LMR	3	0	0
HORSE	ALB	4ZBR	Crystal Structure of Equine Serum Albumin in complex with Diclofenac and Naproxen	26652101	10.1021/acs.jmedchem.5b00909	2016	1	0	DIF,SIN,ACT,FMT,MLI,LMR,NPS	DIF,SIN,LMR,NPS	4	0	0
human	CASP8	4ZBW	Crystal structure of death effector domain of Caspase8 in Homo Sapiens	26003730	10.1016/j.bbrc.2015.05.054	2015	1	0			0	0	0
human	DBH	4ZEL	Human dopamine beta-hydroxylase	27152332	10.1126/sciadv.1500980	2016	1	0	CU,NAG	CU,NAG	2	1	0
human	ODC1	4ZGY	STRUCTURE of HUMAN ORNITHINE DECARBOXYLASE IN COMPLEX WITH A C-TERMINAL FRAGMENT OF ANTIZYME	26305948	10.1073/pnas.1508187112	2015	2	0	MG,PLP	MG,PLP	2	1	1
human	AZIN1	4ZGZ	STRUCTURE OF HUMAN ANTIZYME INHIBITOR IN COMPLEX WITH A C-TERMINAL FRAGMENT OF ANTIZYME	26305948	10.1073/pnas.1508187112	2015	2	0			0	0	1
human	GNE	4ZHT	Crystal structure of UDP-GlcNAc 2-epimerase	26980148	10.1038/srep23274	2016	1	0	UDP,NCC,BM7	UDP,NCC,BM7	3	1	0
human	SIRT1	4ZZH	SIRT1/Activator Complex	26134520	10.1038/ncomms8645	2015	1	0	4TO,ZN	4TO,ZN	2	1	0
human	SIRT1	4ZZI	SIRT1/Activator/Inhibitor Complex	26134520	10.1038/ncomms8645	2015	1	0	4TQ,1NS,ZN	4TQ,1NS,ZN	3	1	0
human	SIRT1	4ZZJ	SIRT1/Activator/Substrate Complex	26134520	10.1038/ncomms8645	2015	2	0	ZN,CNA,4TQ,GOL	ZN,CNA,4TQ	3	1	1
THLAR	TFP	5A10	The crystal structure of Ta-TFP, a thiocyanate-forming protein involved in glucosinolate breakdown (space group C2)	26260516	10.1007/S11103-015-0351-9	2015	1	0	NA,ACT		0	0	0
THLAR	TFP	5A11	The crystal structure of Ta-TFP, a thiocyanate-forming protein involved in glucosinolate breakdown (space group P21)	26260516	10.1007/S11103-015-0351-9	2015	1	0	IOD		0	0	0
human	KCTD16	5A15	Crystal structure of the BTB domain of human KCTD16	28963344	10.1042/BCJ20170527	2017	1	0			0	0	0
human	RPS3	5A2Q	Structure of the HCV IRES bound to the human ribosome	26155016	10.1038/NCOMMS8646	2015	36	2	ZN,MG	ZN,MG	2	1	1
human	HDAC4	5A2S	Potent, selective and CNS-penetrant tetrasubstituted cyclopropane class IIa histone deacetylase (HDAC) inhibitors	26819662	10.1021/ACSMEDCHEMLETT.5B00302	2016	1	0	ZN,NA,OTF	ZN,OTF	2	1	0
human	NCSTN	5A63	Cryo-EM structure of the human gamma-secretase complex at 3.4 angstrom resolution.	26280335	10.1038/NATURE14892	2015	4	0	NAG,PC1	NAG,PC1	2	0	1
worm	sod-3	5AG2	SOD-3 azide complex	26257399	10.1002/PRO.2768	2015	1	0	MN,AZI,ACT,MLI,SO4	MN	1	1	0
human	RPS3	5AJ0	Cryo electron microscopy of actively translating human polysomes (POST state).	25957688	10.1016/j.cell.2015.03.052	2015	79	6	MG,ZN	MG,ZN	2	1	1
human	PIK3C3	5ANL	Crystal structure of VPS34 in complex with (2S)-8-((3R)-3- Methylmorpholin-4-yl)-1-(3-methyl-2-oxo- butyl)-2-(trifluoromethyl)-3, 4-dihydro-2H-pyrimido(1,2-a)pyrimidin-6- one, processed with the CrystalDirect automated mounting and cryo-cooling technology	27050125	10.1107/S2059798316000954	2016	1	0	RBQ	RBQ	1	0	0
human	GOT2	5AX8	Recombinant expression, purification and preliminary crystallographic studies of the mature form of human mitochondrial aspartate aminotransferase	26902786	10.5582/bst.2015.01150	2016	1	0			0	0	0
human	QPRT	5AYX	Crystal structure of Human Quinolinate Phosphoribosyltransferase	26805589	10.1038/srep19681	2016	1	0			0	0	0
human	QPRT	5AYY	CRYSTAL STRUCTURE OF HUMAN QUINOLINATE PHOSPHORIBOSYLTRANSFERASE IN COMPLEX WITH THE REACTANT QUINOLINATE	26805589	10.1038/srep19681	2016	1	0	NTM	NTM	1	0	0
human	QPRT	5AYZ	CRYSTAL STRUCTURE OF HUMAN QUINOLINATE PHOSPHORIBOSYLTRANSFERASE IN COMPLEX WITH THE PRODUCT NICOTINATE MONONUCLEOTIDE	26805589	10.1038/srep19681	2016	1	0	NCN	NCN	1	0	0
SALTY	fliI	5B0O	Structure of the FliH-FliI complex	26984495	10.1073/pnas.1524025113	2016	2	0	ADP	ADP	1	1	1
ACISB	cas12a	5B43	Crystal structure of Acidaminococcus sp. Cpf1 in complex with crRNA and target DNA	27114038	10.1016/j.cell.2016.04.003	2016	1	3	NA,EDO		0	0	1
human	UFD1	5B6C	Structural Details of Ufd1 binding to p97	27684549	10.1371/journal.pone.0163394	2016	2	0			0	0	1
9CAUD	acrIF3	5B7I	Cas3-AcrF3 complex	27455460	10.1038/nsmb.3269	2016	2	0	CA,ADP	CA,ADP	2	1	1
PSEAB	cas3	5B7I	Cas3-AcrF3 complex	27455460	10.1038/nsmb.3269	2016	2	0	CA,ADP	CA,ADP	2	1	1
human	HDAC6	5B8D	Crystal structure of a low occupancy fragment candidate (N-(4-Methyl-1,3-thiazol-2-yl)propanamide) bound adjacent to the ubiquitin binding pocket of the HDAC6 zinc-finger domain	29019676	10.1021/acs.jmedchem.7b00933	2017	1	0	UNX,NA,6T4,FMT,ZN	6T4,ZN	2	1	0
human	STK3	5BRM	Structural basis for Mob1-dependent activation of the core Mst-Lats kinase cascade in Hippo signaling	26108669	10.1101/gad.264929.115	2015	2	0	ZN	ZN	1	1	1
human	HEXB	5BRO	Crystal structure of modified HexB (modB)	27018595	10.1172/JCI85300	2016	1	0	FMT,GOL		0	0	0
human	SIRT1	5BTR	Crystal structure of SIRT1 in complex with resveratrol and an AMC-containing peptide	26109052	10.1101/gad.265462.115	2015	2	0	ZN,STL	ZN,STL	2	1	1
human	ODC1	5BWA	Crystal structure of ODC-PLP-AZ1 ternary complex	26443277	10.1038/srep14738	2015	2	0	PLP	PLP	1	1	1
human	UFD1	5C1B	p97-delta709-728 in complex with a UFD1-SHP peptide	26712280	10.1016/j.str.2015.10.027	2016	2	0	MG,GOL,CL,AGS	MG,AGS	2	1	1
mouse	Cdc42	5C2J	Complex structure of the GAP domain of MgcRacGAP and Cdc42	39522789	10.1016/j.jsb.2024.108151	2024	2	0	MG,AF3,GDP	MG,AF3,GDP	3	1	1
human	FASN	5C37	Structure of the beta-ketoacyl reductase domain of human fatty acid synthase bound to a spiro-imidazolone inhibitor	29779975	10.1016/j.bmcl.2018.05.014	2018	1	0	NDP,4XN,CL,GOL	NDP,4XN	2	1	0
human	LNPEP	5C97	Insulin regulated aminopeptidase	26259583	10.4049/jimmunol.1501103	2015	1	0	NAG,ZN	NAG,ZN	2	1	0
human	GMNC	5C9N	Crystal structure of GEMC1 coiled-coil domain	26527144	10.1107/S1399004715016892	2015	1	0	MPD		0	0	0
PSEPK	galB	5CGZ	Crystal structure of GalB, the 4-carboxy-2-hydroxymuconate hydratase, from Pseuodomonas putida KT2440	26867578	10.1074/jbc.M115.682054	2016	1	0	ZN,GOL	ZN	1	1	0
human	GBE1	5CLT	Crystal structure of human glycogen branching enzyme (GBE1) in complex with acarbose				1	0			0	0	0
human	GBE1	5CLW	Crystal structure of human glycogen branching enzyme (GBE1) in complex with maltoheptaose				1	0	NA		0	0	0
human	NT5C2	5CQZ	Human cytosolic 5'-nucleotidase II in complex with 3-(3-Imidazol-1-ylphenyl)-N-(9H-purin-6-yl)benzamide	26599519	10.1021/acs.jmedchem.5b01616	2015	1	0	53O,MG,SO4,GOL	53O,MG	2	0	0
human	NT5C2	5CR7	Human cytosolic 5'-nucleotidase II in complex with N-(9H-Purin-6-yl)-3-(3-pyrrol-1-ylphenyl)benzamide	26599519	10.1021/acs.jmedchem.5b01616	2015	1	0	GOL,MG,PO4,ACT,5WO	MG,5WO	2	0	0
human	CFTR	5D2D	Crystal structure of human 14-3-3 zeta in complex with CFTR R-domain peptide pS753-pS768	26888287	10.1073/pnas.1516631113	2016	2	0	CL		0	0	1
human	CFTR	5D3E	Crystal structure of human 14-3-3 gamma in complex with CFTR R-domain peptide pS768-pS795	26888287	10.1073/pnas.1516631113	2016	2	0			0	0	1
human	CFTR	5D3F	Crystal structure of human 14-3-3 zeta in complex with CFTR R-domain peptide pS753-pS768 and stabilizer fusicoccin-A	26888287	10.1073/pnas.1516631113	2016	2	0	FSC	FSC	1	0	1
human	SIRT2	5D7O	Crystal structure of Sirt2-ADPR at an improved resolution	26625292	10.1107/S2053230X15019986	2015	1	0	ZN,AR6,PGE	ZN,AR6	2	1	0
HORSE	ALB	5DBY	Crystal Structure of Equine Serum Albumin in Complex with Diclofenac and Naproxen Obtained in Displacement Experiment	26652101	10.1021/acs.jmedchem.5b00909	2016	1	0	DIF,LMR,FMT,ACT,SIN,MLI,NPS	DIF,LMR,SIN,NPS	4	0	0
human	STK3	5DH3	Crystal structure of MST2 in complex with XMU-MP-1	27535619	10.1126/scitranslmed.aaf2304	2016	1	0	5BS,SO4,CL	5BS	1	0	0
human	CPS1	5DOT	Crystal Structure of Human Carbamoyl phosphate synthetase I (CPS1), apo form	26592762	10.1038/srep16950	2015	1	0	NI,EDO,GOL	NI	1	1	0
human	CPS1	5DOU	Crystal Structure of Human Carbamoyl phosphate synthetase I (CPS1), ligand-bound form	26592762	10.1038/srep16950	2015	1	0	NI,MG,K,PO4,ADP,NLG,CL,GOL,EDO	NI,MG,ADP,NLG	4	1	0
HORSE	ALB	5DQF	Horse Serum Albumin (ESA) in complex with Cetirizine	26896718	10.1016/j.molimm.2016.02.003	2016	1	0	CL,CZE,LCR,SO4,PG4	CZE,LCR	2	0	0
PSEAE	pqsB	5DWZ	Structural and functional characterization of PqsBC, a condensing enzyme in the biosynthesis of the Pseudomonas aeruginosa quinolone signal	26811339	10.1074/jbc.M115.708453	2016	2	0	PO4,GOL,MPO,TRS,CL,PGE,PEG,NA	MPO	1	0	1
PSEAE	pqsC	5DWZ	Structural and functional characterization of PqsBC, a condensing enzyme in the biosynthesis of the Pseudomonas aeruginosa quinolone signal	26811339	10.1074/jbc.M115.708453	2016	2	0	PO4,GOL,MPO,TRS,CL,PGE,PEG,NA	MPO	1	0	1
human	AGT	5E2Q	Structure of human DPP3 in complex with angiotensin-II	27025154	10.1038/srep23787	2016	2	0	K,MG	MG	1	0	1
human	HDAC6	5EDU	Crystal structure of human histone deacetylase 6 catalytic domain 2 in complex with trichostatin A	27454933	10.1038/nchembio.2134	2016	1	0	TSN,ZN,K	TSN,ZN	2	1	0
human	AADAT	5EFS	The crystal structure of human kynurenine aminotransferase II				1	0			0	0	0
NOSP7	AmiC2	5EMI	N-acetylmuramoyl-L-alanine amidase AmiC2 of Nostoc punctiforme	26833702	10.1111/febs.13673	2016	1	0	ZN,MRD,MES	ZN	1	1	0
human	PIK3C3	5ENN	The crystal structure of Human VPS34 in complex with a selective and potent inhibitor				1	0	SO4,GOL,NA,5QS	5QS	1	0	0
BACSU	secA	5EUL	Structure of the SecA-SecY complex with a translocating polypeptide substrate	26950603	10.1038/nature17163	2016	4	0	MG,BEF,ADP,TBR	MG,BEF,ADP,TBR	4	1	1
human	AADAT	5EUN	The Crystal Structure of Human Kynurenine Aminotransferase II, PLP-bound form, at 1.83 A	27023527	10.3390/ijms17040446	2016	1	0			0	0	0
human	RPS3	5FLX	Mammalian 40S HCV-IRES complex	26604301	10.15252/EMBJ.201592469	2015	33	2	MG,ZN	MG,ZN	2	1	1
human	NCSTN	5FN2	Cryo-EM structure of gamma secretase in complex with a drug DAPT	26623517	10.7554/eLife.11182	2015	4	0			0	0	1
human	NCSTN	5FN3	Cryo-EM structure of gamma secretase in class 1 of the apo- state ensemble	26623517	10.7554/eLife.11182	2015	5	0			0	0	1
human	NCSTN	5FN4	Cryo-EM structure of gamma secretase in class 2 of the apo- state ensemble	26623517	10.7554/eLife.11182	2015	5	0			0	0	1
human	NCSTN	5FN5	Cryo-EM structure of gamma secretase in class 3 of the apo- state ensemble	26623517	10.7554/eLife.11182	2015	4	0			0	0	1
THET8	csm6	5FSH	Crystal structure of Thermus thermophilus Csm6	26763118	10.1261/RNA.054098.115	2016	1	0	NI	NI	1	1	0
ACET2	cipA	5G5D	Crystal Structure of the CohScaC2-XDocCipA type II complex from Clostridium thermocellum	27924829	10.1038/srep38292	2016	2	0	CA	CA	1	0	1
CANLF	ALB	5GHK	Crystal Structure Analysis of Canine serum albumin	27830776	10.1038/srep36782	2016	1	0			0	0	0
9CAUD	acrIF3	5GNF	Crystal structure of anti-CRISPR protein AcrF3	27585537	10.1038/cr.2016.103	2016	1	0	CA	CA	1	0	0
ECOLX	mcr-1	5GOV	Crystal Structure of MCR-1, a phosphoethanolamine transferase, extracellular domain	27958270	10.1038/srep38793	2016	1	0	ZN	ZN	1	1	0
human	USP25	5GP7	Structural basis for the binding between Tankyrase-1 and USP25	28619731	10.1101/gad.300889.117	2017	2	0	GOL		0	0	1
9CAUD	acrIF3	5GQH	Cryo-EM structure of PaeCas3-AcrF3 complex	27585537	10.1038/cr.2016.103	2016	2	0			0	0	1
PSEAB	cas3	5GQH	Cryo-EM structure of PaeCas3-AcrF3 complex	27585537	10.1038/cr.2016.103	2016	2	0			0	0	1
ARATH	NSP1	5GQT	Crystal structure of a specifier Protein from Arabidopsis thaliana	28479247	10.1016/j.bbrc.2017.05.027	2017	1	0			0	0	0
ECOLX	mcr-1	5GRR	Crystal structure of MCR-1	28000749	10.1038/srep39540	2016	1	0	ZN,GOL	ZN	1	1	0
yeast	CCT2	5GW4	Structure of Yeast NPP-TRiC	27775711	10.1038/nsmb.3309	2016	8	0			0	0	1
yeast	CCT5	5GW4	Structure of Yeast NPP-TRiC	27775711	10.1038/nsmb.3309	2016	8	0			0	0	1
yeast	CCT7	5GW4	Structure of Yeast NPP-TRiC	27775711	10.1038/nsmb.3309	2016	8	0			0	0	1
yeast	CCT2	5GW5	Structure of TRiC-AMP-PNP	27775711	10.1038/nsmb.3309	2016	8	0			0	0	1
yeast	CCT5	5GW5	Structure of TRiC-AMP-PNP	27775711	10.1038/nsmb.3309	2016	8	0			0	0	1
yeast	CCT7	5GW5	Structure of TRiC-AMP-PNP	27775711	10.1038/nsmb.3309	2016	8	0			0	0	1
human	PDXP	5GYN	Crystal structure of human pyridoxal 5'-phosphate phosphatase (Chronophin) mutant - C221S				1	0	MG	MG	1	0	0
worm	cmd-1	5H7D	Crystal structure of the YgjG-protein A-Zpa963-calmodulin complex	28572639	10.1038/s41598-017-02803-z	2017	2	0	CA	CA	1	0	1
HORSE	ALB	5HOZ	Crystal structure of Equine Serum Albumin (ESA) at pH 9.0				1	0			0	0	0
human	PRDX4	5HQP	Crystal structure of the ERp44-peroxiredoxin 4 complex	27642162	10.1016/j.str.2016.08.002	2016	2	0			0	0	1
BPT4	10	5HX2	In vitro assembled star-shaped hubless T4 baseplate	26929357	10.1073/pnas.1601654113	2016	5	0			0	0	1
BPT4	53	5HX2	In vitro assembled star-shaped hubless T4 baseplate	26929357	10.1073/pnas.1601654113	2016	5	0			0	0	1
BPT4	7	5HX2	In vitro assembled star-shaped hubless T4 baseplate	26929357	10.1073/pnas.1601654113	2016	5	0			0	0	1
BPT4	8	5HX2	In vitro assembled star-shaped hubless T4 baseplate	26929357	10.1073/pnas.1601654113	2016	5	0			0	0	1
human	SMPD1	5I81	aSMase with zinc	27725636	10.1038/ncomms13082	2016	1	0	SO4,ZN,BMA,NAG	ZN,BMA,NAG	3	1	0
human	SMPD1	5I85	aSMase with zinc and phosphocholine	27725636	10.1038/ncomms13082	2016	1	0	PC,SO4,ZN,NAG	PC,ZN,NAG	3	1	0
human	SMPD1	5I8R	aSMase with zinc	27725636	10.1038/ncomms13082	2016	1	0	NAG,BMA,MAN,ZN	NAG,BMA,MAN,ZN	4	1	0
HORSE	ALB	5ID9	Crystal structure of equine serum albumin in complex with phosphorodithioate derivative of myristoyl cyclic phosphatidic acid (cPA)	27129297	10.1042/BSR20160089	2016	1	0	FMT,MLI,6A4	6A4	1	0	0
ECOLX	mphA	5IGH	Macrolide 2'-phosphotransferase type I	28416110	10.1016/j.str.2017.03.007	2017	1	0	SO4		0	0	0
ECOLX	mphA	5IGI	Macrolide 2'-phosphotransferase type I - complex with guanosine and azithromycin	28416110	10.1016/j.str.2017.03.007	2017	1	0	IPA,ZIT,GMP	IPA,ZIT,GMP	3	0	0
ECOLX	mphA	5IGJ	Macrolide 2'-phosphotransferase type I - complex with guanosine and clarithromycin	28416110	10.1016/j.str.2017.03.007	2017	1	0	GMP,CTY,IPA	GMP,CTY,IPA	3	0	0
ARATH	COP1	5IGO	WD40 domain of Arabidopsis thaliana E3 Ubiquitin Ligase COP1 in complex with peptide from Trib1	27041596	10.1016/j.str.2016.03.002	2016	2	0			0	0	1
ECOLX	mphA	5IGP	Macrolide 2'-phosphotransferase type I - complex with GDP and erythromycin	28416110	10.1016/j.str.2017.03.007	2017	1	0	GDP,ERY,IPA	GDP,ERY,IPA	3	1	0
ECOLX	mphA	5IGR	Macrolide 2'-phosphotransferase type I - complex with GDP and oleandomycin	28416110	10.1016/j.str.2017.03.007	2017	1	0	IPA,NH4,ZIO,GDP	IPA,ZIO,GDP	3	1	0
ECOLX	mphA	5IGS	Macrolide 2'-phosphotransferase type I - complex with guanosine and oleandomycin	28416110	10.1016/j.str.2017.03.007	2017	1	0	GMP,ZIO,IPA	GMP,ZIO,IPA	3	0	0
ECOLX	mphA	5IGT	Macrolide 2'-phosphotransferase type I - complex with guanosine and erythromycin	28416110	10.1016/j.str.2017.03.007	2017	1	0	GMP,ERY,TRS	GMP,ERY	2	0	0
HORSE	ALB	5IIH	Crystal structure of Equine Serum Albumin in the presence of 2.5 mM zinc at pH 7.4	28567254	10.1039/c6sc02267g	2016	1	0	SO4,ZN	ZN	1	1	0
HORSE	ALB	5IIU	Crystal structure of Equine Serum Albumin in the presence of 10 mM zinc at pH 6.9	28567254	10.1039/c6sc02267g	2016	1	0	SO4,ZN	ZN	1	1	0
HORSE	ALB	5IIX	Crystal structure of Equine Serum Albumin in the presence of 15 mM zinc at pH 6.5	28567254	10.1039/c6sc02267g	2016	1	0	SO4,UNL,ZN	ZN	1	1	0
HORSE	ALB	5IJ5	Crystal structure of Equine Serum Albumin in the presence of 50 mM zinc at pH 4.5	28567254	10.1039/c6sc02267g	2016	1	0	GOL,ZN	ZN	1	1	0
human	CYP17A1	5IRQ	Human cytochrome P450 17A1 bound to inhibitors (R)- and (S)- orteronel	28373265	10.1124/dmd.117.075317	2017	1	0	HEM,6D7,7D6	HEM,6D7,7D6	3	1	0
human	CYP17A1	5IRV	Human cytochrome P450 17A1 bound to inhibitor VT-464	28373265	10.1124/dmd.117.075317	2017	1	0	HEM,6D8	HEM,6D8	2	1	0
BPT4	10	5IV5	Cryo-electron microscopy structure of the hexagonal pre-attachment T4 baseplate-tail tube complex	27193680	10.1038/nature17971	2016	15	0	FE,ZN	FE,ZN	2	1	1
BPT4	11	5IV5	Cryo-electron microscopy structure of the hexagonal pre-attachment T4 baseplate-tail tube complex	27193680	10.1038/nature17971	2016	15	0	FE,ZN	FE,ZN	2	1	1
BPT4	12	5IV5	Cryo-electron microscopy structure of the hexagonal pre-attachment T4 baseplate-tail tube complex	27193680	10.1038/nature17971	2016	15	0	FE,ZN	FE,ZN	2	1	1
BPT4	19	5IV5	Cryo-electron microscopy structure of the hexagonal pre-attachment T4 baseplate-tail tube complex	27193680	10.1038/nature17971	2016	15	0	FE,ZN	FE,ZN	2	1	1
BPT4	25	5IV5	Cryo-electron microscopy structure of the hexagonal pre-attachment T4 baseplate-tail tube complex	27193680	10.1038/nature17971	2016	15	0	FE,ZN	FE,ZN	2	1	1
BPT4	48	5IV5	Cryo-electron microscopy structure of the hexagonal pre-attachment T4 baseplate-tail tube complex	27193680	10.1038/nature17971	2016	15	0	FE,ZN	FE,ZN	2	1	1
BPT4	53	5IV5	Cryo-electron microscopy structure of the hexagonal pre-attachment T4 baseplate-tail tube complex	27193680	10.1038/nature17971	2016	15	0	FE,ZN	FE,ZN	2	1	1
BPT4	54	5IV5	Cryo-electron microscopy structure of the hexagonal pre-attachment T4 baseplate-tail tube complex	27193680	10.1038/nature17971	2016	15	0	FE,ZN	FE,ZN	2	1	1
BPT4	7	5IV5	Cryo-electron microscopy structure of the hexagonal pre-attachment T4 baseplate-tail tube complex	27193680	10.1038/nature17971	2016	15	0	FE,ZN	FE,ZN	2	1	1
BPT4	8	5IV5	Cryo-electron microscopy structure of the hexagonal pre-attachment T4 baseplate-tail tube complex	27193680	10.1038/nature17971	2016	15	0	FE,ZN	FE,ZN	2	1	1
BPT4	9	5IV5	Cryo-electron microscopy structure of the hexagonal pre-attachment T4 baseplate-tail tube complex	27193680	10.1038/nature17971	2016	15	0	FE,ZN	FE,ZN	2	1	1
BPT4	10	5IV7	Cryo-electron microscopy structure of the star-shaped, hubless post-attachment T4 baseplate	27193680	10.1038/nature17971	2016	8	0			0	0	1
BPT4	11	5IV7	Cryo-electron microscopy structure of the star-shaped, hubless post-attachment T4 baseplate	27193680	10.1038/nature17971	2016	8	0			0	0	1
BPT4	25	5IV7	Cryo-electron microscopy structure of the star-shaped, hubless post-attachment T4 baseplate	27193680	10.1038/nature17971	2016	8	0			0	0	1
BPT4	53	5IV7	Cryo-electron microscopy structure of the star-shaped, hubless post-attachment T4 baseplate	27193680	10.1038/nature17971	2016	8	0			0	0	1
BPT4	7	5IV7	Cryo-electron microscopy structure of the star-shaped, hubless post-attachment T4 baseplate	27193680	10.1038/nature17971	2016	8	0			0	0	1
BPT4	8	5IV7	Cryo-electron microscopy structure of the star-shaped, hubless post-attachment T4 baseplate	27193680	10.1038/nature17971	2016	8	0			0	0	1
BPT4	9	5IV7	Cryo-electron microscopy structure of the star-shaped, hubless post-attachment T4 baseplate	27193680	10.1038/nature17971	2016	8	0			0	0	1
BPT4	25	5IW9	Structure of bacteriophage T4 gp25, sheath polymerization initiator	27193680	10.1038/nature17971	2016	1	0			0	0	0
human	EEFSEC	5IZK	The crystal structure of human eEFSec in complex with GDP	27708257	10.1038/ncomms12941	2016	1	0	GDP	GDP	1	1	0
human	EEFSEC	5IZL	The crystal structure of human eEFSec in complex with GDPCP	27708257	10.1038/ncomms12941	2016	1	0	GCP,MG	GCP,MG	2	0	0
human	EEFSEC	5IZM	The crystal structure of human eEFSec in complex with GDPNP	27708257	10.1038/ncomms12941	2016	1	0	GNP,MN	GNP,MN	2	1	0
NOVAD	Saro_0802	5J53	The Structure and Mechanism of NOV1, a Resveratrol-Cleaving Dioxygenase	27911781	10.1073/pnas.1608917113	2016	1	0	PGE,OXY,FE	OXY,FE	2	1	0
NOVAD	Saro_0802	5J54	The Structure and Mechanism of NOV1, a Resveratrol-Cleaving Dioxygenase	27911781	10.1073/pnas.1608917113	2016	1	0	STL,OXY,FE	STL,OXY,FE	3	1	0
NOVAD	Saro_0802	5J55	The Structure and Mechanism of NOV1, a Resveratrol-Cleaving Dioxygenase	27911781	10.1073/pnas.1608917113	2016	1	0	PGE,V55,OXY,FE	V55,OXY,FE	3	1	0
human	SMPD1	5JG8	Crystal structure of human acid sphingomyelinase	27349982	10.1016/j.jmb.2016.06.012	2016	1	0	NAG,ACT,ZN	NAG,ZN	2	1	0
human	LNPEP	5JHQ	ARCs 1-3 of human Tankyrase-1 bound to a peptide derived from IRAP	27594684	10.1016/j.str.2016.07.014	2016	2	0			0	0	1
human	CYP19A1	5JKV	HUMAN PLACENTAL AROMATASE CYTOCHROME P450 (CYP19A1) AT 2.75 ANGSTROM WITH BOUND POLYETHYLENE GLYCOL	29476820	10.1016/j.jsbmb.2018.02.009	2018	1	0	PO4,1PE,ASD,HEM	ASD,HEM	2	1	0
human	CYP19A1	5JKW	HUMAN PLACENTAL AROMATASE CYTOCHROME P450 (CYP19A1) COMPLEXED WITH TESTOSTERONE	29476820	10.1016/j.jsbmb.2018.02.009	2018	1	0	TES,HEM	TES,HEM	2	1	0
human	CYP19A1	5JL6	HUMAN PLACENTAL AROMATASE CYTOCHROME P450 (CYP19A1): ANDROSTENEDIONE COMPLEX #2	29476820	10.1016/j.jsbmb.2018.02.009	2018	1	0	ASD,HEM	ASD,HEM	2	1	0
human	CYP19A1	5JL7	HUMAN PLACENTAL AROMATASE CYTOCHROME P450 (CYP19A1): ANDROSTENEDIONE COMPLEX #3	29476820	10.1016/j.jsbmb.2018.02.009	2018	1	0	ASD,HEM	ASD,HEM	2	1	0
human	CYP19A1	5JL9	HUMAN PLACENTAL AROMATASE CYTOCHROME P450 (CYP19A1): ANDROSTENEDIONE COMPLEX #4	29476820	10.1016/j.jsbmb.2018.02.009	2018	1	0	ASD,HEM	ASD,HEM	2	1	0
ECOLX	mcr-1	5K4P	Catalytic Domain of MCR-1 phosphoethanolamine transferase	27655155	10.1186/s12915-016-0303-0	2016	1	0	ZN,SOR	ZN,SOR	2	1	0
human	NT5C2	5K7Y	Crystal structure of enzyme in purine metabolism	27756303	10.1186/s12915-016-0313-y	2016	1	0	GOL		0	0	0
human	HDAC6	5KH3	Crystal structure of fragment (3-(5-Chloro-1,3-benzothiazol-2-yl)propanoic acid) bound in the ubiquitin binding pocket of the HDAC6 zinc-finger domain	29019676	10.1021/acs.jmedchem.7b00933	2017	1	0	6U6,UNX,ZN	6U6,ZN	2	1	0
human	HDAC6	5KH7	Crystal structure of fragment (3-[6-Oxo-3-(3-pyridinyl)-1(6H)-pyridazinyl]propanoic acid) bound in the ubiquitin binding pocket of the HDAC6 zinc-finger domain	29019676	10.1021/acs.jmedchem.7b00933	2017	1	0	UNX,6T7,ZN	6T7,ZN	2	1	0
human	HDAC6	5KH9	Crystal structure of a low occupancy fragment candidate (5-[(4-Isopropylphenyl)amino]-6-methyl-1,2,4-triazin-3(2H)-one) bound in the ubiquitin binding pocket of the HDAC6 zinc-finger domain	29019676	10.1021/acs.jmedchem.7b00933	2017	1	0	NA,UNX,6T5,FMT,ZN	6T5,ZN	2	1	0
ACISB	cas12a	5KK5	AsCpf1(E993A)-crRNA-DNA ternary complex	27444870	10.1038/cr.2016.88	2016	1	3			0	0	1
SALTY	fliI	5KP0	Recognition and targeting mechanisms by chaperones in flagella assembly and operation	27528687	10.1073/pnas.1607845113	2016	1	0			0	0	0
ARATH	COP1	5KWN	The WD domain ofArabidopsis thaliana E3 Ubiquitin Ligase COP1 in complex with peptide from HY5				2	0			0	0	1
human	CCNE1	5L2W	The X-ray co-crystal structure of human CDK2/CyclinE and Dinaciclib.	27496135	10.1158/1535-7163.MCT-16-0300	2016	2	0	1QK,GOL	1QK	1	0	1
human	DPAGT1	5LEV	Crystal structure of human UDP-N-acetylglucosamine-dolichyl-phosphate N-acetylglucosaminephosphotransferase (DPAGT1) (V264G mutant)	30388443	10.1016/j.cell.2018.10.037	2018	1	0	UNL		0	0	0
human	RPS3	5LKS	Structure-function insights reveal the human ribosome as a cancer target for antibiotics	27665925	10.1038/ncomms12856	2016	76	4	3HE,MG,ZN	3HE,MG,ZN	3	1	1
human	UBAP1	5LM1	Crystal Structure of HD-PTP phosphatase in complex with UBAP1	27839950	10.1016/j.str.2016.10.006	2016	2	0			0	0	1
human	MASTL	5LOH	Kinase domain of human Greatwall	27563826	10.18632/oncotarget.11511	2016	1	0	EDO,CL,STU	STU	1	0	0
ECOLX	mcr-1	5LRM	Structure of di-zinc MCR-1 in P41212 space group	28059088	10.1038/srep39392	2017	1	0	GOL,ZN	ZN	1	1	0
ECOLX	mcr-1	5LRN	Structure of mono-zinc MCR-1 in P21 space group	28059088	10.1038/srep39392	2017	1	0	GOL,ZN	ZN	1	1	0
human	DPYSL2	5LXX	High-resolution structure of human collapsin response mediator protein 2	28044206	10.1007/s00726-016-2376-z	2017	1	0	BTB,SO4	BTB	1	0	0
BPT4	12	5LYE	Re-refined structure of the bacteriophage T4 short tail fibre PDB entry 1H6W containing 71 additionally identified residues	29405518	10.1111/mmi.13921	2018	1	0	SO4,CL		0	0	0
human	AGT	5M3X	Crystal structure of human angiotensin I-deleted angiotensinogen	30563843	10.1074/jbc.RA118.006608	2019	1	0			0	0	0
human	AGT	5M3Y	Crystal structure of human glycosylated angiotensinogen	30563843	10.1074/jbc.RA118.006608	2019	1	0			0	0	0
human	TERT	5MEN	Human Leukocyte Antigen A02 presenting ILAKFLHWL, in complex with cognate T-Cell Receptor	27903649	10.1074/jbc.M116.741603	2017	5	0	SO4,GOL,EDO		0	0	1
human	TERT	5MEO	Human Leukocyte Antigen presenting ILGKFLHRL	27903649	10.1074/jbc.M116.741603	2017	3	0	SO4,GOL,EDO		0	0	1
human	TERT	5MEP	Human Leukocyte Antigen A02 presenting ILGKFLHWL	27903649	10.1074/jbc.M116.741603	2017	3	0	SO4,EDO		0	0	1
human	TERT	5MEQ	Human Leukocyte Antigen A02 presenting ILAKFLHTL	27903649	10.1074/jbc.M116.741603	2017	3	0	SO4,EDO		0	0	1
human	TERT	5MER	Human Leukocyte Antigen A02 presenting ILAKFLHEL	27903649	10.1074/jbc.M116.741603	2017	3	0	GOL,SO4,MES,CA,EDO	CA	1	0	1
ECOLI	SecF	5MG3	EM fitted model of bacterial holo-translocon	27924919	10.1038/srep38399	2016	6	0			0	0	1
ECOLI	SecG	5MG3	EM fitted model of bacterial holo-translocon	27924919	10.1038/srep38399	2016	6	0			0	0	1
human	LNPEP	5MJ6	Ligand-induced conformational change of Insulin-regulated aminopeptidase: insights on catalytic mechanism and active site plasticity.	28328206	10.1021/acs.jmedchem.6b01890	2017	1	0	NAG,ZN,7O2,BR	NAG,ZN,7O2	3	1	0
human	DPYSL2	5MKV	Crystal Structure of Human Dihydropyrimidinease-like 2 (DPYSL2A)/Collapsin Response Mediator Protein (CRMP2) residues 13-516	29396402	10.1038/s41467-017-02811-7	2018	1	0	EDO		0	0	0
human	DPYSL2	5MLE	Crystal Structure of Human Dihydropyrimidinease-like 2 (DPYSL2A)/Collapsin Response Mediator Protein (CRMP2 13-516) Mutant Y479E/Y499E	29396402	10.1038/s41467-017-02811-7	2018	1	0	NI,EDO,PEG	NI	1	1	0
ECOLX	mcr2	5MX9	High resolution crystal structure of the MCR-2 catalytic domain	28777086	10.1107/S2053230X17009669	2017	1	0	GOL,ZN	ZN	1	1	0
human	PHGDH	5N53	Crystal structure of human 3-phosphoglycerate dehydrogenase in complex with N-(3-chloro-4-methoxyphenyl) acetamide	29568346	10.18632/oncotarget.11487	2018	1	0	8NB	8NB	1	0	0
human	PHGDH	5N6C	Crystal structure of human 3-phosphoglycerate dehydrogenase in complex with NAD and L-Tartrate	29262655	10.18632/oncotarget.22327	2017	1	0	NAD,TLA	NAD	1	1	0
ECOLI	SecG	5NCO	Quaternary complex between SRP, SR, and SecYEG bound to the translating ribosome	28524878	10.1038/ncomms15470	2017	36	4	GDP,MG,ALF,ZN	GDP,MG,ALF,ZN	4	1	1
human	AGT	5NJ9	E. coli Microcin-processing metalloprotease TldD/E with DRVY angiotensin fragment bound	28943336	10.1016/j.str.2017.08.006	2017	3	0	NA,EDO,MES,ZN	ZN	1	1	1
human	DPYSL4	5NKS	Human Dihydropyrimidinase-related Protein 4 (DPYSL4, CRMP3, ULIP-4)				1	0			0	0	0
BACSU	spo0J	5NOC	Solution NMR Structure of the C-terminal domain of ParB (Spo0J)	29244022	10.7554/eLife.28086	2017	1	0			0	0	0
human	ATM	5NP0	Closed dimer of human ATM (Ataxia telangiectasia mutated)	28508083	10.1126/sciadv.1700933	2017	1	0			0	0	0
human	ATM	5NP1	Open protomer of human ATM (Ataxia telangiectasia mutated)	28508083	10.1126/sciadv.1700933	2017	1	0			0	0	0
DROME	loqs	5NPA	Solution structure of Drosophila melanogaster Loquacious dsRBD2	29040648	10.1093/nar/gkx886	2017	1	0			0	0	0
DROME	loqs	5NPG	Solution structure of Drosophila melanogaster Loquacious dsRBD1	29040648	10.1093/nar/gkx886	2017	1	0			0	0	0
human	PHGDH	5NZO	Crystal structure of human 3-phosphoglycerate dehydrogenase in complex with 1-methyl-3-phenyl-1H-pyrazol-5-amine	29568346	10.18632/oncotarget.11487	2018	1	0	9EZ	9EZ	1	0	0
human	PHGDH	5NZP	Crystal structure of human 3-phosphoglycerate dehydrogenase in complex with 3-Hydroxybenzisoxazole	29568346	10.18632/oncotarget.11487	2018	1	0	9EW	9EW	1	0	0
human	PHGDH	5NZQ	Crystal structure of human 3-phosphoglycerate dehydrogenase in complex with 3-(1,3-oxazol-5-yl)aniline.	29568346	10.18632/oncotarget.11487	2018	1	0	5AO	5AO	1	0	0
human	DPAGT1	5O5E	Crystal structure of human UDP-N-acetylglucosamine-dolichyl-phosphate N-acetylglucosaminephosphotransferase (DPAGT1) (V264G mutant) in complex with tunicamycin	30388443	10.1016/j.cell.2018.10.037	2018	1	0	UNL,9LH,P6L	9LH,P6L	2	0	0
human	USP25	5O71	Crystal structure of human USP25	30478318	10.1038/s41467-018-07510-5	2018	1	0			0	0	0
human	EIF2D	5OA3	Human 40S-eIF2D-re-initiation complex	28732596	10.1016/j.molcel.2017.06.032	2017	35	3	ZN	ZN	1	1	1
human	RPS3	5OA3	Human 40S-eIF2D-re-initiation complex	28732596	10.1016/j.molcel.2017.06.032	2017	35	3	ZN	ZN	1	1	1
human	EIF2D	5OA9	Human translation re-initiation complex containing eIF2D	28732596	10.1016/j.molcel.2017.06.032	2017	1	0			0	0	0
human	PHGDH	5OFM	Crystal structure of human 3-phosphoglycerate dehydrogenase in complex with 5-amino-1-methyl-1H-indole				1	0	9TT	9TT	1	0	0
human	PHGDH	5OFV	Crystal structure of human 3-phosphoglycerate dehydrogenase in complex with 5-fluoro-2-methylbenzoic acid	29568346	10.18632/oncotarget.11487	2018	1	0	9TZ	9TZ	1	0	0
human	PHGDH	5OFW	Crystal structure of human 3-phosphoglycerate dehydrogenase in complex with 3-Chloro-4-fluorobenzamide	29568346	10.18632/oncotarget.11487	2018	1	0	9TW	9TW	1	0	0
human	CPS1	5OJO	Sirtuin 5 from Danio rerio in complex with 3-hydroxy-3-methylglutaryl-CPS1 peptide	29138502	10.1038/s41467-017-01701-2	2017	2	0	NA,EPE,EDO,ZN,DMS	ZN	1	1	1
ARATH	PYR1	5OR2	Crystal structures of PYR1/HAB1 in complex with synthetic analogues of Abscisic Acid		10.1002/ejoc.201701687	2018	2	0	MN,A4H	MN,A4H	2	1	1
ARATH	PYR1	5OR6	Crystal structures of PYR1/HAB1 in complex with synthetic analogues of Abscisic Acid		10.1002/ejoc.201701687	2018	2	0	MN,A4K	MN,A4K	2	1	1
human	HAO1	5QIB	PanDDA analysis group deposition of models with modelled events (e.g. bound ligands) -- Crystal Structure of HAO1 in complex with FMOPL000388a				1	0	FNR,GX7	FNR,GX7	2	0	0
human	HAO1	5QIC	PanDDA analysis group deposition of models with modelled events (e.g. bound ligands) -- Crystal Structure of HAO1 in complex with Z30620520				1	0	GX4,FMN	GX4,FMN	2	1	0
human	HAO1	5QID	PanDDA analysis group deposition of models with modelled events (e.g. bound ligands) -- Crystal Structure of HAO1 in complex with Z1787627869				1	0	GWY,FMN	GWY,FMN	2	1	0
human	HAO1	5QIE	PanDDA analysis group deposition of models with modelled events (e.g. bound ligands) -- Crystal Structure of HAO1 in complex with Z2856434894				1	0	GWV,FMN	GWV,FMN	2	1	0
human	HAO1	5QIF	PanDDA analysis group deposition of models with modelled events (e.g. bound ligands) -- Crystal Structure of HAO1 in complex with Z31792168				1	0	FMN,GWS	FMN,GWS	2	1	0
human	HAO1	5QIG	PanDDA analysis group deposition of models with modelled events (e.g. bound ligands) -- Crystal Structure of HAO1 in complex with Z1407672867				1	0	GWP,FMN	GWP,FMN	2	1	0
human	HAO1	5QIH	PanDDA analysis group deposition of models with modelled events (e.g. bound ligands) -- Crystal Structure of HAO1 in complex with Z2697514548				1	0	GWG,FMN	GWG,FMN	2	1	0
human	DHTKD1	5RVW	PanDDA analysis group deposition -- Crystal Structure of DHTKD1 in complex with Z1587220559				1	0	T1J,MG,TPP	T1J,MG,TPP	3	1	0
human	DHTKD1	5RVX	PanDDA analysis group deposition -- Crystal Structure of DHTKD1 in complex with Z804566442				1	0	MG,TPP,B0Y	MG,TPP,B0Y	3	1	0
human	DHTKD1	5RVY	PanDDA analysis group deposition -- Crystal Structure of DHTKD1 in complex with Z437516460				1	0	NWY,MG,TPP	NWY,MG,TPP	3	1	0
human	DHTKD1	5RVZ	PanDDA analysis group deposition -- Crystal Structure of DHTKD1 in complex with Z1929757385				1	0	MG,TPP,WGA	MG,TPP,WGA	3	1	0
human	DHTKD1	5RW0	PanDDA analysis group deposition -- Crystal Structure of DHTKD1 in complex with Z2444997446				1	0	WGD,TPP,MG	WGD,TPP,MG	3	1	0
human	DHTKD1	5RW1	PanDDA analysis group deposition of ground-state model of DHTKD1				1	0	MG,TPP	MG,TPP	2	1	0
human	EIF2AK3	5SV7	The Crystal structure of a chaperone	27917829	10.1107/S2059798316018064	2016	1	0			0	0	0
SHIFL	sctN	5SWJ	Crystal Structure of ATPase delta1-79 Spa47	27770024	10.1074/jbc.M116.755256	2016	1	0	SO4		0	0	0
SHIFL	sctN	5SWL	Crystal Structure of ATPase delta1-79 Spa47 E188A	27770024	10.1074/jbc.M116.755256	2016	1	0	SO4		0	0	0
SHIFL	sctN	5SYP	Crystal Structure of ATPase delta1-79 Spa47 K165A	27770024	10.1074/jbc.M116.755256	2016	1	0	SO4		0	0	0
SHIFL	sctN	5SYR	Crystal Structure of ATPase delta1-79 Spa47 R350A	27770024	10.1074/jbc.M116.755256	2016	1	0	SO4		0	0	0
human	RPS3	5T2C	CryoEM structure of the human ribosome at 3.6 Angstrom resolution	27752045	10.1038/ncomms13223	2016	76	5			0	0	1
human	MTHFD2	5TC4	Crystal structure of human mitochondrial methylenetetrahydrofolate dehydrogenase-cyclohydrolase (MTHFD2) in complex with LY345899 and cofactors	27899380	10.1158/0008-5472.CAN-16-1476	2017	1	0	PO4,L34,NAD	L34,NAD	2	1	0
human	ACLY	5TDE	TEV Cleaved Human ATP Citrate Lyase Bound to Citrate	28777081	10.1107/S2059798317009871	2017	2	0	FLC,GOL,NA,2HP	2HP	1	0	1
human	ACLY	5TDF	TEV Cleaved Human ATP Citrate Lyase Bound to 4S hydroxycitrate	28777081	10.1107/S2059798317009871	2017	2	0	GOL,ADE,MG,ADP,7A3	ADE,MG,ADP,7A3	4	1	1
human	ACLY	5TDM	TEV Cleaved Human ATP Citrate Lyase Bound to 4R-Hydroxycitrate and ADP	28777081	10.1107/S2059798317009871	2017	2	0	GOL,ADN,MG,ADP,7A2	ADN,MG,ADP,7A2	4	1	1
human	ACLY	5TDZ	TEV Cleaved Human ATP Citrate Lyase Bound to Tartrate and ADP	28777081	10.1107/S2059798317009871	2017	2	0	PGE,GOL,ADN,PO4,MG,ADP,TLA,TRS	ADN,MG,ADP	3	1	1
human	ACLY	5TE1	C20S, C293G Mutant N-terminal Human ATP Citrate Lyase Bound to 4R-Hydroxycitrate	28777081	10.1107/S2059798317009871	2017	1	0	PO4,NA,7A2	7A2	1	0	0
human	ACLY	5TEQ	C20S C293G MUTANT N-TERMINAL HUMAN ATP CITRATE LYASE BOUND TO CITRATE	28777081	10.1107/S2059798317009871	2017	1	0	NA,PO4,FLC		0	0	0
human	ACLY	5TES	TEV Cleaved Human ATP Citrate Lyase Bound to Citrate and ADP	28777081	10.1107/S2059798317009871	2017	2	0	FLC,ADP,MG	ADP,MG	2	1	1
human	ACLY	5TET	TEV Cleaved Human ATP Citrate Lyase Bound to 4S Hydroxycitrate	28777081	10.1107/S2059798317009871	2017	2	0	GOL,PO4,7A3	7A3	1	0	1
human	AADAT	5TF5	CRYSTAL STRUCTURE OF HUMAN KAT-2 IN COMPLEX WITH A REVERSIBLE INHIBITOR		10.1007/s00044-017-1950-6	2017	1	0	7AR	7AR	1	0	0
human	GSDMB	5TIB	Gasdermin-B C-terminal domain containing the polymorphism residues Arg299:Ser306 fused to maltose binding protein		10.1073/pnas.1616783114	2017	1	0	ACT,NA		0	0	0
human	GSDMB	5TJ2	Gasdermin-B C-terminal domain containing the polymorphism residues Gly299:Ser306 fused to maltose binding protein		10.1073/pnas.1616783114	2017	1	0			0	0	0
human	GSDMB	5TJ4	Gasdermin-B C-terminal domain containing the polymorphism residues Gly299:Pro306 fused to maltose binding protein	28154144	10.1073/pnas.1616783114	2017	1	0	NA		0	0	0
PSEPK	lpdG	5TR3	2.5 Angstrom Resolution Crystal Structure of Dihydrolipoyl Dehydrogenase from Pseudomonas putida in Complex with FAD.	40391899	10.1128/mra.00200-25	2025	1	0	GOL,TRS,FAD	FAD	1	1	0
STRPY	FbaB	5TTH	Heterodimeric SpyCatcher/SpyTag-fused zebrafish TRAP1 in ATP/ADP-hybrid state	28742020	10.7554/eLife.25235	2017	2	0	MG,BEF,ADP	MG,BEF,ADP	3	1	1
NEUCR	cao-1	5U8X	Crystal structure of Fe-CAO1	28493664	10.1021/acs.biochem.7b00251	2017	1	0	BEZ,CL,FE2	BEZ,FE2	2	1	0
NEUCR	cao-1	5U8Y	Crystal structure of Co-CAO1	28493664	10.1021/acs.biochem.7b00251	2017	1	0	CO	CO	1	1	0
NEUCR	cao-1	5U8Z	Structure of Fe-CAO1 in complex with beta-fluororesveratrol	28493664	10.1021/acs.biochem.7b00251	2017	1	0	FE2,83D,CL,DMS	FE2,83D	2	1	0
NEUCR	cao-1	5U90	Crystal structure of Co-CAO1 in complex with resveratrol	28493664	10.1021/acs.biochem.7b00251	2017	1	0	DMS,STL,CO	STL,CO	2	1	0
NEUCR	cao-1	5U97	Crystal structure of Co-CAO1 in complex with piceatannol	28493664	10.1021/acs.biochem.7b00251	2017	1	0	CO,PIT,BEZ,DMS	CO,PIT,BEZ	3	1	0
human	AIPL1	5U9A	Crystal structure of the FKBP domain of human aryl hydrocarbon receptor-interacting protein-like 1 (AIPL1)	28739921	10.1073/pnas.1704782114	2017	1	0			0	0	0
human	AIPL1	5U9I	Crystal structure of the FKBP domain of human aryl hydrocarbon receptor-interacting protein-like 1 (AIPL1) complexed with S-farnesyl-L-cysteine methyl ester	28739921	10.1073/pnas.1704782114	2017	1	0	FAR	FAR	1	0	0
human	AIPL1	5U9J	Crystal structure of the FKBP domain of human aryl hydrocarbon receptor-interacting protein-like 1 (AIPL1) complexed with geranyl geranyl pyrophoshate	28739921	10.1073/pnas.1704782114	2017	1	0	NA,IPA,GER	IPA,GER	2	0	0
human	AIPL1	5U9K	Crystal structure of V71F mutant of the FKBP domain of human aryl hydrocarbon receptor-interacting protein-like 1 (AIPL1)	28739921	10.1073/pnas.1704782114	2017	1	0			0	0	0
human	TERT	5UGW	STRUCTURE OF THE HUMAN TELOMERASE THUMB DOMAIN	28154186	10.1074/jbc.M116.771204	2017	1	0	GSH	GSH	1	1	0
METEA	mdh	5UJK	Malate dehydrogenase from Methylobacterium extorquens, complexed with NAD	30279311	10.1107/S2053230X18011809	2018	1	0	NAD,CA,CL	NAD,CA	2	1	0
human	IRAK3	5UKE	NMR structure of monomeric human IRAK-M Death Domain R56D, Y61E mutant	29686383	10.1038/s41467-018-03886-6	2018	1	0			0	0	0
human	G6PD	5UKW	Crystal structure of human Glucose 6-phosphate Dehydrogenase mutant (A277C) complexed with G6P	28370139	10.1002/1873-3468.12638	2017	1	0	BG6,GOL	BG6	1	0	0
human	MAP3K5	5ULM	Structure of the ASK1 central regulatory region	28242696	10.1073/pnas.1620813114	2017	1	0	GOL		0	0	0
METEA	mdh	5ULV	Malate dehydrogenase from Methylobacterium extorquens	30279311	10.1107/S2053230X18011809	2018	1	0	CA	CA	1	0	0
human	MAP3K5	5UOR	Structure-Based Design of ASK1 Inhibitors as Potential First-in-Class Agents for Heart Failure	28337323	10.1021/acsmedchemlett.6b00481	2017	1	0	8GV,SO4	8GV	1	0	0
human	MMACHC	5UOS	Crystal Structure of CblC (MMACHC) (1-238), a human B12 processing enzyme, complexed with an Antivitamin B12	28544088	10.1002/anie.201701583	2017	1	0	8FS,171,SO4,NA,GSH,B12	8FS,171,GSH,B12	4	1	0
human	MAP3K5	5UOX	Structure-Based Design of ASK1 Inhibitors as Potential First-in-Class Agents for Heart Failure	28337323	10.1021/acsmedchemlett.6b00481	2017	1	0	8GY	8GY	1	0	0
human	MAP3K5	5UP3	Structure-Based Design of ASK1 Inhibitors as Potential First-in-Class Agents for Heart Failure	28337323	10.1021/acsmedchemlett.6b00481	2017	1	0	8GS	8GS	1	0	0
human	CDKN1B	5UQ3	Crystal structure of human Cdk2-Spy1-P27 ternary complex	28666995	10.15252/embj.201796905	2017	3	0			0	0	1
human	PGD	5UQ9	Crystal structure of 6-phosphogluconate dehydrogenase with ((4R,5R)-5-(hydroxycarbamoyl)-2,2-dimethyl-1,3-dioxolan-4-yl)methyl dihydrogen phosphate	30625329	10.1016/j.celrep.2018.12.043	2019	1	0	8HS	8HS	1	0	0
ARATH	PYR1	5UR4	1.5 A Crystal structure of PYR1 bound to Pyrabactin				1	0	PYV,GOL	PYV	1	0	0
ARATH	PYR1	5UR5	PYR1 bound to the rationally designed agonist 4m	28949512	10.1021/acschembio.7b00650	2017	1	0	GOL,8KP,SO4	8KP	1	0	0
ARATH	PYR1	5UR6	PYR1 bound to the rationally designed agonist cyanabactin	28949512	10.1021/acschembio.7b00650	2017	1	0	8KM,SO4	8KM	1	0	0
human	SMPD3	5UVG	Crystal structure of the human neutral sphingomyelinase 2 (nSMase2) catalytic domain with insertion deleted and calcium bound	28652336	10.1073/pnas.1705134114	2017	1	0	CA	CA	1	0	0
PSEPK	ttg2D	5UWB	Re-refined 4FCZ: lipid-bound crystal structure of toluene-tolerance protein from Pseudomonas putida	28388411	10.1016/j.cell.2017.03.019	2017	1	0	PEF	PEF	1	0	0
human	CYP17A1	5UYS	Human steroidogenic cytochrome P450 17A1 with 3alphaOH-5alpha-abiraterone analog	36773804	10.1016/j.jbc.2023.102999	2023	1	0	8QD,HEM	8QD,HEM	2	1	0
BPD31	orf30	5UZ9	Cryo EM structure of anti-CRISPRs, AcrF1 and AcrF2, bound to type I-F crRNA-guided CRISPR surveillance complex	28340349	10.1016/j.cell.2017.03.012	2017	6	1			0	0	1
human	MAP3K5	5V19	Structure-based drug design of novel ASK1 inhibitors using a fully integrated lead optimization strategy	28291695	10.1016/j.bmcl.2017.02.079	2017	1	0	8V4	8V4	1	0	0
human	MAP3K5	5V24	Structure-based drug design of novel ASK1 inhibitors using a fully integrated lead optimization strategy	28291695	10.1016/j.bmcl.2017.02.079	2017	1	0	8V7	8V7	1	0	0
human	AIPL1	5V35	Crystal structure of V71F mutant of the FKBP domain of human aryl hydrocarbon receptor-interacting protein-like 1 (AIPL1) complexed with S-farnesyl-L-cysteine methyl ester	28739921	10.1073/pnas.1704782114	2017	1	0	FAR	FAR	1	0	0
human	SHMT2	5V7I	Crystal structure of homo sapiens serine hydroxymethyltransferase 2 (mitochondrial) (SHMT2), in complex with glycine, PLP and folate-competitive pyrazolopyran inhibitor: 6-amino-4-isopropyl-3-methyl-4-(3-(pyrrolidin-1-yl)-5-(trifluoromethyl)phenyl)-1,4-dihydropyrano[2,3-c]pyrazole-5-carbonitrile	29073064	10.1073/pnas.1706617114	2017	1	0	GOL,GLY,PEG,8Z1	GLY,8Z1	2	0	0
human	KLB	5VAK	Crystal Structure of Beta-Klotho, Domain 1	29342135	10.1038/nature25010	2018	2	0	NAG	NAG	1	0	1
human	KLB	5VAN	Crystal Structure of Beta-Klotho	29342135	10.1038/nature25010	2018	2	0	NAG,MAN,MES,BGC	NAG,MAN,BGC	3	0	1
human	KLB	5VAQ	Crystal Structure of Beta-Klotho in Complex with FGF21CT	29342135	10.1038/nature25010	2018	3	0	NAG	NAG	1	0	1
human	CYP21A2	5VBU	Crystal Structure of Human Cytochrome P450 21A2 Hydroxyprogesterone Complex	28539365	10.1074/jbc.M117.792465	2017	1	0	HEM,3QZ	HEM,3QZ	2	1	0
human	ENPP5	5VEM	Human ectonucleotide pyrophosphatase / phosphodiesterase 5 (ENPP5, NPP5)	28898552	10.1111/febs.14266	2017	1	0	NAG,ZN	NAG,ZN	2	1	0
BPT4	gp23	5VF3	Bacteriophage T4 isometric capsid	28893988	10.1073/pnas.1708483114	2017	5	0			0	0	1
BPT4	soc	5VF3	Bacteriophage T4 isometric capsid	28893988	10.1073/pnas.1708483114	2017	5	0			0	0	1
NEIME	acrIIC1	5VGB	Crystal structure of NmeCas9 HNH domain bound to anti-CRISPR AcrIIC1	28844692	10.1016/j.cell.2017.07.037	2017	2	0	SO4,GOL		0	0	1
human	GLIPR2	5VHG	Crystal structure of pentad mutant GAPR-1	28876241	10.1107/S2059798317011822	2017	1	0	SO4		0	0	0
human	MAP3K5	5VIL	Crystal structure of ASK1 kinase domain with a potent inhibitor (analog 6)	29348070	10.1016/j.ejmech.2017.12.041	2017	1	0	DMS,9E1	9E1	1	0	0
human	BCL11A	5VTB	Crystal structure of RBBP4 bound to BCL11a peptide	29263092	10.1074/jbc.M117.811463	2018	2	0	GOL		0	0	1
human	OAT	5VWO	Ornithine aminotransferase inactivated by (1R,3S,4S)-3-amino-4-fluorocyclopentane-1-carboxylic acid (FCP)	28816437	10.1021/acs.biochem.7b00499	2017	1	0	9QJ	9QJ	1	0	0
human	RPS3	5VYC	Crystal structure of the human 40S ribosomal subunit in complex with DENR-MCT-1.	28723557	10.1016/j.celrep.2017.06.025	2017	36	1	ZN	ZN	1	1	1
FELCA	CH1	5VYF	Structure of single chain Fel d 1 bound to a neutralizing antibody	29650949	10.1038/s41467-018-03636-8	2018	3	0	CA	CA	1	0	1
FELCA	CH2	5VYF	Structure of single chain Fel d 1 bound to a neutralizing antibody	29650949	10.1038/s41467-018-03636-8	2018	3	0	CA	CA	1	0	1
human	CCND1	5VZU	Crystal structure of the Skp1-FBXO31-cyclin D1 complex	29279382	10.1073/pnas.1708677115	2018	3	0	PO4,ZN	ZN	1	1	1
human	KL	5W21	Crystal Structure of a 1:1:1 FGF23-FGFR1c-aKlotho Ternary Complex	29342138	10.1038/nature25451	2018	3	0	NAG,ZN	NAG,ZN	2	1	1
human	EIF2D	5W2F	Crystal Structure of the C-terminal Domain of Human eIF2D at 1.4 A resolution	28736176	10.1016/j.jmb.2017.07.015	2017	1	0	FMT		0	0	0
BPT4	19	5W5F	Cryo-EM structure of the T4 tail tube	28757144	10.1016/j.str.2017.06.017	2017	1	0			0	0	0
human	AEBP2	5WAI	Crystal Structure of a Suz12-Rbbp4-Jarid2-Aebp2 Heterotetrameric Complex	29499137	10.1016/j.molcel.2018.01.039	2018	4	0	ZN	ZN	1	1	1
human	HDAC6	5WBN	Crystal structure of fragment 3-(3-Benzyl-2-oxo-2H-[1,2,4]triazino[2,3-c]quinazolin-6-yl)propanoic acid bound in the ubiquitin binding pocket of the HDAC6 zinc-finger domain				1	0	ACT,CL,FMT,UNX,9ZV,ZN	9ZV,ZN	2	1	0
human	KLB	5WI9	Crystal structure of KL with an agonist Fab	30068552	10.1074/jbc.RA118.004343	2018	3	0	PG4,SO4,EDO,NAG	NAG	1	0	1
yeast	PNO1	5WLC	The complete structure of the small subunit processome	28945246	10.1038/nsmb.3472	2017	63	3	ZN	ZN	1	1	1
human	HDAC6	5WPB	Crystal structure of fragment 3-(3-(pyridin-2-ylmethoxy)quinoxalin-2-yl)propanoic acid bound in the ubiquitin binding pocket of the HDAC6 zinc-finger domain	29019676	10.1021/acs.jmedchem.7b00933	2017	1	0	UNX,B8P,ZN	B8P,ZN	2	1	0
LEPSD	cas13a	5WTJ	Crystal structure of an endonuclease	28086085	10.1016/j.cell.2016.12.031	2017	1	0			0	0	0
LEPSD	cas13a	5WTK	Crystal structure of RNP complex	28086085	10.1016/j.cell.2016.12.031	2017	1	1			0	0	1
yeast	PNO1	5WYJ	Cryo-EM structure of the 90S small subunit pre-ribosome (Dhr1-depleted, Enp1-TAP, state 1)	28244370	10.7554/eLife.22086	2017	58	3			0	0	1
yeast	PNO1	5WYK	Cryo-EM structure of the 90S small subunit pre-ribosome (Mtr4-depleted, Enp1-TAP)	28244370	10.7554/eLife.22086	2017	52	3			0	0	1
human	DPYSL2	5X1A	Crystal Structure of Human CRMP-2	28878401	10.1038/s41598-017-11031-4	2017	1	0			0	0	0
human	DPYSL2	5X1C	Crystal Structure of Human CRMP-2 without C-terminal Tail	28878401	10.1038/s41598-017-11031-4	2017	1	0			0	0	0
human	DPYSL2	5X1D	Crystal Structure of T246A-N247A Human CRMP-2 Mutant	28878401	10.1038/s41598-017-11031-4	2017	1	0			0	0	0
human	SHMT2	5X3V	Structure of human SHMT2 protein mutant				1	0	SO4		0	0	0
CANLF	Canf6	5X7Y	Crystal Structure of the Dog Lipocalin Allergen Can f 6	30728436	10.1038/s41598-018-38134-w	2019	1	0	PEG		0	0	0
LISMN	acrIIA4	5XBL	Structure of nuclease in complex with associated protein	28448066	10.1038/nature22377	2017	2	1			0	0	1
ACISB	cas12a	5XH6	Crystal structure of the Acidaminococcus sp. BV3L6 Cpf1 RVR variant in complex with crRNA and target DNA (TATA PAM)	28595896	10.1016/j.molcel.2017.04.019	2017	1	3	EDO,CL,NA		0	0	1
ACISB	cas12a	5XH7	Crystal structure of the Acidaminococcus sp. BV3L6 Cpf1 RR variant in complex with crRNA and target DNA (TCCA PAM)	28595896	10.1016/j.molcel.2017.04.019	2017	1	3	NA,CL,EDO		0	0	1
LISMN	acrIIA4	5XN4	Anti-CRISPR protein AcrIIA4	29497118	10.1038/s41598-018-22177-0	2018	1	0			0	0	0
RAMVA	SAHS1	5XN9	Crystal structure of a secretary abundant heat soluble (SAHS) protein from Ramazzottius varieornatus (from monomer sample)	28703282	10.1002/1873-3468.12752	2017	1	0	ACY,EDO,CL,ZN,MG	ZN,MG	2	1	0
RAMVA	SAHS1	5XNA	Crystal structure of a secretary abundant heat soluble (SAHS) protein from Ramazzottius varieornatus (from dimer sample)	28703282	10.1002/1873-3468.12752	2017	1	0	ZN,MG,EDO,CL,SHV,ACY	ZN,MG,SHV	3	1	0
human	NDUFA12	5XTB	Cryo-EM structure of human respiratory complex I matrix arm	28844695	10.1016/j.cell.2017.07.050	2017	18	0	FES,NDP,8Q1,FMN,SF4	FES,NDP,8Q1,FMN,SF4	5	1	1
human	NDUFA2	5XTB	Cryo-EM structure of human respiratory complex I matrix arm	28844695	10.1016/j.cell.2017.07.050	2017	18	0	FES,NDP,8Q1,FMN,SF4	FES,NDP,8Q1,FMN,SF4	5	1	1
human	NDUFA5	5XTB	Cryo-EM structure of human respiratory complex I matrix arm	28844695	10.1016/j.cell.2017.07.050	2017	18	0	FES,NDP,8Q1,FMN,SF4	FES,NDP,8Q1,FMN,SF4	5	1	1
human	NDUFA6	5XTB	Cryo-EM structure of human respiratory complex I matrix arm	28844695	10.1016/j.cell.2017.07.050	2017	18	0	FES,NDP,8Q1,FMN,SF4	FES,NDP,8Q1,FMN,SF4	5	1	1
human	NDUFS3	5XTB	Cryo-EM structure of human respiratory complex I matrix arm	28844695	10.1016/j.cell.2017.07.050	2017	18	0	FES,NDP,8Q1,FMN,SF4	FES,NDP,8Q1,FMN,SF4	5	1	1
human	NDUFS6	5XTB	Cryo-EM structure of human respiratory complex I matrix arm	28844695	10.1016/j.cell.2017.07.050	2017	18	0	FES,NDP,8Q1,FMN,SF4	FES,NDP,8Q1,FMN,SF4	5	1	1
human	NDUFS7	5XTB	Cryo-EM structure of human respiratory complex I matrix arm	28844695	10.1016/j.cell.2017.07.050	2017	18	0	FES,NDP,8Q1,FMN,SF4	FES,NDP,8Q1,FMN,SF4	5	1	1
human	NDUFV2	5XTB	Cryo-EM structure of human respiratory complex I matrix arm	28844695	10.1016/j.cell.2017.07.050	2017	18	0	FES,NDP,8Q1,FMN,SF4	FES,NDP,8Q1,FMN,SF4	5	1	1
human	NDUFA1	5XTC	Cryo-EM structure of human respiratory complex I transmembrane arm	28844695	10.1016/j.cell.2017.07.050	2017	29	0	8Q1,PEE,CDL,PLX	8Q1,PEE,CDL,PLX	4	0	1
human	NDUFA10	5XTC	Cryo-EM structure of human respiratory complex I transmembrane arm	28844695	10.1016/j.cell.2017.07.050	2017	29	0	8Q1,PEE,CDL,PLX	8Q1,PEE,CDL,PLX	4	0	1
human	NDUFA11	5XTC	Cryo-EM structure of human respiratory complex I transmembrane arm	28844695	10.1016/j.cell.2017.07.050	2017	29	0	8Q1,PEE,CDL,PLX	8Q1,PEE,CDL,PLX	4	0	1
human	NDUFA8	5XTC	Cryo-EM structure of human respiratory complex I transmembrane arm	28844695	10.1016/j.cell.2017.07.050	2017	29	0	8Q1,PEE,CDL,PLX	8Q1,PEE,CDL,PLX	4	0	1
human	NDUFB10	5XTC	Cryo-EM structure of human respiratory complex I transmembrane arm	28844695	10.1016/j.cell.2017.07.050	2017	29	0	8Q1,PEE,CDL,PLX	8Q1,PEE,CDL,PLX	4	0	1
human	NDUFB3	5XTC	Cryo-EM structure of human respiratory complex I transmembrane arm	28844695	10.1016/j.cell.2017.07.050	2017	29	0	8Q1,PEE,CDL,PLX	8Q1,PEE,CDL,PLX	4	0	1
human	NDUFB7	5XTC	Cryo-EM structure of human respiratory complex I transmembrane arm	28844695	10.1016/j.cell.2017.07.050	2017	29	0	8Q1,PEE,CDL,PLX	8Q1,PEE,CDL,PLX	4	0	1
human	NDUFB8	5XTC	Cryo-EM structure of human respiratory complex I transmembrane arm	28844695	10.1016/j.cell.2017.07.050	2017	29	0	8Q1,PEE,CDL,PLX	8Q1,PEE,CDL,PLX	4	0	1
human	NDUFB9	5XTC	Cryo-EM structure of human respiratory complex I transmembrane arm	28844695	10.1016/j.cell.2017.07.050	2017	29	0	8Q1,PEE,CDL,PLX	8Q1,PEE,CDL,PLX	4	0	1
human	NDUFC2	5XTC	Cryo-EM structure of human respiratory complex I transmembrane arm	28844695	10.1016/j.cell.2017.07.050	2017	29	0	8Q1,PEE,CDL,PLX	8Q1,PEE,CDL,PLX	4	0	1
human	NDUFA1	5XTD	Cryo-EM structure of human respiratory complex I	28844695	10.1016/j.cell.2017.07.050	2017	44	0	PEE,CDL,FES,NDP,8Q1,PLX,FMN,SF4	PEE,CDL,FES,NDP,8Q1,PLX,FMN,SF4	8	1	1
human	NDUFA10	5XTD	Cryo-EM structure of human respiratory complex I	28844695	10.1016/j.cell.2017.07.050	2017	44	0	PEE,CDL,FES,NDP,8Q1,PLX,FMN,SF4	PEE,CDL,FES,NDP,8Q1,PLX,FMN,SF4	8	1	1
human	NDUFA11	5XTD	Cryo-EM structure of human respiratory complex I	28844695	10.1016/j.cell.2017.07.050	2017	44	0	PEE,CDL,FES,NDP,8Q1,PLX,FMN,SF4	PEE,CDL,FES,NDP,8Q1,PLX,FMN,SF4	8	1	1
human	NDUFA12	5XTD	Cryo-EM structure of human respiratory complex I	28844695	10.1016/j.cell.2017.07.050	2017	44	0	PEE,CDL,FES,NDP,8Q1,PLX,FMN,SF4	PEE,CDL,FES,NDP,8Q1,PLX,FMN,SF4	8	1	1
human	NDUFA2	5XTD	Cryo-EM structure of human respiratory complex I	28844695	10.1016/j.cell.2017.07.050	2017	44	0	PEE,CDL,FES,NDP,8Q1,PLX,FMN,SF4	PEE,CDL,FES,NDP,8Q1,PLX,FMN,SF4	8	1	1
human	NDUFA5	5XTD	Cryo-EM structure of human respiratory complex I	28844695	10.1016/j.cell.2017.07.050	2017	44	0	PEE,CDL,FES,NDP,8Q1,PLX,FMN,SF4	PEE,CDL,FES,NDP,8Q1,PLX,FMN,SF4	8	1	1
human	NDUFA6	5XTD	Cryo-EM structure of human respiratory complex I	28844695	10.1016/j.cell.2017.07.050	2017	44	0	PEE,CDL,FES,NDP,8Q1,PLX,FMN,SF4	PEE,CDL,FES,NDP,8Q1,PLX,FMN,SF4	8	1	1
human	NDUFA8	5XTD	Cryo-EM structure of human respiratory complex I	28844695	10.1016/j.cell.2017.07.050	2017	44	0	PEE,CDL,FES,NDP,8Q1,PLX,FMN,SF4	PEE,CDL,FES,NDP,8Q1,PLX,FMN,SF4	8	1	1
human	NDUFB10	5XTD	Cryo-EM structure of human respiratory complex I	28844695	10.1016/j.cell.2017.07.050	2017	44	0	PEE,CDL,FES,NDP,8Q1,PLX,FMN,SF4	PEE,CDL,FES,NDP,8Q1,PLX,FMN,SF4	8	1	1
human	NDUFB3	5XTD	Cryo-EM structure of human respiratory complex I	28844695	10.1016/j.cell.2017.07.050	2017	44	0	PEE,CDL,FES,NDP,8Q1,PLX,FMN,SF4	PEE,CDL,FES,NDP,8Q1,PLX,FMN,SF4	8	1	1
human	NDUFB7	5XTD	Cryo-EM structure of human respiratory complex I	28844695	10.1016/j.cell.2017.07.050	2017	44	0	PEE,CDL,FES,NDP,8Q1,PLX,FMN,SF4	PEE,CDL,FES,NDP,8Q1,PLX,FMN,SF4	8	1	1
human	NDUFB8	5XTD	Cryo-EM structure of human respiratory complex I	28844695	10.1016/j.cell.2017.07.050	2017	44	0	PEE,CDL,FES,NDP,8Q1,PLX,FMN,SF4	PEE,CDL,FES,NDP,8Q1,PLX,FMN,SF4	8	1	1
human	NDUFB9	5XTD	Cryo-EM structure of human respiratory complex I	28844695	10.1016/j.cell.2017.07.050	2017	44	0	PEE,CDL,FES,NDP,8Q1,PLX,FMN,SF4	PEE,CDL,FES,NDP,8Q1,PLX,FMN,SF4	8	1	1
human	NDUFC2	5XTD	Cryo-EM structure of human respiratory complex I	28844695	10.1016/j.cell.2017.07.050	2017	44	0	PEE,CDL,FES,NDP,8Q1,PLX,FMN,SF4	PEE,CDL,FES,NDP,8Q1,PLX,FMN,SF4	8	1	1
human	NDUFS3	5XTD	Cryo-EM structure of human respiratory complex I	28844695	10.1016/j.cell.2017.07.050	2017	44	0	PEE,CDL,FES,NDP,8Q1,PLX,FMN,SF4	PEE,CDL,FES,NDP,8Q1,PLX,FMN,SF4	8	1	1
human	NDUFS6	5XTD	Cryo-EM structure of human respiratory complex I	28844695	10.1016/j.cell.2017.07.050	2017	44	0	PEE,CDL,FES,NDP,8Q1,PLX,FMN,SF4	PEE,CDL,FES,NDP,8Q1,PLX,FMN,SF4	8	1	1
human	NDUFS7	5XTD	Cryo-EM structure of human respiratory complex I	28844695	10.1016/j.cell.2017.07.050	2017	44	0	PEE,CDL,FES,NDP,8Q1,PLX,FMN,SF4	PEE,CDL,FES,NDP,8Q1,PLX,FMN,SF4	8	1	1
human	NDUFV2	5XTD	Cryo-EM structure of human respiratory complex I	28844695	10.1016/j.cell.2017.07.050	2017	44	0	PEE,CDL,FES,NDP,8Q1,PLX,FMN,SF4	PEE,CDL,FES,NDP,8Q1,PLX,FMN,SF4	8	1	1
human	UQCRC2	5XTE	Cryo-EM structure of human respiratory complex III (cytochrome bc1 complex)	28844695	10.1016/j.cell.2017.07.050	2017	11	0	PLX,HEM,HEC,PEE,FES,CDL	PLX,HEM,HEC,PEE,FES,CDL	6	1	1
human	UQCRH	5XTE	Cryo-EM structure of human respiratory complex III (cytochrome bc1 complex)	28844695	10.1016/j.cell.2017.07.050	2017	11	0	PLX,HEM,HEC,PEE,FES,CDL	PLX,HEM,HEC,PEE,FES,CDL	6	1	1
human	UQCRQ	5XTE	Cryo-EM structure of human respiratory complex III (cytochrome bc1 complex)	28844695	10.1016/j.cell.2017.07.050	2017	11	0	PLX,HEM,HEC,PEE,FES,CDL	PLX,HEM,HEC,PEE,FES,CDL	6	1	1
human	NDUFA1	5XTH	Cryo-EM structure of human respiratory supercomplex I1III2IV1	28844695	10.1016/j.cell.2017.07.050	2017	68	0	HEM,HEC,ZN,HEA,MG,CU,PEE,CDL,FES,NDP,8Q1,PLX,FMN,SF4	HEM,HEC,ZN,HEA,MG,CU,PEE,CDL,FES,NDP,8Q1,PLX,FMN,SF4	14	1	1
human	NDUFA10	5XTH	Cryo-EM structure of human respiratory supercomplex I1III2IV1	28844695	10.1016/j.cell.2017.07.050	2017	68	0	HEM,HEC,ZN,HEA,MG,CU,PEE,CDL,FES,NDP,8Q1,PLX,FMN,SF4	HEM,HEC,ZN,HEA,MG,CU,PEE,CDL,FES,NDP,8Q1,PLX,FMN,SF4	14	1	1
human	NDUFA11	5XTH	Cryo-EM structure of human respiratory supercomplex I1III2IV1	28844695	10.1016/j.cell.2017.07.050	2017	68	0	HEM,HEC,ZN,HEA,MG,CU,PEE,CDL,FES,NDP,8Q1,PLX,FMN,SF4	HEM,HEC,ZN,HEA,MG,CU,PEE,CDL,FES,NDP,8Q1,PLX,FMN,SF4	14	1	1
human	NDUFA12	5XTH	Cryo-EM structure of human respiratory supercomplex I1III2IV1	28844695	10.1016/j.cell.2017.07.050	2017	68	0	HEM,HEC,ZN,HEA,MG,CU,PEE,CDL,FES,NDP,8Q1,PLX,FMN,SF4	HEM,HEC,ZN,HEA,MG,CU,PEE,CDL,FES,NDP,8Q1,PLX,FMN,SF4	14	1	1
human	NDUFA2	5XTH	Cryo-EM structure of human respiratory supercomplex I1III2IV1	28844695	10.1016/j.cell.2017.07.050	2017	68	0	HEM,HEC,ZN,HEA,MG,CU,PEE,CDL,FES,NDP,8Q1,PLX,FMN,SF4	HEM,HEC,ZN,HEA,MG,CU,PEE,CDL,FES,NDP,8Q1,PLX,FMN,SF4	14	1	1
human	NDUFA5	5XTH	Cryo-EM structure of human respiratory supercomplex I1III2IV1	28844695	10.1016/j.cell.2017.07.050	2017	68	0	HEM,HEC,ZN,HEA,MG,CU,PEE,CDL,FES,NDP,8Q1,PLX,FMN,SF4	HEM,HEC,ZN,HEA,MG,CU,PEE,CDL,FES,NDP,8Q1,PLX,FMN,SF4	14	1	1
human	NDUFA6	5XTH	Cryo-EM structure of human respiratory supercomplex I1III2IV1	28844695	10.1016/j.cell.2017.07.050	2017	68	0	HEM,HEC,ZN,HEA,MG,CU,PEE,CDL,FES,NDP,8Q1,PLX,FMN,SF4	HEM,HEC,ZN,HEA,MG,CU,PEE,CDL,FES,NDP,8Q1,PLX,FMN,SF4	14	1	1
human	NDUFA8	5XTH	Cryo-EM structure of human respiratory supercomplex I1III2IV1	28844695	10.1016/j.cell.2017.07.050	2017	68	0	HEM,HEC,ZN,HEA,MG,CU,PEE,CDL,FES,NDP,8Q1,PLX,FMN,SF4	HEM,HEC,ZN,HEA,MG,CU,PEE,CDL,FES,NDP,8Q1,PLX,FMN,SF4	14	1	1
human	NDUFB10	5XTH	Cryo-EM structure of human respiratory supercomplex I1III2IV1	28844695	10.1016/j.cell.2017.07.050	2017	68	0	HEM,HEC,ZN,HEA,MG,CU,PEE,CDL,FES,NDP,8Q1,PLX,FMN,SF4	HEM,HEC,ZN,HEA,MG,CU,PEE,CDL,FES,NDP,8Q1,PLX,FMN,SF4	14	1	1
human	NDUFB3	5XTH	Cryo-EM structure of human respiratory supercomplex I1III2IV1	28844695	10.1016/j.cell.2017.07.050	2017	68	0	HEM,HEC,ZN,HEA,MG,CU,PEE,CDL,FES,NDP,8Q1,PLX,FMN,SF4	HEM,HEC,ZN,HEA,MG,CU,PEE,CDL,FES,NDP,8Q1,PLX,FMN,SF4	14	1	1
human	NDUFB7	5XTH	Cryo-EM structure of human respiratory supercomplex I1III2IV1	28844695	10.1016/j.cell.2017.07.050	2017	68	0	HEM,HEC,ZN,HEA,MG,CU,PEE,CDL,FES,NDP,8Q1,PLX,FMN,SF4	HEM,HEC,ZN,HEA,MG,CU,PEE,CDL,FES,NDP,8Q1,PLX,FMN,SF4	14	1	1
human	NDUFB8	5XTH	Cryo-EM structure of human respiratory supercomplex I1III2IV1	28844695	10.1016/j.cell.2017.07.050	2017	68	0	HEM,HEC,ZN,HEA,MG,CU,PEE,CDL,FES,NDP,8Q1,PLX,FMN,SF4	HEM,HEC,ZN,HEA,MG,CU,PEE,CDL,FES,NDP,8Q1,PLX,FMN,SF4	14	1	1
human	NDUFB9	5XTH	Cryo-EM structure of human respiratory supercomplex I1III2IV1	28844695	10.1016/j.cell.2017.07.050	2017	68	0	HEM,HEC,ZN,HEA,MG,CU,PEE,CDL,FES,NDP,8Q1,PLX,FMN,SF4	HEM,HEC,ZN,HEA,MG,CU,PEE,CDL,FES,NDP,8Q1,PLX,FMN,SF4	14	1	1
human	NDUFC2	5XTH	Cryo-EM structure of human respiratory supercomplex I1III2IV1	28844695	10.1016/j.cell.2017.07.050	2017	68	0	HEM,HEC,ZN,HEA,MG,CU,PEE,CDL,FES,NDP,8Q1,PLX,FMN,SF4	HEM,HEC,ZN,HEA,MG,CU,PEE,CDL,FES,NDP,8Q1,PLX,FMN,SF4	14	1	1
human	NDUFS3	5XTH	Cryo-EM structure of human respiratory supercomplex I1III2IV1	28844695	10.1016/j.cell.2017.07.050	2017	68	0	HEM,HEC,ZN,HEA,MG,CU,PEE,CDL,FES,NDP,8Q1,PLX,FMN,SF4	HEM,HEC,ZN,HEA,MG,CU,PEE,CDL,FES,NDP,8Q1,PLX,FMN,SF4	14	1	1
human	NDUFS6	5XTH	Cryo-EM structure of human respiratory supercomplex I1III2IV1	28844695	10.1016/j.cell.2017.07.050	2017	68	0	HEM,HEC,ZN,HEA,MG,CU,PEE,CDL,FES,NDP,8Q1,PLX,FMN,SF4	HEM,HEC,ZN,HEA,MG,CU,PEE,CDL,FES,NDP,8Q1,PLX,FMN,SF4	14	1	1
human	NDUFS7	5XTH	Cryo-EM structure of human respiratory supercomplex I1III2IV1	28844695	10.1016/j.cell.2017.07.050	2017	68	0	HEM,HEC,ZN,HEA,MG,CU,PEE,CDL,FES,NDP,8Q1,PLX,FMN,SF4	HEM,HEC,ZN,HEA,MG,CU,PEE,CDL,FES,NDP,8Q1,PLX,FMN,SF4	14	1	1
human	NDUFV2	5XTH	Cryo-EM structure of human respiratory supercomplex I1III2IV1	28844695	10.1016/j.cell.2017.07.050	2017	68	0	HEM,HEC,ZN,HEA,MG,CU,PEE,CDL,FES,NDP,8Q1,PLX,FMN,SF4	HEM,HEC,ZN,HEA,MG,CU,PEE,CDL,FES,NDP,8Q1,PLX,FMN,SF4	14	1	1
human	UQCRC2	5XTH	Cryo-EM structure of human respiratory supercomplex I1III2IV1	28844695	10.1016/j.cell.2017.07.050	2017	68	0	HEM,HEC,ZN,HEA,MG,CU,PEE,CDL,FES,NDP,8Q1,PLX,FMN,SF4	HEM,HEC,ZN,HEA,MG,CU,PEE,CDL,FES,NDP,8Q1,PLX,FMN,SF4	14	1	1
human	UQCRH	5XTH	Cryo-EM structure of human respiratory supercomplex I1III2IV1	28844695	10.1016/j.cell.2017.07.050	2017	68	0	HEM,HEC,ZN,HEA,MG,CU,PEE,CDL,FES,NDP,8Q1,PLX,FMN,SF4	HEM,HEC,ZN,HEA,MG,CU,PEE,CDL,FES,NDP,8Q1,PLX,FMN,SF4	14	1	1
human	UQCRQ	5XTH	Cryo-EM structure of human respiratory supercomplex I1III2IV1	28844695	10.1016/j.cell.2017.07.050	2017	68	0	HEM,HEC,ZN,HEA,MG,CU,PEE,CDL,FES,NDP,8Q1,PLX,FMN,SF4	HEM,HEC,ZN,HEA,MG,CU,PEE,CDL,FES,NDP,8Q1,PLX,FMN,SF4	14	1	1
human	NDUFA1	5XTI	Cryo-EM architecture of human respiratory chain megacomplex-I2III2IV2	28844695	10.1016/j.cell.2017.07.050	2017	68	0	SF4,FMN,PLX,8Q1,NDP,FES,CDL,PEE,CU,MG,HEA,ZN,HEC,HEM	SF4,FMN,PLX,8Q1,NDP,FES,CDL,PEE,CU,MG,HEA,ZN,HEC,HEM	14	1	1
human	NDUFA10	5XTI	Cryo-EM architecture of human respiratory chain megacomplex-I2III2IV2	28844695	10.1016/j.cell.2017.07.050	2017	68	0	SF4,FMN,PLX,8Q1,NDP,FES,CDL,PEE,CU,MG,HEA,ZN,HEC,HEM	SF4,FMN,PLX,8Q1,NDP,FES,CDL,PEE,CU,MG,HEA,ZN,HEC,HEM	14	1	1
human	NDUFA11	5XTI	Cryo-EM architecture of human respiratory chain megacomplex-I2III2IV2	28844695	10.1016/j.cell.2017.07.050	2017	68	0	SF4,FMN,PLX,8Q1,NDP,FES,CDL,PEE,CU,MG,HEA,ZN,HEC,HEM	SF4,FMN,PLX,8Q1,NDP,FES,CDL,PEE,CU,MG,HEA,ZN,HEC,HEM	14	1	1
human	NDUFA12	5XTI	Cryo-EM architecture of human respiratory chain megacomplex-I2III2IV2	28844695	10.1016/j.cell.2017.07.050	2017	68	0	SF4,FMN,PLX,8Q1,NDP,FES,CDL,PEE,CU,MG,HEA,ZN,HEC,HEM	SF4,FMN,PLX,8Q1,NDP,FES,CDL,PEE,CU,MG,HEA,ZN,HEC,HEM	14	1	1
human	NDUFA2	5XTI	Cryo-EM architecture of human respiratory chain megacomplex-I2III2IV2	28844695	10.1016/j.cell.2017.07.050	2017	68	0	SF4,FMN,PLX,8Q1,NDP,FES,CDL,PEE,CU,MG,HEA,ZN,HEC,HEM	SF4,FMN,PLX,8Q1,NDP,FES,CDL,PEE,CU,MG,HEA,ZN,HEC,HEM	14	1	1
human	NDUFA5	5XTI	Cryo-EM architecture of human respiratory chain megacomplex-I2III2IV2	28844695	10.1016/j.cell.2017.07.050	2017	68	0	SF4,FMN,PLX,8Q1,NDP,FES,CDL,PEE,CU,MG,HEA,ZN,HEC,HEM	SF4,FMN,PLX,8Q1,NDP,FES,CDL,PEE,CU,MG,HEA,ZN,HEC,HEM	14	1	1
human	NDUFA6	5XTI	Cryo-EM architecture of human respiratory chain megacomplex-I2III2IV2	28844695	10.1016/j.cell.2017.07.050	2017	68	0	SF4,FMN,PLX,8Q1,NDP,FES,CDL,PEE,CU,MG,HEA,ZN,HEC,HEM	SF4,FMN,PLX,8Q1,NDP,FES,CDL,PEE,CU,MG,HEA,ZN,HEC,HEM	14	1	1
human	NDUFA8	5XTI	Cryo-EM architecture of human respiratory chain megacomplex-I2III2IV2	28844695	10.1016/j.cell.2017.07.050	2017	68	0	SF4,FMN,PLX,8Q1,NDP,FES,CDL,PEE,CU,MG,HEA,ZN,HEC,HEM	SF4,FMN,PLX,8Q1,NDP,FES,CDL,PEE,CU,MG,HEA,ZN,HEC,HEM	14	1	1
human	NDUFB10	5XTI	Cryo-EM architecture of human respiratory chain megacomplex-I2III2IV2	28844695	10.1016/j.cell.2017.07.050	2017	68	0	SF4,FMN,PLX,8Q1,NDP,FES,CDL,PEE,CU,MG,HEA,ZN,HEC,HEM	SF4,FMN,PLX,8Q1,NDP,FES,CDL,PEE,CU,MG,HEA,ZN,HEC,HEM	14	1	1
human	NDUFB3	5XTI	Cryo-EM architecture of human respiratory chain megacomplex-I2III2IV2	28844695	10.1016/j.cell.2017.07.050	2017	68	0	SF4,FMN,PLX,8Q1,NDP,FES,CDL,PEE,CU,MG,HEA,ZN,HEC,HEM	SF4,FMN,PLX,8Q1,NDP,FES,CDL,PEE,CU,MG,HEA,ZN,HEC,HEM	14	1	1
human	NDUFB7	5XTI	Cryo-EM architecture of human respiratory chain megacomplex-I2III2IV2	28844695	10.1016/j.cell.2017.07.050	2017	68	0	SF4,FMN,PLX,8Q1,NDP,FES,CDL,PEE,CU,MG,HEA,ZN,HEC,HEM	SF4,FMN,PLX,8Q1,NDP,FES,CDL,PEE,CU,MG,HEA,ZN,HEC,HEM	14	1	1
human	NDUFB8	5XTI	Cryo-EM architecture of human respiratory chain megacomplex-I2III2IV2	28844695	10.1016/j.cell.2017.07.050	2017	68	0	SF4,FMN,PLX,8Q1,NDP,FES,CDL,PEE,CU,MG,HEA,ZN,HEC,HEM	SF4,FMN,PLX,8Q1,NDP,FES,CDL,PEE,CU,MG,HEA,ZN,HEC,HEM	14	1	1
human	NDUFB9	5XTI	Cryo-EM architecture of human respiratory chain megacomplex-I2III2IV2	28844695	10.1016/j.cell.2017.07.050	2017	68	0	SF4,FMN,PLX,8Q1,NDP,FES,CDL,PEE,CU,MG,HEA,ZN,HEC,HEM	SF4,FMN,PLX,8Q1,NDP,FES,CDL,PEE,CU,MG,HEA,ZN,HEC,HEM	14	1	1
human	NDUFC2	5XTI	Cryo-EM architecture of human respiratory chain megacomplex-I2III2IV2	28844695	10.1016/j.cell.2017.07.050	2017	68	0	SF4,FMN,PLX,8Q1,NDP,FES,CDL,PEE,CU,MG,HEA,ZN,HEC,HEM	SF4,FMN,PLX,8Q1,NDP,FES,CDL,PEE,CU,MG,HEA,ZN,HEC,HEM	14	1	1
human	NDUFS3	5XTI	Cryo-EM architecture of human respiratory chain megacomplex-I2III2IV2	28844695	10.1016/j.cell.2017.07.050	2017	68	0	SF4,FMN,PLX,8Q1,NDP,FES,CDL,PEE,CU,MG,HEA,ZN,HEC,HEM	SF4,FMN,PLX,8Q1,NDP,FES,CDL,PEE,CU,MG,HEA,ZN,HEC,HEM	14	1	1
human	NDUFS6	5XTI	Cryo-EM architecture of human respiratory chain megacomplex-I2III2IV2	28844695	10.1016/j.cell.2017.07.050	2017	68	0	SF4,FMN,PLX,8Q1,NDP,FES,CDL,PEE,CU,MG,HEA,ZN,HEC,HEM	SF4,FMN,PLX,8Q1,NDP,FES,CDL,PEE,CU,MG,HEA,ZN,HEC,HEM	14	1	1
human	NDUFS7	5XTI	Cryo-EM architecture of human respiratory chain megacomplex-I2III2IV2	28844695	10.1016/j.cell.2017.07.050	2017	68	0	SF4,FMN,PLX,8Q1,NDP,FES,CDL,PEE,CU,MG,HEA,ZN,HEC,HEM	SF4,FMN,PLX,8Q1,NDP,FES,CDL,PEE,CU,MG,HEA,ZN,HEC,HEM	14	1	1
human	NDUFV2	5XTI	Cryo-EM architecture of human respiratory chain megacomplex-I2III2IV2	28844695	10.1016/j.cell.2017.07.050	2017	68	0	SF4,FMN,PLX,8Q1,NDP,FES,CDL,PEE,CU,MG,HEA,ZN,HEC,HEM	SF4,FMN,PLX,8Q1,NDP,FES,CDL,PEE,CU,MG,HEA,ZN,HEC,HEM	14	1	1
human	UQCRC2	5XTI	Cryo-EM architecture of human respiratory chain megacomplex-I2III2IV2	28844695	10.1016/j.cell.2017.07.050	2017	68	0	SF4,FMN,PLX,8Q1,NDP,FES,CDL,PEE,CU,MG,HEA,ZN,HEC,HEM	SF4,FMN,PLX,8Q1,NDP,FES,CDL,PEE,CU,MG,HEA,ZN,HEC,HEM	14	1	1
human	UQCRH	5XTI	Cryo-EM architecture of human respiratory chain megacomplex-I2III2IV2	28844695	10.1016/j.cell.2017.07.050	2017	68	0	SF4,FMN,PLX,8Q1,NDP,FES,CDL,PEE,CU,MG,HEA,ZN,HEC,HEM	SF4,FMN,PLX,8Q1,NDP,FES,CDL,PEE,CU,MG,HEA,ZN,HEC,HEM	14	1	1
human	UQCRQ	5XTI	Cryo-EM architecture of human respiratory chain megacomplex-I2III2IV2	28844695	10.1016/j.cell.2017.07.050	2017	68	0	SF4,FMN,PLX,8Q1,NDP,FES,CDL,PEE,CU,MG,HEA,ZN,HEC,HEM	SF4,FMN,PLX,8Q1,NDP,FES,CDL,PEE,CU,MG,HEA,ZN,HEC,HEM	14	1	1
LEPBD	cas13a	5XWP	Crystal structure of LbuCas13a-crRNA-target RNA ternary complex	28757251	10.1016/j.cell.2017.06.050	2017	1	2			0	0	1
LEPBD	cas13a	5XWY	Electron cryo-microscopy structure of LbuCas13a-crRNA binary complex	28757251	10.1016/j.cell.2017.06.050	2017	1	1			0	0	1
human	AEBP2	5Y0U	The solution structure of AEBP2 C2H2 zinc fingers	29134516	10.1007/s13238-017-0483-6	2018	1	0	ZN	ZN	1	1	0
human	AEBP2	5Y1U	Crystal structure of RBBP4 bound to AEBP2 RRK motif	29134516	10.1007/s13238-017-0483-6	2017	2	0	SO4		0	0	1
SHIFL	sctN	5YBH	Structural of the highly conserved ATPase from type III secretion system of bacterial pathogens	30013545	10.3389/fmicb.2018.01468	2018	1	0	MG,SO4	MG	1	0	0
SHIFL	sctN	5YBI	Structure of the bacterial pathogens ATPase with substrate AMPPNP	30013545	10.3389/fmicb.2018.01468	2018	1	0	MG,ANP,SO4	MG,ANP	2	1	0
ARATH	PYR1	5YGV	Crystal structure of the abscisic acid receptor PYR1 in complex with an antagonist	29620349	10.1021/acschembio.8b00105	2018	1	0	8V6	8V6	1	0	0
BPD31	orf30	5YHR	Crystal structure of the anti-CRISPR protein, AcrF2	29348170	10.1074/jbc.RA117.001611	2018	1	0	CA	CA	1	0	0
ECOLX	mcr-1	5YLC	Crystal Structure of MCR-1 Catalytic Domain	29079699	10.1096/fj.201700705R	2018	1	0	ZN	ZN	1	1	0
ECOLX	mcr-1	5YLE	MCR-1 complex with ethanolamine (ETA)	29079699	10.1096/fj.201700705R	2018	1	0	ZN,ETA	ZN,ETA	2	1	0
ECOLX	mcr-1	5YLF	MCR-1 complex with D-glucose	29079699	10.1096/fj.201700705R	2018	1	0	ZN,BGC	ZN,BGC	2	1	0
FELCA	ALB	5YXE	Crystal Structure Analysis of feline serum albumin		10.1039/C8TB00211H	2018	1	0			0	0	0
human	DPYSL2	5YZ5	Crystal Structure of Human CRMP-2 with T509D-T514D-S518D-S522D mutations	29479005	10.1247/csf.17025	2018	1	0	SO4		0	0	0
human	DPYSL2	5YZA	Crystal Structure of Human CRMP-2 with S522D mutation	29479005	10.1247/csf.17025	2018	1	0			0	0	0
human	DPYSL2	5YZB	Crystal Structure of Human CRMP-2 with S522D-T509D-T514D-S518D mutations crystallized with GSK3b	29479005	10.1247/csf.17025	2018	1	0			0	0	0
human	ROR1	5Z55	NMR Solution Structure of the Kringle domain of human receptor tyrosine kinase-like orphan receptor 1 (ROR1)	29313214	10.1007/s12104-017-9797-9	2018	1	0			0	0	0
human	CWC27	5Z56	cryo-EM structure of a human activated spliceosome (mature Bact) at 5.1 angstrom.	29360106	10.1038/cr.2018.14	2018	45	4	IHP,ZN,MG,GTP	IHP,ZN,MG,GTP	4	1	1
human	CWC27	5Z58	Cryo-EM structure of a human activated spliceosome (early Bact) at 4.9 angstrom.	29360106	10.1038/cr.2018.14	2018	35	4	ZN,MG,GTP,IHP	ZN,MG,GTP,IHP	4	1	1
human	COX5A	5Z62	Structure of human cytochrome c oxidase	30030519	10.1038/s41422-018-0071-1	2018	14	0	CU,MG,CDL,ZN,PEE,HEA	CU,MG,CDL,ZN,PEE,HEA	6	1	1
human	COX6B1	5Z62	Structure of human cytochrome c oxidase	30030519	10.1038/s41422-018-0071-1	2018	14	0	CU,MG,CDL,ZN,PEE,HEA	CU,MG,CDL,ZN,PEE,HEA	6	1	1
human	COX7B	5Z62	Structure of human cytochrome c oxidase	30030519	10.1038/s41422-018-0071-1	2018	14	0	CU,MG,CDL,ZN,PEE,HEA	CU,MG,CDL,ZN,PEE,HEA	6	1	1
human	COX8A	5Z62	Structure of human cytochrome c oxidase	30030519	10.1038/s41422-018-0071-1	2018	14	0	CU,MG,CDL,ZN,PEE,HEA	CU,MG,CDL,ZN,PEE,HEA	6	1	1
human	NDUFA4	5Z62	Structure of human cytochrome c oxidase	30030519	10.1038/s41422-018-0071-1	2018	14	0	CU,MG,CDL,ZN,PEE,HEA	CU,MG,CDL,ZN,PEE,HEA	6	1	1
PICST	XYL1	5Z6T	Crystal structure of D-xylose reductase from Scheffersomyces stipitis in complex with NADPH	30487522	10.1038/s41598-018-35703-x	2018	1	0	NAP	NAP	1	1	0
PICST	XYL1	5Z6U	Crystal structure of D-xylose reductase from Scheffersomyces stipitis	30487522	10.1038/s41598-018-35703-x	2018	1	0	GOL		0	0	0
mouse	Frmpd2	5ZDS	Crystal structure of the second PDZ domain of Frmpd2	31196628	10.1016/j.bbrc.2019.05.087	2019	1	0			0	0	0
ECOLX	mcr-1	5ZJV	Crystal structure of the catalytic domain of MCR-1 (cMCR-1) in complex with xylose		10.3390/cryst8040172	2018	1	0	LXC,ZN	LXC,ZN	2	1	0
human	HDAC4	5ZOO	Crystal structure of histone deacetylase 4 (HDAC4) in complex with a SMRT corepressor SP1 fragment	30321390	10.1093/nar/gky926	2018	2	0	K,ZN	ZN	1	1	1
human	HADHA	5ZQZ	Structure of human mitochondrial trifunctional protein, tetramer	29915090	10.1073/pnas.1801252115	2018	2	0			0	0	1
human	HADHB	5ZQZ	Structure of human mitochondrial trifunctional protein, tetramer	29915090	10.1073/pnas.1801252115	2018	2	0			0	0	1
human	HADHA	5ZRV	Structure of human mitochondrial trifunctional protein, octamer	29915090	10.1073/pnas.1801252115	2018	2	0			0	0	1
human	HADHB	5ZRV	Structure of human mitochondrial trifunctional protein, octamer	29915090	10.1073/pnas.1801252115	2018	2	0			0	0	1
SHIFL	sctN	5ZT1	Structure of the bacterial pathogens ATPase with substrate ATP gamma S	30013545	10.3389/fmicb.2018.01468	2018	1	0	AGS,MG,SO4	AGS,MG	2	1	0
human	BTN3A3	5ZZ3	Crystal structure of intracellular B30.2 domain of BTN3A3	30902636	10.1016/j.immuni.2019.02.016	2019	1	0			0	0	0
ECOLX	mcr2	6A7W	Structure of a catalytic domain of the colistin resistance enzyme	30194678	10.1007/s11427-018-9363-4	2018	1	0	ZN	ZN	1	1	0
SCHPO	atg2	6A9E	Crystal structure of the N-terminal domain of Atg2	30911189	10.1038/s41594-019-0203-4	2019	1	0			0	0	0
SCHPO	atg2	6A9J	Crystal structure of the PE-bound N-terminal domain of Atg2	30911189	10.1038/s41594-019-0203-4	2019	1	0	PEE	PEE	1	0	0
human	GAPDH	6ADE	Crystal structure of phosphorylated mutant of glyceraldehyde 3-phosphate dehydrogenase from human placenta at 3.15A resolution				1	0	NAD	NAD	1	1	0
human	ASH1L	6AGO	Crystal structure of MRG15-ASH1L Histone methyltransferase complex	30827841	10.1016/j.str.2019.01.016	2019	2	0	SAM,ZN	SAM,ZN	2	1	1
human	STK3	6AO5	Crystal structure of human MST2 in complex with SAV1 SARAH domain	29063833	10.7554/eLife.30278	2017	2	0	MG,ANP	MG,ANP	2	1	1
human	STK3	6AR2	Structure of human SLMAP FHA domain in complex with pMST2	29063833	10.7554/eLife.30278	2017	2	0			0	0	1
human	NPL	6ARH	Crystal structure of Human NAL at a resolution of 1.6 Angstrom				1	0	ACT		0	0	0
human	CDKN1B	6ATH	Cdk2/cyclin A/p27-KID-deltaC	30976006	10.1038/s41467-019-09446-w	2019	3	0	SO4		0	0	1
PSEPK	lpdG	6AWA	1.83 Angstrom Resolution Crystal Structure of Dihydrolipoyl Dehydrogenase from Pseudomonas putida in Complex with FAD and Adenosine-5'-monophosphate.	40391899	10.1128/mra.00200-25	2025	1	0	FAD,SO4,AMP	FAD,AMP	2	1	0
BPD31	orf30	6B47	Cryo-EM structure of Type I-F CRISPR crRNA-guided Csy surveillance complex with bound anti-CRISPR protein AcrF2	28985564	10.1016/j.cell.2017.09.006	2017	5	1			0	0	1
NEUCR	cao-1	6B86	2.2A Crystal Structure of Co-CAO1	29946976	10.1007/s00775-018-1586-0	2018	1	0	CO	CO	1	1	0
human	ROR1	6BA5	Potent and Selective Antitumor Activity of a T-Cell Engaging Bispecific Antibody Targeting a Membrane-Proximal Epitope of ROR1	29844189	10.1073/pnas.1719905115	2018	3	0			0	0	1
human	ROR1	6BAN	Potent and Selective Antitumor Activity of a T-Cell Engaging Bispecific Antibody Targeting a Membrane-Proximal Epitope of ROR1	29844189	10.1073/pnas.1719905115	2018	3	0			0	0	1
human	ADAM10	6BDZ	ADAM10 Extracellular Domain Bound by the 11G2 Fab	29224781	10.1016/j.cell.2017.11.014	2017	3	0	ZN,CA,SO4	ZN,CA	2	1	1
human	ADAM10	6BE6	ADAM10 Extracellular Domain	29224781	10.1016/j.cell.2017.11.014	2017	1	0	SO4,CA,ZN	CA,ZN	2	1	0
SCHPO	clr4	6BOX	Structure of the S. pombe Clr4 catalytic domain bound to SAH	30051891	10.1038/s41586-018-0398-2	2018	1	0	SAH,ZN	SAH,ZN	2	1	0
SCHPO	clr4	6BP4	Structure of the S. pombe Clr4 catalytic domain bound to SAM	30051891	10.1038/s41586-018-0398-2	2018	1	0	SAM,ZN	SAM,ZN	2	1	0
human	DPAGT1	6BW5	Human GPT (DPAGT1) in complex with tunicamycin	29459785	10.1038/s41594-018-0031-y	2018	1	0	PGW,TUM	PGW,TUM	2	0	0
human	DPAGT1	6BW6	Human GPT (DPAGT1) H129 variant in complex with tunicamycin	29459785	10.1038/s41594-018-0031-y	2018	1	0	PGW,TUM	PGW,TUM	2	0	0
human	AEBP2	6C23	Cryo-EM structure of PRC2 bound to cofactors AEBP2 and JARID2 in the Compact Active State	29348366	10.1126/science.aar5700	2018	9	0			0	0	1
human	AEBP2	6C24	Cryo-EM structure of PRC2 bound to cofactors AEBP2 and JARID2 in the Extended Active State	29348366	10.1126/science.aar5700	2018	9	0			0	0	1
human	GGPS1	6C56	Crystal structure of mutant human geranylgeranyl pyrophosphate synthase (Y246D) in its Apo form	30016091	10.1021/acs.jmedchem.8b00886	2018	1	0	VT0	VT0	1	0	0
human	GGPS1	6C57	Crystal structure of mutant human geranylgeranyl pyrophosphate synthase (Y246D) in complex with bisphosphonate inhibitor FV0109	30016091	10.1021/acs.jmedchem.8b00886	2018	1	0	FV9	FV9	1	0	0
METEA	pqqE	6C8V	X-ray structure of PqqE from Methylobacterium extorquens	29405700	10.1021/acs.biochem.7b01097	2018	1	0	SF4,FES	SF4,FES	2	1	0
human	NAA10	6C95	The Human NatA (Naa10/Naa15) amino-terminal acetyltransferase complex bound to HYPK	29754825	10.1016/j.str.2018.04.003	2018	3	0	IHP	IHP	1	0	1
human	NAA15	6C95	The Human NatA (Naa10/Naa15) amino-terminal acetyltransferase complex bound to HYPK	29754825	10.1016/j.str.2018.04.003	2018	3	0	IHP	IHP	1	0	1
human	NAA10	6C9M	The Human NatA (Naa10/Naa15) amino-terminal acetyltransferase complex	29754825	10.1016/j.str.2018.04.003	2018	2	0	1PE,IHP	IHP	1	0	1
human	NAA15	6C9M	The Human NatA (Naa10/Naa15) amino-terminal acetyltransferase complex	29754825	10.1016/j.str.2018.04.003	2018	2	0	1PE,IHP	IHP	1	0	1
DANRE	tdp2	6CA4	Crystal structure of humanized D. rerio TDP2 by 14 mutations	29574079	10.1016/j.ejps.2018.03.021	2018	1	0	MLI,EDO,MG	MG	1	0	0
human	HDAC6	6CE6	Structure of HDAC6 zinc-finger ubiquitin binding domain soaked with 3,3'-(benzo[1,2-d:5,4-d']bis(thiazole)-2,6-diyl)dipropionic acid	29741882	10.1021/acs.jmedchem.8b00258	2018	1	0	ZN,EYP,UNX	ZN,EYP	2	1	0
human	HDAC6	6CE8	Crystal structure of fragment 2-(Benzo[d]thiazol-2-yl)acetic acid bound in the ubiquitin binding pocket of the HDAC6 zinc-finger domain	29741882	10.1021/acs.jmedchem.8b00258	2018	1	0	ZN,EYV,UNX	ZN,EYV	2	1	0
human	HDAC6	6CEA	Crystal structure of fragment 3-(quinolin-2-yl)propanoic acid bound in the ubiquitin binding pocket of the HDAC6 zinc-finger domain	29741882	10.1021/acs.jmedchem.8b00258	2018	1	0	UNX,EYY,ZN	EYY,ZN	2	1	0
human	HDAC6	6CEC	Crystal structure of fragment 3-(3-Methoxy-2-quinoxalinyl)propanoic acid bound in the ubiquitin binding pocket of the HDAC6 zinc-finger domain	29741882	10.1021/acs.jmedchem.8b00258	2018	1	0	UNX,EY7,ZN	EY7,ZN	2	1	0
human	HDAC6	6CED	Crystal structure of fragment 3-(3-Methyl-4-oxo-3,4-dihydroquinazolin-2-yl)propanoic acid bound in the ubiquitin binding pocket of the HDAC6 zinc-finger domain	29741882	10.1021/acs.jmedchem.8b00258	2018	1	0	UNX,EYA,ZN	EYA,ZN	2	1	0
human	CYP17A1	6CHI	Human Cytochrome P450 17A1 in complex with inhibitor: abiraterone C6 amide	29792703	10.1021/acs.jmedchem.8b00419	2018	1	0	HEM,3NX	HEM,3NX	2	1	0
human	CYP17A1	6CIR	Human Cytochrome P450 17A1 in complex with inhibitor: abiraterone C6 oxime	29792703	10.1021/acs.jmedchem.8b00419	2018	1	0	3NQ,HEM	3NQ,HEM	2	1	0
human	CYP17A1	6CIZ	Human Cytochrome P450 17A1 in complex with inhibitor: abiraterone C6 nitrile	29792703	10.1021/acs.jmedchem.8b00419	2018	1	0	3NR,HEM	3NR,HEM	2	1	0
human	AP1S3	6CM9	Structure of the cargo bound AP-1:Arf1:tetherin-Nef closed trimer monomeric subunit	30053425	10.1016/j.cell.2018.07.004	2018	6	0	MG,GTP	MG,GTP	2	1	1
PSEPK	murA	6CN1	2.75 Angstrom Resolution Crystal Structure of UDP-N-acetylglucosamine 1-carboxyvinyltransferase from Pseudomonas putida in Complex with Uridine-diphosphate-2(n-acetylglucosaminyl) butyric acid, (2R)-2-(phosphonooxy)propanoic acid and Magnesium	40391899	10.1128/mra.00200-25	2025	1	0	CL,MG,0V5,EPU	MG,0V5,EPU	3	0	0
human	AP1S3	6CRI	Structure of the cargo bound AP-1:Arf1:tetherin-Nef stable closed trimer	30053425	10.1016/j.cell.2018.07.004	2018	6	0	MG,GTP	MG,GTP	2	1	1
human	DLAT	6CT0	Atomic Structure of the E2 Inner Core of Human Pyruvate Dehydrogenase Complex	29608861	10.1021/acs.biochem.8b00357	2018	1	0			0	0	0
yeast	GCN5	6CW2	Crystal structure of a yeast SAGA transcriptional coactivator Ada2/Gcn5 HAT subcomplex, crystal form 1	30224453	10.1073/pnas.1805343115	2018	4	0	ZN	ZN	1	1	1
yeast	GCN5	6CW3	Crystal structure of a yeast SAGA transcriptional coactivator Ada2/Gcn5 HAT subcomplex, crystal form 2	30224453	10.1073/pnas.1805343115	2018	4	0	ZN	ZN	1	1	1
human	PHGDH	6CWA	CRYSTAL STRUCTURE PHGDH IN COMPLEX WITH NADH AND 3-PHOSPHOGLYCERATE AT 1.77 A RESOLUTION	31365252	10.1021/acs.jmedchem.9b00718	2019	1	0	NAI,3PG	NAI,3PG	2	1	0
human	AADAT	6D0A	Crystal structure of Kynurenine Aminotransferase-II in apo-form, at 1.47 A resolution				1	0			0	0	0
human	ADM2	6D1U	Crystal structure of the human CLR:RAMP1 extracellular domain heterodimer in complex with adrenomedullin 2/intermedin	30139742	10.1074/jbc.RA118.005062	2018	2	0	NA		0	0	1
human	AP1S3	6D83	Structure of the cargo bound AP-1:Arf1:tetherin-Nef (L164A, L165A) dileucine mutant dimer monomeric subunit	30053425	10.1016/j.cell.2018.07.004	2018	6	0	MG,GTP	MG,GTP	2	1	1
human	AP1S3	6D84	Structure of the cargo bound AP-1:Arf1:tetherin-Nef (L164A, L165A) dileucine mutant dimer	30053425	10.1016/j.cell.2018.07.004	2018	6	0	MG,GTP	MG,GTP	2	1	1
human	AP1S3	6DFF	Structure of the cargo bound AP-1:Arf1:tetherin-Nef monomer	30053425	10.1016/j.cell.2018.07.004	2018	6	0	MG,GTP	MG,GTP	2	1	1
human	SHMT2	6DK3	HUMAN MITOCHONDRIAL SERINE HYDROXYMETHYLTRANSFERASe 2				1	0	UNX		0	0	0
PSEPK	pobA	6DLL	2.2 Angstrom Resolution Crystal Structure of P-Hydroxybenzoate Hydroxylase from Pseudomonas putida in Complex with FAD.	31282871	10.1107/S2053230X19008653	2019	1	0	FMT,CL,FAD	FAD	1	1	0
human	GOT1	6DNA	Crystal structure of T110A mutant human Glutamate oxaloacetate transaminase 1 (GOT1)	30365304	10.1021/acs.biochem.8b00914	2018	1	0	PLP,PG4	PLP	1	1	0
human	GOT1	6DNB	Crystal structure of T110A:S256A mutant human Glutamate oxaloacetate transaminase 1 (GOT1)	30365304	10.1021/acs.biochem.8b00914	2018	1	0	PO4,GOL,PG4		0	0	0
human	GOT1	6DND	Crystal structure of wild-type (WT) human Glutamate oxaloacetate transaminase 1 (GOT1)	30365304	10.1021/acs.biochem.8b00914	2018	1	0	PLP,PG4	PLP	1	1	0
human	HADHA	6DV2	Crystal Structure of Human Mitochondrial Trifunctional Protein	30850536	10.1073/pnas.1816317116	2019	2	0			0	0	1
human	HADHB	6DV2	Crystal Structure of Human Mitochondrial Trifunctional Protein	30850536	10.1073/pnas.1816317116	2019	2	0			0	0	1
human	G6PD	6E07	Crystal structure of Canton G6PD in complex with structural NADP	30279493	10.1038/s41467-018-06447-z	2018	1	0	GOL,PO4,NAP	NAP	1	1	0
human	G6PD	6E08	Crystal structure of G6PD in complex with structural NADP	30279493	10.1038/s41467-018-06447-z	2018	1	0	GOL,NAP	NAP	1	1	0
PSEPK	pqqB	6E13	Pseudomonas putida PqqB with a non-physiological zinc at the active site binds the substrate mimic, 5-cysteinyl-3,4-dihydroxyphenylalanine (5-Cys-DOPA), non-specifically but supports the proposed function of the enzyme in pyrroloquinoline quinone biosynthesis.	30811189	10.1021/jacs.8b13453	2019	1	0	HKS,CL,ZN	HKS,ZN	2	1	0
human	GPD1	6E8Y	Unliganded Human Glycerol 3-Phosphate Dehydrogenase	30640445	10.1021/acs.biochem.8b01103	2019	1	0	K,3SY,PO4	3SY	1	0	0
human	GPD1	6E8Z	Binary complex of Human glycerol 3-phosphate dehydrogenase with NAD	30640445	10.1021/acs.biochem.8b01103	2019	1	0	K,EDO,PO4,NAD	NAD	1	1	0
human	GPD1	6E90	Ternary complex of human glycerol 3-phosphate dehydrogenase	30640445	10.1021/acs.biochem.8b01103	2019	1	0	PO4,MPD,CA,13P,NAD	CA,13P,NAD	3	1	0
human	MTHFD1	6ECP	The human methylenetetrahydrofolate dehydrogenase/cyclohydrolase (FolD) complexed with NADP and inhibitor LY249543	30839287	10.1107/S2053230X18018083	2019	1	0	21V,NAP	21V,NAP	2	1	0
human	MTHFD1	6ECQ	The human methylenetetrahydrofolate dehydrogenase/cyclohydrolase (FolD) complexed with NADP and inhibitor LY345899	30839287	10.1107/S2053230X18018083	2019	1	0	LUD,NAP	LUD,NAP	2	1	0
human	MTHFD1	6ECR	The human methylenetetrahydrofolate dehydrogenase/cyclohydrolase (FolD) complexed with NADP	30839287	10.1107/S2053230X18018083	2019	1	0	ACT,NAP	NAP	1	1	0
human	UPF1	6EJ5	A conserved structural element in the RNA helicase UPF1 regulates its catalytic activity in an isoform-specific manner	29378013	10.1093/nar/gky040	2018	1	0			0	0	0
worm	sod-3	6ELK	C.elegans MnSOD-3 mutant - Q142H	29178484	10.1002/chem.201704655	2018	1	0	GOL,SO4,MN	MN	1	1	0
yeast	PNO1	6EML	Cryo-EM structure of a late pre-40S ribosomal subunit from Saccharomyces cerevisiae	29155690	10.7554/eLife.30189	2017	31	1			0	0	1
PSEAE	pqsB	6ESZ	Crystal structure of PqsBC from Pseudomonas aeruginosa (crystal form 1)	29722462	10.1002/cbic.201800153	2018	2	0	PEG,MPD,SO4		0	0	1
PSEAE	pqsC	6ESZ	Crystal structure of PqsBC from Pseudomonas aeruginosa (crystal form 1)	29722462	10.1002/cbic.201800153	2018	2	0	PEG,MPD,SO4		0	0	1
PSEAE	pqsB	6ET0	Crystal structure of PqsBC (C129A) mutant from Pseudomonas aeruginosa (crystal form 1)	29722462	10.1002/cbic.201800153	2018	2	0	EDO,PEG,MPD,MRD,SO4		0	0	1
PSEAE	pqsC	6ET0	Crystal structure of PqsBC (C129A) mutant from Pseudomonas aeruginosa (crystal form 1)	29722462	10.1002/cbic.201800153	2018	2	0	EDO,PEG,MPD,MRD,SO4		0	0	1
PSEAE	pqsB	6ET1	Crystal structure of PqsBC from Pseudomonas aeruginosa (crystal form 2)	29722462	10.1002/cbic.201800153	2018	2	0			0	0	1
PSEAE	pqsC	6ET1	Crystal structure of PqsBC from Pseudomonas aeruginosa (crystal form 2)	29722462	10.1002/cbic.201800153	2018	2	0			0	0	1
PSEAE	pqsB	6ET2	Crystal structure of PqsBC (C129A) mutant from Pseudomonas aeruginosa (crystal form 3)	29722462	10.1002/cbic.201800153	2018	2	0	MPO	MPO	1	0	1
PSEAE	pqsC	6ET2	Crystal structure of PqsBC (C129A) mutant from Pseudomonas aeruginosa (crystal form 3)	29722462	10.1002/cbic.201800153	2018	2	0	MPO	MPO	1	0	1
PSEAE	pqsB	6ET3	Crystal structure of PqsBC (C129S) mutant from Pseudomonas aeruginosa (crystal form 4)	29722462	10.1002/cbic.201800153	2018	2	0	BU3,SO4		0	0	1
PSEAE	pqsC	6ET3	Crystal structure of PqsBC (C129S) mutant from Pseudomonas aeruginosa (crystal form 4)	29722462	10.1002/cbic.201800153	2018	2	0	BU3,SO4		0	0	1
human	RETREG2	6EWC	Crystal structure of non-phosphorylated form of RLS PHOSPHOPEPTIDE BOUND TO HLA-A2 in complex with LILRB1	30365927	10.1016/j.jim.2018.10.011	2019	4	0			0	0	1
human	HSPB3	6F2R	A heterotetramer of human HspB2 and HspB3	29969581	10.1016/j.jmb.2018.06.047	2018	9	0			0	0	1
mouse	Src	6F3F	Autoinhibited Src kinase bound to ADP	29234112	10.1038/s41598-017-17703-5	2017	1	0	MG,ADP	MG,ADP	2	1	0
worm	car-1	6F9S	Crystal structure of the C-terminal RecA domain of DDX6 in complex with a conserved peptide from LSM14	29510985	10.15252/embj.201797869	2018	2	0	SO4		0	0	1
yeast	PNO1	6FAI	Structure of a eukaryotic cytoplasmic pre-40S ribosomal subunit	29459436	10.15252/embj.201798499	2018	35	1	MG,ZN	MG,ZN	2	1	1
human	HSPA1B	6FDT	NMR structure of the second TPR domain of the human RPAP3 protein in complex with HSP70 peptide SGPTIEEVD	30033218	10.1016/j.str.2018.06.002	2018	2	0			0	0	1
human	RPS3	6FEC	Human cap-dependent 48S pre-initiation complex	29401259	10.1093/nar/gky054	2018	47	3			0	0	1
human	CWC27	6FF4	human Bact spliceosome core structure	29361316	10.1016/j.cell.2018.01.010	2018	24	4	ZN,GTP,IHP,MG	ZN,GTP,IHP,MG	4	1	1
human	CWC27	6FF7	human Bact spliceosome core structure	29361316	10.1016/j.cell.2018.01.010	2018	46	4	ADP,GTP,IHP,MG,ZN	ADP,GTP,IHP,MG,ZN	5	1	1
human	DPAGT1	6FM9	Crystal structure of human UDP-N-acetylglucosamine-dolichyl-phosphate N-acetylglucosaminephosphotransferase (DPAGT1)	30388443	10.1016/j.cell.2018.10.037	2018	1	0	P6L	P6L	1	0	0
human	ITIH1	6FPY	Inter-alpha-inhibitor heavy chain 1, wild type		10.1074/jbc.RA119.011916	2020	1	0	GOL,MG	MG	1	0	0
human	ITIH1	6FPZ	Inter-alpha-inhibitor heavy chain 1, D298A		10.1074/jbc.RA119.011916	2020	1	0	ACT,GOL		0	0	0
human	DPAGT1	6FWZ	Crystal structure of human UDP-N-acetylglucosamine-dolichyl-phosphate N-acetylglucosaminephosphotransferase (DPAGT1) (V264G mutant) in complex with UDP-GlcNAc	30388443	10.1016/j.cell.2018.10.037	2018	1	0	P6L,UNL,UD1,MG	P6L,UD1,MG	3	0	0
mouse	Ndufb1	6G2J	Mouse mitochondrial complex I in the active state	29915388	10.1038/s41594-018-0073-1	2018	44	0	EHZ,ZN,NDP,ADP,CDL,PC1,FMN,FES,SF4,3PE	EHZ,ZN,NDP,ADP,CDL,PC1,FMN,FES,SF4,3PE	10	1	1
human	GGPS1	6G31	Crystal structure of human geranylgeranyl diphosphate synthase mutant D188Y bound to zoledronate	30275041	10.1124/mol.118.113670	2018	1	0	MG,ZOL	MG,ZOL	2	0	0
human	GGPS1	6G32	Crystal structure of human geranylgeranyl diphosphate synthase mutant D188Y	30275041	10.1124/mol.118.113670	2018	1	0	GOL		0	0	0
human	RPS3	6G51	Cryo-EM structure of a late human pre-40S ribosomal subunit - State D	29875412	10.1038/s41586-018-0193-0	2018	37	1			0	0	1
human	RPS3	6G53	Cryo-EM structure of a late human pre-40S ribosomal subunit - State E	29875412	10.1038/s41586-018-0193-0	2018	36	1			0	0	1
human	KCTD8	6G57	Structure of the H1 domain of human KCTD8				1	0			0	0	0
human	RPS3	6G5H	Cryo-EM structure of a late human pre-40S ribosomal subunit - Mature	29875412	10.1038/s41586-018-0193-0	2018	34	1	ZN	ZN	1	1	1
human	RPS3	6G5I	Cryo-EM structure of a late human pre-40S ribosomal subunit - State R	29875412	10.1038/s41586-018-0193-0	2018	35	1	ZN	ZN	1	1	1
mouse	Ndufb1	6G72	Mouse mitochondrial complex I in the deactive state	29915388	10.1038/s41594-018-0073-1	2018	44	0	SF4,FES,FMN,ADP,NDP,ZN,EHZ,ACE	SF4,FES,FMN,ADP,NDP,ZN,EHZ,ACE	8	1	1
ECOLI	mrdA	6G9F	Structural basis for the inhibition of E. coli PBP2	30995398	10.1021/acs.jmedchem.9b00338	2019	1	0	NXL	NXL	1	0	0
ECOLI	mrdA	6G9P	Structural basis for the inhibition of E. coli PBP2	30995398	10.1021/acs.jmedchem.9b00338	2019	1	0			0	0	0
ECOLI	mrdA	6G9S	Structural basis for the inhibition of E. coli PBP2	30995398	10.1021/acs.jmedchem.9b00338	2019	1	0	ET5	ET5	1	0	0
human	HAO1	6GMB	Structure of human hydroxyacid oxidase 1 bound with FMN and glycolate				1	0	GOA,FMN,PG4,EDO	GOA,FMN	2	1	0
human	HAO1	6GMC	1.2 A resolution structure of human hydroxyacid oxidase 1 bound with FMN and 4-carboxy-5-[(4-chlorophenyl)sulfanyl]-1,2,3-thiadiazole				1	0	C7C,FMN,EDO	C7C,FMN	2	1	0
human	BICC1	6GY4	Crystal structure of the N-terminal KH domain of human BICC1				1	0	CL,XPE,SO4	XPE	1	0	0
human	PNPO	6H00	Crystal structure of human pyridoxine 5-phophate oxidase, R116Q variant				1	0	EDO,FMN,SO4	FMN	1	1	0
human	SHMT2	6H3C	Cryo-EM structure of the BRISC complex bound to SHMT2	31253574	10.1016/j.molcel.2019.06.002	2019	5	0	ZN	ZN	1	1	1
human	USP25	6H4J	Usp25 catalytic domain	30926243	10.1016/j.molcel.2019.02.029	2019	1	0	CL		0	0	0
human	USP25	6H4K	Structure of the Usp25 C-terminal domain	30926243	10.1016/j.molcel.2019.02.029	2019	1	0	CL		0	0	0
human	DLAT	6H55	core of the human pyruvate dehydrogenase (E2)	31130485	10.1016/j.str.2019.04.009	2019	1	0			0	0	0
human	PDHX	6H60	pseudo-atomic structural model of the E3BP component of the human pyruvate dehydrogenase multienzyme complex	31130485	10.1016/j.str.2019.04.009	2019	1	0			0	0	0
human	TKT	6HA3	Human transketolase variant E160Q in covalent complex with donor ketose D-fructose-6-phosphate	31534226	10.1038/s41586-019-1581-9	2019	1	0	MG,CA,NA,EDO,T6F	MG,CA,T6F	3	0	0
human	TKT	6HAD	Human transketolase variant E160Q	31534226	10.1038/s41586-019-1581-9	2019	1	0	TPP,MG,CA,NA	TPP,MG,CA	3	1	0
human	USP25	6HEL	Structure of human USP25	30926242	10.1016/j.molcel.2019.02.030	2019	1	0			0	0	0
human	USP25	6HEM	Structure of the C-terminal domain of USP25 (748-1048)	30926242	10.1016/j.molcel.2019.02.030	2019	1	0	NA,GOL		0	0	0
human	ATM	6HKA	The solution structure of the micelle-associated FATC domain of the human protein kinase ataxia telangiectasia mutated (ATM)	30867195	10.1074/jbc.RA119.007653	2019	1	0			0	0	0
human	PIK3C3	6HOG	Structure of VPS34 LIR motif bound to GABARAP	30767700	10.1080/15548627.2019.1581009	2019	1	0	GOL,EDO,SO4		0	0	0
human	PIK3C3	6HOH	Structure of VPS34 LIR motif (S249E) bound to GABARAP	30767700	10.1080/15548627.2019.1581009	2019	1	0	PGE		0	0	0
human	ATG14	6HOL	Structure of ATG14 LIR motif bound to GABARAPL1	30767700	10.1080/15548627.2019.1581009	2019	2	0	GOL,SO4		0	0	1
PSEAE	ftsI	6HR4	Apo form of penicillin-binding protein 3 from P. aeruginosa				1	0			0	0	0
PSEAE	ftsI	6HR6	Nitrocefin reacted with catalytic serine (Ser294) of penicillin-binding protein 3 from Pseudomonas aeruginosa				1	0	NEF	NEF	1	0	0
PSEAE	ftsI	6HR9	Nitrocefin acylation of both catalytic serines of the Y409 mutant of penicillin-binding protein 3 from P. aeruginosa				1	0	NEF	NEF	1	0	0
human	OAT	6HX7	Crystal structure of human R180T variant of ORNITHINE AMINOTRANSFERASE at 1.8 Angstrom	30957963	10.1111/febs.14843	2019	1	0	PLP	PLP	1	1	0
human	ACLY	6HXH	Structure of the human ATP citrate lyase holoenzyme in complex with citrate, coenzyme A and Mg.ADP	30944476	10.1038/s41586-019-1095-5	2019	1	0	ADP,COA,FLC,PO4,MG	ADP,COA,MG	3	1	0
human	ACLY	6HXK	Structure of the citryl-CoA lyase core module of human ATP citrate lyase in complex with citrate	30944476	10.1038/s41586-019-1095-5	2019	1	0	PEG,1PE,PGE,EDO,FLC		0	0	0
human	ACLY	6HXL	Structure of the citryl-CoA lyase core module of human ATP citrate lyase in complex with citrate and CoASH (space group P21)	30944476	10.1038/s41586-019-1095-5	2019	1	0	EDO,CAO,SO4,PEG,FLC,COA	CAO,COA	2	1	0
human	ACLY	6HXM	Structure of the citryl-CoA lyase core module of human ATP citrate lyase in complex with citrate and CoASH in space group C2221	30944476	10.1038/s41586-019-1095-5	2019	1	0	FLC,COA	COA	1	1	0
human	NT5E	6HXW	structure of human CD73 in complex with antibody IPH53	31116985	10.1016/j.celrep.2019.04.091	2019	3	0	ZN,NAG	ZN,NAG	2	1	1
ECOLI	ftsI	6HZQ	Apo structure of TP domain from Escherichia coli Penicillin-Binding Protein 3	31301409	10.1016/j.jmb.2019.07.010	2019	1	0			0	0	0
PSEAE	ftsI	6HZR	Apo structure of Pseudomonas aeruginosa Penicillin-Binding Protein 3	31301409	10.1016/j.jmb.2019.07.010	2019	1	0			0	0	0
human	IMPDH2	6I0M	Structure of human IMP dehydrogenase, isoform 2, bound to GDP	30664871	10.1016/j.jmb.2019.01.020	2019	1	0	SO4,GDP,5GP	GDP,5GP	2	1	0
human	IMPDH2	6I0O	Structure of human IMP dehydrogenase, isoform 2, bound to GTP	30664871	10.1016/j.jmb.2019.01.020	2019	1	0	SO4,GTP	GTP	1	1	0
human	KCTD16	6I0Q	Crystal structure of BTB domain of KCTD16 hexamer	31509708	10.1021/acs.jmedchem.9b01087	2019	1	0			0	0	0
PSEAE	ftsI	6I1E	Crystal structure of Pseudomonas aeruginosa Penicillin-Binding Protein 3 in complex with amoxicillin	31301409	10.1016/j.jmb.2019.07.010	2019	1	0	AXL	AXL	1	0	0
ECOLI	ftsI	6I1I	Crystal structure of TP domain from Escherichia coli penicillin-binding protein 3 in complex with penicillin	31301409	10.1016/j.jmb.2019.07.010	2019	1	0	JPP	JPP	1	0	0
human	GLDC	6I33	Crystal structure of human glycine decarboxylase (P-protein)				1	0	BCT,EDO,PLP	PLP	1	1	0
human	GLDC	6I34	Crystal structure of Neanderthal glycine decarboxylase (P-protein)				1	0	GOL,PEG,EDO,PLP	PLP	1	1	0
human	GLDC	6I35	Crystal structure of human glycine decarboxylase (P-protein) bound with pyridoxyl-glycine-5'-monophosphate				1	0	PEG,BCT,GOL,EDO,PLG	PLG	1	0	0
human	PIK3C3	6I3U	Optimization of potent and selective ATM inhibitors suitable for a proof-of-concept study in Huntington's disease models	30840447	10.1021/acs.jmedchem.8b01819	2019	1	0	H2E	H2E	1	0	0
human	SPR	6I6C	SEPIAPTERIN REDUCTASE IN COMPLEX WITH COMPOUND 2	31244106	10.1021/acs.jmedchem.9b00218	2019	1	0	EDO,H4H,NAP	H4H,NAP	2	1	0
human	SPR	6I6F	SEPIAPTERIN REDUCTASE IN COMPLEX WITH COMPOUND 1	31244106	10.1021/acs.jmedchem.9b00218	2019	1	0	EDO,H4E,NAP	H4E,NAP	2	1	0
human	SPR	6I6P	SEPIAPTERIN REDUCTASE IN COMPLEX WITH COMPOUND 3	31244106	10.1021/acs.jmedchem.9b00218	2019	1	0	EDO,H4T,NAP	H4T,NAP	2	1	0
human	IDUA	6I6R	New Irreversible a-l-Iduronidase Inhibitors and Activity-Based Probes	30307091	10.1002/chem.201804662	2018	1	0	CL,TLA,GOL,NAG,H62	NAG,H62	2	0	0
human	SPR	6I6T	SEPIAPTERIN REDUCTASE IN COMPLEX WITH COMPOUND 5	31244106	10.1021/acs.jmedchem.9b00218	2019	1	0	EDO,H5B,NAP	H5B,NAP	2	1	0
human	SPR	6I6V	SEPIAPTERIN REDUCTASE IN COMPLEX WITH COMPOUND 6	31244106	10.1021/acs.jmedchem.9b00218	2019	1	0	EDO,H6E,NAP	H6E,NAP	2	1	0
human	IDUA	6I6X	New Irreversible a-l-Iduronidase Inhibitors and Activity-Based Probes	30307091	10.1002/chem.201804662	2018	2	0	H6B,TLA,GOL,NAG,CL	H6B,NAG	2	0	1
human	SPR	6I79	SEPIAPTERIN REDUCTASE IN COMPLEX WITH COMPOUND 4	31244106	10.1021/acs.jmedchem.9b00218	2019	1	0	NAP,H5E	NAP,H5E	2	1	0
human	P4HB	6I7S	Microsomal triglyceride transfer protein	31395737	10.1073/pnas.1903029116	2019	2	0	CA,EDO,PGE,SO4,PEG,PE5,TRS,PE4	CA,PE5	2	0	1
human	NCSTN	6IDF	Cryo-EM structure of gamma secretase in complex with a Notch fragment	30598546	10.1038/s41586-018-0813-8	2019	5	0	PC1,NAG,CLR	PC1,NAG,CLR	3	0	1
CHLRE	psaC	6IJJ	Photosystem I of Chlamydomonas reinhardtii	30850819	10.1038/s41477-019-0380-5	2019	17	0	CLA,PQN,LHG,BCR,SF4,LMU,LMG,DGD,LUT,XAT,NEX	CLA,PQN,LHG,BCR,SF4,LMU,LMG,DGD,LUT,XAT,NEX	11	1	1
CHLRE	psaC	6IJO	Photosystem I of Chlamydomonas reinhardtii	30850819	10.1038/s41477-019-0380-5	2019	22	0	CLA,PQN,LHG,BCR,SF4,LMU,LMG,DGD,LUT,XAT,NEX	CLA,PQN,LHG,BCR,SF4,LMU,LMG,DGD,LUT,XAT,NEX	11	1	1
human	ASH1L	6INE	Crystal Structure of human ASH1L-MRG15 complex	30827843	10.1016/j.str.2019.01.015	2019	2	0	ZN,SAM,GOL	ZN,SAM	2	1	1
human	GAPDH	6IQ6	Crystal structure of GAPDH	31387164	10.14348/molcells.2019.0114	2019	1	0	AW9	AW9	1	0	0
DANRE	pcif1	6IRX	Crystal structure of the zebrafish cap-specific adenosine methyltransferase	30467178	10.1126/science.aav0080	2019	1	0			0	0	0
DANRE	pcif1	6IRY	Crystal structure of the zebrafish cap-specific adenosine methyltransferase bound to SAH	30467178	10.1126/science.aav0080	2019	1	0	EDO,SAH	SAH	1	1	0
DANRE	pcif1	6IRZ	Crystal structure of the zebrafish cap-specific adenosine methyltransferase bound to SAH and m7G-capped RNA	30467178	10.1126/science.aav0080	2019	1	0	M7G,EDO,SAH	M7G,SAH	2	1	0
DANRE	pcif1	6IS0	Crystal structure of the zebrafish cap-specific adenosine methyltransferase bound to SAH and m7G-capped RNA	30467178	10.1126/science.aav0080	2019	1	1	SAH,M7G,EDO,B3P	SAH,M7G,B3P	3	1	1
BACSU	secA	6ITC	Structure of a substrate engaged SecA-SecY protein translocation machine	31253804	10.1038/s41467-019-10918-2	2019	7	0	BEF,MG,PGV,ADP	BEF,MG,PGV,ADP	4	1	1
human	NCSTN	6IYC	Recognition of the Amyloid Precursor Protein by Human gamma-secretase	30630874	10.1126/science.aaw0930	2019	5	0	PC1,NAG,CLR	PC1,NAG,CLR	3	0	1
human	BTN3A3	6J0G	Crystal structure of intracellular B30.2 domain of BTN3A3 mutant in complex with HMBPP	30902636	10.1016/j.immuni.2019.02.016	2019	1	0	H6P	H6P	1	0	0
human	BTN3A3	6J0K	Crystal structure of intracellular B30.2 domain of BTN3A3 mutant in complex with HMBPP	30902636	10.1016/j.immuni.2019.02.016	2019	1	0	H6P	H6P	1	0	0
human	BTN3A3	6J0L	Crystal structure of intracellular B30.2 domain of BTN3A3 mutant in complex with sulfate ion	30902636	10.1016/j.immuni.2019.02.016	2019	1	0	SO4		0	0	0
human	RABGGTB	6J6X	Crystal structure of apo GGTaseIII	32128853	10.15252/embj.2019104120	2020	2	0	MPD,MG	MG	1	0	1
human	RABGGTB	6J74	Complex of GGTaseIII and full-length Ykt6	32128853	10.15252/embj.2019104120	2020	3	0	PO4,ZN	ZN	1	1	1
human	RABGGTB	6J7F	Complex of GGTaseIII, farnesyl-Ykt6 (C-terminal methylated), and GGPP	32128853	10.15252/embj.2019104120	2020	3	0	TLA,FAR,GER,DPO	FAR,GER,DPO	3	0	1
human	RABGGTB	6J7X	Complex of GGTaseIII, farnesyl-Ykt6, and GGPP	32128853	10.15252/embj.2019104120	2020	3	0	GRG,FMT	GRG	1	0	1
NEIM8	cas9	6J9M	NmeBH+AcrIIC2	30850331	10.1016/j.molcel.2019.01.038	2019	2	0			0	0	1
human	ACTG2	6JAT	Crystal structure of SETD3 bound to Actin peptide and SFG				2	0	SFG,SO4,EPE	SFG	1	0	1
NEIM8	cas9	6JDJ	Crystal structure of AcrIIC2 dimer in complex with partial Nme1Cas9	31243272	10.1038/s41467-019-10577-3	2019	2	0			0	0	1
NEIM8	cas9	6JDQ	Crystal structure of Nme1Cas9 in complex with sgRNA	31668930	10.1016/j.molcel.2019.09.025	2019	1	1			0	0	1
NEIM8	cas9	6JDV	Crystal structure of Nme1Cas9 in complex with sgRNA and target DNA (ATATGATT PAM) in catalytic state	31668930	10.1016/j.molcel.2019.09.025	2019	1	3	EDO,MG	MG	1	0	1
NEIM8	cas9	6JDX	Crystal structure of AcrIIC2 dimer in complex with partial Nme1Cas9 preprocessed with protease alpha-Chymotrypsin	31243272	10.1038/s41467-019-10577-3	2019	2	0	EDO		0	0	1
NEIM8	cas9	6JE4	Crystal structure of Nme1Cas9-sgRNA-dsDNA dimer mediated by double protein inhibitor AcrIIC3 monomers	31668930	10.1016/j.molcel.2019.09.025	2019	2	3	EDO,PEG		0	0	1
NEIM8	cas9	6JE9	Crystal structure of Nme1Cas9-sgRNA dimer mediated by double protein inhibitor AcrIIC3 monomers	31668930	10.1016/j.molcel.2019.09.025	2019	2	1			0	0	1
human	MTHFD2	6JIB	Human MTHFD2 in complex with DS44960156	31223444	10.1021/acsmedchemlett.9b00069	2019	1	0	BQF,PO4,GOL	BQF	1	0	0
human	MTHFD2	6JID	Human MTHFD2 in complex with Compound 1	31223444	10.1021/acsmedchemlett.9b00069	2019	1	0	BQC,PO4,GOL	BQC	1	0	0
CHLRE	psaC	6JO5	Structure of the green algal photosystem I supercomplex with light-harvesting complex I	31182847	10.1038/s41477-019-0438-4	2019	20	0	CL0,CLA,PQN,LHG,BCR,SF4,DGD,LMG,CHL,LUT	CL0,CLA,PQN,LHG,BCR,SF4,DGD,LMG,CHL,LUT	10	1	1
CHLRE	psaC	6JO6	Structure of the green algal photosystem I supercomplex with light-harvesting complex I	31182847	10.1038/s41477-019-0438-4	2019	18	0	CL0,CLA,PQN,LHG,BCR,SF4,DGD,LMG,CHL,LUT	CL0,CLA,PQN,LHG,BCR,SF4,DGD,LMG,CHL,LUT	10	1	1
human	DPAGT1	6JQ3	Crystal Structure of H2-Kb in complex with a DPAGT1 mutant peptide	33537173	10.1080/2162402X.2020.1868130	2021	3	0			0	0	1
human	DPYSL2	6JV9	Crystal Structure of Human CRMP2 1-532, unmodified	31591136	10.26508/lsa.201900478	2019	1	0	SO4,DTT,EDO,PGE		0	0	0
human	DPYSL2	6JVB	Crystal Structure of Human CRMP2 1-532, AGE-modified	31591136	10.26508/lsa.201900478	2019	1	0			0	0	0
human	G6PD	6JYU	Crystal structure of Human G6PD Canton				1	0	NAP	NAP	1	1	0
DROME	CG8915	6K6U	Crystal structure of the human YTHDC2 YTH domain	31472957	10.1016/j.bbrc.2019.08.107	2019	1	0			0	0	0
ARATH	CRY2	6K8I	Crystal structure of Arabidopsis thaliana CRY2	32398826	10.1038/s41594-020-0410-z	2020	1	0	FAD	FAD	1	1	0
ARATH	CRY2	6K8K	Crystal structure of Arabidopsis thaliana BIC2-CRY2 complex	32398826	10.1038/s41594-020-0410-z	2020	2	0	FAD,AMP,MG	FAD,AMP,MG	3	1	1
human	ATM	6K9K	Monomeric human ATM (Ataxia telangiectasia mutated) kinase	31320732	10.1038/s41422-019-0205-0	2019	1	0			0	0	0
human	ATM	6K9L	4.27 Angstrom resolution cryo-EM structure of human dimeric ATM kinase	31320732	10.1038/s41422-019-0205-0	2019	1	0			0	0	0
NEIM8	cas9	6KC7	Crystal structure of Nme1Cas9 in complex with sgRNA and target DNA (ATATGATT PAM) in seed-base paring state	31668930	10.1016/j.molcel.2019.09.025	2019	1	3			0	0	1
NEIM8	cas9	6KC8	Crystal structure of WT Nme1Cas9 in complex with sgRNA and target DNA (ATATGATT PAM) in post-cleavage state	31668930	10.1016/j.molcel.2019.09.025	2019	1	4			0	0	1
human	IDH3B	6KDE	Crystal structure of the alpha beta heterodimer of human IDH3 in complex with Ca(2+)	31515270	10.1074/jbc.RA119.010099	2019	2	0	CA	CA	1	0	1
human	IDH3B	6KDF	Crystal structure of the alpha beta heterodimer of human IDH3 in APO form.	31515270	10.1074/jbc.RA119.010099	2019	2	0			0	0	1
human	IDH3B	6KDY	Crystal structure of the alpha bata heterodimer of human IDH3 in complex with NAD.	31515270	10.1074/jbc.RA119.010099	2019	2	0	P6G,PE7,2PE,PG4,NAD	PE7,NAD	2	1	1
human	IDH3B	6KE3	Crystal structure of the alpha bata heterodimer of human IDH3 in complex with NADH	31515270	10.1074/jbc.RA119.010099	2019	2	0	NAI	NAI	1	1	1
human	MTHFD2	6KG2	Human MTHFD2 in complex with Compound 18	31638799	10.1021/acs.jmedchem.9b01113	2019	1	0	D8C,NAD,PO4	D8C,NAD	2	1	0
human	BCL11A	6KI6	Crystal structure of BCL11A in complex with gamma-globin -115 HPFH region	31467406	10.1038/s41422-019-0221-0	2019	1	2	ZN	ZN	1	1	1
yeast	CCT2	6KRD	TRiC at 0.05 mM ADP-AlFx, Conformation 4, 0.05-C4	31492816	10.1073/pnas.1903976116	2019	8	0			0	0	1
yeast	CCT5	6KRD	TRiC at 0.05 mM ADP-AlFx, Conformation 4, 0.05-C4	31492816	10.1073/pnas.1903976116	2019	8	0			0	0	1
yeast	CCT7	6KRD	TRiC at 0.05 mM ADP-AlFx, Conformation 4, 0.05-C4	31492816	10.1073/pnas.1903976116	2019	8	0			0	0	1
yeast	CCT2	6KRE	TRiC at 0.05 mM ADP-AlFx, Conformation 2, 0.05-C2	31492816	10.1073/pnas.1903976116	2019	8	0			0	0	1
yeast	CCT5	6KRE	TRiC at 0.05 mM ADP-AlFx, Conformation 2, 0.05-C2	31492816	10.1073/pnas.1903976116	2019	8	0			0	0	1
yeast	CCT7	6KRE	TRiC at 0.05 mM ADP-AlFx, Conformation 2, 0.05-C2	31492816	10.1073/pnas.1903976116	2019	8	0			0	0	1
yeast	CCT2	6KS6	TRiC at 0.2 mM ADP-AlFx, Conformation 1, 0.2-C1	31492816	10.1073/pnas.1903976116	2019	8	0	ADP,AF3,MG	ADP,AF3,MG	3	1	1
yeast	CCT5	6KS6	TRiC at 0.2 mM ADP-AlFx, Conformation 1, 0.2-C1	31492816	10.1073/pnas.1903976116	2019	8	0	ADP,AF3,MG	ADP,AF3,MG	3	1	1
yeast	CCT7	6KS6	TRiC at 0.2 mM ADP-AlFx, Conformation 1, 0.2-C1	31492816	10.1073/pnas.1903976116	2019	8	0	ADP,AF3,MG	ADP,AF3,MG	3	1	1
yeast	CCT2	6KS7	TRiC at 0.1 mM ADP-AlFx, Conformation 1, 0.1-C1	31492816	10.1073/pnas.1903976116	2019	9	0			0	0	1
yeast	CCT5	6KS7	TRiC at 0.1 mM ADP-AlFx, Conformation 1, 0.1-C1	31492816	10.1073/pnas.1903976116	2019	9	0			0	0	1
yeast	CCT7	6KS7	TRiC at 0.1 mM ADP-AlFx, Conformation 1, 0.1-C1	31492816	10.1073/pnas.1903976116	2019	9	0			0	0	1
yeast	CCT2	6KS8	TRiC at 0.1 mM ADP-AlFx, Conformation 4, 0.1-C4	31492816	10.1073/pnas.1903976116	2019	8	0			0	0	1
yeast	CCT5	6KS8	TRiC at 0.1 mM ADP-AlFx, Conformation 4, 0.1-C4	31492816	10.1073/pnas.1903976116	2019	8	0			0	0	1
yeast	CCT7	6KS8	TRiC at 0.1 mM ADP-AlFx, Conformation 4, 0.1-C4	31492816	10.1073/pnas.1903976116	2019	8	0			0	0	1
PSEPK	ech	6L3O	Crystal strcuture of Feruloyl-CoA hydratase lyase(FCHL) from Pseudomonas putida KT2440				1	0			0	0	0
PSEPK	ech	6L3P	Crystal strcuture of Feruloyl-CoA hydratase lyase(FCHL) complexed with CoA				1	0	GOL,COA	COA	1	1	0
ECOLX	mcr-1	6LI4	Crystal structure of MCR-1-S	33067430	10.1038/s41467-020-18939-y	2020	1	0	ZN	ZN	1	1	0
ECOLX	mcr-1	6LI5	Crystal structure of apo-MCR-1-S	33067430	10.1038/s41467-020-18939-y	2020	1	0			0	0	0
ECOLX	mcr-1	6LI6	Crystal structure of MCR-1-S treated by Au(PEt3)Cl	33067430	10.1038/s41467-020-18939-y	2020	1	0	3EP,AU	3EP,AU	2	0	0
human	GOT1	6LIG	Crystal structure of human Glutamate oxaloacetate transaminase 1 (GOT1) in complex with AH				1	0	PLP,EE6	PLP,EE6	2	1	0
human	NCSTN	6LQG	Human gamma-secretase in complex with small molecule Avagacestat	33373587	10.1016/j.cell.2020.11.049	2021	4	0	PC1,EN9,NAG,CLR	PC1,EN9,NAG,CLR	4	0	1
DROME	CG8915	6LR2	SOLUTION STRUCTURE OF THE YTH DOMAIN IN YTH DOMAIN-2 CONTAINING PROTEIN 2				1	0			0	0	0
human	NCSTN	6LR4	Molecular basis for inhibition of human gamma-secretase by small molecule	33373587	10.1016/j.cell.2020.11.049	2021	4	0	ESF,PC1,NAG,CLR	ESF,PC1,NAG,CLR	4	0	1
human	SHMT2	6M5O	Co-crystal structure of human serine hydroxymethyltransferase 2 in complex with Pyridoxal 5'-phosphate (PLP) and glycodeoxycholic acid	33521601	10.1016/j.isci.2021.102036	2021	1	0	GLY,DXC	GLY,DXC	2	0	0
human	GAPDH	6M61	Glyceraldehyde-3-phosphate dehydrogenase (GAPDH) with inhibitor heptelidic acid		10.1039/D0SC03805A	2020	1	0	GOL,NAD,F4F,ZN,PEG,EDO	NAD,F4F,ZN	3	1	0
human	CFLAR	6M6O	NMR SOLUTION STRUCTURE OF A C-FLIPs	35688044	10.1016/j.bbrc.2022.05.086	2022	1	0			0	0	0
ARATH	CRY2	6M79	Cryo-EM structure of Arabidopsis CRY under blue light-mediated activation	33199893	10.1038/s41477-020-00800-1	2020	1	0	FAD,AMP	FAD,AMP	2	1	0
human	KCTD16	6M8R	Crystal structure of the KCTD16 BTB domain in complex with GABAB2 peptide	30814734	10.1038/s41586-019-0990-0	2019	2	0	MG	MG	1	0	1
METEA	lanM	6MI5	NMR solution structure of lanmodulin (LanM) complexed with yttrium(III) ions	30352145	10.1021/acs.biochem.8b01019	2019	1	0	YT3	YT3	1	0	0
human	ILK	6MIB	Crystal structure of the ILK ATP-binding deficient mutant (L207W)/alpha-parvin core complex	30367047	10.1038/s41467-018-06906-7	2018	2	0			0	0	1
human	CYB5R4	6MV1	2.15A resolution structure of the CS-b5R domains of human Ncb5or (NAD+ form)	31282472	10.1107/S205979831900754X	2019	1	0	NAD,FAD	NAD,FAD	2	1	0
human	CYB5R4	6MV2	2.05A resolution structure of the CS-b5R domains of human Ncb5or (NADP+ form)	31282472	10.1107/S205979831900754X	2019	1	0	FAD,NAP	FAD,NAP	2	1	0
DANRE	sting1	6MYD	Structure of zebrafish TRAF6 in complex with STING CTT	31018131	10.1016/j.celrep.2019.03.098	2019	2	0	SO4		0	0	1
human	UCK2	6N53	Crystal structure of human uridine-cytidine kinase 2 complexed with 2'-azidouridine monophosphate	32015544	10.1038/s41592-019-0726-y	2020	1	0	UZR,GOL,MG,PO4	UZR,MG	2	0	0
human	UCK2	6N54	Crystal structure of human uridine-cytidine kinase 2 complexed with 2'-azidocytidine monophosphate	32015544	10.1038/s41592-019-0726-y	2020	1	0	KEA,PO4,GOL,MG	KEA,MG	2	0	0
human	UCK2	6N55	Crystal structure of human uridine-cytidine kinase 2 complexed with 2'-azidouridine	32015544	10.1038/s41592-019-0726-y	2020	1	0	UZ0,GOL,PO4	UZ0	1	0	0
SHIFL	sctN	6N6L	Crystal Structure of ATPase delta 1-79 Spa47 R189A R191A mutant	31162724	10.1002/prot.25754	2019	1	0	SO4		0	0	0
SHIFL	sctN	6N6M	Crystal Structure of ATPase delta1-79 Spa47 R189A	31162724	10.1002/prot.25754	2019	1	0	SO4		0	0	0
SHIFL	sctN	6N6Z	Crystal Structure of ATPase delta 1-79 Spa47 R189E	31162724	10.1002/prot.25754	2019	1	0			0	0	0
SHIFL	sctN	6N70	Crystal Structure of ATPase delta1-79 Spa47 R191A	31162724	10.1002/prot.25754	2019	1	0			0	0	0
SHIFL	sctN	6N71	Crystal Structure of ATPase delta1-79 Spa47 R191E	31162724	10.1002/prot.25754	2019	1	0			0	0	0
SHIFL	sctN	6N72	Crystal Structure of ATPase delta1-79 Spa47 E267R	31162724	10.1002/prot.25754	2019	1	0			0	0	0
SHIFL	sctN	6N73	Crystal Structure of ATPase delta1-79 Spa47 R271A	31162724	10.1002/prot.25754	2019	1	0			0	0	0
SHIFL	sctN	6N74	Crystal Structure of ATPase delta1-79 Spa47 R271E	31162724	10.1002/prot.25754	2019	1	0	SO4		0	0	0
human	KLB	6NFJ	Structure of Beta-Klotho in Complex with FGF19 C-terminal peptide	30944224	10.1073/pnas.1822055116	2019	3	0			0	0	1
9GAMM	acrVA1	6NMD	cryo-EM Structure of the LbCas12a-crRNA-AcrVA1 complex	31155345	10.1016/j.chom.2019.05.004	2019	2	1	MG	MG	1	0	1
human	FASN	6NNA	Human Fatty Acid Synthase Psi/KR Tri-Domain with NADPH and Compound 22	30803804	10.1016/j.bmcl.2019.02.012	2019	1	0	EDO,KUA,NDP	KUA,NDP	2	1	0
CANLF	Canf6	6NRE	Monomeric Lipocalin Can F 6	31525203	10.1371/journal.pone.0213052	2019	1	0			0	0	0
STRTR	cas10	6NUD	Small conformation of ssRNA-bound CRISPR_Csm complex	30814678	10.1038/s41422-019-0151-x	2019	4	2	ATP	ATP	1	1	1
STRTR	cas10	6NUE	Small conformation of apo CRISPR_Csm complex	30814678	10.1038/s41422-019-0151-x	2019	4	1	ATP	ATP	1	1	1
SACEN	ermE	6NVM	Crystal structure of 23S rRNA methyltransferase ErmE	31601908	10.1038/s41598-019-51174-0	2019	1	0	SO4		0	0	0
BACSU	aprE	6O44	Insight into subtilisin E-S7 cleavage pattern based on crystal structure and hydrolysates peptide analysis	30914195	10.1016/j.bbrc.2019.03.064	2019	1	0	EDO,SO4,CA	CA	1	0	0
human	RABGGTB	6O60	Crystal structure of GGTase3-FBXL2-SKP1 complex	31209342	10.1038/s41594-019-0249-3	2019	4	0	ZN	ZN	1	1	1
METEA	xoxF1	6OC5	Lanthanide-dependent methanol dehydrogenase XoxF from Methylobacterium extorquens, in complex with Lanthanum	32366463	10.1074/jbc.RA120.013227	2020	1	0	LA	LA	1	0	0
METEA	xoxF1	6OC6	Lanthanide-dependent methanol dehydrogenase XoxF from Methylobacterium extorquens, in complex with Lanthanum and Pyrroloquinoline quinone	32366463	10.1074/jbc.RA120.013227	2020	1	0	LA,PQQ	LA,PQQ	2	1	0
human	KCTD16	6OCP	Crystal structure of a human GABAB receptor peptide bound to KCTD16 T1	30971491	10.1073/pnas.1903024116	2019	2	0			0	0	1
human	KCTD16	6OCR	Crystal structure of human KCTD16 T1 domain	30971491	10.1073/pnas.1903024116	2019	1	0			0	0	0
human	KCTD16	6OCT	Crystal structure of human KCTD16 T1 domain	30971491	10.1073/pnas.1903024116	2019	1	0			0	0	0
ECOLI	guaD	6OHB	E. coli Guanine Deaminase	31283204	10.1021/acs.biochem.9b00341	2019	1	0	ZN	ZN	1	1	0
ECOLI	guaD	6OHC	E. coli Guanine Deaminase	31283204	10.1021/acs.biochem.9b00341	2019	1	0	ZN,GOL	ZN	1	1	0
human	OAT	6OIA	(1S,3S)-3-amino-4-(perfluoropropan-2-ylidene)cyclopentane-1-carboxylic acid hydrochloride, a potent inhibitor of ornithine aminotransferase	31251613	10.1021/jacs.9b03254	2019	1	0	GOL,MQ4,PLP	MQ4,PLP	2	1	0
SPHPI	Q53353	6OJR	Crystal structure of Sphingomonas paucimobilis TMY1009 apo-LsdA	31292192	10.1074/jbc.RA119.009428	2019	1	0	GOL,MG	MG	1	0	0
SPHPI	Q53353	6OJT	Crystal structure of Sphingomonas paucimobilis TMY1009 LsdA phenylazophenol complex	31292192	10.1074/jbc.RA119.009428	2019	1	0	FE,NSL	FE,NSL	2	1	0
SPHPI	Q53353	6OJW	Crystal structure of Sphingomonas paucimobilis TMY1009 holo-LsdA	31292192	10.1074/jbc.RA119.009428	2019	1	0	MG,GOL,FE	MG,FE	2	1	0
METEA	xoxJ	6ONP	Crystal structure of periplasmic binding protein XoxJ from Methylobacterium extorquens AM1	31017712	10.1002/cbic.201900184	2019	1	0	EDO		0	0	0
human	AGO4	6OON	Human Argonaute4 bound to guide RNA	31324450	10.1016/j.molcel.2019.06.011	2019	1	1			0	0	1
human	CCND1	6P8E	Crystal structure of CDK4 in complex with CyclinD1 and P27	31831640	10.1126/science.aaw2106	2019	3	0	MG	MG	1	0	1
human	CDKN1B	6P8E	Crystal structure of CDK4 in complex with CyclinD1 and P27	31831640	10.1126/science.aaw2106	2019	3	0	MG	MG	1	0	1
human	CCND1	6P8F	Crystal structure of CDK4 in complex with CyclinD1 and P27	31831640	10.1126/science.aaw2106	2019	3	0			0	0	1
human	CDKN1B	6P8F	Crystal structure of CDK4 in complex with CyclinD1 and P27	31831640	10.1126/science.aaw2106	2019	3	0			0	0	1
human	CCND1	6P8G	Crystal structure of CDK4 in complex with CyclinD1 and P27	31831640	10.1126/science.aaw2106	2019	3	0			0	0	1
human	CDKN1B	6P8G	Crystal structure of CDK4 in complex with CyclinD1 and P27	31831640	10.1126/science.aaw2106	2019	3	0			0	0	1
human	CCND1	6P8H	Crystal structure of CDK4 in complex with CyclinD1 and P21	31831640	10.1126/science.aaw2106	2019	3	0			0	0	1
BACSU	aprE	6PAK	Insight into subtilisin E-S7 cleavage pattern based on crystal structure and hydrolysates peptide analysis	31615894	10.1074/jbc.RA119.010658	2019	1	0	EDO,CA	CA	1	0	0
PSEPK	pcaF	6PCA	Crystal structure of beta-ketoadipyl-CoA thiolase	32647822	10.1016/j.yjsbx.2019.100018	2020	1	0	CL,ACT,GOL		0	0	0
PSEPK	pcaF	6PCB	Crystal structure of beta-ketoadipyl-CoA thiolase mutant (H356A) in complex with COA	32647822	10.1016/j.yjsbx.2019.100018	2020	1	0	CL,GOL,COA	COA	1	1	0
PSEPK	pcaF	6PCC	Crystal structure of beta-ketoadipyl-CoA thiolase mutant (H356A) in complex hexanoyl coenzyme A	32647822	10.1016/j.yjsbx.2019.100018	2020	1	0	O8Y,GOL,COA	O8Y,COA	2	1	0
PSEPK	pcaF	6PCD	Crystal structure of beta-ketoadipyl-CoA thiolase mutant (C90S-H356A) in complex Octanoyl coenzyme A	32647822	10.1016/j.yjsbx.2019.100018	2020	1	0	GOL,K,CL,OYA,COA	OYA,COA	2	1	0
KLEPN	rmtF	6PI9	Crystal structure of 16S rRNA methyltransferase RmtF in complex with S-Adenosyl-L-homocysteine				1	0	SAH	SAH	1	1	0
human	PHGDH	6PLF	Crystal structure of human PHGDH complexed with Compound 1	31327531	10.1016/j.bmcl.2019.07.011	2019	1	0	ONV,EDO	ONV	1	0	0
human	PHGDH	6PLG	Crystal structure of human PHGDH complexed with Compound 15	31327531	10.1016/j.bmcl.2019.07.011	2019	1	0	ONS,MLT	ONS,MLT	2	0	0
human	NAA10	6PPL	Cryo-EM structure of human NatE complex (NatA/Naa50)	32042062	10.1038/s41467-020-14584-7	2020	3	0	IHP,ACO	IHP,ACO	2	1	1
human	NAA15	6PPL	Cryo-EM structure of human NatE complex (NatA/Naa50)	32042062	10.1038/s41467-020-14584-7	2020	3	0	IHP,ACO	IHP,ACO	2	1	1
BPT4	rI	6PSH	Crystal structure of periplasmic domain of antiholin RI from T4 phage	32562709	10.1016/j.jmb.2020.06.013	2020	1	0	EDO		0	0	0
BPT4	rI	6PSK	Crystal structure of the complex between periplasmic domains of antiholin RI and holin T from T4 phage, in P6522	32562709	10.1016/j.jmb.2020.06.013	2020	2	0	BTB,CL,EDO,SO4	BTB	1	0	1
BPT4	t	6PSK	Crystal structure of the complex between periplasmic domains of antiholin RI and holin T from T4 phage, in P6522	32562709	10.1016/j.jmb.2020.06.013	2020	2	0	BTB,CL,EDO,SO4	BTB	1	0	1
human	NAA10	6PW9	Cryo-EM structure of human NatE/HYPK complex	32042062	10.1038/s41467-020-14584-7	2020	4	0	ACO,IHP	ACO,IHP	2	1	1
human	NAA15	6PW9	Cryo-EM structure of human NatE/HYPK complex	32042062	10.1038/s41467-020-14584-7	2020	4	0	ACO,IHP	ACO,IHP	2	1	1
BACSU	sacB	6PWQ	Crystal structure of Levansucrase from Bacillus subtilis mutant S164A at 2.6 A	32553967	10.1016/j.ijbiomac.2020.06.114	2020	1	0	GOL,PG4,SO4,CA	CA	1	0	0
human	UCK2	6PWZ	Crystal structure of human uridine-cytidine kinase 2 complexed with 2'-azidocytidine				1	0	PO4,GOL,P6D	P6D	1	0	0
human	AIPL1	6PX0	Crystal structure of the TPR domain of human aryl hydrocarbon receptor-interacting protein-like 1 (AIPL1)	31488544	10.1074/jbc.RA119.010666	2019	1	0	PG4,EDO,BME,PEG		0	0	0
BPT4	rI	6PX4	Crystal structure of the complex between periplasmic domains of antiholin RI and holin T from T4 phage, in H32	32562709	10.1016/j.jmb.2020.06.013	2020	2	0			0	0	1
BPT4	t	6PX4	Crystal structure of the complex between periplasmic domains of antiholin RI and holin T from T4 phage, in H32	32562709	10.1016/j.jmb.2020.06.013	2020	2	0			0	0	1
human	RASA1	6PXB	N-Terminal SH2 domain of the p120RasGAP	31891593	10.1371/journal.pone.0226113	2019	1	0			0	0	0
human	RASA1	6PXC	N-Terminal SH2 domain of the p120RasGAP bound to a p190RhoGAP phosphotyrosine peptide	31891593	10.1371/journal.pone.0226113	2019	2	0			0	0	1
BPT4	rI	6PXE	Crystal structure of the complex between periplasmic domains of antiholin RI and holin T from T4 phage, in P21	32562709	10.1016/j.jmb.2020.06.013	2020	2	0			0	0	1
BPT4	t	6PXE	Crystal structure of the complex between periplasmic domains of antiholin RI and holin T from T4 phage, in P21	32562709	10.1016/j.jmb.2020.06.013	2020	2	0			0	0	1
human	GPD1	6PYP	Binary Complex of Human Glycerol 3-Phosphate Dehydrogenase, R269A mutant	33042609	10.1021/acscatal.0c02757	2020	1	0	NAD,3SY,K,POP,PO4	NAD,3SY,POP	3	1	0
human	CYP51A1	6Q2T	Human sterol 14a-demethylase (CYP51) in complex with the functionally irreversible inhibitor (R)-N-(1-(3-chloro-4'-fluoro-[1,1'-biphenyl]-4-yl)-2-(1H-imidazol-1-yl)ethyl)-4-(5-(3-fluoro-5-(5-fluoropyrimidin-4-yl)phenyl)-1,3,4-oxadiazol-2-yl)benzamide	31663733	10.1021/acs.jmedchem.9b01485	2019	1	0	HEM,DXC,PJM	HEM,DXC,PJM	3	1	0
human	KCTD16	6QB7	Structure of the H1 domain of human KCTD16				1	0	PO4		0	0	0
ARATH	COP1	6QTO	Crystal structure of an Arabidopsis WD40 domain in complex with a transcription factor	31304983	10.15252/embj.2019102140	2019	2	0	GOL,SO4		0	0	1
ARATH	COP1	6QTQ	Crystal structure of an Arabidopsis WD40 domain in complex with photoreceptor	31304983	10.15252/embj.2019102140	2019	2	0	SO4,GOL		0	0	1
ARATH	COP1	6QTR	Crystal structure of a mutant Arabidopsis WD40 domain in complex with a transcription factor	31304983	10.15252/embj.2019102140	2019	2	0	GOL,SO4		0	0	1
ARATH	COP1	6QTS	Crystal structure of a mutant Arabidopsis WD40 domain in complex with a photoreceptor	31304983	10.15252/embj.2019102140	2019	2	0	GOL,SO4		0	0	1
ARATH	COP1	6QTT	Crystal structure of an Arabidopsis WD40 domain in complex with a transcription factor homolog	31304983	10.15252/embj.2019102140	2019	2	0	GOL,MLI		0	0	1
ARATH	COP1	6QTU	Crystal structure of Arabidopsis WD40 domain in complex with a BBX transcription factor	31304983	10.15252/embj.2019102140	2019	2	0	MLI,GOL		0	0	1
ARATH	COP1	6QTV	Crystal structure of an Arabidopsis WD40 domain in complex with an atypical bHLH transcription factor	31304983	10.15252/embj.2019102140	2019	2	0	GOL,MLI		0	0	1
ARATH	COP1	6QTW	Crystal structure of an Arabidopsis WD40 domain in complex with a blue light photoreceptor	31304983	10.15252/embj.2019102140	2019	2	0	MLI,GOL		0	0	1
ARATH	CRY1	6QTW	Crystal structure of an Arabidopsis WD40 domain in complex with a blue light photoreceptor	31304983	10.15252/embj.2019102140	2019	2	0	MLI,GOL		0	0	1
ARATH	COP1	6QTX	Crystal structure of an Arabidopsis WD40 domain in complex with a flowering transcription factor homolog	31304983	10.15252/embj.2019102140	2019	2	0	GOL,SO4		0	0	1
human	SHMT2	6QVG	Human SHMT2 in complex with lometrexol	31127856	10.1002/1873-3468.13455	2019	1	0	GLY,PEG,NA,DDF,ACT,PLP,GOL	GLY,DDF,PLP	3	1	0
human	SHMT2	6QVL	Human SHMT2 in complex with pemetrexed	31127856	10.1002/1873-3468.13455	2019	1	0	PLP,4DW,CA,PEG,GOL	PLP,4DW,CA	3	1	0
worm	sod-3	6QZM	H30 MnSOD-3 Mutant I				1	0	MN,SO4	MN	1	1	0
worm	sod-3	6QZN	H30 MnSOD-3 Mutant III				2	0	SO4,MN	MN	1	1	1
PSEAE	ftsI	6R3X	Structure of Pseudomonas aeruginosa Penicillin-Binding Protein 3 (PBP3) in complex with piperacillin	31301409	10.1016/j.jmb.2019.07.010	2019	1	0	JPP	JPP	1	0	0
human	GGPS1	6R4V	Crystal structure of human geranylgeranyl diphosphate synthase bound to ibandronate	31427399	10.1124/mol.119.117499	2019	1	0	MG,GOL,BFQ	MG,BFQ	2	0	0
human	SHMT2	6R8F	Cryo-EM structure of the Human BRISC-SHMT2 complex	31142841	10.1038/s41586-019-1232-1	2019	4	0	ZN	ZN	1	1	1
SALTY	sctN1	6RAD	Salmonella ATPase InvC with ADP	31393998	10.1002/pro.3704	2019	1	0	SO4,GOL,MES,ADP	ADP	1	1	0
SALTY	sctN1	6RAE	Structural analysis of the Salmonella type III secretion system ATPase InvC	31393998	10.1002/pro.3704	2019	1	0	CL,GOL		0	0	0
yeast	PNO1	6RBD	State 1 of yeast Tsr1-TAP Rps20-Deltaloop pre-40S particles	31227701	10.1038/s41467-019-10678-z	2019	34	1			0	0	1
human	PHGDH	6RIH	Crystal structure of PHGDH in complex with compound 9	31365252	10.1021/acs.jmedchem.9b00718	2019	1	0	SO4,K4T	K4T	1	0	0
human	PHGDH	6RJ2	Crystal structure of PHGDH in complex with compound 40	31365252	10.1021/acs.jmedchem.9b00718	2019	1	0	K52,SO4	K52	1	0	0
human	PHGDH	6RJ3	Crystal structure of PHGDH in complex with compound 15	31365252	10.1021/acs.jmedchem.9b00718	2019	1	0	K58,SO4	K58	1	0	0
human	TKT	6RJB	Human transketolase variant T382E	31534226	10.1038/s41586-019-1581-9	2019	1	0	TPP,MG,CA,GOL,EDO,NA,PEG	TPP,MG,CA	3	1	0
human	IRAK3	6RUU	Pseudokinase domain of human IRAK3	33238146	10.1016/j.str.2020.11.004	2021	1	0	SO4,GOL,HG	HG	1	0	0
human	LPA	6RX7	Structure of the KIV type 2 (KIV-2) domain of lipoprotein (a)	32907988	10.1194/jlr.RA120001023	2020	1	0	SO4,GOL		0	0	0
worm	sod-3	6S0D	H30 MnSOD-3 Mutant II				1	0	SO4,MN	MN	1	1	0
PSEPK	pcaY	6S18	Ligand binding domain of the P. putida receptor PcaY_PP in complex with glycerol	33021055	10.1111/febs.15580	2021	1	0	GOL,CL		0	0	0
PSEPK	pcaY	6S1A	Ligand binding domain of the P. putida receptor PcaY_PP	33021055	10.1111/febs.15580	2021	1	0	SO4		0	0	0
PSEPK	pcaY	6S33	Ligand binding domain of the P. putida receptor PcaY_PP in complex with Protocatechuate	33021055	10.1111/febs.15580	2021	1	0	DHB,ACT	DHB	1	0	0
PSEPK	pcaY	6S37	Ligand binding domain of the P. putida receptor PcaY_PP in complex with salicylic acid	33021055	10.1111/febs.15580	2021	1	0	ACT,SAL	SAL	1	0	0
PSEPK	pcaY	6S38	Ligand binding domain of the P. putida receptor PcaY_PP in complex with quinate	33021055	10.1111/febs.15580	2021	1	0	QIC	QIC	1	0	0
PSEPK	pcaY	6S3B	Ligand binding domain of the P. putida receptor PcaY_PP in complex with benzoate	33021055	10.1111/febs.15580	2021	1	0	NA,EDO,ACT,BEZ	BEZ	1	0	0
human	MTHFD2	6S4A	Structure of human MTHFD2 in complex with TH9028	35228749	10.1038/s43018-022-00331-y	2022	1	0	MPD,NAD,PO4,KUK	NAD,KUK	2	1	0
human	MTHFD2	6S4E	Structure of human MTHFD2 in complex with TH7299	35228749	10.1038/s43018-022-00331-y	2022	1	0	NAD,PO4,9L9	NAD,9L9	2	1	0
human	MTHFD2	6S4F	Structure of human MTHFD2 in complex with TH9619	35228749	10.1038/s43018-022-00331-y	2022	1	0	GOL,ADP,PO4,KUN	ADP,KUN	2	1	0
human	NT5E	6S7F	Human CD73 (5'-nucleotidase) in complex with PSB12379 (an AOPCP derivative) in the closed state		10.1002/adtp.201900075	2019	1	0	ZN,CA,KYK	ZN,CA,KYK	3	1	0
human	NT5E	6S7H	Human CD73 (5'-nucleotidase) in complex with PSB12489 (an AOPCP derivative) in the closed state		10.1002/adtp.201900075	2019	1	0	ZN,CA,KYW	ZN,CA,KYW	3	1	0
human	DAD1	6S7O	Cryo-EM structure of human oligosaccharyltransferase complex OST-A	31831667	10.1126/science.aaz3505	2019	8	0	KZE,MG,EGY,KZB	KZE,MG,EGY,KZB	4	0	1
human	DAD1	6S7T	Cryo-EM structure of human oligosaccharyltransferase complex OST-B	31831667	10.1126/science.aaz3505	2019	10	0	0K3,MG,KZB,EGY	0K3,MG,KZB,EGY	4	0	1
human	MAGT1	6S7T	Cryo-EM structure of human oligosaccharyltransferase complex OST-B	31831667	10.1126/science.aaz3505	2019	10	0	0K3,MG,KZB,EGY	0K3,MG,KZB,EGY	4	0	1
SIRV1	orf114	6SCF	A viral anti-CRISPR subverts type III CRISPR immunity by rapid degradation of cyclic oligoadenylate	31942067	10.1038/s41586-019-1909-5	2020	1	1			0	0	1
BACSU	spo0J	6SDK	Crystal structure of bacterial ParB dimer bound to CDP	31649139	10.1126/science.aay3965	2019	1	0	CA,CDP	CA,CDP	2	1	0
SALTY	sctN1	6SDX	Salmonella ATPase InvC with ATP gamma S	31393998	10.1002/pro.3704	2019	1	0	GOL,MG,AGS	MG,AGS	2	1	0
human	LMTK3	6SEQ	Lemur tyrosine kinase 3 (LMTK3)	33188023	10.1126/sciadv.abc3099	2020	1	0			0	0	0
ECOLX	mcr2	6SUT	Crystal structure of phosphothreonine MCR-2	32432618	10.1039/d0cc02520h	2020	1	0	BR,GOL,ZN	ZN	1	1	0
human	DHTKD1	6SY1	Crystal structure of the human 2-oxoadipate dehydrogenase DHTKD1 (E1)	32695416	10.1107/S205225252000696X	2020	1	0	MG,TPP	MG,TPP	2	1	0
human	AANAT	6T80	Human 14-3-3 sigma fused to the AANAT peptide including phosphoserine-205				2	0			0	0	1
human	PDGFB	6T9E	Crystal structure of a bispecific DutaFab in complex with human PDGF	33514724	10.1038/s41467-021-20949-3	2021	3	0			0	0	1
METEA	mtdA	6TGE	NADP dependent methylene-tetrahydromethanopterin dehydrogenase-NADP+-methenyl-H4MPT+ complex	32061937	10.1016/j.jmb.2020.01.042	2020	1	0	SO4,H4M,NAP	H4M,NAP	2	1	0
METEA	mtdA	6TLK	Structure of methylene-tetrahydromethanopterin dehydrogenase from Methylorubrum extorquens AM1 in an open conformation containing NADP+ and methylene-H4MPT	32061937	10.1016/j.jmb.2020.01.042	2020	1	0	MG,CL,GOL,H4M,FMT,NAP	MG,H4M,NAP	3	1	0
METEA	mtdA	6TM3	Structure of methylene-tetrahydromethanopterin dehydrogenase from Methylorubrum extorquens AM1 in a close conformation containing NADP+ and methylene-H4MPT	32061937	10.1016/j.jmb.2020.01.042	2020	1	0	LI,EDO,H4M,GOL,NAP	LI,H4M,NAP	3	1	0
human	ROR1	6TU9	The ROR1 Pseudokinase Domain Bound To Ponatinib	32619402	10.1016/j.molcel.2020.06.018	2020	1	0	0LI	0LI	1	0	0
human	NT5E	6TVE	Unliganded human CD73 (5'-nucleotidase) in the open state	32045236	10.1021/acs.jmedchem.9b01611	2020	1	0	CA,ZN,DMS,GOL	CA,ZN	2	1	0
human	NT5E	6TVG	Human CD73 (ecto 5'-nucleotidase) in complex with AMPCP in the open state	32045236	10.1021/acs.jmedchem.9b01611	2020	1	0	ZN,AP2,NA,CA	ZN,AP2,CA	3	1	0
human	NT5E	6TVX	Human CD73 (ecto 5'-nucleotidase) in complex with PSB12676 (an AOPCP derivative, compound 9 in paper) in the closed state	32045236	10.1021/acs.jmedchem.9b01611	2020	1	0	ZN,NYW	ZN,NYW	2	1	0
human	NT5E	6TW0	Human CD73 (ecto 5'-nucleotidase) in complex with PSB12690 (an AOPCP derivative, compound 10 in publication) in the closed state	32045236	10.1021/acs.jmedchem.9b01611	2020	1	0	ZN,NYZ	ZN,NYZ	2	1	0
human	NT5E	6TWA	Human CD73 (ecto 5'-nucleotidase) in complex with PSB12646 (an AOPCP derivative, compound 20 in publication) in the closed state	32045236	10.1021/acs.jmedchem.9b01611	2020	1	0	ZN,O02,CA	ZN,O02,CA	3	1	0
human	NT5E	6TWF	Human CD73 (ecto 5'-nucleotidase) in complex with PSB12604 (an AOPCP derivative, compound 21 in publication) in the closed state	32045236	10.1021/acs.jmedchem.9b01611	2020	1	0	ZN,CA,O05	ZN,CA,O05	3	1	0
human	MPEG1	6U23	EM structure of MPEG-1(w.t.) soluble pre-pore	31537793	10.1038/s41467-019-12279-2	2019	1	0			0	0	0
human	MPEG1	6U2J	EM structure of MPEG-1 (L425K, alpha conformation) soluble pre-pore complex	31537793	10.1038/s41467-019-12279-2	2019	1	0	NAG	NAG	1	0	0
human	MPEG1	6U2K	EM structure of MPEG-1 (L425K, alpha conformation) soluble pre-pore complex	31537793	10.1038/s41467-019-12279-2	2019	1	0			0	0	0
human	MPEG1	6U2L	EM structure of MPEG-1 (L425K, beta conformation) soluble pre-pore complex	31537793	10.1038/s41467-019-12279-2	2019	1	0	NAG	NAG	1	0	0
human	MPEG1	6U2W	EM structure of MPEG-1(L425K) pre-pore complex bound to liposome	31537793	10.1038/s41467-019-12279-2	2019	1	0			0	0	0
human	DHTKD1	6U3J	Structure of the 2-oxoadipate dehydrogenase DHTKD1	32633484	10.1021/acschembio.0c00114	2020	1	0	MG,TPP	MG,TPP	2	1	0
human	IMPDH2	6U8E	Human IMPDH2 treated with ATP, IMP, and NAD+. Filament assembly interface reconstruction.	31999252	10.7554/eLife.53243	2020	1	0	NAD,IMP	NAD,IMP	2	1	0
human	IMPDH2	6U8N	Human IMPDH2 treated with ATP, IMP, and NAD+. Fully extended filament segment reconstruction.	31999252	10.7554/eLife.53243	2020	1	0	NAD,IMP,ATP	NAD,IMP,ATP	3	1	0
human	IMPDH2	6U8R	Human IMPDH2 treated with ATP, IMP, and NAD+. Bent (1/4 compressed, 3/4 extended) segment reconstruction.	31999252	10.7554/eLife.53243	2020	1	0	ATP,NAD,IMP	ATP,NAD,IMP	3	1	0
human	IMPDH2	6U8S	Human IMPDH2 treated with ATP, IMP, NAD+, and 2 mM GTP. Filament assembly interface reconstruction.	31999252	10.7554/eLife.53243	2020	1	0	IMP,NAD	IMP,NAD	2	1	0
human	IMPDH2	6U9O	Human IMPDH2 treated with ATP, IMP, NAD+, and 2 mM GTP. Fully compressed filament segment reconstruction.	31999252	10.7554/eLife.53243	2020	1	0	NAD,IMP,ATP,GTP	NAD,IMP,ATP,GTP	4	1	0
human	BCL11A	6U9Q	Crystal Structure Analysis of DNA-BCL11A Znf domain complex		10.1016/j.str.2024.09.022	2024	1	2	MG,PO4,ZN	MG,ZN	2	1	1
human	IMPDH2	6UA2	Human IMPDH2 treated with ATP, IMP, NAD+, and 2 mM GTP. Bent (2/4 compressed, 2/4 extended) segment reconstruction.	31999252	10.7554/eLife.53243	2020	1	0	GTP,ATP,IMP,NAD	GTP,ATP,IMP,NAD	4	1	0
human	IMPDH2	6UA4	Human IMPDH2 treated with ATP, IMP, NAD+, and 2 mM GTP. Bent (3/4 compressed, 1/4 extended) segment reconstruction.	31999252	10.7554/eLife.53243	2020	1	0	NAD,IMP,ATP,GTP	NAD,IMP,ATP,GTP	4	1	0
human	IMPDH2	6UA5	Human IMPDH2 treated with ATP, IMP, NAD+, and 2 mM GTP. Free interfacial octamer reconstruction.	31999252	10.7554/eLife.53243	2020	1	0	NAD,IMP	NAD,IMP	2	1	0
human	IMPDH2	6UAJ	Human IMPDH2 treated with ATP, IMP, NAD+, and 2 mM GTP. Free canonical octamer reconstruction.	31999252	10.7554/eLife.53243	2020	1	0	GTP,ATP,NAD,IMP	GTP,ATP,NAD,IMP	4	1	0
human	IMPDH2	6UC2	Human IMPDH2 treated with ATP and 2 mM GTP. Free canonical octamer reconstruction.	31999252	10.7554/eLife.53243	2020	1	0	ATP,GTP	ATP,GTP	2	1	0
human	CPS1	6UEL	CPS1 bound to allosteric inhibitor H3B-193	32017919	10.1016/j.chembiol.2020.01.009	2020	1	0	Q5A,ZN	Q5A,ZN	2	1	0
human	CYP51A1	6UEZ	Human sterol 14a-demethylase (CYP51) in complex with the substrate lanosterol	32493730	10.1074/jbc.RA120.014064	2020	1	0	LAN,HEM	LAN,HEM	2	1	0
human	SPR	6USN	Co-crystal structure of SPR with compound 5	31740247	10.1016/j.bmcl.2019.126793	2020	1	0	QGV,PEG,GOL,SO4,NAP	QGV,NAP	2	1	0
human	ADM2	6UVA	CryoEM Structure of the active Adrenomedullin 2 receptor G protein complex with adrenomedullin 2 peptide	32296767	10.1021/acsptsci.9b00080	2020	7	0			0	0	1
BPT4	20	6UZC	Portal vertex structure of bacteriophage T4	32249784	10.1038/s41467-020-15575-4	2020	2	0			0	0	1
BPT4	gp23	6UZC	Portal vertex structure of bacteriophage T4	32249784	10.1038/s41467-020-15575-4	2020	2	0			0	0	1
human	OAT	6V8C	Design, Synthesis, and Mechanism of Fluorine-substituted Cyclohexene Analogues of GAMA-Aminobutyric Acid (GABA) as Selective Ornithine Aminotransferase Inactivators				1	0	PLP,QRM	PLP,QRM	2	1	0
human	OAT	6V8D	Design, Synthesis, and Mechanism of Fluorine-substituted Cyclohexene Analogues of GAMA-Aminobutyric Acid (GABA) as Selective Ornithine Aminotransferase Inactivators				1	0	PLP,O78	PLP,O78	2	1	0
human	CKB	6V9H	Ankyrin repeat and SOCS-box protein 9 (ASB9), ElonginB (ELOB), and ElonginC (ELOC) bound to its substrate Brain-type Creatine Kinase (CKB)	32513959	10.1038/s41467-020-16499-9	2020	4	0			0	0	1
human	G6PD	6VA0	Crystal structure of glucose-6-phosphate dehydrogenase W509A mutant in complex with catalytic NADP+	33468660	10.1073/pnas.2022790118	2021	1	0	NAP	NAP	1	1	0
human	G6PD	6VA7	Crystal structure of glucose-6-phosphate dehydrogenase P396L mutant in complex with catalytic NADP+	33468660	10.1073/pnas.2022790118	2021	1	0	NAP	NAP	1	1	0
human	G6PD	6VA8	Crystal structure of glucose-6-phosphate dehydrogenase F381L mutant in complex with catalytic NADP+	33468660	10.1073/pnas.2022790118	2021	1	0	NAP	NAP	1	1	0
human	G6PD	6VA9	Crystal structure of glucose-6-phosphate dehydrogenase R393H mutant in complex with catalytic NADP+	33468660	10.1073/pnas.2022790118	2021	1	0	NAP	NAP	1	1	0
human	G6PD	6VAQ	Crystal structure of glucose-6-phosphate dehydrogenase V394L mutant in complex with catalytic NADP+	33468660	10.1073/pnas.2022790118	2021	1	0	NAP	NAP	1	1	0
BACSU	sacB	6VHQ	Crystal structure of Bacillus subtilis levansucrase (D86A/E342A) in complex with oligosaccharides	33303628	10.1074/jbc.RA120.015853	2020	1	0	BR,CA	CA	1	0	0
human	DGAT1	6VP0	Human Diacylglycerol Acyltransferase 1 in complex with oleoyl-CoA	32433610	10.1038/s41586-020-2280-2	2020	1	0	POV,P5S,3VV,AV0	POV,P5S,3VV,AV0	4	0	0
human	NAA25	6VP9	Cryo-EM structure of human NatB complex	32885784	10.7554/eLife.57491	2020	3	0	CMC	CMC	1	0	1
BPZF4	AcrF8	6VQW	Type I-F CRISPR-Csy complex with its inhibitor AcrF8	32170016	10.1073/pnas.1922638117	2020	5	1			0	0	1
human	DGAT1	6VYI	Cryo-EM structure of human diacylglycerol O-acyltransferase 1	32433611	10.1038/s41586-020-2289-6	2020	1	0	6OU	6OU	1	0	0
human	DGAT1	6VZ1	Cryo-EM structure of human diacylglycerol O-acyltransferase 1 complexed with acyl-CoA substrate	32433611	10.1038/s41586-020-2289-6	2020	1	0	3VV,6OU	3VV,6OU	2	0	0
PSEPK	hglS	6W1G	Crystal structure of the hydroxyglutarate synthase from Pseudomonas putida	32523014	10.1038/s41467-020-16815-3	2020	1	0	NI	NI	1	1	0
PSEPU	Q88CC1	6W1G	Crystal structure of the hydroxyglutarate synthase from Pseudomonas putida	32523014	10.1038/s41467-020-16815-3	2020	1	0	NI	NI	1	1	0
PSEPK	hglS	6W1H	Crystal structure of the hydroxyglutarate synthase in complex with 2-oxoadipate from Pseudomonas putida	32523014	10.1038/s41467-020-16815-3	2020	1	0	OOG,NI	OOG,NI	2	1	0
PSEPU	Q88CC1	6W1H	Crystal structure of the hydroxyglutarate synthase in complex with 2-oxoadipate from Pseudomonas putida	32523014	10.1038/s41467-020-16815-3	2020	1	0	OOG,NI	OOG,NI	2	1	0
human	CPS1	6W2J	CPS1 bound to allosteric inhibitor H3B-374	32551016	10.1021/acsmedchemlett.0c00145	2020	1	0	374,ZN,EDO	374,ZN	2	1	0
human	DHDDS	6W2L	Crystal structure of human dehydrodolichyl diphosphate synthase (NgBR/DHDDS) in complex with Mg and IPP	32817466	10.1073/pnas.2008381117	2020	2	0	IPE,MG	IPE,MG	2	0	1
human	NUS1	6W2L	Crystal structure of human dehydrodolichyl diphosphate synthase (NgBR/DHDDS) in complex with Mg and IPP	32817466	10.1073/pnas.2008381117	2020	2	0	IPE,MG	IPE,MG	2	0	1
human	HAO1	6W44	Crystal structure of HAO1 in complex with indazole acid inhibitor - compound 4	33955740	10.1021/acs.jmedchem.0c02271	2021	1	0	SLJ,FMN	SLJ,FMN	2	1	0
human	RASA1	6WAX	C-terminal SH2 domain of p120RasGAP	32540970	10.1074/jbc.RA120.013976	2020	1	0	EDO,SO4		0	0	0
human	RASA1	6WAY	C-terminal SH2 domain of p120RasGAP in complex with p190RhoGAP phosphotyrosine peptide	32540970	10.1074/jbc.RA120.013976	2020	2	0			0	0	1
human	GPC2	6WJL	Crystal structure of Glypican-2 core protein in complex with D3 Fab	34337560	10.1016/j.xcrm.2021.100344	2021	4	0			0	0	1
human	AEBP2	6WKR	PRC2-AEBP2-JARID2 bound to H2AK119ub1 nucleosome	33479123	10.1126/science.abc3393	2021	11	1	ZN,SAH,MG	ZN,SAH,MG	3	1	1
human	ATP6V0C	6WLW	The Vo region of human V-ATPase in state 1 (focused refinement)	33065002	10.1016/j.molcel.2020.09.029	2020	8	0	WSS,PTY,WJS,CLR,PSF,WJP,NAG	WSS,PTY,WJS,CLR,PSF,WJP,NAG	7	0	1
human	ATP6V0C	6WM2	Human V-ATPase in state 1 with SidK and ADP	33065002	10.1016/j.molcel.2020.09.029	2020	17	0	WJS,ADP,WJP,NAG,WSS,PTY,PSF,CLR	WJS,ADP,WJP,NAG,WSS,PTY,PSF,CLR	8	1	1
human	ATP6V1C1	6WM2	Human V-ATPase in state 1 with SidK and ADP	33065002	10.1016/j.molcel.2020.09.029	2020	17	0	WJS,ADP,WJP,NAG,WSS,PTY,PSF,CLR	WJS,ADP,WJP,NAG,WSS,PTY,PSF,CLR	8	1	1
human	ATP6V0C	6WM3	Human V-ATPase in state 2 with SidK and ADP	33065002	10.1016/j.molcel.2020.09.029	2020	17	0	ADP,NAG	ADP,NAG	2	1	1
human	ATP6V1C1	6WM3	Human V-ATPase in state 2 with SidK and ADP	33065002	10.1016/j.molcel.2020.09.029	2020	17	0	ADP,NAG	ADP,NAG	2	1	1
human	ATP6V0C	6WM4	Human V-ATPase in state 3 with SidK and ADP	33065002	10.1016/j.molcel.2020.09.029	2020	17	0	NAG,ADP	NAG,ADP	2	1	1
human	ATP6V1C1	6WM4	Human V-ATPase in state 3 with SidK and ADP	33065002	10.1016/j.molcel.2020.09.029	2020	17	0	NAG,ADP	NAG,ADP	2	1	1
human	CYP17A1	6WR0	Human steroidogenic cytochrome P450 17A1 with 3-keto-delta4-abiraterone analog	36773804	10.1016/j.jbc.2023.102999	2023	1	0	HEM,U7P,CL	HEM,U7P	2	1	0
human	CYP17A1	6WR1	Human steroidogenic cytochrome P450 17A1 mutant N52Y with inhibitor abiraterone	36773804	10.1016/j.jbc.2023.102999	2023	1	0	AER,HEM	AER,HEM	2	1	0
human	EMC10	6WW7	Structure of the human ER membrane protein complex in a lipid nanodisc	32439656	10.1126/science.abb5008	2020	9	0	NAG	NAG	1	0	1
human	ASH1L	6WZW	Ash1L SET domain in complex with AS-85	33990599	10.1038/s41467-021-23152-6	2021	1	0	UG7,ZN,SAM,EPE	UG7,ZN,SAM	3	1	0
human	ASH1L	6X0P	Ash1L SET domain Q2265A mutant in complex with AS-5	33990599	10.1038/s41467-021-23152-6	2021	1	0	SAM,ZN,UK7	SAM,ZN,UK7	3	1	0
ARATH	CRY2	6X24	Structural basis of plant blue light photoreceptor	33398020	10.1038/s42003-020-01531-x	2021	1	0	FAD,GOL	FAD	1	1	0
STRPY	FbaB	6XG6	Full-length human mitochondrial Hsp90 (TRAP1) with ADP-BeF3	32913054	10.1073/pnas.2009707117	2020	1	0	K,MG,BEF,ADP	MG,BEF,ADP	3	1	0
human	GPI	6XUH	Crystal structure of human phosphoglucose isomerase in complex with inhibitor	32682158	10.1016/j.bioorg.2020.104048	2020	1	0	PA5,O1B	PA5,O1B	2	0	0
human	GPI	6XUI	Crystal structure of human phosphoglucose isomerase in complex with inhibitor	32682158	10.1016/j.bioorg.2020.104048	2020	1	0	GOL,PG6,PA5	PG6,PA5	2	0	0
yeast	PNO1	6Y7C	Early cytoplasmic yeast pre-40S particle (purified with Tsr1 as bait)	32138239	10.3390/molecules25051125	2020	33	1			0	0	1
human	LNPEP	6YDX	Insulin-regulated aminopeptidase complexed with a macrocyclic peptidic inhibitor	32676150	10.1021/acsmedchemlett.0c00172	2020	1	0	SIN,PG4,PGE,EDO,NAG,ZN,ONN,PEG,PO4	SIN,NAG,ZN,ONN	4	1	0
human	PIK3C3	6YKG	Structure-based exploration of selectivity for ATM inhibitors in Huntingtons disease	33783225	10.1021/acs.jmedchem.1c00114	2021	1	0	OZ8	OZ8	1	0	0
human	GAPDH	6YND	GAPDH purified from the supernatant of HEK293F cells: crystal form 1 of 4.	32802964	10.12688/wellcomeopenres.15893.2	2020	1	0	XPE	XPE	1	0	0
human	GAPDH	6YNE	GAPDH purified from the supernatant of HEK293F cells: crystal form 2 of 4.	32802964	10.12688/wellcomeopenres.15893.2	2020	1	0	XPE	XPE	1	0	0
human	GAPDH	6YNF	GAPDH purified from the supernatant of HEK293F cells: crystal form 3 of 4.	32802964	10.12688/wellcomeopenres.15893.2	2020	1	0	XPE	XPE	1	0	0
human	GAPDH	6YNH	GAPDH purified from the supernatant of HEK293F cells: crystal form 4 of 4	32802964	10.12688/wellcomeopenres.15893.2	2020	1	0	XPE	XPE	1	0	0
human	CWC27	6YVH	CWC22-CWC27-EIF4A3 Complex	32329775	10.1093/nar/gkaa267	2020	3	0			0	0	1
human	DHDDS	6Z1N	Structure of the human heterotetrameric cis-prenyltransferase complex	33077723	10.1038/s41467-020-18970-z	2020	2	0	FPP,MG,PO4	FPP,MG	2	0	1
human	NUS1	6Z1N	Structure of the human heterotetrameric cis-prenyltransferase complex	33077723	10.1038/s41467-020-18970-z	2020	2	0	FPP,MG,PO4	FPP,MG	2	0	1
human	HSD17B4	6Z1W	Crystal structure of human steroid carrier protein SL (SCP-2L) mutant A100C		10.1021/acscatal.0c05413	2021	1	0	SO4,OXN	OXN	1	0	0
human	HSD17B4	6Z1X	Crystal structure of human steroid carrier protein SL (SCP-2L) mutant V83C		10.1021/acscatal.0c05413	2021	1	0	OXN,SO4	OXN	1	0	0
human	UAP1	6Z2F	Crystal structure of human AGX1 mutant complexed with UDPGLCNAC				2	0	UD1	UD1	1	0	1
human	UPF1	6Z3R	Structure of SMG1-8-9 kinase complex bound to UPF1-LSQ	32469312	10.7554/eLife.57127	2020	4	0	MG,ATP,IHP,ANP	MG,ATP,IHP,ANP	4	1	1
human	EMC10	6Z3W	Human ER membrane protein complex	32459176	10.7554/eLife.57887	2020	9	0			0	0	1
human	GCH1	6Z80	stimulatory human GTP cyclohydrolase I - GFRP complex	33229582	10.1073/pnas.2013473117	2020	2	0	8GT,PHE,ZN	8GT,PHE,ZN	3	1	1
human	GCH1	6Z85	inhibitory human GTP cyclohydrolase I - GFRP complex	33229582	10.1073/pnas.2013473117	2020	2	0	ZN,HBI	ZN,HBI	2	1	1
human	GCH1	6Z86	human GTP cyclohydrolase I in complex with 7-deaza-GTP	33229582	10.1073/pnas.2013473117	2020	1	0	ZN,QBQ	ZN,QBQ	2	1	0
human	GCH1	6Z87	human GTP cyclohydrolase I	33229582	10.1073/pnas.2013473117	2020	1	0	ZN	ZN	1	1	0
human	GCH1	6Z88	human GTP cyclohydrolase I in complex with allosteric inhibitor	33229582	10.1073/pnas.2013473117	2020	1	0	ZN,QBK	ZN,QBK	2	1	0
human	GCH1	6Z89	human GTP cyclohydrolase I in complex with allosteric inhibitor	33229582	10.1073/pnas.2013473117	2020	1	0	QBK,ZN	QBK,ZN	2	1	0
PSEPK	pedH	6ZCV	Crystal structure of lanthanide-dependent alcohol dehydrogenase PedH from Pseudomonas putida KT2440		10.1021/acscatal.0c01789	2020	1	0	PQQ,PR,GOL,CA	PQQ,PR,CA	3	1	0
PSEPK	pedH	6ZCW	Crystal structure of lanthanide-dependent alcohol dehydrogenase PedH from Pseudomonas putida KT2440		10.1021/acscatal.0c01789	2020	1	0	PQQ,PR	PQQ,PR	2	1	0
human	IRAK3	6ZIW	The IRAK3 Pseudokinase Domain Bound To ATPgammaS				1	0	AGS,SO4	AGS	1	1	0
yeast	PNO1	6ZQA	Cryo-EM structure of the 90S pre-ribosome from Saccharomyces cerevisiae, state A (Poly-Ala)	32943521	10.1126/science.abb4119	2020	54	3	ZN,MG,GTP	ZN,MG,GTP	3	1	1
yeast	PNO1	6ZQB	Cryo-EM structure of the 90S pre-ribosome from Saccharomyces cerevisiae, state B2	32943521	10.1126/science.abb4119	2020	64	3	ZN,GTP	ZN,GTP	2	1	1
yeast	PNO1	6ZQC	Cryo-EM structure of the 90S pre-ribosome from Saccharomyces cerevisiae, state Pre-A1	32943521	10.1126/science.abb4119	2020	64	3	ZN,MG,GTP	ZN,MG,GTP	3	1	1
yeast	PNO1	6ZQD	Cryo-EM structure of the 90S pre-ribosome from Saccharomyces cerevisiae, state Post-A1	32943521	10.1126/science.abb4119	2020	60	3	MG,GTP,ZN	MG,GTP,ZN	3	1	1
yeast	PNO1	6ZQE	Cryo-EM structure of the 90S pre-ribosome from Saccharomyces cerevisiae, state Dis-A (Poly-Ala)	32943521	10.1126/science.abb4119	2020	56	3	ZN	ZN	1	1	1
yeast	PNO1	6ZQF	Cryo-EM structure of the 90S pre-ribosome from Saccharomyces cerevisiae, state Dis-B (Poly-Ala)	32943521	10.1126/science.abb4119	2020	38	3	ZN	ZN	1	1	1
yeast	PNO1	6ZQG	Cryo-EM structure of the 90S pre-ribosome from Saccharomyces cerevisiae, state Dis-C	32943521	10.1126/science.abb4119	2020	33	3	MG,GTP,ZN	MG,GTP,ZN	3	1	1
mouse	Ndufb1	6ZR2	Cryo-EM structure of respiratory complex I in the active state from Mus musculus at 3.1 A	33067417	10.1038/s41467-020-18950-3	2020	44	0	SF4,PC1,FMN,3PE,CDL,ATP,NDP,EHZ,ZN,FES	SF4,PC1,FMN,3PE,CDL,ATP,NDP,EHZ,ZN,FES	10	1	1
mouse	Ndufb1	6ZTQ	Cryo-EM structure of respiratory complex I from Mus musculus inhibited by piericidin A at 3.0 A	33067417	10.1038/s41467-020-18950-3	2020	44	0	SF4,PC1,HQH,3PE,FES,FMN,CDL,NDP,ZN,EHZ,ATP	SF4,PC1,HQH,3PE,FES,FMN,CDL,NDP,ZN,EHZ,ATP	11	1	1
worm	osm-3	7A3Z	OSM-3 kinesin motor domain complexed with Mg.ADP	33513284	10.1002/2211-5463.13101	2021	1	0	MG,ADP	MG,ADP	2	1	0
worm	osm-3	7A40	Nucleotide-free OSM-3 kinesin motor domain	33513284	10.1002/2211-5463.13101	2021	1	0	SO4,GOL		0	0	0
worm	osm-3	7A5E	OSM-3 kinesin motor domain complexed with Mg.AMPPNP	33513284	10.1002/2211-5463.13101	2021	1	0	GOL,SO4,MG,ANP	MG,ANP	2	1	0
human	EMC10	7ADO	Cryo-EM structure of human ER membrane protein complex in lipid nanodiscs	33236988	10.7554/eLife.62611	2020	10	0	NAG,PCW	NAG,PCW	2	0	1
human	EMC10	7ADP	Cryo-EM structure of human ER membrane protein complex in GDN detergent	33236988	10.7554/eLife.62611	2020	8	0	NAG	NAG	1	0	1
yeast	PNO1	7AJT	Cryo-EM structure of the 90S-exosome super-complex (state Pre-A1-exosome)	33326748	10.1016/j.molcel.2020.11.009	2021	75	4	ZN,MG,GTP	ZN,MG,GTP	3	1	1
mouse	Ndufb1	7AK5	Cryo-EM structure of respiratory complex I in the deactive state from Mus musculus at 3.2 A	33514727	10.1038/s41467-021-20942-w	2021	44	0	PC1,FES,ZN,EHZ,NDP,ATP,CDL,3PE,FMN,SF4	PC1,FES,ZN,EHZ,NDP,ATP,CDL,3PE,FMN,SF4	10	1	1
mouse	Ndufb1	7AK6	Cryo-EM structure of ND6-P25L mutant respiratory complex I from Mus musculus at 3.8 A	33514727	10.1038/s41467-021-20942-w	2021	44	0	EHZ,ZN,NDP,ATP,CDL,3PE,FMN,FES,PC1,SF4	EHZ,ZN,NDP,ATP,CDL,3PE,FMN,FES,PC1,SF4	10	1	1
human	GCH1	7ALA	human GCH-GFRP inhibitory complex	33229582	10.1073/pnas.2013473117	2020	2	0	5RW,NA,ZN	5RW,ZN	2	1	1
human	GCH1	7ALB	human GCH-GFRP stimulatory complex 7-deaza-GTP bound	33229582	10.1073/pnas.2013473117	2020	2	0	ZN,QBQ,PHE	ZN,QBQ,PHE	3	1	1
human	GCH1	7ALC	human GCH-GFRP stimulatory complex	33229582	10.1073/pnas.2013473117	2020	2	0	PHE,ZN	PHE,ZN	2	1	1
human	GCH1	7ALQ	human GCH-GFRP inhibitory complex 7-deaza-GTP bound	33387654	10.1016/j.jsb.2020.107691	2021	2	0	ZN,QBQ,HBI,K	ZN,QBQ,HBI	3	1	1
MEDTR	NFP	7AU7	Crystal structure of Nod Factor Perception ectodomain	34716271	10.1073/pnas.2111031118	2021	1	0	NAG	NAG	1	0	0
BPZF4	ACA2	7B5J	Anti-CRISPR associated (Aca) protein, Aca2	34116143	10.1016/j.jsb.2021.107752	2021	1	0	GOL		0	0	0
human	CDKN1B	7B5L	Ubiquitin ligation to F-box protein substrates by SCF-RBR E3-E3 super-assembly: NEDD8-CUL1-RBX1-SKP1-SKP2-CKSHS1-Cyclin A-CDK2-p27-UBE2L3~Ub~ARIH1. Transition State 1	33536622	10.1038/s41586-021-03197-9	2021	12	0	ZN,SY8	ZN,SY8	2	1	1
human	CDKN1B	7B5M	Ubiquitin ligation to F-box protein substrates by SCF-RBR E3-E3 super-assembly: CUL1-RBX1-SKP1-SKP2-CKSHS1-p27~Ub~ARIH1. Transition State 2	33536622	10.1038/s41586-021-03197-9	2021	8	0	ZN	ZN	1	1	1
human	CDKN1B	7B5R	Ubiquitin ligation to F-box protein substrates by SCF-RBR E3-E3 super-assembly: CUL1-RBX1-SKP1-SKP2-CKSHS1-Cyclin A-CDK2-p27	33536622	10.1038/s41586-021-03197-9	2021	7	0			0	0	1
mouse	Ndufb1	7B93	Cryo-EM structure of mitochondrial complex I from Mus musculus inhibited by IACS-2858 at 3.0 A	33990335	10.1126/sciadv.abg4000	2021	44	0	SF4,PC1,3PE,FES,FMN,T2Q,CDL,ATP,NDP,ZN,EHZ	SF4,PC1,3PE,FES,FMN,T2Q,CDL,ATP,NDP,ZN,EHZ	11	1	1
human	CKB	7BF1	Ca2+-Calmodulin in complex with peptide from brain-type creatine kinase in extended 1:2 binding mode	34235492	10.1016/j.crstbi.2021.05.001	2021	2	0	CA,ACE	CA,ACE	2	0	1
human	CKM	7BF2	Ca2+-Calmodulin in complex with human muscle form creatine kinase peptide in extended 1:2 binding mode	34235492	10.1016/j.crstbi.2021.05.001	2021	2	0	CA	CA	1	0	1
human	TERT	7BG9	The catalytic core lobe of human telomerase in complex with a telomeric DNA substrate	33883742	10.1038/s41586-021-03415-4	2021	3	2			0	0	1
CHLRE	psaC	7BGI	Photosystem I of a temperature sensitive mutant Chlamydomonas reinhardtii		10.1038/s42003-021-02911-7	2021	20	0	BCR,OCA,DGD,C7Z,SPH,LUT,SQD,LPX,PLM,3PH,QTB,CHL,RRX,T7X,CA,DGA,LMG,DAO,LMT,NKP,LHG,SF4,PQN,CLA,CL0	BCR,OCA,DGD,C7Z,SPH,LUT,SQD,LPX,PLM,3PH,QTB,CHL,RRX,T7X,CA,DGA,LMG,DAO,LMT,NKP,LHG,SF4,PQN,CLA,CL0	25	1	1
human	PIK3R4	7BL1	human complex II-BATS bound to membrane-attached Rab5a-GTP	33692360	10.1038/s41467-021-21695-2	2021	6	0	GTP,MG	GTP,MG	2	1	1
CHLRE	psaC	7BLX	Photosystem I of a temperature sensitive mutant Chlamydomonas reinhardtii		10.1038/s42003-021-02911-7	2021	18	0	LHG,DAO,LMG,CA,RRX,LUT,LPX,PLM,3PH,QTB,SQD,CHL,SPH,C7Z,DGD,DGA,OCA,LMT,NKP,BCR,SF4,PQN,CLA,CL0	LHG,DAO,LMG,CA,RRX,LUT,LPX,PLM,3PH,QTB,SQD,CHL,SPH,C7Z,DGD,DGA,OCA,LMT,NKP,BCR,SF4,PQN,CLA,CL0	24	1	1
human	SEC62	7BRT	Crystal structure of Sec62 LIR fused to GABARAP	32620754	10.1038/s41467-020-17163-y	2020	1	0			0	0	0
human	SHMT2	7BYI	Structure of SHMT2 in complex with CBX				2	0	CBO,PEG,PO4	CBO	1	0	1
human	NCSTN	7C9I	Human gamma-secretase in complex with small molecule L-685,458	33373587	10.1016/j.cell.2020.11.049	2021	4	0	CLR,FTO,PC1,NAG	CLR,FTO,PC1,NAG	4	0	1
human	IDH3B	7CE3	Crystal structure of human IDH3 holoenzyme in APO form.	33349631	10.1038/s41421-020-00220-7	2020	3	0			0	0	1
human	AGK	7CGP	Cryo-EM structure of the human mitochondrial translocase TIM22 complex at 3.7 angstrom.	32901109	10.1038/s41422-020-00400-w	2021	6	0	PEE	PEE	1	0	1
human	TOMM5	7CK6	Protein translocase of mitochondria	33083003	10.1038/s41421-020-00198-2	2020	5	0	PC1	PC1	1	0	1
human	TOMM5	7CP9	Cryo-EM structure of human mitochondrial translocase TOM complex at 3.0 angstrom.	33846286	10.1038/s41421-021-00252-7	2021	5	0	PC1	PC1	1	0	1
CHLRE	psaC	7D0J	Photosystem I-LHCI-LHCII of Chlamydomonas reinhardtii	33597543	10.1038/s41467-021-21362-6	2021	24	0	LHG,BCR,SF4,DGD,LUT,NEX,XAT,CHL,LMG,SQD,PQN,CLA	LHG,BCR,SF4,DGD,LUT,NEX,XAT,CHL,LMG,SQD,PQN,CLA	12	1	1
human	NCSTN	7D8X	CryoEM structure of human gamma-secretase in complex with E2012 and L685458	33373587	10.1016/j.cell.2020.11.049	2021	4	0	PTY,FTO,CLR,GZR,PC1,NAG	PTY,FTO,CLR,GZR,PC1,NAG	6	0	1
human	LDHB	7DBJ	Crystal structure of human LDHB in complex with NADH, oxamate, and AXKO-0046	34725423	10.1038/s41598-021-00820-7	2021	1	0	EDO,H1U,OXM,NAI	H1U,OXM,NAI	3	1	0
human	LDHB	7DBK	Crystal structure of human LDHB in complex with NADH	34725423	10.1038/s41598-021-00820-7	2021	1	0	NAI,GOL	NAI	1	1	0
human	CFLAR	7DEE	Structural Basis of the regulation of DISC Assembly by the interaction of c-FLIPs with Procaspase-8			2020	2	0			0	0	1
LEPSD	cas13a	7DMQ	Cryo-EM structure of LshCas13a-crRNA-anti-tag RNA complex	33472057	10.1016/j.molcel.2020.12.033	2021	1	2			0	0	1
CANLF	Canf1	7DRU	Crystal Structure of the Dog Lipocalin Allergen Can f 1	34699686	10.1111/febs.16252	2022	1	0			0	0	0
human	SPR	7DSF	The Crystal Structure of human SPR from Biortus.				1	0	ZN,ACT,NAP	ZN,NAP	2	1	0
human	CWC27	7DVQ	Cryo-EM Structure of the Activated Human Minor Spliceosome (minor Bact Complex)	33509932	10.1126/science.abg0879	2021	38	4	IHP,MG,K,G5J,ZN,GTP	IHP,MG,G5J,ZN,GTP	5	1	1
CHLRE	psaC	7DZ7	State transition supercomplex PSI-LHCI-LHCII from double phosphatase mutant pph1;pbcp of green alga Chlamydomonas reinhardtii	34239095	10.1038/s41477-021-00960-8	2021	26	0	PQN,BCR,DGD,NEX,CHL,XAT,LUT,LMG,LMU,SF4,LHG,CLA	PQN,BCR,DGD,NEX,CHL,XAT,LUT,LMG,LMU,SF4,LHG,CLA	12	1	1
CHLRE	psaC	7DZ8	State transition supercomplex PSI-LHCI-LHCII from the LhcbM1 lacking mutant of Chlamydomonas reinhardtii	34239095	10.1038/s41477-021-00960-8	2021	25	0	BCR,CHL,NEX,XAT,LUT,DGD,LMG,LMU,SF4,LHG,PQN,CLA	BCR,CHL,NEX,XAT,LUT,DGD,LMG,LMU,SF4,LHG,PQN,CLA	12	1	1
human	RAB9A	7E1T	Crystal structure of Rab9A-GTP-Nde1	34793709	10.1016/j.str.2021.10.013	2022	2	0	GTP,MG	GTP,MG	2	1	1
human	MTHFD2	7EHJ	human MTHFD2 in complex with compound 21, cofactor and phosphate.	34337952	10.1021/acs.jmedchem.1c00663	2021	1	0	J49,NAD,PO4	J49,NAD	2	1	0
human	MTHFD2	7EHM	Human MTHFD2 in complex with compound 21 and 15	34337952	10.1021/acs.jmedchem.1c00663	2021	1	0	J4C,J49	J4C,J49	2	0	0
human	MTHFD2	7EHN	Human MTHFD2 in complex with compound 21 and 9	34337952	10.1021/acs.jmedchem.1c00663	2021	1	0	J4F,J49	J4F,J49	2	0	0
human	MTHFD2	7EHV	Human MTHFD2 in complex with compound 21 and 3	34337952	10.1021/acs.jmedchem.1c00663	2021	1	0	J49,J4L	J49,J4L	2	0	0
human	GLUL	7EVT	Crystal structure of the N-terminal degron-truncated human glutamine synthetase	34726182	10.1107/S2053230X21010748	2021	1	0			0	0	0
human	HSPA1B	7F4X	Joint neutron and X-ray crystal structure of the nucleotide-binding domain of Hsp72 in complex with ADP		10.1107/S2052252522006297	2022	1	0	ADP,NA,MG	ADP,MG	2	1	0
human	HSPA1B	7F4Z	X-ray crystal structure of Y149A mutated Hsp72-NBD in complex with ADP		10.1107/S2052252522006297	2022	1	0	MG,CL,K,PO4,ADP	MG,ADP	2	1	0
human	HSPA1B	7F50	X-ray crystal structure of Y149A mutated Hsp72-NBD in complex with AMPPnP		10.1107/S2052252522006297	2022	1	0	MG,CL,ANP	MG,ANP	2	1	0
rat	Hspa8	7HSC	HIGH RESOLUTION SOLUTION STRUCTURE OF THE HEAT SHOCK COGNATE-70 KD SUBSTRATE BINDING DOMAIN OBTAINED BY MULTIDIMENSIONAL NMR TECHNIQUES	10373374	10.1006/jmbi.1999.2776	1999	1	0			0	0	0
CHLRE	LCI5	7JFO	EPYC1(49-72)-bound Rubisco	33230314	10.1038/s41477-020-00811-y	2020	3	0			0	0	1
STAAU	apmA	7JM0	Crystal structure of aminoglycoside resistance enzyme ApmA, apoenzyme	33563840	10.1128/mBio.02705-20	2021	1	0	SO4		0	0	0
STAAU	apmA	7JM1	Crystal structure of aminoglycoside resistance enzyme ApmA, complex with acetyl-CoA	33563840	10.1128/mBio.02705-20	2021	1	0	ACO	ACO	1	1	0
STAAU	apmA	7JM2	Crystal structure of aminoglycoside resistance enzyme ApmA, complex with apramycin				1	0	CL,AM2	AM2	1	0	0
human	OAT	7JX9	The crystal structure of human ornithine aminotransferase with an intermediate bound during inactivation by (1S,3S)-3-amino-4-(hexafluoropropan-2-ylidenyl)-cyclopentane-1-carboxylic acid.	33316155	10.1021/acschembio.0c00728	2021	1	0	IF1,VLS	IF1,VLS	2	0	0
yeast	DOT1	7K6P	Active state Dot1 bound to the unacetylated H4 nucleosome	33479126	10.1126/science.abc6663	2021	6	2	SAM	SAM	1	1	1
yeast	DOT1	7K6Q	Active state Dot1 bound to the H4K16ac nucleosome	33479126	10.1126/science.abc6663	2021	6	2	SAM	SAM	1	1	1
human	NAA40	7KD7	Crystal structure of human NatD (NAA40) bound to a bisubstrate analogue	34110812	10.1021/acs.jmedchem.1c00141	2021	2	0	SO4,NH2,CMC,BTB,GOL	NH2,CMC,BTB	3	0	1
human	CCNE1	7KJS	Crystal structure of CDK2/cyclin E in complex with PF-06873600	34110834	10.1021/acs.jmedchem.1c00159	2021	2	0	WG1	WG1	1	0	1
human	NME2	7KPF	NME2 bound to myristoyl-CoA				1	0	GOL,MG,MYA	MG,MYA	2	0	0
human	NAA40	7KPU	Crystal structure of human NatD (NAA40) bound to a bisubstrate analogue with a C-3 linker	34110812	10.1021/acs.jmedchem.1c00141	2021	2	0	SO4,BTB,WZG,NH2,ACE,GOL	BTB,WZG,NH2,ACE	4	0	1
human	AEBP2	7KSO	Cryo-EM structure of PRC2:EZH1-AEBP2-JARID2	33514705	10.1038/s41467-020-20775-z	2021	6	0	ZN	ZN	1	1	1
human	FANCB	7KZP	Structure of the human Fanconi anaemia Core complex	33686268	10.1038/s41594-021-00568-8	2021	9	0	ZN	ZN	1	1	1
human	FANCB	7KZQ	Structure of the human Fanconi anaemia Core-ID complex	33686268	10.1038/s41594-021-00568-8	2021	11	0	ZN	ZN	1	1	1
human	FANCB	7KZR	Structure of the human Fanconi Anaemia Core-UBE2T-ID complex	33686268	10.1038/s41594-021-00568-8	2021	12	0	ZN	ZN	1	1	1
human	FANCB	7KZS	Structure of the human fanconi anaemia Core-UBE2T-ID-DNA complex in open state	33686268	10.1038/s41594-021-00568-8	2021	12	2	ZN	ZN	1	1	1
human	FANCB	7KZT	Structure of the human fanconi anaemia Core-UBE2T-ID-DNA complex in intermediate state	33686268	10.1038/s41594-021-00568-8	2021	12	2	ZN	ZN	1	1	1
human	FANCB	7KZV	Structure of the human fanconi anaemia Core-UBE2T-ID-DNA complex in closed state	33686268	10.1038/s41594-021-00568-8	2021	12	2	ZN	ZN	1	1	1
human	OAT	7LK0	Ornithine Aminotransferase (OAT) cocrystallized with its potent inhibitor - (S)-3-amino-4,4-difluorocyclopent-1-enecarboxylic acid (SS-1-148)	34097381	10.1021/jacs.1c02456	2021	1	0	Y3D	Y3D	1	0	0
human	OAT	7LK1	Ornithine Aminotransferase (OAT) with its potent inhibitor - (S)-3-amino-4,4-difluorocyclopent-1-enecarboxylic acid (SS-1-148) - 1 Hour Soaking	34097381	10.1021/jacs.1c02456	2021	1	0	Y37	Y37	1	0	0
human	OAT	7LNM	Ornithine Aminotransferase (OAT) cocrystallized with its inactivator - (1S,3S)-3-amino-4-(difluoromethylene)cyclopentene-1-carboxylic acid	34014654	10.1021/jacs.1c03572	2021	1	0	Y7S	Y7S	1	0	0
human	CYP46A1	7LRL	Co-complex CYP46A1 with 7742 (Soticlestat/TAK-935))	34387987	10.1021/acs.jmedchem.1c00864	2021	1	0	YBS,HEM	YBS,HEM	2	1	0
human	CYP46A1	7LS3	Co-complex CYP46A1 with 8114 (3f)	34387987	10.1021/acs.jmedchem.1c00864	2021	1	0	YCJ,HEM	YCJ,HEM	2	1	0
human	CYP46A1	7LS4	Co-complex CYP46A1 with 9129 (1b)	34387987	10.1021/acs.jmedchem.1c00864	2021	1	0	YCG,HEM	YCG,HEM	2	1	0
human	CFLAR	7LXC	Structure and Interactions of DED1 of human cFLIP	34800372	10.1016/j.str.2021.10.011	2022	1	0			0	0	0
human	CYP8B1	7LYX	Crystal structure of human CYP8B1 in complex with (S)-tioconazole	35944583	10.1016/j.jbc.2022.102344	2022	1	0	K,GOL,YHM,HEM	YHM,HEM	2	1	0
human	EIF2AK3	7MF0	Co-crystal structure of PERK with inhibitor (R)-2-amino-N-cyclopropyl-5-(4-(2-(3,5-difluorophenyl)-2-hydroxyacetamido)-2-methylphenyl)nicotinamide	33895276	10.1016/j.bmcl.2021.128058	2021	1	0	Z6P	Z6P	1	0	0
human	FASN	7MHD	Thioesterase Domain of Human Fatty Acid Synthase (FASN-TE) binding a competitive inhibitor SBP-7635				1	0	ZEP	ZEP	1	0	0
human	FASN	7MHE	Thioesterase Domain of Human Fatty Acid Synthase (FASN-TE) binding a competitive inhibitor SBP-7957				1	0	EDO,ZEG	ZEG	1	0	0
human	NAA30	7MX2	Cryo-EM structure of human ternary NatC complex with a Bisubstrate inhibitor	36638802	10.1016/j.str.2022.12.008	2023	4	0	CMC	CMC	1	0	1
human	NADK2	7N29	Structure of NAD kinase	35733246	10.1073/pnas.2200923119	2022	1	0	NAD	NAD	1	1	0
human	CYP46A1	7N3L	Co-complex CYP46A1 with 0420 (compound 6)	35166541	10.1021/acs.jmedchem.1c01898	2022	1	0	GOL,04Y,EDO,HEM	04Y,HEM	2	1	0
human	CYP46A1	7N3M	Co-complex CYP46A1 with 0431 (compound 17)	35166541	10.1021/acs.jmedchem.1c01898	2022	1	0	05D,HEM	05D,HEM	2	1	0
human	BPGM	7N3R	The ternary complex of human Bisphosphoglycerate mutase with 3-phosphoglycerate and 2-phosphoglycolate	35362470	10.1107/S2059798322001802	2022	1	0	PGA,3PG	PGA,3PG	2	0	0
human	BPGM	7N3S	Human bisphosphoglycerate mutase complex with 2-phosphoglycolate	35362470	10.1107/S2059798322001802	2022	1	0	PGA	PGA	1	0	0
human	CYP46A1	7N6F	Co-complex CYP46A1 with compound 3f		10.1016/j.ejmech.2022.114612	2022	1	0	GOL,EDO,0I1,HEM	0I1,HEM	2	1	0
human	ATM	7NI4	Human ATM kinase domain with bound M4076 inhibitor	34556870	10.1038/s41594-021-00654-x	2021	1	0	UGK,ZN	UGK,ZN	2	1	0
human	ATM	7NI5	Human ATM kinase with bound inhibitor KU-55933	34556870	10.1038/s41594-021-00654-x	2021	1	0	ZN,UF8	ZN,UF8	2	1	0
human	ATM	7NI6	Human ATM kinase with bound ATPyS	34556870	10.1038/s41594-021-00654-x	2021	1	0	MG,AGS,ZN	MG,AGS,ZN	3	1	0
CHLRE	psaC	7O01	Dimeric Photosystem I of a temperature sensitive mutant Chlamydomonas reinhardtii		10.1038/s42003-021-02911-7	2021	20	0			0	0	1
human	GTPBP6	7OF2	Structure of a human mitochondrial ribosome large subunit assembly intermediate in complex with GTPBP6.	34135319	10.1038/s41467-021-23702-y	2021	54	2	GTP,MG,ZN	GTP,MG,ZN	3	1	1
human	GTPBP6	7OF4	Structure of mature human mitochondrial ribosome large subunit in complex with GTPBP6 (PTC conformation 1).	34135319	10.1038/s41467-021-23702-y	2021	51	2	GTP,MG,ZN	GTP,MG,ZN	3	1	1
human	GTPBP6	7OF6	Structure of mature human mitochondrial ribosome large subunit in complex with GTPBP6 (PTC conformation 2).	34135319	10.1038/s41467-021-23702-y	2021	51	2	GTP,MG,ZN	GTP,MG,ZN	3	1	1
human	HSD17B10	7ONU	Structure of human mitochondrial RNase P in complex with mitochondrial pre-tRNA-Tyr	34489609	10.1038/s41594-021-00637-y	2021	3	1	MG,ZN,NAD	MG,ZN,NAD	3	1	1
ECOLI	ftsI	7ONW	Crystal structure of PBP3 from E. coli in complex with AIC499	34356681	10.3390/biom11071057	2021	1	0	MPD,PO4,VL5	VL5	1	0	0
human	CDKN1B	7OR8	Ternary complex of 14-3-3 sigma, p27pT198 phosphopeptide, and WQ136				2	0	CA,CL,MG,0AW	CA,MG,0AW	3	0	1
human	CDKN1B	7ORG	Ternary complex of 14-3-3 sigma, p27pT198 phosphopeptide, and WQ162				2	0	CL,MG,09W	MG,09W	2	0	1
human	CDKN1B	7ORH	Ternary complex of 14-3-3 sigma, p27pT198 phosphopeptide, and WQ178				2	0	CL,MG,0B7	MG,0B7	2	0	1
human	CDKN1B	7ORS	Ternary complex of 14-3-3 sigma, p27pT198 phosphopeptide, and WQ147				2	0	0I2,CL,MG	0I2,MG	2	0	1
human	SMOX	7OXL	Crystal structure of human Spermine Oxidase	35931745	10.1038/s42003-022-03735-9	2022	1	0	MPD,CL,6YU	6YU	1	0	0
human	SMOX	7OY0	Structure of human Spermine Oxidase in complex with a highly selective allosteric inhibitor	35931745	10.1038/s42003-022-03735-9	2022	1	0	CL,3EI,6YU	3EI,6YU	2	0	0
human	DHDDS	7PAX	Structure of the human heterotetrameric cis-prenyltransferase complex in complex with magnesium, FsPP and IPP	35584224	10.1126/sciadv.abn1171	2022	2	0	MG,FPS,IPE	MG,FPS,IPE	3	0	1
human	NUS1	7PAX	Structure of the human heterotetrameric cis-prenyltransferase complex in complex with magnesium, FsPP and IPP	35584224	10.1126/sciadv.abn1171	2022	2	0	MG,FPS,IPE	MG,FPS,IPE	3	0	1
human	DHDDS	7PAY	Structure of the human heterotetrameric cis-prenyltransferase complex in complex with magnesium and GGsPP	35584224	10.1126/sciadv.abn1171	2022	2	0	GGS,MG,SO4	GGS,MG	2	0	1
human	NUS1	7PAY	Structure of the human heterotetrameric cis-prenyltransferase complex in complex with magnesium and GGsPP	35584224	10.1126/sciadv.abn1171	2022	2	0	GGS,MG,SO4	GGS,MG	2	0	1
human	DHDDS	7PB0	Structure of the human heterotetrameric cis-prenyltransferase complex in complex with magnesium, GGsPP and IsPP	35584224	10.1126/sciadv.abn1171	2022	2	0	MG,GGS,ISY	MG,GGS,ISY	3	0	1
human	NUS1	7PB0	Structure of the human heterotetrameric cis-prenyltransferase complex in complex with magnesium, GGsPP and IsPP	35584224	10.1126/sciadv.abn1171	2022	2	0	MG,GGS,ISY	MG,GGS,ISY	3	0	1
human	DHDDS	7PB1	Structure of the human heterotetrameric cis-prenyltransferase complex in complex with magnesium, GGPP and IsPP	35584224	10.1126/sciadv.abn1171	2022	2	0	ISY,GRG,MG	ISY,GRG,MG	3	0	1
human	NUS1	7PB1	Structure of the human heterotetrameric cis-prenyltransferase complex in complex with magnesium, GGPP and IsPP	35584224	10.1126/sciadv.abn1171	2022	2	0	ISY,GRG,MG	ISY,GRG,MG	3	0	1
PSEPK	acpP	7PDI	Crystal structure of the holo-acyl carrier protein (holo-AcpP) from Pseudomonas putida KT2440. Produced as an apo/holo mixture.				1	0			0	0	0
mouse	Ndufb1	7PSA	The acetogenin-bound complex I of Mus musculus resolved to 3.4 angstroms	35063503	10.1016/j.jbc.2022.101602	2022	44	0	EHZ,ZN,NDP,ATP,CDL,88I,3PE,FMN,FES,PC1,SF4	EHZ,ZN,NDP,ATP,CDL,88I,3PE,FMN,FES,PC1,SF4	11	1	1
human	ACMSD	7PWY	Structure of human dimeric ACMSD in complex with the inhibitor TES-1025	35463964	10.3389/fmolb.2022.834700	2022	1	0	K,8EK,ZN	8EK,ZN	2	1	0
human	GYS1	7Q0B	Human GYS1-GYG1 complex inhibited state	35835870	10.1038/s41594-022-00799-3	2022	3	0			0	0	1
human	GYS1	7Q0S	Human GYS1-GYG1 complex inhibited-like state bound to glucose-6-phosphate	35835870	10.1038/s41594-022-00799-3	2022	3	0	G6P	G6P	1	0	1
human	GYS1	7Q12	Human GYS1-GYG1 complex activated state bound to glucose-6-phosphate	35835870	10.1038/s41594-022-00799-3	2022	2	0	G6P	G6P	1	0	1
human	GYS1	7Q13	Human GYS1-GYG1 complex activated state bound to glucose-6-phosphate, uridine diphosphate, and glucose	35835870	10.1038/s41594-022-00799-3	2022	2	0	GLC,UDP,G6P	GLC,UDP,G6P	3	1	1
human	A2ML1	7Q1Y	X-ray structure of human A2ML1	35641520	10.1038/s41467-022-30758-x	2022	1	0	NAG	NAG	1	0	0
human	WDPCP	7Q3D	Structure of the human CPLANE complex	35427153	10.1126/sciadv.abn0832	2022	3	0			0	0	1
human	A2ML1	7Q5Z	Cryo-EM structure of native human A2ML1	35641520	10.1038/s41467-022-30758-x	2022	1	0			0	0	0
human	A2ML1	7Q60	Structure of TEV cleaved A2ML1 (A2ML1-TE)	35641520	10.1038/s41467-022-30758-x	2022	1	0			0	0	0
human	A2ML1	7Q61	Structure of TEV conjugated A2ML1 (A2ML1-TC)	35641520	10.1038/s41467-022-30758-x	2022	1	0	NAG	NAG	1	0	0
human	A2ML1	7Q62	Structure of TEV cleaved A2ML1 dimer (A2ML1-TT dimer)	35641520	10.1038/s41467-022-30758-x	2022	1	0	NAG	NAG	1	0	0
188937	mcrA	7QBS	B12-dependent radical SAM methyltransferase, Mmp10 with [4Fe-4S] cluster, cobalamin, S-adenosyl-L-methionine, and peptide bound.	35110733	10.1038/s41586-021-04355-9	2022	2	0	SF4,FE,SAM,COB,NA	SF4,FE,SAM,COB	4	1	1
METAC	mcrA	7QBS	B12-dependent radical SAM methyltransferase, Mmp10 with [4Fe-4S] cluster, cobalamin, S-adenosyl-L-methionine, and peptide bound.	35110733	10.1038/s41586-021-04355-9	2022	2	0	SF4,FE,SAM,COB,NA	SF4,FE,SAM,COB	4	1	1
NOVAD	Saro_0802	7QR6	Stilbene dioxygenase (NOV1) from Novosphingobium aromaticivorans: Ser283Phe mutant	35687874	10.1021/acs.biochem.2c00168	2023	1	0	FE,OXY	FE,OXY	2	1	0
human	TPH2	7QRI	Regulatory domain dimer of tryptophan hydroxylase 2 in complex with L-Phe	37119821	10.1016/j.str.2023.04.004	2023	1	0	PHE	PHE	1	0	0
human	TERT	7QXA	Cryo-EM map of human telomerase-DNA-TPP1 complex (sharpened)	35201900	10.1126/science.abn6840	2022	4	2			0	0	1
human	TERT	7QXB	Cryo-EM map of human telomerase-DNA-TPP1-POT1 complex (sharpened map)	35201900	10.1126/science.abn6840	2022	5	2			0	0	1
human	TERT	7QXS	Cryo-EM structure of human telomerase-DNA-TPP1-POT1 complex (with POT1 side chains)	35201900	10.1126/science.abn6840	2022	5	2			0	0	1
CHLRE	psaC	7R3K	Chlamydomonas reinhardtii TSP9 mutant small Photosystem I complex	36979472	10.3390/biom13030537	2023	17	0	ERG,SQD,PLM,DGA,3PH,SPH,CHL,LUT,DAO,LMG,C7Z,RRX,CA,DGD,LMT,LHG,BCR,SF4,PQN,CLA,CL0	ERG,SQD,PLM,DGA,3PH,SPH,CHL,LUT,DAO,LMG,C7Z,RRX,CA,DGD,LMT,LHG,BCR,SF4,PQN,CLA,CL0	21	1	1
human	AP1S3	7R4H	phospho-STING binding to adaptor protein complex-1	36261523	10.1038/s41586-022-05354-0	2022	6	0	MG,GTP	MG,GTP	2	1	1
human	NADK2	7R4J	Crystal structure of human mitochondrial NAD kinase	35868311	10.1016/j.molcel.2022.06.026	2022	1	0	CA	CA	1	0	0
human	NADK2	7R4K	Crystal structure of human mitochondrial NAD kinase	35868311	10.1016/j.molcel.2022.06.026	2022	1	0	MG,NAP	MG,NAP	2	1	0
human	NADK2	7R4L	Crystal structure of human mitochondrial NAD kinase	35868311	10.1016/j.molcel.2022.06.026	2022	1	0	FE,NAP	FE,NAP	2	1	0
human	NADK2	7R4M	Crystal structure of mitochondrial NAD kinase	35868311	10.1016/j.molcel.2022.06.026	2022	1	0	CA,NAP	CA,NAP	2	1	0
human	AAAS	7R5J	Human nuclear pore complex (dilated)	35679397	10.1126/science.abm9506	2022	25	0			0	0	1
human	AHCTF1	7R5J	Human nuclear pore complex (dilated)	35679397	10.1126/science.abm9506	2022	25	0			0	0	1
human	AAAS	7R5K	Human nuclear pore complex (constricted)	35679397	10.1126/science.abm9506	2022	25	0			0	0	1
human	AHCTF1	7R5K	Human nuclear pore complex (constricted)	35679397	10.1126/science.abm9506	2022	25	0			0	0	1
NEUCR	NCU08990	7R81	Structure of the translating Neurospora crassa ribosome arrested by cycloheximide	34815343	10.1073/pnas.2111862118	2021	76	6	3HE,SPD,MG	3HE,SPD,MG	3	0	1
human	NAA30	7RB3	Cryo-EM structure of human binary NatC complex with a Bisubstrate inhibitor	36638802	10.1016/j.str.2022.12.008	2023	2	0	LEU,MET,CMC	LEU,MET,CMC	3	0	1
human	ACAN	7RDV	TFH TCR bound to MHC Class II IAd presenting aggrecan epitope				5	0	NAG	NAG	1	0	1
human	IMPDH1	7RER	HUMAN IMPDH1 TREATED WITH ATP, IMP, AND NAD+	35013599	10.1038/s41594-021-00706-2	2022	1	0	NAD,IMP	NAD,IMP	2	1	0
human	IMPDH1	7RES	HUMAN IMPDH1 TREATED WITH ATP, IMP, AND NAD+, OCTAMER-CENTERED	35013599	10.1038/s41594-021-00706-2	2022	1	0	IMP,NAD,ATP	IMP,NAD,ATP	3	1	0
human	IMPDH1	7RFE	HUMAN IMPDH1 TREATED WITH GTP, IMP, AND NAD+; INTERFACE-CENTERED	35013599	10.1038/s41594-021-00706-2	2022	1	0	GTP,IMP,ATP	GTP,IMP,ATP	3	1	0
human	IMPDH1	7RFF	HUMAN RETINAL VARIANT IMPDH1(595) TREATED WITH ATP; INTERFACE-CENTERED	35013599	10.1038/s41594-021-00706-2	2022	1	0			0	0	0
human	IMPDH1	7RFG	HUMAN IMPDH1 TREATED WITH GTP, IMP, AND NAD+ OCTAMER-CENTERED	35013599	10.1038/s41594-021-00706-2	2022	1	0	IMP,ATP,GTP	IMP,ATP,GTP	3	1	0
human	IMPDH1	7RFH	HUMAN RETINAL VARIANT IMPDH1(595) TREATED WITH ATP, OCTAMER-CENTERED	35013599	10.1038/s41594-021-00706-2	2022	1	0	ATP	ATP	1	1	0
human	IMPDH1	7RFI	HUMAN RETINAL VARIANT IMPDH1(595) TREATED WITH GTP, ATP, IMP, NAD+, INTERFACE-CENTERED	35013599	10.1038/s41594-021-00706-2	2022	1	0	GTP,IMP,NAD	GTP,IMP,NAD	3	1	0
human	IMPDH1	7RGD	HUMAN RETINAL VARIANT IMPDH1(595) TREATED WITH GTP, ATP, IMP, NAD+, OCTAMER-CENTERED	35013599	10.1038/s41594-021-00706-2	2022	1	0	GTP,IMP,NAD,ATP	GTP,IMP,NAD,ATP	4	1	0
human	IMPDH1	7RGI	HUMAN RETINAL VARIANT IMPDH1(546) TREATED WITH GTP, ATP, IMP, NAD+; INTERFACE-CENTERED	35013599	10.1038/s41594-021-00706-2	2022	1	0	NAD,IMP	NAD,IMP	2	1	0
human	IMPDH1	7RGL	HUMAN RETINAL VARIANT IMPDH1(546) TREATED WITH ATP, IMP, NAD+, INTERFACE-CENTERED	35013599	10.1038/s41594-021-00706-2	2022	1	0	NAD,IMP	NAD,IMP	2	1	0
human	IMPDH1	7RGM	HUMAN RETINAL VARIANT IMPDH1(546) TREATED WITH ATP, IMP, NAD+, OCTAMER-CENTERED	35013599	10.1038/s41594-021-00706-2	2022	1	0	IMP,NAD,ATP	IMP,NAD,ATP	3	1	0
human	IMPDH1	7RGQ	HUMAN RETINAL VARIANT IMPDH1(546) TREATED WITH GTP, ATP, IMP, NAD+; INTERFACE-CENTERED	35013599	10.1038/s41594-021-00706-2	2022	1	0	ATP,IMP,NAD,GTP	ATP,IMP,NAD,GTP	4	1	0
human	MDH1	7RM9	Human Malate Dehydrogenase I (MDHI)	35036692	10.1021/acsomega.1c04385	2022	1	0	MLI		0	0	0
human	MDH1	7RRL	Alternate Crystal Form of Human Malate Dehydrogenase I			2021	1	0			0	0	0
ARATH	PHYB	7RZW	CryoEM structure of Arabidopsis thaliana phytochrome B	35355010	10.1038/s41586-022-04529-z	2022	1	0	O6E	O6E	1	0	0
human	ODC1	7S3F	Structure of cofactor pyridoxal 5-phosphate bound human ornithine decarboxylase in complex with its inhibitor 1-amino-oxy-3-aminopropane	34796899	10.1042/BCJ20210647	2021	1	0	PLP,XAP	PLP,XAP	2	1	0
human	ODC1	7S3G	Structure of cofactor pyridoxal 5-phosphate bound human ornithine decarboxylase in complex with citrate at the catalytic center	34796899	10.1042/BCJ20210647	2021	1	0	CIT,PLP	CIT,PLP	2	1	0
DANRE	gnptab	7S6N	N-acetylglucosamine-1-phosphotransferase (GNPT) alpha and beta subunits (GNPTAB) catalytic domain, from zebrafish	35939698	10.1073/pnas.2203518119	2022	1	0	CA,NAG	CA,NAG	2	0	0
human	G6PD	7SEH	Glucose-6-phosphate 1-dehydrogenase (K403QdLtL)	35065072	10.1016/j.jbc.2022.101610	2022	1	0	NAP	NAP	1	1	0
human	G6PD	7SEI	Glucose-6-phosphate 1-dehydrogenase (K403Q)	35065072	10.1016/j.jbc.2022.101610	2022	1	0	NAP	NAP	1	1	0
human	ATM	7SIC	Human ATM Dimer	35076389	10.7554/eLife.74218	2022	1	0	ANP,MG	ANP,MG	2	1	0
human	ATM	7SID	Human ATM Dimer Bound to Nbs1	35076389	10.7554/eLife.74218	2022	2	0	MG,ANP	MG,ANP	2	1	1
DANRE	gnptab	7SJ2	N-acetylglucosamine-1-phosphotransferase (GNPT) alpha and beta subunits (GNPTAB) catalytic domain, from zebrafish, in complex with uridine diphosphate N-acetylglucosamine (UDP-GlcNAc) and magnesium	35939698	10.1073/pnas.2203518119	2022	1	0	UD1,MG,CA,NAG	UD1,MG,CA,NAG	4	0	0
human	G6PD	7SNF	Structure of G6PD-WT dimer	35858355	10.1073/pnas.2119695119	2022	1	0			0	0	0
human	UCK2	7SQL	Crystal structure of human uridine-cytidine kinase 2 complexed with a weak small molecule inhibitor	36190114	10.1021/acs.biochem.2c00451	2022	1	0	AQX,PEG,PG4,GOL,PGE	AQX	1	0	0
human	COQ7	7SSP	Structure of the human COQ7:COQ9 complex by single-particle electron cryo-microscopy, unliganded state	36306796	10.1016/j.molcel.2022.10.003	2022	2	0			0	0	1
human	COQ7	7SSS	Structure of the NADH-bound human COQ7:COQ9 complex by single-particle electron cryo-microscopy	36306796	10.1016/j.molcel.2022.10.003	2022	2	0	PEV,8PP,NAD	PEV,8PP,NAD	3	1	1
human	NAA25	7STX	Cryo-EM structure of human NatB in complex with CoA-Alpha-Synuclein				3	0	COA	COA	1	1	1
human	GPC2	7T62	GPC2 HEP CT3 complex	34195677	10.1016/j.xcrm.2021.100297	2021	2	0			0	0	1
mouse	Jak1	7T6F	Structure of active Janus Kinase (JAK) dimer complexed with cytokine receptor intracellular domain	35271300	10.1126/science.abn8933	2022	2	0	ADP,ADN	ADP,ADN	2	1	1
NEUCR	cao-1	7T8P	CRYSTAL STRUCTURE OF T151V CAO1	40147775	10.1016/j.jbc.2025.108444	2025	1	0	FE2,CL	FE2	1	1	0
NEUCR	cao-1	7T8Q	CRYSTAL STRUCTURE OF T151G CAO1	40147775	10.1016/j.jbc.2025.108444	2025	1	0	CL,FE2	FE2	1	1	0
human	BPGM	7THI	Human Bisphosphoglycerate Mutase complexed with 2-phosphoglycolate				1	0	PGA	PGA	1	0	0
human	ROR1	7TNG	Kringle domain of human Receptor Tyrosine Kinase-Like Orphan Receptor 1 (ROR1)		10.1107/S2053230X22003855	2022	1	0			0	0	0
human	TERT	7TRD	Human telomerase catalytic core structure at 3.3 Angstrom	35418675	10.1038/s41586-022-04582-8	2022	1	2			0	0	1
human	TERT	7TRE	Human telomerase catalytic core with shelterin protein TPP1	35418675	10.1038/s41586-022-04582-8	2022	2	2			0	0	1
human	CKB	7TUN	Crystal structure analysis of human CKB complex with a covalent compound				1	0	KLU	KLU	1	0	0
human	ATP6V0C	7U4T	Human V-ATPase in state 2 with SidK and mEAK-7	35994636	10.1073/pnas.2203742119	2022	18	0	NAG,ADP	NAG,ADP	2	1	1
human	ATP6V1C1	7U4T	Human V-ATPase in state 2 with SidK and mEAK-7	35994636	10.1073/pnas.2203742119	2022	18	0	NAG,ADP	NAG,ADP	2	1	1
human	ODC1	7U6P	Structure of an intellectual disability-associated ornithine decarboxylase variant G84R	36188294	10.1021/acsomega.2c04702	2022	1	0	PO4		0	0	0
human	ODC1	7U6U	Structure of an intellectual disability-associated ornithine decarboxylase variant G84R in complex with PLP	36188294	10.1021/acsomega.2c04702	2022	1	0	PLP	PLP	1	1	0
PSEPK	algK	7ULA	Structure of the Pseudomonas putida AlgKX modification and secretion complex	36494359	10.1038/s41467-022-35131-6	2022	2	0	GOL,CL,NI	NI	1	1	1
PSEPK	algX	7ULA	Structure of the Pseudomonas putida AlgKX modification and secretion complex	36494359	10.1038/s41467-022-35131-6	2022	2	0	GOL,CL,NI	NI	1	1	1
human	ATP6V0C	7UNF	CryoEM structure of a mEAK7 bound human V-ATPase complex	35672408	10.1038/s41467-022-30899-z	2022	17	0	POV,NAG,ADP	POV,NAG,ADP	3	1	1
human	ATP6V1C1	7UNF	CryoEM structure of a mEAK7 bound human V-ATPase complex	35672408	10.1038/s41467-022-30899-z	2022	17	0	POV,NAG,ADP	POV,NAG,ADP	3	1	1
PSEAE	rpsD	7UNR	Pseudomonas aeruginosa 70S ribosome initiation complex bound to compact IF2-GDP (composite structure I-A)		10.1038/s41467-022-31129-2	2022	52	5	ZN,GDP,FME,MG	ZN,GDP,FME,MG	4	1	1
PSEAE	rpsD	7UNU	Pseudomonas aeruginosa 70S ribosome initiation complex bound to compact IF2-GDP (composite structure I-B)		10.1038/s41467-022-31129-2	2022	52	5	ZN,GDP,FME,MG	ZN,GDP,FME,MG	4	1	1
PSEAE	rpsD	7UNV	Pseudomonas aeruginosa 70S ribosome initiation complex bound to IF2-GDPCP (structure II-A)		10.1038/s41467-022-31129-2	2022	52	5	MG,FME,GCP,ZN	MG,FME,GCP,ZN	4	1	1
PSEAE	rpsD	7UNW	Pseudomonas aeruginosa 70S ribosome initiation complex bound to IF2-GDPCP (structure II-B)		10.1038/s41467-022-31129-2	2022	52	5	ZN,GCP,FME,MG	ZN,GCP,FME,MG	4	1	1
human	ATAD1	7UPR	Human mitochondrial AAA protein ATAD1 (with a catalytic dead mutation) in complex with a peptide substrate (closed conformation)	35550246	10.7554/eLife.73941	2022	2	0	MG,ATP	MG,ATP	2	1	1
human	ATAD1	7UPT	Human mitochondrial AAA protein ATAD1 (with a catalytic dead mutation) in complex with a peptide substrate (open conformation)	35550246	10.7554/eLife.73941	2022	2	0	ATP,MG,ADP	ATP,MG,ADP	3	1	1
STAAU	apmA	7UUJ	Crystal structure of aminoglycoside resistance enzyme ApmA, complex with gentamicin	37973888	10.1038/s41589-023-01483-3	2024	1	0	CL,MG,EDO,LLL	MG,LLL	2	0	0
STAAU	apmA	7UUK	Crystal structure of aminoglycoside resistance enzyme ApmA, complex with tobramycin		10.1038/s41589-023-01483-3	2024	1	0	CL,TOY	TOY	1	0	0
STAAU	apmA	7UUL	Crystal structure of aminoglycoside resistance enzyme ApmA, complex with kanamycin B and coenzyme A	37973888	10.1038/s41589-023-01483-3	2024	1	0	CL,SO4,EDO,COA,9CS	COA,9CS	2	1	0
STAAU	apmA	7UUM	Crystal structure of aminoglycoside resistance enzyme ApmA, complex with paromomycin and coenzyme A	37973888	10.1038/s41589-023-01483-3	2024	1	0	GOL,PAR,COA	PAR,COA	2	1	0
STAAU	apmA	7UUN	Crystal structure of aminoglycoside resistance enzyme ApmA, complex with neomycin	37973888	10.1038/s41589-023-01483-3	2024	1	0	EDO,NMY	NMY	1	0	0
STAAU	apmA	7UUO	Crystal structure of aminoglycoside resistance enzyme ApmA H135A mutant, complex with tobramycin and coenzyme A	37973888	10.1038/s41589-023-01483-3	2024	1	0	COA,EDO,TOY	COA,TOY	2	1	0
human	AP1S3	7UX3	Asymmetric unit of AP-1, Arf1, Nef lattice on MHC-I lipopeptide incorporated narrow membrane tubes	36269825	10.1126/sciadv.add3914	2022	7	0	MG,GTP	MG,GTP	2	1	1
human	TOMM20	7VBY	Tom core complex with Tom20 and Tom22 subunits.				5	0	UND,PC1	UND,PC1	2	0	1
human	TOMM5	7VBY	Tom core complex with Tom20 and Tom22 subunits.				5	0	UND,PC1	UND,PC1	2	0	1
human	TOMM5	7VC4	Tom complex with Tom22 and Tom20 subunits				5	0			0	0	1
human	TOMM20	7VC9	Tom20 subunits	35733257	10.1073/pnas.2200158119	2022	1	0			0	0	0
human	TOMM5	7VD2	Human TOM complex without cross-linking	35733257	10.1073/pnas.2200158119	2022	5	0	PC1,UND	PC1,UND	2	0	1
human	TOMM5	7VDD	Human TOM complex with cross-linking	35733257	10.1073/pnas.2200158119	2022	5	0			0	0	1
ARATH	COP1	7VGG	Cryo-EM structure of Ultraviolet-B activated UVR8 in complex with COP1	35442727	10.1126/sciadv.abn3337	2022	2	0			0	0	1
BPZF4	ACA2	7VJO	Pectobacterium phage ZF40 apo-Aca2	34756887	10.1016/j.jbc.2021.101357	2021	1	0	CL,MG	MG	1	0	0
BPZF4	ACA2	7VJP	Selenomethionine-derived Pectobacterium phage ZF40 apo-Aca2	34756887	10.1016/j.jbc.2021.101357	2021	1	0	SO4		0	0	0
BPZF4	ACA2	7VJQ	Pectobacterium phage ZF40 apo-aca2 complexed with 26bp DNA substrate	34756887	10.1016/j.jbc.2021.101357	2021	1	2	CL,GOL,SO4		0	0	1
BPT4	gp23	7VRT	The unexpanded head structure of phage T4	36161892	10.1073/pnas.2203272119	2022	2	0			0	0	1
BPT4	gp23	7VS5	The expanded head structure of phage T4	36161892	10.1073/pnas.2203272119	2022	3	0			0	0	1
BPT4	soc	7VS5	The expanded head structure of phage T4	36161892	10.1073/pnas.2203272119	2022	3	0			0	0	1
DROME	loqs	7W0A	dmDicer2-LoqsPD-dsRNA Dimer status	35768513	10.1038/s41586-022-04911-x	2022	2	2			0	0	1
DROME	loqs	7W0B	Dicer2-LoqsPD complex at apo status	35768513	10.1038/s41586-022-04911-x	2022	2	0			0	0	1
DROME	loqs	7W0C	Dicer2-Loqs-PD-dsRNA complex at early-translocation state	35768513	10.1038/s41586-022-04911-x	2022	2	1	ADP,MG	ADP,MG	2	1	1
DROME	loqs	7W0D	Dicer2-LoqsPD-dsRNA complex at mid-translocation state	35768513	10.1038/s41586-022-04911-x	2022	2	1	ADP,MG	ADP,MG	2	1	1
DROME	loqs	7W0E	dmDicer2-LoqsPD-dsRNA Active-dicing status	35768513	10.1038/s41586-022-04911-x	2022	2	1	MG,ADP	MG,ADP	2	1	1
DROME	loqs	7W0F	dmDicer2-LoqsPD-dsRNA Post-dicing status	35768513	10.1038/s41586-022-04911-x	2022	2	1			0	0	1
ECOLX	mcr-1	7WAA	Crystal structure of MCR-1-S treated by AgNO3	35263219	10.1073/pnas.2119417119	2022	1	0	AG	AG	1	0	0
human	TPH2	7WIY	Cryo-EM structure of human TPH2 tetramer	36046836	10.3389/fphar.2022.907437	2022	1	0	IMD,FE	FE	1	1	0
human	GSDMB	7WJQ	Crystal structure of GSDMB in complex with Ipah7.8		10.1038/s41467-022-35725-0	2023	2	0			0	0	1
human	MMACHC	7WUZ	Structural study of the complex of cblC methylmalonic aciduria and homocysteinuria-related protein MMACHC with cyanocobalamin				1	0	SO4,TLA,CNC	CNC	1	1	0
human	UFD1	7WWQ	Crystal structure of human Ufd1-Npl4 complex	36087575	10.1016/j.str.2022.08.005	2022	2	0			0	0	1
CHLRE	psaC	7WYI	Native Photosystem I of Chlamydomonas reinhardtii	37270022	10.1016/j.bbabio.2023.148986	2023	15	0	CL0,CLA,PQN,SF4,CHL	CL0,CLA,PQN,SF4,CHL	5	1	1
CHLRE	psaC	7WZN	PSI-LHCI from Chlamydomonas reinhardtii with bound ferredoxin	37270022	10.1016/j.bbabio.2023.148986	2023	16	0	FES,CHL,SF4,PQN,CLA,CL0	FES,CHL,SF4,PQN,CLA,CL0	6	1	1
ARATH	CRY2	7X0X	Cryo-EM Structure of Arabidopsis CRY2 in active conformation	36371635	10.1016/j.xplc.2022.100475	2023	1	0	FAD	FAD	1	1	0
ARATH	CRY2	7X0Y	Cryo-EM Structure of Arabidopsis CRY2 tetramer in complex with CIB1 fragment	36371635	10.1016/j.xplc.2022.100475	2023	2	0	FAD	FAD	1	1	1
NEIME	acrIIC1	7X31	solution structure of an anti-CRISPR protein	36400778	10.1038/s41467-022-34551-8	2022	1	0			0	0	0
NEIME	acrIIC1	7X4B	Crystal Structure of An Anti-CRISPR Protein	36400778	10.1038/s41467-022-34551-8	2022	1	0	SO4		0	0	0
human	DPYSL2	7X68	CYS179 and CYS504 of CRMP2 were covalently binded by a Sesquiterpene lactone				1	0	BX0,NA	BX0	1	0	0
ARATH	EDS1	7XDD	Cryo-EM structure of EDS1 and PAD4	35857645	10.1126/science.abq3297	2022	2	0			0	0	1
ARATH	PAD4	7XDD	Cryo-EM structure of EDS1 and PAD4	35857645	10.1126/science.abq3297	2022	2	0			0	0	1
ARATH	EDS1	7XEY	EDS1-PAD4 complexed with pRib-ADP	35857645	10.1126/science.abq3297	2022	2	0	TRS,RP5,ADP	RP5,ADP	2	1	1
ARATH	PAD4	7XEY	EDS1-PAD4 complexed with pRib-ADP	35857645	10.1126/science.abq3297	2022	2	0	TRS,RP5,ADP	RP5,ADP	2	1	1
BACSU	secA	7XHA	Structure of the SecA/SecYE/proOmpA(4Y)-sfGFP complex with ADP.BeF3-.	36598944	10.1073/pnas.2208070120	2023	4	0	ADP,BEF,MG	ADP,BEF,MG	3	1	1
BACSU	secA	7XHB	Structure of the SecA/SecYE/proOmpA(4Y)-sfGFP complex with ADP	36598944	10.1073/pnas.2208070120	2023	4	0	ADP,MG	ADP,MG	2	1	1
ARATH	EDS1	7XJP	Cryo-EM structure of EDS1 and SAG101 with ATP-APDR	35857644	10.1126/science.abq8180	2022	2	0	ATP,APR,IPA	ATP,APR,IPA	3	1	1
human	CCNE1	7XQK	The Crystal Structure of CDK3 and CyclinE1 Complex from Biortus.	37104883	10.1016/j.bbrc.2023.04.026	2023	2	0	MES,GOL,SO4		0	0	1
NEIM8	cas9	7XVO	a bacteria protein complex				2	0			0	0	1
human	ASH1L	7Y0I	Solution structures of ASH1L PHD domain in complex with H3K4me2 peptide	36033518	10.3389/fonc.2022.906807	2022	2	0	ZN	ZN	1	1	1
human	NCSTN	7Y5T	CryoEM structure of PS1-containing gamma-secretase in complex with MRK-560	36272978	10.1038/s41467-022-33817-5	2022	4	0	IGD,PC1,NAG,CLR	IGD,PC1,NAG,CLR	4	0	1
yeast	RCO1	7YI0	Cryo-EM structure of Rpd3S complex	37468628	10.1038/s41586-023-06349-1	2023	5	0	ZN	ZN	1	1	1
yeast	RCO1	7YI2	Cryo-EM structure of Rpd3S in loose-state Rpd3S-NCP complex	37468628	10.1038/s41586-023-06349-1	2023	4	2	ZN	ZN	1	1	1
yeast	RCO1	7YI3	Cryo-EM structure of Rpd3S in close-state Rpd3S-NCP complex	37468628	10.1038/s41586-023-06349-1	2023	4	0	ZN	ZN	1	1	1
yeast	RCO1	7YI4	Cryo-EM structure of Rpd3S complex bound to H3K36me3 nucleosome in close state	37468628	10.1038/s41586-023-06349-1	2023	8	2	ZN	ZN	1	1	1
yeast	RCO1	7YI5	Cryo-EM structure of Rpd3S complex bound to H3K36me3 nucleosome in loose state	37468628	10.1038/s41586-023-06349-1	2023	8	2	ZN	ZN	1	1	1
ECOLX	mcr-1	7YJP	Crystal structure of MCR-1 treated by AuCl	36662362	10.1007/s00775-022-01983-y	2023	1	0	AU	AU	1	0	0
ECOLX	mcr-1	7YJQ	Crystal structure of MCR-1-S treated by auranofin	36662362	10.1007/s00775-022-01983-y	2023	1	0	AU	AU	1	0	0
yeast	CCT2	7YLU	yeast TRiC-plp2-substrate complex at S1 TRiC-NPP state	36921056	10.1126/sciadv.ade1207	2023	9	0			0	0	1
yeast	CCT5	7YLU	yeast TRiC-plp2-substrate complex at S1 TRiC-NPP state	36921056	10.1126/sciadv.ade1207	2023	9	0			0	0	1
yeast	CCT7	7YLU	yeast TRiC-plp2-substrate complex at S1 TRiC-NPP state	36921056	10.1126/sciadv.ade1207	2023	9	0			0	0	1
yeast	CCT2	7YLV	yeast TRiC-plp2-substrate complex at S2 ATP binding state	36921056	10.1126/sciadv.ade1207	2023	9	0			0	0	1
yeast	CCT5	7YLV	yeast TRiC-plp2-substrate complex at S2 ATP binding state	36921056	10.1126/sciadv.ade1207	2023	9	0			0	0	1
yeast	CCT7	7YLV	yeast TRiC-plp2-substrate complex at S2 ATP binding state	36921056	10.1126/sciadv.ade1207	2023	9	0			0	0	1
yeast	CCT2	7YLW	yeast TRiC-plp2-tubulin complex at S3 closed TRiC state	36921056	10.1126/sciadv.ade1207	2023	10	0	GTP,AF3,MG,ADP	GTP,AF3,MG,ADP	4	1	1
yeast	CCT5	7YLW	yeast TRiC-plp2-tubulin complex at S3 closed TRiC state	36921056	10.1126/sciadv.ade1207	2023	10	0	GTP,AF3,MG,ADP	GTP,AF3,MG,ADP	4	1	1
yeast	CCT7	7YLW	yeast TRiC-plp2-tubulin complex at S3 closed TRiC state	36921056	10.1126/sciadv.ade1207	2023	10	0	GTP,AF3,MG,ADP	GTP,AF3,MG,ADP	4	1	1
yeast	CCT2	7YLX	yeast TRiC-plp2-actin complex at S4 closed TRiC state	36921056	10.1126/sciadv.ade1207	2023	9	0	AF3,MG,ADP	AF3,MG,ADP	3	1	1
yeast	CCT5	7YLX	yeast TRiC-plp2-actin complex at S4 closed TRiC state	36921056	10.1126/sciadv.ade1207	2023	9	0	AF3,MG,ADP	AF3,MG,ADP	3	1	1
yeast	CCT7	7YLX	yeast TRiC-plp2-actin complex at S4 closed TRiC state	36921056	10.1126/sciadv.ade1207	2023	9	0	AF3,MG,ADP	AF3,MG,ADP	3	1	1
yeast	CCT2	7YLY	yeast TRiC-plp2 complex at S5 closed TRiC state	36921056	10.1126/sciadv.ade1207	2023	9	0	AF3,MG,ADP	AF3,MG,ADP	3	1	1
yeast	CCT5	7YLY	yeast TRiC-plp2 complex at S5 closed TRiC state	36921056	10.1126/sciadv.ade1207	2023	9	0	AF3,MG,ADP	AF3,MG,ADP	3	1	1
yeast	CCT7	7YLY	yeast TRiC-plp2 complex at S5 closed TRiC state	36921056	10.1126/sciadv.ade1207	2023	9	0	AF3,MG,ADP	AF3,MG,ADP	3	1	1
RAMVA	RvY_13070	7YPP	Structural basis of a superoxide dismutase from a tardigrade, Ramazzottius varieornatus strain YOKOZUNA-1.	37358501	10.1107/S2053230X2300523X	2023	1	0	CA,ZN,CU	CA,ZN,CU	3	1	0
RAMVA	RvY_13070	7YPR	Structural basis of a superoxide dismutase from a tardigrade, Ramazzottius varieornatus strain YOKOZUNA-1.	37358501	10.1107/S2053230X2300523X	2023	1	0	K,CU,ZN	CU,ZN	2	1	0
human	KL	7YSH	Cryo-EM Structure of FGF23-FGFR1c-aKlotho-HS Quaternary Complex	37286607	10.1038/s41586-023-06155-9	2023	3	0	CU,ZN	CU,ZN	2	1	1
human	KL	7YSU	Cryo-EM Structure of FGF23-FGFR3c-aKlotho-HS Quaternary Complex	37286607	10.1038/s41586-023-06155-9	2023	3	0	CU,ZN	CU,ZN	2	1	1
human	KL	7YSW	Cryo-EM Structure of FGF23-FGFR4-aKlotho-HS Quaternary Complex	37286607	10.1038/s41586-023-06155-9	2023	3	0	ZN,CU	ZN,CU	2	1	1
ECOLI	appA	7Z1J	Escherichia coli periplasmic phytase AppA, complex with phosphate	35683026	10.3390/ijms23116346	2022	1	0	MG,NI,PO4	MG,NI	2	1	0
ECOLI	appA	7Z2S	Escherichia coli periplasmic phytase AppA, complex with myo-inositol hexakissulfate	35683026	10.3390/ijms23116346	2022	1	0	K,NI,IHS	NI,IHS	2	1	0
ECOLI	appA	7Z2T	Escherichia coli periplasmic phytase AppA D304A mutant, complex with myo-inositol hexakissulfate	35683026	10.3390/ijms23116346	2022	1	0	MES,PO4,GOL,IHS	IHS	1	0	0
ECOLI	appA	7Z2W	Escherichia coli periplasmic phytase AppA D304A,T305E mutant, complex with myo-inositol hexakissulfate	35683026	10.3390/ijms23116346	2022	1	0	MES,PO4,GOL,IHS	IHS	1	0	0
ECOLI	appA	7Z2Y	Escherichia coli periplasmic phytase AppA T305E mutant, complex with myo-inositol hexakissulfate	35683026	10.3390/ijms23116346	2022	1	0	NI,IHS	NI,IHS	2	1	0
ECOLI	appA	7Z32	Escherichia coli periplasmic phytase AppA D304A mutant, phosphohistidine intermediate	35683026	10.3390/ijms23116346	2022	1	0	NI	NI	1	1	0
ECOLI	appA	7Z3V	Escherichia coli periplasmic phytase AppA D304E mutant, complex with myo-inositol hexakissulfate	35683026	10.3390/ijms23116346	2022	1	0	K,IHS	IHS	1	0	0
human	GYS1	7ZBN	Cryo-EM structure of the human GS-GN complex in the inhibited state	35690592	10.1038/s41467-022-31109-6	2022	3	0			0	0	1
human	EEFSEC	7ZJW	Rabbit 80S ribosome as it decodes the Sec-UGA codon	35709277	10.1126/science.abg3875	2022	79	7	GTP,SER,MG,K,ZN,NA	GTP,SER,MG,ZN	4	1	1
human	BCKDK	7ZPE	human branched Chain Keto Acid Dehydrogenase Kinase in complex with ligand				1	0	JP6,EDO	JP6	1	0	0
CHLRE	psaC	7ZQ9	Dimeric PSI of Chlamydomonas reinhardtii at 2.74 A resolution (symmetry expanded)	36229605	10.1038/s41477-022-01253-4	2022	20	0	NEX,XAT,CHL,DGD,LUT,LMG,LMU,SF4,BCR,LHG,PQN,CLA,CL0	NEX,XAT,CHL,DGD,LUT,LMG,LMU,SF4,BCR,LHG,PQN,CLA,CL0	13	1	1
CHLRE	psaC	7ZQC	Monomeric PSI of Chlamydomonas reinhardtii at 2.31 A resolution	36229605	10.1038/s41477-022-01253-4	2022	19	0	NEX,XAT,CHL,DGD,LUT,LMG,LMU,SF4,BCR,LHG,PQN,CLA,CL0	NEX,XAT,CHL,DGD,LUT,LMG,LMU,SF4,BCR,LHG,PQN,CLA,CL0	13	1	1
human	P4HB	7ZSC	Crystal structure of the heterodimeric human C-P4H-II with truncated alpha subunit (C-P4H-II delta281)	36265586	10.1016/j.jbc.2022.102614	2022	2	0	SO4		0	0	1
human	AIP	7ZUB	Cryo-EM structure of the indirubin-bound Hsp90-XAP2-AHR complex	36385050	10.1038/s41467-022-34773-w	2022	3	0	JY6,MOO,MG,ADP	JY6,MOO,MG,ADP	4	1	1
human	LNPEP	7ZYF	Insulin regulated aminopeptidase (IRAP) in complex with a nanomolar alpha hydroxy beta amino acid based inhibitor.	35833347	10.1021/acs.jmedchem.2c00904	2022	1	0	EDO,KFR,NAG,ZN,TRS,PEG	KFR,NAG,ZN	3	1	0
yeast	APC11	8A3T	S. cerevisiae APC/C-Cdh1 complex				15	0	ZN	ZN	1	1	1
yeast	APC11	8A5Y	S. cerevisiae apo unphosphorylated APC/C.				13	0	ZN	ZN	1	1	1
yeast	APC11	8A61	S. cerevisiae apo phosphorylated APC/C				13	0			0	0	1
human	STK3	8A66	Crystal structure of MST2 in complex with XMU-MP-1				2	0	NA,5BS	5BS	1	0	1
CANLF	Canf1	8AEH	X-ray structure of Canis familiaris Odorant Binding Protein 1				1	0	CA	CA	1	0	0
CANLF	Canf2	8AEI	X-ray structure of Canis familiaris Odorant Binding Protein 2 bound to citronellal				1	0	MG,ODM	MG,ODM	2	0	0
CANLF	Canf6	8AEJ	X-ray structure of Canis familiaris Odorant Binding Protein 3 bound to menthone				1	0	LWE	LWE	1	0	0
human	HSD17B4	8AF2	Human Sterol Carrier Protein with unnatural amino acid 2,2'-bipyridine alanine incorporated at position 111	38505507	10.1039/d3cy01648j	2024	1	0	TRT,SO4,CU	TRT,CU	2	1	0
human	HSD17B4	8AF3	Sterol carrier protein Artifical metalloenzyme incorporating Q111C mutation coupled to 2,2'-bipyridine	38505507	10.1039/d3cy01648j	2024	1	0	TRT,SO4,CU	TRT,CU	2	1	0
FELCA	Feld4	8AMC	Crystal Structure of cat allergen Fel d 4	41286560	10.1111/all.70146	2025	1	0	SO4		0	0	0
human	SIRT1	8ANB	14-3-3 sigma sirtuin-1 phospho-peptide complex	41410196	10.1107/S2053230X25010908	2026	2	0	CL,MG	MG	1	0	1
human	SHMT2	8AQL	High-resolution crystal structure of human SHMT2				1	0	PLG,EDO	PLG	1	0	0
PSEPK	PP_0262	8AYV	Crystal structure of the Malonyl-ACP Decarboxylase MadB from Pseudomonas putida	36796578	10.1016/j.ymben.2023.02.006	2023	1	0			0	0	0
BACSU	sigE	8B3Z	SigE N-terminal Domain	37110501	10.3390/microorganisms11041077	2023	1	0			0	0	0
human	DAD1	8B6L	Subtomogram average of the human Sec61-TRAP-OSTA-translocon	36697828	10.1038/s41586-022-05638-5	2023	16	0			0	0	1
human	SSR2	8B6L	Subtomogram average of the human Sec61-TRAP-OSTA-translocon	36697828	10.1038/s41586-022-05638-5	2023	16	0			0	0	1
human	GPI	8BBH	The crystal structure of a mouse Fab fragment TL1 in complex with a human Glucose-6-phosphate isomerase peptide 293-307	36858822	10.1136/ard-2022-223633	2023	3	0			0	0	1
DESVH	P07598	8BJ7	Nitratidesulfovibrio vulgaris FeFe Hydrogenase C178A mutant in Hinact-like state	36937599	10.1039/d2sc06098a	2023	2	0	VHR,SF4	VHR,SF4	2	1	1
DESVH	P07598	8BJ8	Nitratidesulfovibrio vulgaris FeFe Hydrogenase C178A mutant in Htrans-like state	36937599	10.1039/d2sc06098a	2023	2	0	SF4,VHR	SF4,VHR	2	1	1
human	RASA1	8BOS	Transition state analogue complex of small G protein and its GAP effector				2	0	GDP,MGF,MG,GAI	GDP,MGF,MG,GAI	4	1	1
human	MEFV	8C28	14-3-3 in complex with PyrinpS208pS242	36774661	10.1016/j.bbrc.2023.02.013	2023	2	0	B3P	B3P	1	0	1
mouse	Ndufb1	8C2S	Cryo-EM structure NDUFS4 knockout complex I from Mus musculus heart (Class 1).	38177503	10.1038/s44318-023-00001-4	2024	42	0	SF4,PC1,EHZ,ZN,NAP,GTP,LMT,CDL,3PE,FMN,FES	SF4,PC1,EHZ,ZN,NAP,GTP,LMT,CDL,3PE,FMN,FES	11	1	1
human	MEFV	8C2Y	14-3-3 in complex with Pyrinp pS242	36774661	10.1016/j.bbrc.2023.02.013	2023	2	0			0	0	1
human	MEFV	8C30	Crystal structure of 14-3-3 in complex with PyrinpS242 and a protein/peptide interface fragment	36774661	10.1016/j.bbrc.2023.02.013	2023	2	0	CA,MG,PE5,463	CA,MG,PE5,463	4	0	1
mouse	Ndufb1	8CA3	Cryo-EM structure NDUFS4 knockout complex I from Mus musculus heart (Class 2).	38177503	10.1038/s44318-023-00001-4	2024	42	0	3PE,CDL,NDP,EHZ,ZN,GTP,LMT,UQ9,FMN,FES,PC1,SF4	3PE,CDL,NDP,EHZ,ZN,GTP,LMT,UQ9,FMN,FES,PC1,SF4	12	1	1
mouse	Ndufb1	8CA5	Cryo-EM structure NDUFS4 knockout complex I from Mus musculus heart (Class 3).	38177503	10.1038/s44318-023-00001-4	2024	42	0	PC1,EHZ,NDP,GTP,LMT,CDL,UQ9,FMN,FES,3PE,SF4	PC1,EHZ,NDP,GTP,LMT,CDL,UQ9,FMN,FES,3PE,SF4	11	1	1
human	HSD17B10	8CBK	Structure of human mitochondrial RNase P in complex with mitochondrial pre-tRNA-His(5,Ser)	38824131	10.1038/s41467-024-49132-0	2024	3	1	NAD,SAH,MG,ZN	NAD,SAH,MG,ZN	4	1	1
human	HSD17B10	8CBL	Structure of human mitochondrial RNase Z in complex with mitochondrial pre-tRNA-His(0,Ser)	38824131	10.1038/s41467-024-49132-0	2024	3	1	ZN,SAH,NAD	ZN,SAH,NAD	3	1	1
human	HSD17B10	8CBM	Structure of human mitochondrial CCA-adding enzyme in complex with mitochondrial pre-tRNA-Ile	38824131	10.1038/s41467-024-49132-0	2024	3	1	NAD,CDP,SAH	NAD,CDP,SAH	3	1	1
human	HSD17B10	8CBO	Structure of human mitochondrial MRPP1-MRPP2 in complex with mitochondrial pre-tRNA-Ile	38824131	10.1038/s41467-024-49132-0	2024	2	1	NAD,SAH	NAD,SAH	2	1	1
PSEAE	rpsD	8CD1	70S-PHIKZ014	38443577	10.1038/s41564-024-01616-x	2024	49	4	MG	MG	1	0	1
human	LNPEP	8CGP	Insulin regulated aminopeptidase (IRAP) in complex with an allosteric aryl sulfonamide inhibitor	38244767	10.1016/j.jmb.2024.168449	2024	1	0	UKG,NAG,EDO,PEG,ZN,MLT	UKG,NAG,ZN,MLT	4	1	0
human	LNPEP	8CGW	Insulin-regulated aminopeptidase (IRAP) in complex with an allosteric benzopyran-based inhibitor	38244767	10.1016/j.jmb.2024.168449	2024	1	0	ZN,NAG,EDO,PEG,UJX,GLY	ZN,NAG,UJX,GLY	4	1	0
human	GYS1	8CVX	Human glycogenin-1 and glycogen synthase-1 complex in the presence of glucose-6-phosphate	35793618	10.1016/j.celrep.2022.111041	2022	2	0	G6P	G6P	1	0	1
human	GYS1	8CVY	Human glycogenin-1 and glycogen synthase-1 complex in the apo mobile state	35793618	10.1016/j.celrep.2022.111041	2022	2	0			0	0	1
human	GYS1	8CVZ	Human glycogenin-1 and glycogen synthase-1 complex in the apo ordered state	35793618	10.1016/j.celrep.2022.111041	2022	2	0			0	0	1
human	AP1S3	8D4C	beta-Arf1 mediated dimeric assembly of AP-1, Arf1, Nef complex within lattice on MHC-I lipopeptide incorporated narrow membrane tubes	36269825	10.1126/sciadv.add3914	2022	7	0	GTP,MG	GTP,MG	2	1	1
human	AP1S3	8D4D	gamma-Arf1 mediated dimeric assembly of AP-1, Arf1, Nef complex within lattice on MHC-I lipopeptide incorporated narrow membrane tubes	36269825	10.1126/sciadv.add3914	2022	7	0	MG,GTP	MG,GTP	2	1	1
human	AP1S3	8D4E	Asymmetric unit of AP-1, Arf1, Nef lattice on MHC-I lipopeptide incorporated wide(r) membrane tubes	36269825	10.1126/sciadv.add3914	2022	7	0	MG,GTP	MG,GTP	2	1	1
human	AP1S3	8D4F	beta-Arf1 mediated dimeric assembly of AP-1, Arf1, Nef complex within lattice on MHC-I lipopeptide incorporated wide(r) membrane tubes	36269825	10.1126/sciadv.add3914	2022	7	0	MG,GTP	MG,GTP	2	1	1
human	AP1S3	8D4G	gamma-Arf1 mediated dimeric assembly of AP-1, Arf1, Nef complex within lattice on MHC-I lipopeptide incorporated wide(r) membrane tubes	36269825	10.1126/sciadv.add3914	2022	7	0	GTP,MG	GTP,MG	2	1	1
human	COX8A	8D4T	Mammalian CIV with GDN bound	35858451	10.1073/pnas.2205228119	2022	13	0	CU,NA,HEA,PGV,PEK,ZN,9Z9,MG	CU,HEA,PGV,PEK,ZN,9Z9,MG	7	1	1
human	AP1S3	8D9R	AP-1, Arf1, Nef lattice on MHC-I lipopeptide incorporated wide membrane tubes, centered on gamma-Arf1	36269825	10.1126/sciadv.add3914	2022	7	0	MG,GTP	MG,GTP	2	1	1
human	AP1S3	8D9S	AP-1, Arf1, Nef lattice on MHC-I lipopeptide incorporated wide membrane tubes, centered on beta-Arf1	36269825	10.1126/sciadv.add3914	2022	7	0	MG,GTP	MG,GTP	2	1	1
human	KITLG	8DFM	Ectodomain of full-length wild-type KIT-SCF dimers	36943885	10.1073/pnas.2300054120	2023	2	0	NAG	NAG	1	0	1
human	KITLG	8DFP	Ectodomain of full-length KIT(DupA502,Y503)-SCF dimers	36943885	10.1073/pnas.2300054120	2023	2	0	NAG	NAG	1	0	1
human	KITLG	8DFQ	Ectodomain of full-length KIT(T417I,delta418-419)-SCF dimers	36943885	10.1073/pnas.2300054120	2023	2	0	NAG	NAG	1	0	1
BPD31	orf30	8DFS	type I-C Cascade bound to AcrIF2	36805026	10.1016/j.molcel.2023.01.024	2023	5	1			0	0	1
DROME	loqs	8DFV	Structural Basis of MicroRNA Biogenesis by Dicer-1 and Its Partner Protein Loqs-PB - complex IIa	36182693	10.1016/j.molcel.2022.09.002	2022	2	1	CA	CA	1	0	1
DROME	loqs	8DG5	Structural Basis of MicroRNA Biogenesis by Dicer-1 and Its Partner Protein Loqs-PB - complex IIb	36182693	10.1016/j.molcel.2022.09.002	2022	2	1	MG,U5P	MG,U5P	2	0	1
DROME	loqs	8DG7	Structural Basis of MicroRNA Biogenesis by Dicer-1 and Its Partner Protein Loqs-PB - complex III	36182693	10.1016/j.molcel.2022.09.002	2022	2	2	U5P,MG	U5P,MG	2	0	1
DROME	loqs	8DGA	Structural Basis of MicroRNA Biogenesis by Dicer-1 and Its Partner Protein Loqs-PB - complex IV	36182693	10.1016/j.molcel.2022.09.002	2022	2	2	U5P	U5P	1	0	1
DROME	loqs	8DGI	Structural Basis of MicroRNA Biogenesis by Dicer-1 and Its Partner Protein Loqs-PB - complex Ia	36182693	10.1016/j.molcel.2022.09.002	2022	2	0			0	0	1
DROME	loqs	8DGJ	Structural Basis of MicroRNA Biogenesis by Dicer-1 and Its Partner Protein Loqs-PB - complex Ib	36182693	10.1016/j.molcel.2022.09.002	2022	2	0			0	0	1
human	RASA1	8DGQ	Crystal structure of p120RasGAP SH2-SH3-SH2 in complex with p190RhoGAP doubly phosphorylated peptide	36417908	10.1016/j.str.2022.10.009	2022	2	0	MLI		0	0	1
human	DPYSL2	8DNM	Human Brain Dihydropyrimidinase-related protein 2	36450447	10.26508/lsa.202201724	2023	1	0			0	0	0
human	GAPDH	8DNS	Human Brain Glyceraldehyde 3-phosphate dehydrogenase	36450447	10.26508/lsa.202201724	2023	1	0			0	0	0
human	GLUL	8DNU	Human Brain Glutamine Synthetase	36450447	10.26508/lsa.202201724	2023	1	0	MN	MN	1	1	0
human	BCL11A	8DTN	The complex of nanobody 6101 with BCL11A ZF6	36626555	10.1073/pnas.2218959120	2023	2	0	ZN,MG	ZN,MG	2	1	1
human	BCL11A	8DTU	The complex of nanobody 5344N74D with BCL11A ZF6.	36626555	10.1073/pnas.2218959120	2023	3	0	ZN	ZN	1	1	1
human	GSTZ1	8E8P	GSTZ1A				1	0			0	0	0
yeast	VMA22	8EAS	Yeast VO in complex with Vma12-22p	36724250	10.1073/pnas.2217181120	2023	11	0			0	0	1
yeast	VMA22	8EAT	Yeast VO missing subunits a, e, and f in complex with Vma12-22p	36724250	10.1073/pnas.2217181120	2023	8	0			0	0	1
human	GSDMB	8EFP	CryoEM structure of GSDMB in complex with shigella IpaH7.8	36991122	10.1038/s41586-023-05832-z	2023	2	0			0	0	1
OCTBM	CRT1	8EIS	Cryo-EM structure of octopus sensory receptor CRT1	37045920	10.1038/s41586-023-05822-1	2023	1	0	NAG,DU0	NAG,DU0	2	0	0
human	PRDX4	8EKW	Cryo-EM structure of human PRDX4	37289586	10.1016/j.celrep.2023.112609	2023	1	0			0	0	0
human	PRDX4	8EKY	Cryo-EM structure of the human PRDX4-ErP46 complex	37289586	10.1016/j.celrep.2023.112609	2023	2	0			0	0	1
human	IL21	8ENT	Interleukin-21 signaling complex with IL-21R and IL-2Rg	37339051	10.1016/j.celrep.2023.112657	2023	3	0	EDO,NAG	NAG	1	0	1
human	CYP8B1	8EOH	crystal structure of human Cytochrome P450 8B1 in complex with a C12-Pyridine Containing Steroid	36806682	10.1016/j.jbc.2023.103032	2023	1	0	HEM,WOL	HEM,WOL	2	1	0
human	EMC10	8EOI	Structure of a human EMC:human Cav1.2 channel complex in GDN detergent	37196677	10.1038/s41586-023-06175-5	2023	11	0	NAG,9Z9	NAG,9Z9	2	0	1
human	P4HB	8EOJ	Microsomal triglyceride transfer protein	37289586	10.1016/j.celrep.2023.112609	2023	2	0			0	0	1
CANLF	Canf1	8EPU	1.6 A crystal structure of the lipocalin dog allergen Can f 1 with the C118S mutation	36960093	10.3389/falgy.2023.1133412	2023	1	0			0	0	0
FELCA	Feld7	8EPV	2.2 A crystal structure of the lipocalin cat allergen Fel d 7	36960093	10.3389/falgy.2023.1133412	2023	1	0	ACT,EDO,ZN	ZN	1	1	0
human	EIF2AK3	8EQ9	Co-crystal structure of PERK with compound 11	36297668	10.3390/pharmaceutics14102233	2022	1	0	WPB	WPB	1	0	0
human	EIF2AK3	8EQD	Co-crystal structure of PERK with compound 24	36297668	10.3390/pharmaceutics14102233	2022	1	0	WPX	WPX	1	0	0
human	EIF2AK3	8EQE	Co-crystal structure of PERK with compound 26	36297668	10.3390/pharmaceutics14102233	2022	1	0	WQ2	WQ2	1	0	0
human	AEBP2	8EQV	Cryo-EM structure of PRC2 in complex with the long isoform of AEBP2	41168462	10.1038/s44318-025-00616-9	2025	5	0			0	0	1
human	DGAT1	8ESM	Human triacylglycerol synthesizing enzyme DGAT1 in complex with T863 inhibitor	37248213	10.1038/s41467-023-38934-3	2023	1	0	WS0	WS0	1	0	0
SCHPO	nip7	8ESQ	Ytm1 associated nascent 60S ribosome State 2	36423630	10.1016/j.molcel.2022.10.033	2022	55	3	ZN	ZN	1	1	1
SCHPO	nip7	8ESR	Ytm1 associated nascent 60S ribosome (-fkbp39) State 2	36423630	10.1016/j.molcel.2022.10.033	2022	53	3	ZN	ZN	1	1	1
human	ADAM10	8ESV	Structure of human ADAM10-Tspan15 complex bound to 11G2 vFab	37516108	10.1016/j.cell.2023.06.026	2023	4	0	ZN,CA,NAG,Y01,BAT	ZN,CA,NAG,Y01,BAT	5	1	1
human	GSDMB	8ET1	CryoEM structure of GSDMB pore without transmembrane beta-barrel	36991122	10.1038/s41586-023-05832-z	2023	1	0			0	0	0
human	GSDMB	8ET2	CryoEM structure of the GSDMB pore	36991122	10.1038/s41586-023-05832-z	2023	1	0			0	0	0
human	DGAT1	8ETM	Human triacylglycerol synthesizing enzyme DGAT1 in complex with DGAT1IN1 inhibitor	37248213	10.1038/s41467-023-38934-3	2023	1	0	WTT	WTT	1	0	0
mouse	Jak1	8EWY	Structure of Janus Kinase (JAK) dimer complexed with cytokine receptor intracellular domain	36867534	10.1016/j.celrep.2023.112201	2023	2	0	ADP,ADN	ADP,ADN	2	1	1
ARATH	PYR1	8EY0	Structure of an orthogonal PYR1*:HAB1* chemical-induced dimerization module in complex with mandipropamid	37872402	10.1038/s41589-023-01447-7	2024	2	0	3UZ,GOL	3UZ	1	0	1
human	BCKDK	8F5F	human branched chain ketoacid dehydrogenase kinase in complex with inhibitors	37558654	10.1038/s41467-023-40536-y	2023	1	0	SO4,XGG,MG,ADP	XGG,MG,ADP	3	1	0
human	BCKDK	8F5J	human branched chain ketoacid dehydrogenase kinase in complex with inhibitors	37558654	10.1038/s41467-023-40536-y	2023	1	0	XER,K,MG,ADP	XER,MG,ADP	3	1	0
human	BCKDK	8F5S	human branched chain ketoacid dehydrogenase kinase in complex with inhibitors	37558654	10.1038/s41467-023-40536-y	2023	1	0	ADP,XGT,SO4,K,MG	ADP,XGT,MG	3	1	0
human	RAD51C	8FAZ	Cryo-EM structure of the human BCDX2 complex	37344589	10.1038/s41586-023-06219-w	2023	4	0	ADP,ANP,MG	ADP,ANP,MG	3	1	1
human	SHMT2	8FJT	Human mitochondrial serine hydroxymethyltransferase (SHMT2) in complex with PLP, glycine and AGF362 inhibitor	37582241	10.1021/acs.jmedchem.3c00763	2023	1	0	PLG,Y72,GLY,PLP	PLG,Y72,GLY,PLP	4	1	0
human	SHMT2	8FJU	Human mitochondrial serine hydroxymethyltransferase (SHMT2) in complex with PLP, glycine and AGF347 inhibitor	37582241	10.1021/acs.jmedchem.3c00763	2023	1	0	PLG,Y79	PLG,Y79	2	0	0
PSEAB	cas3	8FLJ	Cas1-Cas2/3 integrase and IHF bound to CRISPR leader, repeat and foreign DNA	37710013	10.1038/s41594-023-01097-2	2023	4	4			0	0	1
METEA	lanM	8FNS	X-ray crystal structure of Methylorubrum extorquens AM1 lanmodulin (LanM) with neodymium (III) bound at pH 7	37259003	10.1038/s41586-023-05945-5	2023	1	0	ND	ND	1	0	0
NEUCR	cao-1	8FU2	Crystal structure of T151G CAO1 in complex with piceatannol	40147775	10.1016/j.jbc.2025.108444	2025	1	0	FE2,BEZ,PIT	FE2,BEZ,PIT	3	1	0
NEUCR	cao-1	8FU5	Crystal structure of Fe-CAO1 in complex with piceatannol	40147775	10.1016/j.jbc.2025.108444	2025	1	0	FE2,PIT,BEZ	FE2,PIT,BEZ	3	1	0
human	AEBP2	8FYH	G4 RNA-mediated PRC2 dimer	37733873	10.1126/science.adh0059	2023	6	1	ZN	ZN	1	1	1
human	NAA25	8G0L	Semi-synthetic CoA-alpha-Synuclein Constructs Trap N-terminal Acetyltransferase NatB for Binding Mechanism Studies	37319422	10.1021/jacs.3c03887	2023	3	0	CMC	CMC	1	0	1
human	GAPDH	8G12	CryoEM structure of nuclear GAPDH under 8h Oxidative Stress	37487103	10.1073/pnas.2302471120	2023	1	0			0	0	0
human	GAPDH	8G13	CryoEM structure of cytosolic GAPDH under 8h Oxidative Stress	37487103	10.1073/pnas.2302471120	2023	1	0			0	0	0
human	RELN	8G21	Reelin C-Terminal Region	37188781	10.1038/s41591-023-02318-3	2023	1	0			0	0	0
human	RAD51C	8GBJ	Cryo-EM structure of a human BCDX2/ssDNA complex	37344589	10.1038/s41586-023-06219-w	2023	4	1	ANP	ANP	1	1	1
human	P4HB	8GDY	Crystal structure of the human PDI first domain with 9 mutations	38358135	10.1002/pro.4898	2024	1	0	SCN,EDO		0	0	0
188937	mcrA	8GF5	McrD binds asymmetrically to methyl-coenzyme M reductase improving active site accessibility during assembly	37307484	10.1073/pnas.2302815120	2023	4	0	F43,TP7,COM	F43,TP7,COM	3	1	1
METAC	mcrA	8GF5	McrD binds asymmetrically to methyl-coenzyme M reductase improving active site accessibility during assembly	37307484	10.1073/pnas.2302815120	2023	4	0	F43,TP7,COM	F43,TP7,COM	3	1	1
188937	mcrA	8GF6	Apo-apo MCR assembly intermediate	37307484	10.1073/pnas.2302815120	2023	4	0			0	0	1
METAC	mcrA	8GF6	Apo-apo MCR assembly intermediate	37307484	10.1073/pnas.2302815120	2023	4	0			0	0	1
human	SHMT2	8GKS	Human mitochondrial serine hydroxymethyltransferase (SHMT2) in complex with PLP, glycine and AGF291 inhibitor	38324671	10.1021/acs.biochem.3c00613	2024	1	0	GLY,Y6U,PLP	GLY,Y6U,PLP	3	1	0
human	SHMT2	8GKT	Human mitochondrial serine hydroxymethyltransferase (SHMT2) in complex with PLP, glycine and AGF320 inhibitor	38324671	10.1021/acs.biochem.3c00613	2024	1	0	Y7L,PLG	Y7L,PLG	2	0	0
BPT4	gp23	8GMO	Bacteriophage T4 capsid shell containing 9DE insertions into the gp23* major capsid protein subunits	37253769	10.1038/s41467-023-38364-1	2023	2	0			0	0	1
human	IDH3B	8GRB	Crystal structure of a constitutively active mutant of the alpha beta heterodimer of human IDH3	36375638	10.1016/j.jbc.2022.102695	2022	2	0			0	0	1
human	IDH3B	8GRD	Crystal structure of a constitutively active mutant of the alpha beta heterodimer of human IDH3 in complex with ADP and Mg	36375638	10.1016/j.jbc.2022.102695	2022	2	0	MG,ADP	MG,ADP	2	1	1
human	IDH3B	8GRU	Crystal structure of a constitutively active mutant of the alpha beta heterodimer of human IDH3 in complex with ICT, NAD and Ca	36375638	10.1016/j.jbc.2022.102695	2022	2	0	ICT,CA,NAD	ICT,CA,NAD	3	1	1
human	IDH3B	8GS5	Crystal structure of a constitutively active mutant of human IDH3 holoenzyme in apo form	36375638	10.1016/j.jbc.2022.102695	2022	3	0			0	0	1
human	SDHD	8GS8	cryo-EM structure of the human respiratory complex II	37098072	10.1073/pnas.2216713120	2023	4	0	FES,HEM,UQ1,F3S,SF4,FAD,PEV	FES,HEM,UQ1,F3S,SF4,FAD,PEV	7	1	1
human	GSDMB	8GTJ	Crystal structure of IpaH7.8-LRR and GSDMB isoform-4 complex	36991125	10.1038/s41586-023-05872-5	2023	2	0			0	0	1
human	GSDMB	8GTK	Crystal structure of IpaH7.8-LRR and GSDMB isoform-1 complex	36991125	10.1038/s41586-023-05872-5	2023	2	0			0	0	1
human	GSDMB	8GTN	Cryo-EM structure of the gasdermin B pore	36991125	10.1038/s41586-023-05872-5	2023	1	0			0	0	0
human	CCNE1	8H4R	The Crystal Structure of CDK3 and CyclinE1 Complex with Dinaciclib from Biortus	37104883	10.1016/j.bbrc.2023.04.026	2023	2	0	MES,GOL,SO4,1QK	1QK	1	0	1
human	CCNE1	8H6P	Complex structure of CDK2/Cyclin E1 and a potent, selective macrocyclic inhibitor	36923916	10.1021/acsmedchemlett.2c00515	2023	2	0	WZU	WZU	1	0	1
human	CCNE1	8H6T	Complex structure of CDK2/Cyclin E1 and a potent, selective small molecule inhibitor	36923916	10.1021/acsmedchemlett.2c00515	2023	2	0	WZZ	WZZ	1	0	1
human	ATP5PO	8H9E	Human ATP synthase F1 domain, state 1	37244256	10.1016/j.molcel.2023.04.029	2023	5	0	ADP,MG,ATP	ADP,MG,ATP	3	1	1
human	ATP5F1E	8H9F	Human ATP synthase state 1 subregion 3	37244256	10.1016/j.molcel.2023.04.029	2023	12	0	3PH,CDL	3PH,CDL	2	0	1
human	ATP5PO	8H9I	Human ATP synthase F1 domain, state2	37244256	10.1016/j.molcel.2023.04.029	2023	4	0	ATP,ADP,MG	ATP,ADP,MG	3	1	1
human	ATP5F1E	8H9J	Human ATP synthase state2 subregion 3	37244256	10.1016/j.molcel.2023.04.029	2023	12	0			0	0	1
human	ATP5PO	8H9L	Human ATP synthase F1 domain, state 3a	37244256	10.1016/j.molcel.2023.04.029	2023	5	0	ADP,MG,ATP	ADP,MG,ATP	3	1	1
human	ATP5F1E	8H9M	Human ATP synthase state 3a subregion 3	37244256	10.1016/j.molcel.2023.04.029	2023	12	0			0	0	1
human	ATP5PO	8H9P	Human ATP synthase F1 domain, state 3b	37244256	10.1016/j.molcel.2023.04.029	2023	4	0	ADP,MG,ATP	ADP,MG,ATP	3	1	1
human	ATP5F1E	8H9Q	Human ATP synthase state 3b subregion 3	37244256	10.1016/j.molcel.2023.04.029	2023	12	0			0	0	1
human	ATP5F1E	8H9S	Human ATP synthase state 1 (combined)	37244256	10.1016/j.molcel.2023.04.029	2023	17	0	MG,3PH,ADP,ATP,CDL	MG,3PH,ADP,ATP,CDL	5	1	1
human	ATP5PO	8H9S	Human ATP synthase state 1 (combined)	37244256	10.1016/j.molcel.2023.04.029	2023	17	0	MG,3PH,ADP,ATP,CDL	MG,3PH,ADP,ATP,CDL	5	1	1
human	ATP5F1E	8H9T	Human ATP synthase state 2 (combined)	37244256	10.1016/j.molcel.2023.04.029	2023	16	0	ATP,MG,ADP	ATP,MG,ADP	3	1	1
human	ATP5PO	8H9T	Human ATP synthase state 2 (combined)	37244256	10.1016/j.molcel.2023.04.029	2023	16	0	ATP,MG,ADP	ATP,MG,ADP	3	1	1
human	ATP5F1E	8H9U	Human ATP synthase state 3a (combined)	37244256	10.1016/j.molcel.2023.04.029	2023	17	0	ATP,MG,ADP	ATP,MG,ADP	3	1	1
human	ATP5PO	8H9U	Human ATP synthase state 3a (combined)	37244256	10.1016/j.molcel.2023.04.029	2023	17	0	ATP,MG,ADP	ATP,MG,ADP	3	1	1
human	ATP5F1E	8H9V	Human ATP synthase state 3b (combined)	37244256	10.1016/j.molcel.2023.04.029	2023	16	0	MG,ADP,ATP	MG,ADP,ATP	3	1	1
human	ATP5PO	8H9V	Human ATP synthase state 3b (combined)	37244256	10.1016/j.molcel.2023.04.029	2023	16	0	MG,ADP,ATP	MG,ADP,ATP	3	1	1
NEIM8	cas9	8HJ4	CryoEM structure of an anti-CRISPR protein AcrIIC5 bound to Nme1Cas9-sgRNA complex	36744495	10.1093/nar/gkad052	2023	2	1			0	0	1
NEIM8	cas9	8HS8	a bacteria protein complex				2	0			0	0	1
human	AMPD2	8HU6	AMP deaminase 2 in complex with AMP	36563792	10.1016/j.bmcl.2022.129110	2023	1	0	ZN,AMP,SO4	ZN,AMP	2	1	0
human	AMPD2	8HUB	AMP deaminase 2 in complex with an inhibitor	36563792	10.1016/j.bmcl.2022.129110	2023	1	0	N4X,ZN	N4X,ZN	2	1	0
yeast	RCO1	8HXX	Cryo-EM structure of the histone deacetylase complex Rpd3S	37798513	10.1038/s41594-023-01121-5	2023	5	0	ZN	ZN	1	1	1
yeast	RCO1	8HXY	Cryo-EM structure of the histone deacetylase complex Rpd3S in complex with nucleosome	37798513	10.1038/s41594-023-01121-5	2023	8	2	ZN	ZN	1	1	1
yeast	RCO1	8HY0	Composite cryo-EM structure of the histone deacetylase complex Rpd3S in complex with nucleosome	37798513	10.1038/s41594-023-01121-5	2023	8	2	ZN	ZN	1	1	1
human	CWC27	8I0R	The cryo-EM structure of human Bact-I complex	39068178	10.1038/s41467-024-50785-0	2024	44	4	ZN,MG,GTP,IHP	ZN,MG,GTP,IHP	4	1	1
yeast	RCO1	8I3F	Crystal structure of Rco1-Eaf3 with peptide of histone H3 N-terminal	37236927	10.1038/s41421-023-00565-9	2023	3	0	ZN	ZN	1	1	1
ORYSJ	CPS4	8I6P	The cryo-EM structure of OsCyc1 tetramer state	37932442	10.1038/s42004-023-01042-w	2023	1	0			0	0	0
ORYSJ	CPS4	8I6T	The cryo-EM structure of OsCyc1 hexamer state	37932442	10.1038/s42004-023-01042-w	2023	1	0			0	0	0
ORYSJ	CPS4	8I6U	The cryo-EM structure of OsCyc1 dimer state	37932442	10.1038/s42004-023-01042-w	2023	1	0			0	0	0
mouse	Ndufb1	8IAO	Respiratory complex CI:CIII2, type I, Wild type mouse under thermoneutral temperature	39395414	10.1016/j.cell.2024.09.029	2024	54	0	3PE,SF4,FES,HEM,U10,UQ6,HEC,EHZ,ZN,NDP,ADP,PC1,UQ9,FMN,UQ1,CDL	3PE,SF4,FES,HEM,U10,UQ6,HEC,EHZ,ZN,NDP,ADP,PC1,UQ9,FMN,UQ1,CDL	16	1	1
mouse	Ndufb1	8IAQ	Respiratory complex Membrane domain of CI, focused map of type I, Wild type mouse under thermoneutral temperature	39395414	10.1016/j.cell.2024.09.029	2024	24	0	3PE,CDL,EHZ,ADP,PC1	3PE,CDL,EHZ,ADP,PC1	5	1	1
mouse	Ndufb1	8IB4	Respiratory complex CI:CIII2, type IA, Wild type mouse under cold temperature	39395414	10.1016/j.cell.2024.09.029	2024	54	0	UQ1,ZN,HEM,3PH,HEC,UQ6,U10,EHZ,NDP,ADP,CDL,UQ9,FMN,FES,PC1,SF4,3PE	UQ1,ZN,HEM,3PH,HEC,UQ6,U10,EHZ,NDP,ADP,CDL,UQ9,FMN,FES,PC1,SF4,3PE	17	1	1
mouse	Ndufb1	8IB6	Respiratory complex Membrane domain of CI, focus-refined of type IA, Wild type mouse under cold temperature	39395414	10.1016/j.cell.2024.09.029	2024	24	0	3PE,ADP,EHZ,CDL	3PE,ADP,EHZ,CDL	4	1	1
NEIM8	cas9	8IF0	NmeHNH-AcrIIC1 complex				2	0			0	0	1
NEIME	acrIIC1	8IF0	NmeHNH-AcrIIC1 complex				2	0			0	0	1
ORYSJ	CPS4	8IH5	The cryo-EM structure of OsCyc1 that complexed with GGPP	37932442	10.1038/s42004-023-01042-w	2023	1	0	GRG	GRG	1	0	0
yeast	RCO1	8IHM	Eaf3 CHD domain bound to the nucleosome	37845487	10.1038/s41422-023-00884-2	2023	6	2			0	0	1
yeast	RCO1	8IHN	Cryo-EM structure of the Rpd3S core complex	37845487	10.1038/s41422-023-00884-2	2023	5	0	ZN,CA	ZN,CA	2	1	1
yeast	RCO1	8IHT	Rpd3S bound to the nucleosome	37845487	10.1038/s41422-023-00884-2	2023	8	2	ZN,CA	ZN,CA	2	1	1
human	SAMD8	8IJQ	The cryo-EM structure of human sphingomyelin synthase-related protein in complex with ceramide	38388831	10.1038/s41594-024-01237-2	2024	1	0	16C	16C	1	0	0
human	SAMD8	8IJR	The cryo-EM structure of human sphingomyelin synthase-related protein in complex with diacylglycerol/phosphoethanolamine	38388831	10.1038/s41594-024-01237-2	2024	1	0	OPE,Z0P	OPE,Z0P	2	0	0
human	CFAP61	8J07	96nm repeat of human respiratory doublet microtubule and associated axonemal complexes	37258679	10.1038/s41586-023-06140-2	2023	106	0	MG,GDP,GTP	MG,GDP,GTP	3	1	1
human	EMC10	8J0N	cryo-EM structure of human EMC	38517390	10.18632/aging.205660	2024	9	0			0	0	1
human	EMC10	8J0O	cryo-EM structure of human EMC and VDAC	38517390	10.18632/aging.205660	2024	10	0			0	0	1
human	MCCC1	8J4Z	Human 3-methylcrotonyl-CoA carboxylase in BCCP-CTS state with substrate	39223421	10.1038/s41594-024-01379-3	2025	2	0	BTI,TW3	BTI,TW3	2	0	1
human	MCCC1	8J78	Human 3-methylcrotonyl-CoA carboxylase in BCCP-H2 state	39223421	10.1038/s41594-024-01379-3	2025	2	0	BTI	BTI	1	0	1
human	MCCC1	8J7D	Human 3-methylcrotonyl-CoA carboxylase in BCCP-H1 state	39223421	10.1038/s41594-024-01379-3	2025	2	0	BTI	BTI	1	0	1
human	MCCC1	8J99	Human 3-methylcrotonyl-CoA carboxylase in BCS-mcoa state				2	0	TW3	TW3	1	0	1
NEIM8	cas9	8JA0	Cryo-EM structure of the NmeCas9-sgRNA-AcrIIC4 ternary complex	37587688	10.1093/nar/gkad669	2023	2	1			0	0	1
human	MCCC1	8JAK	Human MCC in MCCU state	39223421	10.1038/s41594-024-01379-3	2025	2	0	BTI	BTI	1	0	1
human	MCCC1	8JAW	Human MCC in MCCD state	39223421	10.1038/s41594-024-01379-3	2025	2	0	BTI	BTI	1	0	1
THET8	csm6	8JBB	Crystal Structure of the Csm6 from Thermus thermophilus HB8 in complex with A2>p	38177499	10.1038/s44318-023-00017-w	2024	1	1			0	0	1
THET8	csm6	8JBC	Crystal Structure of the Csm6 K137A mutant from Thermus thermophilus HB8 in its apo form	38177499	10.1038/s44318-023-00017-w	2024	1	0	NI	NI	1	1	0
human	PHKA1	8JFK	PhK holoenzyme in inactive state, muscle isoform	38548794	10.1038/s41467-024-47049-2	2024	4	0	FAR	FAR	1	0	1
human	PHKA1	8JFL	PhK holoenzyme in active state, muscle isoform	38548794	10.1038/s41467-024-47049-2	2024	3	0	FAR,ADP	FAR,ADP	2	1	1
THET8	csm6	8JH1	Crystal Structure of the Csm6 Y161A mutant from Thermus thermophilus HB8 in complex with cyclic-tetraadenylate (cA4)	38177499	10.1038/s44318-023-00017-w	2024	1	1			0	0	1
yeast	RCO1	8JHO	Cryo-EM structure of the histone deacetylase complex Rpd3S in complex with di-nucleosome	37798513	10.1038/s41594-023-01121-5	2023	8	2	ZN	ZN	1	1	1
human	HGSNAT	8JKV	membrane proteins	38769387	10.1038/s41594-024-01315-5	2024	1	0	R16,D10,CLR,C14,OCT,D12,NAG	R16,D10,CLR,C14,OCT,D12,NAG	7	0	0
human	HGSNAT	8JL1	membrane proteins	38769387	10.1038/s41594-024-01315-5	2024	1	0	D10,CLR,C14,OCT,D12,NAG,ACO,R16	D10,CLR,C14,OCT,D12,NAG,ACO,R16	8	1	0
human	HGSNAT	8JL3	membrane proteins	38769387	10.1038/s41594-024-01315-5	2024	1	0	R16,D10,CLR,C14,OCT,D12,ACO,NAG	R16,D10,CLR,C14,OCT,D12,ACO,NAG	8	1	0
human	HGSNAT	8JL4	membrane proteins				1	0	D10,CLR,OCT,C14,NAG,COA,UV6,R16,HP6,D12	D10,CLR,OCT,C14,NAG,COA,UV6,R16,HP6,D12	10	1	0
human	MCCC1	8JXL	Human 3-methylcrotonyl-CoA carboxylase in MCCU state with MCoA	39223421	10.1038/s41594-024-01379-3	2025	2	0	BTI,TW3	BTI,TW3	2	0	1
human	MCCC1	8JXM	Human 3-methylcrotonyl-CoA carboxylase in BCCP-H2 state with MCoA	39223421	10.1038/s41594-024-01379-3	2025	2	0	BTI,TW3	BTI,TW3	2	0	1
human	MCCC1	8JXN	Human 3-methylcrotonyl-CoA carboxylase in BCCP-H1 state with MCoA	39223421	10.1038/s41594-024-01379-3	2025	2	0	BTI,TW3	BTI,TW3	2	0	1
human	MCCC1	8K2V	3-Methylcrotonyl-CoA Carboxylase in MCCD state with Acetyl CoA	39223421	10.1038/s41594-024-01379-3	2025	2	0	ACO,BTI	ACO,BTI	2	1	1
ORYSJ	CPS4	8KBW	The crystal structure of syn-copalyl diphosphate synthase from Oryza sativa	37932442	10.1038/s42004-023-01042-w	2023	1	0			0	0	0
yeast	RCO1	8KC7	Rpd3S histone deacetylase complex	37666978	10.1038/s41422-023-00869-1	2023	4	0			0	0	1
yeast	RCO1	8KD2	Rpd3S in complex with 187bp nucleosome	37666978	10.1038/s41422-023-00869-1	2023	8	2			0	0	1
human	ATP5F1E	8KHF	Structure of the human ATP synthase bound to bedaquiline (membrane domain)	38961288	10.1038/s41586-024-07605-8	2024	12	0	BQ1	BQ1	1	0	1
human	ATP5F1E	8KI3	Structure of the human ATP synthase bound to bedaquiline (composite)	38961288	10.1038/s41586-024-07605-8	2024	17	0	ATP,MG,ADP,BQ1	ATP,MG,ADP,BQ1	4	1	1
human	ATP5PO	8KI3	Structure of the human ATP synthase bound to bedaquiline (composite)	38961288	10.1038/s41586-024-07605-8	2024	17	0	ATP,MG,ADP,BQ1	ATP,MG,ADP,BQ1	4	1	1
human	PUS3	8OKD	Human pseudouridine synthase 3 and tRNA-Gln	38996458	10.1016/j.molcel.2024.06.013	2024	1	1			0	0	1
human	DDC	8OR9	Human holo aromatic L-amino acid decarboxylase (AADC) native structure at physiological pH	37466248	10.1002/pro.4732	2023	1	0	PG4,PLP	PLP	1	1	0
human	DDC	8ORA	Human holo aromatic L-amino acid decarboxylase (AADC) external aldimine with L-Dopa methylester	37466248	10.1002/pro.4732	2023	1	0	PG4,W5I,PLP	W5I,PLP	2	1	0
worm	mcm-4	8OUW	Cryo-EM structure of CMG helicase bound to TIM-1/TIPN-1 and homodimeric DNSN-1 on fork DNA (Caenorhabditis elegans)	37590372	10.1126/science.adi4932	2023	14	2	MG,ANP,ZN	MG,ANP,ZN	3	1	1
human	RAD51C	8OUY	Human RAD51B-RAD51C-RAD51D-XRCC2 (BCDX2) complex, 3.4 A resolution	37344587	10.1038/s41586-023-06179-1	2023	4	0	ATP,MG,ADP	ATP,MG,ADP	3	1	1
human	RAD51C	8OUZ	Human RAD51B-RAD51C-RAD51D-XRCC2 (BCDX2) complex, 2.2 A resolution	37344587	10.1038/s41586-023-06179-1	2023	4	0	ATP,MG,ADP	ATP,MG,ADP	3	1	1
human	ATM	8OXM	ATM(Q2971A) activated by oxidative stress in complex with Mg AMP-PNP and p53 peptide	37756394	10.1126/sciadv.adi8291	2023	2	0	ZN,MG,ANP	ZN,MG,ANP	3	1	1
human	ATM	8OXO	ATM(Q2971A) dimeric C-terminal region activated by oxidative stress in complex with Mg AMP-PNP and p53 peptide	37756394	10.1126/sciadv.adi8291	2023	2	0	ANP,ZN,MG	ANP,ZN,MG	3	1	1
human	ATM	8OXP	ATM(Q2971A) in complex with Mg AMP-PNP	37756394	10.1126/sciadv.adi8291	2023	1	0	ZN,MG,ANP	ZN,MG,ANP	3	1	0
human	ATM	8OXQ	ATM(Q2971A) dimeric C-terminal region in complex with Mg AMP-PNP	37756394	10.1126/sciadv.adi8291	2023	1	0	ZN,MG,ANP	ZN,MG,ANP	3	1	0
human	LNPEP	8P0I	Crystal structure of the open conformation of insulin-regulated aminopeptidase in complex with a small-MW inhibitor	39167040	10.1002/pro.5151	2024	1	0	ZN,WC3,NAG	ZN,WC3,NAG	3	1	0
human	GPI	8P2K	Ternary complex of translating ribosome, NAC and METAP1	37347872	10.1126/science.adg3297	2023	82	6	N,SPD,SPM,MG,AAC,ZN,GTP,UNX	N,SPD,SPM,MG,AAC,ZN,GTP	7	1	1
human	NME2	8PIE	Crystal structure of the human nucleoside diphosphate kinase B domain in complex with the product AT-8500 formed by catalysis of compound AT-9010	39190717	10.1371/journal.pbio.3002743	2024	1	0	GOL,7QT	7QT	1	0	0
human	DLAT	8PIU	60-meric complex of dihydrolipoamide acetyltransferase (E2) of the human pyruvate dehydrogenase complex	39018392	10.1126/sciadv.adn4582	2024	1	0			0	0	0
human	DAD1	8PN9	Structure of human oligosaccharyltransferase OST-A complex bound to NGI-1	38670073	10.1016/j.cell.2024.03.022	2024	8	0	KZB,ZXT,OTP,MN,EGY	KZB,ZXT,OTP,MN,EGY	5	1	1
human	NME2	8PYW	Crystal structure of the human Nucleoside-diphosphate kinase B domain bound to compound diphosphate form of AT-9052-Sp.	38096103	10.1093/nar/gkad1194	2024	1	0	IF9,GOL	IF9	1	0	0
human	PLD3	8Q1K	Structural analysis of PLD3 reveals insights into the mechanism of lysosomal 5' exonuclease-mediated nucleic acid degradation	37994783	10.1093/nar/gkad1114	2024	1	0	MN,PO4,EDO	MN	1	1	0
human	PLD3	8Q1X	Structural analysis of PLD3 reveals insights into the mechanism of lysosomal 5' exonuclease-mediated nucleic acid degradation	37994783	10.1093/nar/gkad1114	2024	1	0	MG,SO4,MN,EDO,PO4,PST	MG,MN,PST	3	1	0
worm	rde-2	8Q66	Crystal Structure of the C. elegans MUT-7 MUT-8 CTD complex	39188014	10.1093/nar/gkae610	2024	2	0	EDO,ZN	ZN	1	1	1
human	LDHB	8QDE	Crystal structure of a truncated human L-Lactate Dehydrogenase B protein in complex with NADH and oxamate	41229320	10.1002/pro.70367	2025	1	0	PEG,SO4,PGE,OXM,NAI	OXM,NAI	2	1	0
human	NMNAT1	8QE8	Structure of the non-canonical CTLH E3 substrate receptor WDR26 bound to NMNAT1 substrate	38759627	10.1016/j.molcel.2024.04.014	2024	2	0	NMN,ZN	NMN,ZN	2	1	1
human	UAP1	8QH2	Crystal structure of chimeric UAP1L1				1	0			0	0	0
human	AIP	8QMO	Cryo-EM structure of the benzo[a]pyrene-bound Hsp90-XAP2-AHR complex	38135181	10.1016/j.jmb.2023.168411	2024	3	0	W62,MG,ADP,MOO	W62,MG,ADP,MOO	4	1	1
human	PNPO	8QYT	Human Pyridoxine-5'-phosphate oxidase in complex with PLP	38284493	10.1002/pro.4900	2024	1	0	NA,PLP,FMN,BME	PLP,FMN	2	1	0
human	PNPO	8QYW	Human Pyridoxine-5'-phosphate oxidase mutant R225H	38284493	10.1002/pro.4900	2024	1	0	FMN,PO4	FMN	1	1	0
human	FLAD1	8ROM	Crystal structure of human FAD synthase PAPS domain in complex with FAD	38688286	10.1016/j.str.2024.04.006	2024	1	0	PO4,FAD	FAD	1	1	0
human	FLAD1	8RON	Crystal structure of human FAD synthase, isoform 2	38688286	10.1016/j.str.2024.04.006	2024	1	0			0	0	0
human	PNPO	8ROS	human pyridoxine 5-phosphate oxidase in complex with Z isomer of pyridoxilidenrhodanine 5-phosphate				1	0	FMN,A1H16,PEG,NA	FMN,A1H16	2	1	0
human	HSD17B10	8RR1	Human mitochondrial RNase Z complex with ELAC2-D550N catalytic mutant and tRNA-Tyr precursor (Composite model)	39747487	10.1038/s41594-024-01445-w	2025	3	1	ZN,SAH	ZN,SAH	2	1	1
BACTH	Q8A5T1	8RR2	3-keto-glycoside eliminase/hydratase in komplex with alpha-3-keto-glucose	39041709	10.1002/anie.202410681	2024	1	0	A1H2X,CA,EDO,GOL	A1H2X,CA	2	0	0
BACTN	BT_2157	8RR2	3-keto-glycoside eliminase/hydratase in komplex with alpha-3-keto-glucose	39041709	10.1002/anie.202410681	2024	1	0	A1H2X,CA,EDO,GOL	A1H2X,CA	2	0	0
human	HSD17B10	8RR3	Human mitochondrial RNase Z complex with ELAC2-D550N catalytic mutant and tRNA-Gln precursor (Composite model)	39747487	10.1038/s41594-024-01445-w	2025	3	1	ZN,SAH	ZN,SAH	2	1	1
human	HSD17B10	8RR4	Human mitochondrial RNase Z complex with ELAC2-D550N catalytic mutant with ordered flexible arm and tRNA-Tyr precursor - (Composite model)	39747487	10.1038/s41594-024-01445-w	2025	3	1	ZN,SAH	ZN,SAH	2	1	1
DESVH	P07598	8RTG	Nitratidesulfovibrio vulgaris [FeFe]-hydrogenase [FeFe]-hydrogenase in apo form		10.1039/D5SC07299A	2026	2	0	CL,NA,SF4	SF4	1	1	1
DESVH	P07598	8RTI	Nitratidesulfovibrio vulgaris [FeFe] hydrogenase in the apo form derivatized with krypton				2	0	PGE,SF4,KR	SF4,KR	2	1	1
ECOLI	ftsI	8RTZ	The structure of E. coli penicillin binding protein 3 (PBP3) in complex with a bicyclic peptide inhibitor	40437113	10.1038/s42003-025-08246-x	2025	2	0	29N	29N	1	0	1
DESVH	P07598	8RU6	Nitratidesulfovibrio vulgaris [FeFe]-hydrogenase [FeFe]-hydrogenase variant with both subunits linked by a 4 amino acid linker peptide derived from CpI of Clostridium pasteurianum		10.1039/D5SC07299A	2026	1	0	MHX,SF4,PG4	MHX,SF4	2	1	0
DESVH	P07598	8RU7									0	0	0
PSEAE	rpsD	8RWG	PAO1 wild-type ribosome, R, reference map				48	3	MG,ZN	MG,ZN	2	1	1
human	UPF1	8RXB	Human UPF1 CH domain in complex with SMG6 peptide	38709891	10.1093/nar/gkae323	2024	2	0	ZN	ZN	1	1	1
DESVH	P07598	8RXI	Nitratidesulfovibrio vulgaris [FeFe] hydrogenase in Hinact state derivatized with krypton				2	0	SF4,LFH,TOE,KR	SF4,LFH,TOE,KR	4	1	1
DESVH	P07598	8RXJ	Nitratidesulfovibrio vulgaris [FeFe] hydrogenase C178A mutant in Hinact-like state derivatized with krypton				2	0	KR,402,SF4,CYN,TOE	KR,402,SF4,CYN,TOE	5	1	1
DESVH	P07598	8RYH	Nitratidesulfovibrio vulgaris [FeFe]-hydrogenase [FeFe]-hydrogenase variant with both subunits linked by a linker peptide derived from a group A1 type [FeFe]-hydrogenase of Veillonella atypica		10.1039/D5SC07299A	2026	1	0	402,SF4	402,SF4	2	1	0
human	FBXO41	8S1R	Crystal structure of SHANK1 PDZ in complex with a SLiM internal ligand	38899489	10.1042/BCJ20240126	2024	2	0	ACE	ACE	1	0	1
human	PLD3	8S86	human PLD3 homodimer structure	38697119	10.1016/j.immuni.2024.04.010	2024	1	0			0	0	0
human	LDHB	8S88	Crystal structure of human L-lactate Dehydrogenase B protein in complex with NADH, oxamate and fluoxetine				1	0	NAI,BTB,SO4,GOL,PEG,OXM,SFX	NAI,BTB,OXM,SFX	4	1	0
human	PDXP	8S8A	Human pyridoxal phosphatase in complex with 7,8-dihydroxyflavone without phosphate	38856179	10.7554/eLife.93094	2024	1	0	CL,MG,FMT,UK9	MG,UK9	2	0	0
human	AGRN	8S9P	1:1:1 agrin/LRP4/MuSK complex	37252960	10.1073/pnas.2300453120	2023	3	0			0	0	1
human	EMC10	8S9S	Structure of the human ER membrane protein complex (EMC) in GDN	37199759	10.1083/jcb.202212007	2023	9	0	NAG,PCW	NAG,PCW	2	0	1
human	CYP51A1	8SBI	Crystal structure of human sterol 14 alpha-demethylase (CYP51) in the ligand-free state		10.3390/ijms26125689	2025	1	0	HEM	HEM	1	1	0
human	MEFV	8SDJ	Hydrophobic Interactions Drive the Tetrameric Assembly of the TRIM20 Coiled-Coil Domain				1	0			0	0	0
ACISB	cas12a	8SFH	WT CRISPR-Cas12a with a 5bp R-loop	38955179	10.1016/j.molcel.2024.06.007	2024	1	3			0	0	1
ACISB	cas12a	8SFI	WT CRISPR-Cas12a with a 8bp R-loop	38955179	10.1016/j.molcel.2024.06.007	2024	1	3			0	0	1
ACISB	cas12a	8SFJ	WT CRISPR-Cas12a with a 10bp R-loop	38955179	10.1016/j.molcel.2024.06.007	2024	1	3			0	0	1
ACISB	cas12a	8SFL	WT CRISPR-Cas12a with a 15bp R-loop	38955179	10.1016/j.molcel.2024.06.007	2024	1	3			0	0	1
ACISB	cas12a	8SFN	WT CRISPR-Cas12a with a 16bp R-loop and nontarget strand in the RuvC active site.	38955179	10.1016/j.molcel.2024.06.007	2024	1	3			0	0	1
ACISB	cas12a	8SFO	WT CRISPR-Cas12a with a 20bp R-loop and nontarget strand in the RuvC active site.	38955179	10.1016/j.molcel.2024.06.007	2024	1	3	MG	MG	1	0	1
ACISB	cas12a	8SFP	WT CRISPR-Cas12a with the target strand in the RuvC active site.	38955179	10.1016/j.molcel.2024.06.007	2024	1	3			0	0	1
ACISB	cas12a	8SFQ	WT CRISPR-Cas12a post nontarget strand-cleavage with the the RuvC active site exposed.	38955179	10.1016/j.molcel.2024.06.007	2024	1	3			0	0	1
ACISB	cas12a	8SFR	WT CRISPR-Cas12a post nontarget strand cleavage.	38955179	10.1016/j.molcel.2024.06.007	2024	1	3			0	0	1
human	IVD	8SGR	human liver mitochondrial Isovaleryl-CoA dehydrogenase	37839702	10.1016/j.mcpro.2023.100666	2023	1	0	FAD	FAD	1	1	0
human	GOT2	8SKR	human liver mitochondrial Aspartate aminotransferase	37839702	10.1016/j.mcpro.2023.100666	2023	1	0	PLP	PLP	1	1	0
human	ATG14	8SOR									0	0	0
human	PIK3R4	8SOR									0	0	0
NEUCR	cao-1	8SRL	Crystal structure of T151V CAO1 in complex with piceatannol	40147775	10.1016/j.jbc.2025.108444	2025	1	0	BEZ,PIT,FE2	BEZ,PIT,FE2	3	1	0
human	CYP51A1	8SS0	Human sterol 14 alpha-demethylase (CYP51) in complex with the reaction intermediate 14 alpha-aldehyde dihydrolanosterol	38206808	10.1002/anie.202317711	2024	1	0	WQR,HEM	WQR,HEM	2	1	0
BPT4	gp23	8T1X	T4 highly immunogenic outer capsid protein C-terminal domain bound to the vertex-proximal gp23* capsomer of the isometric head in two preferred orientations	37515203	10.3390/v15071517	2023	2	0			0	0	1
human	AEBP2	8T9G	Automethylated PRC2 dimer bound to nucleosome	39303719	10.1016/j.molcel.2024.08.025	2024	10	2	SAH	SAH	1	1	1
BPT4	gp23	8T9R	T4 highly immunogenic outer capsid protein C-terminal domain bound to a vertex-proximal gp23* capsomer of the prolate capsid in two preferred orientations.	37515203	10.3390/v15071517	2023	2	0			0	0	1
human	AEBP2	8TAS	PRC2 monomer bound to nucleosome	39303719	10.1016/j.molcel.2024.08.025	2024	9	2	SAH	SAH	1	1	1
human	AEBP2	8TB9	PRC2-J119-450 monomer bound to H1-nucleosome	39303719	10.1016/j.molcel.2024.08.025	2024	11	2	SAH	SAH	1	1	1
human	LPA	8TCE	Lipoprotein(a) Kringle IV domain 8 - Lp(a) KIV8 in complex with LY3353871	38720069	10.1038/s41586-024-07387-z	2024	1	0	HWF	HWF	1	0	0
BACTH	Q8A5T1	8TDA	Structure of Bacteroides thetaiotaomicron 3-Keto-2-hydroxy-glucal-hydratase BT2	38898276	10.1038/s41586-024-07574-y	2024	1	0	K		0	0	0
BACTN	BT_2157	8TDA	Structure of Bacteroides thetaiotaomicron 3-Keto-2-hydroxy-glucal-hydratase BT2	38898276	10.1038/s41586-024-07574-y	2024	1	0	K		0	0	0
BACTH	Q8A5T1	8TDE	Structure of glucose bound Bacteroides thetaiotaomicron 3-Keto-2-hydroxy-glucal-hydratase BT2	38898276	10.1038/s41586-024-07574-y	2024	1	0	K,GLC	GLC	1	0	0
BACTN	BT_2157	8TDE	Structure of glucose bound Bacteroides thetaiotaomicron 3-Keto-2-hydroxy-glucal-hydratase BT2	38898276	10.1038/s41586-024-07574-y	2024	1	0	K,GLC	GLC	1	0	0
worm	epg-5	8TGF	Crystal structure of cEPG5 LIR/LGG-1 complex	39809444	10.1080/15548627.2024.2447213	2025	2	0	ACT		0	0	1
human	BCL11A	8THO	Solution structure of the zinc finger repeat domain of BCL11A (ZnF456)	39423807	10.1016/j.str.2024.09.022	2024	1	0	ZN	ZN	1	1	0
ECOLI	mrdA	8TJ3	Structural basis of peptidoglycan synthesis by E. coli RodA-PBP2 complex	37620344	10.1038/s41467-023-40483-8	2023	2	0			0	0	1
SACEN	eryAI	8TKO	KS-AT core of 6-deoxyerythronolide B synthase (DEBS) Module 3 crosslinked with its translocation ACP partner of Module 2	39179672	10.1038/s41589-024-01709-y	2025	2	0			0	0	1
SACEN	eryAII	8TKO	KS-AT core of 6-deoxyerythronolide B synthase (DEBS) Module 3 crosslinked with its translocation ACP partner of Module 2	39179672	10.1038/s41589-024-01709-y	2025	2	0			0	0	1
human	BCL11A	8TLO	Crystal Structure Analysis of BCL11A in complex with DNA	39423807	10.1016/j.str.2024.09.022	2024	1	2	ZN	ZN	1	1	1
human	KL	8TOH	Cryo-EM structure of monomeric alpha-Klotho	39747283	10.1038/s41598-024-84246-x	2025	1	0			0	0	0
human	HGSNAT	8TU9	Cryo-EM structure of HGSNAT-acetyl-CoA complex at pH 7.5	39196614	10.7554/eLife.93510	2024	1	0	NAG,ACO	NAG,ACO	2	1	0
human	IMPDH1	8U7M	Human retinal variant phosphomimetic IMPDH1(595)-S477D free octamer bound by GTP, ATP, IMP, and NAD+	38323936	10.1083/jcb.202310139	2024	1	0	NAD,IMP,ATP,GTP	NAD,IMP,ATP,GTP	4	1	0
human	IMPDH1	8U7Q	Human retinal variant phosphomimetic IMPDH1(546)-S477D filament bound by GTP, ATP, IMP, and NAD+, octamer-centered	38323936	10.1083/jcb.202310139	2024	1	0	ATP,IMP,NAD,GTP	ATP,IMP,NAD,GTP	4	1	0
BPBPP	brt	8UB7	Diversity-generating retroelement (DGR) ribonucleoprotein reverse transcriptase - Active state (N-occupied)	39779855	10.1038/s41586-024-08405-w	2025	2	3	MG,DCP	MG,DCP	2	0	1
METEA	fae	8UB7	Diversity-generating retroelement (DGR) ribonucleoprotein reverse transcriptase - Active state (N-occupied)	39779855	10.1038/s41586-024-08405-w	2025	2	3	MG,DCP	MG,DCP	2	0	1
BPBPP	brt	8UB8	Diversity-generating retroelement (DGR) ribonucleoprotein reverse transcriptase - Pre-active State 1a	39779855	10.1038/s41586-024-08405-w	2025	2	3			0	0	1
METEA	fae	8UB8	Diversity-generating retroelement (DGR) ribonucleoprotein reverse transcriptase - Pre-active State 1a	39779855	10.1038/s41586-024-08405-w	2025	2	3			0	0	1
BPBPP	brt	8UB9	Diversity-generating retroelement (DGR) ribonucleoprotein reverse transcriptase- Active state (N-empty) 1a	39779855	10.1038/s41586-024-08405-w	2025	2	3			0	0	1
METEA	fae	8UB9	Diversity-generating retroelement (DGR) ribonucleoprotein reverse transcriptase- Active state (N-empty) 1a	39779855	10.1038/s41586-024-08405-w	2025	2	3			0	0	1
BPBPP	brt	8UBA	Diversity-generating retroelement (DGR) ribonucleoprotein reverse transcriptase - Pre-active state 1b	39779855	10.1038/s41586-024-08405-w	2025	2	3			0	0	1
METEA	fae	8UBA	Diversity-generating retroelement (DGR) ribonucleoprotein reverse transcriptase - Pre-active state 1b	39779855	10.1038/s41586-024-08405-w	2025	2	3			0	0	1
BPBPP	brt	8UBB	Diversity-generating retroelement (DGR) ribonucleoprotein reverse transcriptase - Active State (N-empty) 1b	39779855	10.1038/s41586-024-08405-w	2025	2	3			0	0	1
METEA	fae	8UBB	Diversity-generating retroelement (DGR) ribonucleoprotein reverse transcriptase - Active State (N-empty) 1b	39779855	10.1038/s41586-024-08405-w	2025	2	3			0	0	1
BPBPP	brt	8UBC	Diversity-generating retroelement (DGR) ribonucleoprotein reverse transcriptase - Resting State 1b	39779855	10.1038/s41586-024-08405-w	2025	2	2			0	0	1
METEA	fae	8UBC	Diversity-generating retroelement (DGR) ribonucleoprotein reverse transcriptase - Resting State 1b	39779855	10.1038/s41586-024-08405-w	2025	2	2			0	0	1
BPBPP	brt	8UBD	Diversity-generating retroelement (DGR) ribonucleoprotein reverse transcriptase - Pre-active State 2	39779855	10.1038/s41586-024-08405-w	2025	2	3			0	0	1
METEA	fae	8UBD	Diversity-generating retroelement (DGR) ribonucleoprotein reverse transcriptase - Pre-active State 2	39779855	10.1038/s41586-024-08405-w	2025	2	3			0	0	1
BPBPP	brt	8UBE	Diversity-generating retroelement (DGR) ribonucleoprotein reverse transcriptase - Resting State 1a	39779855	10.1038/s41586-024-08405-w	2025	2	3			0	0	1
METEA	fae	8UBE	Diversity-generating retroelement (DGR) ribonucleoprotein reverse transcriptase - Resting State 1a	39779855	10.1038/s41586-024-08405-w	2025	2	3			0	0	1
BPBPP	brt	8UBF	Diversity-generating retroelement (DGR) ribonucleoprotein - Resting state 1c	39779855	10.1038/s41586-024-08405-w	2025	2	2			0	0	1
METEA	fae	8UBF	Diversity-generating retroelement (DGR) ribonucleoprotein - Resting state 1c	39779855	10.1038/s41586-024-08405-w	2025	2	2			0	0	1
human	FN3K	8UE1	Crystal Structure of Human Fructosamine-3-kinase (FN3K)	39173621	10.1016/j.str.2024.07.018	2024	1	0	EPE		0	0	0
human	KL	8UF8	Cryo-EM structure of alpha-Klotho	39747283	10.1038/s41598-024-84246-x	2025	1	0			0	0	0
human	TOMM20	8UY3	Fem1B with FNIP1 and Tom20 fragment	39642856	10.1016/j.molcel.2024.11.004	2024	3	0	SO4,PO4,EPE,ZN	ZN	1	1	1
human	PLD4	8V08	Crystal structure of human PLD4 co-crystallized with 5'Pi-ssDNA	38537643	10.1016/j.str.2024.02.019	2024	2	1			0	0	1
yeast	MPS1	8V10	Structure of a Saccharomyces cerevisiae Mps1 peptide bound to dwarf Ndc80 Complex	38776904	10.1016/j.cub.2024.04.067	2024	4	0	NI	NI	1	1	1
human	ACTG2	8V2O	Cryo-EM Structure of Wildtype Smooth Muscle Gamma Actin (ACTG2)	38820162	10.1126/sciadv.adn6615	2024	1	0	MG,ADP	MG,ADP	2	1	0
human	ACTG2	8V2Z	Cryo-EM Structure of Smooth Muscle Gamma Actin (ACTG2) Mutant R257C	38820162	10.1126/sciadv.adn6615	2024	1	0	MG,ADP	MG,ADP	2	1	0
human	ACTG2	8V30	Smooth Muscle Gamma Actin (ACTG2) Filament Mutant R40C	38820162	10.1126/sciadv.adn6615	2024	2	0	MG,ADP	MG,ADP	2	1	1
human	MASTL	8V5H	Crystal structure of MASTL Kinase domain in complex with an inhibitor	39499084	10.1021/acs.jmedchem.4c01659	2024	1	0	A1AAE	A1AAE	1	0	0
human	PLD3	8V5T	Crystal structure of Alzheimers disease phospholipase D3	39325669	10.1111/febs.17277	2024	1	0	GOL,SO4		0	0	0
human	LPA	8V8Z	Lipoprotein(a) Kringle IV domain 8 - Lp(a) KIV8 in complex with LY3473329	38720069	10.1038/s41586-024-07387-z	2024	1	0	A1AAK	A1AAK	1	0	0
BACSU	sigK	8VJL	SpoIVFB:pro-sigmaK complex	39419996	10.1038/s41467-024-52634-6	2024	2	0	PEF,LMN	PEF,LMN	2	0	1
BACSU	sigK	8VJM	SpoIVFB(E44Q variant):pro-sigmaK complex	39419996	10.1038/s41467-024-52634-6	2024	2	0	PEF,LMN	PEF,LMN	2	0	1
human	HGSNAT	8VKJ	Cryo-EM structure of human HGSNAT bound with Acetyl-CoA	38918376	10.1038/s41467-024-49614-1	2024	1	0	ACO,NAG	ACO,NAG	2	1	0
human	ASH1L	8VLD	Crystal structure of Ash1L PHD finger in complex with histone H3K4me2	40044670	10.1038/s41467-025-57556-5	2025	2	0	ZN	ZN	1	1	1
human	ASH1L	8VLF	Crystal structure of Ash1L PHD finger in complex with histone H3K4me3	40044670	10.1038/s41467-025-57556-5	2025	2	0	ZN	ZN	1	1	1
human	HGSNAT	8VLG	Cryo-EM structure of human HGSNAT bound with Acetyl-CoA and substrate analog	38918376	10.1038/s41467-024-49614-1	2024	1	0	A1ACY,ACO,NAG	A1ACY,ACO,NAG	3	1	0
human	ASH1L	8VLH	Crystal structure of Ash1L PHD-BAH domains	40044670	10.1038/s41467-025-57556-5	2025	1	0	SR,ZN	ZN	1	1	0
human	HGSNAT	8VLI	Cryo-EM structure of human HGSNAT bound with CoA and product analog	38918376	10.1038/s41467-024-49614-1	2024	1	0	A1AC0,COA,NAG	A1AC0,COA,NAG	3	1	0
human	HGSNAT	8VLU	Cryo-EM structure of human HGSNAT bound with CoA	38918376	10.1038/s41467-024-49614-1	2024	1	0	COA,NAG	COA,NAG	2	1	0
human	HGSNAT	8VLV	Cryo-EM structure of human HGSNAT in inactive state	38918376	10.1038/s41467-024-49614-1	2024	1	0	NAG	NAG	1	0	0
human	HGSNAT	8VLY	Cryo-EM structure of human HGSNAT in transition state	38918376	10.1038/s41467-024-49614-1	2024	1	0	NAG	NAG	1	0	0
human	AEBP2	8VMI	PRC2_AJ119-450 bound to H3K4me3	39774834	10.1038/s41594-024-01452-x	2025	8	0	ZN	ZN	1	1	1
human	AEBP2	8VML	PRC2_AJ1-450 bound to H3K4me3	39774834	10.1038/s41594-024-01452-x	2025	7	0			0	0	1
human	AEBP2	8VNV	PRC2_AJ1-450 bound to H3K36me3 with histone H3 tail engaged	39774834	10.1038/s41594-024-01452-x	2025	7	2	SAH	SAH	1	1	1
human	CCNE1	8VQ3	CDK2-CyclinE1 in complex with allosteric inhibitor I-198.	39294320	10.1038/s41589-024-01738-7	2025	2	0	A1AC4	A1AC4	1	0	1
human	CCNE1	8VQ4	CDK2-CyclinE1 in complex with allosteric inhibitor I-125A.	39294320	10.1038/s41589-024-01738-7	2025	2	0	A1AC5	A1AC5	1	0	1
CANLF	Canf1	8VQF	X-ray crystal structure of natural Can f 1 in complex with human IgE 1J11 Fab	40828364	10.1002/pro.70269	2025	3	0	SO4,NAG	NAG	1	0	1
CANLF	Canf1	8VQG	X-ray crystal structure of Can f 1	40828364	10.1002/pro.70269	2025	1	0	MLI		0	0	0
BPZF4	ACA2	8W35	Aca2 from Pectobacterium phage ZF40 bound to RNA	38987591	10.1038/s41586-024-07644-1	2024	1	1			0	0	1
human	HGSNAT	8W4A	membrane proteins	38769387	10.1038/s41594-024-01315-5	2024	1	0	D10,CLR,OCT,C14,NAG,ACO,UV6,R16,HP6,D12	D10,CLR,OCT,C14,NAG,ACO,UV6,R16,HP6,D12	10	1	0
ARATH	HKT1	8W9N	Structure of AtHKT1;1 in NaCl at 2.7 Angstroms resolution	38335958	10.1016/j.molp.2024.01.007	2024	1	0	NA		0	0	0
ARATH	HKT1	8W9O	structure of AtHKT1;1 in KCl at 2.8 Angstroms resolution	38335958	10.1016/j.molp.2024.01.007	2024	1	0	K		0	0	0
human	SAMD8	8W9W	The cryo-EM structure of human sphingomyelin synthase-related protein in complex with ceramide/phosphoethanolamine	38388831	10.1038/s41594-024-01237-2	2024	1	0	OPE,UJO	OPE,UJO	2	0	0
human	SAMD8	8W9Y	The cryo-EM structure of human sphingomyelin synthase-related protein	38388831	10.1038/s41594-024-01237-2	2024	1	0			0	0	0
human	TKT	8WA8	Human transketolase in complex with phosphite		10.1021/acscatal.3c04543	2024	1	0	CA,TPP,PO3,EDO	CA,TPP,PO3	3	1	0
human	TKT	8WA9	Human transketolase soaked with donor ketose D-fructose		10.1021/acscatal.3c04543	2024	1	0	EDO,THD,CA	THD,CA	2	0	0
human	TKT	8WAA	Human transketolase soaked with donor ketose D-xylulose		10.1021/acscatal.3c04543	2024	1	0	CA,3GR,THD,EDO	CA,3GR,THD	3	0	0
human	BPGM	8X2S	The Crystal Structure of BPGM from Biortus				1	0	EDO		0	0	0
human	TOMM5	8XDN	TOM complex with small molecule				5	0	PC1,FUD	PC1,FUD	2	0	1
human	MCCC1	8XL6	Structure of human 3-methylcrotonyl-CoA carboxylase at apo-state (MCC-Apo)		10.7554/elife.98885.2	2024	2	0	BTN	BTN	1	1	1
human	MCCC1	8XL7	Structure of human 3-methylcrotonyl-CoA carboxylase in complex with acetyl-CoA (MCC-ACO)		10.7554/elife.98885.2	2024	2	0	ACO,BTN	ACO,BTN	2	1	1
human	MCCC1	8XL8	Structure of human 3-methylcrotonyl-CoA carboxylase in complex with propionyl-CoA (MCC-PCO)		10.7554/elife.98885.2	2024	2	0	1VU,BTN	1VU,BTN	2	1	1
mouse	Src	8XN8	The Crystal Structure of SRC from Biortus.				1	0	ADP,MG,GOL,EDO	ADP,MG	2	1	0
human	TMC1	8XOQ	Human Calcium and Integrin Binding Protein 2 (CIB2) Fusion to TMC1 CBD-1 domain at 2.4 Angstroms resolution	40000792	10.1038/s42003-025-07761-1	2025	1	0	MG	MG	1	0	0
human	TOMM20	8XVA	Human TOM complex with whole Tom20	39071881	10.1093/pnasnexus/pgae269	2024	6	0			0	0	1
human	TOMM5	8XVA	Human TOM complex with whole Tom20	39071881	10.1093/pnasnexus/pgae269	2024	6	0			0	0	1
human	ALDH6A1	8XXQ	Structural of methylmalonate semialdehyde dehydrogenase ALDH6A1		10.1016/j.medp.2024.100008	2024	1	0			0	0	0
human	PHKA1	8XY7	hPhK alpha-gamma subcomplex in active state	38548794	10.1038/s41467-024-47049-2	2024	2	0	FAR	FAR	1	0	1
human	PHKA1	8XYA	hPhK alpha-beta-gamma-delta subcomplex in inactive state	38548794	10.1038/s41467-024-47049-2	2024	4	0	FAR	FAR	1	0	1
human	PHKA1	8XYB	hPhK gamma-delta subcomplex in inactive state	38548794	10.1038/s41467-024-47049-2	2024	3	0	FAR	FAR	1	0	1
BACSU	secA	8Y9Y	Structure of the SecA-SecY complex with the substrate FtsQ-LacY(+1C)	39978345	10.1016/j.cell.2025.01.037	2025	4	0	BEF,ADP,MG	BEF,ADP,MG	3	1	1
BACSU	secA	8Y9Z	Structure of the SecA-SecY complex with the substrate HmBRI-3TM	39978345	10.1016/j.cell.2025.01.037	2025	5	0	ADP,BEF,MG	ADP,BEF,MG	3	1	1
ARATH	PHYB	8YB4	Pfr conformer of Arabidopsis thaliana phytochrome B in complex with phytochrome-interacting factor 6	39317197	10.1016/j.cell.2024.09.005	2024	2	0	O6E	O6E	1	0	1
human	CFLAR	8YBX	Structure of the FADD/Caspase-8/cFLIP death effector domain assembly	38710704	10.1038/s41467-024-47990-2	2024	3	0			0	0	1
human	CFLAR	8YD7	Structure of FADD/Caspase-8/cFLIP death effector domain assembly	38710704	10.1038/s41467-024-47990-2	2024	3	0	SE	SE	1	0	1
human	CFLAR	8YD8	Structure of FADD/Caspase-8/cFLIP death effector domain assembly	38710704	10.1038/s41467-024-47990-2	2024	3	0			0	0	1
ARATH	EDS1	8YL6	EDS1-SAG101-NRG1A L134E heterotrimer	39939758	10.1038/s41586-024-08517-3	2025	3	0	A1L15	A1L15	1	0	1
ARATH	EDS1	8YL7	EDS1-SAG101-NRG1C heterotrimer	39939758	10.1038/s41586-024-08517-3	2025	3	0	A1L15	A1L15	1	0	1
human	CFLAR	8YM4	Structure of Caspase-8/cFLIP death effector domain assembly	39419969	10.1038/s41467-024-53306-1	2024	2	0	SE	SE	1	0	1
human	CFLAR	8YM5	Structure of Caspase-8/cFLIP death effector domain assembly	39419969	10.1038/s41467-024-53306-1	2024	2	0			0	0	1
human	CFLAR	8YM6	Structure of Caspase-8/cFLIP death effector domain assembly	39419969	10.1038/s41467-024-53306-1	2024	2	0			0	0	1
ARATH	EDS1	8YN0	Crystal structure of NRG1C in complex with EDS1-SAG101-(ADPr-ATP)	39939760	10.1038/s41586-024-08521-7	2025	3	0	ATP,APR	ATP,APR	2	1	1
ARATH	EDS1	8YN1	Cryo-EM structure of NRG1A(LRR) in complex with EDS1-SAG101-(ADPr-ATP)	39939760	10.1038/s41586-024-08521-7	2025	3	0	APR,ATP	APR,ATP	2	1	1
human	CFLAR	8YNI	Structure of the FADD/Caspase-8/cFLIP death effector domain assembly	39419969	10.1038/s41467-024-53306-1	2024	3	0			0	0	1
human	CFLAR	8YNK	Structure of the Caspase-8/cFLIP death effector domain assembly	39419969	10.1038/s41467-024-53306-1	2024	2	0			0	0	1
human	CFLAR	8YNL	Structure of the Caspase-8/cFLIP death effector domain assembly	39419969	10.1038/s41467-024-53306-1	2024	2	0			0	0	1
human	CYP51A1	8YQO	Cryo-EM structure of human lanosterol 14alpha-demethylase (CYP51) in complex with FLZ				1	0	A1D61,HEM	A1D61,HEM	2	1	0
human	ARHGEF19	8YR7	Crystal structure of human dishevelled 2 (Dvl2) PDZ domain fused with WGEF internal peptide motif	38714795	10.1038/s42003-024-06194-6	2024	1	0			0	0	0
human	GYS1	8Z0A	Human GYS1-GYG2 complex (apo)				2	0			0	0	1
human	GOT1	8Z0E	Structure of human Glutamate oxaloacetate transaminase 1 (GOT1) mutant - P15R				1	0	PLP	PLP	1	1	0
human	PHKA1	8Z5M	human phosphorylase kinase alpha/gamma/delta subcomplex - inactive state	40148320	10.1038/s41467-025-58363-8	2025	3	0			0	0	1
human	PHKA1	8Z5P	human phosphorylase kinase - inactive state	40148320	10.1038/s41467-025-58363-8	2025	4	0			0	0	1
human	PHKA1	8Z5Q	human phosphorylase kinase - inactive state	40148320	10.1038/s41467-025-58363-8	2025	4	0			0	0	1
human	PHKA1	8Z5R	human phosphorylase kinase alpha/gamma/delta subcomplex - phosphorylation and Ca2+ bound state	40148320	10.1038/s41467-025-58363-8	2025	3	0	ATP	ATP	1	1	1
human	PHKA1	8Z5T	human phosphorylase kinase - phosphorylation and Ca2+ bound state	40148320	10.1038/s41467-025-58363-8	2025	4	0	ATP	ATP	1	1	1
human	COLGALT1	8ZGC	Human lysine O-link glycosylation complex, LH3/ColGalT1 with bound UDP-galactose	40069201	10.1038/s41467-025-57768-9	2025	2	0	NAG,AKG,FE2,MN,GDU,UDP	NAG,AKG,FE2,MN,GDU,UDP	6	1	1
human	COLGALT1	8ZGE	Human lysine O-link glycosylation complex, LH3/ColGalT1 tetramer with bound UDP-galactose	40069201	10.1038/s41467-025-57768-9	2025	2	0	NAG,AKG,MN,GDU,UDP,FE2	NAG,AKG,MN,GDU,UDP,FE2	6	1	1
human	COLGALT1	8ZGG	Human lysine O-link glycosylation complex, LH3/ColGalT1 with bound UDP-glucose	40069201	10.1038/s41467-025-57768-9	2025	2	0	AKG,FE2,UDP,MN,660,NAG	AKG,FE2,UDP,MN,660,NAG	6	1	1
human	COLGALT1	8ZGH	Human lysine O-link glycosylation complex, LH3/ColGalT1 in its apo state	40069201	10.1038/s41467-025-57768-9	2025	2	0	NAG,AKG,FE2,GDU,MN	NAG,AKG,FE2,GDU,MN	5	1	1
human	ECHS1	8ZRU	Structure of human ECHS1 in apo state	40240482	10.1038/s42003-025-07924-0	2025	1	0	MG	MG	1	0	0
human	ECHS1	8ZRV	Structure of human ECHS1 in complex with Hexanoyl-CoA	40240482	10.1038/s42003-025-07924-0	2025	1	0	HXC,MG	HXC,MG	2	0	0
human	ECHS1	8ZRW	Structure of human ECHS1 in complex with Octanoyl-CoA	40240482	10.1038/s42003-025-07924-0	2025	1	0	MG,CO8	MG,CO8	2	0	0
human	ECHS1	8ZRX	Structure of human ECHS1 in complex with Acetoacetyl-CoA	40240482	10.1038/s42003-025-07924-0	2025	1	0	CAA,MG	CAA,MG	2	0	0
human	ECHS1	8ZRY	Structure of human ECHS1 in complex with Crotonoyl-CoA	40240482	10.1038/s42003-025-07924-0	2025	1	0	MG,A1D88	MG,A1D88	2	0	0
ARATH	EDS1	8ZW9	RPS4-TIR induced At EDS1-PAD4-ADR1 heterotrimer	39509471	10.1126/science.adr3150	2024	3	0	A1D8A	A1D8A	1	0	1
ARATH	PAD4	8ZW9	RPS4-TIR induced At EDS1-PAD4-ADR1 heterotrimer	39509471	10.1126/science.adr3150	2024	3	0	A1D8A	A1D8A	1	0	1
ARATH	EDS1	8ZWA	HopBY induced At EDS1-PAD4-ADR1 heterotrimer	39509471	10.1126/science.adr3150	2024	3	0	RIA	RIA	1	0	1
ARATH	PAD4	8ZWA	HopBY induced At EDS1-PAD4-ADR1 heterotrimer	39509471	10.1126/science.adr3150	2024	3	0	RIA	RIA	1	0	1
human	ASXL2	9ATN	NMR structure of the MLL4 PHD2/3 fingers in complex with ASXL2	38849395	10.1038/s41467-024-49391-x	2024	2	0	ZN	ZN	1	1	1
human	CKMT1A	9B04	Cryo-EM structure of human uMtCK1 in complex with ADP	39904336	10.1016/j.str.2025.01.008	2025	1	0	MG,ADP	MG,ADP	2	1	0
human	CKMT1A	9B05	Cryo-EM structure of human uMtCK1	39904336	10.1016/j.str.2025.01.008	2025	1	0			0	0	0
human	CKMT1A	9B0T	Cryo-EM structure of E227Q variant of uMtCK1 in complex with transition state analog	39904336	10.1016/j.str.2025.01.008	2025	1	0	CRN,ADP,NO3,MG	CRN,ADP,MG	3	1	0
human	CKMT1A	9B0U	Cryo-EM structure of E227Q variant of uMtCK1 incubated with ADP and phosphocreatine at pH 8.0	39904336	10.1016/j.str.2025.01.008	2025	1	0	MG,PO4,ADP,CRN	MG,ADP,CRN	3	1	0
human	CKMT1A	9B14	Cryo-EM structure of human uMtCK1 in complex with transition state analog	39904336	10.1016/j.str.2025.01.008	2025	1	0	MG,ADP,CRN	MG,ADP,CRN	3	1	0
human	CKMT1A	9B16	Cryo-EM structure of human uMtCK1 in complex with ADP and covalent inhibitor CKi	39904336	10.1016/j.str.2025.01.008	2025	1	0	KLU,ADP	KLU,ADP	2	1	0
human	BCL11A	9B4P	Tetramer Formation of the BCL11A ZF0 Domain	39607926	10.1126/science.adp3025	2024	1	0	ZN	ZN	1	1	0
human	ACTR1A	9B7J	Cryo-EM structure of human dynactin complex bound to Chlamydia effector Dre1	40186871	10.1016/j.celrep.2025.115509	2025	14	0	ZN,ANP,ADP	ZN,ANP,ADP	3	1	1
human	ACTR1A	9B85	Cryo-EM structure of human dynactin complex bound to Chlamydia effector Dre1	40186871	10.1016/j.celrep.2025.115509	2025	9	0	ANP,ZN,ADP	ANP,ZN,ADP	3	1	1
human	ODC1	9B8M	Crystal structure of ornithine decarboxylase in complex with a novel inhibitor	40035393	10.1021/acs.jmedchem.4c03120	2025	1	0	PLP,A1AQO	PLP,A1AQO	2	1	0
human	ODC1	9B8N	Crystal structure of ornithine decarboxylase in complex with a novel inhibitor (10-S)	40035393	10.1021/acs.jmedchem.4c03120	2025	1	0	A1AQP,PLP	A1AQP,PLP	2	1	0
human	EFR3A	9BAX	PI4KA complex bound to C-terminus of EFR3A	39705356	10.1126/sciadv.adp6660	2024	4	0			0	0	1
human	SPNS1	9BOI	Cryo-EM structure of human Spns1 in complex with LPC (18:1)	39739806	10.1073/pnas.2409596121	2025	1	0	42H	42H	1	0	0
human	IFNL4	9BPU	Structure of the IFN-lambda4/IFN-lambdaR1/IL-10Rbeta receptor complex with an engineered IL-10Rbeta	39827213	10.1038/s41467-025-56119-y	2025	3	0			0	0	1
human	BCL11A	9BV0	NMR structure of the Z0 CCHC zinc-finger of transcription repressor Bcl11A	40099876	10.1002/pro.70097	2025	1	0	ZN	ZN	1	1	0
human	RASA1	9BZ4	Crystal structure of the C2 and GAP domains of human p120RasGAP	39899710	10.1073/pnas.2418433122	2025	1	0			0	0	0
human	ITIH4	9C4F	Infectious B19V capsid	39500886	10.1038/s41467-024-53794-1	2024	2	0			0	0	1
human	ITIH4	9C4N	Infectious B19V capsid	39500886	10.1038/s41467-024-53794-1	2024	1	0			0	0	0
human	AP3D1	9C58	AP-3 bound to myristoylated Arf1 (Q71L)	39705307	10.1073/pnas.2411974121	2024	5	0	GTP,MG	GTP,MG	2	1	1
human	AP3S1	9C58	AP-3 bound to myristoylated Arf1 (Q71L)	39705307	10.1073/pnas.2411974121	2024	5	0	GTP,MG	GTP,MG	2	1	1
human	AP3D1	9C59	Human AP-3 dimer bound to myristoylated Arf1 (Q71L) and LAMP1 cargo on a lipid nanodisc	39705307	10.1073/pnas.2411974121	2024	6	0	MG,GTP	MG,GTP	2	1	1
human	AP3S1	9C59	Human AP-3 dimer bound to myristoylated Arf1 (Q71L) and LAMP1 cargo on a lipid nanodisc	39705307	10.1073/pnas.2411974121	2024	6	0	MG,GTP	MG,GTP	2	1	1
human	AP3D1	9C5B	AP-3 bound to myristoylated Arf1 (Q71L) and LAMPI on a lipid nanodisc; combined map	39705307	10.1073/pnas.2411974121	2024	6	0	GTP,MG	GTP,MG	2	1	1
human	AP3S1	9C5B	AP-3 bound to myristoylated Arf1 (Q71L) and LAMPI on a lipid nanodisc; combined map	39705307	10.1073/pnas.2411974121	2024	6	0	GTP,MG	GTP,MG	2	1	1
human	AP3D1	9C5C	Structure of Human Adaptor Protein Complex AP-3 in the Apo State	39705307	10.1073/pnas.2411974121	2024	4	0			0	0	1
human	AP3S1	9C5C	Structure of Human Adaptor Protein Complex AP-3 in the Apo State	39705307	10.1073/pnas.2411974121	2024	4	0			0	0	1
human	EMC10	9C7V	Structure of the human BOS:human EMC complex in GDN	39173640	10.1016/j.molcel.2024.08.005	2024	12	0	NAG	NAG	1	0	1
human	ATG14	9C82	Structure of human ULK1C:PI3KC3-C1 supercomplex	40442316	10.1038/s41594-025-01557-x	2025	5	0			0	0	1
human	PIK3R4	9C82	Structure of human ULK1C:PI3KC3-C1 supercomplex	40442316	10.1038/s41594-025-01557-x	2025	5	0			0	0	1
human	UQCRC2	9CG3	Human kidney respiratory complex III				10	0	HEM,HEC,FES	HEM,HEC,FES	3	1	1
human	UQCRH	9CG3	Human kidney respiratory complex III				10	0	HEM,HEC,FES	HEM,HEC,FES	3	1	1
human	UQCRQ	9CG3	Human kidney respiratory complex III				10	0	HEM,HEC,FES	HEM,HEC,FES	3	1	1
ACISB	cas12a	9CJH	Cas12a:gRNA:DNA (Acidaminococcus sp.) with 0 RNA:DNA base pairs, structure 1	39698811	10.1093/nar/gkae1192	2025	1	3			0	0	1
human	GLOD4	9CSJ	Crystal structure of human glyoxalase domain-containing protein 4 (GLOD4) at 2.33 A resolution.	41628334	10.1073/pnas.2515002123	2026	1	0	EPE,PEG,CL,ZN,MG	ZN,MG	2	1	0
human	CCND1	9CSK	Crystal structure of CDK4 cyclin D1 in complex with atirmociclib	40068598	10.1016/j.ccell.2025.02.006	2025	2	0	A1AZ4	A1AZ4	1	0	1
human	GGPS1	9CSL	Structure of mutant human geranylgeranyl pyrophosphate synthase (Y246D-C247L) in complex with isopentenyl pyrophosphate	39813274	10.1371/journal.pone.0317437	2025	1	0	CL,SO4,IPE	IPE	1	0	0
human	NDUFA1	9CWT	Human kidney respiratory complex I				44	0	SF4,FES,NDP,ZMP,FMN	SF4,FES,NDP,ZMP,FMN	5	1	1
human	NDUFA11	9CWT	Human kidney respiratory complex I				44	0	SF4,FES,NDP,ZMP,FMN	SF4,FES,NDP,ZMP,FMN	5	1	1
human	NDUFA12	9CWT	Human kidney respiratory complex I				44	0	SF4,FES,NDP,ZMP,FMN	SF4,FES,NDP,ZMP,FMN	5	1	1
human	NDUFA2	9CWT	Human kidney respiratory complex I				44	0	SF4,FES,NDP,ZMP,FMN	SF4,FES,NDP,ZMP,FMN	5	1	1
human	NDUFA5	9CWT	Human kidney respiratory complex I				44	0	SF4,FES,NDP,ZMP,FMN	SF4,FES,NDP,ZMP,FMN	5	1	1
human	NDUFA6	9CWT	Human kidney respiratory complex I				44	0	SF4,FES,NDP,ZMP,FMN	SF4,FES,NDP,ZMP,FMN	5	1	1
human	NDUFA8	9CWT	Human kidney respiratory complex I				44	0	SF4,FES,NDP,ZMP,FMN	SF4,FES,NDP,ZMP,FMN	5	1	1
human	NDUFB10	9CWT	Human kidney respiratory complex I				44	0	SF4,FES,NDP,ZMP,FMN	SF4,FES,NDP,ZMP,FMN	5	1	1
human	NDUFB3	9CWT	Human kidney respiratory complex I				44	0	SF4,FES,NDP,ZMP,FMN	SF4,FES,NDP,ZMP,FMN	5	1	1
human	NDUFB7	9CWT	Human kidney respiratory complex I				44	0	SF4,FES,NDP,ZMP,FMN	SF4,FES,NDP,ZMP,FMN	5	1	1
human	NDUFB8	9CWT	Human kidney respiratory complex I				44	0	SF4,FES,NDP,ZMP,FMN	SF4,FES,NDP,ZMP,FMN	5	1	1
human	NDUFB9	9CWT	Human kidney respiratory complex I				44	0	SF4,FES,NDP,ZMP,FMN	SF4,FES,NDP,ZMP,FMN	5	1	1
human	NDUFC2	9CWT	Human kidney respiratory complex I				44	0	SF4,FES,NDP,ZMP,FMN	SF4,FES,NDP,ZMP,FMN	5	1	1
human	NDUFS3	9CWT	Human kidney respiratory complex I				44	0	SF4,FES,NDP,ZMP,FMN	SF4,FES,NDP,ZMP,FMN	5	1	1
human	NDUFS6	9CWT	Human kidney respiratory complex I				44	0	SF4,FES,NDP,ZMP,FMN	SF4,FES,NDP,ZMP,FMN	5	1	1
human	NDUFS7	9CWT	Human kidney respiratory complex I				44	0	SF4,FES,NDP,ZMP,FMN	SF4,FES,NDP,ZMP,FMN	5	1	1
human	NDUFV2	9CWT	Human kidney respiratory complex I				44	0	SF4,FES,NDP,ZMP,FMN	SF4,FES,NDP,ZMP,FMN	5	1	1
human	FN3K	9CX8	Crystal structure of Human FN3K in apo-state	39843453	10.1038/s41467-025-56207-z	2025	1	0	EDO,SO4		0	0	0
human	FN3K	9CXM	Crystal structure of Human FN3K bound with ATP and DMF	39843453	10.1038/s41467-025-56207-z	2025	1	0	A1A0O,ATP,ADP,EDO,SO4	A1A0O,ATP,ADP	3	1	0
human	FN3K	9CXN	Crystal structure of Human FN3K bound with AMPPNP and DMF	39843453	10.1038/s41467-025-56207-z	2025	1	0	A1A0O,ANP,EDO,SO4	A1A0O,ANP	2	1	0
human	FN3K	9CXO	Crystal structure of Human FN3K(D217S) mutant bound with ATP	39843453	10.1038/s41467-025-56207-z	2025	1	0	PO4,EDO,ATP,SO4,PEG	ATP	1	1	0
human	FN3K	9CXV	Crystal structure of Human FN3K bound with ADP and DMF (I)	39843453	10.1038/s41467-025-56207-z	2025	1	0	SO4,ADP,A1A0O,EDO,MG	ADP,A1A0O,MG	3	1	0
human	FN3K	9CXW	Crystal structure of Human FN3K bound with ADP and DMF (II)	39843453	10.1038/s41467-025-56207-z	2025	1	0	A1A0O,GOL,ADP,SO4,MG	A1A0O,ADP,MG	3	1	0
human	ILK	9D5E	Crystal structure of the ILK/alpha-parvin core complex bound to gefitinib				2	0	B3P,IRE	B3P,IRE	2	0	1
human	ILK	9D5F	Crystal structure of the ILK/alpha-parvin core complex bound to bosutinib				2	0	B3P,DB8	B3P,DB8	2	0	1
human	ILK	9D5G	Crystal structure of the ILK/alpha-parvin core complex bound to 4-methyl erlotinib				2	0	B3P,A1A2V	B3P,A1A2V	2	0	1
human	ILK	9D5H	Crystal structure of the ILK mutant (R371Q)/alpha-parvin core complex bound to gefitinib				2	0	B3P,IRE	B3P,IRE	2	0	1
human	ILK	9D5I	Crystal structure of the ILK mutant (R225A)/alpha-parvin core complex bound to MgATP				2	0	MG,ATP	MG,ATP	2	1	1
human	ILK	9D5P	Crystal structure of the ILK/alpha-parvin core complex bound to erlotinib				2	0	B3P,AQ4	B3P,AQ4	2	0	1
human	ACAN	9DFF	G1 domain of human aggrecan bound to hyaluronan	40273987	10.1016/j.jbc.2025.108525	2025	1	0	NAG	NAG	1	0	0
human	ACAN	9DFT	G1 domain of human aggrecan	40273987	10.1016/j.jbc.2025.108525	2025	1	0	SO4,NAG	NAG	1	0	0
human	BCKDK	9DI9	Rat branched chain ketoacid dehydrogenase kinase in complex with inhibitor	39560668	10.1021/acs.jmedchem.4c02230	2025	1	0	MG,PO4,A1A40,K,ADP	MG,A1A40,ADP	3	1	0
OCTBM	CRT1	9E6B	Octopus sensory receptor CRT1 bound to Norharmane	40532695	10.1016/j.cell.2025.05.033	2025	1	0	NRH,NAG	NRH,NAG	2	0	0
OCTBM	CRT1	9E6C	Octopus sensory receptor CRT1 in complex with H3C	40532695	10.1016/j.cell.2025.05.033	2025	1	0	A1BE4,NAG	A1BE4,NAG	2	0	0
OCTBM	CRT1	9E6D	octopus sensory receptor CRT1 bound to Lumichrome	40532695	10.1016/j.cell.2025.05.033	2025	1	0	LUM,NAG	LUM,NAG	2	0	0
human	BCL11A	9E6R	BCL11A ZF4-6 in Complex with a DNA Sequence Observed in the Human Globin Locus Containing Motif TGACCA	40246927	10.1038/s41467-025-58998-7	2025	1	2	MG,EDO,ZN	MG,ZN	2	1	1
human	BCL11A	9E6S	BCL11A ZF4-6 with K784T Mutation in Complex with a DNA Sequence Observed in the Human Globin Locus Containing Motif TGACCA	40246927	10.1038/s41467-025-58998-7	2025	1	2	ZN,EDO	ZN	1	1	1
human	BCL11A	9E6T	BCL11A ZF4-6 in Complex with a DNA Sequence Observed in the Human Globin Locus Containing Motif TGCCCA	40246927	10.1038/s41467-025-58998-7	2025	1	2	EDO,ZN	ZN	1	1	1
188937	mcrA	9ECN	M. acetivorans MCR containing a 2-methylglutamine modification	39772843	10.1128/mbio.03546-24	2025	3	0	SHT,TP7,PEG,F43	SHT,TP7,F43	3	1	1
METAC	mcrA	9ECN	M. acetivorans MCR containing a 2-methylglutamine modification	39772843	10.1128/mbio.03546-24	2025	3	0	SHT,TP7,PEG,F43	SHT,TP7,F43	3	1	1
human	TOMM20	9EIH	Import stalled PINK1 TOM complex	40080546	10.1126/science.adu6445	2025	8	0	PC1	PC1	1	0	1
human	TOMM5	9EIH	Import stalled PINK1 TOM complex	40080546	10.1126/science.adu6445	2025	8	0	PC1	PC1	1	0	1
human	TOMM20	9EII	Import stalled PINK1 TOM complex, symmetry expanded	40080546	10.1126/science.adu6445	2025	8	0	PC1	PC1	1	0	1
human	TOMM5	9EII	Import stalled PINK1 TOM complex, symmetry expanded	40080546	10.1126/science.adu6445	2025	8	0	PC1	PC1	1	0	1
human	TOMM20	9EIJ	Import stalled PINK1 TOM complex, extended TOM20 helix class	40080546	10.1126/science.adu6445	2025	8	0	PC1	PC1	1	0	1
human	TOMM5	9EIJ	Import stalled PINK1 TOM complex, extended TOM20 helix class	40080546	10.1126/science.adu6445	2025	8	0	PC1	PC1	1	0	1
human	FANCM	9EL5	FANCM translocase domain bound to DNA	40447800	10.1038/s44318-025-00468-3	2025	1	1			0	0	1
human	PDXP	9EM1	Human pyridoxal phosphatase in complex with 7,8-dihydroxyflavone and phosphate	38856179	10.7554/eLife.93094	2024	1	0	PO4,GOL,UK9,MG	UK9,MG	2	0	0
human	PUS3	9ENB	Human pseudouridine synthase 3 (PUS3 R116A mutant) and two tRNA-Gln	38996458	10.1016/j.molcel.2024.06.013	2024	1	1	MG	MG	1	0	1
human	PUS3	9ENC	Human pseudouridine synthase 3 (PUS3 R116A mutant) and one tRNA-Gln	38996458	10.1016/j.molcel.2024.06.013	2024	1	1			0	0	1
human	PUS3	9ENE	Human pseudouridine synthase 3 (PUS3 D118A mutant) and two tRNA-Arg	38996458	10.1016/j.molcel.2024.06.013	2024	1	1			0	0	1
human	PUS3	9ENF	Human pseudouridine synthase 3 (PUS3 D118A mutant) and two pre-tRNA-Arg	38996458	10.1016/j.molcel.2024.06.013	2024	1	1			0	0	1
human	COLGALT1	9EVJ	Crystal Structure of human Collagen Hydroxylysine Galactosyltransferase GLT25D1/COLGALT1: complex with Mn2+ and UDP-Gal	40240392	10.1038/s41467-025-59017-5	2025	1	0	NA,CA,CL,MES,MN,UDP,GDU	CA,MN,UDP,GDU	4	1	0
human	COLGALT1	9EVK	Crystal Structure of human Collagen Hydroxylysine Galactosyltransferase GLT25D1/COLGALT1	40240392	10.1038/s41467-025-59017-5	2025	1	0	NA,CA,MES,GDU,CL	CA,GDU	2	0	0
human	COLGALT1	9EVL	Crystal Structure of human Collagen Hydroxylysine Galactosyltransferase GLT25D1/COLGALT1: Hg2+ soak for experimental phasing	40240392	10.1038/s41467-025-59017-5	2025	1	0	CA,MES,GDU,CL,HG	CA,GDU,HG	3	0	0
human	HSD17B10	9EY0	Human mitochondrial RNase Z with tRNA-His	39516281	10.1038/s44318-024-00297-w	2024	3	1	SAM,GTP,ZN	SAM,GTP,ZN	3	1	1
human	HSD17B10	9EY1	Human mitochondrial RNase Z with tRNA-His precursor	39516281	10.1038/s44318-024-00297-w	2024	3	1	SAH,GTP,ZN	SAH,GTP,ZN	3	1	1
human	HSD17B10	9EY2	Human mitochondrial RNase Z with tRNA-His-CCA	39516281	10.1038/s44318-024-00297-w	2024	3	1	ZN,GTP,SAM	ZN,GTP,SAM	3	1	1
human	NAA10	9F1B	Mammalian ternary complex of a translating 80S ribosome, NAC and NatA/E	39169182	10.1038/s41586-024-07846-7	2024	83	6	GTP,SPM,SPD,IHP,UNX,ZN,MG	GTP,SPM,SPD,IHP,ZN,MG	6	1	1
human	NAA15	9F1B	Mammalian ternary complex of a translating 80S ribosome, NAC and NatA/E	39169182	10.1038/s41586-024-07846-7	2024	83	6	GTP,SPM,SPD,IHP,UNX,ZN,MG	GTP,SPM,SPD,IHP,ZN,MG	6	1	1
human	NAA10	9F1C	Mammalian quaternary complex of a translating 80S ribosome, NAC, MetAP1 and NatA/E	39169182	10.1038/s41586-024-07846-7	2024	84	6	UNX,MG,GTP,SPD,SPM,ZN,IHP	MG,GTP,SPD,SPM,ZN,IHP	6	1	1
human	NAA15	9F1C	Mammalian quaternary complex of a translating 80S ribosome, NAC, MetAP1 and NatA/E	39169182	10.1038/s41586-024-07846-7	2024	84	6	UNX,MG,GTP,SPD,SPM,ZN,IHP	MG,GTP,SPD,SPM,ZN,IHP	6	1	1
human	NAA10	9F1D	Mammalian quaternary complex of a translating 80S ribosome, NAC, MetAP1 and NatA/E-HYPK	39169182	10.1038/s41586-024-07846-7	2024	85	6	UNX,SPD,MG,SPM,GTP,IHP,ZN	SPD,MG,SPM,GTP,IHP,ZN	6	1	1
human	NAA15	9F1D	Mammalian quaternary complex of a translating 80S ribosome, NAC, MetAP1 and NatA/E-HYPK	39169182	10.1038/s41586-024-07846-7	2024	85	6	UNX,SPD,MG,SPM,GTP,IHP,ZN	SPD,MG,SPM,GTP,IHP,ZN	6	1	1
human	PUS3	9F9Q	Human apo pseudouridine synthase 3 (PUS3 D118A mutant)	38996458	10.1016/j.molcel.2024.06.013	2024	1	0			0	0	0
human	GPI	9FCW	Crystal structure of human Glucose-6-phosphate isomerase with maleate ligand	40014465	10.1111/febs.70049	2025	1	0	PGE,MAE,PG4,TRS	MAE	1	0	0
human	GPI	9FHF	Crystal structure of human Glucose-6-phosphate isomerase with dihydroxyacetone phosphate ligand	40014465	10.1111/febs.70049	2025	1	0	PEG,13P	13P	1	0	0
human	GPI	9FKC	Crystal structure of human Glucose-6-phosphate isomerase with citraconate ligand	40014465	10.1111/febs.70049	2025	1	0	BME,PGE,PG4,1PE,CIZ	CIZ	1	0	0
human	GPI	9FKF	Crystal structure of human Glucose-6-phosphate isomerase with phosphoenol pyruvate ligand	40014465	10.1111/febs.70049	2025	1	0	TRS,PGE,PEG,PEP	PEP	1	0	0
human	NAA10	9FPZ	Human NatA-MAP2 80S ribosome complex	39227397	10.1038/s41467-024-51964-9	2024	11	2	IHP,CO	IHP,CO	2	1	1
human	NAA15	9FPZ	Human NatA-MAP2 80S ribosome complex	39227397	10.1038/s41467-024-51964-9	2024	11	2	IHP,CO	IHP,CO	2	1	1
human	NAA10	9FQ0	Human NatA-NAC-MAP1 80S ribosome complex	39227397	10.1038/s41467-024-51964-9	2024	14	2	IHP	IHP	1	0	1
human	NAA15	9FQ0	Human NatA-NAC-MAP1 80S ribosome complex	39227397	10.1038/s41467-024-51964-9	2024	14	2	IHP	IHP	1	0	1
human	ENDOU	9FTW	Crystal structure of calcium-activated EndoU	39070628	10.21203/rs.3.rs-4654759/v1	2024	1	0	EDO,CA,ACT	CA	1	0	0
human	HSD17B10	9GCH	Human mitochondrial RNase Z with tRNA-His-CCA, SDR5C1/TRMT10C focus	39516281	10.1038/s44318-024-00297-w	2024	2	1	MG,GTP,SAM	MG,GTP,SAM	3	1	1
human	DDC	9GNS	X-ray structure of Human holo aromatic L-amino acid decarboxylase (AADC) complex with Carbidopa at physiological pH	40401103	10.1021/acscatal.5c00326	2025	1	0	PG4,142,PLP	142,PLP	2	1	0
DROME	CG8915	9H35	Crystal structure of the YTHDC2 YTH domain				1	0			0	0	0
DROME	CG8915	9H36	Crystal structure of the YTHDC2 YTH domain				1	0			0	0	0
human	TPH2	9HB7	Crystal structure of human tryptophan hydroxylase 2 in complex with inhibitor AG-01-128	40534674	10.1021/acsptsci.5c00043	2025	1	0	JCR,FE	JCR,FE	2	1	0
human	TPH2	9HB8	Crystal structure of human tryptophan hydroxylase 2 in complex with inhibitor KM-06-098	40534674	10.1021/acsptsci.5c00043	2025	1	0	UVU,FE	UVU,FE	2	1	0
human	FANCM	9HJO	FANCM-FAAP24-dsDNA complex	40447800	10.1038/s44318-025-00468-3	2025	2	2	MG	MG	1	0	1
human	GGPS1	9HJS	Crystal structure of human geranylgeranyl diphosphate synthase mutant R235C	40621901	10.1111/febs.70181	2025	1	0	MG,GRG	MG,GRG	2	0	0
human	SEPHS1	9HJT	Structure of Zincore (SEPHS1:QRICH1) binding to ZFP91 on DNA	40608935	10.1126/science.adv2861	2025	3	2	ZN	ZN	1	1	1
human	SEPHS1	9HJU	Structure of 2x Zincore (SEPHS1:QRICH1) binding to ZFP91 on DNA	40608935	10.1126/science.adv2861	2025	3	2	ZN	ZN	1	1	1
human	GGPS1	9HJZ	Crystal structure of human geranylgeranyl diphosphate synthase mutant Y246D	40621901	10.1111/febs.70181	2025	1	0	CIT	CIT	1	0	0
human	DDC	9HRH	Human holo aromatic L-amino acid decarboxylase (AADC) R347Q variant native structure	40318155	10.1111/febs.70120	2025	1	0	PG4		0	0	0
human	DDC	9HRI	Human holo aromatic L-amino acid decarboxylase (AADC) L353P variant native structure	40318155	10.1111/febs.70120	2025	1	0	PG4		0	0	0
human	UQCRC2	9HZL	High resolution cryo-EM structure of human complex III in mitochondria	41519940	10.1038/s41467-025-68274-3	2026	10	0	PC1,U10,PEE,HEM,HEC,PLX,FES,3PE,CDL	PC1,U10,PEE,HEM,HEC,PLX,FES,3PE,CDL	9	1	1
human	UQCRH	9HZL	High resolution cryo-EM structure of human complex III in mitochondria	41519940	10.1038/s41467-025-68274-3	2026	10	0	PC1,U10,PEE,HEM,HEC,PLX,FES,3PE,CDL	PC1,U10,PEE,HEM,HEC,PLX,FES,3PE,CDL	9	1	1
human	UQCRQ	9HZL	High resolution cryo-EM structure of human complex III in mitochondria	41519940	10.1038/s41467-025-68274-3	2026	10	0	PC1,U10,PEE,HEM,HEC,PLX,FES,3PE,CDL	PC1,U10,PEE,HEM,HEC,PLX,FES,3PE,CDL	9	1	1
FELCA	Feld4	9I2M	Crystal structure of the lipocalin cat allergen Fel d 4	41286560	10.1111/all.70146	2026	1	0			0	0	0
EMENI	veA	9I2S	Velvet domain of the transcriptional regulator VeA				1	0			0	0	0
human	NDUFA1	9I4I	High resolution Cryo-EM structure of human complex I in mitochondria				44	0	ZN,FES,NDP,FMN,SF4,MG,DGT,PLX,8Q1,CDL,PEE	ZN,FES,NDP,FMN,SF4,MG,DGT,PLX,8Q1,CDL,PEE	11	1	1
human	NDUFA10	9I4I	High resolution Cryo-EM structure of human complex I in mitochondria				44	0	ZN,FES,NDP,FMN,SF4,MG,DGT,PLX,8Q1,CDL,PEE	ZN,FES,NDP,FMN,SF4,MG,DGT,PLX,8Q1,CDL,PEE	11	1	1
human	NDUFA11	9I4I	High resolution Cryo-EM structure of human complex I in mitochondria				44	0	ZN,FES,NDP,FMN,SF4,MG,DGT,PLX,8Q1,CDL,PEE	ZN,FES,NDP,FMN,SF4,MG,DGT,PLX,8Q1,CDL,PEE	11	1	1
human	NDUFA12	9I4I	High resolution Cryo-EM structure of human complex I in mitochondria				44	0	ZN,FES,NDP,FMN,SF4,MG,DGT,PLX,8Q1,CDL,PEE	ZN,FES,NDP,FMN,SF4,MG,DGT,PLX,8Q1,CDL,PEE	11	1	1
human	NDUFA2	9I4I	High resolution Cryo-EM structure of human complex I in mitochondria				44	0	ZN,FES,NDP,FMN,SF4,MG,DGT,PLX,8Q1,CDL,PEE	ZN,FES,NDP,FMN,SF4,MG,DGT,PLX,8Q1,CDL,PEE	11	1	1
human	NDUFA5	9I4I	High resolution Cryo-EM structure of human complex I in mitochondria				44	0	ZN,FES,NDP,FMN,SF4,MG,DGT,PLX,8Q1,CDL,PEE	ZN,FES,NDP,FMN,SF4,MG,DGT,PLX,8Q1,CDL,PEE	11	1	1
human	NDUFA6	9I4I	High resolution Cryo-EM structure of human complex I in mitochondria				44	0	ZN,FES,NDP,FMN,SF4,MG,DGT,PLX,8Q1,CDL,PEE	ZN,FES,NDP,FMN,SF4,MG,DGT,PLX,8Q1,CDL,PEE	11	1	1
human	NDUFA8	9I4I	High resolution Cryo-EM structure of human complex I in mitochondria				44	0	ZN,FES,NDP,FMN,SF4,MG,DGT,PLX,8Q1,CDL,PEE	ZN,FES,NDP,FMN,SF4,MG,DGT,PLX,8Q1,CDL,PEE	11	1	1
human	NDUFB10	9I4I	High resolution Cryo-EM structure of human complex I in mitochondria				44	0	ZN,FES,NDP,FMN,SF4,MG,DGT,PLX,8Q1,CDL,PEE	ZN,FES,NDP,FMN,SF4,MG,DGT,PLX,8Q1,CDL,PEE	11	1	1
human	NDUFB3	9I4I	High resolution Cryo-EM structure of human complex I in mitochondria				44	0	ZN,FES,NDP,FMN,SF4,MG,DGT,PLX,8Q1,CDL,PEE	ZN,FES,NDP,FMN,SF4,MG,DGT,PLX,8Q1,CDL,PEE	11	1	1
human	NDUFB7	9I4I	High resolution Cryo-EM structure of human complex I in mitochondria				44	0	ZN,FES,NDP,FMN,SF4,MG,DGT,PLX,8Q1,CDL,PEE	ZN,FES,NDP,FMN,SF4,MG,DGT,PLX,8Q1,CDL,PEE	11	1	1
human	NDUFB8	9I4I	High resolution Cryo-EM structure of human complex I in mitochondria				44	0	ZN,FES,NDP,FMN,SF4,MG,DGT,PLX,8Q1,CDL,PEE	ZN,FES,NDP,FMN,SF4,MG,DGT,PLX,8Q1,CDL,PEE	11	1	1
human	NDUFB9	9I4I	High resolution Cryo-EM structure of human complex I in mitochondria				44	0	ZN,FES,NDP,FMN,SF4,MG,DGT,PLX,8Q1,CDL,PEE	ZN,FES,NDP,FMN,SF4,MG,DGT,PLX,8Q1,CDL,PEE	11	1	1
human	NDUFC2	9I4I	High resolution Cryo-EM structure of human complex I in mitochondria				44	0	ZN,FES,NDP,FMN,SF4,MG,DGT,PLX,8Q1,CDL,PEE	ZN,FES,NDP,FMN,SF4,MG,DGT,PLX,8Q1,CDL,PEE	11	1	1
human	NDUFS3	9I4I	High resolution Cryo-EM structure of human complex I in mitochondria				44	0	ZN,FES,NDP,FMN,SF4,MG,DGT,PLX,8Q1,CDL,PEE	ZN,FES,NDP,FMN,SF4,MG,DGT,PLX,8Q1,CDL,PEE	11	1	1
human	NDUFS6	9I4I	High resolution Cryo-EM structure of human complex I in mitochondria				44	0	ZN,FES,NDP,FMN,SF4,MG,DGT,PLX,8Q1,CDL,PEE	ZN,FES,NDP,FMN,SF4,MG,DGT,PLX,8Q1,CDL,PEE	11	1	1
human	NDUFS7	9I4I	High resolution Cryo-EM structure of human complex I in mitochondria				44	0	ZN,FES,NDP,FMN,SF4,MG,DGT,PLX,8Q1,CDL,PEE	ZN,FES,NDP,FMN,SF4,MG,DGT,PLX,8Q1,CDL,PEE	11	1	1
human	NDUFV2	9I4I	High resolution Cryo-EM structure of human complex I in mitochondria				44	0	ZN,FES,NDP,FMN,SF4,MG,DGT,PLX,8Q1,CDL,PEE	ZN,FES,NDP,FMN,SF4,MG,DGT,PLX,8Q1,CDL,PEE	11	1	1
human	COX5A	9I6F	Cryo-EM structure of HIGD2A bound complex IV	41519940	10.1038/s41467-025-68274-3	2026	14	0	ZN,CDL,PGV,HEA,PEE,MG,CU	ZN,CDL,PGV,HEA,PEE,MG,CU	7	1	1
human	COX7B	9I6F	Cryo-EM structure of HIGD2A bound complex IV	41519940	10.1038/s41467-025-68274-3	2026	14	0	ZN,CDL,PGV,HEA,PEE,MG,CU	ZN,CDL,PGV,HEA,PEE,MG,CU	7	1	1
human	COX8A	9I6F	Cryo-EM structure of HIGD2A bound complex IV	41519940	10.1038/s41467-025-68274-3	2026	14	0	ZN,CDL,PGV,HEA,PEE,MG,CU	ZN,CDL,PGV,HEA,PEE,MG,CU	7	1	1
human	COX5A	9I7U	Cryo-EM structure of NDUFA4 bound complex IV within the respirasome complex	41519940	10.1038/s41467-025-68274-3	2026	14	0	CDL,ZN,PEE,HEA,PGV,MG,CU	CDL,ZN,PEE,HEA,PGV,MG,CU	7	1	1
human	COX7B	9I7U	Cryo-EM structure of NDUFA4 bound complex IV within the respirasome complex	41519940	10.1038/s41467-025-68274-3	2026	14	0	CDL,ZN,PEE,HEA,PGV,MG,CU	CDL,ZN,PEE,HEA,PGV,MG,CU	7	1	1
human	COX8A	9I7U	Cryo-EM structure of NDUFA4 bound complex IV within the respirasome complex	41519940	10.1038/s41467-025-68274-3	2026	14	0	CDL,ZN,PEE,HEA,PGV,MG,CU	CDL,ZN,PEE,HEA,PGV,MG,CU	7	1	1
worm	klp-11	9IKB	Crystal structure of heterotrimeric Kinesin-2	40707480	10.1038/s41467-025-62152-8	2025	3	0			0	0	1
worm	klp-20	9IKB	Crystal structure of heterotrimeric Kinesin-2	40707480	10.1038/s41467-025-62152-8	2025	3	0			0	0	1
ARATH	PHYB	9IRK	Cryo-EM structure of PhyB(Y276H,1-908)-PIF6beta complex	40404641	10.1038/s41421-025-00802-3	2025	2	0	O6E	O6E	1	0	1
human	MTHFD2	9IS9	human MTHFD2 in complex with LY374571	39591507	10.1021/acs.jmedchem.4c01775	2024	1	0	NAD,PO4,9L9	NAD,9L9	2	1	0
human	MTHFD2	9ISC	Human MTHFD2 in complex with compound 16a	39591507	10.1021/acs.jmedchem.4c01775	2024	1	0	PO4,A1L22,NAD	A1L22,NAD	2	1	0
human	MTHFD1	9ISE	Human MTHFD1 in complex with LY374571	39591507	10.1021/acs.jmedchem.4c01775	2024	1	0	9L9,NAP	9L9,NAP	2	1	0
human	MTHFD1	9ISL	Human MTHFD1 in complex with compound 16e	39591507	10.1021/acs.jmedchem.4c01775	2024	1	0	A1L23,NAP	A1L23,NAP	2	1	0
human	MTHFD1	9ISR	Human MTHFD1 in complex with compound 16g	39591507	10.1021/acs.jmedchem.4c01775	2024	1	0	A1L24,NAP	A1L24,NAP	2	1	0
SCHPO	clr4	9ISZ	Structure of Clr4 catalyzing K14-ubiquitinated histone H3 K9 methylation	40446033	10.1126/sciadv.adu1864	2025	3	0	SAM,ZN	SAM,ZN	2	1	1
human	MTHFD2	9IT3	Human MTHFD2 in complex with compound 16e	39591507	10.1021/acs.jmedchem.4c01775	2024	1	0	A1L23,NAD,PO4	A1L23,NAD	2	1	0
SCHPO	clr4	9IT4	Structure of Clr4 catalyzing histone H3 K9 methylation	40446033	10.1126/sciadv.adu1864	2025	2	0	ZN,SAM	ZN,SAM	2	1	1
human	MTHFD2	9IT6	Human MTHFD2 in complex with compound 16g	39591507	10.1021/acs.jmedchem.4c01775	2024	1	0	PO4,NAD,A1L24	NAD,A1L24	2	1	0
human	MTHFD1	9ITD	Human MTHFD1 in complex with compound 16a	39591507	10.1021/acs.jmedchem.4c01775	2024	1	0	NAP,A1L22	NAP,A1L22	2	1	0
ARATH	PHYB	9ITF	Cryo-EM structure of full-length phyB(Y276H)-PIF6beta complex	40404641	10.1038/s41421-025-00802-3	2025	2	0	O6E	O6E	1	0	1
human	MTHFD1	9IUO	Human MTHFD1 in complex with compound 16d	39591507	10.1021/acs.jmedchem.4c01775	2024	1	0	NAP,A1L25	NAP,A1L25	2	1	0
ARATH	PHYB	9IUZ	Constitutively active mutant(Y276H) of Arabidopsis phytochrome B(phyB) in complex with phytochrome-interacting factor 6(PIF6)	39317197	10.1016/j.cell.2024.09.005	2024	2	0	O6E	O6E	1	0	1
human	CCND1	9IVD	Cryo-EM structure of CyclinD1 bound AMBRA1-DDB1	40408472	10.1126/sciadv.adu8708	2025	3	0			0	0	1
human	ALDH6A1	9IZU	Cryo-EM structure of ALDH6A1-P62S		10.1016/j.medp.2024.100056	2024	1	0			0	0	0
human	ALDH6A1	9IZV	Cryo-EM structure of ALDH6A1-Y172H & R535C		10.1016/j.medp.2024.100056	2024	1	0			0	0	0
human	ALDH6A1	9IZW	Cryo-EM structure of ALDH6A1-S262Y		10.1016/j.medp.2024.100056	2024	1	0			0	0	0
human	ALDH6A1	9IZX	Cryo-EM structure of ALDH6A1-G446R		10.1016/j.medp.2024.100056	2024	1	0			0	0	0
NEIM8	cas9	9J1Y	Crystal structure of Nme1Cas9 HNH domain bound to anti-CRISPR AcrIIC1Boe.				2	0			0	0	1
human	TOMM20	9J79	Cryo-EM structure of CRL2-FEM1B bound with TOM20(tetramer)	40263465	10.1038/s41589-025-01894-4	2026	8	0	ZN	ZN	1	1	1
human	TOMM20	9J7A	local refinement of FEM1B bound with TOM20 (dimer)	40263465	10.1038/s41589-025-01894-4	2026	3	0			0	0	1
human	TOMM20	9J7B	local refinement of FEM1B bound with TOM20(tetramer)	40263465	10.1038/s41589-025-01894-4	2026	4	0			0	0	1
human	G6PC1	9J7U	H176A mutant of human G6PC1 in complex with G6P	39847333	10.1073/pnas.2418316122	2025	1	0	POV,BG6	POV,BG6	2	0	0
human	G6PC1	9J7V	Human G6PC1 in apo state	39847333	10.1073/pnas.2418316122	2025	1	0	POV	POV	1	0	0
human	ZBP1	9J89	zbp1 nucleic acid complex	40267921	10.1016/j.molcel.2025.04.004	2025	1	2	MG	MG	1	0	1
ARATH	EDS1	9JBN	Cryo-EM structure of the Arabidopsis EDS1-PAD4-ADR1 immune complex in the presence of pRib-AMP				3	0	RP5,AMP	RP5,AMP	2	1	1
human	TOMM20	9JCE	local refinement of FEM1B bound with TOM20	40263465	10.1038/s41589-025-01894-4	2026	3	0			0	0	1
ARATH	PHYB	9JLB	Cryo-EM structure of phyB-PIF6beta complex	40404641	10.1038/s41421-025-00802-3	2025	2	0	O6E	O6E	1	0	1
human	IVD	9JQ3	Structure of human IVD in complex with FAD	40851894	10.34133/research.0661	2025	1	0	FAD	FAD	1	1	0
human	IVD	9JQ4	Structure of human IVD in complex with FAD and butyryl-CoA	40851894	10.34133/research.0661	2025	1	0	FAD,BCO	FAD,BCO	2	1	0
human	IVD	9JQ5	Structure of human IVD in complex with FAD and isovaleryl-CoA	40851894	10.34133/research.0661	2025	1	0	FAD,IVC	FAD,IVC	2	1	0
human	G6PC1	9JTL	Human glucose 6 phosphate catalytic subunit 1 (hG6PC1) in apo state.	40664655	10.1038/s41421-025-00814-z	2025	1	0	P5S	P5S	1	0	0
human	G6PC1	9JTM	Human glucose 6 phosphate catalytic subunit 1 (hG6PC1) bound with G6P	40664655	10.1038/s41421-025-00814-z	2025	1	0	P5S,G6P	P5S,G6P	2	0	0
human	G6PC1	9JTN	Human glucose 6 phosphate catalytic subunit 1 (hG6PC1) bound with phosphate.	40664655	10.1038/s41421-025-00814-z	2025	1	0	PO4,P5S	P5S	1	0	0
human	G6PC1	9JTO	Human glucose 6 phosphate catalytic subunit 1 (hG6PC1) bound with F6P.	40664655	10.1038/s41421-025-00814-z	2025	1	0	F6P,P5S	F6P,P5S	2	0	0
human	GSDMB	9K1S	Crystal structure of human granzyme A in complex with GSDMB-C domain	41592574	10.1016/j.immuni.2025.12.009	2026	2	0			0	0	1
ARATH	GGP1	9K7I	Gamma-glutamyl peptidase 1 from Arabidopsis thaliana (Glu complex)	41176694	10.1111/febs.70316	2026	1	0	GOL,ACT,GLU	GLU	1	0	0
ARATH	GGP1	9K7J	Gamma-glutamyl peptidase 1 from Arabidopsis thaliana (ligand-free)	41176694	10.1111/febs.70316	2026	1	0	GOL,ACT		0	0	0
ARATH	GGP1	9K7K	Gamma-glutamyl peptidase 1 from Arabidopsis thaliana (inactive form)	41176694	10.1111/febs.70316	2026	1	0	ACT,GOL		0	0	0
ARATH	GGP1	9K7L	Gamma-glutamyl peptidase 1 from Arabidopsis thaliana (H192N gamma-Glu intermediate)	41176694	10.1111/febs.70316	2026	1	0	GOL,ACT,GLU	GLU	1	0	0
ARATH	GID1A	9LUM	Cryo-EM structure of Arabidopsis thaliana RGA in complex with GID1A	40542507	10.1016/j.molp.2025.06.010	2025	2	0	GA3	GA3	1	0	1
ARATH	GID1A	9LUN	Cryo-EM structure of Arabidopsis thaliana RGA in complex with GID1A, SLY1, and ASK2 (consensus map)	40542507	10.1016/j.molp.2025.06.010	2025	4	0	GA3	GA3	1	0	1
ARATH	GID1A	9LUP	Cryo-EM structure of Arabidopsis thaliana RGA in complex with GID1A, SLY1, and ASK2 (composite map)	40542507	10.1016/j.molp.2025.06.010	2025	4	0	GA3	GA3	1	0	1
DROME	CG5565	9M7L	Crystal structure of Pseudouridine 5'-monophosphate phosphatase from human (hHDHD1A) in the unliganded state	40409548	10.1016/j.jbc.2025.110257	2025	1	0	MG	MG	1	0	0
DROME	CG5565	9M7M	Crystal structure of human pseudouridine 5'-monophosphate phosphatase (hHDHD1A) complexed with pseudouridine	40409548	10.1016/j.jbc.2025.110257	2025	1	0	FJF,MG	FJF,MG	2	0	0
human	ATG14	9MHF	Cryo-EM reconstruction of PI3KC3-C1 in complex with Human RAB1A(Q70L)	39913640	10.1126/science.adl3787	2025	5	0	GTP,MYR,MG	GTP,MG	2	1	1
human	PIK3R4	9MHF	Cryo-EM reconstruction of PI3KC3-C1 in complex with Human RAB1A(Q70L)	39913640	10.1126/science.adl3787	2025	5	0	GTP,MYR,MG	GTP,MG	2	1	1
human	ATG14	9MHG	Cryo EM reconstruction of PI3KC3-C1 in complex with Human RAB1A(Q70L), VPS34 kinase domain in the inactive conformation	39913640	10.1126/science.adl3787	2025	5	0	MYR,MG,GTP	MG,GTP	2	1	1
human	PIK3R4	9MHG	Cryo EM reconstruction of PI3KC3-C1 in complex with Human RAB1A(Q70L), VPS34 kinase domain in the inactive conformation	39913640	10.1126/science.adl3787	2025	5	0	MYR,MG,GTP	MG,GTP	2	1	1
human	ATG14	9MHH	PI3KC3-C1 in complex with RAB1A. VPS34 kinase domain active conformation	39913640	10.1126/science.adl3787	2025	5	0	MG,GTP	MG,GTP	2	1	1
human	PIK3R4	9MHH	PI3KC3-C1 in complex with RAB1A. VPS34 kinase domain active conformation	39913640	10.1126/science.adl3787	2025	5	0	MG,GTP	MG,GTP	2	1	1
LEPBD	cas13a	9MVS	Activated Leptotrichia buccalis (Lbu) CRISPR-Cas13a bound to AI-designed anti-CRISPR AIcrVIA1	41588195	10.1038/s41589-025-02136-3	2026	2	2			0	0	1
human	DAD1	9N9J	Structure of a GRP94 folding intermediate engaged with a CCDC134- and FKBP11-bound secretory translocon	41261126	10.1038/s41586-025-09756-8	2026	65	5	ZN,MG,ELU	ZN,MG,ELU	3	1	1
STRTR	cas10	9NO4	Cryo-EM structure of Csm/AcrIIIA2/enolase 3:2 complex	41219509	10.1038/s41564-025-02178-2	2025	8	1	MG	MG	1	0	1
CANLF	Canf1	9NPG	X-ray crystal structure of recombinant Can f 1-C100S in complex with human IgE mAb 12F3 Fab	40828364	10.1002/pro.70269	2025	3	0			0	0	1
CANLF	Canf1	9NPH	X-ray crystal structure of recombinant Can f 1 in complex with human IgE mAb 1J11 Fab	40828364	10.1002/pro.70269	2025	3	0	SO4,EPE,NAG	NAG	1	0	1
CANLF	Canf1	9NPI	X-ray crystal structure of recombinant Can f 1 in complex with human IgE 12F3 Fab	40828364	10.1002/pro.70269	2025	3	0	CL		0	0	1
STRTR	cas10	9NQ7	Cryo-EM structure of Csm/AcrIIIA2/enolase 4:3 complex	41219509	10.1038/s41564-025-02178-2	2025	7	1			0	0	1
human	GLUL	9NR3	CRBN-DDB1 in complex with GLUL-cN	41461925	10.1038/s41589-025-02106-9	2026	3	0	ZN	ZN	1	1	1
ARATH	GID1A	9O4J	Cryo-EM Structure of the Arabidopsis GA3-GID1A-RGA Complex	40768360	10.1073/pnas.2511012122	2025	2	0	GA3	GA3	1	0	1
ARATH	GID1A	9O4K	Cryo-EM Structure of the Arabidopsis GA3-GID1A-RGA-SLY1-ASK1 Complex	40768360	10.1073/pnas.2511012122	2025	4	0	GA3	GA3	1	0	1
ARATH	GID1A	9OI8	Cryo-EM Structure of the Arabidopsis GA3-GID1A-RGA-SLY1-ASK1 Complex (Alternative Conformation)	40768360	10.1073/pnas.2511012122	2025	4	0	GA3	GA3	1	0	1
STRPY	FbaB	9OJ3	Crystal structure of the SpyTag003-SpyCatcher003 complex	40531663	10.1107/S1600577525004205	2025	2	0	SO4,TEW	TEW	1	0	1
human	GLUL	9OTM	Human glutamine synthetase filament under turnover conditions	40631248	10.1101/2025.07.04.663231	2025	1	0	GLN,MG,ATP	GLN,MG,ATP	3	1	0
human	GLUL	9OTN	Human glutamine synthetase filament bound to ATP	40631248	10.1101/2025.07.04.663231	2025	1	0	MG,ATP	MG,ATP	2	1	0
human	GLUL	9OTO	Human glutamine synthetase decamer under turnover conditions	40631248	10.1101/2025.07.04.663231	2025	1	0	MG,ADP	MG,ADP	2	1	0
human	GLUL	9OTP	Human glutamine synthetase R298A decamer under turnover conditions	40631248	10.1101/2025.07.04.663231	2025	1	0	MG,ADP	MG,ADP	2	1	0
human	GLUL	9OTQ	Human glutamine synthetase filament apo	40631248	10.1101/2025.07.04.663231	2025	1	0	MG	MG	1	0	0
PSEAB	cas3	9P11	Cas1-Cas2/3 integrase, heterohexameric assembly	41072406	10.1016/j.str.2025.09.007	2025	2	0			0	0	1
PSEAB	cas3	9P1D	Cas1-Cas2/3 integrase bound to foreign dsDNA fragment	41072406	10.1016/j.str.2025.09.007	2025	2	2			0	0	1
human	NAA10	9QQB	Quaternary complex of a translating ribosome, NAC, NMT1, and NatA	40639378	10.1016/j.molcel.2025.06.015	2025	84	5	SPD,SPM,MG,UNX,ZN,IHP	SPD,SPM,MG,ZN,IHP	5	1	1
human	NAA15	9QQB	Quaternary complex of a translating ribosome, NAC, NMT1, and NatA	40639378	10.1016/j.molcel.2025.06.015	2025	84	5	SPD,SPM,MG,UNX,ZN,IHP	SPD,SPM,MG,ZN,IHP	5	1	1
human	DHDDS	9R08	Structure of the human heterotetrameric cis-prenyltransferase complex harboring NgBR-S249A in complex with magnesium, FsPP and IPP	41315348	10.1038/s41467-025-65833-6	2025	2	0	MG,FPS,IPE	MG,FPS,IPE	3	0	1
human	NUS1	9R08	Structure of the human heterotetrameric cis-prenyltransferase complex harboring NgBR-S249A in complex with magnesium, FsPP and IPP	41315348	10.1038/s41467-025-65833-6	2025	2	0	MG,FPS,IPE	MG,FPS,IPE	3	0	1
human	DHDDS	9R0E	Structure of the human heterotetrameric cis-prenyltransferase complex harboring NgBR-S249T in complex with magnesium, FsPP and IPP	41315348	10.1038/s41467-025-65833-6	2025	2	0	MG,FPS,IPE	MG,FPS,IPE	3	0	1
human	NUS1	9R0E	Structure of the human heterotetrameric cis-prenyltransferase complex harboring NgBR-S249T in complex with magnesium, FsPP and IPP	41315348	10.1038/s41467-025-65833-6	2025	2	0	MG,FPS,IPE	MG,FPS,IPE	3	0	1
human	DHDDS	9R0K	Structure of the human heterotetrameric cis-prenyltransferase complex in its apo form	41315348	10.1038/s41467-025-65833-6	2025	2	0	GLY	GLY	1	0	1
human	NUS1	9R0K	Structure of the human heterotetrameric cis-prenyltransferase complex in its apo form	41315348	10.1038/s41467-025-65833-6	2025	2	0	GLY	GLY	1	0	1
human	MEFV	9R6Y	Pyrin B30.2 domain, FMF mutation R653H				1	0	SCN,ACT,EDO		0	0	0
human	MEFV	9R70	Pyrin B30.2 domain, FMF mutation M680L	26043233	10.1038/srep10819	2015	1	0	EDO,SCN		0	0	0
human	MEFV	9R73	Pyrin B30.2 domain, FMF mutation delta-Ile692				1	0	EDO,SCN		0	0	0
human	MEFV	9R74	Pyrin B30.2 domain, FMF mutation I641F				1	0	EDO,SCN,ACT		0	0	0
human	RAD51C	9SVX	XRCC3-RAD51C-RAD51D-XRCC2 (XRCC3 complex) capping a RAD51 filament on single stranded DNA	41196948	10.1126/science.aea1546	2026	5	1	ADP,MG,ATP,CA	ADP,MG,ATP,CA	4	1	1
human	RAD51C	9SVY	XRCC3-RAD51C-RAD51D-XRCC2 (XRCC3 complex) capping a RAD51 filament on partially duplex DNA	41196948	10.1126/science.aea1546	2026	5	2	MG,ATP,CA,ADP	MG,ATP,CA,ADP	4	1	1
human	RAD51C	9SW0	XRCC3-RAD51C-RAD51D-XRCC2 (XRCC3 complex) capping a RAD51 filament on a D-loop intermediate	41196948	10.1126/science.aea1546	2026	5	3	ATP,ADP,MG,CA	ATP,ADP,MG,CA	4	1	1
DROME	CG8915	9SZP	Crystal structure of the human YTHDC2 YTH domain in complex with m6A DNA	41863816	10.1002/cbic.202500897	2026	1	1			0	0	1
human	NDUFA1	9TI4	High resolution Cryo-EM structure of human complex I in mitochondria	41519940	10.1038/s41467-025-68274-3	2026	44	0	MG,DGT,CDL,ZN,PLX,FES,NDP,8Q1,PEE,FMN,SF4	MG,DGT,CDL,ZN,PLX,FES,NDP,8Q1,PEE,FMN,SF4	11	1	1
human	NDUFA10	9TI4	High resolution Cryo-EM structure of human complex I in mitochondria	41519940	10.1038/s41467-025-68274-3	2026	44	0	MG,DGT,CDL,ZN,PLX,FES,NDP,8Q1,PEE,FMN,SF4	MG,DGT,CDL,ZN,PLX,FES,NDP,8Q1,PEE,FMN,SF4	11	1	1
human	NDUFA11	9TI4	High resolution Cryo-EM structure of human complex I in mitochondria	41519940	10.1038/s41467-025-68274-3	2026	44	0	MG,DGT,CDL,ZN,PLX,FES,NDP,8Q1,PEE,FMN,SF4	MG,DGT,CDL,ZN,PLX,FES,NDP,8Q1,PEE,FMN,SF4	11	1	1
human	NDUFA12	9TI4	High resolution Cryo-EM structure of human complex I in mitochondria	41519940	10.1038/s41467-025-68274-3	2026	44	0	MG,DGT,CDL,ZN,PLX,FES,NDP,8Q1,PEE,FMN,SF4	MG,DGT,CDL,ZN,PLX,FES,NDP,8Q1,PEE,FMN,SF4	11	1	1
human	NDUFA2	9TI4	High resolution Cryo-EM structure of human complex I in mitochondria	41519940	10.1038/s41467-025-68274-3	2026	44	0	MG,DGT,CDL,ZN,PLX,FES,NDP,8Q1,PEE,FMN,SF4	MG,DGT,CDL,ZN,PLX,FES,NDP,8Q1,PEE,FMN,SF4	11	1	1
human	NDUFA5	9TI4	High resolution Cryo-EM structure of human complex I in mitochondria	41519940	10.1038/s41467-025-68274-3	2026	44	0	MG,DGT,CDL,ZN,PLX,FES,NDP,8Q1,PEE,FMN,SF4	MG,DGT,CDL,ZN,PLX,FES,NDP,8Q1,PEE,FMN,SF4	11	1	1
human	NDUFA6	9TI4	High resolution Cryo-EM structure of human complex I in mitochondria	41519940	10.1038/s41467-025-68274-3	2026	44	0	MG,DGT,CDL,ZN,PLX,FES,NDP,8Q1,PEE,FMN,SF4	MG,DGT,CDL,ZN,PLX,FES,NDP,8Q1,PEE,FMN,SF4	11	1	1
human	NDUFA8	9TI4	High resolution Cryo-EM structure of human complex I in mitochondria	41519940	10.1038/s41467-025-68274-3	2026	44	0	MG,DGT,CDL,ZN,PLX,FES,NDP,8Q1,PEE,FMN,SF4	MG,DGT,CDL,ZN,PLX,FES,NDP,8Q1,PEE,FMN,SF4	11	1	1
human	NDUFB10	9TI4	High resolution Cryo-EM structure of human complex I in mitochondria	41519940	10.1038/s41467-025-68274-3	2026	44	0	MG,DGT,CDL,ZN,PLX,FES,NDP,8Q1,PEE,FMN,SF4	MG,DGT,CDL,ZN,PLX,FES,NDP,8Q1,PEE,FMN,SF4	11	1	1
human	NDUFB3	9TI4	High resolution Cryo-EM structure of human complex I in mitochondria	41519940	10.1038/s41467-025-68274-3	2026	44	0	MG,DGT,CDL,ZN,PLX,FES,NDP,8Q1,PEE,FMN,SF4	MG,DGT,CDL,ZN,PLX,FES,NDP,8Q1,PEE,FMN,SF4	11	1	1
human	NDUFB7	9TI4	High resolution Cryo-EM structure of human complex I in mitochondria	41519940	10.1038/s41467-025-68274-3	2026	44	0	MG,DGT,CDL,ZN,PLX,FES,NDP,8Q1,PEE,FMN,SF4	MG,DGT,CDL,ZN,PLX,FES,NDP,8Q1,PEE,FMN,SF4	11	1	1
human	NDUFB8	9TI4	High resolution Cryo-EM structure of human complex I in mitochondria	41519940	10.1038/s41467-025-68274-3	2026	44	0	MG,DGT,CDL,ZN,PLX,FES,NDP,8Q1,PEE,FMN,SF4	MG,DGT,CDL,ZN,PLX,FES,NDP,8Q1,PEE,FMN,SF4	11	1	1
human	NDUFB9	9TI4	High resolution Cryo-EM structure of human complex I in mitochondria	41519940	10.1038/s41467-025-68274-3	2026	44	0	MG,DGT,CDL,ZN,PLX,FES,NDP,8Q1,PEE,FMN,SF4	MG,DGT,CDL,ZN,PLX,FES,NDP,8Q1,PEE,FMN,SF4	11	1	1
human	NDUFC2	9TI4	High resolution Cryo-EM structure of human complex I in mitochondria	41519940	10.1038/s41467-025-68274-3	2026	44	0	MG,DGT,CDL,ZN,PLX,FES,NDP,8Q1,PEE,FMN,SF4	MG,DGT,CDL,ZN,PLX,FES,NDP,8Q1,PEE,FMN,SF4	11	1	1
human	NDUFS3	9TI4	High resolution Cryo-EM structure of human complex I in mitochondria	41519940	10.1038/s41467-025-68274-3	2026	44	0	MG,DGT,CDL,ZN,PLX,FES,NDP,8Q1,PEE,FMN,SF4	MG,DGT,CDL,ZN,PLX,FES,NDP,8Q1,PEE,FMN,SF4	11	1	1
human	NDUFS6	9TI4	High resolution Cryo-EM structure of human complex I in mitochondria	41519940	10.1038/s41467-025-68274-3	2026	44	0	MG,DGT,CDL,ZN,PLX,FES,NDP,8Q1,PEE,FMN,SF4	MG,DGT,CDL,ZN,PLX,FES,NDP,8Q1,PEE,FMN,SF4	11	1	1
human	NDUFS7	9TI4	High resolution Cryo-EM structure of human complex I in mitochondria	41519940	10.1038/s41467-025-68274-3	2026	44	0	MG,DGT,CDL,ZN,PLX,FES,NDP,8Q1,PEE,FMN,SF4	MG,DGT,CDL,ZN,PLX,FES,NDP,8Q1,PEE,FMN,SF4	11	1	1
human	NDUFV2	9TI4	High resolution Cryo-EM structure of human complex I in mitochondria	41519940	10.1038/s41467-025-68274-3	2026	44	0	MG,DGT,CDL,ZN,PLX,FES,NDP,8Q1,PEE,FMN,SF4	MG,DGT,CDL,ZN,PLX,FES,NDP,8Q1,PEE,FMN,SF4	11	1	1
human	CHPT1	9UET	Cryo-EM structure of human choline-phosphotransferase 1	40435706	10.1016/j.bbrc.2025.152082	2025	1	0	MG,POV	MG,POV	2	0	0
human	GPR75	9XQC	A composite Cryo-EM structure of GPR75	41545757	10.1038/s41401-025-01720-6	2026	5	0			0	0	1
human	GPR75	9XQN	Cryo-EM structure of apo form of GPR75-bRIL-Fab complex	41545757	10.1038/s41401-025-01720-6	2026	3	0			0	0	1
human	GOT2	9YB6	Human Mitochondrial Aspartate Aminotransferase complex with PLP at 1.5 Angstrom.				1	0	CL,SO4,GOL		0	0	0
human	DAD1	9YGY	Structure of a GRP94 folding intermediate engaged with a CCDC134- and FKBP11-bound secretory translocon	41261126	10.1038/s41586-025-09756-8	2026	20	0	ELU	ELU	1	0	1
human	BCL11A	9YLL	BCL11A ZF4-6 in Complex with a DNA Sequence Observed in the Human Globin Locus Containing Motif TGTCCA (20-mer)	41822826	10.64898/2026.02.06.704516	2026	1	2	ZN	ZN	1	1	1
human	BCL11A	9YLM	BCL11A ZF4-6 in Complex with a DNA Sequence Observed in the Human Globin Locus Containing Motif TGTCCA (12-mer)	41822826	10.64898/2026.02.06.704516	2026	1	2	EDO,ZN	ZN	1	1	1
human	BCL11A	9YLN	BCL11A ZF4-6 in Complex with a DNA Sequence Observed in the Human Globin Locus Containing Motif TGGCCA (12-mer)	41822826	10.64898/2026.02.06.704516	2026	1	2	EDO,ZN	ZN	1	1	1
