{
  "results": [
    {
      "confidence_score": 0.41368529200553894,
      "ptm": 0.383573442697525,
      "iptm": 0.24136221408843994,
      "ligand_iptm": 0.0,
      "protein_iptm": 0.24136221408843994,
      "complex_plddt": 0.4567660391330719,
      "complex_iplddt": 0.43636417388916016,
      "complex_pde": 2.800596237182617,
      "complex_ipde": 9.048074722290039,
      "chains_ptm": {
        "0": 0.49584123492240906,
        "1": 0.5574057698249817
      },
      "pair_chains_iptm": {
        "0": {
          "0": 0.49584123492240906,
          "1": 0.24136221408843994
        },
        "1": {
          "0": 0.22422349452972412,
          "1": 0.5574057698249817
        }
      },
      "pair_chains_ipae": {
        "A": {
          "B": 23.739194869995117
        },
        "B": {
          "A": 23.739194869995117
        }
      },
      "pair_chains_ipsae": {
        "A": {
          "B": {
            "ipsae_min": 0.0,
            "ipsae_max": 0.0,
            "ipsae_avg": 0.0,
            "ipsae_d0chn": 0.0,
            "ipsae_d0dom": 0.0,
            "ipsae_d0res": 0.0
          }
        },
        "B": {
          "A": {
            "ipsae_min": 0.0,
            "ipsae_max": 0.0,
            "ipsae_avg": 0.0,
            "ipsae_d0chn": 0.0,
            "ipsae_d0dom": 0.0,
            "ipsae_d0res": 0.0
          }
        }
      }
    }
  ]
}
