{
  "results": [
    {
      "confidence_score": 0.5945820212364197,
      "ptm": 0.45020249485969543,
      "iptm": 0.23019351065158844,
      "ligand_iptm": 0.0,
      "protein_iptm": 0.23019351065158844,
      "complex_plddt": 0.6856791377067566,
      "complex_iplddt": 0.632867693901062,
      "complex_pde": 2.4113266468048096,
      "complex_ipde": 12.173019409179688,
      "chains_ptm": {
        "0": 0.8204684853553772,
        "1": 0.5118544101715088
      },
      "pair_chains_iptm": {
        "0": {
          "0": 0.8204684853553772,
          "1": 0.23019351065158844
        },
        "1": {
          "0": 0.18445943295955658,
          "1": 0.5118544101715088
        }
      },
      "pair_chains_ipae": {
        "A": {
          "B": 25.884044647216797
        },
        "B": {
          "A": 25.884044647216797
        }
      },
      "pair_chains_ipsae": {
        "A": {
          "B": {
            "ipsae_min": 0.0,
            "ipsae_max": 0.0,
            "ipsae_avg": 0.0,
            "ipsae_d0chn": 0.0,
            "ipsae_d0dom": 0.0,
            "ipsae_d0res": 0.0
          }
        },
        "B": {
          "A": {
            "ipsae_min": 0.0,
            "ipsae_max": 0.0,
            "ipsae_avg": 0.0,
            "ipsae_d0chn": 0.0,
            "ipsae_d0dom": 0.0,
            "ipsae_d0res": 0.0
          }
        }
      }
    }
  ]
}
