family	ird_node	qualifier	go_id	go_label	aspect	ancestral_node	ancestral_node_family	ancestral_has_ibd_for_term	ikr_on_same_ancestor_term	taxon	date	assigned_by
PTHR10003	PTN002224320	NOT	GO:0005507	copper ion binding	F	PTN000000113	PTHR10003	true	false	taxon:83332	20230510	GO_Central
PTHR10003	PTN008300250	NOT	GO:0004784	superoxide dismutase activity	F	PTN000000113	PTHR10003	true	true	taxon:2759	20260828	GO_Central
PTHR10003	PTN008300295	NOT	GO:0005507	copper ion binding	F	PTN000000113	PTHR10003	true	false	taxon:7147	20221207	GO_Central
PTHR10003	PTN008300295	NOT	GO:0019430	removal of superoxide radicals	P	PTN000000113	PTHR10003	true	false	taxon:7147	20260828	GO_Central
PTHR10026	PTN008492595	NOT	GO:0016592	mediator complex	C	PTN000002587	PTHR10026	true	false	taxon:4895	20240312	GO_Central
PTHR10027	PTN000798425	NOT	GO:0045211	postsynaptic membrane	C	PTN000002875	PTHR10027	true	false	taxon:32524	20170707	GO_Central
PTHR10030	PTN000003216	NOT	GO:0004560	alpha-L-fucosidase activity	F	PTN000003123	PTHR10030	true	false	taxon:7227	20230405	GO_Central
PTHR10037	PTN000004420	NOT	GO:0001518	voltage-gated sodium channel complex	C	PTN000004137	PTHR10037	true	false	taxon:9347	20241119	GO_Central
PTHR10037	PTN000004420	NOT	GO:0005248	voltage-gated sodium channel activity	F	PTN000004137	PTHR10037	true	false	taxon:9347	20241119	GO_Central
PTHR10037	PTN000004420	NOT	GO:0019228	neuronal action potential	P	PTN002559277	PTHR10037	true	false	taxon:9347	20260218	GO_Central
PTHR10037	PTN000004420	NOT	GO:0019233	sensory perception of pain	P	PTN000004282	PTHR10037	true	false	taxon:9347	20250403	GO_Central
PTHR10037	PTN000004420	NOT	GO:0030424	axon	C	PTN008300729	PTHR10037	true	false	taxon:9347	20231214	GO_Central
PTHR10037	PTN000004420	NOT	GO:0086010	membrane depolarization during action potential	P	PTN000004140	PTHR10037	true	false	taxon:9347	20260828	GO_Central
PTHR10037	PTN001295085	NOT	GO:0030424	axon	C	PTN008300729	PTHR10037	true	false	taxon:9796	20231214	GO_Central
PTHR10057	PTN001600146	NOT	GO:0005741	mitochondrial outer membrane	C	PTN000006566	PTHR10057	true	false	taxon:32524	20251218	GO_Central
PTHR10071	PTN002467701	NOT	GO:0048738	cardiac muscle tissue development	P	PTN002560190	PTHR10071	true	false	taxon:32561	20181120	GO_Central
PTHR10073	PTN000008324	NOT	GO:0032389	MutLalpha complex	C	PTN000008284	PTHR10073	true	false	taxon:33511	20251218	GO_Central
PTHR10078	PTN000008663	NOT	GO:0005125	cytokine activity	F	PTN002560644	PTHR10078	true	false	taxon:40674	20250411	GO_Central
PTHR10078	PTN000008663	NOT	GO:0019221	cytokine-mediated signaling pathway	P	PTN002560644	PTHR10078	true	false	taxon:40674	20250902	GO_Central
PTHR10078	PTN007419360	NOT	GO:0005125	cytokine activity	F	PTN002560644	PTHR10078	true	false	taxon:40674	20250411	GO_Central
PTHR10078	PTN007419360	NOT	GO:0019221	cytokine-mediated signaling pathway	P	PTN002560644	PTHR10078	true	false	taxon:40674	20250902	GO_Central
PTHR10078	PTN007419360	NOT	GO:0071222	cellular response to lipopolysaccharide	P	PTN002560644	PTHR10078	true	false	taxon:40674	20260528	GO_Central
PTHR10082	PTN002560701	NOT	GO:0007160	cell-matrix adhesion	P	PTN000801545	PTHR10082	true	false	taxon:117571	20251218	GO_Central
PTHR10091	PTN001601610	NOT	GO:0006006	glucose metabolic process	P	PTN000009552	PTHR10091	true	true	taxon:7227	20250423	GO_Central
PTHR10091	PTN001601610	NOT	GO:0033499	beta-D-galactose catabolic process via UDP-galactose, Leloir pathway	P	PTN000009552	PTHR10091	true	true	taxon:7227	20250423	GO_Central
PTHR10110	PTN000011723	NOT	GO:0098719	sodium ion import across plasma membrane	P	PTN008493947	PTHR10110	true	false	taxon:33213	20170228	GO_Central
PTHR10110	PTN000803809	NOT	GO:0005886	plasma membrane	C	PTN008493947	PTHR10110	true	false	taxon:4751	20260828	GO_Central
PTHR10110	PTN000803809	NOT	GO:0098719	sodium ion import across plasma membrane	P	PTN008493947	PTHR10110	true	false	taxon:4751	20170228	GO_Central
PTHR10126	PTN000013141	NOT	GO:0016251	RNA polymerase II general transcription initiation factor activity	F	PTN000013137	PTHR10126	true	false	taxon:33213	20200807	GO_Central
PTHR10131	PTN000805675	NOT	GO:0031663	lipopolysaccharide-mediated signaling pathway	P	PTN008494376	PTHR10131	true	false	taxon:6945	20230508	GO_Central
PTHR10131	PTN000805675	NOT	GO:0043122	regulation of canonical NF-kappaB signal transduction	P	PTN000805648	PTHR10131	true	false	taxon:6945	20260528	GO_Central
PTHR10131	PTN000805728	NOT	GO:0005164	tumor necrosis factor receptor binding	F	PTN000805720	PTHR10131	true	false	taxon:	20240924	GO_Central
PTHR10131	PTN000805728	NOT	GO:0007166	cell surface receptor signaling pathway	P	PTN008301857	PTHR10131	true	false	taxon:	20250411	GO_Central
PTHR10131	PTN000805728	NOT	GO:0033209	tumor necrosis factor-mediated signaling pathway	P	PTN000805720	PTHR10131	true	false	taxon:	20240409	GO_Central
PTHR10131	PTN000805728	NOT	GO:0035591	signaling adaptor activity	F	PTN008301857	PTHR10131	true	false	taxon:	20240409	GO_Central
PTHR10131	PTN000805728	NOT	GO:0043122	regulation of canonical NF-kappaB signal transduction	P	PTN000805648	PTHR10131	true	false	taxon:	20260528	GO_Central
PTHR10131	PTN002227906	NOT	GO:0005164	tumor necrosis factor receptor binding	F	PTN000805720	PTHR10131	true	false	taxon:28377	20200807	GO_Central
PTHR10131	PTN002227906	NOT	GO:0007166	cell surface receptor signaling pathway	P	PTN008301857	PTHR10131	true	false	taxon:28377	20250411	GO_Central
PTHR10131	PTN002227906	NOT	GO:0033209	tumor necrosis factor-mediated signaling pathway	P	PTN000805720	PTHR10131	true	false	taxon:28377	20231108	GO_Central
PTHR10131	PTN002227906	NOT	GO:0035591	signaling adaptor activity	F	PTN008301857	PTHR10131	true	false	taxon:28377	20240409	GO_Central
PTHR10131	PTN002227906	NOT	GO:0043122	regulation of canonical NF-kappaB signal transduction	P	PTN000805648	PTHR10131	true	false	taxon:28377	20260528	GO_Central
PTHR10131	PTN002562099	NOT	GO:0043122	regulation of canonical NF-kappaB signal transduction	P	PTN000805648	PTHR10131	true	false	taxon:6412	20260528	GO_Central
PTHR10131	PTN007421972	NOT	GO:0005164	tumor necrosis factor receptor binding	F	PTN000805720	PTHR10131	true	false	taxon:33392	20220704	GO_Central
PTHR10131	PTN007421972	NOT	GO:0007166	cell surface receptor signaling pathway	P	PTN008301857	PTHR10131	true	false	taxon:33392	20250411	GO_Central
PTHR10131	PTN007421972	NOT	GO:0035591	signaling adaptor activity	F	PTN008301857	PTHR10131	true	false	taxon:33392	20240409	GO_Central
PTHR10131	PTN007421972	NOT	GO:0043122	regulation of canonical NF-kappaB signal transduction	P	PTN000805648	PTHR10131	true	false	taxon:33392	20260528	GO_Central
PTHR10131	PTN008494389	NOT	GO:0007166	cell surface receptor signaling pathway	P	PTN008301857	PTHR10131	true	false	taxon:1206794	20250411	GO_Central
PTHR10131	PTN008494389	NOT	GO:0035591	signaling adaptor activity	F	PTN008301857	PTHR10131	true	false	taxon:1206794	20240409	GO_Central
PTHR10131	PTN008494389	NOT	GO:0043122	regulation of canonical NF-kappaB signal transduction	P	PTN000805648	PTHR10131	true	false	taxon:1206794	20260528	GO_Central
PTHR10134	PTN000015359	NOT	GO:0005886	plasma membrane	C	PTN000015358	PTHR10134	true	false	taxon:2759	20260528	GO_Central
PTHR10134	PTN001605053	NOT	GO:0005886	plasma membrane	C	PTN000015358	PTHR10134	true	false	taxon:1236	20260528	GO_Central
PTHR10134	PTN001605115	NOT	GO:0005886	plasma membrane	C	PTN000015358	PTHR10134	true	false	taxon:	20260528	GO_Central
PTHR10134	PTN002562310	NOT	GO:0005886	plasma membrane	C	PTN000015358	PTHR10134	true	false	taxon:85962	20260528	GO_Central
PTHR10134	PTN002562311	NOT	GO:0005886	plasma membrane	C	PTN000015358	PTHR10134	true	false	taxon:122586	20260528	GO_Central
PTHR10134	PTN008938605	NOT	GO:0006122	mitochondrial electron transport, ubiquinol to cytochrome c	P	PTN000015359	PTHR10134	true	false	taxon:	20260204	GO_Central
PTHR10134	PTN008938605	NOT	GO:0045275	respiratory chain complex III	C	PTN000015359	PTHR10134	true	false	taxon:	20260204	GO_Central
PTHR10153	PTN002562585	NOT	GO:0016286	small conductance calcium-activated potassium channel activity	F	PTN000016262	PTHR10153	true	false	taxon:117571	20210529	GO_Central
PTHR10165	PTN000018072	NOT	GO:0046839	phospholipid dephosphorylation	P	PTN000017950	PTHR10165	true	false	taxon:10116	20241119	GO_Central
PTHR10165	PTN001606026	NOT	GO:0046839	phospholipid dephosphorylation	P	PTN000017950	PTHR10165	true	false	taxon:9606	20241119	GO_Central
PTHR10169	PTN000808013	NOT	GO:0005634	nucleus	C	PTN000018888	PTHR10169	true	false	taxon:5782	20250924	GO_Central
PTHR10169	PTN000808013	NOT	GO:0005694	chromosome	C	PTN000018888	PTHR10169	true	false	taxon:5782	20260528	GO_Central
PTHR10169	PTN000808027	NOT	GO:0005634	nucleus	C	PTN000018888	PTHR10169	true	false	taxon:5654	20250924	GO_Central
PTHR10169	PTN000808027	NOT	GO:0005694	chromosome	C	PTN000018888	PTHR10169	true	false	taxon:5654	20260528	GO_Central
PTHR10177	PTN000020164	NOT	GO:0000082	G1/S transition of mitotic cell cycle	P	PTN000019791	PTHR10177	true	false	taxon:284812	20260528	GO_Central
PTHR10183	PTN002468800	NOT	GO:0004198	calcium-dependent cysteine-type endopeptidase activity	F	PTN000021568	PTHR10183	true	true	taxon:	20250411	GO_Central
PTHR10185	PTN002565043	NOT	GO:0012505	endomembrane system	C	PTN000022358	PTHR10185	true	false	taxon:117571	20260528	GO_Central
PTHR10196	PTN000023215	NOT	GO:0004370	glycerol kinase activity	F	PTN000023392	PTHR10196	true	true	taxon:2759	20241119	GO_Central
PTHR10196	PTN000023394	NOT	GO:0005829	cytosol	C	PTN000023392	PTHR10196	true	false	taxon:2759	20241119	GO_Central
PTHR10196	PTN000023432	NOT	GO:0004370	glycerol kinase activity	F	PTN000023392	PTHR10196	true	true	taxon:7227	20250326	GO_Central
PTHR10196	PTN000023530	NOT	GO:0004370	glycerol kinase activity	F	PTN000023392	PTHR10196	true	true	taxon:2	20250326	GO_Central
PTHR10196	PTN000023584	NOT	GO:0005997	xylulose metabolic process	P	PTN000023215	PTHR10196	true	false	taxon:3702	20250326	GO_Central
PTHR10196	PTN000810447	NOT	GO:0004370	glycerol kinase activity	F	PTN000023392	PTHR10196	true	true	taxon:2759	20241119	GO_Central
PTHR10196	PTN002565401	NOT	GO:0006071	glycerol metabolic process	P	PTN000023394	PTHR10196	true	false	taxon:33392	20240314	GO_Central
PTHR10196	PTN002565401	NOT	GO:0006641	triglyceride metabolic process	P	PTN000023394	PTHR10196	true	false	taxon:33392	20230405	GO_Central
PTHR10196	PTN002565401	NOT	GO:0046167	glycerol-3-phosphate biosynthetic process	P	PTN000023394	PTHR10196	true	false	taxon:33392	20241119	GO_Central
PTHR10199	PTN008302761	NOT	GO:0005201	extracellular matrix structural constituent	F	PTN000810694	PTHR10199	true	false	taxon:	20260218	GO_Central
PTHR10199	PTN008302761	NOT	GO:0031012	extracellular matrix	C	PTN000810635	PTHR10199	true	false	taxon:	20260828	GO_Central
PTHR10201	PTN002230197	NOT	GO:0004222	metalloendopeptidase activity	F	PTN001303987	PTHR10201	true	false	taxon:40674	20260528	GO_Central
PTHR10201	PTN002230197	NOT	GO:0030198	extracellular matrix organization	P	PTN001303987	PTHR10201	true	false	taxon:40674	20260528	GO_Central
PTHR10201	PTN002230197	NOT	GO:0030574	collagen catabolic process	P	PTN001303987	PTHR10201	true	false	taxon:40674	20260528	GO_Central
PTHR10210	PTN000025038	NOT	GO:0002189	ribose phosphate diphosphokinase complex	C	PTN000025022	PTHR10210	true	false	taxon:33154	20240516	GO_Central
PTHR10210	PTN008303105	NOT	GO:0004749	ribose phosphate diphosphokinase activity	F	PTN000025022	PTHR10210	true	false	taxon:	20260528	GO_Central
PTHR10211	PTN000025303	NOT	GO:0000719	photoreactive repair	P	PTN000025285	PTHR10211	true	false	taxon:7227	20211019	GO_Central
PTHR10211	PTN000025303	NOT	GO:0003904	deoxyribodipyrimidine photo-lyase activity	F	PTN000025285	PTHR10211	true	false	taxon:7227	20211019	GO_Central
PTHR10211	PTN000811537	NOT	GO:0000719	photoreactive repair	P	PTN000025285	PTHR10211	true	false	taxon:35128	20211019	GO_Central
PTHR10211	PTN000811537	NOT	GO:0003904	deoxyribodipyrimidine photo-lyase activity	F	PTN000025285	PTHR10211	true	false	taxon:35128	20211019	GO_Central
PTHR10211	PTN002566240	NOT	GO:0000719	photoreactive repair	P	PTN000025285	PTHR10211	true	false	taxon:164328	20211019	GO_Central
PTHR10211	PTN002566240	NOT	GO:0003904	deoxyribodipyrimidine photo-lyase activity	F	PTN000025285	PTHR10211	true	false	taxon:164328	20211019	GO_Central
PTHR10211	PTN004139217	NOT	GO:0000719	photoreactive repair	P	PTN000025285	PTHR10211	true	false	taxon:3055	20211019	GO_Central
PTHR10211	PTN004139217	NOT	GO:0003904	deoxyribodipyrimidine photo-lyase activity	F	PTN000025285	PTHR10211	true	false	taxon:3055	20211019	GO_Central
PTHR10211	PTN004139219	NOT	GO:0000719	photoreactive repair	P	PTN000025285	PTHR10211	true	false	taxon:3055	20211019	GO_Central
PTHR10211	PTN004139219	NOT	GO:0003904	deoxyribodipyrimidine photo-lyase activity	F	PTN000025285	PTHR10211	true	false	taxon:3055	20211019	GO_Central
PTHR10211	PTN004139267	NOT	GO:0000719	photoreactive repair	P	PTN000025285	PTHR10211	true	false	taxon:3847	20211019	GO_Central
PTHR10211	PTN004139267	NOT	GO:0003904	deoxyribodipyrimidine photo-lyase activity	F	PTN000025285	PTHR10211	true	false	taxon:3847	20211019	GO_Central
PTHR10218	PTN000812114	NOT	GO:0007188	adenylate cyclase-modulating G protein-coupled receptor signaling pathway	P	PTN000026392	PTHR10218	true	false	taxon:451864	20260828	GO_Central
PTHR10218	PTN000812123	NOT	GO:0007188	adenylate cyclase-modulating G protein-coupled receptor signaling pathway	P	PTN000026392	PTHR10218	true	false	taxon:451864	20260828	GO_Central
PTHR10221	PTN000812328	NOT	GO:0005669	transcription factor TFIID complex	C	PTN000027265	PTHR10221	true	false	taxon:6072	20200601	GO_Central
PTHR10221	PTN000812328	NOT	GO:0051123	RNA polymerase II preinitiation complex assembly	P	PTN000027265	PTHR10221	true	false	taxon:6072	20260603	GO_Central
PTHR10223	PTN004140198	NOT	GO:0008540	proteasome regulatory particle, base subcomplex	C	PTN000027362	PTHR10223	true	false	taxon:284812	20210602	GO_Central
PTHR10223	PTN004140198	NOT	GO:0031593	polyubiquitin modification-dependent protein binding	F	PTN000027362	PTHR10223	true	false	taxon:284812	20210602	GO_Central
PTHR10223	PTN004140198	NOT	GO:0043161	proteasome-mediated ubiquitin-dependent protein catabolic process	P	PTN000027362	PTHR10223	true	false	taxon:284812	20250902	GO_Central
PTHR10231	PTN000812708	NOT	GO:0000139	Golgi membrane	C	PTN000027695	PTHR10231	true	false	taxon:2759	20260528	GO_Central
PTHR10241	PTN000028341	NOT	GO:0019905	syntaxin binding	F	PTN000028271	PTHR10241	true	false	taxon:	20260528	GO_Central
PTHR10241	PTN000812995	NOT	GO:0006887	exocytosis	P	PTN000028271	PTHR10241	true	false	taxon:6072	20250902	GO_Central
PTHR10252	PTN000813320	NOT	GO:0008623	CHRAC	C	PTN000028720	PTHR10252	true	false	taxon:6072	20191021	GO_Central
PTHR10252	PTN000813347	NOT	GO:0008623	CHRAC	C	PTN000028720	PTHR10252	true	false	taxon:284812	20240301	GO_Central
PTHR10256	PTN000029069	NOT	GO:0004756	selenide, water dikinase activity	F	PTN000029003	PTHR10256	true	false	taxon:7227	20250902	GO_Central
PTHR10256	PTN000029069	NOT	GO:0016260	L-selenocysteine biosynthetic process	P	PTN000029003	PTHR10256	true	false	taxon:7227	20251218	GO_Central
PTHR10257	PTN000813528	NOT	GO:0051177	meiotic sister chromatid cohesion	P	PTN000029087	PTHR10257	true	false	taxon:6072	20240820	GO_Central
PTHR10277	PTN000031360	NOT	GO:0009098	L-leucine biosynthetic process	P	PTN000031336	PTHR10277	true	false	taxon:3702	20171103	GO_Central
PTHR10277	PTN002231832	NOT	GO:0003852	2-isopropylmalate synthase activity	F	PTN000031336	PTHR10277	true	false	taxon:2	20260528	GO_Central
PTHR10277	PTN002231832	NOT	GO:0009098	L-leucine biosynthetic process	P	PTN000031336	PTHR10277	true	false	taxon:2	20171103	GO_Central
PTHR10277	PTN002469642	NOT	GO:0003852	2-isopropylmalate synthase activity	F	PTN000031336	PTHR10277	true	false	taxon:28890	20260528	GO_Central
PTHR10277	PTN002469642	NOT	GO:0009098	L-leucine biosynthetic process	P	PTN000031336	PTHR10277	true	false	taxon:28890	20171103	GO_Central
PTHR10285	PTN008496869	NOT	GO:0004849	uridine kinase activity	F	PTN001616707	PTHR10285	true	false	taxon:33154	20260528	GO_Central
PTHR10288	PTN000033020	NOT	GO:0005634	nucleus	C	PTN000032600	PTHR10288	true	false	taxon:3398	20260528	GO_Central
PTHR10288	PTN002568487	NOT	GO:0005634	nucleus	C	PTN000032600	PTHR10288	true	false	taxon:3193	20260528	GO_Central
PTHR10290	PTN000033239	NOT	GO:0005730	nucleolus	C	PTN000033230	PTHR10290	true	false	taxon:32524	20241119	GO_Central
PTHR10290	PTN000033239	NOT	GO:0007059	chromosome segregation	P	PTN000033230	PTHR10290	true	false	taxon:32524	20200807	GO_Central
PTHR10292	PTN000816052	NOT	GO:0006898	receptor-mediated endocytosis	P	PTN000033442	PTHR10292	true	false	taxon:6072	20260828	GO_Central
PTHR10292	PTN000816052	NOT	GO:0032051	clathrin light chain binding	F	PTN000033442	PTHR10292	true	false	taxon:6072	20180305	GO_Central
PTHR10292	PTN000816052	NOT	GO:0071439	clathrin complex	C	PTN000033442	PTHR10292	true	false	taxon:6072	20260528	GO_Central
PTHR10293	PTN008304204	NOT	GO:0005759	mitochondrial matrix	C	PTN008497287	PTHR10293	true	false	taxon:1117	20240301	GO_Central
PTHR10314	PTN000034668	NOT	GO:0019344	L-cysteine biosynthetic process	P	PTN000034104	PTHR10314	true	false	taxon:2759	20260828	GO_Central
PTHR10314	PTN000741516	NOT	GO:0019344	L-cysteine biosynthetic process	P	PTN000034104	PTHR10314	true	false	taxon:	20260828	GO_Central
PTHR10331	PTN008497578	NOT	GO:0005813	centrosome	C	PTN000817566	PTHR10331	true	false	taxon:32525	20240229	GO_Central
PTHR10331	PTN008497578	NOT	GO:0005814	centriole	C	PTN000817566	PTHR10331	true	false	taxon:32525	20240229	GO_Central
PTHR10331	PTN008497578	NOT	GO:0015631	tubulin binding	F	PTN000817566	PTHR10331	true	false	taxon:32525	20240229	GO_Central
PTHR10331	PTN008497578	NOT	GO:0060271	cilium assembly	P	PTN000817566	PTHR10331	true	false	taxon:32525	20240229	GO_Central
PTHR10331	PTN008497578	NOT	GO:0061511	centriole elongation	P	PTN000817566	PTHR10331	true	false	taxon:32525	20240229	GO_Central
PTHR10332	PTN000035835	NOT	GO:0005337	nucleoside transmembrane transporter activity	F	PTN000035696	PTHR10332	true	false	taxon:33213	20260828	GO_Central
PTHR10333	PTN002569481	NOT	GO:0070776	MOZ/MORF histone acetyltransferase complex	C	PTN000817813	PTHR10333	true	false	taxon:117571	20260508	GO_Central
PTHR10336	PTN000818609	NOT	GO:0051209	release of sequestered calcium ion into cytosol	P	PTN000036885	PTHR10336	true	false	taxon:4751	20181122	GO_Central
PTHR10336	PTN002569865	NOT	GO:0005886	plasma membrane	C	PTN002569864	PTHR10336	true	false	taxon:117571	20260828	GO_Central
PTHR10340	PTN000818947	NOT	GO:0005576	extracellular region	C	PTN000038097	PTHR10340	true	false	taxon:4751	20260528	GO_Central
PTHR10340	PTN000818947	NOT	GO:0008081	phosphoric diester hydrolase activity	F	PTN000038096	PTHR10340	true	false	taxon:4751	20260528	GO_Central
PTHR10344	PTN000819740	NOT	GO:0005739	mitochondrion	C	PTN000038987	PTHR10344	true	false	taxon:4751	20241119	GO_Central
PTHR10344	PTN001620248	NOT	GO:0004798	dTMP kinase activity	F	PTN000038985	PTHR10344	true	false	taxon:2759	20260528	GO_Central
PTHR10351	PTN002570413	NOT	GO:0005829	cytosol	C	PTN000039173	PTHR10351	true	false	taxon:117571	20190114	GO_Central
PTHR10351	PTN002570413	NOT	GO:0005854	nascent polypeptide-associated complex	C	PTN000039173	PTHR10351	true	false	taxon:117571	20230109	GO_Central
PTHR10352	PTN002769471	NOT	GO:0005852	eukaryotic translation initiation factor 3 complex	C	PTN008943764	PTHR10352	true	false	taxon:284812	20260316	GO_Central
PTHR10352	PTN002769471	NOT	GO:0006413	translational initiation	P	PTN008943764	PTHR10352	true	false	taxon:284812	20260316	GO_Central
PTHR10353	PTN000039463	NOT	GO:0008422	beta-glucosidase activity	F	PTN000039458	PTHR10353	true	false	taxon:33511	20260528	GO_Central
PTHR10353	PTN008498319	NOT	GO:0008422	beta-glucosidase activity	F	PTN000039458	PTHR10353	true	false	taxon:	20260528	GO_Central
PTHR10357	PTN000820349	NOT	GO:0009313	oligosaccharide catabolic process	P	PTN000040102	PTHR10357	true	false	taxon:6072	20221006	GO_Central
PTHR10361	PTN001309665	NOT	GO:0008508	bile acid:sodium symporter activity	F	PTN000040761	PTHR10361	true	false	taxon:7719	20230302	GO_Central
PTHR10361	PTN001309665	NOT	GO:0015721	bile acid and bile salt transport	P	PTN000040761	PTHR10361	true	false	taxon:7719	20230302	GO_Central
PTHR10361	PTN008305092	NOT	GO:0008508	bile acid:sodium symporter activity	F	PTN000040761	PTHR10361	true	false	taxon:	20170228	GO_Central
PTHR10361	PTN008305092	NOT	GO:0015721	bile acid and bile salt transport	P	PTN000040761	PTHR10361	true	false	taxon:	20200929	GO_Central
PTHR10367	PTN000042417	NOT	GO:0004484	mRNA guanylyltransferase activity	F	PTN000042413	PTHR10367	true	false	taxon:33213	20260828	GO_Central
PTHR10367	PTN000042417	NOT	GO:0006370	7-methylguanosine mRNA capping	P	PTN000042413	PTHR10367	true	false	taxon:33213	20260828	GO_Central
PTHR10371	PTN000822143	NOT|contributes_to	GO:0003954	NADH dehydrogenase activity	F	PTN000042735	PTHR10371	true	false	taxon:4751	20260528	GO_Central
PTHR10371	PTN000822143	NOT	GO:0006120	mitochondrial electron transport, NADH to ubiquinone	P	PTN000042666	PTHR10371	true	false	taxon:4751	20251218	GO_Central
PTHR10371	PTN000822143	NOT	GO:0022904	respiratory electron transport chain	P	PTN000042735	PTHR10371	true	false	taxon:4751	20251218	GO_Central
PTHR10371	PTN000822143	NOT	GO:0045271	respiratory chain complex I	C	PTN000042666	PTHR10371	true	false	taxon:4751	20251218	GO_Central
PTHR10404	PTN002572070	NOT	GO:0004180	carboxypeptidase activity	F	PTN000044792	PTHR10404	true	false	taxon:117571	20250902	GO_Central
PTHR10404	PTN008499203	NOT	GO:0004180	carboxypeptidase activity	F	PTN000044792	PTHR10404	true	false	taxon:6072	20260508	GO_Central
PTHR10412	PTN008499339	NOT	GO:0005789	endoplasmic reticulum membrane	C	PTN000045704	PTHR10412	true	false	taxon:100226	20260528	GO_Central
PTHR10414	PTN000045821	NOT	GO:0004307	ethanolaminephosphotransferase activity	F	PTN000045767	PTHR10414	true	false	taxon:32443	20241119	GO_Central
PTHR10414	PTN000045821	NOT	GO:0006646	phosphatidylethanolamine biosynthetic process	P	PTN000045767	PTHR10414	true	false	taxon:32443	20241119	GO_Central
PTHR10414	PTN000823784	NOT	GO:0004142	diacylglycerol cholinephosphotransferase activity	F	PTN000045767	PTHR10414	true	false	taxon:6072	20260528	GO_Central
PTHR10414	PTN008499361	NOT	GO:0004307	ethanolaminephosphotransferase activity	F	PTN000045767	PTHR10414	true	false	taxon:32523	20241119	GO_Central
PTHR10414	PTN008499361	NOT	GO:0006646	phosphatidylethanolamine biosynthetic process	P	PTN000045767	PTHR10414	true	false	taxon:32523	20241119	GO_Central
PTHR10424	PTN007440286	NOT	GO:0007520	myoblast fusion	P	PTN002572584	PTHR10424	true	false	taxon:9347	20260731	GO_Central
PTHR10424	PTN008305855	NOT	GO:0007520	myoblast fusion	P	PTN002572584	PTHR10424	true	false	taxon:9526	20260731	GO_Central
PTHR10424	PTN008499430	NOT	GO:0007520	myoblast fusion	P	PTN002572584	PTHR10424	true	false	taxon:9526	20260731	GO_Central
PTHR10424	PTN008945077	NOT	GO:0007520	myoblast fusion	P	PTN002572584	PTHR10424	true	false	taxon:9526	20260731	GO_Central
PTHR10430	PTN000824099	NOT	GO:0005739	mitochondrion	C	PTN000046537	PTHR10430	true	false	taxon:451864	20260715	GO_Central
PTHR10430	PTN000824099	NOT	GO:0005777	peroxisome	C	PTN000046537	PTHR10430	true	false	taxon:451864	20260715	GO_Central
PTHR10430	PTN000824099	NOT	GO:0008379	thioredoxin peroxidase activity	F	PTN001625584	PTHR10430	true	false	taxon:451864	20260828	GO_Central
PTHR10430	PTN000824099	NOT	GO:0034599	cellular response to oxidative stress	P	PTN001625584	PTHR10430	true	false	taxon:451864	20260715	GO_Central
PTHR10430	PTN000824099	NOT	GO:0042744	hydrogen peroxide catabolic process	P	PTN001625584	PTHR10430	true	false	taxon:451864	20260828	GO_Central
PTHR10430	PTN000824099	NOT	GO:0045454	cell redox homeostasis	P	PTN001625584	PTHR10430	true	false	taxon:451864	20260715	GO_Central
PTHR10434	PTN001625665	NOT	GO:0005783	endoplasmic reticulum	C	PTN000046633	PTHR10434	true	false	taxon:1236	20260528	GO_Central
PTHR10438	PTN008306001	NOT	GO:0005634	nucleus	C	PTN000824767	PTHR10438	true	false	taxon:32525	20260528	GO_Central
PTHR10438	PTN008306001	NOT	GO:0015035	protein-disulfide reductase activity	F	PTN004159511	PTHR10438	true	false	taxon:32525	20260528	GO_Central
PTHR10438	PTN008306001	NOT	GO:0045454	cell redox homeostasis	P	PTN004159511	PTHR10438	true	false	taxon:32525	20260528	GO_Central
PTHR10454	PTN000047958	NOT	GO:0004197	cysteine-type endopeptidase activity	F	PTN000047947	PTHR10454	true	false	taxon:314146	20260828	GO_Central
PTHR10454	PTN000047958	NOT	GO:0030225	macrophage differentiation	P	PTN000047971	PTHR10454	true	false	taxon:314146	20260616	GO_Central
PTHR10454	PTN000047958	NOT	GO:0031265	CD95 death-inducing signaling complex	C	PTN002573079	PTHR10454	true	false	taxon:314146	20260616	GO_Central
PTHR10454	PTN000047958	NOT	GO:0043525	positive regulation of neuron apoptotic process	P	PTN000047947	PTHR10454	true	false	taxon:314146	20260616	GO_Central
PTHR10454	PTN000825132	NOT	GO:0004197	cysteine-type endopeptidase activity	F	PTN000047947	PTHR10454	true	false	taxon:7739	20260828	GO_Central
PTHR10454	PTN000825132	NOT	GO:0006915	apoptotic process	P	PTN000047947	PTHR10454	true	false	taxon:7739	20260828	GO_Central
PTHR10454	PTN000825139	NOT	GO:0004197	cysteine-type endopeptidase activity	F	PTN000047947	PTHR10454	true	false	taxon:7739	20260828	GO_Central
PTHR10454	PTN000825139	NOT	GO:0006915	apoptotic process	P	PTN000047947	PTHR10454	true	false	taxon:7739	20260828	GO_Central
PTHR10454	PTN000825144	NOT	GO:0004197	cysteine-type endopeptidase activity	F	PTN000047947	PTHR10454	true	false	taxon:7739	20260828	GO_Central
PTHR10454	PTN000825144	NOT	GO:0006915	apoptotic process	P	PTN000047947	PTHR10454	true	false	taxon:7739	20260828	GO_Central
PTHR10454	PTN000968897	NOT	GO:0004197	cysteine-type endopeptidase activity	F	PTN000047947	PTHR10454	true	false	taxon:7739	20260828	GO_Central
PTHR10454	PTN000968897	NOT	GO:0006915	apoptotic process	P	PTN000047947	PTHR10454	true	false	taxon:7739	20260828	GO_Central
PTHR10454	PTN000968904	NOT	GO:0004197	cysteine-type endopeptidase activity	F	PTN000047947	PTHR10454	true	false	taxon:7739	20260828	GO_Central
PTHR10454	PTN000968904	NOT	GO:0006915	apoptotic process	P	PTN000047947	PTHR10454	true	false	taxon:7739	20260828	GO_Central
PTHR10454	PTN001020544	NOT	GO:0004197	cysteine-type endopeptidase activity	F	PTN000047947	PTHR10454	true	false	taxon:7739	20260828	GO_Central
PTHR10454	PTN001020544	NOT	GO:0006915	apoptotic process	P	PTN000047947	PTHR10454	true	false	taxon:7739	20260828	GO_Central
PTHR10454	PTN002572970	NOT	GO:0006915	apoptotic process	P	PTN000047947	PTHR10454	true	false	taxon:117571	20260828	GO_Central
PTHR10454	PTN002572970	NOT	GO:0043525	positive regulation of neuron apoptotic process	P	PTN000047947	PTHR10454	true	false	taxon:117571	20260727	GO_Central
PTHR10457	PTN004160598	NOT	GO:0004335	galactokinase activity	F	PTN000048421	PTHR10457	true	false	taxon:3193	20240918	GO_Central
PTHR10501	PTN000052494	NOT	GO:0005685	U1 snRNP	C	PTN000052389	PTHR10501	true	false	taxon:3398	20250411	GO_Central
PTHR10501	PTN000052494	NOT	GO:0030619	U1 snRNA binding	F	PTN000052389	PTHR10501	true	false	taxon:3398	20200807	GO_Central
PTHR10502	PTN008500369	NOT	GO:0005634	nucleus	C	PTN000052508	PTHR10502	true	false	taxon:	20260528	GO_Central
PTHR10502	PTN008500378	NOT	GO:0005634	nucleus	C	PTN000052508	PTHR10502	true	false	taxon:	20260528	GO_Central
PTHR10510	PTN000053670	NOT	GO:0030674	protein-macromolecule adaptor activity	F	PTN000828143	PTHR10510	true	false	taxon:10090	20250717	GO_Central
PTHR10510	PTN002575029	NOT	GO:0006119	oxidative phosphorylation	P	PTN000828143	PTHR10510	true	false	taxon:117571	20250326	GO_Central
PTHR10510	PTN002575029	NOT	GO:0098803	respiratory chain complex	C	PTN000828143	PTHR10510	true	false	taxon:117571	20251218	GO_Central
PTHR10513	PTN000828201	NOT	GO:0019136	deoxynucleoside kinase activity	F	PTN000053758	PTHR10513	true	false	taxon:2759	20260828	GO_Central
PTHR10517	PTN000054943	NOT	GO:0015884	folic acid transport	P	PTN000828834	PTHR10517	true	false	taxon:9347	20251030	GO_Central
PTHR10517	PTN000054943	NOT	GO:0061714	folic acid receptor activity	F	PTN000828834	PTHR10517	true	false	taxon:9347	20251030	GO_Central
PTHR10529	PTN000242370	NOT	GO:0005802	trans-Golgi network	C	PTN000055849	PTHR10529	true	false	taxon:2759	20250701	GO_Central
PTHR10529	PTN002575694	NOT	GO:0006896	Golgi to vacuole transport	P	PTN000055849	PTHR10529	true	false	taxon:33213	20250701	GO_Central
PTHR10535	PTN000056745	NOT	GO:0005665	RNA polymerase II, core complex	C	PTN000056681	PTHR10535	true	false	taxon:3398	20240729	GO_Central
PTHR10535	PTN000056745	NOT	GO:0005666	RNA polymerase III complex	C	PTN000056681	PTHR10535	true	false	taxon:3398	20240205	GO_Central
PTHR10535	PTN000056745	NOT	GO:0005736	RNA polymerase I complex	C	PTN000056681	PTHR10535	true	false	taxon:3398	20240205	GO_Central
PTHR10543	PTN002576077	NOT	GO:0010436	carotenoid dioxygenase activity	F	PTN001631894	PTHR10543	true	false	taxon:117571	20230109	GO_Central
PTHR10543	PTN002576077	NOT	GO:0016121	carotene catabolic process	P	PTN001631894	PTHR10543	true	false	taxon:117571	20211215	GO_Central
PTHR10553	PTN000058338	NOT	GO:0005689	U12-type spliceosomal complex	C	PTN000058284	PTHR10553	true	false	taxon:4890	20251218	GO_Central
PTHR10553	PTN000058403	NOT	GO:0005689	U12-type spliceosomal complex	C	PTN000058284	PTHR10553	true	false	taxon:4890	20251218	GO_Central
PTHR10553	PTN000830876	NOT	GO:0043186	P granule	C	PTN000058285	PTHR10553	true	false	taxon:4751	20240301	GO_Central
PTHR10562	PTN008501253	NOT	GO:0005940	septin ring	C	PTN000831542	PTHR10562	true	false	taxon:284812	20230301	GO_Central
PTHR10562	PTN008501253	NOT	GO:0016925	protein sumoylation	P	PTN000059492	PTHR10562	true	false	taxon:284812	20260828	GO_Central
PTHR10562	PTN008501253	NOT	GO:0031386	protein tag activity	F	PTN000059492	PTHR10562	true	false	taxon:284812	20251218	GO_Central
PTHR10562	PTN008501253	NOT	GO:0044389	ubiquitin-like protein ligase binding	F	PTN000059492	PTHR10562	true	false	taxon:284812	20230301	GO_Central
PTHR10584	PTN000061922	NOT	GO:0004747	ribokinase activity	F	PTN000061929	PTHR10584	true	false	taxon:1224	20260528	GO_Central
PTHR10584	PTN000062152	NOT	GO:0004747	ribokinase activity	F	PTN000061929	PTHR10584	true	false	taxon:2157	20260528	GO_Central
PTHR10609	PTN000064695	NOT	GO:0006768	biotin metabolic process	P	PTN000834762	PTHR10609	true	false	taxon:7227	20251105	GO_Central
PTHR10609	PTN000064695	NOT	GO:0047708	biotinidase activity	F	PTN000834762	PTHR10609	true	false	taxon:7227	20251105	GO_Central
PTHR10609	PTN000064696	NOT	GO:0006768	biotin metabolic process	P	PTN000834762	PTHR10609	true	false	taxon:7227	20251105	GO_Central
PTHR10609	PTN000064696	NOT	GO:0047708	biotinidase activity	F	PTN000834762	PTHR10609	true	false	taxon:7227	20251105	GO_Central
PTHR10609	PTN000064697	NOT	GO:0006768	biotin metabolic process	P	PTN000834762	PTHR10609	true	false	taxon:7227	20251105	GO_Central
PTHR10609	PTN000064697	NOT	GO:0047708	biotinidase activity	F	PTN000834762	PTHR10609	true	false	taxon:7227	20251105	GO_Central
PTHR10609	PTN007449471	NOT	GO:0006768	biotin metabolic process	P	PTN000834762	PTHR10609	true	false	taxon:	20251105	GO_Central
PTHR10609	PTN007449471	NOT	GO:0047708	biotinidase activity	F	PTN000834762	PTHR10609	true	false	taxon:	20251105	GO_Central
PTHR10625	PTN008492157	NOT	GO:0000118	histone deacetylase complex	C	PTN000065904	PTHR10625	true	false	taxon:33213	20250120	GO_Central
PTHR10625	PTN008492157	NOT	GO:0004407	histone deacetylase activity	F	PTN008143312	PTHR10625	true	false	taxon:33213	20260528	GO_Central
PTHR10625	PTN008492157	NOT	GO:0040029	epigenetic regulation of gene expression	P	PTN008143312	PTHR10625	true	false	taxon:33213	20260828	GO_Central
PTHR10631	PTN000066953	NOT	GO:0160104	tRNA (guanine(26)-N2)-dimethyltransferase activity	F	PTN000066880	PTHR10631	true	false	taxon:33511	20260528	GO_Central
PTHR10638	PTN000067358	NOT	GO:0008131	primary methylamine oxidase activity	F	PTN000067313	PTHR10638	true	false	taxon:9347	20260828	GO_Central
PTHR10638	PTN004175579	NOT	GO:0009753	response to jasmonic acid	P	PTN001319266	PTHR10638	true	false	taxon:4097	20260828	GO_Central
PTHR10644	PTN001639107	NOT	GO:0006281	DNA repair	P	PTN000068364	PTHR10644	true	false	taxon:284812	20230602	GO_Central
PTHR10644	PTN001639107	NOT	GO:0035861	site of double-strand break	C	PTN000068364	PTHR10644	true	false	taxon:284812	20210107	GO_Central
PTHR10644	PTN001639107	NOT	GO:0043161	proteasome-mediated ubiquitin-dependent protein catabolic process	P	PTN000068364	PTHR10644	true	false	taxon:284812	20210107	GO_Central
PTHR10644	PTN002579197	NOT	GO:0000398	mRNA splicing, via spliceosome	P	PTN000068443	PTHR10644	true	false	taxon:147538	20241119	GO_Central
PTHR10644	PTN002579197	NOT	GO:0005686	U2 snRNP	C	PTN000068443	PTHR10644	true	false	taxon:147538	20230302	GO_Central
PTHR10644	PTN002579197	NOT	GO:0030620	U2 snRNA binding	F	PTN000068443	PTHR10644	true	false	taxon:147538	20230302	GO_Central
PTHR10648	PTN000068762	NOT	GO:0005829	cytosol	C	PTN000068663	PTHR10648	true	false	taxon:3702	20250902	GO_Central
PTHR10649	PTN008502945	NOT	GO:0000976	transcription cis-regulatory region binding	F	PTN004180845	PTHR10649	true	false	taxon:41665	20240729	GO_Central
PTHR10649	PTN008502945	NOT	GO:0004879	nuclear receptor activity	F	PTN004180845	PTHR10649	true	false	taxon:41665	20241119	GO_Central
PTHR10649	PTN008502945	NOT	GO:0006357	regulation of transcription by RNA polymerase II	P	PTN004180845	PTHR10649	true	false	taxon:41665	20260828	GO_Central
PTHR10649	PTN008502945	NOT	GO:0034751	aryl hydrocarbon receptor complex	C	PTN004180845	PTHR10649	true	false	taxon:41665	20230405	GO_Central
PTHR10655	PTN000069163	NOT	GO:0052689	carboxylic ester hydrolase activity	F	PTN004181029	PTHR10655	true	false	taxon:	20250411	GO_Central
PTHR10655	PTN002579549	NOT	GO:0042997	negative regulation of Golgi to plasma membrane protein transport	P	PTN000837984	PTHR10655	true	false	taxon:117571	20240820	GO_Central
PTHR10655	PTN008308847	NOT	GO:0008474	palmitoyl-(protein) hydrolase activity	F	PTN000069163	PTHR10655	true	false	taxon:4751	20260210	GO_Central
PTHR10658	PTN000838295	NOT	GO:0008525	phosphatidylcholine intramembrane carrier activity	F	PTN000069712	PTHR10658	true	false	taxon:6072	20260528	GO_Central
PTHR10658	PTN000838295	NOT	GO:0031210	phosphatidylcholine binding	F	PTN000069712	PTHR10658	true	false	taxon:6072	20201204	GO_Central
PTHR10666	PTN002241342	NOT	GO:0003735	structural constituent of ribosome	F	PTN000071508	PTHR10666	true	false	taxon:2759	20260828	GO_Central
PTHR10666	PTN002241342	NOT	GO:0022626	cytosolic ribosome	C	PTN000071508	PTHR10666	true	false	taxon:2759	20260828	GO_Central
PTHR10666	PTN008309243	NOT	GO:0016567	protein ubiquitination	P	PTN000071508	PTHR10666	true	true	taxon:40674	20250415	GO_Central
PTHR10666	PTN008503342	NOT	GO:0003735	structural constituent of ribosome	F	PTN000071508	PTHR10666	true	false	taxon:2759	20260828	GO_Central
PTHR10666	PTN008503342	NOT	GO:0022626	cytosolic ribosome	C	PTN000071508	PTHR10666	true	false	taxon:2759	20260828	GO_Central
PTHR10671	PTN008503852	NOT	GO:0005886	plasma membrane	C	PTN002369799	PTHR10671	true	false	taxon:117571	20260731	GO_Central
PTHR10676	PTN000072732	NOT	GO:0060294	cilium movement involved in cell motility	P	PTN000743491	PTHR10676	true	false	taxon:2759	20260828	GO_Central
PTHR10676	PTN000072732	NOT	GO:0097729	9+2 motile cilium	C	PTN000743491	PTHR10676	true	false	taxon:2759	20260828	GO_Central
PTHR10681	PTN000074060	NOT	GO:0005829	cytosol	C	PTN000073874	PTHR10681	true	false	taxon:33090	20251218	GO_Central
PTHR10694	PTN000075209	NOT	GO:0051864	histone H3K36 demethylase activity	F	PTN000075207	PTHR10694	true	false	taxon:33213	20260528	GO_Central
PTHR10696	PTN000075565	NOT	GO:0005829	cytosol	C	PTN000075516	PTHR10696	true	false	taxon:1206794	20260828	GO_Central
PTHR10696	PTN000075565	NOT	GO:0008336	gamma-butyrobetaine dioxygenase activity	F	PTN000075516	PTHR10696	true	false	taxon:1206794	20260603	GO_Central
PTHR10696	PTN000075565	NOT	GO:0045329	carnitine biosynthetic process	P	PTN000075473	PTHR10696	true	false	taxon:1206794	20260828	GO_Central
PTHR10696	PTN000842010	NOT	GO:0005829	cytosol	C	PTN000075516	PTHR10696	true	false	taxon:	20260828	GO_Central
PTHR10696	PTN000842010	NOT	GO:0008336	gamma-butyrobetaine dioxygenase activity	F	PTN000075516	PTHR10696	true	false	taxon:	20260603	GO_Central
PTHR10696	PTN000842010	NOT	GO:0045329	carnitine biosynthetic process	P	PTN000075473	PTHR10696	true	false	taxon:	20260828	GO_Central
PTHR10696	PTN007456387	NOT	GO:0005829	cytosol	C	PTN000075516	PTHR10696	true	false	taxon:	20260828	GO_Central
PTHR10696	PTN007456387	NOT	GO:0008336	gamma-butyrobetaine dioxygenase activity	F	PTN000075516	PTHR10696	true	false	taxon:	20260603	GO_Central
PTHR10696	PTN007456387	NOT	GO:0045329	carnitine biosynthetic process	P	PTN000075473	PTHR10696	true	false	taxon:	20260828	GO_Central
PTHR10696	PTN008504419	NOT	GO:0005829	cytosol	C	PTN000075516	PTHR10696	true	false	taxon:	20260828	GO_Central
PTHR10696	PTN008504419	NOT	GO:0008336	gamma-butyrobetaine dioxygenase activity	F	PTN000075516	PTHR10696	true	false	taxon:	20260603	GO_Central
PTHR10696	PTN008504419	NOT	GO:0045329	carnitine biosynthetic process	P	PTN000075473	PTHR10696	true	false	taxon:	20260828	GO_Central
PTHR10704	PTN002581843	NOT	GO:0018146	keratan sulfate proteoglycan biosynthetic process	P	PTN000075901	PTHR10704	true	false	taxon:207598	20251028	GO_Central
PTHR10704	PTN002581843	NOT	GO:0045130	keratan sulfotransferase activity	F	PTN000075901	PTHR10704	true	false	taxon:207598	20251028	GO_Central
PTHR10728	PTN000076955	NOT	GO:0005783	endoplasmic reticulum	C	PTN000076935	PTHR10728	true	false	taxon:284812	20230706	GO_Central
PTHR10740	PTN008310255	NOT	GO:0045840	positive regulation of mitotic nuclear division	P	PTN001643577	PTHR10740	true	false	taxon:117571	20241119	GO_Central
PTHR10744	PTN000078631	NOT	GO:0022627	cytosolic small ribosomal subunit	C	PTN000078534	PTHR10744	true	false	taxon:2759	20250411	GO_Central
PTHR10744	PTN000843983	NOT	GO:0005739	mitochondrion	C	PTN000078631	PTHR10744	true	false	taxon:3193	20260528	GO_Central
PTHR10745	PTN002473373	NOT	GO:0004820	glycine-tRNA ligase activity	F	PTN000078673	PTHR10745	true	false	taxon:2759	20260528	GO_Central
PTHR10745	PTN002473373	NOT	GO:0006426	glycyl-tRNA aminoacylation	P	PTN000078673	PTHR10745	true	false	taxon:2759	20251218	GO_Central
PTHR10746	PTN000844117	NOT	GO:0022625	cytosolic large ribosomal subunit	C	PTN000078848	PTHR10746	true	false	taxon:45351	20251105	GO_Central
PTHR10746	PTN008310394	NOT	GO:0005762	mitochondrial large ribosomal subunit	C	PTN000078780	PTHR10746	true	false	taxon:2698737	20251105	GO_Central
PTHR10763	PTN000080103	NOT	GO:0005664	nuclear origin of replication recognition complex	C	PTN000080057	PTHR10763	true	false	taxon:559292	20230109	GO_Central
PTHR10783	PTN000081885	NOT	GO:0005802	trans-Golgi network	C	PTN000081883	PTHR10783	true	false	taxon:	20240516	GO_Central
PTHR10794	PTN000082718	NOT	GO:0034338	short-chain carboxylesterase activity	F	PTN000082644	PTHR10794	true	false	taxon:559292	20200313	GO_Central
PTHR10807	PTN000086907	NOT	GO:0004438	phosphatidylinositol-3-phosphate phosphatase activity	F	PTN008506586	PTHR10807	true	false	taxon:33213	20260528	GO_Central
PTHR10807	PTN000086907	NOT	GO:0106018	phosphatidylinositol-3,5-bisphosphate phosphatase activity	F	PTN008506586	PTHR10807	true	false	taxon:33213	20260528	GO_Central
PTHR10807	PTN000850005	NOT	GO:0004438	phosphatidylinositol-3-phosphate phosphatase activity	F	PTN000086845	PTHR10807	true	false	taxon:6072	20241219	GO_Central
PTHR10807	PTN000850005	NOT	GO:0046856	phosphatidylinositol dephosphorylation	P	PTN000086845	PTHR10807	true	false	taxon:6072	20241219	GO_Central
PTHR10807	PTN002474114	NOT	GO:0004438	phosphatidylinositol-3-phosphate phosphatase activity	F	PTN000086845	PTHR10807	true	false	taxon:6072	20241119	GO_Central
PTHR10807	PTN002474114	NOT	GO:0046856	phosphatidylinositol dephosphorylation	P	PTN000086845	PTHR10807	true	false	taxon:6072	20241119	GO_Central
PTHR10809	PTN002585160	NOT	GO:0090158	endoplasmic reticulum membrane organization	P	PTN000087323	PTHR10809	true	false	taxon:117571	20190524	GO_Central
PTHR10824	PTN000793338	NOT	GO:0005777	peroxisome	C	PTN001286267	PTHR10824	true	false	taxon:39107	20260710	GO_Central
PTHR10824	PTN002585587	NOT	GO:0005777	peroxisome	C	PTN001286267	PTHR10824	true	false	taxon:207598	20260710	GO_Central
PTHR10827	PTN008506956	NOT	GO:0005783	endoplasmic reticulum	C	PTN000088876	PTHR10827	true	false	taxon:190485	20260828	GO_Central
PTHR10846	PTN000851844	NOT	GO:0005886	plasma membrane	C	PTN000090975	PTHR10846	true	false	taxon:7739	20260528	GO_Central
PTHR10846	PTN002586309	NOT	GO:0005886	plasma membrane	C	PTN000090975	PTHR10846	true	false	taxon:117571	20260528	GO_Central
PTHR10851	PTN000852082	NOT	GO:0004733	pyridoxamine phosphate oxidase activity	F	PTN008507293	PTHR10851	true	false	taxon:2037	20251127	GO_Central
PTHR10855	PTN008955309	NOT	GO:0008541	proteasome regulatory particle, lid subcomplex	C	PTN000091582	PTHR10855	true	false	taxon:4895	20250423	GO_Central
PTHR10856	PTN002586592	NOT	GO:0016477	cell migration	P	PTN008312170	PTHR10856	true	false	taxon:117571	20250902	GO_Central
PTHR10856	PTN002586592	NOT	GO:0030027	lamellipodium	C	PTN008312170	PTHR10856	true	false	taxon:117571	20250701	GO_Central
PTHR10871	PTN000093341	NOT	GO:0005829	cytosol	C	PTN000093238	PTHR10871	true	false	taxon:2759	20250902	GO_Central
PTHR10880	PTN000853767	NOT	GO:0035267	NuA4 histone acetyltransferase complex	C	PTN000093963	PTHR10880	true	false	taxon:6072	20251127	GO_Central
PTHR10890	PTN002248462	NOT	GO:0004817	cysteine-tRNA ligase activity	F	PTN000095308	PTHR10890	true	false	taxon:2037	20251127	GO_Central
PTHR10890	PTN002248462	NOT	GO:0006423	cysteinyl-tRNA aminoacylation	P	PTN000095308	PTHR10890	true	false	taxon:2037	20251127	GO_Central
PTHR10903	PTN000096905	NOT	GO:0003924	GTPase activity	F	PTN000096873	PTHR10903	true	false	taxon:7955	20241211	GO_Central
PTHR10903	PTN000097195	NOT	GO:0003924	GTPase activity	F	PTN008956674	PTHR10903	true	false	taxon:294381	20241211	GO_Central
PTHR10903	PTN000097205	NOT	GO:0003924	GTPase activity	F	PTN008956674	PTHR10903	true	false	taxon:294381	20241211	GO_Central
PTHR10903	PTN000097209	NOT	GO:0003924	GTPase activity	F	PTN008956674	PTHR10903	true	false	taxon:294381	20241211	GO_Central
PTHR10903	PTN000855945	NOT	GO:0003924	GTPase activity	F	PTN000096873	PTHR10903	true	false	taxon:7955	20241211	GO_Central
PTHR10903	PTN000855958	NOT	GO:0003924	GTPase activity	F	PTN000096873	PTHR10903	true	false	taxon:7955	20241211	GO_Central
PTHR10903	PTN000855967	NOT	GO:0003924	GTPase activity	F	PTN000096873	PTHR10903	true	false	taxon:7955	20241211	GO_Central
PTHR10903	PTN000856049	NOT	GO:0003924	GTPase activity	F	PTN008956674	PTHR10903	true	false	taxon:412133	20241211	GO_Central
PTHR10903	PTN000856071	NOT	GO:0003924	GTPase activity	F	PTN000096873	PTHR10903	true	false	taxon:	20241211	GO_Central
PTHR10903	PTN001330517	NOT	GO:0003924	GTPase activity	F	PTN000096873	PTHR10903	true	false	taxon:9796	20241211	GO_Central
PTHR10903	PTN001330546	NOT	GO:0003924	GTPase activity	F	PTN000096873	PTHR10903	true	false	taxon:28377	20241211	GO_Central
PTHR10903	PTN001330562	NOT	GO:0003924	GTPase activity	F	PTN000096873	PTHR10903	true	false	taxon:81824	20241211	GO_Central
PTHR10903	PTN001330585	NOT	GO:0003924	GTPase activity	F	PTN008956674	PTHR10903	true	false	taxon:3218	20241211	GO_Central
PTHR10903	PTN002249239	NOT	GO:0003924	GTPase activity	F	PTN000096873	PTHR10903	true	false	taxon:7955	20241211	GO_Central
PTHR10903	PTN002588506	NOT	GO:0003924	GTPase activity	F	PTN000096873	PTHR10903	true	false	taxon:8090	20241211	GO_Central
PTHR10903	PTN002588514	NOT	GO:0003924	GTPase activity	F	PTN000096873	PTHR10903	true	false	taxon:7918	20241211	GO_Central
PTHR10903	PTN002588569	NOT	GO:0003924	GTPase activity	F	PTN000096873	PTHR10903	true	false	taxon:7918	20241211	GO_Central
PTHR10903	PTN002588578	NOT	GO:0003924	GTPase activity	F	PTN000096873	PTHR10903	true	false	taxon:7918	20241211	GO_Central
PTHR10903	PTN004207708	NOT	GO:0003924	GTPase activity	F	PTN000096873	PTHR10903	true	false	taxon:7918	20241211	GO_Central
PTHR10903	PTN004207750	NOT	GO:0003924	GTPase activity	F	PTN008956674	PTHR10903	true	false	taxon:4232	20241211	GO_Central
PTHR10903	PTN004207750	NOT	GO:0009707	chloroplast outer membrane	C	PTN000856052	PTHR10903	true	false	taxon:4232	20241211	GO_Central
PTHR10903	PTN004207750	NOT	GO:0045036	protein targeting to chloroplast	P	PTN000856052	PTHR10903	true	false	taxon:4232	20250902	GO_Central
PTHR10903	PTN004207750	NOT	GO:0045037	protein import into chloroplast stroma	P	PTN000856052	PTHR10903	true	false	taxon:4232	20241211	GO_Central
PTHR10903	PTN004207883	NOT	GO:0003924	GTPase activity	F	PTN008956674	PTHR10903	true	false	taxon:4232	20241211	GO_Central
PTHR10903	PTN004207883	NOT	GO:0009707	chloroplast outer membrane	C	PTN000856052	PTHR10903	true	false	taxon:4232	20241211	GO_Central
PTHR10903	PTN004207883	NOT	GO:0045036	protein targeting to chloroplast	P	PTN000856052	PTHR10903	true	false	taxon:4232	20250902	GO_Central
PTHR10903	PTN004207883	NOT	GO:0045037	protein import into chloroplast stroma	P	PTN000856052	PTHR10903	true	false	taxon:4232	20241211	GO_Central
PTHR10903	PTN004207937	NOT	GO:0003924	GTPase activity	F	PTN008956674	PTHR10903	true	false	taxon:3988	20241211	GO_Central
PTHR10903	PTN004207937	NOT	GO:0009707	chloroplast outer membrane	C	PTN000856052	PTHR10903	true	false	taxon:3988	20241211	GO_Central
PTHR10903	PTN004207937	NOT	GO:0045036	protein targeting to chloroplast	P	PTN000856052	PTHR10903	true	false	taxon:3988	20250902	GO_Central
PTHR10903	PTN004207937	NOT	GO:0045037	protein import into chloroplast stroma	P	PTN000856052	PTHR10903	true	false	taxon:3988	20241211	GO_Central
PTHR10903	PTN004207955	NOT	GO:0003924	GTPase activity	F	PTN008956674	PTHR10903	true	false	taxon:3218	20241211	GO_Central
PTHR10903	PTN004207955	NOT	GO:0009707	chloroplast outer membrane	C	PTN000856052	PTHR10903	true	false	taxon:3218	20241211	GO_Central
PTHR10903	PTN004207955	NOT	GO:0045036	protein targeting to chloroplast	P	PTN000856052	PTHR10903	true	false	taxon:3218	20250902	GO_Central
PTHR10903	PTN004207955	NOT	GO:0045037	protein import into chloroplast stroma	P	PTN000856052	PTHR10903	true	false	taxon:3218	20241211	GO_Central
PTHR10903	PTN004207985	NOT	GO:0003924	GTPase activity	F	PTN008956674	PTHR10903	true	false	taxon:4232	20241211	GO_Central
PTHR10903	PTN004207986	NOT	GO:0003924	GTPase activity	F	PTN008956674	PTHR10903	true	false	taxon:4232	20241211	GO_Central
PTHR10903	PTN004208048	NOT	GO:0003924	GTPase activity	F	PTN000096873	PTHR10903	true	false	taxon:4558	20241211	GO_Central
PTHR10903	PTN004208073	NOT	GO:0003924	GTPase activity	F	PTN000096873	PTHR10903	true	false	taxon:4232	20241211	GO_Central
PTHR10903	PTN004208076	NOT	GO:0003924	GTPase activity	F	PTN000096873	PTHR10903	true	false	taxon:4232	20241211	GO_Central
PTHR10903	PTN004208116	NOT	GO:0003924	GTPase activity	F	PTN000096873	PTHR10903	true	false	taxon:4097	20241211	GO_Central
PTHR10903	PTN004208144	NOT	GO:0003924	GTPase activity	F	PTN000096873	PTHR10903	true	false	taxon:2711	20241211	GO_Central
PTHR10903	PTN004208171	NOT	GO:0003924	GTPase activity	F	PTN000096873	PTHR10903	true	false	taxon:3659	20241211	GO_Central
PTHR10903	PTN004208181	NOT	GO:0003924	GTPase activity	F	PTN008956674	PTHR10903	true	false	taxon:3218	20241211	GO_Central
PTHR10903	PTN004208188	NOT	GO:0003924	GTPase activity	F	PTN000096873	PTHR10903	true	false	taxon:3218	20241211	GO_Central
PTHR10903	PTN004208191	NOT	GO:0003924	GTPase activity	F	PTN000096873	PTHR10903	true	false	taxon:3218	20241211	GO_Central
PTHR10903	PTN007471099	NOT	GO:0003924	GTPase activity	F	PTN008956674	PTHR10903	true	false	taxon:	20241211	GO_Central
PTHR10903	PTN007471099	NOT	GO:0009707	chloroplast outer membrane	C	PTN000856052	PTHR10903	true	false	taxon:	20241211	GO_Central
PTHR10903	PTN007471099	NOT	GO:0045036	protein targeting to chloroplast	P	PTN000856052	PTHR10903	true	false	taxon:	20250902	GO_Central
PTHR10903	PTN007471099	NOT	GO:0045037	protein import into chloroplast stroma	P	PTN000856052	PTHR10903	true	false	taxon:	20241211	GO_Central
PTHR10903	PTN007471145	NOT	GO:0003924	GTPase activity	F	PTN008956674	PTHR10903	true	false	taxon:4432	20241211	GO_Central
PTHR10903	PTN007471145	NOT	GO:0009707	chloroplast outer membrane	C	PTN000856052	PTHR10903	true	false	taxon:4432	20241211	GO_Central
PTHR10903	PTN007471145	NOT	GO:0045036	protein targeting to chloroplast	P	PTN000856052	PTHR10903	true	false	taxon:4432	20250902	GO_Central
PTHR10903	PTN007471145	NOT	GO:0045037	protein import into chloroplast stroma	P	PTN000856052	PTHR10903	true	false	taxon:4432	20241211	GO_Central
PTHR10903	PTN007471148	NOT	GO:0003924	GTPase activity	F	PTN008956674	PTHR10903	true	false	taxon:4210	20241211	GO_Central
PTHR10903	PTN007471148	NOT	GO:0009707	chloroplast outer membrane	C	PTN000856052	PTHR10903	true	false	taxon:4210	20241211	GO_Central
PTHR10903	PTN007471148	NOT	GO:0045036	protein targeting to chloroplast	P	PTN000856052	PTHR10903	true	false	taxon:4210	20250902	GO_Central
PTHR10903	PTN007471148	NOT	GO:0045037	protein import into chloroplast stroma	P	PTN000856052	PTHR10903	true	false	taxon:4210	20241211	GO_Central
PTHR10903	PTN007471177	NOT	GO:0003924	GTPase activity	F	PTN008956674	PTHR10903	true	false	taxon:4432	20241211	GO_Central
PTHR10903	PTN007471177	NOT	GO:0009707	chloroplast outer membrane	C	PTN000856052	PTHR10903	true	false	taxon:4432	20241211	GO_Central
PTHR10903	PTN007471177	NOT	GO:0045036	protein targeting to chloroplast	P	PTN000856052	PTHR10903	true	false	taxon:4432	20250902	GO_Central
PTHR10903	PTN007471177	NOT	GO:0045037	protein import into chloroplast stroma	P	PTN000856052	PTHR10903	true	false	taxon:4432	20241211	GO_Central
PTHR10903	PTN007471241	NOT	GO:0003924	GTPase activity	F	PTN000096873	PTHR10903	true	false	taxon:4432	20241211	GO_Central
PTHR10903	PTN007471246	NOT	GO:0003924	GTPase activity	F	PTN000096873	PTHR10903	true	false	taxon:4236	20241211	GO_Central
PTHR10903	PTN007471267	NOT	GO:0003924	GTPase activity	F	PTN000096873	PTHR10903	true	false	taxon:4113	20241211	GO_Central
PTHR10903	PTN007471275	NOT	GO:0003924	GTPase activity	F	PTN000096873	PTHR10903	true	false	taxon:4072	20241211	GO_Central
PTHR10903	PTN007471345	NOT	GO:0003924	GTPase activity	F	PTN000096873	PTHR10903	true	false	taxon:	20241211	GO_Central
PTHR10903	PTN007471351	NOT	GO:0003924	GTPase activity	F	PTN000096873	PTHR10903	true	false	taxon:9796	20241211	GO_Central
PTHR10903	PTN007471352	NOT	GO:0003924	GTPase activity	F	PTN000096873	PTHR10903	true	false	taxon:9796	20241211	GO_Central
PTHR10903	PTN007471358	NOT	GO:0003924	GTPase activity	F	PTN000096873	PTHR10903	true	false	taxon:8090	20241211	GO_Central
PTHR10903	PTN007471369	NOT	GO:0003924	GTPase activity	F	PTN000096873	PTHR10903	true	false	taxon:8090	20241211	GO_Central
PTHR10903	PTN007471384	NOT	GO:0003924	GTPase activity	F	PTN000096873	PTHR10903	true	false	taxon:7955	20241211	GO_Central
PTHR10903	PTN007471396	NOT	GO:0003924	GTPase activity	F	PTN000096873	PTHR10903	true	false	taxon:7955	20241211	GO_Central
PTHR10903	PTN007471400	NOT	GO:0003924	GTPase activity	F	PTN000096873	PTHR10903	true	false	taxon:	20241211	GO_Central
PTHR10903	PTN007471407	NOT	GO:0003924	GTPase activity	F	PTN008956674	PTHR10903	true	false	taxon:4432	20241211	GO_Central
PTHR10903	PTN007471412	NOT	GO:0003924	GTPase activity	F	PTN008956674	PTHR10903	true	false	taxon:4236	20241211	GO_Central
PTHR10903	PTN007471435	NOT	GO:0003924	GTPase activity	F	PTN008956674	PTHR10903	true	false	taxon:3708	20241211	GO_Central
PTHR10903	PTN007643325	NOT	GO:0003924	GTPase activity	F	PTN000096873	PTHR10903	true	false	taxon:6238	20241211	GO_Central
PTHR10903	PTN008508453	NOT	GO:0003924	GTPase activity	F	PTN000096873	PTHR10903	true	false	taxon:	20241211	GO_Central
PTHR10903	PTN008508467	NOT	GO:0003924	GTPase activity	F	PTN008956674	PTHR10903	true	false	taxon:3197	20241211	GO_Central
PTHR10903	PTN008508485	NOT	GO:0003924	GTPase activity	F	PTN008956674	PTHR10903	true	false	taxon:3197	20241211	GO_Central
PTHR10903	PTN008508485	NOT	GO:0009707	chloroplast outer membrane	C	PTN000856052	PTHR10903	true	false	taxon:3197	20241211	GO_Central
PTHR10903	PTN008508485	NOT	GO:0045036	protein targeting to chloroplast	P	PTN000856052	PTHR10903	true	false	taxon:3197	20250902	GO_Central
PTHR10903	PTN008508485	NOT	GO:0045037	protein import into chloroplast stroma	P	PTN000856052	PTHR10903	true	false	taxon:3197	20241211	GO_Central
PTHR10903	PTN008508486	NOT	GO:0003924	GTPase activity	F	PTN008956674	PTHR10903	true	false	taxon:105231	20241211	GO_Central
PTHR10903	PTN008956502	NOT	GO:0003924	GTPase activity	F	PTN000096873	PTHR10903	true	false	taxon:	20241211	GO_Central
PTHR10903	PTN008956521	NOT	GO:0003924	GTPase activity	F	PTN000096873	PTHR10903	true	false	taxon:	20241211	GO_Central
PTHR10903	PTN008956565	NOT	GO:0003924	GTPase activity	F	PTN000096873	PTHR10903	true	false	taxon:	20241211	GO_Central
PTHR10903	PTN008956574	NOT	GO:0003924	GTPase activity	F	PTN000096873	PTHR10903	true	false	taxon:7955	20241211	GO_Central
PTHR10903	PTN008956580	NOT	GO:0003924	GTPase activity	F	PTN000096873	PTHR10903	true	false	taxon:7955	20241211	GO_Central
PTHR10903	PTN008956610	NOT	GO:0003924	GTPase activity	F	PTN000096873	PTHR10903	true	false	taxon:7955	20241211	GO_Central
PTHR10903	PTN008956639	NOT	GO:0003924	GTPase activity	F	PTN000096873	PTHR10903	true	false	taxon:	20241211	GO_Central
PTHR10903	PTN008956661	NOT	GO:0003924	GTPase activity	F	PTN000096873	PTHR10903	true	false	taxon:4232	20241211	GO_Central
PTHR10903	PTN008956662	NOT	GO:0003924	GTPase activity	F	PTN000096873	PTHR10903	true	false	taxon:4232	20241211	GO_Central
PTHR10903	PTN008956663	NOT	GO:0003924	GTPase activity	F	PTN000096873	PTHR10903	true	false	taxon:4232	20241211	GO_Central
PTHR10903	PTN008956664	NOT	GO:0003924	GTPase activity	F	PTN000096873	PTHR10903	true	false	taxon:4232	20241211	GO_Central
PTHR10903	PTN008956665	NOT	GO:0003924	GTPase activity	F	PTN000096873	PTHR10903	true	false	taxon:4232	20241211	GO_Central
PTHR10903	PTN008956667	NOT	GO:0003924	GTPase activity	F	PTN000096873	PTHR10903	true	false	taxon:4236	20241211	GO_Central
PTHR10903	PTN008956668	NOT	GO:0003924	GTPase activity	F	PTN000096873	PTHR10903	true	false	taxon:4236	20241211	GO_Central
PTHR10903	PTN008956676	NOT	GO:0003924	GTPase activity	F	PTN008956674	PTHR10903	true	false	taxon:33154	20241211	GO_Central
PTHR10906	PTN008508494	NOT	GO:0005784	Sec61 translocon complex	C	PTN000097220	PTHR10906	true	false	taxon:4895	20250411	GO_Central
PTHR10909	PTN008508560	NOT	GO:0005777	peroxisome	C	PTN000097533	PTHR10909	true	false	taxon:	20260204	GO_Central
PTHR10910	PTN001331203	NOT	GO:0003725	double-stranded RNA binding	F	PTN000098822	PTHR10910	true	true	taxon:7227	20241119	GO_Central
PTHR10910	PTN001331203	NOT	GO:0003726	double-stranded RNA adenosine deaminase activity	F	PTN000098822	PTHR10910	true	true	taxon:7227	20260528	GO_Central
PTHR10910	PTN001331203	NOT	GO:0006382	adenosine to inosine editing	P	PTN000098822	PTHR10910	true	false	taxon:7227	20230227	GO_Central
PTHR10910	PTN001331203	NOT	GO:0008251	tRNA-specific adenosine deaminase activity	F	PTN000098822	PTHR10910	true	true	taxon:7227	20260528	GO_Central
PTHR10910	PTN004208710	NOT	GO:0003725	double-stranded RNA binding	F	PTN000098822	PTHR10910	true	true	taxon:7070	20241119	GO_Central
PTHR10910	PTN004208710	NOT	GO:0003726	double-stranded RNA adenosine deaminase activity	F	PTN000098822	PTHR10910	true	true	taxon:7070	20260528	GO_Central
PTHR10910	PTN004208710	NOT	GO:0006382	adenosine to inosine editing	P	PTN000098822	PTHR10910	true	false	taxon:7070	20210416	GO_Central
PTHR10910	PTN004208710	NOT	GO:0008251	tRNA-specific adenosine deaminase activity	F	PTN000098822	PTHR10910	true	true	taxon:7070	20260528	GO_Central
PTHR10916	PTN001331362	NOT	GO:0022625	cytosolic large ribosomal subunit	C	PTN000099513	PTHR10916	true	false	taxon:3193	20170228	GO_Central
PTHR10921	PTN000858805	NOT	GO:0005813	centrosome	C	PTN000100519	PTHR10921	true	false	taxon:451864	20240304	GO_Central
PTHR10921	PTN000858805	NOT	GO:0007100	mitotic centrosome separation	P	PTN000100519	PTHR10921	true	false	taxon:451864	20240304	GO_Central
PTHR10938	PTN000859419	NOT	GO:0005739	mitochondrion	C	PTN000101472	PTHR10938	true	false	taxon:3193	20251127	GO_Central
PTHR10938	PTN000859419	NOT	GO:0070124	mitochondrial translational initiation	P	PTN000101472	PTHR10938	true	false	taxon:3193	20251127	GO_Central
PTHR10947	PTN000859804	NOT|contributes_to	GO:0004826	phenylalanine-tRNA ligase activity	F	PTN000101805	PTHR10947	true	false	taxon:6072	20251127	GO_Central
PTHR10947	PTN000859804	NOT	GO:0006432	phenylalanyl-tRNA aminoacylation	P	PTN000101805	PTHR10947	true	false	taxon:6072	20170228	GO_Central
PTHR10947	PTN000859804	NOT	GO:0009328	phenylalanine-tRNA ligase complex	C	PTN000101805	PTHR10947	true	false	taxon:6072	20170228	GO_Central
PTHR10953	PTN000102043	NOT	GO:0004792	thiosulfate-cyanide sulfurtransferase activity	F	PTN000102040	PTHR10953	true	false	taxon:2759	20231108	GO_Central
PTHR10953	PTN000102043	NOT	GO:0016779	nucleotidyltransferase activity	F	PTN000102040	PTHR10953	true	false	taxon:2759	20260828	GO_Central
PTHR10953	PTN000102114	NOT	GO:0004792	thiosulfate-cyanide sulfurtransferase activity	F	PTN000102040	PTHR10953	true	false	taxon:2759	20231108	GO_Central
PTHR10953	PTN000102114	NOT	GO:0016779	nucleotidyltransferase activity	F	PTN000102040	PTHR10953	true	false	taxon:2759	20260828	GO_Central
PTHR10953	PTN000102175	NOT	GO:0004792	thiosulfate-cyanide sulfurtransferase activity	F	PTN000102040	PTHR10953	true	false	taxon:2759	20231108	GO_Central
PTHR10953	PTN000102175	NOT	GO:0016779	nucleotidyltransferase activity	F	PTN000102040	PTHR10953	true	false	taxon:2759	20260828	GO_Central
PTHR10953	PTN000102239	NOT	GO:0004792	thiosulfate-cyanide sulfurtransferase activity	F	PTN000102040	PTHR10953	true	false	taxon:2759	20231108	GO_Central
PTHR10953	PTN000102239	NOT	GO:0016779	nucleotidyltransferase activity	F	PTN000102040	PTHR10953	true	false	taxon:2759	20260828	GO_Central
PTHR10953	PTN000102296	NOT	GO:0004792	thiosulfate-cyanide sulfurtransferase activity	F	PTN000102040	PTHR10953	true	false	taxon:2759	20231108	GO_Central
PTHR10953	PTN000102296	NOT	GO:0016779	nucleotidyltransferase activity	F	PTN000102040	PTHR10953	true	false	taxon:2759	20260828	GO_Central
PTHR10953	PTN000102341	NOT	GO:0004792	thiosulfate-cyanide sulfurtransferase activity	F	PTN000102040	PTHR10953	true	false	taxon:2759	20231108	GO_Central
PTHR10953	PTN000102341	NOT	GO:0016779	nucleotidyltransferase activity	F	PTN000102040	PTHR10953	true	false	taxon:2759	20260828	GO_Central
PTHR10953	PTN000102404	NOT	GO:0004792	thiosulfate-cyanide sulfurtransferase activity	F	PTN000102040	PTHR10953	true	false	taxon:2759	20231108	GO_Central
PTHR10953	PTN000102404	NOT	GO:0016779	nucleotidyltransferase activity	F	PTN000102040	PTHR10953	true	false	taxon:2759	20260828	GO_Central
PTHR10953	PTN000102535	NOT	GO:0032446	protein modification by small protein conjugation	P	PTN000102039	PTHR10953	true	false	taxon:2759	20260828	GO_Central
PTHR10953	PTN008313461	NOT	GO:0004839	ubiquitin activating enzyme activity	F	PTN000102404	PTHR10953	true	false	taxon:40674	20260528	GO_Central
PTHR10953	PTN008313461	NOT	GO:0005634	nucleus	C	PTN000102404	PTHR10953	true	false	taxon:40674	20260528	GO_Central
PTHR10953	PTN008313461	NOT	GO:0006511	ubiquitin-dependent protein catabolic process	P	PTN000102404	PTHR10953	true	false	taxon:40674	20250902	GO_Central
PTHR10953	PTN008313461	NOT	GO:0016567	protein ubiquitination	P	PTN000102404	PTHR10953	true	false	taxon:40674	20241119	GO_Central
PTHR10985	PTN000105659	NOT	GO:0050767	regulation of neurogenesis	P	PTN000105428	PTHR10985	true	false	taxon:9347	20260828	GO_Central
PTHR10986	PTN000105851	NOT	GO:0005761	mitochondrial ribosome	C	PTN000105858	PTHR10986	true	false	taxon:33090	20250902	GO_Central
PTHR10993	PTN000107365	NOT	GO:0033819	lipoyl(octanoyl) transferase activity	F	PTN000863675	PTHR10993	true	false	taxon:3398	20260828	GO_Central
PTHR10993	PTN000107433	NOT	GO:0005739	mitochondrion	C	PTN000107370	PTHR10993	true	false	taxon:226186	20250902	GO_Central
PTHR10993	PTN001661579	NOT	GO:0005739	mitochondrion	C	PTN000107370	PTHR10993	true	false	taxon:1117	20250902	GO_Central
PTHR10997	PTN000108304	NOT	GO:0006606	protein import into nucleus	P	PTN000108134	PTHR10997	true	false	taxon:2759	20250731	GO_Central
PTHR10997	PTN000108304	NOT	GO:0061608	nuclear import signal receptor activity	F	PTN000108134	PTHR10997	true	false	taxon:2759	20250731	GO_Central
PTHR11003	PTN000108616	NOT	GO:0015271	outward rectifier potassium channel activity	F	PTN000108561	PTHR11003	true	false	taxon:40674	20260828	GO_Central
PTHR11003	PTN000109115	NOT	GO:0015271	outward rectifier potassium channel activity	F	PTN000108561	PTHR11003	true	false	taxon:7955	20260828	GO_Central
PTHR11003	PTN002591505	NOT	GO:0015271	outward rectifier potassium channel activity	F	PTN000108561	PTHR11003	true	false	taxon:117571	20260828	GO_Central
PTHR11006	PTN002591916	NOT	GO:0005634	nucleus	C	PTN001663148	PTHR11006	true	false	taxon:117571	20250902	GO_Central
PTHR11022	PTN000111767	NOT	GO:0008745	N-acetylmuramoyl-L-alanine amidase activity	F	PTN002475783	PTHR11022	true	true	taxon:7227	20250731	GO_Central
PTHR11022	PTN000111770	NOT	GO:0008745	N-acetylmuramoyl-L-alanine amidase activity	F	PTN002475783	PTHR11022	true	true	taxon:7227	20250731	GO_Central
PTHR11022	PTN000111770	NOT	GO:0016019	peptidoglycan immune receptor activity	F	PTN002475783	PTHR11022	true	false	taxon:7227	20250731	GO_Central
PTHR11022	PTN000111775	NOT	GO:0008745	N-acetylmuramoyl-L-alanine amidase activity	F	PTN002475783	PTHR11022	true	true	taxon:7227	20250731	GO_Central
PTHR11022	PTN000111779	NOT	GO:0008745	N-acetylmuramoyl-L-alanine amidase activity	F	PTN002475783	PTHR11022	true	true	taxon:7227	20250731	GO_Central
PTHR11022	PTN000111782	NOT	GO:0008745	N-acetylmuramoyl-L-alanine amidase activity	F	PTN002475783	PTHR11022	true	true	taxon:7227	20250731	GO_Central
PTHR11022	PTN000111783	NOT	GO:0008745	N-acetylmuramoyl-L-alanine amidase activity	F	PTN002475783	PTHR11022	true	true	taxon:7227	20250731	GO_Central
PTHR11022	PTN000111783	NOT	GO:0016019	peptidoglycan immune receptor activity	F	PTN002475783	PTHR11022	true	false	taxon:7227	20250731	GO_Central
PTHR11022	PTN008959207	NOT	GO:0005576	extracellular region	C	PTN002475783	PTHR11022	true	false	taxon:	20260528	GO_Central
PTHR11022	PTN008959207	NOT	GO:0006955	immune response	P	PTN002475783	PTHR11022	true	false	taxon:	20251217	GO_Central
PTHR11022	PTN008959207	NOT	GO:0008745	N-acetylmuramoyl-L-alanine amidase activity	F	PTN002475783	PTHR11022	true	true	taxon:	20251217	GO_Central
PTHR11022	PTN008959207	NOT	GO:0016019	peptidoglycan immune receptor activity	F	PTN002475783	PTHR11022	true	false	taxon:	20251217	GO_Central
PTHR11022	PTN008959207	NOT	GO:0050830	defense response to Gram-positive bacterium	P	PTN002475783	PTHR11022	true	false	taxon:	20260828	GO_Central
PTHR11040	PTN004222611	NOT	GO:0005794	Golgi apparatus	C	PTN008510931	PTHR11040	true	false	taxon:	20251127	GO_Central
PTHR11048	PTN000114161	NOT	GO:0005886	plasma membrane	C	PTN000114159	PTHR11048	true	false	taxon:2759	20240205	GO_Central
PTHR11049	PTN002593656	NOT	GO:0052816	long-chain fatty acyl-CoA hydrolase activity	F	PTN000114376	PTHR11049	true	false	taxon:117571	20241120	GO_Central
PTHR11054	PTN000868544	NOT	GO:0017057	6-phosphogluconolactonase activity	F	PTN000114545	PTHR11054	true	false	taxon:4892	20250902	GO_Central
PTHR11071	PTN000116507	NOT	GO:0043231	intracellular membrane-bounded organelle	C	PTN002253524	PTHR11071	true	false	taxon:7147	20260528	GO_Central
PTHR11071	PTN000116507	NOT	GO:0071013	catalytic step 2 spliceosome	C	PTN008511669	PTHR11071	true	false	taxon:7147	20260115	GO_Central
PTHR11071	PTN000870496	NOT	GO:0003755	peptidyl-prolyl cis-trans isomerase activity	F	PTN008511653	PTHR11071	true	false	taxon:2759	20260828	GO_Central
PTHR11071	PTN000870496	NOT	GO:0006457	protein folding	P	PTN008511653	PTHR11071	true	false	taxon:2759	20250902	GO_Central
PTHR11073	PTN002594615	NOT	GO:0005509	calcium ion binding	F	PTN000117401	PTHR11073	true	false	taxon:32524	20240918	GO_Central
PTHR11076	PTN004228531	NOT	GO:0009432	SOS response	P	PTN000118165	PTHR11076	true	false	taxon:3988	20240304	GO_Central
PTHR11079	PTN000118464	NOT	GO:0002100	tRNA wobble adenosine to inosine editing	P	PTN000118390	PTHR11079	true	false	taxon:284812	20260828	GO_Central
PTHR11079	PTN000118464	NOT	GO:0052717	tRNA-specific adenosine-34 deaminase activity	F	PTN000118390	PTHR11079	true	false	taxon:284812	20260828	GO_Central
PTHR11080	PTN000871565	NOT	GO:0005634	nucleus	C	PTN000118468	PTHR11080	true	false	taxon:2037	20251127	GO_Central
PTHR11081	PTN001283170	NOT	GO:0000729	DNA double-strand break processing	P	PTN008512045	PTHR11081	true	false	taxon:451864	20230220	GO_Central
PTHR11081	PTN001283170	NOT	GO:0017108	5'-flap endonuclease activity	F	PTN000118612	PTHR11081	true	false	taxon:451864	20250902	GO_Central
PTHR11096	PTN000120385	NOT	GO:0003963	RNA-3'-phosphate cyclase activity	F	PTN000120382	PTHR11096	true	false	taxon:2759	20250902	GO_Central
PTHR11108	PTN002254910	NOT	GO:0005739	mitochondrion	C	PTN008512544	PTHR11108	true	false	taxon:251221	20251218	GO_Central
PTHR11119	PTN002476593	NOT	GO:0008520	L-ascorbate:sodium symporter activity	F	PTN002595861	PTHR11119	true	false	taxon:9606	20241120	GO_Central
PTHR11119	PTN002476593	NOT	GO:0015882	L-ascorbic acid transmembrane transport	P	PTN002595861	PTHR11119	true	false	taxon:9606	20241120	GO_Central
PTHR11134	PTN002596494	NOT	GO:0030121	AP-1 adaptor complex	C	PTN000123672	PTHR11134	true	false	taxon:117571	20260603	GO_Central
PTHR11136	PTN000124000	NOT	GO:0008841	dihydrofolate synthase activity	F	PTN000123998	PTHR11136	true	false	taxon:2759	20260528	GO_Central
PTHR11136	PTN000124084	NOT	GO:0004326	tetrahydrofolylpolyglutamate synthase activity	F	PTN000123998	PTHR11136	true	false	taxon:33090	20250902	GO_Central
PTHR11139	PTN000124276	NOT	GO:0004674	protein serine/threonine kinase activity	F	PTN000124197	PTHR11139	true	false	taxon:2759	20260528	GO_Central
PTHR11139	PTN000124317	NOT	GO:0000124	SAGA complex	C	PTN000124276	PTHR11139	true	false	taxon:284812	20220413	GO_Central
PTHR11139	PTN000124317	NOT	GO:0006355	regulation of DNA-templated transcription	P	PTN000124276	PTHR11139	true	false	taxon:284812	20260828	GO_Central
PTHR11139	PTN000124318	NOT	GO:0035267	NuA4 histone acetyltransferase complex	C	PTN000124276	PTHR11139	true	false	taxon:284812	20220922	GO_Central
PTHR11139	PTN008513178	NOT	GO:0016242	negative regulation of macroautophagy	P	PTN000124327	PTHR11139	true	false	taxon:4895	20251029	GO_Central
PTHR11139	PTN008513178	NOT	GO:0038202	TORC1 signaling	P	PTN000124328	PTHR11139	true	false	taxon:4895	20251029	GO_Central
PTHR11139	PTN008513213	NOT	GO:0000077	DNA damage checkpoint signaling	P	PTN001673376	PTHR11139	true	false	taxon:	20260210	GO_Central
PTHR11139	PTN008513213	NOT	GO:0000723	telomere maintenance	P	PTN001673376	PTHR11139	true	false	taxon:	20260210	GO_Central
PTHR11139	PTN008513213	NOT	GO:0006281	DNA repair	P	PTN001673376	PTHR11139	true	false	taxon:	20260828	GO_Central
PTHR11139	PTN008513213	NOT	GO:0006302	double-strand break repair	P	PTN001673310	PTHR11139	true	false	taxon:	20260210	GO_Central
PTHR11139	PTN008513213	NOT	GO:0071480	cellular response to gamma radiation	P	PTN001673310	PTHR11139	true	false	taxon:	20260210	GO_Central
PTHR11139	PTN008513213	NOT	GO:1904358	positive regulation of telomere maintenance via telomere lengthening	P	PTN001673310	PTHR11139	true	false	taxon:	20260210	GO_Central
PTHR11164	PTN000877216	NOT	GO:0017109	glutamate-cysteine ligase complex	C	PTN000126117	PTHR11164	true	false	taxon:4892	20200807	GO_Central
PTHR11177	PTN000126567	NOT	GO:0004568	chitinase activity	F	PTN000126545	PTHR11177	true	true	taxon:39107	20260828	GO_Central
PTHR11177	PTN000877641	NOT	GO:0004568	chitinase activity	F	PTN000126545	PTHR11177	true	true	taxon:7955	20260528	GO_Central
PTHR11177	PTN000877641	NOT	GO:0006032	chitin catabolic process	P	PTN000126545	PTHR11177	true	true	taxon:7955	20250411	GO_Central
PTHR11177	PTN002597508	NOT	GO:0004568	chitinase activity	F	PTN000126545	PTHR11177	true	true	taxon:7918	20260528	GO_Central
PTHR11177	PTN002597508	NOT	GO:0006032	chitin catabolic process	P	PTN000126545	PTHR11177	true	true	taxon:7918	20250411	GO_Central
PTHR11177	PTN002597554	NOT	GO:0004568	chitinase activity	F	PTN000126545	PTHR11177	true	true	taxon:33392	20260828	GO_Central
PTHR11177	PTN002597576	NOT	GO:0004568	chitinase activity	F	PTN000126545	PTHR11177	true	true	taxon:41665	20260528	GO_Central
PTHR11177	PTN002597576	NOT	GO:0006032	chitin catabolic process	P	PTN000126545	PTHR11177	true	true	taxon:41665	20250411	GO_Central
PTHR11177	PTN008513720	NOT	GO:0004568	chitinase activity	F	PTN000126545	PTHR11177	true	true	taxon:117571	20260528	GO_Central
PTHR11177	PTN008513720	NOT	GO:0006032	chitin catabolic process	P	PTN000126545	PTHR11177	true	true	taxon:117571	20250411	GO_Central
PTHR11183	PTN000127122	NOT	GO:0008466	glycogenin glucosyltransferase activity	F	PTN000127027	PTHR11183	true	false	taxon:	20260528	GO_Central
PTHR11188	PTN001341304	NOT	GO:0005886	plasma membrane	C	PTN000878237	PTHR11188	true	false	taxon:4890	20200205	GO_Central
PTHR11188	PTN002256582	NOT	GO:0005886	plasma membrane	C	PTN000878237	PTHR11188	true	false	taxon:	20200205	GO_Central
PTHR11203	PTN000128652	NOT	GO:0006398	mRNA 3'-end processing by stem-loop binding and cleavage	P	PTN000128607	PTHR11203	true	false	taxon:4890	20240304	GO_Central
PTHR11207	PTN000129456	NOT	GO:0003725	double-stranded RNA binding	F	PTN000129453	PTHR11207	true	false	taxon:33154	20220413	GO_Central
PTHR11207	PTN000129456	NOT	GO:0010468	regulation of gene expression	P	PTN000129453	PTHR11207	true	false	taxon:33154	20240729	GO_Central
PTHR11207	PTN000129456	NOT	GO:0031053	primary miRNA processing	P	PTN000129455	PTHR11207	true	false	taxon:33154	20221006	GO_Central
PTHR11207	PTN001025433	NOT	GO:0004525	ribonuclease III activity	F	PTN000129453	PTHR11207	true	false	taxon:6072	20260528	GO_Central
PTHR11207	PTN001025433	NOT	GO:0006396	RNA processing	P	PTN000129453	PTHR11207	true	false	taxon:6072	20240729	GO_Central
PTHR11207	PTN001025446	NOT	GO:0004525	ribonuclease III activity	F	PTN000129453	PTHR11207	true	false	taxon:4751	20230124	GO_Central
PTHR11207	PTN001025446	NOT	GO:0005634	nucleus	C	PTN000129454	PTHR11207	true	false	taxon:4751	20260528	GO_Central
PTHR11207	PTN001025446	NOT	GO:0006396	RNA processing	P	PTN000129453	PTHR11207	true	false	taxon:4751	20240729	GO_Central
PTHR11214	PTN002598797	NOT	GO:0030311	poly-N-acetyllactosamine biosynthetic process	P	PTN008317874	PTHR11214	true	false	taxon:117571	20250717	GO_Central
PTHR11216	PTN004245138	NOT	GO:0006897	endocytosis	P	PTN000130974	PTHR11216	true	false	taxon:2952368	20260828	GO_Central
PTHR11216	PTN004245138	NOT	GO:0016197	endosomal transport	P	PTN000130974	PTHR11216	true	false	taxon:2952368	20230704	GO_Central
PTHR11216	PTN004245138	NOT	GO:0030674	protein-macromolecule adaptor activity	F	PTN000130974	PTHR11216	true	false	taxon:2952368	20250411	GO_Central
PTHR11216	PTN008514685	NOT	GO:0005886	plasma membrane	C	PTN000130974	PTHR11216	true	false	taxon:4751	20260828	GO_Central
PTHR11216	PTN008514685	NOT	GO:0006897	endocytosis	P	PTN000130974	PTHR11216	true	false	taxon:4751	20260828	GO_Central
PTHR11216	PTN008514685	NOT	GO:0016197	endosomal transport	P	PTN000130974	PTHR11216	true	false	taxon:4751	20230704	GO_Central
PTHR11216	PTN008514685	NOT	GO:0030674	protein-macromolecule adaptor activity	F	PTN000130974	PTHR11216	true	false	taxon:4751	20250411	GO_Central
PTHR11229	PTN000881446	NOT	GO:0022625	cytosolic large ribosomal subunit	C	PTN000132497	PTHR11229	true	false	taxon:45351	20181024	GO_Central
PTHR11236	PTN002599721	NOT	GO:0000162	L-tryptophan biosynthetic process	P	PTN002599563	PTHR11236	true	false	taxon:2759	20240312	GO_Central
PTHR11237	PTN000132997	NOT	GO:0006744	ubiquinone biosynthetic process	P	PTN004246703	PTHR11237	true	false	taxon:10090	20260828	GO_Central
PTHR11243	PTN002600024	NOT	GO:0048858	cell projection morphogenesis	P	PTN000882081	PTHR11243	true	false	taxon:117571	20250731	GO_Central
PTHR11252	PTN000134255	NOT	GO:0000958	mitochondrial mRNA catabolic process	P	PTN000134194	PTHR11252	true	false	taxon:272561	20240304	GO_Central
PTHR11252	PTN000134255	NOT	GO:0000965	mitochondrial RNA 3'-end processing	P	PTN000134194	PTHR11252	true	false	taxon:272561	20240304	GO_Central
PTHR11252	PTN000134255	NOT	GO:0005739	mitochondrion	C	PTN000134194	PTHR11252	true	false	taxon:272561	20260528	GO_Central
PTHR11254	PTN000882906	NOT	GO:0005634	nucleus	C	PTN000135257	PTHR11254	true	false	taxon:6072	20260528	GO_Central
PTHR11256	PTN000135883	NOT	GO:0001836	release of cytochrome c from mitochondria	P	PTN000135648	PTHR11256	true	false	taxon:	20260528	GO_Central
PTHR11256	PTN000135883	NOT	GO:0008630	intrinsic apoptotic signaling pathway in response to DNA damage	P	PTN000135648	PTHR11256	true	false	taxon:	20240729	GO_Central
PTHR11256	PTN000135883	NOT	GO:0043065	positive regulation of apoptotic process	P	PTN000135648	PTHR11256	true	false	taxon:	20260828	GO_Central
PTHR11256	PTN000135883	NOT	GO:0043066	negative regulation of apoptotic process	P	PTN000135648	PTHR11256	true	false	taxon:	20260828	GO_Central
PTHR11256	PTN000135883	NOT	GO:0097192	extrinsic apoptotic signaling pathway in absence of ligand	P	PTN000135648	PTHR11256	true	false	taxon:	20250902	GO_Central
PTHR11256	PTN002600738	NOT	GO:0001836	release of cytochrome c from mitochondria	P	PTN000135648	PTHR11256	true	false	taxon:33317	20260528	GO_Central
PTHR11256	PTN002600738	NOT	GO:0008630	intrinsic apoptotic signaling pathway in response to DNA damage	P	PTN000135648	PTHR11256	true	false	taxon:33317	20240924	GO_Central
PTHR11256	PTN002600738	NOT	GO:0043065	positive regulation of apoptotic process	P	PTN000135648	PTHR11256	true	false	taxon:33317	20260828	GO_Central
PTHR11256	PTN002600738	NOT	GO:0043066	negative regulation of apoptotic process	P	PTN000135648	PTHR11256	true	false	taxon:33317	20260828	GO_Central
PTHR11256	PTN002600738	NOT	GO:0097192	extrinsic apoptotic signaling pathway in absence of ligand	P	PTN000135648	PTHR11256	true	false	taxon:33317	20250902	GO_Central
PTHR11258	PTN000135978	NOT	GO:0001730	2'-5'-oligoadenylate synthetase activity	F	PTN000883503	PTHR11258	true	true	taxon:9347	20260828	GO_Central
PTHR11258	PTN000744898	NOT	GO:0001730	2'-5'-oligoadenylate synthetase activity	F	PTN000883503	PTHR11258	true	true	taxon:39107	20260828	GO_Central
PTHR11258	PTN001679812	NOT	GO:0001730	2'-5'-oligoadenylate synthetase activity	F	PTN000883503	PTHR11258	true	true	taxon:39107	20260828	GO_Central
PTHR11259	PTN000883536	NOT	GO:0005764	lysosome	C	PTN000136006	PTHR11259	true	false	taxon:4751	20260528	GO_Central
PTHR11259	PTN000883577	NOT	GO:0005764	lysosome	C	PTN000136006	PTHR11259	true	false	taxon:4751	20260528	GO_Central
PTHR11276	PTN002601466	NOT	GO:0003887	DNA-directed DNA polymerase activity	F	PTN000138686	PTHR11276	true	false	taxon:117571	20260528	GO_Central
PTHR11309	PTN000139511	NOT	GO:0005886	plasma membrane	C	PTN000139394	PTHR11309	true	false	taxon:33511	20260828	GO_Central
PTHR11309	PTN000139511	NOT	GO:0042813	Wnt receptor activity	F	PTN000139394	PTHR11309	true	false	taxon:33511	20241120	GO_Central
PTHR11309	PTN000885245	NOT	GO:0017147	Wnt-protein binding	F	PTN000139394	PTHR11309	true	false	taxon:6072	20260828	GO_Central
PTHR11309	PTN000885245	NOT	GO:0035567	non-canonical Wnt signaling pathway	P	PTN000139394	PTHR11309	true	false	taxon:6072	20260828	GO_Central
PTHR11309	PTN000885245	NOT	GO:0042813	Wnt receptor activity	F	PTN000139394	PTHR11309	true	false	taxon:6072	20241120	GO_Central
PTHR11309	PTN000885245	NOT	GO:0060070	canonical Wnt signaling pathway	P	PTN000139394	PTHR11309	true	false	taxon:6072	20260828	GO_Central
PTHR11309	PTN002259328	NOT	GO:0005886	plasma membrane	C	PTN000139394	PTHR11309	true	false	taxon:6072	20260828	GO_Central
PTHR11309	PTN002259328	NOT	GO:0042813	Wnt receptor activity	F	PTN000139394	PTHR11309	true	false	taxon:6072	20241120	GO_Central
PTHR11349	PTN002260148	NOT	GO:0005739	mitochondrion	C	PTN000142925	PTHR11349	true	false	taxon:251221	20251114	GO_Central
PTHR11351	PTN000143305	NOT	GO:0004768	stearoyl-CoA 9-desaturase activity	F	PTN000143272	PTHR11351	true	false	taxon:10090	20250701	GO_Central
PTHR11358	PTN000144531	NOT	GO:0008783	agmatinase activity	F	PTN000144486	PTHR11358	true	false	taxon:4890	20260528	GO_Central
PTHR11358	PTN000144531	NOT	GO:0009446	putrescine biosynthetic process	P	PTN000144486	PTHR11358	true	false	taxon:4890	20260528	GO_Central
PTHR11358	PTN004253691	NOT	GO:0008783	agmatinase activity	F	PTN000144486	PTHR11358	true	false	taxon:	20260528	GO_Central
PTHR11358	PTN004253691	NOT	GO:0009446	putrescine biosynthetic process	P	PTN000144486	PTHR11358	true	false	taxon:	20260528	GO_Central
PTHR11359	PTN000144681	NOT	GO:0003876	AMP deaminase activity	F	PTN000144579	PTHR11359	true	false	taxon:4893	20250902	GO_Central
PTHR11359	PTN000144681	NOT	GO:0006188	IMP biosynthetic process	P	PTN000144579	PTHR11359	true	false	taxon:4893	20210904	GO_Central
PTHR11359	PTN000144681	NOT	GO:0046033	AMP metabolic process	P	PTN000144579	PTHR11359	true	false	taxon:4893	20201205	GO_Central
PTHR11364	PTN000146234	NOT	GO:0005739	mitochondrion	C	PTN000146244	PTHR11364	true	false	taxon:224911	20241120	GO_Central
PTHR11364	PTN008517019	NOT	GO:0002143	tRNA wobble position uridine thiolation	P	PTN000146244	PTHR11364	true	false	taxon:32523	20250423	GO_Central
PTHR11364	PTN008517019	NOT	GO:0016784	3-mercaptopyruvate sulfurtransferase activity	F	PTN000146244	PTHR11364	true	false	taxon:32523	20260828	GO_Central
PTHR11380	PTN000890146	NOT	GO:0006366	transcription by RNA polymerase II	P	PTN000147049	PTHR11380	true	false	taxon:6072	20240729	GO_Central
PTHR11380	PTN000890159	NOT	GO:0006366	transcription by RNA polymerase II	P	PTN000147049	PTHR11380	true	false	taxon:4751	20240729	GO_Central
PTHR11388	PTN000147917	NOT	GO:0016323	basolateral plasma membrane	C	PTN002261135	PTHR11388	true	false	taxon:7147	20260528	GO_Central
PTHR11394	PTN000149744	NOT	GO:0001580	detection of chemical stimulus involved in sensory perception of bitter taste	P	PTN000149628	PTHR11394	true	false	taxon:9526	20240918	GO_Central
PTHR11394	PTN000149744	NOT	GO:0033038	bitter taste receptor activity	F	PTN000149628	PTHR11394	true	false	taxon:9526	20240918	GO_Central
PTHR11394	PTN000791689	NOT	GO:0001580	detection of chemical stimulus involved in sensory perception of bitter taste	P	PTN000149628	PTHR11394	true	false	taxon:9347	20231012	GO_Central
PTHR11394	PTN000791689	NOT	GO:0033038	bitter taste receptor activity	F	PTN000149628	PTHR11394	true	false	taxon:9347	20170228	GO_Central
PTHR11394	PTN001685419	NOT	GO:0001580	detection of chemical stimulus involved in sensory perception of bitter taste	P	PTN000149628	PTHR11394	true	false	taxon:9347	20240918	GO_Central
PTHR11394	PTN001685419	NOT	GO:0033038	bitter taste receptor activity	F	PTN000149628	PTHR11394	true	false	taxon:9347	20240918	GO_Central
PTHR11394	PTN001685444	NOT	GO:0001580	detection of chemical stimulus involved in sensory perception of bitter taste	P	PTN000149628	PTHR11394	true	false	taxon:32525	20240918	GO_Central
PTHR11394	PTN001685444	NOT	GO:0033038	bitter taste receptor activity	F	PTN000149628	PTHR11394	true	false	taxon:32525	20240918	GO_Central
PTHR11394	PTN002478652	NOT	GO:0001580	detection of chemical stimulus involved in sensory perception of bitter taste	P	PTN000149628	PTHR11394	true	false	taxon:32525	20240918	GO_Central
PTHR11394	PTN002478652	NOT	GO:0033038	bitter taste receptor activity	F	PTN000149628	PTHR11394	true	false	taxon:32525	20240918	GO_Central
PTHR11394	PTN004256349	NOT	GO:0001580	detection of chemical stimulus involved in sensory perception of bitter taste	P	PTN000149628	PTHR11394	true	false	taxon:	20240918	GO_Central
PTHR11394	PTN004256349	NOT	GO:0033038	bitter taste receptor activity	F	PTN000149628	PTHR11394	true	false	taxon:	20240918	GO_Central
PTHR11405	PTN000892125	NOT	GO:0004151	dihydroorotase activity	F	PTN000150227	PTHR11405	true	false	taxon:4751	20240918	GO_Central
PTHR11405	PTN000892150	NOT|contributes_to	GO:0004088	carbamoyl-phosphate synthase (glutamine-hydrolyzing) activity	F	PTN000150223	PTHR11405	true	false	taxon:451864	20181129	GO_Central
PTHR11405	PTN000892150	NOT	GO:0006541	L-glutamine metabolic process	P	PTN000150223	PTHR11405	true	false	taxon:451864	20260528	GO_Central
PTHR11407	PTN000150629	NOT	GO:0003796	lysozyme activity	F	PTN004256961	PTHR11407	true	false	taxon:40674	20240918	GO_Central
PTHR11407	PTN000892302	NOT	GO:0003796	lysozyme activity	F	PTN004256961	PTHR11407	true	false	taxon:40674	20240918	GO_Central
PTHR11409	PTN000150819	NOT	GO:0005829	cytosol	C	PTN000150817	PTHR11409	true	false	taxon:2759	20251218	GO_Central
PTHR11409	PTN000150819	NOT	GO:0043103	hypoxanthine salvage	P	PTN000150817	PTHR11409	true	false	taxon:2759	20170228	GO_Central
PTHR11437	PTN002605963	NOT	GO:0050830	defense response to Gram-positive bacterium	P	PTN008517922	PTHR11437	true	false	taxon:207598	20260828	GO_Central
PTHR11455	PTN000894417	NOT	GO:0003904	deoxyribodipyrimidine photo-lyase activity	F	PTN000155848	PTHR11455	true	false	taxon:243090	20220922	GO_Central
PTHR11455	PTN000894457	NOT	GO:0003904	deoxyribodipyrimidine photo-lyase activity	F	PTN000155848	PTHR11455	true	false	taxon:6072	20260828	GO_Central
PTHR11455	PTN001689302	NOT	GO:0003904	deoxyribodipyrimidine photo-lyase activity	F	PTN000155848	PTHR11455	true	false	taxon:243277	20220922	GO_Central
PTHR11455	PTN002262725	NOT	GO:0003904	deoxyribodipyrimidine photo-lyase activity	F	PTN000155848	PTHR11455	true	false	taxon:1117	20220922	GO_Central
PTHR11461	PTN000156704	NOT	GO:0004867	serine-type endopeptidase inhibitor activity	F	PTN000156127	PTHR11461	true	false	taxon:9347	20260828	GO_Central
PTHR11461	PTN002606963	NOT	GO:0005576	extracellular region	C	PTN000156123	PTHR11461	true	false	taxon:117571	20260828	GO_Central
PTHR11473	PTN000158559	NOT	GO:0004511	tyrosine 3-monooxygenase activity	F	PTN000158532	PTHR11473	true	false	taxon:32443	20260528	GO_Central
PTHR11473	PTN008518690	NOT	GO:0042427	serotonin biosynthetic process	P	PTN000158467	PTHR11473	true	false	taxon:33511	20260828	GO_Central
PTHR11474	PTN002607650	NOT	GO:0004503	tyrosinase activity	F	PTN000895596	PTHR11474	true	false	taxon:117571	20260528	GO_Central
PTHR11476	PTN000159015	NOT	GO:0005829	cytosol	C	PTN002263325	PTHR11476	true	false	taxon:32525	20250331	GO_Central
PTHR11476	PTN000159030	NOT	GO:0005739	mitochondrion	C	PTN000159004	PTHR11476	true	false	taxon:32525	20250331	GO_Central
PTHR11476	PTN000159030	NOT	GO:0032543	mitochondrial translation	P	PTN000159004	PTHR11476	true	false	taxon:32525	20250331	GO_Central
PTHR11477	PTN000100204	NOT	GO:0003711	transcription elongation factor activity	F	PTN000159142	PTHR11477	true	false	taxon:44689	20250902	GO_Central
PTHR11477	PTN000100204	NOT	GO:0006368	transcription elongation by RNA polymerase II	P	PTN000159142	PTHR11477	true	false	taxon:44689	20250902	GO_Central
PTHR11477	PTN000159284	NOT	GO:0003711	transcription elongation factor activity	F	PTN000159142	PTHR11477	true	false	taxon:559292	20250902	GO_Central
PTHR11477	PTN000159284	NOT	GO:0006368	transcription elongation by RNA polymerase II	P	PTN000159142	PTHR11477	true	false	taxon:559292	20250902	GO_Central
PTHR11477	PTN000382964	NOT	GO:0003711	transcription elongation factor activity	F	PTN000159142	PTHR11477	true	false	taxon:33213	20250902	GO_Central
PTHR11477	PTN000382964	NOT	GO:0006368	transcription elongation by RNA polymerase II	P	PTN000159142	PTHR11477	true	false	taxon:33213	20250902	GO_Central
PTHR11477	PTN008322634	NOT	GO:0003711	transcription elongation factor activity	F	PTN000159142	PTHR11477	true	false	taxon:4890	20250902	GO_Central
PTHR11477	PTN008322634	NOT	GO:0006368	transcription elongation by RNA polymerase II	P	PTN000159142	PTHR11477	true	false	taxon:4890	20250902	GO_Central
PTHR11486	PTN000160077	NOT	GO:0005104	fibroblast growth factor receptor binding	F	PTN000160075	PTHR11486	true	false	taxon:	20260828	GO_Central
PTHR11486	PTN000160077	NOT	GO:0005576	extracellular region	C	PTN000160075	PTHR11486	true	false	taxon:	20260828	GO_Central
PTHR11486	PTN000160077	NOT	GO:0008083	growth factor activity	F	PTN000160075	PTHR11486	true	false	taxon:	20241120	GO_Central
PTHR11486	PTN000160077	NOT	GO:0008284	positive regulation of cell population proliferation	P	PTN000160075	PTHR11486	true	false	taxon:	20250902	GO_Central
PTHR11486	PTN000160077	NOT	GO:0008543	fibroblast growth factor receptor signaling pathway	P	PTN000160075	PTHR11486	true	false	taxon:	20260828	GO_Central
PTHR11486	PTN000160077	NOT	GO:0030334	regulation of cell migration	P	PTN000160075	PTHR11486	true	false	taxon:	20260828	GO_Central
PTHR11486	PTN000160077	NOT	GO:0043410	positive regulation of MAPK cascade	P	PTN000160075	PTHR11486	true	false	taxon:	20231129	GO_Central
PTHR11486	PTN000160186	NOT	GO:0005576	extracellular region	C	PTN000160075	PTHR11486	true	false	taxon:7719	20260828	GO_Central
PTHR11486	PTN000160186	NOT	GO:0008083	growth factor activity	F	PTN000160075	PTHR11486	true	false	taxon:7719	20241120	GO_Central
PTHR11486	PTN000160186	NOT	GO:0008284	positive regulation of cell population proliferation	P	PTN000160075	PTHR11486	true	false	taxon:7719	20250902	GO_Central
PTHR11486	PTN000160186	NOT	GO:0030334	regulation of cell migration	P	PTN000160075	PTHR11486	true	false	taxon:7719	20260828	GO_Central
PTHR11486	PTN002608270	NOT	GO:0005576	extracellular region	C	PTN000160075	PTHR11486	true	false	taxon:117571	20260828	GO_Central
PTHR11496	PTN002608519	NOT	GO:0005739	mitochondrion	C	PTN002608574	PTHR11496	true	false	taxon:91061	20260528	GO_Central
PTHR11496	PTN002608526	NOT	GO:0005739	mitochondrion	C	PTN002608574	PTHR11496	true	false	taxon:1236	20260528	GO_Central
PTHR11515	PTN002609057	NOT	GO:0001541	ovarian follicle development	P	PTN002609050	PTHR11515	true	false	taxon:207598	20260828	GO_Central
PTHR11515	PTN002609057	NOT	GO:0042700	luteinizing hormone signaling pathway	P	PTN008972000	PTHR11515	true	false	taxon:207598	20250902	GO_Central
PTHR11516	PTN000162367	NOT	GO:0004739	pyruvate dehydrogenase (acetyl-transferring) activity	F	PTN008519424	PTHR11516	true	true	taxon:2	20260528	GO_Central
PTHR11516	PTN004265830	NOT	GO:0004739	pyruvate dehydrogenase (acetyl-transferring) activity	F	PTN008519424	PTHR11516	true	true	taxon:4097	20260528	GO_Central
PTHR11523	PTN002609208	NOT	GO:0001671	ATPase activator activity	F	PTN000897489	PTHR11523	true	false	taxon:117571	20260828	GO_Central
PTHR11523	PTN002609208	NOT	GO:0005890	sodium:potassium-exchanging ATPase complex	C	PTN000897489	PTHR11523	true	false	taxon:117571	20260828	GO_Central
PTHR11523	PTN002609208	NOT	GO:0006883	intracellular sodium ion homeostasis	P	PTN000897489	PTHR11523	true	false	taxon:117571	20260828	GO_Central
PTHR11523	PTN002609208	NOT	GO:0030007	intracellular potassium ion homeostasis	P	PTN000897489	PTHR11523	true	false	taxon:117571	20260828	GO_Central
PTHR11523	PTN002609208	NOT	GO:0036376	sodium ion export across plasma membrane	P	PTN000897489	PTHR11523	true	false	taxon:117571	20260828	GO_Central
PTHR11523	PTN002609208	NOT	GO:1990573	potassium ion import across plasma membrane	P	PTN000897489	PTHR11523	true	false	taxon:117571	20260828	GO_Central
PTHR11524	PTN000162908	NOT	GO:0022625	cytosolic large ribosomal subunit	C	PTN000897517	PTHR11524	true	false	taxon:	20260115	GO_Central
PTHR11524	PTN000897520	NOT	GO:0022625	cytosolic large ribosomal subunit	C	PTN000897517	PTHR11524	true	false	taxon:2952368	20260115	GO_Central
PTHR11524	PTN008519492	NOT	GO:0000463	maturation of LSU-rRNA from tricistronic rRNA transcript (SSU-rRNA, 5.8S rRNA, LSU-rRNA)	P	PTN000897517	PTHR11524	true	false	taxon:4895	20260115	GO_Central
PTHR11524	PTN008519492	NOT	GO:0003735	structural constituent of ribosome	F	PTN000897517	PTHR11524	true	false	taxon:4895	20250902	GO_Central
PTHR11525	PTN008519522	NOT	GO:0004161	dimethylallyltranstransferase activity	F	PTN000162949	PTHR11525	true	false	taxon:4895	20260528	GO_Central
PTHR11532	PTN002609593	NOT	GO:0006518	peptide metabolic process	P	PTN000163973	PTHR11532	true	true	taxon:117571	20240729	GO_Central
PTHR11532	PTN002609593	NOT	GO:0016485	protein processing	P	PTN000163973	PTHR11532	true	true	taxon:117571	20231012	GO_Central
PTHR11532	PTN002609599	NOT	GO:0004181	metallocarboxypeptidase activity	F	PTN000163973	PTHR11532	true	true	taxon:117571	20260528	GO_Central
PTHR11532	PTN002609599	NOT	GO:0006518	peptide metabolic process	P	PTN000163973	PTHR11532	true	true	taxon:117571	20240729	GO_Central
PTHR11532	PTN002609599	NOT	GO:0016485	protein processing	P	PTN000163973	PTHR11532	true	true	taxon:117571	20231012	GO_Central
PTHR11538	PTN000711660	NOT	GO:0004826	phenylalanine-tRNA ligase activity	F	PTN000165932	PTHR11538	true	false	taxon:2759	20230110	GO_Central
PTHR11538	PTN000711660	NOT	GO:0006432	phenylalanyl-tRNA aminoacylation	P	PTN000165932	PTHR11538	true	false	taxon:2759	20250902	GO_Central
PTHR11547	PTN000899952	NOT	GO:0005576	extracellular region	C	PTN000167125	PTHR11547	true	false	taxon:6072	20260528	GO_Central
PTHR11561	PTN002611304	NOT	GO:0005829	cytosol	C	PTN000169226	PTHR11561	true	false	taxon:6412	20260528	GO_Central
PTHR11561	PTN008520418	NOT	GO:0005829	cytosol	C	PTN000169226	PTHR11561	true	false	taxon:32523	20260528	GO_Central
PTHR11567	PTN000170711	NOT	GO:0016791	phosphatase activity	F	PTN004271263	PTHR11567	true	false	taxon:2759	20260528	GO_Central
PTHR11575	PTN000171608	NOT	GO:0008253	5'-nucleotidase activity	F	PTN000903092	PTHR11575	true	false	taxon:7227	20260828	GO_Central
PTHR11575	PTN000903149	NOT	GO:0008253	5'-nucleotidase activity	F	PTN000903092	PTHR11575	true	false	taxon:7227	20260828	GO_Central
PTHR11584	PTN007515471	NOT	GO:0007254	JNK cascade	P	PTN000172316	PTHR11584	true	false	taxon:4751	20260114	GO_Central
PTHR11584	PTN007515471	NOT	GO:0038066	p38MAPK cascade	P	PTN000172316	PTHR11584	true	false	taxon:4751	20260114	GO_Central
PTHR11587	PTN002612332	NOT	GO:0000050	urea cycle	P	PTN000172504	PTHR11587	true	false	taxon:33317	20260126	GO_Central
PTHR11588	PTN000172659	NOT	GO:0005200	structural constituent of cytoskeleton	F	PTN000172598	PTHR11588	true	false	taxon:2759	20260828	GO_Central
PTHR11588	PTN000172659	NOT	GO:0005874	microtubule	C	PTN000172598	PTHR11588	true	false	taxon:2759	20260828	GO_Central
PTHR11588	PTN000172725	NOT	GO:0005737	cytoplasm	C	PTN000172598	PTHR11588	true	false	taxon:33090	20260828	GO_Central
PTHR11592	PTN002480736	NOT	GO:0004602	glutathione peroxidase activity	F	PTN002480721	PTHR11592	true	false	taxon:9347	20260710	GO_Central
PTHR11592	PTN008521283	NOT	GO:0004602	glutathione peroxidase activity	F	PTN002480721	PTHR11592	true	false	taxon:9347	20260710	GO_Central
PTHR11592	PTN008521332	NOT	GO:0004602	glutathione peroxidase activity	F	PTN002480721	PTHR11592	true	false	taxon:4895	20260710	GO_Central
PTHR11595	PTN001461166	NOT	GO:0006414	translational elongation	P	PTN000174394	PTHR11595	true	false	taxon:7739	20200929	GO_Central
PTHR11595	PTN001698098	NOT	GO:0006414	translational elongation	P	PTN000174394	PTHR11595	true	false	taxon:9031	20200929	GO_Central
PTHR11595	PTN002613203	NOT	GO:0006414	translational elongation	P	PTN000174394	PTHR11595	true	false	taxon:9544	20200929	GO_Central
PTHR11595	PTN002613207	NOT	GO:0005085	guanyl-nucleotide exchange factor activity	F	PTN000174394	PTHR11595	true	false	taxon:	20250902	GO_Central
PTHR11595	PTN002613207	NOT	GO:0006414	translational elongation	P	PTN000174394	PTHR11595	true	false	taxon:	20200929	GO_Central
PTHR11606	PTN000906189	NOT	GO:0005739	mitochondrion	C	PTN000176229	PTHR11606	true	false	taxon:243090	20250902	GO_Central
PTHR11606	PTN001359293	NOT	GO:0005739	mitochondrion	C	PTN000176229	PTHR11606	true	false	taxon:243231	20250902	GO_Central
PTHR11610	PTN000176957	NOT	GO:0005576	extracellular region	C	PTN008325466	PTHR11610	true	false	taxon:32525	20260528	GO_Central
PTHR11610	PTN000176957	NOT	GO:0016042	lipid catabolic process	P	PTN008325466	PTHR11610	true	false	taxon:32525	20241120	GO_Central
PTHR11610	PTN000176957	NOT	GO:0016298	lipase activity	F	PTN008325466	PTHR11610	true	true	taxon:32525	20260528	GO_Central
PTHR11610	PTN000177010	NOT	GO:0016298	lipase activity	F	PTN008325466	PTHR11610	true	true	taxon:7227	20260528	GO_Central
PTHR11610	PTN000177011	NOT	GO:0016298	lipase activity	F	PTN008325466	PTHR11610	true	true	taxon:7227	20260528	GO_Central
PTHR11610	PTN000177012	NOT	GO:0016298	lipase activity	F	PTN008325466	PTHR11610	true	true	taxon:7227	20260528	GO_Central
PTHR11610	PTN000906608	NOT	GO:0016298	lipase activity	F	PTN008325466	PTHR11610	true	true	taxon:7227	20260528	GO_Central
PTHR11610	PTN008325477	NOT	GO:0005576	extracellular region	C	PTN008325466	PTHR11610	true	false	taxon:32524	20260528	GO_Central
PTHR11610	PTN008325477	NOT	GO:0016042	lipid catabolic process	P	PTN008325466	PTHR11610	true	false	taxon:32524	20241120	GO_Central
PTHR11610	PTN008325477	NOT	GO:0016298	lipase activity	F	PTN008325466	PTHR11610	true	true	taxon:32524	20260528	GO_Central
PTHR11615	PTN002614243	NOT	GO:0016226	iron-sulfur cluster assembly	P	PTN000177497	PTHR11615	true	false	taxon:117571	20260115	GO_Central
PTHR11615	PTN002614243	NOT	GO:0097361	cytosolic [4Fe-4S] assembly targeting complex	C	PTN000177496	PTHR11615	true	false	taxon:117571	20180323	GO_Central
PTHR11616	PTN002481053	NOT	GO:0006865	amino acid transport	P	PTN000907004	PTHR11616	true	false	taxon:9606	20260528	GO_Central
PTHR11616	PTN002614457	NOT	GO:0005886	plasma membrane	C	PTN000177662	PTHR11616	true	false	taxon:117571	20260528	GO_Central
PTHR11618	PTN002614666	NOT	GO:0001174	transcriptional start site selection at RNA polymerase II promoter	P	PTN000178621	PTHR11618	true	false	taxon:117571	20240709	GO_Central
PTHR11618	PTN002614666	NOT	GO:0006352	DNA-templated transcription initiation	P	PTN000178517	PTHR11618	true	false	taxon:117571	20240709	GO_Central
PTHR11618	PTN002614666	NOT	GO:0051123	RNA polymerase II preinitiation complex assembly	P	PTN000178621	PTHR11618	true	false	taxon:117571	20240709	GO_Central
PTHR11630	PTN001701204	NOT	GO:0003697	single-stranded DNA binding	F	PTN000179711	PTHR11630	true	false	taxon:7227	20230110	GO_Central
PTHR11630	PTN001701204	NOT|contributes_to	GO:0017116	single-stranded DNA helicase activity	F	PTN000179711	PTHR11630	true	false	taxon:7227	20220624	GO_Central
PTHR11630	PTN001701204	NOT	GO:0042555	MCM complex	C	PTN000179711	PTHR11630	true	false	taxon:7227	20250902	GO_Central
PTHR11630	PTN002267485	NOT	GO:0003697	single-stranded DNA binding	F	PTN000179711	PTHR11630	true	false	taxon:33511	20230110	GO_Central
PTHR11630	PTN002267485	NOT	GO:0006271	DNA strand elongation involved in DNA replication	P	PTN000179968	PTHR11630	true	false	taxon:33511	20210414	GO_Central
PTHR11630	PTN002267485	NOT|contributes_to	GO:0017116	single-stranded DNA helicase activity	F	PTN000179711	PTHR11630	true	false	taxon:33511	20210414	GO_Central
PTHR11630	PTN002267485	NOT	GO:0042555	MCM complex	C	PTN000179711	PTHR11630	true	false	taxon:33511	20250902	GO_Central
PTHR11630	PTN002267485	NOT	GO:1902975	mitotic DNA replication initiation	P	PTN000179968	PTHR11630	true	false	taxon:33511	20210414	GO_Central
PTHR11632	PTN000180258	NOT	GO:0005886	plasma membrane	C	PTN000180228	PTHR11632	true	false	taxon:2759	20260528	GO_Central
PTHR11632	PTN000180258	NOT	GO:0009061	anaerobic respiration	P	PTN000180228	PTHR11632	true	false	taxon:2759	20181024	GO_Central
PTHR11632	PTN008975626	NOT	GO:0005739	mitochondrion	C	PTN000180258	PTHR11632	true	false	taxon:	20260528	GO_Central
PTHR11632	PTN008975626	NOT	GO:0006121	mitochondrial electron transport, succinate to ubiquinone	P	PTN000180258	PTHR11632	true	false	taxon:	20260204	GO_Central
PTHR11632	PTN008975626	NOT	GO:0045273	respiratory chain complex II (succinate dehydrogenase)	C	PTN000180258	PTHR11632	true	false	taxon:	20260204	GO_Central
PTHR11655	PTN000183753	NOT	GO:0002181	cytoplasmic translation	P	PTN000183645	PTHR11655	true	false	taxon:2759	20251218	GO_Central
PTHR11661	PTN000746170	NOT	GO:0005762	mitochondrial large ribosomal subunit	C	PTN000184137	PTHR11661	true	false	taxon:33090	20230110	GO_Central
PTHR11668	PTN000186060	NOT	GO:0007059	chromosome segregation	P	PTN000911504	PTHR11668	true	false	taxon:284812	20250411	GO_Central
PTHR11668	PTN000186060	NOT	GO:0007346	regulation of mitotic cell cycle	P	PTN000911504	PTHR11668	true	false	taxon:284812	20250411	GO_Central
PTHR11670	PTN000186764	NOT	GO:0030350	iron-responsive element binding	F	PTN000186700	PTHR11670	true	false	taxon:6239	20230602	GO_Central
PTHR11670	PTN000186767	NOT	GO:0030350	iron-responsive element binding	F	PTN000186700	PTHR11670	true	false	taxon:7227	20230602	GO_Central
PTHR11670	PTN000186783	NOT	GO:0003994	aconitate hydratase activity	F	PTN000186700	PTHR11670	true	false	taxon:3702	20260528	GO_Central
PTHR11671	PTN000912638	NOT	GO:0005774	vacuolar membrane	C	PTN000186829	PTHR11671	true	false	taxon:	20260528	GO_Central
PTHR11675	PTN000187214	NOT	GO:0004653	polypeptide N-acetylgalactosaminyltransferase activity	F	PTN004287905	PTHR11675	true	false	taxon:9347	20250902	GO_Central
PTHR11675	PTN000187214	NOT	GO:0005112	Notch binding	F	PTN000912869	PTHR11675	true	false	taxon:9347	20170609	GO_Central
PTHR11675	PTN000187214	NOT	GO:0006493	protein O-linked glycosylation	P	PTN004287905	PTHR11675	true	false	taxon:9347	20251218	GO_Central
PTHR11675	PTN000187214	NOT	GO:0008593	regulation of Notch signaling pathway	P	PTN000912869	PTHR11675	true	false	taxon:9347	20170609	GO_Central
PTHR11675	PTN000187395	NOT	GO:0004653	polypeptide N-acetylgalactosaminyltransferase activity	F	PTN004287905	PTHR11675	true	false	taxon:7227	20250902	GO_Central
PTHR11675	PTN000187395	NOT	GO:0006493	protein O-linked glycosylation	P	PTN004287905	PTHR11675	true	false	taxon:7227	20251218	GO_Central
PTHR11675	PTN000187468	NOT	GO:0004653	polypeptide N-acetylgalactosaminyltransferase activity	F	PTN004287905	PTHR11675	true	false	taxon:7227	20250902	GO_Central
PTHR11675	PTN000912860	NOT	GO:0004653	polypeptide N-acetylgalactosaminyltransferase activity	F	PTN004287905	PTHR11675	true	false	taxon:54126	20250902	GO_Central
PTHR11675	PTN000912860	NOT	GO:0006493	protein O-linked glycosylation	P	PTN004287905	PTHR11675	true	false	taxon:54126	20251218	GO_Central
PTHR11679	PTN000187775	NOT	GO:0030141	secretory granule	C	PTN000187656	PTHR11679	true	false	taxon:4890	20240729	GO_Central
PTHR11680	PTN000913382	NOT	GO:0004372	glycine hydroxymethyltransferase activity	F	PTN000188065	PTHR11680	true	false	taxon:36329	20260528	GO_Central
PTHR11680	PTN008523729	NOT	GO:0005739	mitochondrion	C	PTN000188068	PTHR11680	true	false	taxon:4895	20251028	GO_Central
PTHR11702	PTN000193922	NOT	GO:0003924	GTPase activity	F	PTN000193646	PTHR11702	true	false	taxon:10090	20250902	GO_Central
PTHR11706	PTN000194552	NOT	GO:0006879	intracellular iron ion homeostasis	P	PTN000194431	PTHR11706	true	false	taxon:284812	20250902	GO_Central
PTHR11706	PTN000194552	NOT	GO:0034755	iron ion transmembrane transport	P	PTN000194431	PTHR11706	true	false	taxon:284812	20250303	GO_Central
PTHR11706	PTN001709779	NOT	GO:0005384	manganese ion transmembrane transporter activity	F	PTN000194431	PTHR11706	true	false	taxon:4479	20240918	GO_Central
PTHR11706	PTN007528568	NOT	GO:0005886	plasma membrane	C	PTN000194431	PTHR11706	true	false	taxon:2952368	20231101	GO_Central
PTHR11706	PTN008524598	NOT	GO:0005886	plasma membrane	C	PTN000194431	PTHR11706	true	false	taxon:35493	20231101	GO_Central
PTHR11709	PTN000194745	NOT	GO:0033573	high-affinity iron permease complex	C	PTN000917581	PTHR11709	true	false	taxon:4893	20181121	GO_Central
PTHR11709	PTN000917585	NOT	GO:0033573	high-affinity iron permease complex	C	PTN000917581	PTHR11709	true	false	taxon:237561	20200706	GO_Central
PTHR11709	PTN000917736	NOT	GO:0030288	outer membrane-bounded periplasmic space	C	PTN000194932	PTHR11709	true	false	taxon:684364	20240305	GO_Central
PTHR11712	PTN000196554	NOT	GO:0005739	mitochondrion	C	PTN000918585	PTHR11712	true	false	taxon:272561	20240305	GO_Central
PTHR11717	PTN000197306	NOT	GO:0004725	protein tyrosine phosphatase activity	F	PTN000197212	PTHR11717	true	false	taxon:7227	20260528	GO_Central
PTHR11717	PTN002271066	NOT	GO:0004725	protein tyrosine phosphatase activity	F	PTN000197212	PTHR11717	true	false	taxon:7227	20260528	GO_Central
PTHR11727	PTN000919666	NOT	GO:0006391	transcription initiation at mitochondrial promoter	P	PTN000197910	PTHR11727	true	false	taxon:6656	20250324	GO_Central
PTHR11727	PTN000919666	NOT	GO:0034246	mitochondrial transcription factor activity	F	PTN000197910	PTHR11727	true	false	taxon:6656	20250902	GO_Central
PTHR11727	PTN001712033	NOT	GO:0000179	rRNA (adenine-N6,N6-)-dimethyltransferase activity	F	PTN000197843	PTHR11727	true	false	taxon:4890	20250902	GO_Central
PTHR11727	PTN001712033	NOT	GO:0031167	rRNA methylation	P	PTN000197843	PTHR11727	true	false	taxon:4890	20240729	GO_Central
PTHR11728	PTN001712215	NOT	GO:0005829	cytosol	C	PTN000198006	PTHR11728	true	false	taxon:7227	20250902	GO_Central
PTHR11728	PTN001712215	NOT	GO:0006072	glycerol-3-phosphate metabolic process	P	PTN000198006	PTHR11728	true	false	taxon:7227	20260528	GO_Central
PTHR11728	PTN001712215	NOT	GO:0047952	glycerol-3-phosphate dehydrogenase [NAD(P)+] activity	F	PTN000919759	PTHR11728	true	true	taxon:7227	20260828	GO_Central
PTHR11728	PTN002620409	NOT	GO:0006072	glycerol-3-phosphate metabolic process	P	PTN000198006	PTHR11728	true	false	taxon:117571	20260528	GO_Central
PTHR11731	PTN000198383	NOT	GO:0006508	proteolysis	P	PTN000198379	PTHR11731	true	true	taxon:33511	20260528	GO_Central
PTHR11731	PTN000198383	NOT	GO:0008239	dipeptidyl-peptidase activity	F	PTN000198379	PTHR11731	true	true	taxon:33511	20260528	GO_Central
PTHR11733	PTN000199901	NOT	GO:0004222	metalloendopeptidase activity	F	PTN000199753	PTHR11733	true	true	taxon:7227	20260528	GO_Central
PTHR11733	PTN000199902	NOT	GO:0004222	metalloendopeptidase activity	F	PTN000199753	PTHR11733	true	true	taxon:7227	20260528	GO_Central
PTHR11733	PTN000199904	NOT	GO:0004222	metalloendopeptidase activity	F	PTN000199753	PTHR11733	true	true	taxon:7227	20260528	GO_Central
PTHR11733	PTN000199905	NOT	GO:0004222	metalloendopeptidase activity	F	PTN000199753	PTHR11733	true	true	taxon:7227	20260528	GO_Central
PTHR11733	PTN000199907	NOT	GO:0004222	metalloendopeptidase activity	F	PTN000199753	PTHR11733	true	true	taxon:7227	20260528	GO_Central
PTHR11733	PTN000199908	NOT	GO:0004222	metalloendopeptidase activity	F	PTN000199753	PTHR11733	true	true	taxon:7227	20260528	GO_Central
PTHR11733	PTN000200065	NOT	GO:0004222	metalloendopeptidase activity	F	PTN000199753	PTHR11733	true	true	taxon:7227	20260528	GO_Central
PTHR11733	PTN000200067	NOT	GO:0004222	metalloendopeptidase activity	F	PTN000199753	PTHR11733	true	true	taxon:7227	20260528	GO_Central
PTHR11733	PTN000200068	NOT	GO:0004222	metalloendopeptidase activity	F	PTN000199753	PTHR11733	true	true	taxon:7227	20260528	GO_Central
PTHR11733	PTN000200069	NOT	GO:0004222	metalloendopeptidase activity	F	PTN000199753	PTHR11733	true	true	taxon:7227	20260528	GO_Central
PTHR11733	PTN000200070	NOT	GO:0004222	metalloendopeptidase activity	F	PTN000199753	PTHR11733	true	true	taxon:7227	20260528	GO_Central
PTHR11733	PTN000200071	NOT	GO:0004222	metalloendopeptidase activity	F	PTN000199753	PTHR11733	true	true	taxon:7227	20260528	GO_Central
PTHR11733	PTN000200072	NOT	GO:0004222	metalloendopeptidase activity	F	PTN000199753	PTHR11733	true	true	taxon:7227	20260528	GO_Central
PTHR11733	PTN000200073	NOT	GO:0004222	metalloendopeptidase activity	F	PTN000199753	PTHR11733	true	true	taxon:7227	20260528	GO_Central
PTHR11733	PTN000200083	NOT	GO:0004222	metalloendopeptidase activity	F	PTN000199753	PTHR11733	true	true	taxon:7227	20260528	GO_Central
PTHR11733	PTN000200084	NOT	GO:0004222	metalloendopeptidase activity	F	PTN000199753	PTHR11733	true	true	taxon:7227	20260528	GO_Central
PTHR11733	PTN000200085	NOT	GO:0004222	metalloendopeptidase activity	F	PTN000199753	PTHR11733	true	true	taxon:7227	20260528	GO_Central
PTHR11733	PTN000200087	NOT	GO:0004222	metalloendopeptidase activity	F	PTN000199753	PTHR11733	true	true	taxon:7227	20260528	GO_Central
PTHR11733	PTN000921138	NOT	GO:0004222	metalloendopeptidase activity	F	PTN000199753	PTHR11733	true	true	taxon:7227	20260528	GO_Central
PTHR11733	PTN000921199	NOT	GO:0004222	metalloendopeptidase activity	F	PTN000199753	PTHR11733	true	true	taxon:6945	20260528	GO_Central
PTHR11733	PTN004298390	NOT	GO:0004222	metalloendopeptidase activity	F	PTN000199753	PTHR11733	true	true	taxon:6237	20260528	GO_Central
PTHR11733	PTN007532377	NOT	GO:0004222	metalloendopeptidase activity	F	PTN000199753	PTHR11733	true	true	taxon:54126	20260528	GO_Central
PTHR11733	PTN008525619	NOT	GO:0004222	metalloendopeptidase activity	F	PTN000199753	PTHR11733	true	true	taxon:6656	20260528	GO_Central
PTHR11733	PTN008525663	NOT	GO:0004222	metalloendopeptidase activity	F	PTN000199753	PTHR11733	true	true	taxon:7165	20260528	GO_Central
PTHR11739	PTN001713951	NOT	GO:0005759	mitochondrial matrix	C	PTN000201222	PTHR11739	true	false	taxon:1224	20260528	GO_Central
PTHR11741	PTN008525800	NOT	GO:0005739	mitochondrion	C	PTN000201460	PTHR11741	true	false	taxon:33090	20260528	GO_Central
PTHR11741	PTN008525800	NOT	GO:0070125	mitochondrial translational elongation	P	PTN000201460	PTHR11741	true	false	taxon:33090	20251202	GO_Central
PTHR11743	PTN002272006	NOT	GO:0008308	voltage-gated monoatomic anion channel activity	F	PTN000201897	PTHR11743	true	false	taxon:7227	20240729	GO_Central
PTHR11748	PTN000202644	NOT	GO:0005739	mitochondrion	C	PTN000202576	PTHR11748	true	false	taxon:224911	20241120	GO_Central
PTHR11758	PTN001716287	NOT	GO:0022627	cytosolic small ribosomal subunit	C	PTN000204723	PTHR11758	true	false	taxon:2759	20250411	GO_Central
PTHR11759	PTN000204976	NOT	GO:0022627	cytosolic small ribosomal subunit	C	PTN000204886	PTHR11759	true	false	taxon:3702	20250902	GO_Central
PTHR11759	PTN000204977	NOT	GO:0022627	cytosolic small ribosomal subunit	C	PTN000204886	PTHR11759	true	false	taxon:3702	20250902	GO_Central
PTHR11760	PTN001595861	NOT	GO:0003735	structural constituent of ribosome	F	PTN000205057	PTHR11760	true	false	taxon:3398	20250902	GO_Central
PTHR11760	PTN001595861	NOT	GO:0022627	cytosolic small ribosomal subunit	C	PTN000205057	PTHR11760	true	false	taxon:3398	20250411	GO_Central
PTHR11760	PTN002272458	NOT	GO:0003735	structural constituent of ribosome	F	PTN000205057	PTHR11760	true	false	taxon:36329	20250902	GO_Central
PTHR11760	PTN004302494	NOT	GO:0003735	structural constituent of ribosome	F	PTN000205057	PTHR11760	true	false	taxon:3055	20250902	GO_Central
PTHR11760	PTN004302495	NOT	GO:0003735	structural constituent of ribosome	F	PTN000205057	PTHR11760	true	false	taxon:3055	20250902	GO_Central
PTHR11760	PTN007535517	NOT	GO:0003735	structural constituent of ribosome	F	PTN000205057	PTHR11760	true	false	taxon:3218	20250902	GO_Central
PTHR11761	PTN000205281	NOT	GO:0022625	cytosolic large ribosomal subunit	C	PTN000205184	PTHR11761	true	false	taxon:2759	20250411	GO_Central
PTHR11764	PTN001288334	NOT	GO:0006695	cholesterol biosynthetic process	P	PTN000792579	PTHR11764	true	false	taxon:451864	20260828	GO_Central
PTHR11771	PTN000206222	NOT	GO:0016702	oxidoreductase activity, acting on single donors with incorporation of molecular oxygen, incorporation of two atoms of oxygen	F	PTN000206105	PTHR11771	true	false	taxon:32525	20260528	GO_Central
PTHR11771	PTN000206222	NOT	GO:0034440	lipid oxidation	P	PTN000206105	PTHR11771	true	false	taxon:32525	20250411	GO_Central
PTHR11771	PTN002482971	NOT	GO:0016702	oxidoreductase activity, acting on single donors with incorporation of molecular oxygen, incorporation of two atoms of oxygen	F	PTN000206105	PTHR11771	true	false	taxon:6072	20260528	GO_Central
PTHR11771	PTN002482971	NOT	GO:0034440	lipid oxidation	P	PTN000206105	PTHR11771	true	false	taxon:6072	20250411	GO_Central
PTHR11771	PTN008329375	NOT	GO:0016702	oxidoreductase activity, acting on single donors with incorporation of molecular oxygen, incorporation of two atoms of oxygen	F	PTN000206105	PTHR11771	true	false	taxon:6072	20260528	GO_Central
PTHR11771	PTN008329375	NOT	GO:0034440	lipid oxidation	P	PTN000206105	PTHR11771	true	false	taxon:6072	20250411	GO_Central
PTHR11773	PTN000206533	NOT	GO:0005829	cytosol	C	PTN000206531	PTHR11773	true	false	taxon:2759	20170228	GO_Central
PTHR11778	PTN000925808	NOT	GO:0004828	serine-tRNA ligase activity	F	PTN002623036	PTHR11778	true	false	taxon:	20260828	GO_Central
PTHR11778	PTN000925808	NOT	GO:0006434	seryl-tRNA aminoacylation	P	PTN002623036	PTHR11778	true	false	taxon:	20260828	GO_Central
PTHR11778	PTN000925808	NOT	GO:0070158	mitochondrial seryl-tRNA aminoacylation	P	PTN000207154	PTHR11778	true	false	taxon:	20220414	GO_Central
PTHR11780	PTN000925866	NOT	GO:0006120	mitochondrial electron transport, NADH to ubiquinone	P	PTN000207233	PTHR11780	true	false	taxon:4751	20251218	GO_Central
PTHR11780	PTN000925866	NOT	GO:0045271	respiratory chain complex I	C	PTN000207233	PTHR11780	true	false	taxon:4751	20241120	GO_Central
PTHR11792	PTN002623637	NOT	GO:0005737	cytoplasm	C	PTN001370087	PTHR11792	true	false	taxon:117571	20230602	GO_Central
PTHR11792	PTN002623649	NOT	GO:0005737	cytoplasm	C	PTN001370087	PTHR11792	true	false	taxon:117571	20230602	GO_Central
PTHR11802	PTN000210825	NOT	GO:0004185	serine-type carboxypeptidase activity	F	PTN000210642	PTHR11802	true	false	taxon:33090	20221007	GO_Central
PTHR11802	PTN001720128	NOT	GO:0005773	vacuole	C	PTN001720040	PTHR11802	false	false	taxon:1437201	20210904	GO_Central
PTHR11808	PTN000928751	NOT	GO:0004123	cystathionine gamma-lyase activity	F	PTN000211591	PTHR11808	true	false	taxon:4751	20220922	GO_Central
PTHR11808	PTN000928751	NOT	GO:0019344	L-cysteine biosynthetic process	P	PTN000211591	PTHR11808	true	false	taxon:4751	20260528	GO_Central
PTHR11811	PTN000211991	NOT	GO:0004616	phosphogluconate dehydrogenase (decarboxylating) activity	F	PTN000211910	PTHR11811	true	false	taxon:3398	20260828	GO_Central
PTHR11811	PTN001720982	NOT	GO:0004616	phosphogluconate dehydrogenase (decarboxylating) activity	F	PTN000211910	PTHR11811	true	false	taxon:	20260828	GO_Central
PTHR11814	PTN000929309	NOT	GO:0005886	plasma membrane	C	PTN002483418	PTHR11814	true	false	taxon:2759	20260528	GO_Central
PTHR11814	PTN008527455	NOT	GO:0005886	plasma membrane	C	PTN002483418	PTHR11814	true	false	taxon:	20260528	GO_Central
PTHR11815	PTN001721370	NOT	GO:0005739	mitochondrion	C	PTN000212530	PTHR11815	true	false	taxon:190485	20260130	GO_Central
PTHR11818	PTN002624721	NOT	GO:0002088	lens development in camera-type eye	P	PTN001721602	PTHR11818	true	false	taxon:117571	20190221	GO_Central
PTHR11818	PTN002624721	NOT	GO:0005212	structural constituent of eye lens	F	PTN001721602	PTHR11818	true	false	taxon:117571	20190221	GO_Central
PTHR11818	PTN002624721	NOT	GO:0007601	visual perception	P	PTN001721602	PTHR11818	true	false	taxon:117571	20210529	GO_Central
PTHR11818	PTN002624783	NOT	GO:0002088	lens development in camera-type eye	P	PTN001721602	PTHR11818	true	false	taxon:117571	20190221	GO_Central
PTHR11818	PTN002624783	NOT	GO:0005212	structural constituent of eye lens	F	PTN001721602	PTHR11818	true	false	taxon:117571	20190221	GO_Central
PTHR11818	PTN002624783	NOT	GO:0007601	visual perception	P	PTN001721602	PTHR11818	true	false	taxon:117571	20210529	GO_Central
PTHR11829	PTN000930897	NOT	GO:0009653	anatomical structure morphogenesis	P	PTN000930906	PTHR11829	true	false	taxon:4751	20251218	GO_Central
PTHR11829	PTN000930897	NOT	GO:0030154	cell differentiation	P	PTN000930906	PTHR11829	true	false	taxon:4751	20251218	GO_Central
PTHR11830	PTN000931062	NOT	GO:0003735	structural constituent of ribosome	F	PTN000216320	PTHR11830	true	false	taxon:6072	20250902	GO_Central
PTHR11830	PTN000931062	NOT	GO:0006412	translation	P	PTN000216320	PTHR11830	true	false	taxon:6072	20250805	GO_Central
PTHR11831	PTN000216482	NOT	GO:0003735	structural constituent of ribosome	F	PTN000216478	PTHR11831	true	false	taxon:2759	20260828	GO_Central
PTHR11831	PTN000216482	NOT	GO:0015935	small ribosomal subunit	C	PTN000216478	PTHR11831	true	false	taxon:2759	20260828	GO_Central
PTHR11831	PTN000216482	NOT	GO:0019843	rRNA binding	F	PTN000216478	PTHR11831	true	false	taxon:2759	20260528	GO_Central
PTHR11835	PTN000931379	NOT	GO:0004449	isocitrate dehydrogenase (NAD+) activity	F	PTN000216787	PTHR11835	true	false	taxon:	20260528	GO_Central
PTHR11835	PTN000931537	NOT	GO:0004449	isocitrate dehydrogenase (NAD+) activity	F	PTN000216787	PTHR11835	true	false	taxon:4751	20260528	GO_Central
PTHR11835	PTN000931537	NOT	GO:0006099	tricarboxylic acid cycle	P	PTN000216786	PTHR11835	true	false	taxon:4751	20250902	GO_Central
PTHR11835	PTN000931537	NOT	GO:0006102	isocitrate metabolic process	P	PTN000216787	PTHR11835	true	false	taxon:4751	20250902	GO_Central
PTHR11835	PTN002625768	NOT	GO:0005739	mitochondrion	C	PTN000216786	PTHR11835	true	false	taxon:189518	20260528	GO_Central
PTHR11839	PTN001723207	NOT	GO:0019144	ADP-sugar pyrophosphatase activity	F	PTN002625840	PTHR11839	true	false	taxon:1236	20240918	GO_Central
PTHR11851	PTN000220393	NOT	GO:0004222	metalloendopeptidase activity	F	PTN000220240	PTHR11851	true	false	taxon:284812	20260828	GO_Central
PTHR11851	PTN000220393	NOT	GO:0070585	protein localization to mitochondrion	P	PTN000220240	PTHR11851	true	false	taxon:284812	20260528	GO_Central
PTHR11851	PTN000932925	NOT	GO:0004222	metalloendopeptidase activity	F	PTN000220240	PTHR11851	true	false	taxon:	20260828	GO_Central
PTHR11851	PTN001724261	NOT	GO:0017087	mitochondrial processing peptidase complex	C	PTN000220169	PTHR11851	true	false	taxon:6072	20260828	GO_Central
PTHR11851	PTN001724261	NOT	GO:0070585	protein localization to mitochondrion	P	PTN002274973	PTHR11851	true	false	taxon:6072	20260528	GO_Central
PTHR11851	PTN002627006	NOT	GO:0004222	metalloendopeptidase activity	F	PTN000220240	PTHR11851	true	false	taxon:117571	20260828	GO_Central
PTHR11851	PTN008528666	NOT	GO:0017087	mitochondrial processing peptidase complex	C	PTN000220169	PTHR11851	true	false	taxon:33154	20260828	GO_Central
PTHR11851	PTN008528666	NOT	GO:0070585	protein localization to mitochondrion	P	PTN002274973	PTHR11851	true	false	taxon:33154	20260528	GO_Central
PTHR11864	PTN008331542	NOT	GO:0005685	U1 snRNP	C	PTN000221451	PTHR11864	true	false	taxon:4890	20230227	GO_Central
PTHR11866	PTN002627494	NOT	GO:0007189	adenylate cyclase-activating G protein-coupled receptor signaling pathway	P	PTN000933518	PTHR11866	true	false	taxon:117571	20241120	GO_Central
PTHR11903	PTN007546923	NOT	GO:0016702	oxidoreductase activity, acting on single donors with incorporation of molecular oxygen, incorporation of two atoms of oxygen	F	PTN000224605	PTHR11903	true	false	taxon:7711	20260828	GO_Central
PTHR11905	PTN000225366	NOT	GO:0005886	plasma membrane	C	PTN002628616	PTHR11905	true	false	taxon:40674	20200625	GO_Central
PTHR11909	PTN000226509	NOT	GO:0000727	double-strand break repair via break-induced replication	P	PTN000747050	PTHR11909	true	false	taxon:284812	20181128	GO_Central
PTHR11920	PTN000938100	NOT	GO:0004383	guanylate cyclase activity	F	PTN000229249	PTHR11920	true	false	taxon:5782	20260528	GO_Central
PTHR11920	PTN000938100	NOT	GO:0006182	cGMP biosynthetic process	P	PTN000229249	PTHR11920	true	false	taxon:5782	20260528	GO_Central
PTHR11920	PTN000938100	NOT	GO:0007168	receptor guanylyl cyclase signaling pathway	P	PTN000229249	PTHR11920	true	false	taxon:5782	20240314	GO_Central
PTHR11920	PTN004321477	NOT	GO:0001653	peptide receptor activity	F	PTN000229249	PTHR11920	true	false	taxon:5888	20250701	GO_Central
PTHR11920	PTN004321477	NOT	GO:0004383	guanylate cyclase activity	F	PTN000229249	PTHR11920	true	false	taxon:5888	20260528	GO_Central
PTHR11920	PTN004321477	NOT	GO:0006182	cGMP biosynthetic process	P	PTN000229249	PTHR11920	true	false	taxon:5888	20260528	GO_Central
PTHR11920	PTN004321477	NOT	GO:0007168	receptor guanylyl cyclase signaling pathway	P	PTN000229249	PTHR11920	true	false	taxon:5888	20240314	GO_Central
PTHR11931	PTN002630799	NOT	GO:0005829	cytosol	C	PTN002630707	PTHR11931	true	false	taxon:	20250214	GO_Central
PTHR11931	PTN002630853	NOT	GO:0004082	bisphosphoglycerate mutase activity	F	PTN008530338	PTHR11931	true	false	taxon:7227	20250717	GO_Central
PTHR11931	PTN008530338	NOT	GO:0004619	phosphoglycerate mutase activity	F	PTN002630707	PTHR11931	true	false	taxon:33213	20250903	GO_Central
PTHR11931	PTN008530338	NOT	GO:0061621	canonical glycolysis	P	PTN002630707	PTHR11931	true	false	taxon:33213	20250214	GO_Central
PTHR11933	PTN000940018	NOT	GO:1990228	sulfurtransferase complex	C	PTN002277973	PTHR11933	true	false	taxon:6945	20251107	GO_Central
PTHR11934	PTN000232509	NOT	GO:0005829	cytosol	C	PTN000232507	PTHR11934	true	false	taxon:2759	20220922	GO_Central
PTHR11937	PTN000233596	NOT	GO:0005200	structural constituent of cytoskeleton	F	PTN000940351	PTHR11937	true	false	taxon:2759	20260416	GO_Central
PTHR11937	PTN000233752	NOT	GO:0005200	structural constituent of cytoskeleton	F	PTN000940351	PTHR11937	true	false	taxon:2759	20250805	GO_Central
PTHR11937	PTN000233796	NOT	GO:0005200	structural constituent of cytoskeleton	F	PTN000940351	PTHR11937	true	false	taxon:2759	20260416	GO_Central
PTHR11937	PTN000233887	NOT	GO:0005200	structural constituent of cytoskeleton	F	PTN000940351	PTHR11937	true	false	taxon:2759	20250805	GO_Central
PTHR11937	PTN000234048	NOT	GO:0005200	structural constituent of cytoskeleton	F	PTN000940351	PTHR11937	true	false	taxon:2759	20250805	GO_Central
PTHR11937	PTN001732543	NOT	GO:0005200	structural constituent of cytoskeleton	F	PTN000940351	PTHR11937	true	false	taxon:2759	20250805	GO_Central
PTHR11937	PTN002631238	NOT|contributes_to	GO:0051015	actin filament binding	F	PTN000233796	PTHR11937	true	false	taxon:117571	20250805	GO_Central
PTHR11937	PTN007551901	NOT	GO:0005200	structural constituent of cytoskeleton	F	PTN000940351	PTHR11937	true	false	taxon:2759	20260416	GO_Central
PTHR11937	PTN008530509	NOT	GO:0035267	NuA4 histone acetyltransferase complex	C	PTN001732543	PTHR11937	true	false	taxon:4895	20240118	GO_Central
PTHR11937	PTN008530511	NOT	GO:0016514	SWI/SNF complex	C	PTN001732543	PTHR11937	true	false	taxon:4895	20240118	GO_Central
PTHR11937	PTN008530769	NOT	GO:0005200	structural constituent of cytoskeleton	F	PTN000940351	PTHR11937	true	false	taxon:4895	20260416	GO_Central
PTHR11937	PTN008530769	NOT	GO:0015629	actin cytoskeleton	C	PTN002631484	PTHR11937	true	false	taxon:4895	20260528	GO_Central
PTHR11937	PTN008986528	NOT	GO:0005200	structural constituent of cytoskeleton	F	PTN000940351	PTHR11937	true	false	taxon:	20250805	GO_Central
PTHR11937	PTN008986547	NOT	GO:0005200	structural constituent of cytoskeleton	F	PTN000940351	PTHR11937	true	false	taxon:2759	20250805	GO_Central
PTHR11941	PTN000234849	NOT	GO:0006635	fatty acid beta-oxidation	P	PTN000941828	PTHR11941	true	false	taxon:7227	20210420	GO_Central
PTHR11941	PTN000235137	NOT	GO:0005739	mitochondrion	C	PTN000234999	PTHR11941	true	false	taxon:224911	20260528	GO_Central
PTHR11941	PTN002631715	NOT	GO:0004490	methylglutaconyl-CoA hydratase activity	F	PTN000234999	PTHR11941	true	false	taxon:117571	20250819	GO_Central
PTHR11943	PTN008530881	NOT	GO:0033499	beta-D-galactose catabolic process via UDP-galactose, Leloir pathway	P	PTN000235304	PTHR11943	true	false	taxon:4895	20260828	GO_Central
PTHR11946	PTN008531274	NOT	GO:0005739	mitochondrion	C	PTN000942168	PTHR11946	true	false	taxon:4895	20260313	GO_Central
PTHR11952	PTN007553518	NOT	GO:0005829	cytosol	C	PTN000237224	PTHR11952	true	false	taxon:	20251224	GO_Central
PTHR11958	PTN002632762	NOT	GO:0015501	glutamate:sodium symporter activity	F	PTN000238242	PTHR11958	true	false	taxon:117571	20251218	GO_Central
PTHR11958	PTN002632768	NOT	GO:0015501	glutamate:sodium symporter activity	F	PTN000238242	PTHR11958	true	false	taxon:117571	20251218	GO_Central
PTHR11958	PTN002632768	NOT	GO:0015813	L-glutamate transmembrane transport	P	PTN002278999	PTHR11958	true	false	taxon:117571	20250903	GO_Central
PTHR11958	PTN002632810	NOT	GO:0015501	glutamate:sodium symporter activity	F	PTN000238242	PTHR11958	true	false	taxon:33392	20260416	GO_Central
PTHR11958	PTN002632810	NOT	GO:0015813	L-glutamate transmembrane transport	P	PTN002278999	PTHR11958	true	false	taxon:33392	20260528	GO_Central
PTHR11959	PTN000943466	NOT	GO:0003868	4-hydroxyphenylpyruvate dioxygenase activity	F	PTN000238649	PTHR11959	true	false	taxon:6072	20260528	GO_Central
PTHR11959	PTN000943466	NOT	GO:0006572	L-tyrosine catabolic process	P	PTN000238649	PTHR11959	true	false	taxon:6072	20260528	GO_Central
PTHR11963	PTN000239286	NOT	GO:0006508	proteolysis	P	PTN000239182	PTHR11963	true	false	taxon:	20250903	GO_Central
PTHR11963	PTN000239286	NOT	GO:0008233	peptidase activity	F	PTN000239182	PTHR11963	true	false	taxon:	20260528	GO_Central
PTHR11963	PTN000239291	NOT	GO:0006508	proteolysis	P	PTN000239182	PTHR11963	true	false	taxon:	20250903	GO_Central
PTHR11963	PTN000239291	NOT	GO:0008233	peptidase activity	F	PTN000239182	PTHR11963	true	false	taxon:	20260528	GO_Central
PTHR11972	PTN001379754	NOT	GO:0000293	ferric-chelate reductase activity	F	PTN000944413	PTHR11972	true	false	taxon:3702	20181121	GO_Central
PTHR11972	PTN001735989	NOT	GO:0000293	ferric-chelate reductase activity	F	PTN000944413	PTHR11972	true	false	taxon:29760	20181121	GO_Central
PTHR11972	PTN002279285	NOT	GO:0016175	superoxide-generating NAD(P)H oxidase activity	F	PTN000239644	PTHR11972	true	false	taxon:451864	20230405	GO_Central
PTHR11972	PTN007554643	NOT	GO:0005886	plasma membrane	C	PTN001735877	PTHR11972	true	false	taxon:	20260528	GO_Central
PTHR11986	PTN000241294	NOT	GO:0003992	N2-acetyl-L-ornithine:2-oxoglutarate 5-transaminase activity	F	PTN000944733	PTHR11986	true	false	taxon:284812	20260126	GO_Central
PTHR11986	PTN000241294	NOT	GO:0005759	mitochondrial matrix	C	PTN000241284	PTHR11986	true	false	taxon:284812	20260126	GO_Central
PTHR11986	PTN000241294	NOT	GO:0006525	arginine metabolic process	P	PTN000241033	PTHR11986	true	false	taxon:284812	20260528	GO_Central
PTHR11986	PTN000241294	NOT	GO:0006526	L-arginine biosynthetic process	P	PTN000944733	PTHR11986	true	false	taxon:284812	20260528	GO_Central
PTHR11986	PTN001736429	NOT	GO:0003992	N2-acetyl-L-ornithine:2-oxoglutarate 5-transaminase activity	F	PTN000241318	PTHR11986	true	false	taxon:543	20260528	GO_Central
PTHR11986	PTN001736429	NOT	GO:0006526	L-arginine biosynthetic process	P	PTN000241318	PTHR11986	true	false	taxon:543	20260528	GO_Central
PTHR11994	PTN000242153	NOT	GO:0022625	cytosolic large ribosomal subunit	C	PTN000242048	PTHR11994	true	false	taxon:2759	20250411	GO_Central
PTHR11994	PTN004331700	NOT	GO:0022625	cytosolic large ribosomal subunit	C	PTN000242048	PTHR11994	true	false	taxon:3700	20250411	GO_Central
PTHR11999	PTN002634081	NOT	GO:0004058	aromatic-L-amino-acid decarboxylase activity	F	PTN000242975	PTHR11999	true	false	taxon:33392	20260528	GO_Central
PTHR11999	PTN002634081	NOT	GO:0006584	catecholamine metabolic process	P	PTN000242975	PTHR11999	true	false	taxon:33392	20260528	GO_Central
PTHR11999	PTN002634081	NOT	GO:0042427	serotonin biosynthetic process	P	PTN000242975	PTHR11999	true	false	taxon:33392	20260528	GO_Central
PTHR12042	PTN000247933	NOT	GO:0006688	glycosphingolipid biosynthetic process	P	PTN004333570	PTHR12042	true	false	taxon:32523	20251218	GO_Central
PTHR12044	PTN000948237	NOT	GO:0007127	meiosis I	P	PTN001738899	PTHR12044	true	false	taxon:32525	20200808	GO_Central
PTHR12044	PTN001738902	NOT	GO:0007127	meiosis I	P	PTN001738899	PTHR12044	true	false	taxon:40674	20251224	GO_Central
PTHR12080	PTN007558151	NOT	GO:0006955	immune response	P	PTN000249437	PTHR12080	true	false	taxon:117571	20260501	GO_Central
PTHR12080	PTN007558151	NOT	GO:0007165	signal transduction	P	PTN000249437	PTHR12080	true	false	taxon:117571	20260501	GO_Central
PTHR12080	PTN007558151	NOT	GO:0038023	signaling receptor activity	F	PTN000249437	PTHR12080	true	false	taxon:117571	20260501	GO_Central
PTHR12080	PTN008532924	NOT	GO:0006955	immune response	P	PTN000249437	PTHR12080	true	false	taxon:117571	20260501	GO_Central
PTHR12080	PTN008532924	NOT	GO:0007165	signal transduction	P	PTN000249437	PTHR12080	true	false	taxon:117571	20260501	GO_Central
PTHR12080	PTN008532924	NOT	GO:0038023	signaling receptor activity	F	PTN000249437	PTHR12080	true	false	taxon:117571	20260501	GO_Central
PTHR12080	PTN008989554	NOT	GO:0038023	signaling receptor activity	F	PTN000249437	PTHR12080	true	false	taxon:32523	20260501	GO_Central
PTHR12080	PTN008989595	NOT	GO:0038023	signaling receptor activity	F	PTN000249437	PTHR12080	true	false	taxon:32524	20260501	GO_Central
PTHR12097	PTN000250464	NOT	GO:0005689	U12-type spliceosomal complex	C	PTN000250426	PTHR12097	true	false	taxon:4890	20251218	GO_Central
PTHR12097	PTN000250475	NOT	GO:0005689	U12-type spliceosomal complex	C	PTN000250426	PTHR12097	true	false	taxon:294381	20251218	GO_Central
PTHR12097	PTN000250476	NOT	GO:0005689	U12-type spliceosomal complex	C	PTN000250426	PTHR12097	true	false	taxon:294381	20251218	GO_Central
PTHR12097	PTN000949685	NOT	GO:0005689	U12-type spliceosomal complex	C	PTN000250426	PTHR12097	true	false	taxon:	20251218	GO_Central
PTHR12097	PTN000949715	NOT	GO:0005689	U12-type spliceosomal complex	C	PTN000250426	PTHR12097	true	false	taxon:5782	20251218	GO_Central
PTHR12097	PTN000949724	NOT	GO:0005689	U12-type spliceosomal complex	C	PTN000250426	PTHR12097	true	false	taxon:	20251218	GO_Central
PTHR12097	PTN001383128	NOT	GO:0005689	U12-type spliceosomal complex	C	PTN000250426	PTHR12097	true	false	taxon:33630	20251218	GO_Central
PTHR12106	PTN002636530	NOT	GO:0005794	Golgi apparatus	C	PTN000250927	PTHR12106	true	false	taxon:117571	20260528	GO_Central
PTHR12106	PTN002636530	NOT	GO:0006892	post-Golgi vesicle-mediated transport	P	PTN000250927	PTHR12106	true	false	taxon:117571	20260828	GO_Central
PTHR12106	PTN002636539	NOT	GO:0005794	Golgi apparatus	C	PTN000250927	PTHR12106	true	false	taxon:117571	20260528	GO_Central
PTHR12106	PTN002636539	NOT	GO:0006892	post-Golgi vesicle-mediated transport	P	PTN000250927	PTHR12106	true	false	taxon:117571	20260828	GO_Central
PTHR12112	PTN008335524	NOT	GO:0004309	exopolyphosphatase activity	F	PTN000485779	PTHR12112	true	false	taxon:117571	20250903	GO_Central
PTHR12113	PTN001740296	NOT	GO:0005576	extracellular region	C	PTN001383489	PTHR12113	true	false	taxon:9347	20260528	GO_Central
PTHR12121	PTN002637014	NOT	GO:0000289	nuclear-transcribed mRNA poly(A) tail shortening	P	PTN000950416	PTHR12121	true	false	taxon:2759	20260115	GO_Central
PTHR12121	PTN002637014	NOT	GO:0004535	poly(A)-specific ribonuclease activity	F	PTN000950416	PTHR12121	true	false	taxon:2759	20260528	GO_Central
PTHR12128	PTN000950946	NOT	GO:0008840	4-hydroxy-tetrahydrodipicolinate synthase activity	F	PTN000252718	PTHR12128	true	false	taxon:33213	20210623	GO_Central
PTHR12128	PTN001740926	NOT	GO:0008840	4-hydroxy-tetrahydrodipicolinate synthase activity	F	PTN000252718	PTHR12128	true	false	taxon:543	20210623	GO_Central
PTHR12131	PTN000253031	NOT	GO:0045025	mitochondrial degradosome	C	PTN000252978	PTHR12131	true	false	taxon:284812	20250903	GO_Central
PTHR12131	PTN008533638	NOT	GO:0000460	maturation of 5.8S rRNA	P	PTN002281442	PTHR12131	true	false	taxon:4895	20250903	GO_Central
PTHR12131	PTN008533638	NOT	GO:0031499	TRAMP complex	C	PTN002281442	PTHR12131	true	false	taxon:4895	20250903	GO_Central
PTHR12174	PTN002282347	NOT	GO:0098553	lumenal side of endoplasmic reticulum membrane	C	PTN000256204	PTHR12174	true	false	taxon:190485	20240305	GO_Central
PTHR12174	PTN002282347	NOT	GO:0098554	cytoplasmic side of endoplasmic reticulum membrane	C	PTN000256204	PTHR12174	true	false	taxon:190485	20240305	GO_Central
PTHR12183	PTN002676268	NOT	GO:0005739	mitochondrion	C	PTN002486591	PTHR12183	true	false	taxon:117571	20250903	GO_Central
PTHR12183	PTN002676268	NOT	GO:0090141	positive regulation of mitochondrial fission	P	PTN002486591	PTHR12183	true	false	taxon:117571	20250701	GO_Central
PTHR12195	PTN002638922	NOT	GO:0006417	regulation of translation	P	PTN000257565	PTHR12195	true	false	taxon:117571	20241120	GO_Central
PTHR12210	PTN002639282	NOT	GO:0004721	phosphoprotein phosphatase activity	F	PTN000258719	PTHR12210	true	false	taxon:2759	20260828	GO_Central
PTHR12210	PTN007563370	NOT	GO:0004721	phosphoprotein phosphatase activity	F	PTN000258719	PTHR12210	true	false	taxon:	20260828	GO_Central
PTHR12215	PTN008534753	NOT	GO:0005829	cytosol	C	PTN000259224	PTHR12215	true	false	taxon:2759	20260107	GO_Central
PTHR12219	PTN000954939	NOT	GO:0005739	mitochondrion	C	PTN000259405	PTHR12219	true	false	taxon:6072	20260528	GO_Central
PTHR12219	PTN000954939	NOT	GO:0022904	respiratory electron transport chain	P	PTN000259405	PTHR12219	true	false	taxon:6072	20260528	GO_Central
PTHR12219	PTN000954939	NOT	GO:0032981	mitochondrial respiratory chain complex I assembly	P	PTN000259405	PTHR12219	true	false	taxon:6072	20250806	GO_Central
PTHR12219	PTN000954939	NOT	GO:0045271	respiratory chain complex I	C	PTN000259405	PTHR12219	true	false	taxon:6072	20250806	GO_Central
PTHR12241	PTN000955949	NOT	GO:0036064	ciliary basal body	C	PTN000260978	PTHR12241	true	false	taxon:5786	20240229	GO_Central
PTHR12247	PTN002640813	NOT	GO:0035102	PRC1 complex	C	PTN001745158	PTHR12247	true	false	taxon:117571	20240205	GO_Central
PTHR12260	PTN000262554	NOT	GO:0005634	nucleus	C	PTN000262496	PTHR12260	false	false	taxon:100226	20240305	GO_Central
PTHR12268	PTN000957137	NOT	GO:0005886	plasma membrane	C	PTN000263007	PTHR12268	true	false	taxon:6072	20260528	GO_Central
PTHR12268	PTN000957137	NOT	GO:0060090	molecular adaptor activity	F	PTN000263007	PTHR12268	true	false	taxon:6072	20260507	GO_Central
PTHR12268	PTN004346078	NOT	GO:0016010	dystrophin-associated glycoprotein complex	C	PTN000937183	PTHR12268	true	false	taxon:117571	20260507	GO_Central
PTHR12271	PTN000263505	NOT	GO:0050265	RNA uridylyltransferase activity	F	PTN000263330	PTHR12271	true	false	taxon:33213	20260828	GO_Central
PTHR12271	PTN000263505	NOT	GO:1990074	polyuridylation-dependent mRNA catabolic process	P	PTN000263330	PTHR12271	true	false	taxon:33213	20251029	GO_Central
PTHR12271	PTN000957350	NOT	GO:0050265	RNA uridylyltransferase activity	F	PTN000263330	PTHR12271	true	false	taxon:6072	20260828	GO_Central
PTHR12271	PTN000957350	NOT	GO:1990074	polyuridylation-dependent mRNA catabolic process	P	PTN000263330	PTHR12271	true	false	taxon:6072	20251029	GO_Central
PTHR12290	PTN000265251	NOT	GO:0005789	endoplasmic reticulum membrane	C	PTN000265246	PTHR12290	true	false	taxon:	20260528	GO_Central
PTHR12290	PTN000265251	NOT	GO:0006888	endoplasmic reticulum to Golgi vesicle-mediated transport	P	PTN000265246	PTHR12290	true	false	taxon:	20200710	GO_Central
PTHR12290	PTN000265251	NOT	GO:0030134	COPII-coated ER to Golgi transport vesicle	C	PTN000265246	PTHR12290	true	false	taxon:	20200710	GO_Central
PTHR12304	PTN000959462	NOT	GO:0006218	uridine catabolic process	P	PTN000266727	PTHR12304	true	false	taxon:3193	20260107	GO_Central
PTHR12304	PTN000959462	NOT	GO:0045437	uridine nucleosidase activity	F	PTN000266727	PTHR12304	true	false	taxon:3193	20260107	GO_Central
PTHR12306	PTN002642559	NOT	GO:0005811	lipid droplet	C	PTN000267038	PTHR12306	true	false	taxon:117571	20250320	GO_Central
PTHR12306	PTN002642559	NOT	GO:0019915	lipid storage	P	PTN000267038	PTHR12306	true	false	taxon:117571	20250320	GO_Central
PTHR12306	PTN002642559	NOT	GO:0120013	lipid transfer activity	F	PTN000267038	PTHR12306	true	false	taxon:117571	20250320	GO_Central
PTHR12306	PTN002642559	NOT	GO:0160077	lipid droplet fusion	P	PTN000267038	PTHR12306	true	false	taxon:117571	20250320	GO_Central
PTHR12308	PTN000959895	NOT	GO:0017128	phospholipid scramblase activity	F	PTN001389043	PTHR12308	true	false	taxon:6072	20251219	GO_Central
PTHR12308	PTN000959895	NOT	GO:0045332	phospholipid translocation	P	PTN001389043	PTHR12308	true	false	taxon:6072	20250828	GO_Central
PTHR12308	PTN001389091	NOT	GO:0017128	phospholipid scramblase activity	F	PTN001389043	PTHR12308	true	false	taxon:7711	20251219	GO_Central
PTHR12308	PTN001389091	NOT	GO:0045332	phospholipid translocation	P	PTN001389043	PTHR12308	true	false	taxon:7711	20250828	GO_Central
PTHR12308	PTN002642649	NOT	GO:0017128	phospholipid scramblase activity	F	PTN001389043	PTHR12308	true	false	taxon:6072	20251219	GO_Central
PTHR12308	PTN002642649	NOT	GO:0045332	phospholipid translocation	P	PTN001389043	PTHR12308	true	false	taxon:6072	20250828	GO_Central
PTHR12308	PTN002642682	NOT	GO:0017128	phospholipid scramblase activity	F	PTN001389043	PTHR12308	true	false	taxon:117571	20251219	GO_Central
PTHR12316	PTN002487469	NOT	GO:0012501	programmed cell death	P	PTN000960117	PTHR12316	true	false	taxon:9606	20250415	GO_Central
PTHR12316	PTN002643004	NOT	GO:0019835	cytolysis	P	PTN000960117	PTHR12316	true	false	taxon:117571	20250415	GO_Central
PTHR12317	PTN000268139	NOT	GO:0004144	diacylglycerol O-acyltransferase activity	F	PTN000268127	PTHR12317	true	false	taxon:32523	20250903	GO_Central
PTHR12317	PTN000268139	NOT	GO:0019432	triglyceride biosynthetic process	P	PTN000268127	PTHR12317	true	false	taxon:32523	20250903	GO_Central
PTHR12322	PTN000268760	NOT	GO:0006357	regulation of transcription by RNA polymerase II	P	PTN000960547	PTHR12322	true	false	taxon:9347	20250903	GO_Central
PTHR12322	PTN000268760	NOT	GO:0007548	sex differentiation	P	PTN000960547	PTHR12322	true	false	taxon:9347	20250903	GO_Central
PTHR12358	PTN000961493	NOT	GO:0008481	sphingosine kinase activity	F	PTN000270645	PTHR12358	true	false	taxon:418459	20260528	GO_Central
PTHR12358	PTN001390184	NOT	GO:0001727	lipid kinase activity	F	PTN002285910	PTHR12358	true	false	taxon:4751	20260528	GO_Central
PTHR12358	PTN001390184	NOT	GO:0008481	sphingosine kinase activity	F	PTN000270645	PTHR12358	true	false	taxon:4751	20260528	GO_Central
PTHR12358	PTN001390184	NOT	GO:0046512	sphingosine biosynthetic process	P	PTN000270644	PTHR12358	true	false	taxon:4751	20250122	GO_Central
PTHR12358	PTN001749386	NOT	GO:0001727	lipid kinase activity	F	PTN002285910	PTHR12358	true	false	taxon:2759	20260528	GO_Central
PTHR12358	PTN002487716	NOT	GO:0001727	lipid kinase activity	F	PTN002285910	PTHR12358	true	false	taxon:	20260528	GO_Central
PTHR12358	PTN002487716	NOT	GO:0008481	sphingosine kinase activity	F	PTN000270645	PTHR12358	true	false	taxon:	20260528	GO_Central
PTHR12358	PTN002487716	NOT	GO:0046512	sphingosine biosynthetic process	P	PTN000270644	PTHR12358	true	false	taxon:	20260304	GO_Central
PTHR12358	PTN008994514	NOT	GO:0008481	sphingosine kinase activity	F	PTN000270645	PTHR12358	true	false	taxon:	20260528	GO_Central
PTHR12369	PTN000961885	NOT	GO:0008376	acetylgalactosaminyltransferase activity	F	PTN000961849	PTHR12369	true	false	taxon:6072	20260603	GO_Central
PTHR12374	PTN000271931	NOT	GO:0070461	SAGA-type complex	C	PTN000271862	PTHR12374	true	false	taxon:4890	20260828	GO_Central
PTHR12395	PTN000273714	NOT	GO:0034353	mRNA 5'-diphosphatase activity	F	PTN000273640	PTHR12395	true	false	taxon:7227	20211122	GO_Central
PTHR12400	PTN000963723	NOT	GO:0000828	inositol hexakisphosphate kinase activity	F	PTN000274018	PTHR12400	true	false	taxon:451864	20240205	GO_Central
PTHR12406	PTN004357529	NOT	GO:0004806	triacylglycerol lipase activity	F	PTN000274414	PTHR12406	true	false	taxon:32523	20260107	GO_Central
PTHR12411	PTN000274687	NOT	GO:0004197	cysteine-type endopeptidase activity	F	PTN000274640	PTHR12411	true	true	taxon:33213	20260528	GO_Central
PTHR12411	PTN000274687	NOT	GO:0030163	protein catabolic process	P	PTN000274640	PTHR12411	true	true	taxon:33213	20260528	GO_Central
PTHR12419	PTN002287070	NOT	GO:0004843	cysteine-type deubiquitinase activity	F	PTN000276124	PTHR12419	true	false	taxon:	20260528	GO_Central
PTHR12419	PTN008538076	NOT	GO:0004843	cysteine-type deubiquitinase activity	F	PTN000276124	PTHR12419	true	false	taxon:	20260528	GO_Central
PTHR12424	PTN000276694	NOT	GO:0005886	plasma membrane	C	PTN000965383	PTHR12424	true	false	taxon:7147	20250423	GO_Central
PTHR12429	PTN002646352	NOT	GO:0070086	ubiquitin-dependent endocytosis	P	PTN000276953	PTHR12429	true	false	taxon:117571	20250701	GO_Central
PTHR12429	PTN002646360	NOT	GO:0008593	regulation of Notch signaling pathway	P	PTN000276953	PTHR12429	true	false	taxon:117571	20250701	GO_Central
PTHR12433	PTN000277293	NOT	GO:0016592	mediator complex	C	PTN000277285	PTHR12433	true	false	taxon:9347	20181116	GO_Central
PTHR12436	PTN001752710	NOT	GO:0005737	cytoplasm	C	PTN000277436	PTHR12436	true	false	taxon:6072	20260528	GO_Central
PTHR12436	PTN001752710	NOT	GO:0006406	mRNA export from nucleus	P	PTN000277436	PTHR12436	true	false	taxon:6072	20221007	GO_Central
PTHR12436	PTN001752710	NOT	GO:0070390	transcription export complex 2	C	PTN000277436	PTHR12436	true	false	taxon:6072	20221007	GO_Central
PTHR12469	PTN000279784	NOT	GO:0006099	tricarboxylic acid cycle	P	PTN000279729	PTHR12469	true	false	taxon:284812	20181207	GO_Central
PTHR12469	PTN000279784	NOT	GO:0006121	mitochondrial electron transport, succinate to ubiquinone	P	PTN000279729	PTHR12469	true	false	taxon:284812	20260828	GO_Central
PTHR12469	PTN000279784	NOT	GO:0034553	mitochondrial respiratory chain complex II assembly	P	PTN000279729	PTHR12469	true	false	taxon:284812	20241120	GO_Central
PTHR12478	PTN002647602	NOT	GO:0006915	apoptotic process	P	PTN000280371	PTHR12478	true	false	taxon:117571	20230602	GO_Central
PTHR12478	PTN002647602	NOT	GO:0032006	regulation of TOR signaling	P	PTN000280371	PTHR12478	true	false	taxon:117571	20190301	GO_Central
PTHR12480	PTN000967872	NOT	GO:0005634	nucleus	C	PTN000280591	PTHR12480	true	false	taxon:6072	20260528	GO_Central
PTHR12480	PTN000967872	NOT	GO:0005737	cytoplasm	C	PTN000280591	PTHR12480	true	false	taxon:6072	20260528	GO_Central
PTHR12480	PTN000967872	NOT	GO:0043565	sequence-specific DNA binding	F	PTN000280591	PTHR12480	true	false	taxon:6072	20210820	GO_Central
PTHR12480	PTN000967872	NOT	GO:0045905	positive regulation of translational termination	P	PTN000280591	PTHR12480	true	false	taxon:6072	20210820	GO_Central
PTHR12483	PTN002647802	NOT	GO:0005375	copper ion transmembrane transporter activity	F	PTN004363803	PTHR12483	true	false	taxon:117571	20260828	GO_Central
PTHR12483	PTN002647802	NOT	GO:0015677	copper ion import	P	PTN008340544	PTHR12483	true	false	taxon:117571	20250701	GO_Central
PTHR12483	PTN002647802	NOT	GO:0035434	copper ion transmembrane transport	P	PTN004363803	PTHR12483	true	false	taxon:117571	20260828	GO_Central
PTHR12553	PTN000285011	NOT	GO:0005739	mitochondrion	C	PTN000284963	PTHR12553	true	false	taxon:284812	20260528	GO_Central
PTHR12553	PTN000285011	NOT	GO:1990180	mitochondrial tRNA 3'-end processing	P	PTN000284963	PTHR12553	true	false	taxon:284812	20240205	GO_Central
PTHR12566	PTN001758165	NOT	GO:0043005	neuron projection	C	PTN000286163	PTHR12566	true	false	taxon:6237	20260828	GO_Central
PTHR12566	PTN001758165	NOT	GO:0045202	synapse	C	PTN000286163	PTHR12566	true	false	taxon:6237	20260528	GO_Central
PTHR12585	PTN000287014	NOT	GO:1990414	replication-born double-strand break repair via sister chromatid exchange	P	PTN000286904	PTHR12585	true	false	taxon:284812	20220406	GO_Central
PTHR12585	PTN002289230	NOT	GO:1990414	replication-born double-strand break repair via sister chromatid exchange	P	PTN000286904	PTHR12585	true	false	taxon:147538	20220406	GO_Central
PTHR12585	PTN002289234	NOT	GO:1990414	replication-born double-strand break repair via sister chromatid exchange	P	PTN000286904	PTHR12585	true	false	taxon:237631	20220406	GO_Central
PTHR12585	PTN002488935	NOT	GO:1990414	replication-born double-strand break repair via sister chromatid exchange	P	PTN000286904	PTHR12585	true	false	taxon:451864	20220406	GO_Central
PTHR12585	PTN002650091	NOT	GO:1990414	replication-born double-strand break repair via sister chromatid exchange	P	PTN000286904	PTHR12585	true	false	taxon:237561	20220406	GO_Central
PTHR12585	PTN004370907	NOT	GO:1990414	replication-born double-strand break repair via sister chromatid exchange	P	PTN000286904	PTHR12585	true	false	taxon:3193	20220406	GO_Central
PTHR12585	PTN008540166	NOT	GO:1990414	replication-born double-strand break repair via sister chromatid exchange	P	PTN000286904	PTHR12585	true	false	taxon:33213	20220406	GO_Central
PTHR12604	PTN000288402	NOT	GO:0000723	telomere maintenance	P	PTN000288287	PTHR12604	true	false	taxon:7227	20260528	GO_Central
PTHR12604	PTN000288402	NOT|contributes_to	GO:0003690	double-stranded DNA binding	F	PTN000288287	PTHR12604	true	false	taxon:7227	20241120	GO_Central
PTHR12604	PTN000288402	NOT	GO:0006303	double-strand break repair via nonhomologous end joining	P	PTN000288287	PTHR12604	true	false	taxon:7227	20220922	GO_Central
PTHR12604	PTN000288402	NOT	GO:0042162	telomeric repeat DNA binding	F	PTN000288287	PTHR12604	true	false	taxon:7227	20200930	GO_Central
PTHR12604	PTN000288402	NOT	GO:0043564	Ku70:Ku80 complex	C	PTN000288287	PTHR12604	true	false	taxon:7227	20190206	GO_Central
PTHR12606	PTN008540457	NOT	GO:0005634	nucleus	C	PTN000288424	PTHR12606	true	false	taxon:83333	20260528	GO_Central
PTHR12607	PTN002650707	NOT	GO:0045295	gamma-catenin binding	F	PTN000288612	PTHR12607	true	false	taxon:33392	20240305	GO_Central
PTHR12609	PTN000288836	NOT	GO:0005813	centrosome	C	PTN000288762	PTHR12609	true	false	taxon:33090	20240305	GO_Central
PTHR12609	PTN000288836	NOT	GO:0051298	centrosome duplication	P	PTN000288762	PTHR12609	true	false	taxon:33090	20190403	GO_Central
PTHR12609	PTN000972803	NOT	GO:0005813	centrosome	C	PTN000288762	PTHR12609	true	false	taxon:4751	20221124	GO_Central
PTHR12609	PTN000972803	NOT	GO:0051298	centrosome duplication	P	PTN000288762	PTHR12609	true	false	taxon:4751	20190403	GO_Central
PTHR12630	PTN000973688	NOT	GO:0006491	N-glycan processing	P	PTN000290448	PTHR12630	true	false	taxon:6072	20210904	GO_Central
PTHR12630	PTN000973688	NOT	GO:0017177	glucosidase II complex	C	PTN000290448	PTHR12630	true	false	taxon:6072	20200304	GO_Central
PTHR12645	PTN000974197	NOT	GO:0005739	mitochondrion	C	PTN000291228	PTHR12645	true	false	taxon:4751	20250903	GO_Central
PTHR12653	PTN000974549	NOT	GO:0022904	respiratory electron transport chain	P	PTN000291682	PTHR12653	true	false	taxon:4751	20251219	GO_Central
PTHR12696	PTN000491223	NOT	GO:0010265	SCF complex assembly	P	PTN000294436	PTHR12696	true	false	taxon:284812	20221103	GO_Central
PTHR12696	PTN000491223	NOT	GO:0016567	protein ubiquitination	P	PTN000294436	PTHR12696	true	false	taxon:284812	20221103	GO_Central
PTHR12709	PTN000295348	NOT	GO:0005665	RNA polymerase II, core complex	C	PTN000295290	PTHR12709	true	false	taxon:3398	20240730	GO_Central
PTHR12709	PTN000295348	NOT	GO:0006367	transcription initiation at RNA polymerase II promoter	P	PTN000295290	PTHR12709	true	false	taxon:3398	20251219	GO_Central
PTHR12713	PTN000295550	NOT	GO:0030672	synaptic vesicle membrane	C	PTN008342534	PTHR12713	true	false	taxon:10090	20230704	GO_Central
PTHR12714	PTN004380348	NOT	GO:0004671	protein C-terminal S-isoprenylcysteine carboxyl O-methyltransferase activity	F	PTN000295600	PTHR12714	true	false	taxon:	20260528	GO_Central
PTHR12714	PTN004380348	NOT	GO:0005783	endoplasmic reticulum	C	PTN000295600	PTHR12714	true	false	taxon:	20260528	GO_Central
PTHR12714	PTN007588194	NOT	GO:0004671	protein C-terminal S-isoprenylcysteine carboxyl O-methyltransferase activity	F	PTN000295600	PTHR12714	true	false	taxon:58023	20260528	GO_Central
PTHR12714	PTN007588194	NOT	GO:0005783	endoplasmic reticulum	C	PTN000295600	PTHR12714	true	false	taxon:58023	20260528	GO_Central
PTHR12732	PTN000296481	NOT	GO:0000973	post-transcriptional tethering of RNA polymerase II gene DNA at nuclear periphery	P	PTN000296424	PTHR12732	true	false	taxon:284812	20220623	GO_Central
PTHR12732	PTN000296481	NOT	GO:0006368	transcription elongation by RNA polymerase II	P	PTN000296424	PTHR12732	true	false	taxon:284812	20220623	GO_Central
PTHR12732	PTN000296481	NOT	GO:0016973	poly(A)+ mRNA export from nucleus	P	PTN000296424	PTHR12732	true	false	taxon:284812	20250412	GO_Central
PTHR12732	PTN000296481	NOT	GO:0070390	transcription export complex 2	C	PTN000296424	PTHR12732	true	false	taxon:284812	20220623	GO_Central
PTHR12732	PTN000977844	NOT	GO:0000973	post-transcriptional tethering of RNA polymerase II gene DNA at nuclear periphery	P	PTN000296424	PTHR12732	true	false	taxon:4892	20220623	GO_Central
PTHR12732	PTN000977844	NOT	GO:0006368	transcription elongation by RNA polymerase II	P	PTN000296424	PTHR12732	true	false	taxon:4892	20220623	GO_Central
PTHR12732	PTN000977844	NOT	GO:0016973	poly(A)+ mRNA export from nucleus	P	PTN000296424	PTHR12732	true	false	taxon:4892	20250412	GO_Central
PTHR12732	PTN000977844	NOT	GO:0070390	transcription export complex 2	C	PTN000296424	PTHR12732	true	false	taxon:4892	20220623	GO_Central
PTHR12732	PTN002291263	NOT	GO:0000973	post-transcriptional tethering of RNA polymerase II gene DNA at nuclear periphery	P	PTN000296424	PTHR12732	true	false	taxon:147538	20220623	GO_Central
PTHR12732	PTN002291263	NOT	GO:0006368	transcription elongation by RNA polymerase II	P	PTN000296424	PTHR12732	true	false	taxon:147538	20220623	GO_Central
PTHR12732	PTN002291263	NOT	GO:0016973	poly(A)+ mRNA export from nucleus	P	PTN000296424	PTHR12732	true	false	taxon:147538	20250412	GO_Central
PTHR12732	PTN002291263	NOT	GO:0070390	transcription export complex 2	C	PTN000296424	PTHR12732	true	false	taxon:147538	20220623	GO_Central
PTHR12732	PTN002291266	NOT	GO:0000973	post-transcriptional tethering of RNA polymerase II gene DNA at nuclear periphery	P	PTN000296424	PTHR12732	true	false	taxon:147538	20220623	GO_Central
PTHR12732	PTN002291266	NOT	GO:0006368	transcription elongation by RNA polymerase II	P	PTN000296424	PTHR12732	true	false	taxon:147538	20220623	GO_Central
PTHR12732	PTN002291266	NOT	GO:0016973	poly(A)+ mRNA export from nucleus	P	PTN000296424	PTHR12732	true	false	taxon:147538	20250412	GO_Central
PTHR12732	PTN002291266	NOT	GO:0070390	transcription export complex 2	C	PTN000296424	PTHR12732	true	false	taxon:147538	20220623	GO_Central
PTHR12736	PTN000978112	NOT	GO:0009787	regulation of abscisic acid-activated signaling pathway	P	PTN000296773	PTHR12736	true	false	taxon:6072	20250702	GO_Central
PTHR12736	PTN002291337	NOT	GO:0009787	regulation of abscisic acid-activated signaling pathway	P	PTN000296773	PTHR12736	true	false	taxon:147538	20260210	GO_Central
PTHR12736	PTN002653558	NOT	GO:0009787	regulation of abscisic acid-activated signaling pathway	P	PTN000296773	PTHR12736	true	false	taxon:117571	20250702	GO_Central
PTHR12737	PTN002653588	NOT	GO:0006525	arginine metabolic process	P	PTN000978164	PTHR12737	true	false	taxon:117571	20260528	GO_Central
PTHR12737	PTN002653588	NOT	GO:0016403	dimethylargininase activity	F	PTN000978164	PTHR12737	true	false	taxon:117571	20260528	GO_Central
PTHR12737	PTN002653588	NOT	GO:0045429	positive regulation of nitric oxide biosynthetic process	P	PTN000978164	PTHR12737	true	false	taxon:117571	20230718	GO_Central
PTHR12771	PTN002654399	NOT	GO:0005886	plasma membrane	C	PTN000299186	PTHR12771	true	false	taxon:117571	20221007	GO_Central
PTHR12771	PTN002654405	NOT	GO:0005886	plasma membrane	C	PTN000299186	PTHR12771	true	false	taxon:117571	20221007	GO_Central
PTHR12771	PTN002654424	NOT	GO:0005929	cilium	C	PTN004383863	PTHR12771	true	false	taxon:117571	20250702	GO_Central
PTHR12771	PTN002654424	NOT	GO:0060271	cilium assembly	P	PTN004383863	PTHR12771	true	false	taxon:117571	20250702	GO_Central
PTHR12785	PTN000980147	NOT	GO:0005689	U12-type spliceosomal complex	C	PTN000980137	PTHR12785	true	false	taxon:	20251219	GO_Central
PTHR12790	PTN004384805	NOT|contributes_to	GO:0001181	RNA polymerase I general transcription initiation factor activity	F	PTN009001605	PTHR12790	true	false	taxon:9606	20260120	GO_Central
PTHR12790	PTN004384805	NOT	GO:0005634	nucleus	C	PTN000300504	PTHR12790	true	false	taxon:9606	20260120	GO_Central
PTHR12790	PTN004384805	NOT	GO:0006361	transcription initiation at RNA polymerase I promoter	P	PTN000300504	PTHR12790	true	false	taxon:9606	20260120	GO_Central
PTHR12800	PTN002655013	NOT	GO:1990565	HSP90-CDC37 chaperone complex	C	PTN000980613	PTHR12800	true	false	taxon:117571	20260120	GO_Central
PTHR12864	PTN000305064	NOT	GO:0043161	proteasome-mediated ubiquitin-dependent protein catabolic process	P	PTN000305015	PTHR12864	true	false	taxon:7227	20200414	GO_Central
PTHR12864	PTN000305064	NOT	GO:0090263	positive regulation of canonical Wnt signaling pathway	P	PTN002656619	PTHR12864	true	false	taxon:7227	20260828	GO_Central
PTHR12876	PTN002656881	NOT	GO:0004521	RNA endonuclease activity	F	PTN001767779	PTHR12876	true	false	taxon:117571	20200408	GO_Central
PTHR12876	PTN002656881	NOT	GO:0036464	cytoplasmic ribonucleoprotein granule	C	PTN001767779	PTHR12876	true	false	taxon:117571	20200408	GO_Central
PTHR12876	PTN002656881	NOT	GO:0061158	3'-UTR-mediated mRNA destabilization	P	PTN001767779	PTHR12876	true	false	taxon:117571	20250702	GO_Central
PTHR12897	PTN000984912	NOT	GO:0005765	lysosomal membrane	C	PTN000307264	PTHR12897	false	false	taxon:684364	20240306	GO_Central
PTHR12900	PTN002003866	NOT	GO:0000724	double-strand break repair via homologous recombination	P	PTN000307391	PTHR12900	true	false	taxon:9347	20180831	GO_Central
PTHR12900	PTN002003866	NOT	GO:0030896	checkpoint clamp complex	C	PTN000307391	PTHR12900	true	false	taxon:9347	20250903	GO_Central
PTHR12900	PTN002003866	NOT	GO:0031573	mitotic intra-S DNA damage checkpoint signaling	P	PTN000307391	PTHR12900	true	false	taxon:9347	20180831	GO_Central
PTHR12900	PTN002003866	NOT	GO:0033314	mitotic DNA replication checkpoint signaling	P	PTN000307391	PTHR12900	true	false	taxon:9347	20180831	GO_Central
PTHR12900	PTN002003866	NOT	GO:0035861	site of double-strand break	C	PTN000307391	PTHR12900	true	false	taxon:9347	20180831	GO_Central
PTHR12900	PTN002003866	NOT	GO:0044778	meiotic DNA integrity checkpoint signaling	P	PTN000307391	PTHR12900	true	false	taxon:9347	20180831	GO_Central
PTHR12901	PTN001402613	NOT	GO:0005739	mitochondrion	C	PTN000307459	PTHR12901	true	false	taxon:1224	20260528	GO_Central
PTHR12902	PTN002293098	NOT	GO:0031209	SCAR complex	C	PTN000307554	PTHR12902	true	false	taxon:7147	20210530	GO_Central
PTHR12902	PTN002293098	NOT	GO:0071933	Arp2/3 complex binding	F	PTN000307553	PTHR12902	true	false	taxon:7147	20200414	GO_Central
PTHR12902	PTN002293098	NOT	GO:2000601	positive regulation of Arp2/3 complex-mediated actin nucleation	P	PTN000307553	PTHR12902	true	false	taxon:7147	20200414	GO_Central
PTHR12903	PTN000307733	NOT	GO:0005739	mitochondrion	C	PTN000307689	PTHR12903	true	false	taxon:	20260528	GO_Central
PTHR12903	PTN002293128	NOT	GO:0005739	mitochondrion	C	PTN000307689	PTHR12903	true	false	taxon:1111708	20260528	GO_Central
PTHR12910	PTN000308194	NOT	GO:0045271	respiratory chain complex I	C	PTN000308146	PTHR12910	true	false	taxon:224911	20241120	GO_Central
PTHR12919	PTN002293408	NOT	GO:0032543	mitochondrial translation	P	PTN000308745	PTHR12919	false	false	taxon:1111708	20240306	GO_Central
PTHR12929	PTN000309189	NOT	GO:0032217	riboflavin transmembrane transporter activity	F	PTN000986065	PTHR12929	true	false	taxon:9526	20260616	GO_Central
PTHR12929	PTN000309189	NOT	GO:0032218	riboflavin transport	P	PTN000986065	PTHR12929	true	false	taxon:9526	20260616	GO_Central
PTHR12947	PTN008344288	NOT	GO:0032511	late endosome to vacuole transport via multivesicular body sorting pathway	P	PTN000310308	PTHR12947	true	false	taxon:	20240613	GO_Central
PTHR12951	PTN002658567	NOT	GO:0005929	cilium	C	PTN000310586	PTHR12951	true	false	taxon:117571	20251219	GO_Central
PTHR12951	PTN002658567	NOT	GO:0060271	cilium assembly	P	PTN000310586	PTHR12951	true	false	taxon:117571	20180412	GO_Central
PTHR13027	PTN008545077	NOT	GO:0035658	Mon1-Ccz1 complex	C	PTN000315023	PTHR13027	true	false	taxon:4895	20250903	GO_Central
PTHR13068	PTN002660934	NOT	GO:0045892	negative regulation of DNA-templated transcription	P	PTN000990885	PTHR13068	true	false	taxon:117571	20260828	GO_Central
PTHR13068	PTN002660934	NOT	GO:1903108	regulation of mitochondrial transcription	P	PTN000990885	PTHR13068	true	false	taxon:117571	20260828	GO_Central
PTHR13082	PTN000991483	NOT	GO:0003714	transcription corepressor activity	F	PTN000317629	PTHR13082	true	false	taxon:4751	20230106	GO_Central
PTHR13082	PTN000991483	NOT	GO:0045892	negative regulation of DNA-templated transcription	P	PTN000317629	PTHR13082	true	false	taxon:4751	20230106	GO_Central
PTHR13112	PTN002661716	NOT	GO:0000184	nuclear-transcribed mRNA catabolic process, nonsense-mediated decay	P	PTN000318879	PTHR13112	true	false	taxon:117571	20240918	GO_Central
PTHR13112	PTN002661716	NOT	GO:0003729	mRNA binding	F	PTN000318879	PTHR13112	true	false	taxon:117571	20220923	GO_Central
PTHR13140	PTN000321145	NOT	GO:0006897	endocytosis	P	PTN008546178	PTHR13140	true	false	taxon:7227	20260828	GO_Central
PTHR13140	PTN000321145	NOT	GO:0007605	sensory perception of sound	P	PTN000321046	PTHR13140	true	false	taxon:7227	20200128	GO_Central
PTHR13140	PTN000321145	NOT	GO:0030048	actin filament-based movement	P	PTN000321046	PTHR13140	true	false	taxon:7227	20230815	GO_Central
PTHR13140	PTN002295900	NOT	GO:0000146	microfilament motor activity	F	PTN000320364	PTHR13140	true	false	taxon:6072	20250903	GO_Central
PTHR13140	PTN008546224	NOT	GO:0006897	endocytosis	P	PTN008546178	PTHR13140	true	false	taxon:4895	20260828	GO_Central
PTHR13165	PTN000994904	NOT	GO:0031053	primary miRNA processing	P	PTN000323018	PTHR13165	true	false	taxon:4751	20220407	GO_Central
PTHR13183	PTN000995554	NOT	GO:0005930	axoneme	C	PTN000323885	PTHR13183	true	false	taxon:3218	20260828	GO_Central
PTHR13192	PTN002296377	NOT	GO:0005739	mitochondrion	C	PTN008546602	PTHR13192	true	false	taxon:7227	20250826	GO_Central
PTHR13194	PTN000995776	NOT	GO:0010257	NADH dehydrogenase complex assembly	P	PTN000995762	PTHR13194	true	false	taxon:4751	20260210	GO_Central
PTHR13194	PTN000995776	NOT	GO:0032981	mitochondrial respiratory chain complex I assembly	P	PTN000324265	PTHR13194	true	false	taxon:4751	20220407	GO_Central
PTHR13194	PTN000995800	NOT	GO:0010257	NADH dehydrogenase complex assembly	P	PTN000995762	PTHR13194	true	false	taxon:451864	20260210	GO_Central
PTHR13220	PTN002502486	NOT	GO:0000403	Y-form DNA binding	F	PTN000325249	PTHR13220	true	false	taxon:9606	20260120	GO_Central
PTHR13220	PTN002502486	NOT	GO:0006974	DNA damage response	P	PTN000325249	PTHR13220	true	false	taxon:9606	20260120	GO_Central
PTHR13220	PTN002502486	NOT	GO:0031298	replication fork protection complex	C	PTN000325249	PTHR13220	true	false	taxon:9606	20260120	GO_Central
PTHR13220	PTN002502486	NOT	GO:0043111	replication fork arrest	P	PTN000325249	PTHR13220	true	false	taxon:9606	20260120	GO_Central
PTHR13232	PTN008546859	NOT	GO:0005739	mitochondrion	C	PTN000325829	PTHR13232	true	false	taxon:243090	20241120	GO_Central
PTHR13252	PTN000997601	NOT	GO:0000209	protein polyubiquitination	P	PTN000326948	PTHR13252	true	false	taxon:6656	20200723	GO_Central
PTHR13271	PTN001409707	NOT	GO:0005634	nucleus	C	PTN000327874	PTHR13271	true	false	taxon:3193	20260529	GO_Central
PTHR13271	PTN008547168	NOT	GO:0005634	nucleus	C	PTN000327874	PTHR13271	true	false	taxon:3193	20260529	GO_Central
PTHR13271	PTN008547185	NOT	GO:0005634	nucleus	C	PTN000327874	PTHR13271	true	false	taxon:35493	20260529	GO_Central
PTHR13275	PTN000157639	NOT	GO:0006338	chromatin remodeling	P	PTN000328224	PTHR13275	true	false	taxon:7227	20250826	GO_Central
PTHR13275	PTN000157639	NOT	GO:0140713	histone chaperone activity	F	PTN000328224	PTHR13275	true	false	taxon:7227	20250826	GO_Central
PTHR13285	PTN002665109	NOT	GO:0016409	palmitoyltransferase activity	F	PTN000998821	PTHR13285	true	false	taxon:117571	20260529	GO_Central
PTHR13285	PTN002665109	NOT	GO:0016746	acyltransferase activity	F	PTN000328645	PTHR13285	true	false	taxon:117571	20260828	GO_Central
PTHR13293	PTN002665250	NOT	GO:0045089	positive regulation of innate immune response	P	PTN000999048	PTHR13293	true	false	taxon:117571	20230110	GO_Central
PTHR13336	PTN002666459	NOT	GO:0005768	endosome	C	PTN001410694	PTHR13336	true	false	taxon:117571	20250903	GO_Central
PTHR13337	PTN000330887	NOT	GO:0006099	tricarboxylic acid cycle	P	PTN001000243	PTHR13337	true	false	taxon:4893	20251219	GO_Central
PTHR13337	PTN000330887	NOT	GO:0006121	mitochondrial electron transport, succinate to ubiquinone	P	PTN001000243	PTHR13337	true	false	taxon:4893	20250903	GO_Central
PTHR13337	PTN000330887	NOT	GO:0020037	heme binding	F	PTN001000243	PTHR13337	true	false	taxon:4893	20170228	GO_Central
PTHR13337	PTN000330887	NOT	GO:0045273	respiratory chain complex II (succinate dehydrogenase)	C	PTN001000243	PTHR13337	true	false	taxon:4893	20241120	GO_Central
PTHR13337	PTN000330887	NOT	GO:0048039	ubiquinone binding	F	PTN001000243	PTHR13337	true	false	taxon:4893	20170228	GO_Central
PTHR13354	PTN002666773	NOT	GO:0005634	nucleus	C	PTN002666767	PTHR13354	true	false	taxon:117571	20260529	GO_Central
PTHR13354	PTN002666773	NOT	GO:0035575	histone H4K20 demethylase activity	F	PTN001000712	PTHR13354	true	false	taxon:117571	20250826	GO_Central
PTHR13355	PTN000331736	NOT	GO:0004343	glucosamine 6-phosphate N-acetyltransferase activity	F	PTN001779876	PTHR13355	true	false	taxon:294381	20260828	GO_Central
PTHR13355	PTN000331737	NOT	GO:0004343	glucosamine 6-phosphate N-acetyltransferase activity	F	PTN001779876	PTHR13355	true	false	taxon:294381	20260828	GO_Central
PTHR13355	PTN000331738	NOT	GO:0004343	glucosamine 6-phosphate N-acetyltransferase activity	F	PTN001779876	PTHR13355	true	false	taxon:294381	20260828	GO_Central
PTHR13355	PTN001133596	NOT	GO:0004343	glucosamine 6-phosphate N-acetyltransferase activity	F	PTN001779876	PTHR13355	true	false	taxon:294381	20260828	GO_Central
PTHR13355	PTN005143040	NOT	GO:0004343	glucosamine 6-phosphate N-acetyltransferase activity	F	PTN001779876	PTHR13355	true	false	taxon:294381	20260828	GO_Central
PTHR13355	PTN008548096	NOT	GO:0004343	glucosamine 6-phosphate N-acetyltransferase activity	F	PTN001779876	PTHR13355	true	false	taxon:1236	20260828	GO_Central
PTHR13367	PTN008548216	NOT	GO:0090263	positive regulation of canonical Wnt signaling pathway	P	PTN000332188	PTHR13367	true	false	taxon:7711	20250702	GO_Central
PTHR13388	PTN009009115	NOT	GO:0035677	posterior lateral line neuromast hair cell development	P	PTN002667493	PTHR13388	true	false	taxon:32523	20250702	GO_Central
PTHR13462	PTN002668518	NOT	GO:0005262	calcium channel activity	F	PTN000335993	PTHR13462	true	false	taxon:117571	20260529	GO_Central
PTHR13462	PTN002668518	NOT	GO:0015292	uniporter activity	F	PTN000335993	PTHR13462	true	false	taxon:117571	20200319	GO_Central
PTHR13479	PTN008549198	NOT	GO:0005763	mitochondrial small ribosomal subunit	C	PTN000336667	PTHR13479	true	false	taxon:33213	20260706	GO_Central
PTHR13509	PTN000337818	NOT	GO:0005784	Sec61 translocon complex	C	PTN000337770	PTHR13509	true	false	taxon:559292	20250412	GO_Central
PTHR13563	PTN000339535	NOT	GO:0002939	tRNA N1-guanine methylation	P	PTN000339531	PTHR13563	true	false	taxon:33213	20240730	GO_Central
PTHR13586	PTN002670351	NOT	GO:0000932	P-body	C	PTN000340056	PTHR13586	true	false	taxon:117571	20260529	GO_Central
PTHR13586	PTN002670351	NOT	GO:0033962	P-body assembly	P	PTN000340056	PTHR13586	true	false	taxon:117571	20200207	GO_Central
PTHR13586	PTN002670351	NOT	GO:0034063	cytoplasmic stress granule assembly	P	PTN000340056	PTHR13586	true	false	taxon:117571	20200207	GO_Central
PTHR13600	PTN000340658	NOT	GO:0018423	protein C-terminal leucine carboxyl O-methyltransferase activity	F	PTN000340583	PTHR13600	true	false	taxon:284812	20260529	GO_Central
PTHR13680	PTN008550313	NOT	GO:0006879	intracellular iron ion homeostasis	P	PTN000342619	PTHR13680	true	false	taxon:7711	20240604	GO_Central
PTHR13680	PTN008550313	NOT	GO:0047801	L-cysteine:2-oxoglutarate transaminase activity	F	PTN000342619	PTHR13680	true	false	taxon:7711	20240604	GO_Central
PTHR13681	PTN002299200	NOT	GO:0000381	regulation of alternative mRNA splicing, via spliceosome	P	PTN001784834	PTHR13681	false	false	taxon:33213	20250826	GO_Central
PTHR13691	PTN002299688	NOT	GO:0005762	mitochondrial large ribosomal subunit	C	PTN008550512	PTHR13691	true	false	taxon:1111708	20260130	GO_Central
PTHR13691	PTN008550512	NOT	GO:0002181	cytoplasmic translation	P	PTN000343556	PTHR13691	true	false	taxon:2759	20251219	GO_Central
PTHR13691	PTN008550512	NOT	GO:0022625	cytosolic large ribosomal subunit	C	PTN000343556	PTHR13691	true	false	taxon:2759	20251031	GO_Central
PTHR13703	PTN001008908	NOT	GO:0030509	BMP signaling pathway	P	PTN000344419	PTHR13703	true	false	taxon:6072	20250412	GO_Central
PTHR13703	PTN001008964	NOT	GO:0000978	RNA polymerase II cis-regulatory region sequence-specific DNA binding	F	PTN000344419	PTHR13703	true	false	taxon:6072	20250903	GO_Central
PTHR13703	PTN001008964	NOT	GO:0000981	DNA-binding transcription factor activity, RNA polymerase II-specific	F	PTN000344419	PTHR13703	true	false	taxon:6072	20241120	GO_Central
PTHR13703	PTN001008964	NOT	GO:0030509	BMP signaling pathway	P	PTN000344419	PTHR13703	true	false	taxon:6072	20250412	GO_Central
PTHR13710	PTN000345060	NOT	GO:0000724	double-strand break repair via homologous recombination	P	PTN000344874	PTHR13710	true	false	taxon:	20211216	GO_Central
PTHR13710	PTN000345060	NOT	GO:0006260	DNA replication	P	PTN000344874	PTHR13710	true	false	taxon:	20260828	GO_Central
PTHR13710	PTN000345060	NOT	GO:0009378	four-way junction helicase activity	F	PTN000344873	PTHR13710	true	false	taxon:	20200812	GO_Central
PTHR13710	PTN007621582	NOT	GO:0000724	double-strand break repair via homologous recombination	P	PTN000344874	PTHR13710	true	false	taxon:451864	20211216	GO_Central
PTHR13710	PTN007621582	NOT	GO:0005737	cytoplasm	C	PTN000344873	PTHR13710	true	false	taxon:451864	20260529	GO_Central
PTHR13710	PTN007621582	NOT	GO:0006260	DNA replication	P	PTN000344874	PTHR13710	true	false	taxon:451864	20260828	GO_Central
PTHR13710	PTN007621582	NOT	GO:0006281	DNA repair	P	PTN000344873	PTHR13710	true	false	taxon:451864	20251219	GO_Central
PTHR13710	PTN007621582	NOT	GO:0006310	DNA recombination	P	PTN000344873	PTHR13710	true	false	taxon:451864	20250903	GO_Central
PTHR13710	PTN007621582	NOT	GO:0009378	four-way junction helicase activity	F	PTN000344873	PTHR13710	true	false	taxon:451864	20200812	GO_Central
PTHR13710	PTN007621582	NOT	GO:0043138	3'-5' DNA helicase activity	F	PTN000344873	PTHR13710	true	false	taxon:451864	20260529	GO_Central
PTHR13718	PTN000346855	NOT	GO:0022627	cytosolic small ribosomal subunit	C	PTN000346706	PTHR13718	true	false	taxon:2759	20260828	GO_Central
PTHR13720	PTN001010620	NOT	GO:0005930	axoneme	C	PTN007621939	PTHR13720	true	false	taxon:3218	20250903	GO_Central
PTHR13723	PTN000348022	NOT	GO:0006508	proteolysis	P	PTN000347317	PTHR13723	true	false	taxon:7227	20260828	GO_Central
PTHR13723	PTN000348022	NOT	GO:0030198	extracellular matrix organization	P	PTN000347317	PTHR13723	true	false	taxon:7227	20260828	GO_Central
PTHR13723	PTN001010834	NOT	GO:0004222	metalloendopeptidase activity	F	PTN000347317	PTHR13723	true	true	taxon:7719	20260828	GO_Central
PTHR13723	PTN001010834	NOT	GO:0006508	proteolysis	P	PTN000347317	PTHR13723	true	false	taxon:7719	20260828	GO_Central
PTHR13723	PTN001010834	NOT	GO:0030198	extracellular matrix organization	P	PTN000347317	PTHR13723	true	false	taxon:7719	20260828	GO_Central
PTHR13723	PTN001010834	NOT	GO:0031012	extracellular matrix	C	PTN000347317	PTHR13723	true	false	taxon:7719	20260529	GO_Central
PTHR13723	PTN001416942	NOT	GO:0004222	metalloendopeptidase activity	F	PTN000347317	PTHR13723	true	true	taxon:7227	20260828	GO_Central
PTHR13723	PTN001416942	NOT	GO:0006508	proteolysis	P	PTN000347317	PTHR13723	true	false	taxon:7227	20260828	GO_Central
PTHR13723	PTN001416942	NOT	GO:0030198	extracellular matrix organization	P	PTN000347317	PTHR13723	true	false	taxon:7227	20260828	GO_Central
PTHR13723	PTN001416942	NOT	GO:0031012	extracellular matrix	C	PTN000347317	PTHR13723	true	false	taxon:7227	20260529	GO_Central
PTHR13723	PTN002492519	NOT	GO:0031012	extracellular matrix	C	PTN000347317	PTHR13723	true	false	taxon:9606	20260529	GO_Central
PTHR13723	PTN002673039	NOT	GO:0006508	proteolysis	P	PTN000347317	PTHR13723	true	false	taxon:117571	20260828	GO_Central
PTHR13723	PTN002673082	NOT	GO:0004222	metalloendopeptidase activity	F	PTN000347317	PTHR13723	true	true	taxon:	20260828	GO_Central
PTHR13723	PTN002673082	NOT	GO:0006508	proteolysis	P	PTN000347317	PTHR13723	true	false	taxon:	20260828	GO_Central
PTHR13723	PTN002673082	NOT	GO:0030198	extracellular matrix organization	P	PTN000347317	PTHR13723	true	false	taxon:	20260828	GO_Central
PTHR13723	PTN002673087	NOT	GO:0004222	metalloendopeptidase activity	F	PTN000347317	PTHR13723	true	true	taxon:117571	20260828	GO_Central
PTHR13723	PTN002673087	NOT	GO:0006508	proteolysis	P	PTN000347317	PTHR13723	true	false	taxon:117571	20260828	GO_Central
PTHR13723	PTN002673087	NOT	GO:0030198	extracellular matrix organization	P	PTN000347317	PTHR13723	true	false	taxon:117571	20260828	GO_Central
PTHR13723	PTN002673087	NOT	GO:0031012	extracellular matrix	C	PTN000347317	PTHR13723	true	false	taxon:117571	20260529	GO_Central
PTHR13723	PTN002673138	NOT	GO:0004222	metalloendopeptidase activity	F	PTN000347317	PTHR13723	true	true	taxon:117571	20260828	GO_Central
PTHR13723	PTN002673138	NOT	GO:0006508	proteolysis	P	PTN000347317	PTHR13723	true	false	taxon:117571	20260828	GO_Central
PTHR13723	PTN002673239	NOT	GO:0004222	metalloendopeptidase activity	F	PTN000347317	PTHR13723	true	true	taxon:33317	20260828	GO_Central
PTHR13723	PTN002673239	NOT	GO:0006508	proteolysis	P	PTN000347317	PTHR13723	true	false	taxon:33317	20260828	GO_Central
PTHR13723	PTN002673239	NOT	GO:0030198	extracellular matrix organization	P	PTN000347317	PTHR13723	true	false	taxon:33317	20260828	GO_Central
PTHR13723	PTN002673239	NOT	GO:0031012	extracellular matrix	C	PTN000347317	PTHR13723	true	false	taxon:33317	20260529	GO_Central
PTHR13723	PTN002673305	NOT	GO:0004222	metalloendopeptidase activity	F	PTN000347317	PTHR13723	true	true	taxon:7070	20260828	GO_Central
PTHR13723	PTN002673305	NOT	GO:0006508	proteolysis	P	PTN000347317	PTHR13723	true	false	taxon:7070	20260828	GO_Central
PTHR13723	PTN002673305	NOT	GO:0030198	extracellular matrix organization	P	PTN000347317	PTHR13723	true	false	taxon:7070	20260828	GO_Central
PTHR13723	PTN002673305	NOT	GO:0031012	extracellular matrix	C	PTN000347317	PTHR13723	true	false	taxon:7070	20260529	GO_Central
PTHR13723	PTN004434531	NOT	GO:0004222	metalloendopeptidase activity	F	PTN000347317	PTHR13723	true	true	taxon:	20260828	GO_Central
PTHR13723	PTN004434531	NOT	GO:0006508	proteolysis	P	PTN000347317	PTHR13723	true	false	taxon:	20260828	GO_Central
PTHR13723	PTN004434531	NOT	GO:0030198	extracellular matrix organization	P	PTN000347317	PTHR13723	true	false	taxon:	20260828	GO_Central
PTHR13723	PTN004434531	NOT	GO:0031012	extracellular matrix	C	PTN000347317	PTHR13723	true	false	taxon:	20260529	GO_Central
PTHR13723	PTN007622043	NOT	GO:0004222	metalloendopeptidase activity	F	PTN000347317	PTHR13723	true	true	taxon:6669	20260828	GO_Central
PTHR13723	PTN007622043	NOT	GO:0006508	proteolysis	P	PTN000347317	PTHR13723	true	false	taxon:6669	20260828	GO_Central
PTHR13723	PTN007622043	NOT	GO:0030198	extracellular matrix organization	P	PTN000347317	PTHR13723	true	false	taxon:6669	20260828	GO_Central
PTHR13723	PTN007622043	NOT	GO:0031012	extracellular matrix	C	PTN000347317	PTHR13723	true	false	taxon:6669	20260529	GO_Central
PTHR13723	PTN007622096	NOT	GO:0004222	metalloendopeptidase activity	F	PTN000347317	PTHR13723	true	true	taxon:5782	20260828	GO_Central
PTHR13723	PTN007622096	NOT	GO:0006508	proteolysis	P	PTN000347317	PTHR13723	true	false	taxon:5782	20260828	GO_Central
PTHR13723	PTN007622096	NOT	GO:0030198	extracellular matrix organization	P	PTN000347317	PTHR13723	true	false	taxon:5782	20260828	GO_Central
PTHR13723	PTN008550992	NOT	GO:0004222	metalloendopeptidase activity	F	PTN000347317	PTHR13723	true	true	taxon:33213	20260828	GO_Central
PTHR13723	PTN008550992	NOT	GO:0006508	proteolysis	P	PTN000347317	PTHR13723	true	false	taxon:33213	20260828	GO_Central
PTHR13723	PTN008550992	NOT	GO:0030198	extracellular matrix organization	P	PTN000347317	PTHR13723	true	false	taxon:33213	20260828	GO_Central
PTHR13723	PTN008550999	NOT	GO:0004222	metalloendopeptidase activity	F	PTN000347317	PTHR13723	true	true	taxon:7668	20260828	GO_Central
PTHR13723	PTN008550999	NOT	GO:0006508	proteolysis	P	PTN000347317	PTHR13723	true	false	taxon:7668	20260828	GO_Central
PTHR13723	PTN008550999	NOT	GO:0030198	extracellular matrix organization	P	PTN000347317	PTHR13723	true	false	taxon:7668	20260828	GO_Central
PTHR13723	PTN008551001	NOT	GO:0004222	metalloendopeptidase activity	F	PTN000347317	PTHR13723	true	true	taxon:33511	20260828	GO_Central
PTHR13723	PTN008551001	NOT	GO:0006508	proteolysis	P	PTN000347317	PTHR13723	true	false	taxon:33511	20260828	GO_Central
PTHR13723	PTN008551001	NOT	GO:0030198	extracellular matrix organization	P	PTN000347317	PTHR13723	true	false	taxon:33511	20260828	GO_Central
PTHR13723	PTN008551025	NOT	GO:0004222	metalloendopeptidase activity	F	PTN000347317	PTHR13723	true	true	taxon:	20260828	GO_Central
PTHR13723	PTN008551025	NOT	GO:0006508	proteolysis	P	PTN000347317	PTHR13723	true	false	taxon:	20260828	GO_Central
PTHR13723	PTN008551025	NOT	GO:0030198	extracellular matrix organization	P	PTN000347317	PTHR13723	true	false	taxon:	20260828	GO_Central
PTHR13723	PTN008551025	NOT	GO:0031012	extracellular matrix	C	PTN000347317	PTHR13723	true	false	taxon:	20260529	GO_Central
PTHR13723	PTN008551027	NOT	GO:0004222	metalloendopeptidase activity	F	PTN000347317	PTHR13723	true	true	taxon:7668	20260828	GO_Central
PTHR13723	PTN008551027	NOT	GO:0006508	proteolysis	P	PTN000347317	PTHR13723	true	false	taxon:7668	20260828	GO_Central
PTHR13723	PTN008551027	NOT	GO:0030198	extracellular matrix organization	P	PTN000347317	PTHR13723	true	false	taxon:7668	20260828	GO_Central
PTHR13723	PTN008551027	NOT	GO:0031012	extracellular matrix	C	PTN000347317	PTHR13723	true	false	taxon:7668	20260529	GO_Central
PTHR13734	PTN000348195	NOT	GO:0052927	CC tRNA cytidylyltransferase activity	F	PTN000749879	PTHR13734	true	false	taxon:284812	20240206	GO_Central
PTHR13734	PTN000348196	NOT	GO:0052929	ATP:3'-cytidine-cytidine-tRNA adenylyltransferase activity	F	PTN000749879	PTHR13734	true	false	taxon:284812	20230110	GO_Central
PTHR13743	PTN008551111	NOT	GO:0050808	synapse organization	P	PTN000348581	PTHR13743	true	false	taxon:117571	20250702	GO_Central
PTHR13767	PTN000349230	NOT	GO:0005634	nucleus	C	PTN000349173	PTHR13767	true	false	taxon:226186	20240307	GO_Central
PTHR13771	PTN002550793	NOT	GO:0048018	receptor ligand activity	F	PTN000349435	PTHR13771	true	false	taxon:32524	20260529	GO_Central
PTHR13800	PTN002674361	NOT	GO:0070588	calcium ion transmembrane transport	P	PTN002492758	PTHR13800	true	false	taxon:117571	20241120	GO_Central
PTHR13800	PTN002674361	NOT	GO:0099604	ligand-gated calcium channel activity	F	PTN002492758	PTHR13800	true	false	taxon:117571	20241120	GO_Central
PTHR13800	PTN002674371	NOT	GO:0070588	calcium ion transmembrane transport	P	PTN002492758	PTHR13800	true	false	taxon:117571	20241120	GO_Central
PTHR13800	PTN002674371	NOT	GO:0099604	ligand-gated calcium channel activity	F	PTN002492758	PTHR13800	true	false	taxon:117571	20241120	GO_Central
PTHR13802	PTN008551513	NOT	GO:0005886	plasma membrane	C	PTN001346488	PTHR13802	true	false	taxon:33511	20250702	GO_Central
PTHR13832	PTN001014118	NOT	GO:0004741	[pyruvate dehydrogenase (acetyl-transferring)]-phosphatase activity	F	PTN009013708	PTHR13832	true	false	taxon:6072	20260529	GO_Central
PTHR13832	PTN001014118	NOT	GO:0005739	mitochondrion	C	PTN009013708	PTHR13832	true	false	taxon:6072	20251201	GO_Central
PTHR13832	PTN009013708	NOT	GO:0007165	signal transduction	P	PTN000352745	PTHR13832	true	false	taxon:2759	20260828	GO_Central
PTHR13866	PTN000355730	NOT	GO:0048752	semicircular canal morphogenesis	P	PTN002676727	PTHR13866	true	false	taxon:32524	20240604	GO_Central
PTHR13902	PTN000357107	NOT	GO:0004674	protein serine/threonine kinase activity	F	PTN000357044	PTHR13902	true	true	taxon:7227	20231109	GO_Central
PTHR13914	PTN008552764	NOT	GO:0004657	proline dehydrogenase activity	F	PTN004447157	PTHR13914	true	false	taxon:33511	20260529	GO_Central
PTHR13914	PTN008552764	NOT	GO:0006562	L-proline catabolic process	P	PTN004447157	PTHR13914	true	false	taxon:33511	20260529	GO_Central
PTHR13924	PTN002677496	NOT	GO:0000922	spindle pole	C	PTN002303366	PTHR13924	true	false	taxon:117571	20260218	GO_Central
PTHR13924	PTN002677496	NOT	GO:0005813	centrosome	C	PTN002303366	PTHR13924	true	false	taxon:117571	20260218	GO_Central
PTHR13924	PTN008552809	NOT	GO:0005813	centrosome	C	PTN002303366	PTHR13924	true	false	taxon:	20260218	GO_Central
PTHR13935	PTN007629341	NOT	GO:0045944	positive regulation of transcription by RNA polymerase II	P	PTN001420656	PTHR13935	true	false	taxon:40674	20240918	GO_Central
PTHR13935	PTN007629345	NOT	GO:0045944	positive regulation of transcription by RNA polymerase II	P	PTN001420656	PTHR13935	true	false	taxon:40674	20240918	GO_Central
PTHR13944	PTN002677811	NOT	GO:0005085	guanyl-nucleotide exchange factor activity	F	PTN002677784	PTHR13944	true	false	taxon:117571	20250516	GO_Central
PTHR13966	PTN008553155	NOT	GO:0006309	apoptotic DNA fragmentation	P	PTN000359600	PTHR13966	true	false	taxon:4895	20260204	GO_Central
PTHR13989	PTN001421446	NOT	GO:0042162	telomeric repeat DNA binding	F	PTN008553235	PTHR13989	true	false	taxon:	20230316	GO_Central
PTHR14021	PTN000361333	NOT	GO:0005739	mitochondrion	C	PTN000361285	PTHR14021	true	false	taxon:33090	20170228	GO_Central
PTHR14030	PTN000361683	NOT	GO:0000776	kinetochore	C	PTN000361607	PTHR14030	true	false	taxon:559292	20260529	GO_Central
PTHR14030	PTN000361683	NOT	GO:0004672	protein kinase activity	F	PTN000361607	PTHR14030	true	false	taxon:559292	20260529	GO_Central
PTHR14030	PTN008553595	NOT	GO:0000776	kinetochore	C	PTN000361607	PTHR14030	true	false	taxon:284812	20260529	GO_Central
PTHR14030	PTN008553595	NOT	GO:0004672	protein kinase activity	F	PTN000361607	PTHR14030	true	false	taxon:284812	20260529	GO_Central
PTHR14030	PTN008553595	NOT	GO:0051754	meiotic sister chromatid cohesion, centromeric	P	PTN000361607	PTHR14030	true	false	taxon:284812	20230118	GO_Central
PTHR14042	PTN002679087	NOT	GO:0005802	trans-Golgi network	C	PTN000361806	PTHR14042	true	false	taxon:117571	20260206	GO_Central
PTHR14089	PTN001164531	NOT	GO:0000974	Prp19 complex	C	PTN000363272	PTHR14089	true	false	taxon:4751	20250903	GO_Central
PTHR14089	PTN001164531	NOT	GO:0017070	U6 snRNA binding	F	PTN000363272	PTHR14089	true	false	taxon:4751	20230110	GO_Central
PTHR14089	PTN001164531	NOT	GO:0036002	pre-mRNA binding	F	PTN000363272	PTHR14089	true	false	taxon:4751	20250903	GO_Central
PTHR14089	PTN001164531	NOT	GO:0071006	U2-type catalytic step 1 spliceosome	C	PTN000363272	PTHR14089	true	false	taxon:4751	20251219	GO_Central
PTHR14089	PTN001164531	NOT	GO:0071007	U2-type catalytic step 2 spliceosome	C	PTN000363272	PTHR14089	true	false	taxon:4751	20181130	GO_Central
PTHR14089	PTN001164546	NOT	GO:0000398	mRNA splicing, via spliceosome	P	PTN001164531	PTHR14089	true	false	taxon:684364	20181130	GO_Central
PTHR14089	PTN001422489	NOT	GO:0000398	mRNA splicing, via spliceosome	P	PTN001164531	PTHR14089	true	false	taxon:4893	20181130	GO_Central
PTHR14089	PTN002448062	NOT	GO:0000398	mRNA splicing, via spliceosome	P	PTN001164531	PTHR14089	true	false	taxon:147538	20181130	GO_Central
PTHR14089	PTN002679609	NOT	GO:0000398	mRNA splicing, via spliceosome	P	PTN001164531	PTHR14089	true	false	taxon:	20181130	GO_Central
PTHR14089	PTN002679611	NOT	GO:0000398	mRNA splicing, via spliceosome	P	PTN001164531	PTHR14089	true	false	taxon:284591	20181130	GO_Central
PTHR14089	PTN002679614	NOT	GO:0000398	mRNA splicing, via spliceosome	P	PTN001164531	PTHR14089	true	false	taxon:284812	20181130	GO_Central
PTHR14089	PTN002679615	NOT	GO:0000398	mRNA splicing, via spliceosome	P	PTN001164531	PTHR14089	true	false	taxon:5204	20181130	GO_Central
PTHR14110	PTN001020094	NOT	GO:0042721	TIM22 mitochondrial import inner membrane insertion complex	C	PTN000364156	PTHR14110	true	false	taxon:3193	20180817	GO_Central
PTHR14110	PTN001020094	NOT	GO:0045039	protein insertion into mitochondrial inner membrane	P	PTN000364156	PTHR14110	true	false	taxon:3193	20180817	GO_Central
PTHR14110	PTN001797256	NOT	GO:0042721	TIM22 mitochondrial import inner membrane insertion complex	C	PTN000364156	PTHR14110	true	false	taxon:33090	20180817	GO_Central
PTHR14110	PTN001797256	NOT	GO:0045039	protein insertion into mitochondrial inner membrane	P	PTN000364156	PTHR14110	true	false	taxon:33090	20180817	GO_Central
PTHR14149	PTN000365632	NOT	GO:0005938	cell cortex	C	PTN000365540	PTHR14149	true	false	taxon:284812	20250903	GO_Central
PTHR14149	PTN000365632	NOT	GO:0110085	mitotic actomyosin contractile ring	C	PTN001020756	PTHR14149	true	false	taxon:284812	20250903	GO_Central
PTHR14149	PTN001020773	NOT	GO:0005096	GTPase activator activity	F	PTN000365540	PTHR14149	true	false	taxon:5782	20240918	GO_Central
PTHR14167	PTN000070286	NOT	GO:0030674	protein-macromolecule adaptor activity	F	PTN009017043	PTHR14167	true	false	taxon:33213	20250821	GO_Central
PTHR14207	PTN000368008	NOT	GO:0000247	C-8 sterol isomerase activity	F	PTN000368006	PTHR14207	true	false	taxon:33154	20180622	GO_Central
PTHR14207	PTN000368008	NOT	GO:0004769	steroid Delta-isomerase activity	F	PTN000368006	PTHR14207	true	false	taxon:33154	20180622	GO_Central
PTHR14207	PTN000368008	NOT	GO:0016126	sterol biosynthetic process	P	PTN000368006	PTHR14207	true	false	taxon:33154	20260828	GO_Central
PTHR14224	PTN000369105	NOT	GO:0031462	Cul2-RING ubiquitin ligase complex	C	PTN000368795	PTHR14224	true	false	taxon:9347	20240604	GO_Central
PTHR14224	PTN000369105	NOT	GO:0043161	proteasome-mediated ubiquitin-dependent protein catabolic process	P	PTN000368795	PTHR14224	true	false	taxon:9347	20240604	GO_Central
PTHR14224	PTN000369105	NOT	GO:1990756	ubiquitin-like ligase-substrate adaptor activity	F	PTN000368795	PTHR14224	true	false	taxon:9347	20240604	GO_Central
PTHR14239	PTN002681965	NOT	GO:0008823	cupric reductase (NADH) activity	F	PTN001800605	PTHR14239	true	false	taxon:117571	20260828	GO_Central
PTHR14239	PTN002681965	NOT	GO:0015677	copper ion import	P	PTN001800605	PTHR14239	true	false	taxon:117571	20260828	GO_Central
PTHR14239	PTN002681965	NOT	GO:0052851	ferric-chelate reductase (NADPH) activity	F	PTN001800605	PTHR14239	true	false	taxon:117571	20260828	GO_Central
PTHR14413	PTN008352763	NOT	GO:0022625	cytosolic large ribosomal subunit	C	PTN000373840	PTHR14413	true	false	taxon:2698737	20260212	GO_Central
PTHR14413	PTN008352764	NOT	GO:0022625	cytosolic large ribosomal subunit	C	PTN000373840	PTHR14413	true	false	taxon:2698737	20260212	GO_Central
PTHR14445	PTN002683625	NOT	GO:0000900	mRNA regulatory element binding translation repressor activity	F	PTN004461388	PTHR14445	true	false	taxon:117571	20250805	GO_Central
PTHR14463	PTN001285102	NOT	GO:0005789	endoplasmic reticulum membrane	C	PTN000374938	PTHR14463	true	false	taxon:2037	20240307	GO_Central
PTHR14695	PTN002685525	NOT	GO:0007112	male meiosis cytokinesis	P	PTN000380100	PTHR14695	true	false	taxon:117571	20190426	GO_Central
PTHR14695	PTN002685525	NOT	GO:0007283	spermatogenesis	P	PTN000380100	PTHR14695	true	false	taxon:117571	20190426	GO_Central
PTHR14787	PTN002495116	NOT	GO:0005739	mitochondrion	C	PTN001428784	PTHR14787	true	false	taxon:9606	20250821	GO_Central
PTHR14787	PTN002495116	NOT	GO:0016887	ATP hydrolysis activity	F	PTN001428784	PTHR14787	true	false	taxon:9606	20250821	GO_Central
PTHR14885	PTN001028725	NOT	GO:0005930	axoneme	C	PTN008557012	PTHR14885	true	false	taxon:684364	20250702	GO_Central
PTHR14885	PTN001028725	NOT	GO:0007288	sperm axoneme assembly	P	PTN008557012	PTHR14885	true	false	taxon:684364	20250702	GO_Central
PTHR14950	PTN000383764	NOT	GO:0031054	pre-miRNA processing	P	PTN001029377	PTHR14950	true	false	taxon:7147	20240919	GO_Central
PTHR14952	PTN008557349	NOT	GO:0030317	flagellated sperm motility	P	PTN001284697	PTHR14952	true	false	taxon:33213	20250702	GO_Central
PTHR14952	PTN008557349	NOT	GO:0048240	sperm capacitation	P	PTN001284697	PTHR14952	true	false	taxon:33213	20250702	GO_Central
PTHR14969	PTN002687206	NOT	GO:0046839	phospholipid dephosphorylation	P	PTN000384407	PTHR14969	true	false	taxon:117571	20250903	GO_Central
PTHR15107	PTN008558008	NOT	GO:0003684	damaged DNA binding	F	PTN000387514	PTHR15107	true	false	taxon:32523	20171222	GO_Central
PTHR15107	PTN008558008	NOT	GO:0010792	DNA double-strand break processing involved in repair via single-strand annealing	P	PTN000387514	PTHR15107	true	false	taxon:32523	20171222	GO_Central
PTHR15108	PTN001431668	NOT	GO:0050121	N-acylglucosamine 2-epimerase activity	F	PTN000387569	PTHR15108	true	false	taxon:1224	20250412	GO_Central
PTHR15160	PTN000389250	NOT	GO:0005634	nucleus	C	PTN000389240	PTHR15160	true	false	taxon:	20260529	GO_Central
PTHR15160	PTN000389250	NOT	GO:0030891	VCB complex	C	PTN000389240	PTHR15160	true	false	taxon:	20200808	GO_Central
PTHR15184	PTN002309672	NOT	GO:0042776	proton motive force-driven mitochondrial ATP synthesis	P	PTN000390017	PTHR15184	true	false	taxon:1111708	20240307	GO_Central
PTHR15186	PTN002689506	NOT	GO:0000423	mitophagy	P	PTN001032684	PTHR15186	true	false	taxon:117571	20251128	GO_Central
PTHR15282	PTN002691489	NOT|contributes_to	GO:0005251	delayed rectifier potassium channel activity	F	PTN001445835	PTHR15282	true	false	taxon:9347	20241120	GO_Central
PTHR15282	PTN002691489	NOT|contributes_to	GO:1902282	voltage-gated potassium channel activity involved in ventricular cardiac muscle cell action potential repolarization	F	PTN001445835	PTHR15282	true	false	taxon:9347	20180817	GO_Central
PTHR15283	PTN008558995	NOT	GO:0036122	BMP binding	F	PTN002309998	PTHR15283	true	false	taxon:33213	20260529	GO_Central
PTHR15298	PTN000392941	NOT	GO:0005739	mitochondrion	C	PTN000392939	PTHR15298	true	false	taxon:32525	20231109	GO_Central
PTHR15337	PTN009024331	NOT	GO:0005783	endoplasmic reticulum	C	PTN001034224	PTHR15337	true	false	taxon:8355	20260218	GO_Central
PTHR15351	PTN002692340	NOT	GO:0036503	ERAD pathway	P	PTN000794169	PTHR15351	true	false	taxon:33317	20260218	GO_Central
PTHR15371	PTN001434411	NOT	GO:0005744	TIM23 mitochondrial import inner membrane translocase complex	C	PTN000394914	PTHR15371	true	false	taxon:3193	20170228	GO_Central
PTHR15371	PTN001434411	NOT	GO:0008320	transmembrane protein transporter activity	F	PTN000394914	PTHR15371	true	false	taxon:3193	20260828	GO_Central
PTHR15371	PTN001434411	NOT	GO:0030150	protein import into mitochondrial matrix	P	PTN000394914	PTHR15371	true	false	taxon:3193	20200808	GO_Central
PTHR15371	PTN002495910	NOT	GO:0005744	TIM23 mitochondrial import inner membrane translocase complex	C	PTN000394914	PTHR15371	true	false	taxon:3193	20180817	GO_Central
PTHR15371	PTN002495910	NOT	GO:0008320	transmembrane protein transporter activity	F	PTN000394914	PTHR15371	true	false	taxon:3193	20260828	GO_Central
PTHR15371	PTN002495910	NOT	GO:0030150	protein import into mitochondrial matrix	P	PTN000394914	PTHR15371	true	false	taxon:3193	20200808	GO_Central
PTHR15375	PTN000395053	NOT	GO:0010571	positive regulation of nuclear cell cycle DNA replication	P	PTN002310337	PTHR15375	true	false	taxon:284812	20190319	GO_Central
PTHR15375	PTN000395053	NOT	GO:0031431	Dbf4-dependent protein kinase complex	C	PTN002310337	PTHR15375	true	false	taxon:284812	20251219	GO_Central
PTHR15375	PTN000395053	NOT	GO:1901987	regulation of cell cycle phase transition	P	PTN002310337	PTHR15375	true	false	taxon:284812	20220923	GO_Central
PTHR15405	PTN000794600	NOT	GO:0000184	nuclear-transcribed mRNA catabolic process, nonsense-mediated decay	P	PTN002692755	PTHR15405	true	false	taxon:32524	20250620	GO_Central
PTHR15439	PTN002494485	NOT	GO:0006275	regulation of DNA replication	P	PTN008559678	PTHR15439	true	false	taxon:9606	20250620	GO_Central
PTHR15439	PTN002494485	NOT	GO:0006511	ubiquitin-dependent protein catabolic process	P	PTN000396499	PTHR15439	true	false	taxon:9606	20250620	GO_Central
PTHR15439	PTN002494485	NOT	GO:0061630	ubiquitin protein ligase activity	F	PTN000396499	PTHR15439	true	false	taxon:9606	20250620	GO_Central
PTHR15454	PTN007648726	NOT	GO:0036158	outer dynein arm assembly	P	PTN000833961	PTHR15454	true	false	taxon:32524	20250620	GO_Central
PTHR15454	PTN007648726	NOT	GO:0043014	alpha-tubulin binding	F	PTN000833961	PTHR15454	true	false	taxon:32524	20250620	GO_Central
PTHR15454	PTN007648726	NOT	GO:0045504	dynein heavy chain binding	F	PTN000833961	PTHR15454	true	false	taxon:32524	20250620	GO_Central
PTHR15491	PTN002693860	NOT	GO:0005634	nucleus	C	PTN000398108	PTHR15491	true	false	taxon:33392	20190719	GO_Central
PTHR15493	PTN002693890	NOT	GO:0000082	G1/S transition of mitotic cell cycle	P	PTN001036144	PTHR15493	true	false	taxon:117571	20260218	GO_Central
PTHR15498	PTN000398386	NOT	GO:0006357	regulation of transcription by RNA polymerase II	P	PTN002693970	PTHR15498	true	false	taxon:40674	20260218	GO_Central
PTHR15498	PTN000398386	NOT	GO:0016592	mediator complex	C	PTN002693970	PTHR15498	true	false	taxon:40674	20260218	GO_Central
PTHR15592	PTN002694893	NOT	GO:0003729	mRNA binding	F	PTN002538397	PTHR15592	true	false	taxon:117571	20250903	GO_Central
PTHR15592	PTN002694893	NOT	GO:0043484	regulation of RNA splicing	P	PTN002538397	PTHR15592	true	false	taxon:117571	20250412	GO_Central
PTHR15680	PTN000402835	NOT	GO:0005762	mitochondrial large ribosomal subunit	C	PTN000402784	PTHR15680	true	false	taxon:33090	20170228	GO_Central
PTHR15696	PTN008560932	NOT	GO:0000184	nuclear-transcribed mRNA catabolic process, nonsense-mediated decay	P	PTN000403280	PTHR15696	true	false	taxon:451864	20260828	GO_Central
PTHR15696	PTN008560932	NOT	GO:0005697	telomerase holoenzyme complex	C	PTN000403280	PTHR15696	true	false	taxon:451864	20201023	GO_Central
PTHR15696	PTN008560932	NOT	GO:0042162	telomeric repeat DNA binding	F	PTN000403280	PTHR15696	true	false	taxon:451864	20201023	GO_Central
PTHR15696	PTN008560932	NOT	GO:0070034	telomerase RNA binding	F	PTN000403280	PTHR15696	true	false	taxon:451864	20201023	GO_Central
PTHR15708	PTN002696135	NOT	GO:0030031	cell projection assembly	P	PTN004481656	PTHR15708	true	false	taxon:117571	20250903	GO_Central
PTHR15708	PTN002696135	NOT	GO:0061024	membrane organization	P	PTN004481656	PTHR15708	true	false	taxon:117571	20250903	GO_Central
PTHR15715	PTN002696343	NOT	GO:0035331	negative regulation of hippo signaling	P	PTN001059249	PTHR15715	true	false	taxon:117571	20240730	GO_Central
PTHR15715	PTN002696343	NOT	GO:0090443	FAR/SIP/STRIPAK complex	C	PTN001059249	PTHR15715	true	false	taxon:117571	20260803	GO_Central
PTHR15715	PTN008561320	NOT	GO:0035331	negative regulation of hippo signaling	P	PTN001059249	PTHR15715	true	false	taxon:117571	20240730	GO_Central
PTHR15715	PTN008561320	NOT	GO:0090443	FAR/SIP/STRIPAK complex	C	PTN001059249	PTHR15715	true	false	taxon:117571	20260803	GO_Central
PTHR15730	PTN000404861	NOT	GO:0090314	positive regulation of protein targeting to membrane	P	PTN002696670	PTHR15730	true	false	taxon:9347	20260127	GO_Central
PTHR15893	PTN000407694	NOT	GO:0005762	mitochondrial large ribosomal subunit	C	PTN000407639	PTHR15893	true	false	taxon:33090	20170228	GO_Central
PTHR15919	PTN002698120	NOT	GO:0090090	negative regulation of canonical Wnt signaling pathway	P	PTN000408463	PTHR15919	true	false	taxon:117571	20200320	GO_Central
PTHR16029	PTN001440780	NOT	GO:0005814	centriole	C	PTN001815654	PTHR16029	true	false	taxon:684364	20240307	GO_Central
PTHR16029	PTN001440780	NOT	GO:0007098	centrosome cycle	P	PTN001815654	PTHR16029	true	false	taxon:684364	20240307	GO_Central
PTHR16029	PTN001440780	NOT	GO:0071539	protein localization to centrosome	P	PTN001815654	PTHR16029	true	false	taxon:684364	20240307	GO_Central
PTHR16230	PTN008358567	NOT	GO:0008057	eye pigment granule organization	P	PTN000416965	PTHR16230	true	false	taxon:32523	20260219	GO_Central
PTHR16230	PTN008358567	NOT	GO:0031083	BLOC-1 complex	C	PTN001443055	PTHR16230	true	false	taxon:32523	20260219	GO_Central
PTHR16230	PTN008358567	NOT	GO:0032438	melanosome organization	P	PTN000416965	PTHR16230	true	false	taxon:32523	20260219	GO_Central
PTHR16301	PTN000418709	NOT	GO:0005737	cytoplasm	C	PTN000418654	PTHR16301	true	false	taxon:284812	20250903	GO_Central
PTHR16301	PTN000418709	NOT	GO:0006446	regulation of translational initiation	P	PTN000418654	PTHR16301	true	false	taxon:284812	20240206	GO_Central
PTHR16515	PTN002543747	NOT	GO:0010844	recombination hotspot binding	F	PTN000421245	PTHR16515	true	false	taxon:9606	20200930	GO_Central
PTHR16515	PTN002543747	NOT	GO:0010845	positive regulation of reciprocal meiotic recombination	P	PTN000421245	PTHR16515	true	false	taxon:9606	20200930	GO_Central
PTHR16515	PTN002543747	NOT	GO:0042800	histone H3K4 methyltransferase activity	F	PTN000421245	PTHR16515	true	false	taxon:9606	20260529	GO_Central
PTHR16515	PTN002543747	NOT	GO:0046975	histone H3K36 methyltransferase activity	F	PTN000421245	PTHR16515	true	false	taxon:9606	20260529	GO_Central
PTHR16517	PTN000421321	NOT	GO:0005929	cilium	C	PTN001047066	PTHR16517	true	false	taxon:33213	20260529	GO_Central
PTHR16517	PTN000421321	NOT	GO:0061512	protein localization to cilium	P	PTN001047066	PTHR16517	true	false	taxon:33213	20260529	GO_Central
PTHR16557	PTN001047280	NOT	GO:0008198	ferrous iron binding	F	PTN000421874	PTHR16557	true	false	taxon:4751	20201029	GO_Central
PTHR16557	PTN001047280	NOT	GO:0035513	oxidative RNA demethylation	P	PTN000421874	PTHR16557	true	false	taxon:4751	20240730	GO_Central
PTHR16557	PTN001047280	NOT	GO:0035515	oxidative RNA demethylase activity	F	PTN000421874	PTHR16557	true	false	taxon:4751	20201029	GO_Central
PTHR16557	PTN001047280	NOT	GO:0035516	broad specificity oxidative DNA demethylase activity	F	PTN000421874	PTHR16557	true	false	taxon:4751	20240206	GO_Central
PTHR16675	PTN000422361	NOT	GO:0006955	immune response	P	PTN002703355	PTHR16675	true	false	taxon:9347	20260529	GO_Central
PTHR16943	PTN000424252	NOT	GO:0019541	propionate metabolic process	P	PTN008565288	PTHR16943	true	false	taxon:	20260529	GO_Central
PTHR18640	PTN001050178	NOT	GO:0005886	plasma membrane	C	PTN000428041	PTHR18640	true	false	taxon:2759	20230111	GO_Central
PTHR18861	PTN004499353	NOT	GO:0048790	maintenance of presynaptic active zone structure	P	PTN000429274	PTHR18861	true	false	taxon:6237	20241120	GO_Central
PTHR18861	PTN004499353	NOT	GO:0098831	presynaptic active zone cytoplasmic component	C	PTN000429274	PTHR18861	true	false	taxon:6237	20250903	GO_Central
PTHR18861	PTN004499353	NOT	GO:0098882	structural constituent of presynaptic active zone	F	PTN000429274	PTHR18861	true	false	taxon:6237	20250903	GO_Central
PTHR18914	PTN000431752	NOT	GO:0016342	catenin complex	C	PTN001052343	PTHR18914	true	false	taxon:32524	20210127	GO_Central
PTHR18916	PTN001448456	NOT	GO:0000132	establishment of mitotic spindle orientation	P	PTN001052565	PTHR18916	true	false	taxon:284812	20201028	GO_Central
PTHR18919	PTN000432237	NOT	GO:0016125	sterol metabolic process	P	PTN000432235	PTHR18919	true	false	taxon:33154	20240516	GO_Central
PTHR18919	PTN001052717	NOT	GO:0005739	mitochondrion	C	PTN000432235	PTHR18919	true	false	taxon:4751	20260828	GO_Central
PTHR18919	PTN002498141	NOT	GO:0005739	mitochondrion	C	PTN000432235	PTHR18919	true	false	taxon:33090	20260828	GO_Central
PTHR18929	PTN000750846	NOT	GO:0034976	response to endoplasmic reticulum stress	P	PTN000432607	PTHR18929	true	false	taxon:32524	20260529	GO_Central
PTHR18929	PTN002706902	NOT	GO:0003756	protein disulfide isomerase activity	F	PTN000432607	PTHR18929	true	true	taxon:117571	20260828	GO_Central
PTHR18929	PTN008566470	NOT	GO:0034976	response to endoplasmic reticulum stress	P	PTN000432607	PTHR18929	true	false	taxon:8364	20260529	GO_Central
PTHR18934	PTN000433935	NOT	GO:0004386	helicase activity	F	PTN008360424	PTHR18934	true	false	taxon:7227	20251219	GO_Central
PTHR18945	PTN002707806	NOT	GO:0022850	serotonin-gated monoatomic cation channel activity	F	PTN004502671	PTHR18945	true	false	taxon:117571	20251107	GO_Central
PTHR18945	PTN002707819	NOT	GO:0007271	synaptic transmission, cholinergic	P	PTN001054960	PTHR18945	true	false	taxon:117571	20251219	GO_Central
PTHR18945	PTN002707819	NOT	GO:0042391	regulation of membrane potential	P	PTN000434994	PTHR18945	true	false	taxon:117571	20260828	GO_Central
PTHR18945	PTN002707828	NOT	GO:0007271	synaptic transmission, cholinergic	P	PTN001054960	PTHR18945	true	false	taxon:117571	20251219	GO_Central
PTHR18945	PTN002707828	NOT	GO:0042391	regulation of membrane potential	P	PTN000434994	PTHR18945	true	false	taxon:117571	20260828	GO_Central
PTHR18945	PTN002707854	NOT	GO:0007271	synaptic transmission, cholinergic	P	PTN001054960	PTHR18945	true	false	taxon:117571	20251219	GO_Central
PTHR18945	PTN002707854	NOT	GO:0042391	regulation of membrane potential	P	PTN000434994	PTHR18945	true	false	taxon:117571	20260828	GO_Central
PTHR18945	PTN002707863	NOT	GO:0007271	synaptic transmission, cholinergic	P	PTN001054960	PTHR18945	true	false	taxon:117571	20251219	GO_Central
PTHR18945	PTN002707863	NOT	GO:0042391	regulation of membrane potential	P	PTN000434994	PTHR18945	true	false	taxon:117571	20260828	GO_Central
PTHR18945	PTN002707890	NOT	GO:0022850	serotonin-gated monoatomic cation channel activity	F	PTN004502671	PTHR18945	true	false	taxon:117571	20251107	GO_Central
PTHR18945	PTN008566881	NOT	GO:0006816	calcium ion transport	P	PTN000434994	PTHR18945	true	false	taxon:117571	20260828	GO_Central
PTHR18945	PTN008566881	NOT	GO:0007271	synaptic transmission, cholinergic	P	PTN001054960	PTHR18945	true	false	taxon:117571	20251219	GO_Central
PTHR18945	PTN008566881	NOT	GO:0022850	serotonin-gated monoatomic cation channel activity	F	PTN004502671	PTHR18945	true	false	taxon:117571	20251107	GO_Central
PTHR18945	PTN008566881	NOT	GO:0042391	regulation of membrane potential	P	PTN000434994	PTHR18945	true	false	taxon:117571	20260828	GO_Central
PTHR18952	PTN002708240	NOT	GO:0005886	plasma membrane	C	PTN001055642	PTHR18952	true	false	taxon:117571	20260828	GO_Central
PTHR18964	PTN001826194	NOT	GO:0045127	N-acetylglucosamine kinase activity	F	PTN001826186	PTHR18964	true	false	taxon:632	20190307	GO_Central
PTHR18966	PTN001056293	NOT	GO:0098839	postsynaptic density membrane	C	PTN001826301	PTHR18966	true	false	taxon:45351	20260529	GO_Central
PTHR18966	PTN001056711	NOT	GO:0098839	postsynaptic density membrane	C	PTN001826301	PTHR18966	true	false	taxon:45351	20260529	GO_Central
PTHR18966	PTN001826347	NOT	GO:0008066	glutamate receptor activity	F	PTN001826301	PTHR18966	true	false	taxon:6656	20260828	GO_Central
PTHR18966	PTN001826347	NOT	GO:0035249	synaptic transmission, glutamatergic	P	PTN001826301	PTHR18966	true	false	taxon:6656	20241120	GO_Central
PTHR18966	PTN001826347	NOT	GO:0050804	modulation of chemical synaptic transmission	P	PTN001826301	PTHR18966	true	false	taxon:6656	20260529	GO_Central
PTHR18966	PTN001826347	NOT	GO:0098839	postsynaptic density membrane	C	PTN001826301	PTHR18966	true	false	taxon:6656	20260529	GO_Central
PTHR18966	PTN001826347	NOT	GO:1904315	transmitter-gated monoatomic ion channel activity involved in regulation of postsynaptic membrane potential	F	PTN001826301	PTHR18966	true	false	taxon:6656	20241120	GO_Central
PTHR18966	PTN002708861	NOT	GO:0098839	postsynaptic density membrane	C	PTN001826301	PTHR18966	true	false	taxon:1206794	20260529	GO_Central
PTHR18966	PTN008567376	NOT	GO:0008066	glutamate receptor activity	F	PTN001826301	PTHR18966	true	false	taxon:	20260828	GO_Central
PTHR18966	PTN008567376	NOT	GO:0015276	ligand-gated monoatomic ion channel activity	F	PTN000437926	PTHR18966	true	false	taxon:	20260828	GO_Central
PTHR18966	PTN008567376	NOT	GO:0035249	synaptic transmission, glutamatergic	P	PTN001826301	PTHR18966	true	false	taxon:	20241120	GO_Central
PTHR18966	PTN008567376	NOT	GO:0038023	signaling receptor activity	F	PTN000437926	PTHR18966	true	false	taxon:	20260828	GO_Central
PTHR18966	PTN008567376	NOT	GO:0050804	modulation of chemical synaptic transmission	P	PTN001826301	PTHR18966	true	false	taxon:	20260529	GO_Central
PTHR18966	PTN008567376	NOT	GO:0098839	postsynaptic density membrane	C	PTN001826301	PTHR18966	true	false	taxon:	20260529	GO_Central
PTHR18966	PTN008567376	NOT	GO:1904315	transmitter-gated monoatomic ion channel activity involved in regulation of postsynaptic membrane potential	F	PTN001826301	PTHR18966	true	false	taxon:	20241120	GO_Central
PTHR18968	PTN000438783	NOT	GO:0003984	acetolactate synthase activity	F	PTN000438682	PTHR18968	true	false	taxon:2	20200220	GO_Central
PTHR18968	PTN000438822	NOT	GO:0009099	L-valine biosynthetic process	P	PTN000438758	PTHR18968	true	false	taxon:	20260210	GO_Central
PTHR18976	PTN008567501	NOT	GO:0034362	low-density lipoprotein particle	C	PTN004504672	PTHR18976	true	false	taxon:32523	20240919	GO_Central
PTHR19134	PTN000440454	NOT	GO:0004725	protein tyrosine phosphatase activity	F	PTN008567661	PTHR19134	true	false	taxon:7147	20260828	GO_Central
PTHR19134	PTN001452040	NOT	GO:0004725	protein tyrosine phosphatase activity	F	PTN008567661	PTHR19134	true	false	taxon:	20260828	GO_Central
PTHR19139	PTN001452348	NOT	GO:0005886	plasma membrane	C	PTN002709492	PTHR19139	true	false	taxon:32524	20260828	GO_Central
PTHR19139	PTN001452348	NOT	GO:0006833	water transport	P	PTN007668488	PTHR19139	true	false	taxon:32524	20250903	GO_Central
PTHR19139	PTN001452348	NOT	GO:0015250	water channel activity	F	PTN007668488	PTHR19139	true	true	taxon:32524	20250903	GO_Central
PTHR19139	PTN001452348	NOT	GO:0015670	carbon dioxide transport	P	PTN008567822	PTHR19139	true	false	taxon:32524	20240924	GO_Central
PTHR19139	PTN001452348	NOT	GO:0016324	apical plasma membrane	C	PTN000440694	PTHR19139	true	false	taxon:32524	20240924	GO_Central
PTHR19139	PTN009035945	NOT	GO:0006833	water transport	P	PTN007668488	PTHR19139	true	false	taxon:	20250903	GO_Central
PTHR19139	PTN009035945	NOT	GO:0015250	water channel activity	F	PTN007668488	PTHR19139	true	true	taxon:	20250903	GO_Central
PTHR19271	PTN000444196	NOT|contributes_to	GO:0008121	quinol-cytochrome-c reductase activity	F	PTN000444161	PTHR19271	true	false	taxon:559292	20191118	GO_Central
PTHR19271	PTN000444196	NOT	GO:0016020	membrane	C	PTN000444160	PTHR19271	true	false	taxon:559292	20260529	GO_Central
PTHR19271	PTN000444196	NOT	GO:0045275	respiratory chain complex III	C	PTN000444161	PTHR19271	true	false	taxon:559292	20251219	GO_Central
PTHR19271	PTN000444197	NOT|contributes_to	GO:0008121	quinol-cytochrome-c reductase activity	F	PTN000444161	PTHR19271	true	false	taxon:559292	20191118	GO_Central
PTHR19271	PTN000444197	NOT	GO:0016020	membrane	C	PTN000444160	PTHR19271	true	false	taxon:559292	20260529	GO_Central
PTHR19271	PTN000444197	NOT	GO:0045275	respiratory chain complex III	C	PTN000444161	PTHR19271	true	false	taxon:559292	20251219	GO_Central
PTHR19271	PTN000444198	NOT|contributes_to	GO:0008121	quinol-cytochrome-c reductase activity	F	PTN000444161	PTHR19271	true	false	taxon:559292	20191118	GO_Central
PTHR19271	PTN000444198	NOT	GO:0016020	membrane	C	PTN000444160	PTHR19271	true	false	taxon:559292	20260529	GO_Central
PTHR19271	PTN000444198	NOT	GO:0045275	respiratory chain complex III	C	PTN000444161	PTHR19271	true	false	taxon:559292	20251219	GO_Central
PTHR19271	PTN002319017	NOT	GO:0006122	mitochondrial electron transport, ubiquinol to cytochrome c	P	PTN000444161	PTHR19271	true	false	taxon:224911	20240307	GO_Central
PTHR19271	PTN002319017	NOT	GO:0045275	respiratory chain complex III	C	PTN000444161	PTHR19271	true	false	taxon:224911	20251219	GO_Central
PTHR19290	PTN008568918	NOT	GO:0007423	sensory organ development	P	PTN000446010	PTHR19290	true	false	taxon:6072	20250903	GO_Central
PTHR19290	PTN008568918	NOT	GO:0061564	axon development	P	PTN000446010	PTHR19290	true	false	taxon:6072	20221208	GO_Central
PTHR19300	PTN002712064	NOT	GO:0008378	galactosyltransferase activity	F	PTN001061236	PTHR19300	true	false	taxon:33317	20260529	GO_Central
PTHR19302	PTN000447252	NOT	GO:0007020	microtubule nucleation	P	PTN000447085	PTHR19302	true	false	taxon:284812	20250903	GO_Central
PTHR19302	PTN001454737	NOT	GO:0007020	microtubule nucleation	P	PTN000447085	PTHR19302	true	false	taxon:284812	20250903	GO_Central
PTHR19317	PTN008569388	NOT	GO:0005783	endoplasmic reticulum	C	PTN000448544	PTHR19317	true	false	taxon:100226	20240307	GO_Central
PTHR19317	PTN008569388	NOT	GO:0005794	Golgi apparatus	C	PTN000448501	PTHR19317	true	false	taxon:100226	20260529	GO_Central
PTHR19317	PTN008569388	NOT	GO:0016192	vesicle-mediated transport	P	PTN000448544	PTHR19317	true	false	taxon:100226	20240307	GO_Central
PTHR19321	PTN004511774	NOT	GO:0005819	spindle	C	PTN000448589	PTHR19321	true	false	taxon:284812	20230603	GO_Central
PTHR19321	PTN004511774	NOT	GO:0051256	mitotic spindle midzone assembly	P	PTN000448590	PTHR19321	true	false	taxon:284812	20250412	GO_Central
PTHR19331	PTN000450238	NOT	GO:0005886	plasma membrane	C	PTN008363696	PTHR19331	true	false	taxon:9347	20260529	GO_Central
PTHR19370	PTN001064672	NOT	GO:0005739	mitochondrion	C	PTN000452207	PTHR19370	true	false	taxon:2952368	20250903	GO_Central
PTHR19375	PTN001065099	NOT	GO:0042026	protein refolding	P	PTN000452648	PTHR19375	true	false	taxon:4751	20260616	GO_Central
PTHR19375	PTN002321904	NOT	GO:0005739	mitochondrion	C	PTN000452554	PTHR19375	true	false	taxon:224911	20260529	GO_Central
PTHR19384	PTN001066032	NOT	GO:0003958	NADPH-hemoprotein reductase activity	F	PTN000453765	PTHR19384	true	false	taxon:6072	20260529	GO_Central
PTHR19423	PTN008570866	NOT	GO:0004860	protein kinase inhibitor activity	F	PTN001066235	PTHR19423	true	false	taxon:33213	20260224	GO_Central
PTHR19443	PTN000455503	NOT	GO:0001678	intracellular glucose homeostasis	P	PTN000455350	PTHR19443	true	true	taxon:7227	20250407	GO_Central
PTHR19443	PTN000455503	NOT	GO:0006006	glucose metabolic process	P	PTN004516717	PTHR19443	true	true	taxon:7227	20250412	GO_Central
PTHR19443	PTN000455503	NOT	GO:0006096	glycolytic process	P	PTN000455350	PTHR19443	true	true	taxon:7227	20250903	GO_Central
PTHR19443	PTN000455503	NOT	GO:0008865	fructokinase activity	F	PTN004516717	PTHR19443	true	true	taxon:7227	20260529	GO_Central
PTHR19443	PTN000455503	NOT	GO:0051156	glucose 6-phosphate metabolic process	P	PTN000455350	PTHR19443	true	true	taxon:7227	20250407	GO_Central
PTHR19443	PTN000455552	NOT	GO:0001678	intracellular glucose homeostasis	P	PTN000455350	PTHR19443	true	true	taxon:3398	20220314	GO_Central
PTHR19443	PTN000455552	NOT	GO:0004340	glucokinase activity	F	PTN004516717	PTHR19443	true	true	taxon:3398	20260529	GO_Central
PTHR19443	PTN000455552	NOT	GO:0006006	glucose metabolic process	P	PTN004516717	PTHR19443	true	true	taxon:3398	20250412	GO_Central
PTHR19443	PTN000455552	NOT	GO:0006096	glycolytic process	P	PTN000455350	PTHR19443	true	true	taxon:3398	20250903	GO_Central
PTHR19443	PTN000455552	NOT	GO:0008865	fructokinase activity	F	PTN004516717	PTHR19443	true	true	taxon:3398	20260529	GO_Central
PTHR19443	PTN000455552	NOT	GO:0051156	glucose 6-phosphate metabolic process	P	PTN000455350	PTHR19443	true	true	taxon:3398	20240731	GO_Central
PTHR19443	PTN007675417	NOT	GO:0001678	intracellular glucose homeostasis	P	PTN000455350	PTHR19443	true	true	taxon:71240	20220314	GO_Central
PTHR19443	PTN007675417	NOT	GO:0004340	glucokinase activity	F	PTN004516717	PTHR19443	true	true	taxon:71240	20260529	GO_Central
PTHR19443	PTN007675417	NOT	GO:0006006	glucose metabolic process	P	PTN004516717	PTHR19443	true	true	taxon:71240	20250412	GO_Central
PTHR19443	PTN007675417	NOT	GO:0006096	glycolytic process	P	PTN000455350	PTHR19443	true	true	taxon:71240	20250903	GO_Central
PTHR19443	PTN007675417	NOT	GO:0008865	fructokinase activity	F	PTN004516717	PTHR19443	true	true	taxon:71240	20260529	GO_Central
PTHR19443	PTN007675417	NOT	GO:0051156	glucose 6-phosphate metabolic process	P	PTN000455350	PTHR19443	true	true	taxon:71240	20240731	GO_Central
PTHR19818	PTN008571396	NOT	GO:0000978	RNA polymerase II cis-regulatory region sequence-specific DNA binding	F	PTN001803442	PTHR19818	true	false	taxon:451864	20230221	GO_Central
PTHR19818	PTN008571396	NOT	GO:0000981	DNA-binding transcription factor activity, RNA polymerase II-specific	F	PTN001803442	PTHR19818	true	false	taxon:451864	20251219	GO_Central
PTHR19818	PTN008571396	NOT	GO:0006357	regulation of transcription by RNA polymerase II	P	PTN001803442	PTHR19818	true	false	taxon:451864	20260828	GO_Central
PTHR19842	PTN000457125	NOT	GO:0031931	TORC1 complex	C	PTN000457085	PTHR19842	true	false	taxon:7227	20211129	GO_Central
PTHR19848	PTN008571510	NOT	GO:0005730	nucleolus	C	PTN000457354	PTHR19848	true	false	taxon:33511	20240528	GO_Central
PTHR19848	PTN008571510	NOT	GO:0008593	regulation of Notch signaling pathway	P	PTN001068308	PTHR19848	true	false	taxon:33511	20240528	GO_Central
PTHR19849	PTN008571532	NOT	GO:0016236	macroautophagy	P	PTN000457424	PTHR19849	true	false	taxon:33213	20260224	GO_Central
PTHR19849	PTN008571532	NOT	GO:0140036	ubiquitin-modified protein reader activity	F	PTN000457424	PTHR19849	true	false	taxon:33213	20260224	GO_Central
PTHR19854	PTN000520493	NOT	GO:0000472	endonucleolytic cleavage to generate mature 5'-end of SSU-rRNA from (SSU-rRNA, 5.8S rRNA, LSU-rRNA)	P	PTN000457905	PTHR19854	true	false	taxon:284812	20230303	GO_Central
PTHR19854	PTN000520493	NOT	GO:0000480	endonucleolytic cleavage in 5'-ETS of tricistronic rRNA transcript (SSU-rRNA, 5.8S rRNA, LSU-rRNA)	P	PTN000457905	PTHR19854	true	false	taxon:284812	20230303	GO_Central
PTHR19854	PTN000520493	NOT	GO:0005730	nucleolus	C	PTN000457905	PTHR19854	true	false	taxon:284812	20251219	GO_Central
PTHR19854	PTN000520493	NOT	GO:0030686	90S preribosome	C	PTN000457905	PTHR19854	true	false	taxon:284812	20230303	GO_Central
PTHR19854	PTN000520493	NOT	GO:0034511	U3 snoRNA binding	F	PTN000457905	PTHR19854	true	false	taxon:284812	20230303	GO_Central
PTHR19855	PTN002738179	NOT	GO:0030687	preribosome, large subunit precursor	C	PTN000458086	PTHR19855	true	false	taxon:559292	20250220	GO_Central
PTHR19855	PTN002738179	NOT	GO:0042273	ribosomal large subunit biogenesis	P	PTN000458086	PTHR19855	true	false	taxon:559292	20250220	GO_Central
PTHR19855	PTN002738179	NOT	GO:0070545	PeBoW complex	C	PTN000458086	PTHR19855	true	false	taxon:559292	20250220	GO_Central
PTHR19861	PTN008571759	NOT	GO:0048188	Set1C/COMPASS complex	C	PTN000458398	PTHR19861	true	false	taxon:4895	20240328	GO_Central
PTHR19876	PTN000520771	NOT	GO:0006890	retrograde vesicle-mediated transport, Golgi to endoplasmic reticulum	P	PTN000458798	PTHR19876	true	false	taxon:284812	20260112	GO_Central
PTHR19876	PTN000520771	NOT	GO:0030126	COPI vesicle coat	C	PTN000458798	PTHR19876	true	false	taxon:284812	20260112	GO_Central
PTHR19878	PTN002716574	NOT	GO:0000045	autophagosome assembly	P	PTN000459085	PTHR19878	true	false	taxon:117571	20251219	GO_Central
PTHR19878	PTN002716574	NOT	GO:0000421	autophagosome membrane	C	PTN000459085	PTHR19878	true	false	taxon:117571	20240118	GO_Central
PTHR19878	PTN002716574	NOT	GO:0034045	phagophore assembly site membrane	C	PTN000459085	PTHR19878	true	false	taxon:117571	20250412	GO_Central
PTHR19878	PTN002716574	NOT	GO:0034274	Atg12-Atg5-Atg16 complex	C	PTN000459085	PTHR19878	true	false	taxon:117571	20240118	GO_Central
PTHR19878	PTN002716574	NOT	GO:0043495	protein-membrane adaptor activity	F	PTN000459085	PTHR19878	true	false	taxon:117571	20240118	GO_Central
PTHR19879	PTN000459235	NOT	GO:0005669	transcription factor TFIID complex	C	PTN000459161	PTHR19879	true	false	taxon:7147	20210421	GO_Central
PTHR19879	PTN000459235	NOT	GO:0006367	transcription initiation at RNA polymerase II promoter	P	PTN000459161	PTHR19879	true	false	taxon:7147	20240731	GO_Central
PTHR19879	PTN000459238	NOT	GO:0000124	SAGA complex	C	PTN000459161	PTHR19879	true	false	taxon:7147	20240528	GO_Central
PTHR19879	PTN000459240	NOT	GO:0005669	transcription factor TFIID complex	C	PTN000459161	PTHR19879	true	false	taxon:7227	20210421	GO_Central
PTHR19879	PTN000459240	NOT	GO:0006367	transcription initiation at RNA polymerase II promoter	P	PTN000459161	PTHR19879	true	false	taxon:7227	20240731	GO_Central
PTHR19879	PTN002716608	NOT	GO:0005669	transcription factor TFIID complex	C	PTN000459161	PTHR19879	true	false	taxon:117571	20250116	GO_Central
PTHR19879	PTN002716608	NOT	GO:0006367	transcription initiation at RNA polymerase II promoter	P	PTN000459161	PTHR19879	true	false	taxon:117571	20240731	GO_Central
PTHR19879	PTN002716614	NOT	GO:0000124	SAGA complex	C	PTN000459161	PTHR19879	true	false	taxon:117571	20250116	GO_Central
PTHR19879	PTN008571999	NOT	GO:0000124	SAGA complex	C	PTN000459161	PTHR19879	true	false	taxon:117571	20250116	GO_Central
PTHR19879	PTN008571999	NOT	GO:0005669	transcription factor TFIID complex	C	PTN000459161	PTHR19879	true	false	taxon:117571	20250116	GO_Central
PTHR19879	PTN008571999	NOT	GO:0006367	transcription initiation at RNA polymerase II promoter	P	PTN000459161	PTHR19879	true	false	taxon:117571	20250116	GO_Central
PTHR19879	PTN008572004	NOT	GO:0000124	SAGA complex	C	PTN000459161	PTHR19879	true	false	taxon:4895	20250116	GO_Central
PTHR19918	PTN000460154	NOT	GO:0005680	anaphase-promoting complex	C	PTN000460086	PTHR19918	true	false	taxon:284812	20250903	GO_Central
PTHR19918	PTN000460155	NOT	GO:0005680	anaphase-promoting complex	C	PTN000460086	PTHR19918	true	false	taxon:284812	20250903	GO_Central
PTHR19918	PTN000460155	NOT	GO:0010997	anaphase-promoting complex binding	F	PTN000460086	PTHR19918	true	false	taxon:284812	20230406	GO_Central
PTHR19918	PTN000460168	NOT	GO:0005680	anaphase-promoting complex	C	PTN000460086	PTHR19918	true	false	taxon:284812	20250903	GO_Central
PTHR19918	PTN000460168	NOT	GO:0010997	anaphase-promoting complex binding	F	PTN000460086	PTHR19918	true	false	taxon:284812	20230406	GO_Central
PTHR19965	PTN001072467	NOT	GO:0006406	mRNA export from nucleus	P	PTN000462807	PTHR19965	true	false	taxon:451864	20240731	GO_Central
PTHR19965	PTN008572479	NOT	GO:0006406	mRNA export from nucleus	P	PTN000462807	PTHR19965	true	false	taxon:451864	20240731	GO_Central
PTHR20275	PTN001072874	NOT	GO:0003951	NAD+ kinase activity	F	PTN000463643	PTHR20275	true	false	taxon:4751	20250728	GO_Central
PTHR20275	PTN001072874	NOT	GO:0006741	NADP+ biosynthetic process	P	PTN000463643	PTHR20275	true	false	taxon:4751	20260529	GO_Central
PTHR20275	PTN008367271	NOT	GO:0003951	NAD+ kinase activity	F	PTN000463643	PTHR20275	true	false	taxon:2698737	20250728	GO_Central
PTHR20275	PTN008367271	NOT	GO:0006741	NADP+ biosynthetic process	P	PTN000463643	PTHR20275	true	false	taxon:2698737	20260529	GO_Central
PTHR20836	PTN001073453	NOT	GO:0008839	4-hydroxy-tetrahydrodipicolinate reductase activity	F	PTN000464618	PTHR20836	true	false	taxon:3193	20250903	GO_Central
PTHR20855	PTN001073997	NOT	GO:0038023	signaling receptor activity	F	PTN000465443	PTHR20855	true	false	taxon:6072	20240813	GO_Central
PTHR20855	PTN001074039	NOT	GO:0038023	signaling receptor activity	F	PTN000465443	PTHR20855	true	false	taxon:6072	20240813	GO_Central
PTHR20886	PTN002719104	NOT	GO:0001736	establishment of planar polarity	P	PTN001075071	PTHR20886	true	false	taxon:117571	20250903	GO_Central
PTHR20886	PTN002719104	NOT	GO:0060071	Wnt signaling pathway, planar cell polarity pathway	P	PTN001075071	PTHR20886	true	false	taxon:117571	20241120	GO_Central
PTHR20916	PTN008573482	NOT	GO:0004402	histone acetyltransferase activity	F	PTN000467663	PTHR20916	true	false	taxon:7227	20250331	GO_Central
PTHR20929	PTN000468003	NOT	GO:0005930	axoneme	C	PTN000467967	PTHR20929	true	false	taxon:7147	20210310	GO_Central
PTHR20930	PTN000468018	NOT	GO:0005776	autophagosome	C	PTN000468015	PTHR20930	true	false	taxon:33213	20260225	GO_Central
PTHR20930	PTN000468018	NOT	GO:0016236	macroautophagy	P	PTN000468015	PTHR20930	true	false	taxon:33213	20260225	GO_Central
PTHR20930	PTN000468018	NOT	GO:0071211	protein targeting to vacuole involved in autophagy	P	PTN000468015	PTHR20930	true	false	taxon:33213	20260225	GO_Central
PTHR20934	PTN001840988	NOT	GO:0000993	RNA polymerase II complex binding	F	PTN000468320	PTHR20934	true	false	taxon:2157	20250412	GO_Central
PTHR20941	PTN000468665	NOT	GO:0005740	mitochondrial envelope	C	PTN000468652	PTHR20941	true	false	taxon:33090	20170228	GO_Central
PTHR20941	PTN001076083	NOT	GO:0004156	dihydropteroate synthase activity	F	PTN000468650	PTHR20941	true	false	taxon:2037	20260529	GO_Central
PTHR20941	PTN001076083	NOT	GO:0046654	tetrahydrofolate biosynthetic process	P	PTN000468650	PTHR20941	true	false	taxon:2037	20170228	GO_Central
PTHR20952	PTN008367938	NOT	GO:0071782	endoplasmic reticulum tubular network	C	PTN002325361	PTHR20952	true	false	taxon:7711	20260225	GO_Central
PTHR20952	PTN008367938	NOT	GO:0071787	endoplasmic reticulum tubular network formation	P	PTN002325361	PTHR20952	true	false	taxon:7711	20260225	GO_Central
PTHR20952	PTN008367938	NOT	GO:1990809	endoplasmic reticulum tubular network membrane organization	P	PTN002325361	PTHR20952	true	false	taxon:7711	20260225	GO_Central
PTHR21021	PTN000470871	NOT	GO:0033745	L-methionine (R)-S-oxide reductase activity	F	PTN000470869	PTHR21021	true	false	taxon:2759	20240206	GO_Central
PTHR21032	PTN001077735	NOT	GO:0005813	centrosome	C	PTN000471210	PTHR21032	true	false	taxon:4751	20260225	GO_Central
PTHR21041	PTN002720783	NOT	GO:0007338	single fertilization	P	PTN001842935	PTHR21041	true	false	taxon:117571	20260803	GO_Central
PTHR21041	PTN002720790	NOT	GO:0007338	single fertilization	P	PTN001842935	PTHR21041	true	false	taxon:117571	20260803	GO_Central
PTHR21043	PTN000471562	NOT	GO:0140978	mitochondrial large ribosomal subunit binding	F	PTN000471516	PTHR21043	true	false	taxon:2	20260225	GO_Central
PTHR21043	PTN000471562	NOT	GO:1902775	mitochondrial large ribosomal subunit assembly	P	PTN000471516	PTHR21043	true	false	taxon:2	20260225	GO_Central
PTHR21043	PTN004529980	NOT	GO:0005739	mitochondrion	C	PTN000471517	PTHR21043	true	false	taxon:33090	20260529	GO_Central
PTHR21043	PTN004529980	NOT	GO:0140978	mitochondrial large ribosomal subunit binding	F	PTN000471516	PTHR21043	true	false	taxon:33090	20260225	GO_Central
PTHR21043	PTN004529980	NOT	GO:1902775	mitochondrial large ribosomal subunit assembly	P	PTN000471516	PTHR21043	true	false	taxon:33090	20260225	GO_Central
PTHR21087	PTN000472467	NOT	GO:0004765	shikimate kinase activity	F	PTN000472457	PTHR21087	true	false	taxon:3398	20240919	GO_Central
PTHR21087	PTN001078563	NOT	GO:0005829	cytosol	C	PTN000472457	PTHR21087	true	false	taxon:3193	20181004	GO_Central
PTHR21087	PTN002326153	NOT	GO:0005829	cytosol	C	PTN000472457	PTHR21087	true	false	taxon:1117	20181004	GO_Central
PTHR21087	PTN004530803	NOT	GO:0004765	shikimate kinase activity	F	PTN000472457	PTHR21087	true	false	taxon:3193	20240919	GO_Central
PTHR21087	PTN008574433	NOT	GO:0005829	cytosol	C	PTN000472457	PTHR21087	true	false	taxon:35493	20181004	GO_Central
PTHR21087	PTN008574446	NOT	GO:0005829	cytosol	C	PTN000472457	PTHR21087	true	false	taxon:105231	20181004	GO_Central
PTHR21139	PTN001079919	NOT	GO:0005829	cytosol	C	PTN000474644	PTHR21139	true	false	taxon:45351	20260529	GO_Central
PTHR21152	PTN002326790	NOT	GO:0004760	L-serine:pyruvate transaminase activity	F	PTN000475663	PTHR21152	true	false	taxon:	20260529	GO_Central
PTHR21152	PTN002326790	NOT	GO:0006545	glycine biosynthetic process	P	PTN000475663	PTHR21152	true	false	taxon:	20260529	GO_Central
PTHR21152	PTN002326790	NOT	GO:0008453	L-alanine:glyoxylate transaminase activity	F	PTN000475663	PTHR21152	true	false	taxon:	20260225	GO_Central
PTHR21152	PTN002326790	NOT	GO:0009436	glyoxylate catabolic process	P	PTN000475663	PTHR21152	true	false	taxon:	20260828	GO_Central
PTHR21257	PTN000479247	NOT	GO:0005789	endoplasmic reticulum membrane	C	PTN000479179	PTHR21257	true	false	taxon:32523	20260529	GO_Central
PTHR21257	PTN000479268	NOT	GO:0005789	endoplasmic reticulum membrane	C	PTN000479179	PTHR21257	true	false	taxon:32443	20260529	GO_Central
PTHR21257	PTN000479299	NOT	GO:0005789	endoplasmic reticulum membrane	C	PTN000479179	PTHR21257	true	false	taxon:7227	20260529	GO_Central
PTHR21257	PTN000479299	NOT	GO:0016627	oxidoreductase activity, acting on the CH-CH group of donors	F	PTN000479179	PTHR21257	true	false	taxon:7227	20250903	GO_Central
PTHR21257	PTN000479299	NOT	GO:0050613	Delta14-sterol reductase activity	F	PTN000479204	PTHR21257	true	false	taxon:7227	20240919	GO_Central
PTHR21257	PTN001847200	NOT	GO:0005789	endoplasmic reticulum membrane	C	PTN000479179	PTHR21257	true	false	taxon:227377	20260529	GO_Central
PTHR21257	PTN001847220	NOT	GO:0005789	endoplasmic reticulum membrane	C	PTN000479179	PTHR21257	true	false	taxon:227377	20260529	GO_Central
PTHR21257	PTN001847220	NOT	GO:0006696	ergosterol biosynthetic process	P	PTN000479182	PTHR21257	true	false	taxon:227377	20240307	GO_Central
PTHR21297	PTN001467212	NOT	GO:0005665	RNA polymerase II, core complex	C	PTN000480538	PTHR21297	true	false	taxon:3398	20240731	GO_Central
PTHR21297	PTN001467212	NOT	GO:0006367	transcription initiation at RNA polymerase II promoter	P	PTN000480538	PTHR21297	true	false	taxon:3398	20251219	GO_Central
PTHR21297	PTN001467212	NOT	GO:0031369	translation initiation factor binding	F	PTN000480538	PTHR21297	true	false	taxon:3398	20170228	GO_Central
PTHR21299	PTN000480631	NOT	GO:0004592	pantoate-beta-alanine ligase activity	F	PTN000480612	PTHR21299	true	false	taxon:2	20190820	GO_Central
PTHR21299	PTN000480631	NOT	GO:0015940	pantothenate biosynthetic process	P	PTN000480612	PTHR21299	true	false	taxon:2	20211111	GO_Central
PTHR21327	PTN000481639	NOT	GO:0008686	3,4-dihydroxy-2-butanone-4-phosphate synthase activity	F	PTN000481609	PTHR21327	true	false	taxon:2	20260828	GO_Central
PTHR21327	PTN001084665	NOT	GO:0005829	cytosol	C	PTN000481609	PTHR21327	true	false	taxon:451864	20181004	GO_Central
PTHR21327	PTN001084665	NOT	GO:0008686	3,4-dihydroxy-2-butanone-4-phosphate synthase activity	F	PTN000481609	PTHR21327	true	false	taxon:451864	20260828	GO_Central
PTHR21327	PTN001084701	NOT	GO:0005829	cytosol	C	PTN000481609	PTHR21327	true	false	taxon:3193	20181004	GO_Central
PTHR21349	PTN000482480	NOT	GO:0005762	mitochondrial large ribosomal subunit	C	PTN000482432	PTHR21349	true	false	taxon:3398	20260225	GO_Central
PTHR21349	PTN000482480	NOT	GO:0032543	mitochondrial translation	P	PTN000482431	PTHR21349	true	false	taxon:3398	20260612	GO_Central
PTHR21349	PTN000482487	NOT	GO:0032543	mitochondrial translation	P	PTN000482431	PTHR21349	true	false	taxon:2	20260612	GO_Central
PTHR21368	PTN000483094	NOT	GO:0005762	mitochondrial large ribosomal subunit	C	PTN000483055	PTHR21368	true	false	taxon:33090	20260225	GO_Central
PTHR21368	PTN008369446	NOT	GO:0032543	mitochondrial translation	P	PTN000483055	PTHR21368	true	false	taxon:2698737	20260612	GO_Central
PTHR21377	PTN009045931	NOT	GO:0005743	mitochondrial inner membrane	C	PTN000483225	PTHR21377	true	false	taxon:33090	20260828	GO_Central
PTHR21485	PTN000486340	NOT	GO:0008781	N-acylneuraminate cytidylyltransferase activity	F	PTN000486303	PTHR21485	true	false	taxon:100226	20260828	GO_Central
PTHR21538	PTN002726905	NOT	GO:0000281	mitotic cytokinesis	P	PTN001853010	PTHR21538	true	false	taxon:117571	20231109	GO_Central
PTHR21538	PTN002726905	NOT	GO:0000915	actomyosin contractile ring assembly	P	PTN001853010	PTHR21538	true	false	taxon:117571	20200323	GO_Central
PTHR21538	PTN002726905	NOT	GO:0005826	actomyosin contractile ring	C	PTN001853010	PTHR21538	true	false	taxon:117571	20211111	GO_Central
PTHR21538	PTN002726905	NOT	GO:0031106	septin ring organization	P	PTN001853010	PTHR21538	true	false	taxon:117571	20200323	GO_Central
PTHR21575	PTN008577676	NOT	GO:0000138	Golgi trans cisterna	C	PTN000491103	PTHR21575	true	false	taxon:4895	20260305	GO_Central
PTHR21575	PTN008577676	NOT	GO:0005797	Golgi medial cisterna	C	PTN000491103	PTHR21575	true	false	taxon:4895	20260305	GO_Central
PTHR21575	PTN008577676	NOT	GO:0007030	Golgi organization	P	PTN000491103	PTHR21575	true	false	taxon:4895	20260305	GO_Central
PTHR21575	PTN008577676	NOT	GO:0016020	membrane	C	PTN000491103	PTHR21575	true	false	taxon:4895	20260529	GO_Central
PTHR21575	PTN008577678	NOT	GO:0000138	Golgi trans cisterna	C	PTN000491103	PTHR21575	true	false	taxon:4895	20260305	GO_Central
PTHR21575	PTN008577678	NOT	GO:0005797	Golgi medial cisterna	C	PTN000491103	PTHR21575	true	false	taxon:4895	20260305	GO_Central
PTHR21575	PTN008577678	NOT	GO:0007030	Golgi organization	P	PTN000491103	PTHR21575	true	false	taxon:4895	20260305	GO_Central
PTHR21575	PTN008577678	NOT	GO:0016020	membrane	C	PTN000491103	PTHR21575	true	false	taxon:4895	20260529	GO_Central
PTHR21608	PTN002789927	NOT	GO:2001222	regulation of neuron migration	P	PTN001946837	PTHR21608	true	false	taxon:117571	20250627	GO_Central
PTHR21631	PTN001091853	NOT	GO:0004451	isocitrate lyase activity	F	PTN000493043	PTHR21631	true	false	taxon:451864	20260529	GO_Central
PTHR21631	PTN001091853	NOT	GO:0006097	glyoxylate cycle	P	PTN000493043	PTHR21631	true	false	taxon:451864	20260305	GO_Central
PTHR21631	PTN001091863	NOT	GO:0005739	mitochondrion	C	PTN000493046	PTHR21631	true	false	taxon:451864	20260305	GO_Central
PTHR21646	PTN001922764	NOT	GO:0004843	cysteine-type deubiquitinase activity	F	PTN002538135	PTHR21646	true	false	taxon:2759	20260529	GO_Central
PTHR21646	PTN001922764	NOT	GO:0031647	regulation of protein stability	P	PTN002538135	PTHR21646	true	false	taxon:2759	20260508	GO_Central
PTHR21646	PTN002728604	NOT	GO:0090263	positive regulation of canonical Wnt signaling pathway	P	PTN002728602	PTHR21646	true	false	taxon:117571	20260508	GO_Central
PTHR21716	PTN007700791	NOT	GO:0005886	plasma membrane	C	PTN002502781	PTHR21716	true	false	taxon:33090	20260305	GO_Central
PTHR21737	PTN008579214	NOT	GO:0005681	spliceosomal complex	C	PTN000497525	PTHR21737	true	false	taxon:117571	20251219	GO_Central
PTHR21737	PTN008579214	NOT	GO:0045292	mRNA cis splicing, via spliceosome	P	PTN000497525	PTHR21737	true	false	taxon:117571	20200220	GO_Central
PTHR22050	PTN002730364	NOT	GO:0032964	collagen biosynthetic process	P	PTN000498720	PTHR22050	true	false	taxon:117571	20260305	GO_Central
PTHR22572	PTN000500807	NOT	GO:0016779	nucleotidyltransferase activity	F	PTN000500804	PTHR22572	true	false	taxon:2759	20260529	GO_Central
PTHR22589	PTN001097083	NOT	GO:0005739	mitochondrion	C	PTN001097079	PTHR22589	true	false	taxon:2952368	20171207	GO_Central
PTHR22589	PTN008579947	NOT	GO:0004095	carnitine O-palmitoyltransferase activity	F	PTN001097100	PTHR22589	true	false	taxon:32523	20260828	GO_Central
PTHR22589	PTN008579947	NOT	GO:0005739	mitochondrion	C	PTN001097100	PTHR22589	true	false	taxon:32523	20260828	GO_Central
PTHR22600	PTN000503241	NOT	GO:0005886	plasma membrane	C	PTN000503239	PTHR22600	true	false	taxon:	20251208	GO_Central
PTHR22600	PTN000503241	NOT	GO:0006491	N-glycan processing	P	PTN000503239	PTHR22600	true	false	taxon:	20251219	GO_Central
PTHR22652	PTN008580493	NOT	GO:0031080	nuclear pore outer ring	C	PTN000505445	PTHR22652	true	false	taxon:4895	20250331	GO_Central
PTHR22683	PTN007705242	NOT	GO:0015616	DNA translocase activity	F	PTN000505786	PTHR22683	true	false	taxon:1783272	20240827	GO_Central
PTHR22726	PTN002332965	NOT	GO:0005743	mitochondrial inner membrane	C	PTN000506394	PTHR22726	true	false	taxon:208964	20260529	GO_Central
PTHR22761	PTN008581269	NOT	GO:0005771	multivesicular body	C	PTN000509386	PTHR22761	true	false	taxon:	20251217	GO_Central
PTHR22761	PTN008581269	NOT	GO:0006900	vesicle budding from membrane	P	PTN000509386	PTHR22761	true	false	taxon:	20251217	GO_Central
PTHR22761	PTN008581269	NOT	GO:0009898	cytoplasmic side of plasma membrane	C	PTN000509454	PTHR22761	true	false	taxon:	20251217	GO_Central
PTHR22761	PTN008581269	NOT	GO:0032511	late endosome to vacuole transport via multivesicular body sorting pathway	P	PTN000509386	PTHR22761	true	false	taxon:	20251217	GO_Central
PTHR22776	PTN002735516	NOT	GO:0023052	signaling	P	PTN001103553	PTHR22776	true	false	taxon:117571	20260821	GO_Central
PTHR22789	PTN001866169	NOT	GO:0016832	aldehyde-lyase activity	F	PTN000513089	PTHR22789	true	false	taxon:2	20260306	GO_Central
PTHR22804	PTN008374273	NOT	GO:0005886	plasma membrane	C	PTN001169994	PTHR22804	true	false	taxon:7711	20240731	GO_Central
PTHR22807	PTN000515871	NOT	GO:0009383	rRNA (cytosine-C5-)-methyltransferase activity	F	PTN000515868	PTHR22807	true	false	taxon:2759	20260617	GO_Central
PTHR22807	PTN000515871	NOT	GO:0070475	rRNA base methylation	P	PTN000515868	PTHR22807	true	false	taxon:2759	20260617	GO_Central
PTHR22808	PTN008374333	NOT	GO:0005634	nucleus	C	PTN000516076	PTHR22808	true	false	taxon:9347	20260306	GO_Central
PTHR22847	PTN002337694	NOT	GO:0044545	NSL complex	C	PTN001483578	PTHR22847	true	false	taxon:9347	20251030	GO_Central
PTHR22847	PTN002337694	NOT	GO:0045815	transcription initiation-coupled chromatin remodeling	P	PTN001483578	PTHR22847	true	false	taxon:9347	20251030	GO_Central
PTHR22847	PTN002337694	NOT	GO:0048188	Set1C/COMPASS complex	C	PTN001483578	PTHR22847	true	false	taxon:9347	20251030	GO_Central
PTHR22847	PTN002337694	NOT	GO:0140566	histone reader activity	F	PTN001483578	PTHR22847	true	false	taxon:9347	20251030	GO_Central
PTHR22850	PTN000522910	NOT	GO:0006338	chromatin remodeling	P	PTN000522733	PTHR22850	true	false	taxon:284812	20260529	GO_Central
PTHR22850	PTN000522910	NOT	GO:0006355	regulation of DNA-templated transcription	P	PTN000522733	PTHR22850	true	false	taxon:284812	20231109	GO_Central
PTHR22850	PTN000522910	NOT	GO:0033698	Rpd3L complex	C	PTN001110151	PTHR22850	true	false	taxon:284812	20220406	GO_Central
PTHR22850	PTN000522910	NOT	GO:0070210	Rpd3L-Expanded complex	C	PTN001110151	PTHR22850	true	false	taxon:284812	20220406	GO_Central
PTHR22850	PTN000522912	NOT	GO:0006355	regulation of DNA-templated transcription	P	PTN000522733	PTHR22850	true	false	taxon:284812	20231109	GO_Central
PTHR22850	PTN000522912	NOT	GO:0033698	Rpd3L complex	C	PTN001110151	PTHR22850	true	false	taxon:284812	20220406	GO_Central
PTHR22850	PTN000522912	NOT	GO:0070210	Rpd3L-Expanded complex	C	PTN001110151	PTHR22850	true	false	taxon:284812	20220406	GO_Central
PTHR22854	PTN000523338	NOT	GO:0000162	L-tryptophan biosynthetic process	P	PTN000523336	PTHR22854	true	false	taxon:2759	20250225	GO_Central
PTHR22854	PTN000523338	NOT	GO:0004425	indole-3-glycerol-phosphate synthase activity	F	PTN000523336	PTHR22854	true	false	taxon:2759	20260601	GO_Central
PTHR22855	PTN001873163	NOT	GO:0005739	mitochondrion	C	PTN000523407	PTHR22855	true	false	taxon:211586	20260601	GO_Central
PTHR22880	PTN000524786	NOT	GO:0006355	regulation of DNA-templated transcription	P	PTN000524852	PTHR22880	true	false	taxon:559292	20240206	GO_Central
PTHR22880	PTN000524793	NOT	GO:0006355	regulation of DNA-templated transcription	P	PTN000524852	PTHR22880	true	false	taxon:284812	20240206	GO_Central
PTHR22880	PTN000524794	NOT	GO:0140566	histone reader activity	F	PTN000524852	PTHR22880	true	false	taxon:284812	20260828	GO_Central
PTHR22883	PTN000526147	NOT	GO:0005783	endoplasmic reticulum	C	PTN000525256	PTHR22883	true	false	taxon:7227	20260601	GO_Central
PTHR22883	PTN000526147	NOT	GO:0006612	protein targeting to membrane	P	PTN000525256	PTHR22883	true	false	taxon:7227	20250718	GO_Central
PTHR22883	PTN000526147	NOT	GO:0019706	protein-cysteine S-palmitoyltransferase activity	F	PTN000525256	PTHR22883	true	false	taxon:7227	20260828	GO_Central
PTHR22883	PTN000526147	NOT	GO:0072659	protein localization to plasma membrane	P	PTN008583751	PTHR22883	true	false	taxon:7227	20250718	GO_Central
PTHR22891	PTN002739864	NOT	GO:0004521	RNA endonuclease activity	F	PTN008584027	PTHR22891	true	false	taxon:117571	20241120	GO_Central
PTHR22912	PTN008584412	NOT	GO:0005739	mitochondrion	C	PTN000530301	PTHR22912	true	false	taxon:1117	20260828	GO_Central
PTHR22913	PTN009055585	NOT	GO:0000271	polysaccharide biosynthetic process	P	PTN000530809	PTHR22913	true	false	taxon:8355	20260306	GO_Central
PTHR22913	PTN009055585	NOT	GO:0030213	hyaluronan biosynthetic process	P	PTN000530809	PTHR22913	true	false	taxon:8355	20260306	GO_Central
PTHR22913	PTN009055585	NOT	GO:0050501	hyaluronan synthase activity	F	PTN000530809	PTHR22913	true	false	taxon:8355	20260306	GO_Central
PTHR22913	PTN009055585	NOT	GO:0085029	extracellular matrix assembly	P	PTN000530809	PTHR22913	true	false	taxon:8355	20260306	GO_Central
PTHR22914	PTN008375855	NOT	GO:0004100	chitin synthase activity	F	PTN001115588	PTHR22914	true	true	taxon:7711	20260828	GO_Central
PTHR22922	PTN002740828	NOT	GO:0003723	RNA binding	F	PTN001116222	PTHR22922	true	false	taxon:117571	20260828	GO_Central
PTHR22928	PTN002556019	NOT	GO:0000723	telomere maintenance	P	PTN001116630	PTHR22928	true	false	taxon:93061	20240307	GO_Central
PTHR22928	PTN002556019	NOT	GO:0005634	nucleus	C	PTN001116630	PTHR22928	true	false	taxon:93061	20260601	GO_Central
PTHR22939	PTN002741555	NOT	GO:0012501	programmed cell death	P	PTN001117853	PTHR22939	true	false	taxon:117571	20250412	GO_Central
PTHR22939	PTN002741555	NOT	GO:0043065	positive regulation of apoptotic process	P	PTN001117853	PTHR22939	true	false	taxon:117571	20240731	GO_Central
PTHR22950	PTN002741905	NOT	GO:0006868	L-glutamine transport	P	PTN000536385	PTHR22950	true	false	taxon:117571	20260601	GO_Central
PTHR22950	PTN002741905	NOT	GO:0015186	L-glutamine transmembrane transporter activity	F	PTN000536385	PTHR22950	true	false	taxon:117571	20260601	GO_Central
PTHR22973	PTN000540674	NOT	GO:0000139	Golgi membrane	C	PTN001122005	PTHR22973	true	false	taxon:32524	20190308	GO_Central
PTHR22988	PTN002743902	NOT	GO:0004674	protein serine/threonine kinase activity	F	PTN002743840	PTHR22988	true	true	taxon:117571	20250903	GO_Central
PTHR22988	PTN002743910	NOT	GO:0004674	protein serine/threonine kinase activity	F	PTN002743840	PTHR22988	true	true	taxon:7719	20250903	GO_Central
PTHR22988	PTN002743911	NOT	GO:0007266	Rho protein signal transduction	P	PTN000542090	PTHR22988	true	false	taxon:1206794	20250116	GO_Central
PTHR22993	PTN000543002	NOT	GO:0003906	DNA-(apurinic or apyrimidinic site) endonuclease activity	F	PTN000542974	PTHR22993	true	false	taxon:32524	20260601	GO_Central
PTHR22993	PTN000543002	NOT	GO:0006284	base-excision repair	P	PTN000542974	PTHR22993	true	false	taxon:32524	20240307	GO_Central
PTHR22993	PTN000543002	NOT	GO:0019104	DNA N-glycosylase activity	F	PTN000542974	PTHR22993	true	false	taxon:32524	20240307	GO_Central
PTHR22993	PTN001885546	NOT	GO:0005634	nucleus	C	PTN001123409	PTHR22993	true	false	taxon:190485	20240307	GO_Central
PTHR23024	PTN004595044	NOT	GO:0106435	carboxylesterase activity	F	PTN008378658	PTHR23024	true	false	taxon:	20260729	GO_Central
PTHR23028	PTN004595801	NOT	GO:0000271	polysaccharide biosynthetic process	P	PTN000546715	PTHR23028	true	false	taxon:3988	20240307	GO_Central
PTHR23028	PTN004595801	NOT	GO:0009103	lipopolysaccharide biosynthetic process	P	PTN000546841	PTHR23028	true	false	taxon:3988	20240307	GO_Central
PTHR23030	PTN001126206	NOT	GO:0043328	protein transport to vacuole involved in ubiquitin-dependent protein catabolic process via the multivesicular body sorting pathway	P	PTN000547070	PTHR23030	true	false	taxon:6072	20210917	GO_Central
PTHR23030	PTN001126238	NOT	GO:0043328	protein transport to vacuole involved in ubiquitin-dependent protein catabolic process via the multivesicular body sorting pathway	P	PTN000547070	PTHR23030	true	false	taxon:4751	20210917	GO_Central
PTHR23033	PTN002745390	NOT	GO:0016263	N-acetylgalactosaminide beta-1,3-galactosyltransferase activity	F	PTN000547277	PTHR23033	true	false	taxon:117571	20260601	GO_Central
PTHR23049	PTN000549442	NOT	GO:0016460	myosin II complex	C	PTN000549437	PTHR23049	true	false	taxon:7711	20240731	GO_Central
PTHR23049	PTN000549442	NOT	GO:0032036	myosin heavy chain binding	F	PTN000549437	PTHR23049	true	false	taxon:7711	20210917	GO_Central
PTHR23050	PTN000095490	NOT	GO:0005823	central plaque of spindle pole body	C	PTN001127687	PTHR23050	true	false	taxon:284812	20231121	GO_Central
PTHR23050	PTN009059843	NOT	GO:0043539	protein serine/threonine kinase activator activity	F	PTN008588809	PTHR23050	true	false	taxon:33511	20260728	GO_Central
PTHR23063	PTN007728763	NOT	GO:0005783	endoplasmic reticulum	C	PTN000551966	PTHR23063	true	false	taxon:71139	20260601	GO_Central
PTHR23076	PTN002348158	NOT	GO:0009535	chloroplast thylakoid membrane	C	PTN004602537	PTHR23076	true	false	taxon:1111708	20260210	GO_Central
PTHR23076	PTN002348159	NOT	GO:0009535	chloroplast thylakoid membrane	C	PTN004602537	PTHR23076	true	false	taxon:1111708	20260210	GO_Central
PTHR23086	PTN001132453	NOT	GO:0016308	1-phosphatidylinositol-4-phosphate 5-kinase activity	F	PTN000557041	PTHR23086	true	false	taxon:	20260828	GO_Central
PTHR23092	PTN008590285	NOT	GO:0005730	nucleolus	C	PTN000558564	PTHR23092	true	false	taxon:4895	20250903	GO_Central
PTHR23092	PTN008590285	NOT	GO:0031123	RNA 3'-end processing	P	PTN000558564	PTHR23092	true	false	taxon:4895	20250412	GO_Central
PTHR23092	PTN008590285	NOT	GO:0031499	TRAMP complex	C	PTN000558564	PTHR23092	true	false	taxon:4895	20240118	GO_Central
PTHR23092	PTN008590285	NOT	GO:0043634	polyadenylation-dependent ncRNA catabolic process	P	PTN000558564	PTHR23092	true	false	taxon:4895	20240731	GO_Central
PTHR23103	PTN002749621	NOT	GO:0007409	axonogenesis	P	PTN000559854	PTHR23103	true	false	taxon:	20260828	GO_Central
PTHR23103	PTN002749621	NOT	GO:0007417	central nervous system development	P	PTN000559854	PTHR23103	true	false	taxon:	20260828	GO_Central
PTHR23113	PTN002750093	NOT	GO:0007265	Ras protein signal transduction	P	PTN000560991	PTHR23113	true	false	taxon:117571	20250903	GO_Central
PTHR23113	PTN002750101	NOT	GO:0007265	Ras protein signal transduction	P	PTN000560991	PTHR23113	true	false	taxon:117571	20250903	GO_Central
PTHR23113	PTN002750108	NOT	GO:0007265	Ras protein signal transduction	P	PTN000560991	PTHR23113	true	false	taxon:117571	20250903	GO_Central
PTHR23113	PTN004608154	NOT	GO:0007265	Ras protein signal transduction	P	PTN000560991	PTHR23113	true	false	taxon:6072	20250903	GO_Central
PTHR23115	PTN000562662	NOT	GO:0006412	translation	P	PTN000561878	PTHR23115	true	false	taxon:559292	20251029	GO_Central
PTHR23115	PTN000562662	NOT	GO:0072344	rescue of stalled cytosolic ribosome	P	PTN007734730	PTHR23115	true	false	taxon:559292	20251029	GO_Central
PTHR23115	PTN000562674	NOT	GO:0006412	translation	P	PTN000561878	PTHR23115	true	false	taxon:284812	20251029	GO_Central
PTHR23115	PTN000562674	NOT	GO:0072344	rescue of stalled cytosolic ribosome	P	PTN007734730	PTHR23115	true	false	taxon:284812	20251029	GO_Central
PTHR23117	PTN000563487	NOT	GO:0005829	cytosol	C	PTN000563470	PTHR23117	true	false	taxon:33090	20260306	GO_Central
PTHR23117	PTN001136832	NOT	GO:0004385	GMP kinase activity	F	PTN000563396	PTHR23117	true	false	taxon:1224	20260601	GO_Central
PTHR23117	PTN001136832	NOT	GO:0046711	GDP biosynthetic process	P	PTN000563396	PTHR23117	true	false	taxon:1224	20260306	GO_Central
PTHR23117	PTN008591047	NOT	GO:0004385	GMP kinase activity	F	PTN000563396	PTHR23117	true	false	taxon:6072	20260601	GO_Central
PTHR23117	PTN008591047	NOT	GO:0046711	GDP biosynthetic process	P	PTN000563396	PTHR23117	true	false	taxon:6072	20260306	GO_Central
PTHR23119	PTN002750666	NOT	GO:0045197	establishment or maintenance of epithelial cell apical/basal polarity	P	PTN001136892	PTHR23119	true	false	taxon:117571	20200325	GO_Central
PTHR23122	PTN002750844	NOT	GO:0008104	intracellular protein localization	P	PTN001137126	PTHR23122	true	false	taxon:117571	20240206	GO_Central
PTHR23122	PTN002750844	NOT	GO:0046928	regulation of neurotransmitter secretion	P	PTN001137126	PTHR23122	true	false	taxon:117571	20210929	GO_Central
PTHR23123	PTN008591189	NOT	GO:0005634	nucleus	C	PTN000564171	PTHR23123	true	false	taxon:33213	20260601	GO_Central
PTHR23123	PTN008591189	NOT	GO:0006338	chromatin remodeling	P	PTN000564171	PTHR23123	true	false	taxon:33213	20260112	GO_Central
PTHR23123	PTN008591189	NOT	GO:0032452	histone demethylase activity	F	PTN000564171	PTHR23123	true	false	taxon:33213	20260601	GO_Central
PTHR23123	PTN008591189	NOT	GO:0032454	histone H3K9 demethylase activity	F	PTN002750940	PTHR23123	true	false	taxon:33213	20260601	GO_Central
PTHR23135	PTN004610266	NOT	GO:0005829	cytosol	C	PTN000566406	PTHR23135	true	false	taxon:3988	20260601	GO_Central
PTHR23135	PTN004610266	NOT	GO:0008765	UDP-N-acetylmuramoylalanyl-D-glutamate-2,6-diaminopimelate ligase activity	F	PTN000566406	PTHR23135	true	false	taxon:3988	20250225	GO_Central
PTHR23135	PTN004610266	NOT	GO:0009252	peptidoglycan biosynthetic process	P	PTN000566406	PTHR23135	true	false	taxon:3988	20250225	GO_Central
PTHR23147	PTN001924395	NOT	GO:0000381	regulation of alternative mRNA splicing, via spliceosome	P	PTN009063129	PTHR23147	true	false	taxon:2759	20260115	GO_Central
PTHR23147	PTN001924395	NOT	GO:0003729	mRNA binding	F	PTN009063129	PTHR23147	true	false	taxon:2759	20260115	GO_Central
PTHR23147	PTN001924395	NOT	GO:0016607	nuclear speck	C	PTN000567445	PTHR23147	true	false	taxon:2759	20260601	GO_Central
PTHR23150	PTN000567835	NOT	GO:0005783	endoplasmic reticulum	C	PTN000567758	PTHR23150	true	false	taxon:100226	20260601	GO_Central
PTHR23150	PTN002508698	NOT	GO:0120147	formylglycine-generating oxidase activity	F	PTN001139750	PTHR23150	true	false	taxon:	20241120	GO_Central
PTHR23151	PTN001139975	NOT	GO:0045254	pyruvate dehydrogenase complex	C	PTN000568044	PTHR23151	true	false	taxon:665079	20250116	GO_Central
PTHR23151	PTN008381836	NOT	GO:0004742	dihydrolipoyllysine-residue acetyltransferase activity	F	PTN002351721	PTHR23151	true	false	taxon:451864	20250903	GO_Central
PTHR23152	PTN000568260	NOT	GO:0005829	cytosol	C	PTN000568360	PTHR23152	true	false	taxon:2759	20260828	GO_Central
PTHR23159	PTN002753040	NOT	GO:0005813	centrosome	C	PTN000570213	PTHR23159	true	false	taxon:117571	20230406	GO_Central
PTHR23159	PTN002753040	NOT	GO:0005814	centriole	C	PTN000570213	PTHR23159	true	false	taxon:117571	20251220	GO_Central
PTHR23159	PTN002753040	NOT	GO:0007099	centriole replication	P	PTN000570213	PTHR23159	true	false	taxon:117571	20230406	GO_Central
PTHR23171	PTN002753952	NOT	GO:0005665	RNA polymerase II, core complex	C	PTN004614866	PTHR23171	true	false	taxon:117571	20240507	GO_Central
PTHR23189	PTN000573512	NOT	GO:0000381	regulation of alternative mRNA splicing, via spliceosome	P	PTN001142786	PTHR23189	true	false	taxon:33213	20210310	GO_Central
PTHR23195	PTN000574280	NOT	GO:0035267	NuA4 histone acetyltransferase complex	C	PTN000574151	PTHR23195	true	false	taxon:4890	20250903	GO_Central
PTHR23196	PTN001506018	NOT	GO:0005634	nucleus	C	PTN000574320	PTHR23196	true	false	taxon:7227	20260601	GO_Central
PTHR23196	PTN001506018	NOT	GO:0044666	MLL3/4 complex	C	PTN002754812	PTHR23196	true	false	taxon:7227	20210924	GO_Central
PTHR23196	PTN009064466	NOT	GO:0044666	MLL3/4 complex	C	PTN002754812	PTHR23196	true	false	taxon:7711	20250618	GO_Central
PTHR23231	PTN000578951	NOT	GO:0005634	nucleus	C	PTN001145257	PTHR23231	true	false	taxon:39107	20200809	GO_Central
PTHR23236	PTN000579889	NOT	GO:0005634	nucleus	C	PTN002540822	PTHR23236	true	false	taxon:7227	20260601	GO_Central
PTHR23236	PTN000579889	NOT	GO:0008143	poly(A) binding	F	PTN001924388	PTHR23236	true	false	taxon:7227	20250903	GO_Central
PTHR23236	PTN008594391	NOT	GO:0005634	nucleus	C	PTN002540822	PTHR23236	true	false	taxon:117571	20260601	GO_Central
PTHR23255	PTN002758343	NOT	GO:0048185	activin binding	F	PTN000583887	PTHR23255	true	false	taxon:117571	20241120	GO_Central
PTHR23274	PTN008385927	NOT	GO:0043139	5'-3' DNA helicase activity	F	PTN008385917	PTHR23274	true	false	taxon:2698737	20260601	GO_Central
PTHR23277	PTN002760362	NOT	GO:0005912	adherens junction	C	PTN002760328	PTHR23277	true	false	taxon:117571	20250403	GO_Central
PTHR23277	PTN002760362	NOT	GO:0007156	homophilic cell-cell adhesion	P	PTN002760328	PTHR23277	true	false	taxon:117571	20250403	GO_Central
PTHR23277	PTN002760362	NOT	GO:0007157	heterophilic cell-cell adhesion	P	PTN002760328	PTHR23277	true	false	taxon:117571	20250403	GO_Central
PTHR23277	PTN002760362	NOT	GO:0098631	cell adhesion mediator activity	F	PTN002760328	PTHR23277	true	false	taxon:117571	20250403	GO_Central
PTHR23288	PTN002760867	NOT	GO:0000987	cis-regulatory region sequence-specific DNA binding	F	PTN001151025	PTHR23288	true	false	taxon:117571	20211011	GO_Central
PTHR23288	PTN002760867	NOT	GO:0008023	transcription elongation factor complex	C	PTN001151025	PTHR23288	true	false	taxon:117571	20211011	GO_Central
PTHR23288	PTN002760867	NOT	GO:0032968	positive regulation of transcription elongation by RNA polymerase II	P	PTN001151025	PTHR23288	true	false	taxon:117571	20211011	GO_Central
PTHR23288	PTN002760867	NOT	GO:0042795	snRNA transcription by RNA polymerase II	P	PTN001151025	PTHR23288	true	false	taxon:117571	20211011	GO_Central
PTHR23288	PTN002760875	NOT	GO:0000987	cis-regulatory region sequence-specific DNA binding	F	PTN001151025	PTHR23288	true	false	taxon:117571	20211011	GO_Central
PTHR23288	PTN002760875	NOT	GO:0008023	transcription elongation factor complex	C	PTN001151025	PTHR23288	true	false	taxon:117571	20211011	GO_Central
PTHR23288	PTN002760875	NOT	GO:0032968	positive regulation of transcription elongation by RNA polymerase II	P	PTN001151025	PTHR23288	true	false	taxon:117571	20211011	GO_Central
PTHR23288	PTN002760875	NOT	GO:0042795	snRNA transcription by RNA polymerase II	P	PTN001151025	PTHR23288	true	false	taxon:117571	20211011	GO_Central
PTHR23321	PTN008597555	NOT	GO:0005763	mitochondrial small ribosomal subunit	C	PTN000594899	PTHR23321	true	false	taxon:35493	20260311	GO_Central
PTHR23333	PTN002762752	NOT	GO:0000132	establishment of mitotic spindle orientation	P	PTN000596257	PTHR23333	true	false	taxon:117571	20260311	GO_Central
PTHR23342	PTN001155498	NOT	GO:0003991	acetylglutamate kinase activity	F	PTN000597373	PTHR23342	true	false	taxon:6072	20260601	GO_Central
PTHR23342	PTN001155505	NOT	GO:0003991	acetylglutamate kinase activity	F	PTN000597373	PTHR23342	true	false	taxon:451864	20260601	GO_Central
PTHR23342	PTN001155520	NOT	GO:0004042	L-glutamate N-acetyltransferase activity, acting on acetyl-CoA as donor	F	PTN000597387	PTHR23342	true	false	taxon:451864	20220406	GO_Central
PTHR23342	PTN001915181	NOT	GO:0003991	acetylglutamate kinase activity	F	PTN000597373	PTHR23342	true	false	taxon:190485	20260601	GO_Central
PTHR23342	PTN001915181	NOT	GO:0005759	mitochondrial matrix	C	PTN000597386	PTHR23342	true	false	taxon:190485	20260828	GO_Central
PTHR23355	PTN008598433	NOT	GO:0000175	3'-5'-RNA exonuclease activity	F	PTN000599170	PTHR23355	true	false	taxon:4895	20240731	GO_Central
PTHR23355	PTN008598433	NOT	GO:0006402	mRNA catabolic process	P	PTN000599171	PTHR23355	true	false	taxon:4895	20260828	GO_Central
PTHR23359	PTN000599579	NOT	GO:0004017	AMP kinase activity	F	PTN000599576	PTHR23359	true	false	taxon:2759	20260529	GO_Central
PTHR23359	PTN002764060	NOT	GO:0004017	AMP kinase activity	F	PTN000599576	PTHR23359	true	false	taxon:117571	20260529	GO_Central
PTHR23359	PTN002764060	NOT	GO:0046899	nucleoside triphosphate adenylate kinase activity	F	PTN008598552	PTHR23359	true	false	taxon:117571	20260529	GO_Central
PTHR23359	PTN002764136	NOT	GO:0004017	AMP kinase activity	F	PTN000599576	PTHR23359	true	false	taxon:117571	20260529	GO_Central
PTHR23359	PTN002764153	NOT	GO:0005739	mitochondrion	C	PTN001916109	PTHR23359	true	false	taxon:243090	20241120	GO_Central
PTHR23406	PTN000601151	NOT	GO:0005739	mitochondrion	C	PTN001157886	PTHR23406	true	false	taxon:7147	20260710	GO_Central
PTHR23406	PTN002764533	NOT	GO:0004473	malate dehydrogenase (decarboxylating) (NADP+) activity	F	PTN000601052	PTHR23406	true	false	taxon:117571	20260710	GO_Central
PTHR23407	PTN001157997	NOT	GO:0030272	5-formyltetrahydrofolate cyclo-ligase activity	F	PTN000601268	PTHR23407	true	false	taxon:6072	20170228	GO_Central
PTHR23407	PTN001157997	NOT	GO:0035999	tetrahydrofolate interconversion	P	PTN000601268	PTHR23407	true	false	taxon:6072	20170228	GO_Central
PTHR23426	PTN000603676	NOT	GO:0005739	mitochondrion	C	PTN000603547	PTHR23426	true	false	taxon:251221	20260828	GO_Central
PTHR23426	PTN001159522	NOT	GO:0005739	mitochondrion	C	PTN000603547	PTHR23426	true	false	taxon:3398	20260828	GO_Central
PTHR23429	PTN001159891	NOT	GO:0005829	cytosol	C	PTN000604429	PTHR23429	true	false	taxon:6072	20230603	GO_Central
PTHR23429	PTN001159959	NOT	GO:0004345	glucose-6-phosphate dehydrogenase activity	F	PTN000604427	PTHR23429	true	true	taxon:3193	20260529	GO_Central
PTHR23429	PTN001159959	NOT	GO:0006006	glucose metabolic process	P	PTN000604427	PTHR23429	true	true	taxon:3193	20211011	GO_Central
PTHR23429	PTN001159959	NOT	GO:0009051	pentose-phosphate shunt, oxidative branch	P	PTN000604427	PTHR23429	true	true	taxon:3193	20241120	GO_Central
PTHR23429	PTN008599524	NOT	GO:0004345	glucose-6-phosphate dehydrogenase activity	F	PTN000604427	PTHR23429	true	true	taxon:4895	20260529	GO_Central
PTHR23429	PTN008599526	NOT	GO:0004345	glucose-6-phosphate dehydrogenase activity	F	PTN000604427	PTHR23429	true	true	taxon:4895	20260529	GO_Central
PTHR23501	PTN001518903	NOT	GO:0005886	plasma membrane	C	PTN000605491	PTHR23501	true	false	taxon:451864	20260529	GO_Central
PTHR23501	PTN001920681	NOT	GO:0005886	plasma membrane	C	PTN000605491	PTHR23501	true	false	taxon:	20260529	GO_Central
PTHR23502	PTN000606679	NOT	GO:0005886	plasma membrane	C	PTN001160522	PTHR23502	true	false	taxon:	20260529	GO_Central
PTHR23502	PTN000607234	NOT	GO:0005886	plasma membrane	C	PTN001160522	PTHR23502	true	false	taxon:	20260529	GO_Central
PTHR23502	PTN001161987	NOT	GO:0005886	plasma membrane	C	PTN001160522	PTHR23502	true	false	taxon:4892	20260529	GO_Central
PTHR23502	PTN002362519	NOT	GO:0005886	plasma membrane	C	PTN001160522	PTHR23502	true	false	taxon:147538	20260529	GO_Central
PTHR23502	PTN002362524	NOT	GO:0005886	plasma membrane	C	PTN001160522	PTHR23502	true	false	taxon:147538	20260529	GO_Central
PTHR23502	PTN002362526	NOT	GO:0005886	plasma membrane	C	PTN001160522	PTHR23502	true	false	taxon:147538	20260529	GO_Central
PTHR23515	PTN004645669	NOT	GO:0005886	plasma membrane	C	PTN009073875	PTHR23515	true	false	taxon:1437183	20260529	GO_Central
PTHR24014	PTN002367040	NOT	GO:0005654	nucleoplasm	C	PTN000612123	PTHR24014	true	false	taxon:6072	20260311	GO_Central
PTHR24023	PTN002771068	NOT	GO:0030020	extracellular matrix structural constituent conferring tensile strength	F	PTN001166351	PTHR24023	true	false	taxon:117571	20230314	GO_Central
PTHR24023	PTN002771186	NOT	GO:0030020	extracellular matrix structural constituent conferring tensile strength	F	PTN001166351	PTHR24023	true	false	taxon:117571	20250131	GO_Central
PTHR24023	PTN002771186	NOT	GO:0031012	extracellular matrix	C	PTN008390299	PTHR24023	true	false	taxon:117571	20260828	GO_Central
PTHR24023	PTN002771221	NOT	GO:0030020	extracellular matrix structural constituent conferring tensile strength	F	PTN001166351	PTHR24023	true	false	taxon:117571	20250131	GO_Central
PTHR24023	PTN002771221	NOT	GO:0031012	extracellular matrix	C	PTN008390299	PTHR24023	true	false	taxon:117571	20260828	GO_Central
PTHR24023	PTN008601260	NOT	GO:0030020	extracellular matrix structural constituent conferring tensile strength	F	PTN001166351	PTHR24023	true	false	taxon:6072	20250131	GO_Central
PTHR24023	PTN008601260	NOT	GO:0031012	extracellular matrix	C	PTN008390299	PTHR24023	true	false	taxon:6072	20260828	GO_Central
PTHR24023	PTN008601499	NOT	GO:0005604	basement membrane	C	PTN002770818	PTHR24023	true	false	taxon:117571	20250131	GO_Central
PTHR24023	PTN008601499	NOT	GO:0030020	extracellular matrix structural constituent conferring tensile strength	F	PTN001166351	PTHR24023	true	false	taxon:117571	20250131	GO_Central
PTHR24023	PTN008601499	NOT	GO:0031012	extracellular matrix	C	PTN008390299	PTHR24023	true	false	taxon:117571	20260828	GO_Central
PTHR24031	PTN002775972	NOT	GO:0005739	mitochondrion	C	PTN002775927	PTHR24031	true	false	taxon:33090	20250412	GO_Central
PTHR24031	PTN002776636	NOT	GO:0005634	nucleus	C	PTN002775593	PTHR24031	true	false	taxon:321614	20260529	GO_Central
PTHR24031	PTN002776636	NOT	GO:0042254	ribosome biogenesis	P	PTN002775593	PTHR24031	true	false	taxon:321614	20220924	GO_Central
PTHR24031	PTN002777153	NOT	GO:0005634	nucleus	C	PTN002777147	PTHR24031	true	false	taxon:	20260803	GO_Central
PTHR24031	PTN002777153	NOT	GO:0010494	cytoplasmic stress granule	C	PTN002777147	PTHR24031	true	false	taxon:	20230406	GO_Central
PTHR24031	PTN002777203	NOT	GO:0010494	cytoplasmic stress granule	C	PTN002777147	PTHR24031	true	false	taxon:7719	20230406	GO_Central
PTHR24031	PTN008602013	NOT	GO:0005634	nucleus	C	PTN002775436	PTHR24031	true	false	taxon:243231	20260529	GO_Central
PTHR24033	PTN002471704	NOT	GO:0005201	extracellular matrix structural constituent	F	PTN008602128	PTHR24033	true	false	taxon:9606	20250703	GO_Central
PTHR24033	PTN002471704	NOT	GO:0005576	extracellular region	C	PTN008602128	PTHR24033	true	false	taxon:9606	20260529	GO_Central
PTHR24033	PTN002778072	NOT	GO:0005201	extracellular matrix structural constituent	F	PTN008602128	PTHR24033	true	false	taxon:6237	20250603	GO_Central
PTHR24033	PTN002778072	NOT	GO:0005576	extracellular region	C	PTN008602128	PTHR24033	true	false	taxon:6237	20260529	GO_Central
PTHR24035	PTN002778606	NOT	GO:0005044	scavenger receptor activity	F	PTN009076277	PTHR24035	true	false	taxon:117571	20250603	GO_Central
PTHR24035	PTN002778606	NOT	GO:0005886	plasma membrane	C	PTN009076277	PTHR24035	true	false	taxon:117571	20260529	GO_Central
PTHR24035	PTN002778606	NOT	GO:0043652	engulfment of apoptotic cell	P	PTN002372116	PTHR24035	true	false	taxon:117571	20250603	GO_Central
PTHR24035	PTN008602325	NOT	GO:0043652	engulfment of apoptotic cell	P	PTN002372116	PTHR24035	true	false	taxon:33213	20250603	GO_Central
PTHR24056	PTN000623095	NOT	GO:0016592	mediator complex	C	PTN000623092	PTHR24056	true	false	taxon:33213	20230512	GO_Central
PTHR24056	PTN000623365	NOT	GO:0000082	G1/S transition of mitotic cell cycle	P	PTN001172488	PTHR24056	true	false	taxon:7227	20260313	GO_Central
PTHR24056	PTN000623365	NOT	GO:0000307	cyclin-dependent protein kinase holoenzyme complex	C	PTN000623092	PTHR24056	true	false	taxon:7227	20260313	GO_Central
PTHR24056	PTN000623365	NOT	GO:0004693	cyclin-dependent protein serine/threonine kinase activity	F	PTN000623092	PTHR24056	true	false	taxon:7227	20260828	GO_Central
PTHR24056	PTN000756102	NOT	GO:0004674	protein serine/threonine kinase activity	F	PTN000623091	PTHR24056	true	false	taxon:2759	20260828	GO_Central
PTHR24056	PTN001172810	NOT	GO:0000307	cyclin-dependent protein kinase holoenzyme complex	C	PTN002373304	PTHR24056	true	true	taxon:684364	20250903	GO_Central
PTHR24056	PTN001172810	NOT	GO:0004693	cyclin-dependent protein serine/threonine kinase activity	F	PTN002373304	PTHR24056	true	false	taxon:684364	20250412	GO_Central
PTHR24056	PTN008603234	NOT	GO:0005634	nucleus	C	PTN000623091	PTHR24056	true	false	taxon:100226	20260828	GO_Central
PTHR24056	PTN008603245	NOT	GO:0000307	cyclin-dependent protein kinase holoenzyme complex	C	PTN000623980	PTHR24056	true	false	taxon:4890	20250903	GO_Central
PTHR24056	PTN008603245	NOT	GO:0004693	cyclin-dependent protein serine/threonine kinase activity	F	PTN000623980	PTHR24056	true	false	taxon:4890	20250729	GO_Central
PTHR24057	PTN000624367	NOT	GO:0004674	protein serine/threonine kinase activity	F	PTN000624299	PTHR24057	true	false	taxon:7227	20250903	GO_Central
PTHR24057	PTN000624367	NOT	GO:0005634	nucleus	C	PTN000624299	PTHR24057	true	false	taxon:7227	20251220	GO_Central
PTHR24057	PTN000624367	NOT	GO:0005829	cytosol	C	PTN001173193	PTHR24057	true	false	taxon:7227	20260828	GO_Central
PTHR24057	PTN000624367	NOT	GO:0007165	signal transduction	P	PTN000624299	PTHR24057	true	false	taxon:7227	20250903	GO_Central
PTHR24057	PTN000624367	NOT	GO:0032436	positive regulation of proteasomal ubiquitin-dependent protein catabolic process	P	PTN001173193	PTHR24057	true	false	taxon:7227	20230926	GO_Central
PTHR24057	PTN000624367	NOT	GO:0090090	negative regulation of canonical Wnt signaling pathway	P	PTN001173193	PTHR24057	true	false	taxon:7227	20250903	GO_Central
PTHR24057	PTN001173215	NOT	GO:0004674	protein serine/threonine kinase activity	F	PTN000624299	PTHR24057	true	false	taxon:6945	20250903	GO_Central
PTHR24057	PTN001173215	NOT	GO:0005634	nucleus	C	PTN000624299	PTHR24057	true	false	taxon:6945	20251220	GO_Central
PTHR24057	PTN001173215	NOT	GO:0005737	cytoplasm	C	PTN000624299	PTHR24057	true	false	taxon:6945	20260828	GO_Central
PTHR24057	PTN001173215	NOT	GO:0005829	cytosol	C	PTN001173193	PTHR24057	true	false	taxon:6945	20260828	GO_Central
PTHR24057	PTN001173215	NOT	GO:0007165	signal transduction	P	PTN000624299	PTHR24057	true	false	taxon:6945	20250903	GO_Central
PTHR24057	PTN001173215	NOT	GO:0032436	positive regulation of proteasomal ubiquitin-dependent protein catabolic process	P	PTN001173193	PTHR24057	true	false	taxon:6945	20230926	GO_Central
PTHR24057	PTN001173215	NOT	GO:0090090	negative regulation of canonical Wnt signaling pathway	P	PTN001173193	PTHR24057	true	false	taxon:6945	20250903	GO_Central
PTHR24057	PTN004657510	NOT	GO:0004674	protein serine/threonine kinase activity	F	PTN000624299	PTHR24057	true	false	taxon:4097	20250903	GO_Central
PTHR24057	PTN004657510	NOT	GO:0005737	cytoplasm	C	PTN000624299	PTHR24057	true	false	taxon:4097	20260828	GO_Central
PTHR24057	PTN004657510	NOT	GO:0007165	signal transduction	P	PTN000624299	PTHR24057	true	false	taxon:4097	20250903	GO_Central
PTHR24057	PTN004657511	NOT	GO:0004674	protein serine/threonine kinase activity	F	PTN000624299	PTHR24057	true	false	taxon:4097	20250903	GO_Central
PTHR24057	PTN004657511	NOT	GO:0005737	cytoplasm	C	PTN000624299	PTHR24057	true	false	taxon:4097	20260828	GO_Central
PTHR24057	PTN004657511	NOT	GO:0007165	signal transduction	P	PTN000624299	PTHR24057	true	false	taxon:4097	20250903	GO_Central
PTHR24060	PTN002373494	NOT	GO:0001640	adenylate cyclase inhibiting G protein-coupled glutamate receptor activity	F	PTN001173582	PTHR24060	true	false	taxon:7227	20211129	GO_Central
PTHR24060	PTN002373530	NOT	GO:0051966	regulation of synaptic transmission, glutamatergic	P	PTN001173581	PTHR24060	true	false	taxon:6669	20190821	GO_Central
PTHR24060	PTN004658103	NOT	GO:0007216	G protein-coupled glutamate receptor signaling pathway	P	PTN001173581	PTHR24060	true	false	taxon:33213	20250903	GO_Central
PTHR24060	PTN004658103	NOT	GO:0051966	regulation of synaptic transmission, glutamatergic	P	PTN001173581	PTHR24060	true	false	taxon:33213	20190821	GO_Central
PTHR24060	PTN008392231	NOT	GO:0001640	adenylate cyclase inhibiting G protein-coupled glutamate receptor activity	F	PTN001173582	PTHR24060	true	false	taxon:33213	20230303	GO_Central
PTHR24060	PTN008392231	NOT	GO:0007216	G protein-coupled glutamate receptor signaling pathway	P	PTN001173581	PTHR24060	true	false	taxon:33213	20250903	GO_Central
PTHR24060	PTN008392231	NOT	GO:0051966	regulation of synaptic transmission, glutamatergic	P	PTN001173581	PTHR24060	true	false	taxon:33213	20230303	GO_Central
PTHR24068	PTN000629507	NOT	GO:0061631	ubiquitin conjugating enzyme activity	F	PTN002514495	PTHR24068	true	true	taxon:2759	20260529	GO_Central
PTHR24068	PTN000630367	NOT	GO:0000209	protein polyubiquitination	P	PTN002514495	PTHR24068	true	false	taxon:2759	20260828	GO_Central
PTHR24068	PTN000630367	NOT	GO:0061631	ubiquitin conjugating enzyme activity	F	PTN002514495	PTHR24068	true	true	taxon:2759	20260529	GO_Central
PTHR24068	PTN002784128	NOT	GO:0061631	ubiquitin conjugating enzyme activity	F	PTN002514495	PTHR24068	true	true	taxon:33317	20260529	GO_Central
PTHR24068	PTN008604416	NOT	GO:0061631	ubiquitin conjugating enzyme activity	F	PTN002514495	PTHR24068	true	true	taxon:35493	20260529	GO_Central
PTHR24072	PTN000633534	NOT	GO:0005886	plasma membrane	C	PTN000632671	PTHR24072	true	false	taxon:2759	20260828	GO_Central
PTHR24072	PTN000633534	NOT	GO:0007015	actin filament organization	P	PTN000632671	PTHR24072	true	false	taxon:2759	20260828	GO_Central
PTHR24072	PTN000633534	NOT	GO:0007165	signal transduction	P	PTN000632671	PTHR24072	true	false	taxon:2759	20260828	GO_Central
PTHR24073	PTN000634199	NOT	GO:0012505	endomembrane system	C	PTN001292747	PTHR24073	true	false	taxon:2759	20260529	GO_Central
PTHR24073	PTN000634696	NOT	GO:0030139	endocytic vesicle	C	PTN000634566	PTHR24073	true	false	taxon:32524	20260529	GO_Central
PTHR24073	PTN001178899	NOT	GO:0045335	phagocytic vesicle	C	PTN000633928	PTHR24073	true	false	taxon:5204	20260304	GO_Central
PTHR24073	PTN001179388	NOT	GO:0005739	mitochondrion	C	PTN000636119	PTHR24073	true	false	taxon:6072	20241120	GO_Central
PTHR24073	PTN002785420	NOT	GO:0006897	endocytosis	P	PTN000634658	PTHR24073	true	false	taxon:117571	20250903	GO_Central
PTHR24098	PTN000647161	NOT	GO:0005929	cilium	C	PTN000645840	PTHR24098	true	false	taxon:32524	20260828	GO_Central
PTHR24098	PTN000647161	NOT	GO:0060271	cilium assembly	P	PTN000645840	PTHR24098	true	false	taxon:32524	20260828	GO_Central
PTHR24103	PTN000715044	NOT	GO:0005737	cytoplasm	C	PTN007774218	PTHR24103	true	false	taxon:32525	20260529	GO_Central
PTHR24103	PTN008394684	NOT	GO:0005737	cytoplasm	C	PTN007774218	PTHR24103	true	false	taxon:9258	20260529	GO_Central
PTHR24104	PTN002789062	NOT	GO:0000209	protein polyubiquitination	P	PTN001188366	PTHR24104	true	false	taxon:6239	20230406	GO_Central
PTHR24104	PTN002789062	NOT	GO:0043161	proteasome-mediated ubiquitin-dependent protein catabolic process	P	PTN001188366	PTHR24104	true	false	taxon:6239	20190807	GO_Central
PTHR24104	PTN002789062	NOT	GO:0061630	ubiquitin protein ligase activity	F	PTN001188366	PTHR24104	true	false	taxon:6239	20260529	GO_Central
PTHR24104	PTN004670338	NOT	GO:0000209	protein polyubiquitination	P	PTN001188366	PTHR24104	true	false	taxon:33317	20230406	GO_Central
PTHR24104	PTN004670338	NOT	GO:0043161	proteasome-mediated ubiquitin-dependent protein catabolic process	P	PTN001188366	PTHR24104	true	false	taxon:33317	20190807	GO_Central
PTHR24104	PTN004670338	NOT	GO:0061630	ubiquitin protein ligase activity	F	PTN001188366	PTHR24104	true	false	taxon:33317	20260529	GO_Central
PTHR24104	PTN004670352	NOT	GO:0000209	protein polyubiquitination	P	PTN001188366	PTHR24104	true	false	taxon:33392	20230406	GO_Central
PTHR24104	PTN004670352	NOT	GO:0043161	proteasome-mediated ubiquitin-dependent protein catabolic process	P	PTN001188366	PTHR24104	true	false	taxon:33392	20190807	GO_Central
PTHR24104	PTN004670352	NOT	GO:0061630	ubiquitin protein ligase activity	F	PTN001188366	PTHR24104	true	false	taxon:33392	20260529	GO_Central
PTHR24106	PTN002789231	NOT	GO:0140678	molecular function inhibitor activity	F	PTN009081784	PTHR24106	true	false	taxon:117571	20260507	GO_Central
PTHR24106	PTN004670420	NOT	GO:0140678	molecular function inhibitor activity	F	PTN009081784	PTHR24106	true	false	taxon:117571	20260507	GO_Central
PTHR24115	PTN008606205	NOT	GO:0007019	microtubule depolymerization	P	PTN000649974	PTHR24115	true	false	taxon:4895	20240206	GO_Central
PTHR24118	PTN000650423	NOT	GO:0003714	transcription corepressor activity	F	PTN008606487	PTHR24118	true	false	taxon:9526	20250618	GO_Central
PTHR24118	PTN000650423	NOT	GO:0005634	nucleus	C	PTN008606487	PTHR24118	true	false	taxon:9526	20250618	GO_Central
PTHR24118	PTN000650423	NOT	GO:0032996	Bcl3-Bcl10 complex	C	PTN008606487	PTHR24118	true	false	taxon:9526	20250618	GO_Central
PTHR24118	PTN000650423	NOT	GO:0033257	Bcl3/NF-kappaB2 complex	C	PTN008606487	PTHR24118	true	false	taxon:9526	20250618	GO_Central
PTHR24118	PTN000650423	NOT	GO:1901222	regulation of non-canonical NF-kappaB signal transduction	P	PTN008606487	PTHR24118	true	false	taxon:9526	20260529	GO_Central
PTHR24124	PTN001194982	NOT	GO:0005634	nucleus	C	PTN001538048	PTHR24124	true	false	taxon:189518	20260529	GO_Central
PTHR24168	PTN002792835	NOT	GO:0005856	cytoskeleton	C	PTN001193150	PTHR24168	true	false	taxon:117571	20251220	GO_Central
PTHR24168	PTN002792835	NOT	GO:0030837	negative regulation of actin filament polymerization	P	PTN001193150	PTHR24168	true	false	taxon:117571	20200330	GO_Central
PTHR24193	PTN002793767	NOT	GO:0005634	nucleus	C	PTN002793882	PTHR24193	true	false	taxon:189518	20251220	GO_Central
PTHR24216	PTN000655374	NOT	GO:0140311	protein sequestering activity	F	PTN000655346	PTHR24216	true	false	taxon:32524	20260507	GO_Central
PTHR24216	PTN007780141	NOT	GO:0140311	protein sequestering activity	F	PTN000655346	PTHR24216	true	false	taxon:117571	20260507	GO_Central
PTHR24221	PTN000657226	NOT	GO:0055085	transmembrane transport	P	PTN000657189	PTHR24221	true	false	taxon:9347	20250903	GO_Central
PTHR24221	PTN000657241	NOT	GO:0055085	transmembrane transport	P	PTN000657189	PTHR24221	true	false	taxon:9347	20250903	GO_Central
PTHR24221	PTN000657258	NOT	GO:0055085	transmembrane transport	P	PTN000657189	PTHR24221	true	false	taxon:13616	20250903	GO_Central
PTHR24221	PTN000657261	NOT	GO:0055085	transmembrane transport	P	PTN000657189	PTHR24221	true	false	taxon:9258	20250903	GO_Central
PTHR24221	PTN001542468	NOT	GO:0055085	transmembrane transport	P	PTN000657189	PTHR24221	true	false	taxon:32561	20250903	GO_Central
PTHR24221	PTN007780675	NOT	GO:0005743	mitochondrial inner membrane	C	PTN000657864	PTHR24221	true	false	taxon:632	20260529	GO_Central
PTHR24229	PTN002796263	NOT	GO:0007218	neuropeptide signaling pathway	P	PTN000659780	PTHR24229	true	false	taxon:33317	20191118	GO_Central
PTHR24229	PTN002796263	NOT	GO:0042923	neuropeptide binding	F	PTN000659780	PTHR24229	true	false	taxon:33317	20260828	GO_Central
PTHR24235	PTN000662954	NOT	GO:0007218	neuropeptide signaling pathway	P	PTN002538187	PTHR24235	true	false	taxon:32524	20250618	GO_Central
PTHR24241	PTN001202519	NOT	GO:0032870	cellular response to hormone stimulus	P	PTN001202348	PTHR24241	true	false	taxon:7739	20241120	GO_Central
PTHR24241	PTN001544204	NOT	GO:0032870	cellular response to hormone stimulus	P	PTN001202348	PTHR24241	true	false	taxon:32524	20241120	GO_Central
PTHR24246	PTN002797791	NOT	GO:0001609	G protein-coupled adenosine receptor activity	F	PTN008610522	PTHR24246	true	false	taxon:117571	20251220	GO_Central
PTHR24247	PTN000664387	NOT	GO:0004993	G protein-coupled serotonin receptor activity	F	PTN000664111	PTHR24247	true	false	taxon:33213	20260828	GO_Central
PTHR24247	PTN000664387	NOT	GO:0030594	neurotransmitter receptor activity	F	PTN000664111	PTHR24247	true	false	taxon:33213	20240620	GO_Central
PTHR24247	PTN000664482	NOT	GO:0004993	G protein-coupled serotonin receptor activity	F	PTN000664111	PTHR24247	true	false	taxon:1206794	20260828	GO_Central
PTHR24247	PTN001207082	NOT	GO:0004993	G protein-coupled serotonin receptor activity	F	PTN000664111	PTHR24247	true	false	taxon:33213	20260828	GO_Central
PTHR24247	PTN008398505	NOT	GO:0016907	G protein-coupled acetylcholine receptor activity	F	PTN001207082	PTHR24247	true	false	taxon:7711	20240620	GO_Central
PTHR24247	PTN008610600	NOT	GO:0004993	G protein-coupled serotonin receptor activity	F	PTN000664111	PTHR24247	true	false	taxon:33213	20260828	GO_Central
PTHR24248	PTN002798212	NOT	GO:0071880	adenylate cyclase-activating adrenergic receptor signaling pathway	P	PTN001205212	PTHR24248	true	false	taxon:117571	20260423	GO_Central
PTHR24261	PTN001546628	NOT	GO:0006508	proteolysis	P	PTN002799862	PTHR24261	true	false	taxon:9526	20260529	GO_Central
PTHR24261	PTN001546628	NOT	GO:0031012	extracellular matrix	C	PTN002799862	PTHR24261	false	false	taxon:9526	20250903	GO_Central
PTHR24261	PTN001546628	NOT	GO:0042730	fibrinolysis	P	PTN002799862	PTHR24261	true	false	taxon:9526	20250627	GO_Central
PTHR24276	PTN000669165	NOT	GO:0004252	serine-type endopeptidase activity	F	PTN001208729	PTHR24276	true	true	taxon:7227	20230704	GO_Central
PTHR24276	PTN007783635	NOT	GO:0004252	serine-type endopeptidase activity	F	PTN001208729	PTHR24276	true	true	taxon:7227	20230704	GO_Central
PTHR24320	PTN008613102	NOT	GO:0008106	alcohol dehydrogenase (NADP+) activity	F	PTN000673029	PTHR24320	true	false	taxon:451864	20260617	GO_Central
PTHR24341	PTN000678716	NOT	GO:0030182	neuron differentiation	P	PTN000678675	PTHR24341	true	false	taxon:9347	20250903	GO_Central
PTHR24343	PTN000679732	NOT	GO:0042149	cellular response to glucose starvation	P	PTN002804299	PTHR24343	true	false	taxon:284812	20260114	GO_Central
PTHR24345	PTN008613832	NOT	GO:0004674	protein serine/threonine kinase activity	F	PTN000679870	PTHR24345	true	false	taxon:32523	20250903	GO_Central
PTHR24353	PTN008614642	NOT	GO:0070293	renal absorption	P	PTN002806706	PTHR24353	true	false	taxon:9526	20260506	GO_Central
PTHR24356	PTN000683603	NOT	GO:0007010	cytoskeleton organization	P	PTN007797505	PTHR24356	true	false	taxon:32443	20170228	GO_Central
PTHR24356	PTN001220372	NOT	GO:0007163	establishment or maintenance of cell polarity	P	PTN000684318	PTHR24356	true	false	taxon:33511	20250408	GO_Central
PTHR24356	PTN001968524	NOT	GO:0007346	regulation of mitotic cell cycle	P	PTN008614785	PTHR24356	true	false	taxon:	20250412	GO_Central
PTHR24356	PTN008614897	NOT	GO:0000910	cytokinesis	P	PTN008614896	PTHR24356	true	false	taxon:4895	20260112	GO_Central
PTHR24356	PTN008614897	NOT	GO:0007096	regulation of exit from mitosis	P	PTN008614896	PTHR24356	true	false	taxon:4895	20260112	GO_Central
PTHR24356	PTN008614897	NOT	GO:0034973	Sid2-Mob1 complex	C	PTN008614896	PTHR24356	true	false	taxon:4895	20260112	GO_Central
PTHR24361	PTN001220758	NOT	GO:0004674	protein serine/threonine kinase activity	F	PTN004700021	PTHR24361	true	true	taxon:5654	20250904	GO_Central
PTHR24361	PTN002390941	NOT	GO:0004674	protein serine/threonine kinase activity	F	PTN004700021	PTHR24361	true	true	taxon:237631	20250904	GO_Central
PTHR24361	PTN004698509	NOT	GO:0004674	protein serine/threonine kinase activity	F	PTN004700021	PTHR24361	true	true	taxon:	20250904	GO_Central
PTHR24361	PTN004700028	NOT	GO:0004674	protein serine/threonine kinase activity	F	PTN004700021	PTHR24361	true	true	taxon:3055	20250904	GO_Central
PTHR24361	PTN007798220	NOT	GO:0004674	protein serine/threonine kinase activity	F	PTN004700021	PTHR24361	true	true	taxon:2759	20250904	GO_Central
PTHR24361	PTN008614969	NOT	GO:0004674	protein serine/threonine kinase activity	F	PTN004700021	PTHR24361	true	true	taxon:	20250904	GO_Central
PTHR24372	PTN002809225	NOT	GO:0007189	adenylate cyclase-activating G protein-coupled receptor signaling pathway	P	PTN000689980	PTHR24372	true	false	taxon:117571	20220316	GO_Central
PTHR24372	PTN002809225	NOT	GO:0008528	G protein-coupled peptide receptor activity	F	PTN000689980	PTHR24372	true	false	taxon:117571	20220316	GO_Central
PTHR24372	PTN002809225	NOT	GO:0009755	hormone-mediated signaling pathway	P	PTN000689980	PTHR24372	true	false	taxon:117571	20220316	GO_Central
PTHR24372	PTN002809236	NOT	GO:0007189	adenylate cyclase-activating G protein-coupled receptor signaling pathway	P	PTN000689980	PTHR24372	true	false	taxon:117571	20220316	GO_Central
PTHR24372	PTN002809236	NOT	GO:0008528	G protein-coupled peptide receptor activity	F	PTN000689980	PTHR24372	true	false	taxon:117571	20220316	GO_Central
PTHR24372	PTN002809236	NOT	GO:0009755	hormone-mediated signaling pathway	P	PTN000689980	PTHR24372	true	false	taxon:117571	20220316	GO_Central
PTHR24373	PTN008615507	NOT	GO:0005886	plasma membrane	C	PTN001224703	PTHR24373	true	false	taxon:7711	20260529	GO_Central
PTHR24373	PTN008615548	NOT	GO:0005886	plasma membrane	C	PTN001224703	PTHR24373	true	false	taxon:117571	20260529	GO_Central
PTHR24373	PTN009094619	NOT	GO:0005886	plasma membrane	C	PTN001224703	PTHR24373	true	false	taxon:33317	20260529	GO_Central
PTHR24376	PTN008615686	NOT	GO:0000976	transcription cis-regulatory region binding	F	PTN009094639	PTHR24376	true	false	taxon:32525	20250603	GO_Central
PTHR24381	PTN001226317	NOT	GO:0005634	nucleus	C	PTN002810224	PTHR24381	true	false	taxon:10090	20260828	GO_Central
PTHR24416	PTN002400653	NOT	GO:0004714	transmembrane receptor protein tyrosine kinase activity	F	PTN001230349	PTHR24416	true	true	taxon:6237	20260828	GO_Central
PTHR24416	PTN002400653	NOT	GO:0005886	plasma membrane	C	PTN001230349	PTHR24416	true	false	taxon:6237	20260828	GO_Central
PTHR24416	PTN002400653	NOT	GO:0007169	cell surface receptor protein tyrosine kinase signaling pathway	P	PTN001230349	PTHR24416	true	true	taxon:6237	20260828	GO_Central
PTHR24416	PTN002400653	NOT	GO:0043235	signaling receptor complex	C	PTN001230349	PTHR24416	true	false	taxon:6237	20260828	GO_Central
PTHR24416	PTN002814617	NOT	GO:0004714	transmembrane receptor protein tyrosine kinase activity	F	PTN001230349	PTHR24416	true	true	taxon:117571	20260828	GO_Central
PTHR24416	PTN002814831	NOT	GO:0005886	plasma membrane	C	PTN001230349	PTHR24416	true	false	taxon:117571	20260828	GO_Central
PTHR24416	PTN002814831	NOT	GO:0007169	cell surface receptor protein tyrosine kinase signaling pathway	P	PTN001230349	PTHR24416	true	true	taxon:117571	20260828	GO_Central
PTHR24416	PTN002814831	NOT	GO:0043235	signaling receptor complex	C	PTN001230349	PTHR24416	true	false	taxon:117571	20260828	GO_Central
PTHR24416	PTN008618303	NOT	GO:0042593	glucose homeostasis	P	PTN000699611	PTHR24416	true	false	taxon:32523	20230603	GO_Central
PTHR24416	PTN008618303	NOT	GO:0043410	positive regulation of MAPK cascade	P	PTN000699611	PTHR24416	true	false	taxon:32523	20250412	GO_Central
PTHR24416	PTN008618303	NOT	GO:0046328	regulation of JNK cascade	P	PTN002814784	PTHR24416	true	false	taxon:32523	20181027	GO_Central
PTHR24416	PTN008618303	NOT	GO:0048009	insulin-like growth factor receptor signaling pathway	P	PTN002814784	PTHR24416	true	false	taxon:32523	20260828	GO_Central
PTHR24416	PTN008618303	NOT	GO:0051897	positive regulation of phosphatidylinositol 3-kinase/protein kinase B signal transduction	P	PTN000699611	PTHR24416	true	false	taxon:32523	20231108	GO_Central
PTHR24418	PTN000700386	NOT	GO:0050852	T cell receptor signaling pathway	P	PTN000700360	PTHR24418	true	false	taxon:32524	20170228	GO_Central
PTHR24418	PTN000700581	NOT	GO:0004713	protein tyrosine kinase activity	F	PTN002521457	PTHR24418	true	true	taxon:6239	20260828	GO_Central
PTHR24418	PTN000700581	NOT	GO:0004715	non-membrane spanning protein tyrosine kinase activity	F	PTN002400754	PTHR24418	true	false	taxon:6239	20240731	GO_Central
PTHR24418	PTN000700756	NOT	GO:0004715	non-membrane spanning protein tyrosine kinase activity	F	PTN001231168	PTHR24418	true	false	taxon:6237	20230227	GO_Central
PTHR24418	PTN000701347	NOT	GO:0004713	protein tyrosine kinase activity	F	PTN002521457	PTHR24418	true	true	taxon:7227	20260828	GO_Central
PTHR24418	PTN000701348	NOT	GO:0004715	non-membrane spanning protein tyrosine kinase activity	F	PTN001231168	PTHR24418	true	false	taxon:7165	20230227	GO_Central
PTHR24418	PTN000764966	NOT	GO:0050853	B cell receptor signaling pathway	P	PTN000700360	PTHR24418	true	false	taxon:32525	20221008	GO_Central
PTHR24418	PTN001975486	NOT	GO:0004715	non-membrane spanning protein tyrosine kinase activity	F	PTN002400754	PTHR24418	true	false	taxon:54126	20240731	GO_Central
PTHR24418	PTN002400591	NOT	GO:0004715	non-membrane spanning protein tyrosine kinase activity	F	PTN002521528	PTHR24418	true	true	taxon:81824	20241120	GO_Central
PTHR24418	PTN002815349	NOT	GO:0002250	adaptive immune response	P	PTN002815343	PTHR24418	true	false	taxon:9258	20231102	GO_Central
PTHR24419	PTN001563257	NOT	GO:0035556	intracellular signal transduction	P	PTN000784925	PTHR24419	true	false	taxon:7227	20260529	GO_Central
PTHR24419	PTN002401141	NOT	GO:0000278	mitotic cell cycle	P	PTN000784925	PTHR24419	true	false	taxon:6072	20230406	GO_Central
PTHR24419	PTN002401141	NOT	GO:0072354	histone H3T3 kinase activity	F	PTN000784925	PTHR24419	true	false	taxon:6072	20250412	GO_Central
PTHR25462	PTN008619091	NOT	GO:0061630	ubiquitin protein ligase activity	F	PTN008619076	PTHR25462	true	false	taxon:117571	20241120	GO_Central
PTHR27008	PTN001996568	NOT	GO:0004674	protein serine/threonine kinase activity	F	PTN008622302	PTHR27008	true	false	taxon:1437201	20250925	GO_Central
PTHR28019	PTN004734103	NOT	GO:0005886	plasma membrane	C	PTN001997551	PTHR28019	true	false	taxon:2952368	20260311	GO_Central
PTHR28019	PTN004734103	NOT	GO:0031505	fungal-type cell wall organization	P	PTN001997551	PTHR28019	true	false	taxon:2952368	20260311	GO_Central
PTHR28082	PTN001998906	NOT	GO:0005758	mitochondrial intermembrane space	C	PTN001998896	PTHR28082	true	false	taxon:93061	20240305	GO_Central
PTHR28082	PTN001998906	NOT	GO:0045041	protein import into mitochondrial intermembrane space	P	PTN001998896	PTHR28082	true	false	taxon:93061	20240305	GO_Central
PTHR28145	PTN002821736	NOT	GO:0005768	endosome	C	PTN001999659	PTHR28145	true	false	taxon:237561	20260407	GO_Central
PTHR28145	PTN002821736	NOT	GO:0005886	plasma membrane	C	PTN001999659	PTHR28145	true	false	taxon:237561	20260407	GO_Central
PTHR28145	PTN002821736	NOT	GO:0007009	plasma membrane organization	P	PTN001999659	PTHR28145	true	false	taxon:237561	20260407	GO_Central
PTHR28242	PTN002407913	NOT	GO:0005634	nucleus	C	PTN002000688	PTHR28242	true	false	taxon:208964	20260828	GO_Central
PTHR28298	PTN002001654	NOT	GO:0032126	eisosome	C	PTN002001648	PTHR28298	true	false	taxon:559292	20260424	GO_Central
PTHR28298	PTN002001654	NOT	GO:0070941	eisosome assembly	P	PTN002001648	PTHR28298	true	false	taxon:559292	20260424	GO_Central
PTHR28540	PTN002004007	NOT	GO:0043065	positive regulation of apoptotic process	P	PTN002822469	PTHR28540	true	false	taxon:7955	20260828	GO_Central
PTHR28540	PTN002004007	NOT	GO:0097138	BAD-BCL-2 complex	C	PTN002822469	PTHR28540	true	false	taxon:7955	20250624	GO_Central
PTHR28540	PTN002004007	NOT	GO:0097191	extrinsic apoptotic signaling pathway	P	PTN002822469	PTHR28540	true	false	taxon:7955	20250624	GO_Central
PTHR28540	PTN002004007	NOT	GO:0140608	cysteine-type endopeptidase activator activity	F	PTN002822469	PTHR28540	true	false	taxon:7955	20250624	GO_Central
PTHR30033	PTN004738397	NOT	GO:0044780	bacterial-type flagellum assembly	P	PTN000768991	PTHR30033	true	false	taxon:3988	20260304	GO_Central
PTHR30033	PTN004738398	NOT	GO:0044780	bacterial-type flagellum assembly	P	PTN000768991	PTHR30033	true	false	taxon:3988	20260304	GO_Central
PTHR30036	PTN004738402	NOT	GO:0030288	outer membrane-bounded periplasmic space	C	PTN001247193	PTHR30036	true	false	taxon:3988	20240305	GO_Central
PTHR30042	PTN004738423	NOT	GO:0005886	plasma membrane	C	PTN001247299	PTHR30042	true	false	taxon:3635	20260424	GO_Central
PTHR30050	PTN001247363	NOT	GO:0005886	plasma membrane	C	PTN000769352	PTHR30050	true	false	taxon:1236	20260529	GO_Central
PTHR30050	PTN002524134	NOT	GO:0003688	DNA replication origin binding	F	PTN001574578	PTHR30050	true	false	taxon:1224	20260424	GO_Central
PTHR30050	PTN002524134	NOT	GO:0006270	DNA replication initiation	P	PTN001574578	PTHR30050	true	false	taxon:1224	20260424	GO_Central
PTHR30069	PTN004738974	NOT	GO:0009279	cell outer membrane	C	PTN002824128	PTHR30069	true	false	taxon:3988	20240731	GO_Central
PTHR30069	PTN004739012	NOT	GO:0015344	siderophore uptake transmembrane transporter activity	F	PTN004738955	PTHR30069	true	false	taxon:	20191205	GO_Central
PTHR30069	PTN004739012	NOT	GO:0044718	siderophore transmembrane transport	P	PTN004738955	PTHR30069	true	false	taxon:	20200930	GO_Central
PTHR30069	PTN004739013	NOT	GO:0009279	cell outer membrane	C	PTN002824128	PTHR30069	true	false	taxon:3988	20240731	GO_Central
PTHR30071	PTN008624019	NOT	GO:0005886	plasma membrane	C	PTN001247822	PTHR30071	true	false	taxon:2759	20260529	GO_Central
PTHR30071	PTN008624028	NOT	GO:0005886	plasma membrane	C	PTN001247822	PTHR30071	true	false	taxon:	20260529	GO_Central
PTHR30085	PTN001826704	NOT	GO:0030288	outer membrane-bounded periplasmic space	C	PTN001247907	PTHR30085	true	false	taxon:6945	20240305	GO_Central
PTHR30093	PTN004739243	NOT	GO:0043107	type IV pilus-dependent motility	P	PTN002013003	PTHR30093	true	false	taxon:3988	20260304	GO_Central
PTHR30093	PTN004739243	NOT	GO:0044096	type IV pilus	C	PTN002013003	PTHR30093	true	false	taxon:3988	20260304	GO_Central
PTHR30093	PTN004739244	NOT	GO:0043107	type IV pilus-dependent motility	P	PTN002013003	PTHR30093	true	false	taxon:3988	20260304	GO_Central
PTHR30093	PTN004739244	NOT	GO:0044096	type IV pilus	C	PTN002013003	PTHR30093	true	false	taxon:3988	20260304	GO_Central
PTHR30097	PTN004739369	NOT	GO:0015679	plasma membrane copper ion transport	P	PTN000751006	PTHR30097	true	false	taxon:3988	20240305	GO_Central
PTHR30097	PTN004739369	NOT	GO:0030288	outer membrane-bounded periplasmic space	C	PTN002824237	PTHR30097	true	false	taxon:3988	20240305	GO_Central
PTHR30097	PTN004739369	NOT	GO:0030313	cell envelope	C	PTN000751006	PTHR30097	true	false	taxon:3988	20240305	GO_Central
PTHR30097	PTN004739369	NOT	GO:0046914	transition metal ion binding	F	PTN002824237	PTHR30097	true	false	taxon:3988	20240305	GO_Central
PTHR30097	PTN004739369	NOT	GO:0060003	copper ion export	P	PTN000751006	PTHR30097	true	false	taxon:3988	20240305	GO_Central
PTHR30097	PTN004739371	NOT	GO:0015679	plasma membrane copper ion transport	P	PTN000751006	PTHR30097	true	false	taxon:3988	20240305	GO_Central
PTHR30097	PTN004739371	NOT	GO:0030288	outer membrane-bounded periplasmic space	C	PTN002824237	PTHR30097	true	false	taxon:3988	20240305	GO_Central
PTHR30097	PTN004739371	NOT	GO:0030313	cell envelope	C	PTN000751006	PTHR30097	true	false	taxon:3988	20240305	GO_Central
PTHR30097	PTN004739371	NOT	GO:0046914	transition metal ion binding	F	PTN002824237	PTHR30097	true	false	taxon:3988	20240305	GO_Central
PTHR30097	PTN004739371	NOT	GO:0060003	copper ion export	P	PTN000751006	PTHR30097	true	false	taxon:3988	20240305	GO_Central
PTHR30154	PTN004739732	NOT	GO:0005829	cytosol	C	PTN002524296	PTHR30154	true	false	taxon:3635	20260429	GO_Central
PTHR30188	PTN001575509	NOT	GO:0005886	plasma membrane	C	PTN000766204	PTHR30188	true	false	taxon:33090	20230111	GO_Central
PTHR30189	PTN008624293	NOT	GO:0009279	cell outer membrane	C	PTN001249597	PTHR30189	true	false	taxon:3988	20240305	GO_Central
PTHR30189	PTN008624294	NOT	GO:0009279	cell outer membrane	C	PTN001249597	PTHR30189	true	false	taxon:3988	20240305	GO_Central
PTHR30213	PTN004739919	NOT	GO:0005886	plasma membrane	C	PTN001249825	PTHR30213	true	false	taxon:3988	20240912	GO_Central
PTHR30213	PTN004739919	NOT	GO:0015920	lipopolysaccharide transport	P	PTN001249843	PTHR30213	true	false	taxon:3988	20240912	GO_Central
PTHR30251	PTN004740455	NOT	GO:0006457	protein folding	P	PTN004740452	PTHR30251	true	false	taxon:3988	20250904	GO_Central
PTHR30251	PTN004740455	NOT	GO:0030288	outer membrane-bounded periplasmic space	C	PTN004740452	PTHR30251	true	false	taxon:3988	20240827	GO_Central
PTHR30251	PTN004740455	NOT	GO:0044183	protein folding chaperone	F	PTN004740452	PTHR30251	true	false	taxon:3988	20240827	GO_Central
PTHR30288	PTN004740641	NOT	GO:0009421	bacterial-type flagellum filament cap	C	PTN000767631	PTHR30288	true	false	taxon:3988	20240305	GO_Central
PTHR30288	PTN004740641	NOT	GO:0071973	bacterial-type flagellum-dependent cell motility	P	PTN000767631	PTHR30288	true	false	taxon:3988	20240305	GO_Central
PTHR30288	PTN004740642	NOT	GO:0009421	bacterial-type flagellum filament cap	C	PTN000767631	PTHR30288	true	false	taxon:3988	20240305	GO_Central
PTHR30288	PTN004740642	NOT	GO:0071973	bacterial-type flagellum-dependent cell motility	P	PTN000767631	PTHR30288	true	false	taxon:3988	20240305	GO_Central
PTHR30313	PTN001250920	NOT	GO:0005737	cytoplasm	C	PTN001250916	PTHR30313	true	false	taxon:35128	20260429	GO_Central
PTHR30313	PTN001250920	NOT	GO:1990156	DnaB-DnaG complex	C	PTN001250916	PTHR30313	true	false	taxon:35128	20260429	GO_Central
PTHR30314	PTN000768287	NOT	GO:0032153	cell division site	C	PTN000768275	PTHR30314	true	false	taxon:33090	20170228	GO_Central
PTHR30314	PTN000768287	NOT	GO:0051301	cell division	P	PTN000768275	PTHR30314	true	false	taxon:33090	20200809	GO_Central
PTHR30314	PTN001250951	NOT	GO:0000935	division septum	C	PTN000768297	PTHR30314	true	false	taxon:33634	20260429	GO_Central
PTHR30332	PTN009110348	NOT	GO:0009306	protein secretion	P	PTN001251149	PTHR30332	true	false	taxon:3880	20260210	GO_Central
PTHR30332	PTN009110348	NOT	GO:0030254	protein secretion by the type III secretion system	P	PTN009110345	PTHR30332	true	false	taxon:3880	20260210	GO_Central
PTHR30332	PTN009110348	NOT	GO:0030257	type III protein secretion system complex	C	PTN009110345	PTHR30332	true	false	taxon:3880	20260210	GO_Central
PTHR30372	PTN008624796	NOT	GO:0019897	extrinsic component of plasma membrane	C	PTN000769507	PTHR30372	true	false	taxon:35493	20260506	GO_Central
PTHR30435	PTN004741605	NOT	GO:0009288	bacterial-type flagellum	C	PTN000764839	PTHR30435	true	false	taxon:	20240305	GO_Central
PTHR30435	PTN004741605	NOT	GO:0071978	bacterial-type flagellum-dependent swarming motility	P	PTN000764839	PTHR30435	true	false	taxon:	20240305	GO_Central
PTHR30435	PTN008624961	NOT	GO:0009288	bacterial-type flagellum	C	PTN000764839	PTHR30435	true	false	taxon:3988	20260304	GO_Central
PTHR30435	PTN008624961	NOT	GO:0071978	bacterial-type flagellum-dependent swarming motility	P	PTN000764839	PTHR30435	true	false	taxon:3988	20260304	GO_Central
PTHR30435	PTN008624968	NOT	GO:0009288	bacterial-type flagellum	C	PTN000764839	PTHR30435	true	false	taxon:2	20240305	GO_Central
PTHR30435	PTN008624968	NOT	GO:0071978	bacterial-type flagellum-dependent swarming motility	P	PTN000764839	PTHR30435	true	false	taxon:2	20240305	GO_Central
PTHR30443	PTN002019546	NOT	GO:0009244	lipopolysaccharide core region biosynthetic process	P	PTN000764902	PTHR30443	true	false	taxon:543	20260506	GO_Central
PTHR30443	PTN002019546	NOT	GO:0016776	phosphotransferase activity, phosphate group as acceptor	F	PTN000764902	PTHR30443	true	false	taxon:543	20170228	GO_Central
PTHR30472	PTN000767081	NOT	GO:0033214	siderophore-iron import into cell	P	PTN001253116	PTHR30472	true	false	taxon:1236	20240731	GO_Central
PTHR30520	PTN000775620	NOT	GO:0015513	high-affinity secondary active nitrite transmembrane transporter activity	F	PTN000775604	PTHR30520	true	false	taxon:2	20230406	GO_Central
PTHR30520	PTN000775620	NOT	GO:0015707	nitrite transport	P	PTN000775604	PTHR30520	true	false	taxon:2	20240731	GO_Central
PTHR30546	PTN000777393	NOT	GO:0003955	NAD(P)H dehydrogenase (quinone) activity	F	PTN000777387	PTHR30546	true	false	taxon:559292	20260529	GO_Central
PTHR30546	PTN000777395	NOT	GO:0003955	NAD(P)H dehydrogenase (quinone) activity	F	PTN000777387	PTHR30546	true	false	taxon:559292	20260529	GO_Central
PTHR30618	PTN004745693	NOT	GO:0015505	uracil:monoatomic cation symporter activity	F	PTN001255623	PTHR30618	true	false	taxon:	20260506	GO_Central
PTHR30618	PTN004745693	NOT	GO:0098721	uracil import across plasma membrane	P	PTN001255623	PTHR30618	true	false	taxon:	20260506	GO_Central
PTHR31283	PTN002831107	NOT	GO:0000408	EKC/KEOPS complex	C	PTN001582375	PTHR31283	true	false	taxon:9526	20260828	GO_Central
PTHR31285	PTN002040525	NOT	GO:0005634	nucleus	C	PTN000778916	PTHR31285	true	false	taxon:324602	20240305	GO_Central
PTHR31308	PTN001262981	NOT	GO:0050295	steryl-beta-glucosidase activity	F	PTN001262977	PTHR31308	true	false	taxon:237561	20260513	GO_Central
PTHR31308	PTN001262981	NOT	GO:1904462	ergosteryl 3-beta-D-glucoside catabolic process	P	PTN001262977	PTHR31308	true	false	taxon:237561	20260513	GO_Central
PTHR31316	PTN008632229	NOT	GO:0000920	septum digestion after cytokinesis	P	PTN000770473	PTHR31316	true	false	taxon:4895	20260513	GO_Central
PTHR31316	PTN008632229	NOT	GO:0009277	fungal-type cell wall	C	PTN000770473	PTHR31316	true	false	taxon:4895	20260513	GO_Central
PTHR31316	PTN008632229	NOT	GO:0031505	fungal-type cell wall organization	P	PTN000770473	PTHR31316	true	false	taxon:4895	20260513	GO_Central
PTHR31316	PTN008632229	NOT	GO:0042973	glucan endo-1,3-beta-D-glucosidase activity	F	PTN000770473	PTHR31316	true	false	taxon:4895	20260513	GO_Central
PTHR31342	PTN000772256	NOT	GO:0055028	cortical microtubule	C	PTN008632601	PTHR31342	true	false	taxon:3398	20240305	GO_Central
PTHR31342	PTN000772256	NOT	GO:0072699	protein localization to cortical microtubule cytoskeleton	P	PTN008632601	PTHR31342	true	false	taxon:3398	20240305	GO_Central
PTHR31344	PTN008632637	NOT	GO:0006999	nuclear pore organization	P	PTN004808172	PTHR31344	true	false	taxon:35493	20260513	GO_Central
PTHR31344	PTN008632637	NOT	GO:0017056	structural constituent of nuclear pore	F	PTN004808172	PTHR31344	true	false	taxon:35493	20260513	GO_Central
PTHR31344	PTN008632637	NOT	GO:0044611	nuclear pore inner ring	C	PTN004808172	PTHR31344	true	false	taxon:35493	20260513	GO_Central
PTHR31352	PTN002044168	NOT	GO:0005983	starch catabolic process	P	PTN002044125	PTHR31352	true	false	taxon:3398	20250904	GO_Central
PTHR31352	PTN002044168	NOT	GO:0016161	beta-amylase activity	F	PTN008632712	PTHR31352	true	false	taxon:3398	20260529	GO_Central
PTHR31352	PTN004809671	NOT	GO:0005983	starch catabolic process	P	PTN002044125	PTHR31352	true	false	taxon:1437183	20250904	GO_Central
PTHR31352	PTN004809671	NOT	GO:0016161	beta-amylase activity	F	PTN008632712	PTHR31352	true	false	taxon:1437183	20260529	GO_Central
PTHR31352	PTN007870725	NOT	GO:0016161	beta-amylase activity	F	PTN008632712	PTHR31352	true	false	taxon:71240	20260529	GO_Central
PTHR31468	PTN001266471	NOT	GO:0042124	1,3-beta-glucanosyltransferase activity	F	PTN001266466	PTHR31468	true	false	taxon:4892	20220924	GO_Central
PTHR31468	PTN008634409	NOT	GO:0009277	fungal-type cell wall	C	PTN001266432	PTHR31468	true	false	taxon:4895	20250904	GO_Central
PTHR31468	PTN008634409	NOT	GO:0031505	fungal-type cell wall organization	P	PTN001266432	PTHR31468	true	false	taxon:4895	20250904	GO_Central
PTHR31488	PTN001266831	NOT	GO:0005789	endoplasmic reticulum membrane	C	PTN001266774	PTHR31488	true	false	taxon:32525	20250904	GO_Central
PTHR31492	PTN001266981	NOT	GO:0000128	flocculation	P	PTN002418489	PTHR31492	true	false	taxon:284812	20260112	GO_Central
PTHR31492	PTN001585355	NOT	GO:0000128	flocculation	P	PTN002418489	PTHR31492	true	false	taxon:284812	20260112	GO_Central
PTHR31774	PTN002838860	NOT	GO:0032281	AMPA glutamate receptor complex	C	PTN000779584	PTHR31774	true	false	taxon:117571	20240919	GO_Central
PTHR31774	PTN002838860	NOT	GO:0048172	regulation of short-term neuronal synaptic plasticity	P	PTN000779584	PTHR31774	true	false	taxon:117571	20240418	GO_Central
PTHR31793	PTN001273713	NOT	GO:0047617	fatty acyl-CoA hydrolase activity	F	PTN001273712	PTHR31793	true	false	taxon:33090	20190502	GO_Central
PTHR31803	PTN007919511	NOT	GO:0005739	mitochondrion	C	PTN000780898	PTHR31803	true	false	taxon:251221	20250904	GO_Central
PTHR31921	PTN001276713	NOT	GO:0005813	centrosome	C	PTN001276686	PTHR31921	true	false	taxon:684364	20260803	GO_Central
PTHR31921	PTN001276713	NOT	GO:1902017	regulation of cilium assembly	P	PTN001276686	PTHR31921	true	false	taxon:684364	20260803	GO_Central
PTHR31956	PTN008642411	NOT	GO:0004629	C-type glycerophospholipase activity	F	PTN001277539	PTHR31956	true	false	taxon:71240	20260513	GO_Central
PTHR31956	PTN008642411	NOT	GO:0009395	phospholipid catabolic process	P	PTN002074376	PTHR31956	true	false	taxon:71240	20260513	GO_Central
PTHR31962	PTN008642458	NOT	GO:0005886	plasma membrane	C	PTN001277613	PTHR31962	true	false	taxon:4895	20240704	GO_Central
PTHR31962	PTN008642458	NOT	GO:0036286	eisosome filament	C	PTN001277613	PTHR31962	true	false	taxon:4895	20240704	GO_Central
PTHR31962	PTN008642458	NOT	GO:0070941	eisosome assembly	P	PTN001277613	PTHR31962	true	false	taxon:4895	20241120	GO_Central
PTHR32227	PTN001283298	NOT	GO:0005886	plasma membrane	C	PTN000796383	PTHR32227	true	false	taxon:3193	20260828	GO_Central
PTHR32268	PTN008645996	NOT	GO:0004414	homoserine O-acetyltransferase activity	F	PTN000791315	PTHR32268	true	false	taxon:2759	20260529	GO_Central
PTHR32268	PTN008645996	NOT	GO:0071265	L-methionine biosynthetic process	P	PTN000791315	PTHR32268	true	false	taxon:2759	20260529	GO_Central
PTHR32282	PTN001283972	NOT	GO:0008955	peptidoglycan glycosyltransferase activity	F	PTN001283970	PTHR32282	true	false	taxon:684364	20260529	GO_Central
PTHR32282	PTN001283972	NOT	GO:0009252	peptidoglycan biosynthetic process	P	PTN001283969	PTHR32282	true	false	taxon:684364	20240305	GO_Central
PTHR32282	PTN001283972	NOT	GO:0030288	outer membrane-bounded periplasmic space	C	PTN001283969	PTHR32282	true	false	taxon:684364	20240305	GO_Central
PTHR32494	PTN001336167	NOT	GO:0000256	allantoin catabolic process	P	PTN000789384	PTHR32494	true	false	taxon:33090	20260828	GO_Central
PTHR32494	PTN001336167	NOT	GO:0047652	allantoate deiminase activity	F	PTN000789384	PTHR32494	true	false	taxon:33090	20260529	GO_Central
PTHR33101	PTN002103533	NOT	GO:0005085	guanyl-nucleotide exchange factor activity	F	PTN008650108	PTHR33101	true	false	taxon:3398	20240919	GO_Central
PTHR33102	PTN002103594	NOT	GO:0005886	plasma membrane	C	PTN002530073	PTHR33102	true	false	taxon:3702	20251024	GO_Central
PTHR33147	PTN002107823	NOT	GO:0006952	defense response	P	PTN008651618	PTHR33147	true	false	taxon:4479	20260529	GO_Central
PTHR33147	PTN008651627	NOT	GO:0006952	defense response	P	PTN008651618	PTHR33147	true	false	taxon:7227	20260529	GO_Central
PTHR33175	PTN004982349	NOT	GO:0032993	protein-DNA complex	C	PTN002110664	PTHR33175	true	false	taxon:3988	20260527	GO_Central
PTHR33175	PTN004982349	NOT	GO:1990177	IHF-DNA complex	C	PTN002110693	PTHR33175	true	false	taxon:3988	20260527	GO_Central
PTHR33269	PTN002115829	NOT	GO:0045271	respiratory chain complex I	C	PTN004990314	PTHR33269	false	false	taxon:1117	20240801	GO_Central
PTHR33284	PTN002116479	NOT	GO:0022625	cytosolic large ribosomal subunit	C	PTN002116473	PTHR33284	true	false	taxon:3398	20260527	GO_Central
PTHR33414	PTN009145022	NOT	GO:0009637	response to blue light	P	PTN008656333	PTHR33414	true	false	taxon:1437201	20251002	GO_Central
PTHR33414	PTN009145022	NOT	GO:0009903	chloroplast avoidance movement	P	PTN008656333	PTHR33414	true	false	taxon:1437201	20251002	GO_Central
PTHR33414	PTN009145022	NOT	GO:0031022	nuclear migration along microfilament	P	PTN008656333	PTHR33414	true	false	taxon:1437201	20251002	GO_Central
PTHR33514	PTN002127858	NOT	GO:0005886	plasma membrane	C	PTN002127827	PTHR33514	true	false	taxon:33090	20180110	GO_Central
PTHR33692	PTN008438782	NOT	GO:0005829	cytosol	C	PTN002134597	PTHR33692	true	false	taxon:2698737	20241010	GO_Central
PTHR33694	PTN008658623	NOT	GO:0005737	cytoplasm	C	PTN002134692	PTHR33694	true	false	taxon:35493	20260828	GO_Central
PTHR33753	PTN002435528	NOT	GO:0016162	cellulose 1,4-beta-cellobiosidase activity	F	PTN002137241	PTHR33753	true	false	taxon:147538	20241010	GO_Central
PTHR33865	PTN002140321	NOT	GO:0097546	ciliary base	C	PTN002140266	PTHR33865	true	false	taxon:3218	20190322	GO_Central
PTHR33974	PTN005032341	NOT	GO:0009825	multidimensional cell growth	P	PTN002144091	PTHR33974	true	false	taxon:3700	20190829	GO_Central
PTHR34300	PTN000869838	NOT	GO:0005886	plasma membrane	C	PTN002153548	PTHR34300	true	false	taxon:45351	20241010	GO_Central
PTHR34550	PTN002159268	NOT	GO:0009547	plastid ribosome	C	PTN002159267	PTHR34550	true	false	taxon:3398	20260527	GO_Central
PTHR34550	PTN002159268	NOT	GO:0032544	plastid translation	P	PTN002159267	PTHR34550	true	false	taxon:3398	20260527	GO_Central
PTHR34773	PTN005060637	NOT	GO:0071973	bacterial-type flagellum-dependent cell motility	P	PTN002164250	PTHR34773	true	false	taxon:3988	20240305	GO_Central
PTHR35125	PTN005070317	NOT	GO:0007346	regulation of mitotic cell cycle	P	PTN008047268	PTHR35125	true	false	taxon:3700	20251021	GO_Central
PTHR35470	PTN002177906	NOT	GO:0046686	response to cadmium ion	P	PTN008667970	PTHR35470	true	false	taxon:39947	20251021	GO_Central
PTHR35936	PTN001056695	NOT	GO:0030288	outer membrane-bounded periplasmic space	C	PTN000438641	PTHR35936	true	false	taxon:45351	20241031	GO_Central
PTHR36117	PTN002442309	NOT	GO:0052881	4-hydroxyphenylacetate 3-monooxygenase activity	F	PTN002189016	PTHR36117	true	false	taxon:208964	20250926	GO_Central
PTHR36307	PTN005094128	NOT	GO:0071973	bacterial-type flagellum-dependent cell motility	P	PTN002190877	PTHR36307	true	false	taxon:3988	20241031	GO_Central
PTHR36307	PTN005094129	NOT	GO:0071973	bacterial-type flagellum-dependent cell motility	P	PTN002190877	PTHR36307	true	false	taxon:3988	20241031	GO_Central
PTHR36307	PTN005094130	NOT	GO:0071973	bacterial-type flagellum-dependent cell motility	P	PTN002190877	PTHR36307	true	false	taxon:3988	20241031	GO_Central
PTHR36582	PTN002195352	NOT	GO:0097351	toxin sequestering activity	F	PTN002195361	PTHR36582	true	false	taxon:	20241031	GO_Central
PTHR36582	PTN002195352	NOT	GO:0098754	detoxification	P	PTN002195361	PTHR36582	true	false	taxon:	20241031	GO_Central
PTHR37423	PTN009161567	NOT	GO:0030288	outer membrane-bounded periplasmic space	C	PTN009161564	PTHR37423	true	false	taxon:3988	20260616	GO_Central
PTHR37533	PTN005114749	NOT	GO:0009424	bacterial-type flagellum hook	C	PTN002206594	PTHR37533	true	false	taxon:3988	20241126	GO_Central
PTHR37533	PTN005114749	NOT	GO:0071973	bacterial-type flagellum-dependent cell motility	P	PTN002206594	PTHR37533	true	false	taxon:3988	20241126	GO_Central
PTHR37941	PTN002209953	NOT	GO:0045892	negative regulation of DNA-templated transcription	P	PTN002209947	PTHR37941	true	false	taxon:83333	20170906	GO_Central
PTHR40562	PTN004443754	NOT	GO:0009344	nitrite reductase complex [NAD(P)H]	C	PTN008082957	PTHR40562	true	false	taxon:227321	20260617	GO_Central
PTHR40562	PTN004443754	NOT|contributes_to	GO:0106316	nitrite reductase (NADH) activity	F	PTN008082957	PTHR40562	true	false	taxon:227321	20260617	GO_Central
PTHR42684	PTN001736499	NOT	GO:0005739	mitochondrion	C	PTN000241344	PTHR42684	true	false	taxon:227377	20260130	GO_Central
PTHR42690	PTN000816888	NOT	GO:0009088	L-threonine biosynthetic process	P	PTN000034281	PTHR42690	true	false	taxon:	20260828	GO_Central
PTHR42699	PTN000211791	NOT	GO:0003962	cystathionine gamma-synthase activity	F	PTN000928825	PTHR42699	true	false	taxon:559292	20260617	GO_Central
PTHR42699	PTN000211791	NOT	GO:0019346	transsulfuration	P	PTN000928825	PTHR42699	true	false	taxon:559292	20260617	GO_Central
PTHR42699	PTN000211792	NOT	GO:0003962	cystathionine gamma-synthase activity	F	PTN000928825	PTHR42699	true	false	taxon:559292	20260617	GO_Central
PTHR42699	PTN000211792	NOT	GO:0019346	transsulfuration	P	PTN000928825	PTHR42699	true	false	taxon:559292	20260617	GO_Central
PTHR42706	PTN000829131	NOT	GO:0005829	cytosol	C	PTN000055274	PTHR42706	true	false	taxon:451864	20250919	GO_Central
PTHR42706	PTN005127164	NOT	GO:0005829	cytosol	C	PTN000055274	PTHR42706	true	false	taxon:3055	20250919	GO_Central
PTHR42724	PTN001249172	NOT	GO:0009244	lipopolysaccharide core region biosynthetic process	P	PTN001249227	PTHR42724	true	false	taxon:45351	20240229	GO_Central
PTHR42724	PTN001249172	NOT	GO:0009245	lipid A biosynthetic process	P	PTN001249227	PTHR42724	true	false	taxon:45351	20240229	GO_Central
PTHR42733	PTN005128078	NOT	GO:0019172	glyoxalase III activity	F	PTN001664375	PTHR42733	true	false	taxon:1437183	20250313	GO_Central
PTHR42733	PTN005128078	NOT	GO:0106044	guanine deglycation	P	PTN001664375	PTHR42733	true	false	taxon:1437183	20250313	GO_Central
PTHR42735	PTN000748679	NOT	GO:0005783	endoplasmic reticulum	C	PTN000242650	PTHR42735	true	false	taxon:	20260530	GO_Central
PTHR42735	PTN000748679	NOT	GO:0008117	sphinganine-1-phosphate aldolase activity	F	PTN000242650	PTHR42735	true	false	taxon:	20260530	GO_Central
PTHR42735	PTN000748679	NOT	GO:0030149	sphingolipid catabolic process	P	PTN000242650	PTHR42735	true	false	taxon:	20210317	GO_Central
PTHR42735	PTN001737126	NOT	GO:0005783	endoplasmic reticulum	C	PTN000242650	PTHR42735	true	false	taxon:1224	20260530	GO_Central
PTHR42735	PTN002448864	NOT	GO:0005783	endoplasmic reticulum	C	PTN000242650	PTHR42735	true	false	taxon:6072	20260530	GO_Central
PTHR42735	PTN002448864	NOT	GO:0008117	sphinganine-1-phosphate aldolase activity	F	PTN000242650	PTHR42735	true	false	taxon:6072	20260530	GO_Central
PTHR42735	PTN002448864	NOT	GO:0030149	sphingolipid catabolic process	P	PTN000242650	PTHR42735	true	false	taxon:6072	20210317	GO_Central
PTHR42735	PTN002870350	NOT	GO:0005783	endoplasmic reticulum	C	PTN000242650	PTHR42735	true	false	taxon:	20260530	GO_Central
PTHR42735	PTN002870350	NOT	GO:0008117	sphinganine-1-phosphate aldolase activity	F	PTN000242650	PTHR42735	true	false	taxon:	20260530	GO_Central
PTHR42735	PTN002870350	NOT	GO:0030149	sphingolipid catabolic process	P	PTN000242650	PTHR42735	true	false	taxon:	20210317	GO_Central
PTHR42737	PTN000530629	NOT	GO:0005739	mitochondrion	C	PTN000530560	PTHR42737	true	false	taxon:224911	20260828	GO_Central
PTHR42753	PTN000154981	NOT	GO:0004827	proline-tRNA ligase activity	F	PTN000154976	PTHR42753	true	false	taxon:33213	20170228	GO_Central
PTHR42753	PTN000154981	NOT	GO:0006433	prolyl-tRNA aminoacylation	P	PTN000154976	PTHR42753	true	false	taxon:33213	20170228	GO_Central
PTHR42765	PTN002449540	NOT	GO:0004822	isoleucine-tRNA ligase activity	F	PTN000235772	PTHR42765	true	false	taxon:33154	20181029	GO_Central
PTHR42765	PTN002449540	NOT	GO:0005739	mitochondrion	C	PTN008675570	PTHR42765	true	false	taxon:33154	20260530	GO_Central
PTHR42765	PTN002449540	NOT	GO:0006428	isoleucyl-tRNA aminoacylation	P	PTN000235772	PTHR42765	true	false	taxon:33154	20181029	GO_Central
PTHR42765	PTN002449540	NOT	GO:0032543	mitochondrial translation	P	PTN008675570	PTHR42765	true	true	taxon:33154	20181029	GO_Central
PTHR42765	PTN002449559	NOT	GO:0005739	mitochondrion	C	PTN008675570	PTHR42765	true	false	taxon:1117	20260530	GO_Central
PTHR42765	PTN008675570	NOT	GO:0005829	cytosol	C	PTN000235772	PTHR42765	true	false	taxon:2759	20260530	GO_Central
PTHR42811	PTN000602385	NOT	GO:0005829	cytosol	C	PTN000602332	PTHR42811	true	false	taxon:3398	20260617	GO_Central
PTHR42844	PTN000468644	NOT	GO:0004150	dihydroneopterin aldolase activity	F	PTN000468621	PTHR42844	true	false	taxon:1236	20260530	GO_Central
PTHR42861	PTN000643667	NOT	GO:0005388	P-type calcium transporter activity	F	PTN002450634	PTHR42861	true	false	taxon:2759	20260530	GO_Central
PTHR42861	PTN000643667	NOT	GO:0070588	calcium ion transmembrane transport	P	PTN002450634	PTHR42861	true	false	taxon:2759	20260530	GO_Central
PTHR42862	PTN000193024	NOT	GO:0009898	cytoplasmic side of plasma membrane	C	PTN000193023	PTHR42862	true	false	taxon:2759	20181029	GO_Central
PTHR42884	PTN000082858	NOT	GO:0000139	Golgi membrane	C	PTN000082856	PTHR42884	true	false	taxon:33213	20240212	GO_Central
PTHR42884	PTN000082858	NOT	GO:0005802	trans-Golgi network	C	PTN000082856	PTHR42884	true	false	taxon:33213	20241121	GO_Central
PTHR42884	PTN000846818	NOT	GO:0000139	Golgi membrane	C	PTN000082856	PTHR42884	true	false	taxon:45351	20240212	GO_Central
PTHR42884	PTN000846818	NOT	GO:0005802	trans-Golgi network	C	PTN000082856	PTHR42884	true	false	taxon:45351	20241121	GO_Central
PTHR42884	PTN000846819	NOT	GO:0000139	Golgi membrane	C	PTN000082856	PTHR42884	true	false	taxon:10228	20240212	GO_Central
PTHR42884	PTN000846819	NOT	GO:0005802	trans-Golgi network	C	PTN000082856	PTHR42884	true	false	taxon:10228	20241121	GO_Central
PTHR42884	PTN001647685	NOT	GO:0000139	Golgi membrane	C	PTN000082856	PTHR42884	true	false	taxon:33213	20240212	GO_Central
PTHR42884	PTN001647685	NOT	GO:0005802	trans-Golgi network	C	PTN000082856	PTHR42884	true	false	taxon:33213	20241121	GO_Central
PTHR42884	PTN002872294	NOT	GO:0000139	Golgi membrane	C	PTN000082856	PTHR42884	true	false	taxon:117571	20240212	GO_Central
PTHR42884	PTN002872294	NOT	GO:0005802	trans-Golgi network	C	PTN000082856	PTHR42884	true	false	taxon:117571	20241121	GO_Central
PTHR42902	PTN001091897	NOT	GO:0004474	malate synthase activity	F	PTN000492975	PTHR42902	true	false	taxon:2759	20260828	GO_Central
PTHR42902	PTN001091897	NOT	GO:0006097	glyoxylate cycle	P	PTN000492975	PTHR42902	true	false	taxon:2759	20260530	GO_Central
PTHR42908	PTN000562846	NOT	GO:0003746	translation elongation factor activity	F	PTN000562747	PTHR42908	true	false	taxon:2759	20250904	GO_Central
PTHR42908	PTN000562846	NOT	GO:0006414	translational elongation	P	PTN000562747	PTHR42908	true	false	taxon:2759	20230604	GO_Central
PTHR42908	PTN000562912	NOT	GO:0003746	translation elongation factor activity	F	PTN000562747	PTHR42908	true	false	taxon:2759	20250904	GO_Central
PTHR42908	PTN000562912	NOT	GO:0006414	translational elongation	P	PTN000562747	PTHR42908	true	false	taxon:2759	20230604	GO_Central
PTHR42916	PTN000438869	NOT	GO:0009234	menaquinone biosynthetic process	P	PTN008676906	PTHR42916	true	false	taxon:33090	20250919	GO_Central
PTHR42923	PTN000077950	NOT	GO:0005743	mitochondrial inner membrane	C	PTN000077911	PTHR42923	true	false	taxon:284812	20240212	GO_Central
PTHR42923	PTN000843445	NOT	GO:0006783	heme biosynthetic process	P	PTN000077911	PTHR42923	true	false	taxon:451864	20250904	GO_Central
PTHR42943	PTN000356646	NOT	GO:0005739	mitochondrion	C	PTN001016058	PTHR42943	true	false	taxon:1224	20241121	GO_Central
PTHR42943	PTN000356646	NOT	GO:0005777	peroxisome	C	PTN001016058	PTHR42943	true	false	taxon:1224	20240229	GO_Central
PTHR42946	PTN002873455	NOT	GO:0009252	peptidoglycan biosynthetic process	P	PTN000501735	PTHR42946	true	false	taxon:2759	20240229	GO_Central
PTHR42995	PTN000523511	NOT	GO:0006633	fatty acid biosynthetic process	P	PTN008677411	PTHR42995	true	false	taxon:7227	20240312	GO_Central
PTHR43003	PTN000780612	NOT	GO:0006285	base-excision repair, AP site formation	P	PTN002452908	PTHR43003	true	false	taxon:284812	20211129	GO_Central
PTHR43003	PTN000780612	NOT	GO:0006307	DNA alkylation repair	P	PTN002452908	PTHR43003	true	false	taxon:284812	20211129	GO_Central
PTHR43003	PTN000780612	NOT	GO:0008725	DNA-3-methyladenine glycosylase activity	F	PTN002452908	PTHR43003	true	false	taxon:284812	20211129	GO_Central
PTHR43003	PTN000780612	NOT	GO:0043916	DNA-7-methylguanine glycosylase activity	F	PTN002452908	PTHR43003	true	false	taxon:284812	20211129	GO_Central
PTHR43020	PTN000228777	NOT	GO:0035596	methylthiotransferase activity	F	PTN000228775	PTHR43020	true	false	taxon:2759	20260530	GO_Central
PTHR43020	PTN000228777	NOT	GO:0035600	tRNA methylthiolation	P	PTN000228775	PTHR43020	true	false	taxon:2759	20241121	GO_Central
PTHR43020	PTN000228777	NOT	GO:0051539	4 iron, 4 sulfur cluster binding	F	PTN000228775	PTHR43020	true	false	taxon:2759	20170228	GO_Central
PTHR43048	PTN000482983	NOT	GO:0005739	mitochondrion	C	PTN001468099	PTHR43048	false	false	taxon:189518	20241121	GO_Central
PTHR43050	PTN000034780	NOT	GO:0070179	D-serine biosynthetic process	P	PTN000034721	PTHR43050	true	false	taxon:4890	20221122	GO_Central
PTHR43081	PTN002454046	NOT	GO:0004016	adenylate cyclase activity	F	PTN002454020	PTHR43081	true	false	taxon:83332	20241203	GO_Central
PTHR43081	PTN002454046	NOT	GO:0006171	cAMP biosynthetic process	P	PTN002454020	PTHR43081	true	false	taxon:83332	20241203	GO_Central
PTHR43085	PTN001634174	NOT	GO:0005829	cytosol	C	PTN001634119	PTHR43085	true	false	taxon:1437201	20260224	GO_Central
PTHR43090	PTN001082230	NOT	GO:0005829	cytosol	C	PTN000478042	PTHR43090	true	false	taxon:45351	20250318	GO_Central
PTHR43097	PTN000012559	NOT	GO:0004819	glutamine-tRNA ligase activity	F	PTN000012556	PTHR43097	true	false	taxon:2759	20240801	GO_Central
PTHR43097	PTN000012559	NOT	GO:0006425	glutaminyl-tRNA aminoacylation	P	PTN000012556	PTHR43097	true	false	taxon:2759	20240801	GO_Central
PTHR43097	PTN000012689	NOT	GO:0004819	glutamine-tRNA ligase activity	F	PTN000012556	PTHR43097	true	false	taxon:2157	20240801	GO_Central
PTHR43097	PTN000012689	NOT	GO:0006425	glutaminyl-tRNA aminoacylation	P	PTN000012556	PTHR43097	true	false	taxon:2157	20240801	GO_Central
PTHR43107	PTN008678715	NOT	GO:0005324	long-chain fatty acid transmembrane transporter activity	F	PTN001945407	PTHR43107	true	false	taxon:32523	20231101	GO_Central
PTHR43107	PTN008678715	NOT	GO:0044539	long-chain fatty acid import into cell	P	PTN001945407	PTHR43107	true	false	taxon:32523	20231101	GO_Central
PTHR43112	PTN005146070	NOT	GO:0009570	chloroplast stroma	C	PTN001833643	PTHR43112	true	false	taxon:1111708	20240229	GO_Central
PTHR43116	PTN000117862	NOT	GO:0006415	translational termination	P	PTN000117787	PTHR43116	true	false	taxon:3398	20250919	GO_Central
PTHR43116	PTN000117862	NOT	GO:0016149	translation release factor activity, codon specific	F	PTN000117787	PTHR43116	true	false	taxon:3398	20250919	GO_Central
PTHR43153	PTN008679096	NOT	GO:0005739	mitochondrion	C	PTN000097952	PTHR43153	true	false	taxon:1224	20260530	GO_Central
PTHR43160	PTN000912437	NOT	GO:0006099	tricarboxylic acid cycle	P	PTN000186533	PTHR43160	true	false	taxon:451864	20250904	GO_Central
PTHR43161	PTN000190776	NOT	GO:0003939	L-iditol 2-dehydrogenase (NAD+) activity	F	PTN000190705	PTHR43161	true	true	taxon:559292	20260530	GO_Central
PTHR43161	PTN000190776	NOT	GO:0006062	D-sorbitol catabolic process	P	PTN000190705	PTHR43161	true	true	taxon:559292	20250703	GO_Central
PTHR43178	PTN001899736	NOT	GO:0005739	mitochondrion	C	PTN000567862	PTHR43178	true	false	taxon:441771	20260530	GO_Central
PTHR43210	PTN001085052	NOT	GO:0005829	cytosol	C	PTN000482092	PTHR43210	true	false	taxon:2952368	20170228	GO_Central
PTHR43290	PTN002214956	NOT	GO:0004496	mevalonate kinase activity	F	PTN000048555	PTHR43290	true	false	taxon:2759	20250904	GO_Central
PTHR43290	PTN002214956	NOT	GO:0019287	isopentenyl diphosphate biosynthetic process, mevalonate pathway	P	PTN000048555	PTHR43290	true	false	taxon:2759	20250904	GO_Central
PTHR43294	PTN002450727	NOT	GO:0005886	plasma membrane	C	PTN001944065	PTHR43294	true	false	taxon:7227	20260828	GO_Central
PTHR43313	PTN000672549	NOT	GO:0004745	all-trans-retinol dehydrogenase (NAD+) activity	F	PTN008103906	PTHR43313	true	false	taxon:10090	20260530	GO_Central
PTHR43313	PTN001212286	NOT	GO:0016491	oxidoreductase activity	F	PTN000672121	PTHR43313	true	true	taxon:45351	20260828	GO_Central
PTHR43313	PTN005156467	NOT	GO:0016491	oxidoreductase activity	F	PTN000672121	PTHR43313	true	true	taxon:6656	20260828	GO_Central
PTHR43340	PTN000501539	NOT	GO:0000287	magnesium ion binding	F	PTN000501530	PTHR43340	true	false	taxon:32523	20170228	GO_Central
PTHR43340	PTN000501539	NOT	GO:0004422	hypoxanthine phosphoribosyltransferase activity	F	PTN000501530	PTHR43340	true	false	taxon:32523	20260828	GO_Central
PTHR43340	PTN000501539	NOT	GO:0006178	guanine salvage	P	PTN000501530	PTHR43340	true	false	taxon:32523	20240920	GO_Central
PTHR43340	PTN000501539	NOT	GO:0032263	GMP salvage	P	PTN000501530	PTHR43340	true	false	taxon:32523	20211215	GO_Central
PTHR43340	PTN000501539	NOT	GO:0032264	IMP salvage	P	PTN000501530	PTHR43340	true	false	taxon:32523	20210903	GO_Central
PTHR43340	PTN000501539	NOT	GO:0046100	hypoxanthine metabolic process	P	PTN000501530	PTHR43340	true	false	taxon:32523	20260828	GO_Central
PTHR43344	PTN001286373	NOT	GO:0006564	L-serine biosynthetic process	P	PTN000000002	PTHR43344	true	false	taxon:451864	20260530	GO_Central
PTHR43344	PTN001286373	NOT	GO:0036424	L-phosphoserine phosphatase activity	F	PTN000000002	PTHR43344	true	false	taxon:451864	20260530	GO_Central
PTHR43374	PTN001248208	NOT	GO:0006744	ubiquinone biosynthetic process	P	PTN000764671	PTHR43374	true	false	taxon:2952368	20260617	GO_Central
PTHR43374	PTN001248208	NOT	GO:0106141	flavin prenyltransferase activity	F	PTN000764671	PTHR43374	true	false	taxon:2952368	20260617	GO_Central
PTHR43395	PTN008681482	NOT	GO:0000155	phosphorelay sensor kinase activity	F	PTN000504218	PTHR43395	true	false	taxon:2759	20241126	GO_Central
PTHR43395	PTN008681482	NOT	GO:0000160	phosphorelay signal transduction system	P	PTN000504218	PTHR43395	true	false	taxon:2759	20241126	GO_Central
PTHR43395	PTN008681482	NOT	GO:0050920	regulation of chemotaxis	P	PTN000504218	PTHR43395	true	false	taxon:2759	20241126	GO_Central
PTHR43434	PTN001822758	NOT	GO:0006281	DNA repair	P	PTN001052204	PTHR43434	true	false	taxon:2	20170228	GO_Central
PTHR43434	PTN001822758	NOT	GO:0008967	phosphoglycolate phosphatase activity	F	PTN001052204	PTHR43434	true	false	taxon:2	20170228	GO_Central
PTHR43452	PTN000438920	NOT	GO:0004737	pyruvate decarboxylase activity	F	PTN008451158	PTHR43452	true	false	taxon:559292	20221214	GO_Central
PTHR43481	PTN001052150	NOT	GO:0050308	sugar-phosphatase activity	F	PTN002460202	PTHR43481	true	false	taxon:2952368	20170228	GO_Central
PTHR43484	PTN005165499	NOT	GO:1902021	regulation of bacterial-type flagellum-dependent cell motility	P	PTN000504261	PTHR43484	true	false	taxon:3988	20260304	GO_Central
PTHR43491	PTN005166071	NOT	GO:0000271	polysaccharide biosynthetic process	P	PTN000146785	PTHR43491	true	false	taxon:3988	20241126	GO_Central
PTHR43491	PTN005166071	NOT	GO:0016491	oxidoreductase activity	F	PTN000890018	PTHR43491	true	false	taxon:3988	20241126	GO_Central
PTHR43503	PTN005166285	NOT	GO:0004601	peroxidase activity	F	PTN000073790	PTHR43503	true	false	taxon:451864	20260828	GO_Central
PTHR43503	PTN005166285	NOT	GO:0005829	cytosol	C	PTN000073790	PTHR43503	true	false	taxon:451864	20251220	GO_Central
PTHR43503	PTN005166285	NOT	GO:0045454	cell redox homeostasis	P	PTN000073790	PTHR43503	true	false	taxon:451864	20251217	GO_Central
PTHR43511	PTN000237191	NOT	GO:0003983	UTP:glucose-1-phosphate uridylyltransferase activity	F	PTN000237130	PTHR43511	true	false	taxon:284812	20260828	GO_Central
PTHR43527	PTN002882405	NOT	GO:0050515	4-(cytidine 5'-diphospho)-2-C-methyl-D-erythritol kinase activity	F	PTN000466527	PTHR43527	true	false	taxon:1239	20170228	GO_Central
PTHR43553	PTN000656163	NOT	GO:0043190	ATP-binding cassette (ABC) transporter complex	C	PTN000656738	PTHR43553	true	false	taxon:33090	20170601	GO_Central
PTHR43628	PTN002462333	NOT	GO:0010972	negative regulation of G2/M transition of mitotic cell cycle	P	PTN008452094	PTHR43628	true	false	taxon:284812	20221214	GO_Central
PTHR43654	PTN001337743	NOT	GO:0004349	glutamate 5-kinase activity	F	PTN000115542	PTHR43654	true	false	taxon:	20170228	GO_Central
PTHR43654	PTN001337743	NOT	GO:0055129	L-proline biosynthetic process	P	PTN000115542	PTHR43654	true	false	taxon:	20250904	GO_Central
PTHR43668	PTN000182407	NOT	GO:0000256	allantoin catabolic process	P	PTN000909483	PTHR43668	true	false	taxon:2	20260828	GO_Central
PTHR43668	PTN000182407	NOT	GO:0004038	allantoinase activity	F	PTN000909483	PTHR43668	true	false	taxon:2	20260617	GO_Central
PTHR43668	PTN000182407	NOT	GO:0006145	purine nucleobase catabolic process	P	PTN000909483	PTHR43668	true	false	taxon:2	20260617	GO_Central
PTHR43670	PTN005176021	NOT	GO:0034605	cellular response to heat	P	PTN001692532	PTHR43670	true	false	taxon:3646	20230720	GO_Central
PTHR43670	PTN005176033	NOT	GO:0034605	cellular response to heat	P	PTN001692532	PTHR43670	true	false	taxon:	20230720	GO_Central
PTHR43670	PTN005176036	NOT	GO:0034605	cellular response to heat	P	PTN001692532	PTHR43670	true	false	taxon:3760	20230720	GO_Central
PTHR43670	PTN008115887	NOT	GO:0034605	cellular response to heat	P	PTN001692532	PTHR43670	true	false	taxon:	20230720	GO_Central
PTHR43671	PTN001222312	NOT	GO:0005813	centrosome	C	PTN000686715	PTHR43671	true	false	taxon:451864	20221124	GO_Central
PTHR43671	PTN001222312	NOT	GO:0007098	centrosome cycle	P	PTN000686715	PTHR43671	true	false	taxon:451864	20250624	GO_Central
PTHR43684	PTN000234741	NOT	GO:0004165	delta(3)-delta(2)-enoyl-CoA isomerase activity	F	PTN000234739	PTHR43684	true	false	taxon:33213	20250624	GO_Central
PTHR43684	PTN000234741	NOT	GO:0005782	peroxisomal matrix	C	PTN000234739	PTHR43684	true	false	taxon:33213	20260530	GO_Central
PTHR43684	PTN000234741	NOT	GO:0006635	fatty acid beta-oxidation	P	PTN000234739	PTHR43684	true	false	taxon:33213	20250624	GO_Central
PTHR43684	PTN000234752	NOT	GO:0007286	spermatid development	P	PTN002884828	PTHR43684	true	false	taxon:9526	20260127	GO_Central
PTHR43692	PTN001138802	NOT	GO:0008764	UDP-N-acetylmuramoylalanine-D-glutamate ligase activity	F	PTN000566363	PTHR43692	true	false	taxon:45351	20260530	GO_Central
PTHR43692	PTN001138802	NOT	GO:0009252	peptidoglycan biosynthetic process	P	PTN000566363	PTHR43692	true	false	taxon:45351	20260210	GO_Central
PTHR43721	PTN001136517	NOT	GO:0003746	translation elongation factor activity	F	PTN001500717	PTHR43721	true	false	taxon:6072	20250626	GO_Central
PTHR43725	PTN001621994	NOT	GO:0003978	UDP-glucose 4-epimerase activity	F	PTN000041817	PTHR43725	true	false	taxon:1111708	20260530	GO_Central
PTHR43725	PTN002886021	NOT	GO:0003978	UDP-glucose 4-epimerase activity	F	PTN000041817	PTHR43725	true	false	taxon:	20260530	GO_Central
PTHR43762	PTN001015900	NOT	GO:0019853	L-ascorbic acid biosynthetic process	P	PTN000356408	PTHR43762	true	false	taxon:451864	20251029	GO_Central
PTHR43766	PTN008684967	NOT	GO:0005739	mitochondrion	C	PTN000006468	PTHR43766	true	false	taxon:1117	20260530	GO_Central
PTHR43779	PTN002886689	NOT	GO:0009115	xanthine catabolic process	P	PTN002465078	PTHR43779	true	false	taxon:164328	20241126	GO_Central
PTHR43779	PTN002886689	NOT	GO:0097641	alpha-ketoglutarate-dependent xanthine dioxygenase activity	F	PTN002465078	PTHR43779	true	false	taxon:164328	20260530	GO_Central
PTHR43782	PTN002886720	NOT	GO:0005634	nucleus	C	PTN000144387	PTHR43782	false	false	taxon:117571	20200401	GO_Central
PTHR43782	PTN002886720	NOT	GO:0005829	cytosol	C	PTN000144387	PTHR43782	true	false	taxon:117571	20200401	GO_Central
PTHR43782	PTN002886728	NOT	GO:0000050	urea cycle	P	PTN000144386	PTHR43782	true	false	taxon:33317	20260126	GO_Central
PTHR43791	PTN000185197	NOT	GO:0015225	biotin transmembrane transporter activity	F	PTN000185192	PTHR43791	true	false	taxon:284812	20211129	GO_Central
PTHR43791	PTN000185197	NOT	GO:1901604	dethiobiotin transmembrane transporter activity	F	PTN000185192	PTHR43791	true	false	taxon:284812	20220624	GO_Central
PTHR43791	PTN000185197	NOT	GO:1905135	biotin import across plasma membrane	P	PTN000185192	PTHR43791	true	false	taxon:284812	20211129	GO_Central
PTHR43795	PTN000202960	NOT	GO:0016847	1-aminocyclopropane-1-carboxylate synthase activity	F	PTN001715010	PTHR43795	true	false	taxon:3398	20260710	GO_Central
PTHR43795	PTN005183104	NOT	GO:0016847	1-aminocyclopropane-1-carboxylate synthase activity	F	PTN001715010	PTHR43795	true	false	taxon:3700	20260710	GO_Central
PTHR43795	PTN008453022	NOT	GO:0009507	chloroplast	C	PTN008453015	PTHR43795	false	false	taxon:	20260710	GO_Central
PTHR43806	PTN000083315	NOT	GO:0004252	serine-type endopeptidase activity	F	PTN002465698	PTHR43806	true	false	taxon:2759	20260530	GO_Central
PTHR43807	PTN008685532	NOT	GO:0016212	L-kynurenine:2-oxoglutarate transaminase activity	F	PTN000203188	PTHR43807	true	false	taxon:4895	20260530	GO_Central
PTHR43828	PTN000917496	NOT	GO:0004067	asparaginase activity	F	PTN000194668	PTHR43828	true	false	taxon:33154	20181004	GO_Central
PTHR43828	PTN000917496	NOT	GO:0006530	L-asparagine catabolic process	P	PTN000194668	PTHR43828	true	false	taxon:33154	20181004	GO_Central
PTHR43834	PTN000909625	NOT	GO:0005829	cytosol	C	PTN000182950	PTHR43834	true	false	taxon:35128	20250912	GO_Central
PTHR43834	PTN008685771	NOT	GO:0005829	cytosol	C	PTN000182950	PTHR43834	true	false	taxon:45351	20250912	GO_Central
PTHR43880	PTN000191662	NOT	GO:0046294	formaldehyde catabolic process	P	PTN000191653	PTHR43880	true	false	taxon:32523	20181004	GO_Central
PTHR43880	PTN000191662	NOT	GO:0051903	S-(hydroxymethyl)glutathione dehydrogenase [NAD(P)+] activity	F	PTN000191653	PTHR43880	true	false	taxon:32523	20260530	GO_Central
PTHR43888	PTN001531353	NOT	GO:0005829	cytosol	C	PTN001531327	PTHR43888	true	false	taxon:4893	20250904	GO_Central
PTHR43888	PTN008686281	NOT	GO:0034605	cellular response to heat	P	PTN001531327	PTHR43888	true	false	taxon:32523	20250728	GO_Central
PTHR43888	PTN008686281	NOT	GO:0042026	protein refolding	P	PTN001531327	PTHR43888	true	false	taxon:32523	20250728	GO_Central
PTHR43903	PTN002889324	NOT	GO:0005886	plasma membrane	C	PTN000168538	PTHR43903	true	false	taxon:117571	20260530	GO_Central
PTHR43903	PTN002889324	NOT	GO:0007158	neuron cell-cell adhesion	P	PTN000168538	PTHR43903	true	false	taxon:117571	20220407	GO_Central
PTHR43903	PTN002889324	NOT	GO:0007268	chemical synaptic transmission	P	PTN000168538	PTHR43903	true	false	taxon:117571	20260530	GO_Central
PTHR43903	PTN002889324	NOT	GO:0009986	cell surface	C	PTN000168538	PTHR43903	true	false	taxon:117571	20220407	GO_Central
PTHR43903	PTN002889324	NOT	GO:0038023	signaling receptor activity	F	PTN000168538	PTHR43903	true	false	taxon:117571	20220407	GO_Central
PTHR43903	PTN002889324	NOT	GO:0042043	neurexin family protein binding	F	PTN000168538	PTHR43903	true	false	taxon:117571	20260530	GO_Central
PTHR43903	PTN002889324	NOT	GO:0045202	synapse	C	PTN000168538	PTHR43903	true	false	taxon:117571	20250904	GO_Central
PTHR43903	PTN002889324	NOT	GO:0048488	synaptic vesicle endocytosis	P	PTN000168538	PTHR43903	true	false	taxon:117571	20220407	GO_Central
PTHR43903	PTN002889324	NOT	GO:0050804	modulation of chemical synaptic transmission	P	PTN000168538	PTHR43903	true	false	taxon:117571	20240801	GO_Central
PTHR43903	PTN002889324	NOT	GO:0097104	postsynaptic membrane assembly	P	PTN000168538	PTHR43903	true	false	taxon:117571	20220407	GO_Central
PTHR43903	PTN002889324	NOT	GO:0097105	presynaptic membrane assembly	P	PTN000168538	PTHR43903	true	false	taxon:117571	20220407	GO_Central
PTHR43918	PTN001695460	NOT	GO:0003990	acetylcholinesterase activity	F	PTN002265370	PTHR43918	true	false	taxon:6237	20260828	GO_Central
PTHR43918	PTN001695460	NOT	GO:0006581	acetylcholine catabolic process	P	PTN002265370	PTHR43918	true	false	taxon:6237	20260828	GO_Central
PTHR43918	PTN001695460	NOT	GO:0019695	choline metabolic process	P	PTN002265370	PTHR43918	true	false	taxon:6237	20210625	GO_Central
PTHR43918	PTN001695460	NOT	GO:0052689	carboxylic ester hydrolase activity	F	PTN002265369	PTHR43918	true	false	taxon:6237	20260828	GO_Central
PTHR43969	PTN000136895	NOT	GO:0004364	glutathione transferase activity	F	PTN001679864	PTHR43969	true	false	taxon:7227	20220416	GO_Central
PTHR43986	PTN000136277	NOT	GO:0006414	translational elongation	P	PTN000136176	PTHR43986	true	false	taxon:284812	20210811	GO_Central
PTHR43986	PTN000883665	NOT	GO:0006414	translational elongation	P	PTN000136176	PTHR43986	true	false	taxon:284812	20210811	GO_Central
PTHR43986	PTN002258579	NOT	GO:0006414	translational elongation	P	PTN000136176	PTHR43986	true	false	taxon:147538	20210811	GO_Central
PTHR44083	PTN000522363	NOT	GO:0000122	negative regulation of transcription by RNA polymerase II	P	PTN008128008	PTHR44083	true	false	taxon:3398	20250918	GO_Central
PTHR44083	PTN000522363	NOT	GO:0003714	transcription corepressor activity	F	PTN008128008	PTHR44083	true	false	taxon:3398	20250918	GO_Central
PTHR44083	PTN000522363	NOT	GO:0005634	nucleus	C	PTN008128008	PTHR44083	true	false	taxon:3398	20260530	GO_Central
PTHR44086	PTN008687674	NOT	GO:0004792	thiosulfate-cyanide sulfurtransferase activity	F	PTN002890953	PTHR44086	true	false	taxon:	20210811	GO_Central
PTHR44086	PTN008687674	NOT	GO:0005739	mitochondrion	C	PTN001744474	PTHR44086	true	false	taxon:	20250904	GO_Central
PTHR44090	PTN002543235	NOT	GO:0016593	Cdc73/Paf1 complex	C	PTN002337039	PTHR44090	true	false	taxon:4751	20251220	GO_Central
PTHR44129	PTN001871418	NOT	GO:0008090	retrograde axonal transport	P	PTN002891240	PTHR44129	true	false	taxon:6237	20251029	GO_Central
PTHR44129	PTN001871418	NOT	GO:0051661	maintenance of centrosome location	P	PTN002891240	PTHR44129	true	false	taxon:6237	20251029	GO_Central
PTHR44167	PTN000680601	NOT	GO:0044773	mitotic DNA damage checkpoint signaling	P	PTN002389572	PTHR44167	true	false	taxon:284812	20260127	GO_Central
PTHR44188	PTN002891830	NOT	GO:0000266	mitochondrial fission	P	PTN002544728	PTHR44188	true	false	taxon:117571	20180209	GO_Central
PTHR44188	PTN002891830	NOT	GO:0005741	mitochondrial outer membrane	C	PTN002544728	PTHR44188	true	false	taxon:117571	20240213	GO_Central
PTHR44188	PTN002891830	NOT	GO:0008053	mitochondrial fusion	P	PTN002544728	PTHR44188	true	false	taxon:117571	20180209	GO_Central
PTHR44329	PTN001510364	NOT	GO:0004674	protein serine/threonine kinase activity	F	PTN001908418	PTHR44329	true	true	taxon:6072	20260828	GO_Central
PTHR44329	PTN008455266	NOT	GO:0004674	protein serine/threonine kinase activity	F	PTN001908418	PTHR44329	true	true	taxon:36329	20260828	GO_Central
PTHR44360	PTN008689072	NOT	GO:0036503	ERAD pathway	P	PTN002376512	PTHR44360	true	false	taxon:243273	20240801	GO_Central
PTHR44414	PTN002547925	NOT	GO:0005813	centrosome	C	PTN001871829	PTHR44414	true	false	taxon:684364	20260828	GO_Central
PTHR44542	PTN005202454	NOT	GO:0004792	thiosulfate-cyanide sulfurtransferase activity	F	PTN008455575	PTHR44542	true	false	taxon:3702	20250918	GO_Central
PTHR44542	PTN005202454	NOT	GO:0016783	sulfurtransferase activity	F	PTN002893536	PTHR44542	true	false	taxon:3702	20250918	GO_Central
PTHR44845	PTN001186117	NOT	GO:0016879	ligase activity, forming carbon-nitrogen bonds	F	PTN008455822	PTHR44845	true	false	taxon:4751	20260729	GO_Central
PTHR44845	PTN001186117	NOT	GO:0043042	amino acid adenylylation by nonribosomal peptide synthase	P	PTN008455822	PTHR44845	true	false	taxon:4751	20260729	GO_Central
PTHR45138	PTN005206082	NOT	GO:0043709	cell adhesion involved in single-species biofilm formation	P	PTN002895351	PTHR45138	true	false	taxon:3988	20260304	GO_Central
PTHR45138	PTN005206082	NOT	GO:1902201	negative regulation of bacterial-type flagellum-dependent cell motility	P	PTN002895351	PTHR45138	true	false	taxon:3988	20260304	GO_Central
PTHR45138	PTN005206083	NOT	GO:0005886	plasma membrane	C	PTN002895351	PTHR45138	true	false	taxon:3988	20260304	GO_Central
PTHR45138	PTN005206083	NOT	GO:0043709	cell adhesion involved in single-species biofilm formation	P	PTN002895351	PTHR45138	true	false	taxon:3988	20260304	GO_Central
PTHR45138	PTN005206083	NOT	GO:0052621	diguanylate cyclase activity	F	PTN002895344	PTHR45138	true	false	taxon:3988	20260530	GO_Central
PTHR45138	PTN005206083	NOT	GO:1902201	negative regulation of bacterial-type flagellum-dependent cell motility	P	PTN002895351	PTHR45138	true	false	taxon:3988	20260304	GO_Central
PTHR45138	PTN008135598	NOT	GO:0043709	cell adhesion involved in single-species biofilm formation	P	PTN002895351	PTHR45138	true	false	taxon:	20260304	GO_Central
PTHR45138	PTN008135598	NOT	GO:1902201	negative regulation of bacterial-type flagellum-dependent cell motility	P	PTN002895351	PTHR45138	true	false	taxon:	20260304	GO_Central
PTHR45615	PTN000320753	NOT	GO:0000146	microfilament motor activity	F	PTN005210253	PTHR45615	true	false	taxon:33213	20241121	GO_Central
PTHR45615	PTN008034772	NOT	GO:0000146	microfilament motor activity	F	PTN005210253	PTHR45615	true	false	taxon:7070	20241121	GO_Central
PTHR45618	PTN000640886	NOT	GO:0015140	malate transmembrane transporter activity	F	PTN000756618	PTHR45618	true	false	taxon:7227	20230112	GO_Central
PTHR45618	PTN000640886	NOT	GO:0071423	malate transmembrane transport	P	PTN000756618	PTHR45618	true	false	taxon:7227	20211129	GO_Central
PTHR45618	PTN000640888	NOT	GO:0015131	oxaloacetate transmembrane transporter activity	F	PTN000756618	PTHR45618	true	false	taxon:7227	20211129	GO_Central
PTHR45618	PTN000640888	NOT	GO:0015140	malate transmembrane transporter activity	F	PTN000756618	PTHR45618	true	false	taxon:7227	20230112	GO_Central
PTHR45618	PTN000640888	NOT	GO:0015141	succinate transmembrane transporter activity	F	PTN000756618	PTHR45618	true	false	taxon:7227	20241121	GO_Central
PTHR45618	PTN000640888	NOT	GO:0015729	oxaloacetate transport	P	PTN000756618	PTHR45618	true	false	taxon:7227	20211129	GO_Central
PTHR45618	PTN000640888	NOT	GO:0071422	succinate transmembrane transport	P	PTN000756618	PTHR45618	true	false	taxon:7227	20211129	GO_Central
PTHR45618	PTN000640888	NOT	GO:0071423	malate transmembrane transport	P	PTN000756618	PTHR45618	true	false	taxon:7227	20211129	GO_Central
PTHR45618	PTN000642212	NOT	GO:0017077	oxidative phosphorylation uncoupler activity	F	PTN000642156	PTHR45618	true	false	taxon:40674	20260530	GO_Central
PTHR45619	PTN001705193	NOT	GO:0005829	cytosol	C	PTN001705142	PTHR45619	true	false	taxon:1437201	20260530	GO_Central
PTHR45622	PTN002504779	NOT	GO:0006511	ubiquitin-dependent protein catabolic process	P	PTN002504778	PTHR45622	true	false	taxon:6072	20220622	GO_Central
PTHR45622	PTN002504779	NOT	GO:0016567	protein ubiquitination	P	PTN002504778	PTHR45622	true	false	taxon:6072	20220622	GO_Central
PTHR45622	PTN002504779	NOT	GO:0061630	ubiquitin protein ligase activity	F	PTN002504778	PTHR45622	true	false	taxon:6072	20241121	GO_Central
PTHR45624	PTN001183566	NOT	GO:0000064	L-ornithine transmembrane transporter activity	F	PTN000641358	PTHR45624	true	false	taxon:4751	20250904	GO_Central
PTHR45625	PTN000116300	NOT	GO:0003755	peptidyl-prolyl cis-trans isomerase activity	F	PTN000116298	PTHR45625	true	false	taxon:2759	20240920	GO_Central
PTHR45625	PTN000116766	NOT	GO:0003755	peptidyl-prolyl cis-trans isomerase activity	F	PTN000116298	PTHR45625	true	false	taxon:2759	20240920	GO_Central
PTHR45628	PTN000799012	NOT	GO:0005891	voltage-gated calcium channel complex	C	PTN001295293	PTHR45628	true	false	taxon:7955	20260530	GO_Central
PTHR45628	PTN000799012	NOT	GO:0098703	calcium ion import across plasma membrane	P	PTN001295293	PTHR45628	true	false	taxon:7955	20211201	GO_Central
PTHR45628	PTN008457639	NOT	GO:0008331	high voltage-gated calcium channel activity	F	PTN001295293	PTHR45628	true	true	taxon:33213	20260828	GO_Central
PTHR45628	PTN008692511	NOT	GO:0005891	voltage-gated calcium channel complex	C	PTN001295293	PTHR45628	true	false	taxon:33511	20260530	GO_Central
PTHR45628	PTN008692511	NOT	GO:0008331	high voltage-gated calcium channel activity	F	PTN001295293	PTHR45628	true	true	taxon:33511	20260828	GO_Central
PTHR45628	PTN008692511	NOT	GO:0098703	calcium ion import across plasma membrane	P	PTN001295293	PTHR45628	true	false	taxon:33511	20230712	GO_Central
PTHR45638	PTN002900733	NOT	GO:0007606	sensory perception of chemical stimulus	P	PTN000025806	PTHR45638	true	false	taxon:117571	20250408	GO_Central
PTHR45639	PTN009180209	NOT	GO:0030968	endoplasmic reticulum unfolded protein response	P	PTN000452651	PTHR45639	false	false	taxon:1437183	20260224	GO_Central
PTHR45639	PTN009180209	NOT	GO:0034663	endoplasmic reticulum chaperone complex	C	PTN000452651	PTHR45639	true	false	taxon:1437183	20260224	GO_Central
PTHR45655	PTN002902279	NOT	GO:0008074	guanylate cyclase complex, soluble	C	PTN002902243	PTHR45655	true	false	taxon:117571	20260530	GO_Central
PTHR45660	PTN001875437	NOT	GO:0042054	histone methyltransferase activity	F	PTN001874919	PTHR45660	true	false	taxon:71275	20260530	GO_Central
PTHR45662	PTN001341385	NOT	GO:0005783	endoplasmic reticulum	C	PTN000127780	PTHR45662	true	false	taxon:6072	20260530	GO_Central
PTHR45677	PTN000946014	NOT	GO:0016831	carboxy-lyase activity	F	PTN000242648	PTHR45677	true	false	taxon:	20260828	GO_Central
PTHR45688	PTN000241152	NOT	GO:0005739	mitochondrion	C	PTN000241036	PTHR45688	false	false	taxon:324602	20240229	GO_Central
PTHR45688	PTN000241488	NOT	GO:0005739	mitochondrion	C	PTN000241036	PTHR45688	false	false	taxon:100226	20240229	GO_Central
PTHR45706	PTN000439667	NOT	GO:0035332	positive regulation of hippo signaling	P	PTN002317850	PTHR45706	true	false	taxon:9347	20250618	GO_Central
PTHR45711	PTN002905610	NOT	GO:0005886	plasma membrane	C	PTN000189250	PTHR45711	true	false	taxon:33317	20260115	GO_Central
PTHR45724	PTN005240322	NOT	GO:0015250	water channel activity	F	PTN002906184	PTHR45724	true	false	taxon:3398	20250918	GO_Central
PTHR45740	PTN002907115	NOT	GO:0003950	NAD+ poly-ADP-ribosyltransferase activity	F	PTN005242726	PTHR45740	true	false	taxon:32524	20250618	GO_Central
PTHR45740	PTN002907115	NOT	GO:0005634	nucleus	C	PTN005242724	PTHR45740	true	false	taxon:32524	20260530	GO_Central
PTHR45740	PTN002907115	NOT	GO:0070213	protein auto-ADP-ribosylation	P	PTN005242726	PTHR45740	true	false	taxon:32524	20250618	GO_Central
PTHR45740	PTN002907115	NOT	GO:1990404	NAD+-protein mono-ADP-ribosyltransferase activity	F	PTN005242726	PTHR45740	true	false	taxon:32524	20260530	GO_Central
PTHR45743	PTN000026302	NOT	GO:0005242	inward rectifier potassium channel activity	F	PTN008697010	PTHR45743	true	false	taxon:3398	20250918	GO_Central
PTHR45744	PTN005243512	NOT	GO:0004838	L-tyrosine:2-oxoglutarate transaminase activity	F	PTN000202983	PTHR45744	true	false	taxon:	20260530	GO_Central
PTHR45744	PTN005243512	NOT	GO:0006572	L-tyrosine catabolic process	P	PTN000202983	PTHR45744	true	false	taxon:	20220303	GO_Central
PTHR45745	PTN002907319	NOT	GO:0006166	purine ribonucleoside salvage	P	PTN001860097	PTHR45745	true	false	taxon:117571	20211210	GO_Central
PTHR45745	PTN002907319	NOT	GO:0008973	phosphopentomutase activity	F	PTN001860097	PTHR45745	true	false	taxon:117571	20220925	GO_Central
PTHR45746	PTN002907347	NOT	GO:0007212	G protein-coupled dopamine receptor signaling pathway	P	PTN002907346	PTHR45746	true	false	taxon:117571	20240418	GO_Central
PTHR45752	PTN002907808	NOT	GO:0035556	intracellular signal transduction	P	PTN008161753	PTHR45752	true	false	taxon:117571	20250413	GO_Central
PTHR45752	PTN002907809	NOT	GO:0035556	intracellular signal transduction	P	PTN008161753	PTHR45752	true	false	taxon:117571	20250413	GO_Central
PTHR45752	PTN002907812	NOT	GO:0035556	intracellular signal transduction	P	PTN008161753	PTHR45752	true	false	taxon:117571	20250413	GO_Central
PTHR45752	PTN002907812	NOT	GO:0140361	cyclic-GMP-AMP transmembrane import across plasma membrane	P	PTN008697338	PTHR45752	true	false	taxon:117571	20241121	GO_Central
PTHR45752	PTN002908078	NOT	GO:0005225	volume-sensitive anion channel activity	F	PTN008697338	PTHR45752	true	false	taxon:117571	20250403	GO_Central
PTHR45752	PTN002908078	NOT	GO:0005886	plasma membrane	C	PTN008697338	PTHR45752	true	false	taxon:117571	20260530	GO_Central
PTHR45752	PTN002908078	NOT	GO:0015810	aspartate transmembrane transport	P	PTN008697338	PTHR45752	true	false	taxon:117571	20231031	GO_Central
PTHR45752	PTN002908078	NOT	GO:0034702	monoatomic ion channel complex	C	PTN008697338	PTHR45752	true	false	taxon:117571	20241121	GO_Central
PTHR45752	PTN002908078	NOT	GO:0098656	monoatomic anion transmembrane transport	P	PTN008697338	PTHR45752	true	false	taxon:117571	20241121	GO_Central
PTHR45766	PTN001649061	NOT	GO:0043596	nuclear replication fork	C	PTN002244927	PTHR45766	true	false	taxon:190304	20260304	GO_Central
PTHR45766	PTN002244978	NOT	GO:0043596	nuclear replication fork	C	PTN002244927	PTHR45766	true	false	taxon:81824	20240229	GO_Central
PTHR45769	PTN000062258	NOT	GO:0005634	nucleus	C	PTN000062161	PTHR45769	true	false	taxon:100226	20260530	GO_Central
PTHR45779	PTN002466082	NOT	GO:0005783	endoplasmic reticulum	C	PTN000054106	PTHR45779	true	false	taxon:208964	20240229	GO_Central
PTHR45782	PTN000872791	NOT	GO:0005739	mitochondrion	C	PTN000119720	PTHR45782	true	false	taxon:1117	20250904	GO_Central
PTHR45782	PTN000872791	NOT	GO:1902775	mitochondrial large ribosomal subunit assembly	P	PTN000119720	PTHR45782	true	false	taxon:1117	20250618	GO_Central
PTHR45807	PTN002910252	NOT	GO:0007259	cell surface receptor signaling pathway via JAK-STAT	P	PTN001562978	PTHR45807	true	false	taxon:117571	20260828	GO_Central
PTHR45812	PTN000035453	NOT	GO:0042276	error-prone translesion synthesis	P	PTN000035411	PTHR45812	true	false	taxon:7227	20211218	GO_Central
PTHR45815	PTN000432984	NOT	GO:0005783	endoplasmic reticulum	C	PTN001053248	PTHR45815	true	false	taxon:284812	20260530	GO_Central
PTHR45815	PTN000432984	NOT	GO:0015035	protein-disulfide reductase activity	F	PTN001053248	PTHR45815	true	false	taxon:284812	20220106	GO_Central
PTHR45815	PTN000432984	NOT	GO:0034976	response to endoplasmic reticulum stress	P	PTN001053248	PTHR45815	true	false	taxon:284812	20250904	GO_Central
PTHR45822	PTN002517340	NOT	GO:0004930	G protein-coupled receptor activity	F	PTN002910998	PTHR45822	true	false	taxon:9606	20230112	GO_Central
PTHR45822	PTN002517340	NOT	GO:0007186	G protein-coupled receptor signaling pathway	P	PTN002910998	PTHR45822	true	false	taxon:9606	20250413	GO_Central
PTHR45822	PTN002517340	NOT	GO:0071398	cellular response to fatty acid	P	PTN002911009	PTHR45822	true	false	taxon:9606	20220106	GO_Central
PTHR45849	PTN008168561	NOT	GO:0035101	FACT complex	C	PTN002492356	PTHR45849	true	false	taxon:4751	20250904	GO_Central
PTHR45883	PTN002505381	NOT	GO:0006457	protein folding	P	PTN001876995	PTHR45883	true	false	taxon:9606	20260828	GO_Central
PTHR45883	PTN002505381	NOT	GO:0030544	Hsp70 protein binding	F	PTN001876995	PTHR45883	true	false	taxon:9606	20211221	GO_Central
PTHR45883	PTN005257855	NOT	GO:0006457	protein folding	P	PTN001876995	PTHR45883	true	false	taxon:207598	20260828	GO_Central
PTHR45883	PTN005257855	NOT	GO:0030544	Hsp70 protein binding	F	PTN001876995	PTHR45883	true	false	taxon:207598	20211221	GO_Central
PTHR45883	PTN005257857	NOT	GO:0006457	protein folding	P	PTN001876995	PTHR45883	true	false	taxon:207598	20260828	GO_Central
PTHR45883	PTN005257857	NOT	GO:0030544	Hsp70 protein binding	F	PTN001876995	PTHR45883	true	false	taxon:207598	20211221	GO_Central
PTHR45899	PTN002913718	NOT	GO:0005096	GTPase activator activity	F	PTN001903126	PTHR45899	true	false	taxon:117571	20260828	GO_Central
PTHR45929	PTN002914466	NOT	GO:0033565	ESCRT-0 complex	C	PTN000354756	PTHR45929	true	false	taxon:117571	20200207	GO_Central
PTHR45929	PTN002914466	NOT	GO:0043328	protein transport to vacuole involved in ubiquitin-dependent protein catabolic process via the multivesicular body sorting pathway	P	PTN000354756	PTHR45929	true	false	taxon:117571	20200207	GO_Central
PTHR45929	PTN007651104	NOT	GO:0033565	ESCRT-0 complex	C	PTN000354756	PTHR45929	true	false	taxon:451864	20231121	GO_Central
PTHR45929	PTN007651104	NOT	GO:0043328	protein transport to vacuole involved in ubiquitin-dependent protein catabolic process via the multivesicular body sorting pathway	P	PTN000354756	PTHR45929	true	false	taxon:451864	20231121	GO_Central
PTHR45973	PTN009190405	NOT	GO:0007059	chromosome segregation	P	PTN008464140	PTHR45973	true	false	taxon:7711	20250603	GO_Central
PTHR45982	PTN008702421	NOT	GO:0007346	regulation of mitotic cell cycle	P	PTN002338189	PTHR45982	true	false	taxon:451864	20240725	GO_Central
PTHR45982	PTN008702421	NOT	GO:1901673	regulation of mitotic spindle assembly	P	PTN002338189	PTHR45982	true	false	taxon:451864	20240725	GO_Central
PTHR45982	PTN008702424	NOT	GO:0007346	regulation of mitotic cell cycle	P	PTN002338189	PTHR45982	true	false	taxon:4890	20240725	GO_Central
PTHR45982	PTN008702424	NOT	GO:1901673	regulation of mitotic spindle assembly	P	PTN002338189	PTHR45982	true	false	taxon:4890	20240725	GO_Central
PTHR45982	PTN008702427	NOT	GO:0005085	guanyl-nucleotide exchange factor activity	F	PTN002338284	PTHR45982	true	false	taxon:4893	20240725	GO_Central
PTHR45982	PTN008702427	NOT	GO:0007346	regulation of mitotic cell cycle	P	PTN002338189	PTHR45982	true	false	taxon:4893	20240725	GO_Central
PTHR45982	PTN008702427	NOT	GO:1901673	regulation of mitotic spindle assembly	P	PTN002338189	PTHR45982	true	false	taxon:4893	20240725	GO_Central
PTHR45982	PTN008702437	NOT	GO:0007346	regulation of mitotic cell cycle	P	PTN002338189	PTHR45982	true	false	taxon:	20260204	GO_Central
PTHR45982	PTN008702437	NOT	GO:1901673	regulation of mitotic spindle assembly	P	PTN002338189	PTHR45982	true	false	taxon:	20260204	GO_Central
PTHR45984	PTN002916035	NOT	GO:0005739	mitochondrion	C	PTN002505448	PTHR45984	true	false	taxon:117571	20210103	GO_Central
PTHR45984	PTN002916035	NOT	GO:0031072	heat shock protein binding	F	PTN002505448	PTHR45984	true	false	taxon:117571	20190815	GO_Central
PTHR45984	PTN002916035	NOT	GO:0070585	protein localization to mitochondrion	P	PTN002505448	PTHR45984	true	false	taxon:117571	20260530	GO_Central
PTHR46005	PTN002916618	NOT	GO:0050770	regulation of axonogenesis	P	PTN000571300	PTHR46005	true	false	taxon:117571	20220324	GO_Central
PTHR46037	PTN002917303	NOT	GO:0005154	epidermal growth factor receptor binding	F	PTN005273574	PTHR46037	true	false	taxon:117571	20220324	GO_Central
PTHR46037	PTN002917303	NOT	GO:0008180	COP9 signalosome	C	PTN005273574	PTHR46037	true	false	taxon:117571	20220324	GO_Central
PTHR46047	PTN002917511	NOT	GO:0005634	nucleus	C	PTN001057235	PTHR46047	true	false	taxon:117571	20241121	GO_Central
PTHR46047	PTN002917511	NOT	GO:0046426	negative regulation of receptor signaling pathway via JAK-STAT	P	PTN001057235	PTHR46047	true	false	taxon:117571	20241121	GO_Central
PTHR46066	PTN000126902	NOT	GO:0012505	endomembrane system	C	PTN000126440	PTHR46066	true	false	taxon:224308	20260828	GO_Central
PTHR46107	PTN005278989	NOT	GO:0012505	endomembrane system	C	PTN002918962	PTHR46107	true	false	taxon:7227	20260530	GO_Central
PTHR46107	PTN005278989	NOT	GO:0015036	disulfide oxidoreductase activity	F	PTN002918962	PTHR46107	true	false	taxon:7227	20231110	GO_Central
PTHR46120	PTN000472811	NOT	GO:0047150	betaine-homocysteine S-methyltransferase activity	F	PTN001078759	PTHR46120	true	false	taxon:9347	20240920	GO_Central
PTHR46165	PTN000257992	NOT	GO:0005634	nucleus	C	PTN005284915	PTHR46165	true	false	taxon:7227	20250904	GO_Central
PTHR46165	PTN000257992	NOT	GO:0005737	cytoplasm	C	PTN005284915	PTHR46165	true	false	taxon:7227	20250904	GO_Central
PTHR46165	PTN000257992	NOT	GO:0042826	histone deacetylase binding	F	PTN005284915	PTHR46165	true	false	taxon:7227	20220331	GO_Central
PTHR46172	PTN008705110	NOT	GO:0008623	CHRAC	C	PTN002253209	PTHR46172	true	false	taxon:4895	20240229	GO_Central
PTHR46179	PTN001226353	NOT	GO:0006357	regulation of transcription by RNA polymerase II	P	PTN000578629	PTHR46179	true	false	taxon:33213	20251220	GO_Central
PTHR46179	PTN002395641	NOT	GO:0003712	transcription coregulator activity	F	PTN001067827	PTHR46179	true	false	taxon:32525	20201001	GO_Central
PTHR46180	PTN001052422	NOT	GO:0005912	adherens junction	C	PTN005285701	PTHR46180	true	false	taxon:684364	20220331	GO_Central
PTHR46180	PTN001052422	NOT	GO:0005925	focal adhesion	C	PTN005285701	PTHR46180	true	false	taxon:684364	20251220	GO_Central
PTHR46180	PTN001052422	NOT	GO:0007155	cell adhesion	P	PTN005285701	PTHR46180	true	false	taxon:684364	20220331	GO_Central
PTHR46180	PTN001052422	NOT	GO:0008013	beta-catenin binding	F	PTN005285701	PTHR46180	true	false	taxon:684364	20220331	GO_Central
PTHR46180	PTN001052422	NOT	GO:0044291	cell-cell contact zone	C	PTN005285701	PTHR46180	true	false	taxon:684364	20220331	GO_Central
PTHR46180	PTN001052422	NOT	GO:0045294	alpha-catenin binding	F	PTN005285701	PTHR46180	true	false	taxon:684364	20220331	GO_Central
PTHR46182	PTN000008997	NOT	GO:0001764	neuron migration	P	PTN000801663	PTHR46182	true	false	taxon:10090	20260530	GO_Central
PTHR46191	PTN000296071	NOT	GO:0005634	nucleus	C	PTN000295973	PTHR46191	true	false	taxon:251221	20250904	GO_Central
PTHR46202	PTN002338019	NOT	GO:0031464	Cul4A-RING E3 ubiquitin ligase complex	C	PTN000523156	PTHR46202	true	false	taxon:4751	20260112	GO_Central
PTHR46278	PTN000019648	NOT	GO:0005829	cytosol	C	PTN000019341	PTHR46278	true	false	taxon:2759	20250911	GO_Central
PTHR46330	PTN002923104	NOT	GO:0036462	TRAIL-activated apoptotic signaling pathway	P	PTN002923102	PTHR46330	true	false	taxon:207598	20241121	GO_Central
PTHR46330	PTN002923104	NOT	GO:0043065	positive regulation of apoptotic process	P	PTN002923102	PTHR46330	true	false	taxon:207598	20260828	GO_Central
PTHR46330	PTN002923113	NOT	GO:0036462	TRAIL-activated apoptotic signaling pathway	P	PTN002923102	PTHR46330	true	false	taxon:207598	20251028	GO_Central
PTHR46330	PTN002923113	NOT	GO:0043065	positive regulation of apoptotic process	P	PTN002923102	PTHR46330	true	false	taxon:207598	20260828	GO_Central
PTHR46380	PTN000067668	NOT	GO:0000976	transcription cis-regulatory region binding	F	PTN005301173	PTHR46380	true	false	taxon:284812	20250904	GO_Central
PTHR46380	PTN000067668	NOT	GO:0003700	DNA-binding transcription factor activity	F	PTN005301173	PTHR46380	true	false	taxon:284812	20251220	GO_Central
PTHR46380	PTN000067668	NOT	GO:0006355	regulation of DNA-templated transcription	P	PTN005301173	PTHR46380	true	false	taxon:284812	20251220	GO_Central
PTHR46380	PTN000836752	NOT	GO:0000976	transcription cis-regulatory region binding	F	PTN005301173	PTHR46380	true	false	taxon:284812	20250904	GO_Central
PTHR46380	PTN000836752	NOT	GO:0003700	DNA-binding transcription factor activity	F	PTN005301173	PTHR46380	true	false	taxon:284812	20251220	GO_Central
PTHR46380	PTN000836752	NOT	GO:0006355	regulation of DNA-templated transcription	P	PTN005301173	PTHR46380	true	false	taxon:284812	20251220	GO_Central
PTHR46403	PTN002924208	NOT	GO:0120010	intermembrane phospholipid transfer	P	PTN002924184	PTHR46403	true	false	taxon:33317	20260530	GO_Central
PTHR46455	PTN000257987	NOT	GO:0005634	nucleus	C	PTN005305732	PTHR46455	true	false	taxon:7147	20250904	GO_Central
PTHR46455	PTN002924977	NOT	GO:0005634	nucleus	C	PTN005305732	PTHR46455	true	false	taxon:33392	20250904	GO_Central
PTHR46590	PTN008709838	NOT	GO:0005739	mitochondrion	C	PTN008709837	PTHR46590	false	false	taxon:4895	20250904	GO_Central
PTHR46708	PTN008214573	NOT	GO:0031175	neuron projection development	P	PTN002928464	PTHR46708	true	false	taxon:32524	20260530	GO_Central
PTHR46766	PTN005319825	NOT	GO:0052572	response to host immune response	P	PTN005319824	PTHR46766	true	false	taxon:3055	20250413	GO_Central
PTHR46810	PTN002486904	NOT	GO:0070737	protein-glycine ligase activity, elongating	F	PTN000261382	PTHR46810	true	false	taxon:9606	20220325	GO_Central
PTHR46979	PTN008713320	NOT	GO:0005768	endosome	C	PTN001632385	PTHR46979	true	false	taxon:4895	20260112	GO_Central
PTHR46986	PTN008713366	NOT	GO:0004521	RNA endonuclease activity	F	PTN008713365	PTHR46986	true	false	taxon:2698737	20250130	GO_Central
PTHR47102	PTN000575772	NOT	GO:0051017	actin filament bundle assembly	P	PTN001904567	PTHR47102	true	false	taxon:284812	20260530	GO_Central
PTHR47102	PTN000575772	NOT	GO:0110085	mitotic actomyosin contractile ring	C	PTN001904567	PTHR47102	true	false	taxon:284812	20260417	GO_Central
PTHR47102	PTN000575772	NOT	GO:1903475	mitotic actomyosin contractile ring assembly	P	PTN001904567	PTHR47102	true	false	taxon:284812	20230112	GO_Central
PTHR47182	PTN008714659	NOT	GO:0047657	alpha-1,3-glucan synthase activity	F	PTN000969361	PTHR47182	true	false	taxon:4895	20260112	GO_Central
PTHR47241	PTN005337552	NOT	GO:0005634	nucleus	C	PTN002510690	PTHR47241	true	false	taxon:314145	20220417	GO_Central
PTHR47385	PTN000437636	NOT	GO:0007015	actin filament organization	P	PTN000437495	PTHR47385	true	false	taxon:32524	20260828	GO_Central
PTHR47385	PTN000437636	NOT	GO:0015629	actin cytoskeleton	C	PTN000437495	PTHR47385	true	false	taxon:32524	20260828	GO_Central
PTHR47385	PTN000437636	NOT	GO:0051015	actin filament binding	F	PTN000437495	PTHR47385	true	false	taxon:32524	20260828	GO_Central
PTHR47396	PTN008716631	NOT	GO:0005829	cytosol	C	PTN008716621	PTHR47396	true	false	taxon:33154	20260530	GO_Central
PTHR47396	PTN008716631	NOT	GO:0009307	DNA restriction-modification system	P	PTN008716621	PTHR47396	true	false	taxon:33154	20240702	GO_Central
PTHR47916	PTN002936581	NOT	GO:0004332	fructose-bisphosphate aldolase activity	F	PTN005360417	PTHR47916	true	false	taxon:2157	20241010	GO_Central
PTHR47930	PTN008721840	NOT	GO:0005739	mitochondrion	C	PTN005399226	PTHR47930	true	false	taxon:3193	20250911	GO_Central
PTHR47934	PTN000612867	NOT	GO:0005739	mitochondrion	C	PTN008253695	PTHR47934	true	false	taxon:3398	20250904	GO_Central
PTHR47934	PTN000612867	NOT	GO:0007005	mitochondrion organization	P	PTN008253695	PTHR47934	true	false	taxon:3398	20250904	GO_Central
PTHR47934	PTN000612970	NOT	GO:0005739	mitochondrion	C	PTN008253695	PTHR47934	true	false	taxon:3398	20250904	GO_Central
PTHR47934	PTN000612970	NOT	GO:0007005	mitochondrion organization	P	PTN008253695	PTHR47934	true	false	taxon:3398	20250904	GO_Central
PTHR47958	PTN002773962	NOT	GO:0003724	RNA helicase activity	F	PTN002774595	PTHR47958	true	false	taxon:2759	20260828	GO_Central
PTHR47958	PTN002774495	NOT	GO:0003724	RNA helicase activity	F	PTN002774595	PTHR47958	true	false	taxon:2759	20260828	GO_Central
PTHR47980	PTN001178898	NOT	GO:0005768	endosome	C	PTN000635134	PTHR47980	true	false	taxon:284812	20260601	GO_Central
PTHR47980	PTN001178898	NOT	GO:0005886	plasma membrane	C	PTN000635134	PTHR47980	true	false	taxon:284812	20250904	GO_Central
PTHR47981	PTN001178525	NOT	GO:0090385	phagosome-lysosome fusion	P	PTN000635769	PTHR47981	true	false	taxon:	20170228	GO_Central
PTHR47981	PTN001178553	NOT	GO:0005764	lysosome	C	PTN000635769	PTHR47981	true	false	taxon:4751	20260601	GO_Central
PTHR47981	PTN001178553	NOT	GO:0090385	phagosome-lysosome fusion	P	PTN000635769	PTHR47981	true	false	taxon:4751	20181128	GO_Central
PTHR48006	PTN002523684	NOT	GO:0004672	protein kinase activity	F	PTN008727609	PTHR48006	true	false	taxon:3702	20260601	GO_Central
PTHR48017	PTN004585555	NOT	GO:0003333	amino acid transmembrane transport	P	PTN001118955	PTHR48017	true	false	taxon:	20260828	GO_Central
PTHR48024	PTN002691067	NOT	GO:0003729	mRNA binding	F	PTN008729238	PTHR48024	true	false	taxon:284812	20260828	GO_Central
PTHR48024	PTN008729262	NOT	GO:0005634	nucleus	C	PTN002690849	PTHR48024	true	false	taxon:3193	20250904	GO_Central
PTHR48043	PTN002484655	NOT	GO:0015020	glucuronosyltransferase activity	F	PTN002629957	PTHR48043	true	false	taxon:9606	20260828	GO_Central
PTHR48068	PTN000249342	NOT	GO:0000124	SAGA complex	C	PTN000249331	PTHR48068	true	false	taxon:9347	20210906	GO_Central
PTHR48068	PTN000249342	NOT	GO:0051123	RNA polymerase II preinitiation complex assembly	P	PTN000249331	PTHR48068	true	false	taxon:9347	20211218	GO_Central
PTHR48073	PTN001334879	NOT	GO:0006518	peptide metabolic process	P	PTN008732737	PTHR48073	true	false	taxon:1236	20240827	GO_Central
PTHR48073	PTN001334879	NOT	GO:0016854	racemase and epimerase activity	F	PTN008732737	PTHR48073	true	false	taxon:1236	20250413	GO_Central
PTHR48073	PTN005138762	NOT	GO:0006518	peptide metabolic process	P	PTN008732737	PTHR48073	true	false	taxon:1437183	20240827	GO_Central
PTHR48073	PTN005138762	NOT	GO:0016854	racemase and epimerase activity	F	PTN008732737	PTHR48073	true	false	taxon:1437183	20250413	GO_Central
PTHR48078	PTN000034699	NOT	GO:0003941	L-serine ammonia-lyase activity	F	PTN000034171	PTHR48078	true	false	taxon:2	20260601	GO_Central
PTHR48078	PTN000034699	NOT	GO:0004794	threonine deaminase activity	F	PTN002459384	PTHR48078	true	false	taxon:2	20260601	GO_Central
PTHR48078	PTN000034699	NOT	GO:0006565	L-serine catabolic process	P	PTN000034171	PTHR48078	true	false	taxon:2	20260601	GO_Central
PTHR48078	PTN000034699	NOT	GO:0006567	L-threonine catabolic process	P	PTN000034171	PTHR48078	true	false	taxon:2	20250522	GO_Central
PTHR48094	PTN000111152	NOT	GO:0019172	glyoxalase III activity	F	PTN005163920	PTHR48094	true	false	taxon:7227	20260601	GO_Central
PTHR48094	PTN000111152	NOT	GO:0051596	methylglyoxal catabolic process	P	PTN005163920	PTHR48094	true	false	taxon:7227	20260601	GO_Central
PTHR48099	PTN000002329	NOT	GO:0005829	cytosol	C	PTN000002250	PTHR48099	true	false	taxon:33213	20250904	GO_Central
PTHR48099	PTN000797965	NOT	GO:0004477	methenyltetrahydrofolate cyclohydrolase activity	F	PTN000002250	PTHR48099	true	false	taxon:2759	20250413	GO_Central
PTHR48099	PTN000797965	NOT	GO:0035999	tetrahydrofolate interconversion	P	PTN000002250	PTHR48099	true	false	taxon:2759	20250413	GO_Central
PTHR48099	PTN002878462	NOT	GO:0004477	methenyltetrahydrofolate cyclohydrolase activity	F	PTN000002250	PTHR48099	true	false	taxon:117571	20250413	GO_Central
PTHR48099	PTN002878462	NOT	GO:0035999	tetrahydrofolate interconversion	P	PTN000002250	PTHR48099	true	false	taxon:117571	20250413	GO_Central
PTHR48099	PTN008733121	NOT	GO:0004488	methylenetetrahydrofolate dehydrogenase (NADP+) activity	F	PTN000798052	PTHR48099	true	false	taxon:4895	20260715	GO_Central
PTHR48111	PTN001238031	NOT	GO:0005829	cytosol	C	PTN000724188	PTHR48111	true	false	taxon:6945	20260601	GO_Central
PTHR48111	PTN001238405	NOT	GO:0005829	cytosol	C	PTN000724188	PTHR48111	true	false	taxon:45351	20260601	GO_Central
PTHR48112	PTN002492306	NOT	GO:0005634	nucleus	C	PTN008733575	PTHR48112	true	false	taxon:7147	20260601	GO_Central
PTHR48112	PTN002927195	NOT	GO:0005634	nucleus	C	PTN008733575	PTHR48112	true	false	taxon:117571	20260601	GO_Central
PTHR48112	PTN002927195	NOT	GO:0006338	chromatin remodeling	P	PTN009229167	PTHR48112	true	false	taxon:117571	20250413	GO_Central
PTHR48112	PTN008296532	NOT	GO:0005634	nucleus	C	PTN008733575	PTHR48112	true	false	taxon:284812	20260601	GO_Central
PTHR48112	PTN008733599	NOT	GO:0006338	chromatin remodeling	P	PTN009229167	PTHR48112	true	false	taxon:4895	20250413	GO_Central
PTHR48153	PTN008734424	NOT	GO:0071567	deUFMylase activity	F	PTN008489024	PTHR48153	true	false	taxon:33154	20240802	GO_Central
PTHR48482	PTN009232484	NOT	GO:0050728	negative regulation of inflammatory response	P	PTN009232481	PTHR48482	true	false	taxon:32524	20260828	GO_Central
PTHR48482	PTN009232484	NOT	GO:0140105	interleukin-10-mediated signaling pathway	P	PTN009232481	PTHR48482	true	false	taxon:32524	20260828	GO_Central
