gene	uniprot	reactions	metabolites	metabolic_bp	degree
ELOVL7	A1L3X0	RHEA:32727;RHEA:35315;RHEA:35319;RHEA:35327;RHEA:35379;RHEA:36475;RHEA:36503;RHEA:36511;RHEA:36523	(11Z,14Z)-3-oxoicosa-11,14-dienoyl-CoA; (11Z,14Z,17Z)-3-oxoeicosatrienoyl-CoA; (5Z,8Z,11Z,14Z)-eicosatetraenoyl-CoA; (6Z,9Z,12Z)-octadecatrienoyl-CoA; (7Z,10Z,13Z,16Z)-3-oxodocosatetraenoyl-CoA; (9Z)-octadecenoyl-CoA; (9Z,12Z)-octadecadienoyl-CoA; (9Z,12Z,15Z)-octadecatrienoyl-CoA; 3-oxo-(11Z)-eicosenoyl-CoA; 3-oxo-(8Z,11Z,14Z)-eicosatrienoyl-CoA; 3-oxodocosanoyl-CoA; 3-oxoeicosanoyl-CoA; 3-oxooctadecanoyl-CoA; a very-long-chain 3-oxoacyl-CoA; a very-long-chain acyl-CoA; eicosanoyl-CoA; hexadecanoyl-CoA; malonyl-CoA; octadecanoyl-CoA	acyl-CoA biosynthetic process; fatty acid biosynthetic process; fatty acid derivative biosynthetic process; fatty acid derivative metabolic process; fatty acid elongation; fatty acid elongation, monounsaturated fatty acid; fatty acid elongation, polyunsaturated fatty acid; fatty acid elongation, saturated fatty acid; fatty acid elongation, unsaturated fatty acid; fatty-acyl-CoA biosynthetic process; fatty-acyl-CoA metabolic process; long-chain fatty-acyl-CoA biosynthetic process; long-chain fatty-acyl-CoA metabolic process; unsaturated fatty acid biosynthetic process; unsaturated fatty acid metabolic process; very long-chain fatty acid biosynthetic process; very long-chain fatty acid metabolic process	53
PEDS1	A5PLL7	RHEA:22956;RHEA:61960;RHEA:61964;RHEA:61968	a 1-(1,2-saturated alkyl)-2-acyl-sn-glycero-3-phosphoethanolamine; a 1-O-(1Z,9Z-octadecadienyl)-2-acyl-sn-glycero-3-phosphoethanolamine; a 1-O-(1Z-alkenyl)-2-acyl-sn-glycero-3-phosphoethanolamine; a 1-O-(1Z-hexadecenyl)-2-acyl-sn-glycero-3-phosphoethanolamine; a 1-O-(1Z-octadecenyl)-2-acyl-sn-glycero-3-phosphoethanolamine; a 1-O-(9Z-octadecenyl)-2-acyl-sn-glycero-3-phosphoethanolamine; a 1-O-hexadecyl-2-acyl-sn-glycero-3-phosphoethanolamine; a 1-O-octadecyl-2-acyl-sn-glycero-3-phosphoethanolamine	ether biosynthetic process; ether lipid biosynthetic process; ether lipid metabolic process; glycerol ether biosynthetic process	1
HACD1	B0YJ81	RHEA:39155;RHEA:39159;RHEA:39175;RHEA:39187;RHEA:39199;RHEA:39211;RHEA:45812	(2E)-docosenoyl-CoA; (2E)-eicosenoyl-CoA; (2E)-hexacosenoyl-CoA; (2E)-hexadecenoyl-CoA; (2E)-octadecenoyl-CoA; (2E)-tetracosenoyl-CoA; (3R)-hydroxydocosanoyl-CoA; (3R)-hydroxyeicosanoyl-CoA; (3R)-hydroxyhexacosanoyl-CoA; (3R)-hydroxyhexadecanoyl-CoA; (3R)-hydroxyoctadecanoyl-CoA; (3R)-hydroxytetracosanoyl-CoA; a very-long-chain (2E)-enoyl-CoA; a very-long-chain (3R)-3-hydroxyacyl-CoA	acyl-CoA biosynthetic process; fatty acid biosynthetic process; fatty acid derivative biosynthetic process; fatty acid derivative metabolic process; fatty acid elongation; fatty-acyl-CoA biosynthetic process; fatty-acyl-CoA metabolic process; long-chain fatty-acyl-CoA biosynthetic process; long-chain fatty-acyl-CoA metabolic process; very long-chain fatty acid biosynthetic process; very long-chain fatty acid metabolic process	13
AGPS	O00116	RHEA:36171;RHEA:40659;RHEA:40727	1-O-hexadecylglycerone 3-phosphate; 1-hexadecanoylglycerone 3-phosphate; a 1-O-alkylglycerone 3-phosphate; a 1-acylglycerone 3-phosphate; a long chain fatty alcohol; a long-chain fatty acid; hexadecan-1-ol; hexadecanoate	ether biosynthetic process; ether lipid biosynthetic process; ether lipid metabolic process; glycerol ether biosynthetic process	23
TK2	O00142	RHEA:19129;RHEA:28206;RHEA:46040	2'-deoxycytidine; 2'-deoxyuridine; dCMP; dTMP; dUMP; thymidine	2'-deoxyribonucleoside metabolic process; 2'-deoxyribonucleotide biosynthetic process; 2'-deoxyribonucleotide metabolic process; dAMP biosynthetic process; dAMP metabolic process; deoxycytidine metabolic process; deoxyribonucleoside monophosphate biosynthetic process; deoxyribose phosphate biosynthetic process; glycosyl compound biosynthetic process; metabolic compound salvage; nucleobase-containing small molecule biosynthetic process; nucleoside biosynthetic process; nucleoside metabolic process; nucleoside monophosphate biosynthetic process; nucleoside salvage; purine deoxyribonucleoside monophosphate biosynthetic process; purine deoxyribonucleoside monophosphate metabolic process; purine deoxyribonucleotide biosynthetic process; purine deoxyribonucleotide metabolic process; purine nucleoside monophosphate biosynthetic process; purine nucleoside monophosphate metabolic process; pyrimidine deoxyribonucleoside metabolic process; pyrimidine nucleoside biosynthetic process; pyrimidine nucleoside metabolic process; pyrimidine nucleoside salvage; pyrimidine-containing compound biosynthetic process; pyrimidine-containing compound metabolic process; pyrimidine-containing compound salvage; thymidine metabolic process	10
GTPBP1	O00178	RHEA:19669		GTP metabolic process; RNA catabolic process; RNA metabolic process; RNA surveillance; cytoplasmic translation; macromolecule catabolic process; nucleic acid catabolic process; protein biosynthetic process; translation; translational elongation	0
NDUFS8	O00217	RHEA:29091		ATP biosynthetic process; ATP metabolic process; ATP synthesis coupled electron transport; aerobic electron transport chain; aerobic respiration; cellular respiration; electron transport chain; mitochondrial ATP synthesis coupled electron transport; mitochondrial electron transport, NADH to ubiquinone; nucleoside triphosphate biosynthetic process; oxidative phosphorylation; proton motive force-driven ATP synthesis; proton motive force-driven mitochondrial ATP synthesis; purine nucleoside triphosphate biosynthetic process; purine ribonucleoside triphosphate biosynthetic process; purine ribonucleotide biosynthetic process; respiratory electron transport chain; ribonucleoside triphosphate biosynthetic process	0
PIK3CD	O00329	RHEA:12709;RHEA:21292;RHEA:43396	1-octadecanoyl-2-(5Z,8Z,11Z,14Z)-eicosatetraenoyl-sn-glycero-3-phospho-1D-myo-inositol 4,5-bisphosphate; 1-octadecanoyl-2-(5Z,8Z,11Z,14Z-eicosatetraenoyl)-sn-glycero-3-phospho-(1D-myo-inositol 3,4,5-triphosphate); a 1,2-diacyl-sn-glycero-3-phospho-(1D-myo-inositol); a 1,2-diacyl-sn-glycero-3-phospho-(1D-myo-inositol-3,4,5-trisphosphate); a 1,2-diacyl-sn-glycero-3-phospho-(1D-myo-inositol-3-phosphate); a 1,2-diacyl-sn-glycero-3-phospho-(1D-myo-inositol-4,5-bisphosphate)	phosphatidylinositol phosphate biosynthetic process; phosphatidylinositol-3-phosphate biosynthetic process; phosphorylation; protein phosphorylation; respiratory burst; respiratory burst involved in defense response	7
EEF2K	O00418	RHEA:21436	[pyruvate, water dikinase]; [pyruvate, water dikinase]-phosphate	phosphorylation; protein autophosphorylation; protein biosynthetic process; protein phosphorylation; translation; translational elongation	2
ACACB	O00763	RHEA:11308	acetyl-CoA; malonyl-CoA	NADP+ metabolic process; NADPH regeneration; acetyl-CoA metabolic process; acyl-CoA biosynthetic process; fatty acid biosynthetic process; fatty acid oxidation; glucose 6-phosphate metabolic process; lipid modification; lipid oxidation; malonyl-CoA biosynthetic process; malonyl-CoA metabolic process; pentose-phosphate shunt; tricarboxylic acid metabolic process	34
PDXK	O00764	RHEA:10224;RHEA:25104;RHEA:25108	pyridoxal; pyridoxal 5'-phosphate; pyridoxamine; pyridoxamine 5'-phosphate; pyridoxine; pyridoxine 5'-phosphate	aldehyde biosynthetic process; aldehyde metabolic process; metabolic compound salvage; pyridine-containing compound biosynthetic process; pyridoxal 5'-phosphate biosynthetic process; pyridoxal 5'-phosphate metabolic process; pyridoxal 5'-phosphate salvage; vitamin B6 biosynthetic process; vitamin B6 metabolic process; vitamin biosynthetic process; vitamin metabolic process; water-soluble vitamin biosynthetic process	5
CTDSP2	O14595	RHEA:20629;RHEA:47004		dephosphorylation; protein dephosphorylation	0
ABCD4	O14678	RHEA:17873	an R-cob(III)alamin	cobalamin metabolic process; fatty acid beta-oxidation; fatty acid catabolic process; fatty acid oxidation; lipid modification; lipid oxidation; tetrapyrrole metabolic process; very long-chain fatty acid catabolic process; very long-chain fatty acid metabolic process	1
TERT	O14746	RHEA:22508	a 2'-deoxyribonucleoside 5'-triphosphate	DNA biosynthetic process; DNA metabolic process; DNA recombination; DNA strand elongation; RNA biosynthetic process; RNA metabolic process; RNA processing; RNA-templated DNA biosynthetic process; RNA-templated transcription; mitotic recombination; nucleic acid biosynthetic process; regulatory ncRNA processing; siRNA processing; siRNA transcription; telomere maintenance; telomere maintenance via recombination; telomere maintenance via telomerase; telomere maintenance via telomere lengthening	1
CHEK1	O14757	RHEA:17989;RHEA:46608		DNA metabolic process; DNA repair; DNA replication	0
OPLAH	O14841	RHEA:10348	5-oxo-L-proline	glutathione catabolic process; glutathione metabolic process; modified amino acid catabolic process; sulfur compound catabolic process	2
BCKDK	O14874	RHEA:17301;RHEA:17989		L-isoleucine catabolic process; L-leucine catabolic process; L-leucine metabolic process; L-valine catabolic process; branched-chain amino acid catabolic process; branched-chain amino acid metabolic process	0
PIP5K1B	O14986	RHEA:14425;RHEA:40363;RHEA:40367;RHEA:40375;RHEA:40379;RHEA:40383;RHEA:40387	1,2-di(9Z,12Z)-octadecadienoyl-sn-glycero-3-phospho-1D-myo-inositol 5-phosphate; 1,2-di-(9Z,12Z)-octadecadienoyl-sn-glycero-3-phospho-1D-myo-inositol; 1-octadecanoyl-2-(5Z,8Z,11Z,14Z)-eicosatetraenoyl-sn-glycero-3-phospho-1D-myo-inositol 4,5-bisphosphate; 1-octadecanoyl-2-(5Z,8Z,11Z,14Z)-eicosatetraenoyl-sn-glycero-3-phospho-1D-myo-inositol 4-phosphate; 1-octadecanoyl-2-(5Z,8Z,11Z,14Z)-eicosatetraenoyl-sn-glycero-3-phospho-1D-myo-inositol 5-phosphate; 1-octadecanoyl-2-(5Z,8Z,11Z,14Z-eicosatetraenoyl)-sn-glycero-3-phospho-(1D-myo-inositol); 1-octadecanoyl-2-(9Z)-octadecenoyl-sn-glycero-3-phospho-1D-myo-inositol; 1-octadecanoyl-2-(9Z)-octadecenoyl-sn-glycero-3-phospho-1D-myo-inositol 4,5-bisphosphate; 1-octadecanoyl-2-(9Z)-octadecenoyl-sn-glycero-3-phospho-1D-myo-inositol 4-phosphate; 1-octadecanoyl-2-(9Z)-octadecenoyl-sn-glycero-3-phospho-1D-myo-inositol 5-phosphate; 1-octadecanoyl-2-(9Z,12Z)-octadecadienoyl-sn-glycero-3-phospho-1D-myo-inositol; 1-octadecanoyl-2-(9Z,12Z)-octadecadienoyl-sn-glycero-3-phospho-1D-myo-inositol 5-phosphate; a 1,2-diacyl-sn-glycero-3-phospho-(1D-myo-inositol 4-phosphate); a 1,2-diacyl-sn-glycero-3-phospho-(1D-myo-inositol-4,5-bisphosphate)	phosphatidylinositol biosynthetic process; phosphatidylinositol metabolic process; phosphatidylinositol phosphate biosynthetic process	5
PFAS	O15067	RHEA:17129	2-formamido-N(1)-(5-O-phospho-beta-D-ribosyl)acetamidine; N(2)-formyl-N(1)-(5-phospho-beta-D-ribosyl)glycinamide	'de novo' AMP biosynthetic process; 'de novo' IMP biosynthetic process; 'de novo' XMP biosynthetic process; AMP biosynthetic process; AMP metabolic process; GMP biosynthetic process; GMP metabolic process; IMP biosynthetic process; IMP metabolic process; L-glutamine metabolic process; XMP biosynthetic process; XMP metabolic process; nucleoside monophosphate biosynthetic process; purine nucleoside monophosphate biosynthetic process; purine nucleoside monophosphate metabolic process; purine ribonucleoside monophosphate biosynthetic process; purine ribonucleoside monophosphate metabolic process; purine ribonucleotide biosynthetic process; ribonucleoside monophosphate biosynthetic process	1
AGPAT2	O15120	RHEA:19709;RHEA:33187;RHEA:35899;RHEA:35903;RHEA:35907;RHEA:35915;RHEA:37131;RHEA:37139;RHEA:37143;RHEA:37155;RHEA:37159;RHEA:37171;RHEA:37175;RHEA:37179;RHEA:37183;RHEA:37187;RHEA:37603	(11Z)-octadecenoyl-CoA; (5Z,8Z,11Z,14Z)-eicosatetraenoyl-CoA; (6Z,9Z,12Z)-octadecatrienoyl-2-(9Z)-octadecenoyl-sn-glycero-3-phosphate; (9Z)-octadecenoyl-CoA; (9Z,12Z)-octadecadienoyl-CoA; 1,2-di-(9Z-octadecenoyl)-sn-glycero-3-phosphate; 1,2-dihexadecanoyl-sn-glycero-3-phosphate; 1-(6Z,9Z,12Z-octadecatrienoyl)-sn-glycero-3-phosphate; 1-(9Z)-octadecenoyl-2-(11Z)-octadecenoyl-sn-glycero-3-phosphate; 1-(9Z)-octadecenoyl-2-(9Z,12Z)-octadecadienoyl-sn-glycero-3-phosphate; 1-(9Z)-octadecenoyl-2-heptadecanoyl-sn-glycero-3-phosphate; 1-(9Z)-octadecenoyl-2-hexadecanoyl-sn-glycero-3-phosphate; 1-(9Z)-octadecenoyl-2-pentadecanoyl-sn-glycero-3-phosphate; 1-(9Z)-octadecenoyl-2-tetradecanoyl-sn-glycero-3-phosphate; 1-(9Z,12Z,15Z)-octadecatrienoyl-2-(9Z)-octadecenoyl-sn-glycero-3-phosphate; 1-(9Z,12Z,15Z)-octadecatrienoyl-sn-glycero-3-phosphate; 1-(9Z-octadecenoyl)-sn-glycero-3-phosphate; 1-eicosanoyl-2-(9Z)-octadecenoyl-sn-glycero-3-phosphate; 1-eicosanoyl-sn-glycero-3-phosphate; 1-hexadecanoyl-2-(5Z,8Z,11Z,14Z-eicosatetraenoyl)-sn-glycero-3-phosphate; 1-hexadecanoyl-2-(9Z-octadecenoyl)-sn-glycero-3-phosphate; 1-hexadecanoyl-2-octadecanoyl-sn-glycero-3-phosphate; 1-hexadecanoyl-2-tetradecanoyl-sn-glycero-3-phosphate; 1-hexadecanoyl-sn-glycero-3-phosphate; 1-tetradecanoyl-2-(9Z)-octadecenoyl-sn-glycero-3-phosphate; 1-tetradecanoyl-sn-glycerol 3-phosphate; a 1,2-diacyl-sn-glycero-3-phosphate; a 1-acyl-sn-glycero-3-phosphate; an acyl-CoA; heptadecanoyl-CoA; hexadecanoyl-CoA; octadecanoyl-CoA; pentadecanoyl-CoA; tetradecanoyl-CoA	CDP-diacylglycerol biosynthetic process; CDP-diacylglycerol metabolic process; acylglycerol biosynthetic process; acylglycerol metabolic process; neutral lipid biosynthetic process; neutral lipid metabolic process; phosphatidic acid biosynthetic process; phosphatidic acid metabolic process; triglyceride biosynthetic process; triglyceride metabolic process	51
DEGS1	O15121	RHEA:19141;RHEA:46544;RHEA:55348;RHEA:55352;RHEA:55356;RHEA:55360	11-cis-retinol; 13-cis-retinol; 9-cis-retinol; all-trans-retinol; an N-acylsphing-4-enine; an N-acylsphinganine	ceramide biosynthetic process; ceramide metabolic process; fatty acid biosynthetic process; glycolipid biosynthetic process; glycolipid metabolic process; glycosphingolipid biosynthetic process; glycosphingolipid metabolic process; liposaccharide metabolic process; sphingomyelin biosynthetic process; sphingomyelin metabolic process; unsaturated fatty acid biosynthetic process; unsaturated fatty acid metabolic process	31
GNPAT	O15228	RHEA:17657;RHEA:40715	1-hexadecanoylglycerone 3-phosphate; a 1-acylglycerone 3-phosphate; an acyl-CoA; dihydroxyacetone phosphate; hexadecanoyl-CoA	ether biosynthetic process; ether lipid biosynthetic process; ether lipid metabolic process; glycerol ether biosynthetic process; phosphatidic acid biosynthetic process; phosphatidic acid metabolic process	46
KMO	O15229	RHEA:20545	3-hydroxy-L-kynurenine; L-kynurenine	'de novo' NAD+ biosynthetic process from L-tryptophan; L-tryptophan catabolic process; NAD+ biosynthetic process; NAD+ metabolic process; aromatic amino acid catabolic process; aromatic amino acid metabolic process; dicarboxylic acid biosynthetic process; indole-containing compound catabolic process; indole-containing compound metabolic process; kynurenic acid biosynthetic process; kynurenic acid metabolic process; nicotinamide nucleotide biosynthetic process; pyridine nucleotide biosynthetic process; pyridine-containing compound biosynthetic process; quinolinate biosynthetic process; quinolinate metabolic process	5
ACOX3	O15254	RHEA:38959;RHEA:40167;RHEA:40179;RHEA:40275;RHEA:40319;RHEA:40459	(2E)-decenoyl-CoA; (2E)-hexadecenedioyl-CoA; (2E)-hexadecenoyl-CoA; (2E)-pristenoyl-CoA; (2E)-tetracosenoyl-CoA; (2S)-pristanoyl-CoA; a (2E)-enoyl-CoA; a 2,3-saturated acyl-CoA; decanoyl-CoA; hexadecanedioyl-CoA; hexadecanoyl-CoA; tetracosanoyl-CoA	fatty acid beta-oxidation; fatty acid beta-oxidation using acyl-CoA oxidase; fatty acid catabolic process; fatty acid oxidation; lipid modification; lipid oxidation	51
SPTLC1	O15269	RHEA:14761;RHEA:33683;RHEA:35675;RHEA:35679	3-oxoeicosasphinganine; 3-oxohexadecasphinganine; 3-oxosphinganine; 3-oxotetradecasphinganine; L-serine; dodecanoyl-CoA; hexadecanoyl-CoA; octadecanoyl-CoA; tetradecanoyl-CoA	ceramide biosynthetic process; ceramide metabolic process; diol biosynthetic process; diol metabolic process; glycolipid biosynthetic process; glycolipid metabolic process; glycosphingolipid biosynthetic process; glycosphingolipid metabolic process; liposaccharide metabolic process; polyol biosynthetic process; polyol metabolic process; sphingoid biosynthetic process; sphingoid metabolic process; sphingomyelin biosynthetic process; sphingomyelin metabolic process; sphingosine biosynthetic process; sphingosine metabolic process	51
SPTLC2	O15270	RHEA:14761;RHEA:33683	3-oxoeicosasphinganine; 3-oxosphinganine; L-serine; hexadecanoyl-CoA; octadecanoyl-CoA	ceramide biosynthetic process; ceramide metabolic process; diol biosynthetic process; diol metabolic process; glycolipid biosynthetic process; glycolipid metabolic process; glycosphingolipid biosynthetic process; glycosphingolipid metabolic process; liposaccharide metabolic process; polyol biosynthetic process; polyol metabolic process; sphingoid biosynthetic process; sphingoid metabolic process; sphingomyelin biosynthetic process; sphingomyelin metabolic process; sphingosine biosynthetic process; sphingosine metabolic process	51
PMM2	O15305	RHEA:11140	D-mannose 6-phosphate; alpha-D-mannose 1-phosphate	GDP-mannose biosynthetic process; GDP-mannose metabolic process; hexose metabolic process; mannose metabolic process; monosaccharide metabolic process; nucleotide-sugar biosynthetic process; nucleotide-sugar metabolic process; protein N-linked glycosylation	3
BCAT2	O15382	RHEA:18321;RHEA:24801;RHEA:24813	(S)-3-methyl-2-oxopentanoate; 3-methyl-2-oxobutanoate; 4-methyl-2-oxopentanoate; L-isoleucine; L-leucine; L-valine	L-isoleucine catabolic process; L-leucine catabolic process; L-leucine metabolic process; L-valine catabolic process; branched-chain amino acid biosynthetic process; branched-chain amino acid catabolic process; branched-chain amino acid metabolic process	4
P4HA2	O15460	RHEA:18945	succinate		13
PHGDH	O43175	RHEA:12641;RHEA:21432;RHEA:49612	(2R)-3-phosphoglycerate; (R)-2-hydroxyglutarate; (S)-malate; 3-phosphooxypyruvate; oxaloacetate	L-serine biosynthetic process; L-serine metabolic process; amino acid biosynthetic process; proteinogenic amino acid biosynthetic process; serine family amino acid biosynthetic process	18
PAPSS1	O43252	RHEA:18133;RHEA:24152	3'-phosphoadenylyl sulfate; adenosine 5'-phosphosulfate	3'-phosphoadenosine 5'-phosphosulfate biosynthetic process; 3'-phosphoadenosine 5'-phosphosulfate metabolic process; nucleoside bisphosphate biosynthetic process; nucleoside bisphosphate metabolic process; purine nucleoside bisphosphate biosynthetic process; purine nucleoside bisphosphate metabolic process; purine ribonucleoside bisphosphate biosynthetic process; purine ribonucleoside bisphosphate metabolic process; purine ribonucleotide biosynthetic process; ribonucleoside bisphosphate biosynthetic process; ribonucleoside bisphosphate metabolic process; sulfate assimilation	6
PRODH	O43272	RHEA:23784	(S)-1-pyrroline-5-carboxylate; L-proline	L-proline catabolic process; L-proline metabolic process; modified amino acid catabolic process; non-proteinogenic amino acid catabolic process; non-proteinogenic amino acid metabolic process; trans-4-hydroxy-L-proline catabolic process	2
B4GALT5	O43286	RHEA:31495	UDP-alpha-D-galactose; a beta-D-Gal-(1->4)-beta-D-Glc-(1<->1)-Cer(d18:1(4E)); a beta-D-glucosyl-(1<->1')-N-acylsphing-4-enine	ceramide biosynthetic process; ceramide metabolic process; ganglioside biosynthetic process; ganglioside metabolic process; glycolipid biosynthetic process; glycolipid metabolic process; glycosphingolipid biosynthetic process; glycosphingolipid metabolic process; liposaccharide metabolic process; protein O-linked glycosylation; protein O-linked glycosylation via N-acetylgalactosamine	21
GET3	O43681	RHEA:13065			0
SULT1B1	O43704	RHEA:12164;RHEA:67876;RHEA:67880;RHEA:67884;RHEA:67888;RHEA:67892;RHEA:70607	3'-phosphoadenylyl sulfate; 3,3',5'-triiodo-L-thyronine; 3,3',5'-triiodo-L-thyronine sulfate; 3,3',5-triiodo-L-thyronine; 3,3',5-triiodo-L-thyronine sulfate; 3,3'-diiodo-L-thyronine; 3,3'-diiodo-L-thyronine sulfate; 4-ethylphenol; 4-ethylphenyl sulfate; a phenol; adenosine 3',5'-bisphosphate; an aryl sulfate; dopamine; dopamine 3-O-sulfate; dopamine 4-O-sulfate	3'-phosphoadenosine 5'-phosphosulfate metabolic process; alcohol catabolic process; amine metabolic process; biogenic amine metabolic process; ethanol catabolic process; ethanol metabolic process; flavonoid metabolic process; hormone metabolic process; nucleoside bisphosphate metabolic process; phenol-containing compound metabolic process; primary alcohol catabolic process; primary alcohol metabolic process; purine nucleoside bisphosphate metabolic process; purine ribonucleoside bisphosphate metabolic process; ribonucleoside bisphosphate metabolic process; sulfation; thyroid hormone metabolic process; xenobiotic metabolic process	11
GSTZ1	O43708	RHEA:14817;RHEA:16437	4-fumarylacetoacetate; 4-maleylacetoacetate; RX; a halide anion; an S-substituted glutathione; glutathione	L-phenylalanine catabolic process; aromatic amino acid catabolic process; aromatic amino acid metabolic process; glutathione metabolic process	12
SLC25A20	O43772	RHEA:34959;RHEA:49908;RHEA:49912;RHEA:49916;RHEA:49920;RHEA:49924	(R)-carnitine; O-acetyl-(R)-carnitine; O-hexadecanoyl-(R)-carnitine; O-octanoyl-(R)-carnitine; O-propanoyl-(R)-carnitine; an O-acyl-(R)-carnitine		3
SLC37A4	O43826	RHEA:71535	D-glucose 6-phosphate	carbohydrate biosynthetic process; gluconeogenesis; glucose metabolic process; hexose biosynthetic process; hexose metabolic process; monosaccharide biosynthetic process; monosaccharide metabolic process	6
PEX1	O43933	RHEA:13065		protein import into peroxisome matrix, receptor recycling; receptor metabolic process; receptor recycling	0
FADS1	O60427	RHEA:46060;RHEA:46420;RHEA:46424	(11E)-octadecenoyl-CoA; (5Z,11E)-octadecadienoyl-CoA; (5Z,8Z,11Z,14Z)-eicosatetraenoyl-CoA; (5Z,8Z,11Z,14Z,17Z)-eicosapentaenoyl-CoA; (8Z,11Z,14Z)-eicosatrienoyl-CoA; (8Z,11Z,14Z,17Z)-eicosatetraenoyl-CoA	alpha-linolenic acid metabolic process; fatty acid biosynthetic process; icosanoid biosynthetic process; icosanoid metabolic process; linoleic acid metabolic process; long-chain fatty acid biosynthetic process; long-chain fatty acid metabolic process; olefinic compound metabolic process; unsaturated fatty acid biosynthetic process; unsaturated fatty acid metabolic process	14
ACSL4	O60488	RHEA:15421;RHEA:19713;RHEA:30751;RHEA:36139;RHEA:44932;RHEA:52008;RHEA:52012;RHEA:52016;RHEA:52088;RHEA:52108;RHEA:52112;RHEA:52116;RHEA:67848;RHEA:85307	(2E)-hexadecenoyl-CoA; (4Z,7Z,10Z,13Z,16Z,19Z)-docosahexaenoate; (4Z,7Z,10Z,13Z,16Z,19Z)-docosahexaenoyl-CoA; (5Z,8Z,11Z,14Z)-eicosatetraenoate; (5Z,8Z,11Z,14Z)-eicosatetraenoyl-CoA; (5Z,8Z,11Z,14Z,17Z)-eicosapentaenoate; (5Z,8Z,11Z,14Z,17Z)-eicosapentaenoyl-CoA; (7Z,10Z,13Z,16Z)-docosatetraenoate; (7Z,10Z,13Z,16Z)-docosatetraenoyl-CoA; (E)-hexadec-2-enoate; 11,12-epoxy-(5Z,8Z,14Z)-eicosatrienoate; 11,12-epoxy-(5Z,8Z,14Z)-eicosatrienoyl-CoA; 12-hydroxy-(5Z,8Z,10E,14Z)-eicosatetraenoate; 12-hydroxy-(5Z,8Z,10E,14Z)-eicosatetraenoyl-CoA; 14,15-epoxy-(5Z,8Z,11Z)-eicosatrienoate; 14,15-epoxy-(5Z,8Z,11Z)-eicosatrienoyl-CoA; 15-hydroxy-(5Z,8Z,11Z,13E)-eicosatetraenoate; 15-hydroxy-(5Z,8Z,11Z,13E)-eicosatetraenoyl-CoA; 5,6-epoxy-(8Z,11Z,14Z)-eicosatrienoate; 5,6-epoxy-(8Z,11Z,14Z)-eicosatrienoyl-CoA; 5-hydroxy-(6E,8Z,11Z,14Z)-eicosatetraenoate; 5-hydroxy-(6E,8Z,11Z,14Z)-eicosatetraenoyl-CoA; 8,9-epoxy-(5Z,11Z,14Z)-eicosatrienoate; 8,9-epoxy-(5Z,11Z,14Z)-eicosatrienoyl-CoA; a long-chain fatty acid; a long-chain fatty acyl-CoA; hexadecanoate; hexadecanoyl-CoA	acyl-CoA biosynthetic process; fatty acid biosynthetic process; fatty acid derivative biosynthetic process; fatty acid derivative metabolic process; fatty-acyl-CoA biosynthetic process; fatty-acyl-CoA metabolic process; long-chain fatty acid metabolic process; long-chain fatty-acyl-CoA biosynthetic process; long-chain fatty-acyl-CoA metabolic process	64
BUB1B	O60566	RHEA:17989;RHEA:46608			0
ICMT	O60725	RHEA:21672			0
DPM1	O60762	RHEA:21184	GDP-alpha-D-mannose; a di-trans,poly-cis-dolichyl beta-D-mannosyl phosphate; a di-trans,poly-cis-dolichyl phosphate	GPI anchor biosynthetic process; GPI anchor metabolic process; GPI anchored protein biosynthesis; dolichol phosphate mannose biosynthetic process; dolichol-linked oligosaccharide biosynthetic process; dolichyl monophosphate biosynthetic process; glycolipid biosynthetic process; glycolipid metabolic process; isoprenoid biosynthetic process; isoprenoid metabolic process; liposaccharide metabolic process; protein N-linked glycosylation; protein O-linked glycosylation; protein O-linked glycosylation via mannose; terpenoid biosynthetic process; terpenoid metabolic process	17
SLC19A2	O60779	RHEA:71271;RHEA:76203	pyridoxine; thiamine	pyrimidine-containing compound biosynthetic process; pyrimidine-containing compound metabolic process; thiamine diphosphate biosynthetic process; thiamine diphosphate metabolic process; thiamine-containing compound biosynthetic process; thiamine-containing compound metabolic process; vitamin biosynthetic process; vitamin metabolic process; water-soluble vitamin biosynthetic process	4
SMPD2	O60906	RHEA:19253;RHEA:36087;RHEA:39923;RHEA:41119;RHEA:45296;RHEA:45300	1-O-hexadecyl-sn-glycero-3-phosphocholine; 1-O-hexadecyl-sn-glycerol; 1-O-octadecyl-sn-glycero-3-phosphocholine; 1-O-octadecyl-sn-glycerol; 1-hexadecanoyl-sn-glycero-3-phosphocholine; 1-hexadecanoyl-sn-glycerol; a sphingoid base; a sphingomyelin; a sphingosylphosphocholine; an N-(acyl)-sphingosylphosphocholine; an N-acyl-sphingoid base; an N-acylsphing-4-enine; phosphocholine	ceramide biosynthetic process; ceramide metabolic process; phospholipid catabolic process; sphingolipid catabolic process; sphingomyelin catabolic process; sphingomyelin metabolic process	38
ABCB7	O75027	RHEA:67028	CHEBI:167627	heme biosynthetic process; heme metabolic process; pigment biosynthetic process; pigment metabolic process; porphyrin-containing compound biosynthetic process; porphyrin-containing compound metabolic process; tetrapyrrole biosynthetic process; tetrapyrrole metabolic process	0
GGCT	O75223	RHEA:20505	5-oxo-L-proline; an L-alpha-amino acid; an alpha-(gamma-L-glutamyl)-L-amino acid		6
NDUFS7	O75251	RHEA:29091		ATP biosynthetic process; ATP metabolic process; ATP synthesis coupled electron transport; aerobic electron transport chain; aerobic respiration; cellular respiration; electron transport chain; mitochondrial ATP synthesis coupled electron transport; mitochondrial electron transport, NADH to ubiquinone; nucleoside triphosphate biosynthetic process; oxidative phosphorylation; proton motive force-driven ATP synthesis; proton motive force-driven mitochondrial ATP synthesis; purine nucleoside triphosphate biosynthetic process; purine ribonucleoside triphosphate biosynthetic process; purine ribonucleotide biosynthetic process; respiratory electron transport chain; ribonucleoside triphosphate biosynthetic process	0
NDUFS2	O75306	RHEA:29091		ATP biosynthetic process; ATP metabolic process; ATP synthesis coupled electron transport; aerobic electron transport chain; aerobic respiration; cellular respiration; electron transport chain; mitochondrial ATP synthesis coupled electron transport; mitochondrial electron transport, NADH to ubiquinone; nucleoside triphosphate biosynthetic process; oxidative phosphorylation; proton motive force-driven ATP synthesis; proton motive force-driven mitochondrial ATP synthesis; purine nucleoside triphosphate biosynthetic process; purine ribonucleoside triphosphate biosynthetic process; purine ribonucleotide biosynthetic process; respiratory electron transport chain; ribonucleoside triphosphate biosynthetic process	0
VPS4B	O75351	RHEA:13065		autophagosome maturation; autophagy; late endosomal microautophagy; macroautophagy; macromolecule catabolic process; microautophagy; modification-dependent macromolecule catabolic process; modification-dependent protein catabolic process; protein catabolic process; ubiquitin-dependent protein catabolic process; ubiquitin-dependent protein catabolic process via the multivesicular body sorting pathway	0
ULK1	O75385	RHEA:17989;RHEA:46608		autophagosome assembly; autophagosome organization; autophagy; autophagy of mitochondrion; macroautophagy; microautophagy; mitophagy; nucleophagy; peptidyl-serine phosphorylation; phosphorylation; piecemeal microautophagy of the nucleus; protein autophosphorylation; protein phosphorylation; reticulophagy	0
NDUFS3	O75489	RHEA:29091		ATP biosynthetic process; ATP metabolic process; ATP synthesis coupled electron transport; aerobic electron transport chain; aerobic respiration; cellular respiration; electron transport chain; mitochondrial ATP synthesis coupled electron transport; mitochondrial electron transport, NADH to ubiquinone; nucleoside triphosphate biosynthetic process; oxidative phosphorylation; proton motive force-driven ATP synthesis; proton motive force-driven mitochondrial ATP synthesis; purine nucleoside triphosphate biosynthetic process; purine ribonucleoside triphosphate biosynthetic process; purine ribonucleotide biosynthetic process; reactive oxygen species metabolic process; respiratory electron transport chain; ribonucleoside triphosphate biosynthetic process	0
SLC25A12	O75746	RHEA:70783;RHEA:70967;RHEA:70975	3-sulfino-L-alanine; L-aspartate	NAD+ metabolic process; malate-aspartate shuttle	13
B3GALNT1	O75752	RHEA:22252	UDP-N-acetyl-alpha-D-galactosamine; a globoside Gb3Cer (d18:1(4E)); a globoside Gb4Cer (d18:1(4E))	carbohydrate biosynthetic process; glycolipid biosynthetic process; glycolipid metabolic process; glycosphingolipid biosynthetic process; glycosphingolipid metabolic process; liposaccharide metabolic process; oligosaccharide biosynthetic process; oligosaccharide metabolic process	8
SC5D	O75845	RHEA:46556;RHEA:47184;RHEA:54320	5alpha-cholesta-7,24-dien-3beta-ol; 7-dehydrocholesterol; 7-dehydrodesmosterol; a Delta(5),Delta(7)-sterol; a Delta(7)-sterol; lathosterol	cholesterol biosynthetic process; cholesterol metabolic process; secondary alcohol biosynthetic process; secondary alcohol metabolic process; steroid biosynthetic process; sterol biosynthetic process; sterol metabolic process	5
CYP7B1	O75881	RHEA:19041;RHEA:24308;RHEA:43896;RHEA:46124;RHEA:46192;RHEA:46196;RHEA:46200;RHEA:46204;RHEA:46460;RHEA:46464	(22R)-hydroxycholesterol; (22R,7alpha)-dihydroxycholesterol; (24S)-25-epoxycholesterol; (24S)-7alpha-dihydroxycholesterol; (24S)-hydroxycholesterol; (24S,25)-epoxy-7alpha-hydroxycholesterol; (25R)-cholest-5-en-3beta,7alpha,26-triol; (25R)-cholest-5-ene-3beta,26-diol; 25-hydroxycholesterol; 3beta,7alpha-dihydroxy-5alpha-androstan-17-one; 3beta,7alpha-dihydroxyandrost-5-en-17-one; 3beta-hydroxy-5alpha-androstan-17-one; 3beta-hydroxyandrost-5-en-17-one; 5alpha-androstane-3beta,17beta-diol; 5alpha-androstane-3beta,6alpha,17beta-triol; 7alpha,25-dihydroxycholesterol; 7alpha-hydroxypregnenolone; androst-5-en-3beta,17beta-diol; androst-5-en-3beta,7alpha,17beta-triol; pregnenolone	bile acid biosynthetic process; bile acid metabolic process; sterol metabolic process	12
DGAT1	O75907	RHEA:10868;RHEA:11488;RHEA:37911;RHEA:37915;RHEA:38071;RHEA:38163;RHEA:38167;RHEA:38171;RHEA:38175;RHEA:38211;RHEA:38219;RHEA:38307;RHEA:38379;RHEA:38435;RHEA:38439;RHEA:55296;RHEA:55340;RHEA:55344	(9Z)-octadecenoate; (9Z)-octadecenoyl-CoA; 1,2,3-tri-(9Z-octadecenoyl)-glycerol; 1,2-O,O-dihexadecanoyl-1,2-hexadecanediol; 1,2-di-(9Z)-octadecenoyl-3-hexadecanoyl-sn-glycerol; 1,2-di-(9Z-octadecenoyl)-glycerol; 1,2-di-(9Z-octadecenoyl)-sn-glycerol; 1,3-di-(9Z-octadecenoyl)-glycerol; 1-(9Z-octadecenoyl)-glycerol; 1-O-(9Z-octadecenyl)-2,3-di-(9Z-octadecenoyl)glycerol; 1-O-(9Z-octadecenyl)-glycerol; 1-O-(9Z-octadecyl)-3-(9Z-octadecenoyl)-glycerol; 1-hexadecanoyl-2-(9Z-octadecenoyl)-sn-glycerol; 1-octadecanoyl-2-(5Z,8Z,11Z,14Z)-eicosatetraenoyl-3-(9Z)-octadecenoyl-sn-glycerol; 1-octadecanoyl-2-(5Z,8Z,11Z,14Z-eicosatetraenoyl)-sn-glycerol; 13-cis-retinol; 13-cis-retinyl hexadecanoate; 2,3-di-(9Z)-octadecenoyl-sn-glycerol; 2-(9Z-octadecenoyl)-glycerol; 2-hydroxyhexadecyl hexadecanoate; a 1,2-diacyl-sn-glycerol; a triacyl-sn-glycerol; all-trans-retinol; all-trans-retinyl hexadecanoate; an acyl-CoA; an all-trans-retinyl ester; hexadecan-1-ol; hexadecane-1,2-diol; hexadecanoyl-CoA; hexadecyl hexadecanoate	acylglycerol biosynthetic process; acylglycerol metabolic process; diacylglycerol metabolic process; diterpenoid metabolic process; fatty acid derivative metabolic process; fatty-acyl-CoA metabolic process; hormone metabolic process; isoprenoid metabolic process; long-chain fatty-acyl-CoA metabolic process; monoacylglycerol biosynthetic process; monoacylglycerol metabolic process; neutral lipid biosynthetic process; neutral lipid metabolic process; olefinic compound metabolic process; primary alcohol metabolic process; retinoid metabolic process; retinol metabolic process; terpenoid metabolic process; triglyceride biosynthetic process; triglyceride metabolic process	75
DHRS3	O75911	RHEA:25033	all-trans-retinal; all-trans-retinol	diterpenoid biosynthetic process; diterpenoid metabolic process; hormone metabolic process; isoprenoid biosynthetic process; isoprenoid metabolic process; olefinic compound metabolic process; primary alcohol metabolic process; retinoic acid biosynthetic process; retinoic acid metabolic process; retinoid metabolic process; retinol metabolic process; terpenoid biosynthetic process; terpenoid metabolic process	8
CLPX	O76031	RHEA:13065		ATP metabolic process; macromolecule catabolic process; protein catabolic process; protein folding; proteolysis	0
SLC22A5	O76082	RHEA:72091;RHEA:72095;RHEA:72099;RHEA:72103;RHEA:72107;RHEA:72111;RHEA:72115;RHEA:72119;RHEA:72123;RHEA:76591	(R)-carnitine; (S)-carnitine; CHEBI:191852; CHEBI:29101; N,N-dimethylglycine; O-acetyl-(R)-carnitine; O-butanoyl-(R)-carnitine; O-propanoyl-(R)-carnitine; an O-acyl-(R)-carnitine; glycine betaine		14
GFPT2	O94808	RHEA:13237	D-fructose 6-phosphate; D-glucosamine 6-phosphate	UDP-N-acetylglucosamine biosynthetic process; UDP-N-acetylglucosamine metabolic process; amino sugar biosynthetic process; amino sugar metabolic process; energy reserve metabolic process; fructose 6-phosphate metabolic process; nucleotide-sugar biosynthetic process; nucleotide-sugar metabolic process	4
TMEM63A	O94886	RHEA:29671			0
GLS	O94925	RHEA:15889		L-glutamate biosynthetic process; L-glutamine catabolic process; L-glutamine metabolic process; amino acid biosynthetic process; dicarboxylic acid biosynthetic process; glutamate family amino acid biosynthetic process; glutamate metabolic process; proteinogenic amino acid biosynthetic process	0
UPP2	O95045	RHEA:22824;RHEA:24388	2'-deoxyuridine; 2-deoxy-alpha-D-ribose 1-phosphate; alpha-D-ribose 1-phosphate; uracil; uridine	2'-deoxyribonucleotide metabolic process; CMP catabolic process; CMP metabolic process; UMP biosynthetic process; UMP catabolic process; UMP metabolic process; UMP salvage; dCMP catabolic process; dCMP metabolic process; dTMP catabolic process; dTMP metabolic process; dUMP catabolic process; dUMP metabolic process; deoxyribonucleoside monophosphate catabolic process; deoxyribose phosphate catabolic process; glycosyl compound catabolic process; metabolic compound salvage; nucleobase-containing small molecule catabolic process; nucleoside catabolic process; nucleoside metabolic process; nucleoside monophosphate biosynthetic process; nucleoside monophosphate catabolic process; nucleoside phosphate catabolic process; nucleotide catabolic process; nucleotide salvage; pyrimidine deoxyribonucleoside monophosphate catabolic process; pyrimidine deoxyribonucleoside monophosphate metabolic process; pyrimidine deoxyribonucleotide catabolic process; pyrimidine deoxyribonucleotide metabolic process; pyrimidine nucleoside catabolic process; pyrimidine nucleoside metabolic process; pyrimidine nucleoside monophosphate biosynthetic process; pyrimidine nucleoside monophosphate catabolic process; pyrimidine nucleoside monophosphate metabolic process; pyrimidine nucleotide biosynthetic process; pyrimidine nucleotide catabolic process; pyrimidine nucleotide metabolic process; pyrimidine nucleotide salvage; pyrimidine ribonucleoside catabolic process; pyrimidine ribonucleoside metabolic process; pyrimidine ribonucleoside monophosphate biosynthetic process; pyrimidine ribonucleoside monophosphate catabolic process; pyrimidine ribonucleoside monophosphate metabolic process; pyrimidine ribonucleotide biosynthetic process; pyrimidine ribonucleotide catabolic process; pyrimidine ribonucleotide metabolic process; pyrimidine ribonucleotide salvage; pyrimidine-containing compound biosynthetic process; pyrimidine-containing compound catabolic process; pyrimidine-containing compound metabolic process; pyrimidine-containing compound salvage; ribonucleoside catabolic process; ribonucleoside metabolic process; ribonucleoside monophosphate biosynthetic process; ribonucleoside monophosphate catabolic process; ribonucleotide catabolic process; uridine catabolic process; uridine metabolic process; xenobiotic catabolic process; xenobiotic metabolic process	11
LRAT	O95237	RHEA:17469;RHEA:43904;RHEA:55320;RHEA:56240;RHEA:56244;RHEA:56248	1,2-didodecanoyl-sn-glycero-3-phosphocholine; 1,2-diheptanoyl-sn-glycero-3-phosphocholine; 1,2-dihexadecanoyl-sn-glycero-3-phosphocholine; 1,2-dioctanoyl-sn-glycero-3-phosphocholine; 2-heptanoyl-sn-glycero-3-phosphocholine; 2-heptanoyl-sn-glycero-3-phosphocholine; 2-hexadecanoyl-sn-glycero-3-phosphocholine; a 1,2-diacyl-sn-glycero-3-phosphocholine; a 2-acyl-sn-glycero-3-phosphocholine; all-trans-retinol; all-trans-retinyl dodecanoate; all-trans-retinyl hexadecanoate; all-trans-retinyl octanoate; an all-trans-retinyl ester; apo-[alkylcobalamin reductase]	diterpenoid metabolic process; hormone metabolic process; isoprenoid metabolic process; olefinic compound metabolic process; primary alcohol metabolic process; retinoid metabolic process; retinol metabolic process; terpenoid metabolic process; vitamin A metabolic process	33
ABCC6	O95255	RHEA:19121;RHEA:38963	an S-substituted glutathione; leukotriene C4	ATP metabolic process	3
TNKS	O95271	RHEA:54424;RHEA:58224	nicotinamide	peptidyl-serine phosphorylation; peptidyl-threonine phosphorylation; phosphorylation; post-translational protein modification; protein auto-ADP-ribosylation; protein modification by small protein conjugation; protein modification by small protein conjugation or removal; protein phosphorylation; protein poly-ADP-ribosylation; protein polyubiquitination; protein ubiquitination	6
PGLS	O95336	RHEA:12556	6-phospho-D-gluconate; 6-phospho-D-glucono-1,5-lactone	NADP+ metabolic process; NADPH regeneration; glucose 6-phosphate metabolic process; pentose-phosphate shunt; pentose-phosphate shunt, oxidative branch	2
PAPSS2	O95340	RHEA:18133;RHEA:24152	3'-phosphoadenylyl sulfate; adenosine 5'-phosphosulfate	3'-phosphoadenosine 5'-phosphosulfate biosynthetic process; 3'-phosphoadenosine 5'-phosphosulfate metabolic process; hormone metabolic process; nucleoside bisphosphate biosynthetic process; nucleoside bisphosphate metabolic process; purine nucleoside bisphosphate biosynthetic process; purine nucleoside bisphosphate metabolic process; purine ribonucleoside bisphosphate biosynthetic process; purine ribonucleoside bisphosphate metabolic process; purine ribonucleotide biosynthetic process; ribonucleoside bisphosphate biosynthetic process; ribonucleoside bisphosphate metabolic process; sulfate assimilation	6
PGM3	O95394	RHEA:23804	N-acetyl-D-glucosamine 6-phosphate; N-acetyl-alpha-D-glucosamine 1-phosphate	D-glucosamine metabolic process; UDP-N-acetylglucosamine biosynthetic process; UDP-N-acetylglucosamine metabolic process; amino sugar biosynthetic process; amino sugar metabolic process; nucleotide-sugar biosynthetic process; nucleotide-sugar metabolic process; protein N-linked glycosylation; protein O-linked glycosylation	3
MOCS3	O95396	RHEA:43616;RHEA:48612	S-sulfanyl-L-cysteinyl-[cysteine desulfurase]	Mo-molybdopterin cofactor biosynthetic process; Mo-molybdopterin cofactor metabolic process; RNA biosynthetic process; RNA metabolic process; RNA modification; RNA processing; molybdopterin cofactor biosynthetic process; molybdopterin cofactor metabolic process; nucleic acid biosynthetic process; post-translational protein modification; prosthetic group metabolic process; protein modification by small protein conjugation; protein modification by small protein conjugation or removal; protein urmylation; tRNA metabolic process; tRNA modification; tRNA processing; tRNA thio-modification; tRNA wobble base modification; tRNA wobble position uridine thiolation; tRNA wobble uridine modification	1
PIGN	O95427	RHEA:60896;RHEA:83767	a 1,2-diacyl-sn-glycero-3-phosphoethanolamine; a 1,2-diacyl-sn-glycerol; a 2-acyl-6-(alpha-D-mannosyl-(1->4)-alpha-D-glucosaminyl)-1-(1-radyl,2-acyl-sn-glycero-3-phospho)-1D-myo-inositol; a 2-acyl-6-[2-phosphoethanolamine-alpha-D-mannosyl-(1->4)-alpha-D-glucosaminyl]-1-(1-radyl,2-acyl-sn-glycero-3-phospho)-1D-myo-inositol; a 2-acyl-6-[alpha-D-mannosyl-(1->6)-2-phosphoethanolamine-alpha-D-mannosyl-(1->4)-alpha-D-glucosaminyl]-1-(1-radyl,2-acyl-sn-glycero-3-phospho)-1D-myo-inositol; a 2-acyl-6-[alpha-D-mannosyl-(1->6)-alpha-D-mannosyl-(1->4)-alpha-D-glucosaminyl]-1-(1-radyl,2-acyl-sn-glycero-3-phospho)-1D-myo-inositol	GPI anchor biosynthetic process; GPI anchor metabolic process; GPI anchored protein biosynthesis; glycolipid biosynthetic process; glycolipid metabolic process; liposaccharide metabolic process	33
SGPL1	O95470	RHEA:18593;RHEA:33507	(2E)-hexadecenal; hexadecanal; phosphoethanolamine; sphing-4-enine 1-phosphate; sphinganine 1-phosphate	ceramide metabolic process; sphingolipid catabolic process	11
ABCA1	O95477	RHEA:38567;RHEA:38583;RHEA:38903;RHEA:39051	a 1,2-diacyl-sn-glycero-3-phospho-L-serine; a 1,2-diacyl-sn-glycero-3-phosphocholine; a sphingomyelin; cholesterol	cholesterol metabolic process; lipoprotein biosynthetic process; lipoprotein metabolic process; secondary alcohol metabolic process; sterol metabolic process	43
NADK	O95544	RHEA:18629		ATP metabolic process; NAD+ metabolic process; NADP+ biosynthetic process; NADP+ metabolic process; nicotinamide nucleotide biosynthetic process; phosphorylation; pyridine nucleotide biosynthetic process; pyridine-containing compound biosynthetic process	0
GGPS1	O95749	RHEA:17653;RHEA:19361;RHEA:22408	(2E)-geranyl diphosphate; (2E,6E)-farnesyl diphosphate; (2E,6E,10E)-geranylgeranyl diphosphate; dimethylallyl diphosphate; isopentenyl diphosphate	dimethylallyl diphosphate metabolic process; farnesyl diphosphate metabolic process; geranyl diphosphate biosynthetic process; geranyl diphosphate metabolic process; geranylgeranyl diphosphate biosynthetic process; geranylgeranyl diphosphate metabolic process; isoprenoid biosynthetic process; isoprenoid metabolic process; terpenoid biosynthetic process; terpenoid metabolic process; trans, trans-farnesyl diphosphate biosynthetic process	12
AIFM1	O95831	RHEA:11356			0
TXNDC12	O95881	RHEA:21064	glutathione		9
FTCD	O95954	RHEA:15097;RHEA:22736	(6R)-5,10-methenyltetrahydrofolate; (6S)-5,6,7,8-tetrahydrofolate; 5-formimidoyltetrahydrofolate; N-formimidoyl-L-glutamate	folic acid-containing compound metabolic process; pteridine-containing compound metabolic process	10
CH25H	O95992	RHEA:21104;RHEA:46132	25-hydroxycholesterol; cholesterol	cholesterol metabolic process; secondary alcohol biosynthetic process; secondary alcohol metabolic process; steroid biosynthetic process; sterol biosynthetic process; sterol metabolic process; zymosterol biosynthetic process; zymosterol metabolic process	16
MOCS2	O96007	RHEA:26333	cyclic pyranopterin phosphate; molybdopterin	Mo-molybdopterin cofactor biosynthetic process; Mo-molybdopterin cofactor metabolic process; molybdopterin cofactor biosynthetic process; molybdopterin cofactor metabolic process; prosthetic group metabolic process	2
LDHA	P00338	RHEA:23444	(S)-lactate; pyruvate	ADP catabolic process; ADP metabolic process; ATP metabolic process; aerobic respiration; carbohydrate catabolic process; cellular respiration; fermentation; glycolytic process; lactate metabolic process; nucleoside diphosphate catabolic process; nucleoside diphosphate metabolic process; nucleoside phosphate catabolic process; nucleotide catabolic process; purine nucleoside diphosphate catabolic process; purine nucleoside diphosphate metabolic process; purine nucleotide catabolic process; purine ribonucleoside diphosphate catabolic process; purine ribonucleoside diphosphate metabolic process; purine ribonucleotide catabolic process; purine-containing compound catabolic process; pyridine nucleotide catabolic process; pyridine-containing compound catabolic process; pyruvate catabolic process; pyruvate fermentation; pyruvate fermentation to lactate; pyruvate metabolic process; ribonucleoside diphosphate catabolic process; ribonucleoside diphosphate metabolic process; ribonucleotide catabolic process	14
GLUD1	P00367	RHEA:11612;RHEA:15133		L-glutamate biosynthetic process; L-glutamate catabolic process; L-glutamine metabolic process; amino acid biosynthetic process; dicarboxylic acid biosynthetic process; dicarboxylic acid catabolic process; glutamate family amino acid biosynthetic process; glutamate metabolic process; proteinogenic amino acid biosynthetic process; tricarboxylic acid metabolic process	0
GSR	P00390	RHEA:11740	glutathione	glutathione metabolic process	9
SOD1	P00441	RHEA:20696;RHEA:85007		glutathione metabolic process; hydrogen peroxide biosynthetic process; hydrogen peroxide metabolic process; reactive oxygen species biosynthetic process; reactive oxygen species metabolic process; removal of superoxide radicals; superoxide metabolic process	0
OTC	P00480	RHEA:19513	L-citrulline; L-ornithine; carbamoyl phosphate	L-arginine biosynthetic process; L-citrulline biosynthetic process; L-ornithine catabolic process; amino acid biosynthetic process; arginine metabolic process; glutamate family amino acid biosynthetic process; nitrogen cycle metabolic process; non-proteinogenic amino acid biosynthetic process; non-proteinogenic amino acid catabolic process; non-proteinogenic amino acid metabolic process; ornithine metabolic process; proteinogenic amino acid biosynthetic process; urea cycle; urea metabolic process	9
PNP	P00491	RHEA:13233;RHEA:27646;RHEA:27738;RHEA:27750	2'-deoxyguanosine; 2'-deoxyinosine; 2-deoxy-alpha-D-ribose 1-phosphate; alpha-D-ribose 1-phosphate; guanine; guanosine; hypoxanthine; inosine	2'-deoxyribonucleoside catabolic process; 2'-deoxyribonucleoside metabolic process; 2'-deoxyribonucleotide metabolic process; IMP catabolic process; IMP metabolic process; NAD+ biosynthetic process; NAD+ biosynthetic process via the salvage pathway; NAD+ metabolic process; allantoin metabolic process; dAMP catabolic process; dAMP metabolic process; deoxyadenosine catabolic process; deoxyadenosine metabolic process; deoxyguanosine catabolic process; deoxyinosine catabolic process; deoxyinosine metabolic process; deoxyribonucleoside monophosphate catabolic process; deoxyribose phosphate catabolic process; glycosyl compound catabolic process; guanosine catabolic process; guanosine metabolic process; guanosine-containing compound catabolic process; inosine catabolic process; inosine metabolic process; metabolic compound salvage; nicotinamide nucleotide biosynthetic process; nicotinamide riboside catabolic process; nicotinamide riboside metabolic process; nucleobase-containing small molecule catabolic process; nucleoside catabolic process; nucleoside metabolic process; nucleoside monophosphate catabolic process; nucleoside phosphate catabolic process; nucleotide catabolic process; nucleotide salvage; purine deoxyribonucleoside catabolic process; purine deoxyribonucleoside metabolic process; purine deoxyribonucleoside monophosphate catabolic process; purine deoxyribonucleoside monophosphate metabolic process; purine deoxyribonucleotide catabolic process; purine deoxyribonucleotide metabolic process; purine nucleoside catabolic process; purine nucleoside metabolic process; purine nucleoside monophosphate catabolic process; purine nucleoside monophosphate metabolic process; purine nucleotide catabolic process; purine nucleotide salvage; purine ribonucleoside catabolic process; purine ribonucleoside metabolic process; purine ribonucleoside monophosphate catabolic process; purine ribonucleoside monophosphate metabolic process; purine ribonucleotide catabolic process; purine-containing compound catabolic process; purine-containing compound salvage; pyridine nucleoside catabolic process; pyridine nucleoside metabolic process; pyridine nucleotide biosynthetic process; pyridine nucleotide salvage; pyridine-containing compound biosynthetic process; pyridine-containing compound catabolic process; ribonucleoside catabolic process; ribonucleoside metabolic process; ribonucleoside monophosphate catabolic process; ribonucleotide catabolic process; urate biosynthetic process; urate metabolic process	11
HPRT1	P00492	RHEA:17973;RHEA:25424	5-phospho-alpha-D-ribose 1-diphosphate; IMP; guanine; hypoxanthine	AMP biosynthetic process; AMP metabolic process; AMP salvage; GMP biosynthetic process; GMP catabolic process; GMP metabolic process; GMP salvage; IMP biosynthetic process; IMP metabolic process; IMP salvage; glycosyl compound biosynthetic process; guanine biosynthetic process; guanine metabolic process; guanine salvage; hypoxanthine biosynthetic process; hypoxanthine metabolic process; hypoxanthine salvage; metabolic compound salvage; nucleobase biosynthetic process; nucleobase metabolic process; nucleobase-containing small molecule biosynthetic process; nucleoside biosynthetic process; nucleoside metabolic process; nucleoside monophosphate biosynthetic process; nucleoside monophosphate catabolic process; nucleoside phosphate catabolic process; nucleoside salvage; nucleotide catabolic process; nucleotide salvage; purine nucleobase biosynthetic process; purine nucleobase metabolic process; purine nucleobase salvage; purine nucleoside biosynthetic process; purine nucleoside metabolic process; purine nucleoside monophosphate biosynthetic process; purine nucleoside monophosphate catabolic process; purine nucleoside monophosphate metabolic process; purine nucleotide catabolic process; purine nucleotide salvage; purine ribonucleoside biosynthetic process; purine ribonucleoside metabolic process; purine ribonucleoside monophosphate biosynthetic process; purine ribonucleoside monophosphate catabolic process; purine ribonucleoside monophosphate metabolic process; purine ribonucleoside salvage; purine ribonucleotide biosynthetic process; purine ribonucleotide catabolic process; purine ribonucleotide salvage; purine-containing compound catabolic process; purine-containing compound salvage; ribonucleoside biosynthetic process; ribonucleoside metabolic process; ribonucleoside monophosphate biosynthetic process; ribonucleoside monophosphate catabolic process; ribonucleotide catabolic process	21
GOT2	P00505	RHEA:21824;RHEA:65560	L-aspartate; L-kynurenine; kynurenate; oxaloacetate	2-oxoglutarate metabolic process; L-asparagine biosynthetic process; L-aspartate catabolic process; L-glutamine catabolic process; L-glutamine metabolic process; NAD+ metabolic process; amino acid biosynthetic process; aspartate family amino acid biosynthetic process; aspartate metabolic process; dicarboxylic acid catabolic process; glutamate metabolic process; malate-aspartate shuttle; modified amino acid catabolic process; non-proteinogenic amino acid catabolic process; non-proteinogenic amino acid metabolic process; proteinogenic amino acid biosynthetic process; trans-4-hydroxy-L-proline catabolic process	23
ABL1	P00519	RHEA:10596		DNA metabolic process; DNA repair; mismatch repair	0
EGFR	P00533	RHEA:10596			0
PGK1	P00558	RHEA:14801;RHEA:17989	(2R)-3-phospho-glyceroyl phosphate; (2R)-3-phosphoglycerate	ADP catabolic process; ADP metabolic process; ATP metabolic process; aerobic respiration; canonical glycolysis; carbohydrate biosynthetic process; carbohydrate catabolic process; cellular respiration; gluconeogenesis; glucose catabolic process; glucose metabolic process; glycolytic process; glycolytic process through fructose-6-phosphate; glycolytic process through glucose-6-phosphate; hexose biosynthetic process; hexose catabolic process; hexose metabolic process; monosaccharide biosynthetic process; monosaccharide catabolic process; monosaccharide metabolic process; nucleoside diphosphate catabolic process; nucleoside diphosphate metabolic process; nucleoside phosphate catabolic process; nucleotide catabolic process; plasminogen activation; protein processing; proteolysis; purine nucleoside diphosphate catabolic process; purine nucleoside diphosphate metabolic process; purine nucleotide catabolic process; purine ribonucleoside diphosphate catabolic process; purine ribonucleoside diphosphate metabolic process; purine ribonucleotide catabolic process; purine-containing compound catabolic process; pyridine nucleotide catabolic process; pyridine-containing compound catabolic process; pyruvate metabolic process; ribonucleoside diphosphate catabolic process; ribonucleoside diphosphate metabolic process; ribonucleotide catabolic process; zymogen activation	5
ADA	P00813	RHEA:24408;RHEA:28190;RHEA:79047	2'-deoxyadenosine; 2'-deoxyinosine; 3'-deoxyinosine; adenosine; cordycepin; inosine	2'-deoxyribonucleotide metabolic process; AMP biosynthetic process; AMP catabolic process; AMP metabolic process; AMP salvage; GMP biosynthetic process; GMP metabolic process; GMP salvage; adenosine catabolic process; adenosine metabolic process; dAMP catabolic process; dAMP metabolic process; deoxyribonucleoside monophosphate catabolic process; deoxyribose phosphate catabolic process; glycosyl compound biosynthetic process; glycosyl compound catabolic process; hypoxanthine biosynthetic process; hypoxanthine metabolic process; hypoxanthine salvage; inosine biosynthetic process; inosine metabolic process; metabolic compound salvage; nucleobase biosynthetic process; nucleobase metabolic process; nucleobase-containing small molecule biosynthetic process; nucleobase-containing small molecule catabolic process; nucleoside biosynthetic process; nucleoside catabolic process; nucleoside metabolic process; nucleoside monophosphate biosynthetic process; nucleoside monophosphate catabolic process; nucleoside phosphate catabolic process; nucleotide catabolic process; nucleotide salvage; purine deoxyribonucleoside monophosphate catabolic process; purine deoxyribonucleoside monophosphate metabolic process; purine deoxyribonucleotide catabolic process; purine deoxyribonucleotide metabolic process; purine nucleobase biosynthetic process; purine nucleobase metabolic process; purine nucleobase salvage; purine nucleoside biosynthetic process; purine nucleoside catabolic process; purine nucleoside metabolic process; purine nucleoside monophosphate biosynthetic process; purine nucleoside monophosphate catabolic process; purine nucleoside monophosphate metabolic process; purine nucleotide catabolic process; purine nucleotide salvage; purine ribonucleoside biosynthetic process; purine ribonucleoside catabolic process; purine ribonucleoside metabolic process; purine ribonucleoside monophosphate biosynthetic process; purine ribonucleoside monophosphate catabolic process; purine ribonucleoside monophosphate metabolic process; purine ribonucleotide biosynthetic process; purine ribonucleotide catabolic process; purine ribonucleotide salvage; purine-containing compound catabolic process; purine-containing compound salvage; ribonucleoside biosynthetic process; ribonucleoside catabolic process; ribonucleoside metabolic process; ribonucleoside monophosphate biosynthetic process; ribonucleoside monophosphate catabolic process; ribonucleotide catabolic process; xenobiotic metabolic process	7
ASS1	P00966	RHEA:10932	2-(N(omega)-L-arginino)succinate; L-aspartate; L-citrulline	L-arginine biosynthetic process; L-aspartate catabolic process; L-citrulline catabolic process; amino acid biosynthetic process; arginine metabolic process; aspartate metabolic process; dicarboxylic acid catabolic process; glutamate family amino acid biosynthetic process; nitrogen cycle metabolic process; non-proteinogenic amino acid catabolic process; non-proteinogenic amino acid metabolic process; proteinogenic amino acid biosynthetic process; urea cycle; urea metabolic process	15
NRAS	P01111	RHEA:19669			0
HRAS	P01112	RHEA:19669			0
KRAS	P01116	RHEA:19669			0
FTH1	P02794	RHEA:11148		autophagy	0
HMGCR	P04035	RHEA:15989	(3S)-3-hydroxy-3-methylglutaryl-CoA; (R)-mevalonate	acetyl-CoA metabolic process; cholesterol biosynthetic process; cholesterol metabolic process; coenzyme A metabolic process; geranylgeranyl diphosphate biosynthetic process; geranylgeranyl diphosphate metabolic process; isopentenyl diphosphate biosynthetic process; isopentenyl diphosphate biosynthetic process, mevalonate pathway; isopentenyl diphosphate metabolic process; isoprenoid biosynthetic process; isoprenoid metabolic process; secondary alcohol biosynthetic process; secondary alcohol metabolic process; steroid biosynthetic process; sterol biosynthetic process; sterol metabolic process; terpenoid biosynthetic process; terpenoid metabolic process; zymosterol biosynthetic process; zymosterol metabolic process	5
GBA1	P04062	RHEA:11956;RHEA:13269;RHEA:14297;RHEA:58264;RHEA:58316;RHEA:58324;RHEA:62028;RHEA:70235;RHEA:70239;RHEA:70251;RHEA:70255;RHEA:70303;RHEA:70307;RHEA:70311;RHEA:70315	1-(beta-D-galactosyl)-N-dodecanoylsphing-4-enine; D-galactose; D-glucose; N-(15Z-tetracosenoyl)-sphing-4-enine; N-(9Z-octadecenoyl)-sphing-4-enine; N-dodecanoylsphing-4-enine; N-hexadecanoylsphing-4-enine; N-octadecanoylsphing-4-enine; N-octanoylsphing-4-enine; a beta-D-galactosyl-(1<->1')-N-acylsphing-4-enine; a beta-D-glucosyl-(1<->1')-N-acylsphing-4-enine; a beta-D-xylosyl-(1<->1')-N-acylsphing-4-enine; an N-acylsphing-4-enine; beta-D-glucosyl-(1<->1')-N-(15Z-tetracosenoyl)-sphing-4-enine; beta-D-glucosyl-(1<->1')-N-hexadecanoylsphing-4-enine; beta-D-glucosyl-(1<->1)-N-octadecanoylsphing-4-enine; beta-D-glucosyl-N-(9Z-octadecenoyl)-sphing-4E-enine; beta-D-glucosyl-N-dodecanoylsphing-4-enine; beta-D-glucosyl-N-octanoylsphing-4E-enine; beta-D-xylosyl-(1<->1')-N-(9Z-octadecenoyl)-sphing-4-enine; cholesterol; cholesteryl 3-beta-D-galactoside; cholesteryl 3-beta-D-glucoside; cholesteryl 3-beta-D-xyloside; stigmasterol; stigmasteryl 3-beta-D-glucoside	autophagy; beta-glucoside catabolic process; ceramide biosynthetic process; ceramide catabolic process; ceramide metabolic process; cholesterol metabolic process; diol biosynthetic process; diol metabolic process; glucosylceramide catabolic process; glucosylceramide metabolic process; glycolipid biosynthetic process; glycolipid catabolic process; glycolipid metabolic process; glycoside catabolic process; glycoside metabolic process; glycosphingolipid catabolic process; glycosphingolipid metabolic process; glycosyl compound catabolic process; glycosylceramide catabolic process; glycosylceramide metabolic process; liposaccharide metabolic process; lysosomal protein catabolic process; macromolecule catabolic process; polyol biosynthetic process; polyol metabolic process; protein catabolic process; protein catabolic process in the vacuole; secondary alcohol metabolic process; sphingoid biosynthetic process; sphingoid metabolic process; sphingolipid catabolic process; sphingosine biosynthetic process; sphingosine metabolic process; sterol metabolic process	47
ALDOA	P04075	RHEA:14729	D-glyceraldehyde 3-phosphate; beta-D-fructose 1,6-bisphosphate; dihydroxyacetone phosphate	ADP catabolic process; ADP metabolic process; ATP biosynthetic process; ATP metabolic process; aerobic respiration; canonical glycolysis; carbohydrate biosynthetic process; carbohydrate catabolic process; cellular respiration; fructose 1,6-bisphosphate metabolic process; fructose metabolic process; gluconeogenesis; glucose catabolic process; glucose metabolic process; glycolytic process; glycolytic process through fructose-6-phosphate; glycolytic process through glucose-6-phosphate; hexose biosynthetic process; hexose catabolic process; hexose metabolic process; monosaccharide biosynthetic process; monosaccharide catabolic process; monosaccharide metabolic process; nucleoside diphosphate catabolic process; nucleoside diphosphate metabolic process; nucleoside phosphate catabolic process; nucleoside triphosphate biosynthetic process; nucleotide catabolic process; purine nucleoside diphosphate catabolic process; purine nucleoside diphosphate metabolic process; purine nucleoside triphosphate biosynthetic process; purine nucleotide catabolic process; purine ribonucleoside diphosphate catabolic process; purine ribonucleoside diphosphate metabolic process; purine ribonucleoside triphosphate biosynthetic process; purine ribonucleotide biosynthetic process; purine ribonucleotide catabolic process; purine-containing compound catabolic process; pyridine nucleotide catabolic process; pyridine-containing compound catabolic process; pyruvate metabolic process; ribonucleoside diphosphate catabolic process; ribonucleoside diphosphate metabolic process; ribonucleoside triphosphate biosynthetic process; ribonucleotide catabolic process	10
OAT	P04181	RHEA:25160	L-glutamate 5-semialdehyde; L-ornithine	L-arginine catabolic process; L-glutamate catabolic process; L-glutamine catabolic process; L-glutamine metabolic process; L-proline biosynthetic process; L-proline metabolic process; amino acid biosynthetic process; arginine metabolic process; dicarboxylic acid catabolic process; glutamate family amino acid biosynthetic process; glutamate metabolic process; proteinogenic amino acid biosynthetic process	8
GAPDH	P04406	RHEA:10300;RHEA:66684	(2R)-3-phospho-glyceroyl phosphate; D-glyceraldehyde 3-phosphate	ADP catabolic process; ADP metabolic process; ATP metabolic process; aerobic respiration; canonical glycolysis; carbohydrate biosynthetic process; carbohydrate catabolic process; cellular respiration; gluconeogenesis; glucose catabolic process; glucose metabolic process; glycolytic process; glycolytic process through fructose-6-phosphate; glycolytic process through glucose-6-phosphate; hexose biosynthetic process; hexose catabolic process; hexose metabolic process; monosaccharide biosynthetic process; monosaccharide catabolic process; monosaccharide metabolic process; nucleoside diphosphate catabolic process; nucleoside diphosphate metabolic process; nucleoside phosphate catabolic process; nucleotide catabolic process; peptidyl-cysteine S-nitrosylation; peptidyl-cysteine S-trans-nitrosylation; protein nitrosylation; purine nucleoside diphosphate catabolic process; purine nucleoside diphosphate metabolic process; purine nucleotide catabolic process; purine ribonucleoside diphosphate catabolic process; purine ribonucleoside diphosphate metabolic process; purine ribonucleotide catabolic process; purine-containing compound catabolic process; pyridine nucleotide catabolic process; pyridine-containing compound catabolic process; pyruvate metabolic process; ribonucleoside diphosphate catabolic process; ribonucleoside diphosphate metabolic process; ribonucleotide catabolic process	9
ASL	P04424	RHEA:24020	2-(N(omega)-L-arginino)succinate; L-arginine; fumarate	L-arginine biosynthetic process; amino acid biosynthetic process; arginine metabolic process; glutamate family amino acid biosynthetic process; nitrogen cycle metabolic process; proteinogenic amino acid biosynthetic process; urea cycle; urea metabolic process	9
TYMS	P04818	RHEA:12104	(6R)-5,10-methylene-5,6,7,8-tetrahydrofolate; 7,8-dihydrofolate; dTMP; dUMP	'de novo' pyrimidine nucleobase biosynthetic process; 2'-deoxyribonucleotide biosynthetic process; 2'-deoxyribonucleotide metabolic process; DNA biosynthetic process; DNA metabolic process; DNA replication; dTMP biosynthetic process; dTMP metabolic process; dTTP biosynthetic process; dTTP metabolic process; deoxyribonucleoside monophosphate biosynthetic process; deoxyribonucleoside triphosphate biosynthetic process; deoxyribonucleoside triphosphate metabolic process; deoxyribose phosphate biosynthetic process; folic acid-containing compound biosynthetic process; folic acid-containing compound metabolic process; modified amino acid biosynthetic process; nucleic acid biosynthetic process; nucleobase biosynthetic process; nucleobase metabolic process; nucleoside monophosphate biosynthetic process; one-carbon metabolic process; pteridine-containing compound biosynthetic process; pteridine-containing compound metabolic process; pyrimidine deoxyribonucleoside monophosphate biosynthetic process; pyrimidine deoxyribonucleoside monophosphate metabolic process; pyrimidine deoxyribonucleoside triphosphate biosynthetic process; pyrimidine deoxyribonucleoside triphosphate metabolic process; pyrimidine deoxyribonucleotide biosynthetic process; pyrimidine deoxyribonucleotide metabolic process; pyrimidine nucleobase biosynthetic process; pyrimidine nucleobase metabolic process; pyrimidine nucleoside monophosphate biosynthetic process; pyrimidine nucleoside monophosphate metabolic process; pyrimidine nucleoside triphosphate biosynthetic process; pyrimidine nucleoside triphosphate metabolic process; pyrimidine nucleotide biosynthetic process; pyrimidine nucleotide metabolic process; pyrimidine-containing compound biosynthetic process; pyrimidine-containing compound metabolic process; tetrahydrofolate biosynthetic process; tetrahydrofolate interconversion; tetrahydrofolate metabolic process	12
ALDOB	P05062	RHEA:14729;RHEA:30851	D-glyceraldehyde; D-glyceraldehyde 3-phosphate; beta-D-fructose 1,6-bisphosphate; beta-D-fructose 1-phosphate; dihydroxyacetone phosphate	ADP catabolic process; ADP metabolic process; ATP metabolic process; aerobic respiration; canonical glycolysis; carbohydrate biosynthetic process; carbohydrate catabolic process; cellular respiration; fructose 1,6-bisphosphate metabolic process; fructose catabolic process; fructose metabolic process; gluconeogenesis; glucose catabolic process; glucose metabolic process; glycolytic process; glycolytic process through fructose-6-phosphate; glycolytic process through glucose-6-phosphate; hexose biosynthetic process; hexose catabolic process; hexose metabolic process; monosaccharide biosynthetic process; monosaccharide catabolic process; monosaccharide metabolic process; nucleoside diphosphate catabolic process; nucleoside diphosphate metabolic process; nucleoside phosphate catabolic process; nucleotide catabolic process; purine nucleoside diphosphate catabolic process; purine nucleoside diphosphate metabolic process; purine nucleotide catabolic process; purine ribonucleoside diphosphate catabolic process; purine ribonucleoside diphosphate metabolic process; purine ribonucleotide catabolic process; purine-containing compound catabolic process; pyridine nucleotide catabolic process; pyridine-containing compound catabolic process; pyruvate metabolic process; ribonucleoside diphosphate catabolic process; ribonucleoside diphosphate metabolic process; ribonucleotide catabolic process	11
ARG1	P05089	RHEA:20569	L-arginine; L-ornithine; urea	L-arginine catabolic process; arginine metabolic process; nitrogen cycle metabolic process; urea cycle; urea metabolic process	9
CYP17A1	P05093	RHEA:14753;RHEA:46308;RHEA:47220;RHEA:50236;RHEA:50244;RHEA:53216;RHEA:53220;RHEA:53224;RHEA:53228;RHEA:65760	16alpha,17alpha-dihydroxypregnenolone; 16alpha,17alpha-dihydroxyprogesterone; 16alpha-hydroxyandrost-4-ene-3,17-dione; 17alpha-hydroxypregnenolone; 17alpha-hydroxyprogesterone; 3beta,16alpha-dihydroxy-androst-5-en-17-one; 3beta-hydroxyandrost-5-en-17-one; 6beta,16alpha,17alpha-trihydroxyprogesterone; a 17alpha-hydroxy-C21-steroid; a C21-steroid; acetate; androst-4-ene-3,17-dione; pregnenolone; progesterone	C21-steroid hormone metabolic process; androgen biosynthetic process; androgen metabolic process; cortisol biosynthetic process; cortisol metabolic process; glucocorticoid biosynthetic process; glucocorticoid metabolic process; hormone biosynthetic process; hormone metabolic process; ketone biosynthetic process; ketone metabolic process; olefinic compound biosynthetic process; olefinic compound metabolic process; primary alcohol biosynthetic process; primary alcohol metabolic process; progesterone metabolic process; steroid biosynthetic process; steroid hormone biosynthetic process; tertiary alcohol biosynthetic process; tertiary alcohol metabolic process	24
CYP11A1	P05108	RHEA:34335;RHEA:34339;RHEA:34343;RHEA:35739	(20R,22R)-20,22-dihydroxycholesterol; (22R)-hydroxycholesterol; 4-methylpentanal; cholesterol; pregnenolone	C21-steroid hormone biosynthetic process; C21-steroid hormone metabolic process; cholesterol metabolic process; cortisol metabolic process; glucocorticoid biosynthetic process; glucocorticoid metabolic process; hormone biosynthetic process; hormone metabolic process; ketone metabolic process; olefinic compound metabolic process; primary alcohol metabolic process; secondary alcohol metabolic process; steroid biosynthetic process; steroid hormone biosynthetic process; sterol metabolic process; tertiary alcohol metabolic process; vitamin D metabolic process	18
SLC25A5	P05141	RHEA:34979;RHEA:34999			0
PCCA	P05165	RHEA:23720;RHEA:59520	(2S)-ethylmalonyl-CoA; (S)-methylmalonyl-CoA; butanoyl-CoA; propanoyl-CoA	acyl-CoA biosynthetic process; branched-chain amino acid metabolic process; fatty acid catabolic process; short-chain fatty acid catabolic process; short-chain fatty acid metabolic process; succinyl-CoA biosynthetic process; succinyl-CoA metabolic process	12
PCCB	P05166	RHEA:23720;RHEA:59520	(2S)-ethylmalonyl-CoA; (S)-methylmalonyl-CoA; butanoyl-CoA; propanoyl-CoA	branched-chain amino acid metabolic process; fatty acid catabolic process; short-chain fatty acid catabolic process; short-chain fatty acid metabolic process	12
ALPL	P05186	RHEA:12977;RHEA:13065;RHEA:15017;RHEA:16089;RHEA:20533;RHEA:24576;RHEA:29375;RHEA:61436	N-phosphocreatine; a phosphate monoester; adenosine; an alcohol; creatine; ethanolamine; phosphoethanolamine; pyridoxal; pyridoxal 5'-phosphate	aldehyde metabolic process; amine metabolic process; choline metabolic process; ethanolamine metabolic process; futile creatine cycle; primary alcohol metabolic process; pyridoxal 5'-phosphate metabolic process; vitamin B6 metabolic process; vitamin metabolic process	28
ALPP	P05187	RHEA:15017	a phosphate monoester; an alcohol		6
ATP5MC1	P05496	RHEA:34979		ATP biosynthetic process; ATP metabolic process; nucleoside triphosphate biosynthetic process; proton motive force-driven ATP synthesis; purine nucleoside triphosphate biosynthetic process; purine ribonucleoside triphosphate biosynthetic process; purine ribonucleotide biosynthetic process; ribonucleoside triphosphate biosynthetic process	0
UROD	P06132	RHEA:19865;RHEA:31239	coproporphyrinogen I; coproporphyrinogen III; uroporphyrinogen I; uroporphyrinogen III	heme A biosynthetic process; heme B biosynthetic process; heme biosynthetic process; heme metabolic process; pigment biosynthetic process; pigment metabolic process; porphyrin-containing compound biosynthetic process; porphyrin-containing compound catabolic process; porphyrin-containing compound metabolic process; tetrapyrrole biosynthetic process; tetrapyrrole catabolic process; tetrapyrrole metabolic process	2
GLA	P06280	RHEA:21112;RHEA:48020	D-galactose; a beta-D-Gal-(1->4)-beta-D-Glc-(1<->1)-Cer(d18:1(4E)); a beta-D-galactosyl-(1->4)-beta-D-glucosyl-(1<->1)-ceramide; a globoside Gb3Cer; a globoside Gb3Cer (d18:1(4E))	ceramide catabolic process; ceramide metabolic process; glycolipid catabolic process; glycolipid metabolic process; glycoside catabolic process; glycoside metabolic process; glycosphingolipid catabolic process; glycosphingolipid metabolic process; glycosyl compound catabolic process; glycosylceramide catabolic process; glycosylceramide metabolic process; liposaccharide metabolic process; oligosaccharide metabolic process; sphingolipid catabolic process	14
CDK1	P06493	RHEA:10216;RHEA:17989;RHEA:46608	[pyruvate, water dikinase]; [pyruvate, water dikinase]-phosphate	DNA metabolic process; DNA repair; DNA replication; peptidyl-threonine phosphorylation; phosphorylation; post-translational protein modification; protein deubiquitination; protein modification by small protein conjugation or removal; protein modification by small protein removal; protein phosphorylation	2
ATP5F1B	P06576	RHEA:57720		ATP biosynthetic process; ATP metabolic process; aerobic respiration; cellular respiration; nucleoside triphosphate biosynthetic process; oxidative phosphorylation; proton motive force-driven ATP synthesis; proton motive force-driven mitochondrial ATP synthesis; purine nucleoside triphosphate biosynthetic process; purine ribonucleoside triphosphate biosynthetic process; purine ribonucleotide biosynthetic process; ribonucleoside triphosphate biosynthetic process	0
CKM	P06732	RHEA:17157	N-phosphocreatine; creatine	modified amino acid biosynthetic process; phosphagen biosynthetic process; phosphocreatine biosynthetic process; phosphocreatine metabolic process	6
PYGL	P06737	RHEA:41732	[(1->4)-alpha-D-glucosyl](n); alpha-D-glucose 1-phosphate	carbohydrate catabolic process; energy reserve metabolic process; glucan catabolic process; glucan metabolic process; glycogen catabolic process; glycogen metabolic process; macromolecule catabolic process; polysaccharide catabolic process; polysaccharide metabolic process	6
GPI	P06744	RHEA:11816;RHEA:16249;RHEA:85575;RHEA:85579;RHEA:85583	D-glucose 6-phosphate; D-mannose 6-phosphate; alpha-D-fructose 6-phosphate; alpha-D-glucose 6-phosphate; alpha-D-mannose 6-phosphate; beta-D-fructose 6-phosphate; beta-D-glucose 6-phosphate; beta-D-mannose 6-phosphate	ADP catabolic process; ADP metabolic process; ATP metabolic process; aerobic respiration; canonical glycolysis; carbohydrate biosynthetic process; carbohydrate catabolic process; cellular respiration; fructose 6-phosphate metabolic process; gluconeogenesis; glucose 6-phosphate metabolic process; glucose catabolic process; glucose metabolic process; glycolytic process; glycolytic process through fructose-6-phosphate; glycolytic process through glucose-6-phosphate; hexose biosynthetic process; hexose catabolic process; hexose metabolic process; monosaccharide biosynthetic process; monosaccharide catabolic process; monosaccharide metabolic process; nucleoside diphosphate catabolic process; nucleoside diphosphate metabolic process; nucleoside phosphate catabolic process; nucleotide catabolic process; purine nucleoside diphosphate catabolic process; purine nucleoside diphosphate metabolic process; purine nucleotide catabolic process; purine ribonucleoside diphosphate catabolic process; purine ribonucleoside diphosphate metabolic process; purine ribonucleotide catabolic process; purine-containing compound catabolic process; pyridine nucleotide catabolic process; pyridine-containing compound catabolic process; pyruvate metabolic process; ribonucleoside diphosphate catabolic process; ribonucleoside diphosphate metabolic process; ribonucleotide catabolic process	10
LPL	P06858	RHEA:12044;RHEA:18689;RHEA:38575;RHEA:38699;RHEA:40475;RHEA:41384	(9Z)-octadecenoate; (9Z-octadecenoyl)-sn-glycero-3-phosphocholine; 1,2,3-tri-(9Z-octadecenoyl)-glycerol; 1,2,3-tributanoylglycerol; 1,2-di-(9Z-octadecenoyl)-sn-glycero-3-phosphocholine; 1,2-dihexadecanoyl-sn-glycero-3-phosphocholine; a 1,2-diacyl-sn-glycero-3-phosphocholine; a 2-acyl-sn-glycero-3-phosphocholine; a diacylglycerol; a fatty acid; a triacylglycerol; butanoate; di-(9Z)-octadecenoylglycerol; dibutanoylglycerol; hexadecanoate; hexadecanoyl-sn-glycero-3-phosphocholine	acylglycerol catabolic process; acylglycerol metabolic process; diterpenoid metabolic process; fatty acid biosynthetic process; glycerolipid catabolic process; isoprenoid metabolic process; neutral lipid catabolic process; neutral lipid metabolic process; retinoid metabolic process; terpenoid metabolic process; triglyceride catabolic process; triglyceride metabolic process	48
HEXA	P06865	RHEA:47940;RHEA:47968;RHEA:48276;RHEA:64372;RHEA:64384	N-acetyl-D-6-sulfogalactosamine; N-acetyl-D-galactosamine; N-acetyl-beta-D-6-sulfogalactosaminyl-(1->4)-alpha-L-iduronyl-(1->3)-N-acetyl-D-6-sulfogalactosamine; N-acetyl-beta-D-galactosamine; N-acetyl-beta-D-galactosaminyl-(1->4)-beta-D-3-sulfogalactosyl-(1->4)-beta-D-glucosyl-(1<->1')-ceramide; a beta-D-3-sulfogalactosyl-(1->4)-beta-D-glucosyl-(1<->1')-ceramide; a ganglioside GM2; a ganglioside GM2 (d18:1(4E)); a ganglioside GM3; a ganglioside GM3 (d18:1(4E)); alpha-L-IdoA-(1->3)-beta-D-GalNAc-4-sulfate-(1->4)-alpha-L-IdoA-(1->3)-D-GalNAc-4-sulfate; alpha-L-iduronyl-(1->3)-N-acetyl-D-6-sulfogalactosamine; beta-D-GalNAc-(1->4)-alpha-L-IdoA-(1->3)-beta-D-GalNAc-4-sulfate-(1->4)-alpha-L-IdoA-(1->3)-D-GalNAc-4-sulfate	aminoglycan biosynthetic process; aminoglycan catabolic process; aminoglycan metabolic process; ceramide catabolic process; ceramide metabolic process; dermatan sulfate proteoglycan catabolic process; dermatan sulfate proteoglycan metabolic process; ganglioside catabolic process; ganglioside metabolic process; glycolipid catabolic process; glycolipid metabolic process; glycoprotein catabolic process; glycosaminoglycan biosynthetic process; glycosaminoglycan catabolic process; glycosaminoglycan metabolic process; glycosphingolipid catabolic process; glycosphingolipid metabolic process; hyaluronan catabolic process; hyaluronan metabolic process; liposaccharide metabolic process; macromolecule catabolic process; protein catabolic process; proteoglycan catabolic process; proteoglycan metabolic process; sphingolipid catabolic process	4
TH	P07101	RHEA:18201	(4aS,6R)-4a-hydroxy-L-erythro-5,6,7,8-tetrahydrobiopterin; (6R)-L-erythro-5,6,7,8-tetrahydrobiopterin; L-dopa; L-tyrosine	amine biosynthetic process; amine metabolic process; aromatic amino acid metabolic process; biogenic amine biosynthetic process; biogenic amine metabolic process; catechol-containing compound biosynthetic process; catechol-containing compound metabolic process; catecholamine biosynthetic process; catecholamine metabolic process; dopamine biosynthetic process; dopamine biosynthetic process from tyrosine; dopamine metabolic process; epinephrine biosynthetic process; epinephrine metabolic process; norepinephrine biosynthetic process; norepinephrine metabolic process; phenol-containing compound biosynthetic process; phenol-containing compound metabolic process	9
LDHB	P07195	RHEA:23444	(S)-lactate; pyruvate	NAD+ metabolic process; fermentation; lactate metabolic process; pyruvate catabolic process; pyruvate fermentation; pyruvate fermentation to lactate; pyruvate metabolic process	14
HEXB	P07686	RHEA:47940;RHEA:47968;RHEA:48276;RHEA:64372;RHEA:64384	N-acetyl-D-6-sulfogalactosamine; N-acetyl-D-galactosamine; N-acetyl-beta-D-6-sulfogalactosaminyl-(1->4)-alpha-L-iduronyl-(1->3)-N-acetyl-D-6-sulfogalactosamine; N-acetyl-beta-D-galactosamine; N-acetyl-beta-D-galactosaminyl-(1->4)-beta-D-3-sulfogalactosyl-(1->4)-beta-D-glucosyl-(1<->1')-ceramide; a beta-D-3-sulfogalactosyl-(1->4)-beta-D-glucosyl-(1<->1')-ceramide; a ganglioside GM2; a ganglioside GM2 (d18:1(4E)); a ganglioside GM3; a ganglioside GM3 (d18:1(4E)); alpha-L-IdoA-(1->3)-beta-D-GalNAc-4-sulfate-(1->4)-alpha-L-IdoA-(1->3)-D-GalNAc-4-sulfate; alpha-L-iduronyl-(1->3)-N-acetyl-D-6-sulfogalactosamine; beta-D-GalNAc-(1->4)-alpha-L-IdoA-(1->3)-beta-D-GalNAc-4-sulfate-(1->4)-alpha-L-IdoA-(1->3)-D-GalNAc-4-sulfate	N-acetylglucosamine metabolic process; amino sugar metabolic process; aminoglycan catabolic process; aminoglycan metabolic process; ceramide catabolic process; ceramide metabolic process; chondroitin sulfate proteoglycan catabolic process; chondroitin sulfate proteoglycan metabolic process; dermatan sulfate proteoglycan catabolic process; dermatan sulfate proteoglycan metabolic process; ganglioside catabolic process; ganglioside metabolic process; glycolipid catabolic process; glycolipid metabolic process; glycoprotein catabolic process; glycosaminoglycan catabolic process; glycosaminoglycan metabolic process; glycosphingolipid catabolic process; glycosphingolipid metabolic process; hyaluronan catabolic process; hyaluronan metabolic process; liposaccharide metabolic process; macromolecule catabolic process; protein catabolic process; proteoglycan catabolic process; proteoglycan metabolic process; sphingolipid catabolic process	4
BPGM	P07738	RHEA:15901;RHEA:17765	(2R)-2,3-bisphosphoglycerate; (2R)-2-phosphoglycerate; (2R)-3-phospho-glyceroyl phosphate; (2R)-3-phosphoglycerate	ADP catabolic process; ADP metabolic process; ATP metabolic process; aerobic respiration; carbohydrate catabolic process; cellular respiration; glycolytic process; nucleoside diphosphate catabolic process; nucleoside diphosphate metabolic process; nucleoside phosphate catabolic process; nucleotide catabolic process; purine nucleoside diphosphate catabolic process; purine nucleoside diphosphate metabolic process; purine nucleotide catabolic process; purine ribonucleoside diphosphate catabolic process; purine ribonucleoside diphosphate metabolic process; purine ribonucleotide catabolic process; purine-containing compound catabolic process; pyridine nucleotide catabolic process; pyridine-containing compound catabolic process; pyruvate metabolic process; ribonucleoside diphosphate catabolic process; ribonucleoside diphosphate metabolic process; ribonucleotide catabolic process	6
APRT	P07741	RHEA:16609	5-phospho-alpha-D-ribose 1-diphosphate; adenine	AMP biosynthetic process; AMP metabolic process; AMP salvage; GMP biosynthetic process; GMP metabolic process; GMP salvage; IMP biosynthetic process; IMP metabolic process; IMP salvage; adenine biosynthetic process; adenine metabolic process; adenine salvage; metabolic compound salvage; nucleobase biosynthetic process; nucleobase metabolic process; nucleoside monophosphate biosynthetic process; nucleotide salvage; purine nucleobase biosynthetic process; purine nucleobase metabolic process; purine nucleobase salvage; purine nucleoside monophosphate biosynthetic process; purine nucleoside monophosphate metabolic process; purine nucleotide salvage; purine ribonucleoside monophosphate biosynthetic process; purine ribonucleoside monophosphate metabolic process; purine ribonucleotide biosynthetic process; purine ribonucleotide salvage; purine-containing compound salvage; ribonucleoside monophosphate biosynthetic process	7
GALT	P07902	RHEA:13989	UDP-alpha-D-galactose; UDP-alpha-D-glucose; alpha-D-galactose 1-phosphate; alpha-D-glucose 1-phosphate	UDP-alpha-D-glucose metabolic process; beta-D-galactose catabolic process via UDP-galactose, Leloir pathway; carbohydrate catabolic process; galactose catabolic process; galactose metabolic process; hexose catabolic process; hexose metabolic process; monosaccharide catabolic process; monosaccharide metabolic process; nucleotide-sugar metabolic process	24
LYN	P07948	RHEA:10596		peptidyl-tyrosine phosphorylation; phosphorylation; protein autophosphorylation; protein phosphorylation	0
GUSB	P08236	RHEA:17633	D-glucuronate; a beta-D-glucuronoside; an alcohol	aminoglycan catabolic process; aminoglycan metabolic process; chondroitin sulfate proteoglycan catabolic process; chondroitin sulfate proteoglycan metabolic process; glycoprotein catabolic process; glycosaminoglycan catabolic process; glycosaminoglycan metabolic process; heparan sulfate proteoglycan catabolic process; heparan sulfate proteoglycan metabolic process; hyaluronan catabolic process; hyaluronan metabolic process; macromolecule catabolic process; protein catabolic process; proteoglycan catabolic process; proteoglycan metabolic process	6
PFKM	P08237	RHEA:16109	beta-D-fructose 1,6-bisphosphate; beta-D-fructose 6-phosphate	ADP catabolic process; ADP metabolic process; ATP metabolic process; aerobic respiration; canonical glycolysis; carbohydrate catabolic process; cellular respiration; fructose 1,6-bisphosphate metabolic process; fructose 6-phosphate metabolic process; glucose catabolic process; glucose metabolic process; glycolytic process; glycolytic process through fructose-6-phosphate; glycolytic process through glucose-6-phosphate; hexose catabolic process; hexose metabolic process; monosaccharide catabolic process; monosaccharide metabolic process; nucleoside diphosphate catabolic process; nucleoside diphosphate metabolic process; nucleoside phosphate catabolic process; nucleotide catabolic process; purine nucleoside diphosphate catabolic process; purine nucleoside diphosphate metabolic process; purine nucleotide catabolic process; purine ribonucleoside diphosphate catabolic process; purine ribonucleoside diphosphate metabolic process; purine ribonucleotide catabolic process; purine-containing compound catabolic process; pyridine nucleotide catabolic process; pyridine-containing compound catabolic process; pyruvate metabolic process; ribonucleoside diphosphate catabolic process; ribonucleoside diphosphate metabolic process; ribonucleotide catabolic process	4
HMBS	P08397	RHEA:13185	hydroxymethylbilane; porphobilinogen	heme A biosynthetic process; heme B biosynthetic process; heme biosynthetic process; heme metabolic process; pigment biosynthetic process; pigment metabolic process; porphyrin-containing compound biosynthetic process; porphyrin-containing compound metabolic process; tetrapyrrole biosynthetic process; tetrapyrrole metabolic process	2
PDHA1	P08559	RHEA:19189	pyruvate	acetyl-CoA biosynthetic process; acetyl-CoA metabolic process; acyl-CoA biosynthetic process; aerobic respiration; cellular respiration; pyruvate decarboxylation to acetyl-CoA; pyruvate metabolic process	12
CYC1	P08574	RHEA:11484		ATP synthesis coupled electron transport; aerobic electron transport chain; aerobic respiration; cellular respiration; electron transport chain; mitochondrial ATP synthesis coupled electron transport; mitochondrial electron transport, ubiquinol to cytochrome c; oxidative phosphorylation; respiratory electron transport chain	0
CYP21A2	P08686	RHEA:50304;RHEA:50308	11-deoxycortisol; 17alpha-hydroxyprogesterone; 21-hydroxyprogesterone; progesterone	cortisol biosynthetic process; cortisol metabolic process; glucocorticoid biosynthetic process; glucocorticoid metabolic process; hormone biosynthetic process; hormone metabolic process; ketone biosynthetic process; ketone metabolic process; mineralocorticoid biosynthetic process; mineralocorticoid metabolic process; olefinic compound biosynthetic process; olefinic compound metabolic process; primary alcohol biosynthetic process; primary alcohol metabolic process; steroid biosynthetic process; steroid hormone biosynthetic process; sterol metabolic process; tertiary alcohol biosynthetic process; tertiary alcohol metabolic process	8
ABHD2	P08910	RHEA:12044;RHEA:12957;RHEA:26132;RHEA:47348;RHEA:47392	(5Z,8Z,11Z,14Z)-eicosatetraenoate; 2-(5Z,8Z,11Z,14Z-eicosatetraenoyl)-glycerol; a butanoate ester; a diacylglycerol; a fatty acid; a triacylglycerol; acetate; an acetyl ester; an aliphatic alcohol; butanoate; glycerol; hexadecanoate; hexadecanoate ester	acylglycerol catabolic process; acylglycerol metabolic process; fatty acid biosynthetic process; fatty acid catabolic process; glycerolipid catabolic process; medium-chain fatty acid biosynthetic process; medium-chain fatty acid catabolic process; medium-chain fatty acid metabolic process; neutral lipid catabolic process; neutral lipid metabolic process	36
ACAA1	P09110	RHEA:18161;RHEA:21036;RHEA:21564;RHEA:31087;RHEA:31091;RHEA:31183;RHEA:31203;RHEA:35279;RHEA:39131;RHEA:39147;RHEA:40343;RHEA:47400;RHEA:47444;RHEA:47460;RHEA:78567;RHEA:78583;RHEA:78599;RHEA:78639;RHEA:78895;RHEA:78899;RHEA:78903;RHEA:83083;RHEA:83095;RHEA:83099;RHEA:83127;RHEA:83331;RHEA:83367;RHEA:83383;RHEA:83399;RHEA:84311;RHEA:84391;RHEA:84451;RHEA:84699;RHEA:84703;RHEA:84715;RHEA:84835;RHEA:84839;RHEA:84903;RHEA:85327;RHEA:85331	(11Z)-eicosenoyl-CoA; (13Z)-docosenoyl-CoA; (15Z)-tetracosenoyl-CoA; (3Z)-dodecenoyl-CoA; (3Z)-tetradecenoyl-CoA; (4Z,7Z,10Z)-hexadecatrienoyl-CoA; (4Z,7Z,10Z,13Z)-hexadecatetraenoyl-CoA; (4Z,7Z,10Z,13Z,16Z)-docosapentaenoyl-CoA; (4Z,7Z,10Z,13Z,16Z,19Z)-docosahexaenoyl-CoA; (5Z)-hexadecenoyl-CoA; (5Z)-tetradecenoyl-CoA; (5Z,8Z)-tetradecadienoyl-CoA; (5Z,8Z,11Z)-tetradecatrienoyl-CoA; (5Z,8Z,11Z,14Z)-eicosatetraenoyl-CoA; (5Z,8Z,11Z,14Z,17Z)-eicosapentaenoyl-CoA; (6Z,9Z)-dodecadienoyl-CoA; (6Z,9Z,12Z)-octadecatrienoyl-CoA; (6Z,9Z,12Z,15Z)-octadecatetraenoyl-CoA; (7Z)-hexadecenoyl-CoA; (7Z)-octadecenoyl-CoA; (7Z,10Z,13Z,16Z)-3-oxodocosatetraenoyl-CoA; (9Z)-eicosenoyl-CoA; (9Z)-octadecenoyl-CoA; 3-oxo-(11Z)-docosenoyl-CoA; 3-oxo-(11Z)-eicosenoyl-CoA; 3-oxo-(13Z)-docosenoyl-CoA; 3-oxo-(15Z)-tetracosenoyl-CoA; 3-oxo-(17Z)-hexacosenoyl-CoA; 3-oxo-(5Z)-hexadecenoyl-CoA; 3-oxo-(5Z-tetradecenoyl)-CoA; 3-oxo-(6Z,9Z,12Z)-octadecatrienoyl-CoA; 3-oxo-(6Z,9Z,12Z,15Z)-octadecatetraenoyl-CoA; 3-oxo-(6Z,9Z,12Z,15Z,18Z)-tetracosapentaenoyl-CoA; 3-oxo-(6Z,9Z,12Z,15Z,18Z,21Z)-tetracosahexaenoyl-CoA; 3-oxo-(7Z)-octadecenoyl-CoA; 3-oxo-(7Z,10Z)-hexadecadienoyl-CoA; 3-oxo-(7Z,10Z,13Z)-hexadecatrienoyl-CoA; 3-oxo-(7Z,10Z,13Z,16Z,19Z)-docosapentaenoyl-CoA; 3-oxo-(7Z-hexadecenoyl)-CoA; 3-oxo-(8Z,11Z)-tetradecadienoyl-CoA; 3-oxo-(8Z,11Z,14Z)-eicosatrienoyl-CoA; 3-oxo-(8Z,11Z,14Z,17Z)-eicosatetraenoyl-CoA; 3-oxo-(9Z)-eicosenoyl-CoA; 3-oxo-(9Z-octadecenoyl)-CoA; 3-oxo-triacontanoyl-CoA; 3-oxodecanoyl-CoA; 3-oxodocosanoyl-CoA; 3-oxododecanoyl-CoA; 3-oxoeicosanoyl-CoA; 3-oxohexacosanoyl-CoA; 3-oxohexadecanedioyl-CoA; 3-oxohexadecanoyl-CoA; 3-oxooctacosanyol-CoA; 3-oxooctadecanoyl-CoA; 3-oxooctanoyl-CoA; 3-oxotetracosanoyl-CoA; 3-oxotetradecanoyl-CoA; a 3-oxoacyl-CoA; a long-chain 3-oxo-fatty acyl-CoA; a long-chain fatty acyl-CoA; a medium-chain 3-oxoacyl-CoA; a medium-chain fatty acyl-CoA; a very long-chain fatty acyl-CoA; a very-long-chain 3-oxoacyl-CoA; acetoacetyl-CoA; acetyl-CoA; an acyl-CoA; decanoyl-CoA; docosanoyl-CoA; dodecanoyl-CoA; eicosanoyl-CoA; hexacosanoyl-CoA; hexadecanoyl-CoA; hexanoyl-CoA; octacosanoyl-CoA; octadecanoyl-CoA; octanoyl-CoA; tetracosanoyl-CoA; tetradecanedioyl-CoA; tetradecanoyl-CoA	alpha-linolenic acid metabolic process; benzene-containing compound metabolic process; bile acid metabolic process; fatty acid beta-oxidation; fatty acid beta-oxidation using acyl-CoA oxidase; fatty acid catabolic process; fatty acid oxidation; lipid modification; lipid oxidation; long-chain fatty acid metabolic process; olefinic compound metabolic process; phenylacetate catabolic process; unsaturated fatty acid metabolic process; very long-chain fatty acid metabolic process; xenobiotic catabolic process; xenobiotic metabolic process	82
DBH	P09172	RHEA:19117	(R)-noradrenaline; L-ascorbate; dopamine; monodehydro-L-ascorbate radical	amine biosynthetic process; amine catabolic process; amine metabolic process; biogenic amine biosynthetic process; biogenic amine catabolic process; biogenic amine metabolic process; catechol-containing compound biosynthetic process; catechol-containing compound catabolic process; catechol-containing compound metabolic process; catecholamine biosynthetic process; catecholamine catabolic process; catecholamine metabolic process; dopamine catabolic process; dopamine metabolic process; norepinephrine biosynthetic process; norepinephrine metabolic process; phenol-containing compound biosynthetic process; phenol-containing compound catabolic process; phenol-containing compound metabolic process	4
QDPR	P09417	RHEA:17865;RHEA:17869	5,6,7,8-tetrahydropteridine; 6,7-dihydropteridine	dihydrobiopterin metabolic process; diol biosynthetic process; diol metabolic process; polyol biosynthetic process; polyol metabolic process; pteridine-containing compound biosynthetic process; pteridine-containing compound metabolic process; tetrahydrobiopterin biosynthetic process; tetrahydrobiopterin metabolic process	0
HMOX1	P09601	RHEA:21764	CO; biliverdin IXalpha; heme b	heme catabolic process; heme metabolic process; heme oxidation; pigment catabolic process; pigment metabolic process; porphyrin-containing compound catabolic process; porphyrin-containing compound metabolic process; tetrapyrrole catabolic process; tetrapyrrole metabolic process	5
DLD	P09622	RHEA:15045		2-oxoglutarate decarboxylation to succinyl-CoA; 2-oxoglutarate metabolic process; L-lysine catabolic process; acetyl-CoA biosynthetic process; acetyl-CoA metabolic process; acyl-CoA biosynthetic process; aerobic respiration; branched-chain alpha-keto acid decarboxylation to branched-chain acyl-CoA; branched-chain amino acid catabolic process; branched-chain amino acid metabolic process; cellular respiration; fatty acid derivative metabolic process; fatty-acyl-CoA metabolic process; pyruvate decarboxylation to acetyl-CoA; pyruvate metabolic process; succinyl-CoA biosynthetic process; succinyl-CoA metabolic process; tricarboxylic acid cycle	0
ALPI	P09923	RHEA:15017	a phosphate monoester; an alcohol	dephosphorylation	6
DLAT	P10515	RHEA:17017	acetyl-CoA	acetyl-CoA biosynthetic process; acetyl-CoA metabolic process; acyl-CoA biosynthetic process; aerobic respiration; cellular respiration; pyruvate catabolic process; pyruvate decarboxylation to acetyl-CoA; pyruvate metabolic process; tricarboxylic acid cycle	27
ALPG	P10696	RHEA:15017	a phosphate monoester; an alcohol		6
KIT	P10721	RHEA:10596		phosphorylation; protein autophosphorylation; protein phosphorylation	0
UROS	P10746	RHEA:18965	hydroxymethylbilane; uroporphyrinogen III	heme A biosynthetic process; heme B biosynthetic process; heme biosynthetic process; heme metabolic process; pigment biosynthetic process; pigment metabolic process; porphyrin-containing compound biosynthetic process; porphyrin-containing compound metabolic process; tetrapyrrole biosynthetic process; tetrapyrrole metabolic process; uroporphyrinogen III biosynthetic process; uroporphyrinogen III metabolic process	2
PNMT	P11086	RHEA:12176;RHEA:25269;RHEA:70519;RHEA:70683	(R)-adrenaline; (R)-metanephrine; (R)-noradrenaline; (R)-normetanephrine; (R)-octopamine; (R)-synephrine; N-methylphenylethanolamine; phenylethanolamine	amine biosynthetic process; amine metabolic process; biogenic amine biosynthetic process; biogenic amine metabolic process; catechol-containing compound biosynthetic process; catechol-containing compound metabolic process; catecholamine biosynthetic process; catecholamine metabolic process; epinephrine biosynthetic process; epinephrine metabolic process; phenol-containing compound biosynthetic process; phenol-containing compound metabolic process	1
HSPA8	P11142	RHEA:13065		ATP metabolic process; RNA biosynthetic process; RNA metabolic process; RNA processing; RNA splicing; RNA splicing, via transesterification reactions; RNA splicing, via transesterification reactions with bulged adenosine as nucleophile; autophagy; chaperone-mediated autophagy; mRNA metabolic process; mRNA processing; mRNA splicing, via spliceosome; macromolecule catabolic process; nucleic acid biosynthetic process; protein catabolic process; protein folding; protein refolding; protein targeting to lysosome involved in chaperone-mediated autophagy; protein targeting to vacuole involved in autophagy	0
UMPS	P11172	RHEA:10380;RHEA:11596	5-phospho-alpha-D-ribose 1-diphosphate; orotate; orotidine 5'-phosphate	'de novo' CTP biosynthetic process; 'de novo' UMP biosynthetic process; 'de novo' pyrimidine nucleobase biosynthetic process; CTP biosynthetic process; CTP metabolic process; UDP biosynthetic process; UDP metabolic process; UMP biosynthetic process; UMP metabolic process; nucleobase biosynthetic process; nucleobase metabolic process; nucleoside diphosphate biosynthetic process; nucleoside diphosphate metabolic process; nucleoside monophosphate biosynthetic process; nucleoside triphosphate biosynthetic process; pyrimidine nucleobase biosynthetic process; pyrimidine nucleobase metabolic process; pyrimidine nucleoside diphosphate biosynthetic process; pyrimidine nucleoside diphosphate metabolic process; pyrimidine nucleoside monophosphate biosynthetic process; pyrimidine nucleoside monophosphate metabolic process; pyrimidine nucleoside triphosphate biosynthetic process; pyrimidine nucleoside triphosphate metabolic process; pyrimidine nucleotide biosynthetic process; pyrimidine nucleotide metabolic process; pyrimidine ribonucleoside diphosphate biosynthetic process; pyrimidine ribonucleoside diphosphate metabolic process; pyrimidine ribonucleoside monophosphate biosynthetic process; pyrimidine ribonucleoside monophosphate metabolic process; pyrimidine ribonucleoside triphosphate biosynthetic process; pyrimidine ribonucleoside triphosphate metabolic process; pyrimidine ribonucleotide biosynthetic process; pyrimidine ribonucleotide metabolic process; pyrimidine-containing compound biosynthetic process; pyrimidine-containing compound metabolic process; ribonucleoside diphosphate biosynthetic process; ribonucleoside diphosphate metabolic process; ribonucleoside monophosphate biosynthetic process; ribonucleoside triphosphate biosynthetic process	8
PDHB	P11177	RHEA:19189	pyruvate	acetyl-CoA biosynthetic process; acetyl-CoA metabolic process; acyl-CoA biosynthetic process; aerobic respiration; cellular respiration; pyruvate decarboxylation to acetyl-CoA; pyruvate metabolic process; tricarboxylic acid cycle	12
DBT	P11182	RHEA:18865;RHEA:84647;RHEA:84651	(2S)-2-methylbutanoyl-CoA; 2-methylpropanoyl-CoA; 3-methylbutanoyl-CoA	L-isoleucine catabolic process; L-leucine catabolic process; L-leucine metabolic process; L-valine catabolic process; branched-chain alpha-keto acid decarboxylation to branched-chain acyl-CoA; branched-chain amino acid catabolic process; branched-chain amino acid metabolic process; fatty acid derivative metabolic process; fatty-acyl-CoA metabolic process	3
PYGM	P11217	RHEA:41732	[(1->4)-alpha-D-glucosyl](n); alpha-D-glucose 1-phosphate	carbohydrate catabolic process; energy reserve metabolic process; glucan catabolic process; glucan metabolic process; glycogen catabolic process; glycogen metabolic process; macromolecule catabolic process; polysaccharide catabolic process; polysaccharide metabolic process	6
ACADM	P11310	RHEA:14477;RHEA:43448;RHEA:43456;RHEA:43464;RHEA:47296;RHEA:47316;RHEA:48176;RHEA:48180	(2E)-decenoyl-CoA; (2E)-dodecenoyl-CoA; (2E)-hexadecenoyl-CoA; (2E)-hexenoyl-CoA; (2E)-octenoyl-CoA; (2E)-pentenoyl-CoA; (2E)-tetradecenoyl-CoA; a medium-chain (2E)-enoyl-CoA; a medium-chain 2,3-saturated fatty acyl-CoA; decanoyl-CoA; dodecanoyl-CoA; hexadecanoyl-CoA; hexanoyl-CoA; octanoyl-CoA; pentanoyl-CoA; tetradecanoyl-CoA	amino-acid betaine biosynthetic process; amino-acid betaine metabolic process; carbohydrate biosynthetic process; carnitine biosynthetic process; carnitine metabolic process; carnitine metabolic process, CoA-linked; energy reserve metabolic process; fatty acid beta-oxidation; fatty acid beta-oxidation using acyl-CoA dehydrogenase; fatty acid catabolic process; fatty acid oxidation; glucan biosynthetic process; glucan metabolic process; glycogen biosynthetic process; glycogen metabolic process; lipid modification; lipid oxidation; medium-chain fatty acid catabolic process; medium-chain fatty acid metabolic process; modified amino acid biosynthetic process; polysaccharide biosynthetic process; polysaccharide metabolic process	47
G6PD	P11413	RHEA:15841;RHEA:86243	6-phospho-D-glucono-1,5-lactone; D-glucose 6-phosphate; NAADP(+); NAADPH	NADP+ metabolic process; NADPH regeneration; carbohydrate biosynthetic process; cholesterol biosynthetic process; cholesterol metabolic process; glucose 6-phosphate metabolic process; glucose metabolic process; glutathione metabolic process; hexose metabolic process; monosaccharide biosynthetic process; monosaccharide metabolic process; pentose biosynthetic process; pentose metabolic process; pentose-phosphate shunt; pentose-phosphate shunt, oxidative branch; secondary alcohol biosynthetic process; secondary alcohol metabolic process; steroid biosynthetic process; sterol biosynthetic process; sterol metabolic process	8
PC	P11498	RHEA:20844	oxaloacetate; pyruvate	NAD+ metabolic process; NADP+ metabolic process; carbohydrate biosynthetic process; gluconeogenesis; glucose metabolic process; hexose biosynthetic process; hexose metabolic process; monosaccharide biosynthetic process; monosaccharide metabolic process	19
CYP19A1	P11511	RHEA:38191;RHEA:38195;RHEA:38199;RHEA:38203;RHEA:38207;RHEA:47208;RHEA:53200;RHEA:53204;RHEA:53276	17beta,19-dihydroxy-3-oxo-5alpha-androstanone; 17beta-estradiol; 17beta-hydroxy-3,19-dioxo-5alpha-androstanone; 17beta-hydroxy-3-oxo-19-nor-5alpha-androst-1-ene; 17beta-hydroxy-5alpha-androstan-3-one; 19-hydroxyandrost-4-ene-3,17-dione; 19-oxo-androst-4-ene-3,17-dione; 2-hydroxyestrone; androst-4-ene-3,17-dione; estrone; formate; testosterone	androgen catabolic process; androgen metabolic process; estrogen biosynthetic process; estrogen metabolic process; hormone biosynthetic process; hormone catabolic process; hormone metabolic process; steroid biosynthetic process; steroid catabolic process; steroid hormone biosynthetic process; sterol metabolic process	19
MTHFD1	P11586	RHEA:20221;RHEA:22812;RHEA:23700	(6R)-10-formyltetrahydrofolate; (6R)-5,10-methenyltetrahydrofolate; (6R)-5,10-methylene-5,6,7,8-tetrahydrofolate; (6S)-5,6,7,8-tetrahydrofolate; formate	10-formyltetrahydrofolate biosynthetic process; 10-formyltetrahydrofolate metabolic process; L-methionine biosynthetic process; L-methionine metabolic process; amino acid biosynthetic process; aspartate family amino acid biosynthetic process; dicarboxylic acid biosynthetic process; folic acid metabolic process; folic acid-containing compound biosynthetic process; folic acid-containing compound metabolic process; homocysteine metabolic process; modified amino acid biosynthetic process; non-proteinogenic amino acid metabolic process; one-carbon metabolic process; proteinogenic amino acid biosynthetic process; pteridine-containing compound biosynthetic process; pteridine-containing compound metabolic process; sulfur amino acid biosynthetic process; sulfur amino acid metabolic process; tetrahydrofolate biosynthetic process; tetrahydrofolate interconversion; tetrahydrofolate metabolic process; transsulfuration	15
CDK4	P11802	RHEA:17989;RHEA:46608			0
ODC1	P11926	RHEA:22964	L-ornithine; putrescine	amine biosynthetic process; amine metabolic process; biogenic amine biosynthetic process; biogenic amine metabolic process; polyamine biosynthetic process; polyamine metabolic process; putrescine biosynthetic process; putrescine metabolic process; spermidine biosynthetic process; spermidine metabolic process; spermine biosynthetic process; spermine metabolic process	10
SLC25A4	P12235	RHEA:34979;RHEA:34999			0
SLC25A6	P12236	RHEA:34979;RHEA:34999			0
IMPDH2	P12268	RHEA:11708	IMP; XMP	'de novo' XMP biosynthetic process; GMP biosynthetic process; GMP metabolic process; GTP biosynthetic process; GTP metabolic process; XMP biosynthetic process; XMP metabolic process; nucleoside monophosphate biosynthetic process; nucleoside triphosphate biosynthetic process; purine nucleoside monophosphate biosynthetic process; purine nucleoside monophosphate metabolic process; purine nucleoside triphosphate biosynthetic process; purine ribonucleoside monophosphate biosynthetic process; purine ribonucleoside monophosphate metabolic process; purine ribonucleoside triphosphate biosynthetic process; purine ribonucleotide biosynthetic process; ribonucleoside monophosphate biosynthetic process; ribonucleoside triphosphate biosynthetic process	12
CKB	P12277	RHEA:17157	N-phosphocreatine; creatine	futile creatine cycle; modified amino acid biosynthetic process; phosphagen biosynthetic process; phosphocreatine biosynthetic process; phosphocreatine metabolic process	6
CKMT1A; CKMT1B	P12532	RHEA:17157	N-phosphocreatine; creatine	modified amino acid biosynthetic process; phosphagen biosynthetic process; phosphocreatine biosynthetic process; phosphocreatine metabolic process	6
BCKDHA	P12694	RHEA:13457;RHEA:84639;RHEA:84643	(S)-3-methyl-2-oxopentanoate; 3-methyl-2-oxobutanoate; 4-methyl-2-oxopentanoate	branched-chain alpha-keto acid decarboxylation to branched-chain acyl-CoA; branched-chain amino acid catabolic process; branched-chain amino acid metabolic process; fatty acid derivative metabolic process; fatty-acyl-CoA metabolic process	3
IFI30	P13284	RHEA:86267;RHEA:86315	L-cysteine; L-cysteinylglycine; L-cystine; L-cystine-bis-glycine		12
CFTR	P13569	RHEA:13065;RHEA:28695;RHEA:29823			0
ATP1A3	P13637	RHEA:18353	CHEBI:29101; CHEBI:29103		11
P4HA1	P13674	RHEA:18945	succinate		13
ALAD	P13716	RHEA:24064	5-aminolevulinate; porphobilinogen	heme A biosynthetic process; heme B biosynthetic process; heme biosynthetic process; heme metabolic process; pigment biosynthetic process; pigment metabolic process; porphyrin-containing compound biosynthetic process; porphyrin-containing compound metabolic process; tetrapyrrole biosynthetic process; tetrapyrrole metabolic process	2
GYS1	P13807	RHEA:18549	UDP-alpha-D-glucose; [(1->4)-alpha-D-glucosyl](n)	carbohydrate biosynthetic process; energy reserve metabolic process; glucan biosynthetic process; glucan metabolic process; glycogen biosynthetic process; glycogen metabolic process; polysaccharide biosynthetic process; polysaccharide metabolic process	11
ENO3	P13929	RHEA:10164	(2R)-2-phosphoglycerate; phosphoenolpyruvate	ADP catabolic process; ADP metabolic process; ATP metabolic process; aerobic respiration; canonical glycolysis; carbohydrate biosynthetic process; carbohydrate catabolic process; cellular respiration; gluconeogenesis; glucose catabolic process; glucose metabolic process; glycolytic process; glycolytic process through fructose-6-phosphate; glycolytic process through glucose-6-phosphate; hexose biosynthetic process; hexose catabolic process; hexose metabolic process; monosaccharide biosynthetic process; monosaccharide catabolic process; monosaccharide metabolic process; nucleoside diphosphate catabolic process; nucleoside diphosphate metabolic process; nucleoside phosphate catabolic process; nucleotide catabolic process; purine nucleoside diphosphate catabolic process; purine nucleoside diphosphate metabolic process; purine nucleotide catabolic process; purine ribonucleoside diphosphate catabolic process; purine ribonucleoside diphosphate metabolic process; purine ribonucleotide catabolic process; purine-containing compound catabolic process; pyridine nucleotide catabolic process; pyridine-containing compound catabolic process; pyruvate metabolic process; ribonucleoside diphosphate catabolic process; ribonucleoside diphosphate metabolic process; ribonucleotide catabolic process	6
MTHFD2	P13995	RHEA:22892;RHEA:23700	(6R)-10-formyltetrahydrofolate; (6R)-5,10-methenyltetrahydrofolate; (6R)-5,10-methylene-5,6,7,8-tetrahydrofolate	folic acid metabolic process; folic acid-containing compound biosynthetic process; folic acid-containing compound metabolic process; formate biosynthetic process; formate metabolic process; modified amino acid biosynthetic process; one-carbon metabolic process; pteridine-containing compound biosynthetic process; pteridine-containing compound metabolic process; tetrahydrofolate biosynthetic process; tetrahydrofolate interconversion; tetrahydrofolate metabolic process	10
FDPS	P14324	RHEA:19361;RHEA:22408	(2E)-geranyl diphosphate; (2E,6E)-farnesyl diphosphate; dimethylallyl diphosphate; isopentenyl diphosphate	cholesterol biosynthetic process; cholesterol metabolic process; dimethylallyl diphosphate metabolic process; farnesyl diphosphate metabolic process; geranyl diphosphate biosynthetic process; geranyl diphosphate metabolic process; geranylgeranyl diphosphate biosynthetic process; geranylgeranyl diphosphate metabolic process; isoprenoid biosynthetic process; isoprenoid metabolic process; secondary alcohol biosynthetic process; secondary alcohol metabolic process; steroid biosynthetic process; sterol biosynthetic process; sterol metabolic process; terpenoid biosynthetic process; terpenoid metabolic process; trans, trans-farnesyl diphosphate biosynthetic process; zymosterol biosynthetic process; zymosterol metabolic process	12
PKM	P14618	RHEA:10596;RHEA:18157;RHEA:46608	phosphoenolpyruvate; pyruvate	ADP catabolic process; ADP metabolic process; ATP metabolic process; aerobic respiration; canonical glycolysis; carbohydrate catabolic process; cellular respiration; glucose catabolic process; glucose metabolic process; glycolytic process; glycolytic process through fructose-6-phosphate; glycolytic process through glucose-6-phosphate; hexose catabolic process; hexose metabolic process; monosaccharide catabolic process; monosaccharide metabolic process; nucleoside diphosphate catabolic process; nucleoside diphosphate metabolic process; nucleoside phosphate catabolic process; nucleotide catabolic process; purine nucleoside diphosphate catabolic process; purine nucleoside diphosphate metabolic process; purine nucleotide catabolic process; purine ribonucleoside diphosphate catabolic process; purine ribonucleoside diphosphate metabolic process; purine ribonucleotide catabolic process; purine-containing compound catabolic process; pyridine nucleotide catabolic process; pyridine-containing compound catabolic process; pyruvate biosynthetic process; pyruvate metabolic process; ribonucleoside diphosphate catabolic process; ribonucleoside diphosphate metabolic process; ribonucleotide catabolic process	15
IDO1	P14902	RHEA:14189;RHEA:24536	D-tryptophan; L-tryptophan; N-formyl-D-kynurenine; N-formyl-L-kynurenine	'de novo' NAD+ biosynthetic process from L-tryptophan; L-tryptophan catabolic process; NAD+ biosynthetic process; NAD+ metabolic process; aromatic amino acid catabolic process; aromatic amino acid metabolic process; dicarboxylic acid biosynthetic process; indole-containing compound catabolic process; indole-containing compound metabolic process; nicotinamide nucleotide biosynthetic process; pyridine nucleotide biosynthetic process; pyridine-containing compound biosynthetic process; quinolinate biosynthetic process; quinolinate metabolic process	7
BRAF	P15056	RHEA:17989;RHEA:46608		phosphorylation; protein phosphorylation	0
GLUL	P15104	RHEA:16169;RHEA:36683	hexadecanoyl-CoA	L-glutamate catabolic process; L-glutamine biosynthetic process; L-glutamine metabolic process; amino acid biosynthetic process; dicarboxylic acid catabolic process; glutamate family amino acid biosynthetic process; glutamate metabolic process; lipoprotein biosynthetic process; lipoprotein metabolic process; protein acylation; protein lipidation; protein palmitoylation; proteinogenic amino acid biosynthetic process	39
PGAM2	P15259	RHEA:15901;RHEA:17765	(2R)-2,3-bisphosphoglycerate; (2R)-2-phosphoglycerate; (2R)-3-phospho-glyceroyl phosphate; (2R)-3-phosphoglycerate	ADP catabolic process; ADP metabolic process; ATP metabolic process; aerobic respiration; canonical glycolysis; carbohydrate biosynthetic process; carbohydrate catabolic process; cellular respiration; gluconeogenesis; glucose catabolic process; glucose metabolic process; glycolytic process; glycolytic process through fructose-6-phosphate; glycolytic process through glucose-6-phosphate; hexose biosynthetic process; hexose catabolic process; hexose metabolic process; monosaccharide biosynthetic process; monosaccharide catabolic process; monosaccharide metabolic process; nucleoside diphosphate catabolic process; nucleoside diphosphate metabolic process; nucleoside phosphate catabolic process; nucleotide catabolic process; purine nucleoside diphosphate catabolic process; purine nucleoside diphosphate metabolic process; purine nucleotide catabolic process; purine ribonucleoside diphosphate catabolic process; purine ribonucleoside diphosphate metabolic process; purine ribonucleotide catabolic process; purine-containing compound catabolic process; pyridine nucleotide catabolic process; pyridine-containing compound catabolic process; pyruvate metabolic process; ribonucleoside diphosphate catabolic process; ribonucleoside diphosphate metabolic process; ribonucleotide catabolic process	6
ARSA	P15289	RHEA:21300;RHEA:87195;RHEA:87199	a beta-D-Gal-(1->4)-beta-D-Glc-(1<->1)-Cer(d18:1(4E)); a beta-D-galactosyl-(1<->1')-N-acylsphing-4-enine; a ganglioside SB1a (d18:1(4E)); a ganglioside SM1a (d18:1(4E)); an N-acyl-1-beta-D-(3-O-sulfo)-galactosyl-sphing-4-enine; beta-D-3-sulfogalactosyl-(1->4)-beta-D-glucosyl-(1<->1')-N-acylsphing-4-enine	ceramide catabolic process; ceramide metabolic process; ganglioside catabolic process; ganglioside metabolic process; glycolipid catabolic process; glycolipid metabolic process; glycosphingolipid catabolic process; glycosphingolipid metabolic process; liposaccharide metabolic process; sphingolipid catabolic process	12
B4GALT1	P15291	RHEA:12404;RHEA:17745;RHEA:22932;RHEA:31499;RHEA:62548;RHEA:62552;RHEA:83935;RHEA:83939;RHEA:83955;RHEA:83959;RHEA:83963;RHEA:83975;RHEA:83979;RHEA:83983;RHEA:84127;RHEA:84131;RHEA:85151;RHEA:85155;RHEA:85223;RHEA:85227;RHEA:85259;RHEA:85271;RHEA:85291;RHEA:85387;RHEA:85391;RHEA:85399;RHEA:85471	D-glucose; N-acetyl-D-glucosamine; UDP-alpha-D-galactose; a beta-D-GlcNAc-(1->3)-beta-D-Gal-(1->4)-beta-D-Glc-(1<->1)-Cer(d18:1(4E)); a beta-D-galactosyl-(1->4)-N-acetyl-beta-D-glucosaminyl derivative; a beta-D-galactosyl-(1->4)-beta-D-glucosyl-(1<->1)-ceramide; a beta-D-glucosylceramide; a neolactoside IV(3)-beta-GlcNAc-nLc4Cer; a neolactoside nLc4Cer(d18:1(4E)); a neolactoside nLc6Cer; an N-acetyl-beta-D-glucosaminyl derivative; beta-D-galactosyl-(1->4)-N-acetyl-D-glucosamine; lactose	carbohydrate biosynthetic process; disaccharide biosynthetic process; disaccharide metabolic process; lactose biosynthetic process; lactose metabolic process; oligosaccharide biosynthetic process; oligosaccharide metabolic process; protein N-linked glycosylation	21
CYP11B1	P15538	RHEA:15629;RHEA:46100;RHEA:46104;RHEA:84071;RHEA:86455	11-deoxycortisol; 11beta,17beta-dihydroxyandrost-4-ene-3-one; 11beta-hydroxyandrost-4-ene-3,17-dione; 21-hydroxyprogesterone; a steroid; an 11beta-hydroxysteroid; androst-4-ene-3,17-dione; corticosterone; cortisol; testosterone	C21-steroid hormone biosynthetic process; C21-steroid hormone metabolic process; aldehyde biosynthetic process; aldehyde metabolic process; aldosterone biosynthetic process; aldosterone metabolic process; cholesterol metabolic process; cortisol biosynthetic process; cortisol metabolic process; glucocorticoid biosynthetic process; glucocorticoid metabolic process; hormone biosynthetic process; hormone metabolic process; ketone biosynthetic process; ketone metabolic process; mineralocorticoid biosynthetic process; mineralocorticoid metabolic process; olefinic compound biosynthetic process; olefinic compound metabolic process; primary alcohol biosynthetic process; primary alcohol metabolic process; secondary alcohol metabolic process; steroid biosynthetic process; steroid hormone biosynthetic process; sterol metabolic process; tertiary alcohol biosynthetic process; tertiary alcohol metabolic process	14
ST6GAL1	P15907	RHEA:52104;RHEA:82947;RHEA:83927;RHEA:83931;RHEA:84035;RHEA:84039;RHEA:84119;RHEA:85275;RHEA:85395;RHEA:85403	CMP-N-acetyl-beta-neuraminate; a beta-D-galactoside; an N-acetyl-alpha-neuraminyl-(2->6)-beta-D-galactosyl derivative	N-acetylneuraminate metabolic process; amino sugar metabolic process; protein N-linked glycosylation; protein O-linked glycosylation; protein O-linked glycosylation via N-acetylgalactosamine; sialylation	4
NQO2	P16083	RHEA:12364	1-(beta-D-ribofuranosyl)-1,4-dihydronicotinamide; beta-nicotinamide D-riboside	ketone metabolic process; quinone metabolic process	2
ACADS	P16219	RHEA:24004;RHEA:43456;RHEA:43464;RHEA:47196	(2E)-butenoyl-CoA; (2E)-hexenoyl-CoA; (2E)-pentenoyl-CoA; a short-chain (2E)-enoyl-CoA; a short-chain 2,3-saturated fatty acyl-CoA; butanoyl-CoA; hexanoyl-CoA; pentanoyl-CoA	butyrate catabolic process; butyrate metabolic process; fatty acid beta-oxidation; fatty acid beta-oxidation using acyl-CoA dehydrogenase; fatty acid catabolic process; fatty acid oxidation; lipid modification; lipid oxidation; short-chain fatty acid catabolic process; short-chain fatty acid metabolic process	15
PPP3CB	P16298	RHEA:20629;RHEA:47004		dephosphorylation; phosphorylation; protein dephosphorylation; protein phosphorylation	0
DPEP1	P16444	RHEA:20401;RHEA:48616;RHEA:48940;RHEA:60520;RHEA:62704	2,3-didehydrophenylalanine; L-cystine; L-cystine-bis-glycine; a beta-lactam; a substituted beta-amino acid; an L-alpha-amino acid; an L-aminoacyl-L-amino acid; glycine; glycyldehydrophenylalanine; leukotriene D4; leukotriene E4	antibiotic metabolic process; fatty acid derivative catabolic process; fatty acid derivative metabolic process; glutathione catabolic process; glutathione metabolic process; homocysteine metabolic process; icosanoid catabolic process; icosanoid metabolic process; lactam catabolic process; lactam metabolic process; leukotriene D4 catabolic process; leukotriene catabolic process; leukotriene metabolic process; modified amino acid catabolic process; non-proteinogenic amino acid metabolic process; proteolysis; sulfur amino acid metabolic process; sulfur compound catabolic process	19
PLCG2	P16885	RHEA:33179	1D-myo-inositol 1,4,5-trisphosphate; a 1,2-diacyl-sn-glycero-3-phospho-(1D-myo-inositol-4,5-bisphosphate); a 1,2-diacyl-sn-glycerol	phosphatidylinositol biosynthetic process; phosphatidylinositol metabolic process; phospholipid catabolic process	21
FAH	P16930	RHEA:10244	4-fumarylacetoacetate; acetoacetate; fumarate	L-phenylalanine catabolic process; L-tyrosine catabolic process; aromatic amino acid catabolic process; aromatic amino acid metabolic process; benzene-containing compound metabolic process; homogentisate catabolic process; phenol-containing compound catabolic process; phenol-containing compound metabolic process	9
GOT1	P17174	RHEA:17441;RHEA:21824;RHEA:70223;RHEA:70295	(2S)-2-aminobutanoate; 2-oxo-3-sulfanylpropanoate; 2-oxobutanoate; 3-sulfino-L-alanine; 3-sulfinopyruvate; L-aspartate; L-cysteine; oxaloacetate	2-oxoglutarate metabolic process; L-aspartate biosynthetic process; L-aspartate catabolic process; L-glutamate biosynthetic process; NAD+ metabolic process; alditol biosynthetic process; amino acid biosynthetic process; aspartate family amino acid biosynthetic process; aspartate metabolic process; carbohydrate biosynthetic process; dicarboxylic acid biosynthetic process; dicarboxylic acid catabolic process; gluconeogenesis; glucose metabolic process; glutamate family amino acid biosynthetic process; glutamate metabolic process; glycerol biosynthetic process; glycerol metabolic process; hexose biosynthetic process; hexose metabolic process; malate-aspartate shuttle; monosaccharide biosynthetic process; monosaccharide metabolic process; oxaloacetate metabolic process; polyol biosynthetic process; polyol metabolic process; proteinogenic amino acid biosynthetic process	26
SMPD1	P17405	RHEA:10604;RHEA:19253;RHEA:45304;RHEA:54284	1,2-dihexadecanoyl-sn-glycero-3-phosphocholine; 1,2-dihexadecanoyl-sn-glycerol; N-(octadecanoyl)-sphing-4-enine-1-phosphocholine; N-octadecanoylsphing-4-enine; a 1,2-diacyl-sn-glycero-3-phosphocholine; a 1,2-diacyl-sn-glycerol; a sphingomyelin; an N-acylsphing-4-enine; phosphocholine	ceramide biosynthetic process; ceramide metabolic process; glycolipid catabolic process; glycolipid metabolic process; glycosphingolipid catabolic process; glycosphingolipid metabolic process; liposaccharide metabolic process; phospholipid catabolic process; sphingolipid catabolic process; sphingomyelin catabolic process; sphingomyelin metabolic process	56
AKR1C4	P17516	RHEA:14401;RHEA:14929;RHEA:14981;RHEA:16297;RHEA:20377;RHEA:24612;RHEA:24616;RHEA:34783;RHEA:42004;RHEA:42108;RHEA:42112;RHEA:42116;RHEA:42124;RHEA:42168;RHEA:53112;RHEA:53120;RHEA:53136;RHEA:69016;RHEA:84143;RHEA:84155;RHEA:84159;RHEA:84163;RHEA:84175;RHEA:84183;RHEA:84187;RHEA:85551;RHEA:85555;RHEA:85559;RHEA:85563	(20S)-hydroxypregn-4-en-3-one; (3alpha,5alpha,17beta)-3-hydroxy-androstan-17-yl sulfate; (3beta,5alpha,17beta)-3-hydroxyandrostan-17-yl sulfate; 17beta-estradiol; 17beta-hydroxy-5alpha-androstan-3,11-dione; 17beta-hydroxy-5alpha-androstan-3-one; 20alpha-hydroxy-5alpha-pregnane-3-one; 20alpha-hydroxy-5beta-pregnan-3-one; 3alpha,17beta-dihydroxy-5alpha-androstan-11-one; 3alpha,20alpha-dihydroxy-5alpha-pregnane; 3alpha,20alpha-dihydroxy-5beta-pregnane; 3alpha,21-dihydroxy-5alpha-pregnane-20-one; 3alpha-hydroxy-5alpha-androstan-11,17-dione; 3alpha-hydroxy-5alpha-androstane 17-O-(beta-D-glucuronate); 3alpha-hydroxy-5alpha-pregnan-20-one; 3alpha-hydroxy-5beta-pregnan-20-one; 3beta,17beta-dihydroxy-5alpha-androstan-11-one; 3beta-hydroxy-5alpha-androstan-11,17-dione; 5alpha-androstan-3,11,17-trione; 5alpha-androstan-3,17-dione; 5alpha-androstane-3alpha,17beta-diol; 5alpha-androstane-3beta,17beta-diol; 5alpha-dihydrodeoxycorticosterone; 5alpha-dihydrotestosterone 17-O-(beta-D-glucuronate); 5alpha-dihydrotestosterone sulfate; 5alpha-pregnane-3,20-dione; 5beta-pregnan-3,20-dione; a 3-oxosteroid; a 3alpha-hydroxysteroid; androst-4-ene-3,17-dione; androsterone; chlordecone; chlordecone alcohol; estrone; progesterone; testosterone	C21-steroid hormone metabolic process; androgen metabolic process; bile acid biosynthetic process; bile acid metabolic process; daunorubicin metabolic process; diterpenoid metabolic process; doxorubicin metabolic process; glycoside metabolic process; hormone metabolic process; icosanoid metabolic process; isoprenoid metabolic process; ketone metabolic process; olefinic compound metabolic process; polyketide metabolic process; primary alcohol metabolic process; progesterone metabolic process; prostaglandin metabolic process; prostanoid metabolic process; retinoid metabolic process; secondary metabolic process; terpenoid metabolic process; tertiary alcohol metabolic process; unsaturated fatty acid metabolic process	17
CKMT2	P17540	RHEA:17157	N-phosphocreatine; creatine	modified amino acid biosynthetic process; phosphagen biosynthetic process; phosphocreatine biosynthetic process; phosphocreatine metabolic process	6
AMD1	P17707	RHEA:15981	S-adenosyl 3-(methylsulfanyl)propylamine	amine biosynthetic process; amine metabolic process; biogenic amine biosynthetic process; biogenic amine metabolic process; polyamine biosynthetic process; polyamine metabolic process; spermidine biosynthetic process; spermidine metabolic process; spermine biosynthetic process; spermine metabolic process	2
TAT	P17735	RHEA:15093	3-(4-hydroxyphenyl)pyruvate; L-tyrosine	2-oxoglutarate metabolic process; L-phenylalanine catabolic process; L-tyrosine catabolic process; aromatic amino acid catabolic process; aromatic amino acid metabolic process; glutamate metabolic process	6
TPH1	P17752	RHEA:16709	(4aS,6R)-4a-hydroxy-L-erythro-5,6,7,8-tetrahydrobiopterin; (6R)-L-erythro-5,6,7,8-tetrahydrobiopterin; 5-hydroxy-L-tryptophan; L-tryptophan	aromatic amino acid metabolic process; indole-containing compound biosynthetic process; indole-containing compound metabolic process; phenol-containing compound biosynthetic process; phenol-containing compound metabolic process; primary amino compound biosynthetic process; serotonin biosynthetic process; serotonin metabolic process	10
CYP11B2	P19099	RHEA:11872;RHEA:15629;RHEA:46100;RHEA:46104;RHEA:50792;RHEA:76019;RHEA:76023;RHEA:76151;RHEA:84067;RHEA:86455	11-deoxycortisol; 11beta,17beta-dihydroxyandrost-4-ene-3-one; 11beta-hydroxyprogesterone; 18-hydroxy-11-deoxycorticosterone; 18-hydroxycorticosterone; 18-hydroxycortisol; 18-oxocortisol; 21-hydroxyprogesterone; a steroid; aldosterone; an 11beta-hydroxysteroid; corticosterone; cortisol; progesterone; testosterone	C21-steroid hormone biosynthetic process; C21-steroid hormone metabolic process; aldehyde biosynthetic process; aldehyde metabolic process; aldosterone biosynthetic process; aldosterone metabolic process; cholesterol metabolic process; cortisol biosynthetic process; cortisol metabolic process; glucocorticoid biosynthetic process; glucocorticoid metabolic process; hormone biosynthetic process; hormone metabolic process; ketone biosynthetic process; ketone metabolic process; mineralocorticoid biosynthetic process; mineralocorticoid metabolic process; olefinic compound biosynthetic process; olefinic compound metabolic process; primary alcohol biosynthetic process; primary alcohol metabolic process; secondary alcohol metabolic process; steroid biosynthetic process; steroid hormone biosynthetic process; sterol metabolic process; tertiary alcohol biosynthetic process; tertiary alcohol metabolic process	14
HK1	P19367	RHEA:10948;RHEA:11028;RHEA:16125;RHEA:17825;RHEA:22740	D-fructose; D-fructose 6-phosphate; D-glucosamine; D-glucosamine 6-phosphate; D-glucose; D-glucose 6-phosphate; D-mannose; D-mannose 6-phosphate; a D-hexose; a D-hexose 6-phosphate	ADP catabolic process; ADP metabolic process; ATP metabolic process; GDP-mannose biosynthetic process; GDP-mannose metabolic process; aerobic respiration; canonical glycolysis; carbohydrate catabolic process; carbohydrate phosphorylation; cellular respiration; fructose 6-phosphate metabolic process; glucose 6-phosphate metabolic process; glucose catabolic process; glucose metabolic process; glycolytic process; glycolytic process through fructose-6-phosphate; glycolytic process through glucose-6-phosphate; hexose catabolic process; hexose metabolic process; mannose metabolic process; monosaccharide catabolic process; monosaccharide metabolic process; nucleoside diphosphate catabolic process; nucleoside diphosphate metabolic process; nucleoside phosphate catabolic process; nucleotide catabolic process; nucleotide-sugar biosynthetic process; nucleotide-sugar metabolic process; phosphorylation; purine nucleoside diphosphate catabolic process; purine nucleoside diphosphate metabolic process; purine nucleotide catabolic process; purine ribonucleoside diphosphate catabolic process; purine ribonucleoside diphosphate metabolic process; purine ribonucleotide catabolic process; purine-containing compound catabolic process; pyridine nucleotide catabolic process; pyridine-containing compound catabolic process; pyruvate metabolic process; ribonucleoside diphosphate catabolic process; ribonucleoside diphosphate metabolic process; ribonucleotide catabolic process	13
NDUFV2	P19404	RHEA:29091		ATP biosynthetic process; ATP metabolic process; ATP synthesis coupled electron transport; aerobic electron transport chain; aerobic respiration; cellular respiration; electron transport chain; mitochondrial ATP synthesis coupled electron transport; mitochondrial electron transport, NADH to ubiquinone; nucleoside triphosphate biosynthetic process; oxidative phosphorylation; proton motive force-driven ATP synthesis; proton motive force-driven mitochondrial ATP synthesis; purine nucleoside triphosphate biosynthetic process; purine ribonucleoside triphosphate biosynthetic process; purine ribonucleotide biosynthetic process; respiratory electron transport chain; ribonucleoside triphosphate biosynthetic process	0
GGT1	P19440	RHEA:23904;RHEA:28807;RHEA:31563;RHEA:53512;RHEA:59468	(13R)-S-cysteinylglycyl-(14S)-hydroxy-(4Z,7Z,9E,11E,16Z,19Z)-docosahexaenoate; (13R)-S-glutathionyl-(14S)-hydroxy-(4Z,7Z,9E,11E,16Z,19Z)-docosahexaenoate; 5-L-glutamyl amino acid; L-cysteinylglycine; an N-terminal (5-L-glutamyl)-[peptide]; an S-substituted L-cysteinylglycine; an S-substituted glutathione; an alpha-amino acid; glutathione; leukotriene C4; leukotriene D4	L-cysteine biosynthetic process; amino acid biosynthetic process; fatty acid derivative biosynthetic process; fatty acid derivative metabolic process; glutamate metabolic process; glutathione biosynthetic process; glutathione catabolic process; glutathione metabolic process; icosanoid biosynthetic process; icosanoid metabolic process; leukotriene D4 biosynthetic process; leukotriene biosynthetic process; leukotriene metabolic process; modified amino acid biosynthetic process; modified amino acid catabolic process; nonribosomal peptide biosynthetic process; peptide biosynthetic process; peptide metabolic process; peptide modification; protein processing; proteinogenic amino acid biosynthetic process; proteolysis; serine family amino acid biosynthetic process; sulfur amino acid biosynthetic process; sulfur amino acid metabolic process; sulfur compound catabolic process; zymogen activation	12
SRM	P19623	RHEA:12721	S-adenosyl 3-(methylsulfanyl)propylamine; S-methyl-5'-thioadenosine; putrescine; spermidine	amine biosynthetic process; amine metabolic process; biogenic amine biosynthetic process; biogenic amine metabolic process; polyamine biosynthetic process; polyamine metabolic process; spermidine biosynthetic process; spermidine metabolic process; spermine biosynthetic process; spermine metabolic process	9
TYMP	P19971	RHEA:16037	2-deoxy-alpha-D-ribose 1-phosphate; thymidine; thymine	2'-deoxyribonucleotide metabolic process; dTMP catabolic process; dTMP metabolic process; deoxyribonucleoside monophosphate catabolic process; deoxyribose phosphate catabolic process; nucleobase metabolic process; nucleoside metabolic process; nucleoside monophosphate catabolic process; nucleoside phosphate catabolic process; nucleotide catabolic process; pyrimidine deoxyribonucleoside monophosphate catabolic process; pyrimidine deoxyribonucleoside monophosphate metabolic process; pyrimidine deoxyribonucleotide catabolic process; pyrimidine deoxyribonucleotide metabolic process; pyrimidine nucleobase metabolic process; pyrimidine nucleoside metabolic process; pyrimidine nucleoside monophosphate catabolic process; pyrimidine nucleoside monophosphate metabolic process; pyrimidine nucleotide catabolic process; pyrimidine nucleotide metabolic process; pyrimidine-containing compound catabolic process; pyrimidine-containing compound metabolic process	6
DDC	P20711	RHEA:12272;RHEA:18533	5-hydroxy-L-tryptophan; L-dopa; dopamine; serotonin	amine biosynthetic process; amine metabolic process; biogenic amine biosynthetic process; biogenic amine metabolic process; catechol-containing compound biosynthetic process; catechol-containing compound metabolic process; catecholamine biosynthetic process; catecholamine metabolic process; dopamine biosynthetic process; dopamine metabolic process; indole-containing compound biosynthetic process; indole-containing compound metabolic process; phenol-containing compound biosynthetic process; phenol-containing compound metabolic process; primary amino compound biosynthetic process; serotonin biosynthetic process; serotonin metabolic process	7
IMPDH1	P20839	RHEA:11708	IMP; XMP	'de novo' XMP biosynthetic process; GMP biosynthetic process; GMP metabolic process; GTP biosynthetic process; GTP metabolic process; XMP biosynthetic process; XMP metabolic process; nucleoside monophosphate biosynthetic process; nucleoside triphosphate biosynthetic process; purine nucleoside monophosphate biosynthetic process; purine nucleoside monophosphate metabolic process; purine nucleoside triphosphate biosynthetic process; purine ribonucleoside monophosphate biosynthetic process; purine ribonucleoside monophosphate metabolic process; purine ribonucleoside triphosphate biosynthetic process; purine ribonucleotide biosynthetic process; ribonucleoside monophosphate biosynthetic process; ribonucleoside triphosphate biosynthetic process	12
ENDOU	P21128	RHEA:67792		proteolysis	0
ABCB4	P21439	RHEA:36439;RHEA:38903;RHEA:66272	a 1,2-diacyl-sn-glycero-3-phosphocholine; a 1,2-diacyl-sn-glycero-3-phosphoethanolamine; a sphingomyelin		36
AGXT	P21549	RHEA:22852;RHEA:24248	3-hydroxypyruvate; L-alanine; L-serine; glycine; glyoxylate; pyruvate	L-alanine catabolic process; L-cysteine catabolic process; L-serine catabolic process; L-serine metabolic process; aldehyde catabolic process; aldehyde metabolic process; amino acid biosynthetic process; glycine biosynthetic process; glycine metabolic process; glyoxylate catabolic process; glyoxylate metabolic process; proteinogenic amino acid biosynthetic process; serine family amino acid biosynthetic process; sulfur amino acid catabolic process; sulfur amino acid metabolic process; sulfur compound catabolic process	36
NT5E	P21589	RHEA:11080;RHEA:12484;RHEA:27714;RHEA:27718;RHEA:29359;RHEA:29363;RHEA:29367;RHEA:29371;RHEA:29375;RHEA:36167	2'-deoxyadenosine; 2'-deoxycytidine; IMP; a 2'-deoxyribonucleoside; a 2'-deoxyribonucleoside 5'-phosphate; a ribonucleoside; a ribonucleoside 5'-phosphate; adenosine; cytidine; dAMP; dCMP; dTMP; guanosine; inosine; thymidine; uridine	ADP catabolic process; ADP metabolic process; AMP catabolic process; AMP metabolic process; ATP metabolic process; nucleoside diphosphate catabolic process; nucleoside diphosphate metabolic process; nucleoside monophosphate catabolic process; nucleoside phosphate catabolic process; nucleotide catabolic process; purine nucleoside diphosphate catabolic process; purine nucleoside diphosphate metabolic process; purine nucleoside monophosphate catabolic process; purine nucleoside monophosphate metabolic process; purine nucleotide catabolic process; purine ribonucleoside diphosphate catabolic process; purine ribonucleoside diphosphate metabolic process; purine ribonucleoside monophosphate catabolic process; purine ribonucleoside monophosphate metabolic process; purine ribonucleotide catabolic process; purine-containing compound catabolic process; ribonucleoside diphosphate catabolic process; ribonucleoside diphosphate metabolic process; ribonucleoside monophosphate catabolic process; ribonucleotide catabolic process	28
SAT1	P21673	RHEA:11116;RHEA:28150;RHEA:33099	N(1)-acetylspermidine; N(1)-acetylspermine; acetyl-CoA; an N-acetylalkane-alpha,omega-diamine; an alkane-alpha,omega-diamine; spermidine; spermine	amine biosynthetic process; amine catabolic process; amine metabolic process; biogenic amine biosynthetic process; biogenic amine catabolic process; biogenic amine metabolic process; polyamine biosynthetic process; polyamine catabolic process; polyamine metabolic process; putrescine catabolic process; putrescine metabolic process	33
GPD1	P21695	RHEA:11092	dihydroxyacetone phosphate; sn-glycerol 3-phosphate	alditol phosphate metabolic process; glycerol-3-phosphate catabolic process; glycerol-3-phosphate metabolic process	8
EPHA1	P21709	RHEA:10596			0
FGFR2	P21802	RHEA:10596		peptidyl-tyrosine phosphorylation; phosphorylation; protein autophosphorylation; protein phosphorylation	0
SDHB	P21912	RHEA:40523;RHEA:79827;RHEA:79831	(R)-malate; (S)-malate; enol-oxaloacetate; fumarate; succinate	ATP biosynthetic process; ATP metabolic process; ATP synthesis coupled electron transport; aerobic electron transport chain; aerobic respiration; cellular respiration; electron transport chain; mitochondrial ATP synthesis coupled electron transport; mitochondrial electron transport, succinate to ubiquinone; nucleoside triphosphate biosynthetic process; oxidative phosphorylation; proton motive force-driven ATP synthesis; proton motive force-driven mitochondrial ATP synthesis; purine nucleoside triphosphate biosynthetic process; purine ribonucleoside triphosphate biosynthetic process; purine ribonucleotide biosynthetic process; respiratory electron transport chain; ribonucleoside triphosphate biosynthetic process; succinate metabolic process; tricarboxylic acid cycle	20
BCKDHB	P21953	RHEA:13457;RHEA:84639;RHEA:84643	(S)-3-methyl-2-oxopentanoate; 3-methyl-2-oxobutanoate; 4-methyl-2-oxopentanoate	L-isoleucine catabolic process; L-leucine catabolic process; L-leucine metabolic process; L-valine catabolic process; branched-chain alpha-keto acid decarboxylation to branched-chain acyl-CoA; branched-chain amino acid catabolic process; branched-chain amino acid metabolic process; fatty acid derivative metabolic process; fatty-acyl-CoA metabolic process	3
MMUT	P22033	RHEA:22888	(R)-methylmalonyl-CoA; succinyl-CoA	acyl-CoA biosynthetic process; fatty acid derivative catabolic process; fatty acid derivative metabolic process; fatty-acyl-CoA catabolic process; fatty-acyl-CoA metabolic process; homocysteine metabolic process; non-proteinogenic amino acid metabolic process; nucleoside phosphate catabolic process; propionyl-CoA catabolic process; propionyl-CoA metabolic process; purine-containing compound catabolic process; succinyl-CoA biosynthetic process; succinyl-CoA metabolic process; sulfur amino acid metabolic process; sulfur compound catabolic process	5
LPO	P22079	RHEA:56136;RHEA:69416;RHEA:69420	a phenolic donor; a phenolic radical donor; hypoiodite; hypothiocyanous acid; iodide; thiocyanate	thiocyanate metabolic process	1
GART	P22102	RHEA:15053;RHEA:17453;RHEA:23032	(6R)-10-formyltetrahydrofolate; (6S)-5,6,7,8-tetrahydrofolate; 2-formamido-N(1)-(5-O-phospho-beta-D-ribosyl)acetamidine; 5-amino-1-(5-phospho-beta-D-ribosyl)imidazole; 5-phospho-beta-D-ribosylamine; N(1)-(5-phospho-beta-D-ribosyl)glycinamide; N(2)-formyl-N(1)-(5-phospho-beta-D-ribosyl)glycinamide; glycine	'de novo' AMP biosynthetic process; 'de novo' IMP biosynthetic process; 'de novo' XMP biosynthetic process; AMP biosynthetic process; AMP metabolic process; GMP biosynthetic process; GMP metabolic process; IMP biosynthetic process; IMP metabolic process; XMP biosynthetic process; XMP metabolic process; adenine biosynthetic process; adenine metabolic process; nucleobase biosynthetic process; nucleobase metabolic process; nucleoside monophosphate biosynthetic process; purine nucleobase biosynthetic process; purine nucleobase metabolic process; purine nucleoside monophosphate biosynthetic process; purine nucleoside monophosphate metabolic process; purine ribonucleoside monophosphate biosynthetic process; purine ribonucleoside monophosphate metabolic process; purine ribonucleotide biosynthetic process; ribonucleoside monophosphate biosynthetic process	24
PAICS	P22234	RHEA:10792;RHEA:22628	(2S)-2-[5-amino-1-(5-phospho-beta-D-ribosyl)imidazole-4-carboxamido]succinate; 5-amino-1-(5-phospho-D-ribosyl)imidazole-4-carboxylate; 5-amino-1-(5-phospho-beta-D-ribosyl)imidazole; L-aspartate	'de novo' AMP biosynthetic process; 'de novo' IMP biosynthetic process; 'de novo' XMP biosynthetic process; AMP biosynthetic process; AMP metabolic process; GMP biosynthetic process; GMP metabolic process; IMP biosynthetic process; IMP metabolic process; XMP biosynthetic process; XMP metabolic process; nucleobase biosynthetic process; nucleobase metabolic process; nucleoside monophosphate biosynthetic process; purine nucleobase biosynthetic process; purine nucleobase metabolic process; purine nucleoside monophosphate biosynthetic process; purine nucleoside monophosphate metabolic process; purine ribonucleoside monophosphate biosynthetic process; purine ribonucleoside monophosphate metabolic process; purine ribonucleotide biosynthetic process; ribonucleoside monophosphate biosynthetic process	14
SCP2	P22307	RHEA:10408;RHEA:16865;RHEA:18161;RHEA:21564;RHEA:31087;RHEA:31091;RHEA:31111;RHEA:31183;RHEA:31203;RHEA:35279;RHEA:40343;RHEA:46344;RHEA:47400;RHEA:62960;RHEA:78899;RHEA:78903	(7Z)-hexadecenoyl-CoA; 3-oxo-(9Z-octadecenoyl)-CoA; 3-oxo-2-methylhexadecanoyl-CoA; 3-oxodecanoyl-CoA; 3-oxododecanoyl-CoA; 3-oxohexadecanedioyl-CoA; 3-oxohexadecanoyl-CoA; 3-oxohexanoyl-CoA; 3-oxooctadecanoyl-CoA; 3-oxooctanoyl-CoA; 3-oxopristanoyl-CoA; 3-oxotetradecanoyl-CoA; 3alpha,7alpha,12alpha-trihydroxy-24-oxo-5beta-cholestan-26-oyl-CoA; 4,8,12-trimethyltridecanoyl-CoA; 7-dehydrocholesterol; a 3-oxoacyl-CoA; a long-chain 3-oxo-fatty acyl-CoA; a long-chain fatty acyl-CoA; a medium-chain 3-oxoacyl-CoA; a medium-chain fatty acyl-CoA; acetyl-CoA; an acyl-CoA; butanoyl-CoA; choloyl-CoA; decanoyl-CoA; dodecanoyl-CoA; hexadecanoyl-CoA; hexanoyl-CoA; octanoyl-CoA; propanoyl-CoA; tetradecanedioyl-CoA; tetradecanoyl-CoA	alpha-linolenic acid metabolic process; bile acid biosynthetic process; bile acid metabolic process; fatty acid beta-oxidation; fatty acid beta-oxidation using acyl-CoA oxidase; fatty acid biosynthetic process; fatty acid catabolic process; fatty acid oxidation; lipid modification; lipid oxidation; long-chain fatty acid metabolic process; olefinic compound metabolic process; unsaturated fatty acid metabolic process	79
NME2	P22392	RHEA:18113;RHEA:25098;RHEA:25237;RHEA:27682;RHEA:27686;RHEA:30347;RHEA:44640;RHEA:84315	a 2'-deoxyribonucleoside 5'-diphosphate; a 2'-deoxyribonucleoside 5'-triphosphate; a ribonucleoside 5'-diphosphate; a ribonucleoside 5'-triphosphate; dTDP; dTTP	CTP biosynthetic process; CTP metabolic process; GTP biosynthetic process; GTP metabolic process; ITP biosynthetic process; ITP metabolic process; UTP biosynthetic process; UTP metabolic process; nucleoside triphosphate biosynthetic process; purine nucleoside triphosphate biosynthetic process; purine ribonucleoside triphosphate biosynthetic process; purine ribonucleotide biosynthetic process; pyrimidine nucleoside triphosphate biosynthetic process; pyrimidine nucleoside triphosphate metabolic process; pyrimidine nucleotide biosynthetic process; pyrimidine nucleotide metabolic process; pyrimidine ribonucleoside triphosphate biosynthetic process; pyrimidine ribonucleoside triphosphate metabolic process; pyrimidine ribonucleotide biosynthetic process; pyrimidine ribonucleotide metabolic process; pyrimidine-containing compound biosynthetic process; pyrimidine-containing compound metabolic process; ribonucleoside triphosphate biosynthetic process	3
ALAS2	P22557	RHEA:12921	5-aminolevulinate; glycine; succinyl-CoA	heme B biosynthetic process; heme biosynthetic process; heme metabolic process; hemoglobin biosynthetic process; hemoglobin metabolic process; pigment biosynthetic process; pigment metabolic process; porphyrin-containing compound biosynthetic process; porphyrin-containing compound metabolic process; tetrapyrrole biosynthetic process; tetrapyrrole metabolic process	19
CYP7A1	P22680	RHEA:16093;RHEA:21812;RHEA:46120;RHEA:46124;RHEA:53248;RHEA:53252;RHEA:53256	(24R)-7alpha-dihydroxycholesterol; (24R)-hydroxycholesterol; (24S)-7alpha-dihydroxycholesterol; (24S)-hydroxycholesterol; 4beta,7alpha-dihydroxycholesterol; 4beta-hydroxycholesterol; 5alpha-cholestan-7-oxo-3beta-ol; 7-dehydrocholesterol; 7-oxocholesterol; 7alpha,8alpha-epoxy-5alpha-cholestan-3beta-ol; 7alpha-hydroxycholesterol; cholesterol; lathosterol	alcohol catabolic process; bile acid biosynthetic process; bile acid metabolic process; cholesterol catabolic process; cholesterol metabolic process; secondary alcohol metabolic process; steroid catabolic process; sterol catabolic process; sterol metabolic process	23
AADAC	P22760	RHEA:10352;RHEA:12957;RHEA:32731;RHEA:67196;RHEA:67204;RHEA:67208	5-methoxytryptamine; N-acetylserotonin; N-acetyltryptamine; a diacylglycerol; a fatty acid; a monoacylglycerol; acetate; an N-acetylarylalkylamine; an acetyl ester; an aliphatic alcohol; an aralkylamine; melatonin; serotonin; tryptamine	acylglycerol catabolic process; acylglycerol metabolic process; diacylglycerol catabolic process; diacylglycerol metabolic process; glycerolipid catabolic process; neutral lipid catabolic process; neutral lipid metabolic process; sterol metabolic process; xenobiotic metabolic process	25
FECH	P22830	RHEA:22584	heme b; protoporphyrin IX	heme B biosynthetic process; heme biosynthetic process; heme metabolic process; pigment biosynthetic process; pigment metabolic process; porphyrin-containing compound biosynthetic process; porphyrin-containing compound metabolic process; tetrapyrrole biosynthetic process; tetrapyrrole metabolic process	4
AMPD1	P23109	RHEA:14777	IMP	AMP metabolic process; GMP biosynthetic process; GMP metabolic process; GMP salvage; IMP biosynthetic process; IMP metabolic process; IMP salvage; metabolic compound salvage; nucleoside monophosphate biosynthetic process; nucleotide salvage; purine nucleoside monophosphate biosynthetic process; purine nucleoside monophosphate metabolic process; purine nucleotide salvage; purine ribonucleoside monophosphate biosynthetic process; purine ribonucleoside monophosphate metabolic process; purine ribonucleotide biosynthetic process; purine ribonucleotide salvage; purine-containing compound salvage; ribonucleoside monophosphate biosynthetic process	11
PPIB	P23284	RHEA:16237		protein folding	0
GLDC	P23378	RHEA:24304	glycine	glycine catabolic process; glycine decarboxylation via glycine cleavage system; glycine metabolic process	14
RPS3	P23396	RHEA:66592		DNA metabolic process; DNA repair; base-excision repair; cytoplasmic translation; cytoplasmic translational initiation; protein biosynthetic process; translation; translational initiation	0
JAK1	P23458	RHEA:10596		phosphorylation; protein phosphorylation	0
AHCY	P23526	RHEA:21708	L-homocysteine; adenosine	L-methionine cycle; L-methionine metabolic process; S-adenosylmethionine metabolic process; homocysteine metabolic process; non-proteinogenic amino acid metabolic process; nucleoside metabolic process; purine nucleoside metabolic process; purine ribonucleoside metabolic process; ribonucleoside metabolic process; sulfur amino acid metabolic process	8
CPT2	P23786	RHEA:12661;RHEA:17177;RHEA:40279;RHEA:44828;RHEA:44832;RHEA:44840;RHEA:44844;RHEA:44848;RHEA:44852;RHEA:44856;RHEA:44860	(5Z)-tetradecenoyl-CoA; (9Z)-octadecenoyl-CoA; (9Z)-tetradecenoyl-CoA; (R)-carnitine; 4,8-dimethylnonanoyl-CoA; O-(5Z)-tetradecenoyl-(R)-carnitine; O-(9Z)-octadecenoyl-(R)-carnitine; O-(9Z)-tetradecenoyl-(R)-carnitine; O-4,8-dimethylnonanoyl-(R)-carnitine; O-decanoyl-(R)-carnitine; O-dodecanoyl-R-carnitine; O-eicosanoyl-(R)-carnitine; O-hexadecanoyl-(R)-carnitine; O-octadecanoyl-(R)-carnitine; O-octanoyl-(R)-carnitine; O-tetradecanoyl-(R)-carnitine; decanoyl-CoA; dodecanoyl-CoA; eicosanoyl-CoA; hexadecanoyl-CoA; octadecanoyl-CoA; octanoyl-CoA; tetradecanoyl-CoA	amino-acid betaine metabolic process; carnitine metabolic process; fatty acid beta-oxidation; fatty acid catabolic process; fatty acid oxidation; lipid modification; lipid oxidation; long-chain fatty acid metabolic process	47
DTYMK	P23919	RHEA:13517	dTDP; dTMP	2'-deoxyribonucleoside biosynthetic process; 2'-deoxyribonucleoside metabolic process; 2'-deoxyribonucleotide biosynthetic process; 2'-deoxyribonucleotide metabolic process; dTDP biosynthetic process; dTDP metabolic process; dTTP biosynthetic process; dTTP metabolic process; dUDP biosynthetic process; dUDP metabolic process; deoxyribonucleoside diphosphate biosynthetic process; deoxyribonucleoside triphosphate biosynthetic process; deoxyribonucleoside triphosphate metabolic process; deoxyribose phosphate biosynthetic process; glycosyl compound biosynthetic process; nucleobase-containing small molecule biosynthetic process; nucleoside biosynthetic process; nucleoside diphosphate biosynthetic process; nucleoside diphosphate metabolic process; nucleoside metabolic process; pyrimidine deoxyribonucleoside biosynthetic process; pyrimidine deoxyribonucleoside diphosphate biosynthetic process; pyrimidine deoxyribonucleoside diphosphate metabolic process; pyrimidine deoxyribonucleoside metabolic process; pyrimidine deoxyribonucleoside triphosphate biosynthetic process; pyrimidine deoxyribonucleoside triphosphate metabolic process; pyrimidine deoxyribonucleotide biosynthetic process; pyrimidine deoxyribonucleotide metabolic process; pyrimidine nucleoside biosynthetic process; pyrimidine nucleoside diphosphate biosynthetic process; pyrimidine nucleoside diphosphate metabolic process; pyrimidine nucleoside metabolic process; pyrimidine nucleoside triphosphate biosynthetic process; pyrimidine nucleoside triphosphate metabolic process; pyrimidine nucleotide biosynthetic process; pyrimidine nucleotide metabolic process; pyrimidine-containing compound biosynthetic process; pyrimidine-containing compound metabolic process; thymidine biosynthetic process; thymidine metabolic process	4
ACAT1	P24752	RHEA:21036;RHEA:30719	2-methyl-3-oxobutanoyl-CoA; acetoacetyl-CoA; acetyl-CoA; propanoyl-CoA	L-isoleucine catabolic process; acetyl-CoA biosynthetic process; acetyl-CoA catabolic process; acetyl-CoA metabolic process; acyl-CoA biosynthetic process; branched-chain amino acid catabolic process; branched-chain amino acid metabolic process; coenzyme A biosynthetic process; coenzyme A metabolic process; fatty acid beta-oxidation; fatty acid catabolic process; fatty acid derivative biosynthetic process; fatty acid derivative catabolic process; fatty acid derivative metabolic process; fatty acid oxidation; fatty-acyl-CoA biosynthetic process; fatty-acyl-CoA metabolic process; ketone body catabolic process; lipid modification; lipid oxidation; nucleoside phosphate catabolic process; propionyl-CoA biosynthetic process; propionyl-CoA metabolic process; purine-containing compound catabolic process; sulfur compound catabolic process	34
CDK2	P24941	RHEA:17989;RHEA:46608		DNA metabolic process; DNA replication; peptidyl-serine phosphorylation; phosphorylation; post-translational protein modification; protein phosphorylation; telomere maintenance; telomere maintenance in response to DNA damage	0
DNMT1	P26358	RHEA:13681			0
HSD3B2	P26439	RHEA:14709;RHEA:24076;RHEA:43924;RHEA:43928;RHEA:43932;RHEA:43936	3beta-hydroxyandrost-5-en-17-one; a 3-oxo-Delta(4)-steroid; a 3-oxo-Delta(5)-steroid; a 3beta-hydroxy-Delta(5)-steroid; androst-4-ene-3,17-dione; androst-5-ene-3,17-dione; pregn-5-ene-3,20-dione; pregnenolone; progesterone	C21-steroid hormone metabolic process; androgen biosynthetic process; androgen metabolic process; hormone biosynthetic process; hormone metabolic process; steroid biosynthetic process; steroid hormone biosynthetic process	14
IVD	P26440	RHEA:12276;RHEA:24004;RHEA:43456;RHEA:43464;RHEA:47196	(2E)-butenoyl-CoA; (2E)-hexenoyl-CoA; (2E)-pentenoyl-CoA; 3-methylbut-2-enoyl-CoA; 3-methylbutanoyl-CoA; a short-chain (2E)-enoyl-CoA; a short-chain 2,3-saturated fatty acyl-CoA; butanoyl-CoA; hexanoyl-CoA; pentanoyl-CoA	L-leucine catabolic process; L-leucine metabolic process; branched-chain amino acid catabolic process; branched-chain amino acid metabolic process; fatty acid beta-oxidation; fatty acid beta-oxidation using acyl-CoA dehydrogenase; fatty acid catabolic process; fatty acid oxidation; lipid modification; lipid oxidation	19
MGAT1	P26572	RHEA:11456;RHEA:84123	UDP-N-acetyl-alpha-D-glucosamine	protein N-linked glycosylation	9
CERS1	P27544	RHEA:23768;RHEA:34735;RHEA:36547;RHEA:36555;RHEA:36615;RHEA:36691;RHEA:43044;RHEA:61476;RHEA:67596	2-hydroxyoctadecanoyl-CoA; N-(2-hydroxyoctadecanoyl)-sphinganine; N-(octadecanoyl)-sphinganine; N-eicosanoylsphinganine; N-octadecanoyl-heptadecasphing-4-enine; N-octadecanoylhexadecasphinganine; N-octadecanoylsphing-4-enine; a fatty acyl-CoA; a sphingoid base; an N-acylsphing-4-enine; an N-acylsphinganine; an N-octadecanoyl-sphingoid base; eicosanoyl-CoA; heptadecasphing-4-enine; hexadecasphinganine; octadecanoyl-CoA; sphing-4-enine; sphinganine	ceramide biosynthetic process; ceramide metabolic process; sphingomyelin biosynthetic process; sphingomyelin metabolic process	51
APEX1	P27695	RHEA:81467;RHEA:81471;RHEA:81527	2-phosphoglycolate; 8-oxo-dGMP	DNA catabolic process; DNA metabolic process; DNA repair; DNA-templated transcription; DNA-templated transcription initiation; RNA biosynthetic process; RNA metabolic process; base-excision repair; base-excision repair, gap-filling; macromolecule catabolic process; nucleic acid biosynthetic process; nucleic acid catabolic process; positive regulation of gene expression via chromosomal CpG island demethylation; telomere maintenance; telomere maintenance in response to DNA damage; telomere maintenance via base-excision repair; transcription by RNA polymerase II; transcription initiation at RNA polymerase II promoter; transcription initiation-coupled chromatin remodeling	0
CAD	P27708	RHEA:15889;RHEA:18029;RHEA:18633;RHEA:20013;RHEA:24296	(S)-dihydroorotate; L-aspartate; N-carbamoyl-L-aspartate; carbamoyl phosphate	'de novo' CTP biosynthetic process; 'de novo' UMP biosynthetic process; 'de novo' pyrimidine nucleobase biosynthetic process; CTP biosynthetic process; CTP metabolic process; L-citrulline biosynthetic process; L-glutamine catabolic process; L-glutamine metabolic process; UDP biosynthetic process; UDP metabolic process; UMP biosynthetic process; UMP metabolic process; UTP biosynthetic process; UTP metabolic process; amino acid biosynthetic process; glycosyl compound biosynthetic process; non-proteinogenic amino acid biosynthetic process; non-proteinogenic amino acid metabolic process; nucleobase biosynthetic process; nucleobase metabolic process; nucleobase-containing small molecule biosynthetic process; nucleoside biosynthetic process; nucleoside diphosphate biosynthetic process; nucleoside diphosphate metabolic process; nucleoside metabolic process; nucleoside monophosphate biosynthetic process; nucleoside triphosphate biosynthetic process; pyrimidine nucleobase biosynthetic process; pyrimidine nucleobase metabolic process; pyrimidine nucleoside biosynthetic process; pyrimidine nucleoside diphosphate biosynthetic process; pyrimidine nucleoside diphosphate metabolic process; pyrimidine nucleoside metabolic process; pyrimidine nucleoside monophosphate biosynthetic process; pyrimidine nucleoside monophosphate metabolic process; pyrimidine nucleoside triphosphate biosynthetic process; pyrimidine nucleoside triphosphate metabolic process; pyrimidine nucleotide biosynthetic process; pyrimidine nucleotide metabolic process; pyrimidine ribonucleoside diphosphate biosynthetic process; pyrimidine ribonucleoside diphosphate metabolic process; pyrimidine ribonucleoside monophosphate biosynthetic process; pyrimidine ribonucleoside monophosphate metabolic process; pyrimidine ribonucleoside triphosphate biosynthetic process; pyrimidine ribonucleoside triphosphate metabolic process; pyrimidine ribonucleotide biosynthetic process; pyrimidine ribonucleotide metabolic process; pyrimidine-containing compound biosynthetic process; pyrimidine-containing compound metabolic process; ribonucleoside diphosphate biosynthetic process; ribonucleoside diphosphate metabolic process; ribonucleoside monophosphate biosynthetic process; ribonucleoside triphosphate biosynthetic process; xenobiotic metabolic process	15
ABCD3	P28288	RHEA:40415;RHEA:40419;RHEA:40783;RHEA:40787;RHEA:40791;RHEA:67072;RHEA:67080;RHEA:67084;RHEA:67088;RHEA:67092;RHEA:67680;RHEA:67684;RHEA:67688;RHEA:67692;RHEA:67696;RHEA:67700;RHEA:67704;RHEA:67708;RHEA:67712;RHEA:86875	(4Z,7Z,10Z,13Z,16Z,19Z)-docosahexaenoate; (4Z,7Z,10Z,13Z,16Z,19Z)-docosahexaenoyl-CoA; (5Z,8Z,11Z,14Z,17Z)-eicosapentaenoate; (5Z,8Z,11Z,14Z,17Z)-eicosapentaenoyl-CoA; 2,6,10,14-tetramethylpentadecanoate; 3,7,11,15-tetramethylhexadecanoate; a long-chain fatty acid; a long-chain fatty acyl-CoA; a very long-chain fatty acid; a very long-chain fatty acyl-CoA; docosanoate; docosanoyl-CoA; hexacosanoate; hexacosanoyl-CoA; hexadecanedioate; hexadecanedioyl-CoA; phytanoyl-CoA; pristanoyl-CoA; tetracosanoate; tetracosanoyl-CoA	bile acid biosynthetic process; bile acid metabolic process; fatty acid beta-oxidation; fatty acid biosynthetic process; fatty acid catabolic process; fatty acid oxidation; lipid modification; lipid oxidation; long-chain fatty acid metabolic process; methyl-branched fatty acid metabolic process; phytanic acid metabolic process; very long-chain fatty acid catabolic process; very long-chain fatty acid metabolic process	26
LOX	P28300	RHEA:24544		peptidyl-lysine modification; peptidyl-lysine oxidation; protein oxidation	0
NDUFS1	P28331	RHEA:29091		ATP biosynthetic process; ATP metabolic process; ATP synthesis coupled electron transport; aerobic electron transport chain; aerobic respiration; cellular respiration; electron transport chain; mitochondrial ATP synthesis coupled electron transport; mitochondrial electron transport, NADH to ubiquinone; nucleoside triphosphate biosynthetic process; oxidative phosphorylation; proton motive force-driven ATP synthesis; proton motive force-driven mitochondrial ATP synthesis; purine nucleoside triphosphate biosynthetic process; purine ribonucleoside triphosphate biosynthetic process; purine ribonucleotide biosynthetic process; respiratory electron transport chain; ribonucleoside triphosphate biosynthetic process	0
MAPK1	P28482	RHEA:17989;RHEA:46608		phosphorylation; protein phosphorylation	0
HSD11B1	P28845	RHEA:11388;RHEA:20233;RHEA:42200;RHEA:47540;RHEA:53820;RHEA:65056;RHEA:65060;RHEA:68616;RHEA:68656;RHEA:68976;RHEA:68980;RHEA:69436;RHEA:69440;RHEA:69452;RHEA:69456;RHEA:86411;RHEA:86451	11-dehydrocorticosterone; 11beta,17beta-dihydroxyandrost-4-ene-3-one; 11beta-hydroxyandrost-4-ene-3,17-dione; 17beta-hydroxyandrost-4-ene-3,11-dione; 3beta,7alpha-dihydroxyandrost-5-en-17-one; 3beta,7beta-dihydroxy-5alpha-androstan-17-one; 3beta,7beta-dihydroxyandrost-5-en-17-one; 3beta-hydroxy-5-androstene-7,17-dione; 3beta-hydroxy-5alpha-androstane-7,17-dione; 7-oxocholesterol; 7-oxoglycolithocholate; 7-oxolithocholate; 7-oxopregnenolone; 7-oxotaurolithocholate; 7beta-hydroxycholesterol; 7beta-hydroxypregnenolone; a 7-oxosteroid; a 7beta-hydroxysteroid; an 11-oxosteroid; an 11beta-hydroxysteroid; androst-4-ene-3,11,17-trione; chenodeoxycholate; corticosterone; cortisol; cortisone; glycochenodeoxycholate; glycoursodeoxycholate; taurochenodeoxycholate; tauroursodeoxycholate; ursodeoxycholate	glucocorticoid catabolic process; glucocorticoid metabolic process; steroid catabolic process	12
PTPN6	P29350	RHEA:10684		dephosphorylation; peptidyl-tyrosine dephosphorylation; peptidyl-tyrosine phosphorylation; phosphorylation; protein dephosphorylation; protein phosphorylation	0
TKT	P29401	RHEA:10508	D-glyceraldehyde 3-phosphate; D-sedoheptulose 7-phosphate; D-xylulose 5-phosphate; aldehydo-D-ribose 5-phosphate	D-xylulose 5-phosphate biosynthetic process; D-xylulose 5-phosphate metabolic process; NADP+ metabolic process; NADPH regeneration; aldehyde biosynthetic process; aldehyde metabolic process; glucose 6-phosphate metabolic process; glyceraldehyde-3-phosphate biosynthetic process; glyceraldehyde-3-phosphate metabolic process; pentose-phosphate shunt; pentose-phosphate shunt, non-oxidative branch	8
ALDH4A1	P30038	RHEA:30235	L-glutamate 5-semialdehyde	L-proline catabolic process; L-proline metabolic process; modified amino acid catabolic process; non-proteinogenic amino acid catabolic process; non-proteinogenic amino acid metabolic process; trans-4-hydroxy-L-proline catabolic process	2
BLVRB	P30043	RHEA:19377;RHEA:21620;RHEA:21624;RHEA:78379;RHEA:78383;RHEA:78387;RHEA:78395	S-nitroso-CoA; bilirubin IXbeta; biliverdin IXbeta; reduced riboflavin; riboflavin	heme catabolic process; heme metabolic process; pigment catabolic process; pigment metabolic process; porphyrin-containing compound catabolic process; porphyrin-containing compound metabolic process; tetrapyrrole catabolic process; tetrapyrrole metabolic process	4
ECHS1	P30084	RHEA:16105;RHEA:26518;RHEA:26558;RHEA:30547;RHEA:31079;RHEA:31175;RHEA:31191;RHEA:45228;RHEA:45584;RHEA:45736	(2E)-butenoyl-CoA; (2E)-decenoyl-CoA; (2E)-hexenoyl-CoA; (3E)-hexenoyl-CoA; (3S)-3-hydroxybutanoyl-CoA; (3S)-hydroxydecanoyl-CoA; (3S)-hydroxyhexanoyl-CoA; (S)-3-hydroxyisobutanoyl-CoA; 2-methylpropenoyl-CoA; 3-hydroxybutanoyl-CoA; 3-hydroxyisovaleryl-CoA; 3-hydroxypropanoyl-CoA; 3-methylbut-2-enoyl-CoA; a (2E)-enoyl-CoA; a (3E)-enoyl-CoA; a (3S)-3-hydroxyacyl-CoA; a 4-saturated (2E)-enoyl-CoA; acryloyl-CoA	L-lysine catabolic process; L-valine catabolic process; branched-chain amino acid catabolic process; branched-chain amino acid metabolic process; fatty acid beta-oxidation; fatty acid catabolic process; fatty acid oxidation; lipid modification; lipid oxidation	18
WEE1	P30291	RHEA:10596			0
CDC25B	P30305	RHEA:10684		phosphorylation; protein phosphorylation	0
CDC25C	P30307	RHEA:10684			0
HMOX2	P30519	RHEA:21764	CO; biliverdin IXalpha; heme b	heme catabolic process; heme metabolic process; heme oxidation; pigment catabolic process; pigment metabolic process; porphyrin-containing compound catabolic process; porphyrin-containing compound metabolic process; tetrapyrrole catabolic process; tetrapyrrole metabolic process	5
ADSL	P30566	RHEA:16853;RHEA:23920	(2S)-2-[5-amino-1-(5-phospho-beta-D-ribosyl)imidazole-4-carboxamido]succinate; 5-amino-1-(5-phospho-beta-D-ribosyl)imidazole-4-carboxamide; N(6)-(1,2-dicarboxyethyl)-AMP; fumarate	'de novo' AMP biosynthetic process; 'de novo' IMP biosynthetic process; 'de novo' XMP biosynthetic process; AMP biosynthetic process; AMP metabolic process; AMP salvage; GMP biosynthetic process; GMP metabolic process; IMP biosynthetic process; IMP metabolic process; XMP biosynthetic process; XMP metabolic process; aerobic respiration; cellular respiration; metabolic compound salvage; nucleoside monophosphate biosynthetic process; nucleotide salvage; purine nucleoside monophosphate biosynthetic process; purine nucleoside monophosphate metabolic process; purine nucleotide salvage; purine ribonucleoside monophosphate biosynthetic process; purine ribonucleoside monophosphate metabolic process; purine ribonucleotide biosynthetic process; purine ribonucleotide salvage; purine-containing compound salvage; ribonucleoside monophosphate biosynthetic process	7
PKLR	P30613	RHEA:18157;RHEA:86567	(2S)-2-phospholactate; (S)-lactate; phosphoenolpyruvate; pyruvate	ADP catabolic process; ADP metabolic process; ATP metabolic process; aerobic respiration; canonical glycolysis; carbohydrate catabolic process; cellular respiration; glucose catabolic process; glucose metabolic process; glycolytic process; glycolytic process through fructose-6-phosphate; glycolytic process through glucose-6-phosphate; hexose catabolic process; hexose metabolic process; monosaccharide catabolic process; monosaccharide metabolic process; nucleoside diphosphate catabolic process; nucleoside diphosphate metabolic process; nucleoside phosphate catabolic process; nucleotide catabolic process; purine nucleoside diphosphate catabolic process; purine nucleoside diphosphate metabolic process; purine nucleotide catabolic process; purine ribonucleoside diphosphate catabolic process; purine ribonucleoside diphosphate metabolic process; purine ribonucleotide catabolic process; purine-containing compound catabolic process; pyridine nucleotide catabolic process; pyridine-containing compound catabolic process; pyruvate biosynthetic process; pyruvate metabolic process; ribonucleoside diphosphate catabolic process; ribonucleoside diphosphate metabolic process; ribonucleotide catabolic process	17
GCH1	P30793	RHEA:17473	7,8-dihydroneopterin 3'-triphosphate; formate	amine biosynthetic process; amine metabolic process; biogenic amine biosynthetic process; biogenic amine metabolic process; catechol-containing compound biosynthetic process; catechol-containing compound metabolic process; catecholamine biosynthetic process; catecholamine metabolic process; diol biosynthetic process; diol metabolic process; dopamine biosynthetic process; dopamine metabolic process; folic acid-containing compound biosynthetic process; folic acid-containing compound metabolic process; modified amino acid biosynthetic process; nitric oxide biosynthetic process; nitric oxide metabolic process; phenol-containing compound biosynthetic process; phenol-containing compound metabolic process; polyol biosynthetic process; polyol metabolic process; pteridine-containing compound biosynthetic process; pteridine-containing compound metabolic process; reactive nitrogen species metabolic process; tetrahydrobiopterin biosynthetic process; tetrahydrobiopterin metabolic process; tetrahydrofolate biosynthetic process; tetrahydrofolate metabolic process	6
SDHA	P31040	RHEA:13713;RHEA:79827;RHEA:79831	(R)-malate; (S)-malate; enol-oxaloacetate; fumarate; succinate	ATP biosynthetic process; ATP metabolic process; ATP synthesis coupled electron transport; aerobic electron transport chain; aerobic respiration; cellular respiration; electron transport chain; mitochondrial ATP synthesis coupled electron transport; mitochondrial electron transport, succinate to ubiquinone; nucleoside triphosphate biosynthetic process; oxidative phosphorylation; proton motive force-driven ATP synthesis; proton motive force-driven mitochondrial ATP synthesis; purine nucleoside triphosphate biosynthetic process; purine ribonucleoside triphosphate biosynthetic process; purine ribonucleotide biosynthetic process; respiratory electron transport chain; ribonucleoside triphosphate biosynthetic process; succinate metabolic process; tricarboxylic acid cycle	20
SRD5A2	P31213	RHEA:21952;RHEA:50820;RHEA:54384	17beta-hydroxy-5alpha-androstan-3-one; 5alpha-pregnane-3,20-dione; a 3-oxo-5alpha-steroid; a 3-oxo-Delta(4)-steroid; progesterone; testosterone	androgen biosynthetic process; androgen metabolic process; benzene-containing compound metabolic process; dibenzo-p-dioxin metabolic process; hormone biosynthetic process; hormone metabolic process; ketone biosynthetic process; ketone metabolic process; olefinic compound biosynthetic process; olefinic compound metabolic process; phthalate metabolic process; steroid biosynthetic process; steroid catabolic process; steroid hormone biosynthetic process; testosterone biosynthetic process	13
CPS1	P31327	RHEA:18029	carbamoyl phosphate	'de novo' pyrimidine nucleobase biosynthetic process; L-citrulline biosynthetic process; L-glutamine metabolic process; acylglycerol catabolic process; acylglycerol metabolic process; amino acid biosynthetic process; carbamoyl phosphate biosynthetic process; carbamoyl phosphate metabolic process; glycerolipid catabolic process; homocysteine metabolic process; neutral lipid catabolic process; neutral lipid metabolic process; nitric oxide metabolic process; nitrogen cycle metabolic process; non-proteinogenic amino acid biosynthetic process; non-proteinogenic amino acid metabolic process; nucleobase biosynthetic process; nucleobase metabolic process; pyrimidine nucleobase biosynthetic process; pyrimidine nucleobase metabolic process; pyrimidine-containing compound biosynthetic process; pyrimidine-containing compound metabolic process; reactive nitrogen species metabolic process; sulfur amino acid metabolic process; triglyceride catabolic process; triglyceride metabolic process; urea cycle; urea metabolic process	2
SLC6A6	P31641	RHEA:70687;RHEA:71223;RHEA:71243;RHEA:71247	4-aminobutanoate; CHEBI:29101; beta-alanine; hypotaurine; taurine		19
AKT1	P31749	RHEA:17989;RHEA:46608		nitric oxide biosynthetic process; nitric oxide metabolic process; peptidyl-serine phosphorylation; peptidyl-threonine phosphorylation; phosphorylation; protein phosphorylation; reactive nitrogen species metabolic process	0
HIBADH	P31937	RHEA:17681	2-methyl-3-oxopropanoate; 3-hydroxy-2-methylpropanoate	L-valine catabolic process; branched-chain amino acid catabolic process; branched-chain amino acid metabolic process	4
ATIC	P31939	RHEA:18445;RHEA:22192;RHEA:59144;RHEA:62676	(6R)-10-formyltetrahydrofolate; (6S)-5,6,7,8-tetrahydrofolate; 10-formyldihydrofolate; 5-amino-1-(5-phospho-D-ribosyl)imidazole-4-thiocarboxamide; 5-amino-1-(5-phospho-beta-D-ribosyl)imidazole-4-carboxamide; 5-formamido-1-(5-phospho-D-ribosyl)imidazole-4-carboxamide; 6-thio-IMP; 7,8-dihydrofolate; IMP	'de novo' AMP biosynthetic process; 'de novo' IMP biosynthetic process; 'de novo' XMP biosynthetic process; AMP biosynthetic process; AMP metabolic process; GMP biosynthetic process; GMP metabolic process; IMP biosynthetic process; IMP metabolic process; XMP biosynthetic process; XMP metabolic process; dihydrofolate metabolic process; folic acid-containing compound biosynthetic process; folic acid-containing compound metabolic process; modified amino acid biosynthetic process; nucleoside monophosphate biosynthetic process; pteridine-containing compound biosynthetic process; pteridine-containing compound metabolic process; purine nucleoside monophosphate biosynthetic process; purine nucleoside monophosphate metabolic process; purine ribonucleoside monophosphate biosynthetic process; purine ribonucleoside monophosphate metabolic process; purine ribonucleotide biosynthetic process; ribonucleoside monophosphate biosynthetic process; tetrahydrofolate biosynthetic process; tetrahydrofolate metabolic process	22
CDA	P32320	RHEA:13433;RHEA:16069	2'-deoxycytidine; 2'-deoxyuridine; cytidine; uridine	2'-deoxyribonucleoside catabolic process; 2'-deoxyribonucleoside metabolic process; 2'-deoxyribonucleotide metabolic process; CMP catabolic process; CMP metabolic process; UMP biosynthetic process; UMP metabolic process; UMP salvage; cytosine metabolic process; dCMP catabolic process; dCMP metabolic process; deoxycytidine catabolic process; deoxycytidine metabolic process; deoxyribonucleoside monophosphate catabolic process; deoxyribose phosphate catabolic process; glycosyl compound biosynthetic process; glycosyl compound catabolic process; metabolic compound salvage; nucleobase metabolic process; nucleobase-containing small molecule biosynthetic process; nucleobase-containing small molecule catabolic process; nucleoside biosynthetic process; nucleoside catabolic process; nucleoside metabolic process; nucleoside monophosphate biosynthetic process; nucleoside monophosphate catabolic process; nucleoside phosphate catabolic process; nucleotide catabolic process; nucleotide salvage; pyrimidine deoxyribonucleoside catabolic process; pyrimidine deoxyribonucleoside metabolic process; pyrimidine deoxyribonucleoside monophosphate catabolic process; pyrimidine deoxyribonucleoside monophosphate metabolic process; pyrimidine deoxyribonucleotide catabolic process; pyrimidine deoxyribonucleotide metabolic process; pyrimidine nucleobase metabolic process; pyrimidine nucleoside biosynthetic process; pyrimidine nucleoside catabolic process; pyrimidine nucleoside metabolic process; pyrimidine nucleoside monophosphate biosynthetic process; pyrimidine nucleoside monophosphate catabolic process; pyrimidine nucleoside monophosphate metabolic process; pyrimidine nucleotide biosynthetic process; pyrimidine nucleotide catabolic process; pyrimidine nucleotide metabolic process; pyrimidine nucleotide salvage; pyrimidine ribonucleoside biosynthetic process; pyrimidine ribonucleoside metabolic process; pyrimidine ribonucleoside monophosphate biosynthetic process; pyrimidine ribonucleoside monophosphate catabolic process; pyrimidine ribonucleoside monophosphate metabolic process; pyrimidine ribonucleotide biosynthetic process; pyrimidine ribonucleotide catabolic process; pyrimidine ribonucleotide metabolic process; pyrimidine ribonucleotide salvage; pyrimidine-containing compound biosynthetic process; pyrimidine-containing compound catabolic process; pyrimidine-containing compound metabolic process; pyrimidine-containing compound salvage; ribonucleoside biosynthetic process; ribonucleoside metabolic process; ribonucleoside monophosphate biosynthetic process; ribonucleoside monophosphate catabolic process; ribonucleotide catabolic process; uridine biosynthetic process; uridine metabolic process	10
PYCR1	P32322	RHEA:14105;RHEA:14109	(S)-1-pyrroline-5-carboxylate; L-proline	L-glutamate catabolic process; L-glutamine catabolic process; L-glutamine metabolic process; L-proline biosynthetic process; L-proline metabolic process; amino acid biosynthetic process; dicarboxylic acid catabolic process; glutamate family amino acid biosynthetic process; glutamate metabolic process; proteinogenic amino acid biosynthetic process	2
HPD	P32754	RHEA:16189;RHEA:55584	3-(4-hydroxyphenyl)pyruvate; homogentisate	L-phenylalanine catabolic process; L-tyrosine catabolic process; aromatic amino acid catabolic process; aromatic amino acid metabolic process	5
CTH	P32929	RHEA:14005;RHEA:14501;RHEA:24923;RHEA:24931;RHEA:31151	2-oxobutanoate; L,L-cystathionine; L-cysteine; L-homocysteine; L-homoserine; L-selenocystathionine; L-selenocysteine; pyruvate	L-cysteine biosynthetic process; amino acid biosynthetic process; homocysteine metabolic process; hydrogen sulfide biosynthetic process; hydrogen sulfide metabolic process; non-proteinogenic amino acid metabolic process; peptidyl-lysine modification; protein sulfhydration; protein-pyridoxal-5-phosphate linkage; protein-pyridoxal-5-phosphate linkage via peptidyl-N6-pyridoxal phosphate-L-lysine; proteinogenic amino acid biosynthetic process; selenium compound metabolic process; serine family amino acid biosynthetic process; sulfur amino acid biosynthetic process; sulfur amino acid metabolic process; transsulfuration	23
DUT	P33316	RHEA:10248	dUMP; dUTP	2'-deoxyribonucleotide biosynthetic process; 2'-deoxyribonucleotide metabolic process; DNA metabolic process; DNA replication; dTMP biosynthetic process; dTMP metabolic process; dUMP biosynthetic process; dUMP metabolic process; dUTP catabolic process; dUTP metabolic process; deoxyribonucleoside monophosphate biosynthetic process; deoxyribonucleoside triphosphate catabolic process; deoxyribonucleoside triphosphate metabolic process; deoxyribose phosphate biosynthetic process; deoxyribose phosphate catabolic process; nucleoside monophosphate biosynthetic process; nucleoside phosphate catabolic process; nucleotide catabolic process; pyrimidine deoxyribonucleoside monophosphate biosynthetic process; pyrimidine deoxyribonucleoside monophosphate metabolic process; pyrimidine deoxyribonucleoside triphosphate catabolic process; pyrimidine deoxyribonucleoside triphosphate metabolic process; pyrimidine deoxyribonucleotide biosynthetic process; pyrimidine deoxyribonucleotide catabolic process; pyrimidine deoxyribonucleotide metabolic process; pyrimidine nucleoside monophosphate biosynthetic process; pyrimidine nucleoside monophosphate metabolic process; pyrimidine nucleoside triphosphate catabolic process; pyrimidine nucleoside triphosphate metabolic process; pyrimidine nucleotide biosynthetic process; pyrimidine nucleotide catabolic process; pyrimidine nucleotide metabolic process; pyrimidine-containing compound biosynthetic process; pyrimidine-containing compound catabolic process; pyrimidine-containing compound metabolic process	3
ABCD1	P33897	RHEA:40783;RHEA:40787;RHEA:40791;RHEA:67072;RHEA:67080;RHEA:67084;RHEA:67088;RHEA:67092	a very long-chain fatty acid; a very long-chain fatty acyl-CoA; docosanoate; docosanoyl-CoA; hexacosanoate; hexacosanoyl-CoA; tetracosanoate; tetracosanoyl-CoA	alpha-linolenic acid metabolic process; fatty acid beta-oxidation; fatty acid biosynthetic process; fatty acid catabolic process; fatty acid elongation; fatty acid oxidation; linoleic acid metabolic process; lipid modification; lipid oxidation; long-chain fatty acid catabolic process; long-chain fatty acid metabolic process; olefinic compound metabolic process; unsaturated fatty acid metabolic process; very long-chain fatty acid catabolic process; very long-chain fatty acid metabolic process	15
TTK	P33981	RHEA:10596;RHEA:17989;RHEA:46608			0
SHMT1	P34896	RHEA:15481;RHEA:19625;RHEA:21712;RHEA:26209;RHEA:34767;RHEA:79695	(3S)-3-hydroxy-N(6),N(6),N(6)-trimethyl-L-lysine; (6R)-5,10-methenyltetrahydrofolate; (6R)-5,10-methylene-5,6,7,8-tetrahydrofolate; (6S)-5,6,7,8-tetrahydrofolate; (6S)-5-formyl-5,6,7,8-tetrahydrofolate; 4-(trimethylamino)butanal; L-allo-threonine; L-serine; L-threo-3-phenylserine; L-threonine; acetaldehyde; benzaldehyde; glycine	'de novo' pyrimidine nucleobase biosynthetic process; 2'-deoxyribonucleotide biosynthetic process; 2'-deoxyribonucleotide metabolic process; DNA metabolic process; DNA replication; L-serine catabolic process; L-serine metabolic process; amino acid biosynthetic process; amino-acid betaine biosynthetic process; amino-acid betaine metabolic process; carnitine biosynthetic process; carnitine metabolic process; dTMP biosynthetic process; dTMP metabolic process; deoxyribonucleoside monophosphate biosynthetic process; deoxyribose phosphate biosynthetic process; folic acid metabolic process; folic acid-containing compound biosynthetic process; folic acid-containing compound metabolic process; glycine biosynthetic process; glycine metabolic process; modified amino acid biosynthetic process; nucleobase biosynthetic process; nucleobase metabolic process; nucleoside monophosphate biosynthetic process; one-carbon metabolic process; proteinogenic amino acid biosynthetic process; pteridine-containing compound biosynthetic process; pteridine-containing compound metabolic process; purine nucleobase biosynthetic process; purine nucleobase metabolic process; pyrimidine deoxyribonucleoside monophosphate biosynthetic process; pyrimidine deoxyribonucleoside monophosphate metabolic process; pyrimidine deoxyribonucleotide biosynthetic process; pyrimidine deoxyribonucleotide metabolic process; pyrimidine nucleobase biosynthetic process; pyrimidine nucleobase metabolic process; pyrimidine nucleoside monophosphate biosynthetic process; pyrimidine nucleoside monophosphate metabolic process; pyrimidine nucleotide biosynthetic process; pyrimidine nucleotide metabolic process; pyrimidine-containing compound biosynthetic process; pyrimidine-containing compound metabolic process; serine family amino acid biosynthetic process; tetrahydrofolate biosynthetic process; tetrahydrofolate interconversion; tetrahydrofolate metabolic process	27
SHMT2	P34897	RHEA:15481	(6R)-5,10-methylene-5,6,7,8-tetrahydrofolate; (6S)-5,6,7,8-tetrahydrofolate; L-serine; glycine	L-serine catabolic process; L-serine metabolic process; amino acid biosynthetic process; folic acid-containing compound biosynthetic process; folic acid-containing compound metabolic process; formate biosynthetic process; formate metabolic process; glycine biosynthetic process; glycine metabolic process; modified amino acid biosynthetic process; one-carbon metabolic process; post-translational protein modification; protein K63-linked deubiquitination; protein deubiquitination; protein modification by small protein conjugation or removal; protein modification by small protein removal; proteinogenic amino acid biosynthetic process; pteridine-containing compound biosynthetic process; pteridine-containing compound metabolic process; serine family amino acid biosynthetic process; tetrahydrofolate biosynthetic process; tetrahydrofolate interconversion; tetrahydrofolate metabolic process	27
SPR	P35270	RHEA:18953;RHEA:32627	(6R)-L-erythro-5,6,7,8-tetrahydrobiopterin; 6-pyruvoyl-5,6,7,8-tetrahydropterin; L-erythro-7,8-dihydrobiopterin; L-sepiapterin	diol biosynthetic process; diol metabolic process; nitric oxide biosynthetic process; nitric oxide metabolic process; polyol biosynthetic process; polyol metabolic process; pteridine-containing compound biosynthetic process; pteridine-containing compound metabolic process; reactive nitrogen species metabolic process; tetrahydrobiopterin biosynthetic process; tetrahydrobiopterin metabolic process	4
SCN1A	P35498	RHEA:34963	CHEBI:29101		10
CBS	P35520	RHEA:10112	L,L-cystathionine; L-homocysteine; L-serine	DNA metabolic process; DNA protection; L-cysteine biosynthetic process; L-cysteine catabolic process; L-homocysteine catabolic process; L-serine catabolic process; L-serine metabolic process; amino acid biosynthetic process; homocysteine metabolic process; hydrogen sulfide biosynthetic process; hydrogen sulfide metabolic process; non-proteinogenic amino acid catabolic process; non-proteinogenic amino acid metabolic process; proteinogenic amino acid biosynthetic process; serine family amino acid biosynthetic process; sulfur amino acid biosynthetic process; sulfur amino acid catabolic process; sulfur amino acid metabolic process; sulfur compound catabolic process; transsulfuration	10
GCK	P35557	RHEA:11028;RHEA:16125;RHEA:17825;RHEA:22740	D-fructose; D-fructose 6-phosphate; D-glucose; D-glucose 6-phosphate; D-mannose; D-mannose 6-phosphate; a D-hexose; a D-hexose 6-phosphate	ADP catabolic process; ADP metabolic process; ATP metabolic process; aerobic respiration; canonical glycolysis; carbohydrate catabolic process; cellular respiration; glucose 6-phosphate metabolic process; glucose catabolic process; glucose metabolic process; glycolytic process; glycolytic process through fructose-6-phosphate; glycolytic process through glucose-6-phosphate; hexose catabolic process; hexose metabolic process; monosaccharide catabolic process; monosaccharide metabolic process; nucleoside diphosphate catabolic process; nucleoside diphosphate metabolic process; nucleoside phosphate catabolic process; nucleotide catabolic process; purine nucleoside diphosphate catabolic process; purine nucleoside diphosphate metabolic process; purine nucleotide catabolic process; purine ribonucleoside diphosphate catabolic process; purine ribonucleoside diphosphate metabolic process; purine ribonucleotide catabolic process; purine-containing compound catabolic process; pyridine nucleotide catabolic process; pyridine-containing compound catabolic process; pyruvate metabolic process; ribonucleoside diphosphate catabolic process; ribonucleoside diphosphate metabolic process; ribonucleotide catabolic process	11
G6PC1	P35575	RHEA:16689	D-glucose; D-glucose 6-phosphate	carbohydrate biosynthetic process; energy reserve metabolic process; glucan metabolic process; gluconeogenesis; glucose 6-phosphate metabolic process; glucose metabolic process; glycogen metabolic process; hexose biosynthetic process; hexose metabolic process; monosaccharide biosynthetic process; monosaccharide metabolic process; polysaccharide metabolic process	8
ATP7B	P35670	RHEA:25792	reduced [azurin]		0
CHKA	P35790	RHEA:10596;RHEA:12837;RHEA:13069	choline; ethanolamine; phosphocholine; phosphoethanolamine	CDP-choline pathway; phosphatidylcholine biosynthetic process; phosphatidylcholine metabolic process; phosphatidylethanolamine biosynthetic process; phosphatidylethanolamine metabolic process	16
HMGCL	P35914	RHEA:24404	(3S)-3-hydroxy-3-methylglutaryl-CoA; acetoacetate; acetyl-CoA	L-leucine catabolic process; L-leucine metabolic process; branched-chain amino acid catabolic process; branched-chain amino acid metabolic process; fatty acid derivative biosynthetic process; fatty acid derivative metabolic process; ketone body biosynthetic process	33
MAP2K2	P36507	RHEA:10596;RHEA:17989;RHEA:46608		peptidyl-serine autophosphorylation; peptidyl-serine phosphorylation; phosphorylation; protein autophosphorylation; protein phosphorylation	0
CPOX	P36551	RHEA:18257	coproporphyrinogen III; protoporphyrinogen IX	heme A biosynthetic process; heme B biosynthetic process; heme biosynthetic process; heme metabolic process; pigment biosynthetic process; pigment metabolic process; porphyrin-containing compound biosynthetic process; porphyrin-containing compound metabolic process; tetrapyrrole biosynthetic process; tetrapyrrole metabolic process	2
LONP1	P36776	RHEA:13065		'de novo' protein folding; macromolecule catabolic process; mitochondrial protein catabolic process; modification-dependent macromolecule catabolic process; modification-dependent protein catabolic process; oxidation-dependent protein catabolic process; protein catabolic process; protein folding; protein quality control for misfolded or incompletely synthesized proteins; proteolysis	0
PGM1	P36871	RHEA:23536;RHEA:68748;RHEA:68752	alpha-D-glucose 1,6-bisphosphate; alpha-D-glucose 1-phosphate; alpha-D-glucose 6-phosphate	ADP catabolic process; ADP metabolic process; ATP metabolic process; aerobic respiration; beta-D-galactose catabolic process via UDP-galactose, Leloir pathway; carbohydrate biosynthetic process; carbohydrate catabolic process; cellular respiration; energy reserve metabolic process; galactose catabolic process; galactose metabolic process; glucan catabolic process; glucan metabolic process; gluconeogenesis; glucose metabolic process; glycogen catabolic process; glycogen metabolic process; glycolytic process; hexose biosynthetic process; hexose catabolic process; hexose metabolic process; macromolecule catabolic process; monosaccharide biosynthetic process; monosaccharide catabolic process; monosaccharide metabolic process; nucleoside diphosphate catabolic process; nucleoside diphosphate metabolic process; nucleoside phosphate catabolic process; nucleotide catabolic process; polysaccharide catabolic process; polysaccharide metabolic process; purine nucleoside diphosphate catabolic process; purine nucleoside diphosphate metabolic process; purine nucleotide catabolic process; purine ribonucleoside diphosphate catabolic process; purine ribonucleoside diphosphate metabolic process; purine ribonucleotide catabolic process; purine-containing compound catabolic process; pyridine nucleotide catabolic process; pyridine-containing compound catabolic process; pyruvate metabolic process; ribonucleoside diphosphate catabolic process; ribonucleoside diphosphate metabolic process; ribonucleotide catabolic process	5
DLST	P36957	RHEA:15213	succinyl-CoA	2-oxoglutarate decarboxylation to succinyl-CoA; 2-oxoglutarate metabolic process; acyl-CoA biosynthetic process; aerobic respiration; cellular respiration; succinyl-CoA biosynthetic process; succinyl-CoA metabolic process; tricarboxylic acid cycle	4
GPX4	P36969	RHEA:16833;RHEA:19057;RHEA:48620;RHEA:48888;RHEA:50708;RHEA:69412;RHEA:69651;RHEA:76687;RHEA:76691;RHEA:76695;RHEA:76699;RHEA:76703;RHEA:76707;RHEA:76711;RHEA:76715;RHEA:76731	(12R)-hydroperoxy-(5Z,8Z,10E,14Z)-eicosatetraenoate; (12R)-hydroxy-(5Z,8Z,10E,14Z)-eicosatetraenoate; (12S)-hydroperoxy-(5Z,8Z,10E,14Z)-eicosatetraenoate; (12S)-hydroperoxy-(5Z,8Z,10E,14Z,17Z)-eicosapentaenoate; (12S)-hydroxy-(5Z,8Z,10E,14Z)-eicosatetraenoate; (12S)-hydroxy-(5Z,8Z,10E,14Z,17Z)-eicosapentaenoate; (13S)-hydroperoxy-(9Z,11E)-octadecadienoate; (13S)-hydroxy-(9Z,11E)-octadecadienoate; (15S)-hydroperoxy-(11Z,13E)-eicosadienoate; (15S)-hydroperoxy-(5Z,8Z,11Z,13E)-eicosatetraenoate; (15S)-hydroperoxy-(5Z,8Z,11Z,13E,17Z)-eicosapentaenoate; (15S)-hydroxy-(11Z,13E)-eicosadienoate; (15S)-hydroxy-(5Z,8Z,11Z,13E)-eicosatetraenoate; (15S)-hydroxy-(5Z,8Z,11Z,13E,17Z)-eicosapentaenoate; (17S)-hydroperoxy-(4Z,7Z,10Z,13Z,15E,19Z)-docosahexaenoate; (17S)-hydroxy-(4Z,7Z,10Z,13Z,15E,19Z)-docosahexaenoate; (5S)-hydroperoxy-(6E,8Z,11Z,14Z)-eicosatetraenoate; (5S)-hydroperoxy-(6E,8Z,11Z,14Z,17Z)-eicosapentaenoate; (5S)-hydroxy-(6E,8Z,11Z,14Z)-eicosatetraenoate; (5S)-hydroxy-(6E,8Z,11Z,14Z,17Z)-eicosapentaenoate; (9S)-hydroperoxy-(10E,12Z)-octadecadienoate; (9S)-hydroxy-(10E,12Z)-octadecadienoate; 2-phenylpropan-2-ol; a hydroperoxy polyunsaturated fatty acid; a hydroperoxy-1,2-diacyl-glycero-3-phosphocholine; a hydroxy polyunsaturated fatty acid; a hydroxy-1,2-diacyl-glycero-3-phosphocholine; cumene hydroperoxide; glutathione; tert-butanol; tert-butyl hydroperoxide	arachidonate metabolic process; fatty acid biosynthetic process; icosanoid metabolic process; lipoxygenase pathway; long-chain fatty acid biosynthetic process; long-chain fatty acid metabolic process; olefinic compound metabolic process; unsaturated fatty acid metabolic process	9
HSD17B3	P37058	RHEA:14981;RHEA:24616;RHEA:42120;RHEA:42156;RHEA:46628;RHEA:53480;RHEA:53484;RHEA:53488;RHEA:69284	11beta,17beta-dihydroxyandrost-4-ene-3-one; 11beta-hydroxyandrost-4-ene-3,17-dione; 17beta-estradiol; 17beta-hydroxy-5alpha-androstan-3-one; 17beta-hydroxyandrost-4-ene-3,11-dione; 3beta-hydroxy-5alpha-androstan-17-one; 3beta-hydroxyandrost-5-en-17-one; 5alpha-androstan-3,17-dione; 5alpha-androstane-3alpha,17beta-diol; 5alpha-androstane-3beta,17beta-diol; a 17-oxo steroid; a 17beta-hydroxy steroid; androst-4-ene-3,11,17-trione; androst-4-ene-3,17-dione; androst-5-en-3beta,17beta-diol; androsterone; estrone; testosterone	androgen biosynthetic process; androgen metabolic process; hormone biosynthetic process; hormone metabolic process; ketone biosynthetic process; ketone metabolic process; olefinic compound biosynthetic process; olefinic compound metabolic process; steroid biosynthetic process; steroid hormone biosynthetic process; testosterone biosynthetic process	17
FDFT1	P37268	RHEA:22228;RHEA:22232;RHEA:22672;RHEA:32295;RHEA:32299	(2E,6E)-farnesyl diphosphate; presqualene diphosphate; squalene	cholesterol biosynthetic process; cholesterol metabolic process; farnesyl diphosphate metabolic process; isoprenoid metabolic process; secondary alcohol biosynthetic process; secondary alcohol metabolic process; steroid biosynthetic process; sterol biosynthetic process; sterol metabolic process; terpenoid metabolic process; zymosterol biosynthetic process; zymosterol metabolic process	10
PIGA	P37287	RHEA:14789	UDP-N-acetyl-alpha-D-glucosamine; a 1,2-diacyl-sn-glycero-3-phospho-(1D-myo-inositol); a 6-(N-acetyl-alpha-D-glucosaminyl)-1-(1,2-diacyl-sn-glycero-3-phospho)-1D-myo-inositol	GPI anchor biosynthetic process; GPI anchor metabolic process; GPI anchored protein biosynthesis; glycolipid biosynthetic process; glycolipid metabolic process; liposaccharide metabolic process	13
TALDO1	P37837	RHEA:17053	D-erythrose 4-phosphate; D-glyceraldehyde 3-phosphate; D-sedoheptulose 7-phosphate; beta-D-fructose 6-phosphate	NADP+ metabolic process; NADPH regeneration; aldehyde metabolic process; fructose 6-phosphate metabolic process; glucose 6-phosphate metabolic process; glyceraldehyde-3-phosphate metabolic process; pentose-phosphate shunt; pentose-phosphate shunt, non-oxidative branch	8
ATP6V1A	P38606	RHEA:57720		ATP metabolic process	0
HSPA9	P38646	RHEA:13065		protein folding; protein refolding	0
MDH1	P40925	RHEA:10780;RHEA:21432;RHEA:57172	(2R)-2-hydroxy-3-(4-hydroxyphenyl)propanoate; (S)-2-hydroxyglutarate; (S)-malate; 3-(4-hydroxyphenyl)pyruvate; oxaloacetate	NAD+ metabolic process; NADP+ metabolic process; aerobic respiration; cellular respiration; malate metabolic process; malate-aspartate shuttle; oxaloacetate metabolic process; tricarboxylic acid cycle	17
MDH2	P40926	RHEA:21432	(S)-malate; oxaloacetate	NAD+ metabolic process; aerobic respiration; carbohydrate biosynthetic process; cellular respiration; gluconeogenesis; glucose metabolic process; hexose biosynthetic process; hexose metabolic process; malate metabolic process; malate-aspartate shuttle; monosaccharide biosynthetic process; monosaccharide metabolic process; tricarboxylic acid cycle	13
HADHA	P40939	RHEA:16105;RHEA:30547;RHEA:31075;RHEA:31143;RHEA:31159;RHEA:31163;RHEA:31167;RHEA:31171;RHEA:31179;RHEA:31187;RHEA:31191;RHEA:31195;RHEA:31199;RHEA:35839;RHEA:43672;RHEA:43676;RHEA:43680;RHEA:47424;RHEA:47428;RHEA:47436;RHEA:47440;RHEA:47452;RHEA:47456;RHEA:52656;RHEA:78591;RHEA:78603;RHEA:78731;RHEA:78739;RHEA:82923;RHEA:82931;RHEA:82959;RHEA:82995;RHEA:82999;RHEA:83003;RHEA:83027;RHEA:83031;RHEA:83067;RHEA:83079;RHEA:83139;RHEA:83147;RHEA:83211;RHEA:83215;RHEA:83359;RHEA:83363;RHEA:83375;RHEA:83379;RHEA:83391;RHEA:83395;RHEA:84395;RHEA:84399;RHEA:84403;RHEA:84407;RHEA:84411;RHEA:84415;RHEA:84419;RHEA:84427;RHEA:84627;RHEA:84631;RHEA:84655;RHEA:84659;RHEA:84663;RHEA:84667;RHEA:84671;RHEA:84675;RHEA:84679;RHEA:84683;RHEA:84687;RHEA:84691;RHEA:85127;RHEA:85131	(2E)-decenoyl-CoA; (2E)-dodecenoyl-CoA; (2E)-eicosenoyl-CoA; (2E)-hexadecenoyl-CoA; (2E)-hexenoyl-CoA; (2E)-octadecenoyl-CoA; (2E)-octenoyl-CoA; (2E)-tetradecenoyl-CoA; (2E,11Z)-eicosadienoyl-CoA; (2E,11Z)-octadecadienoyl-CoA; (2E,5Z)-dodecadienoyl-CoA; (2E,5Z)-hexadecadienoyl-CoA; (2E,5Z)-tetradecadienoyl-CoA; (2E,6Z)-dodecadienoyl-CoA; (2E,6Z)-hexadecadienoyl-CoA; (2E,6Z)-octadecadienoyl-CoA; (2E,6Z,9Z)-dodecatrienoyl-CoA; (2E,6Z,9Z,12Z)-octadecatetraenoyl-CoA; (2E,6Z,9Z,12Z,15Z)-octadecapentaenoyl-CoA; (2E,7Z)-decadienoyl-CoA; (2E,7Z)-hexadecadienoyl-CoA; (2E,7Z)-octadecadienoyl-CoA; (2E,7Z)-tetradecadienoyl-CoA; (2E,7Z,10Z)-hexadecatrienoyl-CoA; (2E,7Z,10Z,13Z)-hexadecatetraenoyl-CoA; (2E,8Z)-tetradecadienoyl-CoA; (2E,8Z,11Z)-tetradecatrienoyl-CoA; (2E,9Z)-eicosadienoyl-CoA; (2E,9Z)-hexadecadienoyl-CoA; (2E,9Z)-octadecadienoyl-CoA; (2E,9Z,12Z)-octadecatrienoyl-CoA; (2E,9Z,12Z,15Z)-octadecatetraenoyl-CoA; (3S)-3-hydroxydodecanoyl-CoA; (3S)-hydroxy-(11Z)-eicosenoyl-CoA; (3S)-hydroxy-(11Z)-octadecenoyl-CoA; (3S)-hydroxy-(5Z)-dodecenoyl-CoA; (3S)-hydroxy-(5Z)-hexadecenoyl-CoA; (3S)-hydroxy-(5Z-tetradecenoyl)-CoA; (3S)-hydroxy-(6Z)-dodecenoyl-CoA; (3S)-hydroxy-(6Z)-hexadecenoyl-CoA; (3S)-hydroxy-(6Z)-octadecenoyl-CoA; (3S)-hydroxy-(6Z,9Z)-dodecadienoyl-CoA; (3S)-hydroxy-(6Z,9Z,12Z)-octadecatrienoyl-CoA; (3S)-hydroxy-(6Z,9Z,12Z,15Z)-octadecatetraenoyl-CoA; (3S)-hydroxy-(7Z)-decenoyl-CoA; (3S)-hydroxy-(7Z)-octadecenoyl-CoA; (3S)-hydroxy-(7Z)-tetradecenoyl-CoA; (3S)-hydroxy-(7Z,10Z)-hexadecadienoyl-CoA; (3S)-hydroxy-(7Z,10Z,13Z)-hexadecatrienoyl-CoA; (3S)-hydroxy-(7Z-hexadecenoyl)-CoA; (3S)-hydroxy-(8Z)-tetradecenoyl-CoA; (3S)-hydroxy-(8Z,11Z)-tetradecadienoyl-CoA; (3S)-hydroxy-(9Z)-eicosenoyl-CoA; (3S)-hydroxy-(9Z,12Z)-octadecadienoyl-CoA; (3S)-hydroxy-(9Z,12Z,15Z)-octadecatrienoyl-CoA; (3S)-hydroxy-(9Z-hexadecenoyl)-CoA; (3S)-hydroxy-(9Z-octadecenoyl)-CoA; (3S)-hydroxydecanoyl-CoA; (3S)-hydroxyeicosanoyl-CoA; (3S)-hydroxyhexadecanoyl-CoA; (3S)-hydroxyhexanoyl-CoA; (3S)-hydroxyoctadecanoyl-CoA; (3S)-hydroxyoctanoyl-CoA; (3S)-hydroxytetradecanoyl-CoA; (9Z)-octadecenoyl-CoA; (9Z,12Z)-octadecadienoyl-CoA; 1',3'-bis-[1,2-di-(9Z,12Z-octadecadienoyl)-sn-glycero-3-phospho]-glycerol; 1'-[1,2-di-(9Z,12Z-octadecadienoyl)-sn-glycero-3-phospho]-3'-[1-(9Z,12Z-octadecadienoyl)-2-(9Z-octadecenoyl)-sn-glycero-3-phospho]-glycerol; 1'-[1,2-di-(9Z,12Z-octadecadienoyl)-sn-glycero-3-phospho]-3'-[1-(9Z,12Z-octadecadienoyl)-2-hexadecanoyl-sn-glycero-3-phospho]-glycerol; 1'-[1,2-di-(9Z,12Z-octadecadienoyl)-sn-glycero-3-phospho]-3'-[1-(9Z,12Z-octadecadienoyl)-sn-glycero-3-phospho]-glycerol; 1'-[1,2-diacyl-sn-glycero-3-phospho],3'-[1-acyl-sn-glycero-3-phospho]-glycerol; 3-oxo-(11Z)-eicosenoyl-CoA; 3-oxo-(11Z)-octadecenoyl-CoA; 3-oxo-(5Z)-dodecenoyl-CoA; 3-oxo-(5Z)-hexadecenoyl-CoA; 3-oxo-(5Z-tetradecenoyl)-CoA; 3-oxo-(6Z)-dodecenoyl-CoA; 3-oxo-(6Z)-hexadecenoyl-CoA; 3-oxo-(6Z)-octadecenoyl-CoA; 3-oxo-(6Z,9Z)-dodecadienoyl-CoA; 3-oxo-(6Z,9Z,12Z)-octadecatrienoyl-CoA; 3-oxo-(6Z,9Z,12Z,15Z)-octadecatetraenoyl-CoA; 3-oxo-(7Z)-decenoyl-CoA; 3-oxo-(7Z)-octadecenoyl-CoA; 3-oxo-(7Z)-tetradecenoyl-CoA; 3-oxo-(7Z,10Z)-hexadecadienoyl-CoA; 3-oxo-(7Z,10Z,13Z)-hexadecatrienoyl-CoA; 3-oxo-(7Z-hexadecenoyl)-CoA; 3-oxo-(8Z)-tetradecenoyl-CoA; 3-oxo-(8Z,11Z)-tetradecadienoyl-CoA; 3-oxo-(9Z)-eicosenoyl-CoA; 3-oxo-(9Z,12Z)-octadecadienoyl-CoA; 3-oxo-(9Z,12Z,15Z)-octadecatrienoyl-CoA; 3-oxo-(9Z-hexadecenoyl)-CoA; 3-oxo-(9Z-octadecenoyl)-CoA; 3-oxodecanoyl-CoA; 3-oxododecanoyl-CoA; 3-oxoeicosanoyl-CoA; 3-oxohexadecanoyl-CoA; 3-oxohexanoyl-CoA; 3-oxooctadecanoyl-CoA; 3-oxooctanoyl-CoA; 3-oxotetradecanoyl-CoA; a (2E)-enoyl-CoA; a (3S)-3-hydroxyacyl-CoA; a cardiolipin; a long-chain (3S)-3-hydroxy fatty acyl-CoA; a long-chain 3-oxo-fatty acyl-CoA; an acyl-CoA; hexadecanoyl-CoA	cardiolipin acyl-chain remodeling; cardiolipin metabolic process; fatty acid beta-oxidation; fatty acid catabolic process; fatty acid oxidation; lipid modification; lipid oxidation; phosphatidylglycerol metabolic process	53
NAA10	P41227	RHEA:50496;RHEA:50500;RHEA:50504;RHEA:50508;RHEA:50512;RHEA:50516	N-terminal L-alanyl-[cypemycin]; N-terminal L-seryl-[ribosomal protein bL12]; N-terminal N(alpha)-acetyl-L-alanyl-[ribosomal protein uS5]; N-terminal N(alpha)-acetyl-L-seryl-[ribosomal protein bL12]; acetyl-CoA		27
PIK3CA	P42336	RHEA:12709;RHEA:17989;RHEA:21292;RHEA:43396;RHEA:55632	1,2-dioctanoyl-sn-glycero-3-phospho-(1D-myo-inositol-3,4,5-trisphosphate); 1,2-dioctanoyl-sn-glycero-3-phospho-(1D-myo-inositol-4,5-bisphosphate); 1-octadecanoyl-2-(5Z,8Z,11Z,14Z)-eicosatetraenoyl-sn-glycero-3-phospho-1D-myo-inositol 4,5-bisphosphate; 1-octadecanoyl-2-(5Z,8Z,11Z,14Z-eicosatetraenoyl)-sn-glycero-3-phospho-(1D-myo-inositol 3,4,5-triphosphate); a 1,2-diacyl-sn-glycero-3-phospho-(1D-myo-inositol); a 1,2-diacyl-sn-glycero-3-phospho-(1D-myo-inositol-3,4,5-trisphosphate); a 1,2-diacyl-sn-glycero-3-phospho-(1D-myo-inositol-3-phosphate); a 1,2-diacyl-sn-glycero-3-phospho-(1D-myo-inositol-4,5-bisphosphate)	phosphatidylinositol phosphate biosynthetic process; phosphatidylinositol-3-phosphate biosynthetic process	7
HAL	P42357	RHEA:21232	L-histidine; trans-urocanate	L-histidine catabolic process; aromatic amino acid catabolic process; aromatic amino acid metabolic process; imidazole-containing compound catabolic process; imidazole-containing compound metabolic process	1
ACAA2	P42765	RHEA:16645;RHEA:20289;RHEA:21036;RHEA:21564;RHEA:30135;RHEA:30143;RHEA:40059;RHEA:40103;RHEA:40111;RHEA:40115;RHEA:40119	a 3-oxoacyl-CoA; acetate; acetoacetyl-CoA; acetyl-CoA; an acyl-CoA; butanoate; butanoyl-CoA; decanoate; decanoyl-CoA; dodecanoate; dodecanoyl-CoA; hexadecanoate; hexadecanoyl-CoA; hexanoate; hexanoyl-CoA; octanoate; octanoyl-CoA; propanoate; propanoyl-CoA; tetradecanoate; tetradecanoyl-CoA	cholesterol biosynthetic process; cholesterol metabolic process; fatty acid beta-oxidation; fatty acid catabolic process; fatty acid oxidation; lipid modification; lipid oxidation; secondary alcohol biosynthetic process; secondary alcohol metabolic process; steroid biosynthetic process; sterol biosynthetic process; sterol metabolic process	94
MTHFR	P42898	RHEA:19817	(6R)-5,10-methylene-5,6,7,8-tetrahydrofolate; (6S)-5-methyl-5,6,7,8-tetrahydrofolate	L-methionine biosynthetic process; L-methionine metabolic process; S-adenosylmethionine metabolic process; amino acid biosynthetic process; aspartate family amino acid biosynthetic process; folic acid-containing compound biosynthetic process; folic acid-containing compound metabolic process; homocysteine metabolic process; modified amino acid biosynthetic process; non-proteinogenic amino acid metabolic process; one-carbon metabolic process; proteinogenic amino acid biosynthetic process; pteridine-containing compound biosynthetic process; pteridine-containing compound metabolic process; sulfur amino acid biosynthetic process; sulfur amino acid metabolic process; tetrahydrofolate biosynthetic process; tetrahydrofolate interconversion; tetrahydrofolate metabolic process	7
BTD	P43251	RHEA:13081;RHEA:77171	L-lysine; biocytin; biotin; biotin amide	biotin metabolic process	4
GPD2	P43304	RHEA:18977	dihydroxyacetone phosphate; sn-glycerol 3-phosphate	NAD+ metabolic process; alcohol catabolic process; alditol catabolic process; alditol phosphate metabolic process; carbohydrate catabolic process; glycerol catabolic process; glycerol metabolic process; glycerol-3-phosphate metabolic process; glycerol-3-phosphate shuttle; polyol catabolic process; polyol metabolic process	8
NAMPT	P43490	RHEA:16149	5-phospho-alpha-D-ribose 1-diphosphate; beta-nicotinamide D-ribonucleotide; nicotinamide	NAD+ biosynthetic process; NAD+ biosynthetic process via the salvage pathway; NAD+ metabolic process; NADP+ biosynthetic process; NADP+ metabolic process; alkaloid metabolic process; metabolic compound salvage; nicotinamide nucleotide biosynthetic process; nicotinate metabolic process; nucleotide salvage; purine nucleotide salvage; purine-containing compound salvage; pyridine nucleotide biosynthetic process; pyridine nucleotide salvage; pyridine-containing compound biosynthetic process	19
ASPA	P45381	RHEA:10872;RHEA:59408	L-aspartate; N-acetyl-L-aspartate; a carboxylate; acetate; an N-acyl-L-aspartate	L-aspartate biosynthetic process; acetate metabolic process; amino acid biosynthetic process; aspartate family amino acid biosynthetic process; aspartate metabolic process; dicarboxylic acid biosynthetic process; proteinogenic amino acid biosynthetic process	24
ACADSB	P45954	RHEA:24004;RHEA:43464;RHEA:43780;RHEA:44180;RHEA:47196;RHEA:48256;RHEA:48272;RHEA:65296;RHEA:65344	(2E)-2-methylbut-2-enoyl-CoA; (2E)-2-propylpent-2-enoyl-CoA; (2E)-butenoyl-CoA; (2E)-hexenoyl-CoA; (2R)-2-methylbutanoyl-CoA; (2S)-2-methylbutanoyl-CoA; 2-methylbutanoyl-CoA; 2-methylhexanoyl-CoA; 2-methylhexenoyl-CoA; 2-methylpropanoyl-CoA; 2-methylpropenoyl-CoA; a short-chain (2E)-enoyl-CoA; a short-chain 2,3-saturated fatty acyl-CoA; butanoyl-CoA; ethylacryloyl-CoA; hexanoyl-CoA; valproyl-CoA	L-isoleucine catabolic process; branched-chain amino acid catabolic process; branched-chain amino acid metabolic process	17
ATRX	P46100	RHEA:13065		DNA metabolic process; DNA replication; DNA-templated DNA replication; DNA-templated DNA replication maintenance of fidelity; replication fork processing	0
ASMT	P46597	RHEA:15573	N-acetylserotonin; melatonin	amine biosynthetic process; amine metabolic process; biogenic amine biosynthetic process; biogenic amine metabolic process; hormone biosynthetic process; hormone metabolic process; indolalkylamine biosynthetic process; indole-containing compound biosynthetic process; indole-containing compound metabolic process; melatonin biosynthetic process; melatonin metabolic process; methylation; protein biosynthetic process; translation	1
HAAO	P46952	RHEA:17953	(2Z,4Z)-2-amino-3-carboxymuconate 6-semialdehyde; 3-hydroxyanthranilate	'de novo' NAD+ biosynthetic process from L-tryptophan; L-tryptophan catabolic process; NAD+ biosynthetic process; NAD+ metabolic process; aromatic amino acid catabolic process; aromatic amino acid metabolic process; dicarboxylic acid biosynthetic process; indole-containing compound catabolic process; indole-containing compound metabolic process; nicotinamide nucleotide biosynthetic process; pyridine nucleotide biosynthetic process; pyridine-containing compound biosynthetic process; quinolinate biosynthetic process; quinolinate metabolic process	2
GYG1	P46976	RHEA:23360;RHEA:56560	CHEBI:140574; UDP-alpha-D-glucose; alpha-D-glucosyl-L-tyrosyl-[glycogenin]	carbohydrate biosynthetic process; energy reserve metabolic process; glucan biosynthetic process; glucan metabolic process; glycogen biosynthetic process; glycogen metabolic process; polysaccharide biosynthetic process; polysaccharide metabolic process	9
STT3A	P46977	RHEA:22980	a di-trans,poly-cis-dolichyl diphosphate; a di-trans,poly-cis-dolichyl diphosphooligosaccharide	post-translational protein modification; protein N-linked glycosylation; protein co-translational transfer of dolichol-linked oligosaccharide	2
UQCRFS1	P47985	RHEA:11484		ATP synthesis coupled electron transport; aerobic electron transport chain; aerobic respiration; cellular respiration; electron transport chain; mitochondrial ATP synthesis coupled electron transport; mitochondrial electron transport, ubiquinol to cytochrome c; oxidative phosphorylation; respiratory electron transport chain	0
XDH	P47989	RHEA:16669;RHEA:21132;RHEA:24670	hypoxanthine; urate; xanthine	2'-deoxyribonucleoside catabolic process; 2'-deoxyribonucleoside metabolic process; 2'-deoxyribonucleotide metabolic process; AMP catabolic process; AMP metabolic process; GMP catabolic process; GMP metabolic process; IMP catabolic process; IMP metabolic process; adenosine catabolic process; adenosine metabolic process; allantoin metabolic process; dAMP catabolic process; dAMP metabolic process; dGMP catabolic process; dGMP metabolic process; deoxyadenosine catabolic process; deoxyadenosine metabolic process; deoxyguanosine catabolic process; deoxyinosine catabolic process; deoxyinosine metabolic process; deoxyribonucleoside monophosphate catabolic process; deoxyribose phosphate catabolic process; glycosyl compound catabolic process; guanine catabolic process; guanine metabolic process; hypoxanthine catabolic process; hypoxanthine metabolic process; inosine catabolic process; inosine metabolic process; nucleobase catabolic process; nucleobase metabolic process; nucleobase-containing small molecule catabolic process; nucleoside catabolic process; nucleoside metabolic process; nucleoside monophosphate catabolic process; nucleoside phosphate catabolic process; nucleotide catabolic process; purine deoxyribonucleoside catabolic process; purine deoxyribonucleoside metabolic process; purine deoxyribonucleoside monophosphate catabolic process; purine deoxyribonucleoside monophosphate metabolic process; purine deoxyribonucleotide catabolic process; purine deoxyribonucleotide metabolic process; purine nucleobase catabolic process; purine nucleobase metabolic process; purine nucleoside catabolic process; purine nucleoside metabolic process; purine nucleoside monophosphate catabolic process; purine nucleoside monophosphate metabolic process; purine nucleotide catabolic process; purine ribonucleoside catabolic process; purine ribonucleoside metabolic process; purine ribonucleoside monophosphate catabolic process; purine ribonucleoside monophosphate metabolic process; purine ribonucleotide catabolic process; purine-containing compound catabolic process; ribonucleoside catabolic process; ribonucleoside metabolic process; ribonucleoside monophosphate catabolic process; ribonucleotide catabolic process; xanthine catabolic process; xanthine metabolic process	3
SLC6A8	P48029	RHEA:71831	CHEBI:29101; creatine	creatine metabolic process	16
LSS	P48449	RHEA:14621	(S)-2,3-epoxysqualene; lanosterol	cholesterol biosynthetic process; cholesterol metabolic process; isoprenoid biosynthetic process; isoprenoid metabolic process; secondary alcohol biosynthetic process; secondary alcohol metabolic process; steroid biosynthetic process; sterol biosynthetic process; sterol metabolic process; terpenoid biosynthetic process; terpenoid metabolic process; triterpenoid biosynthetic process; triterpenoid metabolic process; zymosterol biosynthetic process; zymosterol metabolic process	3
GCLC	P48506	RHEA:13285;RHEA:72067	(2S)-2-aminobutanoate; L-cysteine; gamma-L-glutamyl-(2S)-2-aminobutanoate; gamma-L-glutamyl-L-cysteine	glutamate metabolic process; glutathione biosynthetic process; glutathione metabolic process; modified amino acid biosynthetic process; nonribosomal peptide biosynthetic process; peptide biosynthetic process; peptide metabolic process	10
GSS	P48637	RHEA:13557;RHEA:72075	gamma-L-glutamyl-(2S)-2-aminobutanoate; gamma-L-glutamyl-L-cysteine; glutathione; glycine; ophthalmate	glutathione biosynthetic process; glutathione metabolic process; modified amino acid biosynthetic process; nonribosomal peptide biosynthetic process; peptide biosynthetic process; peptide metabolic process	24
AMT	P48728	RHEA:16945	(6R)-5,10-methylene-5,6,7,8-tetrahydrofolate; (6S)-5,6,7,8-tetrahydrofolate	glycine catabolic process; glycine decarboxylation via glycine cleavage system; glycine metabolic process	11
CSNK1D	P48730	RHEA:12801;RHEA:17989;RHEA:46608;RHEA:53904		phosphorylation; protein phosphorylation	0
TDO2	P48775	RHEA:24536	L-tryptophan; N-formyl-L-kynurenine	L-tryptophan catabolic process; aromatic amino acid catabolic process; aromatic amino acid metabolic process; indole-containing compound catabolic process; indole-containing compound metabolic process	7
RPIA	P49247	RHEA:14657	D-ribulose 5-phosphate; aldehydo-D-ribose 5-phosphate	D-ribose metabolic process; NADP+ metabolic process; NADPH regeneration; aldehyde metabolic process; glucose 6-phosphate metabolic process; glyceraldehyde-3-phosphate metabolic process; monosaccharide metabolic process; pentose metabolic process; pentose-phosphate shunt; pentose-phosphate shunt, non-oxidative branch	3
FASN	P49327	RHEA:13097;RHEA:17397;RHEA:22564;RHEA:22836;RHEA:30123;RHEA:41788;RHEA:41792;RHEA:41800;RHEA:41804;RHEA:41808;RHEA:41812;RHEA:41820;RHEA:41824;RHEA:41828;RHEA:41832;RHEA:41836;RHEA:41840;RHEA:41844;RHEA:41848;RHEA:41852;RHEA:41856;RHEA:41860;RHEA:41864;RHEA:41868;RHEA:41872;RHEA:41876;RHEA:41880;RHEA:41884;RHEA:41888;RHEA:41892;RHEA:41896;RHEA:41900;RHEA:41904;RHEA:41908;RHEA:41912;RHEA:41916;RHEA:41920;RHEA:41924;RHEA:41928;RHEA:41932;RHEA:63204	(2E)-butenoyl-[ACP]; (2E)-decenoyl-[ACP]; (2E)-dodecenoyl-[ACP]; (2E)-hexadecenoyl-[ACP]; (2E)-hexenoyl-[ACP]; (2E)-octadecenoyl-[ACP]; (2E)-octenoyl-[ACP]; (2E)-tetradecenoyl-[ACP]; (3R)-hydroxybutanoyl-[ACP]; (3R)-hydroxydecanoyl-[ACP]; (3R)-hydroxydodecanoyl-[ACP]; (3R)-hydroxyhexadecanoyl-[ACP]; (3R)-hydroxyhexanoyl-[ACP]; (3R)-hydroxyoctadecanoyl-[ACP]; (3R)-hydroxyoctanoyl-[ACP]; (3R)-hydroxytetradecanoyl-[ACP]; 3-oxobutanoyl-[ACP]; 3-oxodecanoyl-[ACP]; 3-oxododecanoyl-[ACP]; 3-oxohexadecanoyl-[ACP]; 3-oxohexanoyl-[ACP]; 3-oxooctadecanoyl-[ACP]; 3-oxooctanoyl-[ACP]; 3-oxotetradecanoyl-[ACP]; a (2E)-enoyl-[ACP]; a (3R)-hydroxyacyl-[ACP]; a 2,3-saturated acyl-[ACP]; a 3-oxoacyl-[ACP]; a fatty acyl-[ACP]; acetyl-CoA; acetyl-[ACP]; butanoyl-[ACP]; decanoyl-[ACP]; dodecanoyl-[ACP]; hexadecanoate; hexadecanoyl-[ACP]; hexanoyl-[ACP]; holo-[ACP]; malonyl-CoA; malonyl-[ACP]; octadecanoate; octadecanoyl-[ACP]; octanoyl-[ACP]; tetradecanoate; tetradecanoyl-[ACP]	acetyl-CoA metabolic process; acyl-CoA biosynthetic process; fatty acid biosynthetic process; fatty acid derivative biosynthetic process; fatty acid derivative metabolic process; fatty-acyl-CoA biosynthetic process; fatty-acyl-CoA metabolic process	51
FNTA	P49354	RHEA:13345;RHEA:21240	(2E,6E)-farnesyl diphosphate; geranylgeranyl diphosphate	CAAX-box protein maturation; peptide pheromone maturation; prenylation; protein farnesylation; protein geranylgeranylation; protein prenylation	12
FNTB	P49356	RHEA:13345	(2E,6E)-farnesyl diphosphate	prenylation; protein farnesylation; protein prenylation	9
ALDH7A1	P49419	RHEA:12308;RHEA:15305;RHEA:16185;RHEA:44100;RHEA:67248;RHEA:67252;RHEA:67276;RHEA:69759;RHEA:69767	(E)-4-hydroxynon-2-enal; (E)-4-hydroxynon-2-enoate; (E)-non-2-enal; (E)-non-2-enoate; (S)-2-amino-6-oxohexanoate; 3-oxopropanoate; L-2-aminoadipate; a carboxylate; an aldehyde; betaine aldehyde; glycine betaine; hexanal; hexanoate; malonaldehyde; nonanal; nonanoate; octanal; octanoate	L-lysine catabolic process; aldehyde metabolic process; amine catabolic process; amine metabolic process; biogenic amine catabolic process; choline catabolic process; choline metabolic process	14
GLUD2	P49448	RHEA:11612;RHEA:15133		L-glutamate biosynthetic process; L-glutamate catabolic process; amino acid biosynthetic process; dicarboxylic acid biosynthetic process; dicarboxylic acid catabolic process; glutamate family amino acid biosynthetic process; glutamate metabolic process; proteinogenic amino acid biosynthetic process	0
PCYT1A	P49585	RHEA:18997	CDP-choline; phosphocholine	CDP-choline pathway; DNA metabolic process; DNA recombination; immunoglobulin production; immunoglobulin production involved in immunoglobulin-mediated immune response; isotype switching; phosphatidylcholine biosynthetic process; phosphatidylcholine metabolic process; production of molecular mediator of immune response; somatic cell DNA recombination; somatic diversification of immune receptors via germline recombination within a single locus; somatic diversification of immunoglobulins; somatic diversification of immunoglobulins involved in immune response; somatic recombination of immunoglobulin gene segments; somatic recombination of immunoglobulin genes involved in immune response	11
AARS1	P49588	RHEA:12540;RHEA:80271;RHEA:80275	(S)-lactate; (S)-lactoyl-AMP; L-alanine	RNA biosynthetic process; RNA metabolic process; RNA modification; RNA processing; alanyl-tRNA aminoacylation; amino acid activation; aminoacyl-tRNA metabolism involved in translational fidelity; nucleic acid biosynthetic process; protein biosynthetic process; tRNA aminoacylation; tRNA aminoacylation for protein translation; tRNA metabolic process; tRNA modification; tRNA processing; translation	9
STAR	P49675	RHEA:39747	cholesterol	C21-steroid hormone biosynthetic process; C21-steroid hormone metabolic process; cholesterol metabolic process; glucocorticoid biosynthetic process; glucocorticoid metabolic process; hormone biosynthetic process; hormone metabolic process; secondary alcohol metabolic process; steroid biosynthetic process; steroid hormone biosynthetic process; sterol metabolic process	15
ACADVL	P49748	RHEA:17721;RHEA:19181;RHEA:43448;RHEA:47228;RHEA:47232;RHEA:47236;RHEA:47240;RHEA:47296;RHEA:47300;RHEA:47304;RHEA:47316;RHEA:47432;RHEA:47448;RHEA:48188;RHEA:82939;RHEA:82951;RHEA:83023;RHEA:83051;RHEA:83055;RHEA:83155;RHEA:83159;RHEA:83207;RHEA:83223;RHEA:83291;RHEA:83335;RHEA:83371;RHEA:83387;RHEA:84463;RHEA:84467;RHEA:84471;RHEA:84475;RHEA:84595;RHEA:84599;RHEA:84603;RHEA:84607;RHEA:84611;RHEA:84619;RHEA:84623;RHEA:85107;RHEA:85123	(11Z)-docosenoyl-CoA(4-); (11Z)-eicosenoyl-CoA; (11Z)-octadecenoyl-CoA; (13Z)-docosenoyl-CoA; (2E)-docosenoyl-CoA; (2E)-dodecenoyl-CoA; (2E)-eicosenoyl-CoA; (2E)-hexadecenoyl-CoA; (2E)-octadecenoyl-CoA; (2E)-tetracosenoyl-CoA; (2E)-tetradecenoyl-CoA; (2E,11Z)-docosadienoyl-CoA; (2E,11Z)-eicosadienoyl-CoA; (2E,11Z)-octadecadienoyl-CoA; (2E,13Z)-docosadienoyl-CoA; (2E,4Z)-decadienoyl-CoA; (2E,4Z)-hexadecadienoyl-CoA; (2E,4Z)-tetradecadienoyl-CoA; (2E,4Z,7Z)-decatrienoyl-CoA; (2E,4Z,7Z,10Z)-hexadecatetraenoyl-CoA; (2E,4Z,7Z,10Z,13Z)-hexadecapentaenoyl-CoA; (2E,5Z)-dodecadienoyl-CoA; (2E,5Z)-hexadecadienoyl-CoA; (2E,5Z)-tetradecadienoyl-CoA; (2E,5Z,8Z)-tetradecatrienoyl-CoA; (2E,5Z,8Z,11Z)-tetradecatetraenoyl-CoA; (2E,6Z)-dodecadienoyl-CoA; (2E,6Z)-hexadecadienoyl-CoA; (2E,6Z)-octadecadienoyl-CoA; (2E,6Z,9Z)-dodecatrienoyl-CoA; (2E,6Z,9Z,12Z)-octadecatetraenoyl-CoA; (2E,6Z,9Z,12Z,15Z)-octadecapentaenoyl-CoA; (2E,7Z)-hexadecadienoyl-CoA; (2E,7Z)-octadecadienoyl-CoA; (2E,7Z)-tetradecadienoyl-CoA; (2E,7Z,10Z)-hexadecatrienoyl-CoA; (2E,7Z,10Z,13Z)-hexadecatetraenoyl-CoA; (2E,9Z)-eicosadienoyl-CoA; (2E,9Z)-hexadecadienoyl-CoA; (2E,9Z)-octadecadienoyl-CoA; (2E,9Z,12Z)-octadecatrienoyl-CoA; (2E,9Z,12Z,15Z)-octadecatetraenoyl-CoA; (4Z)-decenoyl-CoA(4-); (4Z)-hexadecenoyl-CoA; (4Z)-tetradecenoyl-CoA; (4Z,7Z)-decadienoyl-CoA; (4Z,7Z,10Z)-hexadecatrienoyl-CoA; (4Z,7Z,10Z,13Z)-hexadecatetraenoyl-CoA; (5Z)-dodecenoyl-CoA; (5Z)-hexadecenoyl-CoA; (5Z)-tetradecenoyl-CoA; (5Z,8Z)-tetradecadienoyl-CoA; (5Z,8Z,11Z)-tetradecatrienoyl-CoA; (6Z)-dodecenoyl-CoA; (6Z)-hexadecenoyl-CoA; (6Z)-octadecenoyl-CoA; (6Z,9Z)-dodecadienoyl-CoA; (6Z,9Z,12Z)-octadecatrienoyl-CoA; (6Z,9Z,12Z,15Z)-octadecatetraenoyl-CoA; (7Z)-hexadecenoyl-CoA; (7Z)-octadecenoyl-CoA; (7Z)-tetradecenoyl-CoA; (7Z,10Z)-hexadecadienoyl-CoA; (7Z,10Z,13Z)-hexadecatrienoyl-CoA; (9Z)-eicosenoyl-CoA; (9Z)-hexadecenoyl-CoA; (9Z)-octadecenoyl-CoA; (9Z,12Z)-octadecadienoyl-CoA; (9Z,12Z,15Z)-octadecatrienoyl-CoA; a long-chain (2E)-enoyl-CoA; a long-chain 2,3-saturated fatty acyl-CoA; a very-long-chain (2E)-enoyl-CoA; a very-long-chain 2,3-saturated fatty acyl-CoA; docosanoyl-CoA; dodecanoyl-CoA; eicosanoyl-CoA; hexadecanoyl-CoA; octadecanoyl-CoA; tetracosanoyl-CoA; tetradecanoyl-CoA	fatty acid beta-oxidation; fatty acid beta-oxidation using acyl-CoA dehydrogenase; fatty acid catabolic process; fatty acid oxidation; lipid modification; lipid oxidation	52
NDUFV1	P49821	RHEA:29091		ATP biosynthetic process; ATP metabolic process; ATP synthesis coupled electron transport; aerobic electron transport chain; aerobic respiration; cellular respiration; electron transport chain; mitochondrial ATP synthesis coupled electron transport; mitochondrial electron transport, NADH to ubiquinone; nucleoside triphosphate biosynthetic process; oxidative phosphorylation; proton motive force-driven ATP synthesis; proton motive force-driven mitochondrial ATP synthesis; purine nucleoside triphosphate biosynthetic process; purine ribonucleoside triphosphate biosynthetic process; purine ribonucleotide biosynthetic process; respiratory electron transport chain; ribonucleoside triphosphate biosynthetic process	0
GSK3B	P49841	RHEA:12801;RHEA:17989;RHEA:46608;RHEA:53904		energy reserve metabolic process; glucan metabolic process; glycogen metabolic process; macromolecule catabolic process; modification-dependent macromolecule catabolic process; modification-dependent protein catabolic process; peptidyl-serine phosphorylation; phosphorylation; polysaccharide metabolic process; proteasomal protein catabolic process; proteasome-mediated ubiquitin-dependent protein catabolic process; protein autophosphorylation; protein catabolic process; protein phosphorylation; ubiquitin-dependent protein catabolic process	0
NT5C2	P49902	RHEA:12484;RHEA:19961;RHEA:27714;RHEA:27718;RHEA:28530;RHEA:29379;RHEA:29383;RHEA:69572;RHEA:69580;RHEA:69584;RHEA:69588;RHEA:69592;RHEA:69596	2'-deoxyguanosine; 2'-deoxyinosine; IMP; XMP; a 2'-deoxyribonucleoside; a 2'-deoxyribonucleoside 5'-phosphate; a ribonucleoside; a ribonucleoside 5'-phosphate; adenosine; cytidine; dGMP; dIMP; guanosine; inosine; uridine; xanthosine	2'-deoxyribonucleotide metabolic process; GMP catabolic process; GMP metabolic process; IMP catabolic process; IMP metabolic process; allantoin metabolic process; dGMP catabolic process; dGMP metabolic process; deoxyribonucleoside monophosphate catabolic process; deoxyribose phosphate catabolic process; nucleoside monophosphate catabolic process; nucleoside phosphate catabolic process; nucleotide catabolic process; post-translational protein modification; protein K48-linked ubiquitination; protein modification by small protein conjugation; protein modification by small protein conjugation or removal; protein polyubiquitination; protein ubiquitination; purine deoxyribonucleoside monophosphate catabolic process; purine deoxyribonucleoside monophosphate metabolic process; purine deoxyribonucleotide catabolic process; purine deoxyribonucleotide metabolic process; purine nucleoside monophosphate catabolic process; purine nucleoside monophosphate metabolic process; purine nucleotide catabolic process; purine ribonucleoside monophosphate catabolic process; purine ribonucleoside monophosphate metabolic process; purine ribonucleotide catabolic process; purine-containing compound catabolic process; ribonucleoside monophosphate catabolic process; ribonucleotide catabolic process	24
SEPHS1	P49903	RHEA:18737	hydrogenselenide; selenophosphate	L-selenocysteine biosynthetic process; amino acid biosynthetic process; modified amino acid biosynthetic process; proteinogenic amino acid biosynthetic process	2
GMPS	P49915	RHEA:11680	XMP	GMP biosynthetic process; GMP metabolic process; nucleobase biosynthetic process; nucleobase metabolic process; nucleoside monophosphate biosynthetic process; purine nucleobase biosynthetic process; purine nucleobase metabolic process; purine nucleoside monophosphate biosynthetic process; purine nucleoside monophosphate metabolic process; purine ribonucleoside monophosphate biosynthetic process; purine ribonucleoside monophosphate metabolic process; purine ribonucleotide biosynthetic process; ribonucleoside monophosphate biosynthetic process	3
KHK	P50053	RHEA:18145	beta-D-fructose; beta-D-fructose 1-phosphate	fructose metabolic process; hexose metabolic process; monosaccharide metabolic process	1
SULT1A1	P50225	RHEA:12164;RHEA:52372;RHEA:66548;RHEA:67876;RHEA:67880;RHEA:67884;RHEA:67888;RHEA:67892;RHEA:70607;RHEA:83575	17beta-estradiol; 17beta-estradiol 3-sulfate; 3'-phosphoadenylyl sulfate; 3,3',5'-triiodo-L-thyronine; 3,3',5'-triiodo-L-thyronine sulfate; 3,3',5-triiodo-L-thyronine; 3,3',5-triiodo-L-thyronine sulfate; 3,3'-diiodo-L-thyronine; 3,3'-diiodo-L-thyronine sulfate; 4-ethylphenol; 4-ethylphenyl sulfate; 4-nitrophenol; 4-nitrophenyl sulfate; L-thyroxine; L-thyroxine sulfate; a phenol; adenosine 3',5'-bisphosphate; an aryl sulfate; dopamine; dopamine 3-O-sulfate; dopamine 4-O-sulfate	3'-phosphoadenosine 5'-phosphosulfate metabolic process; alcohol catabolic process; amine catabolic process; amine metabolic process; biogenic amine catabolic process; biogenic amine metabolic process; catechol-containing compound catabolic process; catechol-containing compound metabolic process; catecholamine catabolic process; catecholamine metabolic process; dopamine catabolic process; dopamine metabolic process; estrogen metabolic process; ethanol catabolic process; ethanol metabolic process; flavonoid metabolic process; hormone metabolic process; nucleoside bisphosphate metabolic process; phenol-containing compound catabolic process; phenol-containing compound metabolic process; primary alcohol catabolic process; primary alcohol metabolic process; purine nucleoside bisphosphate metabolic process; purine ribonucleoside bisphosphate metabolic process; ribonucleoside bisphosphate metabolic process; sulfation; thyroid hormone metabolic process; xenobiotic metabolic process	16
PPOX	P50336	RHEA:25576	protoporphyrin IX; protoporphyrinogen IX	heme A biosynthetic process; heme B biosynthetic process; heme biosynthetic process; heme metabolic process; pigment biosynthetic process; pigment metabolic process; porphyrin-containing compound biosynthetic process; porphyrin-containing compound metabolic process; tetrapyrrole biosynthetic process; tetrapyrrole metabolic process	2
CPT1A	P50416	RHEA:12661;RHEA:16261	(R)-carnitine; O-hexadecanoyl-(R)-carnitine; hexadecanoyl-CoA; succinyl-CoA	acylglycerol metabolic process; amino-acid betaine metabolic process; carnitine metabolic process; fatty acid beta-oxidation; fatty acid catabolic process; fatty acid oxidation; glucose metabolic process; hexose metabolic process; lipid modification; lipid oxidation; long-chain fatty acid metabolic process; monosaccharide metabolic process; neutral lipid metabolic process; triglyceride metabolic process	45
GATM	P50440	RHEA:13201;RHEA:75939;RHEA:75943;RHEA:75947	3-guanidinopropanoate; 4-aminobutanoate; 4-guanidinobutanoate; L-arginine; L-ornithine; beta-alanine; glycine; guanidinoacetate; taurine; taurocyamine	creatine biosynthetic process; creatine metabolic process; modified amino acid biosynthetic process	28
CDK7	P50613	RHEA:10216;RHEA:17989;RHEA:46608	[pyruvate, water dikinase]; [pyruvate, water dikinase]-phosphate	DNA metabolic process; DNA repair; DNA-templated transcription; DNA-templated transcription initiation; RNA biosynthetic process; RNA metabolic process; nucleic acid biosynthetic process; nucleotide-excision repair; snRNA metabolic process; snRNA transcription; snRNA transcription by RNA polymerase II; transcription by RNA polymerase II; transcription initiation at RNA polymerase II promoter	2
HLCS	P50747	RHEA:11204;RHEA:11756;RHEA:23668;RHEA:24376	biotin	biotin metabolic process; post-translational protein modification	1
ATP1A2	P50993	RHEA:18353	CHEBI:29101; CHEBI:29103	ATP metabolic process	11
RAB7A	P51149	RHEA:19669		autophagosome assembly; autophagosome organization; autophagy; epidermal growth factor catabolic process; lipophagy; macroautophagy; macromolecule catabolic process; protein catabolic process	0
RAB9A	P51151	RHEA:19669			0
GALK1	P51570	RHEA:13553	alpha-D-galactose; alpha-D-galactose 1-phosphate	beta-D-galactose catabolic process via UDP-galactose, Leloir pathway; carbohydrate catabolic process; carbohydrate phosphorylation; galactose catabolic process; galactose metabolic process; hexose catabolic process; hexose metabolic process; monosaccharide catabolic process; monosaccharide metabolic process; phosphorylation	2
ALDH5A1	P51649	RHEA:13217	succinate; succinate semialdehyde	GABA catabolic process; GABA shunt; glutamate metabolic process; non-proteinogenic amino acid catabolic process; non-proteinogenic amino acid metabolic process; succinate metabolic process	14
HSD17B4	P51659	RHEA:18933;RHEA:26526;RHEA:32711;RHEA:39155;RHEA:39159;RHEA:39175;RHEA:39187;RHEA:39199;RHEA:39211;RHEA:39223;RHEA:39235;RHEA:39247;RHEA:39259;RHEA:39271;RHEA:39315;RHEA:39327;RHEA:39451;RHEA:39463;RHEA:40187;RHEA:40191;RHEA:40243;RHEA:40255;RHEA:40263;RHEA:44024;RHEA:45812;RHEA:45832;RHEA:45992;RHEA:47088;RHEA:78563;RHEA:78579;RHEA:78595;RHEA:78607;RHEA:78635;RHEA:78643;RHEA:78667;RHEA:78671;RHEA:78867;RHEA:78871;RHEA:78875;RHEA:78931;RHEA:78935;RHEA:79187;RHEA:79191;RHEA:83119;RHEA:83123;RHEA:84307;RHEA:84379;RHEA:84383;RHEA:84387;RHEA:84795;RHEA:84803;RHEA:84807;RHEA:84811;RHEA:84815;RHEA:84823;RHEA:84831;RHEA:84867;RHEA:84871;RHEA:84875;RHEA:84915;RHEA:84919;RHEA:85335;RHEA:85339;RHEA:86171;RHEA:86175;RHEA:86179;RHEA:86183;RHEA:86187;RHEA:86191;RHEA:86195;RHEA:86199;RHEA:86203;RHEA:86207;RHEA:86491;RHEA:86587;RHEA:86595;RHEA:87091;RHEA:87095;RHEA:87111;RHEA:87115	(24E)-3alpha,7alpha,12alpha-trihydroxy-5beta-cholest-24-en-26-oyl-CoA; (24R,25R)-3alpha,7alpha,12alpha,24-tetrahydroxy-5beta-cholestan-26-oyl-CoA; (2E)-decenoyl-CoA; (2E)-docosenoyl-CoA; (2E)-dodecenoyl-CoA; (2E)-eicosenoyl-CoA; (2E)-hexacosenoyl-CoA; (2E)-hexadecenedioyl-CoA; (2E)-hexadecenoyl-CoA; (2E)-octacosenoyl-CoA; (2E)-octadecenoyl-CoA; (2E)-octenoyl-CoA; (2E)-tetracosenoyl-CoA; (2E)-tetradecenoyl-CoA; (2E)-triacontenoyl-CoA; (2E,11Z)-docosadienoyl-CoA; (2E,11Z)-eicosadienoyl-CoA; (2E,13Z)-docosadienoyl-CoA; (2E,15Z)-tetracosadienoyl-CoA; (2E,17Z)-hexacosadienoyl-CoA; (2E,5Z)-hexadecadienoyl-CoA; (2E,5Z)-tetradecadienoyl-CoA; (2E,6Z,9Z,12Z)-octadecatetraenoyl-CoA; (2E,6Z,9Z,12Z,15Z)-octadecapentaenoyl-CoA; (2E,6Z,9Z,12Z,15Z,18Z)-tetracosahexaenoyl-CoA; (2E,6Z,9Z,12Z,15Z,18Z,21Z)-tetracosaheptaenoyl-CoA; (2E,7Z)-hexadecadienoyl-CoA; (2E,7Z)-octadecadienoyl-CoA; (2E,7Z,10Z)-hexadecatrienoyl-CoA; (2E,7Z,10Z,13Z)-hexadecatetraenoyl-CoA; (2E,7Z,10Z,13Z,16Z)-docosapentaenoyl-CoA; (2E,7Z,10Z,13Z,16Z,19Z)-docosahexaenoyl-CoA; (2E,8Z,11Z)-tetradecatrienoyl-CoA; (2E,8Z,11Z,14Z)-eicosatetraenoyl-CoA; (2E,8Z,11Z,14Z,17Z)-eicosapentaenoyl-CoA; (2E,9Z)-eicosadienoyl-CoA; (2E,9Z)-octadecadienoyl-CoA; (3R)-3-hydroxydecanoyl-CoA; (3R)-3-hydroxydodecanoyl-CoA; (3R)-hydroxy-(11Z)-docosenoyl-CoA; (3R)-hydroxy-(11Z)-eicosenoyl-CoA; (3R)-hydroxy-(13Z)-docosenoyl-CoA; (3R)-hydroxy-(15Z)-tetracosenoyl-CoA; (3R)-hydroxy-(17Z)-hexacosenoyl-CoA; (3R)-hydroxy-(5Z)-hexadecenoyl-CoA; (3R)-hydroxy-(5Z)-tetradecenoyl-CoA; (3R)-hydroxy-(6Z,9Z,12Z)-octadecatrienoyl-CoA; (3R)-hydroxy-(6Z,9Z,12Z,15Z,18Z)-tetracosapentaenoyl-CoA; (3R)-hydroxy-(6Z,9Z,12Z,15Z,18Z,21Z)-tetracosahexaenoyl-CoA; (3R)-hydroxy-(7Z)-hexadecenoyl-CoA; (3R)-hydroxy-(7Z)-octadecenoyl-CoA; (3R)-hydroxy-(7Z,10Z)-hexadecadienoyl-CoA; (3R)-hydroxy-(7Z,10Z,13Z)-hexadecatrienoyl-CoA; (3R)-hydroxy-(7Z,10Z,13Z,16Z)-docosatetraenoyl-CoA; (3R)-hydroxy-(7Z,10Z,13Z,16Z,19Z)-docosapentaenoyl-CoA; (3R)-hydroxy-(8Z,11Z)-tetradecadienoyl-CoA; (3R)-hydroxy-(8Z,11Z,14Z)-eicosatrienoyl-CoA; (3R)-hydroxy-(8Z,11Z,14Z,17Z)-eicosatetraenoyl-CoA; (3R)-hydroxy-(9Z)-eicosenoyl-CoA; (3R)-hydroxy-(9Z)-octadecenoyl-CoA; (3R)-hydroxydocosanoyl-CoA; (3R)-hydroxyeicosanoyl-CoA; (3R)-hydroxyhexacosanoyl-CoA; (3R)-hydroxyhexadecanedioyl-CoA; (3R)-hydroxyhexadecanoyl-CoA; (3R)-hydroxyoctacosanoyl-CoA; (3R)-hydroxyoctadecanoyl-CoA; (3R)-hydroxyoctanoyl-CoA; (3R)-hydroxytetracosanoyl-CoA; (3R)-hydroxytetradecanoyl-CoA; (3R)-hydroxytriacontanoyl-CoA; (7Z,10Z,13Z,16Z)-3-oxodocosatetraenoyl-CoA; 3-oxo-(11Z)-docosenoyl-CoA; 3-oxo-(11Z)-eicosenoyl-CoA; 3-oxo-(13Z)-docosenoyl-CoA; 3-oxo-(15Z)-tetracosenoyl-CoA; 3-oxo-(17Z)-hexacosenoyl-CoA; 3-oxo-(5Z)-hexadecenoyl-CoA; 3-oxo-(5Z-tetradecenoyl)-CoA; 3-oxo-(6Z,9Z,12Z)-octadecatrienoyl-CoA; 3-oxo-(6Z,9Z,12Z,15Z)-octadecatetraenoyl-CoA; 3-oxo-(6Z,9Z,12Z,15Z,18Z)-tetracosapentaenoyl-CoA; 3-oxo-(6Z,9Z,12Z,15Z,18Z,21Z)-tetracosahexaenoyl-CoA; 3-oxo-(7Z)-octadecenoyl-CoA; 3-oxo-(7Z,10Z)-hexadecadienoyl-CoA; 3-oxo-(7Z,10Z,13Z)-hexadecatrienoyl-CoA; 3-oxo-(7Z,10Z,13Z,16Z,19Z)-docosapentaenoyl-CoA; 3-oxo-(7Z-hexadecenoyl)-CoA; 3-oxo-(8Z,11Z)-tetradecadienoyl-CoA; 3-oxo-(8Z,11Z,14Z)-eicosatrienoyl-CoA; 3-oxo-(8Z,11Z,14Z,17Z)-eicosatetraenoyl-CoA; 3-oxo-(9Z)-eicosenoyl-CoA; 3-oxo-(9Z-octadecenoyl)-CoA; 3-oxo-triacontanoyl-CoA; 3-oxodecanoyl-CoA; 3-oxodocosanoyl-CoA; 3-oxododecanoyl-CoA; 3-oxoeicosanoyl-CoA; 3-oxohexacosanoyl-CoA; 3-oxohexadecanedioyl-CoA; 3-oxohexadecanoyl-CoA; 3-oxooctacosanyol-CoA; 3-oxooctadecanoyl-CoA; 3-oxooctanoyl-CoA; 3-oxotetracosanoyl-CoA; 3-oxotetradecanoyl-CoA; 3R-hydroxy-(6Z,9Z,12Z,15Z)-octadecatetraenoyl-CoA; 3alpha,7alpha,12alpha-trihydroxy-24-oxo-5beta-cholestan-26-oyl-CoA; a (2E)-enoyl-CoA; a (3R)-3-hydroxyacyl-CoA; a 3-oxoacyl-CoA; a long-chain (2E)-enoyl-CoA; a long-chain (3R)-hydroxyacyl-CoA; a long-chain 3-oxo-fatty acyl-CoA; a medium-chain (2E)-enoyl-CoA; a medium-chain (3R)-hydroxyacyl-CoA; a medium-chain 3-oxoacyl-CoA; a very-long-chain (2E)-enoyl-CoA; a very-long-chain (3R)-3-hydroxyacyl-CoA; a very-long-chain 3-oxoacyl-CoA	androgen metabolic process; estrogen metabolic process; fatty acid beta-oxidation; fatty acid beta-oxidation using acyl-CoA oxidase; fatty acid biosynthetic process; fatty acid catabolic process; fatty acid derivative metabolic process; fatty acid oxidation; fatty-acyl-CoA metabolic process; hormone metabolic process; lipid modification; lipid oxidation; medium-chain fatty-acyl-CoA metabolic process; very long-chain fatty-acyl-CoA metabolic process	28
SUOX	P51687	RHEA:24600;RHEA:57488	nitric oxide; nitrite		0
SGSH	P51688	RHEA:17881	D-glucosamine; N-sulfo-D-glucosamine	aminoglycan catabolic process; aminoglycan metabolic process; glycoprotein catabolic process; glycosaminoglycan catabolic process; glycosaminoglycan metabolic process; heparan sulfate proteoglycan catabolic process; heparan sulfate proteoglycan metabolic process; macromolecule catabolic process; protein catabolic process; proteoglycan catabolic process; proteoglycan metabolic process	1
ARSL	P51690	RHEA:17261	a phenol; an aryl sulfate		2
CLCN7	P51798	RHEA:29567			0
AKR1D1	P51857	RHEA:11524;RHEA:14037;RHEA:46632;RHEA:46636;RHEA:46640;RHEA:46644;RHEA:46652;RHEA:46656;RHEA:46660;RHEA:46664;RHEA:46668;RHEA:46672;RHEA:47076;RHEA:47080;RHEA:53484	17beta-hydroxy-5beta-androst-1-en-3-one; 17beta-hydroxy-5beta-estran-3-one; 17beta-hydroxyandrost-4-ene-3,11-dione; 17beta-hydroxyandrosta-1,4-dien-3-one; 17beta-hydroxyestr-4-en-3-one; 21-hydroxyprogesterone; 4,5beta-dihydrocortisone; 5beta-androstane-3,17-dione; 5beta-cholestan-3-one; 5beta-dihydroaldosterone; 5beta-dihydrocorticosterone; 5beta-dihydrocortisol; 5beta-dihydrodeoxycorticosterone; 5beta-dihydroepitestosterone; 5beta-dihydrotestosterone; 5beta-pregnan-3,20-dione; 7alpha,12alpha-dihydroxy-5beta-cholestan-3-one; 7alpha,12alpha-dihydroxycholest-4-en-3-one; 7alpha-hydroxy-5beta-cholestan-3-one; 7alpha-hydroxycholest-4-en-3-one; aldosterone; androst-4-ene-3,11,17-trione; androst-4-ene-3,17-dione; cholest-4-en-3-one; corticosterone; cortisol; cortisone; epitestosterone; progesterone; testosterone	C21-steroid hormone metabolic process; alcohol catabolic process; androgen metabolic process; bile acid biosynthetic process; bile acid metabolic process; cholesterol catabolic process; cholesterol metabolic process; hormone metabolic process; secondary alcohol metabolic process; steroid catabolic process; sterol catabolic process; sterol metabolic process	16
PGD	P52209	RHEA:10116	6-phospho-D-gluconate; D-ribulose 5-phosphate	D-gluconate metabolic process; NADP+ metabolic process; NADPH regeneration; glucose 6-phosphate metabolic process; pentose-phosphate shunt; pentose-phosphate shunt, oxidative branch	3
SMS	P52788	RHEA:19973	S-adenosyl 3-(methylsulfanyl)propylamine; S-methyl-5'-thioadenosine; spermidine; spermine	amine biosynthetic process; amine metabolic process; biogenic amine biosynthetic process; biogenic amine metabolic process; polyamine biosynthetic process; polyamine metabolic process; spermine biosynthetic process; spermine metabolic process	7
BLVRA	P53004	RHEA:15793;RHEA:15797	(4Z,15Z)-bilirubin IXalpha; biliverdin IXalpha	heme catabolic process; heme metabolic process; pigment catabolic process; pigment metabolic process; porphyrin-containing compound catabolic process; porphyrin-containing compound metabolic process; tetrapyrrole catabolic process; tetrapyrrole metabolic process	3
SLC25A1	P53007	RHEA:28835;RHEA:72471;RHEA:72475;RHEA:72479;RHEA:72483;RHEA:72487;RHEA:72491	(S)-malate; D-threo-isocitrate; cis-aconitate; citrate; maleate; phosphoenolpyruvate; succinate; trans-aconitate		23
PLK1	P53350	RHEA:17989;RHEA:46608		DNA metabolic process; DNA repair; double-strand break repair; double-strand break repair via alternative nonhomologous end joining; double-strand break repair via nonhomologous end joining; phosphorylation; protein phosphorylation	0
ACLY	P53396	RHEA:21160	acetyl-CoA; citrate; oxaloacetate	acetyl-CoA biosynthetic process; acetyl-CoA metabolic process; acyl-CoA biosynthetic process; cholesterol biosynthetic process; cholesterol metabolic process; citrate metabolic process; coenzyme A metabolic process; fatty acid biosynthetic process; malonyl-CoA biosynthetic process; malonyl-CoA metabolic process; oxaloacetate metabolic process; secondary alcohol biosynthetic process; secondary alcohol metabolic process; steroid biosynthetic process; sterol biosynthetic process; sterol metabolic process; tricarboxylic acid metabolic process	37
MVD	P53602	RHEA:23732	(R)-5-diphosphomevalonate; isopentenyl diphosphate	acetyl-CoA metabolic process; cholesterol biosynthetic process; cholesterol metabolic process; geranylgeranyl diphosphate biosynthetic process; geranylgeranyl diphosphate metabolic process; isopentenyl diphosphate biosynthetic process; isopentenyl diphosphate biosynthetic process, mevalonate pathway; isopentenyl diphosphate metabolic process; isoprenoid biosynthetic process; isoprenoid metabolic process; secondary alcohol biosynthetic process; secondary alcohol metabolic process; steroid biosynthetic process; sterol biosynthetic process; sterol metabolic process; terpenoid biosynthetic process; terpenoid metabolic process; zymosterol biosynthetic process; zymosterol metabolic process	9
PGGT1B	P53609	RHEA:21240	geranylgeranyl diphosphate	CAAX-box protein maturation; prenylation; protein geranylgeranylation; protein prenylation	3
RABGGTB	P53611	RHEA:21240	geranylgeranyl diphosphate	prenylation; protein geranylgeranylation; protein prenylation	3
GALC	P54803	RHEA:14297;RHEA:43412;RHEA:43908	D-galactose; a D-galactosylceramide; a beta-D-galactosyl-(1<->1')-N-acylsphing-4-enine; an N-acyl-sphingoid base; an N-acylsphing-4-enine; beta-D-galactosyl-(1<->1)-sphing-4-enine; sphing-4-enine	ceramide catabolic process; ceramide metabolic process; galactolipid catabolic process; galactolipid metabolic process; galactosylceramide catabolic process; galactosylceramide metabolic process; glycolipid catabolic process; glycolipid metabolic process; glycosphingolipid catabolic process; glycosphingolipid metabolic process; glycosylceramide catabolic process; glycosylceramide metabolic process; liposaccharide metabolic process; sphingolipid catabolic process	29
AK2	P54819	RHEA:12973		ADP biosynthetic process; ADP metabolic process; AMP metabolic process; ATP metabolic process; nucleobase-containing small molecule interconversion; nucleoside diphosphate biosynthetic process; nucleoside diphosphate metabolic process; purine nucleoside diphosphate biosynthetic process; purine nucleoside diphosphate metabolic process; purine nucleoside monophosphate metabolic process; purine ribonucleoside diphosphate biosynthetic process; purine ribonucleoside diphosphate metabolic process; purine ribonucleoside monophosphate metabolic process; purine ribonucleotide biosynthetic process; ribonucleoside diphosphate biosynthetic process; ribonucleoside diphosphate metabolic process	0
GYS2	P54840	RHEA:18549	UDP-alpha-D-glucose; [(1->4)-alpha-D-glucosyl](n)	carbohydrate biosynthetic process; energy reserve metabolic process; glucan biosynthetic process; glucan metabolic process; glycogen biosynthetic process; glycogen metabolic process; polysaccharide biosynthetic process; polysaccharide metabolic process	11
HMGCS2	P54868	RHEA:10188	(3S)-3-hydroxy-3-methylglutaryl-CoA; acetoacetyl-CoA; acetyl-CoA	acetyl-CoA metabolic process; fatty acid derivative biosynthetic process; fatty acid derivative metabolic process; isoprenoid biosynthetic process; isoprenoid metabolic process; ketone body biosynthetic process	33
ALDH18A1	P54886	RHEA:14877;RHEA:19541	L-glutamate 5-semialdehyde; L-glutamyl 5-phosphate	L-citrulline biosynthetic process; L-glutamate catabolic process; L-glutamine catabolic process; L-glutamine metabolic process; L-ornithine biosynthetic process; L-proline biosynthetic process; L-proline metabolic process; amino acid biosynthetic process; dicarboxylic acid catabolic process; glutamate family amino acid biosynthetic process; glutamate metabolic process; non-proteinogenic amino acid biosynthetic process; non-proteinogenic amino acid metabolic process; ornithine metabolic process; proteinogenic amino acid biosynthetic process	2
ADPRH	P54922	RHEA:14885;RHEA:68792	ADP-D-ribose; alpha-NAD(+); nicotinamide	protein de-ADP-ribosylation	6
DRG2	P55039	RHEA:19669		cytoplasmic translation; protein biosynthetic process; translation	0
VCP	P55072	RHEA:13065		ATP metabolic process; DNA biosynthetic process; DNA damage tolerance; DNA metabolic process; DNA repair; DNA replication; DNA synthesis involved in DNA replication; ERAD pathway; NAD+ metabolic process; autophagosome maturation; autophagy; autophagy of mitochondrion; cytoplasm protein quality control; cytoplasmic translation; cytoplasmic translational elongation; double-strand break repair; flavin adenine dinucleotide catabolic process; flavin adenine dinucleotide metabolic process; flavin-containing compound catabolic process; flavin-containing compound metabolic process; interstrand cross-link repair; macroautophagy; macromolecule catabolic process; macromolecule methylation; methylation; mitophagy; modification-dependent macromolecule catabolic process; modification-dependent protein catabolic process; nucleic acid biosynthetic process; nucleoside phosphate catabolic process; nucleotide catabolic process; peptidyl-lysine methylation; peptidyl-lysine modification; peptidyl-lysine trimethylation; post-translational protein modification; proteasomal protein catabolic process; proteasome-mediated ubiquitin-dependent protein catabolic process; protein alkylation; protein biosynthetic process; protein catabolic process; protein methylation; protein modification by small protein conjugation; protein modification by small protein conjugation or removal; protein quality control for misfolded or incompletely synthesized proteins; protein ubiquitination; protein-DNA covalent cross-linking repair; rescue of stalled cytosolic ribosome; retrograde protein transport, ER to cytosol; ribosome-associated ubiquitin-dependent protein catabolic process; translation; translational elongation; translesion synthesis; ubiquitin-dependent protein catabolic process	0
HADHB	P55084	RHEA:18161;RHEA:21564;RHEA:31087;RHEA:31091;RHEA:31111;RHEA:31183;RHEA:31203;RHEA:35279;RHEA:47400;RHEA:47444;RHEA:47460;RHEA:78599;RHEA:78899;RHEA:78903;RHEA:82935;RHEA:82943;RHEA:83007;RHEA:83099;RHEA:83135;RHEA:83219;RHEA:83251;RHEA:83367;RHEA:83383;RHEA:83399;RHEA:84447;RHEA:84451;RHEA:84455;RHEA:84459;RHEA:84695;RHEA:84699;RHEA:84703;RHEA:84707;RHEA:84711;RHEA:84715;RHEA:84839	(3Z)-decenoyl-CoA; (3Z)-dodecenoyl-CoA; (3Z)-tetradecenoyl-CoA; (4Z)-decenoyl-CoA(4-); (4Z)-hexadecenoyl-CoA; (4Z)-tetradecenoyl-CoA; (4Z,7Z)-decadienoyl-CoA; (4Z,7Z,10Z)-hexadecatrienoyl-CoA; (4Z,7Z,10Z,13Z)-hexadecatetraenoyl-CoA; (5Z)-dodecenoyl-CoA; (5Z)-hexadecenoyl-CoA; (5Z)-octenoyl-CoA; (5Z)-tetradecenoyl-CoA; (5Z,8Z)-tetradecadienoyl-CoA; (5Z,8Z,11Z)-tetradecatrienoyl-CoA; (6Z)-dodecenoyl-CoA; (6Z,9Z)-dodecadienoyl-CoA; (7Z)-hexadecenoyl-CoA; (7Z)-octadecenoyl-CoA; (7Z)-tetradecenoyl-CoA; (7Z,10Z)-hexadecadienoyl-CoA; (7Z,10Z,13Z)-hexadecatrienoyl-CoA; (9Z)-hexadecenoyl-CoA; (9Z)-octadecenoyl-CoA; 3-oxo-(11Z)-eicosenoyl-CoA; 3-oxo-(11Z)-octadecenoyl-CoA; 3-oxo-(5Z)-dodecenoyl-CoA; 3-oxo-(5Z)-hexadecenoyl-CoA; 3-oxo-(5Z-tetradecenoyl)-CoA; 3-oxo-(6Z)-dodecenoyl-CoA; 3-oxo-(6Z)-hexadecenoyl-CoA; 3-oxo-(6Z)-octadecenoyl-CoA; 3-oxo-(6Z,9Z)-dodecadienoyl-CoA; 3-oxo-(6Z,9Z,12Z)-octadecatrienoyl-CoA; 3-oxo-(6Z,9Z,12Z,15Z)-octadecatetraenoyl-CoA; 3-oxo-(7Z)-decenoyl-CoA; 3-oxo-(7Z)-octadecenoyl-CoA; 3-oxo-(7Z)-tetradecenoyl-CoA; 3-oxo-(7Z,10Z)-hexadecadienoyl-CoA; 3-oxo-(7Z,10Z,13Z)-hexadecatrienoyl-CoA; 3-oxo-(7Z-hexadecenoyl)-CoA; 3-oxo-(8Z)-tetradecenoyl-CoA; 3-oxo-(8Z,11Z)-tetradecadienoyl-CoA; 3-oxo-(9Z)-eicosenoyl-CoA; 3-oxo-(9Z,12Z)-octadecadienoyl-CoA; 3-oxo-(9Z,12Z,15Z)-octadecatrienoyl-CoA; 3-oxo-(9Z-hexadecenoyl)-CoA; 3-oxo-(9Z-octadecenoyl)-CoA; 3-oxodecanoyl-CoA; 3-oxododecanoyl-CoA; 3-oxoeicosanoyl-CoA; 3-oxohexadecanoyl-CoA; 3-oxohexanoyl-CoA; 3-oxooctadecanoyl-CoA; 3-oxooctanoyl-CoA; 3-oxotetradecanoyl-CoA; a 3-oxoacyl-CoA; a long-chain 3-oxo-fatty acyl-CoA; a long-chain fatty acyl-CoA; a medium-chain 3-oxoacyl-CoA; a medium-chain fatty acyl-CoA; acetyl-CoA; an acyl-CoA; butanoyl-CoA; decanoyl-CoA; dodecanoyl-CoA; hexadecanoyl-CoA; hexanoyl-CoA; octadecanoyl-CoA; octanoyl-CoA; tetradecanoyl-CoA	fatty acid beta-oxidation; fatty acid catabolic process; fatty acid oxidation; lipid modification; lipid oxidation	79
GFER	P55789	RHEA:17357;RHEA:59116	R'C(R)S-S(R)CR'; R'C(R)SH		2
OXCT1	P55809	RHEA:24564;RHEA:25480	a 3-oxo acid; a 3-oxoacyl-CoA; acetoacetate; acetoacetyl-CoA; succinate; succinyl-CoA	fatty acid derivative catabolic process; fatty acid derivative metabolic process; ketone body catabolic process	32
HDAC4	P56524	RHEA:58196	acetate	peptidyl-lysine modification; post-translational protein modification; protein modification by small protein conjugation; protein modification by small protein conjugation or removal; protein sumoylation	10
EEFSEC	P57772	RHEA:19669		protein biosynthetic process; selenium compound metabolic process; selenocysteine incorporation; translation; translational elongation; translational readthrough	0
LOXL3	P58215	RHEA:24544;RHEA:51648	acetamide	peptidyl-lysine modification; peptidyl-lysine oxidation; protein oxidation	0
RAB15	P59190	RHEA:19669			0
TPI1	P60174	RHEA:17937;RHEA:18585	D-glyceraldehyde 3-phosphate; dihydroxyacetone phosphate; methylglyoxal	ADP catabolic process; ADP metabolic process; ATP metabolic process; aerobic respiration; aldehyde biosynthetic process; aldehyde metabolic process; canonical glycolysis; carbohydrate biosynthetic process; carbohydrate catabolic process; cellular respiration; gluconeogenesis; glucose catabolic process; glucose metabolic process; glyceraldehyde-3-phosphate biosynthetic process; glyceraldehyde-3-phosphate metabolic process; glycolytic process; glycolytic process through fructose-6-phosphate; glycolytic process through glucose-6-phosphate; hexose biosynthetic process; hexose catabolic process; hexose metabolic process; ketone biosynthetic process; ketone metabolic process; methylglyoxal biosynthetic process; methylglyoxal metabolic process; monosaccharide biosynthetic process; monosaccharide catabolic process; monosaccharide metabolic process; nucleoside diphosphate catabolic process; nucleoside diphosphate metabolic process; nucleoside phosphate catabolic process; nucleotide catabolic process; purine nucleoside diphosphate catabolic process; purine nucleoside diphosphate metabolic process; purine nucleotide catabolic process; purine ribonucleoside diphosphate catabolic process; purine ribonucleoside diphosphate metabolic process; purine ribonucleotide catabolic process; purine-containing compound catabolic process; pyridine nucleotide catabolic process; pyridine-containing compound catabolic process; pyruvate metabolic process; ribonucleoside diphosphate catabolic process; ribonucleoside diphosphate metabolic process; ribonucleotide catabolic process	10
PTEN	P60484	RHEA:10684;RHEA:20629;RHEA:25017;RHEA:43552;RHEA:43560;RHEA:47004;RHEA:77143;RHEA:77155	1,2-dihexadecanoyl-sn-glycero-3-phospho-(1D-myo-inositol-3,4,5-trisphosphate); 1,2-dihexadecanoyl-sn-glycero-3-phospho-(1D-myo-inositol-4,5-bisphosphate); 1,2-dioctanoyl-sn-glycero-3-phospho-(1D-myo-inositol-3,4,5-trisphosphate); 1,2-dioctanoyl-sn-glycero-3-phospho-(1D-myo-inositol-4,5-bisphosphate); 1D-myo-inositol 1,3,4,5,6-pentakisphosphate; 1D-myo-inositol 1,3,4,5-tetrakisphosphate; 1D-myo-inositol 1,4,5,6-tetrakisphosphate; 1D-myo-inositol 1,4,5-trisphosphate; a 1,2-diacyl-sn-glycero-3-phospho-(1D-myo-inositol-3,4,5-trisphosphate); a 1,2-diacyl-sn-glycero-3-phospho-(1D-myo-inositol-4,5-bisphosphate)	dephosphorylation; lipid modification; phosphatidylinositol biosynthetic process; phosphatidylinositol dephosphorylation; phosphatidylinositol metabolic process; phospholipid dephosphorylation; protein dephosphorylation	5
ACTB	P60709	RHEA:13065			0
PRPS1	P60891	RHEA:15609	5-phospho-alpha-D-ribose 1-diphosphate; D-ribose 5-phosphate	5-phosphoribose 1-diphosphate biosynthetic process; 5-phosphoribose 1-diphosphate metabolic process; hypoxanthine biosynthetic process; hypoxanthine metabolic process; nucleobase biosynthetic process; nucleobase metabolic process; nucleoside monophosphate biosynthetic process; purine nucleobase biosynthetic process; purine nucleobase metabolic process; pyrimidine nucleotide biosynthetic process; pyrimidine nucleotide metabolic process; pyrimidine-containing compound biosynthetic process; pyrimidine-containing compound metabolic process; ribonucleoside monophosphate biosynthetic process; urate biosynthetic process; urate metabolic process	7
ABCE1	P61221	RHEA:13065;RHEA:19669;RHEA:29387;RHEA:64900		cytoplasmic translation; cytoplasmic translational elongation; protein biosynthetic process; rescue of stalled cytosolic ribosome; translation; translational elongation; translational initiation; translational termination	0
PCBD1	P61457	RHEA:11920	(4aS,6R)-4a-hydroxy-L-erythro-5,6,7,8-tetrahydrobiopterin; (6R)-L-erythro-6,7-dihydrobiopterin	L-tyrosine biosynthetic process; amino acid biosynthetic process; aromatic amino acid biosynthetic process; aromatic amino acid metabolic process; diol biosynthetic process; diol metabolic process; erythrose 4-phosphate/phosphoenolpyruvate family amino acid biosynthetic process; polyol biosynthetic process; polyol metabolic process; proteinogenic amino acid biosynthetic process; pteridine-containing compound biosynthetic process; pteridine-containing compound metabolic process; tetrahydrobiopterin biosynthetic process; tetrahydrobiopterin metabolic process	3
PPP2CB	P62714	RHEA:20629;RHEA:47004		dephosphorylation; protein dephosphorylation	0
ACTA2	P62736	RHEA:13065			0
ACTG2	P63267	RHEA:13065			0
PPP2CA	P67775	RHEA:20629;RHEA:47004		DNA-templated transcription; DNA-templated transcription initiation; RNA biosynthetic process; RNA catabolic process; RNA metabolic process; RNA polymerase II transcription initiation surveillance; RNA processing; RNA surveillance; dephosphorylation; macromolecule catabolic process; nuclear RNA surveillance; nucleic acid biosynthetic process; nucleic acid catabolic process; protein dephosphorylation; snRNA metabolic process; snRNA processing; transcription by RNA polymerase II; transcription initiation at RNA polymerase II promoter	0
ACTA1	P68133	RHEA:13065			0
PSPH	P78330	RHEA:21208;RHEA:24873	D-serine; L-serine; O-phospho-D-serine; O-phospho-L-serine	L-serine biosynthetic process; L-serine metabolic process; amino acid biosynthetic process; proteinogenic amino acid biosynthetic process; serine family amino acid biosynthetic process	8
ABCA4	P78363	RHEA:13065;RHEA:66132;RHEA:67188;RHEA:67192	CHEBI:167884; CHEBI:167887; a 1,2-diacyl-sn-glycero-3-phosphoethanolamine	aldehyde metabolic process; diterpenoid metabolic process; isoprenoid metabolic process; olefinic compound metabolic process; retinal metabolic process; retinoid metabolic process; terpenoid metabolic process	21
SLC35A1	P78382	RHEA:67724;RHEA:71579;RHEA:74639;RHEA:74643	CDP-L-ribitol; CMP-N-acetyl-beta-neuraminate	N-acetylneuraminate metabolic process; amino sugar metabolic process; protein O-linked glycosylation	3
HSD11B2	P80365	RHEA:42204;RHEA:50208;RHEA:53116;RHEA:68656;RHEA:69368;RHEA:69408	11-dehydrocorticosterone; 11beta,17beta-dihydroxyandrost-4-ene-3-one; 11beta-hydroxyandrost-4-ene-3,17-dione; 17beta-hydroxyandrost-4-ene-3,11-dione; 7-oxocholesterol; 7beta-hydroxycholesterol; an 11-oxosteroid; an 11beta-hydroxysteroid; androst-4-ene-3,11,17-trione; corticosterone; cortisol; cortisone	cortisol metabolic process; glucocorticoid metabolic process; ketone metabolic process; olefinic compound metabolic process; primary alcohol metabolic process; tertiary alcohol metabolic process	8
ABAT	P80404	RHEA:13993;RHEA:23352	(S)-3-amino-2-methylpropanoate; 2-methyl-3-oxopropanoate; 4-aminobutanoate; succinate semialdehyde	GABA catabolic process; GABA shunt; glutamate metabolic process; non-proteinogenic amino acid catabolic process; non-proteinogenic amino acid metabolic process; succinate metabolic process	7
ARF1	P84077	RHEA:19669			0
MAT1A	Q00266	RHEA:21080	L-methionine	L-methionine catabolic process; L-methionine metabolic process; S-adenosylmethionine biosynthetic process; S-adenosylmethionine metabolic process; sulfur amino acid catabolic process; sulfur amino acid metabolic process; sulfur compound catabolic process	4
SLC25A3	Q00325	RHEA:29939			0
CDK5	Q00535	RHEA:17989;RHEA:46608			0
B4GALNT1	Q00973	RHEA:12588;RHEA:41816;RHEA:43268;RHEA:43272;RHEA:43276;RHEA:43300;RHEA:47564;RHEA:47580;RHEA:62516	UDP-N-acetyl-alpha-D-galactosamine; a beta-D-Gal-(1->4)-beta-D-Glc-(1<->1)-Cer(d18:1(4E)); a beta-D-galactosyl-(1->4)-beta-D-glucosyl-(1<->1)-ceramide; a ganglioside GA2; a ganglioside GA2 (d18:1(4E)); a ganglioside GD1a; a ganglioside GD2; a ganglioside GD2 (d18:1(4E)); a ganglioside GD3; a ganglioside GD3 (d18:1(4E)); a ganglioside GM2; a ganglioside GM2 (d18:1(4E)); a ganglioside GM3; a ganglioside GM3 (d18:1(4E)); a ganglioside GT2 (d18:1(4E)); a ganglioside GT3 (d18:1(4E)); a ganglioside GalNAc-GD1a; a neolactoside IV(3)-alpha-NeuGc-nLc4Cer; a neolactoside IV(4)-beta-GalNAc-IV(3)-alpha-NeuGc-nLc4Cer	ceramide biosynthetic process; ceramide metabolic process; ganglioside biosynthetic process; ganglioside metabolic process; glycolipid biosynthetic process; glycolipid metabolic process; glycosphingolipid biosynthetic process; glycosphingolipid metabolic process; liposaccharide metabolic process	18
AMPD3	Q01432	RHEA:14777	IMP	ADP catabolic process; ADP metabolic process; AMP catabolic process; AMP metabolic process; ATP metabolic process; GTP metabolic process; IMP biosynthetic process; IMP metabolic process; IMP salvage; metabolic compound salvage; nucleoside diphosphate catabolic process; nucleoside diphosphate metabolic process; nucleoside monophosphate biosynthetic process; nucleoside monophosphate catabolic process; nucleoside phosphate catabolic process; nucleotide catabolic process; nucleotide salvage; purine nucleoside diphosphate catabolic process; purine nucleoside diphosphate metabolic process; purine nucleoside monophosphate biosynthetic process; purine nucleoside monophosphate catabolic process; purine nucleoside monophosphate metabolic process; purine nucleotide catabolic process; purine nucleotide salvage; purine ribonucleoside diphosphate catabolic process; purine ribonucleoside diphosphate metabolic process; purine ribonucleoside monophosphate biosynthetic process; purine ribonucleoside monophosphate catabolic process; purine ribonucleoside monophosphate metabolic process; purine ribonucleotide biosynthetic process; purine ribonucleotide catabolic process; purine ribonucleotide salvage; purine-containing compound catabolic process; purine-containing compound salvage; ribonucleoside diphosphate catabolic process; ribonucleoside diphosphate metabolic process; ribonucleoside monophosphate biosynthetic process; ribonucleoside monophosphate catabolic process; ribonucleotide catabolic process	11
AMPD2	Q01433	RHEA:14777	IMP	AMP metabolic process; ATP metabolic process; GMP biosynthetic process; GMP metabolic process; GMP salvage; GTP metabolic process; IMP biosynthetic process; IMP metabolic process; IMP salvage; cyclic nucleotide metabolic process; cyclic purine nucleotide metabolic process; metabolic compound salvage; nucleoside monophosphate biosynthetic process; nucleotide salvage; purine nucleoside monophosphate biosynthetic process; purine nucleoside monophosphate metabolic process; purine nucleotide salvage; purine ribonucleoside monophosphate biosynthetic process; purine ribonucleoside monophosphate metabolic process; purine ribonucleotide biosynthetic process; purine ribonucleotide salvage; purine-containing compound salvage; ribonucleoside monophosphate biosynthetic process	11
HMGCS1	Q01581	RHEA:10188	(3S)-3-hydroxy-3-methylglutaryl-CoA; acetoacetyl-CoA; acetyl-CoA	acetyl-CoA metabolic process; cholesterol biosynthetic process; cholesterol metabolic process; geranylgeranyl diphosphate biosynthetic process; geranylgeranyl diphosphate metabolic process; isopentenyl diphosphate biosynthetic process; isopentenyl diphosphate biosynthetic process, mevalonate pathway; isopentenyl diphosphate metabolic process; isoprenoid biosynthetic process; isoprenoid metabolic process; secondary alcohol biosynthetic process; secondary alcohol metabolic process; steroid biosynthetic process; sterol biosynthetic process; sterol metabolic process; terpenoid biosynthetic process; terpenoid metabolic process; zymosterol biosynthetic process; zymosterol metabolic process	33
ATP2B2	Q01814	RHEA:18105			0
DHODH	Q02127	RHEA:30187	(S)-dihydroorotate; orotate	'de novo' CTP biosynthetic process; 'de novo' UMP biosynthetic process; 'de novo' pyrimidine nucleobase biosynthetic process; CTP biosynthetic process; CTP metabolic process; UDP biosynthetic process; UDP metabolic process; UMP biosynthetic process; UMP metabolic process; nucleobase biosynthetic process; nucleobase metabolic process; nucleoside diphosphate biosynthetic process; nucleoside diphosphate metabolic process; nucleoside monophosphate biosynthetic process; nucleoside triphosphate biosynthetic process; pyrimidine nucleobase biosynthetic process; pyrimidine nucleobase metabolic process; pyrimidine nucleoside diphosphate biosynthetic process; pyrimidine nucleoside diphosphate metabolic process; pyrimidine nucleoside monophosphate biosynthetic process; pyrimidine nucleoside monophosphate metabolic process; pyrimidine nucleoside triphosphate biosynthetic process; pyrimidine nucleoside triphosphate metabolic process; pyrimidine nucleotide biosynthetic process; pyrimidine nucleotide metabolic process; pyrimidine ribonucleoside diphosphate biosynthetic process; pyrimidine ribonucleoside diphosphate metabolic process; pyrimidine ribonucleoside monophosphate biosynthetic process; pyrimidine ribonucleoside monophosphate metabolic process; pyrimidine ribonucleoside triphosphate biosynthetic process; pyrimidine ribonucleoside triphosphate metabolic process; pyrimidine ribonucleotide biosynthetic process; pyrimidine ribonucleotide metabolic process; pyrimidine-containing compound biosynthetic process; pyrimidine-containing compound metabolic process; ribonucleoside diphosphate biosynthetic process; ribonucleoside diphosphate metabolic process; ribonucleoside monophosphate biosynthetic process; ribonucleoside triphosphate biosynthetic process	2
ALDH6A1	Q02252	RHEA:20804;RHEA:76615;RHEA:76623;RHEA:76627	(R)-2-methyl-3-oxopropanoate; (S)-2-methyl-3-oxopropanoate; 2-methyl-3-oxopropanoate; 3-oxopropanoate; acetyl-CoA; propanoyl-CoA	L-valine catabolic process; branched-chain amino acid catabolic process; branched-chain amino acid metabolic process; nucleobase catabolic process; nucleobase metabolic process; pyrimidine nucleobase catabolic process; pyrimidine nucleobase metabolic process; pyrimidine-containing compound catabolic process; pyrimidine-containing compound metabolic process; thymine catabolic process; thymine metabolic process	34
CYP27A1	Q02318	RHEA:14373;RHEA:34627;RHEA:34631;RHEA:40231;RHEA:45236;RHEA:46092;RHEA:46400;RHEA:46428;RHEA:46432;RHEA:46436;RHEA:46588;RHEA:47344;RHEA:47376;RHEA:47380;RHEA:53812	(25R)-26-hydroxycholestanol; (25R)-3alpha,7alpha,12alpha-trihydroxy-5beta-cholestan-26-al; (25R)-3alpha,7alpha,12alpha-trihydroxy-5beta-cholestan-26-oate; (25R)-3beta,26-dihydroxycholest-5-en-7-one; (25R)-3beta,4beta-dihydroxycholest-5-en-26-al; (25R)-3beta,4beta-dihydroxycholest-5-en-26-oate; (25R)-3beta-hydroxy-5-cholesten-26-al; (25R)-3beta-hydroxy-5-cholestenoate; (25R)-3beta-hydroxycholest-5-en-7-one-26-al; (25R)-3beta-hydroxycholest-5-en-7-one-26-oate; (25R)-4beta,26-dihydroxycholesterol; (25R)-5beta-cholestane-3alpha,7alpha,12alpha,26-tetrol; (25R)-cholest-5-ene-3beta,26-diol; 4beta-hydroxycholesterol; 5beta-cholestane-3alpha,7alpha,12alpha-triol; 7-oxocholesterol; calcidiol; calciol; cholestanol; cholesterol	alcohol catabolic process; bile acid biosynthetic process; bile acid metabolic process; cholesterol catabolic process; cholesterol metabolic process; fat-soluble vitamin biosynthetic process; polyol biosynthetic process; polyol metabolic process; secondary alcohol metabolic process; steroid biosynthetic process; steroid catabolic process; sterol catabolic process; sterol metabolic process; vitamin D biosynthetic process; vitamin D metabolic process; vitamin D3 biosynthetic process; vitamin biosynthetic process; vitamin metabolic process	20
BDH1	Q02338	RHEA:20521	(R)-3-hydroxybutanoate; acetoacetate	ketone biosynthetic process; ketone catabolic process; ketone metabolic process	4
GCNT1	Q02742	RHEA:56212;RHEA:56216;RHEA:56900;RHEA:69691	UDP-N-acetyl-alpha-D-glucosamine; a ganglioside GA1; a ganglioside beta-D-GlcNAc-(1->6)-GA1; a globoside GalGb4Cer; a globoside GlcNAc-(beta1->6)-GalGb4Cer	protein O-linked glycosylation; protein O-linked glycosylation via N-acetylgalactosamine	9
FKBP4	Q02790	RHEA:16237		protein folding	0
SLC25A11	Q02978	RHEA:34979;RHEA:71587;RHEA:71591;RHEA:71595;RHEA:71599;RHEA:71603	(S)-malate; maleate; malonate; oxaloacetate; succinate	NAD+ metabolic process; carbohydrate biosynthetic process; gluconeogenesis; glucose metabolic process; hexose biosynthetic process; hexose metabolic process; malate-aspartate shuttle; monosaccharide biosynthetic process; monosaccharide metabolic process	22
PTS	Q03393	RHEA:22048	6-pyruvoyl-5,6,7,8-tetrahydropterin; 7,8-dihydroneopterin 3'-triphosphate; triphosphate	diol biosynthetic process; diol metabolic process; polyol biosynthetic process; polyol metabolic process; pteridine-containing compound biosynthetic process; pteridine-containing compound metabolic process; tetrahydrobiopterin biosynthetic process; tetrahydrobiopterin metabolic process	3
MVK	Q03426	RHEA:17065	(R)-5-phosphomevalonate; (R)-mevalonate	acetyl-CoA metabolic process; cholesterol biosynthetic process; cholesterol metabolic process; geranylgeranyl diphosphate biosynthetic process; geranylgeranyl diphosphate metabolic process; isopentenyl diphosphate biosynthetic process; isopentenyl diphosphate biosynthetic process, mevalonate pathway; isopentenyl diphosphate metabolic process; isoprenoid biosynthetic process; isoprenoid metabolic process; secondary alcohol biosynthetic process; secondary alcohol metabolic process; steroid biosynthetic process; sterol biosynthetic process; sterol metabolic process; terpenoid biosynthetic process; terpenoid metabolic process; zymosterol biosynthetic process; zymosterol metabolic process	2
GLO1	Q04760	RHEA:19069	(R)-S-lactoylglutathione; glutathione; methylglyoxal	aldehyde metabolic process; glutathione metabolic process; ketone metabolic process; methylglyoxal metabolic process	10
LIPE	Q05469	RHEA:12044;RHEA:13933;RHEA:15245;RHEA:26132;RHEA:32731;RHEA:33875;RHEA:38379;RHEA:38383;RHEA:38455;RHEA:38487;RHEA:38491;RHEA:38563;RHEA:38575;RHEA:38659;RHEA:39935;RHEA:39939	(5Z,8Z,11Z,14Z)-eicosatetraenoate; (9Z)-octadecenoate; (9Z-octadecenoyl)-glycerol; 1,2,3-tri-(9Z-octadecenoyl)-glycerol; 1,2-di-(9Z-octadecenoyl)-glycerol; 1,2-di-(9Z-octadecenoyl)-sn-glycerol; 1,3-di-(9Z-octadecenoyl)-glycerol; 1-(9Z-octadecenoyl)-glycerol; 1-O-hexadecyl-2-acetyl-sn-glycerol; 1-O-hexadecyl-sn-glycerol; 2,3-di-(9Z)-octadecenoyl-sn-glycerol; 2-(5Z,8Z,11Z,14Z-eicosatetraenoyl)-glycerol; 2-(9Z-octadecenoyl)-glycerol; a diacylglycerol; a fatty acid; a monoacylglycerol; a triacylglycerol; acetate; all-trans-retinol; all-trans-retinyl hexadecanoate; cholesterol; cholesteryl (9Z-octadecenoate); di-(9Z)-octadecenoylglycerol; glycerol; hexadecanoate	acylglycerol catabolic process; acylglycerol metabolic process; cholesterol metabolic process; diacylglycerol catabolic process; diacylglycerol metabolic process; diterpenoid metabolic process; ether lipid metabolic process; glycerolipid catabolic process; hormone metabolic process; isoprenoid metabolic process; neutral lipid catabolic process; neutral lipid metabolic process; olefinic compound metabolic process; phosphorylation; primary alcohol metabolic process; protein phosphorylation; retinoid metabolic process; retinol metabolic process; secondary alcohol metabolic process; sterol metabolic process; terpenoid metabolic process; triglyceride catabolic process; triglyceride metabolic process	62
PTPN11	Q06124	RHEA:10684		dephosphorylation; peptidyl-tyrosine dephosphorylation; protein dephosphorylation	0
KDSR	Q06136	RHEA:22640	3-oxosphinganine; sphinganine	ceramide biosynthetic process; ceramide metabolic process; glycolipid biosynthetic process; glycolipid metabolic process; glycosphingolipid biosynthetic process; glycosphingolipid metabolic process; liposaccharide metabolic process; sphingomyelin biosynthetic process; sphingomyelin metabolic process	14
PPAT	Q06203	RHEA:14905	5-phospho-alpha-D-ribose 1-diphosphate; 5-phospho-beta-D-ribosylamine	'de novo' AMP biosynthetic process; 'de novo' IMP biosynthetic process; 'de novo' XMP biosynthetic process; AMP biosynthetic process; AMP metabolic process; GMP biosynthetic process; GMP metabolic process; IMP biosynthetic process; IMP metabolic process; XMP biosynthetic process; XMP metabolic process; nucleobase biosynthetic process; nucleobase metabolic process; nucleoside monophosphate biosynthetic process; purine nucleobase biosynthetic process; purine nucleobase metabolic process; purine nucleoside monophosphate biosynthetic process; purine nucleoside monophosphate metabolic process; purine ribonucleoside monophosphate biosynthetic process; purine ribonucleoside monophosphate metabolic process; purine ribonucleotide biosynthetic process; ribonucleoside monophosphate biosynthetic process	8
GFPT1	Q06210	RHEA:13237	D-fructose 6-phosphate; D-glucosamine 6-phosphate	UDP-N-acetylglucosamine biosynthetic process; UDP-N-acetylglucosamine metabolic process; amino sugar biosynthetic process; amino sugar metabolic process; energy reserve metabolic process; fructose 6-phosphate metabolic process; nucleotide-sugar biosynthetic process; nucleotide-sugar metabolic process	4
RAD51	Q06609	RHEA:13065		DNA metabolic process; DNA recombinase assembly; DNA recombination; DNA repair; DNA replication; DNA strand invasion; DNA-templated DNA replication; DNA-templated DNA replication maintenance of fidelity; cell cycle DNA replication; cell cycle DNA replication maintenance of fidelity; double-strand break repair; double-strand break repair involved in meiotic recombination; double-strand break repair via homologous recombination; double-strand break repair via synthesis-dependent strand annealing; homologous recombination; interstrand cross-link repair; mitotic DNA replication; mitotic DNA replication maintenance of fidelity; mitotic recombination; mitotic recombination-dependent replication fork processing; nuclear DNA replication; reciprocal homologous recombination; reciprocal meiotic recombination; recombinational repair; replication fork processing; telomere maintenance; telomere maintenance via recombination; telomere maintenance via telomere lengthening	0
PPP3CA	Q08209	RHEA:20629;RHEA:47004		dephosphorylation; protein dephosphorylation	0
LOXL1	Q08397	RHEA:24544		protein deamination	0
EHHADH	Q08426	RHEA:16105;RHEA:20724;RHEA:22432;RHEA:30547;RHEA:31119;RHEA:31159;RHEA:31163;RHEA:31187;RHEA:31191;RHEA:40259;RHEA:40267;RHEA:45228;RHEA:45736;RHEA:45748;RHEA:45752;RHEA:45900;RHEA:47464;RHEA:49932	(2E)-2-methylbut-2-enoyl-CoA; (2E)-decenoyl-CoA; (2E)-hexadecenedioyl-CoA; (2E)-hexadecenoyl-CoA; (2E)-hexenoyl-CoA; (2E,5Z)-octadienoyl-CoA; (2E,5Z)-tetradecadienoyl-CoA; (2S,3S)-3-hydroxy-2-methylbutanoyl-CoA; (3E)-decenoyl-CoA; (3E)-hexenoyl-CoA; (3E,5Z)-octadienoyl-CoA; (3E,5Z)-tetradecadienoyl-CoA; (3S)-hydroxydecanoyl-CoA; (3S)-hydroxyhexadecanedioyl-CoA; (3S)-hydroxyhexadecanoyl-CoA; (3S)-hydroxyhexanoyl-CoA; (3Z)-hexenoyl-CoA; 3-oxodecanoyl-CoA; 3-oxohexadecanedioyl-CoA; 3-oxohexadecanoyl-CoA; a (2E)-enoyl-CoA; a (3E)-enoyl-CoA; a (3S)-3-hydroxyacyl-CoA; a (3Z)-enoyl-CoA; a 3-oxoacyl-CoA; a 4-saturated (2E)-enoyl-CoA; a 4-saturated-(3S)-3-hydroxyacyl-CoA	fatty acid beta-oxidation; fatty acid beta-oxidation using acyl-CoA oxidase; fatty acid biosynthetic process; fatty acid catabolic process; fatty acid oxidation; lipid modification; lipid oxidation	26
NSUN2	Q08J23	RHEA:42940;RHEA:42948;RHEA:42952;RHEA:61464;RHEA:61488		RNA biosynthetic process; RNA metabolic process; RNA methylation; RNA modification; RNA processing; mRNA metabolic process; mRNA processing; macromolecule methylation; methylation; nucleic acid biosynthetic process; rRNA metabolic process; rRNA processing; tRNA C5-cytosine methylation; tRNA metabolic process; tRNA methylation; tRNA modification; tRNA processing; tRNA wobble base cytosine methylation; tRNA wobble base modification; tRNA wobble cytosine modification	0
ABHD18	Q0P651	RHEA:32935	1'-[1,2-diacyl-sn-glycero-3-phospho],3'-[1-acyl-sn-glycero-3-phospho]-glycerol; a cardiolipin; a fatty acid		16
GALNT1	Q10472	RHEA:23956;RHEA:52424	UDP-N-acetyl-alpha-D-galactosamine	protein O-linked glycosylation; protein O-linked glycosylation via N-acetylgalactosamine	5
DPYD	Q12882	RHEA:18093;RHEA:58284	5,6-dihydrothymine; 5,6-dihydrouracil; thymine; uracil	2'-deoxyribonucleotide metabolic process; CMP catabolic process; CMP metabolic process; TMP catabolic process; TMP metabolic process; UMP catabolic process; UMP metabolic process; amino acid biosynthetic process; beta-alanine biosynthetic process; dCMP catabolic process; dCMP metabolic process; dUMP catabolic process; dUMP metabolic process; deoxyribonucleoside monophosphate catabolic process; deoxyribose phosphate catabolic process; non-proteinogenic amino acid biosynthetic process; non-proteinogenic amino acid metabolic process; nucleobase catabolic process; nucleobase metabolic process; nucleoside monophosphate catabolic process; nucleoside phosphate catabolic process; nucleotide catabolic process; purine nucleobase catabolic process; purine nucleobase metabolic process; purine-containing compound catabolic process; pyrimidine deoxyribonucleoside monophosphate catabolic process; pyrimidine deoxyribonucleoside monophosphate metabolic process; pyrimidine deoxyribonucleotide catabolic process; pyrimidine deoxyribonucleotide metabolic process; pyrimidine nucleobase catabolic process; pyrimidine nucleobase metabolic process; pyrimidine nucleoside monophosphate catabolic process; pyrimidine nucleoside monophosphate metabolic process; pyrimidine nucleotide catabolic process; pyrimidine nucleotide metabolic process; pyrimidine ribonucleoside monophosphate catabolic process; pyrimidine ribonucleoside monophosphate metabolic process; pyrimidine ribonucleotide catabolic process; pyrimidine ribonucleotide metabolic process; pyrimidine-containing compound catabolic process; pyrimidine-containing compound metabolic process; ribonucleoside monophosphate catabolic process; ribonucleotide catabolic process; thymine catabolic process; thymine metabolic process; uracil catabolic process; uracil metabolic process; xenobiotic catabolic process; xenobiotic metabolic process	4
COX10	Q12887	RHEA:28070	(2E,6E)-farnesyl diphosphate; Fe(II)-heme o; heme b	heme A biosynthetic process; heme biosynthetic process; heme metabolic process; pigment biosynthetic process; pigment metabolic process; porphyrin-containing compound biosynthetic process; porphyrin-containing compound metabolic process; tetrapyrrole biosynthetic process; tetrapyrrole metabolic process	13
COASY	Q13057	RHEA:18245;RHEA:19801	(R)-4'-phosphopantetheine; 3'-dephospho-CoA	coenzyme A biosynthetic process; coenzyme A metabolic process	3
ACACA	Q13085	RHEA:11308	acetyl-CoA; malonyl-CoA	acetyl-CoA metabolic process; acyl-CoA biosynthetic process; fatty acid biosynthetic process; fatty acid derivative biosynthetic process; fatty acid derivative metabolic process; fatty-acyl-CoA biosynthetic process; fatty-acyl-CoA metabolic process; malonyl-CoA biosynthetic process; malonyl-CoA metabolic process	34
PRDX4	Q13162	RHEA:62620	a hydroperoxide; an alcohol	I-kappaB phosphorylation; hydrogen peroxide catabolic process; hydrogen peroxide metabolic process; phosphorylation; protein phosphorylation; reactive oxygen species metabolic process	6
ATM	Q13315	RHEA:17989;RHEA:46608		DNA double-strand break processing; DNA metabolic process; DNA recombination; DNA repair; RNA catabolic process; RNA metabolic process; autophagy; autophagy of peroxisome; double-strand break repair; double-strand break repair via homologous recombination; double-strand break repair via nonhomologous end joining; histone mRNA catabolic process; histone mRNA metabolic process; homologous recombination; mRNA catabolic process; mRNA metabolic process; macroautophagy; macromolecule catabolic process; nuclear-transcribed mRNA catabolic process; nucleic acid catabolic process; peptidyl-serine autophosphorylation; peptidyl-serine phosphorylation; pexophagy; phosphatidylinositol phosphate biosynthetic process; phosphatidylinositol-3-phosphate biosynthetic process; phosphorylation; protein autophosphorylation; protein phosphorylation; reciprocal homologous recombination; reciprocal meiotic recombination; recombinational repair; telomere maintenance	0
SLC14A1	Q13336	RHEA:32799	urea		1
FKBP5	Q13451	RHEA:16237		protein folding	0
ASAH1	Q13510	RHEA:20856;RHEA:30915;RHEA:38891;RHEA:41279;RHEA:41287;RHEA:41291;RHEA:41295;RHEA:41299;RHEA:41303;RHEA:45092;RHEA:45448;RHEA:45456;RHEA:58484;RHEA:78447;RHEA:78451	(4R)-hydroxysphinganine; (9Z)-octadecenoate; N-(9Z-octadecenoyl)-sphing-4-enine; N-(acetyl)-sphing-4-enine; N-(dodecanoyl)-sphinganine; N-(hexanoyl)sphing-4-enine; N-dodecanoyl-(4R)-hydroxysphinganine; N-dodecanoylethanolamine; N-dodecanoylsphing-4-enine; N-hexadecanoylsphing-4-enine; N-octadecanoylsphing-4-enine; N-octanoylsphing-4-enine; N-tetradecanoylsphing-4-enine; a beta-D-glucosyl-(1<->1')-N-acylsphing-4-enine; a fatty acid; a globoside Gb3Cer; a globoside Gb3Cer (d18:1(4E)); a lysoGb3; a lysoGb3(d18:1(4E)); acetate; an N-acylsphing-4-enine; beta-D-glucosyl-(1<->1)-sphing-4-enine; dodecanoate; ethanolamine; hexadecanoate; hexanoate; octadecanoate; octanoate; sphing-4-enine; sphinganine; tetradecanoate	ceramide biosynthetic process; ceramide catabolic process; ceramide metabolic process; diol biosynthetic process; diol metabolic process; phospholipid catabolic process; polyol biosynthetic process; polyol metabolic process; sphingoid biosynthetic process; sphingoid metabolic process; sphingolipid catabolic process; sphingomyelin catabolic process; sphingomyelin metabolic process; sphingosine biosynthetic process; sphingosine metabolic process	66
SERINC3	Q13530	RHEA:38571;RHEA:38663;RHEA:38895	a 1,2-diacyl-sn-glycero-3-phospho-L-serine; a 1,2-diacyl-sn-glycero-3-phosphocholine; a 1,2-diacyl-sn-glycero-3-phosphoethanolamine		32
PEX6	Q13608	RHEA:13065		protein import into peroxisome matrix, receptor recycling; receptor metabolic process; receptor recycling	0
ALKBH1	Q13686	RHEA:30299;RHEA:49524;RHEA:54144;RHEA:54576;RHEA:60920;RHEA:66592;RHEA:79019	(sulfur carrier)-H; formaldehyde; succinate	DNA metabolic process; DNA repair; RNA biosynthetic process; RNA metabolic process; RNA modification; RNA processing; demethylation; nucleic acid biosynthetic process; oxidative RNA demethylation; oxidative demethylation; regulation of translational initiation by tRNA modification; tRNA metabolic process; tRNA modification; tRNA processing; tRNA wobble base modification; tRNA wobble cytosine modification	14
AUH	Q13825	RHEA:13785;RHEA:21536;RHEA:31079;RHEA:68456	(2E)-glutaconyl-CoA; (3S)-3-hydroxy-3-methylglutaryl-CoA; (3S)-citramalyl-CoA; (S)-3-hydroxyglutaryl-CoA; 3-hydroxyisovaleryl-CoA; 3-methyl-(2E)-glutaconyl-CoA; 3-methylbut-2-enoyl-CoA; itaconyl-CoA	L-leucine catabolic process; L-leucine metabolic process; branched-chain amino acid catabolic process; branched-chain amino acid metabolic process; fatty acid beta-oxidation; fatty acid catabolic process; fatty acid oxidation; lipid modification; lipid oxidation; metabolite repair; toxic metabolite repair	10
IDI1	Q13907	RHEA:23284	dimethylallyl diphosphate; isopentenyl diphosphate	cholesterol biosynthetic process; cholesterol metabolic process; dimethylallyl diphosphate biosynthetic process; dimethylallyl diphosphate metabolic process; geranylgeranyl diphosphate biosynthetic process; geranylgeranyl diphosphate metabolic process; isopentenyl diphosphate biosynthetic process; isopentenyl diphosphate metabolic process; isoprenoid biosynthetic process; isoprenoid metabolic process; secondary alcohol biosynthetic process; secondary alcohol metabolic process; steroid biosynthetic process; sterol biosynthetic process; sterol metabolic process; terpenoid biosynthetic process; terpenoid metabolic process; zymosterol biosynthetic process; zymosterol metabolic process	8
BAAT	Q14032	RHEA:14001;RHEA:14541;RHEA:16645;RHEA:30135;RHEA:30139;RHEA:31511;RHEA:40119;RHEA:40147;RHEA:40783;RHEA:40787;RHEA:40791;RHEA:47100;RHEA:49772;RHEA:49780;RHEA:49784;RHEA:49788;RHEA:49792	N-docosanoylglycine; N-eicosanoylglycinate; N-hexacosanoylglycine; chenodeoxycholate; chenodeoxycholoyl-CoA; cholate; choloyl-CoA; docosanoate; docosanoyl-CoA; dodecanoate; dodecanoyl-CoA; eicosanoate; eicosanoyl-CoA; glycine; glycochenodeoxycholate; glycocholate; hexacosanoate; hexacosanoyl-CoA; hexadecanoate; hexadecanoyl-CoA; octadecanoate; octadecanoyl-CoA; taurine; taurochenodeoxycholate; taurocholate; tetracosanoate; tetracosanoyl-CoA; tetradecanoate; tetradecanoyl-CoA	alkanesulfonate metabolic process; bile acid biosynthetic process; bile acid conjugation; bile acid metabolic process; glycine metabolic process; taurine metabolic process	81
DPYS	Q14117	RHEA:16121	3-(carbamoylamino)propanoate; 5,6-dihydrouracil	2'-deoxyribonucleotide metabolic process; CMP catabolic process; CMP metabolic process; UMP catabolic process; UMP metabolic process; dCMP catabolic process; dCMP metabolic process; dUMP catabolic process; dUMP metabolic process; deoxyribonucleoside monophosphate catabolic process; deoxyribose phosphate catabolic process; nucleobase catabolic process; nucleobase metabolic process; nucleoside monophosphate catabolic process; nucleoside phosphate catabolic process; nucleotide catabolic process; pyrimidine deoxyribonucleoside monophosphate catabolic process; pyrimidine deoxyribonucleoside monophosphate metabolic process; pyrimidine deoxyribonucleotide catabolic process; pyrimidine deoxyribonucleotide metabolic process; pyrimidine nucleobase catabolic process; pyrimidine nucleobase metabolic process; pyrimidine nucleoside monophosphate catabolic process; pyrimidine nucleoside monophosphate metabolic process; pyrimidine nucleotide catabolic process; pyrimidine nucleotide metabolic process; pyrimidine ribonucleoside monophosphate catabolic process; pyrimidine ribonucleoside monophosphate metabolic process; pyrimidine ribonucleotide catabolic process; pyrimidine ribonucleotide metabolic process; pyrimidine-containing compound catabolic process; pyrimidine-containing compound metabolic process; ribonucleoside monophosphate catabolic process; ribonucleotide catabolic process; thymine catabolic process; thymine metabolic process; uracil catabolic process; uracil metabolic process	2
FKBP8	Q14318	RHEA:16237		protein folding	0
GAMT	Q14353	RHEA:10656	creatine; guanidinoacetate	creatine biosynthetic process; creatine metabolic process; modified amino acid biosynthetic process	7
GALE	Q14376	RHEA:20517;RHEA:22168	UDP-N-acetyl-alpha-D-galactosamine; UDP-N-acetyl-alpha-D-glucosamine; UDP-alpha-D-galactose; UDP-alpha-D-glucose	beta-D-galactose catabolic process via UDP-galactose, Leloir pathway; carbohydrate catabolic process; galactose catabolic process; galactose metabolic process; hexose catabolic process; hexose metabolic process; monosaccharide catabolic process; monosaccharide metabolic process	33
SQLE	Q14534	RHEA:25282	(S)-2,3-epoxysqualene; squalene	cholesterol biosynthetic process; cholesterol metabolic process; secondary alcohol biosynthetic process; secondary alcohol metabolic process; steroid biosynthetic process; sterol biosynthetic process; sterol metabolic process; zymosterol biosynthetic process; zymosterol metabolic process	2
LPIN1	Q14693	RHEA:27429;RHEA:33335;RHEA:41255;RHEA:43236;RHEA:43240;RHEA:43244;RHEA:43248;RHEA:43252;RHEA:43256;RHEA:43260;RHEA:43280;RHEA:43284;RHEA:43288;RHEA:43292;RHEA:43296	1,2-di-(4Z,7Z,10Z,13Z,16Z,19Z-docosahexaenoyl)-sn-glycero-3-phosphate; 1,2-di-(4Z,7Z,10Z,13Z,16Z,19Z-docosahexaenoyl)-sn-glycerol; 1,2-di-(5Z,8Z,11Z,14Z)-eicosatetraenoyl-sn-glycero-3-phosphate; 1,2-di-(5Z,8Z,11Z,14Z)-eicosatetraenoyl-sn-glycerol; 1,2-di-(9Z,12Z-octadecadienoyl)-sn-glycero-3-phosphate; 1,2-di-(9Z,12Z-octadecadienoyl)-sn-glycerol; 1,2-di-(9Z-octadecenoyl)-sn-glycero-3-phosphate; 1,2-di-(9Z-octadecenoyl)-sn-glycerol; 1,2-dihexadecanoyl-sn-glycero-3-phosphate; 1,2-dihexadecanoyl-sn-glycerol; 1,2-dioctadecanoyl-sn-glycero-3-phosphate; 1,2-dioctadecanoyl-sn-glycerol; 1-hexadecanoyl-2-(4Z,7Z,10Z,13Z,16Z,19Z-docosahexaenoyl)-sn-glycero-3-phosphate; 1-hexadecanoyl-2-(4Z,7Z,10Z,13Z,16Z,19Z-docosahexaenoyl)-sn-glycerol; 1-hexadecanoyl-2-(5Z,8Z,11Z,14Z-eicosatetraenoyl)-sn-glycero-3-phosphate; 1-hexadecanoyl-2-(5Z,8Z,11Z,14Z-eicosatetraenoyl)-sn-glycerol; 1-hexadecanoyl-2-(9Z,12Z-octadecadienoyl)-sn-glycero-3-phosphate; 1-hexadecanoyl-2-(9Z,12Z-octadecadienoyl)-sn-glycerol; 1-hexadecanoyl-2-(9Z-octadecenoyl)-sn-glycero-3-phosphate; 1-hexadecanoyl-2-(9Z-octadecenoyl)-sn-glycerol; 1-octadecanoyl-2-(4Z,7Z,10Z,13Z,16Z,19Z-docosahexaenoyl)-sn-glycero-3-phosphate; 1-octadecanoyl-2-(4Z,7Z,10Z,13Z,16Z,19Z-docosahexaenoyl)-sn-glycerol; 1-octadecanoyl-2-(5Z,8Z,11Z,14Z-eicosatetraenoyl)-sn-glycero-3-phosphate; 1-octadecanoyl-2-(5Z,8Z,11Z,14Z-eicosatetraenoyl)-sn-glycerol; 1-octadecanoyl-2-(9Z,12Z)-octadecadienoyl-sn-glycerol; 1-octadecanoyl-2-(9Z,12Z-octadecadienoyl)-sn-glycero-3-phosphate; 1-octadecanoyl-2-(9Z-octadecenoyl)-sn-glycero-3-phosphate; 1-octadecanoyl-2-(9Z-octadecenoyl)-sn-glycerol; a 1,2-diacyl-sn-glycero-3-phosphate; a 1,2-diacyl-sn-glycerol	acylglycerol biosynthetic process; acylglycerol metabolic process; fatty acid catabolic process; neutral lipid biosynthetic process; neutral lipid metabolic process; phosphatidylethanolamine metabolic process; triglyceride biosynthetic process; triglyceride metabolic process; triglyceride mobilization	22
GNMT	Q14749	RHEA:19937	glycine; sarcosine	L-methionine cycle; L-methionine metabolic process; S-adenosylmethionine metabolic process; homocysteine metabolic process; non-proteinogenic amino acid metabolic process; nucleoside metabolic process; one-carbon metabolic process; purine nucleoside metabolic process; purine ribonucleoside metabolic process; ribonucleoside metabolic process; sulfur amino acid metabolic process	14
NAA30	Q147X3	RHEA:50520;RHEA:50524;RHEA:50528;RHEA:50532;RHEA:50560	acetyl-CoA		27
ACOX1	Q15067	RHEA:38959;RHEA:38971;RHEA:39119;RHEA:39135;RHEA:40167;RHEA:40171;RHEA:40175;RHEA:40179;RHEA:40183;RHEA:40275;RHEA:40311;RHEA:40315;RHEA:40319;RHEA:69643;RHEA:78571;RHEA:78587;RHEA:78631;RHEA:78847;RHEA:78851;RHEA:78855;RHEA:83047;RHEA:83059;RHEA:83115;RHEA:84211;RHEA:84723;RHEA:84727;RHEA:84731;RHEA:84735;RHEA:84859;RHEA:84907;RHEA:84911;RHEA:85319;RHEA:85323;RHEA:86107;RHEA:86155;RHEA:86167;RHEA:86487;RHEA:86591;RHEA:87099;RHEA:87103;RHEA:87107	(11Z)-docosenoyl-CoA(4-); (11Z)-eicosenoyl-CoA; (13Z)-docosenoyl-CoA; (15Z)-tetracosenoyl-CoA; (17Z)-hexacosenoyl-CoA; (2E)-decenoyl-CoA; (2E)-docosenoyl-CoA; (2E)-dodecenoyl-CoA; (2E)-eicosenoyl-CoA; (2E)-glutaconyl-CoA; (2E)-hexacosenoyl-CoA; (2E)-hexadecenedioyl-CoA; (2E)-hexadecenoyl-CoA; (2E)-hexenoyl-CoA; (2E)-octacosenoyl-CoA; (2E)-octadecenoyl-CoA; (2E)-octenoyl-CoA; (2E)-tetracosenoyl-CoA; (2E)-tetradecenoyl-CoA; (2E)-triacontenoyl-CoA; (2E,11Z)-docosadienoyl-CoA; (2E,11Z)-eicosadienoyl-CoA; (2E,13Z)-docosadienoyl-CoA; (2E,15Z)-tetracosadienoyl-CoA; (2E,17Z)-hexacosadienoyl-CoA; (2E,4Z,7Z,10Z)-hexadecatetraenoyl-CoA; (2E,4Z,7Z,10Z,13Z)-hexadecapentaenoyl-CoA; (2E,4Z,7Z,10Z,13Z,16Z)-docosahexaenoyl-CoA; (2E,4Z,7Z,10Z,13Z,16Z,19Z)-docosaheptaenoyl-CoA; (2E,5Z)-hexadecadienoyl-CoA; (2E,5Z)-tetradecadienoyl-CoA; (2E,5Z,8Z,11Z)-tetradecatetraenoyl-CoA; (2E,5Z,8Z,11Z,14Z)-eicosatetraenoyl-CoA; (2E,5Z,8Z,11Z,14Z,17Z)-eicosahexaenoyl-CoA; (2E,6Z,9Z,12Z)-octadecatetraenoyl-CoA; (2E,6Z,9Z,12Z,15Z)-octadecapentaenoyl-CoA; (2E,6Z,9Z,12Z,15Z,18Z)-tetracosahexaenoyl-CoA; (2E,6Z,9Z,12Z,15Z,18Z,21Z)-tetracosaheptaenoyl-CoA; (2E,7Z)-hexadecadienoyl-CoA; (2E,7Z)-octadecadienoyl-CoA; (2E,9Z)-eicosadienoyl-CoA; (2E,9Z)-octadecadienoyl-CoA; (4Z,7Z,10Z)-hexadecatrienoyl-CoA; (4Z,7Z,10Z,13Z)-hexadecatetraenoyl-CoA; (4Z,7Z,10Z,13Z,16Z)-docosapentaenoyl-CoA; (4Z,7Z,10Z,13Z,16Z,19Z)-docosahexaenoyl-CoA; (5Z)-hexadecenoyl-CoA; (5Z)-tetradecenoyl-CoA; (5Z,8Z,11Z)-tetradecatrienoyl-CoA; (5Z,8Z,11Z,14Z)-eicosatetraenoyl-CoA; (5Z,8Z,11Z,14Z,17Z)-eicosapentaenoyl-CoA; (6Z,9Z,12Z)-octadecatrienoyl-CoA; (6Z,9Z,12Z,15Z)-octadecatetraenoyl-CoA; (6Z,9Z,12Z,15Z,18Z)-tetracosapentaenoyl-CoA; (6Z,9Z,12Z,15Z,18Z,21Z)-tetracosahexaenoyl-CoA; (7Z)-hexadecenoyl-CoA; (7Z)-octadecenoyl-CoA; (9Z)-eicosenoyl-CoA; (9Z)-octadecenoyl-CoA; a (2E)-enoyl-CoA; a 2,3-saturated acyl-CoA; a long-chain (2E)-enoyl-CoA; a long-chain 2,3-saturated fatty acyl-CoA; a medium-chain (2E)-enoyl-CoA; a medium-chain 2,3-saturated fatty acyl-CoA; a very-long-chain (2E)-enoyl-CoA; a very-long-chain 2,3-saturated fatty acyl-CoA; decanoyl-CoA; docosanoyl-CoA; dodecanoyl-CoA; eicosanoyl-CoA; glutaryl-CoA; hexacosanoyl-CoA; hexadecanedioyl-CoA; hexadecanoyl-CoA; hexanoyl-CoA; octacosanoyl-CoA; octadecanoyl-CoA; octanoyl-CoA; tetracosanoyl-CoA; tetradecanoyl-CoA; triacontanoyl-CoA	fatty acid beta-oxidation; fatty acid beta-oxidation using acyl-CoA oxidase; fatty acid catabolic process; fatty acid oxidation; hydrogen peroxide biosynthetic process; hydrogen peroxide metabolic process; icosanoid metabolic process; lipid modification; lipid oxidation; prostaglandin metabolic process; prostanoid metabolic process; reactive oxygen species biosynthetic process; reactive oxygen species metabolic process; unsaturated fatty acid metabolic process; very long-chain fatty acid beta-oxidation; very long-chain fatty acid catabolic process; very long-chain fatty acid metabolic process	60
EBP	Q15125	RHEA:11964;RHEA:15113;RHEA:15281;RHEA:33999	5,6alpha-epoxy-5alpha-cholestan-3beta-ol; 5,6beta-epoxy-5beta-cholestan-3beta-ol; 5alpha-cholest-8-en-3beta-ol; 5alpha-cholesta-7,24-dien-3beta-ol; 5alpha-cholestane-3beta,5,6beta-triol; lathosterol; zymosterol	cholesterol biosynthetic process; cholesterol metabolic process; secondary alcohol biosynthetic process; secondary alcohol metabolic process; steroid biosynthetic process; sterol biosynthetic process; sterol metabolic process	3
PMVK	Q15126	RHEA:16341	(R)-5-diphosphomevalonate; (R)-5-phosphomevalonate	acetyl-CoA metabolic process; cholesterol biosynthetic process; cholesterol metabolic process; geranylgeranyl diphosphate biosynthetic process; geranylgeranyl diphosphate metabolic process; isopentenyl diphosphate biosynthetic process; isopentenyl diphosphate biosynthetic process, mevalonate pathway; isopentenyl diphosphate metabolic process; isoprenoid biosynthetic process; isoprenoid metabolic process; secondary alcohol biosynthetic process; secondary alcohol metabolic process; steroid biosynthetic process; sterol biosynthetic process; sterol metabolic process; terpenoid biosynthetic process; terpenoid metabolic process; zymosterol biosynthetic process; zymosterol metabolic process	2
PTGES3	Q15185	RHEA:12893	prostaglandin E2; prostaglandin H2	DNA biosynthetic process; DNA metabolic process; RNA-templated DNA biosynthetic process; arachidonate metabolic process; cyclooxygenase pathway; fatty acid biosynthetic process; icosanoid biosynthetic process; icosanoid metabolic process; long-chain fatty acid metabolic process; nucleic acid biosynthetic process; olefinic compound metabolic process; prostaglandin biosynthetic process; prostaglandin metabolic process; prostanoid biosynthetic process; prostanoid metabolic process; protein folding; telomere maintenance; telomere maintenance via telomerase; telomere maintenance via telomere lengthening; unsaturated fatty acid biosynthetic process; unsaturated fatty acid metabolic process	0
QPRT	Q15274	RHEA:12733	5-phospho-alpha-D-ribose 1-diphosphate; nicotinate beta-D-ribonucleotide; quinolinate	'de novo' NAD+ biosynthetic process from L-tryptophan; NAD+ biosynthetic process; NAD+ metabolic process; aromatic amino acid metabolic process; dicarboxylic acid catabolic process; indole-containing compound metabolic process; nicotinamide nucleotide biosynthetic process; pyridine nucleotide biosynthetic process; pyridine-containing compound biosynthetic process; pyridine-containing compound catabolic process; quinolinate catabolic process; quinolinate metabolic process	12
DHCR24	Q15392	RHEA:33919;RHEA:36391;RHEA:36399	24,25-dihydrolanosterol; 5alpha-cholest-8-en-3beta-ol; cholesterol; desmosterol; lanosterol; zymosterol	cholesterol biosynthetic process; cholesterol metabolic process; secondary alcohol biosynthetic process; secondary alcohol metabolic process; steroid biosynthetic process; sterol biosynthetic process; sterol metabolic process	18
SHH	Q15465	RHEA:59504	cholesterol	androgen metabolic process; hormone metabolic process; intein-mediated protein splicing; protein autoprocessing; protein processing; protein splicing; proteolysis	15
NSDHL	Q15738	RHEA:33447;RHEA:33455;RHEA:34771;RHEA:34775;RHEA:46828;RHEA:46848;RHEA:47160;RHEA:47164;RHEA:47168;RHEA:47172	3-dehydro-4-methylzymosterol; 4alpha-carboxy-4beta-methyl-5alpha-cholest-8-en-3beta-ol; 4alpha-carboxy-5alpha-cholest-8-ene-3beta-ol; 4alpha-carboxyzymosterol; 4alpha-methyl-5alpha-cholest-8-en-3-one; 4beta-methylzymosterol-4alpha-carboxylate; 5alpha-cholest-8-en-3-one; a 3-oxosteroid; a 3beta-hydroxysteroid-4alpha-carboxylate; zymosterone	cholesterol biosynthetic process; cholesterol metabolic process; secondary alcohol biosynthetic process; secondary alcohol metabolic process; steroid biosynthetic process; sterol biosynthetic process; sterol metabolic process; zymosterol biosynthetic process; zymosterol metabolic process	2
MSMO1	Q15800	RHEA:47056;RHEA:55220;RHEA:55244;RHEA:62768;RHEA:62776;RHEA:62780;RHEA:62820	1alpha,25-dihydroxy-2beta-(1,3-dihydroxypropoxy)-cholecalciferol; 1alpha,25-dihydroxy-2beta-(3-hydroxypropoxy)-cholecalciferol; 4,4-dimethyl-5alpha-cholest-7-en-3beta-ol; 4,4-dimethyl-5alpha-cholest-8-en-3beta-ol; 4,4-dimethyl-5alpha-cholesta-8,24-dien-3beta-ol; 4alpha-carboxy-4beta-methyl-5alpha-cholest-7-ene-3beta-ol; 4alpha-carboxy-4beta-methyl-5alpha-cholest-8-en-3beta-ol; 4alpha-carboxy-5alpha-cholest-7-en-3beta-ol; 4alpha-carboxy-5alpha-cholest-8-ene-3beta-ol; 4alpha-carboxyzymosterol; 4alpha-methyl-5alpha-cholest-7-en-3beta-ol; 4alpha-methyl-5alpha-cholest-8-en-3beta-ol; 4alpha-methylzymosterol; 4beta-methylzymosterol-4alpha-carboxylate	cholesterol biosynthetic process; cholesterol metabolic process; secondary alcohol biosynthetic process; secondary alcohol metabolic process; steroid biosynthetic process; sterol biosynthetic process; sterol metabolic process; zymosterol biosynthetic process; zymosterol metabolic process	1
SCN9A	Q15858	RHEA:34963	CHEBI:29101		10
ETFDH	Q16134	RHEA:24052		cellular respiration; electron transport chain; fatty acid beta-oxidation; fatty acid beta-oxidation using acyl-CoA dehydrogenase; fatty acid catabolic process; fatty acid oxidation; lipid modification; lipid oxidation; respiratory electron transport chain	0
UAP1	Q16222	RHEA:13509;RHEA:34363;RHEA:64104	1D-myo-inositol hexakisphosphate; 5-diphospho-1D-myo-inositol 1,2,3,4,6-pentakisphosphate; N-acetyl-alpha-D-galactosamine 1-phosphate; N-acetyl-alpha-D-glucosamine 1-phosphate; UDP-N-acetyl-alpha-D-galactosamine; UDP-N-acetyl-alpha-D-glucosamine	UDP-N-acetylglucosamine biosynthetic process; UDP-N-acetylglucosamine metabolic process; amino sugar biosynthetic process; amino sugar metabolic process; nucleotide-sugar biosynthetic process; nucleotide-sugar metabolic process	15
RPE65	Q16518	RHEA:12729;RHEA:31771;RHEA:31775	(3R,3'S)-zeaxanthin; 11-cis-retinol; a fatty acid; all-trans-retinyl hexadecanoate; an all-trans-retinyl ester; hexadecanoate; lutein	aldehyde metabolic process; carotenoid biosynthetic process; carotenoid metabolic process; diterpenoid metabolic process; hormone metabolic process; isoprenoid biosynthetic process; isoprenoid metabolic process; olefinic compound metabolic process; pigment biosynthetic process; pigment metabolic process; primary alcohol metabolic process; retinal metabolic process; retinoid metabolic process; retinol metabolic process; terpenoid biosynthetic process; terpenoid metabolic process; tetraterpenoid biosynthetic process; vitamin A metabolic process; xanthophyll biosynthetic process; xanthophyll metabolic process; zeaxanthin biosynthetic process	32
FXN	Q16595	RHEA:11148		heme biosynthetic process; heme metabolic process; pigment biosynthetic process; pigment metabolic process; porphyrin-containing compound biosynthetic process; porphyrin-containing compound metabolic process; protein autoprocessing; protein processing; proteolysis; tetrapyrrole biosynthetic process; tetrapyrrole metabolic process	0
AANAT	Q16613	RHEA:20497	a 2-arylethylamine; acetyl-CoA; an N-acetyl-2-arylethylamine	N-terminal protein amino acid acetylation; N-terminal protein amino acid modification; amine biosynthetic process; amine metabolic process; biogenic amine biosynthetic process; biogenic amine metabolic process; hormone biosynthetic process; hormone metabolic process; indolalkylamine biosynthetic process; indole-containing compound biosynthetic process; indole-containing compound metabolic process; melatonin biosynthetic process; melatonin metabolic process; protein acetylation; protein acylation	27
KYNU	Q16719	RHEA:16813;RHEA:25143	3-hydroxy-L-kynurenine; 3-hydroxyanthranilate; L-alanine; L-kynurenine; anthranilate	'de novo' NAD+ biosynthetic process from L-tryptophan; L-tryptophan catabolic process; NAD+ biosynthetic process; NAD+ metabolic process; aromatic amino acid catabolic process; aromatic amino acid metabolic process; dicarboxylic acid biosynthetic process; indole-containing compound catabolic process; indole-containing compound metabolic process; nicotinamide nucleotide biosynthetic process; pyridine nucleotide biosynthetic process; pyridine-containing compound biosynthetic process; quinolinate biosynthetic process; quinolinate metabolic process	12
UGCG	Q16739	RHEA:12088;RHEA:70243;RHEA:70247	N-(9Z-octadecenoyl)-sphing-4-enine; UDP-alpha-D-glucose; UDP-alpha-D-xylose; a beta-D-glucosyl-(1<->1')-N-acylsphing-4-enine; a beta-D-xylosyl-(1<->1')-N-acylsphing-4-enine; an N-acylsphing-4-enine; beta-D-xylosyl-(1<->1')-N-(9Z-octadecenoyl)-sphing-4-enine	ceramide biosynthetic process; ceramide metabolic process; glucosylceramide biosynthetic process; glucosylceramide metabolic process; glycolipid biosynthetic process; glycolipid metabolic process; glycosphingolipid biosynthetic process; glycosphingolipid metabolic process; glycosylceramide metabolic process; lipoprotein biosynthetic process; lipoprotein metabolic process; liposaccharide metabolic process; protein lipidation	32
UPP1	Q16831	RHEA:22824;RHEA:24388	2'-deoxyuridine; 2-deoxy-alpha-D-ribose 1-phosphate; alpha-D-ribose 1-phosphate; uracil; uridine	2'-deoxyribonucleotide metabolic process; CMP catabolic process; CMP metabolic process; UMP biosynthetic process; UMP catabolic process; UMP metabolic process; UMP salvage; dCMP catabolic process; dCMP metabolic process; dTMP catabolic process; dTMP metabolic process; dUMP catabolic process; dUMP metabolic process; deoxyribonucleoside monophosphate catabolic process; deoxyribose phosphate catabolic process; glycosyl compound catabolic process; metabolic compound salvage; nucleobase-containing small molecule catabolic process; nucleoside catabolic process; nucleoside metabolic process; nucleoside monophosphate biosynthetic process; nucleoside monophosphate catabolic process; nucleoside phosphate catabolic process; nucleotide catabolic process; nucleotide salvage; pyrimidine deoxyribonucleoside monophosphate catabolic process; pyrimidine deoxyribonucleoside monophosphate metabolic process; pyrimidine deoxyribonucleotide catabolic process; pyrimidine deoxyribonucleotide metabolic process; pyrimidine nucleoside catabolic process; pyrimidine nucleoside metabolic process; pyrimidine nucleoside monophosphate biosynthetic process; pyrimidine nucleoside monophosphate catabolic process; pyrimidine nucleoside monophosphate metabolic process; pyrimidine nucleotide biosynthetic process; pyrimidine nucleotide catabolic process; pyrimidine nucleotide metabolic process; pyrimidine nucleotide salvage; pyrimidine ribonucleoside catabolic process; pyrimidine ribonucleoside metabolic process; pyrimidine ribonucleoside monophosphate biosynthetic process; pyrimidine ribonucleoside monophosphate catabolic process; pyrimidine ribonucleoside monophosphate metabolic process; pyrimidine ribonucleotide biosynthetic process; pyrimidine ribonucleotide catabolic process; pyrimidine ribonucleotide metabolic process; pyrimidine ribonucleotide salvage; pyrimidine-containing compound biosynthetic process; pyrimidine-containing compound catabolic process; pyrimidine-containing compound metabolic process; pyrimidine-containing compound salvage; ribonucleoside catabolic process; ribonucleoside metabolic process; ribonucleoside monophosphate biosynthetic process; ribonucleoside monophosphate catabolic process; ribonucleotide catabolic process; uridine catabolic process; uridine metabolic process	11
HADH	Q16836	RHEA:22432;RHEA:30799;RHEA:31159;RHEA:31187	(3S)-3-hydroxybutanoyl-CoA; (3S)-hydroxydecanoyl-CoA; (3S)-hydroxyhexadecanoyl-CoA; 3-oxodecanoyl-CoA; 3-oxohexadecanoyl-CoA; a (3S)-3-hydroxyacyl-CoA; a 3-oxoacyl-CoA; acetoacetyl-CoA	fatty acid beta-oxidation; fatty acid catabolic process; fatty acid oxidation; lipid modification; lipid oxidation	16
CYP51A1	Q16850	RHEA:25286;RHEA:45960;RHEA:54028;RHEA:68060;RHEA:68064;RHEA:68068;RHEA:75079;RHEA:75083;RHEA:75087;RHEA:75103;RHEA:75107;RHEA:75111	24,25-dihydrolanosterol; 32-hydroxy-24,25-dihydrolanosterol; 32-hydroxylanosterol; 32-oxo-24,25-dihydrolanosterol; 32-oxolanosterol; 4,4-dimethyl-5alpha-cholesta-8,14,24-trien-3beta-ol; 4,4-dimethyl-8,14-cholestadien-3beta-ol; a 14alpha-formyl steroid; a 14alpha-hydroxymethyl steroid; a 14alpha-methyl steroid; a Delta(14) steroid; formate; lanosterol	cholesterol biosynthetic process; cholesterol metabolic process; secondary alcohol biosynthetic process; secondary alcohol metabolic process; steroid biosynthetic process; sterol biosynthetic process; sterol metabolic process; zymosterol biosynthetic process; zymosterol metabolic process	7
UGP2	Q16851	RHEA:19889	UDP-alpha-D-glucose; alpha-D-glucose 1-phosphate	UDP-alpha-D-glucose metabolic process; carbohydrate biosynthetic process; energy reserve metabolic process; glucan biosynthetic process; glucan metabolic process; glycogen biosynthetic process; glycogen metabolic process; nucleotide-sugar metabolic process; polysaccharide biosynthetic process; polysaccharide metabolic process	12
DGUOK	Q16854	RHEA:19201;RHEA:23452	2'-deoxyadenosine; 2'-deoxyguanosine; dAMP; dGMP	2'-deoxyribonucleotide biosynthetic process; 2'-deoxyribonucleotide metabolic process; ATP synthesis coupled electron transport; aerobic respiration; cellular respiration; dAMP biosynthetic process; dAMP metabolic process; dAMP salvage; deoxyribonucleoside monophosphate biosynthetic process; deoxyribose phosphate biosynthetic process; electron transport chain; guanosine metabolic process; metabolic compound salvage; mitochondrial ATP synthesis coupled electron transport; nucleoside metabolic process; nucleoside monophosphate biosynthetic process; nucleotide salvage; oxidative phosphorylation; purine deoxyribonucleoside metabolic process; purine deoxyribonucleoside monophosphate biosynthetic process; purine deoxyribonucleoside monophosphate metabolic process; purine deoxyribonucleotide biosynthetic process; purine deoxyribonucleotide metabolic process; purine deoxyribonucleotide salvage; purine nucleoside metabolic process; purine nucleoside monophosphate biosynthetic process; purine nucleoside monophosphate metabolic process; purine nucleotide salvage; purine ribonucleoside metabolic process; purine-containing compound salvage; respiratory electron transport chain; ribonucleoside metabolic process	6
CDO1	Q16878	RHEA:20441	3-sulfino-L-alanine; L-cysteine	L-cysteine catabolic process; alkanesulfonate biosynthetic process; alkanesulfonate metabolic process; sulfur amino acid catabolic process; sulfur amino acid metabolic process; sulfur compound catabolic process; taurine biosynthetic process; taurine metabolic process	11
UGT8	Q16880	RHEA:13093;RHEA:43400;RHEA:43404;RHEA:48344	N-(2-hydroxy-hexanoyl)-beta-D-galactosyl-sphing-4-enine; N-(2-hydroxy-hexanoyl)-sphing-4-enine; N-(2-hydroxy-hexanoyl)-sphinganine; N-(2-hydroxyhexanoyl)-beta-D-galactosylsphinganine; UDP-alpha-D-galactose; a beta-D-Gal-(1<->1')-ceramide; a beta-D-galactosyl-(1<->1')-N-acylsphing-4-enine; an N-acyl-sphingoid base; an N-acylsphing-4-enine	ceramide biosynthetic process; ceramide metabolic process; galactolipid biosynthetic process; galactolipid metabolic process; galactosylceramide biosynthetic process; galactosylceramide metabolic process; glycolipid biosynthetic process; glycolipid metabolic process; glycosphingolipid biosynthetic process; glycosphingolipid metabolic process; glycosylceramide metabolic process; liposaccharide metabolic process	36
AAK1	Q2M2I8	RHEA:17989;RHEA:46608		phosphorylation; protein phosphorylation	0
ALG11	Q2TAA5	RHEA:29523	GDP-alpha-D-mannose; an alpha-D-Man-(1->2)-alpha-D-Man-(1->2)-alpha-D-Man-(1->3)-[alpha-D-Man-(1->6)]-beta-D-Man-(1->4)-beta-D-GlcNAc-(1->4)-alpha-D-GlcNAc-diphospho-di-trans,poly-cis-dolichol; an alpha-D-Man-(1->3)-[alpha-D-Man-(1->6)]-beta-D-Man-(1->4)-beta-D-GlcNAc-(1->4)-alpha-D-GlcNAc-diphospho-di-trans,poly-cis-dolichol	dolichol-linked oligosaccharide biosynthetic process; protein N-linked glycosylation	4
ATG2A	Q2TAZ0	RHEA:38663;RHEA:38895	a 1,2-diacyl-sn-glycero-3-phospho-L-serine; a 1,2-diacyl-sn-glycero-3-phosphoethanolamine	autophagosome assembly; autophagosome organization; autophagy; autophagy of mitochondrion; autophagy of peroxisome; carbohydrate catabolic process; energy reserve metabolic process; glucan catabolic process; glucan metabolic process; glycogen catabolic process; glycogen metabolic process; glycophagy; macroautophagy; macromolecule catabolic process; microautophagy; nucleophagy; pexophagy; piecemeal microautophagy of the nucleus; polysaccharide catabolic process; polysaccharide metabolic process; reticulophagy	23
P3H1	Q32P28	RHEA:22872	[ribosomal protein uS12]-(3S)-3-hydroxy-L-proline; succinate	collagen metabolic process; protein folding	13
TKFC	Q3LXA3	RHEA:13729;RHEA:13941;RHEA:15773	D-glyceraldehyde; D-glyceraldehyde 3-phosphate; dihydroxyacetone; dihydroxyacetone phosphate; riboflavin cyclic-4',5'-phosphate	alcohol catabolic process; alditol catabolic process; carbohydrate catabolic process; carbohydrate phosphorylation; fructose catabolic process; fructose metabolic process; glycerol catabolic process; glycerol metabolic process; hexose catabolic process; hexose metabolic process; monosaccharide catabolic process; monosaccharide metabolic process; phosphorylation; polyol catabolic process; polyol metabolic process	9
NADK2	Q4G0N4	RHEA:18629		NAD+ metabolic process	0
HSD17B12	Q53GQ0	RHEA:24612;RHEA:24616;RHEA:39151;RHEA:39311;RHEA:39323;RHEA:39459;RHEA:48680	(3R)-hydroxy-(7Z,10Z,13Z,16Z)-docosatetraenoyl-CoA; (3R)-hydroxy-(7Z,10Z,13Z,16Z,19Z)-docosapentaenoyl-CoA; (3R)-hydroxy-(8Z,11Z,14Z)-eicosatrienoyl-CoA; (3R)-hydroxyoctadecanoyl-CoA; (7Z,10Z,13Z,16Z)-3-oxodocosatetraenoyl-CoA; 17beta-estradiol; 3-oxo-(7Z,10Z,13Z,16Z,19Z)-docosapentaenoyl-CoA; 3-oxo-(8Z,11Z,14Z)-eicosatrienoyl-CoA; 3-oxooctadecanoyl-CoA; a very-long-chain (3R)-3-hydroxyacyl-CoA; a very-long-chain 3-oxoacyl-CoA; estrone	acyl-CoA biosynthetic process; androgen biosynthetic process; androgen metabolic process; estrogen biosynthetic process; estrogen metabolic process; fatty acid biosynthetic process; fatty acid derivative biosynthetic process; fatty acid derivative metabolic process; fatty acid elongation; fatty acid elongation, saturated fatty acid; fatty-acyl-CoA biosynthetic process; fatty-acyl-CoA metabolic process; hormone biosynthetic process; hormone metabolic process; long-chain fatty-acyl-CoA biosynthetic process; long-chain fatty-acyl-CoA metabolic process; steroid biosynthetic process; steroid hormone biosynthetic process	19
AGK	Q53H12	RHEA:10272;RHEA:17929;RHEA:19293;RHEA:33747;RHEA:39847;RHEA:40327;RHEA:41079;RHEA:43308;RHEA:43312;RHEA:43316;RHEA:43328	1,2-di-(9Z-octadecenoyl)-sn-glycero-3-phosphate; 1,2-di-(9Z-octadecenoyl)-sn-glycerol; 1-(5Z,8Z,11Z,14Z-eicosatetraenoyl)-sn-glycero-3-phosphate; 1-(5Z,8Z,11Z,14Z-eicosatetraenoyl)-sn-glycerol; 1-(9Z-octadecenoyl)-sn-glycero-3-phosphate; 1-(9Z-octadecenoyl)-sn-glycerol; 1-hexadecanoyl-sn-glycero-3-phosphate; 1-hexadecanoyl-sn-glycerol; 2-(5Z,8Z,11Z,14Z-eicosatetraenoyl)-glycerol; 2-(5Z,8Z,11Z,14Z-eicosatetraenoyl)-sn-glycero-3-phosphate; N-(hexanoyl)sphing-4-enine; N-hexanoylsphing-4-enine 1-phosphate; a 1,2-diacyl-sn-glycero-3-phosphate; a 1,2-diacyl-sn-glycerol; a 1-acyl-sn-glycero-3-phosphate; a 1-acyl-sn-glycerol; a 2-acyl-sn-glycerol 3-phosphate; a 2-acylglycerol; a monoacyl-sn-glycero-3-phosphate; a monoacylglycerol; an N-acylsphing-4-enine; an N-acylsphing-4-enine 1-phosphate	ceramide biosynthetic process; ceramide metabolic process; diol biosynthetic process; diol metabolic process; polyol biosynthetic process; polyol metabolic process; sphingoid biosynthetic process; sphingoid metabolic process; sphingosine biosynthetic process; sphingosine metabolic process	47
ALG10	Q5BKT4	RHEA:29543	a alpha-D-Glc-(1->2)-alpha-D-Glc-(1->3)-alpha-D-Glc-(1->3)-alpha-D-Man-(1->2)-alpha-D-Man-(1->2)-alpha-D-Man-(1->3)-[alpha-D-Man-(1->2)-alpha-D-Man-(1->3)-[alpha-D-Man-(1->2)-alpha-D-Man-(1->6)]-alpha-D-Man-(1->6)]-beta-D-Man-(1->4)-beta-D-GlcNAc-(1->4)-alpha-D-GlcNAc-diphospho-di-trans,poly-cis-dolichol; a di-trans,poly-cis-dolichyl beta-D-glucosyl phosphate; a di-trans,poly-cis-dolichyl phosphate; an alpha-D-Glc-(1->3)-alpha-D-Glc-(1->3)-alpha-D-Man-(1->2)-alpha-D-Man-(1->2)-alpha-D-Man-(1->3)-[alpha-D-Man-(1->2)-alpha-D-Man-(1->3)-[alpha-D-Man-(1->2)-alpha-D-Man-(1->6)]-alpha-D-Man-(1->6)]-beta-D-Man-(1->4)-beta-D-GlcNAc-(1->4)-alpha-D-GlcNAc-diphospho-di-trans,poly-cis-dolichol	dolichol-linked oligosaccharide biosynthetic process; protein N-linked glycosylation	14
ACTMAP	Q5BKX5	RHEA:74571;RHEA:74575;RHEA:74579;RHEA:74583	N-acetyl-L-cysteine; N-acetyl-L-methionine	protein processing; proteolysis	1
SLC45A4	Q5BKX6	RHEA:35039;RHEA:72135	putrescine; spermidine		8
PIGG	Q5H8A4	RHEA:61016	a 1,2-diacyl-sn-glycero-3-phosphoethanolamine; a 1,2-diacyl-sn-glycerol; a 2-acyl-6-[6-phosphoethanolamine-alpha-D-mannosyl-(1->2)-6-phosphoethanolamine-alpha-D-mannosyl-(1->6)-2-phosphoethanolamine-alpha-D-mannosyl-(1->4)-alpha-D-glucosaminyl]-1-(1-radyl,2-acyl-sn-glycero-3-phospho)-1D-myo-inositol; a 2-acyl-6-[6-phosphoethanolamine-alpha-D-mannosyl-(1->2)-alpha-D-mannosyl-(1->6)-2-phosphoethanolamine-alpha-D-mannosyl-(1->4)-alpha-D-glucosaminyl]-1-(1-radyl,2-acyl-sn-glycero-3-phospho)-1D-myo-inositol	GPI anchor biosynthetic process; GPI anchor metabolic process; GPI anchored protein biosynthesis; glycolipid biosynthetic process; glycolipid metabolic process; liposaccharide metabolic process	31
COQ5	Q5HYK3	RHEA:44764	2-methoxy-6-(all-trans-decaprenyl)benzene-1,4-diol; 5-methoxy-2-methyl-3-(all-trans-decaprenyl)benzene-1,4-diol	ketone biosynthetic process; ketone metabolic process; methylation; quinone biosynthetic process; quinone metabolic process; ubiquinone biosynthetic process; ubiquinone metabolic process	1
AARS2	Q5JTZ9	RHEA:12540;RHEA:80271;RHEA:80275	(S)-lactate; (S)-lactoyl-AMP; L-alanine	RNA metabolic process; alanyl-tRNA aminoacylation; amino acid activation; aminoacyl-tRNA metabolism involved in translational fidelity; mitochondrial RNA metabolic process; mitochondrial alanyl-tRNA aminoacylation; mitochondrial gene expression; mitochondrial translation; protein biosynthetic process; tRNA aminoacylation; tRNA aminoacylation for mitochondrial protein translation; tRNA aminoacylation for protein translation; tRNA metabolic process; translation	9
ACER2	Q5QJU3	RHEA:20856;RHEA:33551;RHEA:38891;RHEA:41267;RHEA:41275;RHEA:41279;RHEA:41283;RHEA:41287;RHEA:41291;RHEA:41295;RHEA:41299	(15Z)-tetracosenoate; (9Z)-octadecenoate; N-(15Z-tetracosenoyl)-sphing-4-enine; N-(9Z-octadecenoyl)-sphing-4-enine; N-(hexanoyl)sphing-4-enine; N-dodecanoylsphing-4-enine; N-eicosanoyl-sphing-4-enine; N-hexadecanoylsphing-4-enine; N-octadecanoylsphing-4-enine; N-tetracosanoyl-sphing-4-enine; N-tetradecanoylsphing-4-enine; a fatty acid; an N-acylsphing-4-enine; an N-acylsphinganine; dodecanoate; eicosanoate; hexadecanoate; hexanoate; octadecanoate; sphing-4-enine; sphinganine; tetracosanoate; tetradecanoate	ceramide catabolic process; ceramide metabolic process; diol biosynthetic process; diol metabolic process; polyol biosynthetic process; polyol metabolic process; sphingoid biosynthetic process; sphingoid metabolic process; sphingolipid catabolic process; sphingosine biosynthetic process; sphingosine metabolic process	51
LRRK2	Q5S007	RHEA:17989;RHEA:19669;RHEA:46608		GTP metabolic process; phosphorylation; protein autophosphorylation; protein phosphorylation	0
PDSS1	Q5T2R2	RHEA:27802;RHEA:55364	(2E,6E)-farnesyl diphosphate; all-trans-decaprenyl diphosphate; all-trans-nonaprenyl diphosphate; isopentenyl diphosphate	isoprenoid biosynthetic process; isoprenoid metabolic process; ketone biosynthetic process; ketone metabolic process; quinone biosynthetic process; quinone metabolic process; ubiquinone biosynthetic process; ubiquinone metabolic process	13
TMEM63B	Q5T3F8	RHEA:29463;RHEA:29671;RHEA:29827;RHEA:34963;RHEA:38571;RHEA:39727;RHEA:78555	CHEBI:29101; CHEBI:29103; CHEBI:49547; a 1,2-diacyl-sn-glycero-3-phosphocholine; a sphingomyelin		37
AFMID	Q63HM1	RHEA:13009	L-kynurenine; N-formyl-L-kynurenine; formate	'de novo' NAD+ biosynthetic process from L-tryptophan; L-tryptophan catabolic process; NAD+ biosynthetic process; NAD+ metabolic process; aromatic amino acid catabolic process; aromatic amino acid metabolic process; indole-containing compound catabolic process; indole-containing compound metabolic process; nicotinamide nucleotide biosynthetic process; pyridine nucleotide biosynthetic process; pyridine-containing compound biosynthetic process	12
LPCAT4	Q643R3	RHEA:12937;RHEA:16245;RHEA:23992;RHEA:32995;RHEA:33191;RHEA:33359;RHEA:37387;RHEA:37475;RHEA:37531;RHEA:37575;RHEA:37631;RHEA:37635;RHEA:37647;RHEA:37731;RHEA:37755;RHEA:37759;RHEA:37763;RHEA:37767;RHEA:37771;RHEA:37775;RHEA:37779;RHEA:37783;RHEA:37787;RHEA:37803;RHEA:74799;RHEA:74811;RHEA:86879;RHEA:86883;RHEA:86887;RHEA:86891;RHEA:86895	(4Z,7Z,10Z,13Z,16Z,19Z)-docosahexaenoyl-CoA; (5Z,8Z,11Z,14Z)-eicosatetraenoyl-CoA; (9Z)-octadecenoyl-CoA; (9Z,12Z)-octadecadienoyl-CoA; 1,2-di-(9Z)-octadecenoyl-sn-glycero-3-phospho-L-serine; 1,2-di-(9Z-octadecenoyl)-sn-glycero-3-phosphocholine; 1,2-di-(9Z-octadecenoyl)-sn-glycero-3-phosphoethanolamine; 1,2-dihexadecanoyl-sn-glycero-3-phosphocholine; 1-(9Z,12Z-octadecadienoyl)-2-(9Z-octadecenoyl)-sn-glycero-3-phosphocholine; 1-(9Z-octadecenoyl)-sn-glycero-3-phosphocholine; 1-O-(1Z)-alkenyl-2-(5Z,8Z,11Z,14Z)-eicosatetraenoyl-sn-glycero-3-phosphoethanolamine; 1-O-(1Z)-alkenyl-2-(9Z)-octadecenoyl-sn-glycero-3-phosphoethanolamine; 1-O-(1Z)-alkenyl-2-hexadecanoyl-sn-glycero-3-phosphoethanolamine; 1-O-(1Z)-alkenyl-2-octadecanoyl-sn-glycero-3-phosphoethanolamine; 1-O-(1Z)-alkenyl-2-octanoyl-sn-glycero-3-phosphoethanolamine; 1-O-hexadecyl-2-(5Z,8Z,11Z,14Z)-eicosatetraenoyl-sn-glycero-3-phosphocholine; 1-O-hexadecyl-2-(9Z)-octadecenoyl-sn-glycero-3-phosphocholine; 1-O-hexadecyl-sn-glycero-3-phosphocholine; 1-acyl-2-(5Z,8Z,11Z,14Z)-eicosatetraenoyl-sn-glycero-3-phosphoethanolamine; 1-acyl-2-(9Z)-octadecenoyl-sn-glycero-3-phosphoethanolamine; 1-acyl-2-hexadecanoyl-sn-glycero-3-phosphocholine; 1-acyl-2-hexadecanoyl-sn-glycero-3-phosphoethanolamine; 1-acyl-2-octadecanoyl-sn-glycero-3-phosphoethanolamine; 1-acyl-2-octanoyl-sn-glycero-3-phosphoethanolamine; 1-hexadecanoyl-2-(4Z,7Z,10Z,13Z,16Z,19Z-docosahexaenoyl)-sn-glycero-3-phosphocholine; 1-hexadecanoyl-2-(9Z-octadecenoyl)-sn-glycero-3-phospho-L-serine; 1-hexadecanoyl-2-(9Z-octadecenoyl)-sn-glycero-3-phosphocholine; 1-hexadecanoyl-sn-glycero-3-phospho-L-serine; 1-hexadecanoyl-sn-glycero-3-phosphocholine; 1-octadecanoyl-2-(5Z,8Z,11Z,14Z-eicosatetraenoyl)-sn-glycero-3-phospho-(1'-sn-glycerol); 1-octadecanoyl-2-(9Z-octadecenoyl)-sn-glycero-3-phospho-(1'-sn-glycerol); 1-octadecanoyl-2-(9Z-octadecenoyl)-sn-glycero-3-phosphocholine; 1-octadecanoyl-sn-glycero-3-phospho-(1'-sn-glycerol); 2-(9Z-octadecenoyl)-sn-glycero-3-phospho-L-serine; 2-(9Z-octadecenoyl)-sn-glycero-3-phosphocholine; 2-(9Z-octadecenoyl)-sn-glycero-3-phosphoethanolamine; 2-hexadecanoyl-sn-glycero-3-phosphocholine; a 1,2-diacyl-sn-glycero-3-phospho-L-serine; a 1,2-diacyl-sn-glycero-3-phosphocholine; a 1,2-diacyl-sn-glycero-3-phosphoethanolamine; a 1-O-(1Z-alkenyl)-2-acyl-sn-glycero-3-phosphoethanolamine; a 1-O-(1Z-alkenyl)-sn-glycero-3-phosphoethanolamine; a 1-O-alkyl-2-acyl-sn-glycero-3-phosphocholine; a 1-O-alkyl-sn-glycero-3-phosphocholine; a 1-acyl-2-(9Z)-octadecenoyl-sn-glycero-3-phosphocholine; a 1-acyl-sn-glycero-3-phospho-L-serine; a 1-acyl-sn-glycero-3-phosphocholine; a 1-acyl-sn-glycero-3-phosphoethanolamine; an acyl-CoA; hexadecanoyl-CoA; octadecanoyl-CoA; octanoyl-CoA	phosphatidic acid biosynthetic process; phosphatidic acid metabolic process; phosphatidylcholine acyl-chain remodeling; phosphatidylcholine metabolic process; phosphatidylethanolamine acyl-chain remodeling; phosphatidylglycerol acyl-chain remodeling; phosphatidylglycerol metabolic process; phosphatidylserine acyl-chain remodeling; phosphatidylserine metabolic process	82
HGSNAT	Q68CP4	RHEA:15125	N-acetyl-alpha-D-glucosaminyl-[heparan sulfate](n); acetyl-CoA; alpha-D-glucosaminyl-[heparan sulfate](n)	glycoprotein catabolic process; heparan sulfate proteoglycan catabolic process; heparan sulfate proteoglycan metabolic process; macromolecule catabolic process; protein catabolic process; proteoglycan catabolic process; proteoglycan metabolic process	27
ATL3	Q6DD88	RHEA:19669			0
PM20D1	Q6GTS8	RHEA:15565;RHEA:51300;RHEA:51312;RHEA:51316;RHEA:51352;RHEA:51356;RHEA:51360;RHEA:54184;RHEA:64108;RHEA:64116;RHEA:64124;RHEA:64128;RHEA:64132;RHEA:64136;RHEA:64144;RHEA:64176;RHEA:64184;RHEA:64192	(4Z,7Z,10Z,13Z,16Z,19Z)-docosahexaenoate; (5Z,8Z,11Z,14Z)-eicosatetraenoate; (9Z)-octadecenoate; L-asparagine; L-leucine; L-lysine; L-methionine; L-phenylalanine; L-serine; L-tryptophan; L-tyrosine; N-(4Z,7Z,10Z,13Z,16Z,19Z-docosahexaenoyl)-L-phenylalanine; N-(5Z,8Z,11Z,14Z)-eicosatetraenoyl-glycine; N-(5Z,8Z,11Z,14Z-eicosatetraenoyl)-L-phenylalanine; N-(5Z,8Z,11Z,14Z-eicosatetraenoyl)-L-serine; N-(9Z-octadecenoyl)-L-asparagine; N-(9Z-octadecenoyl)-L-glutamine; N-(9Z-octadecenoyl)-L-leucine; N-(9Z-octadecenoyl)-L-lysine; N-(9Z-octadecenoyl)-L-methionine; N-(9Z-octadecenoyl)-L-phenylalanine; N-(9Z-octadecenoyl)-L-serine; N-(9Z-octadecenoyl)-L-tryptophan; N-(9Z-octadecenoyl)-L-tyrosine; N-(9Z-octadecenoyl)glycine; N-hexadecanoyl-L-phenylalanine; N-octadecanoyl-L-phenylalanine; a carboxylate; an L-alpha-amino acid; an N-acyl-L-amino acid; an N-acyl-aromatic L-alpha-amino acid; an aromatic L-alpha-amino acid; glycine; hexadecanoate; octadecanoate		58
NADSYN1	Q6IA69	RHEA:24384	deamido-NAD(+)	'de novo' NAD+ biosynthetic process from L-tryptophan; NAD+ biosynthetic process; NAD+ biosynthetic process via the salvage pathway; NAD+ metabolic process; aromatic amino acid metabolic process; indole-containing compound metabolic process; metabolic compound salvage; nicotinamide nucleotide biosynthetic process; nucleotide salvage; purine nucleotide salvage; purine-containing compound salvage; pyridine nucleotide biosynthetic process; pyridine nucleotide salvage; pyridine-containing compound biosynthetic process	3
SLC8B1	Q6J4K2	RHEA:69955;RHEA:72631	CHEBI:29101; CHEBI:49713		10
SLC25A24	Q6NUK1	RHEA:65840;RHEA:65844;RHEA:70259;RHEA:72035;RHEA:72855;RHEA:73659;RHEA:73671;RHEA:73675;RHEA:73679;RHEA:73687;RHEA:73691;RHEA:73695	3'-AMP; dAMP		2
HIBCH	Q6NVY1	RHEA:20888	3-hydroxy-2-methylpropanoate; 3-hydroxy-2-methylpropanoyl-CoA	L-valine catabolic process; branched-chain amino acid catabolic process; branched-chain amino acid metabolic process	1
LPCAT3	Q6P1A2	RHEA:12937;RHEA:32995;RHEA:33191;RHEA:35983;RHEA:35987;RHEA:35991;RHEA:35995;RHEA:35999;RHEA:36023;RHEA:37207;RHEA:37375;RHEA:37379;RHEA:37383;RHEA:37387;RHEA:37391;RHEA:37395;RHEA:37407;RHEA:37479;RHEA:37483;RHEA:37487;RHEA:37495;RHEA:37503;RHEA:37511;RHEA:37515;RHEA:37527;RHEA:37531;RHEA:37535;RHEA:37539;RHEA:37559;RHEA:37563;RHEA:37567;RHEA:37571;RHEA:37575;RHEA:37579;RHEA:37635;RHEA:37655;RHEA:64204;RHEA:64228	(5Z,8Z,11Z,14Z)-eicosatetraenoyl-CoA; (9Z)-hexadecenoyl-CoA; (9Z)-octadecenoyl-CoA; (9Z,12Z)-octadecadienoyl-CoA; 1,2-di-(9Z)-octadecenoyl-sn-glycero-3-phospho-L-serine; 1,2-di-(9Z-octadecenoyl)-sn-glycero-3-phosphocholine; 1,2-dihexadecanoyl-sn-glycero-3-phosphocholine; 1-(10Z-heptadecenoyl)-2-(5Z,8Z,11Z,14Z-eicosatetraenoyl)-sn-glycero-3-phosphoethanolamine; 1-(10Z-heptadecenoyl)-2-(9Z,12Z-octadecadienoyl)-sn-glycero-3-phosphoethanolamine; 1-(10Z-heptadecenoyl)-sn-glycero-3-phosphoethanolamine; 1-(9Z)-octadecenoyl-2-(5Z,8Z,11Z,14Z)-eicosatetraenoyl-sn-glycero-3-phosphoethanolamine; 1-(9Z)-octadecenoyl-2-(5Z,8Z,11Z,14Z)-icosatetraenoyl-sn-glycero-3-phosphocholine; 1-(9Z)-octadecenoyl-2-(9Z,12Z)-octadecadienoyl-sn-glycero-3-phosphocholine; 1-(9Z)-octadecenoyl-2-(9Z,12Z)-octadecadienoyl-sn-glycero-3-phosphoethanolamine; 1-(9Z-octadecenoyl)-2-(5Z,8Z,11Z,14Z-eicosatetraenoyl)-sn-glycero-3-phospho-L-serine; 1-(9Z-octadecenoyl)-2-(9Z,12Z-octadienoyl)-sn-glycero-3-phospho-L-serine; 1-(9Z-octadecenoyl)-2-hexadecanoyl-sn-glycero-3-phosphocholine; 1-(9Z-octadecenoyl)-sn-glycero-3-phospho-L-serine; 1-(9Z-octadecenoyl)-sn-glycero-3-phosphocholine; 1-(9Z-octadecenoyl)-sn-glycero-3-phosphoethanolamine; 1-O-(1Z)-alkenyl-2-(5Z,8Z,11Z,14Z)-eicosatetraenoyl-sn-glycero-3-phosphoethanolamine; 1-acyl-2-(5Z,8Z,11Z,14Z)-eicosatetraenoyl-sn-glycero-3-phosphoethanolamine; 1-acyl-2-(5Z,8Z,11Z,14Z-eicosatetraenoyl)-sn-glycero-3-phospho-L-serine; 1-acyl-2-(5Z,8Z,11Z,14Z-eicosatetraenoyl)-sn-glycero-3-phosphocholine; 1-acyl-2-(9Z,12Z)-octadecadienoyl-sn-glycero-3-phosphocholine; 1-acyl-2-(9Z,12Z)-octadecadienoyl-sn-glycero-3-phosphoethanolamine; 1-acyl-2-(9Z,12Z-octadecadienoyl)-sn-glycero-3-phospho-L-serine; 1-dodecanoyl-2-(5Z,8Z,11Z,14Z)-eicosatetraenoyl-sn-glycero-3-phosphocholine; 1-dodecanoyl-2-hexadecanoyl-sn-glycero-3-phosphocholine; 1-dodecanoyl-sn-glycero-3-phosphocholine; 1-eicosanoyl-2-(5Z,8Z,11Z,14Z)-eicosatetraenoyl-sn-glycero-3-phosphocholine; 1-eicosanoyl-sn-glycero-3-phosphocholine; 1-hexadecanoyl-2-(5Z,8Z,11Z,14Z-eicosatetraenoyl)-sn-glycero-3-phospho-L-serine; 1-hexadecanoyl-2-(5Z,8Z,11Z,14Z-eicosatetraenoyl)-sn-glycero-3-phosphocholine; 1-hexadecanoyl-2-(5Z,8Z,11Z,14Z-eicosatetraenoyl)-sn-glycero-3-phosphoethanolamine; 1-hexadecanoyl-2-(9Z,12Z-octadecadienoyl)-sn-glycero-3-phospho-L-serine; 1-hexadecanoyl-2-(9Z,12Z-octadecadienoyl)-sn-glycero-3-phosphocholine; 1-hexadecanoyl-2-(9Z-hexadecenoyl)-sn-glycero-3-phosphocholine; 1-hexadecanoyl-2-(9Z-octadecenoyl)-sn-glycero-3-phospho-L-serine; 1-hexadecanoyl-2-(9Z-octadecenoyl)-sn-glycero-3-phosphocholine; 1-hexadecanoyl-2-dodecanoyl-sn-glycero-3-phosphocholine; 1-hexadecanoyl-2-octadecanoyl-sn-glycero-3-phosphocholine; 1-hexadecanoyl-sn-glycero-3-phospho-L-serine; 1-hexadecanoyl-sn-glycero-3-phosphocholine; 1-hexadecanoyl-sn-glycero-3-phosphoethanolamine; 1-octadecanoyl-2-(5Z,8Z,11Z,14Z-eicosatetraenoyl)-sn-glycero-3-phosphocholine; 1-octadecanoyl-2-hexadecanoyl-sn-glycero-3-phosphocholine; 1-octadecanoyl-sn-glycero-3-phosphocholine; 1-tetradecanoyl-2-hexadecanoyl-sn-glycero-3-phosphocholine; 1-tetradecanoyl-sn-glycero-3-phosphocholine; a 1,2-diacyl-sn-glycero-3-phospho-L-serine; a 1,2-diacyl-sn-glycero-3-phosphocholine; a 1,2-diacyl-sn-glycero-3-phosphoethanolamine; a 1-O-(1Z-alkenyl)-sn-glycero-3-phosphoethanolamine; a 1-acyl-sn-glycero-3-phospho-L-serine; a 1-acyl-sn-glycero-3-phosphocholine; a 1-acyl-sn-glycero-3-phosphoethanolamine; an acyl-CoA; dodecanoyl-CoA; hexadecanoyl-CoA; octadecanoyl-CoA	lipid modification; phosphatidylcholine acyl-chain remodeling; phosphatidylcholine biosynthetic process; phosphatidylcholine metabolic process; phosphatidylethanolamine acyl-chain remodeling; phosphatidylserine acyl-chain remodeling; phosphatidylserine metabolic process	79
DARS2	Q6PI48	RHEA:19649	L-aspartate	RNA metabolic process; amino acid activation; asparaginyl-tRNA aminoacylation; aspartyl-tRNA aminoacylation; mitochondrial RNA metabolic process; mitochondrial asparaginyl-tRNA aminoacylation; mitochondrial gene expression; mitochondrial translation; protein biosynthetic process; tRNA aminoacylation; tRNA aminoacylation for mitochondrial protein translation; tRNA aminoacylation for protein translation; tRNA metabolic process; translation	12
PAOX	Q6QHF9	RHEA:25800;RHEA:25812;RHEA:25868	3-acetamidopropanal; N(1),N(12)-diacetylspermine; N(1)-acetylspermidine; N(1)-acetylspermine; putrescine; spermidine	amine biosynthetic process; amine catabolic process; amine metabolic process; biogenic amine biosynthetic process; biogenic amine catabolic process; biogenic amine metabolic process; polyamine biosynthetic process; polyamine catabolic process; polyamine metabolic process; putrescine biosynthetic process; putrescine catabolic process; putrescine metabolic process; spermidine catabolic process; spermidine metabolic process; spermine catabolic process; spermine metabolic process	8
MTHFD1L	Q6UB35	RHEA:20221	(6R)-10-formyltetrahydrofolate; (6S)-5,6,7,8-tetrahydrofolate; formate	10-formyltetrahydrofolate biosynthetic process; 10-formyltetrahydrofolate metabolic process; dicarboxylic acid biosynthetic process; folic acid-containing compound biosynthetic process; folic acid-containing compound metabolic process; formate biosynthetic process; formate metabolic process; modified amino acid biosynthetic process; one-carbon metabolic process; pteridine-containing compound biosynthetic process; pteridine-containing compound metabolic process; tetrahydrofolate biosynthetic process; tetrahydrofolate interconversion; tetrahydrofolate metabolic process	13
ENPP7	Q6UWV6	RHEA:19253;RHEA:41119;RHEA:63380;RHEA:63384	1-O-octadecyl-2-acetyl-sn-glycero-3-phosphocholine; 1-O-octadecyl-2-acetyl-sn-glycerol; 1-hexadecanoyl-sn-glycero-3-phosphocholine; 1-hexadecanoyl-sn-glycerol; a 1-O-alkyl-2-acetyl-sn-glycero-3-phosphocholine; a 1-O-alkyl-2-acetyl-sn-glycerol; a sphingomyelin; an N-acylsphing-4-enine; phosphocholine	glycolipid catabolic process; glycolipid metabolic process; glycosphingolipid catabolic process; glycosphingolipid metabolic process; liposaccharide metabolic process; sphingolipid catabolic process; sphingomyelin metabolic process	35
NAPRT	Q6XQN6	RHEA:36163	5-phospho-alpha-D-ribose 1-diphosphate; nicotinate; nicotinate beta-D-ribonucleotide	NAD+ biosynthetic process; NAD+ biosynthetic process via the salvage pathway; NAD+ metabolic process; metabolic compound salvage; nicotinamide nucleotide biosynthetic process; nucleotide salvage; purine nucleotide salvage; purine-containing compound salvage; pyridine nucleotide biosynthetic process; pyridine nucleotide salvage; pyridine-containing compound biosynthetic process	12
HACD2	Q6Y1H2	RHEA:39155;RHEA:39159;RHEA:39175;RHEA:39187;RHEA:39199;RHEA:39211;RHEA:45812	(2E)-docosenoyl-CoA; (2E)-eicosenoyl-CoA; (2E)-hexacosenoyl-CoA; (2E)-hexadecenoyl-CoA; (2E)-octadecenoyl-CoA; (2E)-tetracosenoyl-CoA; (3R)-hydroxydocosanoyl-CoA; (3R)-hydroxyeicosanoyl-CoA; (3R)-hydroxyhexacosanoyl-CoA; (3R)-hydroxyhexadecanoyl-CoA; (3R)-hydroxyoctadecanoyl-CoA; (3R)-hydroxytetracosanoyl-CoA; a very-long-chain (2E)-enoyl-CoA; a very-long-chain (3R)-3-hydroxyacyl-CoA	acyl-CoA biosynthetic process; fatty acid biosynthetic process; fatty acid derivative biosynthetic process; fatty acid derivative metabolic process; fatty acid elongation; fatty-acyl-CoA biosynthetic process; fatty-acyl-CoA metabolic process; long-chain fatty-acyl-CoA biosynthetic process; long-chain fatty-acyl-CoA metabolic process; very long-chain fatty acid biosynthetic process; very long-chain fatty acid metabolic process	13
B3GLCT	Q6Y288	RHEA:70543;RHEA:70547	UDP-alpha-D-glucose	protein O-linked glycosylation; protein O-linked glycosylation via fucose	9
AATK	Q6ZMQ8	RHEA:17989;RHEA:46608			0
ACP7	Q6ZNF0	RHEA:15017	a phosphate monoester; an alcohol		6
GK5	Q6ZS86	RHEA:21644	glycerol; sn-glycerol 3-phosphate	acylglycerol metabolic process; alcohol catabolic process; alditol catabolic process; alditol phosphate metabolic process; carbohydrate catabolic process; glycerol catabolic process; glycerol metabolic process; glycerol-3-phosphate biosynthetic process; glycerol-3-phosphate metabolic process; neutral lipid metabolic process; polyol catabolic process; polyol metabolic process; triglyceride metabolic process	10
SLC25A26	Q70HW3	RHEA:75479		macromolecule methylation; methylation	0
PGAP1	Q75T13	RHEA:83663;RHEA:83787	a fatty acid	GPI anchored protein biosynthesis; attachment of GPI anchor to protein	15
COX15	Q7KZN9	RHEA:63388	Fe(II)-heme a; Fe(II)-heme o	heme A biosynthetic process; heme biosynthetic process; heme metabolic process; pigment biosynthetic process; pigment metabolic process; porphyrin-containing compound biosynthetic process; porphyrin-containing compound metabolic process; tetrapyrrole biosynthetic process; tetrapyrrole metabolic process	1
CYB5R4	Q7L1T6	RHEA:46680		reactive oxygen species metabolic process; superoxide metabolic process	0
NDUFAF7	Q7L592	RHEA:48108		macromolecule methylation; methylation; peptidyl-arginine N-methylation; peptidyl-arginine methylation; peptidyl-arginine methylation, to symmetrical-dimethyl arginine; peptidyl-arginine modification; peptidyl-arginine omega-N-methylation; protein alkylation; protein methylation	0
LPCAT2	Q7L5N7	RHEA:10344;RHEA:12937;RHEA:18461;RHEA:19709;RHEA:33187;RHEA:35991;RHEA:37131;RHEA:37143;RHEA:37151;RHEA:37155;RHEA:37159;RHEA:37163;RHEA:37171;RHEA:37175;RHEA:37595;RHEA:37699;RHEA:37703;RHEA:37707;RHEA:37711;RHEA:37719;RHEA:37747	(5Z,8Z,11Z,14Z)-eicosatetraenoyl-CoA; (9Z)-octadecenoyl-CoA; (9Z,12Z)-octadecadienoyl-CoA; 1,2-di-(9Z-octadecenoyl)-sn-glycero-3-phosphate; 1-(9Z)-octadecenoyl-2-(9Z,12Z)-octadecadienoyl-sn-glycero-3-phosphate; 1-(9Z)-octadecenoyl-2-heptadecanoyl-sn-glycero-3-phosphate; 1-(9Z)-octadecenoyl-2-hexadecanoyl-sn-glycero-3-phosphate; 1-(9Z)-octadecenoyl-2-nonadecanoyl-sn-glycero-3-phosphate; 1-(9Z)-octadecenoyl-2-pentadecanoyl-sn-glycero-3-phosphate; 1-(9Z)-octadecenoyl-2-tetradecanoyl-sn-glycero-3-phosphate; 1-(9Z-octadecenoyl)-sn-glycero-3-phosphate; 1-O-(1Z)-alkenyl-2-acetyl-sn-glycero-3-phosphocholine; 1-O-hexadecyl-2-acetyl-sn-glycero-3-phosphocholine; 1-O-hexadecyl-sn-glycero-3-phosphocholine; 1-O-octadecyl-2-(5Z,8Z,11Z,14Z)-eicosatetraenoyl-sn-glycero-3-phosphocholine; 1-O-octadecyl-2-acetyl-sn-glycero-3-phosphocholine; 1-O-octadecyl-sn-glycero-3-phosphocholine; 1-heptadecanoyl-2-(9Z)-octadecenoyl-sn-glycero-3-phosphate; 1-heptadecanoyl-sn-glycero-3-phosphate; 1-hexadecanoyl-2-(9Z-octadecenoyl)-sn-glycero-3-phosphate; 1-hexadecanoyl-2-(9Z-octadecenoyl)-sn-glycero-3-phosphocholine; 1-hexadecanoyl-2-acetyl-sn-glycero-3-phosphocholine; 1-hexadecanoyl-sn-glycero-3-phosphate; 1-hexadecanoyl-sn-glycero-3-phosphocholine; 1-octadecanoyl-2-(9Z-octadecenoyl)-sn-glycero-3-phosphate; 1-octadecanoyl-2-acetyl-sn-glycero-3-phosphocholine; 1-octadecanoyl-sn-glycero-3-phosphate; 1-octadecanoyl-sn-glycero-3-phosphocholine; a 1,2-diacyl-sn-glycero-3-phosphate; a 1,2-diacyl-sn-glycero-3-phosphocholine; a 1-O-(1Z-alkenyl)-2-acyl-sn-glycero-3-phosphocholine; a 1-O-(1Z-alkenyl)-sn-glycero-3-phosphocholine; a 1-O-alkyl-2-acetyl-sn-glycero-3-phosphocholine; a 1-O-alkyl-sn-glycero-3-phosphocholine; a 1-acyl-sn-glycero-3-phosphate; a 1-acyl-sn-glycero-3-phosphocholine; acetyl-CoA; an acyl-CoA; heptadecanoyl-CoA; hexadecanoyl-CoA; nonadecanoyl-CoA; pentadecanoyl-CoA; tetradecanoyl-CoA	ether biosynthetic process; ether lipid biosynthetic process; ether lipid metabolic process; glycerol ether biosynthetic process; phosphatidylcholine acyl-chain remodeling; phosphatidylcholine metabolic process; platelet activating factor biosynthetic process; platelet activating factor metabolic process	89
RRM2B	Q7LG56	RHEA:23252	a 2'-deoxyribonucleoside 5'-diphosphate; a ribonucleoside 5'-diphosphate	2'-deoxyribonucleotide biosynthetic process; 2'-deoxyribonucleotide metabolic process; DNA biosynthetic process; DNA metabolic process; DNA repair; DNA replication; DNA synthesis involved in DNA repair; DNA-templated DNA replication; deoxyribonucleotide biosynthetic process; deoxyribonucleotide metabolic process; deoxyribose phosphate biosynthetic process; mitochondrial DNA metabolic process; mitochondrial DNA replication; nucleic acid biosynthetic process; nucleoside diphosphate metabolic process; ribonucleoside diphosphate metabolic process	1
ATG9A	Q7Z3C6	RHEA:38571;RHEA:38663;RHEA:38895	a 1,2-diacyl-sn-glycero-3-phospho-L-serine; a 1,2-diacyl-sn-glycero-3-phosphocholine; a 1,2-diacyl-sn-glycero-3-phosphoethanolamine	autophagosome assembly; autophagosome organization; autophagy; autophagy of mitochondrion; macroautophagy; microautophagy; mitophagy; nucleophagy; piecemeal microautophagy of the nucleus; protein localization to phagophore assembly site; reticulophagy	32
P4HA3	Q7Z4N8	RHEA:18945	succinate		13
PIGW	Q7Z7B1	RHEA:60496;RHEA:83759	a 2-acyl-6-alpha-D-glucosaminyl-1-(1,2-diacyl-sn-glycero-3-phospho)-1D-myo-inositol; a 2-hexadecanoyl-6-alpha-D-glucosaminy-1-(1,2-diacyl-sn-glycero-3-phospho)-1D-myo-inositol; a 6-(alpha-D-glucosaminyl)-1-(1,2-diacyl-sn-glycero-3-phospho)-1D-myo-inositol; a fatty acyl-CoA; hexadecanoyl-CoA	GPI anchor biosynthetic process; GPI anchor metabolic process; GPI anchored protein biosynthesis; glycolipid biosynthetic process; glycolipid metabolic process; liposaccharide metabolic process	42
DHDDS	Q86SQ9	RHEA:53008	(2E,6E)-farnesyl diphosphate; a di-trans,poly-cis-polyprenyl diphosphate; isopentenyl diphosphate	dolichol-linked oligosaccharide biosynthetic process; dolichyl diphosphate biosynthetic process; dolichyl monophosphate biosynthetic process; isoprenoid biosynthetic process; isoprenoid metabolic process; polyprenol biosynthetic process; polyprenol metabolic process; protein N-linked glycosylation	12
ATG4D	Q86TL0	RHEA:67548;RHEA:67576	a 1,2-diacyl-sn-glycero-3-phospho-L-serine; a 1,2-diacyl-sn-glycero-3-phosphoethanolamine	aggrephagy; autophagosome assembly; autophagosome organization; autophagy; autophagy of mitochondrion; macroautophagy; microautophagy; mitophagy; nucleophagy; piecemeal microautophagy of the nucleus; protein delipidation; protein localization to phagophore assembly site; protein processing; proteolysis	23
NAA40	Q86UY6	RHEA:50596;RHEA:50600	N-terminal L-seryl-[ribosomal protein bL12]; N-terminal N(alpha)-acetyl-L-seryl-[ribosomal protein bL12]; acetyl-CoA		27
AACS	Q86V21	RHEA:16117	acetoacetate; acetoacetyl-CoA	fatty acid derivative biosynthetic process; fatty acid derivative metabolic process; ketone body biosynthetic process	11
SLC25A42	Q86VD7	RHEA:34999;RHEA:72839;RHEA:72843;RHEA:72847;RHEA:72851;RHEA:72855	3'-dephospho-CoA; adenosine 3',5'-bisphosphate	pantothenate metabolic process	7
SERINC5	Q86VE9	RHEA:38571;RHEA:38663;RHEA:38895	a 1,2-diacyl-sn-glycero-3-phospho-L-serine; a 1,2-diacyl-sn-glycero-3-phosphocholine; a 1,2-diacyl-sn-glycero-3-phosphoethanolamine	phosphatidylserine metabolic process	32
SGMS1	Q86VZ5	RHEA:18765;RHEA:36079;RHEA:41796;RHEA:42140;RHEA:42152;RHEA:43320;RHEA:44620	1-(9Z-octadecenoyl)-2-acyl-sn-3-glycerol; N-hexadecanoyl-(4R)-hydroxysphinganine; N-hexadecanoyl-(4R)-hydroxysphinganine-phosphocholine; N-hexadecanoyl-sphinganine-1-phosphocholine; N-hexadecanoylsphinganine; a 1,2-diacyl-sn-glycero-3-phosphocholine; a 1,2-diacyl-sn-glycero-3-phosphoethanolamine; a 1,2-diacyl-sn-glycerol; a 1-(9Z-octadecenoyl)-2-acyl-sn-glycero-3-phosphocholine; a sphingomyelin; an N-acyl-(4R)-4-hydroxysphinganine; an N-acyl-(4R)-4-hydroxysphinganine-phosphocholine; an N-acylsphing-4-enine; an N-acylsphing-4-enine 1-phosphoethanolamine; an N-acylsphinganine; an N-acylsphinganine-1-phosphocholine	ceramide biosynthetic process; ceramide metabolic process; sphingomyelin biosynthetic process; sphingomyelin metabolic process	56
STING1	Q86WV6	RHEA:34979		autophagosome assembly; autophagosome organization; autophagy; macroautophagy; reticulophagy	0
HOGA1	Q86XE5	RHEA:30687;RHEA:35639	(4R)-4-hydroxy-2-oxoglutarate; (4S)-4-hydroxy-2-oxoglutarate; glyoxylate; pyruvate	aldehyde catabolic process; aldehyde metabolic process; glyoxylate catabolic process; glyoxylate metabolic process; modified amino acid catabolic process; non-proteinogenic amino acid catabolic process; non-proteinogenic amino acid metabolic process; oxalate metabolic process; pyruvate biosynthetic process; pyruvate metabolic process; trans-4-hydroxy-L-proline catabolic process	15
ERO1B	Q86YB8	RHEA:17357;RHEA:59116	R'C(R)S-S(R)CR'; R'C(R)SH	hormone metabolic process; insulin metabolic process; insulin processing; peptide hormone processing; protein folding; protein folding in endoplasmic reticulum; protein processing; proteolysis; signaling receptor ligand precursor processing	2
PDSS2	Q86YH6	RHEA:27802;RHEA:55364	(2E,6E)-farnesyl diphosphate; all-trans-decaprenyl diphosphate; all-trans-nonaprenyl diphosphate; isopentenyl diphosphate	isoprenoid biosynthetic process; isoprenoid metabolic process; ketone biosynthetic process; ketone metabolic process; quinone biosynthetic process; quinone metabolic process; ubiquinone biosynthetic process; ubiquinone metabolic process	13
DOLPP1	Q86YN1	RHEA:14385	a di-trans,poly-cis-dolichyl diphosphate; a di-trans,poly-cis-dolichyl phosphate	dolichyl monophosphate biosynthetic process; protein N-linked glycosylation	16
CERS3	Q8IU89	RHEA:23768;RHEA:33351;RHEA:33591;RHEA:36535;RHEA:36547;RHEA:36615;RHEA:36619;RHEA:36627;RHEA:36675;RHEA:61480;RHEA:61492	2-hydroxydocosanoyl-CoA; 2-hydroxyoctadecanoyl-CoA; 2-hydroxytetracosanoyl-CoA; N-(2-hydroxydocosanoyl)-sphinganine; N-(2-hydroxyoctadecanoyl)-sphinganine; N-(2-hydroxytetracosanoyl)-sphinganine; N-(octacosanoyl)-sphinganine; N-(octadecanoyl)-sphinganine; N-docosanoylsphinganine; N-hexacosanoylsphinganine; N-tetracosanoylsphinganine; a fatty acyl-CoA; a sphingoid base; a very long-chain fatty acyl-CoA; an N-(ultra-long-chain-acyl)-sphingoid base; an N-(very-long-chain fatty acyl)-sphingoid base; an N-acylsphing-4-enine; an ultra-long-chain fatty acyl-CoA; docosanoyl-CoA; hexacosanoyl-CoA; octacosanoyl-CoA; octadecanoyl-CoA; sphing-4-enine; sphinganine; tetracosanoyl-CoA	ceramide biosynthetic process; ceramide metabolic process	54
PHYKPL	Q8IUZ5	RHEA:34091	(5R)-5-phosphooxy-L-lysine; (S)-2-amino-6-oxohexanoate		2
PLD3	Q8IV08	RHEA:81319;RHEA:81375;RHEA:81379;RHEA:82335;RHEA:82563;RHEA:82567	1-(9Z-octadecenoyl)-sn-glycerol; 2',3'-cyclophospho-GMP; 3-(9Z-octadecenoyl)-sn-glycero-1-phospho-(3'-(9Z-octadecenoyl)-1'-sn-glycerol); 3-lyso-sn-glycero-1-phospho-(3'-(9Z-octadecenoyl)-1'-sn-glycerol); a 1-acyl-sn-glycerol; a 2'-deoxyribonucleoside 3'-phosphate; a 3-acyl-sn-glycero-1-phospho-(3'-acyl-1'-sn-glycerol); a ribonucleoside 3'-phosphate; a ribonucleoside 3'-phosphate-2'-3'-cyclophospho-GMP; an (R,S)-glycero-3-phospho-(3'-acyl-1'-glycerol); glycerol		8
PSTK	Q8IV42	RHEA:25037			0
MMAA	Q8IVH4	RHEA:19669		cobalamin metabolic process; tetrapyrrole metabolic process	0
P3H2	Q8IVL5	RHEA:22872	[ribosomal protein uS12]-(3S)-3-hydroxy-L-proline; succinate	collagen metabolic process; peptidyl-proline hydroxylation; peptidyl-proline modification; protein hydroxylation	13
GLYCTK	Q8IVS8	RHEA:23516	(2R)-3-phosphoglycerate; (R)-glycerate	carbohydrate catabolic process; fructose catabolic process; fructose metabolic process; hexose catabolic process; hexose metabolic process; monosaccharide catabolic process; monosaccharide metabolic process; phosphorylation; protein phosphorylation	5
LRRC8A	Q8IWT6	RHEA:29823;RHEA:32867;RHEA:66320;RHEA:66324;RHEA:66328;RHEA:66332;RHEA:66336	2',3'-cGAMP; L-aspartate; iodide; myo-inositol; taurine		17
LMTK2	Q8IWU2	RHEA:17989;RHEA:46608		peptidyl-serine phosphorylation; peptidyl-threonine phosphorylation; phosphorylation; protein autophosphorylation; protein phosphorylation; receptor metabolic process; receptor recycling	0
TPH2	Q8IWU9	RHEA:16709	(4aS,6R)-4a-hydroxy-L-erythro-5,6,7,8-tetrahydrobiopterin; (6R)-L-erythro-5,6,7,8-tetrahydrobiopterin; 5-hydroxy-L-tryptophan; L-tryptophan	aromatic amino acid metabolic process; indole-containing compound biosynthetic process; indole-containing compound metabolic process; phenol-containing compound biosynthetic process; phenol-containing compound metabolic process; primary amino compound biosynthetic process; serotonin biosynthetic process; serotonin metabolic process	10
SGPP2	Q8IWX5	RHEA:27514;RHEA:27518;RHEA:33067	(4R)-hydroxysphinganine; (4R)-hydroxysphinganine 1-phosphate; sphing-4-enine; sphing-4-enine 1-phosphate; sphinganine; sphinganine 1-phosphate	dephosphorylation; diol metabolic process; lipid modification; phospholipid dephosphorylation; polyol metabolic process; sphingoid metabolic process; sphingolipid catabolic process; sphingosine metabolic process	14
DNAJC10	Q8IXB1	RHEA:21064	glutathione	ERAD pathway; macromolecule catabolic process; proteasomal protein catabolic process; protein catabolic process; protein folding; protein folding in endoplasmic reticulum	9
SIRT2	Q8IXJ6	RHEA:43636;RHEA:70563;RHEA:70567;RHEA:83535;RHEA:85159	2''-O-acetyl-ADP-D-ribose; 2''-O-benzoyl-ADP-D-ribose; 2''-O-hexadecanoyl-ADP-D-ribose; 2''-O-methacrylyl-ADP-D-ribose; 2''-O-tetradecanoyl-ADP-D-ribose; nicotinamide	macromolecule catabolic process; macromolecule deacylation; modification-dependent macromolecule catabolic process; modification-dependent protein catabolic process; peptidyl-lysine deacetylation; peptidyl-lysine modification; post-translational protein modification; proteasomal protein catabolic process; proteasome-mediated ubiquitin-dependent protein catabolic process; protein catabolic process; protein deacetylation; protein deacylation; tubulin deacetylation; ubiquitin-dependent protein catabolic process	6
FANCM	Q8IYD8	RHEA:13065		DNA metabolic process; DNA recombination; DNA repair; DNA replication; DNA-templated DNA replication; DNA-templated DNA replication maintenance of fidelity; double-strand break repair; double-strand break repair via homologous recombination; double-strand break repair via synthesis-dependent strand annealing; homologous recombination; interstrand cross-link repair; reciprocal homologous recombination; reciprocal meiotic recombination; recombinational repair; replication fork processing; resolution of meiotic recombination intermediates	0
COLGALT2	Q8IYK4	RHEA:12637	UDP-alpha-D-galactose		12
ZDHHC23	Q8IYP9	RHEA:36683	hexadecanoyl-CoA	lipoprotein biosynthetic process; lipoprotein metabolic process; protein acylation; protein lipidation; protein palmitoylation	39
ABCA7	Q8IZY2	RHEA:38567;RHEA:38583	a 1,2-diacyl-sn-glycero-3-phospho-L-serine; a 1,2-diacyl-sn-glycero-3-phosphocholine	amyloid precursor protein catabolic process; amyloid precursor protein metabolic process; amyloid-beta clearance by cellular catabolic process; amyloid-beta formation; amyloid-beta metabolic process	26
CLYBL	Q8N0X4	RHEA:18181;RHEA:22612;RHEA:38291;RHEA:47628	(3S)-citramalyl-CoA; (S)-malate; (S)-malyl-CoA; 3-methylmalate; acetyl-CoA; glyoxylate; propanoyl-CoA; pyruvate	metabolite repair; toxic metabolite repair	54
ADSS1	Q8N142	RHEA:15753	IMP; L-aspartate; N(6)-(1,2-dicarboxyethyl)-AMP	'de novo' AMP biosynthetic process; AMP biosynthetic process; AMP metabolic process; AMP salvage; IMP metabolic process; metabolic compound salvage; nucleoside monophosphate biosynthetic process; nucleotide salvage; purine nucleoside monophosphate biosynthetic process; purine nucleoside monophosphate metabolic process; purine nucleotide salvage; purine ribonucleoside monophosphate biosynthetic process; purine ribonucleoside monophosphate metabolic process; purine ribonucleotide biosynthetic process; purine ribonucleotide salvage; purine-containing compound salvage; ribonucleoside monophosphate biosynthetic process	24
NAGS	Q8N159	RHEA:24292	N-acetyl-L-glutamate; acetyl-CoA	L-arginine biosynthetic process; amino acid biosynthetic process; arginine metabolic process; glutamate family amino acid biosynthetic process; glutamate metabolic process; nitrogen cycle metabolic process; proteinogenic amino acid biosynthetic process; urea cycle; urea metabolic process	27
ABHD12	Q8N2K0	RHEA:26132;RHEA:32979;RHEA:38363;RHEA:38487;RHEA:38491;RHEA:39959;RHEA:39963;RHEA:40499;RHEA:40895;RHEA:41091;RHEA:44312;RHEA:44316;RHEA:44320;RHEA:44552;RHEA:44584;RHEA:44588;RHEA:44728;RHEA:44732;RHEA:48428;RHEA:51184;RHEA:59364;RHEA:59368;RHEA:59372	(5Z,8Z,11Z,14Z)-eicosatetraenoate; (9Z)-octadecenoate; (9Z,12Z)-octadecadienoate; 1-(5Z,8Z,11Z,14Z-eicosatetraenoyl)-glycerol; 1-(9Z,12Z-octadecadienoyl)-glycerol; 1-(9Z-octadecenoyl)-glycerol; 1-(9Z-octadecenoyl)-sn-glycero-3-phospho-(1'-sn-glycerol); 1-(9Z-octadecenoyl)-sn-glycero-3-phospho-(1D-myo-inositol); 1-(9Z-octadecenoyl)-sn-glycero-3-phospho-L-serine; 1-(9Z-octadecenoyl)-sn-glycero-3-phosphocholine; 1-(9Z-octadecenoyl)-sn-glycero-3-phosphoethanolamine; 1-(9Z-octadecenoyl)-sn-glycerol; 1-decanoylglycerol; 1-dodecanoylglycerol; 1-hexadecanoyl-2-(10-hydroxyoctadecanoyl)-sn-glycero-3-phospho-L-serine; 1-hexadecanoyl-sn-glycero-3-phospho-L-serine; 1-hexadecanoylglycerol; 1-octadecanoyl-2-(10-hydroxyoctadecanoyl)-sn-glycero-3-phospho-L-serine; 1-octadecanoyl-2-(9,10-epoxyoctadecanoyl)-sn-glycero-3-phospho-L-serine; 1-octadecanoyl-sn-glycero-3-phosphoserine; 1-octadecanoylglycerol; 1-tetradecanoylglycerol; 10-hydroxyoctadecanoate; 2-(5Z,8Z,11Z,14Z-eicosatetraenoyl)-glycerol; 2-(9Z,12Z-octadecadienoyl)-glycerol; 2-(9Z-octadecenoyl)-glycerol; 2-hexadecanoylglycerol; 9,10-epoxyoctadecanoate; a 1-acyl-sn-glycero-3-phospho-L-serine; a fatty acid; decanoate; dodecanoate; glycerol; hexadecanoate; octadecanoate; phosphocholine; sn-glycero-3-phospho-(1'-sn-glycerol); sn-glycero-3-phospho-1D-myo-inositol; sn-glycero-3-phospho-L-serine; sn-glycero-3-phosphoethanolamine; tetradecanoate	acylglycerol catabolic process; acylglycerol metabolic process; arachidonate metabolic process; glycerolipid catabolic process; glycerophospholipid catabolic process; icosanoid metabolic process; long-chain fatty acid metabolic process; macromolecule deacylation; macromolecule depalmitoylation; modified amino acid catabolic process; monoacylglycerol catabolic process; monoacylglycerol metabolic process; neutral lipid catabolic process; neutral lipid metabolic process; olefinic compound metabolic process; phosphatidylserine catabolic process; phosphatidylserine metabolic process; phospholipid catabolic process; unsaturated fatty acid metabolic process	46
ASCC3	Q8N3C0	RHEA:13065		DNA alkylation repair; DNA metabolic process; DNA repair; DNA replication; cytoplasmic translation; cytoplasmic translational elongation; macromolecule catabolic process; modification-dependent macromolecule catabolic process; modification-dependent protein catabolic process; proteasomal protein catabolic process; proteasome-mediated ubiquitin-dependent protein catabolic process; protein biosynthetic process; protein catabolic process; rescue of stalled cytosolic ribosome; ribosome-associated ubiquitin-dependent protein catabolic process; translation; translational elongation; ubiquitin-dependent protein catabolic process	0
AADAT	Q8N5Z0	RHEA:12601;RHEA:14089;RHEA:22884;RHEA:65560;RHEA:65896;RHEA:65900;RHEA:66044;RHEA:66052;RHEA:66060;RHEA:66068;RHEA:66076;RHEA:66092;RHEA:69096;RHEA:69104;RHEA:69112;RHEA:69116;RHEA:69120;RHEA:69124;RHEA:69128;RHEA:70047	(2S)-2-aminobutanoate; 2-oxo-3-sulfanylpropanoate; 2-oxoadipate; 2-oxobutanoate; 2-oxohexanoate; 2-oxopentanoate; 3-(4-hydroxyphenyl)pyruvate; 3-hydroxy-L-kynurenine; 3-phenylpyruvate; 4-methyl-2-oxopentanoate; 4-methylsulfanyl-2-oxobutanoate; L-2-aminoadipate; L-2-aminohexanoate; L-2-aminopentanoate; L-cysteine; L-kynurenine; L-leucine; L-methionine; L-phenylalanine; L-tryptophan; L-tyrosine; glycine; glyoxylate; indole-3-pyruvate; kynurenate; xanthurenate	L-lysine catabolic process	49
CGAS	Q8N884	RHEA:23748;RHEA:23924;RHEA:42064	2',3'-cGAMP; pppGp(2'-5')A		1
COLGALT1	Q8NBJ5	RHEA:12637	UDP-alpha-D-galactose	protein O-linked glycosylation; protein O-linked glycosylation via galactose	12
ATAD1	Q8NBU5	RHEA:66168			0
B3GALNT2	Q8NCR0	RHEA:37667	UDP-N-acetyl-alpha-D-galactosamine	protein O-linked glycosylation	5
PIK3C3	Q8NEB9	RHEA:12709	a 1,2-diacyl-sn-glycero-3-phospho-(1D-myo-inositol); a 1,2-diacyl-sn-glycero-3-phospho-(1D-myo-inositol-3-phosphate)	autophagosome assembly; autophagosome maturation; autophagosome organization; autophagy; autophagy of peroxisome; macroautophagy; pexophagy; phosphatidylinositol phosphate biosynthetic process; phosphatidylinositol-3-phosphate biosynthetic process; protein processing; proteolysis	3
LPCAT1	Q8NF37	RHEA:10344;RHEA:12937;RHEA:18461;RHEA:19709;RHEA:33203;RHEA:33315;RHEA:35851;RHEA:35983;RHEA:35991;RHEA:35995;RHEA:37383;RHEA:37475;RHEA:37511;RHEA:37515;RHEA:37527;RHEA:37655;RHEA:37703;RHEA:37719;RHEA:37803;RHEA:37807;RHEA:37811;RHEA:37819;RHEA:37839;RHEA:37843;RHEA:37855;RHEA:37859;RHEA:37863;RHEA:37867;RHEA:43264	(4Z,7Z,10Z,13Z,16Z,19Z)-docosahexaenoyl-CoA; (9Z)-octadecenoyl-CoA; (9Z,12Z)-octadecadienoyl-CoA; 1,2-dihexadecanoyl-sn-glycero-3-phospho-(1'-sn-glycerol); 1,2-dihexadecanoyl-sn-glycero-3-phosphocholine; 1-(9Z-octadecenoyl)-2-hexadecanoyl-sn-glycero-3-phosphocholine; 1-(9Z-octadecenoyl)-sn-glycero-3-phosphocholine; 1-O-(1Z)-alkenyl-2-hexadecanoyl-sn-glycero-3-phosphocholine; 1-O-hexadecyl-2-acetyl-sn-glycero-3-phosphocholine; 1-O-hexadecyl-2-hexadecanoyl-sn-glycero-3-phosphocholine; 1-O-hexadecyl-sn-glycero-3-phosphocholine; 1-O-octadecyl-2-hexadecanoyl-sn-glycero-3-phosphocholine; 1-O-octadecyl-sn-glycero-3-phosphocholine; 1-acyl-2-hexadecanoyl-sn-glycero-3-phosphate; 1-acyl-2-hexadecanoyl-sn-glycero-3-phospho-(1'-sn-glycerol); 1-acyl-2-hexadecanoyl-sn-glycero-3-phosphocholine; 1-acyl-sn-glycero-3-phospho-(1'-sn-glycerol); 1-dodecanoyl-2-hexadecanoyl-sn-glycero-3-phosphocholine; 1-dodecanoyl-sn-glycero-3-phosphocholine; 1-eicosanoyl-2-hexadecanoyl-sn-glycero-3-phosphocholine; 1-eicosanoyl-sn-glycero-3-phosphocholine; 1-hexadecanoyl-2-(4Z,7Z,10Z,13Z,16Z,19Z-docosahexaenoyl)-sn-glycero-3-phosphocholine; 1-hexadecanoyl-2-(9Z,12Z-octadecadienoyl)-sn-glycero-3-phosphocholine; 1-hexadecanoyl-2-(9Z-octadecenoyl)-sn-glycero-3-phosphocholine; 1-hexadecanoyl-2-acetyl-sn-glycero-3-phosphocholine; 1-hexadecanoyl-2-decanoyl-sn-glycero-3-phosphocholine; 1-hexadecanoyl-2-dodecanoyl-sn-glycero-3-phosphocholine; 1-hexadecanoyl-2-eicosanoyl-sn-glycero-3-phosphocholine; 1-hexadecanoyl-2-hexanoyl-sn-glycero-3-phosphocholine; 1-hexadecanoyl-2-octanoyl-sn-glycero-3-phosphocholine; 1-hexadecanoyl-2-tetradecanoyl-sn-glycero-3-phosphocholine; 1-hexadecanoyl-sn-glycero-3-phospho-(1'-sn-glycerol); 1-hexadecanoyl-sn-glycero-3-phosphocholine; 1-octadecanoyl-2-hexadecanoyl-sn-glycero-3-phosphocholine; 1-octadecanoyl-sn-glycero-3-phosphocholine; 1-tetradecanoyl-2-hexadecanoyl-sn-glycero-3-phosphocholine; 1-tetradecanoyl-sn-glycero-3-phosphocholine; a 1,2-diacyl-sn-glycero-3-phosphate; a 1,2-diacyl-sn-glycero-3-phospho-(1'-sn-glycerol); a 1,2-diacyl-sn-glycero-3-phosphocholine; a 1-O-(1Z-alkenyl)-2-acyl-sn-glycero-3-phosphocholine; a 1-O-(1Z-alkenyl)-sn-glycero-3-phosphocholine; a 1-O-alkyl-2-acetyl-sn-glycero-3-phosphocholine; a 1-O-alkyl-sn-glycero-3-phosphocholine; a 1-acyl-sn-glycero-3-phosphate; a 1-acyl-sn-glycero-3-phosphocholine; acetyl-CoA; an acyl-CoA; decanoyl-CoA; dodecanoyl-CoA; eicosanoyl-CoA; hexadecanoyl-CoA; hexanoyl-CoA; octanoyl-CoA; tetradecanoyl-CoA	phosphatidic acid biosynthetic process; phosphatidic acid metabolic process; phosphatidylcholine acyl-chain remodeling; phosphatidylcholine biosynthetic process; phosphatidylcholine metabolic process; phosphatidylglycerol acyl-chain remodeling; phosphatidylglycerol metabolic process	96
FLAD1	Q8NFF5	RHEA:13889;RHEA:17237;RHEA:48868	reduced beta-nicotinamide D-ribonucleotide	FAD biosynthetic process; FAD metabolic process; flavin adenine dinucleotide biosynthetic process; flavin adenine dinucleotide metabolic process; flavin-containing compound biosynthetic process; flavin-containing compound metabolic process; riboflavin metabolic process	0
CMAS	Q8NFW8	RHEA:11344	a CMP-N-acyl-beta-neuraminate; an N-acylneuraminate	CMP-N-acetylneuraminate biosynthetic process; CMP-N-acetylneuraminate metabolic process; CMP-keto-3-deoxy-D-manno-octulosonic acid biosynthetic process; N-acetylneuraminate metabolic process; amino sugar metabolic process; nucleotide-sugar biosynthetic process; nucleotide-sugar metabolic process	0
SGMS2	Q8NHU3	RHEA:18765;RHEA:36079;RHEA:41796;RHEA:42128;RHEA:42136;RHEA:42140;RHEA:42144;RHEA:42148;RHEA:42152;RHEA:43320;RHEA:43324;RHEA:44620	1,2-dihexadecanoyl-sn-glycero-3-phosphocholine; 1,2-dihexadecanoyl-sn-glycerol; 1-(9Z-octadecenoyl)-2-acyl-sn-3-glycerol; N-hexadecanoyl-(4R)-hydroxysphinganine; N-hexadecanoyl-(4R)-hydroxysphinganine-1-phosphoethanolamine; N-hexadecanoyl-(4R)-hydroxysphinganine-phosphocholine; N-hexadecanoyl-sphinganine-1-phosphocholine; N-hexadecanoyl-sphinganine-1-phosphoethanolamine; N-hexadecanoylsphinganine; a 1,2-diacyl-sn-glycero-3-phosphocholine; a 1,2-diacyl-sn-glycero-3-phosphoethanolamine; a 1,2-diacyl-sn-glycerol; a 1-(9Z-octadecenoyl)-2-acyl-sn-glycero-3-phosphocholine; a sphingomyelin; an N-acyl-(4R)-4-hydroxysphinganine; an N-acyl-(4R)-4-hydroxysphinganine-1-phosphoethanolamine; an N-acyl-(4R)-4-hydroxysphinganine-phosphocholine; an N-acylsphing-4-enine; an N-acylsphing-4-enine 1-phosphoethanolamine; an N-acylsphinganine; an N-acylsphinganine-1-phosphocholine; an N-acylsphinganine-1-phosphoethanolamine	ceramide biosynthetic process; ceramide metabolic process; sphingomyelin biosynthetic process; sphingomyelin metabolic process	56
SLC35B2	Q8TB61	RHEA:76063	3'-phosphoadenylyl sulfate; adenosine 3',5'-bisphosphate	chondroitin sulfate proteoglycan biosynthetic process; chondroitin sulfate proteoglycan metabolic process; protein O-linked glycosylation; protein O-linked glycosylation via xylose; proteoglycan biosynthetic process; proteoglycan metabolic process	8
NANP	Q8TBE9	RHEA:80839;RHEA:83303	N-acetylneuraminate; N-acetylneuraminate 9-phosphate; N-glycoloylneuraminate; N-glycoloylneuraminate 9-phosphate	CMP-N-acetylneuraminate biosynthetic process; CMP-N-acetylneuraminate metabolic process; N-acetylglucosamine biosynthetic process; N-acetylglucosamine metabolic process; N-acetylneuraminate biosynthetic process; N-acetylneuraminate metabolic process; amino sugar biosynthetic process; amino sugar metabolic process; glucosamine-containing compound biosynthetic process; nucleotide-sugar biosynthetic process; nucleotide-sugar metabolic process	1
RDH11	Q8TC12	RHEA:25033;RHEA:54912;RHEA:54916;RHEA:54920	11-cis-retinal; 11-cis-retinol; 13-cis-retinal; 13-cis-retinol; 9-cis-retinal; 9-cis-retinol; all-trans-retinal; all-trans-retinol	aldehyde metabolic process; diterpenoid metabolic process; hormone metabolic process; isoprenoid metabolic process; olefinic compound metabolic process; primary alcohol metabolic process; retinal metabolic process; retinoid metabolic process; retinol metabolic process; terpenoid metabolic process	10
CPT1C	Q8TCG5	RHEA:19233	hexadecanoate	amino-acid betaine metabolic process; carnitine metabolic process; macromolecule deacylation; macromolecule depalmitoylation	17
STT3B	Q8TCJ2	RHEA:22980	a di-trans,poly-cis-dolichyl diphosphate; a di-trans,poly-cis-dolichyl diphosphooligosaccharide	ERAD pathway; glycoprotein catabolic process; macromolecule catabolic process; post-translational protein modification; proteasomal protein catabolic process; protein N-linked glycosylation; protein catabolic process; protein co-translational transfer of dolichol-linked oligosaccharide; protein post-translational transfer of dolichol-linked oligosaccharide	2
TMC1	Q8TDI8	RHEA:29671			0
ACER1	Q8TDN7	RHEA:20856;RHEA:33551;RHEA:41267;RHEA:41283;RHEA:41299	(15Z)-tetracosenoate; (9Z)-octadecenoate; N-(15Z-tetracosenoyl)-sphing-4-enine; N-(9Z-octadecenoyl)-sphing-4-enine; N-tetracosanoyl-sphing-4-enine; a fatty acid; an N-acylsphing-4-enine; an N-acylsphinganine; sphing-4-enine; sphinganine; tetracosanoate	ceramide catabolic process; ceramide metabolic process; diol biosynthetic process; diol metabolic process; polyol biosynthetic process; polyol metabolic process; sphingoid biosynthetic process; sphingoid metabolic process; sphingolipid catabolic process; sphingosine biosynthetic process; sphingosine metabolic process	45
ACMSD	Q8TDX5	RHEA:16557	(2Z,4Z)-2-amino-3-carboxymuconate 6-semialdehyde; 2-aminomuconate 6-semialdehyde	L-tryptophan catabolic process; aromatic amino acid catabolic process; aromatic amino acid metabolic process; indole-containing compound catabolic process; indole-containing compound metabolic process; picolinic acid biosynthetic process; pyridine-containing compound biosynthetic process; secondary metabolic process	1
PANK1	Q8TE04	RHEA:16373	(R)-4'-phosphopantothenate; (R)-pantothenate	coenzyme A biosynthetic process; coenzyme A metabolic process	3
PIGO	Q8TEQ8	RHEA:61012	a 1,2-diacyl-sn-glycero-3-phosphoethanolamine; a 1,2-diacyl-sn-glycerol; a 2-acyl-6-[6-phosphoethanolamine-alpha-D-mannosyl-(1->2)-alpha-D-mannosyl-(1->6)-2-phosphoethanolamine-alpha-D-mannosyl-(1->4)-alpha-D-glucosaminyl]-1-(1-radyl,2-acyl-sn-glycero-3-phospho)-1D-myo-inositol; a 2-acyl-6-[alpha-D-mannosyl-(1->2)-alpha-D-mannosyl-(1->6)-2-phosphoethanolamine-alpha-D-mannosyl-(1->4)-alpha-D-glucosaminyl]-1-(1-radyl,2-acyl-sn-glycero-3-phospho)-1D-myo-inositol	GPI anchor biosynthetic process; GPI anchor metabolic process; GPI anchored protein biosynthesis; glycolipid biosynthetic process; glycolipid metabolic process; liposaccharide metabolic process	32
ABHD5	Q8WTS1	RHEA:19709;RHEA:33187;RHEA:37131;RHEA:37143;RHEA:37147;RHEA:37163;RHEA:37443;RHEA:37451;RHEA:37455	(5Z,8Z,11Z,14Z)-eicosatetraenoyl-CoA; (9Z)-octadecenoyl-CoA; 1,2-di-(9Z-octadecenoyl)-sn-glycero-3-phosphate; 1-(5Z,8Z,11Z,14Z)-eicosatetraenoyl-2-(9Z)-octadecenoyl-sn-glycero-3-phosphate; 1-(5Z,8Z,11Z,14Z-eicosatetraenoyl)-sn-glycero-3-phosphate; 1-(9Z)-octadecenoyl-2-(5Z,8Z,11Z,14Z)-eicosatetraenoyl-sn-glycero-3-phosphate; 1-(9Z)-octadecenoyl-2-eicosanoyl-sn-glycero-3-phosphate; 1-(9Z)-octadecenoyl-2-hexadecanoyl-sn-glycero-3-phosphate; 1-(9Z-octadecenoyl)-2-octadecanoyl-sn-glycero-3-phosphate; 1-(9Z-octadecenoyl)-sn-glycero-3-phosphate; 1-hexadecanoyl-2-(9Z-octadecenoyl)-sn-glycero-3-phosphate; 1-hexadecanoyl-sn-glycero-3-phosphate; 1-octadecanoyl-2-(9Z-octadecenoyl)-sn-glycero-3-phosphate; 1-octadecanoyl-sn-glycero-3-phosphate; a 1,2-diacyl-sn-glycero-3-phosphate; a 1-acyl-sn-glycero-3-phosphate; an acyl-CoA; eicosanoyl-CoA; hexadecanoyl-CoA; octadecanoyl-CoA	phosphatidic acid biosynthetic process; phosphatidic acid metabolic process	51
CHPT1	Q8WUD6	RHEA:32939;RHEA:54232;RHEA:54244;RHEA:54332;RHEA:54344	1,2-dioctanoyl-sn-glycero-3-phosphocholine; 1,2-dioctanoyl-sn-glycerol; 1-hexadecanoyl-2-(4Z,7Z,10Z,13Z,16Z,19Z-docosahexaenoyl)-sn-glycero-3-phosphocholine; 1-hexadecanoyl-2-(4Z,7Z,10Z,13Z,16Z,19Z-docosahexaenoyl)-sn-glycerol; 1-hexadecanoyl-2-(9Z-octadecenoyl)-sn-glycero-3-phosphocholine; 1-hexadecanoyl-2-(9Z-octadecenoyl)-sn-glycerol; 1-octadecanoyl-2-(5Z,8Z,11Z,14Z-eicosatetraenoyl)-sn-glycero-3-phosphocholine; 1-octadecanoyl-2-(5Z,8Z,11Z,14Z-eicosatetraenoyl)-sn-glycerol; CDP-choline; a 1,2-diacyl-sn-glycero-3-phosphocholine; a 1,2-diacyl-sn-glycerol	CDP-choline pathway; ether biosynthetic process; ether lipid biosynthetic process; ether lipid metabolic process; glycerol ether biosynthetic process; phosphatidylcholine biosynthetic process; phosphatidylcholine metabolic process; platelet activating factor biosynthetic process; platelet activating factor metabolic process	36
FAR1	Q8WVX9	RHEA:36315;RHEA:36319;RHEA:36323;RHEA:36363;RHEA:52716;RHEA:81727;RHEA:81763;RHEA:81767	(9Z)-octadecen-1-ol; (9Z)-octadecenoyl-CoA; (9Z,12Z)-octadecadien-1-ol; (9Z,12Z)-octadecadienoyl-CoA; 16-methylheptadecan-1-ol; 16-methylheptadecanoyl-CoA; 18-methylnonadecan-1-ol; 18-methylnonadecanoyl-CoA; a long-chain fatty acyl-CoA; a long-chain primary fatty alcohol; eicosan-1-ol; eicosanoyl-CoA; hexadecan-1-ol; hexadecanoyl-CoA; octadecan-1-ol; octadecanoyl-CoA	ether biosynthetic process; ether lipid biosynthetic process; ether lipid metabolic process; fatty acid derivative biosynthetic process; fatty acid derivative metabolic process; fatty-acyl-CoA metabolic process; glycerol ether biosynthetic process; long-chain fatty-acyl-CoA metabolic process; wax biosynthetic process; wax metabolic process	47
ATL1	Q8WXF7	RHEA:19669			0
ST8SIA1	Q92185	RHEA:19313;RHEA:41760;RHEA:41764;RHEA:41768;RHEA:41772;RHEA:47576;RHEA:77295;RHEA:77371	CHEBI:197322; CMP-N-acetyl-beta-neuraminate; a ganglioside GD1a (d18:1(4E)); a ganglioside GD1c (d18:1(4E)); a ganglioside GD3; a ganglioside GD3 (d18:1(4E)); a ganglioside GM1b (d18:1(4E)); a ganglioside GM3 (d18:1(4E)); a ganglioside GQ1b (d18:1(4E)); a ganglioside GT1a (d18:1(4E)); a ganglioside GT1b (d18:1(4E)); a ganglioside GT3; a ganglioside GT3 (d18:1(4E)); an N-acetyl-alpha-neuraminyl-(2->3)-beta-D-galactosyl derivative; an N-acetyl-alpha-neuraminyl-(2->8)-N-acetyl-alpha-neuraminyl-(2->3)-beta-D-galactosyl derivative	N-glycan processing; glycolipid biosynthetic process; glycolipid metabolic process; glycosphingolipid biosynthetic process; glycosphingolipid metabolic process; liposaccharide metabolic process; oligosaccharide metabolic process; protein N-linked glycosylation	6
PIGB	Q92521	RHEA:61000;RHEA:61004	a 2-acyl-6-(alpha-D-mannosyl-(1->2)-alpha-D-mannosyl-(1->6)-alpha-D-mannosyl-(1->4)-alpha-D-glucosaminyl)-1-(1-radyl,2-acyl-sn-glycero-3-phospho)-1D-myo-inositol; a 2-acyl-6-[alpha-D-mannosyl-(1->2)-alpha-D-mannosyl-(1->6)-2-phosphoethanolamine-alpha-D-mannosyl-(1->4)-alpha-D-glucosaminyl]-1-(1-radyl,2-acyl-sn-glycero-3-phospho)-1D-myo-inositol; a 2-acyl-6-[alpha-D-mannosyl-(1->6)-2-phosphoethanolamine-alpha-D-mannosyl-(1->4)-alpha-D-glucosaminyl]-1-(1-radyl,2-acyl-sn-glycero-3-phospho)-1D-myo-inositol; a 2-acyl-6-[alpha-D-mannosyl-(1->6)-alpha-D-mannosyl-(1->4)-alpha-D-glucosaminyl]-1-(1-radyl,2-acyl-sn-glycero-3-phospho)-1D-myo-inositol; a di-trans,poly-cis-dolichyl beta-D-mannosyl phosphate; a di-trans,poly-cis-dolichyl phosphate	GPI anchor biosynthetic process; GPI anchor metabolic process; GPI anchored protein biosynthesis; glycolipid biosynthetic process; glycolipid metabolic process; liposaccharide metabolic process	16
LPIN2	Q92539	RHEA:27429	a 1,2-diacyl-sn-glycero-3-phosphate; a 1,2-diacyl-sn-glycerol	acylglycerol biosynthetic process; acylglycerol metabolic process; fatty acid catabolic process; neutral lipid biosynthetic process; neutral lipid metabolic process; triglyceride biosynthetic process; triglyceride metabolic process	21
LPGAT1	Q92604	RHEA:10332;RHEA:16741;RHEA:35851;RHEA:35855;RHEA:35859;RHEA:35863;RHEA:35887;RHEA:35891;RHEA:37403;RHEA:37651;RHEA:40099;RHEA:40107;RHEA:65096;RHEA:65100;RHEA:70579;RHEA:70583;RHEA:70591;RHEA:70595;RHEA:70599;RHEA:74799;RHEA:74803;RHEA:74807;RHEA:74811;RHEA:74815;RHEA:74823	(9Z)-octadecenoyl-CoA; 1,2-di-(9Z-octadecenoyl)-sn-glycero-3-phospho-(1'-sn-glycerol); 1,2-dihexadecanoyl-sn-glycero-3-phospho-(1'-sn-glycerol); 1-(9Z-octadecenoyl)-2-dodecanoyl-sn-glycero-3-phospho-(1'-sn-glycerol); 1-(9Z-octadecenoyl)-2-hexadecanoyl-sn-glycero-3-phospho-(1'-sn-glycerol); 1-(9Z-octadecenoyl)-2-octadecanoyl-sn-glycero-3-phospho-L-serine; 1-(9Z-octadecenoyl)-sn-glycero-3-phospho-(1'-sn-glycerol); 1-(9Z-octadecenoyl)-sn-glycero-3-phospho-L-serine; 1-hexadecanoyl-2-(9Z-octadecenoyl)-sn-glycero-3-phospho-(1'-sn-glycerol); 1-hexadecanoyl-2-(9Z-octadecenoyl)-sn-glycero-3-phospho-L-serine; 1-hexadecanoyl-2-(9Z-octadecenoyl)-sn-glycero-3-phosphocholine; 1-hexadecanoyl-2-(9Z-octadecenoyl)-sn-glycero-3-phosphoethanolamine; 1-hexadecanoyl-2-acyl-sn-glycero-3-phosphoethanolamine; 1-hexadecanoyl-2-dodecanoyl-sn-glycero-3-phospho-(1'-sn-glycerol); 1-hexadecanoyl-2-octadecanoyl-sn-glycero-3-phospho-(1'-sn-glycerol); 1-hexadecanoyl-sn-glycero-3-phospho-(1'-sn-glycerol); 1-octadecanoyl-2-(4Z,7Z,10Z,13Z,16Z,19Z-docosahexaenoyl)-sn-glycero-3-phosphocholine; 1-octadecanoyl-2-(5Z,8Z,11Z,14Z-eicosatetraenoyl)-sn-glycero-3-phosphocholine; 1-octadecanoyl-2-(9Z,12Z)-octadecadienoyl-sn-glycero-3-phosphocholine; 1-octadecanoyl-2-(9Z-octadecenoyl)-sn-glycero-3-phosphocholine; 1-octadecanoyl-2-(9Z-octadecenoyl)-sn-glycero-3-phosphoethanolamine; 1-octadecanoyl-2-acyl-sn-glycero-3-phosphoethanolamine; 1-octadecanoyl-2-hexadecanoyl-sn-glycero-3-phospho-(1'-sn-glycerol); 1-octadecanoyl-sn-glycero-3-phospho-(1'-sn-glycerol); 1-tetradecanoyl-2-hexadecanoyl-sn-glycero-3-phospho-(1'-sn-glycerol); 1-tetradecanoyl-sn-glycero-3-phospho-(1'-sn-glycerol); 2-(4Z,7Z,10Z,13Z,16Z,19Z-docosahexaenoyl)-sn-glycero-3-phosphocholine; 2-(5Z,8Z,11Z,14Z)-eicosatetraenoyl-sn-glycero-3-phosphocholine; 2-(9Z,12Z-octadecadienoyl)-sn-glycero-3-phosphocholine; 2-(9Z-octadecenoyl)-sn-glycero-3-phospho-L-serine; 2-(9Z-octadecenoyl)-sn-glycero-3-phosphocholine; 2-(9Z-octadecenoyl)-sn-glycero-3-phosphoethanolamine; a 1,2-diacyl-sn-glycero-3-phosphocholine; a 1,2-diacyl-sn-glycero-3-phosphoethanolamine; a 1,2-diacylglycerol; a 1-acylglycerol; a 1-hexadecanoyl-2-acylglycerol; a 2-acyl-sn-glycero-3-phosphocholine; a 2-acyl-sn-glycero-3-phosphoethanolamine; a 2-acylglycerol; a fatty acyl-CoA; an acyl-CoA; an hexadecanoyl-acylglycerol; dodecanoyl-CoA; hexadecanoyl-CoA; octadecanoyl-CoA	acylglycerol biosynthetic process; acylglycerol metabolic process; neutral lipid biosynthetic process; neutral lipid metabolic process; phosphatidylcholine metabolic process; phosphatidylethanolamine acyl-chain remodeling; phosphatidylglycerol acyl-chain remodeling; phosphatidylglycerol metabolic process; phosphatidylinositol acyl-chain remodeling; phosphatidylinositol metabolic process; triglyceride biosynthetic process; triglyceride metabolic process	76
PIGK	Q92643	RHEA:60544;RHEA:83791	a 2-acyl-6-[6-phosphoethanolamine-alpha-D-mannosyl-(1->2)-6-phosphoethanolamine-alpha-D-mannosyl-(1->6)-2-phosphoethanolamine-alpha-D-mannosyl-(1->4)-alpha-D-glucosaminyl]-1-(1-radyl,2-acyl-sn-glycero-3-phospho)-1D-myo-inositol; a 2-acyl-6-[6-phosphoethanolamine-alpha-D-mannosyl-(1->2)-alpha-D-mannosyl-(1->6)-2-phosphoethanolamine-alpha-D-mannosyl-(1->4)-alpha-D-glucosaminyl]-1-(1-radyl,2-acyl-sn-glycero-3-phospho)-1D-myo-inositol	GPI anchor biosynthetic process; GPI anchor metabolic process; GPI anchored protein biosynthesis; attachment of GPI anchor to protein; glycolipid biosynthetic process; glycolipid metabolic process; liposaccharide metabolic process; proteolysis	2
ALG3	Q92685	RHEA:29527	a di-trans,poly-cis-dolichyl beta-D-mannosyl phosphate; a di-trans,poly-cis-dolichyl phosphate; an alpha-D-Man-(1->2)-alpha-D-Man-(1->2)-alpha-D-Man-(1->3)-[alpha-D-Man-(1->3)-alpha-D-Man-(1->6)]-beta-D-Man-(1->4)-beta-D-GlcNAc-(1->4)-alpha-D-GlcNAc-diphospho-di-trans,poly-cis-dolichol; an alpha-D-Man-(1->2)-alpha-D-Man-(1->2)-alpha-D-Man-(1->3)-[alpha-D-Man-(1->6)]-beta-D-Man-(1->4)-beta-D-GlcNAc-(1->4)-alpha-D-GlcNAc-diphospho-di-trans,poly-cis-dolichol	dolichol-linked oligosaccharide biosynthetic process; protein N-linked glycosylation	15
RABGGTA	Q92696	RHEA:21240	geranylgeranyl diphosphate	prenylation; protein geranylgeranylation; protein prenylation	3
RDH5	Q92781	RHEA:20381;RHEA:42004;RHEA:42052;RHEA:42056;RHEA:42060	11-cis-retinal; 11-cis-retinol; 13-cis-retinal; 13-cis-retinol; 17beta-hydroxy-5alpha-androstan-3-one; 5alpha-androstan-3,17-dione; 5alpha-androstane-3alpha,17beta-diol; 9-cis-retinal; 9-cis-retinol; androsterone	diterpenoid metabolic process; hormone metabolic process; isoprenoid metabolic process; olefinic compound metabolic process; primary alcohol metabolic process; retinoid metabolic process; retinol metabolic process; terpenoid metabolic process	11
INPP5D	Q92835	RHEA:11392;RHEA:19797;RHEA:22764;RHEA:25528	1D-myo-inositol 1,3,4,5-tetrakisphosphate; 1D-myo-inositol 1,3,4-trisphosphate; 1D-myo-inositol 1,4,5-trisphosphate; 1D-myo-inositol 1,4-bisphosphate; a 1,2-diacyl-sn-glycero-3-phospho-(1D-myo-inositol 4-phosphate); a 1,2-diacyl-sn-glycero-3-phospho-(1D-myo-inositol-3,4,5-trisphosphate); a 1,2-diacyl-sn-glycero-3-phospho-(1D-myo-inositol-3,4-bisphosphate); a 1,2-diacyl-sn-glycero-3-phospho-(1D-myo-inositol-4,5-bisphosphate)	dephosphorylation; lipid modification; phosphatidylinositol biosynthetic process; phosphatidylinositol dephosphorylation; phosphatidylinositol metabolic process; phospholipid dephosphorylation	5
UPF1	Q92900	RHEA:13065		DNA metabolic process; DNA repair; DNA replication; DNA-templated DNA replication; RNA catabolic process; RNA metabolic process; RNA surveillance; cell cycle DNA replication; histone mRNA catabolic process; histone mRNA metabolic process; mRNA catabolic process; mRNA export from nucleus; mRNA metabolic process; macromolecule catabolic process; nuclear DNA replication; nuclear-transcribed mRNA catabolic process; nuclear-transcribed mRNA catabolic process, nonsense-mediated decay; nucleic acid catabolic process; telomere maintenance; telomere maintenance via semi-conservative replication	0
PTPRN2	Q92932	RHEA:10684		dephosphorylation; protein dephosphorylation	0
GCDH	Q92947	RHEA:13389	(2E)-butenoyl-CoA; glutaryl-CoA	L-lysine catabolic process; acyl-CoA biosynthetic process; fatty acid beta-oxidation; fatty acid beta-oxidation using acyl-CoA dehydrogenase; fatty acid catabolic process; fatty acid derivative biosynthetic process; fatty acid derivative metabolic process; fatty acid oxidation; fatty-acyl-CoA biosynthetic process; fatty-acyl-CoA metabolic process; lipid modification; lipid oxidation	5
HGD	Q93099	RHEA:15449	4-maleylacetoacetate; homogentisate	L-phenylalanine catabolic process; L-tyrosine catabolic process; aromatic amino acid catabolic process; aromatic amino acid metabolic process	2
RFK	Q969G6	RHEA:14357	riboflavin	FMN biosynthetic process; FMN metabolic process; flavin-containing compound biosynthetic process; flavin-containing compound metabolic process; nucleoside monophosphate biosynthetic process; riboflavin biosynthetic process; riboflavin metabolic process; ribonucleoside monophosphate biosynthetic process; vitamin biosynthetic process; vitamin metabolic process; water-soluble vitamin biosynthetic process	4
RAB24	Q969Q5	RHEA:19669		autophagy	0
RPE	Q96AT9	RHEA:13677	D-ribulose 5-phosphate; D-xylulose 5-phosphate	NADP+ metabolic process; NADPH regeneration; aldehyde metabolic process; glucose 6-phosphate metabolic process; glyceraldehyde-3-phosphate metabolic process; pentose-phosphate shunt; pentose-phosphate shunt, non-oxidative branch	3
ATG2B	Q96BY7	RHEA:38663;RHEA:38895	a 1,2-diacyl-sn-glycero-3-phospho-L-serine; a 1,2-diacyl-sn-glycero-3-phosphoethanolamine	autophagosome assembly; autophagosome organization; autophagy; autophagy of mitochondrion; autophagy of peroxisome; carbohydrate catabolic process; energy reserve metabolic process; glucan catabolic process; glucan metabolic process; glycogen catabolic process; glycogen metabolic process; glycophagy; macroautophagy; macromolecule catabolic process; microautophagy; nucleophagy; pexophagy; piecemeal microautophagy of the nucleus; polysaccharide catabolic process; polysaccharide metabolic process; reticulophagy	23
PLD4	Q96BZ4	RHEA:81319;RHEA:81375;RHEA:81379;RHEA:82335;RHEA:82563;RHEA:82567	1-(9Z-octadecenoyl)-sn-glycerol; 2',3'-cyclophospho-GMP; 3-(9Z-octadecenoyl)-sn-glycero-1-phospho-(3'-(9Z-octadecenoyl)-1'-sn-glycerol); 3-lyso-sn-glycero-1-phospho-(3'-(9Z-octadecenoyl)-1'-sn-glycerol); a 1-acyl-sn-glycerol; a 2'-deoxyribonucleoside 3'-phosphate; a 3-acyl-sn-glycero-1-phospho-(3'-acyl-1'-sn-glycerol); a ribonucleoside 3'-phosphate; a ribonucleoside 3'-phosphate-2'-3'-cyclophospho-GMP; an (R,S)-glycero-3-phospho-(3'-acyl-1'-glycerol); glycerol		8
GALM	Q96C23	RHEA:10264;RHEA:28675	alpha-D-galactose; alpha-D-glucose; beta-D-galactose; beta-D-glucose	beta-D-galactose catabolic process via UDP-galactose, Leloir pathway; carbohydrate catabolic process; galactose catabolic process; galactose metabolic process; glucose metabolic process; hexose catabolic process; hexose metabolic process; monosaccharide catabolic process; monosaccharide metabolic process	1
PYCR2	Q96C36	RHEA:14105;RHEA:14109	(S)-1-pyrroline-5-carboxylate; L-proline	L-glutamate catabolic process; L-glutamine catabolic process; L-glutamine metabolic process; L-proline biosynthetic process; L-proline metabolic process; amino acid biosynthetic process; dicarboxylic acid catabolic process; glutamate family amino acid biosynthetic process; glutamate metabolic process; proteinogenic amino acid biosynthetic process	2
PPCDC	Q96CD2	RHEA:16793	(R)-4'-phosphopantetheine; N-[(R)-4-phosphopantothenoyl]-L-cysteine	coenzyme A biosynthetic process; coenzyme A metabolic process	3
SLC25A36	Q96CQ1	RHEA:73531;RHEA:73583;RHEA:73587;RHEA:73591;RHEA:73595;RHEA:73599;RHEA:73603;RHEA:73607;RHEA:73611;RHEA:73615;RHEA:73619;RHEA:73623;RHEA:73627;RHEA:73631;RHEA:73635;RHEA:73639;RHEA:73643;RHEA:73647;RHEA:73651	IMP; dCDP; dCMP; dCTP; dGMP; dGTP; dUMP; dUTP		16
SLC25A38	Q96DW6	RHEA:70715	glycine	heme biosynthetic process; heme metabolic process; pigment biosynthetic process; pigment metabolic process; porphyrin-containing compound biosynthetic process; porphyrin-containing compound metabolic process; tetrapyrrole biosynthetic process; tetrapyrrole metabolic process	14
NUS1	Q96E22	RHEA:53008	(2E,6E)-farnesyl diphosphate; a di-trans,poly-cis-polyprenyl diphosphate; isopentenyl diphosphate	dolichol-linked oligosaccharide biosynthetic process; dolichyl diphosphate biosynthetic process; dolichyl monophosphate biosynthetic process; protein N-linked glycosylation	12
SIRT1	Q96EB6	RHEA:23500;RHEA:43636;RHEA:69332;RHEA:80287	2''-O-(2E)-but-2-enoyl-ADP-D-ribose; 2''-O-(S)-lactoyl-ADP-D-ribose; 2''-O-acetyl-ADP-D-ribose; 3''-O-propanoyl-ADP-D-ribose; nicotinamide	DNA biosynthetic process; DNA metabolic process; DNA repair; DNA synthesis involved in DNA repair; UV-damage excision repair; acylglycerol metabolic process; macromolecule catabolic process; macromolecule deacylation; modification-dependent macromolecule catabolic process; modification-dependent protein catabolic process; neutral lipid metabolic process; nucleic acid biosynthetic process; nucleotide-excision repair; peptidyl-lysine acetylation; peptidyl-lysine modification; post-translational protein modification; proteasomal protein catabolic process; proteasome-mediated ubiquitin-dependent protein catabolic process; protein acetylation; protein acylation; protein catabolic process; protein deacetylation; protein deacylation; protein depropionylation; protein modification by small protein conjugation; protein modification by small protein conjugation or removal; protein ubiquitination; pyrimidine dimer repair; pyrimidine dimer repair by nucleotide-excision repair; single strand break repair; triglyceride metabolic process; triglyceride mobilization; ubiquitin-dependent protein catabolic process	6
GNPNAT1	Q96EK6	RHEA:10292	D-glucosamine 6-phosphate; N-acetyl-D-glucosamine 6-phosphate; acetyl-CoA	UDP-N-acetylglucosamine biosynthetic process; UDP-N-acetylglucosamine metabolic process; amino sugar biosynthetic process; amino sugar metabolic process; nucleotide-sugar biosynthetic process; nucleotide-sugar metabolic process	32
MOCOS	Q96EN8	RHEA:42636	L-alanine; L-cysteine; Mo-molybdopterin; thio-Mo-molybdopterin	Mo-molybdopterin cofactor biosynthetic process; Mo-molybdopterin cofactor metabolic process; molybdopterin cofactor biosynthetic process; molybdopterin cofactor metabolic process; prosthetic group metabolic process	14
MMAB	Q96EY8	RHEA:56796	adenosylcob(III)alamin; apo-[alkylcobalamin reductase]; cob(I)alamin; triphosphate	cobalamin metabolic process; tetrapyrrole metabolic process	3
PGAP3	Q96FM1	RHEA:83847	a fatty acid	GPI anchor biosynthetic process; GPI anchor metabolic process; GPI anchor remodelling; GPI anchored protein biosynthesis; glycolipid biosynthetic process; glycolipid metabolic process; liposaccharide metabolic process	15
TRMT61A	Q96FX7	RHEA:43152;RHEA:55392		RNA biosynthetic process; RNA metabolic process; RNA methylation; RNA modification; RNA processing; mRNA metabolic process; mRNA processing; macromolecule methylation; methylation; nucleic acid biosynthetic process; tRNA metabolic process; tRNA methylation; tRNA modification; tRNA processing	0
CERS2	Q96G23	RHEA:23768;RHEA:33351;RHEA:33591;RHEA:36535;RHEA:36539;RHEA:36547;RHEA:36555;RHEA:36575;RHEA:36619;RHEA:36627;RHEA:36667;RHEA:36687;RHEA:36691;RHEA:36715;RHEA:36719;RHEA:36739;RHEA:36767;RHEA:37115;RHEA:37123;RHEA:45284;RHEA:61480	(15Z)-tetracosenoyl-CoA; (9Z)-octadecenoyl-CoA; 2-hydroxydocosanoyl-CoA; 2-hydroxytetracosanoyl-CoA; 2-hydroxytetracosenoyl-CoA; N-(15Z-tetracosenoyl)-sphinganine; N-(2-hydroxydocosanoyl)-sphinganine; N-(2-hydroxytetracosanoyl)-sphinganine; N-(2-hydroxytetracosenoyl)-sphinganine; N-(9Z-octadecenoyl)-sphinganine; N-(octadecanoyl)-sphinganine; N-(tetracosenoyl)-sphing-4-enine; N-docosanoylsphinganine; N-eicosanoyl-sphing-4-enine; N-eicosanoylsphinganine; N-hexacosanoylsphinganine; N-hexacosenoylsphinganine; N-hexadecanoylsphing-4-enine; N-hexadecanoylsphinganine; N-octadecanoylsphing-4-enine; N-tetracosanoyl-heptadecasphing-4-enine; N-tetracosanoyl-sphing-4-enine; N-tetracosanoylsphinganine; a fatty acyl-CoA; a sphingoid base; a very long-chain fatty acyl-CoA; an N-(very-long-chain fatty acyl)-sphingoid base; an N-acylsphing-4-enine; an N-tetracosenoylsphinganine; docosanoyl-CoA; eicosanoyl-CoA; heptadecasphing-4-enine; hexacosanoyl-CoA; hexacosenoyl-CoA; hexadecanoyl-CoA; octadecanoyl-CoA; sphing-4-enine; sphinganine; tetracosanoyl-CoA; tetracosenoyl-CoA	ceramide biosynthetic process; ceramide metabolic process; glycolipid biosynthetic process; glycolipid metabolic process; glycosphingolipid biosynthetic process; glycosphingolipid metabolic process; liposaccharide metabolic process	72
VMP1	Q96GC9	RHEA:38571;RHEA:38663;RHEA:38895;RHEA:39747	a 1,2-diacyl-sn-glycero-3-phospho-L-serine; a 1,2-diacyl-sn-glycero-3-phosphocholine; a 1,2-diacyl-sn-glycero-3-phosphoethanolamine; cholesterol	autophagosome assembly; autophagosome maturation; autophagosome membrane docking; autophagosome organization; autophagy; macroautophagy	45
PDXP	Q96GD0	RHEA:20533;RHEA:20629;RHEA:25112;RHEA:25135	pyridoxal; pyridoxal 5'-phosphate; pyridoxamine; pyridoxamine 5'-phosphate; pyridoxine; pyridoxine 5'-phosphate	aldehyde catabolic process; aldehyde metabolic process; dephosphorylation; protein dephosphorylation; pyridine-containing compound catabolic process; pyridoxal 5'-phosphate catabolic process; pyridoxal 5'-phosphate metabolic process; vitamin B6 catabolic process; vitamin B6 metabolic process; vitamin catabolic process; vitamin metabolic process; water-soluble vitamin catabolic process	5
MASTL	Q96GX5	RHEA:17989;RHEA:46608			0
APIP	Q96GX9	RHEA:15549	5-(methylsulfanyl)-D-ribulose 1-phosphate; 5-methylsulfanyl-2,3-dioxopentyl phosphate	L-methionine cycle; L-methionine metabolic process; S-adenosylmethionine metabolic process; homocysteine metabolic process; non-proteinogenic amino acid metabolic process; nucleoside metabolic process; purine nucleoside metabolic process; purine ribonucleoside metabolic process; ribonucleoside metabolic process; sulfur amino acid metabolic process	0
COQ2	Q96H96	RHEA:17709;RHEA:44504;RHEA:44564	4-hydroxy-3-(all-trans-decaprenyl)benzoate; 4-hydroxy-3-(all-trans-nonaprenyl)benzoate; 4-hydroxybenzoate; a 4-hydroxy-3-(all-trans-polyprenyl)benzoate; all-trans-decaprenyl diphosphate; all-trans-nonaprenyl diphosphate; an all-trans-polyprenyl diphosphate	glycerol metabolic process; isoprenoid biosynthetic process; isoprenoid metabolic process; ketone biosynthetic process; ketone metabolic process; polyol metabolic process; quinone biosynthetic process; quinone metabolic process; ubiquinone biosynthetic process; ubiquinone metabolic process	3
ERO1A	Q96HE7	RHEA:17357;RHEA:59116	R'C(R)S-S(R)CR'; R'C(R)SH	protein folding; protein folding in endoplasmic reticulum	2
DHTKD1	Q96HY7	RHEA:69576	2-oxoadipate	L-lysine catabolic process	2
ADTRP	Q96IZ2	RHEA:52048;RHEA:52052;RHEA:52056;RHEA:52060;RHEA:52064;RHEA:52068;RHEA:52072;RHEA:52076;RHEA:52080;RHEA:52084;RHEA:52096;RHEA:52100	(9Z)-hexadecenoate; (9Z)-octadecenoate; 12-(9Z-hexadecenoyloxy)-octadecanoate; 12-(9Z-octadecenoyloxy)-octadecanoate; 12-hexadecanoyloxy-octadecanoate; 12-hydroxyoctadecanoate; 12-octadecanoyloxy-octadecanoate; 13-(9Z-hexadecenoyloxy)-octadecanoate; 13-(9Z-octadecenoyloxy)-octadecanoate; 13-hydroxy-octadecanoate; 13-octadecanoyloxy-octadecanoate; 5-(9Z-octadecenoyloxy)-octadecanoate; 5-hydroxy-octadecanoate; 9-(9Z-hexadecenoyloxy)-octadecanoate; 9-(9Z-octadecenoyloxy)-octadecanoate; 9-hexadecanoyloxy-octadecanoate; 9-hydroxy-octadecanoate; 9-octadecanoyloxy-octadecanoate; hexadecanoate; octadecanoate	fatty acid catabolic process; long-chain fatty acid catabolic process; long-chain fatty acid metabolic process	22
LOXL4	Q96JB6	RHEA:24544			0
FAR2	Q96K12	RHEA:36315;RHEA:36319;RHEA:52716;RHEA:81727;RHEA:81731;RHEA:81735;RHEA:81739;RHEA:81743;RHEA:81747;RHEA:81751;RHEA:81755;RHEA:81767;RHEA:81771;RHEA:81775;RHEA:81779	18-methylnonadecan-1-ol; 18-methylnonadecanoyl-CoA; 20-methylheneicosan-1-ol; 20-methylheneicosanoyl-CoA; 22-methyltricosan-1-ol; 22-methyltricosanoyl-CoA; 24-methylpentacosan-1-ol; 24-methylpentacosanoyl-CoA; a long-chain fatty acyl-CoA; a long-chain primary fatty alcohol; a very long-chain fatty acyl-CoA; a very long-chain primary fatty alcohol; an ultra long-chain primary fatty alcohol; an ultra-long-chain fatty acyl-CoA; docosan-1-ol; docosanoyl-CoA; eicosan-1-ol; eicosanoyl-CoA; hexacosan-1-ol; hexacosanoyl-CoA; hexadecan-1-ol; hexadecanoyl-CoA; octacosan-1-ol; octacosanoyl-CoA; octadecan-1-ol; octadecanoyl-CoA; tetracosan-1-ol; tetracosanoyl-CoA; triacontan-1-ol; triacontanoyl-CoA	fatty acid derivative biosynthetic process; fatty acid derivative metabolic process; fatty-acyl-CoA metabolic process; long-chain fatty-acyl-CoA metabolic process; wax biosynthetic process; wax metabolic process	48
B3GALT6	Q96L58	RHEA:11780	UDP-alpha-D-galactose	aminoglycan biosynthetic process; aminoglycan metabolic process; chondroitin sulfate proteoglycan biosynthetic process; chondroitin sulfate proteoglycan metabolic process; dermatan sulfate proteoglycan biosynthetic process; dermatan sulfate proteoglycan metabolic process; glycosaminoglycan biosynthetic process; glycosaminoglycan metabolic process; glycosaminoglycan-protein linkage region biosynthetic process; heparan sulfate proteoglycan biosynthetic process; heparan sulfate proteoglycan metabolic process; heparin proteoglycan biosynthetic process; heparin proteoglycan metabolic process; protein O-linked glycosylation; protein O-linked glycosylation via xylose; proteoglycan biosynthetic process; proteoglycan metabolic process	12
ALPK3	Q96L96	RHEA:17989;RHEA:46608			0
SAMD8	Q96LT4	RHEA:36079;RHEA:42128;RHEA:42136;RHEA:42144;RHEA:42148;RHEA:78951	N-hexadecanoyl-(4R)-hydroxysphinganine; N-hexadecanoyl-(4R)-hydroxysphinganine-1-phosphoethanolamine; N-hexadecanoyl-sphinganine-1-phosphoethanolamine; N-hexadecanoylsphinganine; a 1,2-diacyl-sn-glycero-3-phosphoethanolamine; a 1,2-diacyl-sn-glycerol; an N-acyl-(4R)-4-hydroxysphinganine; an N-acyl-(4R)-4-hydroxysphinganine-1-phosphoethanolamine; an N-acylsphing-4-enine; an N-acylsphing-4-enine 1-phosphoethanolamine; an N-acylsphinganine; an N-acylsphinganine-1-phosphoethanolamine; phosphoethanolamine	ceramide biosynthetic process; ceramide metabolic process; sphingomyelin biosynthetic process; sphingomyelin metabolic process	54
UROC1	Q96N76	RHEA:13101	4-imidazolone-5-propanoate; trans-urocanate	L-histidine catabolic process; aromatic amino acid catabolic process; aromatic amino acid metabolic process; imidazole-containing compound catabolic process; imidazole-containing compound metabolic process	2
RDH12	Q96NR8	RHEA:25033;RHEA:54912;RHEA:54916;RHEA:58328;RHEA:58332;RHEA:58336;RHEA:58380	(E)-non-2-en-1-ol; (E)-non-2-enal; (Z)-non-6-en-1-ol; (Z)-non-6-enal; 11-cis-retinal; 11-cis-retinol; 9-cis-retinal; 9-cis-retinol; a 4-hydroxynonen-1-ol; a 4-hydroxynonenal; all-trans-retinal; all-trans-retinol; nonan-1-ol; nonanal	diterpenoid metabolic process; hormone metabolic process; isoprenoid metabolic process; olefinic compound metabolic process; primary alcohol metabolic process; retinoid metabolic process; retinol metabolic process; terpenoid metabolic process	11
AMDHD1	Q96NU7	RHEA:23660	4-imidazolone-5-propanoate; N-formimidoyl-L-glutamate	L-histidine catabolic process; aromatic amino acid catabolic process; aromatic amino acid metabolic process; imidazole-containing compound catabolic process; imidazole-containing compound metabolic process	2
NLRP3	Q96P20	RHEA:13065			0
IP6K3	Q96PC2	RHEA:12793	1D-myo-inositol hexakisphosphate; 5-diphospho-1D-myo-inositol 1,2,3,4,6-pentakisphosphate	inositol phosphate biosynthetic process; inositol phosphate metabolic process; phosphatidylinositol metabolic process; phosphatidylinositol phosphate biosynthetic process; phosphorylation; polyol biosynthetic process; polyol metabolic process; protein phosphorylation	1
DGAT2	Q96PD7	RHEA:10868;RHEA:11488;RHEA:37911;RHEA:37915;RHEA:38071;RHEA:38163;RHEA:38175;RHEA:38219;RHEA:38435;RHEA:38439;RHEA:55340	(9Z)-octadecenoyl-CoA; 1,2,3-tri-(9Z-octadecenoyl)-glycerol; 1,2-di-(9Z)-octadecenoyl-3-hexadecanoyl-sn-glycerol; 1,2-di-(9Z-octadecenoyl)-glycerol; 1,2-di-(9Z-octadecenoyl)-sn-glycerol; 1,3-di-(9Z-octadecenoyl)-glycerol; 1-(9Z-octadecenoyl)-glycerol; 1-O-(9Z-octadecenyl)-glycerol; 1-O-(9Z-octadecyl)-3-(9Z-octadecenoyl)-glycerol; 1-hexadecanoyl-2-(9Z-octadecenoyl)-sn-glycerol; 2,3-di-(9Z)-octadecenoyl-sn-glycerol; 2-(9Z-octadecenoyl)-glycerol; a 1,2-diacyl-sn-glycerol; a triacyl-sn-glycerol; all-trans-retinol; all-trans-retinyl hexadecanoate; an acyl-CoA; an all-trans-retinyl ester; hexadecanoyl-CoA	acylglycerol biosynthetic process; acylglycerol metabolic process; diacylglycerol biosynthetic process; diacylglycerol metabolic process; diterpenoid metabolic process; fatty acid derivative metabolic process; fatty-acyl-CoA metabolic process; hormone metabolic process; isoprenoid metabolic process; long-chain fatty-acyl-CoA metabolic process; monoacylglycerol biosynthetic process; monoacylglycerol metabolic process; neutral lipid biosynthetic process; neutral lipid metabolic process; olefinic compound metabolic process; primary alcohol metabolic process; retinoid metabolic process; retinol metabolic process; terpenoid metabolic process; triglyceride biosynthetic process; triglyceride metabolic process	65
MCEE	Q96PE7	RHEA:20553	(R)-methylmalonyl-CoA; (S)-methylmalonyl-CoA	L-methylmalonyl-CoA metabolic process; acyl-CoA biosynthetic process; fatty acid catabolic process; short-chain fatty acid catabolic process; short-chain fatty acid metabolic process; succinyl-CoA biosynthetic process; succinyl-CoA metabolic process	3
NEK1	Q96PY6	RHEA:17989;RHEA:46608		phosphorylation; protein phosphorylation	0
LMTK3	Q96Q04	RHEA:17989;RHEA:46608			0
ALPK1	Q96QP1	RHEA:17989;RHEA:46608			0
MCCC1	Q96RQ3	RHEA:13589	3-methyl-(2E)-glutaconyl-CoA; 3-methylbut-2-enoyl-CoA	L-leucine catabolic process; L-leucine metabolic process; biotin metabolic process; branched-chain amino acid catabolic process; branched-chain amino acid metabolic process	4
IL4I1	Q96RQ9	RHEA:13781;RHEA:51404;RHEA:61240;RHEA:61244;RHEA:61248	3-(4-hydroxyphenyl)pyruvate; 3-phenylpyruvate; 5-guanidino-2-oxopentanoate; L-arginine; L-phenylalanine; L-tryptophan; L-tyrosine; a 2-oxocarboxylate; an L-alpha-amino acid; indole-3-pyruvate	L-phenylalanine catabolic process; L-tryptophan catabolic process; L-tyrosine catabolic process; aromatic amino acid catabolic process; aromatic amino acid metabolic process; indole-containing compound catabolic process; indole-containing compound metabolic process	18
ADO	Q96SZ5	RHEA:14409;RHEA:70895	cysteamine; hypotaurine	alkanesulfonate biosynthetic process; alkanesulfonate metabolic process; taurine biosynthetic process; taurine metabolic process	2
NMNAT3	Q96T66	RHEA:21360;RHEA:22860	beta-nicotinamide D-ribonucleotide; deamido-NAD(+); nicotinate beta-D-ribonucleotide	NAD+ biosynthetic process; NAD+ biosynthetic process via the salvage pathway; NAD+ metabolic process; metabolic compound salvage; nicotinamide nucleotide biosynthetic process; nucleotide salvage; protein folding; purine nucleotide salvage; purine-containing compound salvage; pyridine nucleotide biosynthetic process; pyridine nucleotide salvage; pyridine-containing compound biosynthetic process	9
GAD1	Q99259	RHEA:17785	4-aminobutanoate	GABA biosynthetic process; GABA shunt; L-glutamate catabolic process; amino acid biosynthetic process; dicarboxylic acid catabolic process; glutamate metabolic process; non-proteinogenic amino acid biosynthetic process; non-proteinogenic amino acid metabolic process; succinate metabolic process	3
ACOX2	Q99424	RHEA:38959;RHEA:40167;RHEA:40179;RHEA:40459;RHEA:46728;RHEA:86619;RHEA:86699	(24E)-3alpha,7alpha,12alpha-trihydroxy-5beta-cholest-24-en-26-oyl-CoA; (25S)-3alpha,7alpha,12alpha-trihydroxy-5beta-cholestan-26-oyl-CoA; (2E)-13-methyltetradecenoyl-CoA; (2E)-15-methylhexadecenoyl-CoA; (2E)-decenoyl-CoA; (2E)-hexadecenoyl-CoA; (2E)-pristenoyl-CoA; (2S)-pristanoyl-CoA; a (2E)-enoyl-CoA; a 2,3-saturated acyl-CoA; decanoyl-CoA; hexadecanoyl-CoA; isoheptadecanoyl-coA; isopentadecanoyl-CoA	bile acid biosynthetic process; bile acid metabolic process; fatty acid beta-oxidation; fatty acid beta-oxidation using acyl-CoA oxidase; fatty acid catabolic process; fatty acid oxidation; lipid modification; lipid oxidation; very long-chain fatty acid metabolic process	45
PCYT2	Q99447	RHEA:24592	CDP-ethanolamine; phosphoethanolamine	phosphatidylethanolamine biosynthetic process; phosphatidylethanolamine metabolic process	9
PARK7	Q99497	RHEA:49548;RHEA:49552;RHEA:49556;RHEA:57188;RHEA:57192;RHEA:57196;RHEA:57244;RHEA:57248;RHEA:57252;RHEA:57256;RHEA:57260;RHEA:57264;RHEA:57268;RHEA:57288;RHEA:57292;RHEA:57296;RHEA:57300;RHEA:57304	N(2)-(1-hydroxy-2-oxoethyl)-GDP; N(2)-(1-hydroxy-2-oxoethyl)-GMP; N(2)-(1-hydroxy-2-oxoethyl)-GTP; N(2)-(1-hydroxy-2-oxoethyl)-dGTP; N(2)-(1-hydroxy-2-oxopropyl)-GDP; N(2)-(1-hydroxy-2-oxopropyl)-GMP; N(2)-(1-hydroxy-2-oxopropyl)-GTP; N(2)-(1-hydroxy-2-oxopropyl)-dGTP; dGTP; glycolate; lactate	DNA metabolic process; DNA repair; aldehyde catabolic process; aldehyde metabolic process; detoxification of hydrogen peroxide; glycolate biosynthetic process; glycolate metabolic process; glyoxal catabolic process; glyoxal metabolic process; hydrogen peroxide metabolic process; ketone catabolic process; ketone metabolic process; lactate biosynthetic process; lactate metabolic process; methylglyoxal catabolic process; methylglyoxal metabolic process; primary alcohol biosynthetic process; primary alcohol metabolic process; protein repair; reactive oxygen species metabolic process; removal of superoxide radicals; superoxide metabolic process	3
PIK3R4	Q99570	RHEA:17989;RHEA:46608		autophagosome maturation; autophagy; autophagy of peroxisome; macroautophagy; macromolecule catabolic process; pexophagy; phosphatidylinositol phosphate biosynthetic process; phosphatidylinositol-3-phosphate biosynthetic process; phosphorylation; protein phosphorylation; receptor catabolic process; receptor metabolic process	0
P2RX7	Q99572	RHEA:29463;RHEA:29671;RHEA:34963	CHEBI:29101; CHEBI:29103		11
SEPHS2	Q99611	RHEA:18737	hydrogenselenide; selenophosphate	L-selenocysteine biosynthetic process; amino acid biosynthetic process; modified amino acid biosynthetic process; proteinogenic amino acid biosynthetic process	2
PKMYT1	Q99640	RHEA:17989;RHEA:46608			0
MAP3K5	Q99683	RHEA:17989;RHEA:46608			0
MTR	Q99707	RHEA:11172	(6S)-5,6,7,8-tetrahydrofolate; (6S)-5-methyl-5,6,7,8-tetrahydrofolate; L-homocysteine; L-methionine	L-methionine biosynthetic process; L-methionine metabolic process; L-methionine salvage; amino acid biosynthetic process; amino acid salvage; aspartate family amino acid biosynthetic process; cobalamin metabolic process; folic acid-containing compound metabolic process; metabolic compound salvage; methylation; proteinogenic amino acid biosynthetic process; pteridine-containing compound metabolic process; sulfur amino acid biosynthetic process; sulfur amino acid metabolic process; tetrahydrofolate metabolic process; tetrapyrrole metabolic process	16
HSD17B10	Q99714	RHEA:13281;RHEA:14929;RHEA:19409;RHEA:22432;RHEA:24612;RHEA:30799;RHEA:31159;RHEA:31195;RHEA:41980;RHEA:41992;RHEA:42004;RHEA:42008;RHEA:42012;RHEA:42016;RHEA:42020;RHEA:42024;RHEA:42028;RHEA:42036	(2S,3S)-3-hydroxy-2-methylbutanoyl-CoA; (3S)-3-hydroxybutanoyl-CoA; (3S)-hydroxyhexadecanoyl-CoA; (3S)-hydroxyoctanoyl-CoA; 11-dehydrocorticosterone; 11beta,17alpha-dihydroxypregn-4-ene-3,20,21-trione; 17alpha-hydroxypregn-4-en-3,11,20-trione-21-al; 17beta-estradiol; 17beta-hydroxy-5alpha-androstan-3-one; 2-methyl-3-oxobutanoyl-CoA; 3-oxohexadecanoyl-CoA; 3-oxooctanoyl-CoA; 3alpha,12alpha-dihydroxy-7-oxo-5beta-cholanate; 3alpha-hydroxy-5alpha-pregnan-20-one; 3beta,7beta-dihydroxy-5beta-cholan-24-oate; 3beta-hydroxy-7-oxo-5beta-cholan-24-oate; 5alpha-androstan-3,17-dione; 5alpha-androstane-3alpha,17beta-diol; 5alpha-pregnan-20beta-ol-3-one; 5alpha-pregnane-3,20-dione; 7-oxolithocholate; a (3S)-3-hydroxyacyl-CoA; a 3-oxoacyl-CoA; acetoacetyl-CoA; androst-4-ene-3,17-dione; chenodeoxycholate; cholate; cortisol; cortisone; estrone; pregn-4-ene-3,11,20,21-tetraone; testosterone; ursodeoxycholate	C21-steroid hormone metabolic process; L-isoleucine catabolic process; RNA 3'-end processing; RNA 5'-end processing; RNA biosynthetic process; RNA metabolic process; RNA methylation; RNA modification; RNA processing; androgen metabolic process; bile acid biosynthetic process; bile acid metabolic process; branched-chain amino acid catabolic process; branched-chain amino acid metabolic process; brexanolone metabolic process; estrogen metabolic process; fatty acid beta-oxidation; fatty acid catabolic process; fatty acid oxidation; hormone metabolic process; ketone metabolic process; lipid modification; lipid oxidation; macromolecule methylation; methylation; mitochondrial RNA 3'-end processing; mitochondrial RNA 5'-end processing; mitochondrial RNA metabolic process; mitochondrial RNA modification; mitochondrial RNA processing; mitochondrial gene expression; mitochondrial tRNA 3'-end processing; mitochondrial tRNA 5'-end processing; mitochondrial tRNA methylation; mitochondrial tRNA modification; mitochondrial tRNA processing; nucleic acid biosynthetic process; tRNA 3'-end processing; tRNA 3'-terminal CCA addition; tRNA 5'-end processing; tRNA metabolic process; tRNA methylation; tRNA modification; tRNA processing	35
ABCA3	Q99758	RHEA:39051;RHEA:66272;RHEA:66340;RHEA:66344	1,2-dihexadecanoyl-sn-glycero-3-phosphocholine; a 1,2-diacyl-sn-glycero-3-phospho-(1'-sn-glycerol); a 1,2-diacyl-sn-glycero-3-phosphocholine; cholesterol	phosphatidylcholine metabolic process; phosphatidylglycerol metabolic process	36
COQ7	Q99807	RHEA:81211	a 5-methoxy-2-methyl-3-(all-trans-polyprenyl)benzoquinone	ketone biosynthetic process; ketone metabolic process; quinone biosynthetic process; quinone metabolic process; ubiquinone biosynthetic process; ubiquinone metabolic process	0
GAL3ST1	Q99999	RHEA:20613;RHEA:41736;RHEA:41744;RHEA:41748;RHEA:43304	1,2-diacyl-3-(3-O-sulfo-beta-D-galactosyl)-sn-glycerol; 1-(3-O-sulfo-beta-D-galactosyl)-ceramide; 3'-phosphoadenylyl sulfate; a 1,2-diacyl-3-O-(beta-D-galactosyl)-sn-glycerol; a 1-O-alkyl-2-acyl-3-(beta-D-3-sulfogalactosyl)-sn-glycerol; a 1-O-alkyl-2-acyl-3-O-(beta-D-galactosyl)-sn-glycerol; a beta-D-Gal-(1->4)-beta-D-Glc-(1<->1)-Cer(d18:1(4E)); a beta-D-Gal-(1<->1')-ceramide; a beta-D-galactosyl-(1<->1')-N-acylsphing-4-enine; adenosine 3',5'-bisphosphate; an N-acyl-1-beta-D-(3-O-sulfo)-galactosyl-sphing-4-enine; beta-D-3-sulfogalactosyl-(1->4)-beta-D-glucosyl-(1<->1')-N-acylsphing-4-enine	ceramide biosynthetic process; ceramide metabolic process; galactolipid biosynthetic process; galactolipid metabolic process; galactosylceramide biosynthetic process; galactosylceramide metabolic process; glycolipid biosynthetic process; glycolipid metabolic process; glycosphingolipid biosynthetic process; glycosphingolipid metabolic process; glycosylceramide metabolic process; liposaccharide metabolic process; protein N-linked glycosylation	20
LPIN3	Q9BQK8	RHEA:27429	a 1,2-diacyl-sn-glycero-3-phosphate; a 1,2-diacyl-sn-glycerol	acylglycerol biosynthetic process; acylglycerol metabolic process; fatty acid catabolic process; neutral lipid biosynthetic process; neutral lipid metabolic process; triglyceride biosynthetic process; triglyceride metabolic process	21
SLC25A21	Q9BQT8	RHEA:71739;RHEA:71743;RHEA:71747;RHEA:71751;RHEA:71755;RHEA:71759;RHEA:71763	2-oxoadipate; 2-oxoheptanedioate; L-2-aminoadipate; citrate; glutarate; heptanedioate; hexanedioate	L-lysine catabolic process	5
AIFM2	Q9BRQ8	RHEA:61980;RHEA:61984;RHEA:69695;RHEA:74075;RHEA:74079	menadiol; menadione; phylloquinol; phylloquinone	cellular respiration; electron transport chain; ketone metabolic process; quinone metabolic process; respiratory electron transport chain; ubiquinone metabolic process; vitamin K metabolic process	0
TMEM175	Q9BSA9	RHEA:29463;RHEA:34979	CHEBI:29103		4
ALG1	Q9BT22	RHEA:13865	GDP-alpha-D-mannose; a beta-D-Man-(1->4)-beta-D-GlcNAc-(1->4)-alpha-D-GlcNAc-diphospho-di-trans,poly-cis-dolichol; an N,N'-diacetylchitobiosyl-diphospho-di-trans,poly-cis-dolichol	dolichol-linked oligosaccharide biosynthetic process; protein N-linked glycosylation	4
THTPA	Q9BU02	RHEA:11744	thiamine diphosphate; thiamine triphosphate	dephosphorylation; primary alcohol metabolic process; pyrimidine-containing compound biosynthetic process; pyrimidine-containing compound metabolic process; thiamine diphosphate biosynthetic process; thiamine diphosphate metabolic process; thiamine metabolic process; thiamine-containing compound biosynthetic process; thiamine-containing compound metabolic process; vitamin biosynthetic process; vitamin metabolic process; water-soluble vitamin biosynthetic process	2
G6PC3	Q9BUM1	RHEA:16689	D-glucose; D-glucose 6-phosphate	carbohydrate biosynthetic process; gluconeogenesis; glucose 6-phosphate metabolic process; glucose metabolic process; hexose biosynthetic process; hexose metabolic process; monosaccharide biosynthetic process; monosaccharide metabolic process	8
CHAC1	Q9BUX1	RHEA:47724	5-oxo-L-proline; L-cysteinylglycine; glutathione	glutathione catabolic process; glutathione metabolic process; modified amino acid catabolic process; sulfur compound catabolic process	12
ALG12	Q9BV10	RHEA:29535	a di-trans,poly-cis-dolichyl beta-D-mannosyl phosphate; a di-trans,poly-cis-dolichyl phosphate; an alpha-D-Man-(1->2)-alpha-D-Man-(1->2)-alpha-D-Man-(1->3)-[alpha-D-Man-(1->2)-alpha-D-Man-(1->3)-[alpha-D-Man-(1->6)]-alpha-D-Man-(1->6)]-beta-D-Man-(1->4)-beta-D-GlcNAc-(1->4)-alpha-D-GlcNAc-diphospho-di-trans,poly-cis-dolichol; an alpha-D-Man-(1->2)-alpha-D-Man-(1->2)-alpha-D-Man-(1->3)-[alpha-D-Man-(1->2)-alpha-D-Man-(1->3)-alpha-D-Man-(1->6)]-beta-D-Man-(1->4)-beta-D-GlcNAc-(1->4)-alpha-D-GlcNAc-diphospho-di-trans,poly-cis-dolichol	dolichol-linked oligosaccharide biosynthetic process; protein N-linked glycosylation; protein folding	14
ALG8	Q9BVK2	RHEA:31307	a di-trans,poly-cis-dolichyl beta-D-glucosyl phosphate; a di-trans,poly-cis-dolichyl phosphate; an alpha-D-Glc-(1->3)-alpha-D-Glc-(1->3)-alpha-D-Man-(1->2)-alpha-D-Man-(1->2)-alpha-D-Man-(1->3)-[alpha-D-Man-(1->2)-alpha-D-Man-(1->3)-[alpha-D-Man-(1->2)-alpha-D-Man-(1->6)]-alpha-D-Man-(1->6)]-beta-D-Man-(1->4)-beta-D-GlcNAc-(1->4)-alpha-D-GlcNAc-diphospho-di-trans,poly-cis-dolichol; an alpha-D-Glc-(1->3)-alpha-D-Man-(1->2)-alpha-D-Man-(1->2)-alpha-D-Man-(1->3)-[alpha-D-Man-(1->2)-alpha-D-Man-(1->3)-[alpha-D-Man-(1->2)-alpha-D-Man-(1->6)]-alpha-D-Man-(1->6)]-beta-D-Man-(1->4)-beta-D-GlcNAc-(1->4)-alpha-D-GlcNAc-diphospho-di-trans,poly-cis-dolichol	dolichol-linked oligosaccharide biosynthetic process; protein N-linked glycosylation	14
ELOVL1	Q9BW60	RHEA:32727;RHEA:35319;RHEA:35327;RHEA:36507;RHEA:36515;RHEA:36519;RHEA:36527;RHEA:36531	(11Z)-eicosenoyl-CoA; (13Z)-docosenoyl-CoA; 3-oxo-(13Z)-docosenoyl-CoA; 3-oxo-(15Z)-tetracosenoyl-CoA; 3-oxodocosanoyl-CoA; 3-oxoeicosanoyl-CoA; 3-oxohexacosanoyl-CoA; 3-oxooctacosanyol-CoA; 3-oxotetracosanoyl-CoA; a very-long-chain 3-oxoacyl-CoA; a very-long-chain acyl-CoA; docosanoyl-CoA; eicosanoyl-CoA; hexacosanoyl-CoA; malonyl-CoA; octadecanoyl-CoA; tetracosanoyl-CoA	acyl-CoA biosynthetic process; alpha-linolenic acid metabolic process; ceramide biosynthetic process; ceramide metabolic process; fatty acid biosynthetic process; fatty acid derivative biosynthetic process; fatty acid derivative metabolic process; fatty acid elongation; fatty acid elongation, monounsaturated fatty acid; fatty acid elongation, polyunsaturated fatty acid; fatty acid elongation, saturated fatty acid; fatty acid elongation, unsaturated fatty acid; fatty-acyl-CoA biosynthetic process; fatty-acyl-CoA metabolic process; linoleic acid metabolic process; long-chain fatty acid metabolic process; long-chain fatty-acyl-CoA biosynthetic process; long-chain fatty-acyl-CoA metabolic process; olefinic compound metabolic process; unsaturated fatty acid biosynthetic process; unsaturated fatty acid metabolic process; very long-chain fatty acid biosynthetic process; very long-chain fatty acid metabolic process	39
BRIP1	Q9BX63	RHEA:13065		DNA metabolic process; DNA recombination; DNA repair; double-strand break repair; double-strand break repair involved in meiotic recombination; homologous recombination; nucleotide-excision repair; protein-DNA covalent cross-linking repair; reciprocal homologous recombination; reciprocal meiotic recombination	0
HINT2	Q9BX68	RHEA:67916	adenosine 5'-phosphoramidate		0
SGPP1	Q9BX95	RHEA:27514;RHEA:27518	sphing-4-enine; sphing-4-enine 1-phosphate; sphinganine; sphinganine 1-phosphate	dephosphorylation; diol metabolic process; lipid modification; phospholipid dephosphorylation; polyol metabolic process; sphingoid metabolic process; sphingolipid catabolic process; sphingosine metabolic process	14
NPL	Q9BXD5	RHEA:23296	aceneuramate; aldehydo-N-acetyl-D-mannosamine; pyruvate	N-acetylneuraminate catabolic process; N-acetylneuraminate metabolic process; amino sugar catabolic process; amino sugar metabolic process	14
NT5C1A	Q9BXI3	RHEA:12484;RHEA:27718;RHEA:29363;RHEA:29375;RHEA:36167	2'-deoxycytidine; IMP; a 2'-deoxyribonucleoside; a 2'-deoxyribonucleoside 5'-phosphate; a ribonucleoside; a ribonucleoside 5'-phosphate; adenosine; dCMP; inosine	2'-deoxyribonucleotide metabolic process; AMP catabolic process; AMP metabolic process; IMP catabolic process; IMP metabolic process; adenosine metabolic process; allantoin metabolic process; dAMP catabolic process; dAMP metabolic process; dGMP catabolic process; dGMP metabolic process; deoxyribonucleoside monophosphate catabolic process; deoxyribose phosphate catabolic process; nucleoside metabolic process; nucleoside monophosphate catabolic process; nucleoside phosphate catabolic process; nucleotide catabolic process; purine deoxyribonucleoside monophosphate catabolic process; purine deoxyribonucleoside monophosphate metabolic process; purine deoxyribonucleotide catabolic process; purine deoxyribonucleotide metabolic process; purine nucleoside metabolic process; purine nucleoside monophosphate catabolic process; purine nucleoside monophosphate metabolic process; purine nucleotide catabolic process; purine ribonucleoside metabolic process; purine ribonucleoside monophosphate catabolic process; purine ribonucleoside monophosphate metabolic process; purine ribonucleotide catabolic process; purine-containing compound catabolic process; ribonucleoside metabolic process; ribonucleoside monophosphate catabolic process; ribonucleotide catabolic process	18
IDI2	Q9BXS1	RHEA:23284	dimethylallyl diphosphate; isopentenyl diphosphate	dimethylallyl diphosphate biosynthetic process; dimethylallyl diphosphate metabolic process; isopentenyl diphosphate biosynthetic process; isopentenyl diphosphate metabolic process; isoprenoid biosynthetic process; isoprenoid metabolic process	8
B3GNT5	Q9BYG0	RHEA:13905;RHEA:23004	UDP-N-acetyl-alpha-D-glucosamine; a beta-D-Gal-(1->4)-beta-D-Glc-(1<->1)-Cer(d18:1(4E)); a beta-D-GlcNAc-(1->3)-beta-D-Gal-(1->4)-beta-D-Glc-(1<->1)-Cer(d18:1(4E)); a neolactoside IV(3)-beta-GlcNAc-nLc4Cer(d18:1(4E)); a neolactoside nLc4Cer(d18:1(4E))	glycolipid biosynthetic process; glycolipid metabolic process; glycosphingolipid biosynthetic process; glycosphingolipid metabolic process; liposaccharide metabolic process	19
AGXT2	Q9BYV1	RHEA:14077;RHEA:18393;RHEA:24248;RHEA:77303;RHEA:77307;RHEA:77311;RHEA:77315;RHEA:77319;RHEA:77323;RHEA:77327;RHEA:77331;RHEA:77339;RHEA:77343;RHEA:77347;RHEA:77351;RHEA:77355;RHEA:77359;RHEA:77363	(2S)-2-aminobutanoate; (R)-3-amino-2-methylpropanoate; 2-methyl-3-oxopropanoate; 2-oxobutanoate; 2-oxohexanoate; 2-oxopentanoate; 3-oxopropanoate; 5-(3,3'-dimethylguanidino)-2-oxopentanoate; 5-(3,3-dimethylguanidino)-2-oxopentanoate; 5-(3-methylguanidino)-2-oxopentanoate; 5-amino-2-oxopentanoate; L-2-aminohexanoate; L-2-aminopentanoate; L-alanine; L-aspartate; L-ornithine; N(omega),N('omega)-dimethyl-L-arginine; N(omega),N(omega)-dimethyl-L-arginine; N(omega)-methyl-L-arginine; beta-alanine; glycine; glyoxylate; oxaloacetate; pyruvate	L-alanine catabolic process; aldehyde catabolic process; aldehyde metabolic process; amino acid biosynthetic process; glycine biosynthetic process; glycine metabolic process; glyoxylate catabolic process; glyoxylate metabolic process; proteinogenic amino acid biosynthetic process; serine family amino acid biosynthetic process	61
IFIH1	Q9BYX4	RHEA:13065		peptidyl-lysine modification; post-translational protein modification; protein modification by small protein conjugation; protein modification by small protein conjugation or removal; protein sumoylation	0
PANK2	Q9BZ23	RHEA:16373	(R)-4'-phosphopantothenate; (R)-pantothenate	coenzyme A biosynthetic process; coenzyme A metabolic process; pantothenate metabolic process	3
PUS3	Q9BZE2	RHEA:42564		RNA biosynthetic process; RNA metabolic process; RNA modification; RNA processing; mRNA metabolic process; mRNA modification; mRNA pseudouridine synthesis; nucleic acid biosynthetic process; pseudouridine synthesis; tRNA metabolic process; tRNA modification; tRNA processing; tRNA pseudouridine synthesis	0
NMNAT2	Q9BZQ4	RHEA:21360;RHEA:22860	beta-nicotinamide D-ribonucleotide; deamido-NAD(+); nicotinate beta-D-ribonucleotide	'de novo' NAD+ biosynthetic process from L-tryptophan; NAD+ biosynthetic process; NAD+ biosynthetic process via the salvage pathway; NAD+ metabolic process; NADP+ biosynthetic process; NADP+ metabolic process; aromatic amino acid metabolic process; indole-containing compound metabolic process; metabolic compound salvage; nicotinamide nucleotide biosynthetic process; nucleotide salvage; purine nucleotide salvage; purine-containing compound salvage; pyridine nucleotide biosynthetic process; pyridine nucleotide salvage; pyridine-containing compound biosynthetic process	9
EDEM3	Q9BZQ6	RHEA:56008;RHEA:56028	beta-D-mannose	ERAD pathway; endoplasmic reticulum mannose trimming; glycoprotein catabolic process; macromolecule catabolic process; mannose trimming involved in glycoprotein ERAD pathway; proteasomal protein catabolic process; protein alpha-1,2-demannosylation; protein catabolic process; protein deglycosylation; protein deglycosylation involved in glycoprotein catabolic process; protein demannosylation; ubiquitin-dependent glycoprotein ERAD pathway	1
SLC19A3	Q9BZV2	RHEA:71271;RHEA:76203	pyridoxine; thiamine	pyrimidine-containing compound biosynthetic process; pyrimidine-containing compound metabolic process; thiamine diphosphate biosynthetic process; thiamine diphosphate metabolic process; thiamine-containing compound biosynthetic process; thiamine-containing compound metabolic process; vitamin biosynthetic process; vitamin metabolic process; water-soluble vitamin biosynthetic process	4
UCK2	Q9BZX2	RHEA:16825;RHEA:24674	cytidine; uridine	CMP biosynthetic process; CMP metabolic process; CTP biosynthetic process; CTP metabolic process; CTP salvage; UMP biosynthetic process; UMP metabolic process; UMP salvage; metabolic compound salvage; nucleoside monophosphate biosynthetic process; nucleoside triphosphate biosynthetic process; nucleotide salvage; pyrimidine nucleoside monophosphate biosynthetic process; pyrimidine nucleoside monophosphate metabolic process; pyrimidine nucleoside triphosphate biosynthetic process; pyrimidine nucleoside triphosphate metabolic process; pyrimidine nucleotide biosynthetic process; pyrimidine nucleotide metabolic process; pyrimidine nucleotide salvage; pyrimidine ribonucleoside monophosphate biosynthetic process; pyrimidine ribonucleoside monophosphate metabolic process; pyrimidine ribonucleoside triphosphate biosynthetic process; pyrimidine ribonucleoside triphosphate metabolic process; pyrimidine ribonucleotide biosynthetic process; pyrimidine ribonucleotide metabolic process; pyrimidine ribonucleotide salvage; pyrimidine-containing compound biosynthetic process; pyrimidine-containing compound metabolic process; pyrimidine-containing compound salvage; ribonucleoside monophosphate biosynthetic process; ribonucleoside triphosphate biosynthetic process	8
FTO	Q9C0B1	RHEA:49520;RHEA:54576;RHEA:57896;RHEA:57900;RHEA:57904	formaldehyde; succinate	DNA alkylation repair; DNA metabolic process; DNA repair; RNA biosynthetic process; RNA metabolic process; RNA processing; RNA repair; nucleic acid biosynthetic process; snRNA metabolic process; snRNA processing	13
SELENOI	Q9C0D9	RHEA:32943;RHEA:36187	1-O-alkyl-2-acyl-sn-glycerol; CDP-ethanolamine; a 1,2-diacyl-sn-glycero-3-phosphoethanolamine; a 1,2-diacyl-sn-glycerol; a 1-O-alkyl-2-acyl-sn-glycero-3-phosphoethanolamine	ether biosynthetic process; ether lipid biosynthetic process; ether lipid metabolic process; glycerol ether biosynthetic process; phosphatidylethanolamine biosynthetic process; phosphatidylethanolamine metabolic process	31
ELOVL4	Q9GZR5	RHEA:32727;RHEA:36479;RHEA:36515;RHEA:36519;RHEA:36807;RHEA:36819;RHEA:36843;RHEA:36851;RHEA:36859;RHEA:36871;RHEA:36875;RHEA:36907;RHEA:36911;RHEA:36915;RHEA:36919;RHEA:36923;RHEA:36927;RHEA:36943;RHEA:36947;RHEA:36963;RHEA:36967;RHEA:36979;RHEA:36983;RHEA:36995;RHEA:37243;RHEA:43852	(10Z,13Z,16Z,19Z,22Z,25Z)-octacosahexaenoyl-CoA; (11Z,14Z,17Z,20Z)-hexacosatetraenoyl-CoA; (11Z,14Z,17Z,20Z,23Z)-hexacosapentaenoyl-CoA; (12Z,15Z,18Z,21Z,24Z,27Z)-triacontahexaenoyl-CoA; (13Z,16Z,19Z,22Z)-3-oxooctacosatetraenoyl-CoA; (13Z,16Z,19Z,22Z)-octacosatetraenoyl-CoA; (13Z,16Z,19Z,22Z,25Z)-octacosapentaenoyl-CoA; (14Z,17Z,20Z,23Z,26Z,29Z)-dotriacontahexaenoyl-CoA; (15Z,18Z,21Z,24Z)-triacontatetraenoyl-CoA; (15Z,18Z,21Z,24Z,27Z)-triacontapentaenoyl-CoA; (16Z,19Z,22Z,25Z,28Z,31Z)-tetratriacontahexaenoyl-CoA; (17Z,20Z,23Z,26Z)-dotriacontatetraenoyl-CoA; (17Z,20Z,23Z,26Z,29Z)-dotriacontapentaenoyl-CoA; (19Z,22Z,25Z,28Z)-tetratriacontatetraenoyl-CoA; (19Z,22Z,25Z,28Z,31Z)-tetratriacontapentaenoyl-CoA; (21Z,24Z,27Z,30Z)-hexatriacontatetraenoyl-CoA; (21Z,24Z,27Z,30Z,33Z)-hexatriacontapentaenoyl-CoA; (4Z,7Z,10Z,13Z,16Z,19Z)-docosahexaenoyl-CoA; (6Z,9Z,12Z,15Z,18Z,21Z)-tetracosahexaenoyl-CoA; (7Z,10Z,13Z,16Z)-docosatetraenoyl-CoA; (8Z,11Z,14Z,17Z,20Z,23Z)-hexacosahexaenoyl-CoA; (9Z,12Z,15Z,18Z)-3-oxotetracosatetraenoyl-CoA; (9Z,12Z,15Z,18Z,21Z)-tetracosapentaenoyl-CoA; 3-oxo-(10Z,13Z,16Z,19Z,22Z,25Z)-octacosahexaenoyl-CoA; 3-oxo-(11Z,14Z,17Z,20Z,23Z)-hexacosapentaenoyl-CoA; 3-oxo-(12Z,15Z,18Z,21Z,24Z,27Z)-triacontahexaenoyl-CoA; 3-oxo-(13Z,16Z,19Z,22Z,25Z)-octacosapentaenoyl-CoA; 3-oxo-(14Z,17Z,20Z,23Z,26Z,29Z)-dotriacontahexaenoyl-CoA; 3-oxo-(15Z,18Z,21Z,24Z)-triacontatetraenoyl-CoA; 3-oxo-(15Z,18Z,21Z,24Z,27Z)-triacontapentaenoyl-CoA; 3-oxo-(16Z,19Z,22Z,25Z,28Z,31Z)-tetratriacontahexaenoyl-CoA; 3-oxo-(17Z,20Z,23Z,26Z)-dotriacontatetraenoyl-CoA; 3-oxo-(17Z,20Z,23Z,26Z,29Z)-dotriacontapentaenoyl-CoA; 3-oxo-(18Z,21Z,24Z,27Z,30Z,33Z)-hexatriacontahexaenoyl-CoA; 3-oxo-(19Z,22Z,25Z,28Z)-tetratriacontatetraenoyl-CoA; 3-oxo-(19Z,22Z,25Z,28Z,31Z)-tetratriacontapentaenoyl-CoA; 3-oxo-(21Z,24Z,27Z,30Z)-hexatriacontatetraenoyl-CoA; 3-oxo-(21Z,24Z,27Z,30Z,33Z)-hexatriacontapentaenoyl-CoA; 3-oxo-(23Z,26Z,29Z,32Z)-octatriacontatetraenoyl-CoA; 3-oxo-(23Z,26Z,29Z,32Z,35Z)-octatriacontapentaenoyl-CoA; 3-oxo-(6Z,9Z,12Z,15Z,18Z,21Z)-tetracosahexaenoyl-CoA; 3-oxo-(8Z,11Z,14Z,17Z,20Z,23Z)-hexacosahexaenoyl-CoA; 3-oxo-dotriacontanoyl-CoA; 3-oxo-triacontanoyl-CoA; 3-oxohexacosanoyl-CoA; 3-oxooctacosanyol-CoA; a very-long-chain 3-oxoacyl-CoA; a very-long-chain acyl-CoA; hexacosanoyl-CoA; malonyl-CoA; octacosanoyl-CoA; tetracosanoyl-CoA; triacontanoyl-CoA	acyl-CoA biosynthetic process; fatty acid biosynthetic process; fatty acid derivative biosynthetic process; fatty acid derivative metabolic process; fatty acid elongation; fatty acid elongation, monounsaturated fatty acid; fatty acid elongation, polyunsaturated fatty acid; fatty acid elongation, saturated fatty acid; fatty acid elongation, unsaturated fatty acid; fatty-acyl-CoA biosynthetic process; fatty-acyl-CoA metabolic process; long-chain fatty-acyl-CoA biosynthetic process; long-chain fatty-acyl-CoA metabolic process; unsaturated fatty acid biosynthetic process; unsaturated fatty acid metabolic process; very long-chain fatty acid biosynthetic process; very long-chain fatty acid metabolic process	26
AICDA	Q9GZX7	RHEA:50948		DNA cytosine deamination; DNA deamination; DNA metabolic process; DNA modification; DNA-templated transcription; DNA-templated transcription initiation; RNA biosynthetic process; RNA metabolic process; RNA modification; base conversion or substitution editing; cytidine to uridine editing; immunoglobulin production; nucleic acid biosynthetic process; positive regulation of gene expression via chromosomal CpG island demethylation; production of molecular mediator of immune response; somatic diversification of immunoglobulins; somatic hypermutation of immunoglobulin genes; transcription by RNA polymerase II; transcription initiation at RNA polymerase II promoter; transcription initiation-coupled chromatin remodeling	0
NAT10	Q9H0A0	RHEA:51424;RHEA:53876;RHEA:58480	acetyl-CoA	RNA acetylation; RNA biosynthetic process; RNA metabolic process; RNA modification; RNA processing; maturation of SSU-rRNA; nucleic acid biosynthetic process; protein acetylation; protein acylation; rRNA acetylation; rRNA acetylation involved in maturation of SSU-rRNA; rRNA metabolic process; rRNA modification; rRNA processing; tRNA acetylation; tRNA metabolic process; tRNA modification; tRNA processing; tRNA wobble base modification; tRNA wobble cytosine modification	27
NT5C3A	Q9H0P0	RHEA:12484;RHEA:29367;RHEA:37107	N(7)-methyl-GMP; N(7)-methylguanosine; a ribonucleoside; a ribonucleoside 5'-phosphate; cytidine	2'-deoxyribonucleotide metabolic process; CMP catabolic process; CMP metabolic process; UMP catabolic process; UMP metabolic process; dCMP catabolic process; dCMP metabolic process; dTMP catabolic process; dTMP metabolic process; dUMP catabolic process; dUMP metabolic process; deoxyribonucleoside monophosphate catabolic process; deoxyribose phosphate catabolic process; nucleoside metabolic process; nucleoside monophosphate catabolic process; nucleoside phosphate catabolic process; nucleotide catabolic process; pyrimidine deoxyribonucleoside monophosphate catabolic process; pyrimidine deoxyribonucleoside monophosphate metabolic process; pyrimidine deoxyribonucleotide catabolic process; pyrimidine deoxyribonucleotide metabolic process; pyrimidine nucleoside metabolic process; pyrimidine nucleoside monophosphate catabolic process; pyrimidine nucleoside monophosphate metabolic process; pyrimidine nucleotide catabolic process; pyrimidine nucleotide metabolic process; pyrimidine ribonucleoside monophosphate catabolic process; pyrimidine ribonucleoside monophosphate metabolic process; pyrimidine ribonucleotide catabolic process; pyrimidine ribonucleotide metabolic process; pyrimidine-containing compound catabolic process; pyrimidine-containing compound metabolic process; ribonucleoside monophosphate catabolic process; ribonucleotide catabolic process	7
RAB1B	Q9H0U4	RHEA:19669		autophagosome assembly; autophagosome organization; autophagy; macroautophagy	0
SLC35B3	Q9H1N7	RHEA:76063	3'-phosphoadenylyl sulfate; adenosine 3',5'-bisphosphate		8
ABCG8	Q9H221	RHEA:39051;RHEA:39103	cholesterol; sitosterol		15
ABCG5	Q9H222	RHEA:39051;RHEA:39103	cholesterol; sitosterol		15
SLC25A32	Q9H2D1	RHEA:76535		folic acid metabolic process; folic acid-containing compound metabolic process; pteridine-containing compound metabolic process	0
HSD3B7	Q9H2F3	RHEA:11896;RHEA:47156;RHEA:47180;RHEA:47200	(24S)-7alpha,24-dihydroxycholest-4-en-3-one; (24S)-7alpha-dihydroxycholesterol; (25R)-7alpha,26-dihydroxycholest-4-en-3-one; (25R)-cholest-5-en-3beta,7alpha,26-triol; 7alpha,25-dihydroxy-4-cholesten-3-one; 7alpha,25-dihydroxycholesterol; 7alpha-hydroxycholest-4-en-3-one; 7alpha-hydroxycholesterol	bile acid biosynthetic process; bile acid metabolic process; steroid biosynthetic process	6
SPNS1	Q9H2V7	RHEA:74411;RHEA:74415;RHEA:74419;RHEA:74423;RHEA:74427;RHEA:74431;RHEA:74435;RHEA:74439;RHEA:74443;RHEA:74447;RHEA:74451;RHEA:74455;RHEA:74459	1-(1Z-hexadecenyl)-sn-glycero-3-phosphocholine; 1-(5Z,8Z,11Z,14Z-eicosatetraenoyl)-sn-glycero-3-phosphocholine; 1-(9Z-octadecenoyl)-sn-glycero-3-phospho-(1'-sn-glycerol); 1-(9Z-octadecenoyl)-sn-glycero-3-phosphocholine; 1-(9Z-octadecenoyl)-sn-glycero-3-phosphoethanolamine; 1-acyl-sn-glycero-3-phospho-(1'-sn-glycerol); 1-hexadecanoyl-sn-glycero-3-phosphocholine; CHEBI:133139; CHEBI:73873; a 1-O-(1Z-alkenyl)-sn-glycero-3-phosphocholine; a 1-O-(1Z-alkenyl)-sn-glycero-3-phosphoethanolamine; a 1-acyl-sn-glycero-3-phosphocholine; a 1-acyl-sn-glycero-3-phosphoethanolamine		11
DPAGT1	Q9H3H5	RHEA:13289	UDP-N-acetyl-alpha-D-glucosamine; a di-trans,poly-cis-dolichyl phosphate; an N-acetyl-alpha-D-glucosaminyl-diphospho-di-trans,poly-cis-dolichol	dolichol-linked oligosaccharide biosynthetic process; protein N-linked glycosylation	23
TPK1	Q9H3S4	RHEA:79423	thiamine; thiamine diphosphate	metabolic compound salvage; primary alcohol biosynthetic process; primary alcohol metabolic process; pyrimidine-containing compound biosynthetic process; pyrimidine-containing compound metabolic process; pyrimidine-containing compound salvage; thiamine biosynthetic process; thiamine diphosphate biosynthetic process; thiamine diphosphate metabolic process; thiamine metabolic process; thiamine salvage; thiamine-containing compound biosynthetic process; thiamine-containing compound metabolic process; vitamin biosynthetic process; vitamin metabolic process; water-soluble vitamin biosynthetic process	4
PIGM	Q9H3S5	RHEA:60500	a 2-acyl-6-(alpha-D-mannosyl-(1->4)-alpha-D-glucosaminyl)-1-(1-radyl,2-acyl-sn-glycero-3-phospho)-1D-myo-inositol; a 2-acyl-6-alpha-D-glucosaminyl-1-(1-radyl,2-acyl-sn-glycero-3-phospho)-1D-myo-inositol; a di-trans,poly-cis-dolichyl beta-D-mannosyl phosphate; a di-trans,poly-cis-dolichyl phosphate	GPI anchor biosynthetic process; GPI anchor metabolic process; GPI anchored protein biosynthesis; glycolipid biosynthetic process; glycolipid metabolic process; liposaccharide metabolic process	15
FN3K	Q9H479	RHEA:48432;RHEA:59832;RHEA:61392		amino sugar metabolic process; fructosamine metabolic process; fructoselysine metabolic process; post-translational protein modification; protein deglycation; protein repair	0
POFUT1	Q9H488	RHEA:63644;RHEA:70491	GDP-beta-L-fucose	protein O-linked glycosylation; protein O-linked glycosylation via fucose	0
ALG2	Q9H553	RHEA:29515;RHEA:29519;RHEA:79023;RHEA:79027	GDP-alpha-D-mannose; a beta-D-Man-(1->4)-beta-D-GlcNAc-(1->4)-alpha-D-GlcNAc-diphospho-di-trans,poly-cis-dolichol; an alpha-D-Man-(1->3)-[alpha-D-Man-(1->6)]-beta-D-Man-(1->4)-beta-D-GlcNAc-(1->4)-alpha-D-GlcNAc-diphospho-di-trans,poly-cis-dolichol; an alpha-D-Man-(1->3)-beta-D-Man-(1->4)-beta-D-GlcNAc-(1->4)-alpha-D-GlcNAc-diphospho-di-trans,poly-cis-dolichol; an alpha-D-Man-(1->6)-beta-D-Man-(1->4)-beta-D-GlcNAc-(1->4)-alpha-D-GlcNAc-diphospho-di-trans,poly-cis-dolichol	dolichol-linked oligosaccharide biosynthetic process; protein N-linked glycosylation	3
ELOVL6	Q9H5J4	RHEA:32727;RHEA:35315;RHEA:36503;RHEA:36511;RHEA:36523;RHEA:39167;RHEA:39675;RHEA:60140	(11Z,14Z)-3-oxoicosa-11,14-dienoyl-CoA; (11Z,14Z,17Z)-3-oxoeicosatrienoyl-CoA; (9Z)-hexadecenoyl-CoA; (9Z)-octadecenoyl-CoA; (9Z,12Z)-octadecadienoyl-CoA; (9Z,12Z,15Z)-octadecatrienoyl-CoA; 3-oxo-(11Z)-eicosenoyl-CoA; 3-oxo-(11Z)-octadecenoyl-CoA; 3-oxohexadecanoyl-CoA; 3-oxooctadecanoyl-CoA; 3-oxotetradecanoyl-CoA; a very-long-chain 3-oxoacyl-CoA; a very-long-chain acyl-CoA; dodecanoyl-CoA; hexadecanoyl-CoA; malonyl-CoA; tetradecanoyl-CoA	acyl-CoA biosynthetic process; fatty acid biosynthetic process; fatty acid derivative biosynthetic process; fatty acid derivative metabolic process; fatty acid elongation; fatty acid elongation, monounsaturated fatty acid; fatty acid elongation, polyunsaturated fatty acid; fatty acid elongation, saturated fatty acid; fatty acid elongation, unsaturated fatty acid; fatty-acyl-CoA biosynthetic process; fatty-acyl-CoA metabolic process; long-chain fatty acid biosynthetic process; long-chain fatty acid metabolic process; long-chain fatty-acyl-CoA biosynthetic process; long-chain fatty-acyl-CoA metabolic process; unsaturated fatty acid biosynthetic process; unsaturated fatty acid metabolic process; very long-chain fatty acid biosynthetic process; very long-chain fatty acid metabolic process	51
ALG9	Q9H6U8	RHEA:29531;RHEA:29539	a di-trans,poly-cis-dolichyl beta-D-mannosyl phosphate; a di-trans,poly-cis-dolichyl phosphate; an alpha-D-Man-(1->2)-alpha-D-Man-(1->2)-alpha-D-Man-(1->3)-[alpha-D-Man-(1->2)-alpha-D-Man-(1->3)-[alpha-D-Man-(1->2)-alpha-D-Man-(1->6)]-alpha-D-Man-(1->6)]-beta-D-Man-(1->4)-beta-D-GlcNAc-(1->4)-alpha-D-GlcNAc-diphospho-di-trans,poly-cis-dolichol; an alpha-D-Man-(1->2)-alpha-D-Man-(1->2)-alpha-D-Man-(1->3)-[alpha-D-Man-(1->2)-alpha-D-Man-(1->3)-[alpha-D-Man-(1->6)]-alpha-D-Man-(1->6)]-beta-D-Man-(1->4)-beta-D-GlcNAc-(1->4)-alpha-D-GlcNAc-diphospho-di-trans,poly-cis-dolichol; an alpha-D-Man-(1->2)-alpha-D-Man-(1->2)-alpha-D-Man-(1->3)-[alpha-D-Man-(1->2)-alpha-D-Man-(1->3)-alpha-D-Man-(1->6)]-beta-D-Man-(1->4)-beta-D-GlcNAc-(1->4)-alpha-D-GlcNAc-diphospho-di-trans,poly-cis-dolichol; an alpha-D-Man-(1->2)-alpha-D-Man-(1->2)-alpha-D-Man-(1->3)-[alpha-D-Man-(1->3)-alpha-D-Man-(1->6)]-beta-D-Man-(1->4)-beta-D-GlcNAc-(1->4)-alpha-D-GlcNAc-diphospho-di-trans,poly-cis-dolichol	dolichol-linked oligosaccharide biosynthetic process; protein N-linked glycosylation	14
ATP13A3	Q9H7F0	RHEA:29995	putrescine		4
ACAD9	Q9H845	RHEA:14477;RHEA:17721;RHEA:43448;RHEA:47236;RHEA:47240;RHEA:47296;RHEA:47300;RHEA:47304;RHEA:47316;RHEA:47432;RHEA:47448;RHEA:48176;RHEA:48188;RHEA:48192;RHEA:48196;RHEA:48200;RHEA:48204;RHEA:48208;RHEA:82939;RHEA:82951;RHEA:83023;RHEA:83055;RHEA:83155;RHEA:83159;RHEA:83207;RHEA:83223;RHEA:83335;RHEA:83371;RHEA:83387;RHEA:84463;RHEA:84467;RHEA:84471;RHEA:84475;RHEA:84595;RHEA:84599;RHEA:84603;RHEA:84607;RHEA:84611;RHEA:84619;RHEA:84623;RHEA:85107;RHEA:85123	(11Z)-eicosenoyl-CoA; (11Z)-octadecenoyl-CoA; (2E)-decenoyl-CoA; (2E)-dodecenoyl-CoA; (2E)-eicosenoyl-CoA; (2E)-hexadecenoyl-CoA; (2E)-nonenoyl-CoA; (2E)-octadecenoyl-CoA; (2E)-pentadecenoyl-CoA; (2E)-tetradecenoyl-CoA; (2E,11Z)-eicosadienoyl-CoA; (2E,11Z)-octadecadienoyl-CoA; (2E,4Z)-decadienoyl-CoA; (2E,4Z)-hexadecadienoyl-CoA; (2E,4Z)-tetradecadienoyl-CoA; (2E,4Z,7Z)-decatrienoyl-CoA; (2E,4Z,7Z,10Z)-hexadecatetraenoyl-CoA; (2E,4Z,7Z,10Z,13Z)-hexadecapentaenoyl-CoA; (2E,5Z)-dodecadienoyl-CoA; (2E,5Z)-hexadecadienoyl-CoA; (2E,5Z)-tetradecadienoyl-CoA; (2E,5Z,8Z)-tetradecatrienoyl-CoA; (2E,5Z,8Z,11Z)-tetradecatetraenoyl-CoA; (2E,6Z)-dodecadienoyl-CoA; (2E,6Z)-hexadecadienoyl-CoA; (2E,6Z)-octadecadienoyl-CoA; (2E,6Z,9Z)-dodecatrienoyl-CoA; (2E,6Z,9Z,12Z)-octadecatetraenoyl-CoA; (2E,6Z,9Z,12Z,15Z)-octadecapentaenoyl-CoA; (2E,7Z)-hexadecadienoyl-CoA; (2E,7Z)-octadecadienoyl-CoA; (2E,7Z)-tetradecadienoyl-CoA; (2E,7Z,10Z)-hexadecatrienoyl-CoA; (2E,7Z,10Z,13Z)-hexadecatetraenoyl-CoA; (2E,9E)-octadecadienoyl-CoA; (2E,9Z)-eicosadienoyl-CoA; (2E,9Z)-hexadecadienoyl-CoA; (2E,9Z)-octadecadienoyl-CoA; (2E,9Z,12Z)-octadecatrienoyl-CoA; (2E,9Z,12Z,15Z)-octadecatetraenoyl-CoA; (4Z)-decenoyl-CoA(4-); (4Z)-hexadecenoyl-CoA; (4Z)-tetradecenoyl-CoA; (4Z,7Z)-decadienoyl-CoA; (4Z,7Z,10Z)-hexadecatrienoyl-CoA; (4Z,7Z,10Z,13Z)-hexadecatetraenoyl-CoA; (5Z)-dodecenoyl-CoA; (5Z)-hexadecenoyl-CoA; (5Z)-tetradecenoyl-CoA; (5Z,8Z)-tetradecadienoyl-CoA; (5Z,8Z,11Z)-tetradecatrienoyl-CoA; (6Z)-dodecenoyl-CoA; (6Z)-hexadecenoyl-CoA; (6Z)-octadecenoyl-CoA; (6Z,9Z)-dodecadienoyl-CoA; (6Z,9Z,12Z)-octadecatrienoyl-CoA; (6Z,9Z,12Z,15Z)-octadecatetraenoyl-CoA; (7Z)-hexadecenoyl-CoA; (7Z)-octadecenoyl-CoA; (7Z)-tetradecenoyl-CoA; (7Z,10Z)-hexadecadienoyl-CoA; (7Z,10Z,13Z)-hexadecatrienoyl-CoA; (9E)-octadecenoyl-CoA; (9Z)-eicosenoyl-CoA; (9Z)-hexadecenoyl-CoA; (9Z)-octadecenoyl-CoA; (9Z,12Z)-octadecadienoyl-CoA; (9Z,12Z,15Z)-octadecatrienoyl-CoA; a long-chain (2E)-enoyl-CoA; a long-chain 2,3-saturated fatty acyl-CoA; a medium-chain (2E)-enoyl-CoA; a medium-chain 2,3-saturated fatty acyl-CoA; decanoyl-CoA; dodecanoyl-CoA; eicosanoyl-CoA; heptadecanoyl-CoA; hexadecanoyl-CoA; nonanoyl-CoA; octadecanoyl-CoA; pentadecanoyl-CoA; tetradecanoyl-CoA; trans-2-heptadecenoyl-CoA; trans-2-undecenoyl-CoA; undecanoyl-CoA	long-chain fatty acid metabolic process; medium-chain fatty acid metabolic process	50
SRD5A3	Q9H8P0	RHEA:50816;RHEA:50820;RHEA:54384;RHEA:80727	17beta-hydroxy-5alpha-androstan-3-one; 5alpha-androstan-3,17-dione; a 3-oxo-5alpha-steroid; a 3-oxo-Delta(4)-steroid; a di-trans,poly-cis-dolichal; a di-trans,poly-cis-polyprenal; androst-4-ene-3,17-dione; testosterone	androgen biosynthetic process; androgen metabolic process; dolichol-linked oligosaccharide biosynthetic process; dolichyl monophosphate biosynthetic process; hormone biosynthetic process; hormone metabolic process; protein N-linked glycosylation; steroid biosynthetic process; steroid hormone biosynthetic process	12
SLC25A22	Q9H936	RHEA:70955		NAD+ metabolic process; malate-aspartate shuttle	0
PANK3	Q9H999	RHEA:16373	(R)-4'-phosphopantothenate; (R)-pantothenate	coenzyme A biosynthetic process; coenzyme A metabolic process; phosphorylation	3
UCK1	Q9HA47	RHEA:16825;RHEA:24674	cytidine; uridine	CMP biosynthetic process; CMP metabolic process; CTP biosynthetic process; CTP metabolic process; CTP salvage; UMP biosynthetic process; UMP metabolic process; UMP salvage; metabolic compound salvage; nucleoside monophosphate biosynthetic process; nucleoside triphosphate biosynthetic process; nucleotide salvage; pyrimidine nucleoside monophosphate biosynthetic process; pyrimidine nucleoside monophosphate metabolic process; pyrimidine nucleoside triphosphate biosynthetic process; pyrimidine nucleoside triphosphate metabolic process; pyrimidine nucleotide biosynthetic process; pyrimidine nucleotide metabolic process; pyrimidine nucleotide salvage; pyrimidine ribonucleoside monophosphate biosynthetic process; pyrimidine ribonucleoside monophosphate metabolic process; pyrimidine ribonucleoside triphosphate biosynthetic process; pyrimidine ribonucleoside triphosphate metabolic process; pyrimidine ribonucleotide biosynthetic process; pyrimidine ribonucleotide metabolic process; pyrimidine ribonucleotide salvage; pyrimidine-containing compound biosynthetic process; pyrimidine-containing compound metabolic process; pyrimidine-containing compound salvage; ribonucleoside monophosphate biosynthetic process; ribonucleoside triphosphate biosynthetic process	8
SLC52A2	Q9HAB3	RHEA:35015	riboflavin	flavin-containing compound metabolic process; riboflavin metabolic process	4
PPCS	Q9HAB8	RHEA:19397;RHEA:25156	(R)-4'-phosphopantothenate; L-cysteine; N-[(R)-4-phosphopantothenoyl]-L-cysteine	acetyl-CoA biosynthetic process; acetyl-CoA metabolic process; acyl-CoA biosynthetic process; coenzyme A biosynthetic process; coenzyme A metabolic process	12
NMNAT1	Q9HAN9	RHEA:21360;RHEA:22860	beta-nicotinamide D-ribonucleotide; deamido-NAD(+); nicotinate beta-D-ribonucleotide	ATP generation from poly-ADP-D-ribose; ATP metabolic process; NAD+ biosynthetic process; NAD+ biosynthetic process via the salvage pathway; NAD+ metabolic process; metabolic compound salvage; nicotinamide nucleotide biosynthetic process; nucleotide salvage; purine nucleotide salvage; purine-containing compound salvage; pyridine nucleotide biosynthetic process; pyridine nucleotide salvage; pyridine-containing compound biosynthetic process	9
ELOVL3	Q9HB03	RHEA:32727;RHEA:35315;RHEA:35319;RHEA:35327;RHEA:36503;RHEA:36507;RHEA:36511;RHEA:36523;RHEA:39167	(11Z,14Z)-3-oxoicosa-11,14-dienoyl-CoA; (11Z,14Z,17Z)-3-oxoeicosatrienoyl-CoA; (9Z)-octadecenoyl-CoA; (9Z,12Z)-octadecadienoyl-CoA; (9Z,12Z,15Z)-octadecatrienoyl-CoA; 3-oxo-(11Z)-eicosenoyl-CoA; 3-oxodocosanoyl-CoA; 3-oxoeicosanoyl-CoA; 3-oxohexadecanoyl-CoA; 3-oxooctadecanoyl-CoA; 3-oxotetracosanoyl-CoA; a very-long-chain 3-oxoacyl-CoA; a very-long-chain acyl-CoA; docosanoyl-CoA; eicosanoyl-CoA; hexadecanoyl-CoA; malonyl-CoA; octadecanoyl-CoA; tetradecanoyl-CoA	acyl-CoA biosynthetic process; alpha-linolenic acid metabolic process; fatty acid biosynthetic process; fatty acid derivative biosynthetic process; fatty acid derivative metabolic process; fatty acid elongation; fatty acid elongation, monounsaturated fatty acid; fatty acid elongation, polyunsaturated fatty acid; fatty acid elongation, saturated fatty acid; fatty acid elongation, unsaturated fatty acid; fatty-acyl-CoA biosynthetic process; fatty-acyl-CoA metabolic process; linoleic acid metabolic process; long-chain fatty acid metabolic process; long-chain fatty-acyl-CoA biosynthetic process; long-chain fatty-acyl-CoA metabolic process; olefinic compound metabolic process; unsaturated fatty acid biosynthetic process; unsaturated fatty acid metabolic process; very long-chain fatty acid biosynthetic process; very long-chain fatty acid metabolic process	57
ETNK1	Q9HBU6	RHEA:13069	ethanolamine; phosphoethanolamine	phosphatidylethanolamine biosynthetic process; phosphatidylethanolamine metabolic process	8
SLC25A19	Q9HC21	RHEA:73383	thiamine diphosphate; thiamine phosphate	pyrimidine-containing compound biosynthetic process; pyrimidine-containing compound metabolic process; thiamine diphosphate biosynthetic process; thiamine diphosphate metabolic process; thiamine-containing compound biosynthetic process; thiamine-containing compound metabolic process; vitamin biosynthetic process; vitamin metabolic process; water-soluble vitamin biosynthetic process	2
MCCC2	Q9HCC0	RHEA:13589	3-methyl-(2E)-glutaconyl-CoA; 3-methylbut-2-enoyl-CoA	L-leucine catabolic process; L-leucine metabolic process; branched-chain amino acid catabolic process; branched-chain amino acid metabolic process; coenzyme A metabolic process	4
GDPD2	Q9HCC8	RHEA:14033;RHEA:86259;RHEA:86371;RHEA:86375;RHEA:86379;RHEA:86383	1-hexadecanoyl-sn-glycero-3-phospho-(1D-myo-inositol); 1-hexadecanoyl-sn-glycerol; 1-radyl-2-octadecanoyl-sn-glycerol; 1D-myo-inositol 1-phosphate; 2-(5Z,8Z,11Z,14Z-eicosatetraenoyl)-glycerol; 2-(5Z,8Z,11Z,14Z-eicosatetraenoyl)-sn-glycero-3-phospho-(1D-myo-inositol); a 1-acyl-sn-glycero-3-phospho-(1D-myo-inositol); a 1-acyl-sn-glycerol; a 2-acyl-sn-glycero-3-phospho-D-myo-inositol; a 2-acylglycerol; glycerol; sn-glycero-3-phospho-1D-myo-inositol		12
GPAM	Q9HCL2	RHEA:15325;RHEA:33203;RHEA:35723;RHEA:35727;RHEA:37195;RHEA:37199;RHEA:37203	(9Z)-octadecenoyl-CoA; (9Z,12Z)-octadecadienoyl-CoA; 1-(9Z,12Z)-octadecadienoyl-sn-glycero-3-phosphate; 1-(9Z-octadecenoyl)-sn-glycero-3-phosphate; 1-acyl-sn-glycero-3-phospho-(1'-sn-glycerol); 1-dodecanoyl-sn-glycerol 3-phosphate; 1-hexadecanoyl-sn-glycero-3-phosphate; 1-octadecanoyl-sn-glycero-3-phosphate; a 1,2-diacyl-sn-glycero-3-phospho-(1'-sn-glycerol); a 1-acyl-sn-glycero-3-phosphate; an acyl-CoA; dodecanoyl-CoA; hexadecanoyl-CoA; octadecanoyl-CoA; sn-glycerol 3-phosphate	CDP-diacylglycerol biosynthetic process; CDP-diacylglycerol metabolic process; acylglycerol biosynthetic process; acylglycerol metabolic process; diacylglycerol biosynthetic process; diacylglycerol metabolic process; neutral lipid biosynthetic process; neutral lipid metabolic process; phosphatidic acid biosynthetic process; phosphatidic acid metabolic process; phosphatidylglycerol biosynthetic process; phosphatidylglycerol metabolic process; triglyceride biosynthetic process; triglyceride metabolic process	51
ATP13A1	Q9HD20	RHEA:66168			0
SEPSECS	Q9HD40	RHEA:25041	selenophosphate	L-selenocysteine biosynthetic process; RNA biosynthetic process; RNA metabolic process; RNA modification; RNA processing; amino acid biosynthetic process; charged-tRNA amino acid modification; conversion of seryl-tRNAsec to selenocys-tRNAsec; modified amino acid biosynthetic process; nucleic acid biosynthetic process; protein biosynthetic process; proteinogenic amino acid biosynthetic process; selenium compound metabolic process; selenocysteine incorporation; tRNA metabolic process; tRNA modification; tRNA processing; translation; translational elongation; translational readthrough	2
SLC40A1	Q9NP59	RHEA:28486			0
ALG13	Q9NP73	RHEA:23380	UDP-N-acetyl-alpha-D-glucosamine; an N,N'-diacetylchitobiosyl-diphospho-di-trans,poly-cis-dolichol; an N-acetyl-alpha-D-glucosaminyl-diphospho-di-trans,poly-cis-dolichol	dolichol-linked oligosaccharide biosynthetic process; protein N-linked glycosylation	10
RAB9B	Q9NP90	RHEA:19669			0
A4GALT	Q9NPC4	RHEA:11924;RHEA:56184;RHEA:56572;RHEA:60044;RHEA:84931	UDP-alpha-D-galactose; a beta-D-Gal-(1->4)-beta-D-Glc-(1<->1)-Cer(d18:1(4E)); a beta-D-Gal-(1<->1')-ceramide; a beta-D-galactosyl-(1->4)-beta-D-glucosyl-(1<->1)-ceramide; a globoside Gb3Cer; a globoside Gb3Cer (d18:1(4E)); a globoside Gb4Cer; a globoside NOR1; alpha-D-Gal-(1->4)-beta-D-Gal-(1<->1')-Cer	glycolipid biosynthetic process; glycolipid metabolic process; glycosphingolipid biosynthetic process; glycosphingolipid metabolic process; liposaccharide metabolic process	20
NMRK2	Q9NPI5	RHEA:14017;RHEA:25568	beta-D-ribosylnicotinate; beta-nicotinamide D-ribonucleotide; beta-nicotinamide D-riboside; nicotinate beta-D-ribonucleotide	NAD+ biosynthetic process; NAD+ biosynthetic process via the salvage pathway; NAD+ metabolic process; alkaloid metabolic process; metabolic compound salvage; nicotinamide nucleotide biosynthetic process; nicotinate metabolic process; nucleotide salvage; purine nucleotide salvage; purine-containing compound salvage; pyridine nucleotide biosynthetic process; pyridine nucleotide salvage; pyridine-containing compound biosynthetic process	9
ATP13A2	Q9NQ11	RHEA:29999;RHEA:63368	spermidine; spermine	autophagosome organization; autophagosome-lysosome fusion; autophagy; macroautophagy; regulation of autophagosome size	6
SLC52A3	Q9NQ40	RHEA:35015	riboflavin	flavin-containing compound metabolic process; riboflavin metabolic process	4
GPHN	Q9NQX3	RHEA:31331;RHEA:35047	Mo-molybdopterin; adenylyl-molybdopterin; molybdate; molybdopterin	Mo-molybdopterin cofactor biosynthetic process; Mo-molybdopterin cofactor metabolic process; molybdopterin cofactor biosynthetic process; molybdopterin cofactor metabolic process; prosthetic group metabolic process	2
NANS	Q9NR45	RHEA:49200;RHEA:80835	3-deoxy-D-glycero-beta-D-galacto-non-2-ulopyranosonate 9-phosphate; N-acetylneuraminate 9-phosphate; aldehydo-D-mannose 6-phosphate; aldehydo-N-acetyl-D-mannosamine 6-phosphate; phosphoenolpyruvate	CMP-N-acetylneuraminate biosynthetic process; CMP-N-acetylneuraminate metabolic process; N-acetylneuraminate biosynthetic process; N-acetylneuraminate metabolic process; amino sugar biosynthetic process; amino sugar metabolic process; carbohydrate biosynthetic process; nucleotide-sugar biosynthetic process; nucleotide-sugar metabolic process	6
ASH1L	Q9NR48	RHEA:60280;RHEA:60324			0
ASAH2	Q9NR71	RHEA:20856;RHEA:38891;RHEA:41267;RHEA:41279;RHEA:41287;RHEA:41291;RHEA:41295;RHEA:41299;RHEA:43440;RHEA:45008;RHEA:45092	(15Z)-tetracosenoate; (9Z)-octadecenoate; N-(15Z-tetracosenoyl)-sphing-4-enine; N-(9Z-octadecenoyl)-sphing-4-enine; N-(hexanoyl)sphing-4-enine; N-(octadecanoyl)-sphinganine; N-dodecanoylsphing-4-enine; N-hexadecanoylsphing-4-enine; N-hexadecanoylsphinganine; N-octadecanoylsphing-4-enine; N-octanoylsphing-4-enine; N-tetradecanoylsphing-4-enine; a fatty acid; an N-acylsphing-4-enine; dodecanoate; hexadecanoate; hexanoate; octadecanoate; octanoate; sphing-4-enine; sphinganine; tetradecanoate	ceramide biosynthetic process; ceramide catabolic process; ceramide metabolic process; diol biosynthetic process; diol metabolic process; fatty acid biosynthetic process; long-chain fatty acid biosynthetic process; long-chain fatty acid metabolic process; polyol biosynthetic process; polyol metabolic process; sphingoid biosynthetic process; sphingoid metabolic process; sphingolipid catabolic process; sphingosine biosynthetic process; sphingosine metabolic process	49
SPHK2	Q9NRA0	RHEA:15465;RHEA:33563;RHEA:35847;RHEA:51496	(4R)-hydroxysphinganine; (4R)-hydroxysphinganine 1-phosphate; a sphingoid 1-phosphate; a sphingoid base; sphing-4-enine; sphing-4-enine 1-phosphate; sphinganine; sphinganine 1-phosphate	DNA-templated transcription; DNA-templated transcription initiation; RNA biosynthetic process; RNA metabolic process; diol biosynthetic process; diol metabolic process; nucleic acid biosynthetic process; polyol biosynthetic process; polyol metabolic process; sphinganine-1-phosphate biosynthetic process; sphinganine-1-phosphate metabolic process; sphingoid biosynthetic process; sphingoid metabolic process; sphingosine biosynthetic process; sphingosine metabolic process; transcription by RNA polymerase II; transcription initiation at RNA polymerase II promoter; transcription initiation-coupled chromatin remodeling	16
DUOX1	Q9NRD9	RHEA:11260;RHEA:11264;RHEA:86235	NAADP(+); NAADPH	hormone metabolic process; hydrogen peroxide biosynthetic process; hydrogen peroxide metabolic process; phenol-containing compound metabolic process; reactive oxygen species biosynthetic process; reactive oxygen species metabolic process; superoxide anion generation; superoxide metabolic process; thyroid hormone generation; thyroid hormone metabolic process	1
ABCB10	Q9NRK6	RHEA:82359	biliverdin IXalpha	heme biosynthetic process; heme metabolic process; pigment biosynthetic process; pigment metabolic process; porphyrin-containing compound biosynthetic process; porphyrin-containing compound metabolic process; tetrapyrrole biosynthetic process; tetrapyrrole metabolic process	3
AASDHPPT	Q9NRN7	RHEA:12068;RHEA:46564	acetyl-CoA; acetyl-[ACP]; adenosine 3',5'-bisphosphate; holo-[ACP]	10-formyltetrahydrofolate catabolic process; 10-formyltetrahydrofolate metabolic process; dicarboxylic acid catabolic process; folic acid-containing compound catabolic process; folic acid-containing compound metabolic process; modified amino acid catabolic process; pantothenate metabolic process; pteridine-containing compound catabolic process; pteridine-containing compound metabolic process; tetrahydrofolate metabolic process	34
C1GALT1	Q9NS00	RHEA:15621;RHEA:56196;RHEA:56200	UDP-alpha-D-galactose; a beta-D-galactosyl-(1->3)-N-acetyl-alpha-D-galactosaminyl derivative; an N-acetyl-alpha-D-galactosaminyl derivative		12
PNPLA3	Q9NST1	RHEA:12044;RHEA:15801;RHEA:19709;RHEA:37131;RHEA:37143;RHEA:37159;RHEA:37443;RHEA:38323;RHEA:38327;RHEA:38331;RHEA:38387;RHEA:44432;RHEA:44436;RHEA:44440	(5Z,8Z,11Z,14Z)-eicosatetraenoyl-CoA; (9Z)-octadecenoate; (9Z)-octadecenoyl-CoA; (9Z,12Z)-octadecadienoyl-CoA; 1,2,3-tri-(9Z-octadecenoyl)-glycerol; 1,2-di-(9Z-octadecenoyl)-glycerol; 1,2-di-(9Z-octadecenoyl)-sn-glycero-3-phosphate; 1,3-di-(9Z-octadecenoyl)-glycerol; 1-(9Z)-octadecenoyl-2-(5Z,8Z,11Z,14Z)-eicosatetraenoyl-sn-glycero-3-phosphate; 1-(9Z)-octadecenoyl-2-(9Z,12Z)-octadecadienoyl-sn-glycero-3-phosphate; 1-(9Z)-octadecenoyl-2-hexadecanoyl-sn-glycero-3-phosphate; 1-(9Z-octadecenoyl)-glycerol; 1-(9Z-octadecenoyl)-sn-glycero-3-phosphate; a 1,2-diacyl-sn-glycero-3-phosphate; a 1,2-diacyl-sn-glycero-3-phosphocholine; a 1,2-diacylglycerol; a 1,3-diacylglycerol; a 1-acyl-sn-glycero-3-phosphate; a 1-acyl-sn-glycero-3-phosphocholine; a 1-acylglycerol; a diacylglycerol; a fatty acid; a triacylglycerol; an acyl-CoA; glycerol; hexadecanoyl-CoA	acylglycerol acyl-chain remodeling; acylglycerol biosynthetic process; acylglycerol catabolic process; acylglycerol metabolic process; glycerolipid catabolic process; long-chain fatty acid metabolic process; neutral lipid biosynthetic process; neutral lipid catabolic process; neutral lipid metabolic process; phosphatidic acid biosynthetic process; phosphatidic acid metabolic process; triglyceride acyl-chain remodeling; triglyceride biosynthetic process; triglyceride catabolic process; triglyceride metabolic process	85
ATP8A2	Q9NTI2	RHEA:36439;RHEA:38567	a 1,2-diacyl-sn-glycero-3-phospho-L-serine; a 1,2-diacyl-sn-glycero-3-phosphoethanolamine		23
PIGV	Q9NUD9	RHEA:60488;RHEA:60992	a 2-acyl-6-(alpha-D-mannosyl-(1->4)-alpha-D-glucosaminyl)-1-(1-radyl,2-acyl-sn-glycero-3-phospho)-1D-myo-inositol; a 2-acyl-6-[2-phosphoethanolamine-alpha-D-mannosyl-(1->4)-alpha-D-glucosaminyl]-1-(1-radyl,2-acyl-sn-glycero-3-phospho)-1D-myo-inositol; a 2-acyl-6-[alpha-D-mannosyl-(1->6)-2-phosphoethanolamine-alpha-D-mannosyl-(1->4)-alpha-D-glucosaminyl]-1-(1-radyl,2-acyl-sn-glycero-3-phospho)-1D-myo-inositol; a 2-acyl-6-[alpha-D-mannosyl-(1->6)-alpha-D-mannosyl-(1->4)-alpha-D-glucosaminyl]-1-(1-radyl,2-acyl-sn-glycero-3-phospho)-1D-myo-inositol; a di-trans,poly-cis-dolichyl beta-D-mannosyl phosphate; a di-trans,poly-cis-dolichyl phosphate	GPI anchor biosynthetic process; GPI anchor metabolic process; GPI anchored protein biosynthesis; glycolipid biosynthetic process; glycolipid metabolic process; liposaccharide metabolic process	15
ACER3	Q9NUN7	RHEA:20856;RHEA:33551;RHEA:33555;RHEA:41299;RHEA:45348;RHEA:45356;RHEA:45360;RHEA:45364;RHEA:45368;RHEA:45372;RHEA:45376;RHEA:45380	(11Z)-eicosenoate; (4R)-hydroxysphinganine; (5Z,8Z,11Z,14Z)-eicosatetraenoate; (9Z)-octadecenoate; N-(11Z-eicosenoyl)-(4R)-hydroxysphinganine; N-(11Z-eicosenoyl)-sphing-4-enine; N-(11Z-eicosenoyl)-sphinganine; N-(5Z,8Z,11Z,14Z-eicosatetraenoyl)-(4R)-hydroxysphinganine; N-(5Z,8Z,11Z,14Z-eicosatetraenoyl)-sphing-4-enine; N-(5Z,8Z,11Z,14Z-eicosatetraenoyl)-sphinganine; N-(9Z-octadecenoyl)-(4R)-hydroxysphinganine; N-(9Z-octadecenoyl)-sphing-4-enine; N-(9Z-octadecenoyl)-sphinganine; a fatty acid; an N-acyl-(4R)-4-hydroxysphinganine; an N-acylsphing-4-enine; an N-acylsphinganine; sphing-4-enine; sphinganine	ceramide catabolic process; ceramide metabolic process; diol biosynthetic process; diol metabolic process; phytosphingosine biosynthetic process; phytosphingosine metabolic process; polyol biosynthetic process; polyol metabolic process; sphingoid biosynthetic process; sphingoid metabolic process; sphingolipid catabolic process; sphingosine biosynthetic process; sphingosine metabolic process	43
OLAH	Q9NV23	RHEA:15057;RHEA:16645;RHEA:30135;RHEA:40059;RHEA:40119	(9Z)-octadecenoate; (9Z)-octadecenoyl-[ACP]; decanoate; decanoyl-CoA; dodecanoate; dodecanoyl-CoA; hexadecanoate; hexadecanoyl-CoA; holo-[ACP]; tetradecanoate; tetradecanoyl-CoA	fatty acid biosynthetic process; medium-chain fatty acid biosynthetic process; medium-chain fatty acid metabolic process	56
PANK4	Q9NVE7	RHEA:68328;RHEA:68336;RHEA:68340	(R)-4'-phospho-S-sulfopantetheine; (R)-4'-phosphopantetheine; (R)-4'-phosphopantetheine sulfonate; (R)-S-sulfopantetheine; (R)-pantetheine; (R)-pantetheine sulfonate	coenzyme A biosynthetic process; coenzyme A metabolic process; pantothenate metabolic process	2
ETNK2	Q9NVF9	RHEA:13069	ethanolamine; phosphoethanolamine	phosphatidylethanolamine biosynthetic process; phosphatidylethanolamine metabolic process	8
ATAD3A	Q9NVI7	RHEA:13065			0
ARL8B	Q9NVJ2	RHEA:19669		autophagosome-lysosome fusion; autophagy; macroautophagy	0
PNPO	Q9NVS9	RHEA:15149;RHEA:15817	pyridoxal 5'-phosphate; pyridoxamine 5'-phosphate; pyridoxine 5'-phosphate	aldehyde biosynthetic process; aldehyde metabolic process; pyridine-containing compound biosynthetic process; pyridoxal 5'-phosphate biosynthetic process; pyridoxal 5'-phosphate metabolic process; pyridoxine biosynthetic process; pyridoxine metabolic process; vitamin B6 biosynthetic process; vitamin B6 metabolic process; vitamin biosynthetic process; vitamin metabolic process; water-soluble vitamin biosynthetic process	3
AIG1	Q9NVV5	RHEA:52048;RHEA:52052;RHEA:52056;RHEA:52060;RHEA:52064;RHEA:52068;RHEA:52072;RHEA:52076;RHEA:52080;RHEA:52084;RHEA:52092;RHEA:52096	(9Z)-hexadecenoate; (9Z)-octadecenoate; 12-(9Z-hexadecenoyloxy)-octadecanoate; 12-(9Z-octadecenoyloxy)-octadecanoate; 12-hexadecanoyloxy-octadecanoate; 12-hydroxyoctadecanoate; 12-octadecanoyloxy-octadecanoate; 13-(9Z-hexadecenoyloxy)-octadecanoate; 13-(9Z-octadecenoyloxy)-octadecanoate; 13-hydroxy-octadecanoate; 13-octadecanoyloxy-octadecanoate; 5-(9Z-hexadecenoyloxy)-octadecanoate; 5-hydroxy-octadecanoate; 9-(9Z-hexadecenoyloxy)-octadecanoate; 9-(9Z-octadecenoyloxy)-octadecanoate; 9-hexadecanoyloxy-octadecanoate; 9-hydroxy-octadecanoate; 9-octadecanoyloxy-octadecanoate; hexadecanoate; octadecanoate	fatty acid catabolic process; long-chain fatty acid catabolic process; long-chain fatty acid metabolic process	22
SLC52A1	Q9NWF4	RHEA:35015	riboflavin	flavin-containing compound metabolic process; riboflavin metabolic process	4
SMOX	Q9NWM0	RHEA:25804	3-aminopropanal; spermidine; spermine	amine biosynthetic process; amine catabolic process; amine metabolic process; biogenic amine biosynthetic process; biogenic amine catabolic process; biogenic amine metabolic process; polyamine biosynthetic process; polyamine catabolic process; polyamine metabolic process; spermine catabolic process; spermine metabolic process; xenobiotic metabolic process	6
NMRK1	Q9NWW6	RHEA:14017;RHEA:25568	beta-D-ribosylnicotinate; beta-nicotinamide D-ribonucleotide; beta-nicotinamide D-riboside; nicotinate beta-D-ribonucleotide	NAD+ biosynthetic process; NAD+ metabolic process; alkaloid metabolic process; nicotinamide nucleotide biosynthetic process; nicotinate metabolic process; pyridine nucleotide biosynthetic process; pyridine-containing compound biosynthetic process	9
THG1L	Q9NWX6	RHEA:54564		RNA 5'-end processing; RNA biosynthetic process; RNA metabolic process; RNA modification; RNA processing; nucleic acid biosynthetic process; tRNA 5'-end processing; tRNA metabolic process; tRNA modification; tRNA processing	0
UCKL1	Q9NWZ5	RHEA:16825;RHEA:24674	cytidine; uridine	CMP biosynthetic process; CMP metabolic process; CTP biosynthetic process; CTP metabolic process; CTP salvage; UMP biosynthetic process; UMP metabolic process; UMP salvage; glycosyl compound biosynthetic process; metabolic compound salvage; nucleobase-containing small molecule biosynthetic process; nucleoside biosynthetic process; nucleoside metabolic process; nucleoside monophosphate biosynthetic process; nucleoside salvage; nucleoside triphosphate biosynthetic process; nucleotide salvage; pyrimidine nucleoside biosynthetic process; pyrimidine nucleoside metabolic process; pyrimidine nucleoside monophosphate biosynthetic process; pyrimidine nucleoside monophosphate metabolic process; pyrimidine nucleoside salvage; pyrimidine nucleoside triphosphate biosynthetic process; pyrimidine nucleoside triphosphate metabolic process; pyrimidine nucleotide biosynthetic process; pyrimidine nucleotide metabolic process; pyrimidine nucleotide salvage; pyrimidine ribonucleoside monophosphate biosynthetic process; pyrimidine ribonucleoside monophosphate metabolic process; pyrimidine ribonucleoside triphosphate biosynthetic process; pyrimidine ribonucleoside triphosphate metabolic process; pyrimidine ribonucleotide biosynthetic process; pyrimidine ribonucleotide metabolic process; pyrimidine ribonucleotide salvage; pyrimidine-containing compound biosynthetic process; pyrimidine-containing compound metabolic process; pyrimidine-containing compound salvage; ribonucleoside monophosphate biosynthetic process; ribonucleoside triphosphate biosynthetic process	8
ADPRS	Q9NX46	RHEA:52216;RHEA:58112;RHEA:58256;RHEA:68792	1''-O-acetyl-ADP-alpha-D-ribose; ADP-D-ribose; CHEBI:142512; acetate; alpha-NAD(+); nicotinamide	DNA metabolic process; DNA repair; base-excision repair; base-excision repair, gap-filling; peptidyl-serine ADP-deribosylation; protein de-ADP-ribosylation	16
SIRT5	Q9NXA8	RHEA:47664;RHEA:47668;RHEA:47672	2''-O-glutaryl-ADP-D-ribose; 2''-O-malonyl-ADP-D-ribose; 2''-O-succinyl-ADP-D-ribose; nicotinamide	macromolecule deacylation; nitrogen cycle metabolic process; peptidyl-lysine demalonylation; peptidyl-lysine desuccinylation; peptidyl-lysine modification; protein deacetylation; protein deacylation; protein deglutarylation; protein demalonylation; protein desuccinylation; urea cycle; urea metabolic process	6
ELOVL2	Q9NXB9	RHEA:32727;RHEA:36475;RHEA:36479;RHEA:36483;RHEA:36491	(5Z,8Z,11Z,14Z)-eicosatetraenoyl-CoA; (5Z,8Z,11Z,14Z,17Z)-eicosapentaenoyl-CoA; (7Z,10Z,13Z,16Z)-3-oxodocosatetraenoyl-CoA; (7Z,10Z,13Z,16Z)-docosatetraenoyl-CoA; (7Z,10Z,13Z,16Z,19Z)-docosapentaenoyl-CoA; (9Z,12Z,15Z,18Z)-3-oxotetracosatetraenoyl-CoA; (9Z,12Z,15Z,18Z,21Z)-3-oxotetracosapentaenoyl-CoA; 3-oxo-(7Z,10Z,13Z,16Z,19Z)-docosapentaenoyl-CoA; a very-long-chain 3-oxoacyl-CoA; a very-long-chain acyl-CoA; malonyl-CoA	acyl-CoA biosynthetic process; alpha-linolenic acid metabolic process; fatty acid biosynthetic process; fatty acid derivative biosynthetic process; fatty acid derivative metabolic process; fatty acid elongation; fatty acid elongation, monounsaturated fatty acid; fatty acid elongation, polyunsaturated fatty acid; fatty acid elongation, saturated fatty acid; fatty acid elongation, unsaturated fatty acid; fatty-acyl-CoA biosynthetic process; fatty-acyl-CoA metabolic process; linoleic acid metabolic process; long-chain fatty acid metabolic process; long-chain fatty-acyl-CoA biosynthetic process; long-chain fatty-acyl-CoA metabolic process; olefinic compound metabolic process; unsaturated fatty acid biosynthetic process; unsaturated fatty acid metabolic process; very long-chain fatty acid biosynthetic process; very long-chain fatty acid metabolic process	23
SMPD4	Q9NXE4	RHEA:19253	a sphingomyelin; an N-acylsphing-4-enine; phosphocholine	ceramide biosynthetic process; ceramide metabolic process; glycerolipid catabolic process; glycerophospholipid catabolic process; phospholipid catabolic process; sphingolipid catabolic process; sphingomyelin catabolic process; sphingomyelin metabolic process	29
SMPD3	Q9NY59	RHEA:19253;RHEA:39923;RHEA:41119;RHEA:45296;RHEA:45300;RHEA:45320;RHEA:45324;RHEA:45644	1-O-octadecyl-sn-glycero-3-phosphocholine; 1-O-octadecyl-sn-glycerol; 1-hexadecanoyl-sn-glycero-3-phosphocholine; 1-hexadecanoyl-sn-glycerol; N-(15Z-tetracosenoyl)-sphing-4-enine; N-(15Z-tetracosenoyl)sphing-4-enine-1-phosphocholine; N-(hexadecanoyl)-sphing-4-enine-1-phosphocholine; N-(tetracosanoyl)-sphing-4-enine-1-phosphocholine; N-hexadecanoylsphing-4-enine; N-tetracosanoyl-sphing-4-enine; a sphingoid base; a sphingomyelin; a sphingosylphosphocholine; an N-(acyl)-sphingosylphosphocholine; an N-acyl-sphingoid base; an N-acylsphing-4-enine; phosphocholine	phospholipid catabolic process; sphingolipid catabolic process; sphingomyelin catabolic process; sphingomyelin metabolic process	37
SPHK1	Q9NYA1	RHEA:15465;RHEA:35847;RHEA:41163;RHEA:51496;RHEA:59392	1-O-hexadecyl-2-amino-sn-glycerol; 1-O-hexadecyl-2-desoxy-2-amino-sn-glycero-3-phosphate; a sphingoid 1-phosphate; a sphingoid base; acetyl-CoA; sphing-4-enine; sphing-4-enine 1-phosphate; sphinganine; sphinganine 1-phosphate	diol biosynthetic process; diol metabolic process; polyol biosynthetic process; polyol metabolic process; protein acetylation; protein acylation; sphingoid biosynthetic process; sphingoid catabolic process; sphingoid metabolic process; sphingolipid catabolic process; sphingosine biosynthetic process; sphingosine metabolic process	43
MAP3K20	Q9NYL2	RHEA:17989;RHEA:46608		phosphorylation; protein autophosphorylation; protein phosphorylation	0
CYP39A1	Q9NYL5	RHEA:46124	(24S)-7alpha-dihydroxycholesterol; (24S)-hydroxycholesterol	alcohol catabolic process; bile acid biosynthetic process; bile acid metabolic process; cholesterol catabolic process; cholesterol metabolic process; secondary alcohol metabolic process; steroid catabolic process; sterol catabolic process; sterol metabolic process	4
ELOVL5	Q9NYP7	RHEA:32727;RHEA:35379;RHEA:35391;RHEA:36475;RHEA:36483;RHEA:36503;RHEA:36511;RHEA:36523;RHEA:39675;RHEA:39679	(11Z)-octadecenoyl-CoA; (11Z,14Z)-3-oxoicosa-11,14-dienoyl-CoA; (11Z,14Z,17Z)-3-oxoeicosatrienoyl-CoA; (5Z,8Z,11Z,14Z)-eicosatetraenoyl-CoA; (5Z,8Z,11Z,14Z,17Z)-eicosapentaenoyl-CoA; (6Z,9Z,12Z)-octadecatrienoyl-CoA; (6Z,9Z,12Z,15Z)-octadecatetraenoyl-CoA; (7Z,10Z,13Z,16Z)-3-oxodocosatetraenoyl-CoA; (9Z)-hexadecenoyl-CoA; (9Z)-octadecenoyl-CoA; (9Z,12Z)-octadecadienoyl-CoA; (9Z,12Z,15Z)-octadecatrienoyl-CoA; 3-oxo-(11Z)-eicosenoyl-CoA; 3-oxo-(11Z)-octadecenoyl-CoA; 3-oxo-(13Z)-eicosenoyl-CoA; 3-oxo-(7Z,10Z,13Z,16Z,19Z)-docosapentaenoyl-CoA; 3-oxo-(8Z,11Z,14Z)-eicosatrienoyl-CoA; 3-oxo-(8Z,11Z,14Z,17Z)-eicosatetraenoyl-CoA; a very-long-chain 3-oxoacyl-CoA; a very-long-chain acyl-CoA; malonyl-CoA	acyl-CoA biosynthetic process; alpha-linolenic acid metabolic process; fatty acid biosynthetic process; fatty acid derivative biosynthetic process; fatty acid derivative metabolic process; fatty acid elongation; fatty acid elongation, monounsaturated fatty acid; fatty acid elongation, polyunsaturated fatty acid; fatty acid elongation, saturated fatty acid; fatty acid elongation, unsaturated fatty acid; fatty-acyl-CoA biosynthetic process; fatty-acyl-CoA metabolic process; linoleic acid metabolic process; long-chain fatty acid metabolic process; long-chain fatty-acyl-CoA biosynthetic process; long-chain fatty-acyl-CoA metabolic process; olefinic compound metabolic process; unsaturated fatty acid biosynthetic process; unsaturated fatty acid metabolic process; very long-chain fatty acid biosynthetic process; very long-chain fatty acid metabolic process	34
RDH8	Q9NYR8	RHEA:25033	all-trans-retinal; all-trans-retinol	diterpenoid metabolic process; estrogen biosynthetic process; estrogen metabolic process; hormone biosynthetic process; hormone metabolic process; isoprenoid metabolic process; olefinic compound metabolic process; primary alcohol metabolic process; retinoid metabolic process; retinol metabolic process; steroid biosynthetic process; steroid hormone biosynthetic process; terpenoid metabolic process	8
UGGT1	Q9NYU2	RHEA:61304	UDP-alpha-D-glucose	'de novo' post-translational protein folding; 'de novo' protein folding; UDP-alpha-D-glucose metabolic process; UDP-glucosylation; endoplasmic reticulum mannose trimming; nucleotide-sugar metabolic process; protein N-linked glycosylation; protein alpha-1,2-demannosylation; protein deglycosylation; protein demannosylation; protein folding	9
TECR	Q9NZ01	RHEA:14473;RHEA:35351;RHEA:36143;RHEA:39319;RHEA:39331;RHEA:39467	(2E)-hexadecenoyl-CoA; (2E)-octadecenoyl-CoA; (2E,7Z,10Z,13Z,16Z)-docosapentaenoyl-CoA; (2E,7Z,10Z,13Z,16Z,19Z)-docosahexaenoyl-CoA; (2E,8Z,11Z,14Z)-eicosatetraenoyl-CoA; (7Z,10Z,13Z,16Z)-docosatetraenoyl-CoA; (7Z,10Z,13Z,16Z,19Z)-docosapentaenoyl-CoA; (8Z,11Z,14Z)-eicosatrienoyl-CoA; a very-long-chain (2E)-enoyl-CoA; a very-long-chain 2,3-saturated fatty acyl-CoA; hexadecanoyl-CoA; octadecanoyl-CoA	acyl-CoA biosynthetic process; fatty acid biosynthetic process; fatty acid derivative biosynthetic process; fatty acid derivative metabolic process; fatty acid elongation; fatty-acyl-CoA biosynthetic process; fatty-acyl-CoA metabolic process; long-chain fatty-acyl-CoA biosynthetic process; long-chain fatty-acyl-CoA metabolic process; very long-chain fatty acid biosynthetic process; very long-chain fatty acid metabolic process	51
MOCS1	Q9NZB8	RHEA:49576;RHEA:49580	(8S)-3',8-cyclo-7,8-dihydroguanosine 5'-triphosphate; 5'-deoxyadenosine; L-methionine; cyclic pyranopterin phosphate	Mo-molybdopterin cofactor biosynthetic process; Mo-molybdopterin cofactor metabolic process; molybdopterin cofactor biosynthetic process; molybdopterin cofactor metabolic process; prosthetic group metabolic process	5
EIF2AK3	Q9NZJ5	RHEA:10596;RHEA:17989;RHEA:46608			0
MTRR	Q9UBK8	RHEA:20752;RHEA:23908	aquacob(III)alamin; cob(II)alamin; methylcob(III)alamin	L-homocysteine catabolic process; L-methionine biosynthetic process; L-methionine cycle; L-methionine metabolic process; S-adenosylmethionine metabolic process; amino acid biosynthetic process; aspartate family amino acid biosynthetic process; cobalamin metabolic process; folic acid metabolic process; folic acid-containing compound metabolic process; homocysteine metabolic process; non-proteinogenic amino acid catabolic process; non-proteinogenic amino acid metabolic process; nucleoside metabolic process; proteinogenic amino acid biosynthetic process; pteridine-containing compound metabolic process; purine nucleoside metabolic process; purine ribonucleoside metabolic process; ribonucleoside metabolic process; sulfur amino acid biosynthetic process; sulfur amino acid catabolic process; sulfur amino acid metabolic process; sulfur compound catabolic process; tetrapyrrole metabolic process	1
PEMT	Q9UBM1	RHEA:11164;RHEA:32735;RHEA:32739;RHEA:46112;RHEA:70619;RHEA:70623;RHEA:70739;RHEA:70743;RHEA:70747;RHEA:70751;RHEA:70755;RHEA:70759;RHEA:70763;RHEA:70767;RHEA:70771	1,2-di-(9Z,12Z,15Z-octadecatrienoyl)-sn-glycero-3-phospho-N,N-dimethylethanolamine; 1,2-di-(9Z,12Z,15Z-octadecatrienoyl)-sn-glycero-3-phospho-N-methylethanolamine; 1,2-di-(9Z,12Z,15Z-octadecatrienoyl)-sn-glycero-3-phosphocholine; 1,2-di-(9Z,12Z,15Z-octadecatrienoyl)-sn-glycero-3-phosphoethanolamine; 1,2-di-(9Z,12Z-octadecadienoyl)-sn-glycero-3-phospho-N,N-dimethylethanolamine; 1,2-di-(9Z,12Z-octadecadienoyl)-sn-glycero-3-phospho-N-methylethanolamine; 1,2-di-(9Z,12Z-octadecadienoyl)-sn-glycero-3-phosphocholine; 1,2-di-(9Z,12Z-octadecadienoyl)-sn-glycero-3-phosphoethanolamine; 1,2-di-(9Z-octadecenoyl)-sn-glycero-3-phospho-N,N-dimethylethanolamine; 1,2-di-(9Z-octadecenoyl)-sn-glycero-3-phospho-N-methylethanolamine; 1,2-di-(9Z-octadecenoyl)-sn-glycero-3-phosphocholine; 1,2-di-(9Z-octadecenoyl)-sn-glycero-3-phosphoethanolamine; 1-hexadecanoyl-2-(4Z,7Z,10Z,13Z,16Z,19Z-docosahexaenoyl)-sn-glycero-3-phospho-N,N-dimethylethanolamine; 1-hexadecanoyl-2-(4Z,7Z,10Z,13Z,16Z,19Z-docosahexaenoyl)-sn-glycero-3-phospho-N-methylethanolamine; 1-hexadecanoyl-2-(4Z,7Z,10Z,13Z,16Z,19Z-docosahexaenoyl)-sn-glycero-3-phosphocholine; 1-hexadecanoyl-2-(4Z,7Z,10Z,13Z,16Z,19Z-docosahexaenoyl)-sn-glycero-3-phosphoethanolamine; a 1,2-diacyl-sn-glycero-3-phospho-N,N-dimethylethanolamine; a 1,2-diacyl-sn-glycero-3-phospho-N-methylethanolamine; a 1,2-diacyl-sn-glycero-3-phosphocholine; a 1,2-diacyl-sn-glycero-3-phosphoethanolamine	phosphatidylcholine biosynthetic process; phosphatidylcholine metabolic process	32
DHCR7	Q9UBM7	RHEA:23984;RHEA:46740	7-dehydrocholesterol; 7-dehydrodesmosterol; cholesterol; desmosterol	cholesterol biosynthetic process; cholesterol metabolic process; secondary alcohol biosynthetic process; secondary alcohol metabolic process; steroid biosynthetic process; sterol biosynthetic process; sterol metabolic process	17
HDAC6	Q9UBN7	RHEA:21548;RHEA:58108	acetate	autophagy; autophagy of mitochondrion; macroautophagy; macromolecule catabolic process; macromolecule deacylation; mitophagy; post-translational protein modification; protein catabolic process; protein deacetylation; protein deacylation; protein modification by small protein conjugation; protein modification by small protein conjugation or removal; protein quality control for misfolded or incompletely synthesized proteins; protein ubiquitination; tubulin deacetylation; type 2 mitophagy	10
GRHPR	Q9UBQ7	RHEA:10992;RHEA:17905;RHEA:18657	(R)-glycerate; 3-hydroxypyruvate; glycolate; glyoxylate	aldehyde metabolic process; glyoxylate metabolic process	8
UPB1	Q9UBR1	RHEA:11184;RHEA:37339	(R)-3-amino-2-methylpropanoate; 3-(carbamoylamino)-2-methylpropanoate; 3-(carbamoylamino)propanoate; beta-alanine	2'-deoxyribonucleotide metabolic process; CMP catabolic process; CMP metabolic process; UMP catabolic process; UMP metabolic process; amino acid biosynthetic process; beta-alanine biosynthetic process; dCMP catabolic process; dCMP metabolic process; dUMP catabolic process; dUMP metabolic process; deoxyribonucleoside monophosphate catabolic process; deoxyribose phosphate catabolic process; glycosyl compound catabolic process; non-proteinogenic amino acid biosynthetic process; non-proteinogenic amino acid metabolic process; nucleobase-containing small molecule catabolic process; nucleoside catabolic process; nucleoside metabolic process; nucleoside monophosphate catabolic process; nucleoside phosphate catabolic process; nucleotide catabolic process; pyrimidine deoxyribonucleoside monophosphate catabolic process; pyrimidine deoxyribonucleoside monophosphate metabolic process; pyrimidine deoxyribonucleotide catabolic process; pyrimidine deoxyribonucleotide metabolic process; pyrimidine nucleoside catabolic process; pyrimidine nucleoside metabolic process; pyrimidine nucleoside monophosphate catabolic process; pyrimidine nucleoside monophosphate metabolic process; pyrimidine nucleotide catabolic process; pyrimidine nucleotide metabolic process; pyrimidine ribonucleoside monophosphate catabolic process; pyrimidine ribonucleoside monophosphate metabolic process; pyrimidine ribonucleotide catabolic process; pyrimidine ribonucleotide metabolic process; pyrimidine-containing compound catabolic process; pyrimidine-containing compound metabolic process; ribonucleoside monophosphate catabolic process; ribonucleotide catabolic process	5
B4GALT7	Q9UBV7	RHEA:15297	UDP-alpha-D-galactose	aminoglycan biosynthetic process; aminoglycan metabolic process; chondroitin sulfate proteoglycan biosynthetic process; chondroitin sulfate proteoglycan metabolic process; dermatan sulfate proteoglycan biosynthetic process; dermatan sulfate proteoglycan metabolic process; glycosaminoglycan biosynthetic process; glycosaminoglycan metabolic process; glycosaminoglycan-protein linkage region biosynthetic process; heparan sulfate proteoglycan biosynthetic process; heparan sulfate proteoglycan metabolic process; heparin proteoglycan biosynthetic process; heparin proteoglycan metabolic process; protein N-linked glycosylation; protein O-linked glycosylation; protein O-linked glycosylation via xylose; proteoglycan biosynthetic process; proteoglycan metabolic process	12
SLC25A10	Q9UBX3	RHEA:29327;RHEA:71607;RHEA:71611;RHEA:71615;RHEA:71623;RHEA:71627;RHEA:71631;RHEA:71667;RHEA:73195;RHEA:73215;RHEA:73411	(S)-malate; malonate; succinate; thiosulfate	aldehyde biosynthetic process; aldehyde metabolic process; carbohydrate biosynthetic process; gluconeogenesis; glucose metabolic process; glyceraldehyde-3-phosphate biosynthetic process; glyceraldehyde-3-phosphate metabolic process; hexose biosynthetic process; hexose metabolic process; monosaccharide biosynthetic process; monosaccharide metabolic process; sulfide oxidation	17
B4GALT6	Q9UBX8	RHEA:31495	UDP-alpha-D-galactose; a beta-D-Gal-(1->4)-beta-D-Glc-(1<->1)-Cer(d18:1(4E)); a beta-D-glucosyl-(1<->1')-N-acylsphing-4-enine	ceramide biosynthetic process; ceramide metabolic process; ganglioside biosynthetic process; ganglioside metabolic process; glycolipid biosynthetic process; glycolipid metabolic process; glycosphingolipid biosynthetic process; glycosphingolipid metabolic process; lactosylceramide biosynthetic process; liposaccharide metabolic process	21
AASS	Q9UDR5	RHEA:19373;RHEA:24520	(S)-2-amino-6-oxohexanoate; L-lysine; L-saccharopine	L-lysine catabolic process	5
TBK1	Q9UHD2	RHEA:17989;RHEA:46608		autophagy; macroautophagy; peptidyl-serine phosphorylation; peptidyl-threonine phosphorylation; phosphorylation; protein phosphorylation	0
PGAP2	Q9UHJ9	RHEA:83851	octadecanoyl-CoA	GPI anchor biosynthetic process; GPI anchor metabolic process; GPI anchor remodelling; GPI anchored protein biosynthesis; glycolipid biosynthetic process; glycolipid metabolic process; liposaccharide metabolic process	25
AMACR	Q9UHK6	RHEA:12657;RHEA:40447;RHEA:40455;RHEA:46732	(25R)-3alpha,7alpha,12alpha-trihydroxy-5beta-cholestan-26-oyl-CoA; (25S)-3alpha,7alpha,12alpha-trihydroxy-5beta-cholestan-26-oyl-CoA; (2R)-pristanoyl-CoA; (2R,6)-dimethylheptanoyl-CoA; (2S)-pristanoyl-CoA; (2S,6)-dimethylheptanoyl-CoA; a (2R)-2-methylacyl-CoA; a (2S)-2-methylacyl-CoA	bile acid biosynthetic process; bile acid metabolic process; fatty acid beta-oxidation; fatty acid beta-oxidation using acyl-CoA oxidase; fatty acid catabolic process; fatty acid oxidation; lipid modification; lipid oxidation	3
GLS2	Q9UI32	RHEA:15889		L-glutamine catabolic process; L-glutamine metabolic process; reactive oxygen species metabolic process	0
NAGK	Q9UJ70	RHEA:17417;RHEA:25253;RHEA:75935	6-O-phospho-N-acetyl-D-muramoyl-L-alanyl-D-isoglutamine; N-acetyl-D-glucosamine; N-acetyl-D-glucosamine 6-phosphate; N-acetyl-D-muramoyl-L-alanyl-D-isoglutamine; aldehydo-N-acetyl-D-mannosamine; aldehydo-N-acetyl-D-mannosamine 6-phosphate	N-acetylglucosamine catabolic process; N-acetylglucosamine metabolic process; N-acetylmannosamine metabolic process; N-acetylneuraminate catabolic process; N-acetylneuraminate metabolic process; UDP-N-acetylglucosamine biosynthetic process; UDP-N-acetylglucosamine metabolic process; amino sugar biosynthetic process; amino sugar catabolic process; amino sugar metabolic process; glucosamine-containing compound catabolic process; nucleotide-sugar biosynthetic process; nucleotide-sugar metabolic process	6
ENPP5	Q9UJA9	RHEA:11800	beta-nicotinamide D-ribonucleotide		6
HAO1	Q9UJM8	RHEA:14837;RHEA:16789;RHEA:25311;RHEA:67940;RHEA:67944	2-hydroxyhexadecanoate; 2-hydroxyoctanoate; 2-oxohexadecanoate; 2-oxooctanoate; a (2S)-2-hydroxycarboxylate; a 2-oxocarboxylate; glycolate; glyoxylate; oxalate	alcohol catabolic process; amino acid biosynthetic process; fatty acid alpha-oxidation; fatty acid catabolic process; fatty acid oxidation; glycine biosynthetic process; glycine metabolic process; glycolate catabolic process; glycolate metabolic process; lipid modification; lipid oxidation; primary alcohol catabolic process; primary alcohol metabolic process; proteinogenic amino acid biosynthetic process; serine family amino acid biosynthetic process	8
SLC25A13	Q9UJS0	RHEA:70783;RHEA:70967;RHEA:70975	3-sulfino-L-alanine; L-aspartate	ATP biosynthetic process; ATP metabolic process; NAD+ metabolic process; carbohydrate biosynthetic process; cellular respiration; gluconeogenesis; glucose metabolic process; hexose biosynthetic process; hexose metabolic process; malate-aspartate shuttle; monosaccharide biosynthetic process; monosaccharide metabolic process; nucleoside triphosphate biosynthetic process; purine nucleoside triphosphate biosynthetic process; purine ribonucleoside triphosphate biosynthetic process; purine ribonucleotide biosynthetic process; ribonucleoside triphosphate biosynthetic process	13
MAN1B1	Q9UKM7	RHEA:56008;RHEA:56028	beta-D-mannose	ERAD pathway; N-glycan processing; endoplasmic reticulum N-glycan trimming; endoplasmic reticulum mannose trimming; macromolecule catabolic process; oligosaccharide metabolic process; proteasomal protein catabolic process; protein N-linked glycosylation; protein alpha-1,2-demannosylation; protein catabolic process; protein deglycosylation; protein demannosylation; trimming of terminal mannose on C branch	1
ACAD8	Q9UKU7	RHEA:31287;RHEA:44180;RHEA:48256	(2E)-2-methylbut-2-enoyl-CoA; (2S)-2-methylbutanoyl-CoA; 2-methylpropanoyl-CoA; 2-methylpropenoyl-CoA; acryloyl-CoA; propanoyl-CoA	L-valine catabolic process; branched-chain amino acid catabolic process; branched-chain amino acid metabolic process	11
GRID1	Q9ULK0	RHEA:29671;RHEA:34963	CHEBI:29101		10
ALK	Q9UM73	RHEA:10596		peptidyl-tyrosine autophosphorylation; peptidyl-tyrosine phosphorylation; phosphorylation; protein autophosphorylation; protein phosphorylation	0
VPS4A	Q9UN37	RHEA:13065		autophagosome maturation; autophagy; late endosomal microautophagy; macroautophagy; macromolecule catabolic process; microautophagy; modification-dependent macromolecule catabolic process; modification-dependent protein catabolic process; protein catabolic process; ubiquitin-dependent protein catabolic process; ubiquitin-dependent protein catabolic process via the multivesicular body sorting pathway	0
A4GNT	Q9UNA3	RHEA:85983;RHEA:86035;RHEA:86039;RHEA:86043;RHEA:86059	UDP-N-acetyl-alpha-D-glucosamine; a beta-D-galactoside; an N-acetyl-alpha-D-glucosaminyl-(1->4)-beta-D-galactosyl derivative	protein O-linked glycosylation; protein O-linked glycosylation via N-acetylgalactosamine	10
ST3GAL5	Q9UNP4	RHEA:18417;RHEA:41776;RHEA:41780;RHEA:41784;RHEA:47600	CMP-N-acetyl-beta-neuraminate; N-acetyl-alpha-neuraminosyl-(2->3)-beta-D-galactosyl-(1<->1')-ceramide; a beta-D-Gal-(1->4)-beta-D-Glc-(1<->1)-Cer(d18:1(4E)); a beta-D-Gal-(1<->1')-ceramide; a beta-D-galactosyl-(1<->1')-N-acylsphing-4-enine; a ganglioside GM3 (d18:1(4E)); a ganglioside GM4 (d18:1(4E)); ganglioside GA1 (d18:1(4E)/18:0); ganglioside GA2 (d18:1(4E)/18:0); ganglioside GM1 (d18:1(4E)/18:0); ganglioside GM2 (d18:1(4E)/18:0)	ceramide biosynthetic process; ceramide metabolic process; ganglioside biosynthetic process; ganglioside metabolic process; glycolipid biosynthetic process; glycolipid metabolic process; glycosphingolipid biosynthetic process; glycosphingolipid metabolic process; liposaccharide metabolic process	17
CYP8B1	Q9UNU6	RHEA:15261;RHEA:46752;RHEA:65700;RHEA:82331	(25R)-3alpha,7alpha,12alpha-trihydroxy-5beta-cholestan-26-oate; (25R)-3alpha,7alpha-dihydroxy-5beta-cholestan-26-oate; 5beta-cholestane-3alpha,7alpha,12alpha-triol; 5beta-cholestane-3alpha,7alpha-diol; 7alpha,12alpha-dihydroxycholest-4-en-3-one; 7alpha-hydroxycholest-4-en-3-one; chenodeoxycholate; cholate	bile acid biosynthetic process; bile acid metabolic process; sterol metabolic process	7
DOLK	Q9UPQ8	RHEA:13133	a di-trans,poly-cis-dolichol; a di-trans,poly-cis-dolichyl phosphate	dolichyl monophosphate biosynthetic process	14
AGTPBP1	Q9UPW5	RHEA:60004;RHEA:63792	C-terminal L-alpha-aminoacyl-L-glutamyl-L-glutamyl-[tubulin]; C-terminal L-alpha-aminoacyl-L-glutamyl-[tubulin]; CHEBI:143623	proteolysis	0
SLC7A11	Q9UPY5	RHEA:70995;RHEA:71191;RHEA:74567	L-cystine; L-kynurenine; N-acetyl-L-cysteine; an L-alpha-amino acid		11
CAMK2A	Q9UQM7	RHEA:17989;RHEA:46608			0
GNE	Q9Y223	RHEA:23832;RHEA:30683	UDP-N-acetyl-alpha-D-glucosamine; aldehydo-N-acetyl-D-mannosamine; an N-acyl-D-mannosamine; an N-acyl-D-mannosamine 6-phosphate	CMP-N-acetylneuraminate biosynthetic process; CMP-N-acetylneuraminate metabolic process; N-acetylglucosamine biosynthetic process; N-acetylglucosamine metabolic process; N-acetylneuraminate biosynthetic process; N-acetylneuraminate metabolic process; UDP-N-acetylglucosamine metabolic process; amino sugar biosynthetic process; amino sugar metabolic process; glucosamine-containing compound biosynthetic process; nucleotide-sugar biosynthetic process; nucleotide-sugar metabolic process	11
CHKB	Q9Y259	RHEA:12837;RHEA:13069	choline; ethanolamine; phosphocholine; phosphoethanolamine	CDP-choline pathway; phosphatidylcholine biosynthetic process; phosphatidylcholine metabolic process; phosphatidylethanolamine biosynthetic process; phosphatidylethanolamine metabolic process	16
BCS1L	Q9Y276	RHEA:13065			0
PIGL	Q9Y2B2	RHEA:11660	a 6-(N-acetyl-alpha-D-glucosaminyl)-1-(1,2-diacyl-sn-glycero-3-phospho)-1D-myo-inositol; a 6-(alpha-D-glucosaminyl)-1-(1,2-diacyl-sn-glycero-3-phospho)-1D-myo-inositol; acetate	GPI anchor biosynthetic process; GPI anchor metabolic process; GPI anchored protein biosynthesis; glycolipid biosynthetic process; glycolipid metabolic process; liposaccharide metabolic process	12
SLC27A5	Q9Y2P5	RHEA:15421;RHEA:22976;RHEA:23532;RHEA:33615;RHEA:33639;RHEA:38879;RHEA:43748;RHEA:43764;RHEA:46208;RHEA:47128;RHEA:47136;RHEA:54536	(25R)-3alpha,7alpha,12alpha-trihydroxy-5beta-cholestan-26-oate; (25R)-3alpha,7alpha,12alpha-trihydroxy-5beta-cholestan-26-oyl-CoA; a fatty acid; a long-chain fatty acid; a long-chain fatty acyl-CoA; a very long-chain fatty acid; a very long-chain fatty acyl-CoA; chenodeoxycholate; chenodeoxycholoyl-CoA; cholate; choloyl-CoA; deoxycholate; deoxycholoyl-CoA; eicosanoate; eicosanoyl-CoA; hexacosanoate; hexacosanoyl-CoA; lithocholate; lithocholoyl-CoA; octadecanoate; octadecanoyl-CoA; tetracosanoate; tetracosanoyl-CoA	bile acid biosynthetic process; bile acid metabolic process; long-chain fatty acid metabolic process; very long-chain fatty acid metabolic process	57
PTPN22	Q9Y2R2	RHEA:10684;RHEA:56532	N-(5Z,8Z,11Z,14Z-eicosatetraenoyl)-ethanolamine; N-(5Z,8Z,11Z,14Z-eicosatetraenoyl)-ethanolamine phosphate	dephosphorylation; phosphoanandamide dephosphorylation	0
GDA	Q9Y2T3	RHEA:14665	guanine; xanthine	2'-deoxyribonucleoside catabolic process; 2'-deoxyribonucleoside metabolic process; 2'-deoxyribonucleotide metabolic process; GMP catabolic process; GMP metabolic process; dGMP catabolic process; dGMP metabolic process; deoxyguanosine catabolic process; deoxyribonucleoside monophosphate catabolic process; deoxyribose phosphate catabolic process; glycosyl compound catabolic process; guanine catabolic process; guanine metabolic process; nucleobase catabolic process; nucleobase metabolic process; nucleobase-containing small molecule catabolic process; nucleoside catabolic process; nucleoside metabolic process; nucleoside monophosphate catabolic process; nucleoside phosphate catabolic process; nucleotide catabolic process; purine deoxyribonucleoside catabolic process; purine deoxyribonucleoside metabolic process; purine deoxyribonucleoside monophosphate catabolic process; purine deoxyribonucleoside monophosphate metabolic process; purine deoxyribonucleotide catabolic process; purine deoxyribonucleotide metabolic process; purine nucleobase catabolic process; purine nucleobase metabolic process; purine nucleoside catabolic process; purine nucleoside metabolic process; purine nucleoside monophosphate catabolic process; purine nucleoside monophosphate metabolic process; purine nucleotide catabolic process; purine ribonucleoside monophosphate catabolic process; purine ribonucleoside monophosphate metabolic process; purine ribonucleotide catabolic process; purine-containing compound catabolic process; ribonucleoside monophosphate catabolic process; ribonucleotide catabolic process	3
COQ6	Q9Y2Z9	RHEA:81259;RHEA:81295	2-methoxy-6-(all-trans-decaprenyl)benzene-1,4-diol; 2-methoxy-6-(all-trans-decaprenyl)phenol; 3,4-dihydroxy-5-(all-trans-decaprenyl)benzoate; 4-hydroxy-3-(all-trans-decaprenyl)benzoate	ketone biosynthetic process; ketone metabolic process; quinone biosynthetic process; quinone metabolic process; ubiquinone biosynthetic process; ubiquinone metabolic process	3
COQ4	Q9Y3A0	RHEA:81275	2-methoxy-6-(all-trans-decaprenyl)phenol; 4-hydroxy-3-methoxy-5-(all-trans-decaprenyl)benzoate	ketone biosynthetic process; ketone metabolic process; quinone biosynthetic process; quinone metabolic process; ubiquinone biosynthetic process; ubiquinone metabolic process	1
HBS1L	Q9Y450	RHEA:19669		RNA catabolic process; RNA metabolic process; cytoplasmic translation; cytoplasmic translational elongation; mRNA catabolic process; mRNA metabolic process; macromolecule catabolic process; nuclear-transcribed mRNA catabolic process; nuclear-transcribed mRNA catabolic process, no-go decay; nucleic acid catabolic process; protein biosynthetic process; rescue of stalled cytosolic ribosome; translation; translational elongation	0
LOXL2	Q9Y4K0	RHEA:24544		peptidyl-lysine modification; peptidyl-lysine oxidation; protein oxidation	0
MMACHC	Q9Y4U1	RHEA:16113;RHEA:40719;RHEA:63132;RHEA:63136	S-adenosylglutathione; S-methyl glutathione; adenosylcob(III)alamin; an R-cob(III)alamin; an S-substituted glutathione; apo-[alkylcobalamin reductase]; apo-[cyanocobalamin reductase]; cob(I)alamin; cob(II)alamin; glutathione; hydrogen cyanide; methylcob(III)alamin	cobalamin metabolic process; demethylation; glutathione metabolic process; tetrapyrrole metabolic process	14
AFG3L2	Q9Y4W6	RHEA:13065		macromolecule catabolic process; membrane protein proteolysis; mitochondrial protein processing; mitochondrial protein quality control; protein autoprocessing; protein catabolic process; protein processing; protein quality control for misfolded or incompletely synthesized proteins; proteolysis	0
PCYT1B	Q9Y5K3	RHEA:18997	CDP-choline; phosphocholine	CDP-choline pathway; phosphatidylcholine biosynthetic process; phosphatidylcholine metabolic process	11
CSAD	Q9Y600	RHEA:16877;RHEA:19497;RHEA:25221	3-sulfino-L-alanine; L-aspartate; L-cysteate; beta-alanine; hypotaurine; taurine	L-cysteine catabolic process; alkanesulfonate biosynthetic process; alkanesulfonate metabolic process; sulfur amino acid catabolic process; sulfur amino acid metabolic process; sulfur compound catabolic process; taurine biosynthetic process; taurine metabolic process	18
PSAT1	Q9Y617	RHEA:14329	3-phosphooxypyruvate; O-phospho-L-serine	L-serine biosynthetic process; L-serine metabolic process; amino acid biosynthetic process; proteinogenic amino acid biosynthetic process; pyridine-containing compound biosynthetic process; pyridoxine biosynthetic process; pyridoxine metabolic process; serine family amino acid biosynthetic process; vitamin B6 biosynthetic process; vitamin B6 metabolic process; vitamin biosynthetic process; vitamin metabolic process; water-soluble vitamin biosynthetic process	2
SLC25A15	Q9Y619	RHEA:34991;RHEA:70787;RHEA:70791;RHEA:70795;RHEA:70799	L-arginine; L-citrulline; L-lysine; L-ornithine	nitrogen cycle metabolic process; urea cycle; urea metabolic process	12
ALG6	Q9Y672	RHEA:30635	a di-trans,poly-cis-dolichyl beta-D-glucosyl phosphate; a di-trans,poly-cis-dolichyl phosphate; an alpha-D-Glc-(1->3)-alpha-D-Man-(1->2)-alpha-D-Man-(1->2)-alpha-D-Man-(1->3)-[alpha-D-Man-(1->2)-alpha-D-Man-(1->3)-[alpha-D-Man-(1->2)-alpha-D-Man-(1->6)]-alpha-D-Man-(1->6)]-beta-D-Man-(1->4)-beta-D-GlcNAc-(1->4)-alpha-D-GlcNAc-diphospho-di-trans,poly-cis-dolichol; an alpha-D-Man-(1->2)-alpha-D-Man-(1->2)-alpha-D-Man-(1->3)-[alpha-D-Man-(1->2)-alpha-D-Man-(1->3)-[alpha-D-Man-(1->2)-alpha-D-Man-(1->6)]-alpha-D-Man-(1->6)]-beta-D-Man-(1->4)-beta-D-GlcNAc-(1->4)-alpha-D-GlcNAc-diphospho-di-trans,poly-cis-dolichol	dolichol-linked oligosaccharide biosynthetic process; protein N-linked glycosylation	14
ALG5	Q9Y673	RHEA:15401	UDP-alpha-D-glucose; a di-trans,poly-cis-dolichyl beta-D-glucosyl phosphate; a di-trans,poly-cis-dolichyl phosphate	dolichol-linked oligosaccharide biosynthetic process; protein N-linked glycosylation	23
NFS1	Q9Y697	RHEA:17457;RHEA:43892	(sulfur carrier)-H; (sulfur carrier)-SH; L-alanine; L-cysteine; S-sulfanyl-L-cysteinyl-[cysteine desulfurase]		15
POMT1	Q9Y6A1	RHEA:17377;RHEA:53396	a di-trans,poly-cis-dolichyl beta-D-mannosyl phosphate; a di-trans,poly-cis-dolichyl phosphate	protein O-linked glycosylation; protein O-linked glycosylation via mannose	14
CYP46A1	Q9Y6A2	RHEA:22716;RHEA:46296;RHEA:46300;RHEA:46304;RHEA:46308;RHEA:46380;RHEA:46384;RHEA:46388;RHEA:46392;RHEA:53232;RHEA:53236;RHEA:53240;RHEA:53244;RHEA:53808	(24S)-25-epoxycholesterol; (24S)-7alpha-dihydroxycholesterol; (24S)-hydroxycholestanol; (24S)-hydroxycholesterol; (24S,25R)-24,26-dihydroxycholesterol; (24Z),26-hydroxydesmosterol; 16beta,17beta-dihydroxyandrost-4-en-3-one; 17alpha-hydroxyprogesterone; 2-hydroxytestosterone; 24S,25-dihydroxycholesterol; 4beta,24S-dihydroxycholesterol; 4beta-hydroxycholesterol; 6beta,17beta-dihydroxyandrost-4-en-3-one; 7-dehydrocholesterol; 7alpha-hydroxycholesterol; cholesta-5,7-dien-3beta,24S-diol; cholesta-5,7-dien-3beta,25-diol; cholestanol; cholesterol; desmosterol; progesterone; testosterone	C21-steroid hormone metabolic process; alcohol catabolic process; bile acid biosynthetic process; bile acid metabolic process; cholesterol catabolic process; cholesterol metabolic process; hormone metabolic process; ketone metabolic process; olefinic compound metabolic process; progesterone metabolic process; secondary alcohol metabolic process; steroid catabolic process; sterol catabolic process; sterol metabolic process; xenobiotic metabolic process	32
CEPT1	Q9Y6K0	RHEA:32939;RHEA:32943;RHEA:36179;RHEA:36227;RHEA:54232;RHEA:54236;RHEA:54240;RHEA:54244;RHEA:54248;RHEA:54252;RHEA:54332;RHEA:54336;RHEA:54340;RHEA:54348;RHEA:54352	1,2-di-(9Z-hexadecenoyl)-sn-glycero-3-phosphocholine; 1,2-di-(9Z-hexadecenoyl)-sn-glycero-3-phosphoethanolamine; 1,2-di-(9Z-hexadecenoyl)-sn-glycerol; 1,2-di-(9Z-octadecenoyl)-sn-glycero-3-phosphocholine; 1,2-di-(9Z-octadecenoyl)-sn-glycero-3-phosphoethanolamine; 1,2-di-(9Z-octadecenoyl)-sn-glycerol; 1,2-didecanoyl-sn-glycero-3-phosphocholine; 1,2-didecanoyl-sn-glycerol; 1,2-dioctanoyl-sn-glycero-3-phosphocholine; 1,2-dioctanoyl-sn-glycerol; 1-O-alkyl-2-acyl-sn-glycerol; 1-O-hexadecyl-2-(5Z,8Z,11Z,14Z)-eicosatetraenoyl-sn-glycero-3-phosphocholine; 1-O-hexadecyl-2-(5Z,8Z,11Z,14Z-eicosatetraenoyl)-sn-glycerol; 1-O-hexadecyl-2-acetyl-sn-glycero-3-phosphocholine; 1-O-hexadecyl-2-acetyl-sn-glycerol; 1-hexadecanoyl-2-(4Z,7Z,10Z,13Z,16Z,19Z-docosahexaenoyl)-sn-glycero-3-phosphocholine; 1-hexadecanoyl-2-(4Z,7Z,10Z,13Z,16Z,19Z-docosahexaenoyl)-sn-glycerol; 1-hexadecanoyl-2-(9Z-octadecenoyl)-sn-glycero-3-phosphocholine; 1-hexadecanoyl-2-(9Z-octadecenoyl)-sn-glycero-3-phosphoethanolamine; 1-hexadecanoyl-2-(9Z-octadecenoyl)-sn-glycerol; CDP-choline; CDP-ethanolamine; a 1,2-diacyl-sn-glycero-3-phosphocholine; a 1,2-diacyl-sn-glycero-3-phosphoethanolamine; a 1,2-diacyl-sn-glycerol; a 1-O-(1Z-alkenyl)-2-acyl-sn-glycero-3-phosphocholine; a 1-O-(1Z-alkenyl)-2-acyl-sn-glycerol; a 1-O-alkyl-2-acyl-sn-glycero-3-phosphocholine	phosphatidylcholine biosynthetic process; phosphatidylcholine metabolic process; phosphatidylethanolamine biosynthetic process; phosphatidylethanolamine metabolic process	43
DNMT3A	Q9Y6K1	RHEA:13681;RHEA:66544			0
ENPP4	Q9Y6X5	RHEA:13893	P(1),P(3)-bis(5'-adenosyl) triphosphate	glycosyl compound catabolic process; nucleobase-containing small molecule catabolic process; nucleoside catabolic process; nucleoside metabolic process; purine nucleoside catabolic process; purine nucleoside metabolic process; purine ribonucleoside catabolic process; purine ribonucleoside metabolic process; purine-containing compound catabolic process; ribonucleoside catabolic process; ribonucleoside metabolic process	0
A3GALT2	U3KPV4	RHEA:13013;RHEA:42000;RHEA:56740	UDP-alpha-D-galactose; a beta-D-Gal-(1->4)-beta-D-Glc-(1<->1)-Cer(d18:1(4E)); a beta-D-galactosyl-(1->4)-N-acetyl-beta-D-glucosaminyl derivative; a globoside GalGb3Cer; a globoside Gb3Cer; an alpha-D-galactosyl-(1->3)-beta-D-galactosyl-(1->4)-N-acetyl-beta-D-glucosaminyl derivative; an isogloboside iGb3Cer (d18:1(4E))	glycolipid biosynthetic process; glycolipid metabolic process; glycosphingolipid biosynthetic process; glycosphingolipid metabolic process; liposaccharide metabolic process	19
