gene	uniprot	reactions	metabolites	metabolic_bp	degree
pydB	A0A140FWK2	RHEA:16121	3-(carbamoylamino)propanoate; 5,6-dihydrouracil	pyrimidine-containing compound metabolic process	1
kdpB	A0A140FWL1	RHEA:13065;RHEA:16777	CHEBI:29103		3
kdpF	A0A140FWL2	RHEA:16777	CHEBI:29103		3
ddl	A0A140FWM5	RHEA:11224	D-alanine; D-alanyl-D-alanine	aminoglycan biosynthetic process; aminoglycan metabolic process; cell wall macromolecule biosynthetic process; cell wall macromolecule metabolic process; glycosaminoglycan biosynthetic process; glycosaminoglycan metabolic process; peptidoglycan biosynthetic process; peptidoglycan metabolic process	5
ahcY	A0A140FWS3	RHEA:21708	L-homocysteine; adenosine	L-homocysteine biosynthetic process; L-methionine cycle; L-methionine metabolic process; S-adenosylmethionine metabolic process; homocysteine metabolic process; modified amino acid metabolic process; non-proteinogenic amino acid biosynthetic process; non-proteinogenic amino acid metabolic process; nucleoside metabolic process; purine nucleoside metabolic process; purine ribonucleoside metabolic process; ribonucleoside metabolic process; serine family amino acid biosynthetic process; sulfur amino acid biosynthetic process; sulfur amino acid metabolic process	4
argA	P0A0Z9	RHEA:24292	N-acetyl-L-glutamate; acetyl-CoA	L-arginine biosynthetic process; arginine metabolic process; glutamate family amino acid biosynthetic process	25
pcaJ	P0A101	RHEA:12048	3-oxoadipate; 3-oxoadipyl-CoA; succinate; succinyl-CoA	beta-ketoadipate pathway	23
dnaA	P0A116	RHEA:13065		DNA metabolic process; DNA replication; DNA replication initiation; DNA-templated DNA replication	0
qhnDH	P0A181	RHEA:51128	an aldehyde; an aliphatic amine		5
argB	P59300	RHEA:14629	N-acetyl-L-glutamate; N-acetyl-L-glutamyl 5-phosphate	L-arginine biosynthetic process; arginine metabolic process; glutamate family amino acid biosynthetic process	4
argC2	P59308	RHEA:21588	N-acetyl-L-glutamate 5-semialdehyde; N-acetyl-L-glutamyl 5-phosphate	L-arginine biosynthetic process; arginine metabolic process; glutamate family amino acid biosynthetic process	4
argD	P59319	RHEA:18049	N(2)-acetyl-L-ornithine; N-acetyl-L-glutamate 5-semialdehyde	L-arginine biosynthetic process; arginine metabolic process; glutamate family amino acid biosynthetic process	7
selD	P59392	RHEA:18737	hydrogenselenide; selenophosphate	L-selenocysteine biosynthetic process; modified amino acid biosynthetic process; modified amino acid metabolic process	1
hisD	P59400	RHEA:20641	L-histidine; L-histidinol	L-histidine biosynthetic process; aromatic amino acid biosynthetic process; imidazole-containing compound metabolic process	4
argG	P59604	RHEA:10932	2-(N(omega)-L-arginino)succinate; L-aspartate; L-citrulline	L-arginine biosynthetic process; arginine metabolic process; glutamate family amino acid biosynthetic process; nitrogen cycle metabolic process; urea cycle; urea metabolic process	4
argJ	P59612	RHEA:15349;RHEA:24292	L-ornithine; N(2)-acetyl-L-ornithine; N-acetyl-L-glutamate; acetyl-CoA	L-arginine biosynthetic process; L-ornithine biosynthetic process; arginine metabolic process; glutamate family amino acid biosynthetic process; non-proteinogenic amino acid biosynthetic process; non-proteinogenic amino acid metabolic process; ornithine metabolic process	32
argH	P59618	RHEA:24020	2-(N(omega)-L-arginino)succinate; L-arginine; fumarate	L-arginine biosynthetic process; arginine metabolic process; glutamate family amino acid biosynthetic process	15
ftsZ	Q59692	RHEA:19669			0
glmU	Q88BX6	RHEA:13509;RHEA:13725	N-acetyl-alpha-D-glucosamine 1-phosphate; UDP-N-acetyl-alpha-D-glucosamine; acetyl-CoA; alpha-D-glucosamine 1-phosphate	UDP-N-acetylglucosamine biosynthetic process; UDP-N-acetylglucosamine metabolic process; amino sugar biosynthetic process; amino sugar metabolic process; aminoglycan biosynthetic process; aminoglycan metabolic process; cell wall macromolecule biosynthetic process; cell wall macromolecule metabolic process; glycolipid biosynthetic process; glycolipid metabolic process; glycosaminoglycan biosynthetic process; glycosaminoglycan metabolic process; lipid A biosynthetic process; lipid A metabolic process; lipooligosaccharide biosynthetic process; lipooligosaccharide metabolic process; liposaccharide metabolic process; nucleotide-sugar biosynthetic process; nucleotide-sugar metabolic process; peptidoglycan biosynthetic process; peptidoglycan metabolic process; phospholipid biosynthetic process; phospholipid metabolic process	26
lpd	Q88C17	RHEA:15045		2-oxoglutarate metabolic process; dicarboxylic acid metabolic process	0
clsA	Q88C19	RHEA:31451	a 1,2-diacyl-sn-glycero-3-phospho-(1'-sn-glycerol); a cardiolipin; glycerol	cardiolipin biosynthetic process; cardiolipin metabolic process; glycerolipid biosynthetic process; glycerolipid metabolic process; glycerophospholipid biosynthetic process; glycerophospholipid metabolic process; phosphatidylglycerol biosynthetic process; phosphatidylglycerol metabolic process; phospholipid biosynthetic process; phospholipid metabolic process	4
uvrD	Q88C31	RHEA:13065		DNA metabolic process; DNA recombination; DNA repair; recombinational repair	0
zwf	Q88C32	RHEA:15841	6-phospho-D-glucono-1,5-lactone; D-glucose 6-phosphate	NADP+ metabolic process; NADPH regeneration; glucose 6-phosphate metabolic process; glucose metabolic process; hexose metabolic process; monosaccharide metabolic process; nicotinamide nucleotide metabolic process; pentose-phosphate shunt; pentose-phosphate shunt, oxidative branch	4
pycA	Q88C36	RHEA:13501			0
pycB	Q88C37	RHEA:15641;RHEA:20844	oxaloacetate; pyruvate	carbohydrate biosynthetic process; gluconeogenesis; glucose metabolic process; hexose biosynthetic process; hexose metabolic process; monosaccharide biosynthetic process; monosaccharide metabolic process	30
purE	Q88C47	RHEA:13193	5-amino-1-(5-phospho-D-ribosyl)imidazole-4-carboxylate; 5-carboxyamino-1-(5-phospho-D-ribosyl)imidazole	'de novo' IMP biosynthetic process; IMP biosynthetic process; IMP metabolic process; nucleoside monophosphate biosynthetic process; nucleoside monophosphate metabolic process; nucleotide biosynthetic process; purine nucleoside monophosphate biosynthetic process; purine nucleoside monophosphate metabolic process; purine nucleotide biosynthetic process; purine ribonucleoside monophosphate biosynthetic process; purine ribonucleoside monophosphate metabolic process; purine ribonucleotide biosynthetic process; purine ribonucleotide metabolic process; ribonucleoside monophosphate biosynthetic process; ribonucleotide biosynthetic process; ribonucleotide metabolic process; ribose phosphate biosynthetic process; ribose phosphate metabolic process	2
purK	Q88C48	RHEA:10792;RHEA:19317	5-amino-1-(5-phospho-D-ribosyl)imidazole-4-carboxylate; 5-amino-1-(5-phospho-beta-D-ribosyl)imidazole; 5-carboxyamino-1-(5-phospho-D-ribosyl)imidazole	'de novo' IMP biosynthetic process; IMP biosynthetic process; IMP metabolic process; nucleoside monophosphate biosynthetic process; nucleoside monophosphate metabolic process; nucleotide biosynthetic process; purine nucleoside monophosphate biosynthetic process; purine nucleoside monophosphate metabolic process; purine nucleotide biosynthetic process; purine ribonucleoside monophosphate biosynthetic process; purine ribonucleoside monophosphate metabolic process; purine ribonucleotide biosynthetic process; purine ribonucleotide metabolic process; ribonucleoside monophosphate biosynthetic process; ribonucleotide biosynthetic process; ribonucleotide metabolic process; ribose phosphate biosynthetic process; ribose phosphate metabolic process	3
PP_5332	Q88C51	RHEA:16249	alpha-D-glucose 6-phosphate; beta-D-glucose 6-phosphate		4
pstB2	Q88C57	RHEA:13065;RHEA:24440			0
ubiA	Q88C65	RHEA:44504	4-hydroxybenzoate; a 4-hydroxy-3-(all-trans-polyprenyl)benzoate; an all-trans-polyprenyl diphosphate	ketone biosynthetic process; ketone metabolic process; quinone biosynthetic process; quinone metabolic process; ubiquinone biosynthetic process; ubiquinone metabolic process	3
ubiC	Q88C66	RHEA:16505	4-hydroxybenzoate; chorismate; pyruvate	ketone biosynthetic process; ketone metabolic process; pyruvate biosynthetic process; pyruvate metabolic process; quinone biosynthetic process; quinone metabolic process; ubiquinone biosynthetic process; ubiquinone metabolic process	28
recG	Q88C73	RHEA:13065		DNA metabolic process; DNA recombination; DNA repair	0
rpoZ	Q88C82	RHEA:21248	a ribonucleoside 5'-triphosphate	DNA-templated transcription; RNA biosynthetic process; nucleic acid biosynthetic process	3
PP_5298	Q88C85	RHEA:19737	4-(gamma-L-glutamylamino)butanoate; 4-aminobutanoate	L-glutamine metabolic process; amine catabolic process; amine metabolic process; biogenic amine catabolic process; biogenic amine metabolic process; polyamine catabolic process; polyamine metabolic process	1
algC	Q88C93	RHEA:11140;RHEA:23536	D-mannose 6-phosphate; alpha-D-glucose 1-phosphate; alpha-D-glucose 6-phosphate; alpha-D-mannose 1-phosphate	GDP-mannose biosynthetic process; GDP-mannose metabolic process; carbohydrate biosynthetic process; lipopolysaccharide biosynthetic process; lipopolysaccharide metabolic process; liposaccharide metabolic process; nucleotide-sugar biosynthetic process; nucleotide-sugar metabolic process; polysaccharide biosynthetic process; polysaccharide metabolic process	9
dfp	Q88C96	RHEA:16793;RHEA:19397	(R)-4'-phosphopantetheine; (R)-4'-phosphopantothenate; L-cysteine; N-[(R)-4-phosphopantothenoyl]-L-cysteine	coenzyme A biosynthetic process; coenzyme A metabolic process; modified amino acid catabolic process; modified amino acid metabolic process; pantothenate catabolic process; pantothenate metabolic process; vitamin catabolic process; vitamin metabolic process; water-soluble vitamin catabolic process	13
dadX	Q88CB2	RHEA:20249	D-alanine; L-alanine	D-alanine biosynthetic process; alanine biosynthetic process; non-proteinogenic amino acid biosynthetic process; non-proteinogenic amino acid metabolic process	9
dapF	Q88CF3	RHEA:15393	(2S,6S)-2,6-diaminopimelate; meso-2,6-diaminopimelate	L-lysine biosynthetic process; aspartate family amino acid biosynthetic process	6
lysA-II	Q88CF4	RHEA:15101	L-lysine; meso-2,6-diaminopimelate	L-lysine biosynthetic process; aspartate family amino acid biosynthetic process	8
ppk	Q88CG4	RHEA:19573	[phosphate](n+1)	polyphosphate biosynthetic process; polyphosphate metabolic process	0
ubiD	Q88CG8	RHEA:41680	a 2-(all-trans-polyprenyl)phenol; a 4-hydroxy-3-(all-trans-polyprenyl)benzoate	ketone biosynthetic process; ketone metabolic process; quinone biosynthetic process; quinone metabolic process; ubiquinone biosynthetic process; ubiquinone metabolic process	2
fau	Q88CH8	RHEA:10488	(6R)-5,10-methenyltetrahydrofolate; (6S)-5-formyl-5,6,7,8-tetrahydrofolate	folic acid-containing compound biosynthetic process; folic acid-containing compound metabolic process; modified amino acid biosynthetic process; modified amino acid metabolic process; one-carbon metabolic process; pteridine-containing compound biosynthetic process; pteridine-containing compound metabolic process; tetrahydrofolate biosynthetic process; tetrahydrofolate interconversion; tetrahydrofolate metabolic process	2
ubiH	Q88CI2	RHEA:29407	2-methoxy-6-(all-trans-octaprenyl)benzene-1,4-diol; 2-methoxy-6-(all-trans-octaprenyl)phenol	ketone biosynthetic process; ketone metabolic process; quinone biosynthetic process; quinone metabolic process; ubiquinone biosynthetic process; ubiquinone metabolic process	0
visC	Q88CI4	RHEA:55892	a 2-(all-trans-polyprenyl)phenol; a 3-(all-trans-polyprenyl)benzene-1,2-diol	ketone biosynthetic process; ketone metabolic process; quinone biosynthetic process; quinone metabolic process; ubiquinone biosynthetic process; ubiquinone metabolic process	2
gcvT	Q88CI7	RHEA:16945	(6R)-5,10-methylene-5,6,7,8-tetrahydrofolate; (6S)-5,6,7,8-tetrahydrofolate	glycine catabolic process; glycine decarboxylation via glycine cleavage system; glycine metabolic process; proteinogenic amino acid catabolic process	11
gcvP2	Q88CI9	RHEA:24304	glycine	glycine catabolic process; glycine decarboxylation via glycine cleavage system; glycine metabolic process; proteinogenic amino acid catabolic process	12
argE	Q88CJ5	RHEA:15941	L-ornithine; N(2)-acetyl-L-ornithine; acetate	L-arginine biosynthetic process; arginine metabolic process; glutamate family amino acid biosynthetic process	13
serA	Q88CM5	RHEA:12641;RHEA:49612	(2R)-3-phosphoglycerate; (R)-2-hydroxyglutarate; 3-phosphooxypyruvate		4
rpiA	Q88CN0	RHEA:14657	D-ribulose 5-phosphate; aldehydo-D-ribose 5-phosphate	D-ribose metabolic process; NADP+ metabolic process; NADPH regeneration; aldehyde metabolic process; glucose 6-phosphate metabolic process; glyceraldehyde-3-phosphate metabolic process; monosaccharide metabolic process; nicotinamide nucleotide metabolic process; pentose metabolic process; pentose-phosphate shunt; pentose-phosphate shunt, non-oxidative branch	4
ilvA-II	Q88CN1	RHEA:19169;RHEA:22108	2-oxobutanoate; L-serine; L-threonine; pyruvate	L-isoleucine biosynthetic process; L-serine catabolic process; L-serine metabolic process; L-threonine catabolic process; L-threonine metabolic process; aspartate family amino acid biosynthetic process; branched-chain amino acid biosynthetic process; branched-chain amino acid metabolic process; proteinogenic amino acid catabolic process	34
PP_5147	Q88CN3	RHEA:14465	L-histidinol; L-histidinol phosphate		3
ptsP	Q88CN5	RHEA:23880	phosphoenolpyruvate; pyruvate		33
lgt	Q88CN8	RHEA:56712	a 1,2-diacyl-sn-glycero-3-phospho-(1'-sn-glycerol); sn-glycerol 1-phosphate	lipoprotein biosynthetic process; lipoprotein metabolic process	3
ilvD	Q88CQ2	RHEA:24809	(2R)-2,3-dihydroxy-3-methylbutanoate; 3-methyl-2-oxobutanoate	L-isoleucine biosynthetic process; L-valine biosynthetic process; aspartate family amino acid biosynthetic process; branched-chain amino acid biosynthetic process; branched-chain amino acid metabolic process; pyruvate family amino acid biosynthetic process	4
coaD	Q88CQ7	RHEA:19801	(R)-4'-phosphopantetheine; 3'-dephospho-CoA	coenzyme A biosynthetic process; coenzyme A metabolic process	3
ftsY	Q88CR9	RHEA:19669			0
trmB	Q88CS7	RHEA:42708		RNA (guanine-N7)-methylation; RNA biosynthetic process; RNA methylation; RNA modification; RNA processing; macromolecule methylation; macromolecule modification; methylation; nucleic acid biosynthetic process; tRNA (guanine-N7)-methylation; tRNA methylation; tRNA modification; tRNA processing	0
metXS	Q88CT3	RHEA:13701;RHEA:22008	L-homoserine; O-acetyl-L-homoserine; O-succinyl-L-homoserine; acetyl-CoA; succinyl-CoA	L-homoserine metabolic process; L-methionine biosynthetic process; L-methionine metabolic process; aspartate family amino acid biosynthetic process; non-proteinogenic amino acid metabolic process; sulfur amino acid biosynthetic process; sulfur amino acid metabolic process	33
argS	Q88CU1	RHEA:20301	L-arginine	amino acid activation; arginyl-tRNA aminoacylation; protein biosynthetic process; tRNA aminoacylation; tRNA aminoacylation for protein translation; translation	6
mrcA	Q88CU6	RHEA:23708	CHEBI:78435; beta-D-GlcNAc-(1->4)-Mur2Ac(oyl-L-Ala-gamma-D-Glu-L-Lys-D-Ala-D-Ala)-di-trans,octa-cis-undecaprenyl diphosphate; di-trans,octa-cis-undecaprenyl diphosphate	aminoglycan biosynthetic process; aminoglycan metabolic process; cell wall macromolecule biosynthetic process; cell wall macromolecule metabolic process; glycosaminoglycan biosynthetic process; glycosaminoglycan metabolic process; peptidoglycan biosynthetic process; peptidoglycan metabolic process	3
aroK	Q88CV1	RHEA:13121	3-phosphoshikimate; shikimate	chorismate biosynthetic process; chorismate metabolic process; dicarboxylic acid biosynthetic process; dicarboxylic acid metabolic process	6
aroB	Q88CV2	RHEA:21968	3-dehydroquinate; 7-phospho-2-dehydro-3-deoxy-D-arabino-heptonate	aromatic amino acid biosynthetic process; chorismate biosynthetic process; chorismate metabolic process; dicarboxylic acid biosynthetic process; dicarboxylic acid metabolic process	7
gltB	Q88CV4	RHEA:15501		L-glutamate biosynthetic process; L-glutamine metabolic process; ammonia assimilation cycle; dicarboxylic acid biosynthetic process; dicarboxylic acid metabolic process; glutamate family amino acid biosynthetic process; glutamate metabolic process	0
gltD	Q88CV5	RHEA:15501			0
hemE	Q88CV6	RHEA:19865	coproporphyrinogen III; uroporphyrinogen III	heme biosynthetic process; heme metabolic process; pigment biosynthetic process; pigment metabolic process; porphyrin-containing compound biosynthetic process; porphyrin-containing compound metabolic process; tetrapyrrole biosynthetic process; tetrapyrrole metabolic process	3
betA	Q88CW6	RHEA:15305;RHEA:17433	betaine aldehyde; choline; glycine betaine		2
betB	Q88CW7	RHEA:15305	betaine aldehyde; glycine betaine		1
gpmI	Q88CX4	RHEA:15901	(2R)-2-phosphoglycerate; (2R)-3-phosphoglycerate	ADP catabolic process; ADP metabolic process; ATP metabolic process; carbohydrate catabolic process; carbohydrate derivative catabolic process; glucose catabolic process; glucose metabolic process; glycolytic process; hexose catabolic process; hexose metabolic process; monosaccharide catabolic process; monosaccharide metabolic process; nicotinamide nucleotide metabolic process; nucleobase-containing compound catabolic process; nucleoside diphosphate catabolic process; nucleoside diphosphate metabolic process; nucleoside phosphate catabolic process; nucleoside triphosphate metabolic process; nucleotide catabolic process; organophosphate catabolic process; purine nucleoside diphosphate catabolic process; purine nucleoside diphosphate metabolic process; purine nucleoside triphosphate metabolic process; purine nucleotide catabolic process; purine ribonucleoside diphosphate catabolic process; purine ribonucleoside diphosphate metabolic process; purine ribonucleoside triphosphate metabolic process; purine ribonucleotide catabolic process; purine ribonucleotide metabolic process; purine-containing compound catabolic process; pyridine nucleotide catabolic process; pyridine-containing compound catabolic process; pyruvate metabolic process; ribonucleoside diphosphate catabolic process; ribonucleoside diphosphate metabolic process; ribonucleotide catabolic process; ribonucleotide metabolic process; ribose phosphate metabolic process	3
glnA	Q88CY3	RHEA:16169		L-glutamine biosynthetic process; L-glutamine metabolic process; glutamate family amino acid biosynthetic process	0
thiI	Q88CY4	RHEA:14433;RHEA:24176	S-sulfanyl-L-cysteinyl-[cysteine desulfurase]	RNA biosynthetic process; RNA modification; RNA processing; macromolecule modification; nucleic acid biosynthetic process; pyrimidine-containing compound biosynthetic process; pyrimidine-containing compound metabolic process; tRNA 4-thiouridine biosynthesis; tRNA modification; tRNA processing; tRNA thio-modification; thiamine diphosphate biosynthetic process; thiamine diphosphate metabolic process; thiamine-containing compound biosynthetic process; thiamine-containing compound metabolic process; thiazole biosynthetic process; thiazole metabolic process; vitamin biosynthetic process; vitamin metabolic process; water-soluble vitamin biosynthetic process	1
glgP	Q88CY8	RHEA:41732	[(1->4)-alpha-D-glucosyl](n); alpha-D-glucose 1-phosphate	carbohydrate catabolic process; energy reserve metabolic process; glucan catabolic process; glucan metabolic process; glycogen catabolic process; glycogen metabolic process; macromolecule catabolic process; polysaccharide catabolic process; polysaccharide metabolic process	5
fbp	Q88CY9	RHEA:11064	beta-D-fructose 1,6-bisphosphate; beta-D-fructose 6-phosphate	carbohydrate biosynthetic process; disaccharide biosynthetic process; disaccharide metabolic process; fructose 1,6-bisphosphate metabolic process; fructose 6-phosphate metabolic process; fructose metabolic process; gluconeogenesis; glucose metabolic process; hexose biosynthetic process; hexose metabolic process; monosaccharide biosynthetic process; monosaccharide metabolic process; oligosaccharide biosynthetic process; oligosaccharide metabolic process; sucrose biosynthetic process; sucrose metabolic process	5
hutF	Q88CZ3	RHEA:22832	N-formimidoyl-L-glutamate; N-formyl-L-glutamate		2
hutU	Q88CZ6	RHEA:13101	4-imidazolone-5-propanoate; trans-urocanate	L-histidine catabolic process; aromatic amino acid catabolic process; imidazole-containing compound catabolic process; imidazole-containing compound metabolic process; proteinogenic amino acid catabolic process	2
hutH	Q88CZ7	RHEA:21232	L-histidine; trans-urocanate	L-histidine catabolic process; aromatic amino acid catabolic process; imidazole-containing compound catabolic process; imidazole-containing compound metabolic process; proteinogenic amino acid catabolic process	3
hutI	Q88CZ9	RHEA:23660	4-imidazolone-5-propanoate; N-formimidoyl-L-glutamate	L-histidine catabolic process; aromatic amino acid catabolic process; imidazole-containing compound catabolic process; imidazole-containing compound metabolic process; proteinogenic amino acid catabolic process	2
hutG	Q88D00	RHEA:12476	N-formyl-L-glutamate; formate		4
hisE	Q88D14	RHEA:22828	1-(5-phospho-beta-D-ribosyl)-5'-AMP; 1-(5-phospho-beta-D-ribosyl)-ATP	L-histidine biosynthetic process; aromatic amino acid biosynthetic process; imidazole-containing compound metabolic process	2
hisI	Q88D15	RHEA:20049;RHEA:22828	1-(5-phospho-beta-D-ribosyl)-5'-AMP; 1-(5-phospho-beta-D-ribosyl)-5-[(5-phospho-beta-D-ribosylamino)methylideneamino]imidazole-4-carboxamide; 1-(5-phospho-beta-D-ribosyl)-ATP	L-histidine biosynthetic process; aromatic amino acid biosynthetic process; imidazole-containing compound metabolic process	3
ubiE	Q88D17	RHEA:28286	a 2-methoxy-6-(all-trans-polyprenyl)benzene-1,4-diol; a 5-methoxy-2-methyl-3-(all-trans-polyprenyl)benzene-1,4-diol	ketone biosynthetic process; ketone metabolic process; menaquinone biosynthetic process; menaquinone metabolic process; quinone biosynthetic process; quinone metabolic process; ubiquinone biosynthetic process; ubiquinone metabolic process	1
phaB	Q88D24	RHEA:12044	a diacylglycerol; a fatty acid; a triacylglycerol	glycerolipid catabolic process; glycerolipid metabolic process; lipid catabolic process	1
gshB	Q88D35	RHEA:13557	gamma-L-glutamyl-L-cysteine; glutathione; glycine	glutathione biosynthetic process; glutathione metabolic process; modified amino acid biosynthetic process; modified amino acid metabolic process; nonribosomal peptide biosynthetic process; peptide biosynthetic process; peptide metabolic process	18
bioA	Q88D44	RHEA:16861	(7R,8S)-7,8-diammoniononanoate; (8S)-8-amino-7-oxononanoate; S-adenosyl-4-methylsulfanyl-2-oxobutanoate	biotin biosynthetic process; biotin metabolic process; vitamin biosynthetic process; vitamin metabolic process; water-soluble vitamin biosynthetic process	2
PP_4983	Q88D45	RHEA:16165	L-tryptophan; indole-3-acetamide		3
rhlE	Q88D48	RHEA:13065			0
metF	Q88D51	RHEA:19821	(6R)-5,10-methylene-5,6,7,8-tetrahydrofolate; (6S)-5-methyl-5,6,7,8-tetrahydrofolate	L-methionine metabolic process; folic acid-containing compound biosynthetic process; folic acid-containing compound metabolic process; modified amino acid biosynthetic process; modified amino acid metabolic process; one-carbon metabolic process; pteridine-containing compound biosynthetic process; pteridine-containing compound metabolic process; sulfur amino acid metabolic process; tetrahydrofolate biosynthetic process; tetrahydrofolate interconversion; tetrahydrofolate metabolic process	7
metK	Q88D60	RHEA:21080	L-methionine	S-adenosylmethionine biosynthetic process; S-adenosylmethionine metabolic process	11
epd	Q88D63	RHEA:12056	4-phospho-D-erythronate; D-erythrose 4-phosphate	aldehyde biosynthetic process; aldehyde metabolic process; pyridine-containing compound biosynthetic process; pyridoxal 5'-phosphate biosynthetic process; pyridoxal 5'-phosphate metabolic process; pyridoxine biosynthetic process; pyridoxine metabolic process; vitamin B6 biosynthetic process; vitamin B6 metabolic process; vitamin biosynthetic process; vitamin metabolic process; water-soluble vitamin biosynthetic process	5
pgk	Q88D64	RHEA:14801	(2R)-3-phospho-glyceroyl phosphate; (2R)-3-phosphoglycerate	ADP catabolic process; ADP metabolic process; ATP metabolic process; carbohydrate biosynthetic process; carbohydrate catabolic process; carbohydrate derivative catabolic process; gluconeogenesis; glucose metabolic process; glycolytic process; hexose biosynthetic process; hexose metabolic process; monosaccharide biosynthetic process; monosaccharide metabolic process; nicotinamide nucleotide metabolic process; nucleobase-containing compound catabolic process; nucleoside diphosphate catabolic process; nucleoside diphosphate metabolic process; nucleoside phosphate catabolic process; nucleoside triphosphate metabolic process; nucleotide catabolic process; organophosphate catabolic process; purine nucleoside diphosphate catabolic process; purine nucleoside diphosphate metabolic process; purine nucleoside triphosphate metabolic process; purine nucleotide catabolic process; purine ribonucleoside diphosphate catabolic process; purine ribonucleoside diphosphate metabolic process; purine ribonucleoside triphosphate metabolic process; purine ribonucleotide catabolic process; purine ribonucleotide metabolic process; purine-containing compound catabolic process; pyridine nucleotide catabolic process; pyridine-containing compound catabolic process; pyruvate metabolic process; ribonucleoside diphosphate catabolic process; ribonucleoside diphosphate metabolic process; ribonucleotide catabolic process; ribonucleotide metabolic process; ribose phosphate metabolic process	4
fba	Q88D67	RHEA:14729	D-glyceraldehyde 3-phosphate; beta-D-fructose 1,6-bisphosphate; dihydroxyacetone phosphate	ADP catabolic process; ADP metabolic process; ATP metabolic process; carbohydrate catabolic process; carbohydrate derivative catabolic process; glycolytic process; nicotinamide nucleotide metabolic process; nucleobase-containing compound catabolic process; nucleoside diphosphate catabolic process; nucleoside diphosphate metabolic process; nucleoside phosphate catabolic process; nucleoside triphosphate metabolic process; nucleotide catabolic process; organophosphate catabolic process; purine nucleoside diphosphate catabolic process; purine nucleoside diphosphate metabolic process; purine nucleoside triphosphate metabolic process; purine nucleotide catabolic process; purine ribonucleoside diphosphate catabolic process; purine ribonucleoside diphosphate metabolic process; purine ribonucleoside triphosphate metabolic process; purine ribonucleotide catabolic process; purine ribonucleotide metabolic process; purine-containing compound catabolic process; pyridine nucleotide catabolic process; pyridine-containing compound catabolic process; pyruvate metabolic process; ribonucleoside diphosphate catabolic process; ribonucleoside diphosphate metabolic process; ribonucleotide catabolic process; ribonucleotide metabolic process; ribose phosphate metabolic process	13
putA	Q88D80	RHEA:23784;RHEA:30235	(S)-1-pyrroline-5-carboxylate; L-glutamate 5-semialdehyde; L-proline	L-proline biosynthetic process; L-proline catabolic process; L-proline metabolic process; glutamate family amino acid biosynthetic process; proteinogenic amino acid catabolic process	5
putP	Q88D81	RHEA:28967	CHEBI:29101; L-proline		4
hldE	Q88D93	RHEA:27465;RHEA:27473	ADP-D-glycero-beta-D-manno-heptose; D-glycero-beta-D-manno-heptose 1,7-bisphosphate; D-glycero-beta-D-manno-heptose 1-phosphate; D-glycero-beta-D-manno-heptose 7-phosphate	ADP-L-glycero-beta-D-manno-heptose biosynthetic process; nucleotide-sugar biosynthetic process; nucleotide-sugar metabolic process	2
serB	Q88DB8	RHEA:21208	L-serine; O-phospho-L-serine	L-serine biosynthetic process; L-serine metabolic process; serine family amino acid biosynthetic process	9
psd	Q88DB9	RHEA:20828	a 1,2-diacyl-sn-glycero-3-phospho-L-serine; a 1,2-diacyl-sn-glycero-3-phosphoethanolamine	glycerolipid biosynthetic process; glycerolipid metabolic process; glycerophospholipid biosynthetic process; glycerophospholipid metabolic process; phosphatidylethanolamine biosynthetic process; phosphatidylethanolamine metabolic process; phospholipid biosynthetic process; phospholipid metabolic process	2
queG	Q88DC7	RHEA:32159		RNA biosynthetic process; RNA modification; RNA processing; macromolecule modification; nucleic acid biosynthetic process; tRNA modification; tRNA processing; tRNA queuosine(34) biosynthetic process; tRNA wobble base modification; tRNA wobble guanine modification	0
mutL	Q88DD1	RHEA:13065		DNA metabolic process; DNA repair; mismatch repair	0
dnaB	Q88DF2	RHEA:13065		DNA metabolic process; DNA replication; DNA replication, synthesis of primer; DNA-templated DNA replication; RNA biosynthetic process; nucleic acid biosynthetic process	0
nadE	Q88DF6	RHEA:15889;RHEA:21188;RHEA:24384	deamido-NAD(+)	NAD+ biosynthetic process; NAD+ metabolic process; nicotinamide nucleotide biosynthetic process; nicotinamide nucleotide metabolic process; nucleotide biosynthetic process; purine nucleotide biosynthetic process; pyridine nucleotide biosynthetic process; pyridine-containing compound biosynthetic process	1
pncB	Q88DF7	RHEA:36163	5-phospho-alpha-D-ribose 1-diphosphate; nicotinate; nicotinate beta-D-ribonucleotide	NAD+ biosynthetic process; NAD+ biosynthetic process via the salvage pathway; NAD+ metabolic process; metabolic compound salvage; nicotinamide nucleotide biosynthetic process; nicotinamide nucleotide metabolic process; nucleotide biosynthetic process; nucleotide salvage; purine nucleotide biosynthetic process; purine nucleotide salvage; purine-containing compound salvage; pyridine nucleotide biosynthetic process; pyridine nucleotide salvage; pyridine-containing compound biosynthetic process	8
purD	Q88DK2	RHEA:17453	5-phospho-beta-D-ribosylamine; N(1)-(5-phospho-beta-D-ribosyl)glycinamide; glycine	'de novo' IMP biosynthetic process; IMP biosynthetic process; IMP metabolic process; nucleobase biosynthetic process; nucleobase metabolic process; nucleoside monophosphate biosynthetic process; nucleoside monophosphate metabolic process; nucleotide biosynthetic process; purine nucleobase biosynthetic process; purine nucleobase metabolic process; purine nucleoside monophosphate biosynthetic process; purine nucleoside monophosphate metabolic process; purine nucleotide biosynthetic process; purine ribonucleoside monophosphate biosynthetic process; purine ribonucleoside monophosphate metabolic process; purine ribonucleotide biosynthetic process; purine ribonucleotide metabolic process; ribonucleoside monophosphate biosynthetic process; ribonucleotide biosynthetic process; ribonucleotide metabolic process; ribose phosphate biosynthetic process; ribose phosphate metabolic process	15
purH	Q88DK3	RHEA:18445;RHEA:22192	(6R)-10-formyltetrahydrofolate; (6S)-5,6,7,8-tetrahydrofolate; 5-amino-1-(5-phospho-beta-D-ribosyl)imidazole-4-carboxamide; 5-formamido-1-(5-phospho-D-ribosyl)imidazole-4-carboxamide; IMP	'de novo' IMP biosynthetic process; IMP biosynthetic process; IMP metabolic process; nucleoside monophosphate biosynthetic process; nucleoside monophosphate metabolic process; nucleotide biosynthetic process; purine nucleoside monophosphate biosynthetic process; purine nucleoside monophosphate metabolic process; purine nucleotide biosynthetic process; purine ribonucleoside monophosphate biosynthetic process; purine ribonucleoside monophosphate metabolic process; purine ribonucleotide biosynthetic process; purine ribonucleotide metabolic process; ribonucleoside monophosphate biosynthetic process; ribonucleotide biosynthetic process; ribonucleotide metabolic process; ribose phosphate biosynthetic process; ribose phosphate metabolic process	12
proA	Q88DL4	RHEA:19541	L-glutamate 5-semialdehyde; L-glutamyl 5-phosphate	L-proline biosynthetic process; L-proline metabolic process; glutamate family amino acid biosynthetic process	3
nadD	Q88DL5	RHEA:22860	deamido-NAD(+); nicotinate beta-D-ribonucleotide	NAD+ biosynthetic process; NAD+ metabolic process; nicotinamide nucleotide biosynthetic process; nicotinamide nucleotide metabolic process; nucleotide biosynthetic process; purine nucleotide biosynthetic process; pyridine nucleotide biosynthetic process; pyridine-containing compound biosynthetic process	5
lipB	Q88DM4	RHEA:17665	holo-[ACP]; octanoyl-[ACP]	macromolecule modification; peptidyl-lysine modification; protein lipoylation; protein maturation; protein modification process	6
lipA	Q88DM5	RHEA:16585	5'-deoxyadenosine; L-methionine	fatty acid biosynthetic process; fatty acid metabolic process; lipoate biosynthetic process; lipoate metabolic process; macromolecule modification; peptidyl-lysine modification; protein lipoylation; protein maturation; protein modification process	11
leuS	Q88DN1	RHEA:11688	L-leucine	amino acid activation; aminoacyl-tRNA metabolism involved in translational fidelity; leucyl-tRNA aminoacylation; protein biosynthetic process; tRNA aminoacylation; tRNA aminoacylation for protein translation; translation	1
hemL	Q88DP0	RHEA:14265	(S)-4-amino-5-oxopentanoate; 5-aminolevulinate	heme biosynthetic process; heme metabolic process; pigment biosynthetic process; pigment metabolic process; porphyrin-containing compound biosynthetic process; porphyrin-containing compound metabolic process; tetrapyrrole biosynthetic process; tetrapyrrole metabolic process	3
gudD	Q88DR6	RHEA:14573	5-dehydro-4-deoxy-D-glucarate; D-glucarate	D-glucarate catabolic process; D-glucarate metabolic process; aldaric acid catabolic process; carbohydrate catabolic process	2
dnaK	Q88DU2	RHEA:13065		protein folding; protein maturation	0
rlmE	Q88DV0	RHEA:54152		RNA biosynthetic process; RNA processing; nucleic acid biosynthetic process; rRNA metabolic process; rRNA processing	0
tpiA	Q88DV4	RHEA:18585	D-glyceraldehyde 3-phosphate; dihydroxyacetone phosphate	ADP catabolic process; ADP metabolic process; ATP metabolic process; alcohol catabolic process; alcohol metabolic process; aldehyde biosynthetic process; aldehyde metabolic process; alditol catabolic process; carbohydrate biosynthetic process; carbohydrate catabolic process; carbohydrate derivative catabolic process; gluconeogenesis; glucose metabolic process; glyceraldehyde-3-phosphate biosynthetic process; glyceraldehyde-3-phosphate metabolic process; glycerol catabolic process; glycerol metabolic process; glycolytic process; hexose biosynthetic process; hexose metabolic process; monosaccharide biosynthetic process; monosaccharide metabolic process; nicotinamide nucleotide metabolic process; nucleobase-containing compound catabolic process; nucleoside diphosphate catabolic process; nucleoside diphosphate metabolic process; nucleoside phosphate catabolic process; nucleoside triphosphate metabolic process; nucleotide catabolic process; organophosphate catabolic process; polyol catabolic process; polyol metabolic process; purine nucleoside diphosphate catabolic process; purine nucleoside diphosphate metabolic process; purine nucleoside triphosphate metabolic process; purine nucleotide catabolic process; purine ribonucleoside diphosphate catabolic process; purine ribonucleoside diphosphate metabolic process; purine ribonucleoside triphosphate metabolic process; purine ribonucleotide catabolic process; purine ribonucleotide metabolic process; purine-containing compound catabolic process; pyridine nucleotide catabolic process; pyridine-containing compound catabolic process; pyruvate metabolic process; ribonucleoside diphosphate catabolic process; ribonucleoside diphosphate metabolic process; ribonucleotide catabolic process; ribonucleotide metabolic process; ribose phosphate metabolic process	11
infB	Q88DV7	RHEA:19669		protein biosynthetic process; translation; translational initiation	0
pnp	Q88DW0	RHEA:22096	a ribonucleoside 5'-diphosphate	RNA biosynthetic process; RNA catabolic process; RNA processing; mRNA catabolic process; mRNA metabolic process; macromolecule catabolic process; nucleic acid biosynthetic process; nucleic acid catabolic process; nucleobase-containing compound catabolic process	0
acsA2	Q88DW6	RHEA:23176	acetate; acetyl-CoA	acetyl-CoA biosynthetic process; acetyl-CoA metabolic process; acyl-CoA biosynthetic process; acyl-CoA metabolic process	30
pgi2	Q88DW7	RHEA:11816	alpha-D-glucose 6-phosphate; beta-D-fructose 6-phosphate	ADP catabolic process; ADP metabolic process; ATP metabolic process; carbohydrate biosynthetic process; carbohydrate catabolic process; carbohydrate derivative catabolic process; gluconeogenesis; glucose 6-phosphate metabolic process; glucose metabolic process; glycolytic process; hexose biosynthetic process; hexose metabolic process; monosaccharide biosynthetic process; monosaccharide metabolic process; nicotinamide nucleotide metabolic process; nucleobase-containing compound catabolic process; nucleoside diphosphate catabolic process; nucleoside diphosphate metabolic process; nucleoside phosphate catabolic process; nucleoside triphosphate metabolic process; nucleotide catabolic process; organophosphate catabolic process; purine nucleoside diphosphate catabolic process; purine nucleoside diphosphate metabolic process; purine nucleoside triphosphate metabolic process; purine nucleotide catabolic process; purine ribonucleoside diphosphate catabolic process; purine ribonucleoside diphosphate metabolic process; purine ribonucleoside triphosphate metabolic process; purine ribonucleotide catabolic process; purine ribonucleotide metabolic process; purine-containing compound catabolic process; pyridine nucleotide catabolic process; pyridine-containing compound catabolic process; pyruvate metabolic process; ribonucleoside diphosphate catabolic process; ribonucleoside diphosphate metabolic process; ribonucleotide catabolic process; ribonucleotide metabolic process; ribose phosphate metabolic process	6
panC	Q88DW8	RHEA:10912	(R)-pantoate; (R)-pantothenate; beta-alanine	modified amino acid biosynthetic process; modified amino acid metabolic process; pantothenate biosynthetic process; pantothenate metabolic process; vitamin biosynthetic process; vitamin metabolic process; water-soluble vitamin biosynthetic process	6
panB	Q88DW9	RHEA:11824	(6R)-5,10-methylene-5,6,7,8-tetrahydrofolate; (6S)-5,6,7,8-tetrahydrofolate; 2-dehydropantoate; 3-methyl-2-oxobutanoate	modified amino acid biosynthetic process; modified amino acid metabolic process; pantothenate biosynthetic process; pantothenate metabolic process; vitamin biosynthetic process; vitamin metabolic process; water-soluble vitamin biosynthetic process	18
ilvC	Q88DZ0	RHEA:22068	(2R)-2,3-dihydroxy-3-methylbutanoate; (2S)-2-acetolactate	L-isoleucine biosynthetic process; L-valine biosynthetic process; aspartate family amino acid biosynthetic process; branched-chain amino acid biosynthetic process; branched-chain amino acid metabolic process; pyruvate family amino acid biosynthetic process	1
PP_4677	Q88DZ1	RHEA:16913	L-serine; a 1,2-diacyl-sn-glycero-3-phospho-L-serine; a CDP-1,2-diacyl-sn-glycerol	phospholipid biosynthetic process; phospholipid metabolic process	10
recB	Q88DZ5	RHEA:13065		DNA metabolic process; DNA recombination; DNA repair; double-strand break repair; double-strand break repair via homologous recombination; recombinational repair	0
recD	Q88DZ6	RHEA:13065		DNA metabolic process; DNA recombination; DNA repair; double-strand break repair; double-strand break repair via homologous recombination; recombinational repair	0
pcaH	Q88E12	RHEA:10084	3,4-dihydroxybenzoate; 3-carboxy-cis,cis-muconate	3,4-dihydroxybenzoate catabolic process; 3,4-dihydroxybenzoate metabolic process; benzene-containing compound metabolic process; catechol-containing compound catabolic process; catechol-containing compound metabolic process; phenol-containing compound catabolic process; phenol-containing compound metabolic process	5
pcaG	Q88E13	RHEA:10084	3,4-dihydroxybenzoate; 3-carboxy-cis,cis-muconate		5
PP_4638	Q88E30	RHEA:19821	(6R)-5,10-methylene-5,6,7,8-tetrahydrofolate; (6S)-5-methyl-5,6,7,8-tetrahydrofolate	L-methionine metabolic process; folic acid-containing compound biosynthetic process; folic acid-containing compound metabolic process; modified amino acid biosynthetic process; modified amino acid metabolic process; one-carbon metabolic process; pteridine-containing compound biosynthetic process; pteridine-containing compound metabolic process; sulfur amino acid metabolic process; tetrahydrofolate biosynthetic process; tetrahydrofolate interconversion; tetrahydrofolate metabolic process	7
PP_4637	Q88E31	RHEA:21196	5-methyltetrahydropteroyltri-L-glutamate; L-homocysteine; L-methionine; tetrahydropteroyltri-L-glutamate		13
fabV	Q88E33	RHEA:10240;RHEA:18177	a (2E)-enoyl-CoA; a (2E)-enoyl-[ACP]; a 2,3-saturated acyl-CoA; a 2,3-saturated acyl-[ACP]	fatty acid biosynthetic process; fatty acid metabolic process	6
hmgA	Q88E47	RHEA:15449	4-maleylacetoacetate; homogentisate	L-phenylalanine catabolic process; L-tyrosine catabolic process; aromatic amino acid catabolic process; proteinogenic amino acid catabolic process	2
hmgB	Q88E48	RHEA:10244	4-fumarylacetoacetate; acetoacetate; fumarate	L-phenylalanine catabolic process; L-tyrosine catabolic process; aromatic amino acid catabolic process; benzene-containing compound metabolic process; homogentisate catabolic process; phenol-containing compound catabolic process; phenol-containing compound metabolic process; proteinogenic amino acid catabolic process	14
hmgC	Q88E49	RHEA:14817;RHEA:16437	4-fumarylacetoacetate; 4-maleylacetoacetate; RX; a halide anion; an S-substituted glutathione; glutathione	L-phenylalanine catabolic process; aromatic amino acid catabolic process; glutathione metabolic process; modified amino acid metabolic process; proteinogenic amino acid catabolic process	6
moaA	Q88E69	RHEA:49576;RHEA:49580	(8S)-3',8-cyclo-7,8-dihydroguanosine 5'-triphosphate; 5'-deoxyadenosine; L-methionine; cyclic pyranopterin phosphate	Mo-molybdopterin cofactor biosynthetic process; Mo-molybdopterin cofactor metabolic process; molybdopterin cofactor biosynthetic process; molybdopterin cofactor metabolic process; prosthetic group metabolic process	13
PP_4594	Q88E72	RHEA:14005	2-oxobutanoate; L,L-cystathionine; L-cysteine	homocysteine metabolic process; non-proteinogenic amino acid metabolic process; sulfur amino acid metabolic process; transsulfuration	12
cysK	Q88E95	RHEA:14829	L-cysteine; O-acetyl-L-serine; acetate	L-cysteine biosynthetic process; serine family amino acid biosynthetic process; sulfur amino acid biosynthetic process; sulfur amino acid metabolic process	17
aceK	Q88EA1	RHEA:43540		aldehyde metabolic process; glucose metabolic process; glyoxylate cycle; glyoxylate metabolic process; hexose metabolic process; monosaccharide metabolic process; tricarboxylic acid cycle	0
PP_4545	Q88EC1	RHEA:22836;RHEA:42264	3-oxodecanoyl-[ACP]; a 3-oxoacyl-[ACP]; a fatty acyl-[ACP]; holo-[ACP]; malonyl-[ACP]; octanoyl-CoA	fatty acid biosynthetic process; fatty acid metabolic process; secondary metabolic process; secondary metabolite biosynthetic process	8
ydiJ	Q88EH0	RHEA:13521;RHEA:16369;RHEA:38295	(R)-2-hydroxyglutarate; (R)-lactate; pyruvate	lactate catabolic process; lactate metabolic process	25
phhB	Q88EH2	RHEA:11920	(4aS,6R)-4a-hydroxy-L-erythro-5,6,7,8-tetrahydrobiopterin; (6R)-L-erythro-6,7-dihydrobiopterin	alcohol biosynthetic process; alcohol metabolic process; diol biosynthetic process; diol metabolic process; polyol biosynthetic process; polyol metabolic process; pteridine-containing compound biosynthetic process; pteridine-containing compound metabolic process; tetrahydrobiopterin biosynthetic process; tetrahydrobiopterin metabolic process	1
phhA	Q88EH3	RHEA:20273	(4aS,6R)-4a-hydroxy-L-erythro-5,6,7,8-tetrahydrobiopterin; (6R)-L-erythro-5,6,7,8-tetrahydrobiopterin; L-phenylalanine; L-tyrosine	L-phenylalanine catabolic process; L-tyrosine biosynthetic process; aromatic amino acid biosynthetic process; aromatic amino acid catabolic process; erythrose 4-phosphate/phosphoenolpyruvate family amino acid biosynthetic process; proteinogenic amino acid catabolic process	6
acsA1	Q88EH6	RHEA:23176	acetate; acetyl-CoA	acetyl-CoA biosynthetic process; acetyl-CoA metabolic process; acyl-CoA biosynthetic process; acyl-CoA metabolic process	30
astA-II	Q88EI2	RHEA:15185	L-arginine; N(2)-succinyl-L-arginine; succinyl-CoA	L-arginine catabolic process; arginine metabolic process; proteinogenic amino acid catabolic process	16
astA-I	Q88EI3	RHEA:15185	L-arginine; N(2)-succinyl-L-arginine; succinyl-CoA	L-arginine catabolic process; arginine metabolic process; proteinogenic amino acid catabolic process	16
astD	Q88EI4	RHEA:10812	N-succinyl-L-glutamate; N-succinyl-L-glutamate 5-semialdehyde	L-arginine catabolic process; arginine metabolic process; proteinogenic amino acid catabolic process	1
astB	Q88EI5	RHEA:19533	N(2)-succinyl-L-arginine; N(2)-succinyl-L-ornithine	L-arginine catabolic process; arginine metabolic process; proteinogenic amino acid catabolic process	2
astE	Q88EI7	RHEA:15169	N-succinyl-L-glutamate; succinate	L-arginine catabolic process; arginine metabolic process; proteinogenic amino acid catabolic process	16
alaS	Q88EI8	RHEA:12540	L-alanine	alanyl-tRNA aminoacylation; amino acid activation; aminoacyl-tRNA metabolism involved in translational fidelity; protein biosynthetic process; tRNA aminoacylation; tRNA aminoacylation for protein translation; translation	6
PP_4452	Q88EL0	RHEA:16233	(R)-pantoate; 2-dehydropantoate	modified amino acid biosynthetic process; modified amino acid metabolic process; pantothenate biosynthetic process; pantothenate metabolic process; vitamin biosynthetic process; vitamin metabolic process; water-soluble vitamin biosynthetic process	5
gabD-II	Q88EN2	RHEA:13213;RHEA:13217	succinate; succinate semialdehyde	GABA catabolic process; non-proteinogenic amino acid catabolic process; non-proteinogenic amino acid metabolic process	17
lpdV	Q88EP9	RHEA:15045		2-oxoglutarate metabolic process; dicarboxylic acid metabolic process	0
PP_4379	Q88ES4	RHEA:12080;RHEA:22836	3-oxobutanoyl-[ACP]; a 3-oxoacyl-[ACP]; a fatty acyl-[ACP]; acetyl-CoA; holo-[ACP]; malonyl-[ACP]	fatty acid biosynthetic process; fatty acid metabolic process; secondary metabolic process; secondary metabolite biosynthetic process	32
fliI	Q88ET7	RHEA:13065;RHEA:57720		ATP biosynthetic process; ATP metabolic process; nucleoside triphosphate biosynthetic process; nucleoside triphosphate metabolic process; nucleotide biosynthetic process; proton motive force-driven ATP synthesis; purine nucleoside triphosphate biosynthetic process; purine nucleoside triphosphate metabolic process; purine nucleotide biosynthetic process; purine ribonucleoside triphosphate biosynthetic process; purine ribonucleoside triphosphate metabolic process; purine ribonucleotide biosynthetic process; purine ribonucleotide metabolic process; ribonucleoside triphosphate biosynthetic process; ribonucleotide biosynthetic process; ribonucleotide metabolic process; ribose phosphate biosynthetic process; ribose phosphate metabolic process	0
PP_4348	Q88EV4	RHEA:18121	a thiol; an S-substituted L-cysteine; pyruvate	homocysteine metabolic process; non-proteinogenic amino acid metabolic process; sulfur amino acid metabolic process; transsulfuration	24
ddlA	Q88EV6	RHEA:11224	D-alanine; D-alanyl-D-alanine	aminoglycan biosynthetic process; aminoglycan metabolic process; cell wall macromolecule biosynthetic process; cell wall macromolecule metabolic process; glycosaminoglycan biosynthetic process; glycosaminoglycan metabolic process; peptidoglycan biosynthetic process; peptidoglycan metabolic process	5
ccmA	Q88EX5	RHEA:13065;RHEA:19261	heme b		1
pyk	Q88EZ9	RHEA:18157	phosphoenolpyruvate; pyruvate	ADP catabolic process; ADP metabolic process; ATP metabolic process; carbohydrate catabolic process; carbohydrate derivative catabolic process; glycolytic process; nicotinamide nucleotide metabolic process; nucleobase-containing compound catabolic process; nucleoside diphosphate catabolic process; nucleoside diphosphate metabolic process; nucleoside phosphate catabolic process; nucleoside triphosphate metabolic process; nucleotide catabolic process; organophosphate catabolic process; purine nucleoside diphosphate catabolic process; purine nucleoside diphosphate metabolic process; purine nucleoside triphosphate metabolic process; purine nucleotide catabolic process; purine ribonucleoside diphosphate catabolic process; purine ribonucleoside diphosphate metabolic process; purine ribonucleoside triphosphate metabolic process; purine ribonucleotide catabolic process; purine ribonucleotide metabolic process; purine-containing compound catabolic process; pyridine nucleotide catabolic process; pyridine-containing compound catabolic process; pyruvate metabolic process; ribonucleoside diphosphate catabolic process; ribonucleoside diphosphate metabolic process; ribonucleotide catabolic process; ribonucleotide metabolic process; ribose phosphate metabolic process	33
hyi	Q88F02	RHEA:11952	2-hydroxy-3-oxopropanoate; 3-hydroxypyruvate	aldehyde metabolic process; glyoxylate metabolic process	1
gcl	Q88F03	RHEA:10136	2-hydroxy-3-oxopropanoate; glyoxylate	L-valine biosynthetic process; aldehyde catabolic process; aldehyde metabolic process; branched-chain amino acid biosynthetic process; branched-chain amino acid metabolic process; glyoxylate catabolic process; glyoxylate metabolic process; pyruvate family amino acid biosynthetic process	7
guaD	Q88F18	RHEA:14665	guanine; xanthine	guanine catabolic process; guanine metabolic process; nucleobase catabolic process; nucleobase metabolic process; purine nucleobase catabolic process; purine nucleobase metabolic process; purine-containing compound catabolic process	4
xdhB	Q88F20	RHEA:16669	urate; xanthine		3
xdhA	Q88F21	RHEA:16669	urate; xanthine		3
dnaX	Q88F30	RHEA:22508	a 2'-deoxyribonucleoside 5'-triphosphate	DNA biosynthetic process; DNA metabolic process; DNA replication; DNA-templated DNA replication; nucleic acid biosynthetic process	4
hemN	Q88F35	RHEA:15425;RHEA:18257	5'-deoxyadenosine; L-methionine; coproporphyrinogen III; protoporphyrinogen IX	heme biosynthetic process; heme metabolic process; pigment biosynthetic process; pigment metabolic process; porphyrin-containing compound biosynthetic process; porphyrin-containing compound metabolic process; tetrapyrrole biosynthetic process; tetrapyrrole metabolic process	14
ppnP	Q88F51	RHEA:13233;RHEA:16037;RHEA:19805;RHEA:24388	2-deoxy-alpha-D-ribose 1-phosphate; a purine D-ribonucleoside; a purine nucleobase; alpha-D-ribose 1-phosphate; guanine; guanosine; thymidine; thymine; uracil; uridine		2
pvdH	Q88F75	RHEA:11160	L-2,4-diaminobutanoate; L-aspartate 4-semialdehyde		4
pvdD	Q88F79	RHEA:30571	2,3-dihydroxybenzoate; L-serine; enterobactin	amino acid activation; amino acid activation for nonribosomal peptide biosynthetic process; antibiotic biosynthetic process; antibiotic metabolic process; catechol-containing compound biosynthetic process; catechol-containing compound metabolic process; catechol-containing siderophore biosynthetic process; enterobactin biosynthetic process; lactone biosynthetic process; lactone metabolic process; macrolide biosynthetic process; macrolide metabolic process; nonribosomal peptide biosynthetic process; peptide biosynthetic process; peptide metabolic process; phenol-containing compound biosynthetic process; phenol-containing compound metabolic process; polyketide biosynthetic process; polyketide metabolic process; secondary metabolic process; secondary metabolite biosynthetic process; siderophore biosynthetic process; siderophore metabolic process	8
pvdE	Q88F82	RHEA:13065			0
pvdT	Q88F88	RHEA:13065			0
gltA	Q88FA4	RHEA:16845	acetyl-CoA; citrate; oxaloacetate	tricarboxylic acid cycle	33
sdhA	Q88FA7	RHEA:16357;RHEA:40523	fumarate; succinate	anaerobic respiration; electron transport chain; tricarboxylic acid cycle	22
sdhB	Q88FA8	RHEA:40523	fumarate; succinate	electron transport chain; respiratory electron transport chain; tricarboxylic acid cycle	22
sucA	Q88FA9	RHEA:12188		tricarboxylic acid cycle	0
sucB	Q88FB0	RHEA:15213	succinyl-CoA	tricarboxylic acid cycle	10
lpdG	Q88FB1	RHEA:15045		2-oxoglutarate metabolic process; dicarboxylic acid metabolic process	0
sucC	Q88FB2	RHEA:17661;RHEA:22120	succinate; succinyl-CoA	acyl-CoA metabolic process; succinyl-CoA metabolic process; tricarboxylic acid cycle	22
sucD	Q88FB3	RHEA:17661;RHEA:22120	succinate; succinyl-CoA	tricarboxylic acid cycle	22
htpG	Q88FB9	RHEA:13065		protein folding; protein maturation	0
fabB	Q88FC3	RHEA:22836	a 3-oxoacyl-[ACP]; a fatty acyl-[ACP]; holo-[ACP]; malonyl-[ACP]	fatty acid biosynthetic process; fatty acid metabolic process	8
fabA	Q88FC4	RHEA:13097;RHEA:23568	(2E)-decenoyl-[ACP]; (3Z)-decenoyl-[ACP]; a (2E)-enoyl-[ACP]; a (3R)-hydroxyacyl-[ACP]	fatty acid biosynthetic process; fatty acid metabolic process; unsaturated fatty acid biosynthetic process; unsaturated fatty acid metabolic process	4
gpsA	Q88FC9	RHEA:11092;RHEA:11096	dihydroxyacetone phosphate; sn-glycerol 3-phosphate	alditol phosphate metabolic process; carbohydrate derivative catabolic process; glycerol-3-phosphate biosynthetic process; glycerol-3-phosphate catabolic process; glycerol-3-phosphate metabolic process; glycerolipid biosynthetic process; glycerolipid metabolic process; glycerophospholipid biosynthetic process; glycerophospholipid metabolic process; organophosphate catabolic process; phospholipid biosynthetic process; phospholipid metabolic process	7
kdpA	Q88FD7	RHEA:16777	CHEBI:29103		3
kdpC	Q88FD8	RHEA:16777	CHEBI:29103		3
gloB	Q88FF3	RHEA:21864	a 2-hydroxy carboxylate; an S-(2-hydroxyacyl)glutathione; glutathione	aldehyde catabolic process; aldehyde metabolic process; ketone catabolic process; ketone metabolic process; methylglyoxal catabolic process; methylglyoxal metabolic process	4
dnaQ	Q88FF6	RHEA:22508	a 2'-deoxyribonucleoside 5'-triphosphate	DNA biosynthetic process; DNA metabolic process; DNA repair; DNA replication; DNA replication proofreading; DNA-templated DNA replication; DNA-templated DNA replication maintenance of fidelity; nucleic acid biosynthetic process	4
chrR	Q88FF8	RHEA:46160;RHEA:46164			0
nuoN	Q88FG5	RHEA:29091;RHEA:46160		ATP synthesis coupled electron transport; electron transport chain; oxidative phosphorylation; respiratory electron transport chain	0
nuoM	Q88FG6	RHEA:11356;RHEA:29091		ATP synthesis coupled electron transport; electron transport chain; oxidative phosphorylation; respiratory electron transport chain	0
nuoL	Q88FG7	RHEA:11356;RHEA:29091		ATP synthesis coupled electron transport; electron transport chain; oxidative phosphorylation; respiratory electron transport chain	0
nuoK	Q88FG8	RHEA:46160		ATP synthesis coupled electron transport; electron transport chain; oxidative phosphorylation; respiratory electron transport chain	0
nuoJ	Q88FG9	RHEA:29091			0
nuoI	Q88FH0	RHEA:11356;RHEA:46160			0
nuoH	Q88FH1	RHEA:11356			0
nuoG	Q88FH2	RHEA:11356;RHEA:29091		ATP synthesis coupled electron transport; electron transport chain; oxidative phosphorylation; respiratory electron transport chain	0
nuoF	Q88FH3	RHEA:29091			0
nuoE	Q88FH4	RHEA:11356			0
nuoC	Q88FH5	RHEA:29091;RHEA:46160		electron transport chain; respiratory electron transport chain	0
nuoB	Q88FH6	RHEA:29091;RHEA:46160			0
nuoA	Q88FH7	RHEA:29091;RHEA:46160			0
aceA	Q88FI0	RHEA:13245	D-threo-isocitrate; glyoxylate; succinate		25
pgsA	Q88FJ8	RHEA:12593	a 1,2-diacyl-sn-glycero-3-phospho-(1'-sn-glycero-3'-phosphate); a CDP-1,2-diacyl-sn-glycerol; sn-glycerol 3-phosphate	glycerolipid biosynthetic process; glycerolipid metabolic process; glycerophospholipid biosynthetic process; glycerophospholipid metabolic process; phospholipid biosynthetic process; phospholipid metabolic process	5
mccA	Q88FM2	RHEA:13501			0
liuC	Q88FM3	RHEA:21536	(3S)-3-hydroxy-3-methylglutaryl-CoA; 3-methyl-(2E)-glutaconyl-CoA	isoprenoid catabolic process; isoprenoid metabolic process; lipid catabolic process	3
mccB	Q88FM4	RHEA:13589	3-methyl-(2E)-glutaconyl-CoA; 3-methylbut-2-enoyl-CoA	L-leucine catabolic process; L-leucine metabolic process; branched-chain amino acid catabolic process; branched-chain amino acid metabolic process; proteinogenic amino acid catabolic process	2
ivd	Q88FM5	RHEA:12276;RHEA:44704	3-methylbut-2-enoyl-CoA; 3-methylbutanoyl-CoA; a (2E)-enoyl-CoA; a 2,3-saturated acyl-CoA	L-leucine catabolic process; L-leucine metabolic process; branched-chain amino acid catabolic process; branched-chain amino acid metabolic process; proteinogenic amino acid catabolic process	4
treSB	Q88FN0	RHEA:15145	D-maltose; alpha,alpha-trehalose		1
treY	Q88FN6	RHEA:13621	1-[(1->4)-alpha-D-glucosyl](n-1)-alpha-D-glucose; 4-[(1->4)-alpha-D-glucosyl](n-1)-D-glucose	alpha-glucan catabolic process; alpha-glucan metabolic process; carbohydrate biosynthetic process; carbohydrate catabolic process; disaccharide biosynthetic process; disaccharide metabolic process; glucan catabolic process; glucan metabolic process; macromolecule catabolic process; oligosaccharide biosynthetic process; oligosaccharide metabolic process; polysaccharide catabolic process; polysaccharide metabolic process; trehalose biosynthetic process; trehalose metabolic process	0
glgA	Q88FN9	RHEA:18189;RHEA:18549	ADP-alpha-D-glucose; UDP-alpha-D-glucose; [(1->4)-alpha-D-glucosyl](n)	carbohydrate biosynthetic process; energy reserve metabolic process; glucan biosynthetic process; glucan metabolic process; glycogen biosynthetic process; glycogen metabolic process; polysaccharide biosynthetic process; polysaccharide metabolic process	4
gntZ	Q88FP6	RHEA:10116	6-phospho-D-gluconate; D-ribulose 5-phosphate	NADP+ metabolic process; NADPH regeneration; glucose 6-phosphate metabolic process; nicotinamide nucleotide metabolic process; pentose-phosphate shunt	6
zwfB	Q88FP7	RHEA:15841	6-phospho-D-glucono-1,5-lactone; D-glucose 6-phosphate	NADP+ metabolic process; NADPH regeneration; glucose 6-phosphate metabolic process; glucose metabolic process; hexose metabolic process; monosaccharide metabolic process; nicotinamide nucleotide metabolic process; pentose-phosphate shunt; pentose-phosphate shunt, oxidative branch	4
hyuC	Q88FQ3	RHEA:11184;RHEA:27485	(S)-2-ureidoglycine; 3-(carbamoylamino)propanoate; allantoate; beta-alanine		2
nhaB	Q88FQ6	RHEA:29251	CHEBI:29101		1
purB	Q88FR7	RHEA:16853;RHEA:23920	(2S)-2-[5-amino-1-(5-phospho-beta-D-ribosyl)imidazole-4-carboxamido]succinate; 5-amino-1-(5-phospho-beta-D-ribosyl)imidazole-4-carboxamide; N(6)-(1,2-dicarboxyethyl)-AMP; fumarate	'de novo' AMP biosynthetic process; 'de novo' IMP biosynthetic process; AMP biosynthetic process; AMP metabolic process; IMP biosynthetic process; IMP metabolic process; nucleoside monophosphate biosynthetic process; nucleoside monophosphate metabolic process; nucleotide biosynthetic process; purine nucleoside monophosphate biosynthetic process; purine nucleoside monophosphate metabolic process; purine nucleotide biosynthetic process; purine ribonucleoside monophosphate biosynthetic process; purine ribonucleoside monophosphate metabolic process; purine ribonucleotide biosynthetic process; purine ribonucleotide metabolic process; ribonucleoside monophosphate biosynthetic process; ribonucleotide biosynthetic process; ribonucleotide metabolic process; ribose phosphate biosynthetic process; ribose phosphate metabolic process	12
mnmA	Q88FR9	RHEA:47032	S-sulfanyl-L-cysteinyl-[cysteine desulfurase]	RNA biosynthetic process; RNA modification; RNA processing; macromolecule modification; nucleic acid biosynthetic process; tRNA modification; tRNA processing; tRNA thio-modification; tRNA wobble base modification; tRNA wobble position uridine thiolation; tRNA wobble uridine modification	1
idh	Q88FS1	RHEA:19629	D-threo-isocitrate	tricarboxylic acid cycle	6
icd	Q88FS2	RHEA:19629	D-threo-isocitrate	tricarboxylic acid cycle	6
pcaI	Q88FX5	RHEA:12048	3-oxoadipate; 3-oxoadipyl-CoA; succinate; succinyl-CoA	beta-ketoadipate pathway	23
nicX	Q88FY1	RHEA:27522	2,5-dihydroxypyridine; N-formylmaleamate	alkaloid catabolic process; alkaloid metabolic process; nicotinate catabolic process; nicotinate metabolic process; pyridine-containing compound catabolic process	1
nicC	Q88FY2	RHEA:27333	2,5-dihydroxypyridine; 6-hydroxynicotinate	alkaloid catabolic process; alkaloid metabolic process; nicotinate catabolic process; nicotinate metabolic process; pyridine-containing compound catabolic process	1
maiA	Q88FY4	RHEA:13169	fumarate; maleate		8
galU	Q88GA4	RHEA:19889	UDP-alpha-D-glucose; alpha-D-glucose 1-phosphate	UDP-alpha-D-glucose metabolic process; nucleotide-sugar metabolic process	7
dapF	Q88GD4	RHEA:15393	(2S,6S)-2,6-diaminopimelate; meso-2,6-diaminopimelate	L-lysine biosynthetic process; aspartate family amino acid biosynthetic process	6
proC	Q88GE6	RHEA:14109	(S)-1-pyrroline-5-carboxylate; L-proline	L-proline biosynthetic process; L-proline metabolic process; glutamate family amino acid biosynthetic process	3
PP_3768	Q88GF6	RHEA:17737	3-dehydroshikimate; shikimate	chorismate biosynthetic process; chorismate metabolic process; dicarboxylic acid biosynthetic process; dicarboxylic acid metabolic process; shikimate metabolic process	9
gloA	Q88GF8	RHEA:19069	(R)-S-lactoylglutathione; glutathione; methylglyoxal		4
glcF	Q88GH6	RHEA:15089;RHEA:21264	(R)-lactate; glycolate; glyoxylate; pyruvate	alcohol catabolic process; alcohol metabolic process; glycolate catabolic process; glycolate metabolic process; primary alcohol catabolic process; primary alcohol metabolic process	33
glcE	Q88GH7	RHEA:21264	glycolate; glyoxylate		10
glcD	Q88GH8	RHEA:16789;RHEA:21264	a (2S)-2-hydroxycarboxylate; a 2-oxocarboxylate; glycolate; glyoxylate		11
vanA	Q88GI6	RHEA:13021	3,4-dihydroxybenzoate; formaldehyde; vanillate		9
alr	Q88GJ9	RHEA:18069;RHEA:18317;RHEA:20249;RHEA:22864	D-alanine; D-arginine; D-lysine; L-alanine; L-arginine; L-lysine; a D-alpha-amino acid; an L-alpha-amino acid	D-alanine biosynthetic process; alanine biosynthetic process; non-proteinogenic amino acid biosynthetic process; non-proteinogenic amino acid metabolic process	22
catB	Q88GK6	RHEA:11032;RHEA:30031	(S)-muconolactone; 2-[(2R)-2-chloro-2,5-dihydro-5-oxofuryl]acetate; 3-chloro-cis,cis-muconate; cis,cis-muconate	peptide metabolic process	3
catC	Q88GK7	RHEA:12348	(4,5-dihydro-5-oxofuran-2-yl)-acetate; (S)-muconolactone	beta-ketoadipate pathway	3
catA-I	Q88GK8	RHEA:23852	catechol; cis,cis-muconate	beta-ketoadipate pathway; catechol-containing compound catabolic process; catechol-containing compound metabolic process; phenol-containing compound catabolic process; phenol-containing compound metabolic process	3
katG	Q88GQ0	RHEA:20309		hydrogen peroxide catabolic process; hydrogen peroxide metabolic process; reactive oxygen species metabolic process	0
pssA	Q88GQ4	RHEA:12593;RHEA:16913	L-serine; a 1,2-diacyl-sn-glycero-3-phospho-(1'-sn-glycero-3'-phosphate); a 1,2-diacyl-sn-glycero-3-phospho-L-serine; a CDP-1,2-diacyl-sn-glycerol; sn-glycerol 3-phosphate	cardiolipin biosynthetic process; cardiolipin metabolic process; glycerolipid biosynthetic process; glycerolipid metabolic process; glycerophospholipid biosynthetic process; glycerophospholipid metabolic process; phosphatidylglycerol biosynthetic process; phosphatidylglycerol metabolic process; phospholipid biosynthetic process; phospholipid metabolic process	13
PP_3602	Q88GW5	RHEA:11296	2,5-dioxopentanoate		4
garD	Q88GW6	RHEA:16005	5-dehydro-4-deoxy-D-glucarate; galactarate	D-galactarate catabolic process; D-galacturonate catabolic process; D-galacturonate metabolic process; aldaric acid catabolic process; carbohydrate catabolic process; dicarboxylic acid catabolic process; dicarboxylic acid metabolic process; galactarate metabolic process; galacturonate catabolic process; monosaccharide catabolic process; monosaccharide metabolic process	2
PP_3599	Q88GW8	RHEA:24608;RHEA:34171	(2S,4S)-4-hydroxy-2,3,4,5-tetrahydrodipicolinate; 2,5-dioxopentanoate; 5-dehydro-4-deoxy-D-glucarate; L-aspartate 4-semialdehyde; pyruvate	D-glucarate catabolic process; D-glucarate metabolic process; aldaric acid catabolic process; carbohydrate catabolic process	30
amaC	Q88GX7	RHEA:15093	3-(4-hydroxyphenyl)pyruvate; L-tyrosine		5
pgm	Q88GY7	RHEA:23536	alpha-D-glucose 1-phosphate; alpha-D-glucose 6-phosphate	glycosyl compound biosynthetic process; metabolic compound salvage; nucleobase-containing small molecule biosynthetic process; nucleoside biosynthetic process; nucleoside metabolic process; nucleoside salvage; purine nucleoside biosynthetic process; purine nucleoside metabolic process; purine ribonucleoside biosynthetic process; purine ribonucleoside metabolic process; purine ribonucleoside salvage; purine-containing compound salvage; ribonucleoside biosynthetic process; ribonucleoside metabolic process	7
PP_3571	Q88GZ4	RHEA:15941	L-ornithine; N(2)-acetyl-L-ornithine; acetate	L-arginine biosynthetic process; arginine metabolic process; glutamate family amino acid biosynthetic process	13
quiA	Q88GZ6	RHEA:23672	3-dehydroquinate; L-quinate		4
mvaB	Q88H25	RHEA:24404	(3S)-3-hydroxy-3-methylglutaryl-CoA; acetoacetate; acetyl-CoA	L-leucine catabolic process; L-leucine metabolic process; branched-chain amino acid catabolic process; branched-chain amino acid metabolic process; fatty acid derivative biosynthetic process; fatty acid derivative metabolic process; ketone body biosynthetic process; proteinogenic amino acid catabolic process	28
pobA	Q88H28	RHEA:19477	3,4-dihydroxybenzoate; 4-hydroxybenzoate	benzene-containing compound metabolic process; benzoate catabolic process; benzoate metabolic process	6
ilvE	Q88H54	RHEA:18321;RHEA:24801;RHEA:24813	(S)-3-methyl-2-oxopentanoate; 3-methyl-2-oxobutanoate; 4-methyl-2-oxopentanoate; L-isoleucine; L-leucine; L-valine	L-leucine biosynthetic process; L-leucine metabolic process; L-valine biosynthetic process; branched-chain amino acid biosynthetic process; branched-chain amino acid metabolic process; pyruvate family amino acid biosynthetic process	7
mobA	Q88HA3	RHEA:34243	Mo-molybdopterin; Mo-molybdopterin guanine dinucleotide	Mo-molybdopterin cofactor biosynthetic process; Mo-molybdopterin cofactor metabolic process; bis(molybdopterin guanine dinucleotide)molybdenum biosynthetic process; molybdopterin cofactor biosynthetic process; molybdopterin cofactor metabolic process; nucleotide biosynthetic process; prosthetic group metabolic process	1
ilvA-I	Q88HB4	RHEA:19169;RHEA:22108	2-oxobutanoate; L-serine; L-threonine; pyruvate	L-isoleucine biosynthetic process; L-serine catabolic process; L-serine metabolic process; L-threonine catabolic process; L-threonine metabolic process; aspartate family amino acid biosynthetic process; branched-chain amino acid biosynthetic process; branched-chain amino acid metabolic process; proteinogenic amino acid catabolic process	34
hpd	Q88HC7	RHEA:16189	3-(4-hydroxyphenyl)pyruvate; homogentisate	L-tyrosine catabolic process; aromatic amino acid catabolic process; proteinogenic amino acid catabolic process	4
PP_3394	Q88HG4	RHEA:24404	(3S)-3-hydroxy-3-methylglutaryl-CoA; acetoacetate; acetyl-CoA	L-leucine catabolic process; L-leucine metabolic process; branched-chain amino acid catabolic process; branched-chain amino acid metabolic process; fatty acid derivative biosynthetic process; fatty acid derivative metabolic process; ketone body biosynthetic process; proteinogenic amino acid catabolic process	28
PP_3384	Q88HH4	RHEA:12769	2-dehydro-D-gluconate; D-gluconate		3
PP_3383	Q88HH5	RHEA:12769	2-dehydro-D-gluconate; D-gluconate		3
PP_3382	Q88HH6	RHEA:12769	2-dehydro-D-gluconate; D-gluconate		3
kguK	Q88HH9	RHEA:10788	2-dehydro-D-gluconate; 6-phospho-2-dehydro-D-gluconate		3
ptxD	Q88HI1	RHEA:10992;RHEA:13173	glycolate; glyoxylate; phosphite		10
vdh	Q88HJ9	RHEA:13309	vanillate; vanillin		1
fcs	Q88HK0	RHEA:48340	a medium-chain fatty acid; a medium-chain fatty acyl-CoA	fatty acid metabolic process	1
folE2	Q88HM9	RHEA:17473	7,8-dihydroneopterin 3'-triphosphate; formate	folic acid-containing compound biosynthetic process; folic acid-containing compound metabolic process; modified amino acid biosynthetic process; modified amino acid metabolic process; pteridine-containing compound biosynthetic process; pteridine-containing compound metabolic process; tetrahydrofolate biosynthetic process; tetrahydrofolate metabolic process	3
hemBB	Q88HN1	RHEA:24064	5-aminolevulinate; porphobilinogen	heme biosynthetic process; heme metabolic process; pigment biosynthetic process; pigment metabolic process; porphyrin-containing compound biosynthetic process; porphyrin-containing compound metabolic process; tetrapyrrole biosynthetic process; tetrapyrrole metabolic process	3
PP_3303	Q88HQ0	RHEA:22836	a 3-oxoacyl-[ACP]; a fatty acyl-[ACP]; holo-[ACP]; malonyl-[ACP]	fatty acid biosynthetic process; fatty acid metabolic process	8
paaH	Q88HS1	RHEA:16197;RHEA:22432	(3S)-3-hydroxybutanoyl-CoA; a (3S)-3-hydroxyacyl-CoA; a 3-oxoacyl-CoA; acetoacetyl-CoA	benzene-containing compound metabolic process; fatty acid beta-oxidation; fatty acid catabolic process; fatty acid metabolic process; fatty acid oxidation; lipid catabolic process; lipid modification; lipid oxidation; phenylacetate catabolic process; xenobiotic catabolic process; xenobiotic metabolic process	6
paaJ	Q88HS3	RHEA:19481;RHEA:21036;RHEA:21564	3-oxoadipyl-CoA; a 3-oxoacyl-CoA; acetoacetyl-CoA; acetyl-CoA; an acyl-CoA; succinyl-CoA	3,4-dihydroxybenzoate catabolic process; 3,4-dihydroxybenzoate metabolic process; benzene-containing compound metabolic process; catechol-containing compound catabolic process; catechol-containing compound metabolic process; fatty acid beta-oxidation; fatty acid catabolic process; fatty acid metabolic process; fatty acid oxidation; lipid catabolic process; lipid modification; lipid oxidation; phenol-containing compound catabolic process; phenol-containing compound metabolic process; phenylacetate catabolic process; xenobiotic catabolic process; xenobiotic metabolic process	35
paaK	Q88HS4	RHEA:20956	2-phenylacetate; phenylacetyl-CoA	benzene-containing compound metabolic process; phenylacetate catabolic process; xenobiotic catabolic process; xenobiotic metabolic process	4
paaA	Q88HS5	RHEA:32171	2-(1,2-epoxy-1,2-dihydrophenyl)acetyl-CoA; phenylacetyl-CoA	benzene-containing compound metabolic process; phenylacetate catabolic process; xenobiotic catabolic process; xenobiotic metabolic process	4
paaB	Q88HS6	RHEA:32171	2-(1,2-epoxy-1,2-dihydrophenyl)acetyl-CoA; phenylacetyl-CoA		4
paaC	Q88HS7	RHEA:32171	2-(1,2-epoxy-1,2-dihydrophenyl)acetyl-CoA; phenylacetyl-CoA	benzene-containing compound metabolic process; phenylacetate catabolic process; xenobiotic catabolic process; xenobiotic metabolic process	4
paaE	Q88HS9	RHEA:32171	2-(1,2-epoxy-1,2-dihydrophenyl)acetyl-CoA; phenylacetyl-CoA	benzene-containing compound metabolic process; phenylacetate catabolic process; xenobiotic catabolic process; xenobiotic metabolic process	4
clsB	Q88HT9	RHEA:31451	a 1,2-diacyl-sn-glycero-3-phospho-(1'-sn-glycerol); a cardiolipin; glycerol	cardiolipin biosynthetic process; cardiolipin metabolic process; glycerolipid biosynthetic process; glycerolipid metabolic process; glycerophospholipid biosynthetic process; glycerophospholipid metabolic process; phosphatidylglycerol biosynthetic process; phosphatidylglycerol metabolic process; phospholipid biosynthetic process; phospholipid metabolic process	4
PP_3253	Q88HV0	RHEA:13285	L-cysteine; gamma-L-glutamyl-L-cysteine	modified amino acid biosynthetic process; modified amino acid metabolic process	11
catA-II	Q88I35	RHEA:23852	catechol; cis,cis-muconate	beta-ketoadipate pathway; catechol-containing compound catabolic process; catechol-containing compound metabolic process; phenol-containing compound catabolic process; phenol-containing compound metabolic process	3
benD	Q88I37	RHEA:11560	(1R,6S)-1,6-dihydroxycyclohexa-2,4-diene-1-carboxylate; catechol	fatty acid biosynthetic process; fatty acid elongation; fatty acid metabolic process	5
benC	Q88I38	RHEA:12633;RHEA:16521	(1R,6S)-1,6-dihydroxycyclohexa-2,4-diene-1-carboxylate; benzoate		3
benB	Q88I39	RHEA:12633	(1R,6S)-1,6-dihydroxycyclohexa-2,4-diene-1-carboxylate; benzoate	3-phenylpropionate catabolic process; benzene-containing compound metabolic process; xenobiotic catabolic process; xenobiotic metabolic process	3
benA	Q88I40	RHEA:12633	(1R,6S)-1,6-dihydroxycyclohexa-2,4-diene-1-carboxylate; benzoate		3
PP_3157	Q88I44	RHEA:14465	L-histidinol; L-histidinol phosphate	L-histidine biosynthetic process; aromatic amino acid biosynthetic process; imidazole-containing compound metabolic process	3
sad-II	Q88I50	RHEA:13217	succinate; succinate semialdehyde		17
galE	Q88I72	RHEA:22168	UDP-alpha-D-galactose; UDP-alpha-D-glucose	beta-D-galactose catabolic process via UDP-galactose, Leloir pathway; carbohydrate catabolic process; galactose catabolic process; galactose metabolic process; hexose catabolic process; hexose metabolic process; monosaccharide catabolic process; monosaccharide metabolic process	3
dnaE2	Q88I82	RHEA:22508	a 2'-deoxyribonucleoside 5'-triphosphate	DNA biosynthetic process; DNA metabolic process; DNA repair; DNA replication; nucleic acid biosynthetic process	4
puuD	Q88IA0	RHEA:21368	5-hydroxyisourate; urate		2
clpV	Q88IA4	RHEA:13065			0
PP_3087	Q88IB2	RHEA:13065			0
aroF-II	Q88IB9	RHEA:14717	7-phospho-2-dehydro-3-deoxy-D-arabino-heptonate; D-erythrose 4-phosphate; phosphoenolpyruvate	aromatic amino acid biosynthetic process; chorismate biosynthetic process; chorismate metabolic process; dicarboxylic acid biosynthetic process; dicarboxylic acid metabolic process	16
hbdH	Q88IC6	RHEA:20521	(R)-3-hydroxybutanoate; acetoacetate		5
aacs	Q88IC8	RHEA:16117	acetoacetate; acetoacetyl-CoA		9
aroQ-III	Q88IJ6	RHEA:21096	3-dehydroquinate; 3-dehydroshikimate	chorismate biosynthetic process; chorismate metabolic process; dicarboxylic acid biosynthetic process; dicarboxylic acid metabolic process; quinate catabolic process	10
aroE	Q88IJ7	RHEA:17737	3-dehydroshikimate; shikimate	chorismate biosynthetic process; chorismate metabolic process; dicarboxylic acid biosynthetic process; dicarboxylic acid metabolic process; shikimate metabolic process	9
PP_2998	Q88IK1	RHEA:16233	(R)-pantoate; 2-dehydropantoate	modified amino acid biosynthetic process; modified amino acid metabolic process; pantothenate biosynthetic process; pantothenate metabolic process; vitamin biosynthetic process; vitamin metabolic process; water-soluble vitamin biosynthetic process	5
nspC	Q88IS0	RHEA:15101	L-lysine; meso-2,6-diaminopimelate	amine biosynthetic process; amine metabolic process; biogenic amine biosynthetic process; biogenic amine metabolic process; nor-spermidine biosynthetic process; nor-spermidine metabolic process; polyamine biosynthetic process; polyamine metabolic process	8
mqo3	Q88IS4	RHEA:21252;RHEA:46012	(S)-2-hydroxyglutarate; (S)-malate; oxaloacetate	tricarboxylic acid cycle	11
treSA	Q88IT1	RHEA:15145	D-maltose; alpha,alpha-trehalose		1
hemB	Q88IT6	RHEA:24064	5-aminolevulinate; porphobilinogen	heme biosynthetic process; heme metabolic process; pigment biosynthetic process; pigment metabolic process; porphyrin-containing compound biosynthetic process; porphyrin-containing compound metabolic process; tetrapyrrole biosynthetic process; tetrapyrrole metabolic process	3
glaH	Q88IU0	RHEA:13821	(S)-2-hydroxyglutarate; glutarate; succinate	L-lysine catabolic process; proteinogenic amino acid catabolic process	18
cysS	Q88IU4	RHEA:17773	L-cysteine	amino acid activation; cysteinyl-tRNA aminoacylation; protein biosynthetic process; tRNA aminoacylation; tRNA aminoacylation for protein translation; translation	10
glnS	Q88IU5	RHEA:20121		amino acid activation; glutaminyl-tRNA aminoacylation; glutamyl-tRNA aminoacylation; protein biosynthetic process; tRNA aminoacylation; tRNA aminoacylation for protein translation; translation	0
ampC	Q88IX3	RHEA:20401	a beta-lactam; a substituted beta-amino acid	antibiotic catabolic process; antibiotic metabolic process	0
uppP	Q88IY7	RHEA:28094	di-trans,octa-cis-undecaprenyl diphosphate; di-trans,octa-cis-undecaprenyl phosphate		3
ureG	Q88J00	RHEA:19669		nitrogen cycle metabolic process; urea catabolic process; urea metabolic process	0
ureC	Q88J04	RHEA:20557	urea	nitrogen cycle metabolic process; urea catabolic process; urea metabolic process	3
ureB	Q88J05	RHEA:20557	urea	nitrogen cycle metabolic process; urea catabolic process; urea metabolic process	3
ureA	Q88J06	RHEA:20557	urea	nitrogen cycle metabolic process; urea catabolic process; urea metabolic process	3
metE	Q88JF1	RHEA:21196	5-methyltetrahydropteroyltri-L-glutamate; L-homocysteine; L-methionine; tetrahydropteroyltri-L-glutamate		13
aldB-II	Q88JG9	RHEA:16185	a carboxylate; an aldehyde		7
pedH	Q88JH0	RHEA:51020	a primary alcohol; an aldehyde		5
pedE	Q88JH5	RHEA:51020	a primary alcohol; an aldehyde		5
pstB1	Q88JJ0	RHEA:13065;RHEA:24440			0
gbd	Q88JJ9	RHEA:23948	4-hydroxybutanoate; succinate semialdehyde		5
dapA	Q88JL0	RHEA:34171	(2S,4S)-4-hydroxy-2,3,4,5-tetrahydrodipicolinate; L-aspartate 4-semialdehyde; pyruvate	L-lysine biosynthetic process; aspartate family amino acid biosynthetic process	25
bcsA	Q88JL4	RHEA:19929	CHEBI:18246; UDP-alpha-D-glucose	UDP-alpha-D-glucose metabolic process; nucleotide-sugar metabolic process	3
PP_2608	Q88JP1	RHEA:17737	3-dehydroshikimate; shikimate	chorismate biosynthetic process; chorismate metabolic process; dicarboxylic acid biosynthetic process; dicarboxylic acid metabolic process; shikimate metabolic process	9
PP_2585	Q88JR4	RHEA:11296	2,5-dioxopentanoate		4
quiC1	Q88JU3	RHEA:24848	3,4-dihydroxybenzoate; 3-dehydroshikimate	3,4-dihydroxybenzoate biosynthetic process; 3,4-dihydroxybenzoate metabolic process; benzene-containing compound metabolic process; catechol-containing compound biosynthetic process; catechol-containing compound metabolic process; phenol-containing compound biosynthetic process; phenol-containing compound metabolic process; quinate catabolic process; shikimate catabolic process; shikimate metabolic process	12
PP_2528	Q88JW9	RHEA:14829;RHEA:27822	L-cysteine; L-homocysteine; O-acetyl-L-homoserine; O-acetyl-L-serine; acetate	'de novo' L-methionine biosynthetic process; L-cysteine biosynthetic process; L-homocysteine biosynthetic process; L-methionine biosynthetic process; L-methionine metabolic process; aspartate family amino acid biosynthetic process; homocysteine metabolic process; non-proteinogenic amino acid biosynthetic process; non-proteinogenic amino acid metabolic process; serine family amino acid biosynthetic process; sulfur amino acid biosynthetic process; sulfur amino acid metabolic process; transsulfuration	22
galA	Q88JX5	RHEA:28927	(1E)-4-oxobut-1-ene-1,2,4-tricarboxylate; 3,4,5-trihydroxybenzoate	benzene-containing compound metabolic process; gallate catabolic process; phenol-containing compound catabolic process; phenol-containing compound metabolic process	0
galB	Q88JX8	RHEA:17401	2-hydroxy-4-oxobutane-1,2,4-tricarboxylate; 4-carboxy-2-hydroxy-cis,cis-muconate	benzene-containing compound metabolic process; gallate catabolic process; phenol-containing compound catabolic process; phenol-containing compound metabolic process	0
sad-I	Q88K05	RHEA:13217	succinate; succinate semialdehyde		17
PP_2482	Q88K11	RHEA:49576;RHEA:49580	(8S)-3',8-cyclo-7,8-dihydroguanosine 5'-triphosphate; 5'-deoxyadenosine; L-methionine; cyclic pyranopterin phosphate	Mo-molybdopterin cofactor biosynthetic process; Mo-molybdopterin cofactor metabolic process; molybdopterin cofactor biosynthetic process; molybdopterin cofactor metabolic process; prosthetic group metabolic process	13
pheT	Q88K22	RHEA:19413	L-phenylalanine	amino acid activation; phenylalanyl-tRNA aminoacylation; protein biosynthetic process; tRNA aminoacylation; tRNA aminoacylation for protein translation; translation	2
pheS	Q88K23	RHEA:19413	L-phenylalanine	amino acid activation; phenylalanyl-tRNA aminoacylation; protein biosynthetic process; tRNA aminoacylation; tRNA aminoacylation for protein translation; translation	2
thrS	Q88K27	RHEA:24624	L-threonine	amino acid activation; protein biosynthetic process; tRNA aminoacylation; tRNA aminoacylation for protein translation; threonyl-tRNA aminoacylation; translation	3
rbsK	Q88K34	RHEA:13697	D-ribose; D-ribose 5-phosphate	D-ribose catabolic process; D-ribose metabolic process; carbohydrate catabolic process; carbohydrate phosphorylation; monosaccharide catabolic process; monosaccharide metabolic process; pentose catabolic process; pentose metabolic process; phosphate-containing compound metabolic process; phosphorylation	1
rbsA-I	Q88K37	RHEA:13065			0
ahpC	Q88K52	RHEA:10008;RHEA:62628	a hydroperoxide; an alcohol	hydrogen peroxide catabolic process; hydrogen peroxide metabolic process; reactive oxygen species metabolic process	2
calA	Q88K65	RHEA:22444	(E)-coniferaldehyde; (E)-coniferol		0
aroQ2	Q88K84	RHEA:21096	3-dehydroquinate; 3-dehydroshikimate	chorismate biosynthetic process; chorismate metabolic process; dicarboxylic acid biosynthetic process; dicarboxylic acid metabolic process; quinate catabolic process	10
aroE	Q88K85	RHEA:17737	3-dehydroshikimate; shikimate	chorismate biosynthetic process; chorismate metabolic process; dicarboxylic acid biosynthetic process; dicarboxylic acid metabolic process; shikimate metabolic process	9
metH	Q88KB5	RHEA:11172	(6S)-5,6,7,8-tetrahydrofolate; (6S)-5-methyl-5,6,7,8-tetrahydrofolate; L-homocysteine; L-methionine	L-methionine biosynthetic process; L-methionine metabolic process; L-methionine salvage; amino acid salvage; aspartate family amino acid biosynthetic process; folic acid-containing compound metabolic process; homocysteine metabolic process; metabolic compound salvage; modified amino acid metabolic process; non-proteinogenic amino acid metabolic process; pteridine-containing compound metabolic process; sulfur amino acid biosynthetic process; sulfur amino acid metabolic process; tetrahydrofolate metabolic process	22
prpE	Q88KD9	RHEA:20373	propanoate; propanoyl-CoA		1
acnB	Q88KF1	RHEA:10336;RHEA:17941	(2S,3R)-3-hydroxybutane-1,2,3-tricarboxylate; 2-methyl-cis-aconitate; D-threo-isocitrate; citrate	tricarboxylic acid cycle	9
prpD	Q88KF2	RHEA:17725	(2S,3S)-2-methylcitrate; 2-methyl-cis-aconitate	fatty acid catabolic process; fatty acid metabolic process; lipid catabolic process; propionate catabolic process; propionate metabolic process; short-chain fatty acid catabolic process; short-chain fatty acid metabolic process	2
acnA-II	Q88KF4	RHEA:10336	D-threo-isocitrate; citrate	fatty acid catabolic process; fatty acid metabolic process; lipid catabolic process; propionate catabolic process; propionate metabolic process; short-chain fatty acid catabolic process; short-chain fatty acid metabolic process	8
prpC	Q88KF5	RHEA:16845;RHEA:23780	(2S,3S)-2-methylcitrate; acetyl-CoA; citrate; oxaloacetate; propanoyl-CoA	tricarboxylic acid cycle	35
prpB	Q88KF6	RHEA:13245;RHEA:16809	(2S,3R)-3-hydroxybutane-1,2,3-tricarboxylate; D-threo-isocitrate; glyoxylate; pyruvate; succinate	fatty acid catabolic process; fatty acid metabolic process; lipid catabolic process; propionate catabolic process; propionate metabolic process; short-chain fatty acid catabolic process; short-chain fatty acid metabolic process	48
cysH	Q88KG2	RHEA:11724;RHEA:21976	3'-phosphoadenylyl sulfate; adenosine 3',5'-bisphosphate; adenosine 5'-phosphosulfate	L-cysteine biosynthetic process; hydrogen sulfide biosynthetic process; hydrogen sulfide metabolic process; serine family amino acid biosynthetic process; sulfur amino acid biosynthetic process; sulfur amino acid metabolic process	2
PP_2325	Q88KG5	RHEA:16233	(R)-pantoate; 2-dehydropantoate	modified amino acid biosynthetic process; modified amino acid metabolic process; pantothenate biosynthetic process; pantothenate metabolic process; vitamin biosynthetic process; vitamin metabolic process; water-soluble vitamin biosynthetic process	5
aroF-I	Q88KG6	RHEA:14717	7-phospho-2-dehydro-3-deoxy-D-arabino-heptonate; D-erythrose 4-phosphate; phosphoenolpyruvate	aromatic amino acid biosynthetic process; chorismate biosynthetic process; chorismate metabolic process; dicarboxylic acid biosynthetic process; dicarboxylic acid metabolic process	16
PP_2320	Q88KH0	RHEA:28783	L-cysteine; L-cysteinylglycine; glycine	aminoglycan biosynthetic process; aminoglycan metabolic process; cell wall macromolecule biosynthetic process; cell wall macromolecule metabolic process; glycosaminoglycan biosynthetic process; glycosaminoglycan metabolic process; peptidoglycan biosynthetic process; peptidoglycan metabolic process; peptidoglycan-protein cross-linking	21
lon-II	Q88KI8	RHEA:13065		macromolecule catabolic process; protein catabolic process; protein quality control for misfolded or incompletely synthesized proteins; proteolysis	0
clpX	Q88KI9	RHEA:13065		protein folding; protein maturation	0
tig	Q88KJ1	RHEA:16237		'de novo' cotranslational protein folding; 'de novo' protein folding; protein folding; protein maturation	0
folD2	Q88KM5	RHEA:22812;RHEA:23700	(6R)-10-formyltetrahydrofolate; (6R)-5,10-methenyltetrahydrofolate; (6R)-5,10-methylene-5,6,7,8-tetrahydrofolate	folic acid-containing compound biosynthetic process; folic acid-containing compound metabolic process; modified amino acid biosynthetic process; modified amino acid metabolic process; one-carbon metabolic process; pteridine-containing compound biosynthetic process; pteridine-containing compound metabolic process; tetrahydrofolate biosynthetic process; tetrahydrofolate interconversion; tetrahydrofolate metabolic process	11
PP_2213	Q88KS6	RHEA:22896;RHEA:48340	a long-chain fatty acyl-CoA; a medium-chain fatty acid; a medium-chain fatty acyl-CoA; acetyl-CoA; malonyl-CoA	acyl-CoA metabolic process; fatty acid biosynthetic process; fatty acid metabolic process	25
phnW	Q88KT0	RHEA:17021	(2-aminoethyl)phosphonate; L-alanine; phosphonoacetaldehyde; pyruvate	organic phosphonate catabolic process; organic phosphonate metabolic process	31
phnX	Q88KT1	RHEA:14369;RHEA:18905	2-phosphoglycolate; acetaldehyde; glycolate; phosphonoacetaldehyde	DNA metabolic process; DNA repair; organic phosphonate catabolic process; organic phosphonate metabolic process	10
speB	Q88KU3	RHEA:13929	agmatine; putrescine; urea		7
miaE	Q88KV1	RHEA:65812		RNA biosynthetic process; RNA modification; RNA processing; macromolecule modification; nucleic acid biosynthetic process; tRNA modification; tRNA processing	0
puuA-I	Q88KW1	RHEA:13633;RHEA:16169	gamma-L-glutamylputrescine; putrescine	amine catabolic process; amine metabolic process; biogenic amine catabolic process; biogenic amine metabolic process; polyamine catabolic process; polyamine metabolic process	3
tal	Q88KX1	RHEA:17053	D-erythrose 4-phosphate; D-glyceraldehyde 3-phosphate; D-sedoheptulose 7-phosphate; beta-D-fructose 6-phosphate	NADP+ metabolic process; NADPH regeneration; glucose 6-phosphate metabolic process; nicotinamide nucleotide metabolic process; pentose-phosphate shunt	16
queF	Q88KX9	RHEA:13409	7-aminomethyl-7-carbaguanine; 7-cyano-7-carbaguanine	RNA biosynthetic process; RNA modification; RNA processing; macromolecule modification; nucleic acid biosynthetic process; tRNA modification; tRNA processing; tRNA queuosine(34) biosynthetic process; tRNA wobble base modification; tRNA wobble guanine modification	0
lolD	Q88KY4	RHEA:13065			0
gapB	Q88KZ0	RHEA:10300	(2R)-3-phospho-glyceroyl phosphate; D-glyceraldehyde 3-phosphate	glucose metabolic process; hexose metabolic process; monosaccharide metabolic process	9
mfd	Q88KZ1	RHEA:13065		DNA metabolic process; DNA repair; nucleotide-excision repair; nucleotide-excision repair, DNA damage recognition; transcription-coupled nucleotide-excision repair; transcription-coupled nucleotide-excision repair, DNA damage recognition	0
fadA	Q88L01	RHEA:21564	a 3-oxoacyl-CoA; acetyl-CoA; an acyl-CoA	benzene-containing compound metabolic process; fatty acid beta-oxidation; fatty acid catabolic process; fatty acid metabolic process; fatty acid oxidation; lipid catabolic process; lipid modification; lipid oxidation; phenylacetate catabolic process; xenobiotic catabolic process; xenobiotic metabolic process	26
fadB	Q88L02	RHEA:21760;RHEA:22432;RHEA:33767;RHEA:45900;RHEA:52656	(3R)-3-hydroxybutanoyl-CoA; (3S)-3-hydroxybutanoyl-CoA; a (2E)-enoyl-CoA; a (3S)-3-hydroxyacyl-CoA; a (3Z)-enoyl-CoA; a 3-hydroxy-fatty acyl-CoA; a 3-oxoacyl-CoA; a 4-saturated (2E)-enoyl-CoA; a long-chain (3S)-3-hydroxy fatty acyl-CoA; a long-chain 3-oxo-fatty acyl-CoA	fatty acid beta-oxidation; fatty acid catabolic process; fatty acid metabolic process; fatty acid oxidation; lipid catabolic process; lipid modification; lipid oxidation	7
moeA	Q88L14	RHEA:35047	Mo-molybdopterin; adenylyl-molybdopterin; molybdate	Mo-molybdopterin cofactor biosynthetic process; Mo-molybdopterin cofactor metabolic process; molybdopterin cofactor biosynthetic process; molybdopterin cofactor metabolic process; prosthetic group metabolic process	1
pdxB	Q88L20	RHEA:18829	(R)-3-hydroxy-2-oxo-4-phosphooxybutanoate; 4-phospho-D-erythronate	'de novo' pyridoxal 5'-phosphate biosynthetic process; aldehyde biosynthetic process; aldehyde metabolic process; pyridine-containing compound biosynthetic process; pyridoxal 5'-phosphate biosynthetic process; pyridoxal 5'-phosphate metabolic process; pyridoxine biosynthetic process; pyridoxine metabolic process; vitamin B6 biosynthetic process; vitamin B6 metabolic process; vitamin biosynthetic process; vitamin metabolic process; water-soluble vitamin biosynthetic process	1
acnA-I	Q88L24	RHEA:10336	D-threo-isocitrate; citrate	tricarboxylic acid cycle	8
ppsA	Q88L53	RHEA:11364	phosphoenolpyruvate; pyruvate	carbohydrate biosynthetic process; gluconeogenesis; glucose metabolic process; hexose biosynthetic process; hexose metabolic process; monosaccharide biosynthetic process; monosaccharide metabolic process	33
lysA-I	Q88L58	RHEA:15101	L-lysine; meso-2,6-diaminopimelate	L-lysine biosynthetic process; aspartate family amino acid biosynthetic process	8
purF	Q88LD5	RHEA:14905	5-phospho-alpha-D-ribose 1-diphosphate; 5-phospho-beta-D-ribosylamine	'de novo' IMP biosynthetic process; IMP biosynthetic process; IMP metabolic process; L-glutamine metabolic process; nucleobase biosynthetic process; nucleobase metabolic process; nucleoside monophosphate biosynthetic process; nucleoside monophosphate metabolic process; nucleotide biosynthetic process; purine nucleobase biosynthetic process; purine nucleobase metabolic process; purine nucleoside monophosphate biosynthetic process; purine nucleoside monophosphate metabolic process; purine nucleotide biosynthetic process; purine ribonucleoside monophosphate biosynthetic process; purine ribonucleoside monophosphate metabolic process; purine ribonucleotide biosynthetic process; purine ribonucleotide metabolic process; ribonucleoside monophosphate biosynthetic process; ribonucleotide biosynthetic process; ribonucleotide metabolic process; ribose phosphate biosynthetic process; ribose phosphate metabolic process	7
accD	Q88LD9	RHEA:11308	acetyl-CoA; malonyl-CoA	acyl-CoA biosynthetic process; acyl-CoA metabolic process; fatty acid biosynthetic process; fatty acid metabolic process; malonyl-CoA biosynthetic process; malonyl-CoA metabolic process	24
trpF	Q88LE0	RHEA:21540	1-(2-carboxyphenylamino)-1-deoxy-D-ribulose 5-phosphate; N-(5-phospho-beta-D-ribosyl)anthranilate	L-tryptophan biosynthetic process; amine biosynthetic process; amine metabolic process; aromatic amino acid biosynthetic process; biogenic amine biosynthetic process; biogenic amine metabolic process; erythrose 4-phosphate/phosphoenolpyruvate family amino acid biosynthetic process; indolalkylamine biosynthetic process; indole-containing compound biosynthetic process; indole-containing compound metabolic process	2
leuB	Q88LE5	RHEA:32271	(2R,3S)-3-isopropylmalate; 4-methyl-2-oxopentanoate	L-leucine biosynthetic process; L-leucine metabolic process; branched-chain amino acid biosynthetic process; branched-chain amino acid metabolic process; pyruvate family amino acid biosynthetic process	3
leuD	Q88LE7	RHEA:32287	(2R,3S)-3-isopropylmalate; (2S)-2-isopropylmalate	L-leucine biosynthetic process; L-leucine metabolic process; branched-chain amino acid biosynthetic process; branched-chain amino acid metabolic process; pyruvate family amino acid biosynthetic process	3
leuC	Q88LE8	RHEA:32287	(2R,3S)-3-isopropylmalate; (2S)-2-isopropylmalate	L-leucine biosynthetic process; L-leucine metabolic process; branched-chain amino acid biosynthetic process; branched-chain amino acid metabolic process; pyruvate family amino acid biosynthetic process	3
gltX	Q88LF6	RHEA:23540		amino acid activation; glutamyl-tRNA aminoacylation; protein biosynthetic process; tRNA aminoacylation; tRNA aminoacylation for protein translation; translation	0
uvrB	Q88LF9	RHEA:13065		DNA metabolic process; DNA repair; nucleotide-excision repair	0
tyrB	Q88LG1	RHEA:15093	3-(4-hydroxyphenyl)pyruvate; L-tyrosine		5
PP_1969	Q88LG4	RHEA:49576;RHEA:49580	(8S)-3',8-cyclo-7,8-dihydroguanosine 5'-triphosphate; 5'-deoxyadenosine; L-methionine; cyclic pyranopterin phosphate	Mo-molybdopterin cofactor biosynthetic process; Mo-molybdopterin cofactor metabolic process; molybdopterin cofactor biosynthetic process; molybdopterin cofactor metabolic process; prosthetic group metabolic process	13
folD1	Q88LI7	RHEA:22812;RHEA:23700	(6R)-10-formyltetrahydrofolate; (6R)-5,10-methenyltetrahydrofolate; (6R)-5,10-methylene-5,6,7,8-tetrahydrofolate	folic acid-containing compound biosynthetic process; folic acid-containing compound metabolic process; modified amino acid biosynthetic process; modified amino acid metabolic process; one-carbon metabolic process; pteridine-containing compound biosynthetic process; pteridine-containing compound metabolic process; tetrahydrofolate biosynthetic process; tetrahydrofolate interconversion; tetrahydrofolate metabolic process	11
fabF	Q88LL4	RHEA:22836	a 3-oxoacyl-[ACP]; a fatty acyl-[ACP]; holo-[ACP]; malonyl-[ACP]	fatty acid biosynthetic process; fatty acid metabolic process	8
fabG	Q88LL6	RHEA:17397	a (3R)-hydroxyacyl-[ACP]; a 3-oxoacyl-[ACP]	fatty acid biosynthetic process; fatty acid elongation; fatty acid metabolic process	7
PP_1907	Q88LM3	RHEA:14369	2-phosphoglycolate; glycolate	DNA metabolic process; DNA repair	7
murB	Q88LM5	RHEA:12248	UDP-N-acetyl-3-O-(1-carboxyvinyl)-alpha-D-glucosamine; UDP-N-acetyl-alpha-D-muramate	aminoglycan biosynthetic process; aminoglycan metabolic process; cell wall macromolecule biosynthetic process; cell wall macromolecule metabolic process; glycosaminoglycan biosynthetic process; glycosaminoglycan metabolic process; peptidoglycan biosynthetic process; peptidoglycan metabolic process	3
kdsB	Q88LM7	RHEA:23448	3-deoxy-alpha-D-manno-oct-2-ulosonate; CMP-3-deoxy-beta-D-manno-octulosonate	CMP-keto-3-deoxy-D-manno-octulosonic acid biosynthetic process; carbohydrate biosynthetic process; lipopolysaccharide biosynthetic process; lipopolysaccharide metabolic process; liposaccharide metabolic process; nucleotide-sugar biosynthetic process; nucleotide-sugar metabolic process; polysaccharide biosynthetic process; polysaccharide metabolic process	1
fadE	Q88LN6	RHEA:14477;RHEA:17721;RHEA:44704	a (2E)-enoyl-CoA; a 2,3-saturated acyl-CoA; a long-chain (2E)-enoyl-CoA; a long-chain 2,3-saturated fatty acyl-CoA; a medium-chain (2E)-enoyl-CoA; a medium-chain 2,3-saturated fatty acyl-CoA	fatty acid beta-oxidation; fatty acid beta-oxidation using acyl-CoA dehydrogenase; fatty acid catabolic process; fatty acid metabolic process; fatty acid oxidation; lipid catabolic process; lipid modification; lipid oxidation	3
aroH	Q88LR3	RHEA:14717	7-phospho-2-dehydro-3-deoxy-D-arabino-heptonate; D-erythrose 4-phosphate; phosphoenolpyruvate	aromatic amino acid biosynthetic process	16
earP	Q88LS1	RHEA:66692	dTDP; dTDP-beta-L-rhamnose		2
PP_1852	Q88LS6	RHEA:22564	a (2E)-enoyl-[ACP]; a 2,3-saturated acyl-[ACP]		3
aroC	Q88LU7	RHEA:21020	5-O-(1-carboxyvinyl)-3-phosphoshikimate; chorismate	aromatic amino acid biosynthetic process; chorismate biosynthetic process; chorismate metabolic process; dicarboxylic acid biosynthetic process; dicarboxylic acid metabolic process	5
pgi1	Q88LW9	RHEA:11816	alpha-D-glucose 6-phosphate; beta-D-fructose 6-phosphate	ADP catabolic process; ADP metabolic process; ATP metabolic process; carbohydrate biosynthetic process; carbohydrate catabolic process; carbohydrate derivative catabolic process; gluconeogenesis; glucose 6-phosphate metabolic process; glucose metabolic process; glycolytic process; hexose biosynthetic process; hexose metabolic process; monosaccharide biosynthetic process; monosaccharide metabolic process; nicotinamide nucleotide metabolic process; nucleobase-containing compound catabolic process; nucleoside diphosphate catabolic process; nucleoside diphosphate metabolic process; nucleoside phosphate catabolic process; nucleoside triphosphate metabolic process; nucleotide catabolic process; organophosphate catabolic process; purine nucleoside diphosphate catabolic process; purine nucleoside diphosphate metabolic process; purine nucleoside triphosphate metabolic process; purine nucleotide catabolic process; purine ribonucleoside diphosphate catabolic process; purine ribonucleoside diphosphate metabolic process; purine ribonucleoside triphosphate metabolic process; purine ribonucleotide catabolic process; purine ribonucleotide metabolic process; purine-containing compound catabolic process; pyridine nucleotide catabolic process; pyridine-containing compound catabolic process; pyruvate metabolic process; ribonucleoside diphosphate catabolic process; ribonucleoside diphosphate metabolic process; ribonucleotide catabolic process; ribonucleotide metabolic process; ribose phosphate metabolic process	6
kdsA2	Q88LX0	RHEA:14053	3-deoxy-alpha-D-manno-2-octulosonate-8-phosphate; D-arabinose 5-phosphate; phosphoenolpyruvate	carbohydrate biosynthetic process; keto-3-deoxy-D-manno-octulosonic acid biosynthetic process; lipopolysaccharide biosynthetic process; lipopolysaccharide metabolic process; liposaccharide metabolic process; monosaccharide biosynthetic process; monosaccharide metabolic process; polysaccharide biosynthetic process; polysaccharide metabolic process	16
PP_1806	Q88LX1	RHEA:23104	D-arabinose 5-phosphate; D-ribulose 5-phosphate		6
rffG	Q88LZ1	RHEA:17221	dTDP-4-dehydro-6-deoxy-alpha-D-glucose; dTDP-alpha-D-glucose	nucleotide-sugar metabolic process	3
rfbD	Q88LZ2	RHEA:21796	dTDP-4-dehydro-beta-L-rhamnose; dTDP-beta-L-rhamnose	O antigen biosynthetic process; carbohydrate biosynthetic process; dTDP-rhamnose biosynthetic process; lipopolysaccharide biosynthetic process; lipopolysaccharide metabolic process; liposaccharide metabolic process; nucleotide-sugar biosynthetic process; nucleotide-sugar metabolic process; polysaccharide biosynthetic process; polysaccharide metabolic process	4
rfbA	Q88LZ3	RHEA:15225	alpha-D-glucose 1-phosphate; dTDP-alpha-D-glucose; dTTP		5
rfbC	Q88LZ4	RHEA:16969	dTDP-4-dehydro-6-deoxy-alpha-D-glucose; dTDP-4-dehydro-beta-L-rhamnose	carbohydrate biosynthetic process; dTDP-rhamnose biosynthetic process; nucleotide-sugar biosynthetic process; nucleotide-sugar metabolic process; polysaccharide biosynthetic process; polysaccharide metabolic process	4
cpsG	Q88LZ9	RHEA:11140	D-mannose 6-phosphate; alpha-D-mannose 1-phosphate		2
aroA	Q88M05	RHEA:13869;RHEA:21256;RHEA:21640	3-(4-hydroxyphenyl)pyruvate; 3-phosphoshikimate; 5-O-(1-carboxyvinyl)-3-phosphoshikimate; phosphoenolpyruvate; prephenate	L-tyrosine biosynthetic process; aromatic amino acid biosynthetic process; chorismate biosynthetic process; chorismate metabolic process; dicarboxylic acid biosynthetic process; dicarboxylic acid metabolic process; erythrose 4-phosphate/phosphoenolpyruvate family amino acid biosynthetic process	19
pheA	Q88M06	RHEA:13897;RHEA:21648	3-phenylpyruvate; chorismate; prephenate	L-phenylalanine biosynthetic process; aromatic amino acid biosynthetic process; chorismate metabolic process; dicarboxylic acid metabolic process; erythrose 4-phosphate/phosphoenolpyruvate family amino acid biosynthetic process	5
serC	Q88M07	RHEA:14329	3-phosphooxypyruvate; O-phospho-L-serine	L-serine biosynthetic process; L-serine metabolic process; pyridine-containing compound biosynthetic process; pyridoxine biosynthetic process; pyridoxine metabolic process; serine family amino acid biosynthetic process; vitamin B6 biosynthetic process; vitamin B6 metabolic process; vitamin biosynthetic process; vitamin metabolic process; water-soluble vitamin biosynthetic process	2
mtnA	Q88M09	RHEA:19989	5-(methylsulfanyl)-D-ribulose 1-phosphate; 5-(methylsulfanyl)-alpha-D-ribose 1-phosphate	L-methionine cycle; L-methionine metabolic process; S-adenosylmethionine metabolic process; homocysteine metabolic process; modified amino acid metabolic process; non-proteinogenic amino acid metabolic process; nucleoside metabolic process; purine nucleoside metabolic process; purine ribonucleoside metabolic process; ribonucleoside metabolic process; sulfur amino acid metabolic process	0
ubiG	Q88M10	RHEA:31411;RHEA:44380;RHEA:44452	a 2-methoxy-6-(all-trans-polyprenyl)phenol; a 3,4-dihydroxy-5-(all-trans-polyprenyl)benzoate; a 3-(all-trans-polyprenyl)benzene-1,2-diol; a 4-hydroxy-3-methoxy-5-(all-trans-polyprenyl)benzoate	ketone biosynthetic process; ketone metabolic process; quinone biosynthetic process; quinone metabolic process; ubiquinone biosynthetic process; ubiquinone metabolic process	1
mupP	Q88M11	RHEA:14369	2-phosphoglycolate; glycolate	DNA metabolic process; DNA repair; N-acetylmuramic acid metabolic process; aminoglycan metabolic process; glycosaminoglycan metabolic process; peptidoglycan metabolic process; peptidoglycan turnover	7
fumC	Q88M20	RHEA:12460	(S)-malate; fumarate	dicarboxylic acid metabolic process; fumarate metabolic process; malate metabolic process; tricarboxylic acid cycle	12
PP_1703	Q88M71	RHEA:12909;RHEA:13801	nitrate; nitrite		0
cobT	Q88M95	RHEA:11196	5,6-dimethylbenzimidazole; alpha-ribazole 5'-phosphate; nicotinate; nicotinate beta-D-ribonucleotide	cobalamin biosynthetic process; cobalamin metabolic process; tetrapyrrole biosynthetic process; tetrapyrrole metabolic process; vitamin biosynthetic process; vitamin metabolic process; water-soluble vitamin biosynthetic process	4
purM	Q88MA9	RHEA:17453;RHEA:23032	2-formamido-N(1)-(5-O-phospho-beta-D-ribosyl)acetamidine; 5-amino-1-(5-phospho-beta-D-ribosyl)imidazole; 5-phospho-beta-D-ribosylamine; N(1)-(5-phospho-beta-D-ribosyl)glycinamide; glycine	'de novo' IMP biosynthetic process; IMP biosynthetic process; IMP metabolic process; adenine biosynthetic process; adenine metabolic process; nucleobase biosynthetic process; nucleobase metabolic process; nucleoside monophosphate biosynthetic process; nucleoside monophosphate metabolic process; nucleotide biosynthetic process; purine nucleobase biosynthetic process; purine nucleobase metabolic process; purine nucleoside monophosphate biosynthetic process; purine nucleoside monophosphate metabolic process; purine nucleotide biosynthetic process; purine ribonucleoside monophosphate biosynthetic process; purine ribonucleoside monophosphate metabolic process; purine ribonucleotide biosynthetic process; purine ribonucleotide metabolic process; ribonucleoside monophosphate biosynthetic process; ribonucleotide biosynthetic process; ribonucleotide metabolic process; ribose phosphate biosynthetic process; ribose phosphate metabolic process	17
purN	Q88MB0	RHEA:15053	(6R)-10-formyltetrahydrofolate; (6S)-5,6,7,8-tetrahydrofolate; N(1)-(5-phospho-beta-D-ribosyl)glycinamide; N(2)-formyl-N(1)-(5-phospho-beta-D-ribosyl)glycinamide	'de novo' IMP biosynthetic process; IMP biosynthetic process; IMP metabolic process; nucleoside monophosphate biosynthetic process; nucleoside monophosphate metabolic process; nucleotide biosynthetic process; purine nucleoside monophosphate biosynthetic process; purine nucleoside monophosphate metabolic process; purine nucleotide biosynthetic process; purine ribonucleoside monophosphate biosynthetic process; purine ribonucleoside monophosphate metabolic process; purine ribonucleotide biosynthetic process; purine ribonucleotide metabolic process; ribonucleoside monophosphate biosynthetic process; ribonucleotide biosynthetic process; ribonucleotide metabolic process; ribose phosphate biosynthetic process; ribose phosphate metabolic process	12
mazG	Q88MB7	RHEA:14245		2'-deoxyribonucleotide metabolic process; TTP catabolic process; TTP metabolic process; UTP catabolic process; UTP metabolic process; carbohydrate derivative catabolic process; dATP catabolic process; dATP metabolic process; dGTP catabolic process; dGTP metabolic process; dTTP catabolic process; dTTP metabolic process; dUTP catabolic process; dUTP metabolic process; deoxyribonucleoside triphosphate catabolic process; deoxyribonucleoside triphosphate metabolic process; deoxyribose phosphate catabolic process; nucleobase-containing compound catabolic process; nucleoside phosphate catabolic process; nucleoside triphosphate catabolic process; nucleoside triphosphate metabolic process; nucleotide catabolic process; organophosphate catabolic process; purine deoxyribonucleoside triphosphate catabolic process; purine deoxyribonucleoside triphosphate metabolic process; purine deoxyribonucleotide catabolic process; purine deoxyribonucleotide metabolic process; purine nucleoside triphosphate catabolic process; purine nucleoside triphosphate metabolic process; purine nucleotide catabolic process; purine-containing compound catabolic process; pyrimidine deoxyribonucleoside triphosphate catabolic process; pyrimidine deoxyribonucleoside triphosphate metabolic process; pyrimidine deoxyribonucleotide catabolic process; pyrimidine deoxyribonucleotide metabolic process; pyrimidine nucleoside triphosphate catabolic process; pyrimidine nucleoside triphosphate metabolic process; pyrimidine nucleotide catabolic process; pyrimidine nucleotide metabolic process; pyrimidine ribonucleoside triphosphate catabolic process; pyrimidine ribonucleoside triphosphate metabolic process; pyrimidine ribonucleotide catabolic process; pyrimidine ribonucleotide metabolic process; pyrimidine-containing compound catabolic process; pyrimidine-containing compound metabolic process; ribonucleoside triphosphate catabolic process; ribonucleotide catabolic process; ribonucleotide metabolic process; ribose phosphate metabolic process	0
relA	Q88MB8	RHEA:14253;RHEA:22088	guanosine 3',5'-bis(diphosphate); guanosine 3'-diphosphate 5'-triphosphate	guanosine tetraphosphate metabolic process; nucleobase-containing small molecule interconversion; nucleoside bisphosphate metabolic process; purine nucleoside bisphosphate metabolic process; purine ribonucleoside bisphosphate metabolic process; purine ribonucleotide metabolic process; ribonucleoside bisphosphate metabolic process; ribonucleotide metabolic process; ribose phosphate metabolic process	0
cysM	Q88MC0	RHEA:14829	L-cysteine; O-acetyl-L-serine; acetate	L-cysteine biosynthetic process; serine family amino acid biosynthetic process; sulfur amino acid biosynthetic process; sulfur amino acid metabolic process	17
fpr-I	Q88MD5	RHEA:20125		heme catabolic process; heme metabolic process; pigment catabolic process; pigment metabolic process; porphyrin-containing compound catabolic process; porphyrin-containing compound metabolic process; tetrapyrrole catabolic process; tetrapyrrole metabolic process	0
pncC	Q88ME5	RHEA:12400	beta-nicotinamide D-ribonucleotide; nicotinate beta-D-ribonucleotide		4
ispF	Q88MF3	RHEA:23864	2-C-methyl-D-erythritol 2,4-cyclic diphosphate; 4-CDP-2-C-methyl-D-erythritol 2-phosphate	aldehyde metabolic process; glyceraldehyde-3-phosphate metabolic process; isopentenyl diphosphate biosynthetic process; isopentenyl diphosphate biosynthetic process, methylerythritol phosphate pathway; isopentenyl diphosphate metabolic process; isoprenoid biosynthetic process; isoprenoid metabolic process; phospholipid biosynthetic process; phospholipid metabolic process; terpenoid biosynthetic process; terpenoid metabolic process	2
frmC	Q88MF4	RHEA:14961	S-formylglutathione; formate; glutathione	aldehyde catabolic process; aldehyde metabolic process; formaldehyde catabolic process; formaldehyde metabolic process	8
frmA	Q88MF5	RHEA:19981;RHEA:19985;RHEA:78371	S-(hydroxymethyl)glutathione; S-(hydroxysulfenamide)glutathione; S-formylglutathione; S-nitrosoglutathione	aldehyde catabolic process; aldehyde metabolic process; formaldehyde catabolic process; formaldehyde metabolic process	1
ispD	Q88MF7	RHEA:13429	2-C-methyl-D-erythritol 4-phosphate; 4-CDP-2-C-methyl-D-erythritol	aldehyde metabolic process; glyceraldehyde-3-phosphate metabolic process; isopentenyl diphosphate biosynthetic process; isopentenyl diphosphate biosynthetic process, methylerythritol phosphate pathway; isopentenyl diphosphate metabolic process; isoprenoid biosynthetic process; isoprenoid metabolic process; phospholipid biosynthetic process; phospholipid metabolic process	2
eno	Q88MF9	RHEA:10164	(2R)-2-phosphoglycerate; phosphoenolpyruvate	ADP catabolic process; ADP metabolic process; ATP metabolic process; carbohydrate catabolic process; carbohydrate derivative catabolic process; glycolytic process; nicotinamide nucleotide metabolic process; nucleobase-containing compound catabolic process; nucleoside diphosphate catabolic process; nucleoside diphosphate metabolic process; nucleoside phosphate catabolic process; nucleoside triphosphate metabolic process; nucleotide catabolic process; organophosphate catabolic process; purine nucleoside diphosphate catabolic process; purine nucleoside diphosphate metabolic process; purine nucleoside triphosphate metabolic process; purine nucleotide catabolic process; purine ribonucleoside diphosphate catabolic process; purine ribonucleoside diphosphate metabolic process; purine ribonucleoside triphosphate metabolic process; purine ribonucleotide catabolic process; purine ribonucleotide metabolic process; purine-containing compound catabolic process; pyridine nucleotide catabolic process; pyridine-containing compound catabolic process; pyruvate metabolic process; ribonucleoside diphosphate catabolic process; ribonucleoside diphosphate metabolic process; ribonucleotide catabolic process; ribonucleotide metabolic process; ribose phosphate metabolic process	14
kdsA1	Q88MG0	RHEA:14053	3-deoxy-alpha-D-manno-2-octulosonate-8-phosphate; D-arabinose 5-phosphate; phosphoenolpyruvate	carbohydrate biosynthetic process; keto-3-deoxy-D-manno-octulosonic acid biosynthetic process; lipopolysaccharide biosynthetic process; lipopolysaccharide metabolic process; liposaccharide metabolic process; monosaccharide biosynthetic process; monosaccharide metabolic process; polysaccharide biosynthetic process; polysaccharide metabolic process	16
pyrG	Q88MG1	RHEA:15889;RHEA:26426		'de novo' CTP biosynthetic process; CTP biosynthetic process; CTP metabolic process; nucleobase biosynthetic process; nucleobase metabolic process; nucleoside triphosphate biosynthetic process; nucleoside triphosphate metabolic process; nucleotide biosynthetic process; pyrimidine nucleobase biosynthetic process; pyrimidine nucleobase metabolic process; pyrimidine nucleoside triphosphate biosynthetic process; pyrimidine nucleoside triphosphate metabolic process; pyrimidine nucleotide biosynthetic process; pyrimidine nucleotide metabolic process; pyrimidine ribonucleoside triphosphate biosynthetic process; pyrimidine ribonucleoside triphosphate metabolic process; pyrimidine ribonucleotide biosynthetic process; pyrimidine ribonucleotide metabolic process; pyrimidine-containing compound biosynthetic process; pyrimidine-containing compound metabolic process; ribonucleoside triphosphate biosynthetic process; ribonucleotide biosynthetic process; ribonucleotide metabolic process; ribose phosphate biosynthetic process; ribose phosphate metabolic process	0
accA	Q88MG4	RHEA:11308	acetyl-CoA; malonyl-CoA	acyl-CoA biosynthetic process; acyl-CoA metabolic process; fatty acid biosynthetic process; fatty acid metabolic process; malonyl-CoA biosynthetic process; malonyl-CoA metabolic process	24
dnaEA	Q88MG5	RHEA:22508	a 2'-deoxyribonucleoside 5'-triphosphate	DNA biosynthetic process; DNA metabolic process; DNA replication; nucleic acid biosynthetic process	4
fabZ	Q88MG9	RHEA:13097	a (2E)-enoyl-[ACP]; a (3R)-hydroxyacyl-[ACP]	fatty acid biosynthetic process; fatty acid metabolic process; glycolipid biosynthetic process; glycolipid metabolic process; lipid A biosynthetic process; lipid A metabolic process; lipooligosaccharide biosynthetic process; lipooligosaccharide metabolic process; liposaccharide metabolic process; phospholipid biosynthetic process; phospholipid metabolic process	4
dxr	Q88MH4	RHEA:13717	1-deoxy-D-xylulose 5-phosphate; 2-C-methyl-D-erythritol 4-phosphate	aldehyde metabolic process; glyceraldehyde-3-phosphate metabolic process; isopentenyl diphosphate biosynthetic process; isopentenyl diphosphate biosynthetic process, methylerythritol phosphate pathway; isopentenyl diphosphate metabolic process; isoprenoid biosynthetic process; isoprenoid metabolic process; phospholipid biosynthetic process; phospholipid metabolic process	3
uppS	Q88MH6	RHEA:27551;RHEA:53008	(2E,6E)-farnesyl diphosphate; a di-trans,poly-cis-polyprenyl diphosphate; di-trans,octa-cis-undecaprenyl diphosphate; isopentenyl diphosphate	alcohol biosynthetic process; alcohol metabolic process; aminoglycan biosynthetic process; aminoglycan metabolic process; cell wall macromolecule biosynthetic process; cell wall macromolecule metabolic process; glycosaminoglycan biosynthetic process; glycosaminoglycan metabolic process; isoprenoid biosynthetic process; isoprenoid metabolic process; peptidoglycan biosynthetic process; peptidoglycan metabolic process; polyprenol biosynthetic process; polyprenol metabolic process	2
dapC	Q88MI3	RHEA:11960	(S)-2-succinylamino-6-oxoheptanedioate; N-succinyl-(2S,6S)-2,6-diaminopimelate	L-lysine biosynthetic process; aspartate family amino acid biosynthetic process	2
dapD	Q88MP1	RHEA:17325	(S)-2,3,4,5-tetrahydrodipicolinate; (S)-2-succinylamino-6-oxoheptanedioate; succinyl-CoA	L-lysine biosynthetic process; aspartate family amino acid biosynthetic process	11
dapE	Q88MP5	RHEA:15941;RHEA:22608	(2S,6S)-2,6-diaminopimelate; L-ornithine; N(2)-acetyl-L-ornithine; N-succinyl-(2S,6S)-2,6-diaminopimelate; acetate; succinate	L-arginine biosynthetic process; L-lysine biosynthetic process; arginine metabolic process; aspartate family amino acid biosynthetic process; glutamate family amino acid biosynthetic process	31
rsmJ	Q88MQ7	RHEA:43220		RNA biosynthetic process; RNA methylation; RNA modification; RNA processing; macromolecule methylation; macromolecule modification; methylation; nucleic acid biosynthetic process; rRNA metabolic process; rRNA methylation; rRNA modification; rRNA processing	0
ppc	Q88MR4	RHEA:28370	oxaloacetate; phosphoenolpyruvate	carbon fixation; dicarboxylic acid metabolic process; oxaloacetate metabolic process; tricarboxylic acid cycle	20
lysS	Q88MS3	RHEA:20792	L-lysine	amino acid activation; lysyl-tRNA aminoacylation; protein biosynthetic process; tRNA aminoacylation; tRNA aminoacylation for protein translation; translation	5
thrC	Q88MU7	RHEA:10840	L-threonine; O-phospho-L-homoserine	L-threonine biosynthetic process; L-threonine metabolic process; aspartate family amino acid biosynthetic process	3
ffh	Q88MV7	RHEA:19669			0
purT	Q88MW1	RHEA:15053;RHEA:24829	(6R)-10-formyltetrahydrofolate; (6S)-5,6,7,8-tetrahydrofolate; N(1)-(5-phospho-beta-D-ribosyl)glycinamide; N(2)-formyl-N(1)-(5-phospho-beta-D-ribosyl)glycinamide; formate	'de novo' IMP biosynthetic process; IMP biosynthetic process; IMP metabolic process; nucleoside monophosphate biosynthetic process; nucleoside monophosphate metabolic process; nucleotide biosynthetic process; purine nucleoside monophosphate biosynthetic process; purine nucleoside monophosphate metabolic process; purine nucleotide biosynthetic process; purine ribonucleoside monophosphate biosynthetic process; purine ribonucleoside monophosphate metabolic process; purine ribonucleotide biosynthetic process; purine ribonucleotide metabolic process; ribonucleoside monophosphate biosynthetic process; ribonucleotide biosynthetic process; ribonucleotide metabolic process; ribose phosphate biosynthetic process; ribose phosphate metabolic process	15
PP_1451	Q88MW7	RHEA:28783	L-cysteine; L-cysteinylglycine; glycine	aminoglycan biosynthetic process; aminoglycan metabolic process; cell wall macromolecule biosynthetic process; cell wall macromolecule metabolic process; glycosaminoglycan biosynthetic process; glycosaminoglycan metabolic process; peptidoglycan biosynthetic process; peptidoglycan metabolic process	21
pdxJ	Q88MY2	RHEA:15265	1-deoxy-D-xylulose 5-phosphate; 3-amino-2-oxopropyl phosphate; pyridoxine 5'-phosphate	pyridine-containing compound biosynthetic process; pyridoxine biosynthetic process; pyridoxine metabolic process; vitamin B6 biosynthetic process; vitamin B6 metabolic process; vitamin biosynthetic process; vitamin metabolic process; water-soluble vitamin biosynthetic process	3
pcaC	Q88N35	RHEA:23348	(4,5-dihydro-5-oxofuran-2-yl)-acetate; (R)-2-(carboxymethyl)-5-oxo-2,5-dihydro-2-furoate		2
pcaD	Q88N36	RHEA:10184	(4,5-dihydro-5-oxofuran-2-yl)-acetate; 3-oxoadipate	beta-ketoadipate pathway	4
pcaB	Q88N37	RHEA:23656	2-(carboxymethyl)-5-oxo-2,5-dihydro-2-furoate; 3-carboxy-cis,cis-muconate	3,4-dihydroxybenzoate catabolic process; 3,4-dihydroxybenzoate metabolic process; benzene-containing compound metabolic process; catechol-containing compound catabolic process; catechol-containing compound metabolic process; phenol-containing compound catabolic process; phenol-containing compound metabolic process	2
pcaF-I	Q88N39	RHEA:19481;RHEA:21036;RHEA:21564	3-oxoadipyl-CoA; a 3-oxoacyl-CoA; acetoacetyl-CoA; acetyl-CoA; an acyl-CoA; succinyl-CoA	3,4-dihydroxybenzoate catabolic process; 3,4-dihydroxybenzoate metabolic process; benzene-containing compound metabolic process; catechol-containing compound catabolic process; catechol-containing compound metabolic process; phenol-containing compound catabolic process; phenol-containing compound metabolic process	35
pykA	Q88N54	RHEA:18157	phosphoenolpyruvate; pyruvate	ADP catabolic process; ADP metabolic process; ATP metabolic process; carbohydrate catabolic process; carbohydrate derivative catabolic process; glycolytic process; nicotinamide nucleotide metabolic process; nucleobase-containing compound catabolic process; nucleoside diphosphate catabolic process; nucleoside diphosphate metabolic process; nucleoside phosphate catabolic process; nucleoside triphosphate metabolic process; nucleotide catabolic process; organophosphate catabolic process; purine nucleoside diphosphate catabolic process; purine nucleoside diphosphate metabolic process; purine nucleoside triphosphate metabolic process; purine nucleotide catabolic process; purine ribonucleoside diphosphate catabolic process; purine ribonucleoside diphosphate metabolic process; purine ribonucleoside triphosphate metabolic process; purine ribonucleotide catabolic process; purine ribonucleotide metabolic process; purine-containing compound catabolic process; pyridine nucleotide catabolic process; pyridine-containing compound catabolic process; pyruvate metabolic process; ribonucleoside diphosphate catabolic process; ribonucleoside diphosphate metabolic process; ribonucleotide catabolic process; ribonucleotide metabolic process; ribose phosphate metabolic process	33
panE	Q88N64	RHEA:16233	(R)-pantoate; 2-dehydropantoate	modified amino acid biosynthetic process; modified amino acid metabolic process; pantothenate biosynthetic process; pantothenate metabolic process; vitamin biosynthetic process; vitamin metabolic process; water-soluble vitamin biosynthetic process	5
ddlB	Q88N74	RHEA:11224	D-alanine; D-alanyl-D-alanine	aminoglycan biosynthetic process; aminoglycan metabolic process; cell wall macromolecule biosynthetic process; cell wall macromolecule metabolic process; glycosaminoglycan biosynthetic process; glycosaminoglycan metabolic process; peptidoglycan biosynthetic process; peptidoglycan metabolic process	5
murC	Q88N75	RHEA:23372	L-alanine; UDP-N-acetyl-alpha-D-muramate; UDP-N-acetyl-alpha-D-muramoyl-L-alanine	aminoglycan biosynthetic process; aminoglycan metabolic process; cell wall macromolecule biosynthetic process; cell wall macromolecule metabolic process; glycosaminoglycan biosynthetic process; glycosaminoglycan metabolic process; peptidoglycan biosynthetic process; peptidoglycan metabolic process	9
murG	Q88N76	RHEA:23192;RHEA:31227	Mur2Ac(oyl-L-Ala-gamma-D-Glu-L-Lys-D-Ala-D-Ala)-di-trans,octa-cis-undecaprenyl diphosphate; UDP-N-acetyl-alpha-D-glucosamine; beta-D-GlcNAc-(1->4)-Mur2Ac(oyl-L-Ala-gamma-D-Glu-L-Lys-D-Ala-D-Ala)-di-trans,octa-cis-undecaprenyl diphosphate; di-trans,octa-cis-undecaprenyl diphospho-N-acetyl-alpha-D-muramoyl-L-alanyl-D-glutamyl-meso-2,6-diaminopimeloyl-D-alanyl-D-alanine; di-trans,octa-cis-undecaprenyl diphospho-[N-acetyl-alpha-D-glucosaminyl-(1->4)]-N-acetyl-alpha-D-muramoyl-L-alanyl-D-glutamyl-meso-2,6-diaminopimeloyl-D-alanyl-D-alanine	aminoglycan biosynthetic process; aminoglycan metabolic process; cell wall macromolecule biosynthetic process; cell wall macromolecule metabolic process; glycosaminoglycan biosynthetic process; glycosaminoglycan metabolic process; peptidoglycan biosynthetic process; peptidoglycan metabolic process	4
murD	Q88N78	RHEA:16429	D-glutamate; UDP-N-acetyl-alpha-D-muramoyl-L-alanine; UDP-N-acetyl-alpha-D-muramoyl-L-alanyl-D-glutamate	aminoglycan biosynthetic process; aminoglycan metabolic process; cell wall macromolecule biosynthetic process; cell wall macromolecule metabolic process; glycosaminoglycan biosynthetic process; glycosaminoglycan metabolic process; peptidoglycan biosynthetic process; peptidoglycan metabolic process	3
mraY	Q88N79	RHEA:21920;RHEA:28386	Mur2Ac(oyl-L-Ala-gamma-D-Glu-L-Lys-D-Ala-D-Ala)-di-trans,octa-cis-undecaprenyl diphosphate; UDP-N-acetyl-alpha-D-muramoyl-L-alanyl-gamma-D-glutamyl-L-lysyl-D-alanyl-D-alanine; UDP-N-acetyl-alpha-D-muramoyl-L-alanyl-gamma-D-glutamyl-meso-2,6-diaminopimeloyl-D-alanyl-D-alanine; di-trans,octa-cis-undecaprenyl diphospho-N-acetyl-alpha-D-muramoyl-L-alanyl-D-glutamyl-meso-2,6-diaminopimeloyl-D-alanyl-D-alanine; di-trans,octa-cis-undecaprenyl phosphate	aminoglycan biosynthetic process; aminoglycan metabolic process; cell wall macromolecule biosynthetic process; cell wall macromolecule metabolic process; glycosaminoglycan biosynthetic process; glycosaminoglycan metabolic process; peptidoglycan biosynthetic process; peptidoglycan metabolic process	3
murF	Q88N80	RHEA:16085;RHEA:28374	D-alanyl-D-alanine; UDP-N-acetyl-alpha-D-muramoyl-L-alanyl-gamma-D-glutamyl-L-lysine; UDP-N-acetyl-alpha-D-muramoyl-L-alanyl-gamma-D-glutamyl-L-lysyl-D-alanyl-D-alanine; UDP-N-acetyl-alpha-D-muramoyl-L-alanyl-gamma-D-glutamyl-meso-2,6-diaminopimelate; UDP-N-acetyl-alpha-D-muramoyl-L-alanyl-gamma-D-glutamyl-meso-2,6-diaminopimeloyl-D-alanyl-D-alanine	aminoglycan biosynthetic process; aminoglycan metabolic process; cell wall macromolecule biosynthetic process; cell wall macromolecule metabolic process; glycosaminoglycan biosynthetic process; glycosaminoglycan metabolic process; peptidoglycan biosynthetic process; peptidoglycan metabolic process	6
murE	Q88N81	RHEA:23676	UDP-N-acetyl-alpha-D-muramoyl-L-alanyl-D-glutamate; UDP-N-acetyl-alpha-D-muramoyl-L-alanyl-gamma-D-glutamyl-meso-2,6-diaminopimelate; meso-2,6-diaminopimelate	aminoglycan biosynthetic process; aminoglycan metabolic process; cell wall macromolecule biosynthetic process; cell wall macromolecule metabolic process; glycosaminoglycan biosynthetic process; glycosaminoglycan metabolic process; peptidoglycan biosynthetic process; peptidoglycan metabolic process	8
gmhA	Q88N89	RHEA:27489	D-glycero-alpha-D-manno-heptose 7-phosphate; D-glycero-beta-D-manno-heptose 7-phosphate; D-sedoheptulose 7-phosphate	D-glycero-D-manno-heptose 7-phosphate biosynthetic process; D-glycero-D-manno-heptose 7-phosphate metabolic process	2
trpS	Q88NA1	RHEA:24080	L-tryptophan	amino acid activation; protein biosynthetic process; tRNA aminoacylation; tRNA aminoacylation for protein translation; translation; tryptophanyl-tRNA aminoacylation	3
cysNC	Q88NA8	RHEA:18133;RHEA:19669	adenosine 5'-phosphosulfate	hydrogen sulfide biosynthetic process; hydrogen sulfide metabolic process; sulfate assimilation	2
cysD	Q88NA9	RHEA:18133	adenosine 5'-phosphosulfate	hydrogen sulfide biosynthetic process; hydrogen sulfide metabolic process; sulfate assimilation	2
rhlB	Q88NB7	RHEA:13065		RNA catabolic process; macromolecule catabolic process; nucleic acid catabolic process; nucleobase-containing compound catabolic process	0
moaE	Q88NB8	RHEA:26333	cyclic pyranopterin phosphate; molybdopterin	Mo-molybdopterin cofactor biosynthetic process; Mo-molybdopterin cofactor metabolic process; molybdopterin cofactor biosynthetic process; molybdopterin cofactor metabolic process; prosthetic group metabolic process	4
moaC	Q88NC0	RHEA:49580	(8S)-3',8-cyclo-7,8-dihydroguanosine 5'-triphosphate; cyclic pyranopterin phosphate	Mo-molybdopterin cofactor biosynthetic process; Mo-molybdopterin cofactor metabolic process; molybdopterin cofactor biosynthetic process; molybdopterin cofactor metabolic process; prosthetic group metabolic process	4
algD	Q88NC4	RHEA:21728	GDP-alpha-D-mannose; GDP-alpha-D-mannuronate	alginic acid biosynthetic process; carbohydrate biosynthetic process; polysaccharide biosynthetic process; polysaccharide metabolic process	1
alg8	Q88NC5	RHEA:12528	N-acetyl-beta-D-glucosaminyl-(1->4)-[hyaluronan](n); UDP-alpha-D-glucuronate; [hyaluronan](n)	alginic acid biosynthetic process; aminoglycan biosynthetic process; aminoglycan metabolic process; carbohydrate biosynthetic process; glycosaminoglycan biosynthetic process; glycosaminoglycan metabolic process; hyaluronan biosynthetic process; hyaluronan metabolic process; polysaccharide biosynthetic process; polysaccharide metabolic process	0
algA	Q88ND5	RHEA:12356;RHEA:15229	D-fructose 6-phosphate; D-mannose 6-phosphate; GDP-alpha-D-mannose; alpha-D-mannose 1-phosphate	GDP-mannose biosynthetic process; GDP-mannose metabolic process; carbohydrate biosynthetic process; nucleotide-sugar biosynthetic process; nucleotide-sugar metabolic process; polysaccharide biosynthetic process; polysaccharide metabolic process	3
proR	Q88NF3	RHEA:21152	cis-4-hydroxy-D-proline; trans-4-hydroxy-L-proline		0
PP_1257	Q88NF4	RHEA:10560;RHEA:34171	(2S,4S)-4-hydroxy-2,3,4,5-tetrahydrodipicolinate; 2,5-dioxopentanoate; 4-hydroxy-1-pyrroline-2-carboxylate; L-aspartate 4-semialdehyde; pyruvate		28
PP_1256	Q88NF5	RHEA:11296	2,5-dioxopentanoate		4
mqo2	Q88NF9	RHEA:21252;RHEA:46012	(S)-2-hydroxyglutarate; (S)-malate; oxaloacetate	tricarboxylic acid cycle	11
purC	Q88NG9	RHEA:22628	(2S)-2-[5-amino-1-(5-phospho-beta-D-ribosyl)imidazole-4-carboxamido]succinate; 5-amino-1-(5-phospho-D-ribosyl)imidazole-4-carboxylate; L-aspartate	'de novo' IMP biosynthetic process; IMP biosynthetic process; IMP metabolic process; cobalamin biosynthetic process; cobalamin metabolic process; nucleoside monophosphate biosynthetic process; nucleoside monophosphate metabolic process; nucleotide biosynthetic process; purine nucleoside monophosphate biosynthetic process; purine nucleoside monophosphate metabolic process; purine nucleotide biosynthetic process; purine ribonucleoside monophosphate biosynthetic process; purine ribonucleoside monophosphate metabolic process; purine ribonucleotide biosynthetic process; purine ribonucleotide metabolic process; ribonucleoside monophosphate biosynthetic process; ribonucleotide biosynthetic process; ribonucleotide metabolic process; ribose phosphate biosynthetic process; ribose phosphate metabolic process; tetrapyrrole biosynthetic process; tetrapyrrole metabolic process; vitamin biosynthetic process; vitamin metabolic process; water-soluble vitamin biosynthetic process	5
dapA	Q88NH2	RHEA:34171	(2S,4S)-4-hydroxy-2,3,4,5-tetrahydrodipicolinate; L-aspartate 4-semialdehyde; pyruvate	L-lysine biosynthetic process; aspartate family amino acid biosynthetic process	25
nadA	Q88NH8	RHEA:25888	dihydroxyacetone phosphate; iminosuccinate; quinolinate	'de novo' NAD+ biosynthetic process from L-aspartate; NAD+ biosynthetic process; NAD+ metabolic process; aspartate metabolic process; dicarboxylic acid biosynthetic process; dicarboxylic acid metabolic process; nicotinamide nucleotide biosynthetic process; nicotinamide nucleotide metabolic process; nucleotide biosynthetic process; purine nucleotide biosynthetic process; pyridine nucleotide biosynthetic process; pyridine-containing compound biosynthetic process; quinolinate biosynthetic process; quinolinate metabolic process	5
ruvB	Q88NJ0	RHEA:13065		DNA metabolic process; DNA recombination; DNA repair	0
aspS	Q88NJ4	RHEA:18349;RHEA:19649	L-aspartate	amino acid activation; aspartyl-tRNA aminoacylation; protein biosynthetic process; tRNA aminoacylation; tRNA aminoacylation for protein translation; translation	2
proS	Q88NK2	RHEA:14305	L-proline	amino acid activation; aminoacyl-tRNA metabolism involved in translational fidelity; prolyl-tRNA aminoacylation; protein biosynthetic process; tRNA aminoacylation; tRNA aminoacylation for protein translation; translation	3
dinB	Q88NK4	RHEA:22508	a 2'-deoxyribonucleoside 5'-triphosphate	DNA biosynthetic process; DNA damage tolerance; DNA metabolic process; DNA repair; DNA replication; DNA synthesis involved in DNA replication; DNA-templated DNA replication; error-prone translesion synthesis; nucleic acid biosynthetic process; translesion synthesis	4
metG	Q88NV7	RHEA:13481	L-methionine	amino acid activation; methionyl-tRNA aminoacylation; protein biosynthetic process; tRNA aminoacylation; tRNA aminoacylation for protein translation; translation	11
tsaA	Q88NW9	RHEA:10008	a hydroperoxide; an alcohol	hydrogen peroxide catabolic process; hydrogen peroxide metabolic process; reactive oxygen species metabolic process	2
argF	Q88NX4	RHEA:19513	L-citrulline; L-ornithine; carbamoyl phosphate	L-arginine biosynthetic process; L-citrulline biosynthetic process; arginine metabolic process; glutamate family amino acid biosynthetic process; non-proteinogenic amino acid biosynthetic process; non-proteinogenic amino acid metabolic process; ornithine metabolic process	7
glpK	Q88NX8	RHEA:21644	glycerol; sn-glycerol 3-phosphate	alcohol catabolic process; alcohol metabolic process; alditol catabolic process; alditol phosphate metabolic process; carbohydrate catabolic process; glycerol catabolic process; glycerol metabolic process; glycerol-3-phosphate metabolic process; polyol catabolic process; polyol metabolic process	7
glpD	Q88NY0	RHEA:18977	dihydroxyacetone phosphate; sn-glycerol 3-phosphate	alditol phosphate metabolic process; carbohydrate derivative catabolic process; glycerol-3-phosphate catabolic process; glycerol-3-phosphate metabolic process; organophosphate catabolic process	7
gspE	Q88P06	RHEA:13065			0
purL	Q88P16	RHEA:17129	2-formamido-N(1)-(5-O-phospho-beta-D-ribosyl)acetamidine; N(2)-formyl-N(1)-(5-phospho-beta-D-ribosyl)glycinamide	'de novo' IMP biosynthetic process; IMP biosynthetic process; IMP metabolic process; nucleoside monophosphate biosynthetic process; nucleoside monophosphate metabolic process; nucleotide biosynthetic process; purine nucleoside monophosphate biosynthetic process; purine nucleoside monophosphate metabolic process; purine nucleotide biosynthetic process; purine ribonucleoside monophosphate biosynthetic process; purine ribonucleoside monophosphate metabolic process; purine ribonucleotide biosynthetic process; purine ribonucleotide metabolic process; ribonucleoside monophosphate biosynthetic process; ribonucleotide biosynthetic process; ribonucleotide metabolic process; ribose phosphate biosynthetic process; ribose phosphate metabolic process	3
leuA	Q88P28	RHEA:21036;RHEA:21524	(2S)-2-isopropylmalate; 3-methyl-2-oxobutanoate; acetoacetyl-CoA; acetyl-CoA	L-leucine biosynthetic process; L-leucine metabolic process; branched-chain amino acid biosynthetic process; branched-chain amino acid metabolic process; pyruvate family amino acid biosynthetic process	31
eda	Q88P29	RHEA:17089	2-dehydro-3-deoxy-6-phospho-D-gluconate; D-glyceraldehyde 3-phosphate; pyruvate		32
pgl	Q88P30	RHEA:12556	6-phospho-D-gluconate; 6-phospho-D-glucono-1,5-lactone	NADP+ metabolic process; NADPH regeneration; glucose 6-phosphate metabolic process; nicotinamide nucleotide metabolic process; pentose-phosphate shunt	5
zwfA	Q88P31	RHEA:15841	6-phospho-D-glucono-1,5-lactone; D-glucose 6-phosphate	NADP+ metabolic process; NADPH regeneration; glucose 6-phosphate metabolic process; glucose metabolic process; hexose metabolic process; monosaccharide metabolic process; nicotinamide nucleotide metabolic process; pentose-phosphate shunt; pentose-phosphate shunt, oxidative branch	4
glk	Q88P42	RHEA:17825	D-glucose; D-glucose 6-phosphate	ADP catabolic process; ADP metabolic process; ATP metabolic process; carbohydrate catabolic process; carbohydrate derivative catabolic process; glucose 6-phosphate metabolic process; glycolytic process; nicotinamide nucleotide metabolic process; nucleobase-containing compound catabolic process; nucleoside diphosphate catabolic process; nucleoside diphosphate metabolic process; nucleoside phosphate catabolic process; nucleoside triphosphate metabolic process; nucleotide catabolic process; organophosphate catabolic process; purine nucleoside diphosphate catabolic process; purine nucleoside diphosphate metabolic process; purine nucleoside triphosphate metabolic process; purine nucleotide catabolic process; purine ribonucleoside diphosphate catabolic process; purine ribonucleoside diphosphate metabolic process; purine ribonucleoside triphosphate metabolic process; purine ribonucleotide catabolic process; purine ribonucleotide metabolic process; purine-containing compound catabolic process; pyridine nucleotide catabolic process; pyridine-containing compound catabolic process; pyruvate metabolic process; ribonucleoside diphosphate catabolic process; ribonucleoside diphosphate metabolic process; ribonucleotide catabolic process; ribonucleotide metabolic process; ribose phosphate metabolic process	3
edd	Q88P43	RHEA:17277	2-dehydro-3-deoxy-6-phospho-D-gluconate; 6-phospho-D-gluconate	Entner-Doudoroff pathway; carbohydrate catabolic process; pyruvate metabolic process	3
gapA	Q88P44	RHEA:10300	(2R)-3-phospho-glyceroyl phosphate; D-glyceraldehyde 3-phosphate	glucose metabolic process; hexose metabolic process; monosaccharide metabolic process	9
gcvP1	Q88P65	RHEA:24304	glycine	glycine catabolic process; glycine decarboxylation via glycine cleavage system; glycine metabolic process; proteinogenic amino acid catabolic process	12
gcvT-I	Q88P67	RHEA:16945	(6R)-5,10-methylene-5,6,7,8-tetrahydrofolate; (6S)-5,6,7,8-tetrahydrofolate	glycine catabolic process; glycine metabolic process; proteinogenic amino acid catabolic process	11
valS	Q88P76	RHEA:10704	L-valine	amino acid activation; aminoacyl-tRNA metabolism involved in translational fidelity; protein biosynthetic process; tRNA aminoacylation; tRNA aminoacylation for protein translation; translation; valyl-tRNA aminoacylation	1
hisC	Q88P86	RHEA:23744	3-(imidazol-4-yl)-2-oxopropyl phosphate; L-histidinol phosphate	L-histidine biosynthetic process; aromatic amino acid biosynthetic process; imidazole-containing compound metabolic process	3
hisG	Q88P87	RHEA:18473	1-(5-phospho-beta-D-ribosyl)-ATP; 5-phospho-alpha-D-ribose 1-diphosphate	L-histidine biosynthetic process; aromatic amino acid biosynthetic process; imidazole-containing compound metabolic process	7
murA	Q88P88	RHEA:18681	UDP-N-acetyl-3-O-(1-carboxyvinyl)-alpha-D-glucosamine; UDP-N-acetyl-alpha-D-glucosamine; phosphoenolpyruvate	UDP-N-acetylgalactosamine biosynthetic process; UDP-N-acetylgalactosamine metabolic process; amino sugar biosynthetic process; amino sugar metabolic process; aminoglycan biosynthetic process; aminoglycan metabolic process; cell wall macromolecule biosynthetic process; cell wall macromolecule metabolic process; glycosaminoglycan biosynthetic process; glycosaminoglycan metabolic process; nucleotide-sugar biosynthetic process; nucleotide-sugar metabolic process; peptidoglycan biosynthetic process; peptidoglycan metabolic process	16
mlaF	Q88P94	RHEA:13065			0
kdsD	Q88P95	RHEA:23104	D-arabinose 5-phosphate; D-ribulose 5-phosphate		6
kdsC	Q88P96	RHEA:11344;RHEA:11500	3-deoxy-alpha-D-manno-2-octulosonate-8-phosphate; 3-deoxy-alpha-D-manno-oct-2-ulosonate; a CMP-N-acyl-beta-neuraminate; an N-acylneuraminate		3
lptB	Q88P99	RHEA:13065			0
fumC-I	Q88PA6	RHEA:12460	(S)-malate; fumarate	dicarboxylic acid metabolic process; fumarate metabolic process; tricarboxylic acid cycle	12
gatA	Q88PB9	RHEA:15889;RHEA:17521		amino acid activation; glutaminyl-tRNAGln biosynthesis via transamidation; protein biosynthetic process; tRNA aminoacylation; translation	0
gatB	Q88PC0	RHEA:14513;RHEA:17521		amino acid activation; glutaminyl-tRNAGln biosynthesis via transamidation; protein biosynthetic process; tRNA aminoacylation; translation	0
PP_0922	Q88PC8	RHEA:20537	(R)-4'-phosphopantetheine; holo-[ACP]	fatty acid biosynthetic process; fatty acid metabolic process	8
sodB	Q88PD5	RHEA:20696		reactive oxygen species metabolic process; removal of superoxide radicals; superoxide metabolic process	0
PP_0897	Q88PF3	RHEA:12460	(S)-malate; fumarate	tricarboxylic acid cycle	12
PP_0892	Q88PF8	RHEA:31451	a 1,2-diacyl-sn-glycero-3-phospho-(1'-sn-glycerol); a cardiolipin; glycerol	cardiolipin biosynthetic process; cardiolipin metabolic process; glycerolipid biosynthetic process; glycerolipid metabolic process; glycerophospholipid biosynthetic process; glycerophospholipid metabolic process; phosphatidylglycerol biosynthetic process; phosphatidylglycerol metabolic process; phospholipid biosynthetic process; phospholipid metabolic process	4
speC	Q88PI6	RHEA:22964	L-ornithine; putrescine	amine biosynthetic process; amine metabolic process; biogenic amine biosynthetic process; biogenic amine metabolic process; polyamine biosynthetic process; polyamine metabolic process	9
hisS	Q88PJ6	RHEA:17313	L-histidine	amino acid activation; histidyl-tRNA aminoacylation; protein biosynthetic process; tRNA aminoacylation; tRNA aminoacylation for protein translation; translation	2
ispG	Q88PJ7	RHEA:26119;RHEA:43604	(2E)-4-hydroxy-3-methylbut-2-enyl diphosphate; 2-C-methyl-D-erythritol 2,4-cyclic diphosphate	aldehyde metabolic process; glyceraldehyde-3-phosphate metabolic process; isopentenyl diphosphate biosynthetic process; isopentenyl diphosphate biosynthetic process, methylerythritol phosphate pathway; isopentenyl diphosphate metabolic process; isoprenoid biosynthetic process; isoprenoid metabolic process; phospholipid biosynthetic process; phospholipid metabolic process; terpenoid biosynthetic process; terpenoid metabolic process	1
hscA	Q88PK4	RHEA:13065		protein folding; protein maturation	0
iscS	Q88PK8	RHEA:43892	(sulfur carrier)-H; (sulfur carrier)-SH; L-alanine; L-cysteine		17
cysE	Q88PL0	RHEA:24560	L-serine; O-acetyl-L-serine; acetyl-CoA	L-cysteine biosynthetic process; serine family amino acid biosynthetic process; sulfur amino acid biosynthetic process; sulfur amino acid metabolic process	35
tgt	Q88PL7	RHEA:16633	guanine; queuine	RNA biosynthetic process; RNA modification; RNA processing; macromolecule modification; nucleic acid biosynthetic process; tRNA modification; tRNA processing; tRNA queuosine(34) biosynthetic process; tRNA wobble base modification; tRNA wobble guanine modification	2
queA	Q88PL8	RHEA:32155	L-methionine; adenine	RNA biosynthetic process; RNA modification; RNA processing; macromolecule modification; nucleic acid biosynthetic process; tRNA modification; tRNA processing; tRNA queuosine(34) biosynthetic process; tRNA wobble base modification; tRNA wobble guanine modification	11
fruK	Q88PQ4	RHEA:14213	beta-D-fructose 1,6-bisphosphate; beta-D-fructose 1-phosphate		2
fruB	Q88PQ5	RHEA:23880	phosphoenolpyruvate; pyruvate		33
nadC	Q88PR1	RHEA:12733	5-phospho-alpha-D-ribose 1-diphosphate; nicotinate beta-D-ribonucleotide; quinolinate	NAD+ biosynthetic process; NAD+ metabolic process; dicarboxylic acid catabolic process; dicarboxylic acid metabolic process; nicotinamide nucleotide biosynthetic process; nicotinamide nucleotide metabolic process; nucleotide biosynthetic process; purine nucleotide biosynthetic process; pyridine nucleotide biosynthetic process; pyridine-containing compound biosynthetic process; pyridine-containing compound catabolic process; quinolinate catabolic process; quinolinate metabolic process	9
pta	Q88PS4	RHEA:19521	acetyl phosphate; acetyl-CoA	acetyl-CoA biosynthetic process; acetyl-CoA metabolic process; acyl-CoA biosynthetic process; acyl-CoA metabolic process	24
mqo1	Q88PU7	RHEA:21252;RHEA:46012	(S)-2-hydroxyglutarate; (S)-malate; oxaloacetate	tricarboxylic acid cycle	11
hemH	Q88PV4	RHEA:22584	heme b; protoporphyrin IX	heme biosynthetic process; heme metabolic process; pigment biosynthetic process; pigment metabolic process; porphyrin-containing compound biosynthetic process; porphyrin-containing compound metabolic process; tetrapyrrole biosynthetic process; tetrapyrrole metabolic process	2
murI	Q88PW2	RHEA:12813;RHEA:18317	D-glutamate; a D-alpha-amino acid; an L-alpha-amino acid	aminoglycan biosynthetic process; aminoglycan metabolic process; cell wall macromolecule biosynthetic process; cell wall macromolecule metabolic process; glycosaminoglycan biosynthetic process; glycosaminoglycan metabolic process; peptidoglycan biosynthetic process; peptidoglycan metabolic process	3
moeB	Q88PW3	RHEA:16881;RHEA:43616	hydrogen cyanide; thiocyanate; thiosulfate		0
hemA	Q88PW6	RHEA:12344	(S)-4-amino-5-oxopentanoate	tetrapyrrole biosynthetic process; tetrapyrrole metabolic process	1
ispE	Q88PX5	RHEA:18437	4-CDP-2-C-methyl-D-erythritol; 4-CDP-2-C-methyl-D-erythritol 2-phosphate	aldehyde metabolic process; glyceraldehyde-3-phosphate metabolic process; isopentenyl diphosphate biosynthetic process; isopentenyl diphosphate biosynthetic process, methylerythritol phosphate pathway; isopentenyl diphosphate metabolic process; isoprenoid biosynthetic process; isoprenoid metabolic process; phospholipid biosynthetic process; phospholipid metabolic process; terpenoid biosynthetic process; terpenoid metabolic process	2
prs	Q88PX6	RHEA:15609	5-phospho-alpha-D-ribose 1-diphosphate; D-ribose 5-phosphate	5-phosphoribose 1-diphosphate biosynthetic process; 5-phosphoribose 1-diphosphate metabolic process; nucleoside monophosphate biosynthetic process; nucleoside monophosphate metabolic process; nucleotide biosynthetic process; purine nucleotide biosynthetic process; ribonucleoside monophosphate biosynthetic process; ribose phosphate biosynthetic process; ribose phosphate metabolic process	6
ada	Q88PZ2	RHEA:24000		DNA metabolic process; DNA repair; DNA-templated transcription; RNA biosynthetic process; nucleic acid biosynthetic process	0
proB	Q88Q07	RHEA:14877	L-glutamyl 5-phosphate	L-proline biosynthetic process; L-proline metabolic process; glutamate family amino acid biosynthetic process	1
gdhA	Q88Q23	RHEA:11612;RHEA:15133		dicarboxylic acid metabolic process; glutamate metabolic process	0
mdh	Q88Q44	RHEA:21432;RHEA:23444	(S)-lactate; (S)-malate; oxaloacetate; pyruvate	lactate metabolic process	33
coaE	Q88Q65	RHEA:18245	3'-dephospho-CoA	coenzyme A biosynthetic process; coenzyme A metabolic process	1
clpB	Q88Q71	RHEA:13065		protein folding; protein maturation; protein refolding	0
ileS	Q88Q92	RHEA:11060	L-isoleucine	amino acid activation; aminoacyl-tRNA metabolism involved in translational fidelity; isoleucyl-tRNA aminoacylation; protein biosynthetic process; tRNA aminoacylation; tRNA aminoacylation for protein translation; translation	1
speA	Q88QC7	RHEA:17641	L-arginine; agmatine	L-arginine catabolic process; amine biosynthetic process; amine metabolic process; arginine metabolic process; biogenic amine biosynthetic process; biogenic amine metabolic process; polyamine biosynthetic process; polyamine metabolic process; proteinogenic amino acid catabolic process; spermidine biosynthetic process; spermidine metabolic process	7
aroQ1	Q88QD4	RHEA:21096	3-dehydroquinate; 3-dehydroshikimate	chorismate biosynthetic process; chorismate metabolic process; dicarboxylic acid biosynthetic process; dicarboxylic acid metabolic process; quinate catabolic process	10
accB	Q88QD5	RHEA:11308	acetyl-CoA; malonyl-CoA	fatty acid biosynthetic process; fatty acid metabolic process	24
accC	Q88QD6	RHEA:13501		acyl-CoA biosynthetic process; acyl-CoA metabolic process; malonyl-CoA biosynthetic process; malonyl-CoA metabolic process	0
acoA	Q88QD9	RHEA:19189	pyruvate	acetyl-CoA biosynthetic process; acetyl-CoA metabolic process; acyl-CoA biosynthetic process; acyl-CoA metabolic process; pyruvate decarboxylation to acetyl-CoA; pyruvate metabolic process	24
acoC	Q88QE1	RHEA:17017	acetyl-CoA		24
bdhA	Q88QE2	RHEA:24340	(R)-acetoin; (R,R)-butane-2,3-diol		0
ubiX	Q88QE6	RHEA:37743	dimethylallyl phosphate; prenylated FMNH2		0
mpl	Q88QE7	RHEA:29563	L-alanyl-gamma-D-glutamyl-meso-2,6-diaminopimelate; UDP-N-acetyl-alpha-D-muramate; UDP-N-acetyl-alpha-D-muramoyl-L-alanyl-gamma-D-glutamyl-meso-2,6-diaminopimelate	aminoglycan biosynthetic process; aminoglycan metabolic process; cell wall macromolecule biosynthetic process; cell wall macromolecule metabolic process; glycosaminoglycan biosynthetic process; glycosaminoglycan metabolic process; peptidoglycan biosynthetic process; peptidoglycan metabolic process; peptidoglycan turnover	4
aldB-I	Q88QE9	RHEA:16185	a carboxylate; an aldehyde		7
eutB	Q88QF1	RHEA:15313	acetaldehyde; ethanolamine	alcohol catabolic process; alcohol metabolic process; amine catabolic process; amine metabolic process; biogenic amine catabolic process; ethanolamine catabolic process; ethanolamine metabolic process; primary alcohol catabolic process; primary alcohol metabolic process; primary amino compound catabolic process	2
eutC	Q88QF2	RHEA:15313	acetaldehyde; ethanolamine	alcohol catabolic process; alcohol metabolic process; amine catabolic process; amine metabolic process; biogenic amine catabolic process; ethanolamine catabolic process; ethanolamine metabolic process; primary alcohol catabolic process; primary alcohol metabolic process; primary amino compound catabolic process	2
dxs	Q88QG7	RHEA:12605	1-deoxy-D-xylulose 5-phosphate; D-glyceraldehyde 3-phosphate; pyruvate	alcohol biosynthetic process; alcohol metabolic process; aldehyde metabolic process; glyceraldehyde-3-phosphate metabolic process; isopentenyl diphosphate biosynthetic process; isopentenyl diphosphate biosynthetic process, methylerythritol phosphate pathway; isopentenyl diphosphate metabolic process; isoprenoid biosynthetic process; isoprenoid metabolic process; phospholipid biosynthetic process; phospholipid metabolic process; primary alcohol biosynthetic process; primary alcohol metabolic process; pyrimidine-containing compound biosynthetic process; pyrimidine-containing compound metabolic process; terpenoid biosynthetic process; terpenoid metabolic process; thiamine biosynthetic process; thiamine metabolic process; thiamine-containing compound biosynthetic process; thiamine-containing compound metabolic process; vitamin biosynthetic process; vitamin metabolic process; water-soluble vitamin biosynthetic process	33
pgpA	Q88QH3	RHEA:16725	a phosphatidylglycerol; a phosphatidylglycerol phosphate	glycerolipid biosynthetic process; glycerolipid metabolic process; glycerophospholipid biosynthetic process; glycerophospholipid metabolic process; phosphatidylglycerol biosynthetic process; phosphatidylglycerol metabolic process; phospholipid biosynthetic process; phospholipid metabolic process	0
PP_0500	Q88QJ2	RHEA:21796	dTDP-4-dehydro-beta-L-rhamnose; dTDP-beta-L-rhamnose	O antigen biosynthetic process; carbohydrate biosynthetic process; dTDP-rhamnose biosynthetic process; lipopolysaccharide biosynthetic process; lipopolysaccharide metabolic process; liposaccharide metabolic process; nucleotide-sugar biosynthetic process; nucleotide-sugar metabolic process; polysaccharide biosynthetic process; polysaccharide metabolic process	4
selB	Q88QJ7	RHEA:19669		protein biosynthetic process; selenocysteine incorporation; translation; translational elongation; translational readthrough	0
selA	Q88QJ8	RHEA:22728	selenophosphate	RNA biosynthetic process; RNA modification; RNA processing; charged-tRNA amino acid modification; conversion of seryl-tRNAsec to selenocys-tRNAsec; macromolecule modification; nucleic acid biosynthetic process; protein biosynthetic process; selenocysteine incorporation; tRNA modification; tRNA processing; translation; translational elongation; translational readthrough	1
uvrA	Q88QK7	RHEA:13065		DNA metabolic process; DNA repair; nucleotide-excision repair	0
katA	Q88QK9	RHEA:20309		hydrogen peroxide catabolic process; hydrogen peroxide metabolic process; reactive oxygen species metabolic process	0
rpoA	Q88QL1	RHEA:21248	a ribonucleoside 5'-triphosphate	DNA-templated transcription; RNA biosynthetic process; nucleic acid biosynthetic process	3
rpoC	Q88QP1	RHEA:21248	a ribonucleoside 5'-triphosphate	DNA-templated transcription; RNA biosynthetic process; nucleic acid biosynthetic process	3
rpoB	Q88QP2	RHEA:21248	a ribonucleoside 5'-triphosphate	DNA-templated transcription; RNA biosynthetic process; nucleic acid biosynthetic process	3
coaX	Q88QQ0	RHEA:16373	(R)-4'-phosphopantothenate; (R)-pantothenate	coenzyme A biosynthetic process; coenzyme A metabolic process	2
tyrS	Q88QQ2	RHEA:10220	L-tyrosine	amino acid activation; protein biosynthetic process; tRNA aminoacylation; tRNA aminoacylation for protein translation; translation; tyrosyl-tRNA aminoacylation	3
argC1	Q88QQ6	RHEA:21588	N-acetyl-L-glutamate 5-semialdehyde; N-acetyl-L-glutamyl 5-phosphate	L-arginine biosynthetic process; arginine metabolic process; glutamate family amino acid biosynthetic process	4
PP_0431	Q88QQ7	RHEA:62000	protoporphyrin IX; protoporphyrinogen IX	heme biosynthetic process; heme metabolic process; pigment biosynthetic process; pigment metabolic process; porphyrin-containing compound biosynthetic process; porphyrin-containing compound metabolic process; tetrapyrrole biosynthetic process; tetrapyrrole metabolic process	3
coq7	Q88QR1	RHEA:50908	a 5-methoxy-2-methyl-3-(all-trans-polyprenyl)benzene-1,4-diol	ketone biosynthetic process; ketone metabolic process; quinone biosynthetic process; quinone metabolic process; ubiquinone biosynthetic process; ubiquinone metabolic process	1
trpC	Q88QR6	RHEA:21540;RHEA:23476	(1S,2R)-1-C-(indol-3-yl)glycerol 3-phosphate; 1-(2-carboxyphenylamino)-1-deoxy-D-ribulose 5-phosphate; N-(5-phospho-beta-D-ribosyl)anthranilate	L-tryptophan biosynthetic process; amine biosynthetic process; amine metabolic process; aromatic amino acid biosynthetic process; biogenic amine biosynthetic process; biogenic amine metabolic process; erythrose 4-phosphate/phosphoenolpyruvate family amino acid biosynthetic process; indolalkylamine biosynthetic process; indole-containing compound biosynthetic process; indole-containing compound metabolic process	4
trpD	Q88QR7	RHEA:11768	5-phospho-alpha-D-ribose 1-diphosphate; N-(5-phospho-beta-D-ribosyl)anthranilate; anthranilate	L-tryptophan biosynthetic process; amine biosynthetic process; amine metabolic process; aromatic amino acid biosynthetic process; biogenic amine biosynthetic process; biogenic amine metabolic process; erythrose 4-phosphate/phosphoenolpyruvate family amino acid biosynthetic process; indolalkylamine biosynthetic process; indole-containing compound biosynthetic process; indole-containing compound metabolic process	9
pabA	Q88QR8	RHEA:11672;RHEA:21732	4-amino-4-deoxychorismate; anthranilate; chorismate; pyruvate	L-glutamine metabolic process; L-tryptophan biosynthetic process; amine biosynthetic process; amine metabolic process; aromatic amino acid biosynthetic process; biogenic amine biosynthetic process; biogenic amine metabolic process; erythrose 4-phosphate/phosphoenolpyruvate family amino acid biosynthetic process; folic acid-containing compound biosynthetic process; folic acid-containing compound metabolic process; indolalkylamine biosynthetic process; indole-containing compound biosynthetic process; indole-containing compound metabolic process; modified amino acid biosynthetic process; modified amino acid metabolic process; pteridine-containing compound biosynthetic process; pteridine-containing compound metabolic process; tetrahydrofolate biosynthetic process; tetrahydrofolate metabolic process	27
trpE	Q88QS1	RHEA:21732	anthranilate; chorismate; pyruvate	L-tryptophan biosynthetic process; amine biosynthetic process; amine metabolic process; aromatic amino acid biosynthetic process; biogenic amine biosynthetic process; biogenic amine metabolic process; erythrose 4-phosphate/phosphoenolpyruvate family amino acid biosynthetic process; indolalkylamine biosynthetic process; indole-containing compound biosynthetic process; indole-containing compound metabolic process	27
PP_0416	Q88QS2	RHEA:14369	2-phosphoglycolate; glycolate	DNA metabolic process; DNA repair; alcohol biosynthetic process; alcohol metabolic process; glycolate biosynthetic process; glycolate metabolic process; primary alcohol biosynthetic process; primary alcohol metabolic process	7
rpe	Q88QS3	RHEA:13677	D-ribulose 5-phosphate; D-xylulose 5-phosphate	NADP+ metabolic process; NADPH regeneration; carbohydrate catabolic process; glucose 6-phosphate metabolic process; monosaccharide catabolic process; monosaccharide metabolic process; nicotinamide nucleotide metabolic process; pentose catabolic process; pentose metabolic process; pentose-phosphate shunt	4
surA	Q88QT4	RHEA:16237		protein folding; protein maturation	0
pdxA	Q88QT5	RHEA:32275	3-amino-2-oxopropyl phosphate; 4-(phosphooxy)-L-threonine	aldehyde biosynthetic process; aldehyde metabolic process; pyridine-containing compound biosynthetic process; pyridoxal 5'-phosphate biosynthetic process; pyridoxal 5'-phosphate metabolic process; pyridoxine biosynthetic process; pyridoxine metabolic process; vitamin B6 biosynthetic process; vitamin B6 metabolic process; vitamin biosynthetic process; vitamin metabolic process; water-soluble vitamin biosynthetic process	1
apaH	Q88QT8	RHEA:24252	P(1),P(4)-bis(5'-adenosyl) tetraphosphate		0
cca	Q88QU2	RHEA:14433;RHEA:76235		RNA 3'-end processing; RNA biosynthetic process; RNA processing; nucleic acid biosynthetic process; tRNA 3'-end processing; tRNA 3'-terminal CCA addition; tRNA processing	0
davB	Q88QV1	RHEA:14601	5-aminopentanamide; L-lysine		6
davA	Q88QV2	RHEA:15677;RHEA:22284	5-aminopentanamide; 5-aminopentanoate; N-carbamoylputrescine; putrescine		5
pqqC	Q88QV6	RHEA:10692	6-(2-amino-2-carboxyethyl)-7,8-dioxo-1,2,3,4,7,8-hexahydroquinoline-2,4-dicarboxylate; pyrroloquinoline quinone	ketone biosynthetic process; ketone metabolic process; pyrroloquinoline quinone biosynthetic process; tricarboxylic acid biosynthetic process; tricarboxylic acid metabolic process	0
aruC	Q88QW2	RHEA:13877;RHEA:18049	L-glutamate 5-semialdehyde; L-ornithine; N(2)-acetyl-L-ornithine; N-acetyl-L-glutamate 5-semialdehyde; a 2-oxocarboxylate; an L-alpha-amino acid		14
bioD	Q88QW8	RHEA:15805	(4R,5S)-dethiobiotin; (7R,8S)-7,8-diammoniononanoate	biotin biosynthetic process; biotin metabolic process; vitamin biosynthetic process; vitamin metabolic process; water-soluble vitamin biosynthetic process	2
bioC	Q88QW9	RHEA:17105	malonyl-[ACP]; malonyl-[ACP] methyl ester	biotin biosynthetic process; biotin metabolic process; vitamin biosynthetic process; vitamin metabolic process; water-soluble vitamin biosynthetic process	5
bioH	Q88QX0	RHEA:21164;RHEA:42700	6-carboxyhexanoyl-[ACP]; 6-carboxyhexanoyl-[ACP] methyl ester; a carboxylate; a carboxylic ester; an alcohol; methanol		5
bioF	Q88QX1	RHEA:20712	(8S)-8-amino-7-oxononanoate; 6-carboxyhexanoyl-CoA; L-alanine	biotin biosynthetic process; biotin metabolic process; vitamin biosynthetic process; vitamin metabolic process; water-soluble vitamin biosynthetic process	7
bioB	Q88QX2	RHEA:22060	(4R,5S)-dethiobiotin; (sulfur carrier)-H; (sulfur carrier)-SH; 5'-deoxyadenosine; L-methionine; biotin	biotin biosynthetic process; biotin metabolic process; vitamin biosynthetic process; vitamin metabolic process; water-soluble vitamin biosynthetic process	13
aceE	Q88QZ5	RHEA:19189	pyruvate		24
aceF	Q88QZ6	RHEA:17017	acetyl-CoA	acetyl-CoA biosynthetic process; acetyl-CoA metabolic process; acyl-CoA biosynthetic process; acyl-CoA metabolic process; pyruvate decarboxylation to acetyl-CoA; pyruvate metabolic process	24
soxG	Q88R08	RHEA:13313	formaldehyde; glycine; sarcosine		13
soxA	Q88R09	RHEA:13313	formaldehyde; glycine; sarcosine	folic acid-containing compound metabolic process; modified amino acid metabolic process; pteridine-containing compound metabolic process; tetrahydrofolate metabolic process	13
soxD	Q88R10	RHEA:13313	formaldehyde; glycine; sarcosine	folic acid-containing compound metabolic process; modified amino acid metabolic process; pteridine-containing compound metabolic process; tetrahydrofolate metabolic process	13
soxB	Q88R11	RHEA:13313	formaldehyde; glycine; sarcosine	folic acid-containing compound metabolic process; modified amino acid metabolic process; pteridine-containing compound metabolic process; tetrahydrofolate metabolic process	13
PP_0303	Q88R31	RHEA:31555	(3S)-3-aminobutanoyl-CoA; (5S)-5-amino-3-oxohexanoate; acetoacetate; acetyl-CoA		27
lcdH	Q88R32	RHEA:19265	3-dehydrocarnitine; carnitine	amino-acid betaine catabolic process; amino-acid betaine metabolic process; carnitine catabolic process; carnitine metabolic process; fatty acid metabolic process; modified amino acid catabolic process; modified amino acid metabolic process	0
PP_0301	Q88R33	RHEA:16781	a fatty acid; a fatty acyl-CoA		1
cbcV	Q88R40	RHEA:13065			0
hisF	Q88R41	RHEA:24793	5-[(5-phospho-1-deoxy-D-ribulos-1-ylimino)methylamino]-1-(5-phospho-beta-D-ribosyl)imidazole-4-carboxamide; 5-amino-1-(5-phospho-beta-D-ribosyl)imidazole-4-carboxamide; D-erythro-1-(imidazol-4-yl)glycerol 3-phosphate	L-histidine biosynthetic process; aromatic amino acid biosynthetic process; imidazole-containing compound metabolic process	5
hisA	Q88R42	RHEA:15469	1-(5-phospho-beta-D-ribosyl)-5-[(5-phospho-beta-D-ribosylamino)methylideneamino]imidazole-4-carboxamide; 5-[(5-phospho-1-deoxy-D-ribulos-1-ylimino)methylamino]-1-(5-phospho-beta-D-ribosyl)imidazole-4-carboxamide	L-histidine biosynthetic process; L-tryptophan biosynthetic process; amine biosynthetic process; amine metabolic process; aromatic amino acid biosynthetic process; biogenic amine biosynthetic process; biogenic amine metabolic process; erythrose 4-phosphate/phosphoenolpyruvate family amino acid biosynthetic process; imidazole-containing compound metabolic process; indolalkylamine biosynthetic process; indole-containing compound biosynthetic process; indole-containing compound metabolic process	3
hisH	Q88R44	RHEA:15889;RHEA:24793	5-[(5-phospho-1-deoxy-D-ribulos-1-ylimino)methylamino]-1-(5-phospho-beta-D-ribosyl)imidazole-4-carboxamide; 5-amino-1-(5-phospho-beta-D-ribosyl)imidazole-4-carboxamide; D-erythro-1-(imidazol-4-yl)glycerol 3-phosphate	L-histidine biosynthetic process; aromatic amino acid biosynthetic process; imidazole-containing compound metabolic process	5
hisB	Q88R45	RHEA:11040	3-(imidazol-4-yl)-2-oxopropyl phosphate; D-erythro-1-(imidazol-4-yl)glycerol 3-phosphate	L-histidine biosynthetic process; aromatic amino acid biosynthetic process; imidazole-containing compound metabolic process	3
rmlC	Q88R69	RHEA:16969	dTDP-4-dehydro-6-deoxy-alpha-D-glucose; dTDP-4-dehydro-beta-L-rhamnose	carbohydrate biosynthetic process; dTDP-rhamnose biosynthetic process; nucleotide-sugar biosynthetic process; nucleotide-sugar metabolic process; polysaccharide biosynthetic process; polysaccharide metabolic process	4
gshA	Q88R90	RHEA:13285	L-cysteine; gamma-L-glutamyl-L-cysteine	glutathione biosynthetic process; glutathione metabolic process; modified amino acid biosynthetic process; modified amino acid metabolic process; nonribosomal peptide biosynthetic process; peptide biosynthetic process; peptide metabolic process	11
ssuB	Q88R93	RHEA:13065			0
ssuD	Q88R95	RHEA:23064	an aldehyde; an alkanesulfonate	alkanesulfonate catabolic process; alkanesulfonate metabolic process; sulfur compound catabolic process	5
ssuE	Q88R97	RHEA:21624		alkanesulfonate catabolic process; alkanesulfonate metabolic process; sulfur compound catabolic process	0
tauB	Q88RA1	RHEA:13065;RHEA:14613	taurine		1
tauD	Q88RA3	RHEA:15909	aminoacetaldehyde; succinate; taurine	sulfur compound catabolic process	16
davT	Q88RB9	RHEA:10212;RHEA:23352	4-aminobutanoate; 5-aminopentanoate; 5-oxopentanoate; succinate semialdehyde	L-lysine catabolic process; proteinogenic amino acid catabolic process	7
davD	Q88RC0	RHEA:13217;RHEA:57832	5-oxopentanoate; glutarate; succinate; succinate semialdehyde	GABA catabolic process; L-lysine catabolic process; non-proteinogenic amino acid catabolic process; non-proteinogenic amino acid metabolic process; proteinogenic amino acid catabolic process	17
hemD	Q88RE4	RHEA:18965	hydroxymethylbilane; uroporphyrinogen III	porphyrin-containing compound biosynthetic process; porphyrin-containing compound metabolic process; tetrapyrrole biosynthetic process; tetrapyrrole metabolic process; uroporphyrinogen III biosynthetic process; uroporphyrinogen III metabolic process	2
hemC	Q88RE5	RHEA:13185	hydroxymethylbilane; porphobilinogen	heme biosynthetic process; heme metabolic process; pigment biosynthetic process; pigment metabolic process; porphyrin-containing compound biosynthetic process; porphyrin-containing compound metabolic process; tetrapyrrole biosynthetic process; tetrapyrrole metabolic process	3
scpC	Q88RH5	RHEA:13381;RHEA:20289	a carboxylate; acetate; acetyl-CoA; an acyl-CoA	acetate metabolic process; acetyl-CoA metabolic process; acyl-CoA metabolic process	33
PP_0094	Q88RN5	RHEA:10596;RHEA:22140	a nucleoside; a nucleoside 5'-phosphate		0
trpB	Q88RP6	RHEA:10532	(1S,2R)-1-C-(indol-3-yl)glycerol 3-phosphate; D-glyceraldehyde 3-phosphate; L-serine; L-tryptophan	L-tryptophan biosynthetic process; amine biosynthetic process; amine metabolic process; aromatic amino acid biosynthetic process; biogenic amine biosynthetic process; biogenic amine metabolic process; erythrose 4-phosphate/phosphoenolpyruvate family amino acid biosynthetic process; indolalkylamine biosynthetic process; indole-containing compound biosynthetic process; indole-containing compound metabolic process	18
trpA	Q88RP7	RHEA:10532	(1S,2R)-1-C-(indol-3-yl)glycerol 3-phosphate; D-glyceraldehyde 3-phosphate; L-serine; L-tryptophan	L-tryptophan biosynthetic process; amine biosynthetic process; amine metabolic process; aromatic amino acid biosynthetic process; biogenic amine biosynthetic process; biogenic amine metabolic process; erythrose 4-phosphate/phosphoenolpyruvate family amino acid biosynthetic process; indolalkylamine biosynthetic process; indole-containing compound biosynthetic process; indole-containing compound metabolic process	18
betC	Q88RQ2	RHEA:20820	choline; choline sulfate		1
aroE	Q88RQ5	RHEA:17737	3-dehydroshikimate; shikimate	chorismate biosynthetic process; chorismate metabolic process; dicarboxylic acid biosynthetic process; dicarboxylic acid metabolic process; shikimate metabolic process	9
hemF	Q88RQ6	RHEA:18257	coproporphyrinogen III; protoporphyrinogen IX	heme biosynthetic process; heme metabolic process; pigment biosynthetic process; pigment metabolic process; porphyrin-containing compound biosynthetic process; porphyrin-containing compound metabolic process; tetrapyrrole biosynthetic process; tetrapyrrole metabolic process	3
fmt	Q88RR2	RHEA:24380	(6R)-10-formyltetrahydrofolate; (6S)-5,6,7,8-tetrahydrofolate	RNA biosynthetic process; RNA modification; RNA processing; charged-tRNA amino acid modification; conversion of methionyl-tRNA to N-formyl-methionyl-tRNA; macromolecule modification; nucleic acid biosynthetic process; protein biosynthetic process; tRNA modification; tRNA processing; translation; translational initiation	9
glyQ	Q88RR8	RHEA:16013	glycine	amino acid activation; glycyl-tRNA aminoacylation; protein biosynthetic process; tRNA aminoacylation; tRNA aminoacylation for protein translation; translation	12
glyS	Q88RR9	RHEA:16013;RHEA:20301	L-arginine; glycine	amino acid activation; arginyl-tRNA aminoacylation; glycyl-tRNA aminoacylation; protein biosynthetic process; tRNA aminoacylation; tRNA aminoacylation for protein translation; translation	18
gmhB	Q88RS0	RHEA:28518	D-glycero-beta-D-manno-heptose 1,7-bisphosphate; D-glycero-beta-D-manno-heptose 1-phosphate	ADP-L-glycero-beta-D-manno-heptose biosynthetic process; carbohydrate biosynthetic process; lipopolysaccharide biosynthetic process; lipopolysaccharide core region biosynthetic process; lipopolysaccharide metabolic process; liposaccharide metabolic process; nucleotide-sugar biosynthetic process; nucleotide-sugar metabolic process; oligosaccharide biosynthetic process; oligosaccharide metabolic process; polysaccharide biosynthetic process; polysaccharide metabolic process	1
