{
  "ptm": 0.5176069140434265,
  "iptm": 0.3770714998245239,
  "confidence_score": 0.3770714998245239,
  "complex_plddt": 0.747214674949646
}
