{
  "ptm": 0.6025757789611816,
  "iptm": 0.22775396704673767,
  "confidence_score": 0.22775396704673767,
  "complex_plddt": 0.8294003009796143
}
