GENE PRODUCT DB	GENE PRODUCT ID	SYMBOL	QUALIFIER	GO TERM	GO NAME	GO ASPECT	ECO ID	GO EVIDENCE CODE	REFERENCE	WITH/FROM	TAXON ID	TAXON NAME	ASSIGNED BY	GENE NAME	DATE
UniProtKB	P62877	RBX1	involved_in	GO:0016567	protein ubiquitination	biological_process	ECO:0000318	IBA	GO_REF:0000033	FB:FBgn0025638|FB:FBgn0040291|FB:FBgn0044020|MGI:MGI:1891829|PANTHER:PTN000129805|SGD:S000002166|UniProtKB:P62877|UniProtKB:Q9NYG5|UniProtKB:Q9UBF6	9606	Homo sapiens	GO_Central	E3 ubiquitin-protein ligase RBX1	20260528
UniProtKB	P62877	RBX1	is_active_in	GO:0005634	nucleus	cellular_component	ECO:0000318	IBA	GO_REF:0000033	FB:FBgn0025638|FB:FBgn0250903|MGI:MGI:1337096|PANTHER:PTN000129805|PomBase:SPAC23H4.18c|PomBase:SPAC343.03|SGD:S000002166|SGD:S000005493|UniProtKB:P62877|UniProtKB:Q38DY9|UniProtKB:Q9NYG5|UniProtKB:Q9UBF6	9606	Homo sapiens	GO_Central	E3 ubiquitin-protein ligase RBX1	20251218
UniProtKB	P62877	RBX1	part_of	GO:0031461	cullin-RING ubiquitin ligase complex	cellular_component	ECO:0000318	IBA	GO_REF:0000033	AGI_LocusCode:AT5G20570|FB:FBgn0025638|FB:FBgn0040291|FB:FBgn0044020|FB:FBgn0250903|MGI:MGI:1337096|MGI:MGI:1891829|PANTHER:PTN000129805|PomBase:SPAC23H4.18c|PomBase:SPAC343.03|SGD:S000002166|SGD:S000005493|UniProtKB:P62877|UniProtKB:Q38DY9|UniProtKB:Q9NYG5|UniProtKB:Q9UBF6|WB:WBGene00004320	9606	Homo sapiens	GO_Central	E3 ubiquitin-protein ligase RBX1	20250902
UniProtKB	P62877	RBX1	involved_in	GO:0006511	ubiquitin-dependent protein catabolic process	biological_process	ECO:0000318	IBA	GO_REF:0000033	FB:FBgn0250903|MGI:MGI:1337096|MGI:MGI:1891829|PANTHER:PTN000129805|PomBase:SPAC23H4.18c|SGD:S000002166|SGD:S000005493|UniProtKB:P62877|UniProtKB:Q9NYG5|UniProtKB:Q9UBF6|WB:WBGene00000145	9606	Homo sapiens	GO_Central	E3 ubiquitin-protein ligase RBX1	20241120
UniProtKB	P62877	RBX1	enables	GO:0061630	ubiquitin protein ligase activity	molecular_function	ECO:0000318	IBA	GO_REF:0000033	FB:FBgn0025638|FB:FBgn0040291|FB:FBgn0044020|FB:FBgn0250903|MGI:MGI:1337096|PANTHER:PTN000129805|PomBase:SPAC23H4.18c|SGD:S000002166|UniProtKB:P62877|UniProtKB:Q9NYG5|UniProtKB:Q9UBF6	9606	Homo sapiens	GO_Central	E3 ubiquitin-protein ligase RBX1	20241120
UniProtKB	P62877	RBX1	enables	GO:0097602	cullin family protein binding	molecular_function	ECO:0000318	IBA	GO_REF:0000033	FB:FBgn0025638|FB:FBgn0040291|FB:FBgn0044020|PANTHER:PTN000129805|UniProtKB:P62877|UniProtKB:Q9NYG5|UniProtKB:Q9UBF6|dictyBase:DDB_G0287629	9606	Homo sapiens	GO_Central	E3 ubiquitin-protein ligase RBX1	20230602
UniProtKB	P62877	RBX1	enables	GO:0004842	ubiquitin-protein transferase activity	molecular_function	ECO:0000256	IEA	GO_REF:0000117	ARBA:ARBA00026878	9606	Homo sapiens	UniProt	E3 ubiquitin-protein ligase RBX1	20260727
UniProtKB	P62877	RBX1	located_in	GO:0005634	nucleus	cellular_component	ECO:0007322	IEA	GO_REF:0000044	UniProtKB-SubCell:SL-0191	9606	Homo sapiens	UniProt	E3 ubiquitin-protein ligase RBX1	20260727
UniProtKB	P62877	RBX1	located_in	GO:0005737	cytoplasm	cellular_component	ECO:0007322	IEA	GO_REF:0000044	UniProtKB-SubCell:SL-0086	9606	Homo sapiens	UniProt	E3 ubiquitin-protein ligase RBX1	20260727
UniProtKB	P62877	RBX1	involved_in	GO:0006513	protein monoubiquitination	biological_process	ECO:0000256	IEA	GO_REF:0000117	ARBA:ARBA00085470	9606	Homo sapiens	UniProt	E3 ubiquitin-protein ligase RBX1	20260727
UniProtKB	P62877	RBX1	enables	GO:0008270	zinc ion binding	molecular_function	ECO:0000256	IEA	GO_REF:0000002	InterPro:IPR024766	9606	Homo sapiens	InterPro	E3 ubiquitin-protein ligase RBX1	20260727
UniProtKB	P62877	RBX1	part_of	GO:0031464	Cul4A-RING E3 ubiquitin ligase complex	cellular_component	ECO:0000256	IEA	GO_REF:0000117	ARBA:ARBA00085920	9606	Homo sapiens	UniProt	E3 ubiquitin-protein ligase RBX1	20260727
UniProtKB	P62877	RBX1	involved_in	GO:0034644	cellular response to UV	biological_process	ECO:0000256	IEA	GO_REF:0000117	ARBA:ARBA00026679	9606	Homo sapiens	UniProt	E3 ubiquitin-protein ligase RBX1	20260727
UniProtKB	P62877	RBX1	enables	GO:0061630	ubiquitin protein ligase activity	molecular_function	ECO:0000501	IEA	GO_REF:0000003	EC:2.3.2.27	9606	Homo sapiens	UniProt	E3 ubiquitin-protein ligase RBX1	20260727
UniProtKB	P62877	RBX1	enables	GO:0061663	NEDD8 ligase activity	molecular_function	ECO:0000501	IEA	GO_REF:0000003	EC:2.3.2.32	9606	Homo sapiens	UniProt	E3 ubiquitin-protein ligase RBX1	20260727
UniProtKB	P62877	RBX1	involved_in	GO:0070936	protein K48-linked ubiquitination	biological_process	ECO:0000256	IEA	GO_REF:0000117	ARBA:ARBA00086253	9606	Homo sapiens	UniProt	E3 ubiquitin-protein ligase RBX1	20260727
UniProtKB	P62877	RBX1	enables	GO:0005515	protein binding	molecular_function	ECO:0000353	IPI	PMID:11961546	UniProtKB:Q13616	9606	Homo sapiens	IntAct	E3 ubiquitin-protein ligase RBX1	20260725
UniProtKB	P62877	RBX1	enables	GO:0005515	protein binding	molecular_function	ECO:0000353	IPI	PMID:12504026	UniProtKB:Q13616	9606	Homo sapiens	IntAct	E3 ubiquitin-protein ligase RBX1	20260725
UniProtKB	P62877	RBX1	enables	GO:0005515	protein binding	molecular_function	ECO:0000353	IPI	PMID:12609982	UniProtKB:Q13616	9606	Homo sapiens	IntAct	E3 ubiquitin-protein ligase RBX1	20260725
UniProtKB	P62877	RBX1	enables	GO:0005515	protein binding	molecular_function	ECO:0000353	IPI	PMID:12609982	UniProtKB:Q13620	9606	Homo sapiens	IntAct	E3 ubiquitin-protein ligase RBX1	20260725
UniProtKB	P62877	RBX1	enables	GO:0005515	protein binding	molecular_function	ECO:0000353	IPI	PMID:15601820	UniProtKB:Q13617	9606	Homo sapiens	IntAct	E3 ubiquitin-protein ligase RBX1	20260725
UniProtKB	P62877	RBX1	enables	GO:0005515	protein binding	molecular_function	ECO:0000353	IPI	PMID:17183367	UniProtKB:Q13617	9606	Homo sapiens	IntAct	E3 ubiquitin-protein ligase RBX1	20260725
UniProtKB	P62877	RBX1	enables	GO:0005515	protein binding	molecular_function	ECO:0000353	IPI	PMID:17543862	UniProtKB:Q13618	9606	Homo sapiens	IntAct	E3 ubiquitin-protein ligase RBX1	20260725
UniProtKB	P62877	RBX1	enables	GO:0005515	protein binding	molecular_function	ECO:0000353	IPI	PMID:18239684	UniProtKB:Q13309	9606	Homo sapiens	IntAct	E3 ubiquitin-protein ligase RBX1	20260725
UniProtKB	P62877	RBX1	enables	GO:0005515	protein binding	molecular_function	ECO:0000353	IPI	PMID:18805092	UniProtKB:Q13616	9606	Homo sapiens	IntAct	E3 ubiquitin-protein ligase RBX1	20260725
UniProtKB	P62877	RBX1	enables	GO:0005515	protein binding	molecular_function	ECO:0000353	IPI	PMID:18805092	UniProtKB:Q93034	9606	Homo sapiens	IntAct	E3 ubiquitin-protein ligase RBX1	20260725
UniProtKB	P62877	RBX1	enables	GO:0005515	protein binding	molecular_function	ECO:0000353	IPI	PMID:19327355	UniProtKB:Q13617	9606	Homo sapiens	IntAct	E3 ubiquitin-protein ligase RBX1	20260725
UniProtKB	P62877	RBX1	enables	GO:0005515	protein binding	molecular_function	ECO:0000353	IPI	PMID:19549727	UniProtKB:P61081	9606	Homo sapiens	IntAct	E3 ubiquitin-protein ligase RBX1	20260725
UniProtKB	P62877	RBX1	enables	GO:0005515	protein binding	molecular_function	ECO:0000353	IPI	PMID:20399188	UniProtKB:Q13616	9606	Homo sapiens	IntAct	E3 ubiquitin-protein ligase RBX1	20260725
UniProtKB	P62877	RBX1	enables	GO:0005515	protein binding	molecular_function	ECO:0000353	IPI	PMID:21765416	UniProtKB:P61081	9606	Homo sapiens	IntAct	E3 ubiquitin-protein ligase RBX1	20260725
UniProtKB	P62877	RBX1	enables	GO:0005515	protein binding	molecular_function	ECO:0000353	IPI	PMID:21765416	UniProtKB:Q13616	9606	Homo sapiens	IntAct	E3 ubiquitin-protein ligase RBX1	20260725
UniProtKB	P62877	RBX1	enables	GO:0005515	protein binding	molecular_function	ECO:0000353	IPI	PMID:22660580	UniProtKB:Q13616	9606	Homo sapiens	IntAct	E3 ubiquitin-protein ligase RBX1	20260725
UniProtKB	P62877	RBX1	enables	GO:0005515	protein binding	molecular_function	ECO:0000353	IPI	PMID:23238014	UniProtKB:Q13620	9606	Homo sapiens	IntAct	E3 ubiquitin-protein ligase RBX1	20260725
UniProtKB	P62877	RBX1	enables	GO:0005515	protein binding	molecular_function	ECO:0000353	IPI	PMID:23274085	UniProtKB:P58004	9606	Homo sapiens	IntAct	E3 ubiquitin-protein ligase RBX1	20260725
UniProtKB	P62877	RBX1	enables	GO:0005515	protein binding	molecular_function	ECO:0000353	IPI	PMID:24949976	UniProtKB:Q13616	9606	Homo sapiens	IntAct	E3 ubiquitin-protein ligase RBX1	20260725
UniProtKB	P62877	RBX1	enables	GO:0005515	protein binding	molecular_function	ECO:0000353	IPI	PMID:25619834	UniProtKB:Q13618	9606	Homo sapiens	IntAct	E3 ubiquitin-protein ligase RBX1	20260725
UniProtKB	P62877	RBX1	enables	GO:0005515	protein binding	molecular_function	ECO:0000353	IPI	PMID:26496610	UniProtKB:Q13620	9606	Homo sapiens	IntAct	E3 ubiquitin-protein ligase RBX1	20260725
UniProtKB	P62877	RBX1	enables	GO:0005515	protein binding	molecular_function	ECO:0000353	IPI	PMID:29294217	UniProtKB:P58004	9606	Homo sapiens	IntAct	E3 ubiquitin-protein ligase RBX1	20260725
UniProtKB	P62877	RBX1	enables	GO:0005515	protein binding	molecular_function	ECO:0000353	IPI	PMID:30945288	UniProtKB:Q13620	9606	Homo sapiens	IntAct	E3 ubiquitin-protein ligase RBX1	20260725
UniProtKB	P62877	RBX1	enables	GO:0005515	protein binding	molecular_function	ECO:0000353	IPI	PMID:32296183	UniProtKB:P59991	9606	Homo sapiens	IntAct	E3 ubiquitin-protein ligase RBX1	20260725
UniProtKB	P62877	RBX1	enables	GO:0005515	protein binding	molecular_function	ECO:0000353	IPI	PMID:32296183	UniProtKB:P61081	9606	Homo sapiens	IntAct	E3 ubiquitin-protein ligase RBX1	20260725
UniProtKB	P62877	RBX1	enables	GO:0005515	protein binding	molecular_function	ECO:0000353	IPI	PMID:32296183	UniProtKB:Q13617	9606	Homo sapiens	IntAct	E3 ubiquitin-protein ligase RBX1	20260725
UniProtKB	P62877	RBX1	enables	GO:0005515	protein binding	molecular_function	ECO:0000353	IPI	PMID:32296183	UniProtKB:Q92990	9606	Homo sapiens	IntAct	E3 ubiquitin-protein ligase RBX1	20260725
UniProtKB	P62877	RBX1	enables	GO:0005515	protein binding	molecular_function	ECO:0000353	IPI	PMID:32296183	UniProtKB:Q9BYU1	9606	Homo sapiens	IntAct	E3 ubiquitin-protein ligase RBX1	20260725
UniProtKB	P62877	RBX1	enables	GO:0005515	protein binding	molecular_function	ECO:0000353	IPI	PMID:32726803	UniProtKB:Q13616	9606	Homo sapiens	IntAct	E3 ubiquitin-protein ligase RBX1	20260725
UniProtKB	P62877	RBX1	enables	GO:0005515	protein binding	molecular_function	ECO:0000353	IPI	PMID:33692209	UniProtKB:Q13616	9606	Homo sapiens	IntAct	E3 ubiquitin-protein ligase RBX1	20260725
UniProtKB	P62877	RBX1	enables	GO:0005515	protein binding	molecular_function	ECO:0000353	IPI	PMID:33961781	UniProtKB:Q13309	9606	Homo sapiens	IntAct	E3 ubiquitin-protein ligase RBX1	20260725
UniProtKB	P62877	RBX1	enables	GO:0005515	protein binding	molecular_function	ECO:0000353	IPI	PMID:33961781	UniProtKB:Q13616	9606	Homo sapiens	IntAct	E3 ubiquitin-protein ligase RBX1	20260725
UniProtKB	P62877	RBX1	enables	GO:0005515	protein binding	molecular_function	ECO:0000353	IPI	PMID:33961781	UniProtKB:Q13617	9606	Homo sapiens	IntAct	E3 ubiquitin-protein ligase RBX1	20260725
UniProtKB	P62877	RBX1	enables	GO:0005515	protein binding	molecular_function	ECO:0000353	IPI	PMID:33961781	UniProtKB:Q13620	9606	Homo sapiens	IntAct	E3 ubiquitin-protein ligase RBX1	20260725
UniProtKB	P62877	RBX1	enables	GO:0005515	protein binding	molecular_function	ECO:0000353	IPI	PMID:33961781	UniProtKB:Q92990	9606	Homo sapiens	IntAct	E3 ubiquitin-protein ligase RBX1	20260725
UniProtKB	P62877	RBX1	enables	GO:0005515	protein binding	molecular_function	ECO:0000353	IPI	PMID:34591642	UniProtKB:Q13618	9606	Homo sapiens	IntAct	E3 ubiquitin-protein ligase RBX1	20260725
UniProtKB	P62877	RBX1	enables	GO:0005515	protein binding	molecular_function	ECO:0000353	IPI	PMID:37788672	UniProtKB:Q13618	9606	Homo sapiens	IntAct	E3 ubiquitin-protein ligase RBX1	20260725
UniProtKB	P62877	RBX1	located_in	GO:0005829	cytosol	cellular_component	ECO:0000265	IEA	GO_REF:0000107	UniProtKB:P62878|ensembl:ENSMUSP00000023036	9606	Homo sapiens	Ensembl	E3 ubiquitin-protein ligase RBX1	20260724
UniProtKB	P62877	RBX1	involved_in	GO:0016567	protein ubiquitination	biological_process	ECO:0000501	IEA	GO_REF:0000120	UniProtKB:P62878|ensembl:ENSMUSP00000023036|UniPathway:UPA00143	9606	Homo sapiens	UniProt	E3 ubiquitin-protein ligase RBX1	20260724
UniProtKB	P62877	RBX1	part_of	GO:0019005	SCF ubiquitin ligase complex	cellular_component	ECO:0000501	IEA	GO_REF:0000120	ARBA:ARBA00091951|UniProtKB:P62878|ensembl:ENSMUSP00000023036	9606	Homo sapiens	UniProt	E3 ubiquitin-protein ligase RBX1	20260724
UniProtKB	P62877	RBX1	involved_in	GO:0031146	SCF-dependent proteasomal ubiquitin-dependent protein catabolic process	biological_process	ECO:0000501	IEA	GO_REF:0000120	ARBA:ARBA00084384|UniProtKB:P62878|ensembl:ENSMUSP00000023036	9606	Homo sapiens	UniProt	E3 ubiquitin-protein ligase RBX1	20260724
UniProtKB	P62877	RBX1	enables	GO:0061630	ubiquitin protein ligase activity	molecular_function	ECO:0000314	IDA	PMID:15601839		9606	Homo sapiens	UniProt	E3 ubiquitin-protein ligase RBX1	20260519
UniProtKB	P62877	RBX1	enables	GO:0061630	ubiquitin protein ligase activity	molecular_function	ECO:0000314	IDA	PMID:11027288		9606	Homo sapiens	UniProt	E3 ubiquitin-protein ligase RBX1	20260427
UniProtKB	P62877	RBX1	enables	GO:0061630	ubiquitin protein ligase activity	molecular_function	ECO:0000314	IDA	PMID:11027288		9606	Homo sapiens	UniProt	E3 ubiquitin-protein ligase RBX1	20260420
UniProtKB	P62877	RBX1	enables	GO:0061630	ubiquitin protein ligase activity	molecular_function	ECO:0000314	IDA	PMID:36608670		9606	Homo sapiens	UniProt	E3 ubiquitin-protein ligase RBX1	20260417
UniProtKB	P62877	RBX1	enables	GO:0031625	ubiquitin protein ligase binding	molecular_function	ECO:0000314	IDA	PMID:29769719		9606	Homo sapiens	UniProt	E3 ubiquitin-protein ligase RBX1	20260319
UniProtKB	P62877	RBX1	involved_in	GO:0043161	proteasome-mediated ubiquitin-dependent protein catabolic process	biological_process	ECO:0000314	IDA	PMID:29769719		9606	Homo sapiens	UniProt	E3 ubiquitin-protein ligase RBX1	20260319
UniProtKB	P62877	RBX1	involved_in	GO:0045724	positive regulation of cilium assembly	biological_process	ECO:0000314	IDA	PMID:29358211		9606	Homo sapiens	UniProt	E3 ubiquitin-protein ligase RBX1	20260319
UniProtKB	P62877	RBX1	involved_in	GO:0071230	cellular response to amino acid stimulus	biological_process	ECO:0000314	IDA	PMID:29769719		9606	Homo sapiens	UniProt	E3 ubiquitin-protein ligase RBX1	20260319
UniProtKB	P62877	RBX1	involved_in	GO:1904263	positive regulation of TORC1 signaling	biological_process	ECO:0000314	IDA	PMID:29769719		9606	Homo sapiens	UniProt	E3 ubiquitin-protein ligase RBX1	20260319
UniProtKB	P62877	RBX1	enables	GO:0061630	ubiquitin protein ligase activity	molecular_function	ECO:0000314	IDA	PMID:11027288		9606	Homo sapiens	UniProt	E3 ubiquitin-protein ligase RBX1	20260318
UniProtKB	P62877	RBX1	involved_in	GO:0070534	protein K63-linked ubiquitination	biological_process	ECO:0000314	IDA	PMID:29358211		9606	Homo sapiens	UniProt	E3 ubiquitin-protein ligase RBX1	20260317
UniProtKB	P62877	RBX1	involved_in	GO:0000165	MAPK cascade	biological_process	ECO:0000304	TAS	Reactome:R-HSA-5673001		9606	Homo sapiens	Reactome	E3 ubiquitin-protein ligase RBX1	20260316
UniProtKB	P62877	RBX1	involved_in	GO:0043687	post-translational protein modification	biological_process	ECO:0000304	TAS	Reactome:R-HSA-597592		9606	Homo sapiens	Reactome	E3 ubiquitin-protein ligase RBX1	20260316
UniProtKB	P62877	RBX1	involved_in	GO:0062197	cellular response to chemical stress	biological_process	ECO:0000304	TAS	Reactome:R-HSA-9711123		9606	Homo sapiens	Reactome	E3 ubiquitin-protein ligase RBX1	20260316
UniProtKB	P62877	RBX1	involved_in	GO:0090090	negative regulation of canonical Wnt signaling pathway	biological_process	ECO:0000304	TAS	Reactome:R-HSA-4641258		9606	Homo sapiens	Reactome	E3 ubiquitin-protein ligase RBX1	20260316
UniProtKB	P62877	RBX1	involved_in	GO:0045116	protein neddylation	biological_process	ECO:0007322	IEA	GO_REF:0000041	UniPathway:UPA00885	9606	Homo sapiens	UniProt	E3 ubiquitin-protein ligase RBX1	20260227
UniProtKB	P62877	RBX1	enables	GO:0061630	ubiquitin protein ligase activity	molecular_function	ECO:0000304	TAS	Reactome:R-HSA-1504190		9606	Homo sapiens	Reactome	E3 ubiquitin-protein ligase RBX1	20260222
UniProtKB	P62877	RBX1	enables	GO:0061630	ubiquitin protein ligase activity	molecular_function	ECO:0000304	TAS	Reactome:R-HSA-5635856		9606	Homo sapiens	Reactome	E3 ubiquitin-protein ligase RBX1	20260222
UniProtKB	P62877	RBX1	enables	GO:0061630	ubiquitin protein ligase activity	molecular_function	ECO:0000304	TAS	Reactome:R-HSA-5658424		9606	Homo sapiens	Reactome	E3 ubiquitin-protein ligase RBX1	20260222
UniProtKB	P62877	RBX1	enables	GO:0061630	ubiquitin protein ligase activity	molecular_function	ECO:0000304	TAS	Reactome:R-HSA-9755505		9606	Homo sapiens	Reactome	E3 ubiquitin-protein ligase RBX1	20260222
UniProtKB	P62877	RBX1	enables	GO:0061630	ubiquitin protein ligase activity	molecular_function	ECO:0000304	TAS	Reactome:R-HSA-9759172		9606	Homo sapiens	Reactome	E3 ubiquitin-protein ligase RBX1	20260222
UniProtKB	P62877	RBX1	enables	GO:0061630	ubiquitin protein ligase activity	molecular_function	ECO:0000304	TAS	Reactome:R-HSA-9762091		9606	Homo sapiens	Reactome	E3 ubiquitin-protein ligase RBX1	20260222
UniProtKB	P62877	RBX1	enables	GO:0061630	ubiquitin protein ligase activity	molecular_function	ECO:0000304	TAS	Reactome:R-HSA-9766645		9606	Homo sapiens	Reactome	E3 ubiquitin-protein ligase RBX1	20260222
UniProtKB	P62877	RBX1	enables	GO:0061630	ubiquitin protein ligase activity	molecular_function	ECO:0000314	IDA	PMID:11027288		9606	Homo sapiens	UniProt	E3 ubiquitin-protein ligase RBX1	20260206
UniProtKB	P62877	RBX1	enables	GO:0061630	ubiquitin protein ligase activity	molecular_function	ECO:0000314	IDA	PMID:23453970		9606	Homo sapiens	UniProt	E3 ubiquitin-protein ligase RBX1	20260129
UniProtKB	P62877	RBX1	part_of	GO:0031463	Cul3-RING ubiquitin ligase complex	cellular_component	ECO:0000353	IPI	PMID:15601839		9606	Homo sapiens	ComplexPortal	E3 ubiquitin-protein ligase RBX1	20260107
UniProtKB	P62877	RBX1	part_of	GO:0031463	Cul3-RING ubiquitin ligase complex	cellular_component	ECO:0000353	IPI	PMID:22542517		9606	Homo sapiens	ComplexPortal	E3 ubiquitin-protein ligase RBX1	20260107
UniProtKB	P62877	RBX1	part_of	GO:0031463	Cul3-RING ubiquitin ligase complex	cellular_component	ECO:0005547	NAS	PMID:22632832		9606	Homo sapiens	ComplexPortal	E3 ubiquitin-protein ligase RBX1	20260107
UniProtKB	P62877	RBX1	part_of	GO:0031463	Cul3-RING ubiquitin ligase complex	cellular_component	ECO:0000353	IPI	PMID:25684205		9606	Homo sapiens	ComplexPortal	E3 ubiquitin-protein ligase RBX1	20260107
UniProtKB	P62877	RBX1	part_of	GO:0031463	Cul3-RING ubiquitin ligase complex	cellular_component	ECO:0000353	IPI	PMID:26399832		9606	Homo sapiens	ComplexPortal	E3 ubiquitin-protein ligase RBX1	20260107
UniProtKB	P62877	RBX1	part_of	GO:0031463	Cul3-RING ubiquitin ligase complex	cellular_component	ECO:0005547	NAS	PMID:29249570		9606	Homo sapiens	ComplexPortal	E3 ubiquitin-protein ligase RBX1	20260107
UniProtKB	P62877	RBX1	part_of	GO:0031463	Cul3-RING ubiquitin ligase complex	cellular_component	ECO:0005547	NAS	PMID:31898230		9606	Homo sapiens	ComplexPortal	E3 ubiquitin-protein ligase RBX1	20260107
UniProtKB	P62877	RBX1	part_of	GO:0031463	Cul3-RING ubiquitin ligase complex	cellular_component	ECO:0005547	NAS	PMID:37628845		9606	Homo sapiens	ComplexPortal	E3 ubiquitin-protein ligase RBX1	20260107
UniProtKB	P62877	RBX1	part_of	GO:0031463	Cul3-RING ubiquitin ligase complex	cellular_component	ECO:0000353	IPI	PMID:37788672		9606	Homo sapiens	ComplexPortal	E3 ubiquitin-protein ligase RBX1	20260107
UniProtKB	P62877	RBX1	part_of	GO:0031463	Cul3-RING ubiquitin ligase complex	cellular_component	ECO:0000353	IPI	PMID:38332366		9606	Homo sapiens	ComplexPortal	E3 ubiquitin-protein ligase RBX1	20260107
UniProtKB	P62877	RBX1	involved_in	GO:0043161	proteasome-mediated ubiquitin-dependent protein catabolic process	biological_process	ECO:0005547	NAS	PMID:22542517		9606	Homo sapiens	ComplexPortal	E3 ubiquitin-protein ligase RBX1	20260107
UniProtKB	P62877	RBX1	involved_in	GO:0043161	proteasome-mediated ubiquitin-dependent protein catabolic process	biological_process	ECO:0005547	NAS	PMID:22632832		9606	Homo sapiens	ComplexPortal	E3 ubiquitin-protein ligase RBX1	20260107
UniProtKB	P62877	RBX1	involved_in	GO:0043161	proteasome-mediated ubiquitin-dependent protein catabolic process	biological_process	ECO:0005547	NAS	PMID:25684205		9606	Homo sapiens	ComplexPortal	E3 ubiquitin-protein ligase RBX1	20260107
UniProtKB	P62877	RBX1	involved_in	GO:0043161	proteasome-mediated ubiquitin-dependent protein catabolic process	biological_process	ECO:0005547	NAS	PMID:26399832		9606	Homo sapiens	ComplexPortal	E3 ubiquitin-protein ligase RBX1	20260107
UniProtKB	P62877	RBX1	involved_in	GO:0043161	proteasome-mediated ubiquitin-dependent protein catabolic process	biological_process	ECO:0000314	IDA	PMID:29249570		9606	Homo sapiens	ComplexPortal	E3 ubiquitin-protein ligase RBX1	20260107
UniProtKB	P62877	RBX1	involved_in	GO:0043161	proteasome-mediated ubiquitin-dependent protein catabolic process	biological_process	ECO:0005547	NAS	PMID:29249570		9606	Homo sapiens	ComplexPortal	E3 ubiquitin-protein ligase RBX1	20260107
UniProtKB	P62877	RBX1	involved_in	GO:0043161	proteasome-mediated ubiquitin-dependent protein catabolic process	biological_process	ECO:0005547	NAS	PMID:31898230		9606	Homo sapiens	ComplexPortal	E3 ubiquitin-protein ligase RBX1	20260107
UniProtKB	P62877	RBX1	involved_in	GO:0043161	proteasome-mediated ubiquitin-dependent protein catabolic process	biological_process	ECO:0005547	NAS	PMID:37628845		9606	Homo sapiens	ComplexPortal	E3 ubiquitin-protein ligase RBX1	20260107
UniProtKB	P62877	RBX1	involved_in	GO:0043161	proteasome-mediated ubiquitin-dependent protein catabolic process	biological_process	ECO:0000314	IDA	PMID:37788672		9606	Homo sapiens	ComplexPortal	E3 ubiquitin-protein ligase RBX1	20260107
UniProtKB	P62877	RBX1	part_of	GO:0000109	nucleotide-excision repair complex	cellular_component	ECO:0000353	IPI	PMID:22118460		9606	Homo sapiens	ComplexPortal	E3 ubiquitin-protein ligase RBX1	20251229
UniProtKB	P62877	RBX1	located_in	GO:0005634	nucleus	cellular_component	ECO:0005547	NAS	PMID:22118460		9606	Homo sapiens	ComplexPortal	E3 ubiquitin-protein ligase RBX1	20251229
UniProtKB	P62877	RBX1	involved_in	GO:0006289	nucleotide-excision repair	biological_process	ECO:0005547	NAS	PMID:22118460		9606	Homo sapiens	ComplexPortal	E3 ubiquitin-protein ligase RBX1	20251229
UniProtKB	P62877	RBX1	involved_in	GO:0006974	DNA damage response	biological_process	ECO:0005610	ISS	GO_REF:0000114	ComplexPortal:CPX-477	9606	Homo sapiens	ComplexPortal	E3 ubiquitin-protein ligase RBX1	20251229
UniProtKB	P62877	RBX1	involved_in	GO:0006974	DNA damage response	biological_process	ECO:0005543	EXP	PMID:22118460		9606	Homo sapiens	ComplexPortal	E3 ubiquitin-protein ligase RBX1	20251229
UniProtKB	P62877	RBX1	involved_in	GO:0007283	spermatogenesis	biological_process	ECO:0005547	NAS	PMID:29907856		9606	Homo sapiens	ComplexPortal	E3 ubiquitin-protein ligase RBX1	20251229
UniProtKB	P62877	RBX1	involved_in	GO:0008283	cell population proliferation	biological_process	ECO:0005547	NAS	PMID:30945288		9606	Homo sapiens	ComplexPortal	E3 ubiquitin-protein ligase RBX1	20251229
UniProtKB	P62877	RBX1	involved_in	GO:0010506	regulation of autophagy	biological_process	ECO:0005547	NAS	PMID:31267705		9606	Homo sapiens	ComplexPortal	E3 ubiquitin-protein ligase RBX1	20251229
UniProtKB	P62877	RBX1	involved_in	GO:0030174	regulation of DNA-templated DNA replication initiation	biological_process	ECO:0005547	NAS	PMID:16861906		9606	Homo sapiens	ComplexPortal	E3 ubiquitin-protein ligase RBX1	20251229
UniProtKB	P62877	RBX1	involved_in	GO:0031297	replication fork processing	biological_process	ECO:0005547	NAS	PMID:30018425		9606	Homo sapiens	ComplexPortal	E3 ubiquitin-protein ligase RBX1	20251229
UniProtKB	P62877	RBX1	involved_in	GO:0031297	replication fork processing	biological_process	ECO:0005547	NAS	PMID:33503431		9606	Homo sapiens	ComplexPortal	E3 ubiquitin-protein ligase RBX1	20251229
UniProtKB	P62877	RBX1	part_of	GO:0031464	Cul4A-RING E3 ubiquitin ligase complex	cellular_component	ECO:0005547	NAS	PMID:16861906		9606	Homo sapiens	ComplexPortal	E3 ubiquitin-protein ligase RBX1	20251229
UniProtKB	P62877	RBX1	part_of	GO:0031464	Cul4A-RING E3 ubiquitin ligase complex	cellular_component	ECO:0005547	NAS	PMID:16949367		9606	Homo sapiens	ComplexPortal	E3 ubiquitin-protein ligase RBX1	20251229
UniProtKB	P62877	RBX1	part_of	GO:0031464	Cul4A-RING E3 ubiquitin ligase complex	cellular_component	ECO:0000353	IPI	PMID:22118460		9606	Homo sapiens	ComplexPortal	E3 ubiquitin-protein ligase RBX1	20251229
UniProtKB	P62877	RBX1	part_of	GO:0031464	Cul4A-RING E3 ubiquitin ligase complex	cellular_component	ECO:0005543	EXP	PMID:22118460		9606	Homo sapiens	ComplexPortal	E3 ubiquitin-protein ligase RBX1	20251229
UniProtKB	P62877	RBX1	part_of	GO:0031464	Cul4A-RING E3 ubiquitin ligase complex	cellular_component	ECO:0005547	NAS	PMID:25108355		9606	Homo sapiens	ComplexPortal	E3 ubiquitin-protein ligase RBX1	20251229
UniProtKB	P62877	RBX1	part_of	GO:0031464	Cul4A-RING E3 ubiquitin ligase complex	cellular_component	ECO:0005547	NAS	PMID:25499913		9606	Homo sapiens	ComplexPortal	E3 ubiquitin-protein ligase RBX1	20251229
UniProtKB	P62877	RBX1	part_of	GO:0031464	Cul4A-RING E3 ubiquitin ligase complex	cellular_component	ECO:0000314	IDA	PMID:27113764		9606	Homo sapiens	ComplexPortal	E3 ubiquitin-protein ligase RBX1	20251229
UniProtKB	P62877	RBX1	part_of	GO:0031464	Cul4A-RING E3 ubiquitin ligase complex	cellular_component	ECO:0005547	NAS	PMID:28212551		9606	Homo sapiens	ComplexPortal	E3 ubiquitin-protein ligase RBX1	20251229
UniProtKB	P62877	RBX1	part_of	GO:0031464	Cul4A-RING E3 ubiquitin ligase complex	cellular_component	ECO:0005547	NAS	PMID:29691401		9606	Homo sapiens	ComplexPortal	E3 ubiquitin-protein ligase RBX1	20251229
UniProtKB	P62877	RBX1	part_of	GO:0031464	Cul4A-RING E3 ubiquitin ligase complex	cellular_component	ECO:0005547	NAS	PMID:30945288		9606	Homo sapiens	ComplexPortal	E3 ubiquitin-protein ligase RBX1	20251229
UniProtKB	P62877	RBX1	part_of	GO:0031464	Cul4A-RING E3 ubiquitin ligase complex	cellular_component	ECO:0000353	IPI	PMID:31693891		9606	Homo sapiens	ComplexPortal	E3 ubiquitin-protein ligase RBX1	20251229
UniProtKB	P62877	RBX1	part_of	GO:0031464	Cul4A-RING E3 ubiquitin ligase complex	cellular_component	ECO:0000353	IPI	PMID:34595758		9606	Homo sapiens	ComplexPortal	E3 ubiquitin-protein ligase RBX1	20251229
UniProtKB	P62877	RBX1	part_of	GO:0031465	Cul4B-RING E3 ubiquitin ligase complex	cellular_component	ECO:0005547	NAS	PMID:16861906		9606	Homo sapiens	ComplexPortal	E3 ubiquitin-protein ligase RBX1	20251229
UniProtKB	P62877	RBX1	part_of	GO:0031465	Cul4B-RING E3 ubiquitin ligase complex	cellular_component	ECO:0005547	NAS	PMID:16949367		9606	Homo sapiens	ComplexPortal	E3 ubiquitin-protein ligase RBX1	20251229
UniProtKB	P62877	RBX1	part_of	GO:0031465	Cul4B-RING E3 ubiquitin ligase complex	cellular_component	ECO:0005547	NAS	PMID:22118460		9606	Homo sapiens	ComplexPortal	E3 ubiquitin-protein ligase RBX1	20251229
UniProtKB	P62877	RBX1	part_of	GO:0031465	Cul4B-RING E3 ubiquitin ligase complex	cellular_component	ECO:0005547	NAS	PMID:25108355		9606	Homo sapiens	ComplexPortal	E3 ubiquitin-protein ligase RBX1	20251229
UniProtKB	P62877	RBX1	part_of	GO:0031465	Cul4B-RING E3 ubiquitin ligase complex	cellular_component	ECO:0005547	NAS	PMID:25499913		9606	Homo sapiens	ComplexPortal	E3 ubiquitin-protein ligase RBX1	20251229
UniProtKB	P62877	RBX1	part_of	GO:0031465	Cul4B-RING E3 ubiquitin ligase complex	cellular_component	ECO:0000353	IPI	PMID:27113764		9606	Homo sapiens	ComplexPortal	E3 ubiquitin-protein ligase RBX1	20251229
UniProtKB	P62877	RBX1	part_of	GO:0031465	Cul4B-RING E3 ubiquitin ligase complex	cellular_component	ECO:0005547	NAS	PMID:29691401		9606	Homo sapiens	ComplexPortal	E3 ubiquitin-protein ligase RBX1	20251229
UniProtKB	P62877	RBX1	part_of	GO:0031465	Cul4B-RING E3 ubiquitin ligase complex	cellular_component	ECO:0005547	NAS	PMID:30945288		9606	Homo sapiens	ComplexPortal	E3 ubiquitin-protein ligase RBX1	20251229
UniProtKB	P62877	RBX1	part_of	GO:0031465	Cul4B-RING E3 ubiquitin ligase complex	cellular_component	ECO:0005547	NAS	PMID:31452512		9606	Homo sapiens	ComplexPortal	E3 ubiquitin-protein ligase RBX1	20251229
UniProtKB	P62877	RBX1	part_of	GO:0031465	Cul4B-RING E3 ubiquitin ligase complex	cellular_component	ECO:0005547	NAS	PMID:33898171		9606	Homo sapiens	ComplexPortal	E3 ubiquitin-protein ligase RBX1	20251229
UniProtKB	P62877	RBX1	part_of	GO:0031465	Cul4B-RING E3 ubiquitin ligase complex	cellular_component	ECO:0005547	NAS	PMID:34595758		9606	Homo sapiens	ComplexPortal	E3 ubiquitin-protein ligase RBX1	20251229
UniProtKB	P62877	RBX1	involved_in	GO:0032814	regulation of natural killer cell activation	biological_process	ECO:0005547	NAS	PMID:31452512		9606	Homo sapiens	ComplexPortal	E3 ubiquitin-protein ligase RBX1	20251229
UniProtKB	P62877	RBX1	involved_in	GO:0034644	cellular response to UV	biological_process	ECO:0005610	ISS	GO_REF:0000114	ComplexPortal:CPX-477	9606	Homo sapiens	ComplexPortal	E3 ubiquitin-protein ligase RBX1	20251229
UniProtKB	P62877	RBX1	involved_in	GO:0034644	cellular response to UV	biological_process	ECO:0005543	EXP	PMID:22118460		9606	Homo sapiens	ComplexPortal	E3 ubiquitin-protein ligase RBX1	20251229
UniProtKB	P62877	RBX1	involved_in	GO:0040029	epigenetic regulation of gene expression	biological_process	ECO:0005547	NAS	PMID:30111536		9606	Homo sapiens	ComplexPortal	E3 ubiquitin-protein ligase RBX1	20251229
UniProtKB	P62877	RBX1	involved_in	GO:0040029	epigenetic regulation of gene expression	biological_process	ECO:0005547	NAS	PMID:34429321		9606	Homo sapiens	ComplexPortal	E3 ubiquitin-protein ligase RBX1	20251229
UniProtKB	P62877	RBX1	involved_in	GO:0040029	epigenetic regulation of gene expression	biological_process	ECO:0005547	NAS	PMID:34720086		9606	Homo sapiens	ComplexPortal	E3 ubiquitin-protein ligase RBX1	20251229
UniProtKB	P62877	RBX1	involved_in	GO:0042127	regulation of cell population proliferation	biological_process	ECO:0005547	NAS	PMID:33869224		9606	Homo sapiens	ComplexPortal	E3 ubiquitin-protein ligase RBX1	20251229
UniProtKB	P62877	RBX1	involved_in	GO:0042981	regulation of apoptotic process	biological_process	ECO:0005547	NAS	PMID:33898171		9606	Homo sapiens	ComplexPortal	E3 ubiquitin-protein ligase RBX1	20251229
UniProtKB	P62877	RBX1	involved_in	GO:0045995	regulation of embryonic development	biological_process	ECO:0005547	NAS	PMID:30111536		9606	Homo sapiens	ComplexPortal	E3 ubiquitin-protein ligase RBX1	20251229
UniProtKB	P62877	RBX1	involved_in	GO:0050727	regulation of inflammatory response	biological_process	ECO:0005547	NAS	PMID:35127719		9606	Homo sapiens	ComplexPortal	E3 ubiquitin-protein ligase RBX1	20251229
UniProtKB	P62877	RBX1	involved_in	GO:0060964	regulation of miRNA-mediated gene silencing	biological_process	ECO:0005547	NAS	PMID:34065512		9606	Homo sapiens	ComplexPortal	E3 ubiquitin-protein ligase RBX1	20251229
UniProtKB	P62877	RBX1	involved_in	GO:0080135	regulation of cellular response to stress	biological_process	ECO:0005547	NAS	PMID:31586112		9606	Homo sapiens	ComplexPortal	E3 ubiquitin-protein ligase RBX1	20251229
UniProtKB	P62877	RBX1	involved_in	GO:1901987	regulation of cell cycle phase transition	biological_process	ECO:0005547	NAS	PMID:16861906		9606	Homo sapiens	ComplexPortal	E3 ubiquitin-protein ligase RBX1	20251229
UniProtKB	P62877	RBX1	involved_in	GO:1901987	regulation of cell cycle phase transition	biological_process	ECO:0005547	NAS	PMID:25499913		9606	Homo sapiens	ComplexPortal	E3 ubiquitin-protein ligase RBX1	20251229
UniProtKB	P62877	RBX1	involved_in	GO:1902412	regulation of mitotic cytokinesis	biological_process	ECO:0005547	NAS	PMID:34758320		9606	Homo sapiens	ComplexPortal	E3 ubiquitin-protein ligase RBX1	20251229
UniProtKB	P62877	RBX1	involved_in	GO:1904178	negative regulation of adipose tissue development	biological_process	ECO:0005547	NAS	PMID:27113764		9606	Homo sapiens	ComplexPortal	E3 ubiquitin-protein ligase RBX1	20251229
UniProtKB	P62877	RBX1	involved_in	GO:2000036	regulation of stem cell population maintenance	biological_process	ECO:0005547	NAS	PMID:29691401		9606	Homo sapiens	ComplexPortal	E3 ubiquitin-protein ligase RBX1	20251229
UniProtKB	P62877	RBX1	involved_in	GO:2000036	regulation of stem cell population maintenance	biological_process	ECO:0005547	NAS	PMID:30442713		9606	Homo sapiens	ComplexPortal	E3 ubiquitin-protein ligase RBX1	20251229
UniProtKB	P62877	RBX1	involved_in	GO:0016485	protein processing	biological_process	ECO:0000304	TAS	PMID:16705181		9606	Homo sapiens	UniProt	E3 ubiquitin-protein ligase RBX1	20251212
UniProtKB	P62877	RBX1	part_of	GO:0019005	SCF ubiquitin ligase complex	cellular_component	ECO:0000314	IDA	PMID:16705181		9606	Homo sapiens	UniProt	E3 ubiquitin-protein ligase RBX1	20251212
UniProtKB	P62877	RBX1	involved_in	GO:0031146	SCF-dependent proteasomal ubiquitin-dependent protein catabolic process	biological_process	ECO:0000314	IDA	PMID:36608670		9606	Homo sapiens	UniProt	E3 ubiquitin-protein ligase RBX1	20251212
UniProtKB	P62877	RBX1	involved_in	GO:0045879	negative regulation of smoothened signaling pathway	biological_process	ECO:0000304	TAS	PMID:16705181		9606	Homo sapiens	UniProt	E3 ubiquitin-protein ligase RBX1	20251212
UniProtKB	P62877	RBX1	enables	GO:0061630	ubiquitin protein ligase activity	molecular_function	ECO:0000314	IDA	PMID:36608670		9606	Homo sapiens	UniProt	E3 ubiquitin-protein ligase RBX1	20251212
UniProtKB	P62877	RBX1	part_of	GO:0031463	Cul3-RING ubiquitin ligase complex	cellular_component	ECO:0000314	IDA	PMID:19782033		9606	Homo sapiens	UniProt	E3 ubiquitin-protein ligase RBX1	20251117
UniProtKB	P62877	RBX1	involved_in	GO:0043161	proteasome-mediated ubiquitin-dependent protein catabolic process	biological_process	ECO:0000314	IDA	PMID:19782033		9606	Homo sapiens	UniProt	E3 ubiquitin-protein ligase RBX1	20251117
UniProtKB	P62877	RBX1	enables	GO:0061630	ubiquitin protein ligase activity	molecular_function	ECO:0000314	IDA	PMID:19782033		9606	Homo sapiens	UniProt	E3 ubiquitin-protein ligase RBX1	20251117
UniProtKB	P62877	RBX1	located_in	GO:0005654	nucleoplasm	cellular_component	ECO:0000314	IDA	GO_REF:0000052		9606	Homo sapiens	HPA	E3 ubiquitin-protein ligase RBX1	20251115
UniProtKB	P62877	RBX1	part_of	GO:0019005	SCF ubiquitin ligase complex	cellular_component	ECO:0000353	IPI	PMID:17098746		9606	Homo sapiens	ComplexPortal	E3 ubiquitin-protein ligase RBX1	20251108
UniProtKB	P62877	RBX1	involved_in	GO:0000122	negative regulation of transcription by RNA polymerase II	biological_process	ECO:0005547	NAS	PMID:28591624		9606	Homo sapiens	ComplexPortal	E3 ubiquitin-protein ligase RBX1	20251021
UniProtKB	P62877	RBX1	part_of	GO:0031462	Cul2-RING ubiquitin ligase complex	cellular_component	ECO:0000353	IPI	PMID:28591624		9606	Homo sapiens	ComplexPortal	E3 ubiquitin-protein ligase RBX1	20251021
UniProtKB	P62877	RBX1	involved_in	GO:0000082	G1/S transition of mitotic cell cycle	biological_process	ECO:0005547	NAS	PMID:11961546		9606	Homo sapiens	ComplexPortal	E3 ubiquitin-protein ligase RBX1	20251014
UniProtKB	P62877	RBX1	involved_in	GO:0006355	regulation of DNA-templated transcription	biological_process	ECO:0005547	NAS	PMID:36372232		9606	Homo sapiens	ComplexPortal	E3 ubiquitin-protein ligase RBX1	20251014
UniProtKB	P62877	RBX1	involved_in	GO:0006879	intracellular iron ion homeostasis	biological_process	ECO:0005547	NAS	PMID:19762597		9606	Homo sapiens	ComplexPortal	E3 ubiquitin-protein ligase RBX1	20251014
UniProtKB	P62877	RBX1	involved_in	GO:0007346	regulation of mitotic cell cycle	biological_process	ECO:0005547	NAS	PMID:36395886		9606	Homo sapiens	ComplexPortal	E3 ubiquitin-protein ligase RBX1	20251014
UniProtKB	P62877	RBX1	involved_in	GO:0010564	regulation of cell cycle process	biological_process	ECO:0005547	NAS	PMID:31424118		9606	Homo sapiens	ComplexPortal	E3 ubiquitin-protein ligase RBX1	20251014
UniProtKB	P62877	RBX1	involved_in	GO:0010564	regulation of cell cycle process	biological_process	ECO:0005547	NAS	PMID:34445249		9606	Homo sapiens	ComplexPortal	E3 ubiquitin-protein ligase RBX1	20251014
UniProtKB	P62877	RBX1	involved_in	GO:0010564	regulation of cell cycle process	biological_process	ECO:0005547	NAS	PMID:35414786		9606	Homo sapiens	ComplexPortal	E3 ubiquitin-protein ligase RBX1	20251014
UniProtKB	P62877	RBX1	involved_in	GO:0010824	regulation of centrosome duplication	biological_process	ECO:0005547	NAS	PMID:29348145		9606	Homo sapiens	ComplexPortal	E3 ubiquitin-protein ligase RBX1	20251014
UniProtKB	P62877	RBX1	involved_in	GO:0014033	neural crest cell differentiation	biological_process	ECO:0005547	NAS	PMID:30190310		9606	Homo sapiens	ComplexPortal	E3 ubiquitin-protein ligase RBX1	20251014
UniProtKB	P62877	RBX1	part_of	GO:0019005	SCF ubiquitin ligase complex	cellular_component	ECO:0000353	IPI	PMID:11961546		9606	Homo sapiens	ComplexPortal	E3 ubiquitin-protein ligase RBX1	20251014
UniProtKB	P62877	RBX1	part_of	GO:0019005	SCF ubiquitin ligase complex	cellular_component	ECO:0005547	NAS	PMID:15520277		9606	Homo sapiens	ComplexPortal	E3 ubiquitin-protein ligase RBX1	20251014
UniProtKB	P62877	RBX1	part_of	GO:0019005	SCF ubiquitin ligase complex	cellular_component	ECO:0000353	IPI	PMID:19762597		9606	Homo sapiens	ComplexPortal	E3 ubiquitin-protein ligase RBX1	20251014
UniProtKB	P62877	RBX1	part_of	GO:0019005	SCF ubiquitin ligase complex	cellular_component	ECO:0005547	NAS	PMID:20498703		9606	Homo sapiens	ComplexPortal	E3 ubiquitin-protein ligase RBX1	20251014
UniProtKB	P62877	RBX1	part_of	GO:0019005	SCF ubiquitin ligase complex	cellular_component	ECO:0005547	NAS	PMID:20596027		9606	Homo sapiens	ComplexPortal	E3 ubiquitin-protein ligase RBX1	20251014
UniProtKB	P62877	RBX1	part_of	GO:0019005	SCF ubiquitin ligase complex	cellular_component	ECO:0000353	IPI	PMID:21572392		9606	Homo sapiens	ComplexPortal	E3 ubiquitin-protein ligase RBX1	20251014
UniProtKB	P62877	RBX1	part_of	GO:0019005	SCF ubiquitin ligase complex	cellular_component	ECO:0005547	NAS	PMID:26171402		9606	Homo sapiens	ComplexPortal	E3 ubiquitin-protein ligase RBX1	20251014
UniProtKB	P62877	RBX1	part_of	GO:0019005	SCF ubiquitin ligase complex	cellular_component	ECO:0000353	IPI	PMID:33692209		9606	Homo sapiens	ComplexPortal	E3 ubiquitin-protein ligase RBX1	20251014
UniProtKB	P62877	RBX1	part_of	GO:0019005	SCF ubiquitin ligase complex	cellular_component	ECO:0005547	NAS	PMID:34445249		9606	Homo sapiens	ComplexPortal	E3 ubiquitin-protein ligase RBX1	20251014
UniProtKB	P62877	RBX1	part_of	GO:0019005	SCF ubiquitin ligase complex	cellular_component	ECO:0005547	NAS	PMID:35982156		9606	Homo sapiens	ComplexPortal	E3 ubiquitin-protein ligase RBX1	20251014
UniProtKB	P62877	RBX1	involved_in	GO:0030510	regulation of BMP signaling pathway	biological_process	ECO:0005547	NAS	PMID:21572392		9606	Homo sapiens	ComplexPortal	E3 ubiquitin-protein ligase RBX1	20251014
UniProtKB	P62877	RBX1	involved_in	GO:0031146	SCF-dependent proteasomal ubiquitin-dependent protein catabolic process	biological_process	ECO:0005547	NAS	PMID:11961546		9606	Homo sapiens	ComplexPortal	E3 ubiquitin-protein ligase RBX1	20251014
UniProtKB	P62877	RBX1	involved_in	GO:0031146	SCF-dependent proteasomal ubiquitin-dependent protein catabolic process	biological_process	ECO:0005547	NAS	PMID:15520277		9606	Homo sapiens	ComplexPortal	E3 ubiquitin-protein ligase RBX1	20251014
UniProtKB	P62877	RBX1	involved_in	GO:0031146	SCF-dependent proteasomal ubiquitin-dependent protein catabolic process	biological_process	ECO:0000314	IDA	PMID:19762597		9606	Homo sapiens	ComplexPortal	E3 ubiquitin-protein ligase RBX1	20251014
UniProtKB	P62877	RBX1	involved_in	GO:0031146	SCF-dependent proteasomal ubiquitin-dependent protein catabolic process	biological_process	ECO:0005547	NAS	PMID:20498703		9606	Homo sapiens	ComplexPortal	E3 ubiquitin-protein ligase RBX1	20251014
UniProtKB	P62877	RBX1	involved_in	GO:0031146	SCF-dependent proteasomal ubiquitin-dependent protein catabolic process	biological_process	ECO:0005547	NAS	PMID:20596027		9606	Homo sapiens	ComplexPortal	E3 ubiquitin-protein ligase RBX1	20251014
UniProtKB	P62877	RBX1	involved_in	GO:0031146	SCF-dependent proteasomal ubiquitin-dependent protein catabolic process	biological_process	ECO:0005547	NAS	PMID:21572392		9606	Homo sapiens	ComplexPortal	E3 ubiquitin-protein ligase RBX1	20251014
UniProtKB	P62877	RBX1	involved_in	GO:0031146	SCF-dependent proteasomal ubiquitin-dependent protein catabolic process	biological_process	ECO:0005547	NAS	PMID:26171402		9606	Homo sapiens	ComplexPortal	E3 ubiquitin-protein ligase RBX1	20251014
UniProtKB	P62877	RBX1	involved_in	GO:0031146	SCF-dependent proteasomal ubiquitin-dependent protein catabolic process	biological_process	ECO:0005547	NAS	PMID:33234069		9606	Homo sapiens	ComplexPortal	E3 ubiquitin-protein ligase RBX1	20251014
UniProtKB	P62877	RBX1	involved_in	GO:0031146	SCF-dependent proteasomal ubiquitin-dependent protein catabolic process	biological_process	ECO:0005547	NAS	PMID:34445249		9606	Homo sapiens	ComplexPortal	E3 ubiquitin-protein ligase RBX1	20251014
UniProtKB	P62877	RBX1	involved_in	GO:0031146	SCF-dependent proteasomal ubiquitin-dependent protein catabolic process	biological_process	ECO:0005547	NAS	PMID:35982156		9606	Homo sapiens	ComplexPortal	E3 ubiquitin-protein ligase RBX1	20251014
UniProtKB	P62877	RBX1	involved_in	GO:0032006	regulation of TOR signaling	biological_process	ECO:0005547	NAS	PMID:23263282		9606	Homo sapiens	ComplexPortal	E3 ubiquitin-protein ligase RBX1	20251014
UniProtKB	P62877	RBX1	involved_in	GO:0042752	regulation of circadian rhythm	biological_process	ECO:0005547	NAS	PMID:17463251		9606	Homo sapiens	ComplexPortal	E3 ubiquitin-protein ligase RBX1	20251014
UniProtKB	P62877	RBX1	involved_in	GO:0042752	regulation of circadian rhythm	biological_process	ECO:0005547	NAS	PMID:23452855		9606	Homo sapiens	ComplexPortal	E3 ubiquitin-protein ligase RBX1	20251014
UniProtKB	P62877	RBX1	involved_in	GO:0042981	regulation of apoptotic process	biological_process	ECO:0005547	NAS	PMID:25654763		9606	Homo sapiens	ComplexPortal	E3 ubiquitin-protein ligase RBX1	20251014
UniProtKB	P62877	RBX1	involved_in	GO:0050727	regulation of inflammatory response	biological_process	ECO:0005547	NAS	PMID:23542741		9606	Homo sapiens	ComplexPortal	E3 ubiquitin-protein ligase RBX1	20251014
UniProtKB	P62877	RBX1	involved_in	GO:0051298	centrosome duplication	biological_process	ECO:0005547	NAS	PMID:34388369		9606	Homo sapiens	ComplexPortal	E3 ubiquitin-protein ligase RBX1	20251014
UniProtKB	P62877	RBX1	involved_in	GO:0051726	regulation of cell cycle	biological_process	ECO:0005547	NAS	PMID:33234069		9606	Homo sapiens	ComplexPortal	E3 ubiquitin-protein ligase RBX1	20251014
UniProtKB	P62877	RBX1	involved_in	GO:0060173	limb development	biological_process	ECO:0005547	NAS	PMID:10471509		9606	Homo sapiens	ComplexPortal	E3 ubiquitin-protein ligase RBX1	20251014
UniProtKB	P62877	RBX1	involved_in	GO:0060271	cilium assembly	biological_process	ECO:0005547	NAS	PMID:34368969		9606	Homo sapiens	ComplexPortal	E3 ubiquitin-protein ligase RBX1	20251014
UniProtKB	P62877	RBX1	involved_in	GO:1901524	regulation of mitophagy	biological_process	ECO:0005547	NAS	PMID:36135912		9606	Homo sapiens	ComplexPortal	E3 ubiquitin-protein ligase RBX1	20251014
UniProtKB	P62877	RBX1	involved_in	GO:1904415	regulation of xenophagy	biological_process	ECO:0005547	NAS	PMID:34515398		9606	Homo sapiens	ComplexPortal	E3 ubiquitin-protein ligase RBX1	20251014
UniProtKB	P62877	RBX1	involved_in	GO:2000001	regulation of DNA damage checkpoint	biological_process	ECO:0005547	NAS	PMID:33784509		9606	Homo sapiens	ComplexPortal	E3 ubiquitin-protein ligase RBX1	20251014
UniProtKB	P62877	RBX1	is_active_in	GO:0005794	Golgi apparatus	cellular_component	ECO:0000314	IDA	PMID:34065512		9606	Homo sapiens	UniProt	E3 ubiquitin-protein ligase RBX1	20250916
UniProtKB	P62877	RBX1	involved_in	GO:0043161	proteasome-mediated ubiquitin-dependent protein catabolic process	biological_process	ECO:0000314	IDA	PMID:10230407		9606	Homo sapiens	UniProt	E3 ubiquitin-protein ligase RBX1	20250916
UniProtKB	P62877	RBX1	enables	GO:0061630	ubiquitin protein ligase activity	molecular_function	ECO:0000314	IDA	PMID:23453970		9606	Homo sapiens	UniProt	E3 ubiquitin-protein ligase RBX1	20250916
UniProtKB	P62877	RBX1	involved_in	GO:0043161	proteasome-mediated ubiquitin-dependent protein catabolic process	biological_process	ECO:0000314	IDA	PMID:29681526		9606	Homo sapiens	UniProt	E3 ubiquitin-protein ligase RBX1	20250902
UniProtKB	P62877	RBX1	enables	GO:0061630	ubiquitin protein ligase activity	molecular_function	ECO:0000314	IDA	PMID:11027288		9606	Homo sapiens	UniProt	E3 ubiquitin-protein ligase RBX1	20250902
UniProtKB	P62877	RBX1	involved_in	GO:0043161	proteasome-mediated ubiquitin-dependent protein catabolic process	biological_process	ECO:0000314	IDA	PMID:29779948		9606	Homo sapiens	UniProt	E3 ubiquitin-protein ligase RBX1	20250825
UniProtKB	P62877	RBX1	enables	GO:0061630	ubiquitin protein ligase activity	molecular_function	ECO:0000314	IDA	PMID:11027288		9606	Homo sapiens	UniProt	E3 ubiquitin-protein ligase RBX1	20250825
UniProtKB	P62877	RBX1	part_of	GO:0031462	Cul2-RING ubiquitin ligase complex	cellular_component	ECO:0000353	IPI	PMID:15601820		9606	Homo sapiens	ComplexPortal	E3 ubiquitin-protein ligase RBX1	20250805
UniProtKB	P62877	RBX1	part_of	GO:0031462	Cul2-RING ubiquitin ligase complex	cellular_component	ECO:0000353	IPI	PMID:21822215		9606	Homo sapiens	ComplexPortal	E3 ubiquitin-protein ligase RBX1	20250805
UniProtKB	P62877	RBX1	part_of	GO:0031462	Cul2-RING ubiquitin ligase complex	cellular_component	ECO:0005547	NAS	PMID:22649776		9606	Homo sapiens	ComplexPortal	E3 ubiquitin-protein ligase RBX1	20250805
UniProtKB	P62877	RBX1	part_of	GO:0031462	Cul2-RING ubiquitin ligase complex	cellular_component	ECO:0005547	NAS	PMID:29779948		9606	Homo sapiens	ComplexPortal	E3 ubiquitin-protein ligase RBX1	20250805
UniProtKB	P62877	RBX1	part_of	GO:0031462	Cul2-RING ubiquitin ligase complex	cellular_component	ECO:0005547	NAS	PMID:33398168		9606	Homo sapiens	ComplexPortal	E3 ubiquitin-protein ligase RBX1	20250805
UniProtKB	P62877	RBX1	part_of	GO:0031462	Cul2-RING ubiquitin ligase complex	cellular_component	ECO:0005547	NAS	PMID:34743205		9606	Homo sapiens	ComplexPortal	E3 ubiquitin-protein ligase RBX1	20250805
UniProtKB	P62877	RBX1	involved_in	GO:0043161	proteasome-mediated ubiquitin-dependent protein catabolic process	biological_process	ECO:0005547	NAS	PMID:31273098		9606	Homo sapiens	ComplexPortal	E3 ubiquitin-protein ligase RBX1	20250805
UniProtKB	P62877	RBX1	involved_in	GO:0140627	ubiquitin-dependent protein catabolic process via the C-end degron rule pathway	biological_process	ECO:0005547	NAS	PMID:15601820		9606	Homo sapiens	ComplexPortal	E3 ubiquitin-protein ligase RBX1	20250805
UniProtKB	P62877	RBX1	involved_in	GO:0140627	ubiquitin-dependent protein catabolic process via the C-end degron rule pathway	biological_process	ECO:0005547	NAS	PMID:21822215		9606	Homo sapiens	ComplexPortal	E3 ubiquitin-protein ligase RBX1	20250805
UniProtKB	P62877	RBX1	involved_in	GO:0140627	ubiquitin-dependent protein catabolic process via the C-end degron rule pathway	biological_process	ECO:0005547	NAS	PMID:22649776		9606	Homo sapiens	ComplexPortal	E3 ubiquitin-protein ligase RBX1	20250805
UniProtKB	P62877	RBX1	involved_in	GO:0140627	ubiquitin-dependent protein catabolic process via the C-end degron rule pathway	biological_process	ECO:0005547	NAS	PMID:29779948		9606	Homo sapiens	ComplexPortal	E3 ubiquitin-protein ligase RBX1	20250805
UniProtKB	P62877	RBX1	involved_in	GO:0140627	ubiquitin-dependent protein catabolic process via the C-end degron rule pathway	biological_process	ECO:0005547	NAS	PMID:33398168		9606	Homo sapiens	ComplexPortal	E3 ubiquitin-protein ligase RBX1	20250805
UniProtKB	P62877	RBX1	involved_in	GO:0140627	ubiquitin-dependent protein catabolic process via the C-end degron rule pathway	biological_process	ECO:0005547	NAS	PMID:34743205		9606	Homo sapiens	ComplexPortal	E3 ubiquitin-protein ligase RBX1	20250805
UniProtKB	P62877	RBX1	involved_in	GO:1990116	ribosome-associated ubiquitin-dependent protein catabolic process	biological_process	ECO:0005547	NAS	PMID:33909987		9606	Homo sapiens	ComplexPortal	E3 ubiquitin-protein ligase RBX1	20250805
UniProtKB	P62877	RBX1	involved_in	GO:2000104	negative regulation of DNA-templated DNA replication	biological_process	ECO:0005547	NAS	PMID:22649776		9606	Homo sapiens	ComplexPortal	E3 ubiquitin-protein ligase RBX1	20250805
UniProtKB	P62877	RBX1	involved_in	GO:0006511	ubiquitin-dependent protein catabolic process	biological_process	ECO:0000314	IDA	PMID:18498745		9606	Homo sapiens	UniProt	E3 ubiquitin-protein ligase RBX1	20250724
UniProtKB	P62877	RBX1	involved_in	GO:0031146	SCF-dependent proteasomal ubiquitin-dependent protein catabolic process	biological_process	ECO:0000314	IDA	PMID:22017875		9606	Homo sapiens	UniProt	E3 ubiquitin-protein ligase RBX1	20250724
UniProtKB	P62877	RBX1	enables	GO:0061630	ubiquitin protein ligase activity	molecular_function	ECO:0000314	IDA	PMID:11027288		9606	Homo sapiens	UniProt	E3 ubiquitin-protein ligase RBX1	20250724
UniProtKB	P62877	RBX1	is_active_in	GO:0005813	centrosome	cellular_component	ECO:0000303	NAS	PMID:20596027		9606	Homo sapiens	UniProt	E3 ubiquitin-protein ligase RBX1	20250625
UniProtKB	P62877	RBX1	involved_in	GO:0031146	SCF-dependent proteasomal ubiquitin-dependent protein catabolic process	biological_process	ECO:0000314	IDA	PMID:10230407		9606	Homo sapiens	UniProt	E3 ubiquitin-protein ligase RBX1	20250625
UniProtKB	P62877	RBX1	enables	GO:0061630	ubiquitin protein ligase activity	molecular_function	ECO:0000314	IDA	PMID:11027288		9606	Homo sapiens	UniProt	E3 ubiquitin-protein ligase RBX1	20250625
UniProtKB	P62877	RBX1	involved_in	GO:0070936	protein K48-linked ubiquitination	biological_process	ECO:0000314	IDA	PMID:15103331		9606	Homo sapiens	UniProt	E3 ubiquitin-protein ligase RBX1	20250625
UniProtKB	P62877	RBX1	part_of	GO:0031462	Cul2-RING ubiquitin ligase complex	cellular_component	ECO:0000314	IDA	PMID:35978186		9606	Homo sapiens	UniProt	E3 ubiquitin-protein ligase RBX1	20250613
UniProtKB	P62877	RBX1	involved_in	GO:0043161	proteasome-mediated ubiquitin-dependent protein catabolic process	biological_process	ECO:0000250	ISS	GO_REF:0000024	MGI:MGI:1891829	9606	Homo sapiens	UniProt	E3 ubiquitin-protein ligase RBX1	20250612
UniProtKB	P62877	RBX1	enables	GO:0061630	ubiquitin protein ligase activity	molecular_function	ECO:0000250	ISS	GO_REF:0000024	MGI:MGI:1891829	9606	Homo sapiens	UniProt	E3 ubiquitin-protein ligase RBX1	20250612
UniProtKB	P62877	RBX1	involved_in	GO:0160276	negative regulation of beige fat cell differentiation	biological_process	ECO:0000250	ISS	GO_REF:0000024	MGI:MGI:1891829	9606	Homo sapiens	UniProt	E3 ubiquitin-protein ligase RBX1	20250612
UniProtKB	P62877	RBX1	part_of	GO:0031462	Cul2-RING ubiquitin ligase complex	cellular_component	ECO:0000314	IDA	PMID:37844242		9606	Homo sapiens	UniProt	E3 ubiquitin-protein ligase RBX1	20250604
UniProtKB	P62877	RBX1	enables	GO:0061630	ubiquitin protein ligase activity	molecular_function	ECO:0000314	IDA	PMID:37844242		9606	Homo sapiens	UniProt	E3 ubiquitin-protein ligase RBX1	20250604
UniProtKB	P62877	RBX1	involved_in	GO:0140627	ubiquitin-dependent protein catabolic process via the C-end degron rule pathway	biological_process	ECO:0000314	IDA	PMID:37844242		9606	Homo sapiens	UniProt	E3 ubiquitin-protein ligase RBX1	20250604
UniProtKB	P62877	RBX1	involved_in	GO:0044314	protein K27-linked ubiquitination	biological_process	ECO:0000314	IDA	PMID:40307251		9606	Homo sapiens	UniProt	E3 ubiquitin-protein ligase RBX1	20250519
UniProtKB	P62877	RBX1	enables	GO:0061630	ubiquitin protein ligase activity	molecular_function	ECO:0000305	IC	PMID:30171069	GO:0031146	9606	Homo sapiens	UniProt	E3 ubiquitin-protein ligase RBX1	20250519
UniProtKB	P62877	RBX1	is_active_in	GO:0005634	nucleus	cellular_component	ECO:0000305	IC	PMID:11027288		9606	Homo sapiens	UniProt	E3 ubiquitin-protein ligase RBX1	20250514
UniProtKB	P62877	RBX1	involved_in	GO:0043124	negative regulation of canonical NF-kappaB signal transduction	biological_process	ECO:0000314	IDA	PMID:33010352		9606	Homo sapiens	UniProt	E3 ubiquitin-protein ligase RBX1	20250514
UniProtKB	P62877	RBX1	enables	GO:0061630	ubiquitin protein ligase activity	molecular_function	ECO:0000314	IDA	PMID:11027288		9606	Homo sapiens	UniProt	E3 ubiquitin-protein ligase RBX1	20250514
UniProtKB	P62877	RBX1	enables	GO:0004842	ubiquitin-protein transferase activity	molecular_function	ECO:0000304	TAS	Reactome:R-HSA-69598		9606	Homo sapiens	Reactome	E3 ubiquitin-protein ligase RBX1	20250310
UniProtKB	P62877	RBX1	is_active_in	GO:0005737	cytoplasm	cellular_component	ECO:0000314	IDA	PMID:27708159		9606	Homo sapiens	UniProt	E3 ubiquitin-protein ligase RBX1	20250220
UniProtKB	P62877	RBX1	involved_in	GO:0006511	ubiquitin-dependent protein catabolic process	biological_process	ECO:0000314	IDA	PMID:17636018		9606	Homo sapiens	UniProt	E3 ubiquitin-protein ligase RBX1	20250220
UniProtKB	P62877	RBX1	enables	GO:0061630	ubiquitin protein ligase activity	molecular_function	ECO:0000314	IDA	PMID:11027288		9606	Homo sapiens	UniProt	E3 ubiquitin-protein ligase RBX1	20250220
UniProtKB	P62877	RBX1	is_active_in	GO:0005634	nucleus	cellular_component	ECO:0000314	IDA	PMID:11027288		9606	Homo sapiens	UniProt	E3 ubiquitin-protein ligase RBX1	20250217
UniProtKB	P62877	RBX1	enables	GO:0061630	ubiquitin protein ligase activity	molecular_function	ECO:0000314	IDA	PMID:11027288		9606	Homo sapiens	UniProt	E3 ubiquitin-protein ligase RBX1	20250217
UniProtKB	P62877	RBX1	involved_in	GO:0006974	DNA damage response	biological_process	ECO:0000314	IDA	PMID:30171069		9606	Homo sapiens	UniProt	E3 ubiquitin-protein ligase RBX1	20250212
UniProtKB	P62877	RBX1	involved_in	GO:0031146	SCF-dependent proteasomal ubiquitin-dependent protein catabolic process	biological_process	ECO:0000314	IDA	PMID:30171069		9606	Homo sapiens	UniProt	E3 ubiquitin-protein ligase RBX1	20250212
UniProtKB	P62877	RBX1	enables	GO:0061630	ubiquitin protein ligase activity	molecular_function	ECO:0000305	IC	PMID:30171069	GO:0031146	9606	Homo sapiens	UniProt	E3 ubiquitin-protein ligase RBX1	20250212
UniProtKB	P62877	RBX1	involved_in	GO:0006974	DNA damage response	biological_process	ECO:0000314	IDA	PMID:26124108		9606	Homo sapiens	UniProt	E3 ubiquitin-protein ligase RBX1	20250211
UniProtKB	P62877	RBX1	involved_in	GO:0031146	SCF-dependent proteasomal ubiquitin-dependent protein catabolic process	biological_process	ECO:0000314	IDA	PMID:24936062		9606	Homo sapiens	UniProt	E3 ubiquitin-protein ligase RBX1	20250211
UniProtKB	P62877	RBX1	involved_in	GO:0031146	SCF-dependent proteasomal ubiquitin-dependent protein catabolic process	biological_process	ECO:0000314	IDA	PMID:26124108		9606	Homo sapiens	UniProt	E3 ubiquitin-protein ligase RBX1	20250211
UniProtKB	P62877	RBX1	involved_in	GO:0042770	signal transduction in response to DNA damage	biological_process	ECO:0000314	IDA	PMID:24936062		9606	Homo sapiens	UniProt	E3 ubiquitin-protein ligase RBX1	20250211
UniProtKB	P62877	RBX1	enables	GO:0061630	ubiquitin protein ligase activity	molecular_function	ECO:0000305	IC	PMID:24936062	GO:0031146	9606	Homo sapiens	UniProt	E3 ubiquitin-protein ligase RBX1	20250211
UniProtKB	P62877	RBX1	enables	GO:0061630	ubiquitin protein ligase activity	molecular_function	ECO:0000305	IC	PMID:26124108	GO:0031146	9606	Homo sapiens	UniProt	E3 ubiquitin-protein ligase RBX1	20250211
UniProtKB	P62877	RBX1	involved_in	GO:0034599	cellular response to oxidative stress	biological_process	ECO:0000314	IDA	PMID:39880951		9606	Homo sapiens	UniProt	E3 ubiquitin-protein ligase RBX1	20250210
UniProtKB	P62877	RBX1	involved_in	GO:0043161	proteasome-mediated ubiquitin-dependent protein catabolic process	biological_process	ECO:0000314	IDA	PMID:39880951		9606	Homo sapiens	UniProt	E3 ubiquitin-protein ligase RBX1	20250210
UniProtKB	P62877	RBX1	enables	GO:0061630	ubiquitin protein ligase activity	molecular_function	ECO:0000314	IDA	PMID:39880951		9606	Homo sapiens	UniProt	E3 ubiquitin-protein ligase RBX1	20250210
UniProtKB	P62877	RBX1	involved_in	GO:0016567	protein ubiquitination	biological_process	ECO:0000314	IDA	PMID:34526721		9606	Homo sapiens	UniProt	E3 ubiquitin-protein ligase RBX1	20250204
UniProtKB	P62877	RBX1	is_active_in	GO:0090734	site of DNA damage	cellular_component	ECO:0000314	IDA	PMID:34526721		9606	Homo sapiens	UniProt	E3 ubiquitin-protein ligase RBX1	20250204
UniProtKB	P62877	RBX1	involved_in	GO:0160240	RNA polymerase II transcription initiation surveillance	biological_process	ECO:0000314	IDA	PMID:39504960		9606	Homo sapiens	UniProt	E3 ubiquitin-protein ligase RBX1	20250203
UniProtKB	P62877	RBX1	involved_in	GO:0160240	RNA polymerase II transcription initiation surveillance	biological_process	ECO:0000314	IDA	PMID:39667934		9606	Homo sapiens	UniProt	E3 ubiquitin-protein ligase RBX1	20250203
UniProtKB	P62877	RBX1	part_of	GO:0031463	Cul3-RING ubiquitin ligase complex	cellular_component	ECO:0000314	IDA	PMID:35687106		9606	Homo sapiens	UniProt	E3 ubiquitin-protein ligase RBX1	20250120
UniProtKB	P62877	RBX1	part_of	GO:0031463	Cul3-RING ubiquitin ligase complex	cellular_component	ECO:0000314	IDA	PMID:38225631		9606	Homo sapiens	UniProt	E3 ubiquitin-protein ligase RBX1	20250120
UniProtKB	P62877	RBX1	part_of	GO:0031463	Cul3-RING ubiquitin ligase complex	cellular_component	ECO:0000314	IDA	PMID:39504960		9606	Homo sapiens	UniProt	E3 ubiquitin-protein ligase RBX1	20250120
UniProtKB	P62877	RBX1	part_of	GO:0031463	Cul3-RING ubiquitin ligase complex	cellular_component	ECO:0000314	IDA	PMID:39667934		9606	Homo sapiens	UniProt	E3 ubiquitin-protein ligase RBX1	20250120
UniProtKB	P62877	RBX1	involved_in	GO:0043161	proteasome-mediated ubiquitin-dependent protein catabolic process	biological_process	ECO:0000314	IDA	PMID:35687106		9606	Homo sapiens	UniProt	E3 ubiquitin-protein ligase RBX1	20250120
UniProtKB	P62877	RBX1	involved_in	GO:0043161	proteasome-mediated ubiquitin-dependent protein catabolic process	biological_process	ECO:0000314	IDA	PMID:38225631		9606	Homo sapiens	UniProt	E3 ubiquitin-protein ligase RBX1	20250120
UniProtKB	P62877	RBX1	involved_in	GO:0043161	proteasome-mediated ubiquitin-dependent protein catabolic process	biological_process	ECO:0000314	IDA	PMID:39504960		9606	Homo sapiens	UniProt	E3 ubiquitin-protein ligase RBX1	20250120
UniProtKB	P62877	RBX1	involved_in	GO:0043161	proteasome-mediated ubiquitin-dependent protein catabolic process	biological_process	ECO:0000314	IDA	PMID:39667934		9606	Homo sapiens	UniProt	E3 ubiquitin-protein ligase RBX1	20250120
UniProtKB	P62877	RBX1	enables	GO:0061630	ubiquitin protein ligase activity	molecular_function	ECO:0000314	IDA	PMID:35687106		9606	Homo sapiens	UniProt	E3 ubiquitin-protein ligase RBX1	20250120
UniProtKB	P62877	RBX1	enables	GO:0061630	ubiquitin protein ligase activity	molecular_function	ECO:0000314	IDA	PMID:38225631		9606	Homo sapiens	UniProt	E3 ubiquitin-protein ligase RBX1	20250120
UniProtKB	P62877	RBX1	enables	GO:0061630	ubiquitin protein ligase activity	molecular_function	ECO:0000314	IDA	PMID:39504960		9606	Homo sapiens	UniProt	E3 ubiquitin-protein ligase RBX1	20250120
UniProtKB	P62877	RBX1	enables	GO:0061630	ubiquitin protein ligase activity	molecular_function	ECO:0000314	IDA	PMID:39667934		9606	Homo sapiens	UniProt	E3 ubiquitin-protein ligase RBX1	20250120
UniProtKB	P62877	RBX1	involved_in	GO:0006283	transcription-coupled nucleotide-excision repair	biological_process	ECO:0000314	IDA	PMID:34526721		9606	Homo sapiens	UniProt	E3 ubiquitin-protein ligase RBX1	20250115
UniProtKB	P62877	RBX1	enables	GO:0061630	ubiquitin protein ligase activity	molecular_function	ECO:0000314	IDA	PMID:34526721		9606	Homo sapiens	UniProt	E3 ubiquitin-protein ligase RBX1	20250115
UniProtKB	P62877	RBX1	part_of	GO:0080008	Cul4-RING E3 ubiquitin ligase complex	cellular_component	ECO:0000314	IDA	PMID:32355176		9606	Homo sapiens	UniProt	E3 ubiquitin-protein ligase RBX1	20250115
UniProtKB	P62877	RBX1	part_of	GO:0080008	Cul4-RING E3 ubiquitin ligase complex	cellular_component	ECO:0000314	IDA	PMID:34526721		9606	Homo sapiens	UniProt	E3 ubiquitin-protein ligase RBX1	20250115
UniProtKB	P62877	RBX1	is_active_in	GO:0005737	cytoplasm	cellular_component	ECO:0000305	IC	PMID:36394357		9606	Homo sapiens	UniProt	E3 ubiquitin-protein ligase RBX1	20241022
UniProtKB	P62877	RBX1	enables	GO:0061630	ubiquitin protein ligase activity	molecular_function	ECO:0000314	IDA	PMID:11027288		9606	Homo sapiens	UniProt	E3 ubiquitin-protein ligase RBX1	20241022
UniProtKB	P62877	RBX1	involved_in	GO:1901525	negative regulation of mitophagy	biological_process	ECO:0000305	IC	PMID:17636018		9606	Homo sapiens	UniProt	E3 ubiquitin-protein ligase RBX1	20241022
UniProtKB	P62877	RBX1	enables	GO:0061630	ubiquitin protein ligase activity	molecular_function	ECO:0000314	IDA	PMID:18498745		9606	Homo sapiens	UniProt	E3 ubiquitin-protein ligase RBX1	20240925
UniProtKB	P62877	RBX1	involved_in	GO:0006511	ubiquitin-dependent protein catabolic process	biological_process	ECO:0000314	IDA	PMID:18498745		9606	Homo sapiens	UniProt	E3 ubiquitin-protein ligase RBX1	20240924
UniProtKB	P62877	RBX1	involved_in	GO:0046627	negative regulation of insulin receptor signaling pathway	biological_process	ECO:0000314	IDA	PMID:18498745		9606	Homo sapiens	UniProt	E3 ubiquitin-protein ligase RBX1	20240924
UniProtKB	P62877	RBX1	involved_in	GO:0034599	cellular response to oxidative stress	biological_process	ECO:0000314	IDA	PMID:15601839		9606	Homo sapiens	UniProt	E3 ubiquitin-protein ligase RBX1	20240814
UniProtKB	P62877	RBX1	involved_in	GO:0043161	proteasome-mediated ubiquitin-dependent protein catabolic process	biological_process	ECO:0000314	IDA	PMID:15601839		9606	Homo sapiens	UniProt	E3 ubiquitin-protein ligase RBX1	20240814
UniProtKB	P62877	RBX1	enables	GO:0061630	ubiquitin protein ligase activity	molecular_function	ECO:0000314	IDA	PMID:15601839		9606	Homo sapiens	UniProt	E3 ubiquitin-protein ligase RBX1	20240814
UniProtKB	P62877	RBX1	enables	GO:0019788	NEDD8 transferase activity	molecular_function	ECO:0000304	TAS	Reactome:R-HSA-8952618		9606	Homo sapiens	Reactome	E3 ubiquitin-protein ligase RBX1	20240514
UniProtKB	P62877	RBX1	enables	GO:0019788	NEDD8 transferase activity	molecular_function	ECO:0000304	TAS	Reactome:R-HSA-8952626		9606	Homo sapiens	Reactome	E3 ubiquitin-protein ligase RBX1	20240514
UniProtKB	P62877	RBX1	enables	GO:0019788	NEDD8 transferase activity	molecular_function	ECO:0000304	TAS	Reactome:R-HSA-8952631		9606	Homo sapiens	Reactome	E3 ubiquitin-protein ligase RBX1	20240514
UniProtKB	P62877	RBX1	enables	GO:0019788	NEDD8 transferase activity	molecular_function	ECO:0000304	TAS	Reactome:R-HSA-8952638		9606	Homo sapiens	Reactome	E3 ubiquitin-protein ligase RBX1	20240514
UniProtKB	P62877	RBX1	involved_in	GO:0043161	proteasome-mediated ubiquitin-dependent protein catabolic process	biological_process	ECO:0000314	IDA	PMID:23453970		9606	Homo sapiens	UniProt	E3 ubiquitin-protein ligase RBX1	20240422
UniProtKB	P62877	RBX1	enables	GO:0061630	ubiquitin protein ligase activity	molecular_function	ECO:0000314	IDA	PMID:11027288		9606	Homo sapiens	UniProt	E3 ubiquitin-protein ligase RBX1	20240422
UniProtKB	P62877	RBX1	is_active_in	GO:0005737	cytoplasm	cellular_component	ECO:0000314	IDA	PMID:34065512		9606	Homo sapiens	UniProt	E3 ubiquitin-protein ligase RBX1	20231213
UniProtKB	P62877	RBX1	enables	GO:0061630	ubiquitin protein ligase activity	molecular_function	ECO:0000314	IDA	PMID:11027288		9606	Homo sapiens	UniProt	E3 ubiquitin-protein ligase RBX1	20231213
UniProtKB	P62877	RBX1	involved_in	GO:0070936	protein K48-linked ubiquitination	biological_process	ECO:0000314	IDA	PMID:29658272		9606	Homo sapiens	UniProt	E3 ubiquitin-protein ligase RBX1	20231213
UniProtKB	P62877	RBX1	involved_in	GO:1902883	negative regulation of response to oxidative stress	biological_process	ECO:0000314	IDA	PMID:11027288		9606	Homo sapiens	UniProt	E3 ubiquitin-protein ligase RBX1	20231213
UniProtKB	P62877	RBX1	involved_in	GO:0031146	SCF-dependent proteasomal ubiquitin-dependent protein catabolic process	biological_process	ECO:0000314	IDA	PMID:22017876		9606	Homo sapiens	UniProt	E3 ubiquitin-protein ligase RBX1	20230620
UniProtKB	P62877	RBX1	enables	GO:0061630	ubiquitin protein ligase activity	molecular_function	ECO:0000314	IDA	PMID:22017875		9606	Homo sapiens	UniProt	E3 ubiquitin-protein ligase RBX1	20230620
UniProtKB	P62877	RBX1	enables	GO:0061630	ubiquitin protein ligase activity	molecular_function	ECO:0000314	IDA	PMID:22017876		9606	Homo sapiens	UniProt	E3 ubiquitin-protein ligase RBX1	20230620
UniProtKB	P62877	RBX1	enables	GO:0061630	ubiquitin protein ligase activity	molecular_function	ECO:0000314	IDA	PMID:11027288		9606	Homo sapiens	UniProt	E3 ubiquitin-protein ligase RBX1	20230608
UniProtKB	P62877	RBX1	involved_in	GO:0043161	proteasome-mediated ubiquitin-dependent protein catabolic process	biological_process	ECO:0000314	IDA	PMID:29769719		9606	Homo sapiens	UniProt	E3 ubiquitin-protein ligase RBX1	20230601
UniProtKB	P62877	RBX1	enables	GO:0061630	ubiquitin protein ligase activity	molecular_function	ECO:0000314	IDA	PMID:23453970		9606	Homo sapiens	UniProt	E3 ubiquitin-protein ligase RBX1	20230420
UniProtKB	P62877	RBX1	involved_in	GO:0043123	positive regulation of canonical NF-kappaB signal transduction	biological_process	ECO:0000314	IDA	PMID:10644755		9606	Homo sapiens	UniProt	E3 ubiquitin-protein ligase RBX1	20230330
UniProtKB	P62877	RBX1	enables	GO:0061630	ubiquitin protein ligase activity	molecular_function	ECO:0000314	IDA	PMID:11027288		9606	Homo sapiens	UniProt	E3 ubiquitin-protein ligase RBX1	20230330
UniProtKB	P62877	RBX1	enables	GO:0061630	ubiquitin protein ligase activity	molecular_function	ECO:0000314	IDA	PMID:29779948		9606	Homo sapiens	UniProt	E3 ubiquitin-protein ligase RBX1	20230301
UniProtKB	P62877	RBX1	involved_in	GO:0043161	proteasome-mediated ubiquitin-dependent protein catabolic process	biological_process	ECO:0000314	IDA	PMID:34480022		9606	Homo sapiens	UniProt	E3 ubiquitin-protein ligase RBX1	20230124
UniProtKB	P62877	RBX1	involved_in	GO:0043161	proteasome-mediated ubiquitin-dependent protein catabolic process	biological_process	ECO:0000305	IC	PMID:36646384		9606	Homo sapiens	UniProt	E3 ubiquitin-protein ligase RBX1	20230124
UniProtKB	P62877	RBX1	enables	GO:0061630	ubiquitin protein ligase activity	molecular_function	ECO:0000314	IDA	PMID:11027288		9606	Homo sapiens	UniProt	E3 ubiquitin-protein ligase RBX1	20230124
UniProtKB	P62877	RBX1	involved_in	GO:0070936	protein K48-linked ubiquitination	biological_process	ECO:0000305	IC	PMID:36646384		9606	Homo sapiens	UniProt	E3 ubiquitin-protein ligase RBX1	20230124
UniProtKB	P62877	RBX1	is_active_in	GO:0005737	cytoplasm	cellular_component	ECO:0000305	IC	PMID:27708159		9606	Homo sapiens	UniProt	E3 ubiquitin-protein ligase RBX1	20221213
UniProtKB	P62877	RBX1	involved_in	GO:0070936	protein K48-linked ubiquitination	biological_process	ECO:0000314	IDA	PMID:27708159		9606	Homo sapiens	UniProt	E3 ubiquitin-protein ligase RBX1	20221213
UniProtKB	P62877	RBX1	involved_in	GO:1900076	regulation of cellular response to insulin stimulus	biological_process	ECO:0000305	IC	PMID:27708159		9606	Homo sapiens	UniProt	E3 ubiquitin-protein ligase RBX1	20221213
UniProtKB	P62877	RBX1	is_active_in	GO:0005737	cytoplasm	cellular_component	ECO:0000314	IDA	PMID:34065512		9606	Homo sapiens	UniProt	E3 ubiquitin-protein ligase RBX1	20221128
UniProtKB	P62877	RBX1	involved_in	GO:0007283	spermatogenesis	biological_process	ECO:0000314	IDA	PMID:34065512		9606	Homo sapiens	UniProt	E3 ubiquitin-protein ligase RBX1	20221128
UniProtKB	P62877	RBX1	involved_in	GO:0032480	negative regulation of type I interferon production	biological_process	ECO:0000314	IDA	PMID:36394357		9606	Homo sapiens	UniProt	E3 ubiquitin-protein ligase RBX1	20221128
UniProtKB	P62877	RBX1	involved_in	GO:0042110	T cell activation	biological_process	ECO:0000314	IDA	PMID:34065512		9606	Homo sapiens	UniProt	E3 ubiquitin-protein ligase RBX1	20221128
UniProtKB	P62877	RBX1	enables	GO:0061630	ubiquitin protein ligase activity	molecular_function	ECO:0000314	IDA	PMID:17636018		9606	Homo sapiens	UniProt	E3 ubiquitin-protein ligase RBX1	20221128
UniProtKB	P62877	RBX1	involved_in	GO:0140627	ubiquitin-dependent protein catabolic process via the C-end degron rule pathway	biological_process	ECO:0000314	IDA	PMID:34065512		9606	Homo sapiens	UniProt	E3 ubiquitin-protein ligase RBX1	20221128
UniProtKB	P62877	RBX1	enables	GO:0061630	ubiquitin protein ligase activity	molecular_function	ECO:0000314	IDA	PMID:11027288		9606	Homo sapiens	UniProt	E3 ubiquitin-protein ligase RBX1	20221125
UniProtKB	P62877	RBX1	is_active_in	GO:0005634	nucleus	cellular_component	ECO:0000305	IC	PMID:20870715		9606	Homo sapiens	UniProt	E3 ubiquitin-protein ligase RBX1	20221124
UniProtKB	P62877	RBX1	involved_in	GO:0045732	positive regulation of protein catabolic process	biological_process	ECO:0000314	IDA	PMID:11027288		9606	Homo sapiens	UniProt	E3 ubiquitin-protein ligase RBX1	20221124
UniProtKB	P62877	RBX1	enables	GO:0061630	ubiquitin protein ligase activity	molecular_function	ECO:0000314	IDA	PMID:11027288		9606	Homo sapiens	UniProt	E3 ubiquitin-protein ligase RBX1	20221124
UniProtKB	P62877	RBX1	enables	GO:0061630	ubiquitin protein ligase activity	molecular_function	ECO:0000314	IDA	PMID:20870715		9606	Homo sapiens	UniProt	E3 ubiquitin-protein ligase RBX1	20221124
UniProtKB	P62877	RBX1	involved_in	GO:0045732	positive regulation of protein catabolic process	biological_process	ECO:0000314	IDA	PMID:16482215		9606	Homo sapiens	UniProt	E3 ubiquitin-protein ligase RBX1	20220819
UniProtKB	P62877	RBX1	enables	GO:0061630	ubiquitin protein ligase activity	molecular_function	ECO:0000314	IDA	PMID:16482215		9606	Homo sapiens	UniProt	E3 ubiquitin-protein ligase RBX1	20220819
UniProtKB	P62877	RBX1	is_active_in	GO:0005634	nucleus	cellular_component	ECO:0000305	IC	PMID:27626656		9606	Homo sapiens	UniProt	E3 ubiquitin-protein ligase RBX1	20220818
UniProtKB	P62877	RBX1	involved_in	GO:0045732	positive regulation of protein catabolic process	biological_process	ECO:0000314	IDA	PMID:27626656		9606	Homo sapiens	UniProt	E3 ubiquitin-protein ligase RBX1	20220818
UniProtKB	P62877	RBX1	enables	GO:0061630	ubiquitin protein ligase activity	molecular_function	ECO:0000314	IDA	PMID:27626656		9606	Homo sapiens	UniProt	E3 ubiquitin-protein ligase RBX1	20220818
UniProtKB	P62877	RBX1	enables	GO:0060090	molecular adaptor activity	molecular_function	ECO:0000269	EXP	PMID:11961546		9606	Homo sapiens	DisProt	E3 ubiquitin-protein ligase RBX1	20220214
UniProtKB	P62877	RBX1	enables	GO:0061629	RNA polymerase II-specific DNA-binding transcription factor binding	molecular_function	ECO:0000353	IPI	PMID:14739464	UniProtKB:P05412	9606	Homo sapiens	UniProt	E3 ubiquitin-protein ligase RBX1	20210623
UniProtKB	P62877	RBX1	enables	GO:0005515	protein binding	molecular_function	ECO:0000353	IPI	PMID:25684205	UniProtKB:Q86V97	9606	Homo sapiens	UniProt	E3 ubiquitin-protein ligase RBX1	20210224
UniProtKB	P62877	RBX1	enables	GO:0005515	protein binding	molecular_function	ECO:0000353	IPI	PMID:25684205	UniProtKB:Q8WVZ9	9606	Homo sapiens	UniProt	E3 ubiquitin-protein ligase RBX1	20210224
UniProtKB	P62877	RBX1	involved_in	GO:0070936	protein K48-linked ubiquitination	biological_process	ECO:0000314	IDA	PMID:25684205		9606	Homo sapiens	UniProt	E3 ubiquitin-protein ligase RBX1	20210224
UniProtKB	P62877	RBX1	enables	GO:0005515	protein binding	molecular_function	ECO:0000353	IPI	PMID:23401859	UniProtKB:P40337|UniProtKB:Q13617	9606	Homo sapiens	UniProt	E3 ubiquitin-protein ligase RBX1	20200716
UniProtKB	P62877	RBX1	enables	GO:0005515	protein binding	molecular_function	ECO:0000353	IPI	PMID:23401859	UniProtKB:P40337|UniProtKB:Q13617|UniProtKB:Q15370|UniProtKB:Q16665	9606	Homo sapiens	UniProt	E3 ubiquitin-protein ligase RBX1	20200716
UniProtKB	P62877	RBX1	enables	GO:0005515	protein binding	molecular_function	ECO:0000353	IPI	PMID:23401859	UniProtKB:P40337|UniProtKB:Q13617|UniProtKB:Q16665	9606	Homo sapiens	UniProt	E3 ubiquitin-protein ligase RBX1	20200716
UniProtKB	P62877	RBX1	enables	GO:0005515	protein binding	molecular_function	ECO:0000353	IPI	PMID:23401859	UniProtKB:P40337|UniProtKB:Q13617|UniProtKB:Q16665|UniProtKB:Q16665	9606	Homo sapiens	UniProt	E3 ubiquitin-protein ligase RBX1	20200716
UniProtKB	P62877	RBX1	enables	GO:0005515	protein binding	molecular_function	ECO:0000353	IPI	PMID:23401859	UniProtKB:P40337|UniProtKB:Q13617|UniProtKB:Q99814	9606	Homo sapiens	UniProt	E3 ubiquitin-protein ligase RBX1	20200716
UniProtKB	P62877	RBX1	enables	GO:0005515	protein binding	molecular_function	ECO:0000353	IPI	PMID:23401859	UniProtKB:Q13617	9606	Homo sapiens	UniProt	E3 ubiquitin-protein ligase RBX1	20200716
UniProtKB	P62877	RBX1	enables	GO:0005515	protein binding	molecular_function	ECO:0000353	IPI	PMID:26906416	UniProtKB:Q6PH85	9606	Homo sapiens	UniProt	E3 ubiquitin-protein ligase RBX1	20200713
UniProtKB	P62877	RBX1	enables	GO:0005515	protein binding	molecular_function	ECO:0000353	IPI	PMID:26906416	UniProtKB:Q8IWE4	9606	Homo sapiens	UniProt	E3 ubiquitin-protein ligase RBX1	20200713
UniProtKB	P62877	RBX1	enables	GO:0005515	protein binding	molecular_function	ECO:0000353	IPI	PMID:26906416	UniProtKB:Q92564	9606	Homo sapiens	UniProt	E3 ubiquitin-protein ligase RBX1	20200713
UniProtKB	P62877	RBX1	enables	GO:0005515	protein binding	molecular_function	ECO:0000353	IPI	PMID:26906416	UniProtKB:Q96GG9	9606	Homo sapiens	UniProt	E3 ubiquitin-protein ligase RBX1	20200713
UniProtKB	P62877	RBX1	enables	GO:0005515	protein binding	molecular_function	ECO:0000353	IPI	PMID:26906416	UniProtKB:Q9BTE7	9606	Homo sapiens	UniProt	E3 ubiquitin-protein ligase RBX1	20200713
UniProtKB	P62877	RBX1	enables	GO:0005515	protein binding	molecular_function	ECO:0000353	IPI	PMID:24192928	UniProtKB:Q96GG9	9606	Homo sapiens	UniProt	E3 ubiquitin-protein ligase RBX1	20200708
UniProtKB	P62877	RBX1	enables	GO:0005515	protein binding	molecular_function	ECO:0000353	IPI	PMID:24192928	UniProtKB:Q9BTE7	9606	Homo sapiens	UniProt	E3 ubiquitin-protein ligase RBX1	20200708
UniProtKB	P62877	RBX1	involved_in	GO:0000209	protein polyubiquitination	biological_process	ECO:0000314	IDA	PMID:14528312		9606	Homo sapiens	UniProt	E3 ubiquitin-protein ligase RBX1	20200120
UniProtKB	P62877	RBX1	part_of	GO:0031463	Cul3-RING ubiquitin ligase complex	cellular_component	ECO:0000314	IDA	PMID:14528312		9606	Homo sapiens	UniProt	E3 ubiquitin-protein ligase RBX1	20200120
UniProtKB	P62877	RBX1	enables	GO:0097602	cullin family protein binding	molecular_function	ECO:0000353	IPI	PMID:14528312	UniProtKB:Q13618	9606	Homo sapiens	UniProt	E3 ubiquitin-protein ligase RBX1	20200120
UniProtKB	P62877	RBX1	involved_in	GO:1902499	positive regulation of protein autoubiquitination	biological_process	ECO:0000315	IMP	PMID:14528312		9606	Homo sapiens	UniProt	E3 ubiquitin-protein ligase RBX1	20200120
UniProtKB	P62877	RBX1	enables	GO:0061663	NEDD8 ligase activity	molecular_function	ECO:0000314	IDA	PMID:19250909		9606	Homo sapiens	UniProt	E3 ubiquitin-protein ligase RBX1	20190805
UniProtKB	P62877	RBX1	enables	GO:0005515	protein binding	molecular_function	ECO:0000353	IPI	PMID:29149593	UniProtKB:P63208|UniProtKB:Q04721|UniProtKB:Q13616|UniProtKB:Q969H0	9606	Homo sapiens	UniProt	E3 ubiquitin-protein ligase RBX1	20180202
UniProtKB	P62877	RBX1	involved_in	GO:0016567	protein ubiquitination	biological_process	ECO:0000353	IPI	PMID:14739464	UniProtKB:Q7L5Y6	9606	Homo sapiens	UniProt	E3 ubiquitin-protein ligase RBX1	20170620
UniProtKB	P62877	RBX1	part_of	GO:0031464	Cul4A-RING E3 ubiquitin ligase complex	cellular_component	ECO:0000314	IDA	PMID:14739464		9606	Homo sapiens	UniProt	E3 ubiquitin-protein ligase RBX1	20170620
UniProtKB	P62877	RBX1	involved_in	GO:0032436	positive regulation of proteasomal ubiquitin-dependent protein catabolic process	biological_process	ECO:0000353	IPI	PMID:14739464	UniProtKB:Q7L5Y6	9606	Homo sapiens	UniProt	E3 ubiquitin-protein ligase RBX1	20170620
UniProtKB	P62877	RBX1	enables	GO:0005515	protein binding	molecular_function	ECO:0000353	IPI	PMID:23274085	UniProtKB:P58004	9606	Homo sapiens	UniProt	E3 ubiquitin-protein ligase RBX1	20160511
UniProtKB	P62877	RBX1	part_of	GO:0019005	SCF ubiquitin ligase complex	cellular_component	ECO:0000314	IDA	PMID:11956208		9606	Homo sapiens	UniProt	E3 ubiquitin-protein ligase RBX1	20151008
UniProtKB	P62877	RBX1	part_of	GO:0019005	SCF ubiquitin ligase complex	cellular_component	ECO:0000314	IDA	PMID:25585578		9606	Homo sapiens	UniProt	E3 ubiquitin-protein ligase RBX1	20151008
UniProtKB	P62877	RBX1	enables	GO:0034450	ubiquitin-ubiquitin ligase activity	molecular_function	ECO:0000314	IDA	PMID:10230407		9606	Homo sapiens	MGI	E3 ubiquitin-protein ligase RBX1	20141022
UniProtKB	P62877	RBX1	enables	GO:0061630	ubiquitin protein ligase activity	molecular_function	ECO:0000314	IDA	PMID:10230407		9606	Homo sapiens	MGI	E3 ubiquitin-protein ligase RBX1	20141022
UniProtKB	P62877	RBX1	enables	GO:0061630	ubiquitin protein ligase activity	molecular_function	ECO:0000314	IDA	PMID:22405651		9606	Homo sapiens	MGI	E3 ubiquitin-protein ligase RBX1	20141022
UniProtKB	P62877	RBX1	enables	GO:0097602	cullin family protein binding	molecular_function	ECO:0000314	IDA	PMID:10230407		9606	Homo sapiens	MGI	E3 ubiquitin-protein ligase RBX1	20141022
UniProtKB	P62877	RBX1	enables	GO:0005515	protein binding	molecular_function	ECO:0000353	IPI	PMID:24793696	UniProtKB:Q8IWT3	9606	Homo sapiens	UniProt	E3 ubiquitin-protein ligase RBX1	20140701
UniProtKB	P62877	RBX1	part_of	GO:0031467	Cul7-RING ubiquitin ligase complex	cellular_component	ECO:0000314	IDA	PMID:18498745		9606	Homo sapiens	UniProt	E3 ubiquitin-protein ligase RBX1	20140701
UniProtKB	P62877	RBX1	located_in	GO:0005654	nucleoplasm	cellular_component	ECO:0000304	TAS	Reactome:R-HSA-1234169		9606	Homo sapiens	Reactome	E3 ubiquitin-protein ligase RBX1	20130404
UniProtKB	P62877	RBX1	located_in	GO:0005654	nucleoplasm	cellular_component	ECO:0000304	TAS	Reactome:R-HSA-1234172		9606	Homo sapiens	Reactome	E3 ubiquitin-protein ligase RBX1	20130404
UniProtKB	P62877	RBX1	located_in	GO:0005654	nucleoplasm	cellular_component	ECO:0000304	TAS	Reactome:R-HSA-1234175		9606	Homo sapiens	Reactome	E3 ubiquitin-protein ligase RBX1	20130404
UniProtKB	P62877	RBX1	located_in	GO:0005654	nucleoplasm	cellular_component	ECO:0000304	TAS	Reactome:R-HSA-2220967		9606	Homo sapiens	Reactome	E3 ubiquitin-protein ligase RBX1	20130404
UniProtKB	P62877	RBX1	located_in	GO:0005654	nucleoplasm	cellular_component	ECO:0000304	TAS	Reactome:R-HSA-2220978		9606	Homo sapiens	Reactome	E3 ubiquitin-protein ligase RBX1	20130404
UniProtKB	P62877	RBX1	located_in	GO:0005654	nucleoplasm	cellular_component	ECO:0000304	TAS	Reactome:R-HSA-5635854		9606	Homo sapiens	Reactome	E3 ubiquitin-protein ligase RBX1	20130404
UniProtKB	P62877	RBX1	located_in	GO:0005654	nucleoplasm	cellular_component	ECO:0000304	TAS	Reactome:R-HSA-5635855		9606	Homo sapiens	Reactome	E3 ubiquitin-protein ligase RBX1	20130404
UniProtKB	P62877	RBX1	located_in	GO:0005654	nucleoplasm	cellular_component	ECO:0000304	TAS	Reactome:R-HSA-5635856		9606	Homo sapiens	Reactome	E3 ubiquitin-protein ligase RBX1	20130404
UniProtKB	P62877	RBX1	located_in	GO:0005654	nucleoplasm	cellular_component	ECO:0000304	TAS	Reactome:R-HSA-5652005		9606	Homo sapiens	Reactome	E3 ubiquitin-protein ligase RBX1	20130404
UniProtKB	P62877	RBX1	located_in	GO:0005654	nucleoplasm	cellular_component	ECO:0000304	TAS	Reactome:R-HSA-5652009		9606	Homo sapiens	Reactome	E3 ubiquitin-protein ligase RBX1	20130404
UniProtKB	P62877	RBX1	located_in	GO:0005654	nucleoplasm	cellular_component	ECO:0000304	TAS	Reactome:R-HSA-5689317		9606	Homo sapiens	Reactome	E3 ubiquitin-protein ligase RBX1	20130404
UniProtKB	P62877	RBX1	located_in	GO:0005654	nucleoplasm	cellular_component	ECO:0000304	TAS	Reactome:R-HSA-5689861		9606	Homo sapiens	Reactome	E3 ubiquitin-protein ligase RBX1	20130404
UniProtKB	P62877	RBX1	located_in	GO:0005654	nucleoplasm	cellular_component	ECO:0000304	TAS	Reactome:R-HSA-5690213		9606	Homo sapiens	Reactome	E3 ubiquitin-protein ligase RBX1	20130404
UniProtKB	P62877	RBX1	located_in	GO:0005654	nucleoplasm	cellular_component	ECO:0000304	TAS	Reactome:R-HSA-5690988		9606	Homo sapiens	Reactome	E3 ubiquitin-protein ligase RBX1	20130404
UniProtKB	P62877	RBX1	located_in	GO:0005654	nucleoplasm	cellular_component	ECO:0000304	TAS	Reactome:R-HSA-5690990		9606	Homo sapiens	Reactome	E3 ubiquitin-protein ligase RBX1	20130404
UniProtKB	P62877	RBX1	located_in	GO:0005654	nucleoplasm	cellular_component	ECO:0000304	TAS	Reactome:R-HSA-5690991		9606	Homo sapiens	Reactome	E3 ubiquitin-protein ligase RBX1	20130404
UniProtKB	P62877	RBX1	located_in	GO:0005654	nucleoplasm	cellular_component	ECO:0000304	TAS	Reactome:R-HSA-5690996		9606	Homo sapiens	Reactome	E3 ubiquitin-protein ligase RBX1	20130404
UniProtKB	P62877	RBX1	located_in	GO:0005654	nucleoplasm	cellular_component	ECO:0000304	TAS	Reactome:R-HSA-5691000		9606	Homo sapiens	Reactome	E3 ubiquitin-protein ligase RBX1	20130404
UniProtKB	P62877	RBX1	located_in	GO:0005654	nucleoplasm	cellular_component	ECO:0000304	TAS	Reactome:R-HSA-5691006		9606	Homo sapiens	Reactome	E3 ubiquitin-protein ligase RBX1	20130404
UniProtKB	P62877	RBX1	located_in	GO:0005654	nucleoplasm	cellular_component	ECO:0000304	TAS	Reactome:R-HSA-5696655		9606	Homo sapiens	Reactome	E3 ubiquitin-protein ligase RBX1	20130404
UniProtKB	P62877	RBX1	located_in	GO:0005654	nucleoplasm	cellular_component	ECO:0000304	TAS	Reactome:R-HSA-5696664		9606	Homo sapiens	Reactome	E3 ubiquitin-protein ligase RBX1	20130404
UniProtKB	P62877	RBX1	located_in	GO:0005654	nucleoplasm	cellular_component	ECO:0000304	TAS	Reactome:R-HSA-5696670		9606	Homo sapiens	Reactome	E3 ubiquitin-protein ligase RBX1	20130404
UniProtKB	P62877	RBX1	located_in	GO:0005654	nucleoplasm	cellular_component	ECO:0000304	TAS	Reactome:R-HSA-6781833		9606	Homo sapiens	Reactome	E3 ubiquitin-protein ligase RBX1	20130404
UniProtKB	P62877	RBX1	located_in	GO:0005654	nucleoplasm	cellular_component	ECO:0000304	TAS	Reactome:R-HSA-6781867		9606	Homo sapiens	Reactome	E3 ubiquitin-protein ligase RBX1	20130404
UniProtKB	P62877	RBX1	located_in	GO:0005654	nucleoplasm	cellular_component	ECO:0000304	TAS	Reactome:R-HSA-6782004		9606	Homo sapiens	Reactome	E3 ubiquitin-protein ligase RBX1	20130404
UniProtKB	P62877	RBX1	located_in	GO:0005654	nucleoplasm	cellular_component	ECO:0000304	TAS	Reactome:R-HSA-6782069		9606	Homo sapiens	Reactome	E3 ubiquitin-protein ligase RBX1	20130404
UniProtKB	P62877	RBX1	located_in	GO:0005654	nucleoplasm	cellular_component	ECO:0000304	TAS	Reactome:R-HSA-6782131		9606	Homo sapiens	Reactome	E3 ubiquitin-protein ligase RBX1	20130404
UniProtKB	P62877	RBX1	located_in	GO:0005654	nucleoplasm	cellular_component	ECO:0000304	TAS	Reactome:R-HSA-6782138		9606	Homo sapiens	Reactome	E3 ubiquitin-protein ligase RBX1	20130404
UniProtKB	P62877	RBX1	located_in	GO:0005654	nucleoplasm	cellular_component	ECO:0000304	TAS	Reactome:R-HSA-6782141		9606	Homo sapiens	Reactome	E3 ubiquitin-protein ligase RBX1	20130404
UniProtKB	P62877	RBX1	located_in	GO:0005654	nucleoplasm	cellular_component	ECO:0000304	TAS	Reactome:R-HSA-6782204		9606	Homo sapiens	Reactome	E3 ubiquitin-protein ligase RBX1	20130404
UniProtKB	P62877	RBX1	located_in	GO:0005654	nucleoplasm	cellular_component	ECO:0000304	TAS	Reactome:R-HSA-6782208		9606	Homo sapiens	Reactome	E3 ubiquitin-protein ligase RBX1	20130404
UniProtKB	P62877	RBX1	located_in	GO:0005654	nucleoplasm	cellular_component	ECO:0000304	TAS	Reactome:R-HSA-6782211		9606	Homo sapiens	Reactome	E3 ubiquitin-protein ligase RBX1	20130404
UniProtKB	P62877	RBX1	located_in	GO:0005654	nucleoplasm	cellular_component	ECO:0000304	TAS	Reactome:R-HSA-6782224		9606	Homo sapiens	Reactome	E3 ubiquitin-protein ligase RBX1	20130404
UniProtKB	P62877	RBX1	located_in	GO:0005654	nucleoplasm	cellular_component	ECO:0000304	TAS	Reactome:R-HSA-6782227		9606	Homo sapiens	Reactome	E3 ubiquitin-protein ligase RBX1	20130404
UniProtKB	P62877	RBX1	located_in	GO:0005654	nucleoplasm	cellular_component	ECO:0000304	TAS	Reactome:R-HSA-6782234		9606	Homo sapiens	Reactome	E3 ubiquitin-protein ligase RBX1	20130404
UniProtKB	P62877	RBX1	located_in	GO:0005654	nucleoplasm	cellular_component	ECO:0000304	TAS	Reactome:R-HSA-6782943		9606	Homo sapiens	Reactome	E3 ubiquitin-protein ligase RBX1	20130404
UniProtKB	P62877	RBX1	located_in	GO:0005654	nucleoplasm	cellular_component	ECO:0000304	TAS	Reactome:R-HSA-6790454		9606	Homo sapiens	Reactome	E3 ubiquitin-protein ligase RBX1	20130404
UniProtKB	P62877	RBX1	located_in	GO:0005654	nucleoplasm	cellular_component	ECO:0000304	TAS	Reactome:R-HSA-6790487		9606	Homo sapiens	Reactome	E3 ubiquitin-protein ligase RBX1	20130404
UniProtKB	P62877	RBX1	located_in	GO:0005654	nucleoplasm	cellular_component	ECO:0000304	TAS	Reactome:R-HSA-68946		9606	Homo sapiens	Reactome	E3 ubiquitin-protein ligase RBX1	20130404
UniProtKB	P62877	RBX1	located_in	GO:0005654	nucleoplasm	cellular_component	ECO:0000304	TAS	Reactome:R-HSA-69598		9606	Homo sapiens	Reactome	E3 ubiquitin-protein ligase RBX1	20130404
UniProtKB	P62877	RBX1	located_in	GO:0005654	nucleoplasm	cellular_component	ECO:0000304	TAS	Reactome:R-HSA-8939688		9606	Homo sapiens	Reactome	E3 ubiquitin-protein ligase RBX1	20130404
UniProtKB	P62877	RBX1	located_in	GO:0005654	nucleoplasm	cellular_component	ECO:0000304	TAS	Reactome:R-HSA-8939706		9606	Homo sapiens	Reactome	E3 ubiquitin-protein ligase RBX1	20130404
UniProtKB	P62877	RBX1	located_in	GO:0005654	nucleoplasm	cellular_component	ECO:0000304	TAS	Reactome:R-HSA-8952638		9606	Homo sapiens	Reactome	E3 ubiquitin-protein ligase RBX1	20130404
UniProtKB	P62877	RBX1	located_in	GO:0005654	nucleoplasm	cellular_component	ECO:0000304	TAS	Reactome:R-HSA-8952639		9606	Homo sapiens	Reactome	E3 ubiquitin-protein ligase RBX1	20130404
UniProtKB	P62877	RBX1	located_in	GO:0005654	nucleoplasm	cellular_component	ECO:0000304	TAS	Reactome:R-HSA-8955245		9606	Homo sapiens	Reactome	E3 ubiquitin-protein ligase RBX1	20130404
UniProtKB	P62877	RBX1	located_in	GO:0005654	nucleoplasm	cellular_component	ECO:0000304	TAS	Reactome:R-HSA-8955285		9606	Homo sapiens	Reactome	E3 ubiquitin-protein ligase RBX1	20130404
UniProtKB	P62877	RBX1	located_in	GO:0005654	nucleoplasm	cellular_component	ECO:0000304	TAS	Reactome:R-HSA-8956045		9606	Homo sapiens	Reactome	E3 ubiquitin-protein ligase RBX1	20130404
UniProtKB	P62877	RBX1	located_in	GO:0005654	nucleoplasm	cellular_component	ECO:0000304	TAS	Reactome:R-HSA-9684118		9606	Homo sapiens	Reactome	E3 ubiquitin-protein ligase RBX1	20130404
UniProtKB	P62877	RBX1	located_in	GO:0005654	nucleoplasm	cellular_component	ECO:0000304	TAS	Reactome:R-HSA-9708517		9606	Homo sapiens	Reactome	E3 ubiquitin-protein ligase RBX1	20130404
UniProtKB	P62877	RBX1	located_in	GO:0005654	nucleoplasm	cellular_component	ECO:0000304	TAS	Reactome:R-HSA-9708525		9606	Homo sapiens	Reactome	E3 ubiquitin-protein ligase RBX1	20130404
UniProtKB	P62877	RBX1	located_in	GO:0005654	nucleoplasm	cellular_component	ECO:0000304	TAS	Reactome:R-HSA-9725023		9606	Homo sapiens	Reactome	E3 ubiquitin-protein ligase RBX1	20130404
UniProtKB	P62877	RBX1	located_in	GO:0005654	nucleoplasm	cellular_component	ECO:0000304	TAS	Reactome:R-HSA-9725030		9606	Homo sapiens	Reactome	E3 ubiquitin-protein ligase RBX1	20130404
UniProtKB	P62877	RBX1	located_in	GO:0005654	nucleoplasm	cellular_component	ECO:0000304	TAS	Reactome:R-HSA-9762091		9606	Homo sapiens	Reactome	E3 ubiquitin-protein ligase RBX1	20130404
UniProtKB	P62877	RBX1	located_in	GO:0005654	nucleoplasm	cellular_component	ECO:0000304	TAS	Reactome:R-HSA-9762093		9606	Homo sapiens	Reactome	E3 ubiquitin-protein ligase RBX1	20130404
UniProtKB	P62877	RBX1	located_in	GO:0005654	nucleoplasm	cellular_component	ECO:0000304	TAS	Reactome:R-HSA-9762096		9606	Homo sapiens	Reactome	E3 ubiquitin-protein ligase RBX1	20130404
UniProtKB	P62877	RBX1	located_in	GO:0005654	nucleoplasm	cellular_component	ECO:0000304	TAS	Reactome:R-NUL-2064853		9606	Homo sapiens	Reactome	E3 ubiquitin-protein ligase RBX1	20130404
UniProtKB	P62877	RBX1	located_in	GO:0005654	nucleoplasm	cellular_component	ECO:0000304	TAS	Reactome:R-NUL-2064883		9606	Homo sapiens	Reactome	E3 ubiquitin-protein ligase RBX1	20130404
UniProtKB	P62877	RBX1	located_in	GO:0005654	nucleoplasm	cellular_component	ECO:0000304	TAS	Reactome:R-NUL-9604628		9606	Homo sapiens	Reactome	E3 ubiquitin-protein ligase RBX1	20130404
UniProtKB	P62877	RBX1	contributes_to	GO:0004842	ubiquitin-protein transferase activity	molecular_function	ECO:0000314	IDA	PMID:15983046		9606	Homo sapiens	UniProt	E3 ubiquitin-protein ligase RBX1	20130212
UniProtKB	P62877	RBX1	part_of	GO:0031463	Cul3-RING ubiquitin ligase complex	cellular_component	ECO:0000314	IDA	PMID:15983046		9606	Homo sapiens	UniProt	E3 ubiquitin-protein ligase RBX1	20130212
UniProtKB	P62877	RBX1	part_of	GO:0019005	SCF ubiquitin ligase complex	cellular_component	ECO:0000314	IDA	PMID:23263282		9606	Homo sapiens	UniProt	E3 ubiquitin-protein ligase RBX1	20130125
UniProtKB	P62877	RBX1	part_of	GO:0031461	cullin-RING ubiquitin ligase complex	cellular_component	ECO:0000314	IDA	PMID:22405651		9606	Homo sapiens	MGI	E3 ubiquitin-protein ligase RBX1	20121116
UniProtKB	P62877	RBX1	enables	GO:0031625	ubiquitin protein ligase binding	molecular_function	ECO:0000314	IDA	PMID:17636018		9606	Homo sapiens	UniProt	E3 ubiquitin-protein ligase RBX1	20120423
UniProtKB	P62877	RBX1	involved_in	GO:0006513	protein monoubiquitination	biological_process	ECO:0000314	IDA	PMID:22358839		9606	Homo sapiens	UniProt	E3 ubiquitin-protein ligase RBX1	20120329
UniProtKB	P62877	RBX1	part_of	GO:0031463	Cul3-RING ubiquitin ligase complex	cellular_component	ECO:0000314	IDA	PMID:22358839		9606	Homo sapiens	UniProt	E3 ubiquitin-protein ligase RBX1	20120329
UniProtKB	P62877	RBX1	part_of	GO:0031462	Cul2-RING ubiquitin ligase complex	cellular_component	ECO:0000314	IDA	PMID:17636018		9606	Homo sapiens	UniProt	E3 ubiquitin-protein ligase RBX1	20120312
UniProtKB	P62877	RBX1	part_of	GO:0031466	Cul5-RING ubiquitin ligase complex	cellular_component	ECO:0000314	IDA	PMID:17636018		9606	Homo sapiens	UniProt	E3 ubiquitin-protein ligase RBX1	20120312
UniProtKB	P62877	RBX1	located_in	GO:0005829	cytosol	cellular_component	ECO:0000304	TAS	Reactome:R-HSA-1170539		9606	Homo sapiens	Reactome	E3 ubiquitin-protein ligase RBX1	20120221
UniProtKB	P62877	RBX1	located_in	GO:0005829	cytosol	cellular_component	ECO:0000304	TAS	Reactome:R-HSA-1234159		9606	Homo sapiens	Reactome	E3 ubiquitin-protein ligase RBX1	20120221
UniProtKB	P62877	RBX1	located_in	GO:0005829	cytosol	cellular_component	ECO:0000304	TAS	Reactome:R-HSA-1234163		9606	Homo sapiens	Reactome	E3 ubiquitin-protein ligase RBX1	20120221
UniProtKB	P62877	RBX1	located_in	GO:0005829	cytosol	cellular_component	ECO:0000304	TAS	Reactome:R-HSA-1234173		9606	Homo sapiens	Reactome	E3 ubiquitin-protein ligase RBX1	20120221
UniProtKB	P62877	RBX1	located_in	GO:0005829	cytosol	cellular_component	ECO:0000304	TAS	Reactome:R-HSA-1234175		9606	Homo sapiens	Reactome	E3 ubiquitin-protein ligase RBX1	20120221
UniProtKB	P62877	RBX1	located_in	GO:0005829	cytosol	cellular_component	ECO:0000304	TAS	Reactome:R-HSA-1234177		9606	Homo sapiens	Reactome	E3 ubiquitin-protein ligase RBX1	20120221
UniProtKB	P62877	RBX1	located_in	GO:0005829	cytosol	cellular_component	ECO:0000304	TAS	Reactome:R-HSA-1234183		9606	Homo sapiens	Reactome	E3 ubiquitin-protein ligase RBX1	20120221
UniProtKB	P62877	RBX1	located_in	GO:0005829	cytosol	cellular_component	ECO:0000304	TAS	Reactome:R-HSA-1370500		9606	Homo sapiens	Reactome	E3 ubiquitin-protein ligase RBX1	20120221
UniProtKB	P62877	RBX1	located_in	GO:0005829	cytosol	cellular_component	ECO:0000304	TAS	Reactome:R-HSA-1504190		9606	Homo sapiens	Reactome	E3 ubiquitin-protein ligase RBX1	20120221
UniProtKB	P62877	RBX1	located_in	GO:0005829	cytosol	cellular_component	ECO:0000304	TAS	Reactome:R-HSA-1504193		9606	Homo sapiens	Reactome	E3 ubiquitin-protein ligase RBX1	20120221
UniProtKB	P62877	RBX1	located_in	GO:0005829	cytosol	cellular_component	ECO:0000304	TAS	Reactome:R-HSA-1504213		9606	Homo sapiens	Reactome	E3 ubiquitin-protein ligase RBX1	20120221
UniProtKB	P62877	RBX1	located_in	GO:0005829	cytosol	cellular_component	ECO:0000304	TAS	Reactome:R-HSA-180540		9606	Homo sapiens	Reactome	E3 ubiquitin-protein ligase RBX1	20120221
UniProtKB	P62877	RBX1	located_in	GO:0005829	cytosol	cellular_component	ECO:0000304	TAS	Reactome:R-HSA-180555		9606	Homo sapiens	Reactome	E3 ubiquitin-protein ligase RBX1	20120221
UniProtKB	P62877	RBX1	located_in	GO:0005829	cytosol	cellular_component	ECO:0000304	TAS	Reactome:R-HSA-180603		9606	Homo sapiens	Reactome	E3 ubiquitin-protein ligase RBX1	20120221
UniProtKB	P62877	RBX1	located_in	GO:0005829	cytosol	cellular_component	ECO:0000304	TAS	Reactome:R-HSA-209063		9606	Homo sapiens	Reactome	E3 ubiquitin-protein ligase RBX1	20120221
UniProtKB	P62877	RBX1	located_in	GO:0005829	cytosol	cellular_component	ECO:0000304	TAS	Reactome:R-HSA-209125		9606	Homo sapiens	Reactome	E3 ubiquitin-protein ligase RBX1	20120221
UniProtKB	P62877	RBX1	located_in	GO:0005829	cytosol	cellular_component	ECO:0000304	TAS	Reactome:R-HSA-2130279		9606	Homo sapiens	Reactome	E3 ubiquitin-protein ligase RBX1	20120221
UniProtKB	P62877	RBX1	located_in	GO:0005829	cytosol	cellular_component	ECO:0000304	TAS	Reactome:R-HSA-2130282		9606	Homo sapiens	Reactome	E3 ubiquitin-protein ligase RBX1	20120221
UniProtKB	P62877	RBX1	located_in	GO:0005829	cytosol	cellular_component	ECO:0000304	TAS	Reactome:R-HSA-2130286		9606	Homo sapiens	Reactome	E3 ubiquitin-protein ligase RBX1	20120221
UniProtKB	P62877	RBX1	located_in	GO:0005829	cytosol	cellular_component	ECO:0000304	TAS	Reactome:R-HSA-5610742		9606	Homo sapiens	Reactome	E3 ubiquitin-protein ligase RBX1	20120221
UniProtKB	P62877	RBX1	located_in	GO:0005829	cytosol	cellular_component	ECO:0000304	TAS	Reactome:R-HSA-5610746		9606	Homo sapiens	Reactome	E3 ubiquitin-protein ligase RBX1	20120221
UniProtKB	P62877	RBX1	located_in	GO:0005829	cytosol	cellular_component	ECO:0000304	TAS	Reactome:R-HSA-5658424		9606	Homo sapiens	Reactome	E3 ubiquitin-protein ligase RBX1	20120221
UniProtKB	P62877	RBX1	located_in	GO:0005829	cytosol	cellular_component	ECO:0000304	TAS	Reactome:R-HSA-8853496		9606	Homo sapiens	Reactome	E3 ubiquitin-protein ligase RBX1	20120221
UniProtKB	P62877	RBX1	located_in	GO:0005829	cytosol	cellular_component	ECO:0000304	TAS	Reactome:R-HSA-8854041		9606	Homo sapiens	Reactome	E3 ubiquitin-protein ligase RBX1	20120221
UniProtKB	P62877	RBX1	located_in	GO:0005829	cytosol	cellular_component	ECO:0000304	TAS	Reactome:R-HSA-8854044		9606	Homo sapiens	Reactome	E3 ubiquitin-protein ligase RBX1	20120221
UniProtKB	P62877	RBX1	located_in	GO:0005829	cytosol	cellular_component	ECO:0000304	TAS	Reactome:R-HSA-8854051		9606	Homo sapiens	Reactome	E3 ubiquitin-protein ligase RBX1	20120221
UniProtKB	P62877	RBX1	located_in	GO:0005829	cytosol	cellular_component	ECO:0000304	TAS	Reactome:R-HSA-8854052		9606	Homo sapiens	Reactome	E3 ubiquitin-protein ligase RBX1	20120221
UniProtKB	P62877	RBX1	located_in	GO:0005829	cytosol	cellular_component	ECO:0000304	TAS	Reactome:R-HSA-8932327		9606	Homo sapiens	Reactome	E3 ubiquitin-protein ligase RBX1	20120221
UniProtKB	P62877	RBX1	located_in	GO:0005829	cytosol	cellular_component	ECO:0000304	TAS	Reactome:R-HSA-8952618		9606	Homo sapiens	Reactome	E3 ubiquitin-protein ligase RBX1	20120221
UniProtKB	P62877	RBX1	located_in	GO:0005829	cytosol	cellular_component	ECO:0000304	TAS	Reactome:R-HSA-8952620		9606	Homo sapiens	Reactome	E3 ubiquitin-protein ligase RBX1	20120221
UniProtKB	P62877	RBX1	located_in	GO:0005829	cytosol	cellular_component	ECO:0000304	TAS	Reactome:R-HSA-8952625		9606	Homo sapiens	Reactome	E3 ubiquitin-protein ligase RBX1	20120221
UniProtKB	P62877	RBX1	located_in	GO:0005829	cytosol	cellular_component	ECO:0000304	TAS	Reactome:R-HSA-8952626		9606	Homo sapiens	Reactome	E3 ubiquitin-protein ligase RBX1	20120221
UniProtKB	P62877	RBX1	located_in	GO:0005829	cytosol	cellular_component	ECO:0000304	TAS	Reactome:R-HSA-8952630		9606	Homo sapiens	Reactome	E3 ubiquitin-protein ligase RBX1	20120221
UniProtKB	P62877	RBX1	located_in	GO:0005829	cytosol	cellular_component	ECO:0000304	TAS	Reactome:R-HSA-8952631		9606	Homo sapiens	Reactome	E3 ubiquitin-protein ligase RBX1	20120221
UniProtKB	P62877	RBX1	located_in	GO:0005829	cytosol	cellular_component	ECO:0000304	TAS	Reactome:R-HSA-8955241		9606	Homo sapiens	Reactome	E3 ubiquitin-protein ligase RBX1	20120221
UniProtKB	P62877	RBX1	located_in	GO:0005829	cytosol	cellular_component	ECO:0000304	TAS	Reactome:R-HSA-8955289		9606	Homo sapiens	Reactome	E3 ubiquitin-protein ligase RBX1	20120221
UniProtKB	P62877	RBX1	located_in	GO:0005829	cytosol	cellular_component	ECO:0000304	TAS	Reactome:R-HSA-8956025		9606	Homo sapiens	Reactome	E3 ubiquitin-protein ligase RBX1	20120221
UniProtKB	P62877	RBX1	located_in	GO:0005829	cytosol	cellular_component	ECO:0000304	TAS	Reactome:R-HSA-8956026		9606	Homo sapiens	Reactome	E3 ubiquitin-protein ligase RBX1	20120221
UniProtKB	P62877	RBX1	located_in	GO:0005829	cytosol	cellular_component	ECO:0000304	TAS	Reactome:R-HSA-8956031		9606	Homo sapiens	Reactome	E3 ubiquitin-protein ligase RBX1	20120221
UniProtKB	P62877	RBX1	located_in	GO:0005829	cytosol	cellular_component	ECO:0000304	TAS	Reactome:R-HSA-8956040		9606	Homo sapiens	Reactome	E3 ubiquitin-protein ligase RBX1	20120221
UniProtKB	P62877	RBX1	located_in	GO:0005829	cytosol	cellular_component	ECO:0000304	TAS	Reactome:R-HSA-8956050		9606	Homo sapiens	Reactome	E3 ubiquitin-protein ligase RBX1	20120221
UniProtKB	P62877	RBX1	located_in	GO:0005829	cytosol	cellular_component	ECO:0000304	TAS	Reactome:R-HSA-8956099		9606	Homo sapiens	Reactome	E3 ubiquitin-protein ligase RBX1	20120221
UniProtKB	P62877	RBX1	located_in	GO:0005829	cytosol	cellular_component	ECO:0000304	TAS	Reactome:R-HSA-8956103		9606	Homo sapiens	Reactome	E3 ubiquitin-protein ligase RBX1	20120221
UniProtKB	P62877	RBX1	located_in	GO:0005829	cytosol	cellular_component	ECO:0000304	TAS	Reactome:R-HSA-8956106		9606	Homo sapiens	Reactome	E3 ubiquitin-protein ligase RBX1	20120221
UniProtKB	P62877	RBX1	located_in	GO:0005829	cytosol	cellular_component	ECO:0000304	TAS	Reactome:R-HSA-8956200		9606	Homo sapiens	Reactome	E3 ubiquitin-protein ligase RBX1	20120221
UniProtKB	P62877	RBX1	located_in	GO:0005829	cytosol	cellular_component	ECO:0000304	TAS	Reactome:R-HSA-9712274		9606	Homo sapiens	Reactome	E3 ubiquitin-protein ligase RBX1	20120221
UniProtKB	P62877	RBX1	located_in	GO:0005829	cytosol	cellular_component	ECO:0000304	TAS	Reactome:R-HSA-9755303		9606	Homo sapiens	Reactome	E3 ubiquitin-protein ligase RBX1	20120221
UniProtKB	P62877	RBX1	located_in	GO:0005829	cytosol	cellular_component	ECO:0000304	TAS	Reactome:R-HSA-9755505		9606	Homo sapiens	Reactome	E3 ubiquitin-protein ligase RBX1	20120221
UniProtKB	P62877	RBX1	located_in	GO:0005829	cytosol	cellular_component	ECO:0000304	TAS	Reactome:R-HSA-9755507		9606	Homo sapiens	Reactome	E3 ubiquitin-protein ligase RBX1	20120221
UniProtKB	P62877	RBX1	located_in	GO:0005829	cytosol	cellular_component	ECO:0000304	TAS	Reactome:R-HSA-9758090		9606	Homo sapiens	Reactome	E3 ubiquitin-protein ligase RBX1	20120221
UniProtKB	P62877	RBX1	located_in	GO:0005829	cytosol	cellular_component	ECO:0000304	TAS	Reactome:R-HSA-9759169		9606	Homo sapiens	Reactome	E3 ubiquitin-protein ligase RBX1	20120221
UniProtKB	P62877	RBX1	located_in	GO:0005829	cytosol	cellular_component	ECO:0000304	TAS	Reactome:R-HSA-9759172		9606	Homo sapiens	Reactome	E3 ubiquitin-protein ligase RBX1	20120221
UniProtKB	P62877	RBX1	located_in	GO:0005829	cytosol	cellular_component	ECO:0000304	TAS	Reactome:R-HSA-9766645		9606	Homo sapiens	Reactome	E3 ubiquitin-protein ligase RBX1	20120221
UniProtKB	P62877	RBX1	located_in	GO:0005829	cytosol	cellular_component	ECO:0000304	TAS	Reactome:R-HSA-9766656		9606	Homo sapiens	Reactome	E3 ubiquitin-protein ligase RBX1	20120221
UniProtKB	P62877	RBX1	located_in	GO:0005829	cytosol	cellular_component	ECO:0000304	TAS	Reactome:R-HSA-9766677		9606	Homo sapiens	Reactome	E3 ubiquitin-protein ligase RBX1	20120221
UniProtKB	P62877	RBX1	located_in	GO:0005829	cytosol	cellular_component	ECO:0000304	TAS	Reactome:R-HSA-9766687		9606	Homo sapiens	Reactome	E3 ubiquitin-protein ligase RBX1	20120221
UniProtKB	P62877	RBX1	located_in	GO:0005829	cytosol	cellular_component	ECO:0000304	TAS	Reactome:R-HSA-983140		9606	Homo sapiens	Reactome	E3 ubiquitin-protein ligase RBX1	20120221
UniProtKB	P62877	RBX1	located_in	GO:0005829	cytosol	cellular_component	ECO:0000304	TAS	Reactome:R-HSA-983147		9606	Homo sapiens	Reactome	E3 ubiquitin-protein ligase RBX1	20120221
UniProtKB	P62877	RBX1	located_in	GO:0005829	cytosol	cellular_component	ECO:0000304	TAS	Reactome:R-HSA-983156		9606	Homo sapiens	Reactome	E3 ubiquitin-protein ligase RBX1	20120221
UniProtKB	P62877	RBX1	located_in	GO:0005829	cytosol	cellular_component	ECO:0000304	TAS	Reactome:R-HSA-983157		9606	Homo sapiens	Reactome	E3 ubiquitin-protein ligase RBX1	20120221
UniProtKB	P62877	RBX1	located_in	GO:0005829	cytosol	cellular_component	ECO:0000304	TAS	Reactome:R-HSA-9833107		9606	Homo sapiens	Reactome	E3 ubiquitin-protein ligase RBX1	20120221
UniProtKB	P62877	RBX1	located_in	GO:0005829	cytosol	cellular_component	ECO:0000304	TAS	Reactome:R-HSA-9833155		9606	Homo sapiens	Reactome	E3 ubiquitin-protein ligase RBX1	20120221
UniProtKB	P62877	RBX1	located_in	GO:0005829	cytosol	cellular_component	ECO:0000304	TAS	Reactome:R-HSA-9929350		9606	Homo sapiens	Reactome	E3 ubiquitin-protein ligase RBX1	20120221
UniProtKB	P62877	RBX1	located_in	GO:0005829	cytosol	cellular_component	ECO:0000304	TAS	Reactome:R-HSA-9929352		9606	Homo sapiens	Reactome	E3 ubiquitin-protein ligase RBX1	20120221
UniProtKB	P62877	RBX1	located_in	GO:0005829	cytosol	cellular_component	ECO:0000304	TAS	Reactome:R-HSA-9929353		9606	Homo sapiens	Reactome	E3 ubiquitin-protein ligase RBX1	20120221
UniProtKB	P62877	RBX1	located_in	GO:0005829	cytosol	cellular_component	ECO:0000304	TAS	Reactome:R-HSA-9929357		9606	Homo sapiens	Reactome	E3 ubiquitin-protein ligase RBX1	20120221
UniProtKB	P62877	RBX1	located_in	GO:0005829	cytosol	cellular_component	ECO:0000304	TAS	Reactome:R-HSA-9929484		9606	Homo sapiens	Reactome	E3 ubiquitin-protein ligase RBX1	20120221
UniProtKB	P62877	RBX1	located_in	GO:0005829	cytosol	cellular_component	ECO:0000304	TAS	Reactome:R-HSA-9929486		9606	Homo sapiens	Reactome	E3 ubiquitin-protein ligase RBX1	20120221
UniProtKB	P62877	RBX1	located_in	GO:0005829	cytosol	cellular_component	ECO:0000304	TAS	Reactome:R-HSA-9929490		9606	Homo sapiens	Reactome	E3 ubiquitin-protein ligase RBX1	20120221
UniProtKB	P62877	RBX1	located_in	GO:0005829	cytosol	cellular_component	ECO:0000304	TAS	Reactome:R-HSA-9954721		9606	Homo sapiens	Reactome	E3 ubiquitin-protein ligase RBX1	20120221
UniProtKB	P62877	RBX1	located_in	GO:0005829	cytosol	cellular_component	ECO:0000304	TAS	Reactome:R-HSA-9954723		9606	Homo sapiens	Reactome	E3 ubiquitin-protein ligase RBX1	20120221
UniProtKB	P62877	RBX1	part_of	GO:0019005	SCF ubiquitin ligase complex	cellular_component	ECO:0000314	IDA	PMID:21572392		9606	Homo sapiens	UniProt	E3 ubiquitin-protein ligase RBX1	20110517
UniProtKB	P62877	RBX1	enables	GO:0005515	protein binding	molecular_function	ECO:0000353	IPI	PMID:18826954	UniProtKB:Q96GG9	9606	Homo sapiens	UniProt	E3 ubiquitin-protein ligase RBX1	20100628
UniProtKB	P62877	RBX1	part_of	GO:0031464	Cul4A-RING E3 ubiquitin ligase complex	cellular_component	ECO:0000314	IDA	PMID:12732143		9606	Homo sapiens	UniProt	E3 ubiquitin-protein ligase RBX1	20100625
UniProtKB	P62877	RBX1	located_in	GO:0005829	cytosol	cellular_component	ECO:0000250	ISS	GO_REF:0000024	UniProtKB:P62878	9606	Homo sapiens	UniProt	E3 ubiquitin-protein ligase RBX1	20100621
UniProtKB	P62877	RBX1	part_of	GO:0019005	SCF ubiquitin ligase complex	cellular_component	ECO:0000250	ISS	GO_REF:0000024	UniProtKB:P62878	9606	Homo sapiens	UniProt	E3 ubiquitin-protein ligase RBX1	20100621
UniProtKB	P62877	RBX1	involved_in	GO:0031146	SCF-dependent proteasomal ubiquitin-dependent protein catabolic process	biological_process	ECO:0000250	ISS	GO_REF:0000024	UniProtKB:P62878	9606	Homo sapiens	UniProt	E3 ubiquitin-protein ligase RBX1	20100621
UniProtKB	P62877	RBX1	part_of	GO:0031464	Cul4A-RING E3 ubiquitin ligase complex	cellular_component	ECO:0000314	IDA	PMID:17085480		9606	Homo sapiens	UniProt	E3 ubiquitin-protein ligase RBX1	20100611
UniProtKB	P62877	RBX1	part_of	GO:0031464	Cul4A-RING E3 ubiquitin ligase complex	cellular_component	ECO:0000314	IDA	PMID:18794347		9606	Homo sapiens	UniProt	E3 ubiquitin-protein ligase RBX1	20100611
UniProtKB	P62877	RBX1	part_of	GO:0031464	Cul4A-RING E3 ubiquitin ligase complex	cellular_component	ECO:0000314	IDA	PMID:20129063		9606	Homo sapiens	UniProt	E3 ubiquitin-protein ligase RBX1	20100611
UniProtKB	P62877	RBX1	part_of	GO:0031464	Cul4A-RING E3 ubiquitin ligase complex	cellular_component	ECO:0000314	IDA	PMID:20223979		9606	Homo sapiens	UniProt	E3 ubiquitin-protein ligase RBX1	20100611
UniProtKB	P62877	RBX1	part_of	GO:0031465	Cul4B-RING E3 ubiquitin ligase complex	cellular_component	ECO:0000314	IDA	PMID:18794347		9606	Homo sapiens	UniProt	E3 ubiquitin-protein ligase RBX1	20100611
UniProtKB	P62877	RBX1	involved_in	GO:0043161	proteasome-mediated ubiquitin-dependent protein catabolic process	biological_process	ECO:0000314	IDA	PMID:20389280		9606	Homo sapiens	UniProt	E3 ubiquitin-protein ligase RBX1	20100609
UniProtKB	P62877	RBX1	contributes_to	GO:0004842	ubiquitin-protein transferase activity	molecular_function	ECO:0000314	IDA	PMID:20389280		9606	Homo sapiens	UniProt	E3 ubiquitin-protein ligase RBX1	20100608
UniProtKB	P62877	RBX1	involved_in	GO:0016567	protein ubiquitination	biological_process	ECO:0000314	IDA	PMID:17543862		9606	Homo sapiens	UniProt	E3 ubiquitin-protein ligase RBX1	20100608
UniProtKB	P62877	RBX1	involved_in	GO:0016567	protein ubiquitination	biological_process	ECO:0000314	IDA	PMID:20389280		9606	Homo sapiens	UniProt	E3 ubiquitin-protein ligase RBX1	20100608
UniProtKB	P62877	RBX1	part_of	GO:0031463	Cul3-RING ubiquitin ligase complex	cellular_component	ECO:0000314	IDA	PMID:17543862		9606	Homo sapiens	UniProt	E3 ubiquitin-protein ligase RBX1	20100608
UniProtKB	P62877	RBX1	part_of	GO:0031463	Cul3-RING ubiquitin ligase complex	cellular_component	ECO:0000314	IDA	PMID:20389280		9606	Homo sapiens	UniProt	E3 ubiquitin-protein ligase RBX1	20100608
UniProtKB	P62877	RBX1	involved_in	GO:0016567	protein ubiquitination	biological_process	ECO:0000314	IDA	PMID:15103331		9606	Homo sapiens	UniProt	E3 ubiquitin-protein ligase RBX1	20100607
UniProtKB	P62877	RBX1	part_of	GO:0019005	SCF ubiquitin ligase complex	cellular_component	ECO:0000314	IDA	PMID:15103331		9606	Homo sapiens	UniProt	E3 ubiquitin-protein ligase RBX1	20100607
UniProtKB	P62877	RBX1	involved_in	GO:0031146	SCF-dependent proteasomal ubiquitin-dependent protein catabolic process	biological_process	ECO:0000314	IDA	PMID:15103331		9606	Homo sapiens	UniProt	E3 ubiquitin-protein ligase RBX1	20100607
UniProtKB	P62877	RBX1	enables	GO:0005515	protein binding	molecular_function	ECO:0000353	IPI	PMID:19250909	UniProtKB:P61081	9606	Homo sapiens	UniProt	E3 ubiquitin-protein ligase RBX1	20090422
UniProtKB	P62877	RBX1	involved_in	GO:0045116	protein neddylation	biological_process	ECO:0000314	IDA	PMID:19250909		9606	Homo sapiens	UniProt	E3 ubiquitin-protein ligase RBX1	20090422
