{
  "ptm": 0.7101408839225769,
  "iptm": 0.5826156139373779,
  "confidence_score": 0.5826156139373779,
  "complex_plddt": 0.7901402115821838
}
