gene	uniprot	reactions	metabolites	metabolic_bp	degree
ELOVL7	A1L3X0	RHEA:32727	a very-long-chain 3-oxoacyl-CoA; a very-long-chain acyl-CoA; malonyl-CoA	acyl-CoA biosynthetic process; acyl-CoA metabolic process; fatty acid biosynthetic process; fatty acid derivative biosynthetic process; fatty acid derivative metabolic process; fatty acid elongation; fatty acid elongation, monounsaturated fatty acid; fatty acid elongation, polyunsaturated fatty acid; fatty acid elongation, saturated fatty acid; fatty acid elongation, unsaturated fatty acid; fatty-acyl-CoA biosynthetic process; fatty-acyl-CoA metabolic process; long-chain fatty-acyl-CoA biosynthetic process; long-chain fatty-acyl-CoA metabolic process; unsaturated fatty acid biosynthetic process; unsaturated fatty acid metabolic process; very long-chain fatty acid biosynthetic process; very long-chain fatty acid metabolic process	10
PEDS1	A5PLL7	RHEA:22956	a 1-(1,2-saturated alkyl)-2-acyl-sn-glycero-3-phosphoethanolamine; a 1-O-(1Z-alkenyl)-2-acyl-sn-glycero-3-phosphoethanolamine	ether biosynthetic process; ether lipid biosynthetic process; ether lipid metabolic process; glycerol ether biosynthetic process	2
HACD1	B0YJ81	RHEA:26526;RHEA:33767;RHEA:45812	a (2E)-enoyl-CoA; a (3R)-3-hydroxyacyl-CoA; a 3-hydroxy-fatty acyl-CoA; a very-long-chain (2E)-enoyl-CoA; a very-long-chain (3R)-3-hydroxyacyl-CoA	acyl-CoA biosynthetic process; acyl-CoA metabolic process; fatty acid biosynthetic process; fatty acid derivative biosynthetic process; fatty acid derivative metabolic process; fatty acid elongation; fatty-acyl-CoA biosynthetic process; fatty-acyl-CoA metabolic process; long-chain fatty-acyl-CoA biosynthetic process; long-chain fatty-acyl-CoA metabolic process; very long-chain fatty acid biosynthetic process; very long-chain fatty acid metabolic process	18
AGPS	O00116	RHEA:36171	a 1-O-alkylglycerone 3-phosphate; a 1-acylglycerone 3-phosphate; a long chain fatty alcohol; a long-chain fatty acid	ether biosynthetic process; ether lipid biosynthetic process; ether lipid metabolic process; glycerol ether biosynthetic process	12
TK2	O00142	RHEA:12140;RHEA:19129;RHEA:20061;RHEA:23452	2'-deoxyadenosine; 2'-deoxycytidine; a 2'-deoxyribonucleoside; a 2'-deoxyribonucleoside 5'-phosphate; a ribonucleoside 5'-diphosphate; a ribonucleoside 5'-triphosphate; dAMP; dCMP; dTMP; thymidine	2'-deoxyribonucleoside metabolic process; 2'-deoxyribonucleotide biosynthetic process; 2'-deoxyribonucleotide metabolic process; dAMP biosynthetic process; dAMP metabolic process; deoxycytidine metabolic process; deoxyribonucleoside monophosphate biosynthetic process; deoxyribose phosphate biosynthetic process; glycosyl compound biosynthetic process; metabolic compound salvage; nucleobase-containing small molecule biosynthetic process; nucleoside biosynthetic process; nucleoside metabolic process; nucleoside monophosphate biosynthetic process; nucleoside salvage; purine deoxyribonucleoside monophosphate biosynthetic process; purine deoxyribonucleoside monophosphate metabolic process; purine deoxyribonucleotide biosynthetic process; purine deoxyribonucleotide metabolic process; purine nucleoside monophosphate biosynthetic process; purine nucleoside monophosphate metabolic process; pyrimidine deoxyribonucleoside metabolic process; pyrimidine nucleoside biosynthetic process; pyrimidine nucleoside metabolic process; pyrimidine nucleoside salvage; pyrimidine-containing compound biosynthetic process; pyrimidine-containing compound metabolic process; pyrimidine-containing compound salvage; thymidine metabolic process	12
AIP	O00170	RHEA:16237			0
GTPBP1	O00178	RHEA:19669		GTP metabolic process; RNA catabolic process; RNA metabolic process; RNA surveillance; cytoplasmic translation; macromolecule catabolic process; nucleic acid catabolic process; protein biosynthetic process; translation; translational elongation	0
NDUFS8	O00217	RHEA:11356;RHEA:29091		ATP biosynthetic process; ATP synthesis coupled electron transport; aerobic electron transport chain; electron transport chain; mitochondrial ATP synthesis coupled electron transport; mitochondrial electron transport, NADH to ubiquinone; proton motive force-driven ATP synthesis; proton motive force-driven mitochondrial ATP synthesis; purine nucleoside triphosphate biosynthetic process; purine ribonucleoside triphosphate biosynthetic process; respiratory electron transport chain	0
PIK3CD	O00329	RHEA:12709;RHEA:18373;RHEA:21292	a 1,2-diacyl-sn-glycero-3-phospho-(1D-myo-inositol 4-phosphate); a 1,2-diacyl-sn-glycero-3-phospho-(1D-myo-inositol); a 1,2-diacyl-sn-glycero-3-phospho-(1D-myo-inositol-3,4,5-trisphosphate); a 1,2-diacyl-sn-glycero-3-phospho-(1D-myo-inositol-3,4-bisphosphate); a 1,2-diacyl-sn-glycero-3-phospho-(1D-myo-inositol-3-phosphate); a 1,2-diacyl-sn-glycero-3-phospho-(1D-myo-inositol-4,5-bisphosphate)	glycerophospholipid biosynthetic process; phosphatidylinositol phosphate biosynthetic process; phosphatidylinositol-3-phosphate biosynthetic process; phosphorylation; protein phosphorylation; respiratory burst; respiratory burst involved in defense response	10
PDHX	O00330	RHEA:17017	acetyl-CoA	acetyl-CoA biosynthetic process; acetyl-CoA metabolic process; acyl-CoA biosynthetic process; acyl-CoA metabolic process; pyruvate decarboxylation to acetyl-CoA; pyruvate metabolic process	28
EEF2K	O00418	RHEA:21436	[pyruvate, water dikinase]; [pyruvate, water dikinase]-phosphate	phosphorylation; protein autophosphorylation; protein biosynthetic process; protein phosphorylation; translation; translational elongation	3
COXFA4	O00483	RHEA:29091		ATP synthesis coupled electron transport; aerobic electron transport chain; electron transport chain; mitochondrial ATP synthesis coupled electron transport; mitochondrial electron transport, NADH to ubiquinone; mitochondrial electron transport, cytochrome c to oxygen; respiratory electron transport chain	0
ACACB	O00763	RHEA:11308	acetyl-CoA; malonyl-CoA	NADP+ metabolic process; NADPH regeneration; acetyl-CoA metabolic process; acyl-CoA biosynthetic process; acyl-CoA metabolic process; fatty acid biosynthetic process; fatty acid oxidation; glucose 6-phosphate metabolic process; lipid modification; lipid oxidation; malonyl-CoA biosynthetic process; malonyl-CoA metabolic process; pentose-phosphate shunt; tricarboxylic acid metabolic process	35
PDXK	O00764	RHEA:10224	pyridoxal; pyridoxal 5'-phosphate	aldehyde biosynthetic process; aldehyde metabolic process; metabolic compound salvage; pyridine-containing compound biosynthetic process; pyridoxal 5'-phosphate biosynthetic process; pyridoxal 5'-phosphate metabolic process; pyridoxal 5'-phosphate salvage; vitamin B6 biosynthetic process; vitamin B6 metabolic process; vitamin biosynthetic process; vitamin metabolic process; water-soluble vitamin biosynthetic process	2
SDHD	O14521	RHEA:40523	fumarate; succinate	ATP biosynthetic process; ATP synthesis coupled electron transport; aerobic electron transport chain; electron transport chain; mitochondrial ATP synthesis coupled electron transport; mitochondrial electron transport, succinate to ubiquinone; proton motive force-driven ATP synthesis; proton motive force-driven mitochondrial ATP synthesis; purine nucleoside triphosphate biosynthetic process; purine ribonucleoside triphosphate biosynthetic process; respiratory electron transport chain; tricarboxylic acid cycle	17
ABCD4	O14678	RHEA:13065;RHEA:17873;RHEA:39283	a long-chain fatty acid; an R-cob(III)alamin	cobalamin metabolic process; fatty acid beta-oxidation; fatty acid catabolic process; fatty acid oxidation; lipid modification; lipid oxidation; tetrapyrrole metabolic process; very long-chain fatty acid catabolic process; very long-chain fatty acid metabolic process	11
TERT	O14746	RHEA:22508	a 2'-deoxyribonucleoside 5'-triphosphate	DNA biosynthetic process; DNA metabolic process; DNA recombination; DNA strand elongation; RNA biosynthetic process; RNA metabolic process; RNA processing; RNA-templated DNA biosynthetic process; RNA-templated transcription; mitotic recombination; nucleic acid biosynthetic process; regulatory ncRNA processing; siRNA processing; siRNA transcription; telomere maintenance; telomere maintenance via recombination; telomere maintenance via telomerase; telomere maintenance via telomere lengthening	0
CHEK1	O14757	RHEA:17989		DNA metabolic process; DNA repair; DNA replication	0
OPLAH	O14841	RHEA:10348	5-oxo-L-proline	glutathione catabolic process; glutathione metabolic process; modified amino acid catabolic process; sulfur compound catabolic process	2
BCKDK	O14874	RHEA:17301;RHEA:17989;RHEA:23052		L-isoleucine catabolic process; L-leucine catabolic process; L-leucine metabolic process; L-valine catabolic process; branched-chain amino acid catabolic process; branched-chain amino acid metabolic process	0
AZIN1	O14977	RHEA:22964	L-ornithine; putrescine	amine biosynthetic process; amine metabolic process; biogenic amine biosynthetic process; biogenic amine metabolic process; polyamine biosynthetic process; polyamine metabolic process; putrescine biosynthetic process; putrescine metabolic process	8
PIP5K1B	O14986	RHEA:13609;RHEA:14425;RHEA:44680	a 1,2-diacyl-sn-glycero-3-phospho-(1D-myo-inositol 4-phosphate); a 1,2-diacyl-sn-glycero-3-phospho-(1D-myo-inositol); a 1,2-diacyl-sn-glycero-3-phospho-(1D-myo-inositol-3,5-bisphosphate); a 1,2-diacyl-sn-glycero-3-phospho-(1D-myo-inositol-3-phosphate); a 1,2-diacyl-sn-glycero-3-phospho-(1D-myo-inositol-4,5-bisphosphate); a 1,2-diacyl-sn-glycero-3-phospho-(1D-myo-inositol-5-phosphate)	glycerophospholipid biosynthetic process; phosphatidylinositol biosynthetic process; phosphatidylinositol metabolic process; phosphatidylinositol phosphate biosynthetic process	10
PFAS	O15067	RHEA:17129	2-formamido-N(1)-(5-O-phospho-beta-D-ribosyl)acetamidine; N(2)-formyl-N(1)-(5-phospho-beta-D-ribosyl)glycinamide	'de novo' AMP biosynthetic process; 'de novo' IMP biosynthetic process; 'de novo' XMP biosynthetic process; AMP biosynthetic process; AMP metabolic process; GMP biosynthetic process; GMP metabolic process; IMP biosynthetic process; IMP metabolic process; L-glutamine metabolic process; XMP biosynthetic process; XMP metabolic process; nucleoside monophosphate biosynthetic process; purine nucleoside monophosphate biosynthetic process; purine nucleoside monophosphate metabolic process; purine ribonucleoside monophosphate biosynthetic process; purine ribonucleoside monophosphate metabolic process; ribonucleoside monophosphate biosynthetic process	1
AGPAT2	O15120	RHEA:19709	a 1,2-diacyl-sn-glycero-3-phosphate; a 1-acyl-sn-glycero-3-phosphate; an acyl-CoA	CDP-diacylglycerol biosynthetic process; CDP-diacylglycerol metabolic process; acylglycerol biosynthetic process; acylglycerol metabolic process; glycerophospholipid biosynthetic process; neutral lipid biosynthetic process; neutral lipid metabolic process; phosphatidic acid biosynthetic process; phosphatidic acid metabolic process; triglyceride biosynthetic process; triglyceride metabolic process	23
DEGS1	O15121	RHEA:19141;RHEA:46544	11-cis-retinol; all-trans-retinol; an N-acylsphing-4-enine; an N-acylsphinganine	ceramide biosynthetic process; ceramide metabolic process; fatty acid biosynthetic process; glycolipid biosynthetic process; glycolipid metabolic process; glycosphingolipid biosynthetic process; glycosphingolipid metabolic process; liposaccharide metabolic process; sphingomyelin biosynthetic process; sphingomyelin metabolic process; unsaturated fatty acid biosynthetic process; unsaturated fatty acid metabolic process	31
GNPAT	O15228	RHEA:17657	a 1-acylglycerone 3-phosphate; an acyl-CoA; dihydroxyacetone phosphate	ether biosynthetic process; ether lipid biosynthetic process; ether lipid metabolic process; glycerol ether biosynthetic process; glycerophospholipid biosynthetic process; phosphatidic acid biosynthetic process; phosphatidic acid metabolic process	26
KMO	O15229	RHEA:20545	3-hydroxy-L-kynurenine; L-kynurenine	'de novo' NAD+ biosynthetic process from L-tryptophan; L-tryptophan catabolic process; NAD+ biosynthetic process; NAD+ metabolic process; aromatic amino acid catabolic process; aromatic amino acid metabolic process; dicarboxylic acid biosynthetic process; dicarboxylic acid metabolic process; indole-containing compound catabolic process; indole-containing compound metabolic process; kynurenic acid biosynthetic process; kynurenic acid metabolic process; nicotinamide nucleotide biosynthetic process; pyridine nucleotide biosynthetic process; pyridine-containing compound biosynthetic process; quinolinate biosynthetic process; quinolinate metabolic process	2
NDUFA1	O15239	RHEA:29091		ATP biosynthetic process; ATP synthesis coupled electron transport; aerobic electron transport chain; electron transport chain; mitochondrial ATP synthesis coupled electron transport; mitochondrial electron transport, NADH to ubiquinone; proton motive force-driven ATP synthesis; proton motive force-driven mitochondrial ATP synthesis; purine nucleoside triphosphate biosynthetic process; purine ribonucleoside triphosphate biosynthetic process; respiratory electron transport chain	0
ACOX3	O15254	RHEA:38959;RHEA:40459;RHEA:78847;RHEA:78851;RHEA:78855	(2E)-pristenoyl-CoA; (2S)-pristanoyl-CoA; a (2E)-enoyl-CoA; a 2,3-saturated acyl-CoA; a long-chain (2E)-enoyl-CoA; a long-chain 2,3-saturated fatty acyl-CoA; a medium-chain (2E)-enoyl-CoA; a medium-chain 2,3-saturated fatty acyl-CoA; a very-long-chain (2E)-enoyl-CoA; a very-long-chain 2,3-saturated fatty acyl-CoA	fatty acid beta-oxidation; fatty acid beta-oxidation using acyl-CoA oxidase; fatty acid catabolic process; fatty acid oxidation; lipid modification; lipid oxidation	18
SPTLC1	O15269	RHEA:14761	3-oxosphinganine; L-serine; hexadecanoyl-CoA	ceramide biosynthetic process; ceramide metabolic process; diol biosynthetic process; diol metabolic process; glycolipid biosynthetic process; glycolipid metabolic process; glycosphingolipid biosynthetic process; glycosphingolipid metabolic process; liposaccharide metabolic process; polyol biosynthetic process; polyol metabolic process; sphingoid biosynthetic process; sphingoid metabolic process; sphingomyelin biosynthetic process; sphingomyelin metabolic process; sphingosine biosynthetic process; sphingosine metabolic process	12
SPTLC2	O15270	RHEA:14761	3-oxosphinganine; L-serine; hexadecanoyl-CoA	ceramide biosynthetic process; ceramide metabolic process; diol biosynthetic process; diol metabolic process; glycolipid biosynthetic process; glycolipid metabolic process; glycosphingolipid biosynthetic process; glycosphingolipid metabolic process; liposaccharide metabolic process; polyol biosynthetic process; polyol metabolic process; sphingoid biosynthetic process; sphingoid metabolic process; sphingomyelin biosynthetic process; sphingomyelin metabolic process; sphingosine biosynthetic process; sphingosine metabolic process	12
PMM2	O15305	RHEA:11140	D-mannose 6-phosphate; alpha-D-mannose 1-phosphate	GDP-mannose biosynthetic process; GDP-mannose metabolic process; glycoprotein biosynthetic process; hexose metabolic process; mannose metabolic process; monosaccharide metabolic process; nucleotide-sugar biosynthetic process; nucleotide-sugar metabolic process; protein N-linked glycosylation	2
ATP6V0E1	O15342	RHEA:57720			0
BCAT2	O15382	RHEA:18321;RHEA:24801;RHEA:24813	(S)-3-methyl-2-oxopentanoate; 3-methyl-2-oxobutanoate; 4-methyl-2-oxopentanoate; L-isoleucine; L-leucine; L-valine	L-isoleucine catabolic process; L-leucine catabolic process; L-leucine metabolic process; L-valine catabolic process; branched-chain amino acid biosynthetic process; branched-chain amino acid catabolic process; branched-chain amino acid metabolic process	0
P4HA2	O15460	RHEA:18945	succinate		14
PHGDH	O43175	RHEA:12641;RHEA:21432;RHEA:49612	(2R)-3-phosphoglycerate; (R)-2-hydroxyglutarate; (S)-malate; 3-phosphooxypyruvate; oxaloacetate	L-serine biosynthetic process; L-serine metabolic process; amino acid biosynthetic process; proteinogenic amino acid biosynthetic process; serine family amino acid biosynthetic process	12
NDUFS4	O43181	RHEA:29091		ATP biosynthetic process; ATP synthesis coupled electron transport; aerobic electron transport chain; electron transport chain; mitochondrial ATP synthesis coupled electron transport; mitochondrial electron transport, NADH to ubiquinone; proton motive force-driven ATP synthesis; proton motive force-driven mitochondrial ATP synthesis; purine nucleoside triphosphate biosynthetic process; purine ribonucleoside triphosphate biosynthetic process; reactive oxygen species metabolic process; respiratory electron transport chain	0
PAPSS1	O43252	RHEA:18133;RHEA:24152	3'-phosphoadenylyl sulfate; adenosine 5'-phosphosulfate	3'-phosphoadenosine 5'-phosphosulfate biosynthetic process; 3'-phosphoadenosine 5'-phosphosulfate metabolic process; nucleoside bisphosphate biosynthetic process; nucleoside bisphosphate metabolic process; purine nucleoside bisphosphate biosynthetic process; purine nucleoside bisphosphate metabolic process; purine ribonucleoside bisphosphate biosynthetic process; purine ribonucleoside bisphosphate metabolic process; ribonucleoside bisphosphate biosynthetic process; ribonucleoside bisphosphate metabolic process; sulfate assimilation	4
PRODH	O43272	RHEA:23784	(S)-1-pyrroline-5-carboxylate; L-proline	L-proline catabolic process; L-proline metabolic process; modified amino acid catabolic process; non-proteinogenic amino acid catabolic process; non-proteinogenic amino acid metabolic process; trans-4-hydroxy-L-proline catabolic process	2
B4GALT5	O43286	RHEA:17745;RHEA:31495	N-acetyl-D-glucosamine; UDP-alpha-D-galactose; a beta-D-Gal-(1->4)-beta-D-Glc-(1<->1)-Cer(d18:1(4E)); a beta-D-glucosyl-(1<->1')-N-acylsphing-4-enine; beta-D-galactosyl-(1->4)-N-acetyl-D-glucosamine	ceramide biosynthetic process; ceramide metabolic process; ganglioside biosynthetic process; ganglioside metabolic process; glycolipid biosynthetic process; glycolipid metabolic process; glycoprotein biosynthetic process; glycosphingolipid biosynthetic process; glycosphingolipid metabolic process; liposaccharide metabolic process; protein O-linked glycosylation; protein O-linked glycosylation via N-acetylgalactosamine	18
NDUFB3	O43676	RHEA:29091		ATP biosynthetic process; ATP synthesis coupled electron transport; aerobic electron transport chain; electron transport chain; mitochondrial ATP synthesis coupled electron transport; mitochondrial electron transport, NADH to ubiquinone; proton motive force-driven ATP synthesis; proton motive force-driven mitochondrial ATP synthesis; purine nucleoside triphosphate biosynthetic process; purine ribonucleoside triphosphate biosynthetic process; respiratory electron transport chain	0
NDUFA2	O43678	RHEA:29091		ATP biosynthetic process; ATP synthesis coupled electron transport; aerobic electron transport chain; electron transport chain; mitochondrial ATP synthesis coupled electron transport; mitochondrial electron transport, NADH to ubiquinone; proton motive force-driven ATP synthesis; proton motive force-driven mitochondrial ATP synthesis; purine nucleoside triphosphate biosynthetic process; purine ribonucleoside triphosphate biosynthetic process; respiratory electron transport chain	0
GET3	O43681	RHEA:13065			0
SULT1B1	O43704	RHEA:12164	3'-phosphoadenylyl sulfate; a phenol; adenosine 3',5'-bisphosphate; an aryl sulfate	3'-phosphoadenosine 5'-phosphosulfate metabolic process; alcohol catabolic process; amine metabolic process; biogenic amine metabolic process; ethanol catabolic process; ethanol metabolic process; flavonoid metabolic process; hormone metabolic process; nucleoside bisphosphate metabolic process; phenol-containing compound metabolic process; primary alcohol catabolic process; primary alcohol metabolic process; purine nucleoside bisphosphate metabolic process; purine ribonucleoside bisphosphate metabolic process; ribonucleoside bisphosphate metabolic process; sulfation; thyroid hormone metabolic process; xenobiotic metabolic process	11
GSTZ1	O43708	RHEA:14817;RHEA:16437;RHEA:16833	4-fumarylacetoacetate; 4-maleylacetoacetate; RX; a halide anion; an S-substituted glutathione; glutathione	L-phenylalanine catabolic process; aromatic amino acid catabolic process; aromatic amino acid metabolic process; glutathione metabolic process	11
SLC37A4	O43826	RHEA:71535	D-glucose 6-phosphate	carbohydrate biosynthetic process; gluconeogenesis; glucose metabolic process; hexose biosynthetic process; hexose metabolic process; monosaccharide biosynthetic process; monosaccharide metabolic process	5
IDH3B	O43837	RHEA:23632	D-threo-isocitrate	isocitrate metabolic process; secondary alcohol metabolic process; tricarboxylic acid cycle; tricarboxylic acid metabolic process	0
PEX1	O43933	RHEA:13065		protein import into peroxisome matrix, receptor recycling; receptor metabolic process; receptor recycling	0
ACSL4	O60488	RHEA:15421;RHEA:19713;RHEA:54536	(5Z,8Z,11Z,14Z)-eicosatetraenoate; (5Z,8Z,11Z,14Z)-eicosatetraenoyl-CoA; a long-chain fatty acid; a long-chain fatty acyl-CoA; a very long-chain fatty acid; a very long-chain fatty acyl-CoA	acyl-CoA biosynthetic process; acyl-CoA metabolic process; fatty acid biosynthetic process; fatty acid derivative biosynthetic process; fatty acid derivative metabolic process; fatty-acyl-CoA biosynthetic process; fatty-acyl-CoA metabolic process; long-chain fatty acid metabolic process; long-chain fatty-acyl-CoA biosynthetic process; long-chain fatty-acyl-CoA metabolic process	12
BUB1B	O60566	RHEA:17989			0
ABCC9	O60706	RHEA:13065			0
ICMT	O60725	RHEA:21672			0
DPM1	O60762	RHEA:21184	GDP-alpha-D-mannose; a di-trans,poly-cis-dolichyl beta-D-mannosyl phosphate; a di-trans,poly-cis-dolichyl phosphate	GPI anchor biosynthetic process; GPI anchor metabolic process; GPI anchored protein biosynthesis; dolichol phosphate mannose biosynthetic process; dolichol-linked oligosaccharide biosynthetic process; dolichyl monophosphate biosynthetic process; glycerophospholipid biosynthetic process; glycolipid biosynthetic process; glycolipid metabolic process; glycoprotein biosynthetic process; isoprenoid biosynthetic process; isoprenoid metabolic process; liposaccharide metabolic process; protein N-linked glycosylation; protein O-linked glycosylation; protein O-linked glycosylation via mannose; terpenoid biosynthetic process; terpenoid metabolic process	14
SMPD2	O60906	RHEA:19253	a sphingomyelin; an N-acylsphing-4-enine; phosphocholine	ceramide biosynthetic process; ceramide metabolic process; phospholipid catabolic process; sphingolipid catabolic process; sphingomyelin catabolic process; sphingomyelin metabolic process	26
ABCB7	O75027	RHEA:13065		heme biosynthetic process; heme metabolic process; pigment biosynthetic process; pigment metabolic process; porphyrin-containing compound biosynthetic process; porphyrin-containing compound metabolic process; tetrapyrrole biosynthetic process; tetrapyrrole metabolic process	0
GGCT	O75223	RHEA:20505	5-oxo-L-proline; an L-alpha-amino acid; an alpha-(gamma-L-glutamyl)-L-amino acid		7
NDUFS7	O75251	RHEA:11356;RHEA:29091		ATP biosynthetic process; ATP synthesis coupled electron transport; aerobic electron transport chain; electron transport chain; mitochondrial ATP synthesis coupled electron transport; mitochondrial electron transport, NADH to ubiquinone; proton motive force-driven ATP synthesis; proton motive force-driven mitochondrial ATP synthesis; purine nucleoside triphosphate biosynthetic process; purine ribonucleoside triphosphate biosynthetic process; respiratory electron transport chain	0
NDUFS2	O75306	RHEA:11356;RHEA:29091		ATP biosynthetic process; ATP synthesis coupled electron transport; aerobic electron transport chain; electron transport chain; mitochondrial ATP synthesis coupled electron transport; mitochondrial electron transport, NADH to ubiquinone; proton motive force-driven ATP synthesis; proton motive force-driven mitochondrial ATP synthesis; purine nucleoside triphosphate biosynthetic process; purine ribonucleoside triphosphate biosynthetic process; respiratory electron transport chain	0
ATP6V1G1	O75348	RHEA:57720			0
VPS4B	O75351	RHEA:13065		autophagosome maturation; autophagy; late endosomal microautophagy; macroautophagy; macromolecule catabolic process; microautophagy; modification-dependent macromolecule catabolic process; modification-dependent protein catabolic process; protein catabolic process; ubiquitin-dependent protein catabolic process; ubiquitin-dependent protein catabolic process via the multivesicular body sorting pathway	0
NDUFS6	O75380	RHEA:29091		ATP biosynthetic process; ATP synthesis coupled electron transport; aerobic electron transport chain; electron transport chain; mitochondrial ATP synthesis coupled electron transport; mitochondrial electron transport, NADH to ubiquinone; proton motive force-driven ATP synthesis; proton motive force-driven mitochondrial ATP synthesis; purine nucleoside triphosphate biosynthetic process; purine ribonucleoside triphosphate biosynthetic process; respiratory electron transport chain	0
ULK1	O75385	RHEA:17989		autophagosome assembly; autophagosome organization; autophagy; autophagy of mitochondrion; macroautophagy; microautophagy; mitophagy; nucleophagy; peptidyl-serine phosphorylation; phosphorylation; piecemeal microautophagy of the nucleus; protein autophosphorylation; protein phosphorylation; reticulophagy	0
NDUFS3	O75489	RHEA:11356;RHEA:29091		ATP biosynthetic process; ATP synthesis coupled electron transport; aerobic electron transport chain; electron transport chain; mitochondrial ATP synthesis coupled electron transport; mitochondrial electron transport, NADH to ubiquinone; proton motive force-driven ATP synthesis; proton motive force-driven mitochondrial ATP synthesis; purine nucleoside triphosphate biosynthetic process; purine ribonucleoside triphosphate biosynthetic process; reactive oxygen species metabolic process; respiratory electron transport chain	0
SLC25A12	O75746	RHEA:70783;RHEA:70967	3-sulfino-L-alanine; L-aspartate	NAD+ metabolic process; malate-aspartate shuttle	11
B3GALNT1	O75752	RHEA:22252;RHEA:53432	UDP-N-acetyl-alpha-D-galactosamine; UDP-alpha-D-galactose; a beta-D-galactosyl-(1->3)-N-acetyl-beta-D-glucosaminyl derivative; a globoside Gb3Cer (d18:1(4E)); a globoside Gb4Cer (d18:1(4E)); an N-acetyl-beta-D-glucosaminyl derivative	carbohydrate biosynthetic process; glycolipid biosynthetic process; glycolipid metabolic process; glycoprotein biosynthetic process; glycosphingolipid biosynthetic process; glycosphingolipid metabolic process; liposaccharide metabolic process; oligosaccharide biosynthetic process; oligosaccharide metabolic process	15
SC5D	O75845	RHEA:54320	a Delta(5),Delta(7)-sterol; a Delta(7)-sterol	cholesterol biosynthetic process; cholesterol metabolic process; secondary alcohol biosynthetic process; secondary alcohol metabolic process; steroid biosynthetic process; sterol biosynthetic process; sterol metabolic process	0
CYP7B1	O75881	RHEA:46124;RHEA:68740	(24S)-7alpha-dihydroxycholesterol; (24S)-hydroxycholesterol; 7-oxocholesterol; 7alpha-hydroxycholesterol	bile acid biosynthetic process; bile acid metabolic process; sterol metabolic process	4
DGAT1	O75907	RHEA:10868;RHEA:11488;RHEA:12044;RHEA:16741;RHEA:38443	a 1,2-diacyl-sn-glycerol; a 1,2-diacylglycerol; a 2-acylglycerol; a diacylglycerol; a fatty acid; a fatty acyl-CoA; a long chain fatty alcohol; a long-chain alcohol wax ester; a triacyl-sn-glycerol; a triacylglycerol; all-trans-retinol; an acyl-CoA; an all-trans-retinyl ester	acyl-CoA metabolic process; acylglycerol biosynthetic process; acylglycerol metabolic process; diacylglycerol metabolic process; diterpenoid metabolic process; fatty acid derivative metabolic process; fatty-acyl-CoA metabolic process; hormone metabolic process; isoprenoid metabolic process; long-chain fatty-acyl-CoA metabolic process; monoacylglycerol biosynthetic process; monoacylglycerol metabolic process; neutral lipid biosynthetic process; neutral lipid metabolic process; olefinic compound metabolic process; primary alcohol metabolic process; retinoid metabolic process; retinol metabolic process; terpenoid metabolic process; triglyceride biosynthetic process; triglyceride metabolic process	56
DHRS3	O75911	RHEA:25033;RHEA:48488	all-trans-retinal; all-trans-retinol; apo-[alkylcobalamin reductase]	diterpenoid biosynthetic process; diterpenoid metabolic process; hormone metabolic process; isoprenoid biosynthetic process; isoprenoid metabolic process; olefinic compound metabolic process; primary alcohol metabolic process; retinoic acid biosynthetic process; retinoic acid metabolic process; retinoid metabolic process; retinol metabolic process; terpenoid biosynthetic process; terpenoid metabolic process	11
CLPX	O76031	RHEA:13065		macromolecule catabolic process; protein catabolic process; protein folding; proteolysis	0
RGS20	O76081	RHEA:19669			0
GFPT2	O94808	RHEA:13237	D-fructose 6-phosphate; D-glucosamine 6-phosphate	UDP-N-acetylglucosamine biosynthetic process; UDP-N-acetylglucosamine metabolic process; amino sugar biosynthetic process; amino sugar metabolic process; energy reserve metabolic process; fructose 6-phosphate metabolic process; nucleotide-sugar biosynthetic process; nucleotide-sugar metabolic process	4
GLS	O94925	RHEA:15889		L-glutamate biosynthetic process; L-glutamine catabolic process; L-glutamine metabolic process; amino acid biosynthetic process; dicarboxylic acid biosynthetic process; dicarboxylic acid metabolic process; glutamate family amino acid biosynthetic process; glutamate metabolic process; proteinogenic amino acid biosynthetic process	0
UPP2	O95045	RHEA:16037;RHEA:22824;RHEA:24388	2'-deoxyuridine; 2-deoxy-alpha-D-ribose 1-phosphate; alpha-D-ribose 1-phosphate; thymidine; thymine; uracil; uridine	2'-deoxyribonucleotide metabolic process; CMP catabolic process; CMP metabolic process; UMP biosynthetic process; UMP catabolic process; UMP metabolic process; UMP salvage; dCMP catabolic process; dCMP metabolic process; dTMP catabolic process; dTMP metabolic process; dUMP catabolic process; dUMP metabolic process; deoxyribonucleoside monophosphate catabolic process; deoxyribose phosphate catabolic process; glycosyl compound catabolic process; metabolic compound salvage; nucleobase-containing small molecule catabolic process; nucleoside catabolic process; nucleoside metabolic process; nucleoside monophosphate biosynthetic process; nucleoside monophosphate catabolic process; nucleoside phosphate catabolic process; nucleotide catabolic process; nucleotide salvage; pyrimidine deoxyribonucleoside monophosphate catabolic process; pyrimidine deoxyribonucleoside monophosphate metabolic process; pyrimidine deoxyribonucleotide catabolic process; pyrimidine deoxyribonucleotide metabolic process; pyrimidine nucleoside catabolic process; pyrimidine nucleoside metabolic process; pyrimidine nucleoside monophosphate biosynthetic process; pyrimidine nucleoside monophosphate catabolic process; pyrimidine nucleoside monophosphate metabolic process; pyrimidine nucleotide biosynthetic process; pyrimidine nucleotide catabolic process; pyrimidine nucleotide metabolic process; pyrimidine nucleotide salvage; pyrimidine ribonucleoside catabolic process; pyrimidine ribonucleoside metabolic process; pyrimidine ribonucleoside monophosphate biosynthetic process; pyrimidine ribonucleoside monophosphate catabolic process; pyrimidine ribonucleoside monophosphate metabolic process; pyrimidine ribonucleotide biosynthetic process; pyrimidine ribonucleotide catabolic process; pyrimidine ribonucleotide metabolic process; pyrimidine ribonucleotide salvage; pyrimidine-containing compound biosynthetic process; pyrimidine-containing compound catabolic process; pyrimidine-containing compound metabolic process; pyrimidine-containing compound salvage; ribonucleoside catabolic process; ribonucleoside metabolic process; ribonucleoside monophosphate biosynthetic process; ribonucleoside monophosphate catabolic process; ribonucleotide catabolic process; uridine catabolic process; uridine metabolic process; xenobiotic catabolic process; xenobiotic metabolic process	8
NDUFB8	O95169	RHEA:29091		ATP biosynthetic process; ATP synthesis coupled electron transport; aerobic electron transport chain; electron transport chain; mitochondrial ATP synthesis coupled electron transport; mitochondrial electron transport, NADH to ubiquinone; proton motive force-driven ATP synthesis; proton motive force-driven mitochondrial ATP synthesis; purine nucleoside triphosphate biosynthetic process; purine ribonucleoside triphosphate biosynthetic process; respiratory electron transport chain	0
LRAT	O95237	RHEA:17469	a 1,2-diacyl-sn-glycero-3-phosphocholine; a 2-acyl-sn-glycero-3-phosphocholine; all-trans-retinol; an all-trans-retinyl ester; apo-[alkylcobalamin reductase]	diterpenoid metabolic process; hormone metabolic process; isoprenoid metabolic process; olefinic compound metabolic process; primary alcohol metabolic process; retinoid metabolic process; retinol metabolic process; terpenoid metabolic process; vitamin A metabolic process	25
ABCC6	O95255	RHEA:13065;RHEA:19121	an S-substituted glutathione		1
TNKS	O95271	RHEA:54424;RHEA:58224	nicotinamide	peptidyl-serine phosphorylation; peptidyl-threonine phosphorylation; phosphorylation; post-translational protein modification; protein auto-ADP-ribosylation; protein modification by small protein conjugation; protein modification by small protein conjugation or removal; protein phosphorylation; protein poly-ADP-ribosylation; protein polyubiquitination; protein ubiquitination	5
NDUFC2	O95298	RHEA:29091		ATP biosynthetic process; ATP synthesis coupled electron transport; aerobic electron transport chain; electron transport chain; mitochondrial ATP synthesis coupled electron transport; mitochondrial electron transport, NADH to ubiquinone; proton motive force-driven ATP synthesis; proton motive force-driven mitochondrial ATP synthesis; purine nucleoside triphosphate biosynthetic process; purine ribonucleoside triphosphate biosynthetic process; respiratory electron transport chain	0
NDUFA10	O95299	RHEA:29091		ATP biosynthetic process; ATP synthesis coupled electron transport; aerobic electron transport chain; electron transport chain; mitochondrial ATP synthesis coupled electron transport; mitochondrial electron transport, NADH to ubiquinone; proton motive force-driven ATP synthesis; proton motive force-driven mitochondrial ATP synthesis; purine nucleoside triphosphate biosynthetic process; purine ribonucleoside triphosphate biosynthetic process; respiratory electron transport chain	0
PGLS	O95336	RHEA:12556	6-phospho-D-gluconate; 6-phospho-D-glucono-1,5-lactone	NADP+ metabolic process; NADPH regeneration; glucose 6-phosphate metabolic process; pentose-phosphate shunt; pentose-phosphate shunt, oxidative branch	2
PAPSS2	O95340	RHEA:18133;RHEA:24152	3'-phosphoadenylyl sulfate; adenosine 5'-phosphosulfate	3'-phosphoadenosine 5'-phosphosulfate biosynthetic process; 3'-phosphoadenosine 5'-phosphosulfate metabolic process; hormone metabolic process; nucleoside bisphosphate biosynthetic process; nucleoside bisphosphate metabolic process; purine nucleoside bisphosphate biosynthetic process; purine nucleoside bisphosphate metabolic process; purine ribonucleoside bisphosphate biosynthetic process; purine ribonucleoside bisphosphate metabolic process; ribonucleoside bisphosphate biosynthetic process; ribonucleoside bisphosphate metabolic process; sulfate assimilation	4
PGM3	O95394	RHEA:23804	N-acetyl-D-glucosamine 6-phosphate; N-acetyl-alpha-D-glucosamine 1-phosphate	D-glucosamine metabolic process; UDP-N-acetylglucosamine biosynthetic process; UDP-N-acetylglucosamine metabolic process; amino sugar biosynthetic process; amino sugar metabolic process; glycoprotein biosynthetic process; nucleotide-sugar biosynthetic process; nucleotide-sugar metabolic process; protein N-linked glycosylation; protein O-linked glycosylation	3
MOCS3	O95396	RHEA:16881;RHEA:43616;RHEA:48612	S-sulfanyl-L-cysteinyl-[cysteine desulfurase]; hydrogen cyanide; thiocyanate; thiosulfate	Mo-molybdopterin cofactor biosynthetic process; Mo-molybdopterin cofactor metabolic process; RNA biosynthetic process; RNA metabolic process; RNA modification; RNA processing; molybdopterin cofactor biosynthetic process; molybdopterin cofactor metabolic process; nucleic acid biosynthetic process; post-translational protein modification; prosthetic group metabolic process; protein modification by small protein conjugation; protein modification by small protein conjugation or removal; protein urmylation; tRNA metabolic process; tRNA modification; tRNA processing; tRNA thio-modification; tRNA wobble base modification; tRNA wobble position uridine thiolation; tRNA wobble uridine modification	1
SGPL1	O95470	RHEA:18593	hexadecanal; phosphoethanolamine; sphinganine 1-phosphate	ceramide metabolic process; sphingolipid catabolic process	8
ABCA1	O95477	RHEA:13065;RHEA:38567;RHEA:38583	a 1,2-diacyl-sn-glycero-3-phospho-L-serine; a 1,2-diacyl-sn-glycero-3-phosphocholine	cholesterol metabolic process; lipoprotein biosynthetic process; lipoprotein metabolic process; secondary alcohol metabolic process; sterol metabolic process	16
NADK	O95544	RHEA:18629		NAD+ metabolic process; NADP+ biosynthetic process; NADP+ metabolic process; nicotinamide nucleotide biosynthetic process; phosphorylation; pyridine nucleotide biosynthetic process; pyridine-containing compound biosynthetic process	0
ATP6V1G2	O95670	RHEA:57720			0
GGPS1	O95749	RHEA:17653;RHEA:19361;RHEA:22408	(2E)-geranyl diphosphate; (2E,6E)-farnesyl diphosphate; (2E,6E,10E)-geranylgeranyl diphosphate; dimethylallyl diphosphate; isopentenyl diphosphate	dimethylallyl diphosphate metabolic process; farnesyl diphosphate metabolic process; geranyl diphosphate biosynthetic process; geranyl diphosphate metabolic process; geranylgeranyl diphosphate biosynthetic process; geranylgeranyl diphosphate metabolic process; isoprenoid biosynthetic process; isoprenoid metabolic process; terpenoid biosynthetic process; terpenoid metabolic process; trans, trans-farnesyl diphosphate biosynthetic process	11
AIFM1	O95831	RHEA:11356			0
TXNDC12	O95881	RHEA:21064	glutathione		8
FTCD	O95954	RHEA:15097;RHEA:22736	(6R)-5,10-methenyltetrahydrofolate; (6S)-5,6,7,8-tetrahydrofolate; 5-formimidoyltetrahydrofolate; N-formimidoyl-L-glutamate	folic acid-containing compound metabolic process; pteridine-containing compound metabolic process	10
CH25H	O95992	RHEA:21104;RHEA:55220	25-hydroxycholesterol; 4,4-dimethyl-5alpha-cholest-7-en-3beta-ol; 4alpha-carboxy-4beta-methyl-5alpha-cholest-7-ene-3beta-ol; cholesterol	cholesterol metabolic process; secondary alcohol biosynthetic process; secondary alcohol metabolic process; steroid biosynthetic process; sterol biosynthetic process; sterol metabolic process; zymosterol biosynthetic process; zymosterol metabolic process	9
NDUFB10	O96000	RHEA:29091		ATP biosynthetic process; ATP synthesis coupled electron transport; aerobic electron transport chain; electron transport chain; mitochondrial ATP synthesis coupled electron transport; mitochondrial electron transport, NADH to ubiquinone; proton motive force-driven ATP synthesis; proton motive force-driven mitochondrial ATP synthesis; purine nucleoside triphosphate biosynthetic process; purine ribonucleoside triphosphate biosynthetic process; respiratory electron transport chain	0
MOCS2	O96007	RHEA:26333	cyclic pyranopterin phosphate; molybdopterin	Mo-molybdopterin cofactor biosynthetic process; Mo-molybdopterin cofactor metabolic process; molybdopterin cofactor biosynthetic process; molybdopterin cofactor metabolic process; prosthetic group metabolic process	2
LDHA	P00338	RHEA:23444	(S)-lactate; pyruvate	ADP catabolic process; ADP metabolic process; carbohydrate catabolic process; fermentation; glycolytic process; lactate metabolic process; nucleoside diphosphate catabolic process; nucleoside diphosphate metabolic process; nucleoside phosphate catabolic process; nucleotide catabolic process; purine nucleoside diphosphate catabolic process; purine nucleoside diphosphate metabolic process; purine nucleotide catabolic process; purine ribonucleoside diphosphate catabolic process; purine ribonucleoside diphosphate metabolic process; purine ribonucleotide catabolic process; purine-containing compound catabolic process; pyridine nucleotide catabolic process; pyridine-containing compound catabolic process; pyruvate catabolic process; pyruvate fermentation; pyruvate fermentation to lactate; pyruvate metabolic process; ribonucleoside diphosphate catabolic process; ribonucleoside diphosphate metabolic process; ribonucleotide catabolic process	14
GLUD1	P00367	RHEA:11612;RHEA:15133		L-glutamate biosynthetic process; L-glutamate catabolic process; L-glutamine metabolic process; amino acid biosynthetic process; dicarboxylic acid biosynthetic process; dicarboxylic acid catabolic process; dicarboxylic acid metabolic process; glutamate family amino acid biosynthetic process; glutamate metabolic process; proteinogenic amino acid biosynthetic process; tricarboxylic acid metabolic process	0
GSR	P00390	RHEA:11740	glutathione	glutathione metabolic process	8
SOD1	P00441	RHEA:20696		glutathione metabolic process; hydrogen peroxide biosynthetic process; hydrogen peroxide metabolic process; reactive oxygen species biosynthetic process; reactive oxygen species metabolic process; removal of superoxide radicals; superoxide metabolic process	0
OTC	P00480	RHEA:19513	L-citrulline; L-ornithine; carbamoyl phosphate	L-arginine biosynthetic process; L-citrulline biosynthetic process; L-ornithine catabolic process; amino acid biosynthetic process; arginine metabolic process; glutamate family amino acid biosynthetic process; nitrogen cycle metabolic process; non-proteinogenic amino acid biosynthetic process; non-proteinogenic amino acid catabolic process; non-proteinogenic amino acid metabolic process; ornithine metabolic process; proteinogenic amino acid biosynthetic process; urea cycle; urea metabolic process	9
PNP	P00491	RHEA:13233;RHEA:19805	a purine D-ribonucleoside; a purine nucleobase; alpha-D-ribose 1-phosphate; guanine; guanosine	2'-deoxyribonucleoside catabolic process; 2'-deoxyribonucleoside metabolic process; 2'-deoxyribonucleotide metabolic process; IMP catabolic process; IMP metabolic process; NAD+ biosynthetic process; NAD+ biosynthetic process via the salvage pathway; NAD+ metabolic process; allantoin metabolic process; dAMP catabolic process; dAMP metabolic process; deoxyadenosine catabolic process; deoxyadenosine metabolic process; deoxyguanosine catabolic process; deoxyinosine catabolic process; deoxyinosine metabolic process; deoxyribonucleoside monophosphate catabolic process; deoxyribose phosphate catabolic process; glycosyl compound catabolic process; guanosine catabolic process; guanosine metabolic process; guanosine-containing compound catabolic process; inosine catabolic process; inosine metabolic process; metabolic compound salvage; nicotinamide nucleotide biosynthetic process; nicotinamide riboside catabolic process; nicotinamide riboside metabolic process; nucleobase-containing small molecule catabolic process; nucleoside catabolic process; nucleoside metabolic process; nucleoside monophosphate catabolic process; nucleoside phosphate catabolic process; nucleotide catabolic process; nucleotide salvage; purine deoxyribonucleoside catabolic process; purine deoxyribonucleoside metabolic process; purine deoxyribonucleoside monophosphate catabolic process; purine deoxyribonucleoside monophosphate metabolic process; purine deoxyribonucleotide catabolic process; purine deoxyribonucleotide metabolic process; purine nucleoside catabolic process; purine nucleoside metabolic process; purine nucleoside monophosphate catabolic process; purine nucleoside monophosphate metabolic process; purine nucleotide catabolic process; purine nucleotide salvage; purine ribonucleoside catabolic process; purine ribonucleoside metabolic process; purine ribonucleoside monophosphate catabolic process; purine ribonucleoside monophosphate metabolic process; purine ribonucleotide catabolic process; purine-containing compound catabolic process; purine-containing compound salvage; pyridine nucleoside catabolic process; pyridine nucleoside metabolic process; pyridine nucleotide biosynthetic process; pyridine nucleotide salvage; pyridine-containing compound biosynthetic process; pyridine-containing compound catabolic process; ribonucleoside catabolic process; ribonucleoside metabolic process; ribonucleoside monophosphate catabolic process; ribonucleotide catabolic process; urate biosynthetic process; urate metabolic process	4
HPRT1	P00492	RHEA:17973;RHEA:25424	5-phospho-alpha-D-ribose 1-diphosphate; IMP; guanine; hypoxanthine	AMP biosynthetic process; AMP metabolic process; AMP salvage; GMP biosynthetic process; GMP catabolic process; GMP metabolic process; GMP salvage; IMP biosynthetic process; IMP metabolic process; IMP salvage; glycosyl compound biosynthetic process; guanine biosynthetic process; guanine metabolic process; guanine salvage; hypoxanthine biosynthetic process; hypoxanthine metabolic process; hypoxanthine salvage; metabolic compound salvage; nucleobase biosynthetic process; nucleobase metabolic process; nucleobase-containing small molecule biosynthetic process; nucleoside biosynthetic process; nucleoside metabolic process; nucleoside monophosphate biosynthetic process; nucleoside monophosphate catabolic process; nucleoside phosphate catabolic process; nucleoside salvage; nucleotide catabolic process; nucleotide salvage; purine nucleobase biosynthetic process; purine nucleobase metabolic process; purine nucleobase salvage; purine nucleoside biosynthetic process; purine nucleoside metabolic process; purine nucleoside monophosphate biosynthetic process; purine nucleoside monophosphate catabolic process; purine nucleoside monophosphate metabolic process; purine nucleotide catabolic process; purine nucleotide salvage; purine ribonucleoside biosynthetic process; purine ribonucleoside metabolic process; purine ribonucleoside monophosphate biosynthetic process; purine ribonucleoside monophosphate catabolic process; purine ribonucleoside monophosphate metabolic process; purine ribonucleoside salvage; purine ribonucleotide catabolic process; purine ribonucleotide salvage; purine-containing compound catabolic process; purine-containing compound salvage; ribonucleoside biosynthetic process; ribonucleoside metabolic process; ribonucleoside monophosphate biosynthetic process; ribonucleoside monophosphate catabolic process; ribonucleotide catabolic process	17
GOT2	P00505	RHEA:21824	L-aspartate; oxaloacetate	2-oxoglutarate metabolic process; L-asparagine biosynthetic process; L-aspartate catabolic process; L-glutamine catabolic process; L-glutamine metabolic process; NAD+ metabolic process; amino acid biosynthetic process; aspartate family amino acid biosynthetic process; aspartate metabolic process; dicarboxylic acid catabolic process; dicarboxylic acid metabolic process; glutamate metabolic process; malate-aspartate shuttle; modified amino acid catabolic process; non-proteinogenic amino acid catabolic process; non-proteinogenic amino acid metabolic process; proteinogenic amino acid biosynthetic process; trans-4-hydroxy-L-proline catabolic process	15
ABL1	P00519	RHEA:10596;RHEA:22860	deamido-NAD(+); nicotinate beta-D-ribonucleotide	DNA metabolic process; DNA repair; mismatch repair	8
EGFR	P00533	RHEA:10596			0
PGK1	P00558	RHEA:14801;RHEA:17989	(2R)-3-phospho-glyceroyl phosphate; (2R)-3-phosphoglycerate	ADP catabolic process; ADP metabolic process; canonical glycolysis; carbohydrate biosynthetic process; carbohydrate catabolic process; gluconeogenesis; glucose catabolic process; glucose metabolic process; glycolytic process; glycolytic process through fructose-6-phosphate; glycolytic process through glucose-6-phosphate; hexose biosynthetic process; hexose catabolic process; hexose metabolic process; monosaccharide biosynthetic process; monosaccharide catabolic process; monosaccharide metabolic process; nucleoside diphosphate catabolic process; nucleoside diphosphate metabolic process; nucleoside phosphate catabolic process; nucleotide catabolic process; plasminogen activation; protein processing; proteolysis; purine nucleoside diphosphate catabolic process; purine nucleoside diphosphate metabolic process; purine nucleotide catabolic process; purine ribonucleoside diphosphate catabolic process; purine ribonucleoside diphosphate metabolic process; purine ribonucleotide catabolic process; purine-containing compound catabolic process; pyridine nucleotide catabolic process; pyridine-containing compound catabolic process; pyruvate metabolic process; ribonucleoside diphosphate catabolic process; ribonucleoside diphosphate metabolic process; ribonucleotide catabolic process; zymogen activation	5
ADA	P00813	RHEA:24408;RHEA:28190	2'-deoxyadenosine; 2'-deoxyinosine; adenosine; inosine	2'-deoxyribonucleotide metabolic process; AMP biosynthetic process; AMP catabolic process; AMP metabolic process; AMP salvage; GMP biosynthetic process; GMP metabolic process; GMP salvage; adenosine catabolic process; adenosine metabolic process; dAMP catabolic process; dAMP metabolic process; deoxyribonucleoside monophosphate catabolic process; deoxyribose phosphate catabolic process; glycosyl compound biosynthetic process; glycosyl compound catabolic process; hypoxanthine biosynthetic process; hypoxanthine metabolic process; hypoxanthine salvage; inosine biosynthetic process; inosine metabolic process; metabolic compound salvage; nucleobase biosynthetic process; nucleobase metabolic process; nucleobase-containing small molecule biosynthetic process; nucleobase-containing small molecule catabolic process; nucleoside biosynthetic process; nucleoside catabolic process; nucleoside metabolic process; nucleoside monophosphate biosynthetic process; nucleoside monophosphate catabolic process; nucleoside phosphate catabolic process; nucleotide catabolic process; nucleotide salvage; purine deoxyribonucleoside monophosphate catabolic process; purine deoxyribonucleoside monophosphate metabolic process; purine deoxyribonucleotide catabolic process; purine deoxyribonucleotide metabolic process; purine nucleobase biosynthetic process; purine nucleobase metabolic process; purine nucleobase salvage; purine nucleoside biosynthetic process; purine nucleoside catabolic process; purine nucleoside metabolic process; purine nucleoside monophosphate biosynthetic process; purine nucleoside monophosphate catabolic process; purine nucleoside monophosphate metabolic process; purine nucleotide catabolic process; purine nucleotide salvage; purine ribonucleoside biosynthetic process; purine ribonucleoside catabolic process; purine ribonucleoside metabolic process; purine ribonucleoside monophosphate biosynthetic process; purine ribonucleoside monophosphate catabolic process; purine ribonucleoside monophosphate metabolic process; purine ribonucleotide catabolic process; purine ribonucleotide salvage; purine-containing compound catabolic process; purine-containing compound salvage; ribonucleoside biosynthetic process; ribonucleoside catabolic process; ribonucleoside metabolic process; ribonucleoside monophosphate biosynthetic process; ribonucleoside monophosphate catabolic process; ribonucleotide catabolic process; xenobiotic metabolic process	3
ASS1	P00966	RHEA:10932	2-(N(omega)-L-arginino)succinate; L-aspartate; L-citrulline	L-arginine biosynthetic process; L-aspartate catabolic process; L-citrulline catabolic process; amino acid biosynthetic process; arginine metabolic process; aspartate metabolic process; dicarboxylic acid catabolic process; dicarboxylic acid metabolic process; glutamate family amino acid biosynthetic process; nitrogen cycle metabolic process; non-proteinogenic amino acid catabolic process; non-proteinogenic amino acid metabolic process; proteinogenic amino acid biosynthetic process; urea cycle; urea metabolic process	12
NRAS	P01111	RHEA:19669			0
HRAS	P01112	RHEA:19669			0
KRAS	P01116	RHEA:19669			0
FTH1	P02794	RHEA:11148		autophagy	0
HMGCR	P04035	RHEA:15989	(3S)-3-hydroxy-3-methylglutaryl-CoA; (R)-mevalonate	acetyl-CoA metabolic process; acyl-CoA metabolic process; cholesterol biosynthetic process; cholesterol metabolic process; coenzyme A metabolic process; geranylgeranyl diphosphate biosynthetic process; geranylgeranyl diphosphate metabolic process; isopentenyl diphosphate biosynthetic process; isopentenyl diphosphate biosynthetic process, mevalonate pathway; isopentenyl diphosphate metabolic process; isoprenoid biosynthetic process; isoprenoid metabolic process; secondary alcohol biosynthetic process; secondary alcohol metabolic process; steroid biosynthetic process; sterol biosynthetic process; sterol metabolic process; terpenoid biosynthetic process; terpenoid metabolic process; zymosterol biosynthetic process; zymosterol metabolic process	5
GBA1	P04062	RHEA:11956;RHEA:13269;RHEA:14297	D-galactose; D-glucose; a beta-D-galactosyl-(1<->1')-N-acylsphing-4-enine; a beta-D-glucosyl-(1<->1')-N-acylsphing-4-enine; an N-acylsphing-4-enine; cholesterol; cholesteryl 3-beta-D-glucoside	autophagy; beta-glucoside catabolic process; ceramide biosynthetic process; ceramide catabolic process; ceramide metabolic process; cholesterol metabolic process; diol biosynthetic process; diol metabolic process; glucosylceramide catabolic process; glucosylceramide metabolic process; glycolipid biosynthetic process; glycolipid catabolic process; glycolipid metabolic process; glycoside catabolic process; glycoside metabolic process; glycosphingolipid catabolic process; glycosphingolipid metabolic process; glycosyl compound catabolic process; glycosylceramide catabolic process; glycosylceramide metabolic process; liposaccharide metabolic process; lysosomal protein catabolic process; macromolecule catabolic process; polyol biosynthetic process; polyol metabolic process; protein catabolic process; protein catabolic process in the vacuole; secondary alcohol metabolic process; sphingoid biosynthetic process; sphingoid metabolic process; sphingolipid catabolic process; sphingosine biosynthetic process; sphingosine metabolic process; sterol metabolic process	38
ALDOA	P04075	RHEA:14729	D-glyceraldehyde 3-phosphate; beta-D-fructose 1,6-bisphosphate; dihydroxyacetone phosphate	ADP catabolic process; ADP metabolic process; ATP biosynthetic process; canonical glycolysis; carbohydrate biosynthetic process; carbohydrate catabolic process; fructose 1,6-bisphosphate metabolic process; fructose metabolic process; gluconeogenesis; glucose catabolic process; glucose metabolic process; glycolytic process; glycolytic process through fructose-6-phosphate; glycolytic process through glucose-6-phosphate; hexose biosynthetic process; hexose catabolic process; hexose metabolic process; monosaccharide biosynthetic process; monosaccharide catabolic process; monosaccharide metabolic process; nucleoside diphosphate catabolic process; nucleoside diphosphate metabolic process; nucleoside phosphate catabolic process; nucleotide catabolic process; purine nucleoside diphosphate catabolic process; purine nucleoside diphosphate metabolic process; purine nucleoside triphosphate biosynthetic process; purine nucleotide catabolic process; purine ribonucleoside diphosphate catabolic process; purine ribonucleoside diphosphate metabolic process; purine ribonucleoside triphosphate biosynthetic process; purine ribonucleotide catabolic process; purine-containing compound catabolic process; pyridine nucleotide catabolic process; pyridine-containing compound catabolic process; pyruvate metabolic process; ribonucleoside diphosphate catabolic process; ribonucleoside diphosphate metabolic process; ribonucleotide catabolic process	9
OAT	P04181	RHEA:13877	L-glutamate 5-semialdehyde; L-ornithine; a 2-oxocarboxylate; an L-alpha-amino acid	L-arginine catabolic process; L-glutamate catabolic process; L-glutamine catabolic process; L-glutamine metabolic process; L-proline biosynthetic process; L-proline metabolic process; amino acid biosynthetic process; arginine metabolic process; dicarboxylic acid catabolic process; dicarboxylic acid metabolic process; glutamate family amino acid biosynthetic process; glutamate metabolic process; proteinogenic amino acid biosynthetic process	14
GAPDH	P04406	RHEA:10300	(2R)-3-phospho-glyceroyl phosphate; D-glyceraldehyde 3-phosphate	ADP catabolic process; ADP metabolic process; canonical glycolysis; carbohydrate biosynthetic process; carbohydrate catabolic process; gluconeogenesis; glucose catabolic process; glucose metabolic process; glycolytic process; glycolytic process through fructose-6-phosphate; glycolytic process through glucose-6-phosphate; hexose biosynthetic process; hexose catabolic process; hexose metabolic process; monosaccharide biosynthetic process; monosaccharide catabolic process; monosaccharide metabolic process; nucleoside diphosphate catabolic process; nucleoside diphosphate metabolic process; nucleoside phosphate catabolic process; nucleotide catabolic process; peptidyl-cysteine S-nitrosylation; peptidyl-cysteine S-trans-nitrosylation; protein nitrosylation; purine nucleoside diphosphate catabolic process; purine nucleoside diphosphate metabolic process; purine nucleotide catabolic process; purine ribonucleoside diphosphate catabolic process; purine ribonucleoside diphosphate metabolic process; purine ribonucleotide catabolic process; purine-containing compound catabolic process; pyridine nucleotide catabolic process; pyridine-containing compound catabolic process; pyruvate metabolic process; ribonucleoside diphosphate catabolic process; ribonucleoside diphosphate metabolic process; ribonucleotide catabolic process	8
ASL	P04424	RHEA:24020	2-(N(omega)-L-arginino)succinate; L-arginine; fumarate	L-arginine biosynthetic process; amino acid biosynthetic process; arginine metabolic process; glutamate family amino acid biosynthetic process; nitrogen cycle metabolic process; proteinogenic amino acid biosynthetic process; urea cycle; urea metabolic process	11
TYMS	P04818	RHEA:12104	(6R)-5,10-methylene-5,6,7,8-tetrahydrofolate; 7,8-dihydrofolate; dTMP; dUMP	'de novo' pyrimidine nucleobase biosynthetic process; 2'-deoxyribonucleotide biosynthetic process; 2'-deoxyribonucleotide metabolic process; DNA biosynthetic process; DNA metabolic process; DNA replication; dTMP biosynthetic process; dTMP metabolic process; dTTP biosynthetic process; dTTP metabolic process; deoxyribonucleoside monophosphate biosynthetic process; deoxyribonucleoside triphosphate biosynthetic process; deoxyribonucleoside triphosphate metabolic process; deoxyribose phosphate biosynthetic process; folic acid-containing compound biosynthetic process; folic acid-containing compound metabolic process; modified amino acid biosynthetic process; nucleic acid biosynthetic process; nucleobase biosynthetic process; nucleobase metabolic process; nucleoside monophosphate biosynthetic process; one-carbon metabolic process; pteridine-containing compound biosynthetic process; pteridine-containing compound metabolic process; pyrimidine deoxyribonucleoside monophosphate biosynthetic process; pyrimidine deoxyribonucleoside monophosphate metabolic process; pyrimidine deoxyribonucleoside triphosphate biosynthetic process; pyrimidine deoxyribonucleoside triphosphate metabolic process; pyrimidine deoxyribonucleotide biosynthetic process; pyrimidine deoxyribonucleotide metabolic process; pyrimidine nucleobase biosynthetic process; pyrimidine nucleobase metabolic process; pyrimidine nucleoside monophosphate biosynthetic process; pyrimidine nucleoside monophosphate metabolic process; pyrimidine nucleoside triphosphate biosynthetic process; pyrimidine nucleoside triphosphate metabolic process; pyrimidine nucleotide biosynthetic process; pyrimidine nucleotide metabolic process; pyrimidine-containing compound biosynthetic process; pyrimidine-containing compound metabolic process; tetrahydrofolate biosynthetic process; tetrahydrofolate interconversion; tetrahydrofolate metabolic process	10
RPN1	P04843	RHEA:22980	a di-trans,poly-cis-dolichyl diphosphate; a di-trans,poly-cis-dolichyl diphosphooligosaccharide	glycoprotein biosynthetic process; protein N-linked glycosylation	5
RPN2	P04844	RHEA:22980	a di-trans,poly-cis-dolichyl diphosphate; a di-trans,poly-cis-dolichyl diphosphooligosaccharide	glycoprotein biosynthetic process; protein N-linked glycosylation	5
ALDOB	P05062	RHEA:14729;RHEA:30851	D-glyceraldehyde; D-glyceraldehyde 3-phosphate; beta-D-fructose 1,6-bisphosphate; beta-D-fructose 1-phosphate; dihydroxyacetone phosphate	ADP catabolic process; ADP metabolic process; canonical glycolysis; carbohydrate biosynthetic process; carbohydrate catabolic process; fructose 1,6-bisphosphate metabolic process; fructose catabolic process; fructose metabolic process; gluconeogenesis; glucose catabolic process; glucose metabolic process; glycolytic process; glycolytic process through fructose-6-phosphate; glycolytic process through glucose-6-phosphate; hexose biosynthetic process; hexose catabolic process; hexose metabolic process; monosaccharide biosynthetic process; monosaccharide catabolic process; monosaccharide metabolic process; nucleoside diphosphate catabolic process; nucleoside diphosphate metabolic process; nucleoside phosphate catabolic process; nucleotide catabolic process; purine nucleoside diphosphate catabolic process; purine nucleoside diphosphate metabolic process; purine nucleotide catabolic process; purine ribonucleoside diphosphate catabolic process; purine ribonucleoside diphosphate metabolic process; purine ribonucleotide catabolic process; purine-containing compound catabolic process; pyridine nucleotide catabolic process; pyridine-containing compound catabolic process; pyruvate metabolic process; ribonucleoside diphosphate catabolic process; ribonucleoside diphosphate metabolic process; ribonucleotide catabolic process	10
ARG1	P05089	RHEA:20569	L-arginine; L-ornithine; urea	L-arginine catabolic process; arginine metabolic process; nitrogen cycle metabolic process; urea cycle; urea metabolic process	8
CYP17A1	P05093	RHEA:65760	a 17alpha-hydroxy-C21-steroid; a C21-steroid	C21-steroid hormone metabolic process; androgen biosynthetic process; androgen metabolic process; cortisol biosynthetic process; cortisol metabolic process; glucocorticoid biosynthetic process; glucocorticoid metabolic process; hormone biosynthetic process; hormone metabolic process; ketone biosynthetic process; ketone metabolic process; olefinic compound biosynthetic process; olefinic compound metabolic process; primary alcohol biosynthetic process; primary alcohol metabolic process; progesterone metabolic process; steroid biosynthetic process; steroid hormone biosynthetic process; tertiary alcohol biosynthetic process; tertiary alcohol metabolic process	2
CYP11A1	P05108	RHEA:35739	4-methylpentanal; cholesterol; pregnenolone	C21-steroid hormone biosynthetic process; C21-steroid hormone metabolic process; cholesterol metabolic process; cortisol metabolic process; glucocorticoid biosynthetic process; glucocorticoid metabolic process; hormone biosynthetic process; hormone metabolic process; ketone metabolic process; olefinic compound metabolic process; primary alcohol metabolic process; secondary alcohol metabolic process; steroid biosynthetic process; steroid hormone biosynthetic process; sterol metabolic process; tertiary alcohol metabolic process; vitamin D metabolic process	8
SLC25A5	P05141	RHEA:34999			0
PCCA	P05165	RHEA:23720	(S)-methylmalonyl-CoA; propanoyl-CoA	acyl-CoA biosynthetic process; acyl-CoA metabolic process; branched-chain amino acid metabolic process; fatty acid catabolic process; short-chain fatty acid catabolic process; short-chain fatty acid metabolic process; succinyl-CoA biosynthetic process; succinyl-CoA metabolic process	3
PCCB	P05166	RHEA:23720	(S)-methylmalonyl-CoA; propanoyl-CoA	branched-chain amino acid metabolic process; fatty acid catabolic process; short-chain fatty acid catabolic process; short-chain fatty acid metabolic process	3
ALPL	P05186	RHEA:10492;RHEA:12977;RHEA:13065;RHEA:16089;RHEA:20533;RHEA:22140;RHEA:24576;RHEA:61436	N-phosphocreatine; a nucleoside; a nucleoside 5'-phosphate; choline; creatine; ethanolamine; phosphocholine; phosphoethanolamine; pyridoxal; pyridoxal 5'-phosphate	aldehyde metabolic process; amine metabolic process; choline metabolic process; ethanolamine metabolic process; futile creatine cycle; primary alcohol metabolic process; pyridoxal 5'-phosphate metabolic process; vitamin B6 metabolic process; vitamin metabolic process	26
UROD	P06132	RHEA:19865	coproporphyrinogen III; uroporphyrinogen III	heme A biosynthetic process; heme B biosynthetic process; heme biosynthetic process; heme metabolic process; pigment biosynthetic process; pigment metabolic process; porphyrin-containing compound biosynthetic process; porphyrin-containing compound catabolic process; porphyrin-containing compound metabolic process; tetrapyrrole biosynthetic process; tetrapyrrole catabolic process; tetrapyrrole metabolic process	2
CDK1	P06493	RHEA:10216;RHEA:17989	[pyruvate, water dikinase]; [pyruvate, water dikinase]-phosphate	DNA metabolic process; DNA repair; DNA replication; peptidyl-threonine phosphorylation; phosphorylation; post-translational protein modification; protein deubiquitination; protein modification by small protein conjugation or removal; protein modification by small protein removal; protein phosphorylation	3
ATP5F1B	P06576	RHEA:57720		ATP biosynthetic process; proton motive force-driven ATP synthesis; proton motive force-driven mitochondrial ATP synthesis; purine nucleoside triphosphate biosynthetic process; purine ribonucleoside triphosphate biosynthetic process	0
CKM	P06732	RHEA:17157	N-phosphocreatine; creatine	modified amino acid biosynthetic process; phosphagen biosynthetic process; phosphocreatine biosynthetic process; phosphocreatine metabolic process	5
PYGL	P06737	RHEA:41732	[(1->4)-alpha-D-glucosyl](n); alpha-D-glucose 1-phosphate	carbohydrate catabolic process; energy reserve metabolic process; glucan catabolic process; glucan metabolic process; glycogen catabolic process; glycogen metabolic process; macromolecule catabolic process; polysaccharide catabolic process; polysaccharide metabolic process	7
GPI	P06744	RHEA:11816;RHEA:16249	alpha-D-glucose 6-phosphate; beta-D-fructose 6-phosphate; beta-D-glucose 6-phosphate	ADP catabolic process; ADP metabolic process; canonical glycolysis; carbohydrate biosynthetic process; carbohydrate catabolic process; fructose 6-phosphate metabolic process; gluconeogenesis; glucose 6-phosphate metabolic process; glucose catabolic process; glucose metabolic process; glycolytic process; glycolytic process through fructose-6-phosphate; glycolytic process through glucose-6-phosphate; hexose biosynthetic process; hexose catabolic process; hexose metabolic process; monosaccharide biosynthetic process; monosaccharide catabolic process; monosaccharide metabolic process; nucleoside diphosphate catabolic process; nucleoside diphosphate metabolic process; nucleoside phosphate catabolic process; nucleotide catabolic process; purine nucleoside diphosphate catabolic process; purine nucleoside diphosphate metabolic process; purine nucleotide catabolic process; purine ribonucleoside diphosphate catabolic process; purine ribonucleoside diphosphate metabolic process; purine ribonucleotide catabolic process; purine-containing compound catabolic process; pyridine nucleotide catabolic process; pyridine-containing compound catabolic process; pyruvate metabolic process; ribonucleoside diphosphate catabolic process; ribonucleoside diphosphate metabolic process; ribonucleotide catabolic process	3
LPL	P06858	RHEA:12044;RHEA:67424	a 2-acyl-sn-glycero-3-phospholipid; a diacylglycerol; a fatty acid; a glycerophospholipid; a triacylglycerol	acylglycerol catabolic process; acylglycerol metabolic process; diterpenoid metabolic process; fatty acid biosynthetic process; glycerolipid catabolic process; isoprenoid metabolic process; neutral lipid catabolic process; neutral lipid metabolic process; retinoid metabolic process; terpenoid metabolic process; triglyceride catabolic process; triglyceride metabolic process	18
TH	P07101	RHEA:18201	(4aS,6R)-4a-hydroxy-L-erythro-5,6,7,8-tetrahydrobiopterin; (6R)-L-erythro-5,6,7,8-tetrahydrobiopterin; L-dopa; L-tyrosine	amine biosynthetic process; amine metabolic process; aromatic amino acid metabolic process; biogenic amine biosynthetic process; biogenic amine metabolic process; catechol-containing compound biosynthetic process; catechol-containing compound metabolic process; catecholamine biosynthetic process; catecholamine metabolic process; dopamine biosynthetic process; dopamine biosynthetic process from tyrosine; dopamine metabolic process; epinephrine biosynthetic process; epinephrine metabolic process; norepinephrine biosynthetic process; norepinephrine metabolic process; phenol-containing compound biosynthetic process; phenol-containing compound metabolic process	5
LDHB	P07195	RHEA:23444	(S)-lactate; pyruvate	NAD+ metabolic process; fermentation; lactate metabolic process; pyruvate catabolic process; pyruvate fermentation; pyruvate fermentation to lactate; pyruvate metabolic process	14
P4HB	P07237	RHEA:17357;RHEA:18945	R'C(R)S-S(R)CR'; R'C(R)SH; succinate	hormone metabolic process; insulin metabolic process; insulin processing; non-proteinogenic amino acid metabolic process; peptide hormone processing; peptidyl-proline hydroxylation; peptidyl-proline hydroxylation to 4-hydroxy-L-proline; peptidyl-proline modification; protein folding; protein folding in endoplasmic reticulum; protein hydroxylation; protein processing; proteolysis; signaling receptor ligand precursor processing	17
BPGM	P07738	RHEA:15901;RHEA:17765	(2R)-2,3-bisphosphoglycerate; (2R)-2-phosphoglycerate; (2R)-3-phospho-glyceroyl phosphate; (2R)-3-phosphoglycerate	ADP catabolic process; ADP metabolic process; carbohydrate catabolic process; glycolytic process; nucleoside diphosphate catabolic process; nucleoside diphosphate metabolic process; nucleoside phosphate catabolic process; nucleotide catabolic process; purine nucleoside diphosphate catabolic process; purine nucleoside diphosphate metabolic process; purine nucleotide catabolic process; purine ribonucleoside diphosphate catabolic process; purine ribonucleoside diphosphate metabolic process; purine ribonucleotide catabolic process; purine-containing compound catabolic process; pyridine nucleotide catabolic process; pyridine-containing compound catabolic process; pyruvate metabolic process; ribonucleoside diphosphate catabolic process; ribonucleoside diphosphate metabolic process; ribonucleotide catabolic process	6
APRT	P07741	RHEA:16609	5-phospho-alpha-D-ribose 1-diphosphate; adenine	AMP biosynthetic process; AMP metabolic process; AMP salvage; GMP biosynthetic process; GMP metabolic process; GMP salvage; IMP biosynthetic process; IMP metabolic process; IMP salvage; adenine biosynthetic process; adenine metabolic process; adenine salvage; metabolic compound salvage; nucleobase biosynthetic process; nucleobase metabolic process; nucleoside monophosphate biosynthetic process; nucleotide salvage; purine nucleobase biosynthetic process; purine nucleobase metabolic process; purine nucleobase salvage; purine nucleoside monophosphate biosynthetic process; purine nucleoside monophosphate metabolic process; purine nucleotide salvage; purine ribonucleoside monophosphate biosynthetic process; purine ribonucleoside monophosphate metabolic process; purine ribonucleotide salvage; purine-containing compound salvage; ribonucleoside monophosphate biosynthetic process	7
GALT	P07902	RHEA:13989	UDP-alpha-D-galactose; UDP-alpha-D-glucose; alpha-D-galactose 1-phosphate; alpha-D-glucose 1-phosphate	UDP-alpha-D-glucose metabolic process; beta-D-galactose catabolic process via UDP-galactose, Leloir pathway; carbohydrate catabolic process; galactose catabolic process; galactose metabolic process; hexose catabolic process; hexose metabolic process; monosaccharide catabolic process; monosaccharide metabolic process; nucleotide-sugar metabolic process	24
UQCRH	P07919	RHEA:11484		ATP synthesis coupled electron transport; aerobic electron transport chain; electron transport chain; mitochondrial ATP synthesis coupled electron transport; mitochondrial electron transport, ubiquinol to cytochrome c; respiratory electron transport chain	0
LYN	P07948	RHEA:10596		peptidyl-tyrosine phosphorylation; phosphorylation; protein autophosphorylation; protein phosphorylation	0
GUSB	P08236	RHEA:17633	D-glucuronate; a beta-D-glucuronoside; an alcohol	aminoglycan catabolic process; aminoglycan metabolic process; chondroitin sulfate proteoglycan catabolic process; chondroitin sulfate proteoglycan metabolic process; glycoprotein catabolic process; glycosaminoglycan catabolic process; glycosaminoglycan metabolic process; heparan sulfate proteoglycan catabolic process; heparan sulfate proteoglycan metabolic process; hyaluronan catabolic process; hyaluronan metabolic process; macromolecule catabolic process; protein catabolic process; proteoglycan catabolic process; proteoglycan metabolic process	4
PFKM	P08237	RHEA:16109	beta-D-fructose 1,6-bisphosphate; beta-D-fructose 6-phosphate	ADP catabolic process; ADP metabolic process; canonical glycolysis; carbohydrate catabolic process; fructose 1,6-bisphosphate metabolic process; fructose 6-phosphate metabolic process; glucose catabolic process; glucose metabolic process; glycolytic process; glycolytic process through fructose-6-phosphate; glycolytic process through glucose-6-phosphate; hexose catabolic process; hexose metabolic process; monosaccharide catabolic process; monosaccharide metabolic process; nucleoside diphosphate catabolic process; nucleoside diphosphate metabolic process; nucleoside phosphate catabolic process; nucleotide catabolic process; purine nucleoside diphosphate catabolic process; purine nucleoside diphosphate metabolic process; purine nucleotide catabolic process; purine ribonucleoside diphosphate catabolic process; purine ribonucleoside diphosphate metabolic process; purine ribonucleotide catabolic process; purine-containing compound catabolic process; pyridine nucleotide catabolic process; pyridine-containing compound catabolic process; pyruvate metabolic process; ribonucleoside diphosphate catabolic process; ribonucleoside diphosphate metabolic process; ribonucleotide catabolic process	4
HMBS	P08397	RHEA:13185	hydroxymethylbilane; porphobilinogen	heme A biosynthetic process; heme B biosynthetic process; heme biosynthetic process; heme metabolic process; pigment biosynthetic process; pigment metabolic process; porphyrin-containing compound biosynthetic process; porphyrin-containing compound metabolic process; tetrapyrrole biosynthetic process; tetrapyrrole metabolic process	2
PDHA1	P08559	RHEA:19189	pyruvate	acetyl-CoA biosynthetic process; acetyl-CoA metabolic process; acyl-CoA biosynthetic process; acyl-CoA metabolic process; pyruvate decarboxylation to acetyl-CoA; pyruvate metabolic process	12
CYC1	P08574	RHEA:11484		ATP synthesis coupled electron transport; aerobic electron transport chain; electron transport chain; mitochondrial ATP synthesis coupled electron transport; mitochondrial electron transport, ubiquinol to cytochrome c; respiratory electron transport chain	0
CYP21A2	P08686	RHEA:50304;RHEA:50308;RHEA:65612	11-deoxycortisol; 17alpha-hydroxyprogesterone; 21-hydroxyprogesterone; a 21-hydroxy-C21-steroid; a C21-steroid; progesterone	cortisol biosynthetic process; cortisol metabolic process; glucocorticoid biosynthetic process; glucocorticoid metabolic process; hormone biosynthetic process; hormone metabolic process; ketone biosynthetic process; ketone metabolic process; mineralocorticoid biosynthetic process; mineralocorticoid metabolic process; olefinic compound biosynthetic process; olefinic compound metabolic process; primary alcohol biosynthetic process; primary alcohol metabolic process; steroid biosynthetic process; steroid hormone biosynthetic process; sterol metabolic process; tertiary alcohol biosynthetic process; tertiary alcohol metabolic process	2
ABHD2	P08910	RHEA:12044;RHEA:12957;RHEA:15245;RHEA:21164;RHEA:32731	a carboxylate; a carboxylic ester; a diacylglycerol; a fatty acid; a monoacylglycerol; a triacylglycerol; acetate; an acetyl ester; an alcohol; an aliphatic alcohol; glycerol	acylglycerol catabolic process; acylglycerol metabolic process; fatty acid biosynthetic process; fatty acid catabolic process; glycerolipid catabolic process; medium-chain fatty acid biosynthetic process; medium-chain fatty acid catabolic process; medium-chain fatty acid metabolic process; neutral lipid catabolic process; neutral lipid metabolic process	36
ACAA1	P09110	RHEA:13381;RHEA:18161;RHEA:21036;RHEA:21564;RHEA:78851	3-oxohexadecanoyl-CoA; a 3-oxoacyl-CoA; a carboxylate; a long-chain (2E)-enoyl-CoA; a long-chain 2,3-saturated fatty acyl-CoA; acetate; acetoacetyl-CoA; acetyl-CoA; an acyl-CoA; tetradecanoyl-CoA	alpha-linolenic acid metabolic process; benzene-containing compound metabolic process; bile acid metabolic process; fatty acid beta-oxidation; fatty acid beta-oxidation using acyl-CoA oxidase; fatty acid catabolic process; fatty acid oxidation; lipid modification; lipid oxidation; long-chain fatty acid metabolic process; olefinic compound metabolic process; phenylacetate catabolic process; unsaturated fatty acid metabolic process; very long-chain fatty acid metabolic process; xenobiotic catabolic process; xenobiotic metabolic process	65
DBH	P09172	RHEA:19117	(R)-noradrenaline; L-ascorbate; dopamine; monodehydro-L-ascorbate radical	amine biosynthetic process; amine catabolic process; amine metabolic process; biogenic amine biosynthetic process; biogenic amine catabolic process; biogenic amine metabolic process; catechol-containing compound biosynthetic process; catechol-containing compound catabolic process; catechol-containing compound metabolic process; catecholamine biosynthetic process; catecholamine catabolic process; catecholamine metabolic process; dopamine catabolic process; dopamine metabolic process; norepinephrine biosynthetic process; norepinephrine metabolic process; phenol-containing compound biosynthetic process; phenol-containing compound catabolic process; phenol-containing compound metabolic process	1
HMOX1	P09601	RHEA:21764	CO; biliverdin IXalpha; heme b	heme catabolic process; heme metabolic process; heme oxidation; pigment catabolic process; pigment metabolic process; porphyrin-containing compound catabolic process; porphyrin-containing compound metabolic process; tetrapyrrole catabolic process; tetrapyrrole metabolic process	5
DLD	P09622	RHEA:15045		2-oxoglutarate decarboxylation to succinyl-CoA; 2-oxoglutarate metabolic process; L-lysine catabolic process; acetyl-CoA biosynthetic process; acetyl-CoA metabolic process; acyl-CoA biosynthetic process; acyl-CoA metabolic process; branched-chain alpha-keto acid decarboxylation to branched-chain acyl-CoA; branched-chain amino acid catabolic process; branched-chain amino acid metabolic process; dicarboxylic acid metabolic process; fatty acid derivative metabolic process; fatty-acyl-CoA metabolic process; pyruvate decarboxylation to acetyl-CoA; pyruvate metabolic process; succinyl-CoA biosynthetic process; succinyl-CoA metabolic process; tricarboxylic acid cycle	0
HSPA1A	P0DMV8	RHEA:13065		RNA catabolic process; RNA metabolic process; mRNA catabolic process; mRNA metabolic process; macromolecule catabolic process; nucleic acid catabolic process; protein folding; protein refolding	0
HSPA1B	P0DMV9	RHEA:13065		RNA catabolic process; RNA metabolic process; mRNA catabolic process; mRNA metabolic process; macromolecule catabolic process; nucleic acid catabolic process; protein folding; protein refolding	0
COX8A	P10176	RHEA:11436		ATP synthesis coupled electron transport; aerobic electron transport chain; electron transport chain; mitochondrial ATP synthesis coupled electron transport; mitochondrial electron transport, cytochrome c to oxygen; respiratory electron transport chain	0
DLAT	P10515	RHEA:17017	acetyl-CoA	acetyl-CoA biosynthetic process; acetyl-CoA metabolic process; acyl-CoA biosynthetic process; acyl-CoA metabolic process; pyruvate catabolic process; pyruvate decarboxylation to acetyl-CoA; pyruvate metabolic process; tricarboxylic acid cycle	28
TXN	P10599	RHEA:20345		cellular detoxification of hydrogen peroxide; detoxification of hydrogen peroxide; hydrogen peroxide metabolic process; reactive oxygen species metabolic process	0
COX5B	P10606	RHEA:11436		ATP synthesis coupled electron transport; aerobic electron transport chain; electron transport chain; mitochondrial ATP synthesis coupled electron transport; mitochondrial electron transport, cytochrome c to oxygen; respiratory electron transport chain	0
KIT	P10721	RHEA:10596		phosphorylation; protein autophosphorylation; protein phosphorylation	0
UROS	P10746	RHEA:18965	hydroxymethylbilane; uroporphyrinogen III	heme A biosynthetic process; heme B biosynthetic process; heme biosynthetic process; heme metabolic process; pigment biosynthetic process; pigment metabolic process; porphyrin-containing compound biosynthetic process; porphyrin-containing compound metabolic process; tetrapyrrole biosynthetic process; tetrapyrrole metabolic process; uroporphyrinogen III biosynthetic process; uroporphyrinogen III metabolic process	2
HSPD1	P10809	RHEA:13065		'de novo' protein folding; DNA metabolic process; DNA recombination; immunoglobulin production; immunoglobulin production involved in immunoglobulin-mediated immune response; isotype switching; isotype switching to IgG isotypes; production of molecular mediator of immune response; protein folding; protein refolding; somatic cell DNA recombination; somatic diversification of immune receptors via germline recombination within a single locus; somatic diversification of immunoglobulins; somatic diversification of immunoglobulins involved in immune response; somatic recombination of immunoglobulin gene segments; somatic recombination of immunoglobulin genes involved in immune response	0
PNMT	P11086	RHEA:12176	N-methylphenylethanolamine; phenylethanolamine	amine biosynthetic process; amine metabolic process; biogenic amine biosynthetic process; biogenic amine metabolic process; catechol-containing compound biosynthetic process; catechol-containing compound metabolic process; catecholamine biosynthetic process; catecholamine metabolic process; epinephrine biosynthetic process; epinephrine metabolic process; phenol-containing compound biosynthetic process; phenol-containing compound metabolic process	0
HSPA8	P11142	RHEA:13065		RNA biosynthetic process; RNA metabolic process; RNA processing; RNA splicing; RNA splicing, via transesterification reactions; RNA splicing, via transesterification reactions with bulged adenosine as nucleophile; autophagy; chaperone-mediated autophagy; mRNA metabolic process; mRNA processing; mRNA splicing, via spliceosome; macromolecule catabolic process; nucleic acid biosynthetic process; protein catabolic process; protein folding; protein refolding; protein targeting to lysosome involved in chaperone-mediated autophagy; protein targeting to vacuole involved in autophagy	0
UMPS	P11172	RHEA:10380;RHEA:11596	5-phospho-alpha-D-ribose 1-diphosphate; orotate; orotidine 5'-phosphate	'de novo' CTP biosynthetic process; 'de novo' UMP biosynthetic process; 'de novo' pyrimidine nucleobase biosynthetic process; CTP biosynthetic process; CTP metabolic process; UDP biosynthetic process; UDP metabolic process; UMP biosynthetic process; UMP metabolic process; nucleobase biosynthetic process; nucleobase metabolic process; nucleoside diphosphate biosynthetic process; nucleoside diphosphate metabolic process; nucleoside monophosphate biosynthetic process; pyrimidine nucleobase biosynthetic process; pyrimidine nucleobase metabolic process; pyrimidine nucleoside diphosphate biosynthetic process; pyrimidine nucleoside diphosphate metabolic process; pyrimidine nucleoside monophosphate biosynthetic process; pyrimidine nucleoside monophosphate metabolic process; pyrimidine nucleoside triphosphate biosynthetic process; pyrimidine nucleoside triphosphate metabolic process; pyrimidine nucleotide biosynthetic process; pyrimidine nucleotide metabolic process; pyrimidine ribonucleoside diphosphate biosynthetic process; pyrimidine ribonucleoside diphosphate metabolic process; pyrimidine ribonucleoside monophosphate biosynthetic process; pyrimidine ribonucleoside monophosphate metabolic process; pyrimidine ribonucleoside triphosphate biosynthetic process; pyrimidine ribonucleoside triphosphate metabolic process; pyrimidine ribonucleotide biosynthetic process; pyrimidine ribonucleotide metabolic process; pyrimidine-containing compound biosynthetic process; pyrimidine-containing compound metabolic process; ribonucleoside diphosphate biosynthetic process; ribonucleoside diphosphate metabolic process; ribonucleoside monophosphate biosynthetic process	8
PDHB	P11177	RHEA:19189	pyruvate	acetyl-CoA biosynthetic process; acetyl-CoA metabolic process; acyl-CoA biosynthetic process; acyl-CoA metabolic process; pyruvate decarboxylation to acetyl-CoA; pyruvate metabolic process; tricarboxylic acid cycle	12
PYGM	P11217	RHEA:41732	[(1->4)-alpha-D-glucosyl](n); alpha-D-glucose 1-phosphate	carbohydrate catabolic process; energy reserve metabolic process; glucan catabolic process; glucan metabolic process; glycogen catabolic process; glycogen metabolic process; macromolecule catabolic process; polysaccharide catabolic process; polysaccharide metabolic process	7
ACADM	P11310	RHEA:14477;RHEA:17721;RHEA:44704;RHEA:47196	a (2E)-enoyl-CoA; a 2,3-saturated acyl-CoA; a long-chain (2E)-enoyl-CoA; a long-chain 2,3-saturated fatty acyl-CoA; a medium-chain (2E)-enoyl-CoA; a medium-chain 2,3-saturated fatty acyl-CoA; a short-chain (2E)-enoyl-CoA; a short-chain 2,3-saturated fatty acyl-CoA	amino-acid betaine biosynthetic process; amino-acid betaine metabolic process; carbohydrate biosynthetic process; carnitine biosynthetic process; carnitine metabolic process; carnitine metabolic process, CoA-linked; energy reserve metabolic process; fatty acid beta-oxidation; fatty acid beta-oxidation using acyl-CoA dehydrogenase; fatty acid catabolic process; fatty acid oxidation; glucan biosynthetic process; glucan metabolic process; glycogen biosynthetic process; glycogen metabolic process; lipid modification; lipid oxidation; medium-chain fatty acid catabolic process; medium-chain fatty acid metabolic process; modified amino acid biosynthetic process; polysaccharide biosynthetic process; polysaccharide metabolic process	18
G6PD	P11413	RHEA:15841	6-phospho-D-glucono-1,5-lactone; D-glucose 6-phosphate	NADP+ metabolic process; NADPH regeneration; carbohydrate biosynthetic process; cholesterol biosynthetic process; cholesterol metabolic process; glucose 6-phosphate metabolic process; glucose metabolic process; glutathione metabolic process; hexose metabolic process; monosaccharide biosynthetic process; monosaccharide metabolic process; pentose biosynthetic process; pentose metabolic process; pentose-phosphate shunt; pentose-phosphate shunt, oxidative branch; secondary alcohol biosynthetic process; secondary alcohol metabolic process; steroid biosynthetic process; sterol biosynthetic process; sterol metabolic process	6
PC	P11498	RHEA:20844	oxaloacetate; pyruvate	NAD+ metabolic process; NADP+ metabolic process; carbohydrate biosynthetic process; gluconeogenesis; glucose metabolic process; hexose biosynthetic process; hexose metabolic process; monosaccharide biosynthetic process; monosaccharide metabolic process	18
MTHFD1	P11586	RHEA:20221;RHEA:22812;RHEA:23700	(6R)-10-formyltetrahydrofolate; (6R)-5,10-methenyltetrahydrofolate; (6R)-5,10-methylene-5,6,7,8-tetrahydrofolate; (6S)-5,6,7,8-tetrahydrofolate; formate	10-formyltetrahydrofolate biosynthetic process; 10-formyltetrahydrofolate metabolic process; L-methionine biosynthetic process; L-methionine metabolic process; amino acid biosynthetic process; aspartate family amino acid biosynthetic process; dicarboxylic acid biosynthetic process; dicarboxylic acid metabolic process; folic acid metabolic process; folic acid-containing compound biosynthetic process; folic acid-containing compound metabolic process; homocysteine metabolic process; modified amino acid biosynthetic process; non-proteinogenic amino acid metabolic process; one-carbon metabolic process; proteinogenic amino acid biosynthetic process; pteridine-containing compound biosynthetic process; pteridine-containing compound metabolic process; sulfur amino acid biosynthetic process; sulfur amino acid metabolic process; tetrahydrofolate biosynthetic process; tetrahydrofolate interconversion; tetrahydrofolate metabolic process; transsulfuration	14
CDK4	P11802	RHEA:17989			0
ODC1	P11926	RHEA:22964	L-ornithine; putrescine	amine biosynthetic process; amine metabolic process; biogenic amine biosynthetic process; biogenic amine metabolic process; polyamine biosynthetic process; polyamine metabolic process; putrescine biosynthetic process; putrescine metabolic process; spermidine biosynthetic process; spermidine metabolic process; spermine biosynthetic process; spermine metabolic process	8
SLC25A4	P12235	RHEA:34999			0
SLC25A6	P12236	RHEA:34999			0
IMPDH2	P12268	RHEA:11708	IMP; XMP	'de novo' XMP biosynthetic process; GMP biosynthetic process; GMP metabolic process; GTP biosynthetic process; GTP metabolic process; XMP biosynthetic process; XMP metabolic process; nucleoside monophosphate biosynthetic process; purine nucleoside monophosphate biosynthetic process; purine nucleoside monophosphate metabolic process; purine nucleoside triphosphate biosynthetic process; purine ribonucleoside monophosphate biosynthetic process; purine ribonucleoside monophosphate metabolic process; purine ribonucleoside triphosphate biosynthetic process; ribonucleoside monophosphate biosynthetic process	8
CKB	P12277	RHEA:17157	N-phosphocreatine; creatine	futile creatine cycle; modified amino acid biosynthetic process; phosphagen biosynthetic process; phosphocreatine biosynthetic process; phosphocreatine metabolic process	5
CKMT1A; CKMT1B	P12532	RHEA:17157	N-phosphocreatine; creatine	modified amino acid biosynthetic process; phosphagen biosynthetic process; phosphocreatine biosynthetic process; phosphocreatine metabolic process	5
COX4I1	P13073	RHEA:11436		ATP synthesis coupled electron transport; aerobic electron transport chain; electron transport chain; mitochondrial ATP synthesis coupled electron transport; mitochondrial electron transport, cytochrome c to oxygen; respiratory electron transport chain	0
CFTR	P13569	RHEA:13065			0
ATP1A3	P13637	RHEA:13065;RHEA:16777;RHEA:18353	CHEBI:29101; CHEBI:29103		3
P4HA1	P13674	RHEA:18945	succinate		14
ALAD	P13716	RHEA:24064	5-aminolevulinate; porphobilinogen	heme A biosynthetic process; heme B biosynthetic process; heme biosynthetic process; heme metabolic process; pigment biosynthetic process; pigment metabolic process; porphyrin-containing compound biosynthetic process; porphyrin-containing compound metabolic process; tetrapyrrole biosynthetic process; tetrapyrrole metabolic process	2
GYS1	P13807	RHEA:18549	UDP-alpha-D-glucose; [(1->4)-alpha-D-glucosyl](n)	carbohydrate biosynthetic process; energy reserve metabolic process; glucan biosynthetic process; glucan metabolic process; glycogen biosynthetic process; glycogen metabolic process; polysaccharide biosynthetic process; polysaccharide metabolic process	10
ENO3	P13929	RHEA:10164	(2R)-2-phosphoglycerate; phosphoenolpyruvate	ADP catabolic process; ADP metabolic process; canonical glycolysis; carbohydrate biosynthetic process; carbohydrate catabolic process; gluconeogenesis; glucose catabolic process; glucose metabolic process; glycolytic process; glycolytic process through fructose-6-phosphate; glycolytic process through glucose-6-phosphate; hexose biosynthetic process; hexose catabolic process; hexose metabolic process; monosaccharide biosynthetic process; monosaccharide catabolic process; monosaccharide metabolic process; nucleoside diphosphate catabolic process; nucleoside diphosphate metabolic process; nucleoside phosphate catabolic process; nucleotide catabolic process; purine nucleoside diphosphate catabolic process; purine nucleoside diphosphate metabolic process; purine nucleotide catabolic process; purine ribonucleoside diphosphate catabolic process; purine ribonucleoside diphosphate metabolic process; purine ribonucleotide catabolic process; purine-containing compound catabolic process; pyridine nucleotide catabolic process; pyridine-containing compound catabolic process; pyruvate metabolic process; ribonucleoside diphosphate catabolic process; ribonucleoside diphosphate metabolic process; ribonucleotide catabolic process	5
MTHFD2	P13995	RHEA:22812;RHEA:22892;RHEA:23700	(6R)-10-formyltetrahydrofolate; (6R)-5,10-methenyltetrahydrofolate; (6R)-5,10-methylene-5,6,7,8-tetrahydrofolate	dicarboxylic acid metabolic process; folic acid metabolic process; folic acid-containing compound biosynthetic process; folic acid-containing compound metabolic process; formate biosynthetic process; formate metabolic process; modified amino acid biosynthetic process; one-carbon metabolic process; pteridine-containing compound biosynthetic process; pteridine-containing compound metabolic process; tetrahydrofolate biosynthetic process; tetrahydrofolate interconversion; tetrahydrofolate metabolic process	10
FDPS	P14324	RHEA:19361;RHEA:22408	(2E)-geranyl diphosphate; (2E,6E)-farnesyl diphosphate; dimethylallyl diphosphate; isopentenyl diphosphate	cholesterol biosynthetic process; cholesterol metabolic process; dimethylallyl diphosphate metabolic process; farnesyl diphosphate metabolic process; geranyl diphosphate biosynthetic process; geranyl diphosphate metabolic process; geranylgeranyl diphosphate biosynthetic process; geranylgeranyl diphosphate metabolic process; isoprenoid biosynthetic process; isoprenoid metabolic process; secondary alcohol biosynthetic process; secondary alcohol metabolic process; steroid biosynthetic process; sterol biosynthetic process; sterol metabolic process; terpenoid biosynthetic process; terpenoid metabolic process; trans, trans-farnesyl diphosphate biosynthetic process; zymosterol biosynthetic process; zymosterol metabolic process	11
PKM	P14618	RHEA:10596;RHEA:18157	phosphoenolpyruvate; pyruvate	ADP catabolic process; ADP metabolic process; canonical glycolysis; carbohydrate catabolic process; glucose catabolic process; glucose metabolic process; glycolytic process; glycolytic process through fructose-6-phosphate; glycolytic process through glucose-6-phosphate; hexose catabolic process; hexose metabolic process; monosaccharide catabolic process; monosaccharide metabolic process; nucleoside diphosphate catabolic process; nucleoside diphosphate metabolic process; nucleoside phosphate catabolic process; nucleotide catabolic process; purine nucleoside diphosphate catabolic process; purine nucleoside diphosphate metabolic process; purine nucleotide catabolic process; purine ribonucleoside diphosphate catabolic process; purine ribonucleoside diphosphate metabolic process; purine ribonucleotide catabolic process; purine-containing compound catabolic process; pyridine nucleotide catabolic process; pyridine-containing compound catabolic process; pyruvate biosynthetic process; pyruvate metabolic process; ribonucleoside diphosphate catabolic process; ribonucleoside diphosphate metabolic process; ribonucleotide catabolic process	14
COX6B1	P14854	RHEA:11436		ATP synthesis coupled electron transport; aerobic electron transport chain; electron transport chain; mitochondrial ATP synthesis coupled electron transport; mitochondrial electron transport, cytochrome c to oxygen; respiratory electron transport chain	0
IDO1	P14902	RHEA:14189;RHEA:24536	D-tryptophan; L-tryptophan; N-formyl-D-kynurenine; N-formyl-L-kynurenine	'de novo' NAD+ biosynthetic process from L-tryptophan; L-tryptophan catabolic process; NAD+ biosynthetic process; NAD+ metabolic process; aromatic amino acid catabolic process; aromatic amino acid metabolic process; dicarboxylic acid biosynthetic process; dicarboxylic acid metabolic process; indole-containing compound catabolic process; indole-containing compound metabolic process; nicotinamide nucleotide biosynthetic process; pyridine nucleotide biosynthetic process; pyridine-containing compound biosynthetic process; quinolinate biosynthetic process; quinolinate metabolic process	4
BRAF	P15056	RHEA:17989		phosphorylation; protein phosphorylation	0
GLUL	P15104	RHEA:16169;RHEA:36683	hexadecanoyl-CoA	L-glutamate catabolic process; L-glutamine biosynthetic process; L-glutamine metabolic process; amino acid biosynthetic process; dicarboxylic acid catabolic process; dicarboxylic acid metabolic process; glutamate family amino acid biosynthetic process; glutamate metabolic process; lipoprotein biosynthetic process; lipoprotein metabolic process; protein acylation; protein lipidation; protein palmitoylation; proteinogenic amino acid biosynthetic process	6
PGAM2	P15259	RHEA:15901;RHEA:17765	(2R)-2,3-bisphosphoglycerate; (2R)-2-phosphoglycerate; (2R)-3-phospho-glyceroyl phosphate; (2R)-3-phosphoglycerate	ADP catabolic process; ADP metabolic process; canonical glycolysis; carbohydrate biosynthetic process; carbohydrate catabolic process; gluconeogenesis; glucose catabolic process; glucose metabolic process; glycolytic process; glycolytic process through fructose-6-phosphate; glycolytic process through glucose-6-phosphate; hexose biosynthetic process; hexose catabolic process; hexose metabolic process; monosaccharide biosynthetic process; monosaccharide catabolic process; monosaccharide metabolic process; nucleoside diphosphate catabolic process; nucleoside diphosphate metabolic process; nucleoside phosphate catabolic process; nucleotide catabolic process; purine nucleoside diphosphate catabolic process; purine nucleoside diphosphate metabolic process; purine nucleotide catabolic process; purine ribonucleoside diphosphate catabolic process; purine ribonucleoside diphosphate metabolic process; purine ribonucleotide catabolic process; purine-containing compound catabolic process; pyridine nucleotide catabolic process; pyridine-containing compound catabolic process; pyruvate metabolic process; ribonucleoside diphosphate catabolic process; ribonucleoside diphosphate metabolic process; ribonucleotide catabolic process	6
ARSA	P15289	RHEA:17261;RHEA:21300	a beta-D-galactosyl-(1<->1')-N-acylsphing-4-enine; a phenol; an N-acyl-1-beta-D-(3-O-sulfo)-galactosyl-sphing-4-enine; an aryl sulfate	ceramide catabolic process; ceramide metabolic process; ganglioside catabolic process; ganglioside metabolic process; glycolipid catabolic process; glycolipid metabolic process; glycosphingolipid catabolic process; glycosphingolipid metabolic process; liposaccharide metabolic process; sphingolipid catabolic process	11
B4GALT1	P15291	RHEA:12404;RHEA:17745;RHEA:22932	D-glucose; N-acetyl-D-glucosamine; UDP-alpha-D-galactose; a beta-D-galactosyl-(1->4)-N-acetyl-beta-D-glucosaminyl derivative; an N-acetyl-beta-D-glucosaminyl derivative; beta-D-galactosyl-(1->4)-N-acetyl-D-glucosamine; lactose	carbohydrate biosynthetic process; disaccharide biosynthetic process; disaccharide metabolic process; glycoprotein biosynthetic process; lactose biosynthetic process; lactose metabolic process; oligosaccharide biosynthetic process; oligosaccharide metabolic process; protein N-linked glycosylation	19
ATP6V1B1	P15313	RHEA:57720			0
ATF2	P15336	RHEA:21992	acetyl-CoA	DNA-templated transcription; DNA-templated transcription initiation; RNA biosynthetic process; RNA metabolic process; mRNA metabolic process; mRNA transcription; mRNA transcription by RNA polymerase II; nucleic acid biosynthetic process; peptidyl-threonine phosphorylation; phosphorylation; protein phosphorylation; transcription by RNA polymerase II; transcription initiation at RNA polymerase II promoter; transcription initiation-coupled chromatin remodeling	28
CYP11B1	P15538	RHEA:11872;RHEA:15629	18-hydroxycorticosterone; a steroid; an 11beta-hydroxysteroid; corticosterone	C21-steroid hormone biosynthetic process; C21-steroid hormone metabolic process; aldehyde biosynthetic process; aldehyde metabolic process; aldosterone biosynthetic process; aldosterone metabolic process; cholesterol metabolic process; cortisol biosynthetic process; cortisol metabolic process; glucocorticoid biosynthetic process; glucocorticoid metabolic process; hormone biosynthetic process; hormone metabolic process; ketone biosynthetic process; ketone metabolic process; mineralocorticoid biosynthetic process; mineralocorticoid metabolic process; olefinic compound biosynthetic process; olefinic compound metabolic process; primary alcohol biosynthetic process; primary alcohol metabolic process; secondary alcohol metabolic process; steroid biosynthetic process; steroid hormone biosynthetic process; sterol metabolic process; tertiary alcohol biosynthetic process; tertiary alcohol metabolic process	3
ARSB	P15848	RHEA:17261	a phenol; an aryl sulfate	autophagy; chondroitin sulfate proteoglycan catabolic process; chondroitin sulfate proteoglycan metabolic process; glycoprotein catabolic process; macromolecule catabolic process; protein catabolic process; proteoglycan catabolic process; proteoglycan metabolic process	7
ST6GAL1	P15907	RHEA:52104	CMP-N-acetyl-beta-neuraminate; a beta-D-galactoside; an N-acetyl-alpha-neuraminyl-(2->6)-beta-D-galactosyl derivative	N-acetylneuraminate metabolic process; amino sugar metabolic process; glycoprotein biosynthetic process; protein N-linked glycosylation; protein O-linked glycosylation; protein O-linked glycosylation via N-acetylgalactosamine; sialylation	2
NQO2	P16083	RHEA:12364	1-(beta-D-ribofuranosyl)-1,4-dihydronicotinamide; beta-nicotinamide D-riboside	ketone metabolic process; quinone metabolic process	2
ACADS	P16219	RHEA:14477;RHEA:44704;RHEA:47196	a (2E)-enoyl-CoA; a 2,3-saturated acyl-CoA; a medium-chain (2E)-enoyl-CoA; a medium-chain 2,3-saturated fatty acyl-CoA; a short-chain (2E)-enoyl-CoA; a short-chain 2,3-saturated fatty acyl-CoA	butyrate catabolic process; butyrate metabolic process; fatty acid beta-oxidation; fatty acid beta-oxidation using acyl-CoA dehydrogenase; fatty acid catabolic process; fatty acid oxidation; lipid modification; lipid oxidation; short-chain fatty acid catabolic process; short-chain fatty acid metabolic process	17
DPEP1	P16444	RHEA:20401	a beta-lactam; a substituted beta-amino acid	antibiotic metabolic process; fatty acid derivative catabolic process; fatty acid derivative metabolic process; glutathione catabolic process; glutathione metabolic process; homocysteine metabolic process; icosanoid catabolic process; icosanoid metabolic process; lactam catabolic process; lactam metabolic process; leukotriene D4 catabolic process; leukotriene catabolic process; leukotriene metabolic process; modified amino acid catabolic process; non-proteinogenic amino acid metabolic process; proteolysis; sulfur amino acid metabolic process; sulfur compound catabolic process	0
FAH	P16930	RHEA:10244	4-fumarylacetoacetate; acetoacetate; fumarate	L-phenylalanine catabolic process; L-tyrosine catabolic process; aromatic amino acid catabolic process; aromatic amino acid metabolic process; benzene-containing compound metabolic process; homogentisate catabolic process; phenol-containing compound catabolic process; phenol-containing compound metabolic process	10
HSPA6	P17066	RHEA:13065		protein folding; protein refolding	0
GOT1	P17174	RHEA:17441;RHEA:20828;RHEA:21824;RHEA:70223	(2S)-2-aminobutanoate; 2-oxo-3-sulfanylpropanoate; 2-oxobutanoate; L-aspartate; L-cysteine; a 1,2-diacyl-sn-glycero-3-phospho-L-serine; a 1,2-diacyl-sn-glycero-3-phosphoethanolamine; oxaloacetate	2-oxoglutarate metabolic process; L-aspartate biosynthetic process; L-aspartate catabolic process; L-glutamate biosynthetic process; NAD+ metabolic process; alditol biosynthetic process; amino acid biosynthetic process; aspartate family amino acid biosynthetic process; aspartate metabolic process; carbohydrate biosynthetic process; dicarboxylic acid biosynthetic process; dicarboxylic acid catabolic process; dicarboxylic acid metabolic process; gluconeogenesis; glucose metabolic process; glutamate family amino acid biosynthetic process; glutamate metabolic process; glycerol biosynthetic process; glycerol metabolic process; hexose biosynthetic process; hexose metabolic process; malate-aspartate shuttle; monosaccharide biosynthetic process; monosaccharide metabolic process; oxaloacetate metabolic process; polyol biosynthetic process; polyol metabolic process; proteinogenic amino acid biosynthetic process	32
SMPD1	P17405	RHEA:10604;RHEA:19253	a 1,2-diacyl-sn-glycero-3-phosphocholine; a 1,2-diacyl-sn-glycerol; a sphingomyelin; an N-acylsphing-4-enine; phosphocholine	ceramide biosynthetic process; ceramide metabolic process; glycolipid catabolic process; glycolipid metabolic process; glycosphingolipid catabolic process; glycosphingolipid metabolic process; liposaccharide metabolic process; phospholipid catabolic process; sphingolipid catabolic process; sphingomyelin catabolic process; sphingomyelin metabolic process	43
AKR1C4	P17516	RHEA:14401;RHEA:14929;RHEA:14981;RHEA:16177;RHEA:16297;RHEA:22400;RHEA:34787;RHEA:81599	17beta-hydroxy-5alpha-androstan-3-one; 17beta-hydroxyandrostanone; 5alpha-androstane-3beta,17beta-diol; a 17-oxo steroid; a 17beta-hydroxy steroid; a 3-oxosteroid; a 3beta-hydroxysteroid; androst-4-ene-3,17-dione; androstan-3alpha,17beta-diol; chlordecone; chlordecone alcohol; retinal; retinoate; testosterone	C21-steroid hormone metabolic process; androgen metabolic process; bile acid biosynthetic process; bile acid metabolic process; daunorubicin metabolic process; diterpenoid metabolic process; doxorubicin metabolic process; glycoside metabolic process; hormone metabolic process; icosanoid metabolic process; isoprenoid metabolic process; ketone metabolic process; olefinic compound metabolic process; polyketide metabolic process; primary alcohol metabolic process; progesterone metabolic process; prostaglandin metabolic process; prostanoid metabolic process; retinoid metabolic process; secondary metabolic process; terpenoid metabolic process; tertiary alcohol metabolic process; unsaturated fatty acid metabolic process	8
CKMT2	P17540	RHEA:17157	N-phosphocreatine; creatine	modified amino acid biosynthetic process; phosphagen biosynthetic process; phosphocreatine biosynthetic process; phosphocreatine metabolic process	5
NDUFB7	P17568	RHEA:29091		ATP biosynthetic process; ATP synthesis coupled electron transport; aerobic electron transport chain; electron transport chain; mitochondrial ATP synthesis coupled electron transport; mitochondrial electron transport, NADH to ubiquinone; proton motive force-driven ATP synthesis; proton motive force-driven mitochondrial ATP synthesis; purine nucleoside triphosphate biosynthetic process; purine ribonucleoside triphosphate biosynthetic process; respiratory electron transport chain	0
AMD1	P17707	RHEA:15981	S-adenosyl 3-(methylsulfanyl)propylamine	amine biosynthetic process; amine metabolic process; biogenic amine biosynthetic process; biogenic amine metabolic process; polyamine biosynthetic process; polyamine metabolic process; spermidine biosynthetic process; spermidine metabolic process; spermine biosynthetic process; spermine metabolic process	2
TAT	P17735	RHEA:15093	3-(4-hydroxyphenyl)pyruvate; L-tyrosine	2-oxoglutarate metabolic process; L-phenylalanine catabolic process; L-tyrosine catabolic process; aromatic amino acid catabolic process; aromatic amino acid metabolic process; dicarboxylic acid metabolic process; glutamate metabolic process	3
TPH1	P17752	RHEA:16709	(4aS,6R)-4a-hydroxy-L-erythro-5,6,7,8-tetrahydrobiopterin; (6R)-L-erythro-5,6,7,8-tetrahydrobiopterin; 5-hydroxy-L-tryptophan; L-tryptophan	aromatic amino acid metabolic process; indole-containing compound biosynthetic process; indole-containing compound metabolic process; phenol-containing compound biosynthetic process; phenol-containing compound metabolic process; primary amino compound biosynthetic process; serotonin biosynthetic process; serotonin metabolic process	6
CYP11B2	P19099	RHEA:11872;RHEA:15629	18-hydroxycorticosterone; a steroid; an 11beta-hydroxysteroid; corticosterone	C21-steroid hormone biosynthetic process; C21-steroid hormone metabolic process; aldehyde biosynthetic process; aldehyde metabolic process; aldosterone biosynthetic process; aldosterone metabolic process; cholesterol metabolic process; cortisol biosynthetic process; cortisol metabolic process; glucocorticoid biosynthetic process; glucocorticoid metabolic process; hormone biosynthetic process; hormone metabolic process; ketone biosynthetic process; ketone metabolic process; mineralocorticoid biosynthetic process; mineralocorticoid metabolic process; olefinic compound biosynthetic process; olefinic compound metabolic process; primary alcohol biosynthetic process; primary alcohol metabolic process; secondary alcohol metabolic process; steroid biosynthetic process; steroid hormone biosynthetic process; sterol metabolic process; tertiary alcohol biosynthetic process; tertiary alcohol metabolic process	3
HK1	P19367	RHEA:10948;RHEA:11028;RHEA:16125;RHEA:17825;RHEA:22740	D-fructose; D-fructose 6-phosphate; D-glucosamine; D-glucosamine 6-phosphate; D-glucose; D-glucose 6-phosphate; D-mannose; D-mannose 6-phosphate; a D-hexose; a D-hexose 6-phosphate	ADP catabolic process; ADP metabolic process; GDP-mannose biosynthetic process; GDP-mannose metabolic process; canonical glycolysis; carbohydrate catabolic process; carbohydrate phosphorylation; fructose 6-phosphate metabolic process; glucose 6-phosphate metabolic process; glucose catabolic process; glucose metabolic process; glycolytic process; glycolytic process through fructose-6-phosphate; glycolytic process through glucose-6-phosphate; hexose catabolic process; hexose metabolic process; mannose metabolic process; monosaccharide catabolic process; monosaccharide metabolic process; nucleoside diphosphate catabolic process; nucleoside diphosphate metabolic process; nucleoside phosphate catabolic process; nucleotide catabolic process; nucleotide-sugar biosynthetic process; nucleotide-sugar metabolic process; phosphorylation; purine nucleoside diphosphate catabolic process; purine nucleoside diphosphate metabolic process; purine nucleotide catabolic process; purine ribonucleoside diphosphate catabolic process; purine ribonucleoside diphosphate metabolic process; purine ribonucleotide catabolic process; purine-containing compound catabolic process; pyridine nucleotide catabolic process; pyridine-containing compound catabolic process; pyruvate metabolic process; ribonucleoside diphosphate catabolic process; ribonucleoside diphosphate metabolic process; ribonucleotide catabolic process	12
NDUFV2	P19404	RHEA:11356;RHEA:29091		ATP biosynthetic process; ATP synthesis coupled electron transport; aerobic electron transport chain; electron transport chain; mitochondrial ATP synthesis coupled electron transport; mitochondrial electron transport, NADH to ubiquinone; proton motive force-driven ATP synthesis; proton motive force-driven mitochondrial ATP synthesis; purine nucleoside triphosphate biosynthetic process; purine ribonucleoside triphosphate biosynthetic process; respiratory electron transport chain	0
GGT1	P19440	RHEA:28807;RHEA:31563	L-cysteinylglycine; glutathione; leukotriene C4; leukotriene D4	L-cysteine biosynthetic process; amino acid biosynthetic process; dicarboxylic acid metabolic process; fatty acid derivative biosynthetic process; fatty acid derivative metabolic process; glutamate metabolic process; glutathione biosynthetic process; glutathione catabolic process; glutathione metabolic process; icosanoid biosynthetic process; icosanoid metabolic process; leukotriene D4 biosynthetic process; leukotriene biosynthetic process; leukotriene metabolic process; modified amino acid biosynthetic process; modified amino acid catabolic process; nonribosomal peptide biosynthetic process; peptide biosynthetic process; peptide metabolic process; peptide modification; protein processing; proteinogenic amino acid biosynthetic process; proteolysis; serine family amino acid biosynthetic process; sulfur amino acid biosynthetic process; sulfur amino acid metabolic process; sulfur compound catabolic process; zymogen activation	8
SRM	P19623	RHEA:12721	S-adenosyl 3-(methylsulfanyl)propylamine; S-methyl-5'-thioadenosine; putrescine; spermidine	amine biosynthetic process; amine metabolic process; biogenic amine biosynthetic process; biogenic amine metabolic process; polyamine biosynthetic process; polyamine metabolic process; spermidine biosynthetic process; spermidine metabolic process; spermine biosynthetic process; spermine metabolic process	6
TYMP	P19971	RHEA:16037;RHEA:41732	2-deoxy-alpha-D-ribose 1-phosphate; [(1->4)-alpha-D-glucosyl](n); alpha-D-glucose 1-phosphate; thymidine; thymine	2'-deoxyribonucleotide metabolic process; dTMP catabolic process; dTMP metabolic process; deoxyribonucleoside monophosphate catabolic process; deoxyribose phosphate catabolic process; nucleobase metabolic process; nucleoside metabolic process; nucleoside monophosphate catabolic process; nucleoside phosphate catabolic process; nucleotide catabolic process; pyrimidine deoxyribonucleoside monophosphate catabolic process; pyrimidine deoxyribonucleoside monophosphate metabolic process; pyrimidine deoxyribonucleotide catabolic process; pyrimidine deoxyribonucleotide metabolic process; pyrimidine nucleobase metabolic process; pyrimidine nucleoside metabolic process; pyrimidine nucleoside monophosphate catabolic process; pyrimidine nucleoside monophosphate metabolic process; pyrimidine nucleotide catabolic process; pyrimidine nucleotide metabolic process; pyrimidine-containing compound catabolic process; pyrimidine-containing compound metabolic process	10
COX5A	P20674	RHEA:11436		ATP synthesis coupled electron transport; aerobic electron transport chain; electron transport chain; mitochondrial ATP synthesis coupled electron transport; mitochondrial electron transport, cytochrome c to oxygen; respiratory electron transport chain	0
DDC	P20711	RHEA:12272;RHEA:18533	5-hydroxy-L-tryptophan; L-dopa; dopamine; serotonin	amine biosynthetic process; amine metabolic process; biogenic amine biosynthetic process; biogenic amine metabolic process; catechol-containing compound biosynthetic process; catechol-containing compound metabolic process; catecholamine biosynthetic process; catecholamine metabolic process; dopamine biosynthetic process; dopamine metabolic process; indole-containing compound biosynthetic process; indole-containing compound metabolic process; phenol-containing compound biosynthetic process; phenol-containing compound metabolic process; primary amino compound biosynthetic process; serotonin biosynthetic process; serotonin metabolic process	4
IMPDH1	P20839	RHEA:11708	IMP; XMP	'de novo' XMP biosynthetic process; GMP biosynthetic process; GMP metabolic process; GTP biosynthetic process; GTP metabolic process; XMP biosynthetic process; XMP metabolic process; nucleoside monophosphate biosynthetic process; purine nucleoside monophosphate biosynthetic process; purine nucleoside monophosphate metabolic process; purine nucleoside triphosphate biosynthetic process; purine ribonucleoside monophosphate biosynthetic process; purine ribonucleoside monophosphate metabolic process; purine ribonucleoside triphosphate biosynthetic process; ribonucleoside monophosphate biosynthetic process	8
RASA1	P20936	RHEA:19669			0
ATP6V1B2	P21281	RHEA:57720			0
ATP6V1C1	P21283	RHEA:57720			0
ABCB4	P21439	RHEA:13065;RHEA:38583	a 1,2-diacyl-sn-glycero-3-phosphocholine		14
AGXT	P21549	RHEA:19953;RHEA:22852;RHEA:24248	3-hydroxypyruvate; L-alanine; L-serine; a 2-oxocarboxylate; an L-alpha-amino acid; glycine; glyoxylate; pyruvate	L-alanine catabolic process; L-cysteine catabolic process; L-serine catabolic process; L-serine metabolic process; aldehyde catabolic process; aldehyde metabolic process; amino acid biosynthetic process; glycine biosynthetic process; glycine metabolic process; glyoxylate catabolic process; glyoxylate metabolic process; proteinogenic amino acid biosynthetic process; serine family amino acid biosynthetic process; sulfur amino acid catabolic process; sulfur amino acid metabolic process; sulfur compound catabolic process	38
NT5E	P21589	RHEA:22140;RHEA:36167	a 2'-deoxyribonucleoside; a 2'-deoxyribonucleoside 5'-phosphate; a nucleoside; a nucleoside 5'-phosphate	ADP catabolic process; ADP metabolic process; AMP catabolic process; AMP metabolic process; nucleoside diphosphate catabolic process; nucleoside diphosphate metabolic process; nucleoside monophosphate catabolic process; nucleoside phosphate catabolic process; nucleotide catabolic process; purine nucleoside diphosphate catabolic process; purine nucleoside diphosphate metabolic process; purine nucleoside monophosphate catabolic process; purine nucleoside monophosphate metabolic process; purine nucleotide catabolic process; purine ribonucleoside diphosphate catabolic process; purine ribonucleoside diphosphate metabolic process; purine ribonucleoside monophosphate catabolic process; purine ribonucleoside monophosphate metabolic process; purine ribonucleotide catabolic process; purine-containing compound catabolic process; ribonucleoside diphosphate catabolic process; ribonucleoside diphosphate metabolic process; ribonucleoside monophosphate catabolic process; ribonucleotide catabolic process	6
SAT1	P21673	RHEA:11116	acetyl-CoA; an N-acetylalkane-alpha,omega-diamine; an alkane-alpha,omega-diamine	amine biosynthetic process; amine catabolic process; amine metabolic process; biogenic amine biosynthetic process; biogenic amine catabolic process; biogenic amine metabolic process; polyamine biosynthetic process; polyamine catabolic process; polyamine metabolic process; putrescine catabolic process; putrescine metabolic process	28
GPD1	P21695	RHEA:11092	dihydroxyacetone phosphate; sn-glycerol 3-phosphate	alditol phosphate metabolic process; glycerol-3-phosphate catabolic process; glycerol-3-phosphate metabolic process	9
EPHA1	P21709	RHEA:10596			0
FGFR2	P21802	RHEA:10596		peptidyl-tyrosine phosphorylation; phosphorylation; protein autophosphorylation; protein phosphorylation	0
SDHB	P21912	RHEA:40523	fumarate; succinate	ATP biosynthetic process; ATP synthesis coupled electron transport; aerobic electron transport chain; dicarboxylic acid metabolic process; electron transport chain; mitochondrial ATP synthesis coupled electron transport; mitochondrial electron transport, succinate to ubiquinone; proton motive force-driven ATP synthesis; proton motive force-driven mitochondrial ATP synthesis; purine nucleoside triphosphate biosynthetic process; purine ribonucleoside triphosphate biosynthetic process; respiratory electron transport chain; succinate metabolic process; tricarboxylic acid cycle	17
MMUT	P22033	RHEA:19669;RHEA:22888	(R)-methylmalonyl-CoA; succinyl-CoA	acyl-CoA biosynthetic process; acyl-CoA metabolic process; fatty acid derivative catabolic process; fatty acid derivative metabolic process; fatty-acyl-CoA catabolic process; fatty-acyl-CoA metabolic process; homocysteine metabolic process; non-proteinogenic amino acid metabolic process; nucleoside phosphate catabolic process; propionyl-CoA catabolic process; propionyl-CoA metabolic process; purine-containing compound catabolic process; succinyl-CoA biosynthetic process; succinyl-CoA metabolic process; sulfur amino acid metabolic process; sulfur compound catabolic process	4
LPO	P22079	RHEA:56136	a phenolic donor; a phenolic radical donor	thiocyanate metabolic process	0
GART	P22102	RHEA:15053;RHEA:17453;RHEA:23032	(6R)-10-formyltetrahydrofolate; (6S)-5,6,7,8-tetrahydrofolate; 2-formamido-N(1)-(5-O-phospho-beta-D-ribosyl)acetamidine; 5-amino-1-(5-phospho-beta-D-ribosyl)imidazole; 5-phospho-beta-D-ribosylamine; N(1)-(5-phospho-beta-D-ribosyl)glycinamide; N(2)-formyl-N(1)-(5-phospho-beta-D-ribosyl)glycinamide; glycine	'de novo' AMP biosynthetic process; 'de novo' IMP biosynthetic process; 'de novo' XMP biosynthetic process; AMP biosynthetic process; AMP metabolic process; GMP biosynthetic process; GMP metabolic process; IMP biosynthetic process; IMP metabolic process; XMP biosynthetic process; XMP metabolic process; adenine biosynthetic process; adenine metabolic process; nucleobase biosynthetic process; nucleobase metabolic process; nucleoside monophosphate biosynthetic process; purine nucleobase biosynthetic process; purine nucleobase metabolic process; purine nucleoside monophosphate biosynthetic process; purine nucleoside monophosphate metabolic process; purine ribonucleoside monophosphate biosynthetic process; purine ribonucleoside monophosphate metabolic process; ribonucleoside monophosphate biosynthetic process	21
PAICS	P22234	RHEA:10792;RHEA:22628	(2S)-2-[5-amino-1-(5-phospho-beta-D-ribosyl)imidazole-4-carboxamido]succinate; 5-amino-1-(5-phospho-D-ribosyl)imidazole-4-carboxylate; 5-amino-1-(5-phospho-beta-D-ribosyl)imidazole; L-aspartate	'de novo' AMP biosynthetic process; 'de novo' IMP biosynthetic process; 'de novo' XMP biosynthetic process; AMP biosynthetic process; AMP metabolic process; GMP biosynthetic process; GMP metabolic process; IMP biosynthetic process; IMP metabolic process; XMP biosynthetic process; XMP metabolic process; nucleobase biosynthetic process; nucleobase metabolic process; nucleoside monophosphate biosynthetic process; purine nucleobase biosynthetic process; purine nucleobase metabolic process; purine nucleoside monophosphate biosynthetic process; purine nucleoside monophosphate metabolic process; purine ribonucleoside monophosphate biosynthetic process; purine ribonucleoside monophosphate metabolic process; ribonucleoside monophosphate biosynthetic process	12
SCP2	P22307	RHEA:10408;RHEA:16865;RHEA:18161;RHEA:21564	3-oxohexadecanoyl-CoA; 3-oxopristanoyl-CoA; 3alpha,7alpha,12alpha-trihydroxy-24-oxo-5beta-cholestan-26-oyl-CoA; 4,8,12-trimethyltridecanoyl-CoA; a 3-oxoacyl-CoA; acetyl-CoA; an acyl-CoA; choloyl-CoA; propanoyl-CoA; tetradecanoyl-CoA	alpha-linolenic acid metabolic process; bile acid biosynthetic process; bile acid metabolic process; fatty acid beta-oxidation; fatty acid beta-oxidation using acyl-CoA oxidase; fatty acid biosynthetic process; fatty acid catabolic process; fatty acid oxidation; lipid modification; lipid oxidation; long-chain fatty acid metabolic process; olefinic compound metabolic process; unsaturated fatty acid metabolic process	47
ALAS2	P22557	RHEA:12921	5-aminolevulinate; glycine; succinyl-CoA	heme B biosynthetic process; heme biosynthetic process; heme metabolic process; hemoglobin biosynthetic process; hemoglobin metabolic process; pigment biosynthetic process; pigment metabolic process; porphyrin-containing compound biosynthetic process; porphyrin-containing compound metabolic process; tetrapyrrole biosynthetic process; tetrapyrrole metabolic process	15
CYP7A1	P22680	RHEA:21812;RHEA:46124	(24S)-7alpha-dihydroxycholesterol; (24S)-hydroxycholesterol; 7alpha-hydroxycholesterol; cholesterol	alcohol catabolic process; bile acid biosynthetic process; bile acid metabolic process; cholesterol catabolic process; cholesterol metabolic process; secondary alcohol metabolic process; steroid catabolic process; sterol catabolic process; sterol metabolic process	11
AADAC	P22760	RHEA:10352;RHEA:12957;RHEA:32731	a diacylglycerol; a fatty acid; a monoacylglycerol; acetate; an N-acetylarylalkylamine; an acetyl ester; an aliphatic alcohol; an aralkylamine	acylglycerol catabolic process; acylglycerol metabolic process; diacylglycerol catabolic process; diacylglycerol metabolic process; glycerolipid catabolic process; neutral lipid catabolic process; neutral lipid metabolic process; sterol metabolic process; xenobiotic metabolic process	25
FECH	P22830	RHEA:22584	heme b; protoporphyrin IX	heme B biosynthetic process; heme biosynthetic process; heme metabolic process; pigment biosynthetic process; pigment metabolic process; porphyrin-containing compound biosynthetic process; porphyrin-containing compound metabolic process; tetrapyrrole biosynthetic process; tetrapyrrole metabolic process	5
AMPD1	P23109	RHEA:14777	IMP	AMP metabolic process; GMP biosynthetic process; GMP metabolic process; GMP salvage; IMP biosynthetic process; IMP metabolic process; IMP salvage; metabolic compound salvage; nucleoside monophosphate biosynthetic process; nucleotide salvage; purine nucleoside monophosphate biosynthetic process; purine nucleoside monophosphate metabolic process; purine nucleotide salvage; purine ribonucleoside monophosphate biosynthetic process; purine ribonucleoside monophosphate metabolic process; purine ribonucleotide salvage; purine-containing compound salvage; ribonucleoside monophosphate biosynthetic process	7
PPIB	P23284	RHEA:16237		protein folding	0
GLDC	P23378	RHEA:24304	glycine	glycine catabolic process; glycine decarboxylation via glycine cleavage system; glycine metabolic process	11
RPS3	P23396	RHEA:66592		DNA metabolic process; DNA repair; base-excision repair; cytoplasmic translation; cytoplasmic translational initiation; protein biosynthetic process; translation; translational initiation	0
JAK1	P23458	RHEA:10596		phosphorylation; protein phosphorylation	0
AHCY	P23526	RHEA:21708	L-homocysteine; adenosine	L-methionine cycle; L-methionine metabolic process; S-adenosylmethionine metabolic process; homocysteine metabolic process; non-proteinogenic amino acid metabolic process; nucleoside metabolic process; purine nucleoside metabolic process; purine ribonucleoside metabolic process; ribonucleoside metabolic process; sulfur amino acid metabolic process	4
CPT2	P23786	RHEA:12661;RHEA:17177	(R)-carnitine; O-hexadecanoyl-(R)-carnitine; O-octanoyl-(R)-carnitine; hexadecanoyl-CoA; octanoyl-CoA	amino-acid betaine metabolic process; carnitine metabolic process; fatty acid beta-oxidation; fatty acid catabolic process; fatty acid oxidation; lipid modification; lipid oxidation; long-chain fatty acid metabolic process	6
DTYMK	P23919	RHEA:13517	dTDP; dTMP	2'-deoxyribonucleoside biosynthetic process; 2'-deoxyribonucleoside metabolic process; 2'-deoxyribonucleotide biosynthetic process; 2'-deoxyribonucleotide metabolic process; dTDP biosynthetic process; dTDP metabolic process; dTTP biosynthetic process; dTTP metabolic process; dUDP biosynthetic process; dUDP metabolic process; deoxyribonucleoside diphosphate biosynthetic process; deoxyribonucleoside triphosphate biosynthetic process; deoxyribonucleoside triphosphate metabolic process; deoxyribose phosphate biosynthetic process; glycosyl compound biosynthetic process; nucleobase-containing small molecule biosynthetic process; nucleoside biosynthetic process; nucleoside diphosphate biosynthetic process; nucleoside diphosphate metabolic process; nucleoside metabolic process; pyrimidine deoxyribonucleoside biosynthetic process; pyrimidine deoxyribonucleoside diphosphate biosynthetic process; pyrimidine deoxyribonucleoside diphosphate metabolic process; pyrimidine deoxyribonucleoside metabolic process; pyrimidine deoxyribonucleoside triphosphate biosynthetic process; pyrimidine deoxyribonucleoside triphosphate metabolic process; pyrimidine deoxyribonucleotide biosynthetic process; pyrimidine deoxyribonucleotide metabolic process; pyrimidine nucleoside biosynthetic process; pyrimidine nucleoside diphosphate biosynthetic process; pyrimidine nucleoside diphosphate metabolic process; pyrimidine nucleoside metabolic process; pyrimidine nucleoside triphosphate biosynthetic process; pyrimidine nucleoside triphosphate metabolic process; pyrimidine nucleotide biosynthetic process; pyrimidine nucleotide metabolic process; pyrimidine-containing compound biosynthetic process; pyrimidine-containing compound metabolic process; thymidine biosynthetic process; thymidine metabolic process	2
COX7B	P24311	RHEA:11436		ATP synthesis coupled electron transport; aerobic electron transport chain; electron transport chain; mitochondrial ATP synthesis coupled electron transport; mitochondrial electron transport, cytochrome c to oxygen; respiratory electron transport chain	0
ACAT1	P24752	RHEA:17729;RHEA:21036	a cholesterol ester; acetoacetyl-CoA; acetyl-CoA; an acyl-CoA; cholesterol	L-isoleucine catabolic process; acetyl-CoA biosynthetic process; acetyl-CoA catabolic process; acetyl-CoA metabolic process; acyl-CoA biosynthetic process; acyl-CoA metabolic process; branched-chain amino acid catabolic process; branched-chain amino acid metabolic process; coenzyme A biosynthetic process; coenzyme A metabolic process; fatty acid beta-oxidation; fatty acid catabolic process; fatty acid derivative biosynthetic process; fatty acid derivative catabolic process; fatty acid derivative metabolic process; fatty acid oxidation; fatty-acyl-CoA biosynthetic process; fatty-acyl-CoA metabolic process; ketone body catabolic process; lipid modification; lipid oxidation; nucleoside phosphate catabolic process; propionyl-CoA biosynthetic process; propionyl-CoA metabolic process; purine-containing compound catabolic process; sulfur compound catabolic process	48
CDK2	P24941	RHEA:17989		DNA metabolic process; DNA replication; peptidyl-serine phosphorylation; phosphorylation; post-translational protein modification; protein phosphorylation; telomere maintenance; telomere maintenance in response to DNA damage	0
ATP5F1A	P25705	RHEA:13065;RHEA:57720		ATP biosynthetic process; proton motive force-driven ATP synthesis; proton motive force-driven mitochondrial ATP synthesis; purine nucleoside triphosphate biosynthetic process; purine ribonucleoside triphosphate biosynthetic process	0
DNMT1	P26358	RHEA:13681			0
HSD3B2	P26439	RHEA:14709	a 3-oxo-Delta(4)-steroid; a 3-oxo-Delta(5)-steroid	C21-steroid hormone metabolic process; androgen biosynthetic process; androgen metabolic process; hormone biosynthetic process; hormone metabolic process; steroid biosynthetic process; steroid hormone biosynthetic process	4
IVD	P26440	RHEA:12276;RHEA:14477;RHEA:44704;RHEA:47196	3-methylbut-2-enoyl-CoA; 3-methylbutanoyl-CoA; a (2E)-enoyl-CoA; a 2,3-saturated acyl-CoA; a medium-chain (2E)-enoyl-CoA; a medium-chain 2,3-saturated fatty acyl-CoA; a short-chain (2E)-enoyl-CoA; a short-chain 2,3-saturated fatty acyl-CoA	L-leucine catabolic process; L-leucine metabolic process; branched-chain amino acid catabolic process; branched-chain amino acid metabolic process; fatty acid beta-oxidation; fatty acid beta-oxidation using acyl-CoA dehydrogenase; fatty acid catabolic process; fatty acid oxidation; lipid modification; lipid oxidation	19
MGAT1	P26572	RHEA:11456	UDP-N-acetyl-alpha-D-glucosamine	glycoprotein biosynthetic process; protein N-linked glycosylation	11
ATP6V0C	P27449	RHEA:57720		ATP biosynthetic process; proton motive force-driven ATP synthesis; purine nucleoside triphosphate biosynthetic process; purine ribonucleoside triphosphate biosynthetic process	0
CERS1	P27544	RHEA:23768	a fatty acyl-CoA; an N-acylsphing-4-enine; sphing-4-enine	ceramide biosynthetic process; ceramide metabolic process; sphingomyelin biosynthetic process; sphingomyelin metabolic process	29
CAD	P27708	RHEA:15889;RHEA:18029;RHEA:18633;RHEA:20013;RHEA:24296	(S)-dihydroorotate; L-aspartate; N-carbamoyl-L-aspartate; carbamoyl phosphate	'de novo' CTP biosynthetic process; 'de novo' UMP biosynthetic process; 'de novo' pyrimidine nucleobase biosynthetic process; CTP biosynthetic process; CTP metabolic process; L-citrulline biosynthetic process; L-glutamine catabolic process; L-glutamine metabolic process; UDP biosynthetic process; UDP metabolic process; UMP biosynthetic process; UMP metabolic process; UTP biosynthetic process; UTP metabolic process; amino acid biosynthetic process; glycosyl compound biosynthetic process; non-proteinogenic amino acid biosynthetic process; non-proteinogenic amino acid metabolic process; nucleobase biosynthetic process; nucleobase metabolic process; nucleobase-containing small molecule biosynthetic process; nucleoside biosynthetic process; nucleoside diphosphate biosynthetic process; nucleoside diphosphate metabolic process; nucleoside metabolic process; nucleoside monophosphate biosynthetic process; pyrimidine nucleobase biosynthetic process; pyrimidine nucleobase metabolic process; pyrimidine nucleoside biosynthetic process; pyrimidine nucleoside diphosphate biosynthetic process; pyrimidine nucleoside diphosphate metabolic process; pyrimidine nucleoside metabolic process; pyrimidine nucleoside monophosphate biosynthetic process; pyrimidine nucleoside monophosphate metabolic process; pyrimidine nucleoside triphosphate biosynthetic process; pyrimidine nucleoside triphosphate metabolic process; pyrimidine nucleotide biosynthetic process; pyrimidine nucleotide metabolic process; pyrimidine ribonucleoside diphosphate biosynthetic process; pyrimidine ribonucleoside diphosphate metabolic process; pyrimidine ribonucleoside monophosphate biosynthetic process; pyrimidine ribonucleoside monophosphate metabolic process; pyrimidine ribonucleoside triphosphate biosynthetic process; pyrimidine ribonucleoside triphosphate metabolic process; pyrimidine ribonucleotide biosynthetic process; pyrimidine ribonucleotide metabolic process; pyrimidine-containing compound biosynthetic process; pyrimidine-containing compound metabolic process; ribonucleoside diphosphate biosynthetic process; ribonucleoside diphosphate metabolic process; ribonucleoside monophosphate biosynthetic process; xenobiotic metabolic process	13
ABCD3	P28288	RHEA:13065;RHEA:16781;RHEA:39283;RHEA:67072	a fatty acid; a fatty acyl-CoA; a long-chain fatty acid; a very long-chain fatty acid; a very long-chain fatty acyl-CoA	bile acid biosynthetic process; bile acid metabolic process; fatty acid beta-oxidation; fatty acid biosynthetic process; fatty acid catabolic process; fatty acid oxidation; lipid modification; lipid oxidation; long-chain fatty acid metabolic process; methyl-branched fatty acid metabolic process; phytanic acid metabolic process; very long-chain fatty acid catabolic process; very long-chain fatty acid metabolic process	29
LOX	P28300	RHEA:24544		peptidyl-lysine modification; peptidyl-lysine oxidation; protein oxidation	0
NDUFS1	P28331	RHEA:29091		ATP biosynthetic process; ATP synthesis coupled electron transport; aerobic electron transport chain; electron transport chain; mitochondrial ATP synthesis coupled electron transport; mitochondrial electron transport, NADH to ubiquinone; proton motive force-driven ATP synthesis; proton motive force-driven mitochondrial ATP synthesis; purine nucleoside triphosphate biosynthetic process; purine ribonucleoside triphosphate biosynthetic process; respiratory electron transport chain	0
MAPK1	P28482	RHEA:10216;RHEA:17989	[pyruvate, water dikinase]; [pyruvate, water dikinase]-phosphate	phosphorylation; protein phosphorylation	3
HSD11B1	P28845	RHEA:11388;RHEA:19257;RHEA:20233;RHEA:68616	a 7-oxosteroid; a 7beta-hydroxysteroid; a ketone; a secondary alcohol; an 11-oxosteroid; an 11beta-hydroxysteroid; cortisol; cortisone	glucocorticoid catabolic process; glucocorticoid metabolic process; steroid catabolic process	3
PTPN6	P29350	RHEA:10684		dephosphorylation; peptidyl-tyrosine dephosphorylation; peptidyl-tyrosine phosphorylation; phosphorylation; protein dephosphorylation; protein phosphorylation	0
ALDH4A1	P30038	RHEA:16185;RHEA:30235	L-glutamate 5-semialdehyde; a carboxylate; an aldehyde	L-proline catabolic process; L-proline metabolic process; modified amino acid catabolic process; non-proteinogenic amino acid catabolic process; non-proteinogenic amino acid metabolic process; trans-4-hydroxy-L-proline catabolic process	12
BLVRB	P30043	RHEA:19377;RHEA:21620;RHEA:21624	reduced riboflavin; riboflavin	heme catabolic process; heme metabolic process; pigment catabolic process; pigment metabolic process; porphyrin-containing compound catabolic process; porphyrin-containing compound metabolic process; tetrapyrrole catabolic process; tetrapyrrole metabolic process	1
ATP5F1D	P30049	RHEA:57720		ATP biosynthetic process; proton motive force-driven ATP synthesis; proton motive force-driven mitochondrial ATP synthesis; purine nucleoside triphosphate biosynthetic process; purine ribonucleoside triphosphate biosynthetic process	0
ECHS1	P30084	RHEA:26518;RHEA:33767;RHEA:45584;RHEA:45900	(2E)-butenoyl-CoA; 3-hydroxybutanoyl-CoA; 3-hydroxypropanoyl-CoA; a (2E)-enoyl-CoA; a (3Z)-enoyl-CoA; a 3-hydroxy-fatty acyl-CoA; a 4-saturated (2E)-enoyl-CoA; acryloyl-CoA	L-lysine catabolic process; L-valine catabolic process; branched-chain amino acid catabolic process; branched-chain amino acid metabolic process; fatty acid beta-oxidation; fatty acid catabolic process; fatty acid oxidation; lipid modification; lipid oxidation	17
WEE1	P30291	RHEA:10596			0
CDC25B	P30305	RHEA:10684		phosphorylation; protein phosphorylation	0
CDC25C	P30307	RHEA:10684			0
HMOX2	P30519	RHEA:21764	CO; biliverdin IXalpha; heme b	heme catabolic process; heme metabolic process; heme oxidation; pigment catabolic process; pigment metabolic process; porphyrin-containing compound catabolic process; porphyrin-containing compound metabolic process; tetrapyrrole catabolic process; tetrapyrrole metabolic process	5
ADSL	P30566	RHEA:16853;RHEA:23920	(2S)-2-[5-amino-1-(5-phospho-beta-D-ribosyl)imidazole-4-carboxamido]succinate; 5-amino-1-(5-phospho-beta-D-ribosyl)imidazole-4-carboxamide; N(6)-(1,2-dicarboxyethyl)-AMP; fumarate	'de novo' AMP biosynthetic process; 'de novo' IMP biosynthetic process; 'de novo' XMP biosynthetic process; AMP biosynthetic process; AMP metabolic process; AMP salvage; GMP biosynthetic process; GMP metabolic process; IMP biosynthetic process; IMP metabolic process; XMP biosynthetic process; XMP metabolic process; metabolic compound salvage; nucleoside monophosphate biosynthetic process; nucleotide salvage; purine nucleoside monophosphate biosynthetic process; purine nucleoside monophosphate metabolic process; purine nucleotide salvage; purine ribonucleoside monophosphate biosynthetic process; purine ribonucleoside monophosphate metabolic process; purine ribonucleotide salvage; purine-containing compound salvage; ribonucleoside monophosphate biosynthetic process	9
PKLR	P30613	RHEA:18157	phosphoenolpyruvate; pyruvate	ADP catabolic process; ADP metabolic process; canonical glycolysis; carbohydrate catabolic process; glucose catabolic process; glucose metabolic process; glycolytic process; glycolytic process through fructose-6-phosphate; glycolytic process through glucose-6-phosphate; hexose catabolic process; hexose metabolic process; monosaccharide catabolic process; monosaccharide metabolic process; nucleoside diphosphate catabolic process; nucleoside diphosphate metabolic process; nucleoside phosphate catabolic process; nucleotide catabolic process; purine nucleoside diphosphate catabolic process; purine nucleoside diphosphate metabolic process; purine nucleotide catabolic process; purine ribonucleoside diphosphate catabolic process; purine ribonucleoside diphosphate metabolic process; purine ribonucleotide catabolic process; purine-containing compound catabolic process; pyridine nucleotide catabolic process; pyridine-containing compound catabolic process; pyruvate biosynthetic process; pyruvate metabolic process; ribonucleoside diphosphate catabolic process; ribonucleoside diphosphate metabolic process; ribonucleotide catabolic process	14
GCH1	P30793	RHEA:17473;RHEA:19669	7,8-dihydroneopterin 3'-triphosphate; formate	amine biosynthetic process; amine metabolic process; biogenic amine biosynthetic process; biogenic amine metabolic process; catechol-containing compound biosynthetic process; catechol-containing compound metabolic process; catecholamine biosynthetic process; catecholamine metabolic process; diol biosynthetic process; diol metabolic process; dopamine biosynthetic process; dopamine metabolic process; folic acid-containing compound biosynthetic process; folic acid-containing compound metabolic process; modified amino acid biosynthetic process; nitric oxide biosynthetic process; nitric oxide metabolic process; phenol-containing compound biosynthetic process; phenol-containing compound metabolic process; polyol biosynthetic process; polyol metabolic process; pteridine-containing compound biosynthetic process; pteridine-containing compound metabolic process; reactive nitrogen species metabolic process; tetrahydrobiopterin biosynthetic process; tetrahydrobiopterin metabolic process; tetrahydrofolate biosynthetic process; tetrahydrofolate metabolic process	5
SDHA	P31040	RHEA:40523	fumarate; succinate	ATP biosynthetic process; ATP synthesis coupled electron transport; aerobic electron transport chain; dicarboxylic acid metabolic process; electron transport chain; mitochondrial ATP synthesis coupled electron transport; mitochondrial electron transport, succinate to ubiquinone; proton motive force-driven ATP synthesis; proton motive force-driven mitochondrial ATP synthesis; purine nucleoside triphosphate biosynthetic process; purine ribonucleoside triphosphate biosynthetic process; respiratory electron transport chain; succinate metabolic process; tricarboxylic acid cycle	17
SRD5A2	P31213	RHEA:13805;RHEA:14981;RHEA:54384	a 3-oxo-5alpha-steroid; a 3-oxo-Delta(4)-steroid; androst-4-ene-3,17-dione; testosterone	androgen biosynthetic process; androgen metabolic process; benzene-containing compound metabolic process; dibenzo-p-dioxin metabolic process; dicarboxylic acid metabolic process; hormone biosynthetic process; hormone metabolic process; ketone biosynthetic process; ketone metabolic process; olefinic compound biosynthetic process; olefinic compound metabolic process; phthalate metabolic process; steroid biosynthetic process; steroid catabolic process; steroid hormone biosynthetic process; testosterone biosynthetic process	9
CPS1	P31327	RHEA:18029;RHEA:18633	carbamoyl phosphate	'de novo' pyrimidine nucleobase biosynthetic process; L-citrulline biosynthetic process; L-glutamine metabolic process; acylglycerol catabolic process; acylglycerol metabolic process; amino acid biosynthetic process; carbamoyl phosphate biosynthetic process; carbamoyl phosphate metabolic process; glycerolipid catabolic process; homocysteine metabolic process; neutral lipid catabolic process; neutral lipid metabolic process; nitric oxide metabolic process; nitrogen cycle metabolic process; non-proteinogenic amino acid biosynthetic process; non-proteinogenic amino acid metabolic process; nucleobase biosynthetic process; nucleobase metabolic process; pyrimidine nucleobase biosynthetic process; pyrimidine nucleobase metabolic process; pyrimidine-containing compound biosynthetic process; pyrimidine-containing compound metabolic process; reactive nitrogen species metabolic process; sulfur amino acid metabolic process; triglyceride catabolic process; triglyceride metabolic process; urea cycle; urea metabolic process	2
AKT1	P31749	RHEA:17989		nitric oxide biosynthetic process; nitric oxide metabolic process; peptidyl-serine phosphorylation; peptidyl-threonine phosphorylation; phosphorylation; protein phosphorylation; reactive nitrogen species metabolic process	0
UQCRC1	P31930	RHEA:11484		ATP synthesis coupled electron transport; aerobic electron transport chain; electron transport chain; mitochondrial ATP synthesis coupled electron transport; mitochondrial electron transport, ubiquinol to cytochrome c; respiratory electron transport chain	0
HIBADH	P31937	RHEA:17681	2-methyl-3-oxopropanoate; 3-hydroxy-2-methylpropanoate	L-valine catabolic process; branched-chain amino acid catabolic process; branched-chain amino acid metabolic process	3
ATIC	P31939	RHEA:18445;RHEA:22192	(6R)-10-formyltetrahydrofolate; (6S)-5,6,7,8-tetrahydrofolate; 5-amino-1-(5-phospho-beta-D-ribosyl)imidazole-4-carboxamide; 5-formamido-1-(5-phospho-D-ribosyl)imidazole-4-carboxamide; IMP	'de novo' AMP biosynthetic process; 'de novo' IMP biosynthetic process; 'de novo' XMP biosynthetic process; AMP biosynthetic process; AMP metabolic process; GMP biosynthetic process; GMP metabolic process; IMP biosynthetic process; IMP metabolic process; XMP biosynthetic process; XMP metabolic process; dicarboxylic acid metabolic process; dihydrofolate metabolic process; folic acid-containing compound biosynthetic process; folic acid-containing compound metabolic process; modified amino acid biosynthetic process; nucleoside monophosphate biosynthetic process; pteridine-containing compound biosynthetic process; pteridine-containing compound metabolic process; purine nucleoside monophosphate biosynthetic process; purine nucleoside monophosphate metabolic process; purine ribonucleoside monophosphate biosynthetic process; purine ribonucleoside monophosphate metabolic process; ribonucleoside monophosphate biosynthetic process; tetrahydrofolate biosynthetic process; tetrahydrofolate metabolic process	17
PYCR1	P32322	RHEA:14109	(S)-1-pyrroline-5-carboxylate; L-proline	L-glutamate catabolic process; L-glutamine catabolic process; L-glutamine metabolic process; L-proline biosynthetic process; L-proline metabolic process; amino acid biosynthetic process; dicarboxylic acid catabolic process; dicarboxylic acid metabolic process; glutamate family amino acid biosynthetic process; glutamate metabolic process; proteinogenic amino acid biosynthetic process	2
HPD	P32754	RHEA:16189;RHEA:55584	3-(4-hydroxyphenyl)pyruvate; homogentisate	L-phenylalanine catabolic process; L-tyrosine catabolic process; aromatic amino acid catabolic process; aromatic amino acid metabolic process	2
CTH	P32929	RHEA:14005;RHEA:14501;RHEA:24927;RHEA:24931;RHEA:31151	2-oxobutanoate; L,L-cystathionine; L-cysteine; L-cystine; L-homocysteine; L-selenocystathionine; L-selenocysteine; S-sulfanyl-L-cysteine; pyruvate	L-cysteine biosynthetic process; amino acid biosynthetic process; homocysteine metabolic process; hydrogen sulfide biosynthetic process; hydrogen sulfide metabolic process; non-proteinogenic amino acid metabolic process; peptidyl-lysine modification; protein sulfhydration; protein-pyridoxal-5-phosphate linkage; protein-pyridoxal-5-phosphate linkage via peptidyl-N6-pyridoxal phosphate-L-lysine; proteinogenic amino acid biosynthetic process; selenium compound metabolic process; serine family amino acid biosynthetic process; sulfur amino acid biosynthetic process; sulfur amino acid metabolic process; transsulfuration	22
KIF5B	P33176	RHEA:13065			0
DUT	P33316	RHEA:10248	dUMP; dUTP	2'-deoxyribonucleotide biosynthetic process; 2'-deoxyribonucleotide metabolic process; DNA metabolic process; DNA replication; dTMP biosynthetic process; dTMP metabolic process; dUMP biosynthetic process; dUMP metabolic process; dUTP catabolic process; dUTP metabolic process; deoxyribonucleoside monophosphate biosynthetic process; deoxyribonucleoside triphosphate catabolic process; deoxyribonucleoside triphosphate metabolic process; deoxyribose phosphate biosynthetic process; deoxyribose phosphate catabolic process; nucleoside monophosphate biosynthetic process; nucleoside phosphate catabolic process; nucleotide catabolic process; pyrimidine deoxyribonucleoside monophosphate biosynthetic process; pyrimidine deoxyribonucleoside monophosphate metabolic process; pyrimidine deoxyribonucleoside triphosphate catabolic process; pyrimidine deoxyribonucleoside triphosphate metabolic process; pyrimidine deoxyribonucleotide biosynthetic process; pyrimidine deoxyribonucleotide catabolic process; pyrimidine deoxyribonucleotide metabolic process; pyrimidine nucleoside monophosphate biosynthetic process; pyrimidine nucleoside monophosphate metabolic process; pyrimidine nucleoside triphosphate catabolic process; pyrimidine nucleoside triphosphate metabolic process; pyrimidine nucleotide biosynthetic process; pyrimidine nucleotide catabolic process; pyrimidine nucleotide metabolic process; pyrimidine-containing compound biosynthetic process; pyrimidine-containing compound catabolic process; pyrimidine-containing compound metabolic process	1
ABCD1	P33897	RHEA:13065;RHEA:15181;RHEA:16781;RHEA:39283;RHEA:67072;RHEA:67680	a fatty acid; a fatty acyl-CoA; a long-chain fatty acid; a long-chain fatty acyl-CoA; a very long-chain fatty acid; a very long-chain fatty acyl-CoA; an acyl-CoA	alpha-linolenic acid metabolic process; fatty acid beta-oxidation; fatty acid biosynthetic process; fatty acid catabolic process; fatty acid elongation; fatty acid oxidation; linoleic acid metabolic process; lipid modification; lipid oxidation; long-chain fatty acid catabolic process; long-chain fatty acid metabolic process; olefinic compound metabolic process; unsaturated fatty acid metabolic process; very long-chain fatty acid catabolic process; very long-chain fatty acid metabolic process	44
TTK	P33981	RHEA:10596;RHEA:17989			0
GALNS	P34059	RHEA:17261	a phenol; an aryl sulfate	chondroitin sulfate proteoglycan catabolic process; chondroitin sulfate proteoglycan metabolic process; glycoprotein catabolic process; macromolecule catabolic process; protein catabolic process; proteoglycan catabolic process; proteoglycan metabolic process	7
SHMT1	P34896	RHEA:15481;RHEA:19625;RHEA:21712;RHEA:26209;RHEA:79695	(3S)-3-hydroxy-N(6),N(6),N(6)-trimethyl-L-lysine; (6R)-5,10-methylene-5,6,7,8-tetrahydrofolate; (6S)-5,6,7,8-tetrahydrofolate; 4-(trimethylamino)butanal; L-allo-threonine; L-serine; L-threo-3-phenylserine; L-threonine; acetaldehyde; benzaldehyde; glycine	'de novo' pyrimidine nucleobase biosynthetic process; 2'-deoxyribonucleotide biosynthetic process; 2'-deoxyribonucleotide metabolic process; DNA metabolic process; DNA replication; L-serine catabolic process; L-serine metabolic process; amino acid biosynthetic process; amino-acid betaine biosynthetic process; amino-acid betaine metabolic process; carnitine biosynthetic process; carnitine metabolic process; dTMP biosynthetic process; dTMP metabolic process; deoxyribonucleoside monophosphate biosynthetic process; deoxyribose phosphate biosynthetic process; dicarboxylic acid metabolic process; folic acid metabolic process; folic acid-containing compound biosynthetic process; folic acid-containing compound metabolic process; glycine biosynthetic process; glycine metabolic process; modified amino acid biosynthetic process; nucleobase biosynthetic process; nucleobase metabolic process; nucleoside monophosphate biosynthetic process; one-carbon metabolic process; proteinogenic amino acid biosynthetic process; pteridine-containing compound biosynthetic process; pteridine-containing compound metabolic process; purine nucleobase biosynthetic process; purine nucleobase metabolic process; pyrimidine deoxyribonucleoside monophosphate biosynthetic process; pyrimidine deoxyribonucleoside monophosphate metabolic process; pyrimidine deoxyribonucleotide biosynthetic process; pyrimidine deoxyribonucleotide metabolic process; pyrimidine nucleobase biosynthetic process; pyrimidine nucleobase metabolic process; pyrimidine nucleoside monophosphate biosynthetic process; pyrimidine nucleoside monophosphate metabolic process; pyrimidine nucleotide biosynthetic process; pyrimidine nucleotide metabolic process; pyrimidine-containing compound biosynthetic process; pyrimidine-containing compound metabolic process; serine family amino acid biosynthetic process; tetrahydrofolate biosynthetic process; tetrahydrofolate interconversion; tetrahydrofolate metabolic process	25
SHMT2	P34897	RHEA:15481;RHEA:26209;RHEA:79695	(3S)-3-hydroxy-N(6),N(6),N(6)-trimethyl-L-lysine; (6R)-5,10-methylene-5,6,7,8-tetrahydrofolate; (6S)-5,6,7,8-tetrahydrofolate; 4-(trimethylamino)butanal; L-allo-threonine; L-serine; acetaldehyde; glycine	L-serine catabolic process; L-serine metabolic process; amino acid biosynthetic process; folic acid-containing compound biosynthetic process; folic acid-containing compound metabolic process; formate biosynthetic process; formate metabolic process; glycine biosynthetic process; glycine metabolic process; modified amino acid biosynthetic process; one-carbon metabolic process; post-translational protein modification; protein K63-linked deubiquitination; protein deubiquitination; protein modification by small protein conjugation or removal; protein modification by small protein removal; proteinogenic amino acid biosynthetic process; pteridine-containing compound biosynthetic process; pteridine-containing compound metabolic process; serine family amino acid biosynthetic process; tetrahydrofolate biosynthetic process; tetrahydrofolate interconversion; tetrahydrofolate metabolic process	25
HSPA1L	P34931	RHEA:13065		protein folding; protein refolding	0
HSPA4	P34932	RHEA:13065		protein folding	0
CA8	P35219	RHEA:10748			0
CBS	P35520	RHEA:10112;RHEA:15233	L,L-cystathionine; L-homocysteine; L-serine; nitric oxide; nitrite	DNA metabolic process; DNA protection; L-cysteine biosynthetic process; L-cysteine catabolic process; L-homocysteine catabolic process; L-serine catabolic process; L-serine metabolic process; amino acid biosynthetic process; homocysteine metabolic process; hydrogen sulfide biosynthetic process; hydrogen sulfide metabolic process; non-proteinogenic amino acid catabolic process; non-proteinogenic amino acid metabolic process; proteinogenic amino acid biosynthetic process; serine family amino acid biosynthetic process; sulfur amino acid biosynthetic process; sulfur amino acid catabolic process; sulfur amino acid metabolic process; sulfur compound catabolic process; transsulfuration	11
GCK	P35557	RHEA:11028;RHEA:16125;RHEA:17825;RHEA:22740	D-fructose; D-fructose 6-phosphate; D-glucose; D-glucose 6-phosphate; D-mannose; D-mannose 6-phosphate; a D-hexose; a D-hexose 6-phosphate	ADP catabolic process; ADP metabolic process; canonical glycolysis; carbohydrate catabolic process; glucose 6-phosphate metabolic process; glucose catabolic process; glucose metabolic process; glycolytic process; glycolytic process through fructose-6-phosphate; glycolytic process through glucose-6-phosphate; hexose catabolic process; hexose metabolic process; monosaccharide catabolic process; monosaccharide metabolic process; nucleoside diphosphate catabolic process; nucleoside diphosphate metabolic process; nucleoside phosphate catabolic process; nucleotide catabolic process; purine nucleoside diphosphate catabolic process; purine nucleoside diphosphate metabolic process; purine nucleotide catabolic process; purine ribonucleoside diphosphate catabolic process; purine ribonucleoside diphosphate metabolic process; purine ribonucleotide catabolic process; purine-containing compound catabolic process; pyridine nucleotide catabolic process; pyridine-containing compound catabolic process; pyruvate metabolic process; ribonucleoside diphosphate catabolic process; ribonucleoside diphosphate metabolic process; ribonucleotide catabolic process	10
G6PC1	P35575	RHEA:16689	D-glucose; D-glucose 6-phosphate	carbohydrate biosynthetic process; energy reserve metabolic process; glucan metabolic process; gluconeogenesis; glucose 6-phosphate metabolic process; glucose metabolic process; glycogen metabolic process; hexose biosynthetic process; hexose metabolic process; monosaccharide biosynthetic process; monosaccharide metabolic process; polysaccharide metabolic process	7
ATP7B	P35670	RHEA:13065;RHEA:25792	reduced [azurin]		0
CHKA	P35790	RHEA:10596;RHEA:12837;RHEA:13069	choline; ethanolamine; phosphocholine; phosphoethanolamine	CDP-choline pathway; glycerophospholipid biosynthetic process; phosphatidylcholine biosynthetic process; phosphatidylcholine metabolic process; phosphatidylethanolamine biosynthetic process; phosphatidylethanolamine metabolic process	15
HMGCL	P35914	RHEA:24404	(3S)-3-hydroxy-3-methylglutaryl-CoA; acetoacetate; acetyl-CoA	L-leucine catabolic process; L-leucine metabolic process; branched-chain amino acid catabolic process; branched-chain amino acid metabolic process; fatty acid derivative biosynthetic process; fatty acid derivative metabolic process; ketone body biosynthetic process	33
MAP2K2	P36507	RHEA:10596;RHEA:17989		peptidyl-serine autophosphorylation; peptidyl-serine phosphorylation; phosphorylation; protein autophosphorylation; protein phosphorylation	0
ATP6V1E1	P36543	RHEA:57720			0
CPOX	P36551	RHEA:18257	coproporphyrinogen III; protoporphyrinogen IX	heme A biosynthetic process; heme B biosynthetic process; heme biosynthetic process; heme metabolic process; pigment biosynthetic process; pigment metabolic process; porphyrin-containing compound biosynthetic process; porphyrin-containing compound metabolic process; tetrapyrrole biosynthetic process; tetrapyrrole metabolic process	2
LONP1	P36776	RHEA:13065		'de novo' protein folding; macromolecule catabolic process; mitochondrial protein catabolic process; modification-dependent macromolecule catabolic process; modification-dependent protein catabolic process; oxidation-dependent protein catabolic process; protein catabolic process; protein folding; protein quality control for misfolded or incompletely synthesized proteins; proteolysis	0
PGM1	P36871	RHEA:23536	alpha-D-glucose 1-phosphate; alpha-D-glucose 6-phosphate	ADP catabolic process; ADP metabolic process; beta-D-galactose catabolic process via UDP-galactose, Leloir pathway; carbohydrate biosynthetic process; carbohydrate catabolic process; energy reserve metabolic process; galactose catabolic process; galactose metabolic process; glucan catabolic process; glucan metabolic process; gluconeogenesis; glucose metabolic process; glycogen catabolic process; glycogen metabolic process; glycolytic process; hexose biosynthetic process; hexose catabolic process; hexose metabolic process; macromolecule catabolic process; monosaccharide biosynthetic process; monosaccharide catabolic process; monosaccharide metabolic process; nucleoside diphosphate catabolic process; nucleoside diphosphate metabolic process; nucleoside phosphate catabolic process; nucleotide catabolic process; polysaccharide catabolic process; polysaccharide metabolic process; purine nucleoside diphosphate catabolic process; purine nucleoside diphosphate metabolic process; purine nucleotide catabolic process; purine ribonucleoside diphosphate catabolic process; purine ribonucleoside diphosphate metabolic process; purine ribonucleotide catabolic process; purine-containing compound catabolic process; pyridine nucleotide catabolic process; pyridine-containing compound catabolic process; pyruvate metabolic process; ribonucleoside diphosphate catabolic process; ribonucleoside diphosphate metabolic process; ribonucleotide catabolic process	6
DLST	P36957	RHEA:15213;RHEA:86675	glutaryl-CoA; succinyl-CoA	2-oxoglutarate decarboxylation to succinyl-CoA; 2-oxoglutarate metabolic process; acyl-CoA biosynthetic process; acyl-CoA metabolic process; dicarboxylic acid metabolic process; succinyl-CoA biosynthetic process; succinyl-CoA metabolic process; tricarboxylic acid cycle	4
GPX4	P36969	RHEA:16833;RHEA:19057	a hydroperoxy polyunsaturated fatty acid; a hydroxy polyunsaturated fatty acid; glutathione	arachidonate metabolic process; fatty acid biosynthetic process; icosanoid metabolic process; lipoxygenase pathway; long-chain fatty acid biosynthetic process; long-chain fatty acid metabolic process; olefinic compound metabolic process; unsaturated fatty acid metabolic process	8
HSD17B3	P37058	RHEA:14981;RHEA:69284	a 17-oxo steroid; a 17beta-hydroxy steroid; androst-4-ene-3,17-dione; testosterone	androgen biosynthetic process; androgen metabolic process; hormone biosynthetic process; hormone metabolic process; ketone biosynthetic process; ketone metabolic process; olefinic compound biosynthetic process; olefinic compound metabolic process; steroid biosynthetic process; steroid hormone biosynthetic process; testosterone biosynthetic process	6
PIGA	P37287	RHEA:14789	UDP-N-acetyl-alpha-D-glucosamine; a 1,2-diacyl-sn-glycero-3-phospho-(1D-myo-inositol); a 6-(N-acetyl-alpha-D-glucosaminyl)-1-(1,2-diacyl-sn-glycero-3-phospho)-1D-myo-inositol	GPI anchor biosynthetic process; GPI anchor metabolic process; GPI anchored protein biosynthesis; glycerophospholipid biosynthetic process; glycolipid biosynthetic process; glycolipid metabolic process; liposaccharide metabolic process	18
TALDO1	P37837	RHEA:17053	D-erythrose 4-phosphate; D-glyceraldehyde 3-phosphate; D-sedoheptulose 7-phosphate; beta-D-fructose 6-phosphate	NADP+ metabolic process; NADPH regeneration; aldehyde metabolic process; fructose 6-phosphate metabolic process; glucose 6-phosphate metabolic process; glyceraldehyde-3-phosphate metabolic process; pentose-phosphate shunt; pentose-phosphate shunt, non-oxidative branch	7
ATP6V1A	P38606	RHEA:13065;RHEA:57720			0
HSPA9	P38646	RHEA:13065		protein folding; protein refolding	0
MDH1	P40925	RHEA:21252;RHEA:21432	(S)-2-hydroxyglutarate; (S)-malate; oxaloacetate	NAD+ metabolic process; NADP+ metabolic process; dicarboxylic acid metabolic process; malate metabolic process; malate-aspartate shuttle; oxaloacetate metabolic process; tricarboxylic acid cycle	7
MDH2	P40926	RHEA:10824;RHEA:21432	(S)-malate; oxaloacetate	NAD+ metabolic process; carbohydrate biosynthetic process; dicarboxylic acid metabolic process; gluconeogenesis; glucose metabolic process; hexose biosynthetic process; hexose metabolic process; malate metabolic process; malate-aspartate shuttle; monosaccharide biosynthetic process; monosaccharide metabolic process; tricarboxylic acid cycle	7
HADHA	P40939	RHEA:21036;RHEA:22432;RHEA:33767;RHEA:52656;RHEA:67680	a (2E)-enoyl-CoA; a (3S)-3-hydroxyacyl-CoA; a 3-hydroxy-fatty acyl-CoA; a 3-oxoacyl-CoA; a long-chain (3S)-3-hydroxy fatty acyl-CoA; a long-chain 3-oxo-fatty acyl-CoA; a long-chain fatty acid; a long-chain fatty acyl-CoA; acetoacetyl-CoA; acetyl-CoA	cardiolipin acyl-chain remodeling; cardiolipin metabolic process; fatty acid beta-oxidation; fatty acid catabolic process; fatty acid oxidation; lipid modification; lipid oxidation; phosphatidylglycerol metabolic process	60
NAA10	P41227	RHEA:21028;RHEA:45948;RHEA:50500;RHEA:50504	N-terminal L-alanyl-[cypemycin]; N-terminal L-seryl-[ribosomal protein bL12]; N-terminal N(alpha)-acetyl-L-alanyl-[ribosomal protein uS5]; N-terminal N(alpha)-acetyl-L-seryl-[ribosomal protein bL12]; acetyl-CoA		28
PIK3CA	P42336	RHEA:12709;RHEA:17989;RHEA:18373;RHEA:21292	a 1,2-diacyl-sn-glycero-3-phospho-(1D-myo-inositol 4-phosphate); a 1,2-diacyl-sn-glycero-3-phospho-(1D-myo-inositol); a 1,2-diacyl-sn-glycero-3-phospho-(1D-myo-inositol-3,4,5-trisphosphate); a 1,2-diacyl-sn-glycero-3-phospho-(1D-myo-inositol-3,4-bisphosphate); a 1,2-diacyl-sn-glycero-3-phospho-(1D-myo-inositol-3-phosphate); a 1,2-diacyl-sn-glycero-3-phospho-(1D-myo-inositol-4,5-bisphosphate)	glycerophospholipid biosynthetic process; phosphatidylinositol phosphate biosynthetic process; phosphatidylinositol-3-phosphate biosynthetic process	10
HAL	P42357	RHEA:21232	L-histidine; trans-urocanate	L-histidine catabolic process; aromatic amino acid catabolic process; aromatic amino acid metabolic process; imidazole-containing compound catabolic process; imidazole-containing compound metabolic process	1
ACAA2	P42765	RHEA:16781;RHEA:20289;RHEA:21036;RHEA:21564;RHEA:67680;RHEA:68180;RHEA:68184	a 3-oxoacyl-CoA; a fatty acid; a fatty acyl-CoA; a long-chain fatty acid; a long-chain fatty acyl-CoA; a medium-chain fatty acid; a medium-chain fatty acyl-CoA; a short-chain fatty acid; a short-chain fatty acyl-CoA; acetate; acetoacetyl-CoA; acetyl-CoA; an acyl-CoA	cholesterol biosynthetic process; cholesterol metabolic process; fatty acid beta-oxidation; fatty acid catabolic process; fatty acid oxidation; lipid modification; lipid oxidation; secondary alcohol biosynthetic process; secondary alcohol metabolic process; steroid biosynthetic process; sterol biosynthetic process; sterol metabolic process	75
MTHFR	P42898	RHEA:19817	(6R)-5,10-methylene-5,6,7,8-tetrahydrofolate; (6S)-5-methyl-5,6,7,8-tetrahydrofolate	L-methionine biosynthetic process; L-methionine metabolic process; S-adenosylmethionine metabolic process; amino acid biosynthetic process; aspartate family amino acid biosynthetic process; folic acid-containing compound biosynthetic process; folic acid-containing compound metabolic process; homocysteine metabolic process; modified amino acid biosynthetic process; non-proteinogenic amino acid metabolic process; one-carbon metabolic process; proteinogenic amino acid biosynthetic process; pteridine-containing compound biosynthetic process; pteridine-containing compound metabolic process; sulfur amino acid biosynthetic process; sulfur amino acid metabolic process; tetrahydrofolate biosynthetic process; tetrahydrofolate interconversion; tetrahydrofolate metabolic process	8
BTD	P43251	RHEA:13081	biotin; biotin amide	biotin metabolic process	1
GPD2	P43304	RHEA:18977	dihydroxyacetone phosphate; sn-glycerol 3-phosphate	NAD+ metabolic process; alcohol catabolic process; alditol catabolic process; alditol phosphate metabolic process; carbohydrate catabolic process; glycerol catabolic process; glycerol metabolic process; glycerol-3-phosphate metabolic process; glycerol-3-phosphate shuttle; polyol catabolic process; polyol metabolic process	9
NAMPT	P43490	RHEA:16149	5-phospho-alpha-D-ribose 1-diphosphate; beta-nicotinamide D-ribonucleotide; nicotinamide	NAD+ biosynthetic process; NAD+ biosynthetic process via the salvage pathway; NAD+ metabolic process; NADP+ biosynthetic process; NADP+ metabolic process; alkaloid metabolic process; metabolic compound salvage; nicotinamide nucleotide biosynthetic process; nicotinate metabolic process; nucleotide salvage; purine nucleotide salvage; purine-containing compound salvage; pyridine nucleotide biosynthetic process; pyridine nucleotide salvage; pyridine-containing compound biosynthetic process	18
ASPA	P45381	RHEA:10872	L-aspartate; a carboxylate; an N-acyl-L-aspartate	L-aspartate biosynthetic process; acetate metabolic process; amino acid biosynthetic process; aspartate family amino acid biosynthetic process; aspartate metabolic process; dicarboxylic acid biosynthetic process; dicarboxylic acid metabolic process; proteinogenic amino acid biosynthetic process	18
ACADSB	P45954	RHEA:14477;RHEA:44704;RHEA:47196	a (2E)-enoyl-CoA; a 2,3-saturated acyl-CoA; a medium-chain (2E)-enoyl-CoA; a medium-chain 2,3-saturated fatty acyl-CoA; a short-chain (2E)-enoyl-CoA; a short-chain 2,3-saturated fatty acyl-CoA	L-isoleucine catabolic process; branched-chain amino acid catabolic process; branched-chain amino acid metabolic process	17
ATRX	P46100	RHEA:13065		DNA metabolic process; DNA replication; DNA-templated DNA replication; DNA-templated DNA replication maintenance of fidelity; replication fork processing	0
ASMT	P46597	RHEA:15573	N-acetylserotonin; melatonin	amine biosynthetic process; amine metabolic process; biogenic amine biosynthetic process; biogenic amine metabolic process; hormone biosynthetic process; hormone metabolic process; indolalkylamine biosynthetic process; indole-containing compound biosynthetic process; indole-containing compound metabolic process; melatonin biosynthetic process; melatonin metabolic process; methylation; protein biosynthetic process; translation	0
HAAO	P46952	RHEA:17953	(2Z,4Z)-2-amino-3-carboxymuconate 6-semialdehyde; 3-hydroxyanthranilate	'de novo' NAD+ biosynthetic process from L-tryptophan; L-tryptophan catabolic process; NAD+ biosynthetic process; NAD+ metabolic process; aromatic amino acid catabolic process; aromatic amino acid metabolic process; dicarboxylic acid biosynthetic process; dicarboxylic acid metabolic process; indole-containing compound catabolic process; indole-containing compound metabolic process; nicotinamide nucleotide biosynthetic process; pyridine nucleotide biosynthetic process; pyridine-containing compound biosynthetic process; quinolinate biosynthetic process; quinolinate metabolic process	1
STT3A	P46977	RHEA:22980	a di-trans,poly-cis-dolichyl diphosphate; a di-trans,poly-cis-dolichyl diphosphooligosaccharide	glycoprotein biosynthetic process; post-translational protein modification; protein N-linked glycosylation; protein co-translational transfer of dolichol-linked oligosaccharide	5
UQCRFS1	P47985	RHEA:11484		ATP synthesis coupled electron transport; aerobic electron transport chain; electron transport chain; mitochondrial ATP synthesis coupled electron transport; mitochondrial electron transport, ubiquinol to cytochrome c; respiratory electron transport chain	0
XDH	P47989	RHEA:16669;RHEA:21132;RHEA:68012	hypoxanthine; urate; xanthine	2'-deoxyribonucleoside catabolic process; 2'-deoxyribonucleoside metabolic process; 2'-deoxyribonucleotide metabolic process; AMP catabolic process; AMP metabolic process; GMP catabolic process; GMP metabolic process; IMP catabolic process; IMP metabolic process; adenosine catabolic process; adenosine metabolic process; allantoin metabolic process; dAMP catabolic process; dAMP metabolic process; dGMP catabolic process; dGMP metabolic process; deoxyadenosine catabolic process; deoxyadenosine metabolic process; deoxyguanosine catabolic process; deoxyinosine catabolic process; deoxyinosine metabolic process; deoxyribonucleoside monophosphate catabolic process; deoxyribose phosphate catabolic process; glycosyl compound catabolic process; guanine catabolic process; guanine metabolic process; hypoxanthine catabolic process; hypoxanthine metabolic process; inosine catabolic process; inosine metabolic process; nucleobase catabolic process; nucleobase metabolic process; nucleobase-containing small molecule catabolic process; nucleoside catabolic process; nucleoside metabolic process; nucleoside monophosphate catabolic process; nucleoside phosphate catabolic process; nucleotide catabolic process; purine deoxyribonucleoside catabolic process; purine deoxyribonucleoside metabolic process; purine deoxyribonucleoside monophosphate catabolic process; purine deoxyribonucleoside monophosphate metabolic process; purine deoxyribonucleotide catabolic process; purine deoxyribonucleotide metabolic process; purine nucleobase catabolic process; purine nucleobase metabolic process; purine nucleoside catabolic process; purine nucleoside metabolic process; purine nucleoside monophosphate catabolic process; purine nucleoside monophosphate metabolic process; purine nucleotide catabolic process; purine ribonucleoside catabolic process; purine ribonucleoside metabolic process; purine ribonucleoside monophosphate catabolic process; purine ribonucleoside monophosphate metabolic process; purine ribonucleotide catabolic process; purine-containing compound catabolic process; ribonucleoside catabolic process; ribonucleoside metabolic process; ribonucleoside monophosphate catabolic process; ribonucleotide catabolic process; xanthine catabolic process; xanthine metabolic process	2
ATP5PO	P48047	RHEA:13065;RHEA:57720		ATP biosynthetic process; proton motive force-driven ATP synthesis; proton motive force-driven mitochondrial ATP synthesis; purine nucleoside triphosphate biosynthetic process; purine ribonucleoside triphosphate biosynthetic process	0
LSS	P48449	RHEA:14621	(S)-2,3-epoxysqualene; lanosterol	cholesterol biosynthetic process; cholesterol metabolic process; isoprenoid biosynthetic process; isoprenoid metabolic process; secondary alcohol biosynthetic process; secondary alcohol metabolic process; steroid biosynthetic process; sterol biosynthetic process; sterol metabolic process; terpenoid biosynthetic process; terpenoid metabolic process; triterpenoid biosynthetic process; triterpenoid metabolic process; zymosterol biosynthetic process; zymosterol metabolic process	1
GCLC	P48506	RHEA:13285	L-cysteine; gamma-L-glutamyl-L-cysteine	dicarboxylic acid metabolic process; glutamate metabolic process; glutathione biosynthetic process; glutathione metabolic process; modified amino acid biosynthetic process; nonribosomal peptide biosynthetic process; peptide biosynthetic process; peptide metabolic process	8
GCLM	P48507	RHEA:13285	L-cysteine; gamma-L-glutamyl-L-cysteine	dicarboxylic acid metabolic process; glutamate metabolic process; glutathione biosynthetic process; glutathione metabolic process; modified amino acid biosynthetic process; nonribosomal peptide biosynthetic process; peptide biosynthetic process; peptide metabolic process	8
GSS	P48637	RHEA:13557	gamma-L-glutamyl-L-cysteine; glutathione; glycine	glutathione biosynthetic process; glutathione metabolic process; modified amino acid biosynthetic process; nonribosomal peptide biosynthetic process; peptide biosynthetic process; peptide metabolic process	21
HSPA13	P48723	RHEA:13065		protein folding; protein refolding	0
AMT	P48728	RHEA:16945	(6R)-5,10-methylene-5,6,7,8-tetrahydrofolate; (6S)-5,6,7,8-tetrahydrofolate	glycine catabolic process; glycine decarboxylation via glycine cleavage system; glycine metabolic process	11
CSNK1D	P48730	RHEA:17989		phosphorylation; protein phosphorylation	0
TDO2	P48775	RHEA:24536	L-tryptophan; N-formyl-L-kynurenine	L-tryptophan catabolic process; aromatic amino acid catabolic process; aromatic amino acid metabolic process; indole-containing compound catabolic process; indole-containing compound metabolic process	4
RPIA	P49247	RHEA:14657	D-ribulose 5-phosphate; aldehydo-D-ribose 5-phosphate	D-ribose metabolic process; NADP+ metabolic process; NADPH regeneration; aldehyde metabolic process; glucose 6-phosphate metabolic process; glyceraldehyde-3-phosphate metabolic process; monosaccharide metabolic process; pentose metabolic process; pentose-phosphate shunt; pentose-phosphate shunt, non-oxidative branch	2
FASN	P49327	RHEA:13097;RHEA:14993;RHEA:17397;RHEA:22564;RHEA:22836;RHEA:41788;RHEA:44596	a (2E)-enoyl-[ACP]; a (3R)-hydroxyacyl-[ACP]; a 2,3-saturated acyl-[ACP]; a 3-oxoacyl-[ACP]; a fatty acid; a fatty acyl-[ACP]; a long-chain fatty acid; acetyl-CoA; acetyl-[ACP]; holo-[ACP]; malonyl-CoA; malonyl-[ACP]	acetyl-CoA metabolic process; acyl-CoA biosynthetic process; acyl-CoA metabolic process; fatty acid biosynthetic process; fatty acid derivative biosynthetic process; fatty acid derivative metabolic process; fatty-acyl-CoA biosynthetic process; fatty-acyl-CoA metabolic process	57
FNTA	P49354	RHEA:13345;RHEA:21240	(2E,6E)-farnesyl diphosphate; geranylgeranyl diphosphate	CAAX-box protein maturation; peptide pheromone maturation; prenylation; protein farnesylation; protein geranylgeranylation; protein prenylation	11
FNTB	P49356	RHEA:13345	(2E,6E)-farnesyl diphosphate	prenylation; protein farnesylation; protein prenylation	8
ALDH7A1	P49419	RHEA:15305;RHEA:16185;RHEA:69763	a carboxylate; a medium-chain fatty acid; a medium-chain fatty aldehyde; an aldehyde; betaine aldehyde; glycine betaine	L-lysine catabolic process; aldehyde metabolic process; amine catabolic process; amine metabolic process; biogenic amine catabolic process; choline catabolic process; choline metabolic process	12
GLUD2	P49448	RHEA:11612;RHEA:15133		L-glutamate biosynthetic process; L-glutamate catabolic process; amino acid biosynthetic process; dicarboxylic acid biosynthetic process; dicarboxylic acid catabolic process; dicarboxylic acid metabolic process; glutamate family amino acid biosynthetic process; glutamate metabolic process; proteinogenic amino acid biosynthetic process	0
PCYT1A	P49585	RHEA:18997	CDP-choline; phosphocholine	CDP-choline pathway; DNA metabolic process; DNA recombination; glycerophospholipid biosynthetic process; immunoglobulin production; immunoglobulin production involved in immunoglobulin-mediated immune response; isotype switching; phosphatidylcholine biosynthetic process; phosphatidylcholine metabolic process; production of molecular mediator of immune response; somatic cell DNA recombination; somatic diversification of immune receptors via germline recombination within a single locus; somatic diversification of immunoglobulins; somatic diversification of immunoglobulins involved in immune response; somatic recombination of immunoglobulin gene segments; somatic recombination of immunoglobulin genes involved in immune response	14
AARS1	P49588	RHEA:12540;RHEA:80271	(S)-lactate; (S)-lactoyl-AMP; L-alanine	RNA biosynthetic process; RNA metabolic process; RNA modification; RNA processing; alanyl-tRNA aminoacylation; amino acid activation; aminoacyl-tRNA metabolism involved in translational fidelity; nucleic acid biosynthetic process; protein biosynthetic process; tRNA aminoacylation; tRNA aminoacylation for protein translation; tRNA metabolic process; tRNA modification; tRNA processing; translation	8
ACADVL	P49748	RHEA:14477;RHEA:17721;RHEA:19181;RHEA:44704	a (2E)-enoyl-CoA; a 2,3-saturated acyl-CoA; a long-chain (2E)-enoyl-CoA; a long-chain 2,3-saturated fatty acyl-CoA; a medium-chain (2E)-enoyl-CoA; a medium-chain 2,3-saturated fatty acyl-CoA; a very-long-chain (2E)-enoyl-CoA; a very-long-chain 2,3-saturated fatty acyl-CoA	fatty acid beta-oxidation; fatty acid beta-oxidation using acyl-CoA dehydrogenase; fatty acid catabolic process; fatty acid oxidation; lipid modification; lipid oxidation	18
NDUFV1	P49821	RHEA:29091		ATP biosynthetic process; ATP synthesis coupled electron transport; aerobic electron transport chain; electron transport chain; mitochondrial ATP synthesis coupled electron transport; mitochondrial electron transport, NADH to ubiquinone; proton motive force-driven ATP synthesis; proton motive force-driven mitochondrial ATP synthesis; purine nucleoside triphosphate biosynthetic process; purine ribonucleoside triphosphate biosynthetic process; respiratory electron transport chain	0
GSK3B	P49841	RHEA:17989		energy reserve metabolic process; glucan metabolic process; glycogen metabolic process; macromolecule catabolic process; modification-dependent macromolecule catabolic process; modification-dependent protein catabolic process; peptidyl-serine phosphorylation; phosphorylation; polysaccharide metabolic process; proteasomal protein catabolic process; proteasome-mediated ubiquitin-dependent protein catabolic process; protein autophosphorylation; protein catabolic process; protein phosphorylation; ubiquitin-dependent protein catabolic process	0
NT5C2	P49902	RHEA:19961;RHEA:22140;RHEA:36167	a 2'-deoxyribonucleoside; a 2'-deoxyribonucleoside 5'-phosphate; a nucleoside; a nucleoside 5'-phosphate; a ribonucleoside; a ribonucleoside 5'-phosphate	2'-deoxyribonucleotide metabolic process; GMP catabolic process; GMP metabolic process; IMP catabolic process; IMP metabolic process; allantoin metabolic process; dGMP catabolic process; dGMP metabolic process; deoxyribonucleoside monophosphate catabolic process; deoxyribose phosphate catabolic process; nucleoside monophosphate catabolic process; nucleoside phosphate catabolic process; nucleotide catabolic process; post-translational protein modification; protein K48-linked ubiquitination; protein modification by small protein conjugation; protein modification by small protein conjugation or removal; protein polyubiquitination; protein ubiquitination; purine deoxyribonucleoside monophosphate catabolic process; purine deoxyribonucleoside monophosphate metabolic process; purine deoxyribonucleotide catabolic process; purine deoxyribonucleotide metabolic process; purine nucleoside monophosphate catabolic process; purine nucleoside monophosphate metabolic process; purine nucleotide catabolic process; purine ribonucleoside monophosphate catabolic process; purine ribonucleoside monophosphate metabolic process; purine ribonucleotide catabolic process; purine-containing compound catabolic process; ribonucleoside monophosphate catabolic process; ribonucleotide catabolic process	6
SEPHS1	P49903	RHEA:18737	hydrogenselenide; selenophosphate	L-selenocysteine biosynthetic process; amino acid biosynthetic process; modified amino acid biosynthetic process; proteinogenic amino acid biosynthetic process	2
GMPS	P49915	RHEA:11680;RHEA:18301	XMP	GMP biosynthetic process; GMP metabolic process; nucleobase biosynthetic process; nucleobase metabolic process; nucleoside monophosphate biosynthetic process; purine nucleobase biosynthetic process; purine nucleobase metabolic process; purine nucleoside monophosphate biosynthetic process; purine nucleoside monophosphate metabolic process; purine ribonucleoside monophosphate biosynthetic process; purine ribonucleoside monophosphate metabolic process; ribonucleoside monophosphate biosynthetic process	2
KHK	P50053	RHEA:18145	beta-D-fructose; beta-D-fructose 1-phosphate	fructose metabolic process; hexose metabolic process; monosaccharide metabolic process	1
SULT1A1	P50225	RHEA:12164;RHEA:13453;RHEA:68460	3'-phosphoadenylyl sulfate; a phenol; a phenolic steroid; a phenolic steroid 3-O-sulfate; adenosine 3',5'-bisphosphate; an aryl sulfate; quercetin; quercetin 3-sulfate	3'-phosphoadenosine 5'-phosphosulfate metabolic process; alcohol catabolic process; amine catabolic process; amine metabolic process; biogenic amine catabolic process; biogenic amine metabolic process; catechol-containing compound catabolic process; catechol-containing compound metabolic process; catecholamine catabolic process; catecholamine metabolic process; dopamine catabolic process; dopamine metabolic process; estrogen metabolic process; ethanol catabolic process; ethanol metabolic process; flavonoid metabolic process; hormone metabolic process; nucleoside bisphosphate metabolic process; phenol-containing compound catabolic process; phenol-containing compound metabolic process; primary alcohol catabolic process; primary alcohol metabolic process; purine nucleoside bisphosphate metabolic process; purine ribonucleoside bisphosphate metabolic process; ribonucleoside bisphosphate metabolic process; sulfation; thyroid hormone metabolic process; xenobiotic metabolic process	11
PPOX	P50336	RHEA:25576	protoporphyrin IX; protoporphyrinogen IX	heme A biosynthetic process; heme B biosynthetic process; heme biosynthetic process; heme metabolic process; pigment biosynthetic process; pigment metabolic process; porphyrin-containing compound biosynthetic process; porphyrin-containing compound metabolic process; tetrapyrrole biosynthetic process; tetrapyrrole metabolic process	2
CPT1A	P50416	RHEA:12661	(R)-carnitine; O-hexadecanoyl-(R)-carnitine; hexadecanoyl-CoA	acylglycerol metabolic process; amino-acid betaine metabolic process; carnitine metabolic process; fatty acid beta-oxidation; fatty acid catabolic process; fatty acid oxidation; glucose metabolic process; hexose metabolic process; lipid modification; lipid oxidation; long-chain fatty acid metabolic process; monosaccharide metabolic process; neutral lipid metabolic process; triglyceride metabolic process	6
GATM	P50440	RHEA:13201	L-arginine; L-ornithine; glycine; guanidinoacetate	creatine biosynthetic process; creatine metabolic process; modified amino acid biosynthetic process	20
CDK7	P50613	RHEA:10216;RHEA:17989	[pyruvate, water dikinase]; [pyruvate, water dikinase]-phosphate	DNA metabolic process; DNA repair; DNA-templated transcription; DNA-templated transcription initiation; RNA biosynthetic process; RNA metabolic process; nucleic acid biosynthetic process; nucleotide-excision repair; snRNA metabolic process; snRNA transcription; snRNA transcription by RNA polymerase II; transcription by RNA polymerase II; transcription initiation at RNA polymerase II promoter	3
HLCS	P50747	RHEA:11756	biotin	biotin metabolic process; post-translational protein modification	1
ATP1A2	P50993	RHEA:13065;RHEA:16777;RHEA:18353	CHEBI:29101; CHEBI:29103		3
RAB7A	P51149	RHEA:19669		autophagosome assembly; autophagosome organization; autophagy; epidermal growth factor catabolic process; lipophagy; macroautophagy; macromolecule catabolic process; protein catabolic process	0
RAB9A	P51151	RHEA:19669			0
GALK1	P51570	RHEA:13553	alpha-D-galactose; alpha-D-galactose 1-phosphate	beta-D-galactose catabolic process via UDP-galactose, Leloir pathway; carbohydrate catabolic process; carbohydrate phosphorylation; galactose catabolic process; galactose metabolic process; hexose catabolic process; hexose metabolic process; monosaccharide catabolic process; monosaccharide metabolic process; phosphorylation	1
ALDH5A1	P51649	RHEA:13217	succinate; succinate semialdehyde	GABA catabolic process; GABA shunt; dicarboxylic acid metabolic process; glutamate metabolic process; non-proteinogenic amino acid catabolic process; non-proteinogenic amino acid metabolic process; succinate metabolic process	15
HSD17B4	P51659	RHEA:18933;RHEA:22432;RHEA:26526;RHEA:32711;RHEA:33767;RHEA:45812	(24E)-3alpha,7alpha,12alpha-trihydroxy-5beta-cholest-24-en-26-oyl-CoA; (24R,25R)-3alpha,7alpha,12alpha,24-tetrahydroxy-5beta-cholestan-26-oyl-CoA; a (2E)-enoyl-CoA; a (3R)-3-hydroxyacyl-CoA; a (3S)-3-hydroxyacyl-CoA; a 3-hydroxy-fatty acyl-CoA; a 3-oxoacyl-CoA; a very-long-chain (2E)-enoyl-CoA; a very-long-chain (3R)-3-hydroxyacyl-CoA	acyl-CoA metabolic process; androgen metabolic process; estrogen metabolic process; fatty acid beta-oxidation; fatty acid beta-oxidation using acyl-CoA oxidase; fatty acid biosynthetic process; fatty acid catabolic process; fatty acid derivative metabolic process; fatty acid oxidation; fatty-acyl-CoA metabolic process; hormone metabolic process; lipid modification; lipid oxidation; medium-chain fatty-acyl-CoA metabolic process; very long-chain fatty-acyl-CoA metabolic process	25
SUOX	P51687	RHEA:24600			0
SGSH	P51688	RHEA:17881	D-glucosamine; N-sulfo-D-glucosamine	aminoglycan catabolic process; aminoglycan metabolic process; glycoprotein catabolic process; glycosaminoglycan catabolic process; glycosaminoglycan metabolic process; heparan sulfate proteoglycan catabolic process; heparan sulfate proteoglycan metabolic process; macromolecule catabolic process; protein catabolic process; proteoglycan catabolic process; proteoglycan metabolic process	1
ARSL	P51690	RHEA:17261	a phenol; an aryl sulfate		7
AKR1D1	P51857	RHEA:54412;RHEA:69284	a 17-oxo steroid; a 17beta-hydroxy steroid; a 3-oxo-5beta-steroid; a 3-oxo-Delta(4)-steroid	C21-steroid hormone metabolic process; alcohol catabolic process; androgen metabolic process; bile acid biosynthetic process; bile acid metabolic process; cholesterol catabolic process; cholesterol metabolic process; hormone metabolic process; secondary alcohol metabolic process; steroid catabolic process; sterol catabolic process; sterol metabolic process	7
NDUFA8	P51970	RHEA:29091		ATP biosynthetic process; ATP synthesis coupled electron transport; aerobic electron transport chain; electron transport chain; mitochondrial ATP synthesis coupled electron transport; mitochondrial electron transport, NADH to ubiquinone; proton motive force-driven ATP synthesis; proton motive force-driven mitochondrial ATP synthesis; purine nucleoside triphosphate biosynthetic process; purine ribonucleoside triphosphate biosynthetic process; respiratory electron transport chain	0
PGD	P52209	RHEA:10116	6-phospho-D-gluconate; D-ribulose 5-phosphate	D-gluconate metabolic process; NADP+ metabolic process; NADPH regeneration; glucose 6-phosphate metabolic process; pentose-phosphate shunt; pentose-phosphate shunt, oxidative branch	3
SMS	P52788	RHEA:19973	S-adenosyl 3-(methylsulfanyl)propylamine; S-methyl-5'-thioadenosine; spermidine; spermine	amine biosynthetic process; amine metabolic process; biogenic amine biosynthetic process; biogenic amine metabolic process; polyamine biosynthetic process; polyamine metabolic process; spermine biosynthetic process; spermine metabolic process	3
BLVRA	P53004	RHEA:15793;RHEA:15797	(4Z,15Z)-bilirubin IXalpha; biliverdin IXalpha	heme catabolic process; heme metabolic process; pigment catabolic process; pigment metabolic process; porphyrin-containing compound catabolic process; porphyrin-containing compound metabolic process; tetrapyrrole catabolic process; tetrapyrrole metabolic process	2
SLC25A1	P53007	RHEA:28835	citrate; succinate		15
PLK1	P53350	RHEA:17989		DNA metabolic process; DNA repair; double-strand break repair; double-strand break repair via alternative nonhomologous end joining; double-strand break repair via nonhomologous end joining; phosphorylation; protein phosphorylation	0
ACLY	P53396	RHEA:21160	acetyl-CoA; citrate; oxaloacetate	acetyl-CoA biosynthetic process; acetyl-CoA metabolic process; acyl-CoA biosynthetic process; acyl-CoA metabolic process; cholesterol biosynthetic process; cholesterol metabolic process; citrate metabolic process; coenzyme A metabolic process; dicarboxylic acid metabolic process; fatty acid biosynthetic process; malonyl-CoA biosynthetic process; malonyl-CoA metabolic process; oxaloacetate metabolic process; secondary alcohol biosynthetic process; secondary alcohol metabolic process; steroid biosynthetic process; sterol biosynthetic process; sterol metabolic process; tricarboxylic acid metabolic process	35
MVD	P53602	RHEA:23732	(R)-5-diphosphomevalonate; isopentenyl diphosphate	acetyl-CoA metabolic process; acyl-CoA metabolic process; cholesterol biosynthetic process; cholesterol metabolic process; geranylgeranyl diphosphate biosynthetic process; geranylgeranyl diphosphate metabolic process; isopentenyl diphosphate biosynthetic process; isopentenyl diphosphate biosynthetic process, mevalonate pathway; isopentenyl diphosphate metabolic process; isoprenoid biosynthetic process; isoprenoid metabolic process; secondary alcohol biosynthetic process; secondary alcohol metabolic process; steroid biosynthetic process; sterol biosynthetic process; sterol metabolic process; terpenoid biosynthetic process; terpenoid metabolic process; zymosterol biosynthetic process; zymosterol metabolic process	10
PGGT1B	P53609	RHEA:21240	geranylgeranyl diphosphate	CAAX-box protein maturation; prenylation; protein geranylgeranylation; protein prenylation	3
RABGGTB	P53611	RHEA:21240	geranylgeranyl diphosphate	prenylation; protein geranylgeranylation; protein prenylation	3
HSPA2	P54652	RHEA:13065		protein folding; protein refolding	0
GALC	P54803	RHEA:14297	D-galactose; a beta-D-galactosyl-(1<->1')-N-acylsphing-4-enine; an N-acylsphing-4-enine	ceramide catabolic process; ceramide metabolic process; galactolipid catabolic process; galactolipid metabolic process; galactosylceramide catabolic process; galactosylceramide metabolic process; glycolipid catabolic process; glycolipid metabolic process; glycosphingolipid catabolic process; glycosphingolipid metabolic process; glycosylceramide catabolic process; glycosylceramide metabolic process; liposaccharide metabolic process; sphingolipid catabolic process	23
AK2	P54819	RHEA:12973		ADP biosynthetic process; ADP metabolic process; AMP metabolic process; nucleobase-containing small molecule interconversion; nucleoside diphosphate biosynthetic process; nucleoside diphosphate metabolic process; purine nucleoside diphosphate biosynthetic process; purine nucleoside diphosphate metabolic process; purine nucleoside monophosphate metabolic process; purine ribonucleoside diphosphate biosynthetic process; purine ribonucleoside diphosphate metabolic process; purine ribonucleoside monophosphate metabolic process; ribonucleoside diphosphate biosynthetic process; ribonucleoside diphosphate metabolic process	0
GYS2	P54840	RHEA:18549	UDP-alpha-D-glucose; [(1->4)-alpha-D-glucosyl](n)	carbohydrate biosynthetic process; energy reserve metabolic process; glucan biosynthetic process; glucan metabolic process; glycogen biosynthetic process; glycogen metabolic process; polysaccharide biosynthetic process; polysaccharide metabolic process	10
HMGCS2	P54868	RHEA:10188	(3S)-3-hydroxy-3-methylglutaryl-CoA; acetoacetyl-CoA; acetyl-CoA	acetyl-CoA metabolic process; acyl-CoA metabolic process; fatty acid derivative biosynthetic process; fatty acid derivative metabolic process; isoprenoid biosynthetic process; isoprenoid metabolic process; ketone body biosynthetic process	31
ALDH18A1	P54886	RHEA:14877;RHEA:19541;RHEA:33207	L-glutamate 5-semialdehyde; L-glutamyl 5-phosphate	L-citrulline biosynthetic process; L-glutamate catabolic process; L-glutamine catabolic process; L-glutamine metabolic process; L-ornithine biosynthetic process; L-proline biosynthetic process; L-proline metabolic process; amino acid biosynthetic process; dicarboxylic acid catabolic process; dicarboxylic acid metabolic process; glutamate family amino acid biosynthetic process; glutamate metabolic process; non-proteinogenic amino acid biosynthetic process; non-proteinogenic amino acid metabolic process; ornithine metabolic process; proteinogenic amino acid biosynthetic process	2
DRG2	P55039	RHEA:19669		cytoplasmic translation; protein biosynthetic process; translation	0
VCP	P55072	RHEA:13065		DNA biosynthetic process; DNA damage tolerance; DNA metabolic process; DNA repair; DNA replication; DNA synthesis involved in DNA replication; ERAD pathway; NAD+ metabolic process; autophagosome maturation; autophagy; autophagy of mitochondrion; cytoplasm protein quality control; cytoplasmic translation; cytoplasmic translational elongation; double-strand break repair; flavin adenine dinucleotide catabolic process; flavin adenine dinucleotide metabolic process; flavin-containing compound catabolic process; flavin-containing compound metabolic process; interstrand cross-link repair; macroautophagy; macromolecule catabolic process; macromolecule methylation; methylation; mitophagy; modification-dependent macromolecule catabolic process; modification-dependent protein catabolic process; nucleic acid biosynthetic process; nucleoside phosphate catabolic process; nucleotide catabolic process; peptidyl-lysine methylation; peptidyl-lysine modification; peptidyl-lysine trimethylation; post-translational protein modification; proteasomal protein catabolic process; proteasome-mediated ubiquitin-dependent protein catabolic process; protein alkylation; protein biosynthetic process; protein catabolic process; protein methylation; protein modification by small protein conjugation; protein modification by small protein conjugation or removal; protein quality control for misfolded or incompletely synthesized proteins; protein ubiquitination; protein-DNA covalent cross-linking repair; rescue of stalled cytosolic ribosome; retrograde protein transport, ER to cytosol; ribosome-associated ubiquitin-dependent protein catabolic process; translation; translational elongation; translesion synthesis; ubiquitin-dependent protein catabolic process	0
HADHB	P55084	RHEA:18161;RHEA:21036;RHEA:21564;RHEA:22432	3-oxohexadecanoyl-CoA; a (3S)-3-hydroxyacyl-CoA; a 3-oxoacyl-CoA; acetoacetyl-CoA; acetyl-CoA; an acyl-CoA; tetradecanoyl-CoA	fatty acid beta-oxidation; fatty acid catabolic process; fatty acid oxidation; lipid modification; lipid oxidation	46
GFER	P55789	RHEA:17357;RHEA:59116	R'C(R)S-S(R)CR'; R'C(R)SH		3
OXCT1	P55809	RHEA:24564	a 3-oxo acid; a 3-oxoacyl-CoA; succinate; succinyl-CoA	fatty acid derivative catabolic process; fatty acid derivative metabolic process; ketone body catabolic process	27
ATP5F1E	P56381	RHEA:57720		ATP biosynthetic process; proton motive force-driven ATP synthesis; proton motive force-driven mitochondrial ATP synthesis; purine nucleoside triphosphate biosynthetic process; purine ribonucleoside triphosphate biosynthetic process	0
HDAC4	P56524	RHEA:58108;RHEA:58196	acetate	peptidyl-lysine modification; post-translational protein modification; protein modification by small protein conjugation; protein modification by small protein conjugation or removal; protein sumoylation	9
NDUFA6	P56556	RHEA:29091		ATP biosynthetic process; ATP synthesis coupled electron transport; aerobic electron transport chain; electron transport chain; mitochondrial ATP synthesis coupled electron transport; mitochondrial electron transport, NADH to ubiquinone; proton motive force-driven ATP synthesis; proton motive force-driven mitochondrial ATP synthesis; purine nucleoside triphosphate biosynthetic process; purine ribonucleoside triphosphate biosynthetic process; respiratory electron transport chain	0
PIGP	P57054	RHEA:14789	UDP-N-acetyl-alpha-D-glucosamine; a 1,2-diacyl-sn-glycero-3-phospho-(1D-myo-inositol); a 6-(N-acetyl-alpha-D-glucosaminyl)-1-(1,2-diacyl-sn-glycero-3-phospho)-1D-myo-inositol	GPI anchor biosynthetic process; GPI anchor metabolic process; GPI anchored protein biosynthesis; glycerophospholipid biosynthetic process; glycolipid biosynthetic process; glycolipid metabolic process; liposaccharide metabolic process	18
EEFSEC	P57772	RHEA:19669		protein biosynthetic process; selenium compound metabolic process; selenocysteine incorporation; translation; translational elongation; translational readthrough	0
LOXL3	P58215	RHEA:24544		peptidyl-lysine modification; peptidyl-lysine oxidation; protein oxidation	0
RAB15	P59190	RHEA:19669			0
TPI1	P60174	RHEA:17937;RHEA:18585	D-glyceraldehyde 3-phosphate; dihydroxyacetone phosphate; methylglyoxal	ADP catabolic process; ADP metabolic process; aldehyde biosynthetic process; aldehyde metabolic process; canonical glycolysis; carbohydrate biosynthetic process; carbohydrate catabolic process; gluconeogenesis; glucose catabolic process; glucose metabolic process; glyceraldehyde-3-phosphate biosynthetic process; glyceraldehyde-3-phosphate metabolic process; glycolytic process; glycolytic process through fructose-6-phosphate; glycolytic process through glucose-6-phosphate; hexose biosynthetic process; hexose catabolic process; hexose metabolic process; ketone biosynthetic process; ketone metabolic process; methylglyoxal biosynthetic process; methylglyoxal metabolic process; monosaccharide biosynthetic process; monosaccharide catabolic process; monosaccharide metabolic process; nucleoside diphosphate catabolic process; nucleoside diphosphate metabolic process; nucleoside phosphate catabolic process; nucleotide catabolic process; purine nucleoside diphosphate catabolic process; purine nucleoside diphosphate metabolic process; purine nucleotide catabolic process; purine ribonucleoside diphosphate catabolic process; purine ribonucleoside diphosphate metabolic process; purine ribonucleotide catabolic process; purine-containing compound catabolic process; pyridine nucleotide catabolic process; pyridine-containing compound catabolic process; pyruvate metabolic process; ribonucleoside diphosphate catabolic process; ribonucleoside diphosphate metabolic process; ribonucleotide catabolic process	10
PTEN	P60484	RHEA:10684;RHEA:12316;RHEA:25017;RHEA:77143;RHEA:77155	1D-myo-inositol 1,3,4,5,6-pentakisphosphate; 1D-myo-inositol 1,3,4,5-tetrakisphosphate; 1D-myo-inositol 1,4,5,6-tetrakisphosphate; 1D-myo-inositol 1,4,5-trisphosphate; a 1,2-diacyl-sn-glycero-3-phospho-(1D-myo-inositol); a 1,2-diacyl-sn-glycero-3-phospho-(1D-myo-inositol-3,4,5-trisphosphate); a 1,2-diacyl-sn-glycero-3-phospho-(1D-myo-inositol-3-phosphate); a 1,2-diacyl-sn-glycero-3-phospho-(1D-myo-inositol-4,5-bisphosphate)	dephosphorylation; glycerophospholipid biosynthetic process; lipid modification; phosphatidylinositol biosynthetic process; phosphatidylinositol dephosphorylation; phosphatidylinositol metabolic process; phospholipid dephosphorylation; protein dephosphorylation	10
ACTB	P60709	RHEA:13065			0
PRPS1	P60891	RHEA:15609	5-phospho-alpha-D-ribose 1-diphosphate; D-ribose 5-phosphate	5-phosphoribose 1-diphosphate biosynthetic process; 5-phosphoribose 1-diphosphate metabolic process; hypoxanthine biosynthetic process; hypoxanthine metabolic process; nucleobase biosynthetic process; nucleobase metabolic process; nucleoside monophosphate biosynthetic process; purine nucleobase biosynthetic process; purine nucleobase metabolic process; pyrimidine nucleotide biosynthetic process; pyrimidine nucleotide metabolic process; pyrimidine-containing compound biosynthetic process; pyrimidine-containing compound metabolic process; ribonucleoside monophosphate biosynthetic process; urate biosynthetic process; urate metabolic process	7
ABCE1	P61221	RHEA:13065;RHEA:19669;RHEA:23680;RHEA:29387	a ribonucleoside 5'-diphosphate; a ribonucleoside 5'-triphosphate	cytoplasmic translation; cytoplasmic translational elongation; protein biosynthetic process; rescue of stalled cytosolic ribosome; translation; translational elongation; translational initiation; translational termination	3
ATP6V0D1	P61421	RHEA:57720			0
PCBD1	P61457	RHEA:11920;RHEA:20273	(4aS,6R)-4a-hydroxy-L-erythro-5,6,7,8-tetrahydrobiopterin; (6R)-L-erythro-5,6,7,8-tetrahydrobiopterin; (6R)-L-erythro-6,7-dihydrobiopterin; L-phenylalanine; L-tyrosine	L-tyrosine biosynthetic process; amino acid biosynthetic process; aromatic amino acid biosynthetic process; aromatic amino acid metabolic process; diol biosynthetic process; diol metabolic process; erythrose 4-phosphate/phosphoenolpyruvate family amino acid biosynthetic process; polyol biosynthetic process; polyol metabolic process; proteinogenic amino acid biosynthetic process; pteridine-containing compound biosynthetic process; pteridine-containing compound metabolic process; tetrahydrobiopterin biosynthetic process; tetrahydrobiopterin metabolic process	5
ACTA2	P62736	RHEA:13065			0
ACTG2	P63267	RHEA:13065			0
PPP2CA	P67775	RHEA:10684		DNA-templated transcription; DNA-templated transcription initiation; RNA biosynthetic process; RNA catabolic process; RNA metabolic process; RNA polymerase II transcription initiation surveillance; RNA processing; RNA surveillance; dephosphorylation; macromolecule catabolic process; nuclear RNA surveillance; nucleic acid biosynthetic process; nucleic acid catabolic process; protein dephosphorylation; snRNA metabolic process; snRNA processing; transcription by RNA polymerase II; transcription initiation at RNA polymerase II promoter	0
ACTA1	P68133	RHEA:13065			0
PSPH	P78330	RHEA:21208	L-serine; O-phospho-L-serine	L-serine biosynthetic process; L-serine metabolic process; amino acid biosynthetic process; proteinogenic amino acid biosynthetic process; serine family amino acid biosynthetic process	8
ABCA4	P78363	RHEA:13065;RHEA:19669		aldehyde metabolic process; diterpenoid metabolic process; isoprenoid metabolic process; olefinic compound metabolic process; retinal metabolic process; retinoid metabolic process; terpenoid metabolic process	0
HSD11B2	P80365	RHEA:20233;RHEA:53116	a 7-oxosteroid; a 7beta-hydroxysteroid; an 11-oxosteroid; an 11beta-hydroxysteroid	cortisol metabolic process; glucocorticoid metabolic process; ketone metabolic process; olefinic compound metabolic process; primary alcohol metabolic process; tertiary alcohol metabolic process	3
ABAT	P80404	RHEA:13993;RHEA:23352	(S)-3-amino-2-methylpropanoate; 2-methyl-3-oxopropanoate; 4-aminobutanoate; succinate semialdehyde	GABA catabolic process; GABA shunt; dicarboxylic acid metabolic process; glutamate metabolic process; non-proteinogenic amino acid catabolic process; non-proteinogenic amino acid metabolic process; succinate metabolic process	4
ARF1	P84077	RHEA:19669			0
MAT1A	Q00266	RHEA:21080	L-methionine	L-methionine catabolic process; L-methionine metabolic process; S-adenosylmethionine biosynthetic process; S-adenosylmethionine metabolic process; sulfur amino acid catabolic process; sulfur amino acid metabolic process; sulfur compound catabolic process	3
CDK5	Q00535	RHEA:17989			0
B4GALNT1	Q00973	RHEA:12588	UDP-N-acetyl-alpha-D-galactosamine; a ganglioside GM2 (d18:1(4E)); a ganglioside GM3 (d18:1(4E))	ceramide biosynthetic process; ceramide metabolic process; ganglioside biosynthetic process; ganglioside metabolic process; glycolipid biosynthetic process; glycolipid metabolic process; glycosphingolipid biosynthetic process; glycosphingolipid metabolic process; liposaccharide metabolic process	4
AMPD3	Q01432	RHEA:14777	IMP	ADP catabolic process; ADP metabolic process; AMP catabolic process; AMP metabolic process; GTP metabolic process; IMP biosynthetic process; IMP metabolic process; IMP salvage; metabolic compound salvage; nucleoside diphosphate catabolic process; nucleoside diphosphate metabolic process; nucleoside monophosphate biosynthetic process; nucleoside monophosphate catabolic process; nucleoside phosphate catabolic process; nucleotide catabolic process; nucleotide salvage; purine nucleoside diphosphate catabolic process; purine nucleoside diphosphate metabolic process; purine nucleoside monophosphate biosynthetic process; purine nucleoside monophosphate catabolic process; purine nucleoside monophosphate metabolic process; purine nucleotide catabolic process; purine nucleotide salvage; purine ribonucleoside diphosphate catabolic process; purine ribonucleoside diphosphate metabolic process; purine ribonucleoside monophosphate biosynthetic process; purine ribonucleoside monophosphate catabolic process; purine ribonucleoside monophosphate metabolic process; purine ribonucleotide catabolic process; purine ribonucleotide salvage; purine-containing compound catabolic process; purine-containing compound salvage; ribonucleoside diphosphate catabolic process; ribonucleoside diphosphate metabolic process; ribonucleoside monophosphate biosynthetic process; ribonucleoside monophosphate catabolic process; ribonucleotide catabolic process	7
AMPD2	Q01433	RHEA:14777	IMP	AMP metabolic process; GMP biosynthetic process; GMP metabolic process; GMP salvage; GTP metabolic process; IMP biosynthetic process; IMP metabolic process; IMP salvage; cyclic nucleotide metabolic process; cyclic purine nucleotide metabolic process; metabolic compound salvage; nucleoside monophosphate biosynthetic process; nucleotide salvage; purine nucleoside monophosphate biosynthetic process; purine nucleoside monophosphate metabolic process; purine nucleotide salvage; purine ribonucleoside monophosphate biosynthetic process; purine ribonucleoside monophosphate metabolic process; purine ribonucleotide salvage; purine-containing compound salvage; ribonucleoside monophosphate biosynthetic process	7
HMGCS1	Q01581	RHEA:10188	(3S)-3-hydroxy-3-methylglutaryl-CoA; acetoacetyl-CoA; acetyl-CoA	acetyl-CoA metabolic process; acyl-CoA metabolic process; cholesterol biosynthetic process; cholesterol metabolic process; geranylgeranyl diphosphate biosynthetic process; geranylgeranyl diphosphate metabolic process; isopentenyl diphosphate biosynthetic process; isopentenyl diphosphate biosynthetic process, mevalonate pathway; isopentenyl diphosphate metabolic process; isoprenoid biosynthetic process; isoprenoid metabolic process; secondary alcohol biosynthetic process; secondary alcohol metabolic process; steroid biosynthetic process; sterol biosynthetic process; sterol metabolic process; terpenoid biosynthetic process; terpenoid metabolic process; zymosterol biosynthetic process; zymosterol metabolic process	31
ATP2B2	Q01814	RHEA:13065;RHEA:18105			0
ROR1	Q01973	RHEA:10596			0
DHODH	Q02127	RHEA:18073;RHEA:30187	(S)-dihydroorotate; orotate	'de novo' CTP biosynthetic process; 'de novo' UMP biosynthetic process; 'de novo' pyrimidine nucleobase biosynthetic process; CTP biosynthetic process; CTP metabolic process; UDP biosynthetic process; UDP metabolic process; UMP biosynthetic process; UMP metabolic process; nucleobase biosynthetic process; nucleobase metabolic process; nucleoside diphosphate biosynthetic process; nucleoside diphosphate metabolic process; nucleoside monophosphate biosynthetic process; pyrimidine nucleobase biosynthetic process; pyrimidine nucleobase metabolic process; pyrimidine nucleoside diphosphate biosynthetic process; pyrimidine nucleoside diphosphate metabolic process; pyrimidine nucleoside monophosphate biosynthetic process; pyrimidine nucleoside monophosphate metabolic process; pyrimidine nucleoside triphosphate biosynthetic process; pyrimidine nucleoside triphosphate metabolic process; pyrimidine nucleotide biosynthetic process; pyrimidine nucleotide metabolic process; pyrimidine ribonucleoside diphosphate biosynthetic process; pyrimidine ribonucleoside diphosphate metabolic process; pyrimidine ribonucleoside monophosphate biosynthetic process; pyrimidine ribonucleoside monophosphate metabolic process; pyrimidine ribonucleoside triphosphate biosynthetic process; pyrimidine ribonucleoside triphosphate metabolic process; pyrimidine ribonucleotide biosynthetic process; pyrimidine ribonucleotide metabolic process; pyrimidine-containing compound biosynthetic process; pyrimidine-containing compound metabolic process; ribonucleoside diphosphate biosynthetic process; ribonucleoside diphosphate metabolic process; ribonucleoside monophosphate biosynthetic process	2
CYP27A1	Q02318	RHEA:32903;RHEA:34631;RHEA:43836	(25R)-3alpha,7alpha,12alpha-trihydroxy-5beta-cholestan-26-oate; 26-hydroxycholesterol; 5beta-cholestane-3alpha,7alpha,12alpha-triol; calcidiol; calciol; cholesterol	alcohol catabolic process; bile acid biosynthetic process; bile acid metabolic process; cholesterol catabolic process; cholesterol metabolic process; fat-soluble vitamin biosynthetic process; polyol biosynthetic process; polyol metabolic process; secondary alcohol metabolic process; steroid biosynthetic process; steroid catabolic process; sterol catabolic process; sterol metabolic process; vitamin D biosynthetic process; vitamin D metabolic process; vitamin D3 biosynthetic process; vitamin biosynthetic process; vitamin metabolic process	8
BDH1	Q02338	RHEA:20521	(R)-3-hydroxybutanoate; acetoacetate	ketone biosynthetic process; ketone catabolic process; ketone metabolic process	3
GCNT1	Q02742	RHEA:18705	UDP-N-acetyl-alpha-D-glucosamine; a beta-D-galactosyl-(1->3)-N-acetyl-alpha-D-galactosaminyl derivative; a beta-D-galactosyl-(1->3)-[N-acetyl-beta-D-glucosaminyl-(1->6)]-N-acetyl-alpha-D-galactosaminyl derivative	glycoprotein biosynthetic process; protein O-linked glycosylation; protein O-linked glycosylation via N-acetylgalactosamine	13
FKBP4	Q02790	RHEA:16237		protein folding	0
PTS	Q03393	RHEA:22048	6-pyruvoyl-5,6,7,8-tetrahydropterin; 7,8-dihydroneopterin 3'-triphosphate; triphosphate	diol biosynthetic process; diol metabolic process; polyol biosynthetic process; polyol metabolic process; pteridine-containing compound biosynthetic process; pteridine-containing compound metabolic process; tetrahydrobiopterin biosynthetic process; tetrahydrobiopterin metabolic process	1
MVK	Q03426	RHEA:17065	(R)-5-phosphomevalonate; (R)-mevalonate	acetyl-CoA metabolic process; acyl-CoA metabolic process; cholesterol biosynthetic process; cholesterol metabolic process; geranylgeranyl diphosphate biosynthetic process; geranylgeranyl diphosphate metabolic process; isopentenyl diphosphate biosynthetic process; isopentenyl diphosphate biosynthetic process, mevalonate pathway; isopentenyl diphosphate metabolic process; isoprenoid biosynthetic process; isoprenoid metabolic process; secondary alcohol biosynthetic process; secondary alcohol metabolic process; steroid biosynthetic process; sterol biosynthetic process; sterol metabolic process; terpenoid biosynthetic process; terpenoid metabolic process; zymosterol biosynthetic process; zymosterol metabolic process	2
GLO1	Q04760	RHEA:19069	(R)-S-lactoylglutathione; glutathione; methylglyoxal	aldehyde metabolic process; glutathione metabolic process; ketone metabolic process; methylglyoxal metabolic process	10
LIPE	Q05469	RHEA:10100;RHEA:11552;RHEA:12044;RHEA:13933;RHEA:15245;RHEA:21508;RHEA:32731	a 1-O-alkyl-2-acetyl-sn-glycerol; a 1-O-alkyl-sn-glycerol; a diacylglycerol; a fatty acid; a monoacylglycerol; a sterol; a sterol ester; a triacylglycerol; acetate; all-trans-retinol; all-trans-retinyl hexadecanoate; glycerol; hexadecanoate; retinol	acylglycerol catabolic process; acylglycerol metabolic process; cholesterol metabolic process; diacylglycerol catabolic process; diacylglycerol metabolic process; diterpenoid metabolic process; ether lipid metabolic process; glycerolipid catabolic process; hormone metabolic process; isoprenoid metabolic process; neutral lipid catabolic process; neutral lipid metabolic process; olefinic compound metabolic process; phosphorylation; primary alcohol metabolic process; protein phosphorylation; retinoid metabolic process; retinol metabolic process; secondary alcohol metabolic process; sterol metabolic process; terpenoid metabolic process; triglyceride catabolic process; triglyceride metabolic process	36
PTPN11	Q06124	RHEA:10684		dephosphorylation; peptidyl-tyrosine dephosphorylation; protein dephosphorylation	0
KDSR	Q06136	RHEA:22640	3-oxosphinganine; sphinganine	ceramide biosynthetic process; ceramide metabolic process; glycolipid biosynthetic process; glycolipid metabolic process; glycosphingolipid biosynthetic process; glycosphingolipid metabolic process; liposaccharide metabolic process; sphingomyelin biosynthetic process; sphingomyelin metabolic process	5
PPAT	Q06203	RHEA:14905	5-phospho-alpha-D-ribose 1-diphosphate; 5-phospho-beta-D-ribosylamine	'de novo' AMP biosynthetic process; 'de novo' IMP biosynthetic process; 'de novo' XMP biosynthetic process; AMP biosynthetic process; AMP metabolic process; GMP biosynthetic process; GMP metabolic process; IMP biosynthetic process; IMP metabolic process; XMP biosynthetic process; XMP metabolic process; nucleobase biosynthetic process; nucleobase metabolic process; nucleoside monophosphate biosynthetic process; purine nucleobase biosynthetic process; purine nucleobase metabolic process; purine nucleoside monophosphate biosynthetic process; purine nucleoside monophosphate metabolic process; purine ribonucleoside monophosphate biosynthetic process; purine ribonucleoside monophosphate metabolic process; ribonucleoside monophosphate biosynthetic process	8
GFPT1	Q06210	RHEA:13237	D-fructose 6-phosphate; D-glucosamine 6-phosphate	UDP-N-acetylglucosamine biosynthetic process; UDP-N-acetylglucosamine metabolic process; amino sugar biosynthetic process; amino sugar metabolic process; energy reserve metabolic process; fructose 6-phosphate metabolic process; nucleotide-sugar biosynthetic process; nucleotide-sugar metabolic process	4
RAD51	Q06609	RHEA:13065		DNA metabolic process; DNA recombinase assembly; DNA recombination; DNA repair; DNA replication; DNA strand invasion; DNA-templated DNA replication; DNA-templated DNA replication maintenance of fidelity; cell cycle DNA replication; cell cycle DNA replication maintenance of fidelity; double-strand break repair; double-strand break repair involved in meiotic recombination; double-strand break repair via homologous recombination; double-strand break repair via synthesis-dependent strand annealing; homologous recombination; interstrand cross-link repair; mitotic DNA replication; mitotic DNA replication maintenance of fidelity; mitotic recombination; mitotic recombination-dependent replication fork processing; nuclear DNA replication; reciprocal homologous recombination; reciprocal meiotic recombination; recombinational repair; replication fork processing; telomere maintenance; telomere maintenance via recombination; telomere maintenance via telomere lengthening	0
LOXL1	Q08397	RHEA:24544		protein deamination	0
EHHADH	Q08426	RHEA:22432;RHEA:33767;RHEA:45900;RHEA:52656	a (2E)-enoyl-CoA; a (3S)-3-hydroxyacyl-CoA; a (3Z)-enoyl-CoA; a 3-hydroxy-fatty acyl-CoA; a 3-oxoacyl-CoA; a 4-saturated (2E)-enoyl-CoA; a long-chain (3S)-3-hydroxy fatty acyl-CoA; a long-chain 3-oxo-fatty acyl-CoA	fatty acid beta-oxidation; fatty acid beta-oxidation using acyl-CoA oxidase; fatty acid biosynthetic process; fatty acid catabolic process; fatty acid oxidation; lipid modification; lipid oxidation	25
NSUN2	Q08J23	RHEA:61464;RHEA:61468		RNA biosynthetic process; RNA metabolic process; RNA methylation; RNA modification; RNA processing; mRNA metabolic process; mRNA processing; macromolecule methylation; methylation; nucleic acid biosynthetic process; rRNA metabolic process; rRNA processing; tRNA C5-cytosine methylation; tRNA metabolic process; tRNA methylation; tRNA modification; tRNA processing; tRNA wobble base cytosine methylation; tRNA wobble base modification; tRNA wobble cytosine modification	0
ABCC8	Q09428	RHEA:13065			0
HSPA14	Q0VDF9	RHEA:13065		'de novo' cotranslational protein folding; 'de novo' protein folding; protein folding; protein refolding	0
KIF1A	Q12756	RHEA:13065			0
DPYD	Q12882	RHEA:18093	5,6-dihydrouracil; uracil	2'-deoxyribonucleotide metabolic process; CMP catabolic process; CMP metabolic process; TMP catabolic process; TMP metabolic process; UMP catabolic process; UMP metabolic process; amino acid biosynthetic process; beta-alanine biosynthetic process; dCMP catabolic process; dCMP metabolic process; dUMP catabolic process; dUMP metabolic process; deoxyribonucleoside monophosphate catabolic process; deoxyribose phosphate catabolic process; non-proteinogenic amino acid biosynthetic process; non-proteinogenic amino acid metabolic process; nucleobase catabolic process; nucleobase metabolic process; nucleoside monophosphate catabolic process; nucleoside phosphate catabolic process; nucleotide catabolic process; purine nucleobase catabolic process; purine nucleobase metabolic process; purine-containing compound catabolic process; pyrimidine deoxyribonucleoside monophosphate catabolic process; pyrimidine deoxyribonucleoside monophosphate metabolic process; pyrimidine deoxyribonucleotide catabolic process; pyrimidine deoxyribonucleotide metabolic process; pyrimidine nucleobase catabolic process; pyrimidine nucleobase metabolic process; pyrimidine nucleoside monophosphate catabolic process; pyrimidine nucleoside monophosphate metabolic process; pyrimidine nucleotide catabolic process; pyrimidine nucleotide metabolic process; pyrimidine ribonucleoside monophosphate catabolic process; pyrimidine ribonucleoside monophosphate metabolic process; pyrimidine ribonucleotide catabolic process; pyrimidine ribonucleotide metabolic process; pyrimidine-containing compound catabolic process; pyrimidine-containing compound metabolic process; ribonucleoside monophosphate catabolic process; ribonucleotide catabolic process; thymine catabolic process; thymine metabolic process; uracil catabolic process; uracil metabolic process; xenobiotic catabolic process; xenobiotic metabolic process	4
COX10	Q12887	RHEA:17653;RHEA:28070	(2E,6E)-farnesyl diphosphate; (2E,6E,10E)-geranylgeranyl diphosphate; Fe(II)-heme o; heme b; isopentenyl diphosphate	heme A biosynthetic process; heme biosynthetic process; heme metabolic process; pigment biosynthetic process; pigment metabolic process; porphyrin-containing compound biosynthetic process; porphyrin-containing compound metabolic process; tetrapyrrole biosynthetic process; tetrapyrrole metabolic process	16
COASY	Q13057	RHEA:18245;RHEA:19801	(R)-4'-phosphopantetheine; 3'-dephospho-CoA	coenzyme A biosynthetic process; coenzyme A metabolic process	1
ACACA	Q13085	RHEA:11308	acetyl-CoA; malonyl-CoA	acetyl-CoA metabolic process; acyl-CoA biosynthetic process; acyl-CoA metabolic process; fatty acid biosynthetic process; fatty acid derivative biosynthetic process; fatty acid derivative metabolic process; fatty-acyl-CoA biosynthetic process; fatty-acyl-CoA metabolic process; malonyl-CoA biosynthetic process; malonyl-CoA metabolic process	35
PRDX4	Q13162	RHEA:10008;RHEA:62620	a hydroperoxide; an alcohol	I-kappaB phosphorylation; hydrogen peroxide catabolic process; hydrogen peroxide metabolic process; phosphorylation; protein phosphorylation; reactive oxygen species metabolic process	4
ATM	Q13315	RHEA:12709;RHEA:17989	a 1,2-diacyl-sn-glycero-3-phospho-(1D-myo-inositol); a 1,2-diacyl-sn-glycero-3-phospho-(1D-myo-inositol-3-phosphate)	DNA double-strand break processing; DNA metabolic process; DNA recombination; DNA repair; RNA catabolic process; RNA metabolic process; autophagy; autophagy of peroxisome; double-strand break repair; double-strand break repair via homologous recombination; double-strand break repair via nonhomologous end joining; glycerophospholipid biosynthetic process; histone mRNA catabolic process; histone mRNA metabolic process; homologous recombination; mRNA catabolic process; mRNA metabolic process; macroautophagy; macromolecule catabolic process; nuclear-transcribed mRNA catabolic process; nucleic acid catabolic process; peptidyl-serine autophosphorylation; peptidyl-serine phosphorylation; pexophagy; phosphatidylinositol phosphate biosynthetic process; phosphatidylinositol-3-phosphate biosynthetic process; phosphorylation; protein autophosphorylation; protein phosphorylation; reciprocal homologous recombination; reciprocal meiotic recombination; recombinational repair; telomere maintenance	9
FKBP5	Q13451	RHEA:16237		protein folding	0
ASAH1	Q13510	RHEA:20856	a fatty acid; an N-acylsphing-4-enine; sphing-4-enine	ceramide biosynthetic process; ceramide catabolic process; ceramide metabolic process; diol biosynthetic process; diol metabolic process; phospholipid catabolic process; polyol biosynthetic process; polyol metabolic process; sphingoid biosynthetic process; sphingoid metabolic process; sphingolipid catabolic process; sphingomyelin catabolic process; sphingomyelin metabolic process; sphingosine biosynthetic process; sphingosine metabolic process	37
PEX6	Q13608	RHEA:13065		protein import into peroxisome matrix, receptor recycling; receptor metabolic process; receptor recycling	0
ALKBH1	Q13686	RHEA:30299;RHEA:49524;RHEA:54144;RHEA:66592	(sulfur carrier)-H; formaldehyde; succinate	DNA metabolic process; DNA repair; RNA biosynthetic process; RNA metabolic process; RNA modification; RNA processing; demethylation; nucleic acid biosynthetic process; oxidative RNA demethylation; oxidative demethylation; regulation of translational initiation by tRNA modification; tRNA metabolic process; tRNA modification; tRNA processing; tRNA wobble base modification; tRNA wobble cytosine modification	15
AUH	Q13825	RHEA:13785;RHEA:21536	(3S)-3-hydroxy-3-methylglutaryl-CoA; (3S)-citramalyl-CoA; 3-methyl-(2E)-glutaconyl-CoA; itaconyl-CoA	L-leucine catabolic process; L-leucine metabolic process; branched-chain amino acid catabolic process; branched-chain amino acid metabolic process; fatty acid beta-oxidation; fatty acid catabolic process; fatty acid oxidation; lipid modification; lipid oxidation; metabolite repair; toxic metabolite repair	7
IDI1	Q13907	RHEA:23284	dimethylallyl diphosphate; isopentenyl diphosphate	cholesterol biosynthetic process; cholesterol metabolic process; dimethylallyl diphosphate biosynthetic process; dimethylallyl diphosphate metabolic process; geranylgeranyl diphosphate biosynthetic process; geranylgeranyl diphosphate metabolic process; isopentenyl diphosphate biosynthetic process; isopentenyl diphosphate metabolic process; isoprenoid biosynthetic process; isoprenoid metabolic process; secondary alcohol biosynthetic process; secondary alcohol metabolic process; steroid biosynthetic process; sterol biosynthetic process; sterol metabolic process; terpenoid biosynthetic process; terpenoid metabolic process; zymosterol biosynthetic process; zymosterol metabolic process	9
BAAT	Q14032	RHEA:14001;RHEA:14541;RHEA:16781;RHEA:19869;RHEA:67072;RHEA:67680;RHEA:68184;RHEA:70423	a carboxylate; a fatty acid; a fatty acyl-CoA; a long-chain fatty acid; a long-chain fatty acyl-CoA; a medium-chain fatty acid; a medium-chain fatty acyl-CoA; a very long-chain fatty acid; a very long-chain fatty acyl-CoA; an N-acylglycine; an acyl-CoA; cholate; choloyl-CoA; glycine; glycocholate	acyl-CoA metabolic process; alkanesulfonate metabolic process; bile acid biosynthetic process; bile acid conjugation; bile acid metabolic process; glycine metabolic process; taurine metabolic process	61
DPYS	Q14117	RHEA:16121	3-(carbamoylamino)propanoate; 5,6-dihydrouracil	2'-deoxyribonucleotide metabolic process; CMP catabolic process; CMP metabolic process; UMP catabolic process; UMP metabolic process; dCMP catabolic process; dCMP metabolic process; dUMP catabolic process; dUMP metabolic process; deoxyribonucleoside monophosphate catabolic process; deoxyribose phosphate catabolic process; nucleobase catabolic process; nucleobase metabolic process; nucleoside monophosphate catabolic process; nucleoside phosphate catabolic process; nucleotide catabolic process; pyrimidine deoxyribonucleoside monophosphate catabolic process; pyrimidine deoxyribonucleoside monophosphate metabolic process; pyrimidine deoxyribonucleotide catabolic process; pyrimidine deoxyribonucleotide metabolic process; pyrimidine nucleobase catabolic process; pyrimidine nucleobase metabolic process; pyrimidine nucleoside monophosphate catabolic process; pyrimidine nucleoside monophosphate metabolic process; pyrimidine nucleotide catabolic process; pyrimidine nucleotide metabolic process; pyrimidine ribonucleoside monophosphate catabolic process; pyrimidine ribonucleoside monophosphate metabolic process; pyrimidine ribonucleotide catabolic process; pyrimidine ribonucleotide metabolic process; pyrimidine-containing compound catabolic process; pyrimidine-containing compound metabolic process; ribonucleoside monophosphate catabolic process; ribonucleotide catabolic process; thymine catabolic process; thymine metabolic process; uracil catabolic process; uracil metabolic process	3
MORC3	Q14149	RHEA:13065		peptidyl-serine phosphorylation; phosphorylation; protein phosphorylation	0
FKBP8	Q14318	RHEA:16237		protein folding	0
GAMT	Q14353	RHEA:10656	creatine; guanidinoacetate	creatine biosynthetic process; creatine metabolic process; modified amino acid biosynthetic process	6
GALE	Q14376	RHEA:20517;RHEA:22168	UDP-N-acetyl-alpha-D-galactosamine; UDP-N-acetyl-alpha-D-glucosamine; UDP-alpha-D-galactose; UDP-alpha-D-glucose	beta-D-galactose catabolic process via UDP-galactose, Leloir pathway; carbohydrate catabolic process; galactose catabolic process; galactose metabolic process; hexose catabolic process; hexose metabolic process; monosaccharide catabolic process; monosaccharide metabolic process	31
SQLE	Q14534	RHEA:25282	(S)-2,3-epoxysqualene; squalene	cholesterol biosynthetic process; cholesterol metabolic process; secondary alcohol biosynthetic process; secondary alcohol metabolic process; steroid biosynthetic process; sterol biosynthetic process; sterol metabolic process; zymosterol biosynthetic process; zymosterol metabolic process	1
LPIN1	Q14693	RHEA:27429	a 1,2-diacyl-sn-glycero-3-phosphate; a 1,2-diacyl-sn-glycerol	acylglycerol biosynthetic process; acylglycerol metabolic process; fatty acid catabolic process; neutral lipid biosynthetic process; neutral lipid metabolic process; phosphatidylethanolamine metabolic process; triglyceride biosynthetic process; triglyceride metabolic process; triglyceride mobilization	20
GNMT	Q14749	RHEA:19937	glycine; sarcosine	L-methionine cycle; L-methionine metabolic process; S-adenosylmethionine metabolic process; homocysteine metabolic process; non-proteinogenic amino acid metabolic process; nucleoside metabolic process; one-carbon metabolic process; purine nucleoside metabolic process; purine ribonucleoside metabolic process; ribonucleoside metabolic process; sulfur amino acid metabolic process	11
NAA30	Q147X3	RHEA:21028;RHEA:75239	N-terminal L-methionyl-[peptide]; acetyl-CoA		28
ACOX1	Q15067	RHEA:38959;RHEA:78847;RHEA:78851;RHEA:78855	a (2E)-enoyl-CoA; a 2,3-saturated acyl-CoA; a long-chain (2E)-enoyl-CoA; a long-chain 2,3-saturated fatty acyl-CoA; a medium-chain (2E)-enoyl-CoA; a medium-chain 2,3-saturated fatty acyl-CoA; a very-long-chain (2E)-enoyl-CoA; a very-long-chain 2,3-saturated fatty acyl-CoA	fatty acid beta-oxidation; fatty acid beta-oxidation using acyl-CoA oxidase; fatty acid catabolic process; fatty acid oxidation; hydrogen peroxide biosynthetic process; hydrogen peroxide metabolic process; icosanoid metabolic process; lipid modification; lipid oxidation; prostaglandin metabolic process; prostanoid metabolic process; reactive oxygen species biosynthetic process; reactive oxygen species metabolic process; unsaturated fatty acid metabolic process; very long-chain fatty acid beta-oxidation; very long-chain fatty acid catabolic process; very long-chain fatty acid metabolic process	18
EBP	Q15125	RHEA:14709;RHEA:15281;RHEA:33435	5alpha-cholest-8-en-3beta-ol; a 3-oxo-Delta(4)-steroid; a 3-oxo-Delta(5)-steroid; episterol; fecosterol; lathosterol	cholesterol biosynthetic process; cholesterol metabolic process; secondary alcohol biosynthetic process; secondary alcohol metabolic process; steroid biosynthetic process; sterol biosynthetic process; sterol metabolic process	5
PMVK	Q15126	RHEA:16341	(R)-5-diphosphomevalonate; (R)-5-phosphomevalonate	acetyl-CoA metabolic process; acyl-CoA metabolic process; cholesterol biosynthetic process; cholesterol metabolic process; geranylgeranyl diphosphate biosynthetic process; geranylgeranyl diphosphate metabolic process; isopentenyl diphosphate biosynthetic process; isopentenyl diphosphate biosynthetic process, mevalonate pathway; isopentenyl diphosphate metabolic process; isoprenoid biosynthetic process; isoprenoid metabolic process; secondary alcohol biosynthetic process; secondary alcohol metabolic process; steroid biosynthetic process; sterol biosynthetic process; sterol metabolic process; terpenoid biosynthetic process; terpenoid metabolic process; zymosterol biosynthetic process; zymosterol metabolic process	2
PTGES3	Q15185	RHEA:12893	prostaglandin E2; prostaglandin H2	DNA biosynthetic process; DNA metabolic process; RNA-templated DNA biosynthetic process; arachidonate metabolic process; cyclooxygenase pathway; fatty acid biosynthetic process; icosanoid biosynthetic process; icosanoid metabolic process; long-chain fatty acid metabolic process; nucleic acid biosynthetic process; olefinic compound metabolic process; prostaglandin biosynthetic process; prostaglandin metabolic process; prostanoid biosynthetic process; prostanoid metabolic process; protein folding; telomere maintenance; telomere maintenance via telomerase; telomere maintenance via telomere lengthening; unsaturated fatty acid biosynthetic process; unsaturated fatty acid metabolic process	0
QPRT	Q15274	RHEA:12733	5-phospho-alpha-D-ribose 1-diphosphate; nicotinate beta-D-ribonucleotide; quinolinate	'de novo' NAD+ biosynthetic process from L-tryptophan; NAD+ biosynthetic process; NAD+ metabolic process; aromatic amino acid metabolic process; dicarboxylic acid catabolic process; dicarboxylic acid metabolic process; indole-containing compound metabolic process; nicotinamide nucleotide biosynthetic process; pyridine nucleotide biosynthetic process; pyridine-containing compound biosynthetic process; pyridine-containing compound catabolic process; quinolinate catabolic process; quinolinate metabolic process	13
DHCR24	Q15392	RHEA:13685;RHEA:18501	5alpha-cholesta-7,24-dien-3beta-ol; ergosta-5,7,22,24(28)-tetraen-3beta-ol; ergosterol; lathosterol	cholesterol biosynthetic process; cholesterol metabolic process; secondary alcohol biosynthetic process; secondary alcohol metabolic process; steroid biosynthetic process; sterol biosynthetic process; sterol metabolic process	1
SHH	Q15465	RHEA:59504	cholesterol	androgen metabolic process; hormone metabolic process; intein-mediated protein splicing; protein autoprocessing; protein processing; protein splicing; proteolysis	8
SURF1	Q15526	RHEA:11436			0
NSDHL	Q15738	RHEA:34775	a 3-oxosteroid; a 3beta-hydroxysteroid-4alpha-carboxylate	cholesterol biosynthetic process; cholesterol metabolic process; secondary alcohol biosynthetic process; secondary alcohol metabolic process; steroid biosynthetic process; sterol biosynthetic process; sterol metabolic process; zymosterol biosynthetic process; zymosterol metabolic process	1
MSMO1	Q15800	RHEA:55220	4,4-dimethyl-5alpha-cholest-7-en-3beta-ol; 4alpha-carboxy-4beta-methyl-5alpha-cholest-7-ene-3beta-ol	cholesterol biosynthetic process; cholesterol metabolic process; secondary alcohol biosynthetic process; secondary alcohol metabolic process; steroid biosynthetic process; sterol biosynthetic process; sterol metabolic process; zymosterol biosynthetic process; zymosterol metabolic process	1
ETFDH	Q16134	RHEA:24052		electron transport chain; fatty acid beta-oxidation; fatty acid beta-oxidation using acyl-CoA dehydrogenase; fatty acid catabolic process; fatty acid oxidation; lipid modification; lipid oxidation; respiratory electron transport chain	0
UAP1	Q16222	RHEA:13509;RHEA:34363;RHEA:64104	1D-myo-inositol hexakisphosphate; 5-diphospho-1D-myo-inositol 1,2,3,4,6-pentakisphosphate; N-acetyl-alpha-D-galactosamine 1-phosphate; N-acetyl-alpha-D-glucosamine 1-phosphate; UDP-N-acetyl-alpha-D-galactosamine; UDP-N-acetyl-alpha-D-glucosamine	UDP-N-acetylglucosamine biosynthetic process; UDP-N-acetylglucosamine metabolic process; amino sugar biosynthetic process; amino sugar metabolic process; nucleotide-sugar biosynthetic process; nucleotide-sugar metabolic process	15
RPE65	Q16518	RHEA:19141;RHEA:31771;RHEA:31775;RHEA:32887	11-cis-retinol; a fatty acid; all-trans-beta-carotene; all-trans-retinal; all-trans-retinol; all-trans-retinyl hexadecanoate; an all-trans-retinyl ester; hexadecanoate	aldehyde metabolic process; carotenoid biosynthetic process; carotenoid metabolic process; diterpenoid metabolic process; hormone metabolic process; isoprenoid biosynthetic process; isoprenoid metabolic process; olefinic compound metabolic process; pigment biosynthetic process; pigment metabolic process; primary alcohol metabolic process; retinal metabolic process; retinoid metabolic process; retinol metabolic process; terpenoid biosynthetic process; terpenoid metabolic process; tetraterpenoid biosynthetic process; vitamin A metabolic process; xanthophyll biosynthetic process; xanthophyll metabolic process; zeaxanthin biosynthetic process	27
DPYSL2	Q16555	RHEA:16121	3-(carbamoylamino)propanoate; 5,6-dihydrouracil		3
FXN	Q16595	RHEA:11148		heme biosynthetic process; heme metabolic process; pigment biosynthetic process; pigment metabolic process; porphyrin-containing compound biosynthetic process; porphyrin-containing compound metabolic process; protein autoprocessing; protein processing; proteolysis; tetrapyrrole biosynthetic process; tetrapyrrole metabolic process	0
AANAT	Q16613	RHEA:16613;RHEA:20497	a 2-arylethylamine; acetyl-CoA; an N-acetyl-2-arylethylamine; an N-acetylarylamine; an arylamine	N-terminal protein amino acid acetylation; N-terminal protein amino acid modification; amine biosynthetic process; amine metabolic process; biogenic amine biosynthetic process; biogenic amine metabolic process; hormone biosynthetic process; hormone metabolic process; indolalkylamine biosynthetic process; indole-containing compound biosynthetic process; indole-containing compound metabolic process; melatonin biosynthetic process; melatonin metabolic process; protein acetylation; protein acylation	28
NDUFA5	Q16718	RHEA:29091		ATP biosynthetic process; ATP synthesis coupled electron transport; aerobic electron transport chain; electron transport chain; mitochondrial ATP synthesis coupled electron transport; mitochondrial electron transport, NADH to ubiquinone; proton motive force-driven ATP synthesis; proton motive force-driven mitochondrial ATP synthesis; purine nucleoside triphosphate biosynthetic process; purine ribonucleoside triphosphate biosynthetic process; respiratory electron transport chain	0
UGCG	Q16739	RHEA:12088	UDP-alpha-D-glucose; a beta-D-glucosyl-(1<->1')-N-acylsphing-4-enine; an N-acylsphing-4-enine	ceramide biosynthetic process; ceramide metabolic process; glucosylceramide biosynthetic process; glucosylceramide metabolic process; glycolipid biosynthetic process; glycolipid metabolic process; glycosphingolipid biosynthetic process; glycosphingolipid metabolic process; glycosylceramide metabolic process; lipoprotein biosynthetic process; lipoprotein metabolic process; liposaccharide metabolic process; protein lipidation	30
NDUFA9	Q16795	RHEA:11356;RHEA:29091		ATP biosynthetic process; ATP synthesis coupled electron transport; aerobic electron transport chain; electron transport chain; ketone biosynthetic process; ketone metabolic process; mitochondrial ATP synthesis coupled electron transport; mitochondrial electron transport, NADH to ubiquinone; proton motive force-driven ATP synthesis; proton motive force-driven mitochondrial ATP synthesis; purine nucleoside triphosphate biosynthetic process; purine ribonucleoside triphosphate biosynthetic process; quinone biosynthetic process; quinone metabolic process; respiratory electron transport chain; ubiquinone biosynthetic process; ubiquinone metabolic process	0
UPP1	Q16831	RHEA:16037;RHEA:22824;RHEA:24388	2'-deoxyuridine; 2-deoxy-alpha-D-ribose 1-phosphate; alpha-D-ribose 1-phosphate; thymidine; thymine; uracil; uridine	2'-deoxyribonucleotide metabolic process; CMP catabolic process; CMP metabolic process; UMP biosynthetic process; UMP catabolic process; UMP metabolic process; UMP salvage; dCMP catabolic process; dCMP metabolic process; dTMP catabolic process; dTMP metabolic process; dUMP catabolic process; dUMP metabolic process; deoxyribonucleoside monophosphate catabolic process; deoxyribose phosphate catabolic process; glycosyl compound catabolic process; metabolic compound salvage; nucleobase-containing small molecule catabolic process; nucleoside catabolic process; nucleoside metabolic process; nucleoside monophosphate biosynthetic process; nucleoside monophosphate catabolic process; nucleoside phosphate catabolic process; nucleotide catabolic process; nucleotide salvage; pyrimidine deoxyribonucleoside monophosphate catabolic process; pyrimidine deoxyribonucleoside monophosphate metabolic process; pyrimidine deoxyribonucleotide catabolic process; pyrimidine deoxyribonucleotide metabolic process; pyrimidine nucleoside catabolic process; pyrimidine nucleoside metabolic process; pyrimidine nucleoside monophosphate biosynthetic process; pyrimidine nucleoside monophosphate catabolic process; pyrimidine nucleoside monophosphate metabolic process; pyrimidine nucleotide biosynthetic process; pyrimidine nucleotide catabolic process; pyrimidine nucleotide metabolic process; pyrimidine nucleotide salvage; pyrimidine ribonucleoside catabolic process; pyrimidine ribonucleoside metabolic process; pyrimidine ribonucleoside monophosphate biosynthetic process; pyrimidine ribonucleoside monophosphate catabolic process; pyrimidine ribonucleoside monophosphate metabolic process; pyrimidine ribonucleotide biosynthetic process; pyrimidine ribonucleotide catabolic process; pyrimidine ribonucleotide metabolic process; pyrimidine ribonucleotide salvage; pyrimidine-containing compound biosynthetic process; pyrimidine-containing compound catabolic process; pyrimidine-containing compound metabolic process; pyrimidine-containing compound salvage; ribonucleoside catabolic process; ribonucleoside metabolic process; ribonucleoside monophosphate biosynthetic process; ribonucleoside monophosphate catabolic process; ribonucleotide catabolic process; uridine catabolic process; uridine metabolic process	8
HADH	Q16836	RHEA:22432;RHEA:52656	a (3S)-3-hydroxyacyl-CoA; a 3-oxoacyl-CoA; a long-chain (3S)-3-hydroxy fatty acyl-CoA; a long-chain 3-oxo-fatty acyl-CoA	fatty acid beta-oxidation; fatty acid catabolic process; fatty acid oxidation; lipid modification; lipid oxidation	10
CYP51A1	Q16850	RHEA:54028	a 14alpha-methyl steroid; a Delta(14) steroid; formate	cholesterol biosynthetic process; cholesterol metabolic process; secondary alcohol biosynthetic process; secondary alcohol metabolic process; steroid biosynthetic process; sterol biosynthetic process; sterol metabolic process; zymosterol biosynthetic process; zymosterol metabolic process	4
UGP2	Q16851	RHEA:13205;RHEA:19889	UDP-alpha-D-glucose; a UDP-monosaccharide; a monosaccharide 1-phosphate; alpha-D-glucose 1-phosphate	UDP-alpha-D-glucose metabolic process; carbohydrate biosynthetic process; energy reserve metabolic process; glucan biosynthetic process; glucan metabolic process; glycogen biosynthetic process; glycogen metabolic process; nucleotide-sugar metabolic process; polysaccharide biosynthetic process; polysaccharide metabolic process	11
DGUOK	Q16854	RHEA:12140;RHEA:19201;RHEA:20061;RHEA:23452	2'-deoxyadenosine; 2'-deoxycytidine; 2'-deoxyguanosine; a 2'-deoxyribonucleoside; a 2'-deoxyribonucleoside 5'-phosphate; a ribonucleoside 5'-diphosphate; a ribonucleoside 5'-triphosphate; dAMP; dCMP; dGMP	2'-deoxyribonucleotide biosynthetic process; 2'-deoxyribonucleotide metabolic process; ATP synthesis coupled electron transport; dAMP biosynthetic process; dAMP metabolic process; dAMP salvage; deoxyribonucleoside monophosphate biosynthetic process; deoxyribose phosphate biosynthetic process; electron transport chain; guanosine metabolic process; metabolic compound salvage; mitochondrial ATP synthesis coupled electron transport; nucleoside metabolic process; nucleoside monophosphate biosynthetic process; nucleotide salvage; purine deoxyribonucleoside metabolic process; purine deoxyribonucleoside monophosphate biosynthetic process; purine deoxyribonucleoside monophosphate metabolic process; purine deoxyribonucleotide biosynthetic process; purine deoxyribonucleotide metabolic process; purine deoxyribonucleotide salvage; purine nucleoside metabolic process; purine nucleoside monophosphate biosynthetic process; purine nucleoside monophosphate metabolic process; purine nucleotide salvage; purine ribonucleoside metabolic process; purine-containing compound salvage; respiratory electron transport chain; ribonucleoside metabolic process	7
ATP6V1F	Q16864	RHEA:57720			0
CDO1	Q16878	RHEA:20441	3-sulfino-L-alanine; L-cysteine	L-cysteine catabolic process; alkanesulfonate biosynthetic process; alkanesulfonate metabolic process; sulfur amino acid catabolic process; sulfur amino acid metabolic process; sulfur compound catabolic process; taurine biosynthetic process; taurine metabolic process	10
UGT8	Q16880	RHEA:13093;RHEA:31495	UDP-alpha-D-galactose; a beta-D-Gal-(1->4)-beta-D-Glc-(1<->1)-Cer(d18:1(4E)); a beta-D-galactosyl-(1<->1')-N-acylsphing-4-enine; a beta-D-glucosyl-(1<->1')-N-acylsphing-4-enine; an N-acylsphing-4-enine	ceramide biosynthetic process; ceramide metabolic process; galactolipid biosynthetic process; galactolipid metabolic process; galactosylceramide biosynthetic process; galactosylceramide metabolic process; glycolipid biosynthetic process; glycolipid metabolic process; glycosphingolipid biosynthetic process; glycosphingolipid metabolic process; glycosylceramide metabolic process; liposaccharide metabolic process	38
AAK1	Q2M2I8	RHEA:17989		phosphorylation; protein phosphorylation	0
ALG11	Q2TAA5	RHEA:29523	GDP-alpha-D-mannose; an alpha-D-Man-(1->2)-alpha-D-Man-(1->2)-alpha-D-Man-(1->3)-[alpha-D-Man-(1->6)]-beta-D-Man-(1->4)-beta-D-GlcNAc-(1->4)-alpha-D-GlcNAc-diphospho-di-trans,poly-cis-dolichol; an alpha-D-Man-(1->3)-[alpha-D-Man-(1->6)]-beta-D-Man-(1->4)-beta-D-GlcNAc-(1->4)-alpha-D-GlcNAc-diphospho-di-trans,poly-cis-dolichol	dolichol-linked oligosaccharide biosynthetic process; glycoprotein biosynthetic process; protein N-linked glycosylation	4
P3H1	Q32P28	RHEA:22872	[ribosomal protein uS12]-(3S)-3-hydroxy-L-proline; succinate	collagen metabolic process; protein folding	14
TKFC	Q3LXA3	RHEA:13729;RHEA:13941;RHEA:15773	D-glyceraldehyde; D-glyceraldehyde 3-phosphate; dihydroxyacetone; dihydroxyacetone phosphate; riboflavin cyclic-4',5'-phosphate	alcohol catabolic process; alditol catabolic process; carbohydrate catabolic process; carbohydrate phosphorylation; fructose catabolic process; fructose metabolic process; glycerol catabolic process; glycerol metabolic process; hexose catabolic process; hexose metabolic process; monosaccharide catabolic process; monosaccharide metabolic process; phosphorylation; polyol catabolic process; polyol metabolic process	8
PIGY	Q3MUY2	RHEA:14789	UDP-N-acetyl-alpha-D-glucosamine; a 1,2-diacyl-sn-glycero-3-phospho-(1D-myo-inositol); a 6-(N-acetyl-alpha-D-glucosaminyl)-1-(1,2-diacyl-sn-glycero-3-phospho)-1D-myo-inositol	GPI anchor biosynthetic process; GPI anchor metabolic process; GPI anchored protein biosynthesis; glycerophospholipid biosynthetic process; glycolipid biosynthetic process; glycolipid metabolic process; liposaccharide metabolic process	18
TIMM50	Q3ZCQ8	RHEA:10684			0
NADK2	Q4G0N4	RHEA:18629		NAD+ metabolic process	0
HSD17B12	Q53GQ0	RHEA:14981;RHEA:22256;RHEA:48680	a (3R)-3-hydroxyacyl-CoA; a 3-oxoacyl-CoA; a very-long-chain (3R)-3-hydroxyacyl-CoA; a very-long-chain 3-oxoacyl-CoA; androst-4-ene-3,17-dione; testosterone	acyl-CoA biosynthetic process; acyl-CoA metabolic process; androgen biosynthetic process; androgen metabolic process; estrogen biosynthetic process; estrogen metabolic process; fatty acid biosynthetic process; fatty acid derivative biosynthetic process; fatty acid derivative metabolic process; fatty acid elongation; fatty acid elongation, saturated fatty acid; fatty-acyl-CoA biosynthetic process; fatty-acyl-CoA metabolic process; hormone biosynthetic process; hormone metabolic process; long-chain fatty-acyl-CoA biosynthetic process; long-chain fatty-acyl-CoA metabolic process; steroid biosynthetic process; steroid hormone biosynthetic process	23
AGK	Q53H12	RHEA:10272;RHEA:17929;RHEA:19293	a 1,2-diacyl-sn-glycero-3-phosphate; a 1,2-diacyl-sn-glycerol; a monoacyl-sn-glycero-3-phosphate; a monoacylglycerol; an N-acylsphing-4-enine; an N-acylsphing-4-enine 1-phosphate	ceramide biosynthetic process; ceramide metabolic process; diol biosynthetic process; diol metabolic process; polyol biosynthetic process; polyol metabolic process; sphingoid biosynthetic process; sphingoid metabolic process; sphingosine biosynthetic process; sphingosine metabolic process	41
ALG10	Q5BKT4	RHEA:29543	a alpha-D-Glc-(1->2)-alpha-D-Glc-(1->3)-alpha-D-Glc-(1->3)-alpha-D-Man-(1->2)-alpha-D-Man-(1->2)-alpha-D-Man-(1->3)-[alpha-D-Man-(1->2)-alpha-D-Man-(1->3)-[alpha-D-Man-(1->2)-alpha-D-Man-(1->6)]-alpha-D-Man-(1->6)]-beta-D-Man-(1->4)-beta-D-GlcNAc-(1->4)-alpha-D-GlcNAc-diphospho-di-trans,poly-cis-dolichol; a di-trans,poly-cis-dolichyl beta-D-glucosyl phosphate; a di-trans,poly-cis-dolichyl phosphate; an alpha-D-Glc-(1->3)-alpha-D-Glc-(1->3)-alpha-D-Man-(1->2)-alpha-D-Man-(1->2)-alpha-D-Man-(1->3)-[alpha-D-Man-(1->2)-alpha-D-Man-(1->3)-[alpha-D-Man-(1->2)-alpha-D-Man-(1->6)]-alpha-D-Man-(1->6)]-beta-D-Man-(1->4)-beta-D-GlcNAc-(1->4)-alpha-D-GlcNAc-diphospho-di-trans,poly-cis-dolichol	dolichol-linked oligosaccharide biosynthetic process; glycoprotein biosynthetic process; protein N-linked glycosylation	11
SLC45A4	Q5BKX6	RHEA:72187	sucrose		0
ARSJ	Q5FYB0	RHEA:17261	a phenol; an aryl sulfate		7
ARSI	Q5FYB1	RHEA:17261	a phenol; an aryl sulfate		7
COQ5	Q5HYK3	RHEA:28286	a 2-methoxy-6-(all-trans-polyprenyl)benzene-1,4-diol; a 5-methoxy-2-methyl-3-(all-trans-polyprenyl)benzene-1,4-diol	ketone biosynthetic process; ketone metabolic process; methylation; quinone biosynthetic process; quinone metabolic process; ubiquinone biosynthetic process; ubiquinone metabolic process	1
AARS2	Q5JTZ9	RHEA:12540;RHEA:80271	(S)-lactate; (S)-lactoyl-AMP; L-alanine	RNA metabolic process; alanyl-tRNA aminoacylation; amino acid activation; aminoacyl-tRNA metabolism involved in translational fidelity; mitochondrial RNA metabolic process; mitochondrial alanyl-tRNA aminoacylation; mitochondrial gene expression; mitochondrial translation; protein biosynthetic process; tRNA aminoacylation; tRNA aminoacylation for mitochondrial protein translation; tRNA aminoacylation for protein translation; tRNA metabolic process; translation	8
ACER2	Q5QJU3	RHEA:20856	a fatty acid; an N-acylsphing-4-enine; sphing-4-enine	ceramide catabolic process; ceramide metabolic process; diol biosynthetic process; diol metabolic process; polyol biosynthetic process; polyol metabolic process; sphingoid biosynthetic process; sphingoid metabolic process; sphingolipid catabolic process; sphingosine biosynthetic process; sphingosine metabolic process	37
LRRK2	Q5S007	RHEA:17989;RHEA:19669		GTP metabolic process; phosphorylation; protein autophosphorylation; protein phosphorylation	0
PDSS1	Q5T2R2	RHEA:27563;RHEA:27802	(2E)-geranyl diphosphate; (2E,6E)-farnesyl diphosphate; all-trans-decaprenyl diphosphate; all-trans-nonaprenyl diphosphate; isopentenyl diphosphate	isoprenoid biosynthetic process; isoprenoid metabolic process; ketone biosynthetic process; ketone metabolic process; quinone biosynthetic process; quinone metabolic process; ubiquinone biosynthetic process; ubiquinone metabolic process	11
MAGI3	Q5TCQ9	RHEA:20780		GDP metabolic process; GMP metabolic process; nucleoside diphosphate metabolic process; purine nucleoside diphosphate metabolic process; purine nucleoside monophosphate metabolic process; purine ribonucleoside diphosphate metabolic process; purine ribonucleoside monophosphate metabolic process; ribonucleoside diphosphate metabolic process	0
AFMID	Q63HM1	RHEA:13009	L-kynurenine; N-formyl-L-kynurenine; formate	'de novo' NAD+ biosynthetic process from L-tryptophan; L-tryptophan catabolic process; NAD+ biosynthetic process; NAD+ metabolic process; aromatic amino acid catabolic process; aromatic amino acid metabolic process; indole-containing compound catabolic process; indole-containing compound metabolic process; nicotinamide nucleotide biosynthetic process; pyridine nucleotide biosynthetic process; pyridine-containing compound biosynthetic process	8
LPCAT4	Q643R3	RHEA:10332;RHEA:12937;RHEA:14233;RHEA:16245;RHEA:18461;RHEA:19709;RHEA:23992;RHEA:32995;RHEA:33191	a 1,2-diacyl-sn-glycero-3-phosphate; a 1,2-diacyl-sn-glycero-3-phospho-L-serine; a 1,2-diacyl-sn-glycero-3-phosphocholine; a 1,2-diacyl-sn-glycero-3-phosphoethanolamine; a 1-O-(1Z-alkenyl)-2-acyl-sn-glycero-3-phosphoethanolamine; a 1-O-(1Z-alkenyl)-sn-glycero-3-phosphoethanolamine; a 1-O-alkyl-2-acetyl-sn-glycero-3-phosphocholine; a 1-O-alkyl-2-acyl-sn-glycero-3-phosphocholine; a 1-O-alkyl-sn-glycero-3-phosphocholine; a 1-acyl-sn-glycero-3-phosphate; a 1-acyl-sn-glycero-3-phospho-L-serine; a 1-acyl-sn-glycero-3-phosphocholine; a 1-acyl-sn-glycero-3-phosphoethanolamine; a 2-acyl-sn-glycero-3-phosphocholine; a 2-acyl-sn-glycerol 3-phosphate; acetyl-CoA; an acyl-CoA	glycerophospholipid biosynthetic process; phosphatidic acid biosynthetic process; phosphatidic acid metabolic process; phosphatidylcholine acyl-chain remodeling; phosphatidylcholine metabolic process; phosphatidylethanolamine acyl-chain remodeling; phosphatidylglycerol acyl-chain remodeling; phosphatidylglycerol metabolic process; phosphatidylserine acyl-chain remodeling; phosphatidylserine metabolic process	60
HGSNAT	Q68CP4	RHEA:15125	N-acetyl-alpha-D-glucosaminyl-[heparan sulfate](n); acetyl-CoA; alpha-D-glucosaminyl-[heparan sulfate](n)	glycoprotein catabolic process; heparan sulfate proteoglycan catabolic process; heparan sulfate proteoglycan metabolic process; macromolecule catabolic process; protein catabolic process; proteoglycan catabolic process; proteoglycan metabolic process	28
ATL3	Q6DD88	RHEA:19669			0
PM20D1	Q6GTS8	RHEA:15565	a carboxylate; an L-alpha-amino acid; an N-acyl-L-amino acid		13
NADSYN1	Q6IA69	RHEA:15889;RHEA:24384	deamido-NAD(+)	'de novo' NAD+ biosynthetic process from L-tryptophan; NAD+ biosynthetic process; NAD+ biosynthetic process via the salvage pathway; NAD+ metabolic process; aromatic amino acid metabolic process; indole-containing compound metabolic process; metabolic compound salvage; nicotinamide nucleotide biosynthetic process; nucleotide salvage; purine nucleotide salvage; purine-containing compound salvage; pyridine nucleotide biosynthetic process; pyridine nucleotide salvage; pyridine-containing compound biosynthetic process	4
SLC8B1	Q6J4K2	RHEA:29255	CHEBI:29101		3
SLC25A24	Q6NUK1	RHEA:65840;RHEA:65844			0
HIBCH	Q6NVY1	RHEA:20888	3-hydroxy-2-methylpropanoate; 3-hydroxy-2-methylpropanoyl-CoA	L-valine catabolic process; branched-chain amino acid catabolic process; branched-chain amino acid metabolic process	1
LPCAT3	Q6P1A2	RHEA:12937;RHEA:14233;RHEA:16245;RHEA:19709;RHEA:32995;RHEA:33191	a 1,2-diacyl-sn-glycero-3-phosphate; a 1,2-diacyl-sn-glycero-3-phospho-L-serine; a 1,2-diacyl-sn-glycero-3-phosphocholine; a 1,2-diacyl-sn-glycero-3-phosphoethanolamine; a 1-O-(1Z-alkenyl)-2-acyl-sn-glycero-3-phosphoethanolamine; a 1-O-(1Z-alkenyl)-sn-glycero-3-phosphoethanolamine; a 1-acyl-sn-glycero-3-phosphate; a 1-acyl-sn-glycero-3-phospho-L-serine; a 1-acyl-sn-glycero-3-phosphocholine; a 1-acyl-sn-glycero-3-phosphoethanolamine; a 2-acyl-sn-glycerol 3-phosphate; an acyl-CoA	glycerophospholipid biosynthetic process; lipid modification; phosphatidylcholine acyl-chain remodeling; phosphatidylcholine biosynthetic process; phosphatidylcholine metabolic process; phosphatidylethanolamine acyl-chain remodeling; phosphatidylserine acyl-chain remodeling; phosphatidylserine metabolic process	40
DARS2	Q6PI48	RHEA:18349;RHEA:19649	L-aspartate	RNA metabolic process; amino acid activation; asparaginyl-tRNA aminoacylation; aspartyl-tRNA aminoacylation; mitochondrial RNA metabolic process; mitochondrial asparaginyl-tRNA aminoacylation; mitochondrial gene expression; mitochondrial translation; protein biosynthetic process; tRNA aminoacylation; tRNA aminoacylation for mitochondrial protein translation; tRNA aminoacylation for protein translation; tRNA metabolic process; translation	10
TMEM65	Q6PI78	RHEA:29255	CHEBI:29101		3
MTHFD1L	Q6UB35	RHEA:20221;RHEA:22812	(6R)-10-formyltetrahydrofolate; (6R)-5,10-methenyltetrahydrofolate; (6R)-5,10-methylene-5,6,7,8-tetrahydrofolate; (6S)-5,6,7,8-tetrahydrofolate; formate	10-formyltetrahydrofolate biosynthetic process; 10-formyltetrahydrofolate metabolic process; dicarboxylic acid biosynthetic process; dicarboxylic acid metabolic process; folic acid-containing compound biosynthetic process; folic acid-containing compound metabolic process; formate biosynthetic process; formate metabolic process; modified amino acid biosynthetic process; one-carbon metabolic process; pteridine-containing compound biosynthetic process; pteridine-containing compound metabolic process; tetrahydrofolate biosynthetic process; tetrahydrofolate interconversion; tetrahydrofolate metabolic process	14
ENPP7	Q6UWV6	RHEA:19253	a sphingomyelin; an N-acylsphing-4-enine; phosphocholine	glycolipid catabolic process; glycolipid metabolic process; glycosphingolipid catabolic process; glycosphingolipid metabolic process; liposaccharide metabolic process; sphingolipid catabolic process; sphingomyelin metabolic process	26
NAPRT	Q6XQN6	RHEA:36163	5-phospho-alpha-D-ribose 1-diphosphate; nicotinate; nicotinate beta-D-ribonucleotide	NAD+ biosynthetic process; NAD+ biosynthetic process via the salvage pathway; NAD+ metabolic process; metabolic compound salvage; nicotinamide nucleotide biosynthetic process; nucleotide salvage; purine nucleotide salvage; purine-containing compound salvage; pyridine nucleotide biosynthetic process; pyridine nucleotide salvage; pyridine-containing compound biosynthetic process	13
HACD2	Q6Y1H2	RHEA:26526;RHEA:33767;RHEA:45812	a (2E)-enoyl-CoA; a (3R)-3-hydroxyacyl-CoA; a 3-hydroxy-fatty acyl-CoA; a very-long-chain (2E)-enoyl-CoA; a very-long-chain (3R)-3-hydroxyacyl-CoA	acyl-CoA biosynthetic process; acyl-CoA metabolic process; fatty acid biosynthetic process; fatty acid derivative biosynthetic process; fatty acid derivative metabolic process; fatty acid elongation; fatty-acyl-CoA biosynthetic process; fatty-acyl-CoA metabolic process; long-chain fatty-acyl-CoA biosynthetic process; long-chain fatty-acyl-CoA metabolic process; very long-chain fatty acid biosynthetic process; very long-chain fatty acid metabolic process	18
AATK	Q6ZMQ8	RHEA:10596;RHEA:17989			0
GK5	Q6ZS86	RHEA:21644	glycerol; sn-glycerol 3-phosphate	acylglycerol metabolic process; alcohol catabolic process; alditol catabolic process; alditol phosphate metabolic process; carbohydrate catabolic process; glycerol catabolic process; glycerol metabolic process; glycerol-3-phosphate biosynthetic process; glycerol-3-phosphate metabolic process; neutral lipid metabolic process; polyol catabolic process; polyol metabolic process; triglyceride metabolic process	7
SLC25A26	Q70HW3	RHEA:75479		macromolecule methylation; methylation	0
COX15	Q7KZN9	RHEA:63388	Fe(II)-heme a; Fe(II)-heme o	heme A biosynthetic process; heme biosynthetic process; heme metabolic process; pigment biosynthetic process; pigment metabolic process; porphyrin-containing compound biosynthetic process; porphyrin-containing compound metabolic process; tetrapyrrole biosynthetic process; tetrapyrrole metabolic process	1
CYB5R4	Q7L1T6	RHEA:46680		reactive oxygen species metabolic process; superoxide metabolic process	0
NDUFAF7	Q7L592	RHEA:48108		macromolecule methylation; methylation; peptidyl-arginine N-methylation; peptidyl-arginine methylation; peptidyl-arginine methylation, to symmetrical-dimethyl arginine; peptidyl-arginine modification; peptidyl-arginine omega-N-methylation; protein alkylation; protein methylation	0
LPCAT2	Q7L5N7	RHEA:10344;RHEA:12937;RHEA:14233;RHEA:18461;RHEA:19709;RHEA:23992	a 1,2-diacyl-sn-glycero-3-phosphate; a 1,2-diacyl-sn-glycero-3-phosphocholine; a 1-O-(1Z-alkenyl)-2-acyl-sn-glycero-3-phosphocholine; a 1-O-(1Z-alkenyl)-sn-glycero-3-phosphocholine; a 1-O-alkyl-2-acetyl-sn-glycero-3-phosphocholine; a 1-O-alkyl-2-acyl-sn-glycero-3-phosphocholine; a 1-O-alkyl-sn-glycero-3-phosphocholine; a 1-acyl-sn-glycero-3-phosphate; a 1-acyl-sn-glycero-3-phosphocholine; a 2-acyl-sn-glycerol 3-phosphate; acetyl-CoA; an acyl-CoA	ether biosynthetic process; ether lipid biosynthetic process; ether lipid metabolic process; glycerol ether biosynthetic process; glycerophospholipid biosynthetic process; phosphatidylcholine acyl-chain remodeling; phosphatidylcholine metabolic process; platelet activating factor biosynthetic process; platelet activating factor metabolic process	54
RRM2B	Q7LG56	RHEA:23252	a 2'-deoxyribonucleoside 5'-diphosphate; a ribonucleoside 5'-diphosphate	2'-deoxyribonucleotide biosynthetic process; 2'-deoxyribonucleotide metabolic process; DNA biosynthetic process; DNA metabolic process; DNA repair; DNA replication; DNA synthesis involved in DNA repair; DNA-templated DNA replication; deoxyribonucleotide biosynthetic process; deoxyribonucleotide metabolic process; deoxyribose phosphate biosynthetic process; mitochondrial DNA metabolic process; mitochondrial DNA replication; nucleic acid biosynthetic process; nucleoside diphosphate metabolic process; ribonucleoside diphosphate metabolic process	3
P4HA3	Q7Z4N8	RHEA:18945	succinate		14
PIGW	Q7Z7B1	RHEA:60496	a 2-acyl-6-alpha-D-glucosaminyl-1-(1,2-diacyl-sn-glycero-3-phospho)-1D-myo-inositol; a 6-(alpha-D-glucosaminyl)-1-(1,2-diacyl-sn-glycero-3-phospho)-1D-myo-inositol; a fatty acyl-CoA	GPI anchor biosynthetic process; GPI anchor metabolic process; GPI anchored protein biosynthesis; glycerophospholipid biosynthetic process; glycolipid biosynthetic process; glycolipid metabolic process; liposaccharide metabolic process	9
DHDDS	Q86SQ9	RHEA:53008	(2E,6E)-farnesyl diphosphate; a di-trans,poly-cis-polyprenyl diphosphate; isopentenyl diphosphate	dolichol-linked oligosaccharide biosynthetic process; dolichyl diphosphate biosynthetic process; dolichyl monophosphate biosynthetic process; glycoprotein biosynthetic process; isoprenoid biosynthetic process; isoprenoid metabolic process; polyprenol biosynthetic process; polyprenol metabolic process; protein N-linked glycosylation	11
ATG4D	Q86TL0	RHEA:67548	a 1,2-diacyl-sn-glycero-3-phosphoethanolamine	aggrephagy; autophagosome assembly; autophagosome organization; autophagy; autophagy of mitochondrion; macroautophagy; microautophagy; mitophagy; nucleophagy; piecemeal microautophagy of the nucleus; protein delipidation; protein localization to phagophore assembly site; protein processing; proteolysis	6
NAA40	Q86UY6	RHEA:50504	N-terminal L-seryl-[ribosomal protein bL12]; N-terminal N(alpha)-acetyl-L-seryl-[ribosomal protein bL12]; acetyl-CoA		28
AACS	Q86V21	RHEA:16117	acetoacetate; acetoacetyl-CoA	fatty acid derivative biosynthetic process; fatty acid derivative metabolic process; ketone body biosynthetic process	10
SLC25A42	Q86VD7	RHEA:34999;RHEA:61436		pantothenate metabolic process	0
SGMS1	Q86VZ5	RHEA:10604;RHEA:16273;RHEA:18765;RHEA:45896	CDP-choline; CDP-ethanolamine; a 1,2-diacyl-sn-glycero-3-phosphocholine; a 1,2-diacyl-sn-glycerol; a sphingomyelin; an N-acyl-sphingoid 1-phosphoethanolamine; an N-acyl-sphingoid base; an N-acylsphing-4-enine; phosphocholine	ceramide biosynthetic process; ceramide metabolic process; sphingomyelin biosynthetic process; sphingomyelin metabolic process	44
LONP2	Q86WA8	RHEA:13065		macromolecule catabolic process; protein catabolic process; protein processing; protein quality control for misfolded or incompletely synthesized proteins; proteolysis	0
HOGA1	Q86XE5	RHEA:18169;RHEA:35639	(4S)-4-hydroxy-2-oxoglutarate; 4-hydroxy-2-oxoglutarate; glyoxylate; pyruvate	aldehyde catabolic process; aldehyde metabolic process; dicarboxylic acid metabolic process; glyoxylate catabolic process; glyoxylate metabolic process; modified amino acid catabolic process; non-proteinogenic amino acid catabolic process; non-proteinogenic amino acid metabolic process; oxalate metabolic process; pyruvate biosynthetic process; pyruvate metabolic process; trans-4-hydroxy-L-proline catabolic process	15
ERO1B	Q86YB8	RHEA:17357;RHEA:59116	R'C(R)S-S(R)CR'; R'C(R)SH	hormone metabolic process; insulin metabolic process; insulin processing; peptide hormone processing; protein folding; protein folding in endoplasmic reticulum; protein processing; proteolysis; signaling receptor ligand precursor processing	3
PDSS2	Q86YH6	RHEA:27563;RHEA:27802	(2E)-geranyl diphosphate; (2E,6E)-farnesyl diphosphate; all-trans-decaprenyl diphosphate; all-trans-nonaprenyl diphosphate; isopentenyl diphosphate	isoprenoid biosynthetic process; isoprenoid metabolic process; ketone biosynthetic process; ketone metabolic process; quinone biosynthetic process; quinone metabolic process; ubiquinone biosynthetic process; ubiquinone metabolic process	11
DOLPP1	Q86YN1	RHEA:14385	a di-trans,poly-cis-dolichyl diphosphate; a di-trans,poly-cis-dolichyl phosphate	dolichyl monophosphate biosynthetic process; glycoprotein biosynthetic process; protein N-linked glycosylation	16
CERS3	Q8IU89	RHEA:23768	a fatty acyl-CoA; an N-acylsphing-4-enine; sphing-4-enine	ceramide biosynthetic process; ceramide metabolic process	29
PSTK	Q8IV42	RHEA:25037			0
MMAA	Q8IVH4	RHEA:19669		cobalamin metabolic process; tetrapyrrole metabolic process	0
P3H2	Q8IVL5	RHEA:22872	[ribosomal protein uS12]-(3S)-3-hydroxy-L-proline; succinate	collagen metabolic process; peptidyl-proline hydroxylation; peptidyl-proline modification; protein hydroxylation	14
GLYCTK	Q8IVS8	RHEA:23516	(2R)-3-phosphoglycerate; (R)-glycerate	carbohydrate catabolic process; fructose catabolic process; fructose metabolic process; hexose catabolic process; hexose metabolic process; monosaccharide catabolic process; monosaccharide metabolic process; phosphorylation; protein phosphorylation	5
LMTK2	Q8IWU2	RHEA:17989		peptidyl-serine phosphorylation; peptidyl-threonine phosphorylation; phosphorylation; protein autophosphorylation; protein phosphorylation; receptor metabolic process; receptor recycling	0
TPH2	Q8IWU9	RHEA:16709	(4aS,6R)-4a-hydroxy-L-erythro-5,6,7,8-tetrahydrobiopterin; (6R)-L-erythro-5,6,7,8-tetrahydrobiopterin; 5-hydroxy-L-tryptophan; L-tryptophan	aromatic amino acid metabolic process; indole-containing compound biosynthetic process; indole-containing compound metabolic process; phenol-containing compound biosynthetic process; phenol-containing compound metabolic process; primary amino compound biosynthetic process; serotonin biosynthetic process; serotonin metabolic process	6
SGPP2	Q8IWX5	RHEA:27514;RHEA:27518	sphing-4-enine; sphing-4-enine 1-phosphate; sphinganine; sphinganine 1-phosphate	dephosphorylation; diol metabolic process; lipid modification; phospholipid dephosphorylation; polyol metabolic process; sphingoid metabolic process; sphingolipid catabolic process; sphingosine metabolic process	11
DNAJC10	Q8IXB1	RHEA:21064	glutathione	ERAD pathway; macromolecule catabolic process; proteasomal protein catabolic process; protein catabolic process; protein folding; protein folding in endoplasmic reticulum	8
SIRT2	Q8IXJ6	RHEA:43636;RHEA:54172;RHEA:58108;RHEA:70563;RHEA:70567	2''-O-acetyl-ADP-D-ribose; 2''-O-acyl-ADP-D-ribose; 2''-O-hexadecanoyl-ADP-D-ribose; 2''-O-tetradecanoyl-ADP-D-ribose; acetate; nicotinamide	macromolecule catabolic process; macromolecule deacylation; modification-dependent macromolecule catabolic process; modification-dependent protein catabolic process; peptidyl-lysine deacetylation; peptidyl-lysine modification; post-translational protein modification; proteasomal protein catabolic process; proteasome-mediated ubiquitin-dependent protein catabolic process; protein catabolic process; protein deacetylation; protein deacylation; tubulin deacetylation; ubiquitin-dependent protein catabolic process	13
FANCM	Q8IYD8	RHEA:13065		DNA metabolic process; DNA recombination; DNA repair; DNA replication; DNA-templated DNA replication; DNA-templated DNA replication maintenance of fidelity; double-strand break repair; double-strand break repair via homologous recombination; double-strand break repair via synthesis-dependent strand annealing; homologous recombination; interstrand cross-link repair; reciprocal homologous recombination; reciprocal meiotic recombination; recombinational repair; replication fork processing; resolution of meiotic recombination intermediates	0
COLGALT2	Q8IYK4	RHEA:12637	UDP-alpha-D-galactose		13
ZDHHC23	Q8IYP9	RHEA:36683	hexadecanoyl-CoA	lipoprotein biosynthetic process; lipoprotein metabolic process; protein acylation; protein lipidation; protein palmitoylation	6
ABCA7	Q8IZY2	RHEA:13065;RHEA:38567;RHEA:38583	a 1,2-diacyl-sn-glycero-3-phospho-L-serine; a 1,2-diacyl-sn-glycero-3-phosphocholine	amyloid precursor protein catabolic process; amyloid precursor protein metabolic process; amyloid-beta clearance by cellular catabolic process; amyloid-beta formation; amyloid-beta metabolic process	16
CLYBL	Q8N0X4	RHEA:18181;RHEA:22612;RHEA:70423	(3S)-citramalyl-CoA; (S)-malate; a carboxylate; acetyl-CoA; an acyl-CoA; glyoxylate; pyruvate	metabolite repair; toxic metabolite repair	64
ADSS1	Q8N142	RHEA:15753	IMP; L-aspartate; N(6)-(1,2-dicarboxyethyl)-AMP	'de novo' AMP biosynthetic process; AMP biosynthetic process; AMP metabolic process; AMP salvage; IMP metabolic process; metabolic compound salvage; nucleoside monophosphate biosynthetic process; nucleotide salvage; purine nucleoside monophosphate biosynthetic process; purine nucleoside monophosphate metabolic process; purine nucleotide salvage; purine ribonucleoside monophosphate biosynthetic process; purine ribonucleoside monophosphate metabolic process; purine ribonucleotide salvage; purine-containing compound salvage; ribonucleoside monophosphate biosynthetic process	18
NAGS	Q8N159	RHEA:24292	N-acetyl-L-glutamate; acetyl-CoA	L-arginine biosynthetic process; amino acid biosynthetic process; arginine metabolic process; dicarboxylic acid metabolic process; glutamate family amino acid biosynthetic process; glutamate metabolic process; nitrogen cycle metabolic process; proteinogenic amino acid biosynthetic process; urea cycle; urea metabolic process	28
ABHD12	Q8N2K0	RHEA:15177;RHEA:15245;RHEA:19233;RHEA:32967;RHEA:32979;RHEA:32987	a 1-acyl-sn-glycero-3-phospho-(1D-myo-inositol); a 1-acyl-sn-glycero-3-phospho-L-serine; a 1-acyl-sn-glycero-3-phosphocholine; a 1-acyl-sn-glycero-3-phosphoethanolamine; a fatty acid; a monoacylglycerol; glycerol; hexadecanoate; sn-glycero-3-phospho-1D-myo-inositol; sn-glycero-3-phospho-L-serine; sn-glycero-3-phosphoethanolamine; sn-glycerol 3-phosphocholine	acylglycerol catabolic process; acylglycerol metabolic process; arachidonate metabolic process; glycerolipid catabolic process; glycerophospholipid catabolic process; icosanoid metabolic process; long-chain fatty acid metabolic process; macromolecule deacylation; macromolecule depalmitoylation; modified amino acid catabolic process; monoacylglycerol catabolic process; monoacylglycerol metabolic process; neutral lipid catabolic process; neutral lipid metabolic process; olefinic compound metabolic process; phosphatidylserine catabolic process; phosphatidylserine metabolic process; phospholipid catabolic process; unsaturated fatty acid metabolic process	27
ASCC3	Q8N3C0	RHEA:13065		DNA alkylation repair; DNA metabolic process; DNA repair; DNA replication; cytoplasmic translation; cytoplasmic translational elongation; macromolecule catabolic process; modification-dependent macromolecule catabolic process; modification-dependent protein catabolic process; proteasomal protein catabolic process; proteasome-mediated ubiquitin-dependent protein catabolic process; protein biosynthetic process; protein catabolic process; rescue of stalled cytosolic ribosome; ribosome-associated ubiquitin-dependent protein catabolic process; translation; translational elongation; ubiquitin-dependent protein catabolic process	0
AADAT	Q8N5Z0	RHEA:10900;RHEA:12601;RHEA:14089;RHEA:19249;RHEA:22884	2-oxoadipate; 4-(2-aminophenyl)-2,4-dioxobutanoate; 4-methylsulfanyl-2-oxobutanoate; L-2-aminoadipate; L-kynurenine; L-methionine; an aromatic L-alpha-amino acid; an aromatic oxo-acid; glycine; glyoxylate	L-lysine catabolic process	21
CGAS	Q8N884	RHEA:42064	2',3'-cGAMP		0
ATP6V0D2	Q8N8Y2	RHEA:57720			0
COLGALT1	Q8NBJ5	RHEA:12637	UDP-alpha-D-galactose	glycoprotein biosynthetic process; protein O-linked glycosylation; protein O-linked glycosylation via galactose	13
ATAD1	Q8NBU5	RHEA:13065			0
PIK3C3	Q8NEB9	RHEA:12709	a 1,2-diacyl-sn-glycero-3-phospho-(1D-myo-inositol); a 1,2-diacyl-sn-glycero-3-phospho-(1D-myo-inositol-3-phosphate)	autophagosome assembly; autophagosome maturation; autophagosome organization; autophagy; autophagy of peroxisome; glycerophospholipid biosynthetic process; macroautophagy; pexophagy; phosphatidylinositol phosphate biosynthetic process; phosphatidylinositol-3-phosphate biosynthetic process; protein processing; proteolysis	9
ATP6V1C2	Q8NEY4	RHEA:57720			0
LPCAT1	Q8NF37	RHEA:10344;RHEA:12937;RHEA:14233;RHEA:18461;RHEA:19709;RHEA:23992	a 1,2-diacyl-sn-glycero-3-phosphate; a 1,2-diacyl-sn-glycero-3-phosphocholine; a 1-O-(1Z-alkenyl)-2-acyl-sn-glycero-3-phosphocholine; a 1-O-(1Z-alkenyl)-sn-glycero-3-phosphocholine; a 1-O-alkyl-2-acetyl-sn-glycero-3-phosphocholine; a 1-O-alkyl-2-acyl-sn-glycero-3-phosphocholine; a 1-O-alkyl-sn-glycero-3-phosphocholine; a 1-acyl-sn-glycero-3-phosphate; a 1-acyl-sn-glycero-3-phosphocholine; a 2-acyl-sn-glycerol 3-phosphate; acetyl-CoA; an acyl-CoA	glycerophospholipid biosynthetic process; phosphatidic acid biosynthetic process; phosphatidic acid metabolic process; phosphatidylcholine acyl-chain remodeling; phosphatidylcholine biosynthetic process; phosphatidylcholine metabolic process; phosphatidylglycerol acyl-chain remodeling; phosphatidylglycerol metabolic process	54
FLAD1	Q8NFF5	RHEA:13889;RHEA:17237;RHEA:48868	reduced beta-nicotinamide D-ribonucleotide	FAD biosynthetic process; FAD metabolic process; flavin adenine dinucleotide biosynthetic process; flavin adenine dinucleotide metabolic process; flavin-containing compound biosynthetic process; flavin-containing compound metabolic process; riboflavin metabolic process	0
CMAS	Q8NFW8	RHEA:11344	a CMP-N-acyl-beta-neuraminate; an N-acylneuraminate	CMP-N-acetylneuraminate biosynthetic process; CMP-N-acetylneuraminate metabolic process; CMP-keto-3-deoxy-D-manno-octulosonic acid biosynthetic process; N-acetylneuraminate metabolic process; amino sugar metabolic process; nucleotide-sugar biosynthetic process; nucleotide-sugar metabolic process	1
ATP6V0E2	Q8NHE4	RHEA:57720			0
SGMS2	Q8NHU3	RHEA:10604;RHEA:16273;RHEA:18765;RHEA:45896	CDP-choline; CDP-ethanolamine; a 1,2-diacyl-sn-glycero-3-phosphocholine; a 1,2-diacyl-sn-glycerol; a sphingomyelin; an N-acyl-sphingoid 1-phosphoethanolamine; an N-acyl-sphingoid base; an N-acylsphing-4-enine; phosphocholine	ceramide biosynthetic process; ceramide metabolic process; sphingomyelin biosynthetic process; sphingomyelin metabolic process	44
NANP	Q8TBE9	RHEA:13057	an N-acylneuraminate; an N-acylneuraminate 9-phosphate	CMP-N-acetylneuraminate biosynthetic process; CMP-N-acetylneuraminate metabolic process; N-acetylglucosamine biosynthetic process; N-acetylglucosamine metabolic process; N-acetylneuraminate biosynthetic process; N-acetylneuraminate metabolic process; amino sugar biosynthetic process; amino sugar metabolic process; glucosamine-containing compound biosynthetic process; nucleotide-sugar biosynthetic process; nucleotide-sugar metabolic process	2
RDH11	Q8TC12	RHEA:11888;RHEA:25033;RHEA:48488;RHEA:54912	11-cis-retinal; 11-cis-retinol; a carboxylate; all-trans-retinal; all-trans-retinol; an aldehyde; apo-[alkylcobalamin reductase]	aldehyde metabolic process; diterpenoid metabolic process; hormone metabolic process; isoprenoid metabolic process; olefinic compound metabolic process; primary alcohol metabolic process; retinal metabolic process; retinoid metabolic process; retinol metabolic process; terpenoid metabolic process	21
CPT1C	Q8TCG5	RHEA:19233	hexadecanoate	amino-acid betaine metabolic process; carnitine metabolic process; macromolecule deacylation; macromolecule depalmitoylation	3
STT3B	Q8TCJ2	RHEA:22980	a di-trans,poly-cis-dolichyl diphosphate; a di-trans,poly-cis-dolichyl diphosphooligosaccharide	ERAD pathway; glycoprotein biosynthetic process; glycoprotein catabolic process; macromolecule catabolic process; post-translational protein modification; proteasomal protein catabolic process; protein N-linked glycosylation; protein catabolic process; protein co-translational transfer of dolichol-linked oligosaccharide; protein post-translational transfer of dolichol-linked oligosaccharide	5
ACER1	Q8TDN7	RHEA:20856	a fatty acid; an N-acylsphing-4-enine; sphing-4-enine	ceramide catabolic process; ceramide metabolic process; diol biosynthetic process; diol metabolic process; polyol biosynthetic process; polyol metabolic process; sphingoid biosynthetic process; sphingoid metabolic process; sphingolipid catabolic process; sphingosine biosynthetic process; sphingosine metabolic process	37
ACMSD	Q8TDX5	RHEA:16557	(2Z,4Z)-2-amino-3-carboxymuconate 6-semialdehyde; 2-aminomuconate 6-semialdehyde	L-tryptophan catabolic process; aromatic amino acid catabolic process; aromatic amino acid metabolic process; indole-containing compound catabolic process; indole-containing compound metabolic process; picolinic acid biosynthetic process; pyridine-containing compound biosynthetic process; secondary metabolic process	1
PANK1	Q8TE04	RHEA:16373	(R)-4'-phosphopantothenate; (R)-pantothenate	coenzyme A biosynthetic process; coenzyme A metabolic process	3
ABHD5	Q8WTS1	RHEA:19709	a 1,2-diacyl-sn-glycero-3-phosphate; a 1-acyl-sn-glycero-3-phosphate; an acyl-CoA	glycerophospholipid biosynthetic process; phosphatidic acid biosynthetic process; phosphatidic acid metabolic process	23
CHPT1	Q8WUD6	RHEA:32939	CDP-choline; a 1,2-diacyl-sn-glycero-3-phosphocholine; a 1,2-diacyl-sn-glycerol	CDP-choline pathway; ether biosynthetic process; ether lipid biosynthetic process; ether lipid metabolic process; glycerol ether biosynthetic process; glycerophospholipid biosynthetic process; phosphatidylcholine biosynthetic process; phosphatidylcholine metabolic process; platelet activating factor biosynthetic process; platelet activating factor metabolic process	23
FAR1	Q8WVX9	RHEA:52716;RHEA:81751	a long-chain fatty acyl-CoA; a long-chain primary fatty alcohol; a very long-chain fatty acyl-CoA; a very long-chain primary fatty alcohol	acyl-CoA metabolic process; ether biosynthetic process; ether lipid biosynthetic process; ether lipid metabolic process; fatty acid derivative biosynthetic process; fatty acid derivative metabolic process; fatty-acyl-CoA metabolic process; glycerol ether biosynthetic process; glycerophospholipid biosynthetic process; long-chain fatty-acyl-CoA metabolic process; wax biosynthetic process; wax metabolic process	9
ATL1	Q8WXF7	RHEA:19669			0
ST8SIA1	Q92185	RHEA:19313	CMP-N-acetyl-beta-neuraminate; an N-acetyl-alpha-neuraminyl-(2->3)-beta-D-galactosyl derivative; an N-acetyl-alpha-neuraminyl-(2->8)-N-acetyl-alpha-neuraminyl-(2->3)-beta-D-galactosyl derivative	N-glycan processing; glycolipid biosynthetic process; glycolipid metabolic process; glycoprotein biosynthetic process; glycosphingolipid biosynthetic process; glycosphingolipid metabolic process; liposaccharide metabolic process; oligosaccharide metabolic process; protein N-linked glycosylation	2
LPIN2	Q92539	RHEA:27429	a 1,2-diacyl-sn-glycero-3-phosphate; a 1,2-diacyl-sn-glycerol	acylglycerol biosynthetic process; acylglycerol metabolic process; fatty acid catabolic process; neutral lipid biosynthetic process; neutral lipid metabolic process; triglyceride biosynthetic process; triglyceride metabolic process	20
LPGAT1	Q92604	RHEA:10332;RHEA:14233;RHEA:16741;RHEA:19709;RHEA:33191	a 1,2-diacyl-sn-glycero-3-phosphate; a 1,2-diacyl-sn-glycero-3-phospho-L-serine; a 1,2-diacyl-sn-glycero-3-phosphocholine; a 1,2-diacylglycerol; a 1-acyl-sn-glycero-3-phosphate; a 1-acyl-sn-glycero-3-phospho-L-serine; a 2-acyl-sn-glycero-3-phosphocholine; a 2-acyl-sn-glycerol 3-phosphate; a 2-acylglycerol; an acyl-CoA	acylglycerol biosynthetic process; acylglycerol metabolic process; neutral lipid biosynthetic process; neutral lipid metabolic process; phosphatidylcholine metabolic process; phosphatidylethanolamine acyl-chain remodeling; phosphatidylglycerol acyl-chain remodeling; phosphatidylglycerol metabolic process; phosphatidylinositol acyl-chain remodeling; phosphatidylinositol metabolic process; triglyceride biosynthetic process; triglyceride metabolic process	36
ALG3	Q92685	RHEA:29527	a di-trans,poly-cis-dolichyl beta-D-mannosyl phosphate; a di-trans,poly-cis-dolichyl phosphate; an alpha-D-Man-(1->2)-alpha-D-Man-(1->2)-alpha-D-Man-(1->3)-[alpha-D-Man-(1->3)-alpha-D-Man-(1->6)]-beta-D-Man-(1->4)-beta-D-GlcNAc-(1->4)-alpha-D-GlcNAc-diphospho-di-trans,poly-cis-dolichol; an alpha-D-Man-(1->2)-alpha-D-Man-(1->2)-alpha-D-Man-(1->3)-[alpha-D-Man-(1->6)]-beta-D-Man-(1->4)-beta-D-GlcNAc-(1->4)-alpha-D-GlcNAc-diphospho-di-trans,poly-cis-dolichol	dolichol-linked oligosaccharide biosynthetic process; glycoprotein biosynthetic process; protein N-linked glycosylation	12
RABGGTA	Q92696	RHEA:21240	geranylgeranyl diphosphate	prenylation; protein geranylgeranylation; protein prenylation	3
RDH5	Q92781	RHEA:22400;RHEA:48488;RHEA:55668	11-cis-retinal; 11-cis-retinol; 17beta-hydroxyandrostanone; all-trans-retinal; all-trans-retinol; androstan-3alpha,17beta-diol; apo-[alkylcobalamin reductase]	diterpenoid metabolic process; hormone metabolic process; isoprenoid metabolic process; olefinic compound metabolic process; primary alcohol metabolic process; retinoid metabolic process; retinol metabolic process; terpenoid metabolic process	13
INPP5D	Q92835	RHEA:11392;RHEA:19797;RHEA:22764;RHEA:25017;RHEA:25528	1D-myo-inositol 1,3,4,5-tetrakisphosphate; 1D-myo-inositol 1,3,4-trisphosphate; 1D-myo-inositol 1,4,5-trisphosphate; 1D-myo-inositol 1,4-bisphosphate; a 1,2-diacyl-sn-glycero-3-phospho-(1D-myo-inositol 4-phosphate); a 1,2-diacyl-sn-glycero-3-phospho-(1D-myo-inositol-3,4,5-trisphosphate); a 1,2-diacyl-sn-glycero-3-phospho-(1D-myo-inositol-3,4-bisphosphate); a 1,2-diacyl-sn-glycero-3-phospho-(1D-myo-inositol-4,5-bisphosphate)	dephosphorylation; glycerophospholipid biosynthetic process; lipid modification; phosphatidylinositol biosynthetic process; phosphatidylinositol dephosphorylation; phosphatidylinositol metabolic process; phospholipid dephosphorylation	4
UPF1	Q92900	RHEA:13065		DNA metabolic process; DNA repair; DNA replication; DNA-templated DNA replication; RNA catabolic process; RNA metabolic process; RNA surveillance; cell cycle DNA replication; histone mRNA catabolic process; histone mRNA metabolic process; mRNA catabolic process; mRNA export from nucleus; mRNA metabolic process; macromolecule catabolic process; nuclear DNA replication; nuclear-transcribed mRNA catabolic process; nuclear-transcribed mRNA catabolic process, nonsense-mediated decay; nucleic acid catabolic process; telomere maintenance; telomere maintenance via semi-conservative replication	0
PTPRN2	Q92932	RHEA:10684		dephosphorylation; protein dephosphorylation	0
GCDH	Q92947	RHEA:13389;RHEA:44704	(2E)-butenoyl-CoA; a (2E)-enoyl-CoA; a 2,3-saturated acyl-CoA; glutaryl-CoA	L-lysine catabolic process; acyl-CoA biosynthetic process; acyl-CoA metabolic process; fatty acid beta-oxidation; fatty acid beta-oxidation using acyl-CoA dehydrogenase; fatty acid catabolic process; fatty acid derivative biosynthetic process; fatty acid derivative metabolic process; fatty acid oxidation; fatty-acyl-CoA biosynthetic process; fatty-acyl-CoA metabolic process; lipid modification; lipid oxidation	18
ATP6V0A1	Q93050	RHEA:57720		autophagosome maturation; autophagy; macroautophagy	0
HGD	Q93099	RHEA:15449	4-maleylacetoacetate; homogentisate	L-phenylalanine catabolic process; L-tyrosine catabolic process; aromatic amino acid catabolic process; aromatic amino acid metabolic process	2
RFK	Q969G6	RHEA:14357	riboflavin	FMN biosynthetic process; FMN metabolic process; flavin-containing compound biosynthetic process; flavin-containing compound metabolic process; nucleoside monophosphate biosynthetic process; riboflavin biosynthetic process; riboflavin metabolic process; ribonucleoside monophosphate biosynthetic process; vitamin biosynthetic process; vitamin metabolic process; water-soluble vitamin biosynthetic process	1
RAB24	Q969Q5	RHEA:19669		autophagy	0
SPTSSA	Q969W0	RHEA:14761	3-oxosphinganine; L-serine; hexadecanoyl-CoA	ceramide biosynthetic process; ceramide metabolic process; diol biosynthetic process; diol metabolic process; glycolipid biosynthetic process; glycolipid metabolic process; glycosphingolipid biosynthetic process; glycosphingolipid metabolic process; liposaccharide metabolic process; polyol biosynthetic process; polyol metabolic process; sphingoid biosynthetic process; sphingoid metabolic process; sphingomyelin biosynthetic process; sphingomyelin metabolic process; sphingosine biosynthetic process; sphingosine metabolic process	12
ATP6V1E2	Q96A05	RHEA:57720			0
AZIN2	Q96A70	RHEA:17641	L-arginine; agmatine	agmatine biosynthetic process; amine biosynthetic process; amine metabolic process; biogenic amine biosynthetic process; biogenic amine metabolic process; polyamine biosynthetic process; polyamine metabolic process; primary amino compound biosynthetic process; putrescine biosynthetic process; putrescine metabolic process	4
RAB7B	Q96AH8	RHEA:19669			0
RPE	Q96AT9	RHEA:13677	D-ribulose 5-phosphate; D-xylulose 5-phosphate	NADP+ metabolic process; NADPH regeneration; aldehyde metabolic process; glucose 6-phosphate metabolic process; glyceraldehyde-3-phosphate metabolic process; pentose-phosphate shunt; pentose-phosphate shunt, non-oxidative branch	2
ARL8A	Q96BM9	RHEA:19669			0
PYCR2	Q96C36	RHEA:14109	(S)-1-pyrroline-5-carboxylate; L-proline	L-glutamate catabolic process; L-glutamine catabolic process; L-glutamine metabolic process; L-proline biosynthetic process; L-proline metabolic process; amino acid biosynthetic process; dicarboxylic acid catabolic process; dicarboxylic acid metabolic process; glutamate family amino acid biosynthetic process; glutamate metabolic process; proteinogenic amino acid biosynthetic process	2
PPCDC	Q96CD2	RHEA:16793	(R)-4'-phosphopantetheine; N-[(R)-4-phosphopantothenoyl]-L-cysteine	coenzyme A biosynthetic process; coenzyme A metabolic process	2
COQ8B	Q96D53	RHEA:13065		ketone biosynthetic process; ketone metabolic process; quinone biosynthetic process; quinone metabolic process; ubiquinone biosynthetic process; ubiquinone metabolic process	0
NUS1	Q96E22	RHEA:53008	(2E,6E)-farnesyl diphosphate; a di-trans,poly-cis-polyprenyl diphosphate; isopentenyl diphosphate	dolichol-linked oligosaccharide biosynthetic process; dolichyl diphosphate biosynthetic process; dolichyl monophosphate biosynthetic process; glycoprotein biosynthetic process; protein N-linked glycosylation	11
SIRT1	Q96EB6	RHEA:23500;RHEA:43636;RHEA:58108;RHEA:69332;RHEA:80287	2''-O-(2E)-but-2-enoyl-ADP-D-ribose; 2''-O-(S)-lactoyl-ADP-D-ribose; 2''-O-acetyl-ADP-D-ribose; 3''-O-propanoyl-ADP-D-ribose; acetate; nicotinamide	DNA biosynthetic process; DNA metabolic process; DNA repair; DNA synthesis involved in DNA repair; UV-damage excision repair; acylglycerol metabolic process; macromolecule catabolic process; macromolecule deacylation; modification-dependent macromolecule catabolic process; modification-dependent protein catabolic process; neutral lipid metabolic process; nucleic acid biosynthetic process; nucleotide-excision repair; peptidyl-lysine acetylation; peptidyl-lysine modification; post-translational protein modification; proteasomal protein catabolic process; proteasome-mediated ubiquitin-dependent protein catabolic process; protein acetylation; protein acylation; protein catabolic process; protein deacetylation; protein deacylation; protein depropionylation; protein modification by small protein conjugation; protein modification by small protein conjugation or removal; protein ubiquitination; pyrimidine dimer repair; pyrimidine dimer repair by nucleotide-excision repair; single strand break repair; triglyceride metabolic process; triglyceride mobilization; ubiquitin-dependent protein catabolic process	13
GNPNAT1	Q96EK6	RHEA:10292	D-glucosamine 6-phosphate; N-acetyl-D-glucosamine 6-phosphate; acetyl-CoA	UDP-N-acetylglucosamine biosynthetic process; UDP-N-acetylglucosamine metabolic process; amino sugar biosynthetic process; amino sugar metabolic process; nucleotide-sugar biosynthetic process; nucleotide-sugar metabolic process	33
MOCOS	Q96EN8	RHEA:42636	L-alanine; L-cysteine; Mo-molybdopterin; thio-Mo-molybdopterin	Mo-molybdopterin cofactor biosynthetic process; Mo-molybdopterin cofactor metabolic process; molybdopterin cofactor biosynthetic process; molybdopterin cofactor metabolic process; prosthetic group metabolic process	13
TRMT61A	Q96FX7	RHEA:43152		RNA biosynthetic process; RNA metabolic process; RNA methylation; RNA modification; RNA processing; mRNA metabolic process; mRNA processing; macromolecule methylation; methylation; nucleic acid biosynthetic process; tRNA metabolic process; tRNA methylation; tRNA modification; tRNA processing	0
CERS2	Q96G23	RHEA:23768	a fatty acyl-CoA; an N-acylsphing-4-enine; sphing-4-enine	ceramide biosynthetic process; ceramide metabolic process; glycolipid biosynthetic process; glycolipid metabolic process; glycosphingolipid biosynthetic process; glycosphingolipid metabolic process; liposaccharide metabolic process	29
PDXP	Q96GD0	RHEA:20533	pyridoxal; pyridoxal 5'-phosphate	aldehyde catabolic process; aldehyde metabolic process; dephosphorylation; protein dephosphorylation; pyridine-containing compound catabolic process; pyridoxal 5'-phosphate catabolic process; pyridoxal 5'-phosphate metabolic process; vitamin B6 catabolic process; vitamin B6 metabolic process; vitamin catabolic process; vitamin metabolic process; water-soluble vitamin catabolic process	2
MASTL	Q96GX5	RHEA:17989			0
APIP	Q96GX9	RHEA:15549	5-(methylsulfanyl)-D-ribulose 1-phosphate; 5-methylsulfanyl-2,3-dioxopentyl phosphate	L-methionine cycle; L-methionine metabolic process; S-adenosylmethionine metabolic process; homocysteine metabolic process; non-proteinogenic amino acid metabolic process; nucleoside metabolic process; purine nucleoside metabolic process; purine ribonucleoside metabolic process; ribonucleoside metabolic process; sulfur amino acid metabolic process	0
COQ2	Q96H96	RHEA:44504	4-hydroxybenzoate; a 4-hydroxy-3-(all-trans-polyprenyl)benzoate; an all-trans-polyprenyl diphosphate	glycerol metabolic process; isoprenoid biosynthetic process; isoprenoid metabolic process; ketone biosynthetic process; ketone metabolic process; polyol metabolic process; quinone biosynthetic process; quinone metabolic process; ubiquinone biosynthetic process; ubiquinone metabolic process	1
ERO1A	Q96HE7	RHEA:17357;RHEA:59116	R'C(R)S-S(R)CR'; R'C(R)SH	protein folding; protein folding in endoplasmic reticulum	3
DHTKD1	Q96HY7	RHEA:69576	2-oxoadipate	L-lysine catabolic process	1
LOXL4	Q96JB6	RHEA:24544			0
FAR2	Q96K12	RHEA:52716;RHEA:81751	a long-chain fatty acyl-CoA; a long-chain primary fatty alcohol; a very long-chain fatty acyl-CoA; a very long-chain primary fatty alcohol	acyl-CoA metabolic process; fatty acid derivative biosynthetic process; fatty acid derivative metabolic process; fatty-acyl-CoA metabolic process; long-chain fatty-acyl-CoA metabolic process; wax biosynthetic process; wax metabolic process	9
B3GALT6	Q96L58	RHEA:11780	UDP-alpha-D-galactose	aminoglycan biosynthetic process; aminoglycan metabolic process; chondroitin sulfate proteoglycan biosynthetic process; chondroitin sulfate proteoglycan metabolic process; dermatan sulfate proteoglycan biosynthetic process; dermatan sulfate proteoglycan metabolic process; glycoprotein biosynthetic process; glycosaminoglycan biosynthetic process; glycosaminoglycan metabolic process; glycosaminoglycan-protein linkage region biosynthetic process; heparan sulfate proteoglycan biosynthetic process; heparan sulfate proteoglycan metabolic process; heparin proteoglycan biosynthetic process; heparin proteoglycan metabolic process; protein O-linked glycosylation; protein O-linked glycosylation via xylose; proteoglycan biosynthetic process; proteoglycan metabolic process	13
ALPK3	Q96L96	RHEA:17989			0
ATP6V1G3	Q96LB4	RHEA:57720			0
SAMD8	Q96LT4	RHEA:16273;RHEA:18765;RHEA:45896	CDP-choline; CDP-ethanolamine; a 1,2-diacyl-sn-glycero-3-phosphocholine; a 1,2-diacyl-sn-glycerol; a sphingomyelin; an N-acyl-sphingoid 1-phosphoethanolamine; an N-acyl-sphingoid base; an N-acylsphing-4-enine	ceramide biosynthetic process; ceramide metabolic process; sphingomyelin biosynthetic process; sphingomyelin metabolic process	41
UROC1	Q96N76	RHEA:13101	4-imidazolone-5-propanoate; trans-urocanate	L-histidine catabolic process; aromatic amino acid catabolic process; aromatic amino acid metabolic process; imidazole-containing compound catabolic process; imidazole-containing compound metabolic process	2
RDH12	Q96NR8	RHEA:25033;RHEA:48488;RHEA:54912	11-cis-retinal; 11-cis-retinol; all-trans-retinal; all-trans-retinol; apo-[alkylcobalamin reductase]	diterpenoid metabolic process; hormone metabolic process; isoprenoid metabolic process; olefinic compound metabolic process; primary alcohol metabolic process; retinoid metabolic process; retinol metabolic process; terpenoid metabolic process	11
AMDHD1	Q96NU7	RHEA:23660	4-imidazolone-5-propanoate; N-formimidoyl-L-glutamate	L-histidine catabolic process; aromatic amino acid catabolic process; aromatic amino acid metabolic process; imidazole-containing compound catabolic process; imidazole-containing compound metabolic process	2
NLRP3	Q96P20	RHEA:13065			0
IP6K3	Q96PC2	RHEA:12793	1D-myo-inositol hexakisphosphate; 5-diphospho-1D-myo-inositol 1,2,3,4,6-pentakisphosphate	glycerophospholipid biosynthetic process; inositol phosphate biosynthetic process; inositol phosphate metabolic process; phosphatidylinositol metabolic process; phosphatidylinositol phosphate biosynthetic process; phosphorylation; polyol biosynthetic process; polyol metabolic process; protein phosphorylation	1
DGAT2	Q96PD7	RHEA:10868;RHEA:11488;RHEA:16741	a 1,2-diacyl-sn-glycerol; a 1,2-diacylglycerol; a 2-acylglycerol; a triacyl-sn-glycerol; all-trans-retinol; an acyl-CoA; an all-trans-retinyl ester	acyl-CoA metabolic process; acylglycerol biosynthetic process; acylglycerol metabolic process; diacylglycerol biosynthetic process; diacylglycerol metabolic process; diterpenoid metabolic process; fatty acid derivative metabolic process; fatty-acyl-CoA metabolic process; hormone metabolic process; isoprenoid metabolic process; long-chain fatty-acyl-CoA metabolic process; monoacylglycerol biosynthetic process; monoacylglycerol metabolic process; neutral lipid biosynthetic process; neutral lipid metabolic process; olefinic compound metabolic process; primary alcohol metabolic process; retinoid metabolic process; retinol metabolic process; terpenoid metabolic process; triglyceride biosynthetic process; triglyceride metabolic process	39
MCEE	Q96PE7	RHEA:20553	(R)-methylmalonyl-CoA; (S)-methylmalonyl-CoA	L-methylmalonyl-CoA metabolic process; acyl-CoA biosynthetic process; acyl-CoA metabolic process; fatty acid catabolic process; short-chain fatty acid catabolic process; short-chain fatty acid metabolic process; succinyl-CoA biosynthetic process; succinyl-CoA metabolic process	3
NEK1	Q96PY6	RHEA:17989		phosphorylation; protein phosphorylation	0
LMTK3	Q96Q04	RHEA:17989			0
ALPK1	Q96QP1	RHEA:17989			0
MCCC1	Q96RQ3	RHEA:13501;RHEA:13589	3-methyl-(2E)-glutaconyl-CoA; 3-methylbut-2-enoyl-CoA	L-leucine catabolic process; L-leucine metabolic process; biotin metabolic process; branched-chain amino acid catabolic process; branched-chain amino acid metabolic process	3
IL4I1	Q96RQ9	RHEA:13781;RHEA:16153;RHEA:61240	3-phenylpyruvate; L-phenylalanine; a 2-oxocarboxylate; a primary methyl amine; an L-alpha-amino acid; an aldehyde	L-phenylalanine catabolic process; L-tryptophan catabolic process; L-tyrosine catabolic process; aromatic amino acid catabolic process; aromatic amino acid metabolic process; indole-containing compound catabolic process; indole-containing compound metabolic process	10
ADO	Q96SZ5	RHEA:14409	cysteamine; hypotaurine	alkanesulfonate biosynthetic process; alkanesulfonate metabolic process; taurine biosynthetic process; taurine metabolic process	1
NMNAT3	Q96T66	RHEA:21360;RHEA:22860	beta-nicotinamide D-ribonucleotide; deamido-NAD(+); nicotinate beta-D-ribonucleotide	NAD+ biosynthetic process; NAD+ biosynthetic process via the salvage pathway; NAD+ metabolic process; metabolic compound salvage; nicotinamide nucleotide biosynthetic process; nucleotide salvage; protein folding; purine nucleotide salvage; purine-containing compound salvage; pyridine nucleotide biosynthetic process; pyridine nucleotide salvage; pyridine-containing compound biosynthetic process	10
GAD1	Q99259	RHEA:17785	4-aminobutanoate	GABA biosynthetic process; GABA shunt; L-glutamate catabolic process; amino acid biosynthetic process; dicarboxylic acid catabolic process; dicarboxylic acid metabolic process; glutamate metabolic process; non-proteinogenic amino acid biosynthetic process; non-proteinogenic amino acid metabolic process; succinate metabolic process	1
ACOX2	Q99424	RHEA:15733;RHEA:38959;RHEA:40459;RHEA:78851;RHEA:78855	(24R,25R)-3alpha,7alpha,12alpha,24-tetrahydroxy-5beta-cholestan-26-oyl-CoA; (25R)-3alpha,7alpha,12alpha-trihydroxy-5beta-cholestan-26-oyl-CoA; (2E)-pristenoyl-CoA; (2S)-pristanoyl-CoA; a (2E)-enoyl-CoA; a 2,3-saturated acyl-CoA; a long-chain (2E)-enoyl-CoA; a long-chain 2,3-saturated fatty acyl-CoA; a medium-chain (2E)-enoyl-CoA; a medium-chain 2,3-saturated fatty acyl-CoA	bile acid biosynthetic process; bile acid metabolic process; fatty acid beta-oxidation; fatty acid beta-oxidation using acyl-CoA oxidase; fatty acid catabolic process; fatty acid oxidation; lipid modification; lipid oxidation; very long-chain fatty acid metabolic process	18
ATP6V0B	Q99437	RHEA:57720			0
PCYT2	Q99447	RHEA:24592	CDP-ethanolamine; phosphoethanolamine	glycerophospholipid biosynthetic process; phosphatidylethanolamine biosynthetic process; phosphatidylethanolamine metabolic process	11
PARK7	Q99497	RHEA:10008;RHEA:27754;RHEA:51672	(R)-lactate; a hydroperoxide; an alcohol; glycolate; glyoxal; methylglyoxal	DNA metabolic process; DNA repair; aldehyde catabolic process; aldehyde metabolic process; detoxification of hydrogen peroxide; glycolate biosynthetic process; glycolate metabolic process; glyoxal catabolic process; glyoxal metabolic process; hydrogen peroxide metabolic process; ketone catabolic process; ketone metabolic process; lactate biosynthetic process; lactate metabolic process; methylglyoxal catabolic process; methylglyoxal metabolic process; primary alcohol biosynthetic process; primary alcohol metabolic process; protein repair; reactive oxygen species metabolic process; removal of superoxide radicals; superoxide metabolic process	7
PIK3R4	Q99570	RHEA:17989		autophagosome maturation; autophagy; autophagy of peroxisome; glycerophospholipid biosynthetic process; macroautophagy; macromolecule catabolic process; pexophagy; phosphatidylinositol phosphate biosynthetic process; phosphatidylinositol-3-phosphate biosynthetic process; phosphorylation; protein phosphorylation; receptor catabolic process; receptor metabolic process	0
SEPHS2	Q99611	RHEA:18737	hydrogenselenide; selenophosphate	L-selenocysteine biosynthetic process; amino acid biosynthetic process; modified amino acid biosynthetic process; proteinogenic amino acid biosynthetic process	2
PKMYT1	Q99640	RHEA:17989			0
SDHC	Q99643	RHEA:40523	fumarate; succinate	ATP biosynthetic process; ATP synthesis coupled electron transport; aerobic electron transport chain; electron transport chain; mitochondrial ATP synthesis coupled electron transport; mitochondrial electron transport, succinate to ubiquinone; proton motive force-driven ATP synthesis; proton motive force-driven mitochondrial ATP synthesis; purine nucleoside triphosphate biosynthetic process; purine ribonucleoside triphosphate biosynthetic process; respiratory electron transport chain; tricarboxylic acid cycle	17
MAP3K5	Q99683	RHEA:17989			0
MTR	Q99707	RHEA:11172	(6S)-5,6,7,8-tetrahydrofolate; (6S)-5-methyl-5,6,7,8-tetrahydrofolate; L-homocysteine; L-methionine	L-methionine biosynthetic process; L-methionine metabolic process; L-methionine salvage; amino acid biosynthetic process; amino acid salvage; aspartate family amino acid biosynthetic process; cobalamin metabolic process; folic acid-containing compound metabolic process; metabolic compound salvage; methylation; proteinogenic amino acid biosynthetic process; pteridine-containing compound metabolic process; sulfur amino acid biosynthetic process; sulfur amino acid metabolic process; tetrahydrofolate metabolic process; tetrapyrrole metabolic process	15
HSD17B10	Q99714	RHEA:13281;RHEA:14929;RHEA:19409;RHEA:22400;RHEA:22432;RHEA:42024;RHEA:42028;RHEA:42036;RHEA:52656;RHEA:81091;RHEA:81599	(2S,3S)-3-hydroxy-2-methylbutanoyl-CoA; 17beta-hydroxyandrostanone; 2-methyl-3-oxobutanoyl-CoA; 3alpha,12alpha-dihydroxy-7-oxo-5beta-cholanate; 3beta,7beta-dihydroxy-5beta-cholan-24-oate; 3beta-hydroxy-7-oxo-5beta-cholan-24-oate; 7-oxolithocholate; a (3S)-3-hydroxyacyl-CoA; a 17-oxo steroid; a 17beta-hydroxy steroid; a 3-oxoacyl-CoA; a cardiolipin; a diphosphatidylglycerone; a long-chain (3S)-3-hydroxy fatty acyl-CoA; a long-chain 3-oxo-fatty acyl-CoA; androst-4-ene-3,17-dione; androstan-3alpha,17beta-diol; chenodeoxycholate; cholate; testosterone; ursodeoxycholate	C21-steroid hormone metabolic process; L-isoleucine catabolic process; RNA 3'-end processing; RNA 5'-end processing; RNA biosynthetic process; RNA metabolic process; RNA methylation; RNA modification; RNA processing; androgen metabolic process; bile acid biosynthetic process; bile acid metabolic process; branched-chain amino acid catabolic process; branched-chain amino acid metabolic process; brexanolone metabolic process; estrogen metabolic process; fatty acid beta-oxidation; fatty acid catabolic process; fatty acid oxidation; hormone metabolic process; ketone metabolic process; lipid modification; lipid oxidation; macromolecule methylation; methylation; mitochondrial RNA 3'-end processing; mitochondrial RNA 5'-end processing; mitochondrial RNA metabolic process; mitochondrial RNA modification; mitochondrial RNA processing; mitochondrial gene expression; mitochondrial tRNA 3'-end processing; mitochondrial tRNA 5'-end processing; mitochondrial tRNA methylation; mitochondrial tRNA modification; mitochondrial tRNA processing; nucleic acid biosynthetic process; tRNA 3'-end processing; tRNA 3'-terminal CCA addition; tRNA 5'-end processing; tRNA metabolic process; tRNA methylation; tRNA modification; tRNA processing	17
ABCA3	Q99758	RHEA:13065		phosphatidylcholine metabolic process; phosphatidylglycerol metabolic process	0
COQ7	Q99807	RHEA:81211	a 5-methoxy-2-methyl-3-(all-trans-polyprenyl)benzoquinone	ketone biosynthetic process; ketone metabolic process; quinone biosynthetic process; quinone metabolic process; ubiquinone biosynthetic process; ubiquinone metabolic process	0
GAL3ST1	Q99999	RHEA:20613	3'-phosphoadenylyl sulfate; a beta-D-galactosyl-(1<->1')-N-acylsphing-4-enine; adenosine 3',5'-bisphosphate; an N-acyl-1-beta-D-(3-O-sulfo)-galactosyl-sphing-4-enine	ceramide biosynthetic process; ceramide metabolic process; galactolipid biosynthetic process; galactolipid metabolic process; galactosylceramide biosynthetic process; galactosylceramide metabolic process; glycolipid biosynthetic process; glycolipid metabolic process; glycoprotein biosynthetic process; glycosphingolipid biosynthetic process; glycosphingolipid metabolic process; glycosylceramide metabolic process; liposaccharide metabolic process; protein N-linked glycosylation	9
LPIN3	Q9BQK8	RHEA:27429	a 1,2-diacyl-sn-glycero-3-phosphate; a 1,2-diacyl-sn-glycerol	acylglycerol biosynthetic process; acylglycerol metabolic process; fatty acid catabolic process; neutral lipid biosynthetic process; neutral lipid metabolic process; triglyceride biosynthetic process; triglyceride metabolic process	20
PIGQ	Q9BRB3	RHEA:14789	UDP-N-acetyl-alpha-D-glucosamine; a 1,2-diacyl-sn-glycero-3-phospho-(1D-myo-inositol); a 6-(N-acetyl-alpha-D-glucosaminyl)-1-(1,2-diacyl-sn-glycero-3-phospho)-1D-myo-inositol	GPI anchor biosynthetic process; GPI anchor metabolic process; GPI anchored protein biosynthesis; glycerophospholipid biosynthetic process; glycolipid biosynthetic process; glycolipid metabolic process; liposaccharide metabolic process	18
AIFM2	Q9BRQ8	RHEA:24052;RHEA:46160;RHEA:46164		electron transport chain; ketone metabolic process; quinone metabolic process; respiratory electron transport chain; ubiquinone metabolic process; vitamin K metabolic process	0
ALG1	Q9BT22	RHEA:13865	GDP-alpha-D-mannose; a beta-D-Man-(1->4)-beta-D-GlcNAc-(1->4)-alpha-D-GlcNAc-diphospho-di-trans,poly-cis-dolichol; an N,N'-diacetylchitobiosyl-diphospho-di-trans,poly-cis-dolichol	dolichol-linked oligosaccharide biosynthetic process; glycoprotein biosynthetic process; protein N-linked glycosylation	4
AARSD1	Q9BTE6	RHEA:12540	L-alanine	RNA metabolic process; alanyl-tRNA aminoacylation; amino acid activation; aminoacyl-tRNA metabolism involved in translational fidelity; protein biosynthetic process; tRNA aminoacylation; tRNA aminoacylation for protein translation; tRNA metabolic process; translation	6
THTPA	Q9BU02	RHEA:11744	thiamine diphosphate; thiamine triphosphate	dephosphorylation; primary alcohol metabolic process; pyrimidine-containing compound biosynthetic process; pyrimidine-containing compound metabolic process; thiamine diphosphate biosynthetic process; thiamine diphosphate metabolic process; thiamine metabolic process; thiamine-containing compound biosynthetic process; thiamine-containing compound metabolic process; vitamin biosynthetic process; vitamin metabolic process; water-soluble vitamin biosynthetic process	1
G6PC3	Q9BUM1	RHEA:16689	D-glucose; D-glucose 6-phosphate	carbohydrate biosynthetic process; gluconeogenesis; glucose 6-phosphate metabolic process; glucose metabolic process; hexose biosynthetic process; hexose metabolic process; monosaccharide biosynthetic process; monosaccharide metabolic process	7
CHAC1	Q9BUX1	RHEA:47724	5-oxo-L-proline; L-cysteinylglycine; glutathione	glutathione catabolic process; glutathione metabolic process; modified amino acid catabolic process; sulfur compound catabolic process	10
ALG12	Q9BV10	RHEA:29535	a di-trans,poly-cis-dolichyl beta-D-mannosyl phosphate; a di-trans,poly-cis-dolichyl phosphate; an alpha-D-Man-(1->2)-alpha-D-Man-(1->2)-alpha-D-Man-(1->3)-[alpha-D-Man-(1->2)-alpha-D-Man-(1->3)-[alpha-D-Man-(1->6)]-alpha-D-Man-(1->6)]-beta-D-Man-(1->4)-beta-D-GlcNAc-(1->4)-alpha-D-GlcNAc-diphospho-di-trans,poly-cis-dolichol; an alpha-D-Man-(1->2)-alpha-D-Man-(1->2)-alpha-D-Man-(1->3)-[alpha-D-Man-(1->2)-alpha-D-Man-(1->3)-alpha-D-Man-(1->6)]-beta-D-Man-(1->4)-beta-D-GlcNAc-(1->4)-alpha-D-GlcNAc-diphospho-di-trans,poly-cis-dolichol	dolichol-linked oligosaccharide biosynthetic process; glycoprotein biosynthetic process; protein N-linked glycosylation; protein folding	11
ALG8	Q9BVK2	RHEA:31307	a di-trans,poly-cis-dolichyl beta-D-glucosyl phosphate; a di-trans,poly-cis-dolichyl phosphate; an alpha-D-Glc-(1->3)-alpha-D-Glc-(1->3)-alpha-D-Man-(1->2)-alpha-D-Man-(1->2)-alpha-D-Man-(1->3)-[alpha-D-Man-(1->2)-alpha-D-Man-(1->3)-[alpha-D-Man-(1->2)-alpha-D-Man-(1->6)]-alpha-D-Man-(1->6)]-beta-D-Man-(1->4)-beta-D-GlcNAc-(1->4)-alpha-D-GlcNAc-diphospho-di-trans,poly-cis-dolichol; an alpha-D-Glc-(1->3)-alpha-D-Man-(1->2)-alpha-D-Man-(1->2)-alpha-D-Man-(1->3)-[alpha-D-Man-(1->2)-alpha-D-Man-(1->3)-[alpha-D-Man-(1->2)-alpha-D-Man-(1->6)]-alpha-D-Man-(1->6)]-beta-D-Man-(1->4)-beta-D-GlcNAc-(1->4)-alpha-D-GlcNAc-diphospho-di-trans,poly-cis-dolichol	dolichol-linked oligosaccharide biosynthetic process; glycoprotein biosynthetic process; protein N-linked glycosylation	11
ELOVL1	Q9BW60	RHEA:32727	a very-long-chain 3-oxoacyl-CoA; a very-long-chain acyl-CoA; malonyl-CoA	acyl-CoA biosynthetic process; acyl-CoA metabolic process; alpha-linolenic acid metabolic process; ceramide biosynthetic process; ceramide metabolic process; fatty acid biosynthetic process; fatty acid derivative biosynthetic process; fatty acid derivative metabolic process; fatty acid elongation; fatty acid elongation, monounsaturated fatty acid; fatty acid elongation, polyunsaturated fatty acid; fatty acid elongation, saturated fatty acid; fatty acid elongation, unsaturated fatty acid; fatty-acyl-CoA biosynthetic process; fatty-acyl-CoA metabolic process; linoleic acid metabolic process; long-chain fatty acid metabolic process; long-chain fatty-acyl-CoA biosynthetic process; long-chain fatty-acyl-CoA metabolic process; olefinic compound metabolic process; unsaturated fatty acid biosynthetic process; unsaturated fatty acid metabolic process; very long-chain fatty acid biosynthetic process; very long-chain fatty acid metabolic process	10
GTPBP2	Q9BX10	RHEA:19669		protein biosynthetic process; translation; translational elongation	0
BRIP1	Q9BX63	RHEA:13065		DNA metabolic process; DNA recombination; DNA repair; double-strand break repair; double-strand break repair involved in meiotic recombination; homologous recombination; nucleotide-excision repair; protein-DNA covalent cross-linking repair; reciprocal homologous recombination; reciprocal meiotic recombination	0
HINT2	Q9BX68	RHEA:67916	adenosine 5'-phosphoramidate		0
SGPP1	Q9BX95	RHEA:27514;RHEA:27518	sphing-4-enine; sphing-4-enine 1-phosphate; sphinganine; sphinganine 1-phosphate	dephosphorylation; diol metabolic process; lipid modification; phospholipid dephosphorylation; polyol metabolic process; sphingoid metabolic process; sphingolipid catabolic process; sphingosine metabolic process	11
NPL	Q9BXD5	RHEA:23296	aceneuramate; aldehydo-N-acetyl-D-mannosamine; pyruvate	N-acetylneuraminate catabolic process; N-acetylneuraminate metabolic process; amino sugar catabolic process; amino sugar metabolic process	12
NT5C1A	Q9BXI3	RHEA:22140;RHEA:36167	a 2'-deoxyribonucleoside; a 2'-deoxyribonucleoside 5'-phosphate; a nucleoside; a nucleoside 5'-phosphate	2'-deoxyribonucleotide metabolic process; AMP catabolic process; AMP metabolic process; IMP catabolic process; IMP metabolic process; adenosine metabolic process; allantoin metabolic process; dAMP catabolic process; dAMP metabolic process; dGMP catabolic process; dGMP metabolic process; deoxyribonucleoside monophosphate catabolic process; deoxyribose phosphate catabolic process; nucleoside metabolic process; nucleoside monophosphate catabolic process; nucleoside phosphate catabolic process; nucleotide catabolic process; purine deoxyribonucleoside monophosphate catabolic process; purine deoxyribonucleoside monophosphate metabolic process; purine deoxyribonucleotide catabolic process; purine deoxyribonucleotide metabolic process; purine nucleoside metabolic process; purine nucleoside monophosphate catabolic process; purine nucleoside monophosphate metabolic process; purine nucleotide catabolic process; purine ribonucleoside metabolic process; purine ribonucleoside monophosphate catabolic process; purine ribonucleoside monophosphate metabolic process; purine ribonucleotide catabolic process; purine-containing compound catabolic process; ribonucleoside metabolic process; ribonucleoside monophosphate catabolic process; ribonucleotide catabolic process	6
IDI2	Q9BXS1	RHEA:23284	dimethylallyl diphosphate; isopentenyl diphosphate	dimethylallyl diphosphate biosynthetic process; dimethylallyl diphosphate metabolic process; isopentenyl diphosphate biosynthetic process; isopentenyl diphosphate metabolic process; isoprenoid biosynthetic process; isoprenoid metabolic process	9
B3GNT5	Q9BYG0	RHEA:13905	UDP-N-acetyl-alpha-D-glucosamine; a beta-D-Gal-(1->4)-beta-D-Glc-(1<->1)-Cer(d18:1(4E)); a beta-D-GlcNAc-(1->3)-beta-D-Gal-(1->4)-beta-D-Glc-(1<->1)-Cer(d18:1(4E))	glycolipid biosynthetic process; glycolipid metabolic process; glycoprotein biosynthetic process; glycosphingolipid biosynthetic process; glycosphingolipid metabolic process; liposaccharide metabolic process	16
AGXT2	Q9BYV1	RHEA:14077;RHEA:18393;RHEA:19953;RHEA:24248	(R)-3-amino-2-methylpropanoate; 2-methyl-3-oxopropanoate; 3-oxopropanoate; L-alanine; a 2-oxocarboxylate; an L-alpha-amino acid; beta-alanine; glycine; glyoxylate; pyruvate	L-alanine catabolic process; aldehyde catabolic process; aldehyde metabolic process; amino acid biosynthetic process; glycine biosynthetic process; glycine metabolic process; glyoxylate catabolic process; glyoxylate metabolic process; proteinogenic amino acid biosynthetic process; serine family amino acid biosynthetic process	37
IFIH1	Q9BYX4	RHEA:13065		peptidyl-lysine modification; post-translational protein modification; protein modification by small protein conjugation; protein modification by small protein conjugation or removal; protein sumoylation	0
PANK2	Q9BZ23	RHEA:16373	(R)-4'-phosphopantothenate; (R)-pantothenate	coenzyme A biosynthetic process; coenzyme A metabolic process; pantothenate metabolic process	3
PUS3	Q9BZE2	RHEA:42564;RHEA:48348;RHEA:54572		RNA biosynthetic process; RNA metabolic process; RNA modification; RNA processing; mRNA metabolic process; mRNA modification; mRNA pseudouridine synthesis; nucleic acid biosynthetic process; pseudouridine synthesis; tRNA metabolic process; tRNA modification; tRNA processing; tRNA pseudouridine synthesis	0
NMNAT2	Q9BZQ4	RHEA:21360;RHEA:22860	beta-nicotinamide D-ribonucleotide; deamido-NAD(+); nicotinate beta-D-ribonucleotide	'de novo' NAD+ biosynthetic process from L-tryptophan; NAD+ biosynthetic process; NAD+ biosynthetic process via the salvage pathway; NAD+ metabolic process; NADP+ biosynthetic process; NADP+ metabolic process; aromatic amino acid metabolic process; indole-containing compound metabolic process; metabolic compound salvage; nicotinamide nucleotide biosynthetic process; nucleotide salvage; purine nucleotide salvage; purine-containing compound salvage; pyridine nucleotide biosynthetic process; pyridine nucleotide salvage; pyridine-containing compound biosynthetic process	10
UCK2	Q9BZX2	RHEA:16825;RHEA:24674	cytidine; uridine	CMP biosynthetic process; CMP metabolic process; CTP biosynthetic process; CTP metabolic process; CTP salvage; UMP biosynthetic process; UMP metabolic process; UMP salvage; metabolic compound salvage; nucleoside monophosphate biosynthetic process; nucleotide salvage; pyrimidine nucleoside monophosphate biosynthetic process; pyrimidine nucleoside monophosphate metabolic process; pyrimidine nucleoside triphosphate biosynthetic process; pyrimidine nucleoside triphosphate metabolic process; pyrimidine nucleotide biosynthetic process; pyrimidine nucleotide metabolic process; pyrimidine nucleotide salvage; pyrimidine ribonucleoside monophosphate biosynthetic process; pyrimidine ribonucleoside monophosphate metabolic process; pyrimidine ribonucleoside triphosphate biosynthetic process; pyrimidine ribonucleoside triphosphate metabolic process; pyrimidine ribonucleotide biosynthetic process; pyrimidine ribonucleotide metabolic process; pyrimidine ribonucleotide salvage; pyrimidine-containing compound biosynthetic process; pyrimidine-containing compound metabolic process; pyrimidine-containing compound salvage; ribonucleoside monophosphate biosynthetic process	4
FTO	Q9C0B1	RHEA:30299;RHEA:49520	(sulfur carrier)-H; formaldehyde; succinate	DNA alkylation repair; DNA metabolic process; DNA repair; RNA biosynthetic process; RNA metabolic process; RNA processing; RNA repair; nucleic acid biosynthetic process; snRNA metabolic process; snRNA processing	15
SELENOI	Q9C0D9	RHEA:32943	CDP-ethanolamine; a 1,2-diacyl-sn-glycero-3-phosphoethanolamine; a 1,2-diacyl-sn-glycerol	ether biosynthetic process; ether lipid biosynthetic process; ether lipid metabolic process; glycerol ether biosynthetic process; glycerophospholipid biosynthetic process; phosphatidylethanolamine biosynthetic process; phosphatidylethanolamine metabolic process	18
ELOVL4	Q9GZR5	RHEA:32727	a very-long-chain 3-oxoacyl-CoA; a very-long-chain acyl-CoA; malonyl-CoA	acyl-CoA biosynthetic process; acyl-CoA metabolic process; fatty acid biosynthetic process; fatty acid derivative biosynthetic process; fatty acid derivative metabolic process; fatty acid elongation; fatty acid elongation, monounsaturated fatty acid; fatty acid elongation, polyunsaturated fatty acid; fatty acid elongation, saturated fatty acid; fatty acid elongation, unsaturated fatty acid; fatty-acyl-CoA biosynthetic process; fatty-acyl-CoA metabolic process; long-chain fatty-acyl-CoA biosynthetic process; long-chain fatty-acyl-CoA metabolic process; unsaturated fatty acid biosynthetic process; unsaturated fatty acid metabolic process; very long-chain fatty acid biosynthetic process; very long-chain fatty acid metabolic process	10
NAT10	Q9H0A0	RHEA:51424;RHEA:53876;RHEA:58480	acetyl-CoA	RNA acetylation; RNA biosynthetic process; RNA metabolic process; RNA modification; RNA processing; maturation of SSU-rRNA; nucleic acid biosynthetic process; protein acetylation; protein acylation; rRNA acetylation; rRNA acetylation involved in maturation of SSU-rRNA; rRNA metabolic process; rRNA modification; rRNA processing; tRNA acetylation; tRNA metabolic process; tRNA modification; tRNA processing; tRNA wobble base modification; tRNA wobble cytosine modification	28
ARL6	Q9H0F7	RHEA:19669			0
NT5C3A	Q9H0P0	RHEA:22140;RHEA:23324	2'-phospho-[ligated tRNA]; ADP-alpha-D-ribose 1'',2''-cyclic phosphate; a nucleoside; a nucleoside 5'-phosphate; mature tRNA; nicotinamide	2'-deoxyribonucleotide metabolic process; CMP catabolic process; CMP metabolic process; UMP catabolic process; UMP metabolic process; dCMP catabolic process; dCMP metabolic process; dTMP catabolic process; dTMP metabolic process; dUMP catabolic process; dUMP metabolic process; deoxyribonucleoside monophosphate catabolic process; deoxyribose phosphate catabolic process; nucleoside metabolic process; nucleoside monophosphate catabolic process; nucleoside phosphate catabolic process; nucleotide catabolic process; pyrimidine deoxyribonucleoside monophosphate catabolic process; pyrimidine deoxyribonucleoside monophosphate metabolic process; pyrimidine deoxyribonucleotide catabolic process; pyrimidine deoxyribonucleotide metabolic process; pyrimidine nucleoside metabolic process; pyrimidine nucleoside monophosphate catabolic process; pyrimidine nucleoside monophosphate metabolic process; pyrimidine nucleotide catabolic process; pyrimidine nucleotide metabolic process; pyrimidine ribonucleoside monophosphate catabolic process; pyrimidine ribonucleoside monophosphate metabolic process; pyrimidine ribonucleotide catabolic process; pyrimidine ribonucleotide metabolic process; pyrimidine-containing compound catabolic process; pyrimidine-containing compound metabolic process; ribonucleoside monophosphate catabolic process; ribonucleotide catabolic process	9
RAB1B	Q9H0U4	RHEA:19669		autophagosome assembly; autophagosome organization; autophagy; macroautophagy	0
ZBP1	Q9H171	RHEA:10120			0
ABCG8	Q9H221	RHEA:13065			0
ABCG5	Q9H222	RHEA:13065			0
HSD3B7	Q9H2F3	RHEA:11896	7alpha-hydroxycholest-4-en-3-one; 7alpha-hydroxycholesterol	bile acid biosynthetic process; bile acid metabolic process; steroid biosynthetic process	4
DPAGT1	Q9H3H5	RHEA:13289;RHEA:13581	UDP-N-acetyl-alpha-D-glucosamine; a di-trans,poly-cis-dolichyl phosphate; an N-acetyl-alpha-D-glucosaminyl-diphospho-di-trans,poly-cis-dolichol	dolichol-linked oligosaccharide biosynthetic process; glycoprotein biosynthetic process; protein N-linked glycosylation	22
TPK1	Q9H3S4	RHEA:11576;RHEA:79423	thiamine; thiamine diphosphate	metabolic compound salvage; primary alcohol biosynthetic process; primary alcohol metabolic process; pyrimidine-containing compound biosynthetic process; pyrimidine-containing compound metabolic process; pyrimidine-containing compound salvage; thiamine biosynthetic process; thiamine diphosphate biosynthetic process; thiamine diphosphate metabolic process; thiamine metabolic process; thiamine salvage; thiamine-containing compound biosynthetic process; thiamine-containing compound metabolic process; vitamin biosynthetic process; vitamin metabolic process; water-soluble vitamin biosynthetic process	1
PIGM	Q9H3S5	RHEA:60500	a 2-acyl-6-(alpha-D-mannosyl-(1->4)-alpha-D-glucosaminyl)-1-(1-radyl,2-acyl-sn-glycero-3-phospho)-1D-myo-inositol; a 2-acyl-6-alpha-D-glucosaminyl-1-(1-radyl,2-acyl-sn-glycero-3-phospho)-1D-myo-inositol; a di-trans,poly-cis-dolichyl beta-D-mannosyl phosphate; a di-trans,poly-cis-dolichyl phosphate	GPI anchor biosynthetic process; GPI anchor metabolic process; GPI anchored protein biosynthesis; glycerophospholipid biosynthetic process; glycolipid biosynthetic process; glycolipid metabolic process; liposaccharide metabolic process	11
FN3K	Q9H479	RHEA:48432;RHEA:59832		amino sugar metabolic process; fructosamine metabolic process; fructoselysine metabolic process; post-translational protein modification; protein deglycation; protein repair	0
ALG2	Q9H553	RHEA:29515;RHEA:29519	GDP-alpha-D-mannose; a beta-D-Man-(1->4)-beta-D-GlcNAc-(1->4)-alpha-D-GlcNAc-diphospho-di-trans,poly-cis-dolichol; an alpha-D-Man-(1->3)-[alpha-D-Man-(1->6)]-beta-D-Man-(1->4)-beta-D-GlcNAc-(1->4)-alpha-D-GlcNAc-diphospho-di-trans,poly-cis-dolichol; an alpha-D-Man-(1->3)-beta-D-Man-(1->4)-beta-D-GlcNAc-(1->4)-alpha-D-GlcNAc-diphospho-di-trans,poly-cis-dolichol	dolichol-linked oligosaccharide biosynthetic process; glycoprotein biosynthetic process; protein N-linked glycosylation	3
ELOVL6	Q9H5J4	RHEA:32727	a very-long-chain 3-oxoacyl-CoA; a very-long-chain acyl-CoA; malonyl-CoA	acyl-CoA biosynthetic process; acyl-CoA metabolic process; fatty acid biosynthetic process; fatty acid derivative biosynthetic process; fatty acid derivative metabolic process; fatty acid elongation; fatty acid elongation, monounsaturated fatty acid; fatty acid elongation, polyunsaturated fatty acid; fatty acid elongation, saturated fatty acid; fatty acid elongation, unsaturated fatty acid; fatty-acyl-CoA biosynthetic process; fatty-acyl-CoA metabolic process; long-chain fatty acid biosynthetic process; long-chain fatty acid metabolic process; long-chain fatty-acyl-CoA biosynthetic process; long-chain fatty-acyl-CoA metabolic process; unsaturated fatty acid biosynthetic process; unsaturated fatty acid metabolic process; very long-chain fatty acid biosynthetic process; very long-chain fatty acid metabolic process	10
ALG9	Q9H6U8	RHEA:29531;RHEA:29539	a di-trans,poly-cis-dolichyl beta-D-mannosyl phosphate; a di-trans,poly-cis-dolichyl phosphate; an alpha-D-Man-(1->2)-alpha-D-Man-(1->2)-alpha-D-Man-(1->3)-[alpha-D-Man-(1->2)-alpha-D-Man-(1->3)-[alpha-D-Man-(1->2)-alpha-D-Man-(1->6)]-alpha-D-Man-(1->6)]-beta-D-Man-(1->4)-beta-D-GlcNAc-(1->4)-alpha-D-GlcNAc-diphospho-di-trans,poly-cis-dolichol; an alpha-D-Man-(1->2)-alpha-D-Man-(1->2)-alpha-D-Man-(1->3)-[alpha-D-Man-(1->2)-alpha-D-Man-(1->3)-[alpha-D-Man-(1->6)]-alpha-D-Man-(1->6)]-beta-D-Man-(1->4)-beta-D-GlcNAc-(1->4)-alpha-D-GlcNAc-diphospho-di-trans,poly-cis-dolichol; an alpha-D-Man-(1->2)-alpha-D-Man-(1->2)-alpha-D-Man-(1->3)-[alpha-D-Man-(1->2)-alpha-D-Man-(1->3)-alpha-D-Man-(1->6)]-beta-D-Man-(1->4)-beta-D-GlcNAc-(1->4)-alpha-D-GlcNAc-diphospho-di-trans,poly-cis-dolichol; an alpha-D-Man-(1->2)-alpha-D-Man-(1->2)-alpha-D-Man-(1->3)-[alpha-D-Man-(1->3)-alpha-D-Man-(1->6)]-beta-D-Man-(1->4)-beta-D-GlcNAc-(1->4)-alpha-D-GlcNAc-diphospho-di-trans,poly-cis-dolichol	dolichol-linked oligosaccharide biosynthetic process; glycoprotein biosynthetic process; protein N-linked glycosylation	11
ATP13A3	Q9H7F0	RHEA:13065;RHEA:29995	putrescine		3
ACAD9	Q9H845	RHEA:14477;RHEA:17721;RHEA:19181;RHEA:44704	a (2E)-enoyl-CoA; a 2,3-saturated acyl-CoA; a long-chain (2E)-enoyl-CoA; a long-chain 2,3-saturated fatty acyl-CoA; a medium-chain (2E)-enoyl-CoA; a medium-chain 2,3-saturated fatty acyl-CoA; a very-long-chain (2E)-enoyl-CoA; a very-long-chain 2,3-saturated fatty acyl-CoA	long-chain fatty acid metabolic process; medium-chain fatty acid metabolic process	18
SRD5A3	Q9H8P0	RHEA:13805;RHEA:54384;RHEA:80727	a 3-oxo-5alpha-steroid; a 3-oxo-Delta(4)-steroid; a di-trans,poly-cis-dolichal; a di-trans,poly-cis-polyprenal	androgen biosynthetic process; androgen metabolic process; dolichol-linked oligosaccharide biosynthetic process; dolichyl monophosphate biosynthetic process; glycoprotein biosynthetic process; hormone biosynthetic process; hormone metabolic process; protein N-linked glycosylation; steroid biosynthetic process; steroid hormone biosynthetic process	4
PANK3	Q9H999	RHEA:16373	(R)-4'-phosphopantothenate; (R)-pantothenate	coenzyme A biosynthetic process; coenzyme A metabolic process; phosphorylation	3
UCK1	Q9HA47	RHEA:16825;RHEA:24674	cytidine; uridine	CMP biosynthetic process; CMP metabolic process; CTP biosynthetic process; CTP metabolic process; CTP salvage; UMP biosynthetic process; UMP metabolic process; UMP salvage; metabolic compound salvage; nucleoside monophosphate biosynthetic process; nucleotide salvage; pyrimidine nucleoside monophosphate biosynthetic process; pyrimidine nucleoside monophosphate metabolic process; pyrimidine nucleoside triphosphate biosynthetic process; pyrimidine nucleoside triphosphate metabolic process; pyrimidine nucleotide biosynthetic process; pyrimidine nucleotide metabolic process; pyrimidine nucleotide salvage; pyrimidine ribonucleoside monophosphate biosynthetic process; pyrimidine ribonucleoside monophosphate metabolic process; pyrimidine ribonucleoside triphosphate biosynthetic process; pyrimidine ribonucleoside triphosphate metabolic process; pyrimidine ribonucleotide biosynthetic process; pyrimidine ribonucleotide metabolic process; pyrimidine ribonucleotide salvage; pyrimidine-containing compound biosynthetic process; pyrimidine-containing compound metabolic process; pyrimidine-containing compound salvage; ribonucleoside monophosphate biosynthetic process	4
PPCS	Q9HAB8	RHEA:19397	(R)-4'-phosphopantothenate; L-cysteine; N-[(R)-4-phosphopantothenoyl]-L-cysteine	acetyl-CoA biosynthetic process; acetyl-CoA metabolic process; acyl-CoA biosynthetic process; acyl-CoA metabolic process; coenzyme A biosynthetic process; coenzyme A metabolic process	11
NMNAT1	Q9HAN9	RHEA:21360;RHEA:22860	beta-nicotinamide D-ribonucleotide; deamido-NAD(+); nicotinate beta-D-ribonucleotide	ATP generation from poly-ADP-D-ribose; NAD+ biosynthetic process; NAD+ biosynthetic process via the salvage pathway; NAD+ metabolic process; metabolic compound salvage; nicotinamide nucleotide biosynthetic process; nucleotide salvage; purine nucleotide salvage; purine-containing compound salvage; pyridine nucleotide biosynthetic process; pyridine nucleotide salvage; pyridine-containing compound biosynthetic process	10
ELOVL3	Q9HB03	RHEA:32727	a very-long-chain 3-oxoacyl-CoA; a very-long-chain acyl-CoA; malonyl-CoA	acyl-CoA biosynthetic process; acyl-CoA metabolic process; alpha-linolenic acid metabolic process; fatty acid biosynthetic process; fatty acid derivative biosynthetic process; fatty acid derivative metabolic process; fatty acid elongation; fatty acid elongation, monounsaturated fatty acid; fatty acid elongation, polyunsaturated fatty acid; fatty acid elongation, saturated fatty acid; fatty acid elongation, unsaturated fatty acid; fatty-acyl-CoA biosynthetic process; fatty-acyl-CoA metabolic process; linoleic acid metabolic process; long-chain fatty acid metabolic process; long-chain fatty-acyl-CoA biosynthetic process; long-chain fatty-acyl-CoA metabolic process; olefinic compound metabolic process; unsaturated fatty acid biosynthetic process; unsaturated fatty acid metabolic process; very long-chain fatty acid biosynthetic process; very long-chain fatty acid metabolic process	10
ATP6V0A4	Q9HBG4	RHEA:57720		autophagosome maturation; autophagy; macroautophagy	0
ETNK1	Q9HBU6	RHEA:13069	ethanolamine; phosphoethanolamine	glycerophospholipid biosynthetic process; phosphatidylethanolamine biosynthetic process; phosphatidylethanolamine metabolic process	6
MCCC2	Q9HCC0	RHEA:13589	3-methyl-(2E)-glutaconyl-CoA; 3-methylbut-2-enoyl-CoA	L-leucine catabolic process; L-leucine metabolic process; branched-chain amino acid catabolic process; branched-chain amino acid metabolic process; coenzyme A metabolic process	3
GDPD2	Q9HCC8	RHEA:12969;RHEA:14033	1D-myo-inositol 1-phosphate; a sn-glycero-3-phosphodiester; an alcohol; glycerol; sn-glycero-3-phospho-1D-myo-inositol; sn-glycerol 3-phosphate		10
GPAM	Q9HCL2	RHEA:15325	a 1-acyl-sn-glycero-3-phosphate; an acyl-CoA; sn-glycerol 3-phosphate	CDP-diacylglycerol biosynthetic process; CDP-diacylglycerol metabolic process; acylglycerol biosynthetic process; acylglycerol metabolic process; diacylglycerol biosynthetic process; diacylglycerol metabolic process; glycerophospholipid biosynthetic process; neutral lipid biosynthetic process; neutral lipid metabolic process; phosphatidic acid biosynthetic process; phosphatidic acid metabolic process; phosphatidylglycerol biosynthetic process; phosphatidylglycerol metabolic process; triglyceride biosynthetic process; triglyceride metabolic process	23
ATP13A1	Q9HD20	RHEA:13065;RHEA:17365			0
SEPSECS	Q9HD40	RHEA:25041	selenophosphate	L-selenocysteine biosynthetic process; RNA biosynthetic process; RNA metabolic process; RNA modification; RNA processing; amino acid biosynthetic process; charged-tRNA amino acid modification; conversion of seryl-tRNAsec to selenocys-tRNAsec; modified amino acid biosynthetic process; nucleic acid biosynthetic process; protein biosynthetic process; proteinogenic amino acid biosynthetic process; selenium compound metabolic process; selenocysteine incorporation; tRNA metabolic process; tRNA modification; tRNA processing; translation; translational elongation; translational readthrough	2
ALG13	Q9NP73	RHEA:23380	UDP-N-acetyl-alpha-D-glucosamine; an N,N'-diacetylchitobiosyl-diphospho-di-trans,poly-cis-dolichol; an N-acetyl-alpha-D-glucosaminyl-diphospho-di-trans,poly-cis-dolichol	dolichol-linked oligosaccharide biosynthetic process; glycoprotein biosynthetic process; protein N-linked glycosylation	12
RAB9B	Q9NP90	RHEA:19669			0
A4GALT	Q9NPC4	RHEA:11924	UDP-alpha-D-galactose; a beta-D-Gal-(1->4)-beta-D-Glc-(1<->1)-Cer(d18:1(4E)); a globoside Gb3Cer (d18:1(4E))	glycolipid biosynthetic process; glycolipid metabolic process; glycosphingolipid biosynthetic process; glycosphingolipid metabolic process; liposaccharide metabolic process	15
NMRK2	Q9NPI5	RHEA:14017;RHEA:25568	beta-D-ribosylnicotinate; beta-nicotinamide D-ribonucleotide; beta-nicotinamide D-riboside; nicotinate beta-D-ribonucleotide	NAD+ biosynthetic process; NAD+ biosynthetic process via the salvage pathway; NAD+ metabolic process; alkaloid metabolic process; metabolic compound salvage; nicotinamide nucleotide biosynthetic process; nicotinate metabolic process; nucleotide salvage; purine nucleotide salvage; purine-containing compound salvage; pyridine nucleotide biosynthetic process; pyridine nucleotide salvage; pyridine-containing compound biosynthetic process	10
ATP13A2	Q9NQ11	RHEA:13065		autophagosome organization; autophagosome-lysosome fusion; autophagy; macroautophagy; regulation of autophagosome size	0
GPHN	Q9NQX3	RHEA:21068;RHEA:31331;RHEA:35047	Mo-molybdopterin; adenylyl-molybdopterin; molybdate; molybdopterin; nitrate; nitrite	Mo-molybdopterin cofactor biosynthetic process; Mo-molybdopterin cofactor metabolic process; molybdopterin cofactor biosynthetic process; molybdopterin cofactor metabolic process; prosthetic group metabolic process	3
NANS	Q9NR45	RHEA:13421	an N-acyl-D-mannosamine 6-phosphate; an N-acylneuraminate 9-phosphate; phosphoenolpyruvate	CMP-N-acetylneuraminate biosynthetic process; CMP-N-acetylneuraminate metabolic process; N-acetylneuraminate biosynthetic process; N-acetylneuraminate metabolic process; amino sugar biosynthetic process; amino sugar metabolic process; carbohydrate biosynthetic process; nucleotide-sugar biosynthetic process; nucleotide-sugar metabolic process	6
ASH1L	Q9NR48	RHEA:60280;RHEA:60324			0
ASAH2	Q9NR71	RHEA:20856	a fatty acid; an N-acylsphing-4-enine; sphing-4-enine	ceramide biosynthetic process; ceramide catabolic process; ceramide metabolic process; diol biosynthetic process; diol metabolic process; fatty acid biosynthetic process; long-chain fatty acid biosynthetic process; long-chain fatty acid metabolic process; polyol biosynthetic process; polyol metabolic process; sphingoid biosynthetic process; sphingoid metabolic process; sphingolipid catabolic process; sphingosine biosynthetic process; sphingosine metabolic process	37
SPHK2	Q9NRA0	RHEA:51496	a sphingoid 1-phosphate; a sphingoid base	DNA-templated transcription; DNA-templated transcription initiation; RNA biosynthetic process; RNA metabolic process; diol biosynthetic process; diol metabolic process; nucleic acid biosynthetic process; polyol biosynthetic process; polyol metabolic process; sphinganine-1-phosphate biosynthetic process; sphinganine-1-phosphate metabolic process; sphingoid biosynthetic process; sphingoid metabolic process; sphingosine biosynthetic process; sphingosine metabolic process; transcription by RNA polymerase II; transcription initiation at RNA polymerase II promoter; transcription initiation-coupled chromatin remodeling	1
ABCB10	Q9NRK6	RHEA:13065		heme biosynthetic process; heme metabolic process; pigment biosynthetic process; pigment metabolic process; porphyrin-containing compound biosynthetic process; porphyrin-containing compound metabolic process; tetrapyrrole biosynthetic process; tetrapyrrole metabolic process	0
AASDHPPT	Q9NRN7	RHEA:12068	adenosine 3',5'-bisphosphate; holo-[ACP]	10-formyltetrahydrofolate catabolic process; 10-formyltetrahydrofolate metabolic process; dicarboxylic acid catabolic process; dicarboxylic acid metabolic process; folic acid-containing compound catabolic process; folic acid-containing compound metabolic process; modified amino acid catabolic process; pantothenate metabolic process; pteridine-containing compound catabolic process; pteridine-containing compound metabolic process; tetrahydrofolate metabolic process	5
OSTC	Q9NRP0	RHEA:22980	a di-trans,poly-cis-dolichyl diphosphate; a di-trans,poly-cis-dolichyl diphosphooligosaccharide	glycoprotein biosynthetic process; protein N-linked glycosylation	5
C1GALT1	Q9NS00	RHEA:15621	UDP-alpha-D-galactose; a beta-D-galactosyl-(1->3)-N-acetyl-alpha-D-galactosaminyl derivative; an N-acetyl-alpha-D-galactosaminyl derivative		15
PNPLA3	Q9NST1	RHEA:12044;RHEA:19709	a 1,2-diacyl-sn-glycero-3-phosphate; a 1-acyl-sn-glycero-3-phosphate; a diacylglycerol; a fatty acid; a triacylglycerol; an acyl-CoA	acylglycerol acyl-chain remodeling; acylglycerol biosynthetic process; acylglycerol catabolic process; acylglycerol metabolic process; glycerolipid catabolic process; glycerophospholipid biosynthetic process; long-chain fatty acid metabolic process; neutral lipid biosynthetic process; neutral lipid catabolic process; neutral lipid metabolic process; phosphatidic acid biosynthetic process; phosphatidic acid metabolic process; triglyceride acyl-chain remodeling; triglyceride biosynthetic process; triglyceride catabolic process; triglyceride metabolic process	37
ATP8A2	Q9NTI2	RHEA:13065;RHEA:38567	a 1,2-diacyl-sn-glycero-3-phospho-L-serine		6
OLA1	Q9NTK5	RHEA:13065			0
LMBRD1	Q9NUN5	RHEA:17873	an R-cob(III)alamin		1
ACER3	Q9NUN7	RHEA:20856	a fatty acid; an N-acylsphing-4-enine; sphing-4-enine	ceramide catabolic process; ceramide metabolic process; diol biosynthetic process; diol metabolic process; phytosphingosine biosynthetic process; phytosphingosine metabolic process; polyol biosynthetic process; polyol metabolic process; sphingoid biosynthetic process; sphingoid metabolic process; sphingolipid catabolic process; sphingosine biosynthetic process; sphingosine metabolic process	37
OLAH	Q9NV23	RHEA:44596;RHEA:67680;RHEA:68184	a fatty acid; a fatty acyl-[ACP]; a long-chain fatty acid; a long-chain fatty acyl-CoA; a medium-chain fatty acid; a medium-chain fatty acyl-CoA; holo-[ACP]	fatty acid biosynthetic process; medium-chain fatty acid biosynthetic process; medium-chain fatty acid metabolic process	27
ETNK2	Q9NVF9	RHEA:13069	ethanolamine; phosphoethanolamine	glycerophospholipid biosynthetic process; phosphatidylethanolamine biosynthetic process; phosphatidylethanolamine metabolic process	6
ATAD3A	Q9NVI7	RHEA:13065			0
ARL8B	Q9NVJ2	RHEA:19669		autophagosome-lysosome fusion; autophagy; macroautophagy	0
SMOX	Q9NWM0	RHEA:25804	3-aminopropanal; spermidine; spermine	amine biosynthetic process; amine catabolic process; amine metabolic process; biogenic amine biosynthetic process; biogenic amine catabolic process; biogenic amine metabolic process; polyamine biosynthetic process; polyamine catabolic process; polyamine metabolic process; spermine catabolic process; spermine metabolic process; xenobiotic metabolic process	2
NMRK1	Q9NWW6	RHEA:14017;RHEA:25568	beta-D-ribosylnicotinate; beta-nicotinamide D-ribonucleotide; beta-nicotinamide D-riboside; nicotinate beta-D-ribonucleotide	NAD+ biosynthetic process; NAD+ metabolic process; alkaloid metabolic process; nicotinamide nucleotide biosynthetic process; nicotinate metabolic process; pyridine nucleotide biosynthetic process; pyridine-containing compound biosynthetic process	10
THG1L	Q9NWX6	RHEA:54564		RNA 5'-end processing; RNA biosynthetic process; RNA metabolic process; RNA modification; RNA processing; nucleic acid biosynthetic process; tRNA 5'-end processing; tRNA metabolic process; tRNA modification; tRNA processing	0
UCKL1	Q9NWZ5	RHEA:16825;RHEA:24674	cytidine; uridine	CMP biosynthetic process; CMP metabolic process; CTP biosynthetic process; CTP metabolic process; CTP salvage; UMP biosynthetic process; UMP metabolic process; UMP salvage; glycosyl compound biosynthetic process; metabolic compound salvage; nucleobase-containing small molecule biosynthetic process; nucleoside biosynthetic process; nucleoside metabolic process; nucleoside monophosphate biosynthetic process; nucleoside salvage; nucleotide salvage; pyrimidine nucleoside biosynthetic process; pyrimidine nucleoside metabolic process; pyrimidine nucleoside monophosphate biosynthetic process; pyrimidine nucleoside monophosphate metabolic process; pyrimidine nucleoside salvage; pyrimidine nucleoside triphosphate biosynthetic process; pyrimidine nucleoside triphosphate metabolic process; pyrimidine nucleotide biosynthetic process; pyrimidine nucleotide metabolic process; pyrimidine nucleotide salvage; pyrimidine ribonucleoside monophosphate biosynthetic process; pyrimidine ribonucleoside monophosphate metabolic process; pyrimidine ribonucleoside triphosphate biosynthetic process; pyrimidine ribonucleoside triphosphate metabolic process; pyrimidine ribonucleotide biosynthetic process; pyrimidine ribonucleotide metabolic process; pyrimidine ribonucleotide salvage; pyrimidine-containing compound biosynthetic process; pyrimidine-containing compound metabolic process; pyrimidine-containing compound salvage; ribonucleoside monophosphate biosynthetic process	4
ADPRS	Q9NX46	RHEA:52216;RHEA:58256	ADP-D-ribose; CHEBI:142512	DNA metabolic process; DNA repair; base-excision repair; base-excision repair, gap-filling; peptidyl-serine ADP-deribosylation; protein de-ADP-ribosylation	0
SIRT5	Q9NXA8	RHEA:43636;RHEA:47664;RHEA:47668;RHEA:47672	2''-O-acetyl-ADP-D-ribose; 2''-O-glutaryl-ADP-D-ribose; 2''-O-malonyl-ADP-D-ribose; 2''-O-succinyl-ADP-D-ribose; nicotinamide	macromolecule deacylation; nitrogen cycle metabolic process; peptidyl-lysine demalonylation; peptidyl-lysine desuccinylation; peptidyl-lysine modification; protein deacetylation; protein deacylation; protein deglutarylation; protein demalonylation; protein desuccinylation; urea cycle; urea metabolic process	5
ELOVL2	Q9NXB9	RHEA:32727	a very-long-chain 3-oxoacyl-CoA; a very-long-chain acyl-CoA; malonyl-CoA	acyl-CoA biosynthetic process; acyl-CoA metabolic process; alpha-linolenic acid metabolic process; fatty acid biosynthetic process; fatty acid derivative biosynthetic process; fatty acid derivative metabolic process; fatty acid elongation; fatty acid elongation, monounsaturated fatty acid; fatty acid elongation, polyunsaturated fatty acid; fatty acid elongation, saturated fatty acid; fatty acid elongation, unsaturated fatty acid; fatty-acyl-CoA biosynthetic process; fatty-acyl-CoA metabolic process; linoleic acid metabolic process; long-chain fatty acid metabolic process; long-chain fatty-acyl-CoA biosynthetic process; long-chain fatty-acyl-CoA metabolic process; olefinic compound metabolic process; unsaturated fatty acid biosynthetic process; unsaturated fatty acid metabolic process; very long-chain fatty acid biosynthetic process; very long-chain fatty acid metabolic process	10
SMPD4	Q9NXE4	RHEA:19253;RHEA:20984	a sphingomyelin; an N-acylsphing-4-enine; an N-acylsphing-4-enine 1-phosphate; choline; phosphocholine	ceramide biosynthetic process; ceramide metabolic process; glycerolipid catabolic process; glycerophospholipid catabolic process; phospholipid catabolic process; sphingolipid catabolic process; sphingomyelin catabolic process; sphingomyelin metabolic process	26
SMPD3	Q9NY59	RHEA:19253	a sphingomyelin; an N-acylsphing-4-enine; phosphocholine	phospholipid catabolic process; sphingolipid catabolic process; sphingomyelin catabolic process; sphingomyelin metabolic process	26
SPHK1	Q9NYA1	RHEA:51496	a sphingoid 1-phosphate; a sphingoid base	diol biosynthetic process; diol metabolic process; polyol biosynthetic process; polyol metabolic process; protein acetylation; protein acylation; sphingoid biosynthetic process; sphingoid catabolic process; sphingoid metabolic process; sphingolipid catabolic process; sphingosine biosynthetic process; sphingosine metabolic process	1
MAP3K20	Q9NYL2	RHEA:17989		phosphorylation; protein autophosphorylation; protein phosphorylation	0
CYP39A1	Q9NYL5	RHEA:46124;RHEA:68740	(24S)-7alpha-dihydroxycholesterol; (24S)-hydroxycholesterol; 7-oxocholesterol; 7alpha-hydroxycholesterol	alcohol catabolic process; bile acid biosynthetic process; bile acid metabolic process; cholesterol catabolic process; cholesterol metabolic process; secondary alcohol metabolic process; steroid catabolic process; sterol catabolic process; sterol metabolic process	4
ELOVL5	Q9NYP7	RHEA:32727	a very-long-chain 3-oxoacyl-CoA; a very-long-chain acyl-CoA; malonyl-CoA	acyl-CoA biosynthetic process; acyl-CoA metabolic process; alpha-linolenic acid metabolic process; fatty acid biosynthetic process; fatty acid derivative biosynthetic process; fatty acid derivative metabolic process; fatty acid elongation; fatty acid elongation, monounsaturated fatty acid; fatty acid elongation, polyunsaturated fatty acid; fatty acid elongation, saturated fatty acid; fatty acid elongation, unsaturated fatty acid; fatty-acyl-CoA biosynthetic process; fatty-acyl-CoA metabolic process; linoleic acid metabolic process; long-chain fatty acid metabolic process; long-chain fatty-acyl-CoA biosynthetic process; long-chain fatty-acyl-CoA metabolic process; olefinic compound metabolic process; unsaturated fatty acid biosynthetic process; unsaturated fatty acid metabolic process; very long-chain fatty acid biosynthetic process; very long-chain fatty acid metabolic process	10
RDH8	Q9NYR8	RHEA:25033;RHEA:48488	all-trans-retinal; all-trans-retinol; apo-[alkylcobalamin reductase]	diterpenoid metabolic process; estrogen biosynthetic process; estrogen metabolic process; hormone biosynthetic process; hormone metabolic process; isoprenoid metabolic process; olefinic compound metabolic process; primary alcohol metabolic process; retinoid metabolic process; retinol metabolic process; steroid biosynthetic process; steroid hormone biosynthetic process; terpenoid metabolic process	11
UGGT1	Q9NYU2	RHEA:61304	UDP-alpha-D-glucose	'de novo' post-translational protein folding; 'de novo' protein folding; UDP-alpha-D-glucose metabolic process; UDP-glucosylation; endoplasmic reticulum mannose trimming; glycoprotein biosynthetic process; nucleotide-sugar metabolic process; protein N-linked glycosylation; protein alpha-1,2-demannosylation; protein deglycosylation; protein demannosylation; protein folding	7
TECR	Q9NZ01	RHEA:14473;RHEA:19181;RHEA:33763	a (2E)-enoyl-CoA; a 2,3-saturated acyl-CoA; a very-long-chain (2E)-enoyl-CoA; a very-long-chain 2,3-saturated fatty acyl-CoA	acyl-CoA biosynthetic process; acyl-CoA metabolic process; fatty acid biosynthetic process; fatty acid derivative biosynthetic process; fatty acid derivative metabolic process; fatty acid elongation; fatty-acyl-CoA biosynthetic process; fatty-acyl-CoA metabolic process; long-chain fatty-acyl-CoA biosynthetic process; long-chain fatty-acyl-CoA metabolic process; very long-chain fatty acid biosynthetic process; very long-chain fatty acid metabolic process	17
MOCS1	Q9NZB8	RHEA:49576;RHEA:49580	(8S)-3',8-cyclo-7,8-dihydroguanosine 5'-triphosphate; 5'-deoxyadenosine; L-methionine; cyclic pyranopterin phosphate	Mo-molybdopterin cofactor biosynthetic process; Mo-molybdopterin cofactor metabolic process; molybdopterin cofactor biosynthetic process; molybdopterin cofactor metabolic process; prosthetic group metabolic process	4
EIF2AK3	Q9NZJ5	RHEA:10596;RHEA:17989			0
AIPL1	Q9NZN9	RHEA:16237		prenylation; protein farnesylation; protein prenylation	0
DNAJC27	Q9NZQ0	RHEA:19669			0
MTRR	Q9UBK8	RHEA:23908;RHEA:24040	cob(II)alamin; heme b; methylcob(III)alamin	L-homocysteine catabolic process; L-methionine biosynthetic process; L-methionine cycle; L-methionine metabolic process; S-adenosylmethionine metabolic process; amino acid biosynthetic process; aspartate family amino acid biosynthetic process; cobalamin metabolic process; dicarboxylic acid metabolic process; folic acid metabolic process; folic acid-containing compound metabolic process; homocysteine metabolic process; non-proteinogenic amino acid catabolic process; non-proteinogenic amino acid metabolic process; nucleoside metabolic process; proteinogenic amino acid biosynthetic process; pteridine-containing compound metabolic process; purine nucleoside metabolic process; purine ribonucleoside metabolic process; ribonucleoside metabolic process; sulfur amino acid biosynthetic process; sulfur amino acid catabolic process; sulfur amino acid metabolic process; sulfur compound catabolic process; tetrapyrrole metabolic process	5
PEMT	Q9UBM1	RHEA:11164	a 1,2-diacyl-sn-glycero-3-phospho-N-methylethanolamine; a 1,2-diacyl-sn-glycero-3-phosphoethanolamine	glycerophospholipid biosynthetic process; phosphatidylcholine biosynthetic process; phosphatidylcholine metabolic process	6
DHCR7	Q9UBM7	RHEA:23984	7-dehydrocholesterol; cholesterol	cholesterol biosynthetic process; cholesterol metabolic process; secondary alcohol biosynthetic process; secondary alcohol metabolic process; steroid biosynthetic process; sterol biosynthetic process; sterol metabolic process	8
HDAC6	Q9UBN7	RHEA:58108	acetate	autophagy; autophagy of mitochondrion; macroautophagy; macromolecule catabolic process; macromolecule deacylation; mitophagy; post-translational protein modification; protein catabolic process; protein deacetylation; protein deacylation; protein modification by small protein conjugation; protein modification by small protein conjugation or removal; protein quality control for misfolded or incompletely synthesized proteins; protein ubiquitination; tubulin deacetylation; type 2 mitophagy	9
GRHPR	Q9UBQ7	RHEA:10992;RHEA:17905;RHEA:18657	(R)-glycerate; 3-hydroxypyruvate; glycolate; glyoxylate	aldehyde metabolic process; dicarboxylic acid metabolic process; glyoxylate metabolic process	8
UPB1	Q9UBR1	RHEA:11184	3-(carbamoylamino)propanoate; beta-alanine	2'-deoxyribonucleotide metabolic process; CMP catabolic process; CMP metabolic process; UMP catabolic process; UMP metabolic process; amino acid biosynthetic process; beta-alanine biosynthetic process; dCMP catabolic process; dCMP metabolic process; dUMP catabolic process; dUMP metabolic process; deoxyribonucleoside monophosphate catabolic process; deoxyribose phosphate catabolic process; glycosyl compound catabolic process; non-proteinogenic amino acid biosynthetic process; non-proteinogenic amino acid metabolic process; nucleobase-containing small molecule catabolic process; nucleoside catabolic process; nucleoside metabolic process; nucleoside monophosphate catabolic process; nucleoside phosphate catabolic process; nucleotide catabolic process; pyrimidine deoxyribonucleoside monophosphate catabolic process; pyrimidine deoxyribonucleoside monophosphate metabolic process; pyrimidine deoxyribonucleotide catabolic process; pyrimidine deoxyribonucleotide metabolic process; pyrimidine nucleoside catabolic process; pyrimidine nucleoside metabolic process; pyrimidine nucleoside monophosphate catabolic process; pyrimidine nucleoside monophosphate metabolic process; pyrimidine nucleotide catabolic process; pyrimidine nucleotide metabolic process; pyrimidine ribonucleoside monophosphate catabolic process; pyrimidine ribonucleoside monophosphate metabolic process; pyrimidine ribonucleotide catabolic process; pyrimidine ribonucleotide metabolic process; pyrimidine-containing compound catabolic process; pyrimidine-containing compound metabolic process; ribonucleoside monophosphate catabolic process; ribonucleotide catabolic process	4
B4GALT7	Q9UBV7	RHEA:15297;RHEA:22932	UDP-alpha-D-galactose; a beta-D-galactosyl-(1->4)-N-acetyl-beta-D-glucosaminyl derivative; an N-acetyl-beta-D-glucosaminyl derivative	aminoglycan biosynthetic process; aminoglycan metabolic process; chondroitin sulfate proteoglycan biosynthetic process; chondroitin sulfate proteoglycan metabolic process; dermatan sulfate proteoglycan biosynthetic process; dermatan sulfate proteoglycan metabolic process; glycoprotein biosynthetic process; glycosaminoglycan biosynthetic process; glycosaminoglycan metabolic process; glycosaminoglycan-protein linkage region biosynthetic process; heparan sulfate proteoglycan biosynthetic process; heparan sulfate proteoglycan metabolic process; heparin proteoglycan biosynthetic process; heparin proteoglycan metabolic process; protein N-linked glycosylation; protein O-linked glycosylation; protein O-linked glycosylation via xylose; proteoglycan biosynthetic process; proteoglycan metabolic process	13
B4GALT6	Q9UBX8	RHEA:31495	UDP-alpha-D-galactose; a beta-D-Gal-(1->4)-beta-D-Glc-(1<->1)-Cer(d18:1(4E)); a beta-D-glucosyl-(1<->1')-N-acylsphing-4-enine	ceramide biosynthetic process; ceramide metabolic process; ganglioside biosynthetic process; ganglioside metabolic process; glycolipid biosynthetic process; glycolipid metabolic process; glycosphingolipid biosynthetic process; glycosphingolipid metabolic process; lactosylceramide biosynthetic process; liposaccharide metabolic process	17
AASS	Q9UDR5	RHEA:12440;RHEA:19373;RHEA:24520	(S)-2-amino-6-oxohexanoate; L-lysine; L-saccharopine	L-lysine catabolic process	0
ABCF2	Q9UG63	RHEA:13065			0
TBK1	Q9UHD2	RHEA:17989		autophagy; macroautophagy; peptidyl-serine phosphorylation; peptidyl-threonine phosphorylation; phosphorylation; protein phosphorylation	0
AMACR	Q9UHK6	RHEA:12657	a (2R)-2-methylacyl-CoA; a (2S)-2-methylacyl-CoA	bile acid biosynthetic process; bile acid metabolic process; fatty acid beta-oxidation; fatty acid beta-oxidation using acyl-CoA oxidase; fatty acid catabolic process; fatty acid oxidation; lipid modification; lipid oxidation	0
NDUFA12	Q9UI09	RHEA:29091		ATP biosynthetic process; ATP synthesis coupled electron transport; electron transport chain; mitochondrial ATP synthesis coupled electron transport; proton motive force-driven ATP synthesis; proton motive force-driven mitochondrial ATP synthesis; purine nucleoside triphosphate biosynthetic process; purine ribonucleoside triphosphate biosynthetic process; respiratory electron transport chain	0
ATP6V1H	Q9UI12	RHEA:13065;RHEA:57720			0
GLS2	Q9UI32	RHEA:15889		L-glutamine catabolic process; L-glutamine metabolic process; reactive oxygen species metabolic process	0
NAGK	Q9UJ70	RHEA:17417;RHEA:23832;RHEA:75935	6-O-phospho-N-acetyl-D-muramoyl-L-alanyl-D-isoglutamine; N-acetyl-D-glucosamine; N-acetyl-D-glucosamine 6-phosphate; N-acetyl-D-muramoyl-L-alanyl-D-isoglutamine; an N-acyl-D-mannosamine; an N-acyl-D-mannosamine 6-phosphate	N-acetylglucosamine catabolic process; N-acetylglucosamine metabolic process; N-acetylmannosamine metabolic process; N-acetylneuraminate catabolic process; N-acetylneuraminate metabolic process; UDP-N-acetylglucosamine biosynthetic process; UDP-N-acetylglucosamine metabolic process; amino sugar biosynthetic process; amino sugar catabolic process; amino sugar metabolic process; glucosamine-containing compound catabolic process; nucleotide-sugar biosynthetic process; nucleotide-sugar metabolic process	6
ENPP5	Q9UJA9	RHEA:11800	beta-nicotinamide D-ribonucleotide		6
HAO1	Q9UJM8	RHEA:14837;RHEA:16789;RHEA:19829	a (2S)-2-hydroxycarboxylate; a 2-oxocarboxylate; a primary alcohol; an aldehyde; glyoxylate; oxalate	alcohol catabolic process; amino acid biosynthetic process; fatty acid alpha-oxidation; fatty acid catabolic process; fatty acid oxidation; glycine biosynthetic process; glycine metabolic process; glycolate catabolic process; glycolate metabolic process; lipid modification; lipid oxidation; primary alcohol catabolic process; primary alcohol metabolic process; proteinogenic amino acid biosynthetic process; serine family amino acid biosynthetic process	11
SLC25A13	Q9UJS0	RHEA:70783;RHEA:70967	3-sulfino-L-alanine; L-aspartate	ATP biosynthetic process; NAD+ metabolic process; carbohydrate biosynthetic process; gluconeogenesis; glucose metabolic process; hexose biosynthetic process; hexose metabolic process; malate-aspartate shuttle; monosaccharide biosynthetic process; monosaccharide metabolic process; purine nucleoside triphosphate biosynthetic process; purine ribonucleoside triphosphate biosynthetic process	11
ACAD8	Q9UKU7	RHEA:44704;RHEA:47196	a (2E)-enoyl-CoA; a 2,3-saturated acyl-CoA; a short-chain (2E)-enoyl-CoA; a short-chain 2,3-saturated fatty acyl-CoA	L-valine catabolic process; branched-chain amino acid catabolic process; branched-chain amino acid metabolic process	17
ACIN1	Q9UKV3	RHEA:13065		RNA biosynthetic process; RNA metabolic process; RNA processing; RNA splicing; nucleic acid biosynthetic process	0
ALK	Q9UM73	RHEA:10596		peptidyl-tyrosine autophosphorylation; peptidyl-tyrosine phosphorylation; phosphorylation; protein autophosphorylation; protein phosphorylation	0
VPS4A	Q9UN37	RHEA:13065		autophagosome maturation; autophagy; late endosomal microautophagy; macroautophagy; macromolecule catabolic process; microautophagy; modification-dependent macromolecule catabolic process; modification-dependent protein catabolic process; protein catabolic process; ubiquitin-dependent protein catabolic process; ubiquitin-dependent protein catabolic process via the multivesicular body sorting pathway	0
ST3GAL5	Q9UNP4	RHEA:18417;RHEA:21616	CMP-N-acetyl-beta-neuraminate; a beta-D-Gal-(1->4)-beta-D-Glc-(1<->1)-Cer(d18:1(4E)); a beta-D-galactosyl-(1->3)-N-acetyl-alpha-D-galactosaminyl derivative; a ganglioside GM3 (d18:1(4E)); an N-acetyl-alpha-neuraminyl-(2->3)-beta-D-galactosyl-(1->3)-N-acetyl-alpha-D-galactosaminyl derivative	ceramide biosynthetic process; ceramide metabolic process; ganglioside biosynthetic process; ganglioside metabolic process; glycolipid biosynthetic process; glycolipid metabolic process; glycoprotein biosynthetic process; glycosphingolipid biosynthetic process; glycosphingolipid metabolic process; liposaccharide metabolic process	10
CYP8B1	Q9UNU6	RHEA:46752	7alpha,12alpha-dihydroxycholest-4-en-3-one; 7alpha-hydroxycholest-4-en-3-one	bile acid biosynthetic process; bile acid metabolic process; sterol metabolic process	1
DOLK	Q9UPQ8	RHEA:13133	a di-trans,poly-cis-dolichol; a di-trans,poly-cis-dolichyl phosphate	dolichyl monophosphate biosynthetic process	11
CAMK2A	Q9UQM7	RHEA:17989			0
GNE	Q9Y223	RHEA:17213;RHEA:23832	UDP-N-acetyl-alpha-D-glucosamine; UDP-N-acetyl-alpha-D-mannosamine; an N-acyl-D-mannosamine; an N-acyl-D-mannosamine 6-phosphate	CMP-N-acetylneuraminate biosynthetic process; CMP-N-acetylneuraminate metabolic process; N-acetylglucosamine biosynthetic process; N-acetylglucosamine metabolic process; N-acetylneuraminate biosynthetic process; N-acetylneuraminate metabolic process; UDP-N-acetylglucosamine metabolic process; amino sugar biosynthetic process; amino sugar metabolic process; glucosamine-containing compound biosynthetic process; nucleotide-sugar biosynthetic process; nucleotide-sugar metabolic process	13
CHKB	Q9Y259	RHEA:12837;RHEA:13069	choline; ethanolamine; phosphocholine; phosphoethanolamine	CDP-choline pathway; glycerophospholipid biosynthetic process; phosphatidylcholine biosynthetic process; phosphatidylcholine metabolic process; phosphatidylethanolamine biosynthetic process; phosphatidylethanolamine metabolic process	15
BCS1L	Q9Y276	RHEA:13065			0
PIGL	Q9Y2B2	RHEA:11660	a 6-(N-acetyl-alpha-D-glucosaminyl)-1-(1,2-diacyl-sn-glycero-3-phospho)-1D-myo-inositol; a 6-(alpha-D-glucosaminyl)-1-(1,2-diacyl-sn-glycero-3-phospho)-1D-myo-inositol; acetate	GPI anchor biosynthetic process; GPI anchor metabolic process; GPI anchored protein biosynthesis; glycerophospholipid biosynthetic process; glycolipid biosynthetic process; glycolipid metabolic process; liposaccharide metabolic process	14
SLC27A5	Q9Y2P5	RHEA:15421;RHEA:39283;RHEA:54536	a long-chain fatty acid; a long-chain fatty acyl-CoA; a very long-chain fatty acid; a very long-chain fatty acyl-CoA	bile acid biosynthetic process; bile acid metabolic process; long-chain fatty acid metabolic process; very long-chain fatty acid metabolic process	12
PTPN22	Q9Y2R2	RHEA:10684		dephosphorylation; phosphoanandamide dephosphorylation	0
GDA	Q9Y2T3	RHEA:14665	guanine; xanthine	2'-deoxyribonucleoside catabolic process; 2'-deoxyribonucleoside metabolic process; 2'-deoxyribonucleotide metabolic process; GMP catabolic process; GMP metabolic process; dGMP catabolic process; dGMP metabolic process; deoxyguanosine catabolic process; deoxyribonucleoside monophosphate catabolic process; deoxyribose phosphate catabolic process; glycosyl compound catabolic process; guanine catabolic process; guanine metabolic process; nucleobase catabolic process; nucleobase metabolic process; nucleobase-containing small molecule catabolic process; nucleoside catabolic process; nucleoside metabolic process; nucleoside monophosphate catabolic process; nucleoside phosphate catabolic process; nucleotide catabolic process; purine deoxyribonucleoside catabolic process; purine deoxyribonucleoside metabolic process; purine deoxyribonucleoside monophosphate catabolic process; purine deoxyribonucleoside monophosphate metabolic process; purine deoxyribonucleotide catabolic process; purine deoxyribonucleotide metabolic process; purine nucleobase catabolic process; purine nucleobase metabolic process; purine nucleoside catabolic process; purine nucleoside metabolic process; purine nucleoside monophosphate catabolic process; purine nucleoside monophosphate metabolic process; purine nucleotide catabolic process; purine ribonucleoside monophosphate catabolic process; purine ribonucleoside monophosphate metabolic process; purine ribonucleotide catabolic process; purine-containing compound catabolic process; ribonucleoside monophosphate catabolic process; ribonucleotide catabolic process	3
COQ6	Q9Y2Z9	RHEA:81183;RHEA:81195	a 2-methoxy-6-(all-trans-polyprenyl)benzene-1,4-diol; a 2-methoxy-6-(all-trans-polyprenyl)phenol; a 3,4-dihydroxy-5-(all-trans-polyprenyl)benzoate; a 4-hydroxy-3-(all-trans-polyprenyl)benzoate	ketone biosynthetic process; ketone metabolic process; quinone biosynthetic process; quinone metabolic process; ubiquinone biosynthetic process; ubiquinone metabolic process	3
COQ4	Q9Y3A0	RHEA:81179	a 2-methoxy-6-(all-trans-polyprenyl)phenol; a 4-hydroxy-3-methoxy-5-(all-trans-polyprenyl)benzoate	ketone biosynthetic process; ketone metabolic process; quinone biosynthetic process; quinone metabolic process; ubiquinone biosynthetic process; ubiquinone metabolic process	1
HBS1L	Q9Y450	RHEA:19669		RNA catabolic process; RNA metabolic process; cytoplasmic translation; cytoplasmic translational elongation; mRNA catabolic process; mRNA metabolic process; macromolecule catabolic process; nuclear-transcribed mRNA catabolic process; nuclear-transcribed mRNA catabolic process, no-go decay; nucleic acid catabolic process; protein biosynthetic process; rescue of stalled cytosolic ribosome; translation; translational elongation	0
ATP6V0A2	Q9Y487	RHEA:57720		autophagosome maturation; autophagy; macroautophagy	0
LOXL2	Q9Y4K0	RHEA:24544		peptidyl-lysine modification; peptidyl-lysine oxidation; protein oxidation	0
MMACHC	Q9Y4U1	RHEA:16113	apo-[alkylcobalamin reductase]; apo-[cyanocobalamin reductase]; cob(II)alamin; hydrogen cyanide	cobalamin metabolic process; demethylation; glutathione metabolic process; tetrapyrrole metabolic process	8
AFG3L2	Q9Y4W6	RHEA:13065		macromolecule catabolic process; membrane protein proteolysis; mitochondrial protein processing; mitochondrial protein quality control; protein autoprocessing; protein catabolic process; protein processing; protein quality control for misfolded or incompletely synthesized proteins; proteolysis	0
PCYT1B	Q9Y5K3	RHEA:18997	CDP-choline; phosphocholine	CDP-choline pathway; glycerophospholipid biosynthetic process; phosphatidylcholine biosynthetic process; phosphatidylcholine metabolic process	14
ATP6V1D	Q9Y5K8	RHEA:57720			0
CSAD	Q9Y600	RHEA:16877;RHEA:19497	3-sulfino-L-alanine; L-aspartate; beta-alanine; hypotaurine	L-cysteine catabolic process; alkanesulfonate biosynthetic process; alkanesulfonate metabolic process; sulfur amino acid catabolic process; sulfur amino acid metabolic process; sulfur compound catabolic process; taurine biosynthetic process; taurine metabolic process	14
PSAT1	Q9Y617	RHEA:14329	3-phosphooxypyruvate; O-phospho-L-serine	L-serine biosynthetic process; L-serine metabolic process; amino acid biosynthetic process; proteinogenic amino acid biosynthetic process; pyridine-containing compound biosynthetic process; pyridoxine biosynthetic process; pyridoxine metabolic process; serine family amino acid biosynthetic process; vitamin B6 biosynthetic process; vitamin B6 metabolic process; vitamin biosynthetic process; vitamin metabolic process; water-soluble vitamin biosynthetic process	2
SLC25A15	Q9Y619	RHEA:34991	L-arginine; L-ornithine	nitrogen cycle metabolic process; urea cycle; urea metabolic process	8
ALG6	Q9Y672	RHEA:30635	a di-trans,poly-cis-dolichyl beta-D-glucosyl phosphate; a di-trans,poly-cis-dolichyl phosphate; an alpha-D-Glc-(1->3)-alpha-D-Man-(1->2)-alpha-D-Man-(1->2)-alpha-D-Man-(1->3)-[alpha-D-Man-(1->2)-alpha-D-Man-(1->3)-[alpha-D-Man-(1->2)-alpha-D-Man-(1->6)]-alpha-D-Man-(1->6)]-beta-D-Man-(1->4)-beta-D-GlcNAc-(1->4)-alpha-D-GlcNAc-diphospho-di-trans,poly-cis-dolichol; an alpha-D-Man-(1->2)-alpha-D-Man-(1->2)-alpha-D-Man-(1->3)-[alpha-D-Man-(1->2)-alpha-D-Man-(1->3)-[alpha-D-Man-(1->2)-alpha-D-Man-(1->6)]-alpha-D-Man-(1->6)]-beta-D-Man-(1->4)-beta-D-GlcNAc-(1->4)-alpha-D-GlcNAc-diphospho-di-trans,poly-cis-dolichol	dolichol-linked oligosaccharide biosynthetic process; glycoprotein biosynthetic process; protein N-linked glycosylation	11
ALG5	Q9Y673	RHEA:15401	UDP-alpha-D-glucose; a di-trans,poly-cis-dolichyl beta-D-glucosyl phosphate; a di-trans,poly-cis-dolichyl phosphate	dolichol-linked oligosaccharide biosynthetic process; glycoprotein biosynthetic process; protein N-linked glycosylation	18
NFS1	Q9Y697	RHEA:43892	(sulfur carrier)-H; (sulfur carrier)-SH; L-alanine; L-cysteine		14
CYP46A1	Q9Y6A2	RHEA:22716;RHEA:46296;RHEA:46304;RHEA:65760	(24S)-hydroxycholesterol; 16beta,17beta-dihydroxyandrost-4-en-3-one; 6beta,17beta-dihydroxyandrost-4-en-3-one; a 17alpha-hydroxy-C21-steroid; a C21-steroid; cholesterol; testosterone	C21-steroid hormone metabolic process; alcohol catabolic process; bile acid biosynthetic process; bile acid metabolic process; cholesterol catabolic process; cholesterol metabolic process; hormone metabolic process; ketone metabolic process; olefinic compound metabolic process; progesterone metabolic process; secondary alcohol metabolic process; steroid catabolic process; sterol catabolic process; sterol metabolic process; xenobiotic metabolic process	17
CEPT1	Q9Y6K0	RHEA:32939;RHEA:32943;RHEA:36227	CDP-choline; CDP-ethanolamine; a 1,2-diacyl-sn-glycero-3-phosphocholine; a 1,2-diacyl-sn-glycero-3-phosphoethanolamine; a 1,2-diacyl-sn-glycerol; a 1-O-(1Z-alkenyl)-2-acyl-sn-glycero-3-phosphocholine; a 1-O-(1Z-alkenyl)-2-acyl-sn-glycerol	glycerophospholipid biosynthetic process; phosphatidylcholine biosynthetic process; phosphatidylcholine metabolic process; phosphatidylethanolamine biosynthetic process; phosphatidylethanolamine metabolic process	27
DNMT3A	Q9Y6K1	RHEA:13681;RHEA:66544			0
NDUFB9	Q9Y6M9	RHEA:29091		ATP biosynthetic process; ATP synthesis coupled electron transport; aerobic electron transport chain; electron transport chain; mitochondrial ATP synthesis coupled electron transport; mitochondrial electron transport, NADH to ubiquinone; proton motive force-driven ATP synthesis; proton motive force-driven mitochondrial ATP synthesis; purine nucleoside triphosphate biosynthetic process; purine ribonucleoside triphosphate biosynthetic process; respiratory electron transport chain	0
ENPP4	Q9Y6X5	RHEA:13893	P(1),P(3)-bis(5'-adenosyl) triphosphate	glycosyl compound catabolic process; nucleobase-containing small molecule catabolic process; nucleoside catabolic process; nucleoside metabolic process; purine nucleoside catabolic process; purine nucleoside metabolic process; purine ribonucleoside catabolic process; purine ribonucleoside metabolic process; purine-containing compound catabolic process; ribonucleoside catabolic process; ribonucleoside metabolic process	0
A3GALT2	U3KPV4	RHEA:13013	UDP-alpha-D-galactose; a beta-D-galactosyl-(1->4)-N-acetyl-beta-D-glucosaminyl derivative; an alpha-D-galactosyl-(1->3)-beta-D-galactosyl-(1->4)-N-acetyl-beta-D-glucosaminyl derivative	glycolipid biosynthetic process; glycolipid metabolic process; glycosphingolipid biosynthetic process; glycosphingolipid metabolic process; liposaccharide metabolic process	13
