{
  "results": [
    {
      "confidence_score": 0.5727179050445557,
      "ptm": 0.3744662404060364,
      "iptm": 0.23664125800132751,
      "ligand_iptm": 0.4884187877178192,
      "protein_iptm": 0.23676061630249023,
      "complex_plddt": 0.6567370891571045,
      "complex_iplddt": 0.5854208469390869,
      "complex_pde": 2.2532026767730713,
      "complex_ipde": 11.655716896057129,
      "chains_ptm": {
        "0": 0.5066114664077759,
        "1": 0.7270470261573792,
        "2": 0.7497810125350952,
        "3": 0.0,
        "4": 0.0,
        "5": 0.0,
        "6": 0.0
      },
      "pair_chains_iptm": {
        "0": {
          "0": 0.5066114664077759,
          "1": 0.2694305181503296,
          "2": 0.26273879408836365,
          "3": 0.0,
          "4": 0.0,
          "5": 0.0,
          "6": 0.0
        },
        "1": {
          "0": 0.2116870880126953,
          "1": 0.7270470261573792,
          "2": 0.22603647410869598,
          "3": 0.0,
          "4": 0.0,
          "5": 0.0,
          "6": 0.0
        },
        "2": {
          "0": 0.2152160108089447,
          "1": 0.2301385998725891,
          "2": 0.7497810125350952,
          "3": 0.0,
          "4": 0.0,
          "5": 0.0,
          "6": 0.0
        },
        "3": {
          "0": 0.8351927995681763,
          "1": 0.275491863489151,
          "2": 0.22267702221870422,
          "3": 0.0,
          "4": 0.0,
          "5": 0.0,
          "6": 0.0
        },
        "4": {
          "0": 0.8527345657348633,
          "1": 0.27758604288101196,
          "2": 0.21300099790096283,
          "3": 0.0,
          "4": 0.0,
          "5": 0.0,
          "6": 0.0
        },
        "5": {
          "0": 0.20245367288589478,
          "1": 0.9265806078910828,
          "2": 0.329172819852829,
          "3": 0.0,
          "4": 0.0,
          "5": 0.0,
          "6": 0.0
        },
        "6": {
          "0": 0.22369417548179626,
          "1": 0.3333129286766052,
          "2": 0.9014691114425659,
          "3": 0.0,
          "4": 0.0,
          "5": 0.0,
          "6": 0.0
        }
      }
    }
  ]
}
