gene_product_id	symbol	taxon_id	taxon_name	go_term	go_label	go_branch	qualifier	reference	assigned_by	global_term_frequency	gene_iep_load
Q63264	Il1b	10116	Rattus norvegicus	GO:0009410	response to xenobiotic stimulus	response to stimulus	involved_in	PMID:21451213	RGD	512	39
P09034	Ass1	10116	Rattus norvegicus	GO:0009410	response to xenobiotic stimulus	response to stimulus	involved_in	PMID:9252090	RGD	512	29
Q63787	Pik3r1	10116	Rattus norvegicus	GO:0009410	response to xenobiotic stimulus	response to stimulus	involved_in	PMID:20519555	RGD	512	16
O82804	ELF3	3702	Arabidopsis thaliana	GO:0009409	response to cold	response to stimulus	acts_upstream_of_or_within	PMID:10571046	TAIR	387	3
A2XE98	NSHB1	39946	Oryza sativa Indica Group	GO:0009409	response to cold	response to stimulus	involved_in	PMID:29044557	UniProt	387	7
Q8L443	SUPB	3702	Arabidopsis thaliana	GO:0009409	response to cold	response to stimulus	involved_in	PMID:33281837	UniProt	387	4
Q9ZQ96	UGT73C3	3702	Arabidopsis thaliana	GO:0009617	response to bacterium	response to stimulus	involved_in	PMID:39861946	TAIR	384	1
Q10712	LAPA1	4081	Solanum lycopersicum	GO:0009617	response to bacterium	response to stimulus	involved_in	PMID:11204785	UniProt	384	8
URS000075A498_10090	Mus musculus (house mouse) microRNA mmu-mir-192 precursor	10090	Mus musculus	GO:0009617	response to bacterium	response to stimulus	acts_upstream_of_or_within	PMID:23012479	MGI	384	2
Q9FXI0	SAUR54	3702	Arabidopsis thaliana	GO:0009737	response to abscisic acid	response to stimulus	involved_in	PMID:29258424	UniProt	379	1
F4JTP5	STY46	3702	Arabidopsis thaliana	GO:0009737	response to abscisic acid	response to stimulus	acts_upstream_of_or_within	PMID:31906450	TAIR	379	1
Q5DWG1	Q5DWG1	3369	Cryptomeria japonica	GO:0009737	response to abscisic acid	response to stimulus	involved_in	PMID:16203714	UniProt	379	1
Q8VHW5	Cacng8	10116	Rattus norvegicus	GO:0098978	glutamatergic synapse	cellular component	is_active_in	PMID:12771129	SynGO	358	2
A0A8I6ARF4	Actn2	10116	Rattus norvegicus	GO:0098978	glutamatergic synapse	cellular component	is_active_in	PMID:9454847	SynGO	358	3
D3ZUU5	Dnajb1	10116	Rattus norvegicus	GO:0098978	glutamatergic synapse	cellular component	is_active_in	PMID:9878698	SynGO	358	6
P17246	Tgfb1	10116	Rattus norvegicus	GO:0045471	response to ethanol	response to stimulus	involved_in	PMID:29399060	RGD	347	29
D3ZU13	Eif4g1	10116	Rattus norvegicus	GO:0045471	response to ethanol	response to stimulus	involved_in	PMID:15388509	RGD	347	2
P31424	Grm5	10116	Rattus norvegicus	GO:0045471	response to ethanol	response to stimulus	involved_in	PMID:32664441	RGD	347	5
D4HR93	PR10.1	4577	Zea mays	GO:0009611	response to wounding	response to stimulus	involved_in	PMID:19682768	AgBase	343	13
B7UEU8	A622	4090	Nicotiana glauca	GO:0009611	response to wounding	response to stimulus	involved_in	PMID:32688942	UniProt	343	3
P29976	DHS1	3702	Arabidopsis thaliana	GO:0009611	response to wounding	response to stimulus	acts_upstream_of_or_within	PMID:17675405	TAIR	343	3
P09117	Aldoc	10116	Rattus norvegicus	GO:0001666	response to hypoxia	response to stimulus	involved_in	PMID:17053973	RGD	310	2
B2GV31	Muc1	10116	Rattus norvegicus	GO:0001666	response to hypoxia	response to stimulus	involved_in	PMID:19549898	RGD	310	5
Q63679	Kdm3a	10116	Rattus norvegicus	GO:0001666	response to hypoxia	response to stimulus	involved_in	PMID:18538129	RGD	310	2
URS000064C3C7_10090	Mus musculus (house mouse) microRNA mmu-mir-449a precursor	10090	Mus musculus	GO:1990830	cellular response to leukemia inhibitory factor	response to stimulus	acts_upstream_of_or_within	PMID:20439489	MGI	294	1
Q80Y84	Kdm5b	10090	Mus musculus	GO:1990830	cellular response to leukemia inhibitory factor	response to stimulus	acts_upstream_of_or_within	PMID:20439489	MGI	294	1
Q60953	Pml	10090	Mus musculus	GO:1990830	cellular response to leukemia inhibitory factor	response to stimulus	acts_upstream_of_or_within	PMID:20439489	MGI	294	1
Q06738	RD29A	3702	Arabidopsis thaliana	GO:0009414	response to water deprivation	response to stimulus	involved_in	PMID:22505693	UniProt	283	35
Q39028	MYB2	3702	Arabidopsis thaliana	GO:0009414	response to water deprivation	response to stimulus	acts_upstream_of_or_within	PMID:8312738	TAIR	283	4
P0DO54	TIP1-2	4641	Musa acuminata	GO:0009414	response to water deprivation	response to stimulus	involved_in	PMID:29778840	UniProt	283	6
O80944	AKR4C8	3702	Arabidopsis thaliana	GO:0009651	response to salt stress	response to stimulus	involved_in	PMID:19616008	UniProt	267	6
A9XTK6	FLA1	3635	Gossypium hirsutum	GO:0009651	response to salt stress	response to stimulus	involved_in	PMID:18507812	AgBase	267	6
Q9M7Q2	ABF4	3702	Arabidopsis thaliana	GO:0009651	response to salt stress	response to stimulus	acts_upstream_of_or_within	PMID:16463099	TAIR	267	3
Q9SD71	SGIP1	3702	Arabidopsis thaliana	GO:0009408	response to heat	response to stimulus	involved_in	PMID:30778176	UniProt	259	2
Q9LNW0	HSP17.8	3702	Arabidopsis thaliana	GO:0009408	response to heat	response to stimulus	involved_in	PMID:21730198	UniProt	259	2
Q19202	apy-1	6239	Caenorhabditis elegans	GO:0009408	response to heat	response to stimulus	involved_in	PMID:18216284	WB	259	2
P11043	EPSPS	4102	Petunia x hybrida	GO:0007623	circadian rhythm	unclassified	involved_in	PMID:26124104	UniProt	257	1
Q923I8	Cry2	10116	Rattus norvegicus	GO:0007623	circadian rhythm	unclassified	involved_in	PMID:11804325	RGD	257	1
P48552	NRIP1	9606	Homo sapiens	GO:0007623	circadian rhythm	unclassified	involved_in	PMID:21628546	UniProt	257	1
O48666	SS1	4054	Panax ginseng	GO:0009753	response to jasmonic acid	response to stimulus	involved_in	DOI:10.1007/s11240-009-9535-9	UniProt	252	13
Q8L9V6	DOF1.1	3702	Arabidopsis thaliana	GO:0009753	response to jasmonic acid	response to stimulus	acts_upstream_of_or_within	PMID:16740150	TAIR	252	7
Q9FZA2	AGP31	3702	Arabidopsis thaliana	GO:0009753	response to jasmonic acid	response to stimulus	acts_upstream_of_or_within	PMID:17885091	TAIR	252	2
P04762	Cat	10116	Rattus norvegicus	GO:0032355	response to estradiol	response to stimulus	involved_in	PMID:25038876	RGD	225	21
P30904	Mif	10116	Rattus norvegicus	GO:0032355	response to estradiol	response to stimulus	involved_in	PMID:17324399	RGD	225	14
P04961	Pcna	10116	Rattus norvegicus	GO:0032355	response to estradiol	response to stimulus	involved_in	PMID:10856886	RGD	225	10
P39407	yjjU	83333	Escherichia coli K-12	GO:0006974	DNA damage response	response to stimulus	acts_upstream_of_or_within	PMID:11967071	EcoliWiki	217	1
P06999	pfkB	83333	Escherichia coli K-12	GO:0006974	DNA damage response	response to stimulus	acts_upstream_of_or_within	PMID:11967071	EcoliWiki	217	1
P76657	yqiJ	83333	Escherichia coli K-12	GO:0006974	DNA damage response	response to stimulus	acts_upstream_of_or_within	PMID:11967071	EcoliWiki	217	1
O08699	Hpgd	10116	Rattus norvegicus	GO:0032496	response to lipopolysaccharide	response to stimulus	involved_in	PMID:12399253	RGD	204	5
Q80WY6	Tnfrsf1b	10116	Rattus norvegicus	GO:0032496	response to lipopolysaccharide	response to stimulus	involved_in	PMID:21195213	RGD	204	3
A0ABK0LVE7	Hdac2	10116	Rattus norvegicus	GO:0032496	response to lipopolysaccharide	response to stimulus	involved_in	PMID:24595367	RGD	204	17
O54902	Slc11a2	10116	Rattus norvegicus	GO:0071456	cellular response to hypoxia	response to stimulus	involved_in	PMID:21325818	RGD	199	8
O49394	CYP82C2	3702	Arabidopsis thaliana	GO:0071456	cellular response to hypoxia	response to stimulus	acts_upstream_of_or_within	PMID:21398256	TAIR	199	1
P18901	Drd1	10116	Rattus norvegicus	GO:0071456	cellular response to hypoxia	response to stimulus	involved_in	PMID:20969567	RGD	199	17
D4A433	Foxo4	10116	Rattus norvegicus	GO:0031667	response to nutrient levels	response to stimulus	involved_in	PMID:12424797	RGD	192	2
P26051	Cd44	10116	Rattus norvegicus	GO:0031667	response to nutrient levels	response to stimulus	involved_in	PMID:31966914	RGD	192	3
Q6PSM0	Abcb1a	10116	Rattus norvegicus	GO:0031667	response to nutrient levels	response to stimulus	involved_in	PMID:22785356	RGD	192	38
O88767	Park7	10116	Rattus norvegicus	GO:0007283	spermatogenesis	developmental process	involved_in	PMID:11780923	RGD	167	5
Q9Z1K9	Adam17	10116	Rattus norvegicus	GO:0007283	spermatogenesis	developmental process	involved_in	PMID:25053185	RGD	167	6
Q0VDQ2	Gykl1	10090	Mus musculus	GO:0007283	spermatogenesis	developmental process	involved_in	PMID:14581517	BHF-UCL	167	1
Q2V3L3	YY1	3702	Arabidopsis thaliana	GO:0009416	response to light stimulus	response to stimulus	involved_in	PMID:26961720	UniProt	166	6
Q9C9M3	PXMT1	3702	Arabidopsis thaliana	GO:0009416	response to light stimulus	response to stimulus	involved_in	PMID:26768601	UniProt	166	8
P54150	MSR4	3702	Arabidopsis thaliana	GO:0009416	response to light stimulus	response to stimulus	involved_in	PMID:10806242	UniProt	166	2
Q9ZNS4	PRB1	3702	Arabidopsis thaliana	GO:0009751	response to salicylic acid	response to stimulus	acts_upstream_of_or_within	PMID:11725949	TAIR	163	14
Q9FL62	WRKY30	3702	Arabidopsis thaliana	GO:0009751	response to salicylic acid	response to stimulus	acts_upstream_of_or_within	PMID:22268143	TAIR	163	5
Q9FNN6	SRM1	3702	Arabidopsis thaliana	GO:0009751	response to salicylic acid	response to stimulus	involved_in	PMID:16463103	UniProt	163	4
O48847	LUH	3702	Arabidopsis thaliana	GO:0009733	response to auxin	response to stimulus	involved_in	PMID:18390806	UniProt	162	12
Q9M2B9	CuAOgamma2	3702	Arabidopsis thaliana	GO:0009733	response to auxin	response to stimulus	involved_in	PMID:31862580	UniProt	162	7
Q96330	FLS1	3702	Arabidopsis thaliana	GO:0009733	response to auxin	response to stimulus	acts_upstream_of_or_within	PMID:21427279	TAIR	162	1
Q38853	STR15	3702	Arabidopsis thaliana	GO:0006979	response to oxidative stress	response to stimulus	acts_upstream_of_or_within	PMID:15295076	TAIR	145	3
P0A8G6	wrbA	83333	Escherichia coli K-12	GO:0006979	response to oxidative stress	response to stimulus	acts_upstream_of_or_within	PMID:15489429	EcoCyc	145	1
Q7ETS7	At5g37940	3702	Arabidopsis thaliana	GO:0006979	response to oxidative stress	response to stimulus	acts_upstream_of_or_within	PMID:7592828	TIGR	145	1
URS0000759CC6_10090	Mus musculus (house mouse) microRNA mmu-mir-92a precursor (mmu-mir-92a-2)	10090	Mus musculus	GO:0060291	long-term synaptic potentiation	biological regulation	acts_upstream_of_or_within	PMID:25858512	MGI	139	3
URS000075EB6F_10090	Mus musculus (house mouse) microRNA mmu-mir-487b precursor	10090	Mus musculus	GO:0060291	long-term synaptic potentiation	biological regulation	acts_upstream_of_or_within	PMID:25858512	MGI	139	3
URS000075B83C_10090	Mus musculus (house mouse) microRNA mmu-mir-301b precursor	10090	Mus musculus	GO:0060291	long-term synaptic potentiation	biological regulation	acts_upstream_of_or_within	PMID:25858512	MGI	139	2
Q05343	Rxra	10116	Rattus norvegicus	GO:0007584	response to nutrient	response to stimulus	involved_in	PMID:14986719	RGD	137	13
P09034	Ass1	10116	Rattus norvegicus	GO:0007584	response to nutrient	response to stimulus	involved_in	PMID:15257170	RGD	137	29
P19468	Gclc	10116	Rattus norvegicus	GO:0007584	response to nutrient	response to stimulus	involved_in	PMID:22906634	RGD	137	12
E3T5W6	LOC107946849	3635	Gossypium hirsutum	GO:0090378	seed trichome elongation	developmental process	involved_in	PMID:20300865	AgBase	135	1
O48873	TUBA	3635	Gossypium hirsutum	GO:0090378	seed trichome elongation	developmental process	involved_in	PMID:9536073	AgBase	135	1
Q43436	Q43436	3635	Gossypium hirsutum	GO:0090378	seed trichome elongation	developmental process	involved_in	PMID:10394903	AgBase	135	1
B6EHL8	fur	316275	Aliivibrio salmonicida LFI1238	GO:0045892	negative regulation of DNA-templated transcription	biological regulation	involved_in	PMID:20437149	CollecTF	132	1
A0A0B4LF93	Sin3A	7227	Drosophila melanogaster	GO:0045892	negative regulation of DNA-templated transcription	biological regulation	involved_in	PMID:11080159	FlyBase	132	1
Q6FQL9	CST6	284593	Nakaseomyces glabratus CBS 138	GO:0045892	negative regulation of DNA-templated transcription	biological regulation	involved_in	PMID:39714155	CGD	132	2
P27303	emrA	83333	Escherichia coli K-12	GO:0009636	response to toxic substance	response to stimulus	acts_upstream_of_or_within	PMID:7730261	EcoCyc	132	2
Q7KTC1	MRP	7227	Drosophila melanogaster	GO:0009636	response to toxic substance	response to stimulus	involved_in	PMID:20077573	FlyBase	132	3
P04094	Penk	10116	Rattus norvegicus	GO:0009636	response to toxic substance	response to stimulus	involved_in	PMID:23410195	RGD	132	17
Q84Q72	HSP18.1	39947	Oryza sativa Japonica Group	GO:0042542	response to hydrogen peroxide	response to stimulus	involved_in	PMID:15803416	UniProt	130	6
P0DO44	ATP6	3702	Arabidopsis thaliana	GO:0042542	response to hydrogen peroxide	response to stimulus	involved_in	PMID:18338219	UniProt	130	7
Q9WUD9	Src	10116	Rattus norvegicus	GO:0042542	response to hydrogen peroxide	response to stimulus	involved_in	PMID:12226102	RGD	130	28
Q5VSB6	CDT2	39947	Oryza sativa Japonica Group	GO:0046686	response to cadmium ion	response to stimulus	involved_in	PMID:19017626	UniProt	129	1
O54902	Slc11a2	10116	Rattus norvegicus	GO:0046686	response to cadmium ion	response to stimulus	involved_in	PMID:19083094	RGD	129	8
P17511	mtl-1	6239	Caenorhabditis elegans	GO:0046686	response to cadmium ion	response to stimulus	involved_in	PMID:8428932	WB	129	2
C0LP03	Tlr5	10116	Rattus norvegicus	GO:0071222	cellular response to lipopolysaccharide	response to stimulus	involved_in	PMID:21308757	RGD	129	2
P20607	Il6	10116	Rattus norvegicus	GO:0071222	cellular response to lipopolysaccharide	response to stimulus	involved_in	PMID:21849156	RGD	129	48
P82995	Hsp90aa1	10116	Rattus norvegicus	GO:0071222	cellular response to lipopolysaccharide	response to stimulus	involved_in	PMID:39395636	RGD	129	17
Q01129	Dcn	10116	Rattus norvegicus	GO:0009612	response to mechanical stimulus	response to stimulus	involved_in	PMID:16525834	RGD	128	5
P00787	Ctsb	10116	Rattus norvegicus	GO:0009612	response to mechanical stimulus	response to stimulus	involved_in	PMID:17379854	RGD	128	13
Q99MA1	Cited2	10116	Rattus norvegicus	GO:0009612	response to mechanical stimulus	response to stimulus	involved_in	PMID:20826544	RGD	128	3
P53563	Bcl2l1	10116	Rattus norvegicus	GO:0071356	cellular response to tumor necrosis factor	response to stimulus	involved_in	PMID:21937453	RGD	121	23
Q7TSX5	Sgms1	10116	Rattus norvegicus	GO:0071356	cellular response to tumor necrosis factor	response to stimulus	involved_in	PMID:12353928	RGD	121	2
P81563	Mmp1	10116	Rattus norvegicus	GO:0071356	cellular response to tumor necrosis factor	response to stimulus	involved_in	PMID:22410640	RGD	121	15
P11167	Slc2a1	10116	Rattus norvegicus	GO:0071260	cellular response to mechanical stimulus	response to stimulus	involved_in	PMID:19918242	RGD	121	7
Q8VHK6	Il13ra2	10116	Rattus norvegicus	GO:0071260	cellular response to mechanical stimulus	response to stimulus	involved_in	PMID:18362439	RGD	121	1
Q99P99	Hdac4	10116	Rattus norvegicus	GO:0071260	cellular response to mechanical stimulus	response to stimulus	involved_in	PMID:19261284	RGD	121	4
P41156	Ets1	10116	Rattus norvegicus	GO:0007565	female pregnancy	unclassified	involved_in	PMID:18439600	RGD	120	12
Q62664	Psg19	10116	Rattus norvegicus	GO:0007565	female pregnancy	unclassified	involved_in	PMID:8068638	RGD	120	1
P50596	Lep	10116	Rattus norvegicus	GO:0007565	female pregnancy	unclassified	involved_in	PMID:21303957	RGD	120	17
P53563	Bcl2l1	10116	Rattus norvegicus	GO:0043434	response to peptide hormone	response to stimulus	involved_in	PMID:17728251	RGD	117	23
Q07014	Lyn	10116	Rattus norvegicus	GO:0043434	response to peptide hormone	response to stimulus	involved_in	PMID:16713446	RGD	117	12
P70536	Oxtr	10116	Rattus norvegicus	GO:0043434	response to peptide hormone	response to stimulus	involved_in	PMID:12700188	RGD	117	17
Q9SCS7	HR3	3702	Arabidopsis thaliana	GO:0009620	response to fungus	response to stimulus	involved_in	PMID:15155802	UniProt	113	1
Q6QHD1	WRKY71	39947	Oryza sativa Japonica Group	GO:0009620	response to fungus	response to stimulus	involved_in	PMID:21726398	UniProt	113	14
Q0DAJ3	WRKY28	39947	Oryza sativa Japonica Group	GO:0009620	response to fungus	response to stimulus	involved_in	PMID:21726398	UniProt	113	2
Q9SYF0	GLIP2	3702	Arabidopsis thaliana	GO:0009723	response to ethylene	response to stimulus	involved_in	PMID:19146828	UniProt	110	6
O82140	OSCPNY1	4054	Panax ginseng	GO:0009723	response to ethylene	response to stimulus	involved_in	PMID:15821288	UniProt	110	7
Q7XWK5	SAG39	39947	Oryza sativa Japonica Group	GO:0009723	response to ethylene	response to stimulus	involved_in	PMID:20439547	UniProt	110	4
P07953	Pfkfb1	10116	Rattus norvegicus	GO:0051384	response to glucocorticoid	response to stimulus	involved_in	PMID:7593243	RGD	109	7
A0A0G2K1Q8	Abca3	10116	Rattus norvegicus	GO:0051384	response to glucocorticoid	response to stimulus	involved_in	PMID:15369786	RGD	109	1
Q9JLS4	Sfrp4	10116	Rattus norvegicus	GO:0051384	response to glucocorticoid	response to stimulus	involved_in	PMID:16540541	RGD	109	6
P23363	Bdnf	10116	Rattus norvegicus	GO:0014823	response to activity	response to stimulus	involved_in	PMID:15199375	RGD	106	28
Q9QX05	Tlr4	10116	Rattus norvegicus	GO:0014823	response to activity	response to stimulus	involved_in	PMID:20369365	RGD	106	18
P29476	Nos1	10116	Rattus norvegicus	GO:0014823	response to activity	response to stimulus	involved_in	PMID:19793134	RGD	106	15
Q9C7T1	SUPD	3702	Arabidopsis thaliana	GO:0006970	response to osmotic stress	response to stimulus	involved_in	PMID:33281837	UniProt	104	4
P17444	betA	83333	Escherichia coli K-12	GO:0006970	response to osmotic stress	response to stimulus	acts_upstream_of_or_within	PMID:8626294	EcoCyc	104	2
A0A6M3QG69	PIP2-7	4641	Musa acuminata	GO:0006970	response to osmotic stress	response to stimulus	involved_in	PMID:31841963	UniProt	104	4
A6N6J5	Wdr35	10116	Rattus norvegicus	GO:0071333	cellular response to glucose stimulus	response to stimulus	involved_in	PMID:20224876	RGD	103	5
P04937	Fn1	10116	Rattus norvegicus	GO:0071333	cellular response to glucose stimulus	response to stimulus	involved_in	PMID:22732364	RGD	103	16
P43114	Ptger4	10116	Rattus norvegicus	GO:0071333	cellular response to glucose stimulus	response to stimulus	involved_in	PMID:12888618	RGD	103	11
URS000075C4C4_10116	Rattus norvegicus H19 imprinted maternally expressed transcript (H19)	10116	Rattus norvegicus	GO:0001889	liver development	developmental process	involved_in	PMID:8981228	RGD	103	10
P59996	Pcsk9	10116	Rattus norvegicus	GO:0001889	liver development	developmental process	involved_in	PMID:12552133	HGNC-UCL	103	4
P20068	Nts	10116	Rattus norvegicus	GO:0001889	liver development	developmental process	involved_in	PMID:8342998	RGD	103	13
URS000075C8F2_10090	Mus musculus (house mouse) microRNA mmu-mir-338 precursor	10090	Mus musculus	GO:0007605	sensory perception of sound	unclassified	acts_upstream_of_or_within	PMID:23646144	MGI	103	2
URS00003D8A8C_10090	Mus musculus (house mouse) microRNA mmu-mir-29b precursor (mmu-mir-29b-1)	10090	Mus musculus	GO:0007605	sensory perception of sound	unclassified	acts_upstream_of_or_within	PMID:23646144	MGI	103	3
URS000075BACC_10090	Mus musculus (house mouse) microRNA mmu-mir-324 precursor	10090	Mus musculus	GO:0007605	sensory perception of sound	unclassified	acts_upstream_of_or_within	PMID:23646144	MGI	103	3
O23164	At4g37220	3702	Arabidopsis thaliana	GO:0009749	response to glucose	response to stimulus	acts_upstream_of_or_within	PMID:16463203	TAIR	100	3
P49192	Cartpt	10116	Rattus norvegicus	GO:0009749	response to glucose	response to stimulus	involved_in	PMID:27338624	RGD	100	12
Q5BK63	Ndufa9	10116	Rattus norvegicus	GO:0009749	response to glucose	response to stimulus	involved_in	PMID:19004814	RGD	100	1
P56705	WNT4	9606	Homo sapiens	GO:0008584	male gonad development	developmental process	involved_in	PMID:17848411	UniProt	98	7
Q9JMG6	Tfpt	10116	Rattus norvegicus	GO:0008584	male gonad development	developmental process	involved_in	PMID:11606057	RGD	98	1
Q62997	Gfra1	10116	Rattus norvegicus	GO:0008584	male gonad development	developmental process	involved_in	PMID:22111653	RGD	98	2
Q06413	MEF2C	9606	Homo sapiens	GO:0007507	heart development	developmental process	involved_in	PMID:10458488	UniProt	93	3
B3DJG4	tbx20	7955	Danio rerio	GO:0007507	heart development	developmental process	acts_upstream_of_or_within	PMID:10656766	ZFIN	93	2
P13205	Nppb	10116	Rattus norvegicus	GO:0007507	heart development	developmental process	involved_in	PMID:8027030	RGD	93	11
O35509	Rab11b	10116	Rattus norvegicus	GO:0030672	synaptic vesicle membrane	cellular component	is_active_in	PMID:20926670	SynGO	93	2
Q8R1B5	Cplx3	10090	Mus musculus	GO:0030672	synaptic vesicle membrane	cellular component	is_active_in	PMID:15911881	SynGO	93	6
Q29SB6	LOC100192117	4577	Zea mays	GO:0009739	response to gibberellin	response to stimulus	involved_in	PMID:19682768	AgBase	89	14
Q39103	GA3OX1	3702	Arabidopsis thaliana	GO:0009739	response to gibberellin	response to stimulus	acts_upstream_of_or_within	PMID:15927942	TAIR	89	5
Q8H8V7	RCN1	39947	Oryza sativa Japonica Group	GO:0009739	response to gibberellin	response to stimulus	involved_in	PMID:22996334	UniProt	89	11
P61016	Pln	10116	Rattus norvegicus	GO:0032868	response to insulin	response to stimulus	involved_in	PMID:22185592	RGD	89	1
P00507	Got2	10116	Rattus norvegicus	GO:0032868	response to insulin	response to stimulus	involved_in	PMID:23743348	RGD	89	4
P10937	Pnmt	10116	Rattus norvegicus	GO:0032868	response to insulin	response to stimulus	involved_in	PMID:15677399	RGD	89	13
Q8LJW3	ACR4	3702	Arabidopsis thaliana	GO:0009735	response to cytokinin	response to stimulus	acts_upstream_of_or_within	PMID:12481063	TAIR	88	1
Q9S7U8	ZmRR2	4577	Zea mays	GO:0009735	response to cytokinin	response to stimulus	involved_in	PMID:10608665	AgBase	88	4
Q84JF5	PTAC14	3702	Arabidopsis thaliana	GO:0009735	response to cytokinin	response to stimulus	involved_in	PMID:33322466	UniProt	88	2
O08623	Sqstm1	10116	Rattus norvegicus	GO:0002931	response to ischemia	response to stimulus	involved_in	PMID:23782269	RGD	87	1
A0ABK0M473	Bcl2	10116	Rattus norvegicus	GO:0002931	response to ischemia	response to stimulus	involved_in	PMID:31583047	RGD	87	38
URS000075D93A_10116	Rattus norvegicus (Norway rat) microRNA rno-mir-222 precursor	10116	Rattus norvegicus	GO:0002931	response to ischemia	response to stimulus	involved_in	PMID:28859292	RGD	87	8
O35147	Bad	10116	Rattus norvegicus	GO:0009725	response to hormone	response to stimulus	involved_in	PMID:18078455	RGD	87	19
P29147	Bdh1	10116	Rattus norvegicus	GO:0009725	response to hormone	response to stimulus	involved_in	PMID:6144148	RGD	87	13
P06214	Alad	10116	Rattus norvegicus	GO:0009725	response to hormone	response to stimulus	involved_in	PMID:17720948	RGD	87	29
Q68FX3	Ddx19a	10116	Rattus norvegicus	GO:0010043	response to zinc ion	response to stimulus	involved_in	PMID:15361827	RGD	86	1
Q64535	Atp7b	10116	Rattus norvegicus	GO:0010043	response to zinc ion	response to stimulus	involved_in	PMID:12840169	RGD	86	9
Q9S9M2	WAKL4	3702	Arabidopsis thaliana	GO:0010043	response to zinc ion	response to stimulus	acts_upstream_of_or_within	PMID:16286448	TAIR	86	3
F4J505	IDL7	3702	Arabidopsis thaliana	GO:0042742	defense response to bacterium	response to stimulus	acts_upstream_of_or_within	PMID:28586470	TAIR	85	3
Q4V653	CG30098	7227	Drosophila melanogaster	GO:0042742	defense response to bacterium	response to stimulus	involved_in	PMID:18654628	FlyBase	85	1
Q9C4Z6	RACK1B	3702	Arabidopsis thaliana	GO:0042742	defense response to bacterium	response to stimulus	involved_in	PMID:34939305	TAIR	85	2
Q54P69	psiM	44689	Dictyostelium discoideum	GO:0007618	mating	unclassified	acts_upstream_of_or_within	PMID:15817229	dictyBase	83	1
Q55BT6	DDB_G0270368	44689	Dictyostelium discoideum	GO:0007618	mating	unclassified	acts_upstream_of_or_within	PMID:15817229	dictyBase	83	1
Q0KI39	Dm_3R:88623	7227	Drosophila melanogaster	GO:0007618	mating	unclassified	involved_in	PMID:21672851	FlyBase	83	1
Q99MZ8	Lasp1	10116	Rattus norvegicus	GO:0098794	postsynapse	cellular component	is_active_in	PMID:15372503	SynGO	83	1
Q6P1I6	Psd2	10090	Mus musculus	GO:0098794	postsynapse	cellular component	is_active_in	PMID:15836626	SynGO	83	2
F1LP90	Mink1	10116	Rattus norvegicus	GO:0098794	postsynapse	cellular component	is_active_in	PMID:21048137	SynGO	83	3
P26435	Slc10a1	10116	Rattus norvegicus	GO:0043627	response to estrogen	response to stimulus	involved_in	PMID:27090119	RGD	81	5
P25095	Agtr1	10116	Rattus norvegicus	GO:0043627	response to estrogen	response to stimulus	involved_in	PMID:15544836	RGD	81	5
Q62959	Lepr	10116	Rattus norvegicus	GO:0043627	response to estrogen	response to stimulus	involved_in	PMID:15059958	RGD	81	13
Q2QY10	CBP	39947	Oryza sativa Japonica Group	GO:0009610	response to symbiotic fungus	response to stimulus	involved_in	PMID:22212404	UniProt	80	1
B2CPI6	PT4	4102	Petunia x hybrida	GO:0009610	response to symbiotic fungus	response to stimulus	involved_in	PMID:18315538	UniProt	80	2
Q9FMD7	At5g16590	3702	Arabidopsis thaliana	GO:0009610	response to symbiotic fungus	response to stimulus	acts_upstream_of_or_within	PMID:17397506	TAIR	80	2
P18266	Gsk3b	10116	Rattus norvegicus	GO:0070301	cellular response to hydrogen peroxide	response to stimulus	involved_in	PMID:18005341	RGD	80	14
A0A0G2JZ79	Sirt1	10116	Rattus norvegicus	GO:0070301	cellular response to hydrogen peroxide	response to stimulus	involved_in	PMID:17581637	RGD	80	13
A0ABK0M473	Bcl2	10116	Rattus norvegicus	GO:0070301	cellular response to hydrogen peroxide	response to stimulus	involved_in	PMID:16157298	RGD	80	38
Q09167	Srsf5	10116	Rattus norvegicus	GO:0097421	liver regeneration	developmental process	involved_in	PMID:7686911	RGD	80	4
P56500	Ucp2	10116	Rattus norvegicus	GO:0097421	liver regeneration	developmental process	involved_in	PMID:19104935	RGD	80	10
P49950	Bcl2	10116	Rattus norvegicus	GO:0097421	liver regeneration	developmental process	involved_in	PMID:21503946	RGD	80	38
B2DD29	Brsk1	10116	Rattus norvegicus	GO:0014069	postsynaptic density	cellular component	is_active_in	PMID:16630837	SynGO	80	5
A0A0G2JX94	Amot	10116	Rattus norvegicus	GO:0014069	postsynaptic density	cellular component	is_active_in	PMID:29317530	SynGO	80	2
O35116	Ctnnd2	10116	Rattus norvegicus	GO:0014069	postsynaptic density	cellular component	is_active_in	PMID:12453475	SynGO	80	5
O65782	CYP83B1	3702	Arabidopsis thaliana	GO:0009625	response to insect	response to stimulus	involved_in	PMID:16740150	UniProt	79	2
E2E2P0	TPS2	39352	Origanum vulgare	GO:0009625	response to insect	response to stimulus	involved_in	PMID:26156773	UniProt	79	5
Q501D8	CYP79B3	3702	Arabidopsis thaliana	GO:0009625	response to insect	response to stimulus	acts_upstream_of_or_within	PMID:23144921	TAIR	79	3
Q9GZT5	WNT10A	9606	Homo sapiens	GO:0071560	cellular response to transforming growth factor beta stimulus	response to stimulus	involved_in	PMID:15040835	UniProt	79	1
Q64303	Pak2	10116	Rattus norvegicus	GO:0071560	cellular response to transforming growth factor beta stimulus	response to stimulus	involved_in	PMID:15629889	RGD	79	2
P14137	Cyp11a1	10116	Rattus norvegicus	GO:0071560	cellular response to transforming growth factor beta stimulus	response to stimulus	involved_in	PMID:18511507	RGD	79	39
Q6P6V0	Gpi	10116	Rattus norvegicus	GO:0033574	response to testosterone	response to stimulus	involved_in	PMID:4002659	RGD	78	7
A0ABK0LVJ6	Ccnd2	10116	Rattus norvegicus	GO:0033574	response to testosterone	response to stimulus	involved_in	PMID:15659706	RGD	78	19
P18418	Calr	10116	Rattus norvegicus	GO:0033574	response to testosterone	response to stimulus	involved_in	PMID:9751517	RGD	78	11
B0G168	srsA	44689	Dictyostelium discoideum	GO:0042594	response to starvation	response to stimulus	involved_in	PMID:18673382	UniProt	78	3
P10069	brlA	227321	Aspergillus nidulans FGSC A4	GO:0042594	response to starvation	response to stimulus	acts_upstream_of_or_within	PMID:7894714	AspGD	78	2
P0DJJ3	Sgip1	10116	Rattus norvegicus	GO:0042594	response to starvation	response to stimulus	involved_in	PMID:15919751	RGD	78	1
P0DO11	FLZ17	3702	Arabidopsis thaliana	GO:0009744	response to sucrose	response to stimulus	involved_in	PMID:26442059	UniProt	78	8
A0MES8	ABI4	3702	Arabidopsis thaliana	GO:0009744	response to sucrose	response to stimulus	acts_upstream_of_or_within	PMID:9418043	TAIR	78	1
P0DO44	ATP6	3702	Arabidopsis thaliana	GO:0009744	response to sucrose	response to stimulus	involved_in	PMID:15829605	UniProt	78	7
Q8IGP1	CG8154	7227	Drosophila melanogaster	GO:0007498	mesoderm development	developmental process	involved_in	PMID:11486054	FlyBase	78	1
P22711	tin	7227	Drosophila melanogaster	GO:0007498	mesoderm development	developmental process	involved_in	PMID:11486054	FlyBase	78	2
Q9VFI0	stumps	7227	Drosophila melanogaster	GO:0007498	mesoderm development	developmental process	involved_in	PMID:11486054	FlyBase	78	1
P00884	Aldob	10116	Rattus norvegicus	GO:0032869	cellular response to insulin stimulus	response to stimulus	involved_in	PMID:9473304	RGD	78	11
P63149	Ube2b	10116	Rattus norvegicus	GO:0032869	cellular response to insulin stimulus	response to stimulus	involved_in	PMID:8048511	RGD	78	3
P25409	Gpt	10116	Rattus norvegicus	GO:0032869	cellular response to insulin stimulus	response to stimulus	involved_in	PMID:25865565	RGD	78	3
P38438	Tgfbr2	10116	Rattus norvegicus	GO:0048545	response to steroid hormone	response to stimulus	involved_in	PMID:9144876	RGD	76	13
P04177	Th	10116	Rattus norvegicus	GO:0048545	response to steroid hormone	response to stimulus	involved_in	PMID:11883789	RGD	76	38
Q503Q1	spata18	7955	Danio rerio	GO:0048545	response to steroid hormone	response to stimulus	acts_upstream_of_or_within	PMID:28265462	ZFIN	76	1
Q9QUH3	Apoa5	10116	Rattus norvegicus	GO:0031100	animal organ regeneration	developmental process	involved_in	PMID:11577099	RGD	72	2
Q5M824	Shc1	10116	Rattus norvegicus	GO:0031100	animal organ regeneration	developmental process	involved_in	PMID:15067377	RGD	72	9
F1MAG7	Ptpru	10116	Rattus norvegicus	GO:0031100	animal organ regeneration	developmental process	involved_in	PMID:7591957	RGD	72	2
Q8LPQ8	MSSP2	3702	Arabidopsis thaliana	GO:1902074	response to salt	response to stimulus	involved_in	PMID:17158605	UniProt	72	6
Q6R0C4	MYB52	3702	Arabidopsis thaliana	GO:1902074	response to salt	response to stimulus	involved_in	PMID:21399993	UniProt	72	2
Q9FGY3	MYB78	3702	Arabidopsis thaliana	GO:1902074	response to salt	response to stimulus	involved_in	PMID:16463103	UniProt	72	2
P17491	Inhbb	10116	Rattus norvegicus	GO:0071347	cellular response to interleukin-1	response to stimulus	involved_in	PMID:15817831	RGD	72	13
Q9WV87	Nox1	10116	Rattus norvegicus	GO:0071347	cellular response to interleukin-1	response to stimulus	involved_in	PMID:26682942	RGD	72	4
Q924V1	Nox4	10116	Rattus norvegicus	GO:0071347	cellular response to interleukin-1	response to stimulus	involved_in	PMID:26682942	RGD	72	6
Q9LDZ0	HSP70-10	3702	Arabidopsis thaliana	GO:0009615	response to virus	response to stimulus	acts_upstream_of_or_within	PMID:15805473	TAIR	72	2
P43082	HEL	3702	Arabidopsis thaliana	GO:0009615	response to virus	response to stimulus	acts_upstream_of_or_within	PMID:8118053	TAIR	72	4
Q9SD05	SSL6	3702	Arabidopsis thaliana	GO:0009615	response to virus	response to stimulus	involved_in	PMID:19121120	UniProt	72	6
Q1LZ53	Dnmt3a	10116	Rattus norvegicus	GO:0042220	response to cocaine	response to stimulus	involved_in	PMID:23688924	RGD	71	14
Q9Z214	Homer1	10116	Rattus norvegicus	GO:0042220	response to cocaine	response to stimulus	involved_in	PMID:18932227	RGD	71	4
Q05683	Gad2	10116	Rattus norvegicus	GO:0042220	response to cocaine	response to stimulus	involved_in	PMID:29139213	RGD	71	8
P49077	PYRB	3702	Arabidopsis thaliana	GO:0016036	cellular response to phosphate starvation	response to stimulus	acts_upstream_of_or_within	PMID:15820655	TAIR	71	1
A0A386L1Q6	dabB	37319	Pseudo-nitzschia multiseries	GO:0016036	cellular response to phosphate starvation	response to stimulus	involved_in	PMID:30262498	UniProt	71	2
O48781	SPX2	3702	Arabidopsis thaliana	GO:0016036	cellular response to phosphate starvation	response to stimulus	acts_upstream_of_or_within	PMID:18315545	TAIR	71	2
Q99JH7	Clstn3	10090	Mus musculus	GO:0098839	postsynaptic density membrane	cellular component	is_active_in	PMID:24613359	SynGO	71	2
Q6AY17	Abhd17b	10116	Rattus norvegicus	GO:0098839	postsynaptic density membrane	cellular component	is_active_in	PMID:27307232	SynGO	71	3
D4A7P2	Lrrtm2	10116	Rattus norvegicus	GO:0098839	postsynaptic density membrane	cellular component	is_active_in	PMID:19285470	SynGO	71	10
Q884G0	PSPTO_2133	223283	Pseudomonas syringae pv. tomato str. DC3000	GO:0045893	positive regulation of DNA-templated transcription	biological regulation	involved_in	PMID:18363796	CollecTF	68	1
P12978	EBNA2	10377	Human herpesvirus 4 strain B95-8	GO:0045893	positive regulation of DNA-templated transcription	biological regulation	involved_in	PMID:24675874	DisProt	68	1
Q9FIW9	ZHD10	3702	Arabidopsis thaliana	GO:0045893	positive regulation of DNA-templated transcription	biological regulation	acts_upstream_of_or_within	PMID:29686058	TAIR	68	3
O08565	Cxcr4	10116	Rattus norvegicus	GO:0071466	cellular response to xenobiotic stimulus	response to stimulus	involved_in	PMID:20613717	RGD	66	4
P09416	Myc	10116	Rattus norvegicus	GO:0071466	cellular response to xenobiotic stimulus	response to stimulus	involved_in	PMID:17886230	RGD	66	33
P11232	Txn	10116	Rattus norvegicus	GO:0071466	cellular response to xenobiotic stimulus	response to stimulus	involved_in	PMID:20453393	RGD	66	9
P59215	Gnao1	10116	Rattus norvegicus	GO:0034097	response to cytokine	response to stimulus	involved_in	PMID:9685638	RGD	64	6
P10158	Fosl1	10116	Rattus norvegicus	GO:0034097	response to cytokine	response to stimulus	involved_in	PMID:12770614	RGD	64	11
P00787	Ctsb	10116	Rattus norvegicus	GO:0034097	response to cytokine	response to stimulus	involved_in	PMID:19893052	RGD	64	13
P38054	cusA	83333	Escherichia coli K-12	GO:0046688	response to copper ion	response to stimulus	acts_upstream_of_or_within	PMID:11283292	EcoCyc	63	4
P62898	Cycs	10116	Rattus norvegicus	GO:0046688	response to copper ion	response to stimulus	involved_in	PMID:14608045	RGD	63	5
A0ABK0L907	S100a13	10116	Rattus norvegicus	GO:0046688	response to copper ion	response to stimulus	involved_in	PMID:12754378	RGD	63	2
P06494	Erbb2	10116	Rattus norvegicus	GO:0032570	response to progesterone	response to stimulus	involved_in	PMID:17459743	RGD	63	12
Q63787	Pik3r1	10116	Rattus norvegicus	GO:0032570	response to progesterone	response to stimulus	involved_in	PMID:18752305	RGD	63	16
Q5XIT8	Cldn4	10116	Rattus norvegicus	GO:0032570	response to progesterone	response to stimulus	involved_in	PMID:19555995	RGD	63	3
P21994	Gjb2	10116	Rattus norvegicus	GO:0071549	cellular response to dexamethasone stimulus	response to stimulus	involved_in	PMID:7593318	RGD	63	16
A0A8I6ATW0	Abcb4	10116	Rattus norvegicus	GO:0071549	cellular response to dexamethasone stimulus	response to stimulus	involved_in	PMID:18524938	RGD	63	38
P97526	Nf1	10116	Rattus norvegicus	GO:0071549	cellular response to dexamethasone stimulus	response to stimulus	involved_in	PMID:8892969	RGD	63	3
Q05982	Nme1	10116	Rattus norvegicus	GO:0051591	response to cAMP	response to stimulus	involved_in	PMID:11082283	RGD	62	8
Q63688	Cyp7b1	10116	Rattus norvegicus	GO:0051591	response to cAMP	response to stimulus	involved_in	PMID:12029625	RGD	62	2
Q811R2	Ppargc1b	10116	Rattus norvegicus	GO:0051591	response to cAMP	response to stimulus	involved_in	PMID:12807885	RGD	62	3
B0K019	Bag1	10116	Rattus norvegicus	GO:0035094	response to nicotine	response to stimulus	involved_in	PMID:15785859	RGD	62	3
Q9VU95	CG8745	7227	Drosophila melanogaster	GO:0035094	response to nicotine	response to stimulus	involved_in	PMID:17237783	FlyBase	62	1
P18901	Drd1	10116	Rattus norvegicus	GO:0035094	response to nicotine	response to stimulus	involved_in	PMID:23447334	RGD	62	17
P56745	Cldn1	10116	Rattus norvegicus	GO:0071548	response to dexamethasone	response to stimulus	involved_in	PMID:17897557	RGD	61	11
A0A8I6ATW0	Abcb4	10116	Rattus norvegicus	GO:0071548	response to dexamethasone	response to stimulus	involved_in	PMID:11992648	RGD	61	38
P22355	Sftpb	10116	Rattus norvegicus	GO:0071548	response to dexamethasone	response to stimulus	involved_in	PMID:1850607	RGD	61	17
A0A8I5ZV49	Flna	10116	Rattus norvegicus	GO:0021987	cerebral cortex development	developmental process	involved_in	PMID:22076441	RGD	61	1
P24008	Srd5a1	10116	Rattus norvegicus	GO:0021987	cerebral cortex development	developmental process	involved_in	PMID:8770891	RGD	61	31
P16884	Nefh	10116	Rattus norvegicus	GO:0021987	cerebral cortex development	developmental process	involved_in	PMID:10439464	RGD	61	9
Q06393	Clcnka	10116	Rattus norvegicus	GO:0001822	kidney development	developmental process	involved_in	PMID:11479722	RGD	60	4
G3V861	Cyp26a1	10116	Rattus norvegicus	GO:0001822	kidney development	developmental process	involved_in	PMID:15567713	RGD	60	3
Q63664	Kcnj8	10116	Rattus norvegicus	GO:0001822	kidney development	developmental process	involved_in	PMID:12466933	RGD	60	1
A0A8I5YC36	Ranbp2	10116	Rattus norvegicus	GO:0001975	response to amphetamine	response to stimulus	involved_in	PMID:23711322	RGD	59	1
P63329	Ppp3ca	10116	Rattus norvegicus	GO:0001975	response to amphetamine	response to stimulus	involved_in	PMID:11954050	RGD	59	2
A0A0G2K4L8	Itgam	10116	Rattus norvegicus	GO:0001975	response to amphetamine	response to stimulus	involved_in	PMID:31282647	RGD	59	7
Q57W26	ZC3H11	185431	Trypanosoma brucei brucei TREU927	GO:0034605	cellular response to heat	response to stimulus	acts_upstream_of_or_within	PMID:27002830	GeneDB	58	1
O80917	DREB2E	3702	Arabidopsis thaliana	GO:0034605	cellular response to heat	response to stimulus	acts_upstream_of_or_within	PMID:21069430	TAIR	58	2
Q8IN44	TotA	7227	Drosophila melanogaster	GO:0034605	cellular response to heat	response to stimulus	involved_in	PMID:11369236	FlyBase	58	8
Q9LDY2	DIN4	3702	Arabidopsis thaliana	GO:0009646	response to absence of light	response to stimulus	involved_in	PMID:10681595	UniProt	57	3
Q07488	BCB	3702	Arabidopsis thaliana	GO:0009646	response to absence of light	response to stimulus	acts_upstream_of_or_within	PMID:8294044	TAIR	57	2
Q9FZH5	PMI2	3702	Arabidopsis thaliana	GO:0009646	response to absence of light	response to stimulus	involved_in	PMID:16100230	UniProt	57	9
Q5U315	Tent2	10116	Rattus norvegicus	GO:0021766	hippocampus development	developmental process	involved_in	PMID:24074826	RGD	56	8
Q64350	Eif2b5	10116	Rattus norvegicus	GO:0021766	hippocampus development	developmental process	involved_in	PMID:12850562	RGD	56	1
Q63186	Eif2b4	10116	Rattus norvegicus	GO:0021766	hippocampus development	developmental process	involved_in	PMID:12850562	RGD	56	1
A0AC58JHT2	npas2	7955	Danio rerio	GO:0009648	photoperiodism	response to stimulus	acts_upstream_of_or_within	PMID:12354100	ZFIN	56	1
Q94BS8	EFL2	3702	Arabidopsis thaliana	GO:0009648	photoperiodism	response to stimulus	involved_in	PMID:20357892	UniProt	56	1
A0AC58GR18	per3	7955	Danio rerio	GO:0009648	photoperiodism	response to stimulus	acts_upstream_of_or_within	PMID:10894777	ZFIN	56	2
Q63604	Ntrk2	10116	Rattus norvegicus	GO:1990090	cellular response to nerve growth factor stimulus	response to stimulus	involved_in	PMID:21958434	RGD	56	6
O88658	Kif1b	10116	Rattus norvegicus	GO:1990090	cellular response to nerve growth factor stimulus	response to stimulus	involved_in	PMID:24469107	RGD	56	2
P23363	Bdnf	10116	Rattus norvegicus	GO:1990090	cellular response to nerve growth factor stimulus	response to stimulus	involved_in	PMID:21958434	RGD	56	28
Q9QYH7	Ghrl	10116	Rattus norvegicus	GO:0051602	response to electrical stimulus	response to stimulus	involved_in	PMID:23525979	RGD	55	2
Q00960	Grin2b	10116	Rattus norvegicus	GO:0051602	response to electrical stimulus	response to stimulus	involved_in	PMID:20514696	RGD	55	37
P62632	Eef1a2	10116	Rattus norvegicus	GO:0051602	response to electrical stimulus	response to stimulus	involved_in	PMID:8750861	RGD	55	1
P13053	Vdr	10116	Rattus norvegicus	GO:0051592	response to calcium ion	response to stimulus	involved_in	PMID:20181667	RGD	55	6
D4A1W8	Mttp	10116	Rattus norvegicus	GO:0051592	response to calcium ion	response to stimulus	involved_in	PMID:16651714	RGD	55	2
Q00960	Grin2b	10116	Rattus norvegicus	GO:0051592	response to calcium ion	response to stimulus	involved_in	PMID:19761817	RGD	55	37
P16599	Tnf	10116	Rattus norvegicus	GO:0071300	cellular response to retinoic acid	response to stimulus	involved_in	PMID:15602748	RGD	54	43
P02454	Col1a1	10116	Rattus norvegicus	GO:0071300	cellular response to retinoic acid	response to stimulus	involved_in	PMID:1921334	RGD	54	26
P02466	Col1a2	10116	Rattus norvegicus	GO:0071300	cellular response to retinoic acid	response to stimulus	involved_in	PMID:15234273	RGD	54	4
Q29RW1	Myh4	10116	Rattus norvegicus	GO:0014850	response to muscle activity	response to stimulus	involved_in	PMID:16179485	RGD	53	4
P26817	Grk2	10116	Rattus norvegicus	GO:0014850	response to muscle activity	response to stimulus	involved_in	PMID:23913704	RGD	53	9
Q62956	Erbb4	10116	Rattus norvegicus	GO:0014850	response to muscle activity	response to stimulus	involved_in	PMID:25820551	RGD	53	16
A0A1D6EFT8	EDS	4577	Zea mays	GO:0050832	defense response to fungus	response to stimulus	involved_in	PMID:29570233	UniProt	53	1
Q8H1D6	RBK1	3702	Arabidopsis thaliana	GO:0050832	defense response to fungus	response to stimulus	involved_in	PMID:18088316	UniProt	53	3
Q4VIX3	Q4VIX3	3635	Gossypium hirsutum	GO:0050832	defense response to fungus	response to stimulus	involved_in	PMID:16084605	AgBase	53	3
P51647	Aldh1a1	10116	Rattus norvegicus	GO:0032526	response to retinoic acid	response to stimulus	involved_in	PMID:11169459	RGD	53	7
P11715	Cyp17a1	10116	Rattus norvegicus	GO:0032526	response to retinoic acid	response to stimulus	involved_in	PMID:19497980	RGD	53	24
Q04906	Bmp6	10116	Rattus norvegicus	GO:0032526	response to retinoic acid	response to stimulus	involved_in	PMID:8385738	RGD	53	7
A0A8I6GLM3	Ncoa1	10116	Rattus norvegicus	GO:0021549	cerebellum development	developmental process	involved_in	PMID:15876152	RGD	52	10
P15389	Scn5a	10116	Rattus norvegicus	GO:0021549	cerebellum development	developmental process	involved_in	PMID:22331407	RGD	52	4
Q9WUB5	Ncor1	10116	Rattus norvegicus	GO:0021549	cerebellum development	developmental process	involved_in	PMID:10803578	RGD	52	3
Q6R3L0	YSL1	3702	Arabidopsis thaliana	GO:0010039	response to iron ion	response to stimulus	acts_upstream_of_or_within	PMID:16297069	TAIR	51	1
O78310	CSD2	3702	Arabidopsis thaliana	GO:0010039	response to iron ion	response to stimulus	acts_upstream_of_or_within	PMID:16861386	TAIR	51	11
Q2V4N4	At1g13609	3702	Arabidopsis thaliana	GO:0010039	response to iron ion	response to stimulus	involved_in	PMID:36275516	TAIR	51	1
A0ABK0LXI1	Txn1	10116	Rattus norvegicus	GO:0048678	response to axon injury	response to stimulus	involved_in	PMID:19833109	RGD	51	9
P39951	Cdk1	10116	Rattus norvegicus	GO:0048678	response to axon injury	response to stimulus	involved_in	PMID:17200138	RGD	51	9
A0A0G2K2H0	Axl	10116	Rattus norvegicus	GO:0048678	response to axon injury	response to stimulus	involved_in	PMID:20187850	RGD	51	2
Q91WW1	Ucn2	10116	Rattus norvegicus	GO:0035902	response to immobilization stress	response to stimulus	involved_in	PMID:12869794	RGD	51	3
P07895	Sod2	10116	Rattus norvegicus	GO:0035902	response to immobilization stress	response to stimulus	involved_in	PMID:20020182	RGD	51	16
P08424	Ren1	10116	Rattus norvegicus	GO:0035902	response to immobilization stress	response to stimulus	involved_in	PMID:7042704	RGD	51	4
Q9CA93	BAC2	3702	Arabidopsis thaliana	GO:0006972	hyperosmotic response	response to stimulus	acts_upstream_of_or_within	PMID:20172963	TAIR	51	1
P24174	manC	83333	Escherichia coli K-12	GO:0006972	hyperosmotic response	response to stimulus	acts_upstream_of_or_within	PMID:8576059	EcoCyc	51	1
P07830	act1	44689	Dictyostelium discoideum	GO:0006972	hyperosmotic response	response to stimulus	involved_in	PMID:17517120	dictyBase	51	2
Q91X56	S1pr5	10090	Mus musculus	GO:0098793	presynapse	cellular component	is_active_in	PMID:35781853	SynGO	50	1
A0A8I6GJE3	Mrtfb	10116	Rattus norvegicus	GO:0098793	presynapse	cellular component	is_active_in	PMID:29335431	SynGO	50	3
P61957	Sumo2	10090	Mus musculus	GO:0098793	presynapse	cellular component	is_active_in	PMID:37009224	SynGO	50	5
P20961	Serpine1	10116	Rattus norvegicus	GO:0071320	cellular response to cAMP	response to stimulus	involved_in	PMID:9603932	RGD	50	44
P09034	Ass1	10116	Rattus norvegicus	GO:0071320	cellular response to cAMP	response to stimulus	involved_in	PMID:8923475	RGD	50	29
Q06647	Atp5po	10116	Rattus norvegicus	GO:0071320	cellular response to cAMP	response to stimulus	involved_in	PMID:26775111	RGD	50	2
Q9R0W1	Pitx2	10116	Rattus norvegicus	GO:0030182	neuron differentiation	developmental process	involved_in	PMID:16408195	RGD	50	6
Q9QXQ7	Wnt5a	10116	Rattus norvegicus	GO:0030182	neuron differentiation	developmental process	involved_in	PMID:16909041	RGD	50	12
P70662	Ldb1	10090	Mus musculus	GO:0030182	neuron differentiation	developmental process	involved_in	PMID:8876198	UniProt	50	1
Q6QI68	Psenen	10116	Rattus norvegicus	GO:0042734	presynaptic membrane	cellular component	is_active_in	PMID:20126630	SynGO	50	1
P97490	Adcy8	10090	Mus musculus	GO:0042734	presynaptic membrane	cellular component	is_active_in	PMID:17335981	SynGO	50	1
O88917	Adgrl1	10116	Rattus norvegicus	GO:0042734	presynaptic membrane	cellular component	is_active_in	PMID:21724987	SynGO	50	4
Q9JLQ0	Cd2ap	10090	Mus musculus	GO:0050808	synapse organization	unclassified	involved_in	PMID:31412248	SynGO	49	2
A0A0C4DHN4	dpr21	7227	Drosophila melanogaster	GO:0050808	synapse organization	unclassified	involved_in	PMID:26687361	FlyBase	49	1
M9PF70	dpr6	7227	Drosophila melanogaster	GO:0050808	synapse organization	unclassified	involved_in	PMID:26687361	FlyBase	49	1
Q8Y589	lmo2180	169963	Listeria monocytogenes EGD-e	GO:0071281	cellular response to iron ion	response to stimulus	involved_in	PMID:15661014	CollecTF	49	3
Q8Y588	srtB	169963	Listeria monocytogenes EGD-e	GO:0071281	cellular response to iron ion	response to stimulus	involved_in	PMID:19933349	CollecTF	49	3
B5Z6V9	HPG27_548	563041	Helicobacter pylori G27	GO:0071281	cellular response to iron ion	response to stimulus	involved_in	PMID:23002221	CollecTF	49	1
P07867	Lipc	10116	Rattus norvegicus	GO:0043200	response to amino acid	response to stimulus	involved_in	PMID:19212806	RGD	49	19
Q62600	Nos3	10116	Rattus norvegicus	GO:0043200	response to amino acid	response to stimulus	involved_in	PMID:17535904	RGD	49	45
P48032	Timp3	10116	Rattus norvegicus	GO:0043200	response to amino acid	response to stimulus	involved_in	PMID:17083784	RGD	49	10
Q9LVA1	NAC101	3702	Arabidopsis thaliana	GO:0009741	response to brassinosteroid	response to stimulus	acts_upstream_of_or_within	PMID:16103214	TAIR	49	4
Q6YUX0	ILI5	39947	Oryza sativa Japonica Group	GO:0009741	response to brassinosteroid	response to stimulus	involved_in	PMID:27879391	UniProt	49	2
Q9C8W9	NAC030	3702	Arabidopsis thaliana	GO:0009741	response to brassinosteroid	response to stimulus	acts_upstream_of_or_within	PMID:16103214	TAIR	49	4
URS00003B95DA_10116	Rattus norvegicus (Norway rat) rno-miR-27a-3p	10116	Rattus norvegicus	GO:0007595	lactation	developmental process	involved_in	PMID:30698333	RGD	48	3
O35854	Bcat2	10116	Rattus norvegicus	GO:0007595	lactation	developmental process	involved_in	PMID:11171603	RGD	48	3
URS000075E954_10116	Rattus norvegicus (Norway rat) microRNA rno-mir-27a precursor	10116	Rattus norvegicus	GO:0007595	lactation	developmental process	involved_in	PMID:30698333	RGD	48	3
A0A0G2JW78	Rara	10116	Rattus norvegicus	GO:0033189	response to vitamin A	response to stimulus	involved_in	PMID:18384703	RGD	48	7
P26051	Cd44	10116	Rattus norvegicus	GO:0033189	response to vitamin A	response to stimulus	involved_in	PMID:16804311	RGD	48	3
Q6PSM0	Abcb1a	10116	Rattus norvegicus	GO:0033189	response to vitamin A	response to stimulus	involved_in	PMID:26729079	RGD	48	38
P97577	Fez1	10116	Rattus norvegicus	GO:0071363	cellular response to growth factor stimulus	response to stimulus	involved_in	PMID:17669366	RGD	46	2
P07897	Acan	10116	Rattus norvegicus	GO:0071363	cellular response to growth factor stimulus	response to stimulus	involved_in	PMID:19968598	RGD	46	9
O35433	Trpv1	10116	Rattus norvegicus	GO:0071363	cellular response to growth factor stimulus	response to stimulus	involved_in	PMID:17217411	RGD	46	6
A0A0G2K470	Itga2	10116	Rattus norvegicus	GO:0071392	cellular response to estradiol stimulus	response to stimulus	involved_in	PMID:11341970	RGD	46	11
Q9JJ54	Hnrnpd	10116	Rattus norvegicus	GO:0071392	cellular response to estradiol stimulus	response to stimulus	involved_in	PMID:22216273	RGD	46	9
A0ABK0KW61	Abcb1a	10116	Rattus norvegicus	GO:0071392	cellular response to estradiol stimulus	response to stimulus	involved_in	PMID:23707492	RGD	46	38
G5EB76	sidA	227321	Aspergillus nidulans FGSC A4	GO:0010106	cellular response to iron ion starvation	response to stimulus	acts_upstream_of_or_within	PMID:12196195	AspGD	46	1
P9WKL5	htm	83332	Mycobacterium tuberculosis H37Rv	GO:0010106	cellular response to iron ion starvation	response to stimulus	involved_in	PMID:17464057	MTBBASE	46	2
P9WQE9	pks2	83332	Mycobacterium tuberculosis H37Rv	GO:0010106	cellular response to iron ion starvation	response to stimulus	involved_in	PMID:17464057	MTBBASE	46	1
Q00566	Mecp2	10116	Rattus norvegicus	GO:0010288	response to lead ion	response to stimulus	involved_in	PMID:23246732	RGD	46	20
P04762	Cat	10116	Rattus norvegicus	GO:0010288	response to lead ion	response to stimulus	involved_in	PMID:15721881	RGD	46	21
P02793	Ftl1	10116	Rattus norvegicus	GO:0010288	response to lead ion	response to stimulus	involved_in	PMID:19332663	RGD	46	1
P23593	Apod	10116	Rattus norvegicus	GO:0042246	tissue regeneration	developmental process	involved_in	PMID:1695148	RGD	45	4
A0A0B4JD53	Mmp1	7227	Drosophila melanogaster	GO:0042246	tissue regeneration	developmental process	involved_in	PMID:18485344	FlyBase	45	1
Q90275	cdh2	7955	Danio rerio	GO:0042246	tissue regeneration	developmental process	acts_upstream_of_or_within	PMID:16205622	ZFIN	45	2
D3ZU13	Eif4g1	10116	Rattus norvegicus	GO:0030324	lung development	developmental process	involved_in	PMID:15388509	RGD	45	2
P43699	NKX2-1	9606	Homo sapiens	GO:0030324	lung development	developmental process	involved_in	PMID:16960125	UniProt	45	6
G3V8E3	Lhx3	10116	Rattus norvegicus	GO:0030324	lung development	developmental process	involved_in	PMID:16798779	RGD	45	1
P08427	Sftpa1	10116	Rattus norvegicus	GO:0055093	response to hyperoxia	response to stimulus	involved_in	PMID:11472975	RGD	45	12
P20961	Serpine1	10116	Rattus norvegicus	GO:0055093	response to hyperoxia	response to stimulus	involved_in	PMID:19099788	RGD	45	44
P22355	Sftpb	10116	Rattus norvegicus	GO:0055093	response to hyperoxia	response to stimulus	involved_in	PMID:11472975	RGD	45	17
P9WMT5	grpE	83332	Mycobacterium tuberculosis H37Rv	GO:0009267	cellular response to starvation	response to stimulus	involved_in	PMID:11929527	MTBBASE	44	1
Q6NPB2	Lst	7227	Drosophila melanogaster	GO:0009267	cellular response to starvation	response to stimulus	involved_in	PMID:25651184	FlyBase	44	2
P09551	argT	83333	Escherichia coli K-12	GO:0009267	cellular response to starvation	response to stimulus	acts_upstream_of_or_within	PMID:11683869	EcoCyc	44	3
Q058G9	CEP5	3702	Arabidopsis thaliana	GO:0006995	cellular response to nitrogen starvation	response to stimulus	involved_in	PMID:25324386	UniProt	44	11
P0DN97	CEP8	3702	Arabidopsis thaliana	GO:0006995	cellular response to nitrogen starvation	response to stimulus	involved_in	PMID:25324386	UniProt	44	1
P42644	GRF3	3702	Arabidopsis thaliana	GO:0006995	cellular response to nitrogen starvation	response to stimulus	involved_in	PMID:21094157	UniProt	44	5
A1YKY5	Ucn3	10116	Rattus norvegicus	GO:0051412	response to corticosterone	response to stimulus	involved_in	PMID:16809443	RGD	44	6
Q62878	Hsd3b6	10116	Rattus norvegicus	GO:0051412	response to corticosterone	response to stimulus	involved_in	PMID:8027581	RGD	44	6
P22071	Hsd3b1	10116	Rattus norvegicus	GO:0051412	response to corticosterone	response to stimulus	involved_in	PMID:18335507	RGD	44	39
Q6XVN8	Map1lc3a	10116	Rattus norvegicus	GO:0045202	synapse	cellular component	is_active_in	PMID:15095872	SynGO	44	9
Q04863	Relb	10090	Mus musculus	GO:0045202	synapse	cellular component	is_active_in	PMID:22514330	SynGO	44	1
Q7TQN4	Rela	10116	Rattus norvegicus	GO:0045202	synapse	cellular component	is_active_in	PMID:8297787	SynGO	44	16
Q42410	ZAT12	3702	Arabidopsis thaliana	GO:0010224	response to UV-B	response to stimulus	acts_upstream_of_or_within	PMID:18266923	TAIR	44	8
Q9LFG0	ZAT18	3702	Arabidopsis thaliana	GO:0010224	response to UV-B	response to stimulus	involved_in	PMID:28586434	UniProt	44	8
Q9FNY4	POLL	3702	Arabidopsis thaliana	GO:0010224	response to UV-B	response to stimulus	acts_upstream_of_or_within	PMID:21227935	TAIR	44	1
P32760	PTN	9031	Gallus gallus	GO:0007420	brain development	developmental process	involved_in	PMID:19526365	AgBase	43	10
Q6XZH1	pou4f2	7955	Danio rerio	GO:0007420	brain development	developmental process	acts_upstream_of_or_within	PMID:15042710	ZFIN	43	1
Q8JI10	dmbx1a	7955	Danio rerio	GO:0007420	brain development	developmental process	involved_in	PMID:12142024	UniProt	43	2
Q9XGN3	GOLS2	38596	Ajuga reptans	GO:0070417	cellular response to cold	response to stimulus	involved_in	PMID:10758476	UniProt	43	1
Q5BPT4	VIL3	3702	Arabidopsis thaliana	GO:0070417	cellular response to cold	response to stimulus	involved_in	PMID:17174094	UniProt	43	2
Q6X0K9	IL-12B	9031	Gallus gallus	GO:0070417	cellular response to cold	response to stimulus	involved_in	PMID:16150487	AgBase	43	1
Q9FJ47	SAG12	3702	Arabidopsis thaliana	GO:0010150	leaf senescence	developmental process	involved_in	PMID:10579486	UniProt	43	12
Q7XWK5	SAG39	39947	Oryza sativa Japonica Group	GO:0010150	leaf senescence	developmental process	involved_in	PMID:20439547	UniProt	43	4
Q9LSC4	PGM48	3702	Arabidopsis thaliana	GO:0010150	leaf senescence	developmental process	involved_in	PMID:28534654	UniProt	43	1
P0A6X7	ihfA	83333	Escherichia coli K-12	GO:0006351	DNA-templated transcription	metabolic process	acts_upstream_of_or_within	PMID:7862094	EcoCyc	43	1
P0ACF4	hupB	83333	Escherichia coli K-12	GO:0006351	DNA-templated transcription	metabolic process	acts_upstream_of_or_within	PMID:11601842	EcoCyc	43	4
P76141	lsrR	83333	Escherichia coli K-12	GO:0006351	DNA-templated transcription	metabolic process	acts_upstream_of_or_within	PMID:15743955	EcoCyc	43	1
P9WMC1	ethR	83332	Mycobacterium tuberculosis H37Rv	GO:0046677	response to antibiotic	response to stimulus	involved_in	PMID:10944230	MTBBASE	42	1
P9WMJ9	dnaK	83332	Mycobacterium tuberculosis H37Rv	GO:0046677	response to antibiotic	response to stimulus	involved_in	PMID:20966518	MTBBASE	42	4
P52599	emrK	83333	Escherichia coli K-12	GO:0046677	response to antibiotic	response to stimulus	acts_upstream_of_or_within	PMID:12501312	EcoCyc	42	1
Q67ZB6	JMJ20	3702	Arabidopsis thaliana	GO:0010114	response to red light	response to stimulus	involved_in	PMID:22483719	UniProt	42	1
Q9C554	EXPA1	3702	Arabidopsis thaliana	GO:0010114	response to red light	response to stimulus	acts_upstream_of_or_within	PMID:17449805	TAIR	42	2
Q6X5U0	DVL3	3702	Arabidopsis thaliana	GO:0010114	response to red light	response to stimulus	involved_in	PMID:37898648	TAIR	42	2
P9WNM5	cysNC	83332	Mycobacterium tuberculosis H37Rv	GO:0034599	cellular response to oxidative stress	response to stimulus	involved_in	PMID:15184554	MTBBASE	41	2
Q5AJU7	CAP1	237561	Candida albicans SC5314	GO:0034599	cellular response to oxidative stress	response to stimulus	involved_in	PMID:39575984	CGD	41	1
P9WIK1	cysD	83332	Mycobacterium tuberculosis H37Rv	GO:0034599	cellular response to oxidative stress	response to stimulus	involved_in	PMID:15184554	MTBBASE	41	2
P27521	LHCA4	3702	Arabidopsis thaliana	GO:0009644	response to high light intensity	response to stimulus	involved_in	PMID:15356385	UniProt	41	3
Q9M7I9	SEP1	3702	Arabidopsis thaliana	GO:0009644	response to high light intensity	response to stimulus	acts_upstream_of_or_within	PMID:10725357	TAIR	41	4
Q38931	FKBP62	3702	Arabidopsis thaliana	GO:0009644	response to high light intensity	response to stimulus	involved_in	PMID:37947266	TAIR	41	2
P12839	Nefm	10116	Rattus norvegicus	GO:0021510	spinal cord development	developmental process	involved_in	PMID:2108255	RGD	39	7
O08718	Neurog3	10116	Rattus norvegicus	GO:0021510	spinal cord development	developmental process	involved_in	PMID:9130143	RGD	39	4
D3ZEE4	Plxdc1	10116	Rattus norvegicus	GO:0021510	spinal cord development	developmental process	involved_in	PMID:20411127	RGD	39	1
P98158	Lrp2	10116	Rattus norvegicus	GO:0033280	response to vitamin D	response to stimulus	involved_in	PMID:9541123	RGD	38	5
Q9R0K8	Stc2	10116	Rattus norvegicus	GO:0033280	response to vitamin D	response to stimulus	involved_in	PMID:10508929	RGD	38	5
A0A9K3Y745	Abcb1a	10116	Rattus norvegicus	GO:0033280	response to vitamin D	response to stimulus	involved_in	PMID:20013813	RGD	38	38
Q63787	Pik3r1	10116	Rattus norvegicus	GO:0070542	response to fatty acid	response to stimulus	involved_in	PMID:19369057	RGD	38	16
A0ABK0LGW0	Ep300	10116	Rattus norvegicus	GO:0070542	response to fatty acid	response to stimulus	involved_in	PMID:17916272	RGD	38	23
P97519	Hmgcl	10116	Rattus norvegicus	GO:0070542	response to fatty acid	response to stimulus	involved_in	PMID:10419135	RGD	38	4
Q5B1L6	ANIA_05564	227321	Aspergillus nidulans FGSC A4	GO:0097308	cellular response to farnesol	response to stimulus	acts_upstream_of_or_within	PMID:22634043	AspGD	38	1
Q5B135	enoA	227321	Aspergillus nidulans FGSC A4	GO:0097308	cellular response to farnesol	response to stimulus	acts_upstream_of_or_within	PMID:22634043	AspGD	38	2
C8V9B5	ANIA_08863	227321	Aspergillus nidulans FGSC A4	GO:0097308	cellular response to farnesol	response to stimulus	acts_upstream_of_or_within	PMID:22634043	AspGD	38	1
URS00022B5BAB_10116	Rattus norvegicus (Norway rat) cardiac mesoderm enhancer-associated non-coding RNA (ENSRNOG00000070011.1)	10116	Rattus norvegicus	GO:0036120	cellular response to platelet-derived growth factor stimulus	response to stimulus	involved_in	PMID:34694145	RGD	37	1
A0A0G2JVY9	Ccna2	10116	Rattus norvegicus	GO:0036120	cellular response to platelet-derived growth factor stimulus	response to stimulus	involved_in	PMID:18667424	RGD	37	12
Q9R172	Notch3	10116	Rattus norvegicus	GO:0036120	cellular response to platelet-derived growth factor stimulus	response to stimulus	involved_in	PMID:11971902	RGD	37	3
Q9M9E1	ABCG40	3702	Arabidopsis thaliana	GO:0010193	response to ozone	response to stimulus	acts_upstream_of_or_within	PMID:19054359	TAIR	37	6
Q9LVJ0	At3g17800	3702	Arabidopsis thaliana	GO:0010193	response to ozone	response to stimulus	involved_in	PMID:12665302	UniProt	37	4
Q9FGY9	PNG1	3702	Arabidopsis thaliana	GO:0010193	response to ozone	response to stimulus	acts_upstream_of_or_within	PMID:17666024	TAIR	37	3
P61169	Drd2	10116	Rattus norvegicus	GO:0097305	response to alcohol	response to stimulus	involved_in	PMID:29205397	RGD	37	15
A0A9K3Y745	Abcb1a	10116	Rattus norvegicus	GO:0097305	response to alcohol	response to stimulus	involved_in	PMID:29978425	RGD	37	38
Q9R0C9	Sigmar1	10116	Rattus norvegicus	GO:0097305	response to alcohol	response to stimulus	involved_in	PMID:29205397	RGD	37	3
Q811A3	Plod2	10116	Rattus norvegicus	GO:0032870	cellular response to hormone stimulus	response to stimulus	involved_in	PMID:15817667	RGD	37	2
Q63321	Plod1	10116	Rattus norvegicus	GO:0032870	cellular response to hormone stimulus	response to stimulus	involved_in	PMID:15817667	RGD	37	2
O54939	Hsd17b3	10116	Rattus norvegicus	GO:0032870	cellular response to hormone stimulus	response to stimulus	involved_in	PMID:20204307	RGD	37	22
Q4JHN6	FPS	4054	Panax ginseng	GO:0002238	response to molecule of fungal origin	response to stimulus	involved_in	PMID:27746309	UniProt	36	5
G9M9M2	F6H1-3	4120	Ipomoea batatas	GO:0002238	response to molecule of fungal origin	response to stimulus	involved_in	PMID:22169019	UniProt	36	2
Q9LX93	ATL55	3702	Arabidopsis thaliana	GO:0002238	response to molecule of fungal origin	response to stimulus	involved_in	PMID:18643987	UniProt	36	2
P09327	VIL1	9606	Homo sapiens	GO:0030855	epithelial cell differentiation	developmental process	involved_in	PMID:21492153	UniProt	36	1
P09972	ALDOC	9606	Homo sapiens	GO:0030855	epithelial cell differentiation	developmental process	involved_in	PMID:21492153	UniProt	36	1
Q9NZC4	EHF	9606	Homo sapiens	GO:0030855	epithelial cell differentiation	developmental process	involved_in	PMID:10644770	UniProt	36	1
URS000015930E_10116	Rattus norvegicus (Norway rat) rno-miR-21-3p	10116	Rattus norvegicus	GO:1904385	cellular response to angiotensin	response to stimulus	involved_in	PMID:32040481	RGD	36	6
A0A8I5Y2C3	Mrtfa	10116	Rattus norvegicus	GO:1904385	cellular response to angiotensin	response to stimulus	involved_in	PMID:21280178	RGD	36	8
Q62737	Cyba	10116	Rattus norvegicus	GO:1904385	cellular response to angiotensin	response to stimulus	involved_in	PMID:16257643	RGD	36	14
P09034	Ass1	10116	Rattus norvegicus	GO:0071346	cellular response to type II interferon	response to stimulus	involved_in	PMID:12589771	RGD	36	29
P97636	Il18	10116	Rattus norvegicus	GO:0071346	cellular response to type II interferon	response to stimulus	involved_in	PMID:18547159	RGD	36	14
P13501	CCL5	9606	Homo sapiens	GO:0071346	cellular response to type II interferon	response to stimulus	involved_in	PMID:9407497	UniProt	36	7
Q4QBE9	MRPA	5664	Leishmania major	GO:0010038	response to metal ion	response to stimulus	acts_upstream_of_or_within	PMID:15855523	GeneDB	36	1
Q08IT1	DDS	4054	Panax ginseng	GO:0010038	response to metal ion	response to stimulus	involved_in	PMID:23232757	UniProt	36	3
O48651	SQE1	4054	Panax ginseng	GO:0010038	response to metal ion	response to stimulus	involved_in	PMID:23232757	UniProt	36	13
P52839	SOT12	3702	Arabidopsis thaliana	GO:0006952	defense response	response to stimulus	acts_upstream_of_or_within	PMID:8639757	TAIR	36	2
O81346	CYP79B2	3702	Arabidopsis thaliana	GO:0006952	defense response	response to stimulus	acts_upstream_of_or_within	PMID:31568832	TAIR	36	4
F4I0W7	At1g03440	3702	Arabidopsis thaliana	GO:0006952	defense response	response to stimulus	acts_upstream_of_or_within	PMID:31568832	TAIR	36	1
F1M5N3	Ank2	10116	Rattus norvegicus	GO:0007399	nervous system development	developmental process	involved_in	PMID:9832159	RGD	35	3
Q8K1M7	Brinp3	10116	Rattus norvegicus	GO:0007399	nervous system development	developmental process	involved_in	PMID:15193423	RGD	35	1
P28167	zfh2	7227	Drosophila melanogaster	GO:0007399	nervous system development	developmental process	involved_in	PMID:1680377	FlyBase	35	1
P97570	Pla2g6	10116	Rattus norvegicus	GO:0060135	maternal process involved in female pregnancy	unclassified	involved_in	PMID:16436530	RGD	35	2
D3ZCG9	Itga3	10116	Rattus norvegicus	GO:0060135	maternal process involved in female pregnancy	unclassified	involved_in	PMID:20353731	RGD	35	4
Q9WVA9	Npff	10116	Rattus norvegicus	GO:0060135	maternal process involved in female pregnancy	unclassified	involved_in	PMID:12619141	RGD	35	4
A0A8I6G3R2	Cbl	10116	Rattus norvegicus	GO:0010332	response to gamma radiation	response to stimulus	involved_in	PMID:16301331	RGD	35	11
P14844	Ccl2	10116	Rattus norvegicus	GO:0010332	response to gamma radiation	response to stimulus	involved_in	PMID:19084914	RGD	35	40
P14095	Cxcl1	10116	Rattus norvegicus	GO:0010332	response to gamma radiation	response to stimulus	involved_in	PMID:20185578	RGD	35	5
Q64678	Cyp1b1	10116	Rattus norvegicus	GO:0044849	estrous cycle	unclassified	involved_in	PMID:12223220	RGD	34	19
O35776	Has2	10116	Rattus norvegicus	GO:0044849	estrous cycle	unclassified	involved_in	PMID:24218629	RGD	34	5
Q8CH93	Has1	10116	Rattus norvegicus	GO:0044849	estrous cycle	unclassified	involved_in	PMID:24218629	RGD	34	1
P49582	Chrna7	10090	Mus musculus	GO:0045211	postsynaptic membrane	cellular component	is_active_in	PMID:24607281	SynGO	34	2
D3ZK41	Slitrk2	10116	Rattus norvegicus	GO:0045211	postsynaptic membrane	cellular component	is_active_in	PMID:23345436	SynGO	34	1
P54763	Ephb2	10090	Mus musculus	GO:0045211	postsynaptic membrane	cellular component	is_active_in	PMID:18410519	SynGO	34	8
P18123	CAT3	4577	Zea mays	GO:0000302	response to reactive oxygen species	response to stimulus	involved_in	PMID:11903976	AgBase	34	4
Q93WF6	SAG21	3702	Arabidopsis thaliana	GO:0000302	response to reactive oxygen species	response to stimulus	acts_upstream_of_or_within	PMID:10444084	TAIR	34	21
P93801	Sod4A	4577	Zea mays	GO:0000302	response to reactive oxygen species	response to stimulus	involved_in	PMID:17314079	AgBase	34	2
Q8VXY4	TIP41L	3702	Arabidopsis thaliana	GO:0009266	response to temperature stimulus	response to stimulus	involved_in	PMID:34990067	TAIR	33	1
Q941L3	BON1	3702	Arabidopsis thaliana	GO:0009266	response to temperature stimulus	response to stimulus	acts_upstream_of_or_within	PMID:11544183	TAIR	33	1
Q9WUL0	Top1	10116	Rattus norvegicus	GO:0009266	response to temperature stimulus	response to stimulus	involved_in	PMID:9076473	RGD	33	5
Q9SDS8	MYB8	3702	Arabidopsis thaliana	GO:1990641	response to iron ion starvation	response to stimulus	involved_in	PMID:38211736	TAIR	32	1
F4HT81	FEP2	3702	Arabidopsis thaliana	GO:1990641	response to iron ion starvation	response to stimulus	acts_upstream_of_or_within	PMID:30032190	TAIR	32	1
Q9CAL8	PERK13	3702	Arabidopsis thaliana	GO:1990641	response to iron ion starvation	response to stimulus	involved_in	PMID:34620427	TAIR	32	3
P16612	Vegfa	10116	Rattus norvegicus	GO:0044344	cellular response to fibroblast growth factor stimulus	response to stimulus	involved_in	PMID:18617696	RGD	31	14
P19468	Gclc	10116	Rattus norvegicus	GO:0044344	cellular response to fibroblast growth factor stimulus	response to stimulus	involved_in	PMID:18042181	RGD	31	12
P48508	Gclm	10116	Rattus norvegicus	GO:0044344	cellular response to fibroblast growth factor stimulus	response to stimulus	involved_in	PMID:18042181	RGD	31	9
A0A8I6AUV5	Setd2	10116	Rattus norvegicus	GO:0043279	response to alkaloid	response to stimulus	involved_in	PMID:27846294	RGD	31	2
D3ZD97	Dhx15	10116	Rattus norvegicus	GO:0043279	response to alkaloid	response to stimulus	involved_in	PMID:23275536	RGD	31	2
Q5PPI1	Srsf9	10116	Rattus norvegicus	GO:0043279	response to alkaloid	response to stimulus	involved_in	PMID:23275536	RGD	31	2
Q63264	Il1b	10116	Rattus norvegicus	GO:0071398	cellular response to fatty acid	response to stimulus	involved_in	PMID:23086551	RGD	31	39
P05369	Fdps	10116	Rattus norvegicus	GO:0071398	cellular response to fatty acid	response to stimulus	involved_in	PMID:15473864	RGD	31	7
Q9R1E9	Ccn2	10116	Rattus norvegicus	GO:0071398	cellular response to fatty acid	response to stimulus	involved_in	PMID:19625611	RGD	31	11
E4NKF8	PUB1	3880	Medicago truncatula	GO:0002237	response to molecule of bacterial origin	response to stimulus	involved_in	PMID:20971894	UniProt	31	7
Q6QHD1	WRKY71	39947	Oryza sativa Japonica Group	GO:0002237	response to molecule of bacterial origin	response to stimulus	involved_in	PMID:18175928	UniProt	31	14
E3VNM4	TGA10	3702	Arabidopsis thaliana	GO:0002237	response to molecule of bacterial origin	response to stimulus	involved_in	PMID:27717447	UniProt	31	1
URS000075B1D6_10090	Mus musculus (house mouse) microRNA mmu-mir-200a precursor	10090	Mus musculus	GO:0071361	cellular response to ethanol	response to stimulus	acts_upstream_of_or_within	PMID:19091803	MGI	31	3
P08542	Ugt2b17	10116	Rattus norvegicus	GO:0071361	cellular response to ethanol	response to stimulus	involved_in	PMID:11412396	RGD	31	5
P09875	Ugt2b1	10116	Rattus norvegicus	GO:0071361	cellular response to ethanol	response to stimulus	involved_in	PMID:11412396	RGD	31	5
Q80ZA3	Serpinf1	10116	Rattus norvegicus	GO:0060041	retina development in camera-type eye	developmental process	involved_in	PMID:21738387	RGD	30	9
P52164	Max	10116	Rattus norvegicus	GO:0060041	retina development in camera-type eye	developmental process	involved_in	PMID:14603520	RGD	30	6
P84076	Hpca	10116	Rattus norvegicus	GO:0060041	retina development in camera-type eye	developmental process	involved_in	PMID:7789406	RGD	30	6
P56720	Srebf1	10116	Rattus norvegicus	GO:0033993	response to lipid	response to stimulus	involved_in	PMID:12421847	RGD	30	18
A0ABK0LZB0	Egfr	10116	Rattus norvegicus	GO:0033993	response to lipid	response to stimulus	involved_in	PMID:15044318	RGD	30	21
O54952	Brca1	10116	Rattus norvegicus	GO:0033993	response to lipid	response to stimulus	involved_in	PMID:17342305	RGD	30	4
P00185	Cyp1a1	10116	Rattus norvegicus	GO:0009624	response to nematode	response to stimulus	involved_in	PMID:12621079	RGD	30	29
Q8W234	SEU	3702	Arabidopsis thaliana	GO:0009624	response to nematode	response to stimulus	involved_in	PMID:18390806	UniProt	30	9
Q9FUY2	LUG	3702	Arabidopsis thaliana	GO:0009624	response to nematode	response to stimulus	involved_in	PMID:18390806	UniProt	30	13
P19686	Gucy1a1	10116	Rattus norvegicus	GO:0009635	response to herbicide	response to stimulus	involved_in	PMID:20388547	RGD	30	1
Q6NNL9	NOXY2	3702	Arabidopsis thaliana	GO:0009635	response to herbicide	response to stimulus	involved_in	PMID:23370715	UniProt	30	2
O54939	Hsd17b3	10116	Rattus norvegicus	GO:0009635	response to herbicide	response to stimulus	involved_in	PMID:20667998	RGD	30	22
A0A396JG59	EX70I	3880	Medicago truncatula	GO:0009609	response to symbiotic bacterium	response to stimulus	involved_in	PMID:26234213	UniProt	29	3
Q9SCS6	HR4	3702	Arabidopsis thaliana	GO:0009609	response to symbiotic bacterium	response to stimulus	involved_in	PMID:22942755	UniProt	29	8
I3SPW2	Glb1-1	3880	Medicago truncatula	GO:0009609	response to symbiotic bacterium	response to stimulus	involved_in	PMID:32003030	UniProt	29	3
Q7A2W8	vraC	158878	Staphylococcus aureus subsp. aureus Mu50	GO:0071236	cellular response to antibiotic	response to stimulus	involved_in	PMID:10708580	UniProt	29	2
Q6IN02	Ppp1r15a	10116	Rattus norvegicus	GO:0071236	cellular response to antibiotic	response to stimulus	involved_in	PMID:21925170	RGD	29	17
P08154	Egr1	10116	Rattus norvegicus	GO:0071236	cellular response to antibiotic	response to stimulus	involved_in	PMID:21490970	RGD	29	27
Q9SYX2	SPA1	3702	Arabidopsis thaliana	GO:0010218	response to far red light	response to stimulus	acts_upstream_of_or_within	PMID:17076805	TAIR	29	2
Q6X5U0	DVL3	3702	Arabidopsis thaliana	GO:0010218	response to far red light	response to stimulus	involved_in	PMID:37898648	TAIR	29	2
F4IHY7	PTAC12	3702	Arabidopsis thaliana	GO:0010218	response to far red light	response to stimulus	involved_in	PMID:20603003	UniProt	29	6
Q9MAU6	PDIL2-2	3702	Arabidopsis thaliana	GO:0034976	response to endoplasmic reticulum stress	response to stimulus	acts_upstream_of_or_within	PMID:18574595	TAIR	29	1
O94966	USP19	9606	Homo sapiens	GO:0034976	response to endoplasmic reticulum stress	response to stimulus	involved_in	PMID:19465887	UniProt	29	1
O48773	PDIL2-3	3702	Arabidopsis thaliana	GO:0034976	response to endoplasmic reticulum stress	response to stimulus	acts_upstream_of_or_within	PMID:18574595	TAIR	29	1
O54939	Hsd17b3	10116	Rattus norvegicus	GO:0046685	response to arsenic-containing substance	response to stimulus	involved_in	PMID:16483355	RGD	29	22
A0ABK0LKC2	Cdkn1a	10116	Rattus norvegicus	GO:0046685	response to arsenic-containing substance	response to stimulus	involved_in	PMID:17487067	RGD	29	11
F4JIZ8	At4g33540	3702	Arabidopsis thaliana	GO:0046685	response to arsenic-containing substance	response to stimulus	acts_upstream_of_or_within	PMID:17400898	TAIR	29	1
P23739	Si	10116	Rattus norvegicus	GO:0009750	response to fructose	response to stimulus	involved_in	PMID:15539244	RGD	29	15
B0BNN3	Ca1	10116	Rattus norvegicus	GO:0009750	response to fructose	response to stimulus	involved_in	PMID:9329751	RGD	29	1
Q63787	Pik3r1	10116	Rattus norvegicus	GO:0009750	response to fructose	response to stimulus	involved_in	PMID:17976658	RGD	29	16
Q15628	TRADD	9606	Homo sapiens	GO:0043123	positive regulation of canonical NF-kappaB signal transduction	biological regulation	involved_in	PMID:12761501	UniProt	29	2
Q9NYJ8	TAB2	9606	Homo sapiens	GO:0043123	positive regulation of canonical NF-kappaB signal transduction	biological regulation	involved_in	PMID:12761501	UniProt	29	1
Q13490	BIRC2	9606	Homo sapiens	GO:0043123	positive regulation of canonical NF-kappaB signal transduction	biological regulation	involved_in	PMID:12761501	UniProt	29	1
P20037	RT1-Ba	10116	Rattus norvegicus	GO:0071385	cellular response to glucocorticoid stimulus	response to stimulus	involved_in	PMID:12034349	RGD	28	1
P80201	Acvr1	10116	Rattus norvegicus	GO:0071385	cellular response to glucocorticoid stimulus	response to stimulus	involved_in	PMID:16150914	RGD	28	2
A0A8I5ZYX7	Hey1	10116	Rattus norvegicus	GO:0071385	cellular response to glucocorticoid stimulus	response to stimulus	involved_in	PMID:20666749	RGD	28	1
Q9UJU2	LEF1	9606	Homo sapiens	GO:0001649	osteoblast differentiation	developmental process	involved_in	PMID:20128911	UniProt	28	1
P10147	CCL3	9606	Homo sapiens	GO:0001649	osteoblast differentiation	developmental process	involved_in	PMID:21403648	UniProt	28	7
Q04906	Bmp6	10116	Rattus norvegicus	GO:0001649	osteoblast differentiation	developmental process	involved_in	PMID:11995934	RGD	28	7
Q9ZUH4	TPS10	3702	Arabidopsis thaliana	GO:0080027	response to herbivore	response to stimulus	involved_in	PMID:18400103	UniProt	28	4
Q5UB07	TPS4	3880	Medicago truncatula	GO:0080027	response to herbivore	response to stimulus	involved_in	PMID:15660362	UniProt	28	3
Q56WV9	PROSCOOP5	3702	Arabidopsis thaliana	GO:0080027	response to herbivore	response to stimulus	involved_in	PMID:35401621	UniProt	28	5
P18776	dmsB	83333	Escherichia coli K-12	GO:0009061	anaerobic respiration	metabolic process	acts_upstream_of_or_within	PMID:2544558	EcoCyc	28	1
O22947	At2g41730	3702	Arabidopsis thaliana	GO:0009061	anaerobic respiration	metabolic process	acts_upstream_of_or_within	PMID:20097791	TAIR	28	2
P13033	glpB	83333	Escherichia coli K-12	GO:0009061	anaerobic respiration	metabolic process	acts_upstream_of_or_within	PMID:6363389	EcoCyc	28	1
O80960	PIC30	3702	Arabidopsis thaliana	GO:0002239	response to oomycetes	response to stimulus	acts_upstream_of_or_within	PMID:21711359	TAIR	28	1
Q9C8I6	IOS1	3702	Arabidopsis thaliana	GO:0002239	response to oomycetes	response to stimulus	involved_in	PMID:25274985	UniProt	28	5
Q9FLV0	DMR6	3702	Arabidopsis thaliana	GO:0002239	response to oomycetes	response to stimulus	involved_in	PMID:18248595	UniProt	28	7
P31044	Pebp1	10116	Rattus norvegicus	GO:0007286	spermatid development	developmental process	involved_in	PMID:9508097	RGD	28	13
Q9VAW8	Mst98Ca	7227	Drosophila melanogaster	GO:0007286	spermatid development	developmental process	involved_in	PMID:8441407	FlyBase	28	1
Q0E8D8	Adgf-A2	7227	Drosophila melanogaster	GO:0007286	spermatid development	developmental process	involved_in	PMID:10967093	FlyBase	28	1
A0AC58G057	bdnf	7955	Danio rerio	GO:0033555	multicellular organismal response to stress	response to stimulus	acts_upstream_of_or_within	PMID:25748166	ZFIN	28	2
Q62923	Pnoc	10116	Rattus norvegicus	GO:0033555	multicellular organismal response to stress	response to stimulus	involved_in	PMID:12093594	RGD	28	8
Q0PIA1	hcrt	7955	Danio rerio	GO:0033555	multicellular organismal response to stress	response to stimulus	acts_upstream_of_or_within	PMID:25748166	ZFIN	28	1
A0A072TK64	Glb1-3	3880	Medicago truncatula	GO:0071731	response to nitric oxide	response to stimulus	involved_in	PMID:32003030	UniProt	27	1
Q3C1F4	GLB1-1	34305	Lotus japonicus	GO:0071731	response to nitric oxide	response to stimulus	involved_in	PMID:30597068	UniProt	27	20
O04985	NSHB2	39947	Oryza sativa Japonica Group	GO:0010167	response to nitrate	response to stimulus	involved_in	PMID:15695464	UniProt	27	3
Q9LYC8	GRXS6	3702	Arabidopsis thaliana	GO:0010167	response to nitrate	response to stimulus	acts_upstream_of_or_within	PMID:26662603	TAIR	27	1
Q39161	NIR1	3702	Arabidopsis thaliana	GO:0010167	response to nitrate	response to stimulus	acts_upstream_of_or_within	PMID:20444232	TAIR	27	1
Q9TYS3	ftn-2	6239	Caenorhabditis elegans	GO:0050830	defense response to Gram-positive bacterium	response to stimulus	involved_in	PMID:24882217	WB	27	1
Q4W528	clec-218	6239	Caenorhabditis elegans	GO:0050830	defense response to Gram-positive bacterium	response to stimulus	involved_in	PMID:24882217	WB	27	1
G5EC68	abf-2	6239	Caenorhabditis elegans	GO:0050830	defense response to Gram-positive bacterium	response to stimulus	involved_in	PMID:24882217	WB	27	2
P13053	Vdr	10116	Rattus norvegicus	GO:1904044	response to aldosterone	response to stimulus	involved_in	PMID:29713904	RGD	27	6
P61354	Rpl27	10116	Rattus norvegicus	GO:1904044	response to aldosterone	response to stimulus	involved_in	PMID:24303148	RGD	27	1
A0A0B4J2J0	Fcgr1a	10116	Rattus norvegicus	GO:1904044	response to aldosterone	response to stimulus	involved_in	PMID:29713904	RGD	27	3
P23739	Si	10116	Rattus norvegicus	GO:0032094	response to food	response to stimulus	involved_in	PMID:4052022	RGD	27	15
P43428	G6pc1	10116	Rattus norvegicus	GO:0032094	response to food	response to stimulus	involved_in	PMID:17158265	RGD	27	7
Q6DTM3	Ahi1	10116	Rattus norvegicus	GO:0032094	response to food	response to stimulus	involved_in	PMID:19819228	RGD	27	3
P49040	SUS1	3702	Arabidopsis thaliana	GO:0010555	response to mannitol	response to stimulus	involved_in	PMID:14739263	UniProt	27	12
F4YAW3	BCP4	3635	Gossypium hirsutum	GO:0010555	response to mannitol	response to stimulus	NOT|involved_in	PMID:21029107	AgBase	27	10
F4JP52	PQT3	3702	Arabidopsis thaliana	GO:0010555	response to mannitol	response to stimulus	involved_in	PMID:27676073	UniProt	27	6
P21760	EXFABP	9031	Gallus gallus	GO:0006953	acute-phase response	response to stimulus	involved_in	PMID:12891703	AgBase	27	14
P12346	Tf	10116	Rattus norvegicus	GO:0006953	acute-phase response	response to stimulus	involved_in	PMID:17417667	RGD	27	5
P06238	A2m	10116	Rattus norvegicus	GO:0006953	acute-phase response	response to stimulus	involved_in	PMID:2468362	RGD	27	8
Q56WV9	PROSCOOP5	3702	Arabidopsis thaliana	GO:0002213	defense response to insect	response to stimulus	involved_in	PMID:35401621	TAIR	27	5
Q3E8H4	PROSCOOP1	3702	Arabidopsis thaliana	GO:0002213	defense response to insect	response to stimulus	involved_in	PMID:35401621	TAIR	27	3
Q8GWN6	PROSCOOP8	3702	Arabidopsis thaliana	GO:0002213	defense response to insect	response to stimulus	involved_in	PMID:35401621	TAIR	27	5
Q9FLP3	Mge1	3702	Arabidopsis thaliana	GO:0009411	response to UV	response to stimulus	acts_upstream_of_or_within	PMID:22128139	TAIR	27	1
Q38861	XPB1	3702	Arabidopsis thaliana	GO:0009411	response to UV	response to stimulus	acts_upstream_of_or_within	PMID:15656976	TAIR	27	1
Q1ZZU9	DIR	93608	Sinopodophyllum hexandrum	GO:0009411	response to UV	response to stimulus	involved_in	PMID:23653238	UniProt	27	4
P11232	Txn	10116	Rattus norvegicus	GO:0010269	response to selenium ion	response to stimulus	involved_in	PMID:15792362	RGD	27	9
Q05343	Rxra	10116	Rattus norvegicus	GO:0010269	response to selenium ion	response to stimulus	involved_in	PMID:15318950	RGD	27	13
P07895	Sod2	10116	Rattus norvegicus	GO:0010269	response to selenium ion	response to stimulus	involved_in	PMID:17804075	RGD	27	16
A2IBU9	A2IBU9	3635	Gossypium hirsutum	GO:0090376	seed trichome differentiation	developmental process	involved_in	PMID:17943315	AgBase	27	1
Q6V9S8	GT43A1	3635	Gossypium hirsutum	GO:0090376	seed trichome differentiation	developmental process	involved_in	PMID:15940874	AgBase	27	1
Q8VXK5	F10	3635	Gossypium hirsutum	GO:0090376	seed trichome differentiation	developmental process	involved_in	PMID:11826980	AgBase	27	1
Q9ATD1	ghmyb9	3635	Gossypium hirsutum	GO:0090379	secondary cell wall biogenesis involved in seed trichome differentiation	developmental process	involved_in	PMID:20148073	AgBase	27	1
P93155	celA1	3635	Gossypium hirsutum	GO:0090379	secondary cell wall biogenesis involved in seed trichome differentiation	developmental process	involved_in	PMID:8901635	AgBase	27	1
O49194	GhEX1	3635	Gossypium hirsutum	GO:0090379	secondary cell wall biogenesis involved in seed trichome differentiation	developmental process	involved_in	PMID:20148073	AgBase	27	2
Q9C9W5	HPR	3702	Arabidopsis thaliana	GO:0071482	cellular response to light stimulus	response to stimulus	involved_in	PMID:19529821	UniProt	27	2
Q39089	PAC	3702	Arabidopsis thaliana	GO:0071482	cellular response to light stimulus	response to stimulus	involved_in	PMID:7919990	UniProt	27	2
O24629	SIGA	3702	Arabidopsis thaliana	GO:0071482	cellular response to light stimulus	response to stimulus	involved_in	PMID:11959137	UniProt	27	4
Q96DN2	VWCE	9606	Homo sapiens	GO:0098586	cellular response to virus	response to stimulus	involved_in	PMID:16496348	UniProt	27	1
Q10GJ1	RING455	39947	Oryza sativa Japonica Group	GO:0098586	cellular response to virus	response to stimulus	NOT|involved_in	PMID:40074903	UniProt	27	1
URS0002A148BE_7227	Drosophila melanogaster (fruit fly) C/D box small nucleolar RNA 17 (Dmel_CR33930)	7227	Drosophila melanogaster	GO:0098586	cellular response to virus	response to stimulus	involved_in	PMID:40737091	FlyBase	27	1
Q08464	Fzd2	10116	Rattus norvegicus	GO:0071375	cellular response to peptide hormone stimulus	response to stimulus	involved_in	PMID:1334084	RGD	26	3
Q62844	Fyn	10116	Rattus norvegicus	GO:0071375	cellular response to peptide hormone stimulus	response to stimulus	involved_in	PMID:9460655	RGD	26	7
P22388	Edn1	10116	Rattus norvegicus	GO:0071375	cellular response to peptide hormone stimulus	response to stimulus	involved_in	PMID:18094363	RGD	26	27
M9PEB5	AMT	7227	Drosophila melanogaster	GO:0097254	renal tubular secretion	unclassified	involved_in	PMID:19545574	FlyBase	26	2
Q7KTB8	MRP	7227	Drosophila melanogaster	GO:0097254	renal tubular secretion	unclassified	involved_in	PMID:19545574	FlyBase	26	3
Q7KTC2	MRP	7227	Drosophila melanogaster	GO:0097254	renal tubular secretion	unclassified	involved_in	PMID:19545574	FlyBase	26	3
G5EB57	ANIA_05563	227321	Aspergillus nidulans FGSC A4	GO:0071472	cellular response to salt stress	response to stimulus	acts_upstream_of_or_within	PMID:12823816	AspGD	26	1
P24704	CSD1	3702	Arabidopsis thaliana	GO:0071472	cellular response to salt stress	response to stimulus	involved_in	PMID:18275461	UniProt	26	14
Q96262	PCAP1	3702	Arabidopsis thaliana	GO:0071472	cellular response to salt stress	response to stimulus	involved_in	PMID:17264065	UniProt	26	12
O76904	fs(1)N	7227	Drosophila melanogaster	GO:0007304	chorion-containing eggshell formation	developmental process	involved_in	PMID:11959840	FlyBase	26	1
P07186	Cp19	7227	Drosophila melanogaster	GO:0007304	chorion-containing eggshell formation	developmental process	involved_in	PMID:24109603	FlyBase	26	1
Q9VGA8	Dmel\CG4066	7227	Drosophila melanogaster	GO:0007304	chorion-containing eggshell formation	developmental process	involved_in	PMID:21637834	FlyBase	26	1
Q07257	Tgfb2	10116	Rattus norvegicus	GO:0007519	skeletal muscle tissue development	developmental process	involved_in	PMID:16439574	RGD	26	15
P04466	Myl11	10116	Rattus norvegicus	GO:0007519	skeletal muscle tissue development	developmental process	involved_in	PMID:6179945	RGD	26	2
Q00495	Csf1r	10116	Rattus norvegicus	GO:0007519	skeletal muscle tissue development	developmental process	involved_in	PMID:1389227	RGD	26	14
Q3YBY4	vir-1	7227	Drosophila melanogaster	GO:0051607	defense response to virus	response to stimulus	involved_in	PMID:16086017	FlyBase	26	1
A0ZWY4	GNBP-like	7227	Drosophila melanogaster	GO:0051607	defense response to virus	response to stimulus	involved_in	PMID:16086017	FlyBase	26	1
P19525	EIF2AK2	9606	Homo sapiens	GO:0051607	defense response to virus	response to stimulus	involved_in	PMID:32634389	ARUK-UCL	26	1
P23363	Bdnf	10116	Rattus norvegicus	GO:0043278	response to morphine	response to stimulus	involved_in	PMID:30550948	RGD	26	28
Q63053	Arc	10116	Rattus norvegicus	GO:0043278	response to morphine	response to stimulus	involved_in	PMID:21549764	RGD	26	8
P29066	Arrb1	10116	Rattus norvegicus	GO:0043278	response to morphine	response to stimulus	involved_in	PMID:12614678	RGD	26	2
Q91XJ1	Becn1	10116	Rattus norvegicus	GO:0033197	response to vitamin E	response to stimulus	involved_in	PMID:19138675	RGD	25	13
P29476	Nos1	10116	Rattus norvegicus	GO:0033197	response to vitamin E	response to stimulus	involved_in	PMID:17200156	RGD	25	15
P97534	Fkbp1b	10116	Rattus norvegicus	GO:0033197	response to vitamin E	response to stimulus	involved_in	PMID:18611397	RGD	25	2
Q3LUM3	EF1A4	3635	Gossypium hirsutum	GO:0090377	seed trichome initiation	developmental process	involved_in	PMID:17107762	AgBase	25	2
Q3LUM6	EF1A1	3635	Gossypium hirsutum	GO:0090377	seed trichome initiation	developmental process	involved_in	PMID:17107762	AgBase	25	2
F4YAW1	BCP2	3635	Gossypium hirsutum	GO:0090377	seed trichome initiation	developmental process	involved_in	PMID:21029107	AgBase	25	10
P02680	Fgg	10116	Rattus norvegicus	GO:0071354	cellular response to interleukin-6	response to stimulus	involved_in	PMID:11071643	RGD	25	3
P06399	Fga	10116	Rattus norvegicus	GO:0071354	cellular response to interleukin-6	response to stimulus	involved_in	PMID:9488469	RGD	25	14
P09006	Serpina3n	10116	Rattus norvegicus	GO:0071354	cellular response to interleukin-6	response to stimulus	involved_in	PMID:8611141	RGD	25	7
P23562	Slc4a1	10116	Rattus norvegicus	GO:0010447	response to acidic pH	response to stimulus	involved_in	PMID:10600930	RGD	25	4
P0ADU2	ygiN	83333	Escherichia coli K-12	GO:0010447	response to acidic pH	response to stimulus	acts_upstream_of_or_within	PMID:18302792	EcoCyc	25	1
Q80ZA3	Serpinf1	10116	Rattus norvegicus	GO:0010447	response to acidic pH	response to stimulus	involved_in	PMID:19575033	RGD	25	9
URS000075E0AD_10090	Mus musculus (house mouse) microRNA mmu-mir-495 precursor	10090	Mus musculus	GO:0071234	cellular response to phenylalanine	response to stimulus	acts_upstream_of_or_within	PMID:26822703	MGI	25	1
URS0000759C65_10090	Mus musculus (house mouse) microRNA mmu-mir-543 precursor	10090	Mus musculus	GO:0071234	cellular response to phenylalanine	response to stimulus	acts_upstream_of_or_within	PMID:26822703	MGI	25	1
Q63199	Fas	10116	Rattus norvegicus	GO:0071234	cellular response to phenylalanine	response to stimulus	involved_in	PMID:23940767	RGD	25	32
B7YZG2	shot	7227	Drosophila melanogaster	GO:0035147	branch fusion, open tracheal system	developmental process	involved_in	PMID:14597571	FlyBase	24	1
B7YZG4	shot	7227	Drosophila melanogaster	GO:0035147	branch fusion, open tracheal system	developmental process	involved_in	PMID:14597571	FlyBase	24	1
A1Z9J2	shot	7227	Drosophila melanogaster	GO:0035147	branch fusion, open tracheal system	developmental process	involved_in	PMID:14597571	FlyBase	24	1
O08701	Arg2	10116	Rattus norvegicus	GO:0014075	response to amine	response to stimulus	involved_in	PMID:16168957	RGD	24	21
P22462	Kcnc2	10116	Rattus norvegicus	GO:0014075	response to amine	response to stimulus	involved_in	PMID:18775767	RGD	24	11
Q00959	Grin2a	10116	Rattus norvegicus	GO:0014075	response to amine	response to stimulus	involved_in	PMID:19918184	RGD	24	32
P16975	Sparc	10116	Rattus norvegicus	GO:0009629	response to gravity	response to stimulus	involved_in	PMID:17384275	RGD	24	14
P11980	Pkm	10116	Rattus norvegicus	GO:0009629	response to gravity	response to stimulus	involved_in	PMID:12165359	RGD	24	5
A0ABK0LUR3	Fosl1	10116	Rattus norvegicus	GO:0009629	response to gravity	response to stimulus	involved_in	PMID:17274184	RGD	24	11
Q9M8J9	BPM2	3702	Arabidopsis thaliana	GO:0042631	cellular response to water deprivation	response to stimulus	acts_upstream_of_or_within	PMID:19843165	TAIR	24	3
Q93WF6	SAG21	3702	Arabidopsis thaliana	GO:0042631	cellular response to water deprivation	response to stimulus	acts_upstream_of_or_within	PMID:17092320	TAIR	24	21
Q9FT74	RECQL1	3702	Arabidopsis thaliana	GO:0042631	cellular response to water deprivation	response to stimulus	involved_in	PMID:12856935	UniProt	24	2
E2QD98	sdt	7227	Drosophila melanogaster	GO:0045197	establishment or maintenance of epithelial cell apical/basal polarity	unclassified	involved_in	PMID:11740559	FlyBase	24	3
Q9W3H6	sdt	7227	Drosophila melanogaster	GO:0045197	establishment or maintenance of epithelial cell apical/basal polarity	unclassified	involved_in	PMID:11740559	FlyBase	24	3
M9NG38	sdt	7227	Drosophila melanogaster	GO:0045197	establishment or maintenance of epithelial cell apical/basal polarity	unclassified	involved_in	PMID:11740560	FlyBase	24	3
V5NBV4	V5NBV4	79674	Macrobrachium rosenbergii	GO:0003012	muscle system process	unclassified	involved_in	PMID:34255496	UniProt	23	2
J7HCX7	MLC1	6728	Procambarus clarkii	GO:0003012	muscle system process	unclassified	involved_in	PMID:26083097	UniProt	23	1
Q9VI25	Neurochondrin	7227	Drosophila melanogaster	GO:0003012	muscle system process	unclassified	involved_in	PMID:16415344	FlyBase	23	1
Q8QGU2	FKBP12.6	9031	Gallus gallus	GO:0009792	embryo development ending in birth or egg hatching	developmental process	involved_in	PMID:14511757	AgBase	23	9
P09208	InR	7227	Drosophila melanogaster	GO:0009792	embryo development ending in birth or egg hatching	developmental process	involved_in	PMID:2454394	UniProt	23	3
A0A1D5PFJ6	HSPA8	9031	Gallus gallus	GO:0009792	embryo development ending in birth or egg hatching	developmental process	involved_in	PMID:9707581	AgBase	23	3
Q02955	Il1r1	10116	Rattus norvegicus	GO:0070555	response to interleukin-1	response to stimulus	involved_in	PMID:10375024	RGD	23	6
P03957	Mmp3	10116	Rattus norvegicus	GO:0070555	response to interleukin-1	response to stimulus	involved_in	PMID:16290189	RGD	23	11
Q6JHU9	Crebbp	10116	Rattus norvegicus	GO:0070555	response to interleukin-1	response to stimulus	involved_in	PMID:15950780	RGD	23	2
P02454	Col1a1	10116	Rattus norvegicus	GO:0001503	ossification	unclassified	involved_in	PMID:14595530	RGD	23	26
Q9R1V3	Smad5	10116	Rattus norvegicus	GO:0001503	ossification	unclassified	involved_in	PMID:11920662	RGD	23	1
Q04887	Sox9	10090	Mus musculus	GO:0001503	ossification	unclassified	involved_in	PMID:9119111	UniProt	23	14
Q9WTW1	Grip2	10116	Rattus norvegicus	GO:0099092	postsynaptic density, intracellular component	cellular component	is_active_in	PMID:9768844	SynGO	23	5
Q6GMN2	Baiap2	10116	Rattus norvegicus	GO:0099092	postsynaptic density, intracellular component	cellular component	is_active_in	PMID:15673667	SynGO	23	5
P24587	Akap5	10116	Rattus norvegicus	GO:0099092	postsynaptic density, intracellular component	cellular component	is_active_in	PMID:10939335	SynGO	23	7
A0ABK0M473	Bcl2	10116	Rattus norvegicus	GO:1905232	cellular response to L-glutamate	response to stimulus	involved_in	PMID:26607632	RGD	23	38
Q6PSM0	Abcb1a	10116	Rattus norvegicus	GO:1905232	cellular response to L-glutamate	response to stimulus	involved_in	PMID:25962137	RGD	23	38
Q8R500	Mfn2	10116	Rattus norvegicus	GO:1905232	cellular response to L-glutamate	response to stimulus	involved_in	PMID:25416777	RGD	23	24
P98161	PKD1	9606	Homo sapiens	GO:0048565	digestive tract development	developmental process	involved_in	PMID:11891195	UniProt	23	14
Q62685	Nr1h3	10116	Rattus norvegicus	GO:0048565	digestive tract development	developmental process	involved_in	PMID:17341476	RGD	23	9
P17246	Tgfb1	10116	Rattus norvegicus	GO:0048565	digestive tract development	developmental process	involved_in	PMID:12815632	RGD	23	29
P48508	Gclm	10116	Rattus norvegicus	GO:0071372	cellular response to follicle-stimulating hormone stimulus	response to stimulus	involved_in	PMID:18042181	RGD	23	9
P22443	Cyp19a1	10116	Rattus norvegicus	GO:0071372	cellular response to follicle-stimulating hormone stimulus	response to stimulus	involved_in	PMID:20810564	RGD	23	23
P14137	Cyp11a1	10116	Rattus norvegicus	GO:0071372	cellular response to follicle-stimulating hormone stimulus	response to stimulus	involved_in	PMID:20810564	RGD	23	39
P15473	Igfbp3	10116	Rattus norvegicus	GO:0060416	response to growth hormone	response to stimulus	involved_in	PMID:19916171	RGD	23	10
Q8K3U6	F7	10116	Rattus norvegicus	GO:0060416	response to growth hormone	response to stimulus	involved_in	PMID:7493602	RGD	23	15
A6ISI2	Rbbp4	10116	Rattus norvegicus	GO:0060416	response to growth hormone	response to stimulus	involved_in	PMID:16127721	RGD	23	1
Q17645	pgp-5	6239	Caenorhabditis elegans	GO:0050829	defense response to Gram-negative bacterium	response to stimulus	involved_in	PMID:17888400	WB	23	8
P80407	P80407	55431	Palomena prasina	GO:0050829	defense response to Gram-negative bacterium	response to stimulus	involved_in	DOI:10.1016/0022-1910(95)00085-2	UniProt	23	1
P36193	Dro	7227	Drosophila melanogaster	GO:0050829	defense response to Gram-negative bacterium	response to stimulus	involved_in	PMID:9405661	FlyBase	23	3
P13745	Gsta1	10090	Mus musculus	GO:0035634	response to stilbenoid	response to stimulus	involved_in	PMID:17086191	UniProt	23	2
Q61694	Hsd3b5	10090	Mus musculus	GO:0035634	response to stilbenoid	response to stimulus	involved_in	PMID:17086191	UniProt	23	1
P35459	Ly6d	10090	Mus musculus	GO:0035634	response to stilbenoid	response to stimulus	involved_in	PMID:17086191	UniProt	23	2
P23899	Hnf1b	10116	Rattus norvegicus	GO:0009743	response to carbohydrate	response to stimulus	involved_in	PMID:10580588	RGD	23	4
P07867	Lipc	10116	Rattus norvegicus	GO:0009743	response to carbohydrate	response to stimulus	involved_in	PMID:15744060	RGD	23	19
Q62636	Rap1b	10116	Rattus norvegicus	GO:0009743	response to carbohydrate	response to stimulus	involved_in	PMID:9149109	RGD	23	2
Q08464	Fzd2	10116	Rattus norvegicus	GO:0071305	cellular response to vitamin D	response to stimulus	involved_in	PMID:1334084	RGD	22	3
P04094	Penk	10116	Rattus norvegicus	GO:0071305	cellular response to vitamin D	response to stimulus	involved_in	PMID:8584038	RGD	22	17
A0A0G2K1L0	Tnc	10116	Rattus norvegicus	GO:0071305	cellular response to vitamin D	response to stimulus	involved_in	PMID:10502285	RGD	22	7
Q62635	Muc2	10116	Rattus norvegicus	GO:0140459	response to Gram-positive bacterium	response to stimulus	involved_in	PMID:20501441	RGD	22	6
Q6P6T5	Ocln	10116	Rattus norvegicus	GO:0140459	response to Gram-positive bacterium	response to stimulus	involved_in	PMID:20501441	RGD	22	3
URS000075BB1C_10116	Rattus norvegicus (Norway rat) rno-miR-146a-3p	10116	Rattus norvegicus	GO:0140459	response to Gram-positive bacterium	response to stimulus	involved_in	PMID:26155141	RGD	22	1
P07632	Sod1	10116	Rattus norvegicus	GO:0071276	cellular response to cadmium ion	response to stimulus	involved_in	PMID:17584760	RGD	22	9
P76344	zinT	83333	Escherichia coli K-12	GO:0071276	cellular response to cadmium ion	response to stimulus	acts_upstream_of_or_within	PMID:9579078	EcoCyc	22	4
P13640	MT1G	9606	Homo sapiens	GO:0071276	cellular response to cadmium ion	response to stimulus	involved_in	PMID:3403543	UniProt	22	9
B5KVH4	B5KVH4	32201	Carya illinoinensis	GO:0010431	seed maturation	developmental process	involved_in	PMID:21718052	UniProt	22	2
A0A222NNM9	COS-1	13894	Cocos nucifera	GO:0010431	seed maturation	developmental process	involved_in	PMID:29096167	UniProt	22	5
P93198	P93198	51240	Juglans regia	GO:0010431	seed maturation	developmental process	involved_in	PMID:32283362	UniProt	22	3
G3V819	Wnt11	10116	Rattus norvegicus	GO:0030154	cell differentiation	developmental process	involved_in	PMID:16909041	RGD	22	2
Q9H9S0	NANOG	9606	Homo sapiens	GO:0030154	cell differentiation	developmental process	involved_in	PMID:16501172	HGNC-UCL	22	2
Q64346	Dusp6	10116	Rattus norvegicus	GO:0030154	cell differentiation	developmental process	involved_in	PMID:8631996	RGD	22	5
P97826	Star	10116	Rattus norvegicus	GO:0010212	response to ionizing radiation	response to stimulus	involved_in	PMID:18821396	RGD	22	43
Q6IFV1	Krt14	10116	Rattus norvegicus	GO:0010212	response to ionizing radiation	response to stimulus	involved_in	PMID:12793764	RGD	22	2
Q9Z330	Dnmt1	10116	Rattus norvegicus	GO:0010212	response to ionizing radiation	response to stimulus	involved_in	PMID:17148264	RGD	22	18
Q9FLR1	MYB29	3702	Arabidopsis thaliana	GO:0006355	regulation of DNA-templated transcription	biological regulation	acts_upstream_of_or_within	PMID:17420480	TAIR	22	5
B5Z6G7	HPG27_401	563041	Helicobacter pylori G27	GO:0006355	regulation of DNA-templated transcription	biological regulation	involved_in	PMID:14622419	CollecTF	22	9
Q9LND0	BHLH89	3702	Arabidopsis thaliana	GO:0006355	regulation of DNA-templated transcription	biological regulation	acts_upstream_of_or_within	PMID:26216374	TAIR	22	1
Q6B959	Apold1	10116	Rattus norvegicus	GO:0001525	angiogenesis	developmental process	involved_in	PMID:15102925	RGD	22	4
Q9Y5J3	HEY1	9606	Homo sapiens	GO:0001525	angiogenesis	developmental process	involved_in	PMID:11866539	UniProt	22	1
P31268	HOXA7	9606	Homo sapiens	GO:0001525	angiogenesis	developmental process	involved_in	PMID:17972163	UniProt	22	1
P59215	Gnao1	10116	Rattus norvegicus	GO:0030900	forebrain development	developmental process	involved_in	PMID:8746812	RGD	21	6
P56558	Ogt	10116	Rattus norvegicus	GO:0030900	forebrain development	developmental process	involved_in	PMID:22928023	RGD	21	3
Q63734	Kcnc4	10116	Rattus norvegicus	GO:0030900	forebrain development	developmental process	involved_in	PMID:22473424	RGD	21	5
P16257	Tspo	10116	Rattus norvegicus	GO:0030325	adrenal gland development	developmental process	involved_in	PMID:9927316	RGD	21	12
O70437	Smad4	10116	Rattus norvegicus	GO:0030325	adrenal gland development	developmental process	involved_in	PMID:12844345	RGD	21	2
P56705	WNT4	9606	Homo sapiens	GO:0030325	adrenal gland development	developmental process	involved_in	PMID:12844346	UniProt	21	7
A6KSI7	Mmp19	10116	Rattus norvegicus	GO:0001541	ovarian follicle development	developmental process	involved_in	PMID:15286033	RGD	21	5
Q10739	Mmp14	10116	Rattus norvegicus	GO:0001541	ovarian follicle development	developmental process	involved_in	PMID:15617683	RGD	21	12
Q04827	Ccnd2	10116	Rattus norvegicus	GO:0001541	ovarian follicle development	developmental process	involved_in	PMID:17971845	RGD	21	19
Q62889	Nlgn3	10116	Rattus norvegicus	GO:0098982	GABA-ergic synapse	cellular component	is_active_in	PMID:17897391	SynGO	21	4
Q6Q0N0	Clstn1	10116	Rattus norvegicus	GO:0098982	GABA-ergic synapse	cellular component	is_active_in	PMID:11161476	SynGO	21	4
Q99P47	Cntnap4	10090	Mus musculus	GO:0098982	GABA-ergic synapse	cellular component	is_active_in	PMID:24870235	SynGO	21	2
Q9QZ76	Mb	10116	Rattus norvegicus	GO:0009631	cold acclimation	response to stimulus	involved_in	PMID:3784148	RGD	21	7
W8E7I1	RBM3	9925	Capra hircus	GO:0009631	cold acclimation	response to stimulus	involved_in	PMID:25544695	UniProt	21	2
Q9VH99	Fst	7227	Drosophila melanogaster	GO:0009631	cold acclimation	response to stimulus	involved_in	PMID:16313561	FlyBase	21	2
P60511	lexA2	1203463	Xanthomonas citri subsp. citri 306	GO:0009432	SOS response	response to stimulus	involved_in	PMID:12471445	CollecTF	21	4
P0A812	ruvB	83333	Escherichia coli K-12	GO:0009432	SOS response	response to stimulus	acts_upstream_of_or_within	PMID:2842314	EcoCyc	21	1
Q8PN77	lexA1	1203463	Xanthomonas citri subsp. citri 306	GO:0009432	SOS response	response to stimulus	involved_in	PMID:18437426	CollecTF	21	2
P47820	Ace	10116	Rattus norvegicus	GO:0097066	response to thyroid hormone	response to stimulus	involved_in	PMID:1659346	RGD	21	12
Q04666	Hes1	10116	Rattus norvegicus	GO:0097066	response to thyroid hormone	response to stimulus	involved_in	PMID:15862623	RGD	21	7
P57790	Keap1	10116	Rattus norvegicus	GO:0097066	response to thyroid hormone	response to stimulus	involved_in	PMID:22649286	RGD	21	4
Q9LMA1	FMO1	3702	Arabidopsis thaliana	GO:0051707	response to other organism	response to stimulus	acts_upstream_of_or_within	PMID:16531493	TAIR	21	3
Q6XMI3	BSMT1	3702	Arabidopsis thaliana	GO:0051707	response to other organism	response to stimulus	acts_upstream_of_or_within	PMID:14617060	TAIR	21	3
Q9SJC4	NUDT6	3702	Arabidopsis thaliana	GO:0051707	response to other organism	response to stimulus	acts_upstream_of_or_within	PMID:16531493	TAIR	21	2
URS00006FEFE5_10090	Mus musculus (house mouse) microRNA mmu-mir-223 precursor	10090	Mus musculus	GO:0036294	cellular response to decreased oxygen levels	response to stimulus	acts_upstream_of_or_within	PMID:19147652	MGI	21	3
URS000075DAE3_10090	Mus musculus (house mouse) microRNA mmu-mir-204 precursor	10090	Mus musculus	GO:0036294	cellular response to decreased oxygen levels	response to stimulus	acts_upstream_of_or_within	PMID:19147652	MGI	21	3
URS000075C46E_10090	Mus musculus (house mouse) microRNA mmu-mir-17 precursor	10090	Mus musculus	GO:0036294	cellular response to decreased oxygen levels	response to stimulus	acts_upstream_of_or_within	PMID:19147652	MGI	21	5
P26453	Bsg	10116	Rattus norvegicus	GO:0042475	odontogenesis of dentin-containing tooth	developmental process	involved_in	PMID:17684756	RGD	20	6
Q62968	Scn10a	10116	Rattus norvegicus	GO:0042475	odontogenesis of dentin-containing tooth	developmental process	involved_in	PMID:21640979	RGD	20	1
A0A0G2K1L0	Tnc	10116	Rattus norvegicus	GO:0042475	odontogenesis of dentin-containing tooth	developmental process	involved_in	PMID:12971948	RGD	20	7
P35859	Igfals	10116	Rattus norvegicus	GO:0071364	cellular response to epidermal growth factor stimulus	response to stimulus	involved_in	PMID:8070348	RGD	20	5
Q6GMN2	Baiap2	10116	Rattus norvegicus	GO:0071364	cellular response to epidermal growth factor stimulus	response to stimulus	involved_in	PMID:17855387	RGD	20	5
P12841	Fos	10116	Rattus norvegicus	GO:0071364	cellular response to epidermal growth factor stimulus	response to stimulus	involved_in	PMID:8603605	RGD	20	32
P97826	Star	10116	Rattus norvegicus	GO:0060992	response to fungicide	response to stimulus	involved_in	PMID:16214947	RGD	20	43
P19493	Gria4	10116	Rattus norvegicus	GO:0060992	response to fungicide	response to stimulus	involved_in	PMID:19591855	RGD	20	1
A0A0G2K3N6	Kdm5b	10116	Rattus norvegicus	GO:0060992	response to fungicide	response to stimulus	involved_in	PMID:22496781	RGD	20	3
Q6PCU2	Atp6v1e1	10116	Rattus norvegicus	GO:0098850	extrinsic component of synaptic vesicle membrane	cellular component	is_active_in	PMID:32165585	SynGO	20	1
P09951	Syn1	10116	Rattus norvegicus	GO:0098850	extrinsic component of synaptic vesicle membrane	cellular component	is_active_in	PMID:6404912	SynGO	20	2
P10096	GAPDH	9913	Bos taurus	GO:0098850	extrinsic component of synaptic vesicle membrane	cellular component	is_active_in	PMID:12488440	SynGO	20	2
Q07257	Tgfb2	10116	Rattus norvegicus	GO:0048839	inner ear development	developmental process	involved_in	PMID:16479080	RGD	20	15
Q90Z45	Q90Z45	9031	Gallus gallus	GO:0048839	inner ear development	developmental process	involved_in	PMID:18213576	AgBase	20	4
Q9UBR4	LHX3	9606	Homo sapiens	GO:0048839	inner ear development	developmental process	involved_in	PMID:18407919	UniProt	20	1
A0ABK0LGW0	Ep300	10116	Rattus norvegicus	GO:0032025	response to cobalt ion	response to stimulus	involved_in	PMID:18586071	RGD	20	23
P02237	LB1	3847	Glycine max	GO:0032025	response to cobalt ion	response to stimulus	involved_in	PMID:18838253	UniProt	20	2
Q9JHX4	Casp8	10116	Rattus norvegicus	GO:0032025	response to cobalt ion	response to stimulus	involved_in	PMID:18598848	RGD	20	5
P07171	Calb1	10116	Rattus norvegicus	GO:0010996	response to auditory stimulus	response to stimulus	involved_in	PMID:22428005	RGD	20	3
P18088	Gad1	10116	Rattus norvegicus	GO:0010996	response to auditory stimulus	response to stimulus	involved_in	PMID:22428005	RGD	20	13
G3V7B8	Ercc8	10116	Rattus norvegicus	GO:0010996	response to auditory stimulus	response to stimulus	involved_in	PMID:22900489	RGD	20	2
A0ABK0M473	Bcl2	10116	Rattus norvegicus	GO:0048709	oligodendrocyte differentiation	developmental process	involved_in	PMID:12787069	RGD	20	38
P32577	Csk	10116	Rattus norvegicus	GO:0048709	oligodendrocyte differentiation	developmental process	involved_in	PMID:15504915	RGD	20	2
A7VJC2	Hnrnpa2b1	10116	Rattus norvegicus	GO:0048709	oligodendrocyte differentiation	developmental process	involved_in	PMID:14991837	RGD	20	8
Q811G0	Bbs9	10090	Mus musculus	GO:0045444	fat cell differentiation	developmental process	involved_in	PMID:17379567	BHF-UCL	20	1
Q9CWF6	Bbs2	10090	Mus musculus	GO:0045444	fat cell differentiation	developmental process	involved_in	PMID:17379567	BHF-UCL	20	1
Q8CH72	Trim32	10090	Mus musculus	GO:0045444	fat cell differentiation	developmental process	involved_in	PMID:17379567	BHF-UCL	20	2
Q5B912	ipp1	227321	Aspergillus nidulans FGSC A4	GO:0071470	cellular response to osmotic stress	response to stimulus	acts_upstream_of_or_within	PMID:17258477	AspGD	20	1
Q5ASN8	prxA	227321	Aspergillus nidulans FGSC A4	GO:0071470	cellular response to osmotic stress	response to stimulus	acts_upstream_of_or_within	PMID:17258477	AspGD	20	2
Q5ASP0	AN8690	227321	Aspergillus nidulans FGSC A4	GO:0071470	cellular response to osmotic stress	response to stimulus	acts_upstream_of_or_within	PMID:17258477	AspGD	20	1
P33154	At2g14610	3702	Arabidopsis thaliana	GO:0009627	systemic acquired resistance	response to stimulus	acts_upstream_of_or_within	PMID:1392589	TAIR	20	4
P28493	At1g75040	3702	Arabidopsis thaliana	GO:0009627	systemic acquired resistance	response to stimulus	acts_upstream_of_or_within	PMID:1392589	TAIR	20	5
O04496	AED3	3702	Arabidopsis thaliana	GO:0009627	systemic acquired resistance	response to stimulus	acts_upstream_of_or_within	PMID:24755512	TAIR	20	1
F1M2B7	Gli2	10116	Rattus norvegicus	GO:0030850	prostate gland development	developmental process	involved_in	PMID:15328011	RGD	19	2
D3ZHM5	Hoxa10	10116	Rattus norvegicus	GO:0030850	prostate gland development	developmental process	involved_in	PMID:17138648	RGD	19	3
D3ZWL5	Hoxb13	10116	Rattus norvegicus	GO:0030850	prostate gland development	developmental process	involved_in	PMID:17138648	RGD	19	3
Q9C8C9	At1g66180	3702	Arabidopsis thaliana	GO:0033591	response to L-ascorbic acid	response to stimulus	acts_upstream_of_or_within	PMID:21421703	TAIR	19	2
P16598	Il1a	10116	Rattus norvegicus	GO:0033591	response to L-ascorbic acid	response to stimulus	involved_in	PMID:18983910	RGD	19	9
P22071	Hsd3b1	10116	Rattus norvegicus	GO:0033591	response to L-ascorbic acid	response to stimulus	involved_in	PMID:17280759	RGD	19	39
F4K4R6	GEX2	3702	Arabidopsis thaliana	GO:0048235	pollen sperm cell differentiation	developmental process	acts_upstream_of_or_within	PMID:21285328	TAIR	19	1
Q9FJD1	OPT8	3702	Arabidopsis thaliana	GO:0048235	pollen sperm cell differentiation	developmental process	acts_upstream_of_or_within	PMID:21285328	TAIR	19	1
F4JP36	HAP2	3702	Arabidopsis thaliana	GO:0048235	pollen sperm cell differentiation	developmental process	acts_upstream_of_or_within	PMID:21285328	TAIR	19	1
P05622	Pdgfrb	10090	Mus musculus	GO:0048568	embryonic organ development	developmental process	involved_in	PMID:10375497	UniProt	19	3
Q90998	Q90998	9031	Gallus gallus	GO:0048568	embryonic organ development	developmental process	involved_in	PMID:8167376	AgBase	19	10
P18113	Thrb	10116	Rattus norvegicus	GO:0048568	embryonic organ development	developmental process	involved_in	PMID:17496154	RGD	19	1
A0A8J0TUC3	ern1.L	8355	Xenopus laevis	GO:0031016	pancreas development	developmental process	involved_in	PMID:24683410	Xenbase	19	1
P54316	Pnliprp1	10116	Rattus norvegicus	GO:0031016	pancreas development	developmental process	involved_in	PMID:8203536	RGD	19	3
Q1MTB5	shha	7955	Danio rerio	GO:0031016	pancreas development	developmental process	acts_upstream_of_or_within	PMID:17289013	ZFIN	19	1
O65684	CIF2	3702	Arabidopsis thaliana	GO:0009860	pollen tube growth	developmental process	acts_upstream_of_or_within	PMID:19714218	TAIR	19	1
Q9LT10	CXE18	3702	Arabidopsis thaliana	GO:0009860	pollen tube growth	developmental process	acts_upstream_of_or_within	PMID:19714218	TAIR	19	1
A0A1P8AR38	At1g63530	3702	Arabidopsis thaliana	GO:0009860	pollen tube growth	developmental process	acts_upstream_of_or_within	PMID:19714218	TAIR	19	1
Q06496	Slc34a1	10116	Rattus norvegicus	GO:0071374	cellular response to parathyroid hormone stimulus	response to stimulus	involved_in	PMID:16767692	RGD	19	20
Q6P6W3	Hdac3	10116	Rattus norvegicus	GO:0071374	cellular response to parathyroid hormone stimulus	response to stimulus	involved_in	PMID:20097749	RGD	19	5
Q8JZQ0	Csf1	10116	Rattus norvegicus	GO:0071374	cellular response to parathyroid hormone stimulus	response to stimulus	involved_in	PMID:8304053	RGD	19	4
Q8C4U3	Sfrp1	10090	Mus musculus	GO:0001756	somitogenesis	developmental process	involved_in	PMID:10654605	BHF-UCL	19	2
Q62181	Sema3c	10090	Mus musculus	GO:0001756	somitogenesis	developmental process	involved_in	PMID:19666519	BHF-UCL	19	6
A0AC58JI50	pxna	7955	Danio rerio	GO:0001756	somitogenesis	developmental process	acts_upstream_of_or_within	PMID:12925747	ZFIN	19	2
Q02388	COL7A1	9606	Homo sapiens	GO:0035987	endodermal cell differentiation	developmental process	involved_in	PMID:23154389	UniProt	19	1
Q13683	ITGA7	9606	Homo sapiens	GO:0035987	endodermal cell differentiation	developmental process	involved_in	PMID:23154389	UniProt	19	1
P08572	COL4A2	9606	Homo sapiens	GO:0035987	endodermal cell differentiation	developmental process	involved_in	PMID:23154389	UniProt	19	1
Q9W2S2	Atg8a	7227	Drosophila melanogaster	GO:0006909	phagocytosis	localization	involved_in	PMID:37248218	FlyBase	19	2
O96623	arcB	44689	Dictyostelium discoideum	GO:0006909	phagocytosis	localization	acts_upstream_of_or_within	PMID:21190565	dictyBase	19	2
O96622	arcA	44689	Dictyostelium discoideum	GO:0006909	phagocytosis	localization	acts_upstream_of_or_within	PMID:21190565	dictyBase	19	2
Q8R0S2	Iqsec1	10090	Mus musculus	GO:0098685	Schaffer collateral - CA1 synapse	cellular component	is_active_in	PMID:20547133	SynGO	19	3
D4A7P2	Lrrtm2	10116	Rattus norvegicus	GO:0098685	Schaffer collateral - CA1 synapse	cellular component	is_active_in	PMID:19285470	SynGO	19	10
P70211	Dcc	10090	Mus musculus	GO:0098685	Schaffer collateral - CA1 synapse	cellular component	is_active_in	PMID:23291093	SynGO	19	2
P11715	Cyp17a1	10116	Rattus norvegicus	GO:0034698	response to gonadotropin	response to stimulus	involved_in	PMID:17291543	RGD	19	24
P49134	Itgb1	10116	Rattus norvegicus	GO:0034698	response to gonadotropin	response to stimulus	involved_in	PMID:20189708	RGD	19	10
Q00238	Icam1	10116	Rattus norvegicus	GO:0034698	response to gonadotropin	response to stimulus	involved_in	PMID:20591976	RGD	19	25
Q9FN29	ATHB-52	3702	Arabidopsis thaliana	GO:0009637	response to blue light	response to stimulus	acts_upstream_of_or_within	PMID:16055682	TAIR	19	2
Q9SYK4	IP5P13	3702	Arabidopsis thaliana	GO:0009637	response to blue light	response to stimulus	acts_upstream_of_or_within	PMID:18252844	TAIR	19	3
Q8GYP5	MYB60	3702	Arabidopsis thaliana	GO:0009637	response to blue light	response to stimulus	involved_in	PMID:16005291	UniProt	19	13
P11506	Atp2b2	10116	Rattus norvegicus	GO:0003407	neural retina development	developmental process	involved_in	PMID:16079002	RGD	19	1
Q62634	Slc17a7	10116	Rattus norvegicus	GO:0003407	neural retina development	developmental process	involved_in	PMID:18482716	RGD	19	2
O96019	ACTL6A	9606	Homo sapiens	GO:0003407	neural retina development	developmental process	involved_in	PMID:18816825	BHF-UCL	19	1
P13640	MT1G	9606	Homo sapiens	GO:0071294	cellular response to zinc ion	response to stimulus	involved_in	PMID:11168427	UniProt	19	9
P04732	MT1E	9606	Homo sapiens	GO:0071294	cellular response to zinc ion	response to stimulus	involved_in	PMID:8119276	UniProt	19	3
P09551	argT	83333	Escherichia coli K-12	GO:0071294	cellular response to zinc ion	response to stimulus	acts_upstream_of_or_within	PMID:17122063	EcoCyc	19	3
P20789	Ntsr1	10116	Rattus norvegicus	GO:0006950	response to stress	response to stimulus	involved_in	PMID:24831231	RGD	19	2
Q9FMJ1	NAC103	3702	Arabidopsis thaliana	GO:0006950	response to stress	response to stimulus	involved_in	PMID:37063182	TAIR	19	1
P0AAC0	uspE	83333	Escherichia coli K-12	GO:0006950	response to stress	response to stimulus	acts_upstream_of_or_within	PMID:11849540	EcoCyc	19	2
A0A8I6ATW0	Abcb4	10116	Rattus norvegicus	GO:0033762	response to glucagon	response to stimulus	involved_in	PMID:28842383	RGD	18	38
P56720	Srebf1	10116	Rattus norvegicus	GO:0033762	response to glucagon	response to stimulus	involved_in	PMID:10207099	RGD	18	18
A0A0G2JVY9	Ccna2	10116	Rattus norvegicus	GO:0033762	response to glucagon	response to stimulus	involved_in	PMID:10405333	RGD	18	12
Q68FP1	Gsn	10116	Rattus norvegicus	GO:0051593	response to folic acid	response to stimulus	involved_in	PMID:12899944	RGD	18	4
P05197	Eef2	10116	Rattus norvegicus	GO:0051593	response to folic acid	response to stimulus	involved_in	PMID:12899944	RGD	18	13
P45352	Tyms	10116	Rattus norvegicus	GO:0051593	response to folic acid	response to stimulus	involved_in	PMID:9528665	RGD	18	16
P15337	Creb1	10116	Rattus norvegicus	GO:1902065	response to L-glutamate	response to stimulus	involved_in	PMID:19365572	RGD	18	17
A0A9K3Y745	Abcb1a	10116	Rattus norvegicus	GO:1902065	response to L-glutamate	response to stimulus	involved_in	PMID:15234189	RGD	18	38
P23363	Bdnf	10116	Rattus norvegicus	GO:1902065	response to L-glutamate	response to stimulus	involved_in	PMID:12654519	RGD	18	28
P08010	Gstm2	10116	Rattus norvegicus	GO:0033595	response to genistein	response to stimulus	involved_in	PMID:19451092	RGD	18	3
P06399	Fga	10116	Rattus norvegicus	GO:0033595	response to genistein	response to stimulus	involved_in	PMID:20838740	RGD	18	14
P11598	Pdia3	10116	Rattus norvegicus	GO:0033595	response to genistein	response to stimulus	involved_in	PMID:21254785	RGD	18	11
A4GTP4	Elk1	10116	Rattus norvegicus	GO:0071394	cellular response to testosterone stimulus	response to stimulus	involved_in	PMID:14766003	RGD	18	2
F1M707	Ncf1	10116	Rattus norvegicus	GO:0071394	cellular response to testosterone stimulus	response to stimulus	involved_in	PMID:25512346	RGD	18	2
P08542	Ugt2b17	10116	Rattus norvegicus	GO:0071394	cellular response to testosterone stimulus	response to stimulus	involved_in	PMID:10100302	RGD	18	5
A0AC58H216	runx3	7955	Danio rerio	GO:0030097	hemopoiesis	developmental process	acts_upstream_of_or_within	PMID:14579373	ZFIN	18	1
Q96AQ6	PBXIP1	9606	Homo sapiens	GO:0030097	hemopoiesis	developmental process	involved_in	PMID:10825160	UniProt	18	1
Q7KTI8	Pvr	7227	Drosophila melanogaster	GO:0030097	hemopoiesis	developmental process	involved_in	PMID:11677054	FlyBase	18	1
Q62351	Tfrc	10090	Mus musculus	GO:0099072	regulation of postsynaptic membrane neurotransmitter receptor levels	biological regulation	involved_in	PMID:26880306	SynGO	18	2
F1M7Y5	Prkci	10116	Rattus norvegicus	GO:0099072	regulation of postsynaptic membrane neurotransmitter receptor levels	biological regulation	involved_in	PMID:23511975	SynGO	18	4
Q3UHD6	Snx27	10090	Mus musculus	GO:0099072	regulation of postsynaptic membrane neurotransmitter receptor levels	biological regulation	involved_in	PMID:23524343	SynGO	18	4
Q9Z2J9	Runx2	10116	Rattus norvegicus	GO:0034224	cellular response to zinc ion starvation	response to stimulus	involved_in	PMID:21893222	RGD	18	11
P29288	Acp5	10116	Rattus norvegicus	GO:0034224	cellular response to zinc ion starvation	response to stimulus	involved_in	PMID:21893222	RGD	18	12
P04640	Bglap	10116	Rattus norvegicus	GO:0034224	cellular response to zinc ion starvation	response to stimulus	involved_in	PMID:21893222	RGD	18	22
Q62059	Vcan	10090	Mus musculus	GO:0001657	ureteric bud development	developmental process	involved_in	PMID:16545622	UniProt	18	1
P26260	Sdc1	10116	Rattus norvegicus	GO:0001657	ureteric bud development	developmental process	involved_in	PMID:15282150	RGD	18	7
O08691	Arg2	10090	Mus musculus	GO:0001657	ureteric bud development	developmental process	involved_in	PMID:16545622	UniProt	18	1
P11685	Sftpc	10116	Rattus norvegicus	GO:0071732	cellular response to nitric oxide	response to stimulus	involved_in	PMID:15640287	RGD	17	13
P48199	Crp	10116	Rattus norvegicus	GO:0071732	cellular response to nitric oxide	response to stimulus	involved_in	PMID:9704587	RGD	17	9
Q9SGH6	DOX1	3702	Arabidopsis thaliana	GO:0071732	cellular response to nitric oxide	response to stimulus	involved_in	PMID:12060227	UniProt	17	5
P01143	Crh	10116	Rattus norvegicus	GO:0021854	hypothalamus development	developmental process	involved_in	PMID:20002962	RGD	17	16
P24008	Srd5a1	10116	Rattus norvegicus	GO:0021854	hypothalamus development	developmental process	involved_in	PMID:8770891	RGD	17	31
A0A8I6GLM3	Ncoa1	10116	Rattus norvegicus	GO:0021854	hypothalamus development	developmental process	involved_in	PMID:12551846	RGD	17	10
Q6IN02	Ppp1r15a	10116	Rattus norvegicus	GO:0030968	endoplasmic reticulum unfolded protein response	response to stimulus	involved_in	PMID:18266951	RGD	17	17
O64503	UTR1	3702	Arabidopsis thaliana	GO:0030968	endoplasmic reticulum unfolded protein response	response to stimulus	involved_in	PMID:19906043	UniProt	17	1
A0ABK0LY65	Fgf21	10116	Rattus norvegicus	GO:0030968	endoplasmic reticulum unfolded protein response	response to stimulus	involved_in	PMID:23123503	RGD	17	9
Q9WU82	Ctnnb1	10116	Rattus norvegicus	GO:0007494	midgut development	developmental process	involved_in	PMID:17356920	RGD	17	14
P58751	Reln	10116	Rattus norvegicus	GO:0007494	midgut development	developmental process	involved_in	PMID:19946030	RGD	17	20
Q63639	Aldh1a2	10116	Rattus norvegicus	GO:0007494	midgut development	developmental process	involved_in	PMID:15964596	RGD	17	6
P21588	Nt5e	10116	Rattus norvegicus	GO:0010044	response to aluminum ion	response to stimulus	involved_in	PMID:17686601	RGD	17	2
Q9SYD6	DTX42	3702	Arabidopsis thaliana	GO:0010044	response to aluminum ion	response to stimulus	involved_in	PMID:22413742	UniProt	17	2
Q5VRD7	CDT3	39947	Oryza sativa Japonica Group	GO:0010044	response to aluminum ion	response to stimulus	involved_in	PMID:23888867	UniProt	17	1
Q9VF59	B9d1	7227	Drosophila melanogaster	GO:0060271	cilium assembly	unclassified	involved_in	PMID:15137945	FlyBase	17	1
Q7KTZ4	rempA	7227	Drosophila melanogaster	GO:0060271	cilium assembly	unclassified	involved_in	PMID:15137945	FlyBase	17	1
A1ZBK9	Arl6	7227	Drosophila melanogaster	GO:0060271	cilium assembly	unclassified	involved_in	PMID:15137945	FlyBase	17	1
P17491	Inhbb	10116	Rattus norvegicus	GO:0008585	female gonad development	developmental process	involved_in	PMID:8156918	RGD	17	13
P22071	Hsd3b1	10116	Rattus norvegicus	GO:0008585	female gonad development	developmental process	involved_in	PMID:8439611	RGD	17	39
A2ACT7	Col9a3	10090	Mus musculus	GO:0008585	female gonad development	developmental process	involved_in	PMID:11145610	UniProt	17	2
Q7XJU0	BHLH157	3702	Arabidopsis thaliana	GO:0071365	cellular response to auxin stimulus	response to stimulus	acts_upstream_of_or_within	PMID:23359424	TAIR	17	1
Q9S9Z2	MYB93	3702	Arabidopsis thaliana	GO:0071365	cellular response to auxin stimulus	response to stimulus	acts_upstream_of_or_within	PMID:24902892	TAIR	17	1
Q9M0D1	XTH19	3702	Arabidopsis thaliana	GO:0071365	cellular response to auxin stimulus	response to stimulus	acts_upstream_of_or_within	PMID:25182467	TAIR	17	1
Q9VUS3	Eig71Ea	7227	Drosophila melanogaster	GO:0007552	metamorphosis	developmental process	involved_in	PMID:8568884	FlyBase	17	1
URS00005F1E86_7227	Drosophila melanogaster let-7 stem-loop (dme-let-7)	7227	Drosophila melanogaster	GO:0007552	metamorphosis	developmental process	involved_in	PMID:11900466	FlyBase	17	1
Q9W1C9	EbpIII	7227	Drosophila melanogaster	GO:0007552	metamorphosis	developmental process	involved_in	PMID:12899697	FlyBase	17	2
P49655	Kcnj10	10116	Rattus norvegicus	GO:0021554	optic nerve development	developmental process	involved_in	PMID:15198689	RGD	17	4
P22462	Kcnc2	10116	Rattus norvegicus	GO:0021554	optic nerve development	developmental process	involved_in	PMID:22473424	RGD	17	11
Q02294	Cacna1b	10116	Rattus norvegicus	GO:0021554	optic nerve development	developmental process	involved_in	PMID:22473424	RGD	17	2
Q8R500	Mfn2	10116	Rattus norvegicus	GO:0071287	cellular response to manganese ion	response to stimulus	involved_in	PMID:28232070	RGD	17	24
Q920D5	Casp12	10116	Rattus norvegicus	GO:0071287	cellular response to manganese ion	response to stimulus	involved_in	PMID:23934647	ParkinsonsUK-UCL	17	10
F1LSY7	Ern1	10116	Rattus norvegicus	GO:0071287	cellular response to manganese ion	response to stimulus	involved_in	PMID:23934647	ParkinsonsUK-UCL	17	1
P02529	Crygc	10116	Rattus norvegicus	GO:0002088	lens development in camera-type eye	developmental process	involved_in	PMID:2338125	RGD	17	1
P02528	Cryge	10116	Rattus norvegicus	GO:0002088	lens development in camera-type eye	developmental process	involved_in	PMID:2338125	RGD	17	1
P14881	Cryba1	10116	Rattus norvegicus	GO:0002088	lens development in camera-type eye	developmental process	involved_in	PMID:2753045	RGD	17	1
Q7KQZ4	lola	7227	Drosophila melanogaster	GO:0007526	larval somatic muscle development	developmental process	involved_in	PMID:25088419	FlyBase	16	1
P42284	lola	7227	Drosophila melanogaster	GO:0007526	larval somatic muscle development	developmental process	involved_in	PMID:25088419	FlyBase	16	1
Q9V5M3	lola	7227	Drosophila melanogaster	GO:0007526	larval somatic muscle development	developmental process	involved_in	PMID:25088419	FlyBase	16	1
P43245	Abcb1	10116	Rattus norvegicus	GO:0010046	response to mycotoxin	response to stimulus	involved_in	PMID:23707492	RGD	16	14
A0ABK0KW61	Abcb1a	10116	Rattus norvegicus	GO:0010046	response to mycotoxin	response to stimulus	involved_in	PMID:23707492	RGD	16	38
Q9JK64	Abcb1a	10116	Rattus norvegicus	GO:0010046	response to mycotoxin	response to stimulus	involved_in	PMID:23707492	RGD	16	38
O88498	Bcl2l11	10116	Rattus norvegicus	GO:1904646	cellular response to amyloid-beta	response to stimulus	involved_in	PMID:17287517	RGD	16	3
P13053	Vdr	10116	Rattus norvegicus	GO:1904646	cellular response to amyloid-beta	response to stimulus	involved_in	PMID:23752060	RGD	16	6
A0A0G2JZ79	Sirt1	10116	Rattus norvegicus	GO:1904646	cellular response to amyloid-beta	response to stimulus	involved_in	PMID:23555824	RGD	16	13
P33436	Mmp2	10116	Rattus norvegicus	GO:0071345	cellular response to cytokine stimulus	response to stimulus	involved_in	PMID:19909738	RGD	16	16
O35762	Nkx6-1	10116	Rattus norvegicus	GO:0071345	cellular response to cytokine stimulus	response to stimulus	involved_in	PMID:16948396	RGD	16	6
O88846	Rnf4	10116	Rattus norvegicus	GO:0071345	cellular response to cytokine stimulus	response to stimulus	involved_in	PMID:11292317	RGD	16	6
Q9ATH2	Q9ATH2	13451	Corylus avellana	GO:0048316	seed development	developmental process	involved_in	PMID:19006093	UniProt	16	5
V9VGU0	V9VGU0	88728	Pinus koraiensis	GO:0048316	seed development	developmental process	involved_in	PMID:18084088	UniProt	16	2
A0A8I5Y222	Kat2b	10116	Rattus norvegicus	GO:0007613	memory	unclassified	involved_in	PMID:20811339	RGD	16	3
B0FRH7	LLP	6501	Aplysia kurodai	GO:0007613	memory	unclassified	involved_in	PMID:16504946	UniProt	16	2
P21272	Cebpb	10116	Rattus norvegicus	GO:0007613	memory	unclassified	involved_in	PMID:17512093	RGD	16	2
Q62746	Syt6	10116	Rattus norvegicus	GO:0097060	synaptic membrane	cellular component	is_active_in	PMID:10373432	SynGO	16	1
P18052	Ptpra	10090	Mus musculus	GO:0097060	synaptic membrane	cellular component	is_active_in	PMID:16899073	SynGO	16	1
P63322	Rala	10116	Rattus norvegicus	GO:0097060	synaptic membrane	cellular component	is_active_in	PMID:19823667	SynGO	16	1
O88275	Pparg	10116	Rattus norvegicus	GO:0031000	response to caffeine	response to stimulus	involved_in	PMID:18486259	RGD	16	18
A0A8I5ZMM2	Cad	10116	Rattus norvegicus	GO:0031000	response to caffeine	response to stimulus	involved_in	PMID:6149265	RGD	16	11
P06525	ADH1	3702	Arabidopsis thaliana	GO:0031000	response to caffeine	response to stimulus	involved_in	PMID:12509334	UniProt	16	26
E9PTS6	Klf11	10116	Rattus norvegicus	GO:1990859	cellular response to endothelin	response to stimulus	involved_in	PMID:18406357	RGD	16	1
Q5FVT6	Klf15	10116	Rattus norvegicus	GO:1990859	cellular response to endothelin	response to stimulus	involved_in	PMID:18406357	RGD	16	1
Q923V7	Klf4	10116	Rattus norvegicus	GO:1990859	cellular response to endothelin	response to stimulus	involved_in	PMID:18406357	RGD	16	3
P07861	Mme	10116	Rattus norvegicus	GO:0001890	placenta development	developmental process	involved_in	PMID:1547865	RGD	16	3
A0ABK0M454	Mc2r	10116	Rattus norvegicus	GO:0001890	placenta development	developmental process	involved_in	PMID:15781985	RGD	16	1
Q01129	Dcn	10116	Rattus norvegicus	GO:0001890	placenta development	developmental process	involved_in	PMID:16987756	RGD	16	5
P00185	Cyp1a1	10116	Rattus norvegicus	GO:1904681	response to 3-methylcholanthrene	response to stimulus	involved_in	PMID:19889059	RGD	16	29
P05182	Cyp2e1	10116	Rattus norvegicus	GO:1904681	response to 3-methylcholanthrene	response to stimulus	involved_in	PMID:19889059	RGD	16	5
Q01134	Chka	10116	Rattus norvegicus	GO:1904681	response to 3-methylcholanthrene	response to stimulus	involved_in	PMID:7852267	RGD	16	2
P17988	Sult1a1	10116	Rattus norvegicus	GO:0017085	response to insecticide	response to stimulus	involved_in	PMID:15351727	RGD	16	3
P15709	Sult2a1	10116	Rattus norvegicus	GO:0017085	response to insecticide	response to stimulus	involved_in	PMID:15351727	RGD	16	3
O35331	Pdxk	10116	Rattus norvegicus	GO:0017085	response to insecticide	response to stimulus	involved_in	PMID:2119399	RGD	16	7
O08543	Efna5	10090	Mus musculus	GO:0099560	synaptic membrane adhesion	unclassified	involved_in	PMID:22275477	SynGO	16	2
A0ABK0LBX7	Cadm2	10116	Rattus norvegicus	GO:0099560	synaptic membrane adhesion	unclassified	involved_in	PMID:18003830	SynGO	16	8
Q1WIM3	Cadm3	10116	Rattus norvegicus	GO:0099560	synaptic membrane adhesion	unclassified	involved_in	PMID:18003830	SynGO	16	5
P50282	Mmp9	10116	Rattus norvegicus	GO:0034612	response to tumor necrosis factor	response to stimulus	involved_in	PMID:17704356	RGD	16	25
O15205	UBD	9606	Homo sapiens	GO:0034612	response to tumor necrosis factor	response to stimulus	involved_in	PMID:17889673	UniProt	16	2
P02650	Apoe	10116	Rattus norvegicus	GO:0034612	response to tumor necrosis factor	response to stimulus	involved_in	PMID:12934668	RGD	16	13
Q3E880	GLV11	3702	Arabidopsis thaliana	GO:0010628	positive regulation of gene expression	biological regulation	acts_upstream_of_or_within	PMID:20798316	TAIR	16	2
Q90X15	Id1	9031	Gallus gallus	GO:0010628	positive regulation of gene expression	biological regulation	involved_in	PMID:17681138	AgBase	16	2
Q90X14	Id3	9031	Gallus gallus	GO:0010628	positive regulation of gene expression	biological regulation	involved_in	PMID:17681138	AgBase	16	2
P35355	Ptgs2	10116	Rattus norvegicus	GO:0010042	response to manganese ion	response to stimulus	involved_in	PMID:17827730	RGD	16	17
Q8R4Z9	Mfn1	10116	Rattus norvegicus	GO:0010042	response to manganese ion	response to stimulus	involved_in	PMID:15589972	RGD	16	16
P07824	Arg1	10116	Rattus norvegicus	GO:0010042	response to manganese ion	response to stimulus	involved_in	PMID:15564441	RGD	16	27
F1MAG1	Agrp	10116	Rattus norvegicus	GO:0007218	neuropeptide signaling pathway	response to stimulus	involved_in	PMID:10875247	RGD	16	6
P61855	Akh	7227	Drosophila melanogaster	GO:0007218	neuropeptide signaling pathway	response to stimulus	involved_in	PMID:16441518	FlyBase	16	2
E1JGW3	ITP	7227	Drosophila melanogaster	GO:0007218	neuropeptide signaling pathway	response to stimulus	involved_in	PMID:19565664	FlyBase	16	2
P05539	Col2a1	10116	Rattus norvegicus	GO:0051216	cartilage development	developmental process	involved_in	PMID:9822201	RGD	16	15
Q98938	IHH	9031	Gallus gallus	GO:0051216	cartilage development	developmental process	involved_in	PMID:12968668	UniProt	16	1
Q62598	Dspp	10116	Rattus norvegicus	GO:0051216	cartilage development	developmental process	involved_in	PMID:20679519	RGD	16	14
P54888	P5CSB	3702	Arabidopsis thaliana	GO:0042538	hyperosmotic salinity response	response to stimulus	acts_upstream_of_or_within	PMID:9351242	TIGR	16	2
P54887	P5CSA	3702	Arabidopsis thaliana	GO:0042538	hyperosmotic salinity response	response to stimulus	acts_upstream_of_or_within	PMID:7773306	TIGR	16	6
Q9SSW2	AZF2	3702	Arabidopsis thaliana	GO:0042538	hyperosmotic salinity response	response to stimulus	acts_upstream_of_or_within	PMID:10806347	TAIR	16	4
Q9VNP0	Osi18	7227	Drosophila melanogaster	GO:0007424	open tracheal system development	developmental process	involved_in	PMID:29548969	FlyBase	15	1
Q24535	bs	7227	Drosophila melanogaster	GO:0007424	open tracheal system development	developmental process	involved_in	PMID:7600954	FlyBase	15	1
Q9VI06	Osi19	7227	Drosophila melanogaster	GO:0007424	open tracheal system development	developmental process	involved_in	PMID:29548969	FlyBase	15	1
P07756	Cps1	10116	Rattus norvegicus	GO:0070365	hepatocyte differentiation	developmental process	involved_in	PMID:12939595	RGD	15	26
P07150	Anxa1	10116	Rattus norvegicus	GO:0070365	hepatocyte differentiation	developmental process	involved_in	PMID:11668598	RGD	15	14
P48437	Prox1	10090	Mus musculus	GO:0070365	hepatocyte differentiation	developmental process	involved_in	PMID:15232737	BHF-UCL	15	4
P82705	Dso1	7227	Drosophila melanogaster	GO:0006959	humoral immune response	response to stimulus	involved_in	PMID:16510152	FlyBase	15	1
P45884	AttA	7227	Drosophila melanogaster	GO:0006959	humoral immune response	response to stimulus	involved_in	PMID:16510152	FlyBase	15	5
Q8IQR7	edin	7227	Drosophila melanogaster	GO:0006959	humoral immune response	response to stimulus	involved_in	PMID:16510152	FlyBase	15	2
G3V9C8	Abcb4	10116	Rattus norvegicus	GO:1903416	response to glycoside	response to stimulus	involved_in	PMID:24680847	RGD	15	38
A0ABK0KW61	Abcb1a	10116	Rattus norvegicus	GO:1903416	response to glycoside	response to stimulus	involved_in	PMID:24680847	RGD	15	38
A0ABK0KWF9	Abcb4	10116	Rattus norvegicus	GO:1903416	response to glycoside	response to stimulus	involved_in	PMID:24680847	RGD	15	38
P20607	Il6	10116	Rattus norvegicus	GO:1905235	response to quercetin	response to stimulus	involved_in	PMID:37112606	RGD	15	48
A0ABK0KWF9	Abcb4	10116	Rattus norvegicus	GO:1905235	response to quercetin	response to stimulus	involved_in	PMID:24914722	RGD	15	38
A0A8I6ATW0	Abcb4	10116	Rattus norvegicus	GO:1905235	response to quercetin	response to stimulus	involved_in	PMID:24914722	RGD	15	38
P43699	NKX2-1	9606	Homo sapiens	GO:0030878	thyroid gland development	developmental process	involved_in	PMID:15494458	UniProt	15	6
A0A8J0SYX3	pax2.L	8355	Xenopus laevis	GO:0030878	thyroid gland development	developmental process	acts_upstream_of_or_within	PMID:34946811	Xenbase	15	1
Q06710	PAX8	9606	Homo sapiens	GO:0030878	thyroid gland development	developmental process	involved_in	PMID:15494458	UniProt	15	10
A0AC58G6P5	vdac3	7955	Danio rerio	GO:0031101	fin regeneration	developmental process	acts_upstream_of_or_within	PMID:22278371	ZFIN	15	1
A0AC58H0B1	vdac2	7955	Danio rerio	GO:0031101	fin regeneration	developmental process	acts_upstream_of_or_within	PMID:22278371	ZFIN	15	1
Q6PH75	ctsba	7955	Danio rerio	GO:0031101	fin regeneration	developmental process	acts_upstream_of_or_within	PMID:22278371	ZFIN	15	1
A0AC58JJE7	acaca	7955	Danio rerio	GO:0061959	response to (R)-carnitine	response to stimulus	acts_upstream_of_or_within	PMID:28102299	ZFIN	15	1
A0AC58JJI9	acaca	7955	Danio rerio	GO:0061959	response to (R)-carnitine	response to stimulus	acts_upstream_of_or_within	PMID:28102299	ZFIN	15	1
Q6P2U2	lpla	7955	Danio rerio	GO:0061959	response to (R)-carnitine	response to stimulus	acts_upstream_of_or_within	PMID:28102299	ZFIN	15	1
P19020	Drd3	10116	Rattus norvegicus	GO:0099149	regulation of postsynaptic neurotransmitter receptor internalization	biological regulation	involved_in	PMID:16510729	SynGO	15	2
Q6PDX6	Rnf220	10090	Mus musculus	GO:0099149	regulation of postsynaptic neurotransmitter receptor internalization	biological regulation	involved_in	PMID:36179027	SynGO	15	3
Q9EP80	Pick1	10116	Rattus norvegicus	GO:0099149	regulation of postsynaptic neurotransmitter receptor internalization	biological regulation	involved_in	PMID:28855251	SynGO	15	3
P06866	Hp	10116	Rattus norvegicus	GO:0010165	response to X-ray	response to stimulus	involved_in	PMID:12379430	RGD	15	16
P39948	Ccnd1	10116	Rattus norvegicus	GO:0010165	response to X-ray	response to stimulus	involved_in	PMID:17148264	RGD	15	15
P06399	Fga	10116	Rattus norvegicus	GO:0010165	response to X-ray	response to stimulus	involved_in	PMID:4170424	RGD	15	14
Q06710	PAX8	9606	Homo sapiens	GO:0007417	central nervous system development	developmental process	involved_in	PMID:15494458	UniProt	15	10
G9JKB3	ntrk3a	7955	Danio rerio	GO:0007417	central nervous system development	developmental process	acts_upstream_of_or_within	PMID:9520329	ZFIN	15	2
Q9JM05	Pias4	10090	Mus musculus	GO:0007417	central nervous system development	developmental process	acts_upstream_of_or_within	PMID:10854042	UniProt	15	3
P11473	VDR	9606	Homo sapiens	GO:0046697	decidualization	developmental process	involved_in	PMID:16720713	BHF-UCL	15	1
P06211	Esr1	10116	Rattus norvegicus	GO:0046697	decidualization	developmental process	involved_in	PMID:21248290	RGD	15	8
P31000	Vim	10116	Rattus norvegicus	GO:0046697	decidualization	developmental process	involved_in	PMID:17653607	RGD	15	8
E9NA96	Ir25a	7227	Drosophila melanogaster	GO:0050907	detection of chemical stimulus involved in sensory perception	response to stimulus	involved_in	PMID:19135896	FlyBase	15	1
Q9VVU7	Ir75d	7227	Drosophila melanogaster	GO:0050907	detection of chemical stimulus involved in sensory perception	response to stimulus	involved_in	PMID:19135896	FlyBase	15	1
Q9VRL4	Ir64a	7227	Drosophila melanogaster	GO:0050907	detection of chemical stimulus involved in sensory perception	response to stimulus	involved_in	PMID:19135896	FlyBase	15	1
P51886	Lum	10116	Rattus norvegicus	GO:0070848	response to growth factor	response to stimulus	involved_in	PMID:18482974	RGD	15	3
Q64346	Dusp6	10116	Rattus norvegicus	GO:0070848	response to growth factor	response to stimulus	involved_in	PMID:9559664	RGD	15	5
P14669	Anxa3	10116	Rattus norvegicus	GO:0070848	response to growth factor	response to stimulus	involved_in	PMID:16819165	RGD	15	4
E4NKF8	PUB1	3880	Medicago truncatula	GO:0009877	nodulation	developmental process	involved_in	PMID:20971894	UniProt	15	7
Q3C1F6	LB2	34305	Lotus japonicus	GO:0009877	nodulation	developmental process	involved_in	PMID:12461135	UniProt	15	3
Q3C1F4	GLB1-1	34305	Lotus japonicus	GO:0009877	nodulation	developmental process	involved_in	PMID:30597068	UniProt	15	20
G3V8J2	Cyp8b1	10116	Rattus norvegicus	GO:0070723	response to cholesterol	response to stimulus	involved_in	PMID:25263431	RGD	15	2
P71875	kshA	83332	Mycobacterium tuberculosis H37Rv	GO:0070723	response to cholesterol	response to stimulus	involved_in	PMID:17264217	MTBBASE	15	1
P50231	Ccl5	10116	Rattus norvegicus	GO:0070723	response to cholesterol	response to stimulus	involved_in	PMID:20435353	RGD	15	27
Q8SY61	Obp56d	7227	Drosophila melanogaster	GO:0007608	sensory perception of smell	unclassified	involved_in	PMID:11729153	UniProt	15	1
Q9V8Y9	Obp56h	7227	Drosophila melanogaster	GO:0007608	sensory perception of smell	unclassified	involved_in	PMID:11238251	UniProt	15	1
Q8BGM5	Best2	10090	Mus musculus	GO:0007608	sensory perception of smell	unclassified	involved_in	PMID:16912113	HGNC-UCL	15	1
Q63264	Il1b	10116	Rattus norvegicus	GO:0035900	response to isolation stress	response to stimulus	involved_in	PMID:33411841	RGD	15	39
P14844	Ccl2	10116	Rattus norvegicus	GO:0035900	response to isolation stress	response to stimulus	involved_in	PMID:33411841	RGD	15	40
Q920R3	Fads1	10116	Rattus norvegicus	GO:0035900	response to isolation stress	response to stimulus	involved_in	PMID:8115350	RGD	15	6
Q47539	tauC	83333	Escherichia coli K-12	GO:0010438	cellular response to sulfur starvation	response to stimulus	acts_upstream_of_or_within	PMID:8808933	EcoCyc	15	1
Q47538	tauB	83333	Escherichia coli K-12	GO:0010438	cellular response to sulfur starvation	response to stimulus	acts_upstream_of_or_within	PMID:8808933	EcoCyc	15	1
Q8GXU5	SDI1	3702	Arabidopsis thaliana	GO:0010438	cellular response to sulfur starvation	response to stimulus	involved_in	PMID:15842617	UniProt	15	2
URS000075AEF6_10090	Mus musculus (house mouse) microRNA mmu-mir-741 precursor	10090	Mus musculus	GO:0046660	female sex differentiation	developmental process	acts_upstream_of_or_within	PMID:23946534	MGI	15	2
URS000075E1B6_10090	Mus musculus (house mouse) microRNA mmu-mir-183 precursor	10090	Mus musculus	GO:0046660	female sex differentiation	developmental process	acts_upstream_of_or_within	PMID:23946534	MGI	15	3
URS000075DEEC_10090	Mus musculus (house mouse) microRNA mmu-mir-743a precursor	10090	Mus musculus	GO:0046660	female sex differentiation	developmental process	acts_upstream_of_or_within	PMID:23946534	MGI	15	1
P15330	dl	7227	Drosophila melanogaster	GO:0006955	immune response	response to stimulus	involved_in	PMID:7859742	FlyBase	14	1
Q62940	Nedd4	10116	Rattus norvegicus	GO:0006955	immune response	response to stimulus	involved_in	PMID:11248052	RGD	14	6
Q13829	TNFAIP1	9606	Homo sapiens	GO:0006955	immune response	response to stimulus	involved_in	PMID:1370465	UniProt	14	1
Q06496	Slc34a1	10116	Rattus norvegicus	GO:0032026	response to magnesium ion	response to stimulus	involved_in	PMID:18701629	RGD	14	20
Q8K4R8	Slc34a3	10116	Rattus norvegicus	GO:0032026	response to magnesium ion	response to stimulus	involved_in	PMID:18701629	RGD	14	2
P06866	Hp	10116	Rattus norvegicus	GO:0032026	response to magnesium ion	response to stimulus	involved_in	PMID:11300617	RGD	14	16
O54912	Kcnk3	10116	Rattus norvegicus	GO:0090102	cochlea development	developmental process	involved_in	PMID:15094499	RGD	14	3
Q9ERC5	Otof	10116	Rattus norvegicus	GO:0090102	cochlea development	developmental process	involved_in	PMID:17229086	RGD	14	1
Q2TA68	Opa1	10116	Rattus norvegicus	GO:0090102	cochlea development	developmental process	involved_in	PMID:17828551	RGD	14	9
P48721	Hspa9	10116	Rattus norvegicus	GO:0097068	response to thyroxine	response to stimulus	involved_in	PMID:21563808	RGD	14	4
A0ABK0LXI1	Txn1	10116	Rattus norvegicus	GO:0097068	response to thyroxine	response to stimulus	involved_in	PMID:20729758	RGD	14	9
G3V9C8	Abcb4	10116	Rattus norvegicus	GO:0097068	response to thyroxine	response to stimulus	involved_in	PMID:22339773	RGD	14	38
Q63120	Abcc2	10116	Rattus norvegicus	GO:0097327	response to antineoplastic agent	response to stimulus	involved_in	PMID:21881227	RGD	14	15
A0A8I6ATW0	Abcb4	10116	Rattus norvegicus	GO:0097327	response to antineoplastic agent	response to stimulus	involved_in	PMID:12154027	RGD	14	38
A0ABK0KW61	Abcb1a	10116	Rattus norvegicus	GO:0097327	response to antineoplastic agent	response to stimulus	involved_in	PMID:12154027	RGD	14	38
P07824	Arg1	10116	Rattus norvegicus	GO:0051597	response to methylmercury	response to stimulus	involved_in	PMID:18488197	RGD	14	27
P04631	S100b	10116	Rattus norvegicus	GO:0051597	response to methylmercury	response to stimulus	involved_in	PMID:21783483	RGD	14	7
Q00960	Grin2b	10116	Rattus norvegicus	GO:0051597	response to methylmercury	response to stimulus	involved_in	PMID:19409459	RGD	14	37
O35800	Hif1a	10116	Rattus norvegicus	GO:1904628	cellular response to phorbol 13-acetate 12-myristate	response to stimulus	involved_in	PMID:9398602	RGD	14	41
P17491	Inhbb	10116	Rattus norvegicus	GO:1904628	cellular response to phorbol 13-acetate 12-myristate	response to stimulus	involved_in	PMID:1634019	RGD	14	13
P06399	Fga	10116	Rattus norvegicus	GO:1904628	cellular response to phorbol 13-acetate 12-myristate	response to stimulus	involved_in	PMID:2440878	RGD	14	14
Q9JI85	Nucb2	10116	Rattus norvegicus	GO:0044752	response to human chorionic gonadotropin	response to stimulus	involved_in	PMID:22334726	RGD	14	4
Q64654	Cyp51a1	10116	Rattus norvegicus	GO:0044752	response to human chorionic gonadotropin	response to stimulus	involved_in	PMID:11133687	RGD	14	4
O88846	Rnf4	10116	Rattus norvegicus	GO:0044752	response to human chorionic gonadotropin	response to stimulus	involved_in	PMID:14749358	RGD	14	6
A1Z6S1	CheB42b	7227	Drosophila melanogaster	GO:0043695	detection of pheromone	response to stimulus	involved_in	PMID:18952610	FlyBase	14	1
Q8IN27	CheB93b	7227	Drosophila melanogaster	GO:0043695	detection of pheromone	response to stimulus	involved_in	PMID:18952610	FlyBase	14	1
Q3ZAK6	CheB42a	7227	Drosophila melanogaster	GO:0043695	detection of pheromone	response to stimulus	involved_in	PMID:11904775	FlyBase	14	3
Q62656	Ptprz1	10116	Rattus norvegicus	GO:0048666	neuron development	developmental process	involved_in	PMID:15708477	RGD	14	4
Q62952	Dpysl3	10116	Rattus norvegicus	GO:0048666	neuron development	developmental process	involved_in	PMID:8815901	RGD	14	1
Q62951	Dpysl4	10116	Rattus norvegicus	GO:0048666	neuron development	developmental process	involved_in	PMID:8815901	RGD	14	1
Q5B7I7	inpE	227321	Aspergillus nidulans FGSC A4	GO:0019748	secondary metabolic process	metabolic process	acts_upstream_of_or_within	PMID:22506079	AspGD	14	1
C8VN91	AN1598	227321	Aspergillus nidulans FGSC A4	GO:0019748	secondary metabolic process	metabolic process	acts_upstream_of_or_within	PMID:22506079	AspGD	14	1
Q5B7I4	inpB	227321	Aspergillus nidulans FGSC A4	GO:0019748	secondary metabolic process	metabolic process	acts_upstream_of_or_within	PMID:20952652	AspGD	14	2
Q96LT7	C9orf72	9606	Homo sapiens	GO:0099523	presynaptic cytosol	cellular component	is_active_in	PMID:30075745	SynGO	14	1
Q9WU70	Stxbp5	10116	Rattus norvegicus	GO:0099523	presynaptic cytosol	cellular component	is_active_in	PMID:9620695	SynGO	14	7
P46461	comt	7227	Drosophila melanogaster	GO:0099523	presynaptic cytosol	cellular component	is_active_in	PMID:25953899	SynGO	14	3
Q8LFR2	DREB2C	3702	Arabidopsis thaliana	GO:0010286	heat acclimation	response to stimulus	acts_upstream_of_or_within	PMID:16807682	TAIR	14	1
Q7X7A9	At1g11270	3702	Arabidopsis thaliana	GO:0010286	heat acclimation	response to stimulus	acts_upstream_of_or_within	PMID:16807682	TAIR	14	1
O82133	DREB2B	3702	Arabidopsis thaliana	GO:0010286	heat acclimation	response to stimulus	acts_upstream_of_or_within	PMID:16807682	TAIR	14	1
O15520	FGF10	9606	Homo sapiens	GO:0001656	metanephros development	developmental process	involved_in	PMID:18437684	UniProt	14	2
P41133	Id3	10090	Mus musculus	GO:0001656	metanephros development	developmental process	involved_in	PMID:7655079	UniProt	14	5
P00786	Ctsh	10116	Rattus norvegicus	GO:0001656	metanephros development	developmental process	involved_in	PMID:16153003	UniProt	14	4
Q96289	ZAT10	3702	Arabidopsis thaliana	GO:0010200	response to chitin	response to stimulus	acts_upstream_of_or_within	PMID:15923325	TAIR	14	7
O64763	ATL9	3702	Arabidopsis thaliana	GO:0010200	response to chitin	response to stimulus	acts_upstream_of_or_within	PMID:15923325	TAIR	14	1
Q0DAJ3	WRKY28	39947	Oryza sativa Japonica Group	GO:0010200	response to chitin	response to stimulus	involved_in	PMID:23462973	UniProt	14	2
Q9LRM7	NCED6	3702	Arabidopsis thaliana	GO:0009639	response to red or far red light	response to stimulus	acts_upstream_of_or_within	PMID:17010113	TAIR	14	2
Q39103	GA3OX1	3702	Arabidopsis thaliana	GO:0009639	response to red or far red light	response to stimulus	acts_upstream_of_or_within	PMID:17010113	TAIR	14	5
Q9FH76	CYP707A3	3702	Arabidopsis thaliana	GO:0009639	response to red or far red light	response to stimulus	acts_upstream_of_or_within	PMID:17010113	TAIR	14	1
P15649	hssl27	44689	Dictyostelium discoideum	GO:0031154	culmination involved in sorocarp development	developmental process	involved_in	PMID:2161991	UniProt	14	2
Q86HF8	DDB_G0271852	44689	Dictyostelium discoideum	GO:0031154	culmination involved in sorocarp development	developmental process	acts_upstream_of_or_within	PMID:25887420	dictyBase	14	1
Q6TU47	sigB	44689	Dictyostelium discoideum	GO:0031154	culmination involved in sorocarp development	developmental process	acts_upstream_of_or_within	PMID:25887420	dictyBase	14	1
Q64FJ6	AAT1RGA	3750	Malus domestica	GO:0009836	fruit ripening, climacteric	developmental process	involved_in	PMID:24661745	UniProt	13	3
A0A498KIQ3	AAT1GSD	3750	Malus domestica	GO:0009836	fruit ripening, climacteric	developmental process	involved_in	PMID:24661745	UniProt	13	1
V9P9S4	AAT1GSB	3750	Malus domestica	GO:0009836	fruit ripening, climacteric	developmental process	involved_in	PMID:24661745	UniProt	13	1
Q6PSM0	Abcb1a	10116	Rattus norvegicus	GO:0071312	cellular response to alkaloid	response to stimulus	involved_in	PMID:20410605	RGD	13	38
A0ABK0KW61	Abcb1a	10116	Rattus norvegicus	GO:0071312	cellular response to alkaloid	response to stimulus	involved_in	PMID:20410605	RGD	13	38
A0A9K3Y745	Abcb1a	10116	Rattus norvegicus	GO:0071312	cellular response to alkaloid	response to stimulus	involved_in	PMID:20410605	RGD	13	38
P05539	Col2a1	10116	Rattus norvegicus	GO:1990314	cellular response to insulin-like growth factor stimulus	response to stimulus	involved_in	PMID:18595745	RGD	13	15
G3V9M6	Fbn1	10116	Rattus norvegicus	GO:1990314	cellular response to insulin-like growth factor stimulus	response to stimulus	involved_in	PMID:17200203	RGD	13	3
A0A0G2JVY9	Ccna2	10116	Rattus norvegicus	GO:1990314	cellular response to insulin-like growth factor stimulus	response to stimulus	involved_in	PMID:9275057	RGD	13	12
Q569C4	Hdac10	10116	Rattus norvegicus	GO:0014003	oligodendrocyte development	developmental process	involved_in	PMID:18627006	RGD	13	1
P0C1G9	Sox11	10116	Rattus norvegicus	GO:0014003	oligodendrocyte development	developmental process	involved_in	PMID:9632656	RGD	13	2
A0A0G2JXZ1	Cers5	10116	Rattus norvegicus	GO:0014003	oligodendrocyte development	developmental process	involved_in	PMID:21148554	RGD	13	1
P48056	Slc6a12	10116	Rattus norvegicus	GO:1904373	response to kainic acid	response to stimulus	involved_in	PMID:15248296	RGD	13	2
P55108	Gdf10	10116	Rattus norvegicus	GO:1904373	response to kainic acid	response to stimulus	involved_in	PMID:17251432	RGD	13	6
P63090	Ptn	10116	Rattus norvegicus	GO:1904373	response to kainic acid	response to stimulus	involved_in	PMID:7477935	RGD	13	27
P24008	Srd5a1	10116	Rattus norvegicus	GO:0060348	bone development	developmental process	involved_in	PMID:15012600	RGD	13	31
Q62730	Hsd17b2	10116	Rattus norvegicus	GO:0060348	bone development	developmental process	involved_in	PMID:15012600	RGD	13	2
P51657	Hsd17b1	10116	Rattus norvegicus	GO:0060348	bone development	developmental process	involved_in	PMID:15012600	RGD	13	2
D4A0T9	Adamts13	10116	Rattus norvegicus	GO:0035864	response to potassium ion	response to stimulus	involved_in	PMID:17804457	RGD	13	10
P35560	Kcnj1	10116	Rattus norvegicus	GO:0035864	response to potassium ion	response to stimulus	involved_in	PMID:20702602	RGD	13	1
A0A1I9LMX5	CEP9	3702	Arabidopsis thaliana	GO:0035864	response to potassium ion	response to stimulus	involved_in	PMID:24179095	UniProt	13	6
Q8R2H2	Itgb3	10116	Rattus norvegicus	GO:0007566	embryo implantation	developmental process	involved_in	PMID:16528553	RGD	13	6
P38438	Tgfbr2	10116	Rattus norvegicus	GO:0007566	embryo implantation	developmental process	involved_in	PMID:16426643	RGD	13	13
Q9R0K8	Stc2	10116	Rattus norvegicus	GO:0007566	embryo implantation	developmental process	involved_in	PMID:16735553	RGD	13	5
A0AC58GIQ6	ddx4	7955	Danio rerio	GO:0008406	gonad development	developmental process	acts_upstream_of_or_within	PMID:15196960	ZFIN	13	1
A9CSE6	WT1 +KTS isoform	8410	Glandirana rugosa	GO:0008406	gonad development	developmental process	involved_in	PMID:16219985	AgBase	13	1
O42107	ddx4	7955	Danio rerio	GO:0008406	gonad development	developmental process	acts_upstream_of_or_within	PMID:15196960	ZFIN	13	1
P19490	Gria1	10116	Rattus norvegicus	GO:1990416	cellular response to brain-derived neurotrophic factor stimulus	response to stimulus	involved_in	PMID:24712995	RGD	13	32
P35570	Irs1	10116	Rattus norvegicus	GO:1990416	cellular response to brain-derived neurotrophic factor stimulus	response to stimulus	involved_in	PMID:17467122	RGD	13	5
P05197	Eef2	10116	Rattus norvegicus	GO:1990416	cellular response to brain-derived neurotrophic factor stimulus	response to stimulus	involved_in	PMID:19625250	RGD	13	13
Q6R3L1	pxna	7955	Danio rerio	GO:0043009	chordate embryonic development	developmental process	acts_upstream_of_or_within	PMID:12925747	ZFIN	13	2
Q9I8A0	WT1(+KTS)	9031	Gallus gallus	GO:0043009	chordate embryonic development	developmental process	involved_in	PMID:11291764	AgBase	13	1
Q63199	Fas	10116	Rattus norvegicus	GO:0043009	chordate embryonic development	developmental process	involved_in	PMID:11331665	RGD	13	32
Q84TE9	DOF5.3	3702	Arabidopsis thaliana	GO:0048364	root development	developmental process	acts_upstream_of_or_within	PMID:20220754	TAIR	13	1
Q9LS08	BHLH32	3702	Arabidopsis thaliana	GO:0048364	root development	developmental process	acts_upstream_of_or_within	PMID:20220754	TAIR	13	1
A0T2N6	PIP1;1	3635	Gossypium hirsutum	GO:0048364	root development	developmental process	involved_in	PMID:18956193	AgBase	13	3
Q9JKP5	Mbnl1	10090	Mus musculus	GO:0001701	in utero embryonic development	developmental process	involved_in	PMID:12915312	UniProt	13	3
B2GV31	Muc1	10116	Rattus norvegicus	GO:0001701	in utero embryonic development	developmental process	involved_in	PMID:21263748	RGD	13	5
Q8K5A9	Nradd	10116	Rattus norvegicus	GO:0001701	in utero embryonic development	developmental process	involved_in	PMID:12095158	RGD	13	1
Q9I1Y7	cupA1	208964	Pseudomonas aeruginosa PAO1	GO:0071453	cellular response to oxygen levels	response to stimulus	involved_in	PMID:17890313	PseudoCAP	13	3
Q9I1Y8	PA2127	208964	Pseudomonas aeruginosa PAO1	GO:0071453	cellular response to oxygen levels	response to stimulus	involved_in	PMID:20553552	PseudoCAP	13	2
Q9I1Y4	cupA4	208964	Pseudomonas aeruginosa PAO1	GO:0071453	cellular response to oxygen levels	response to stimulus	involved_in	PMID:17581126	PseudoCAP	13	1
Q8K400	Stxbp5	10090	Mus musculus	GO:0098686	hippocampal mossy fiber to CA3 synapse	cellular component	is_active_in	PMID:18936251	SynGO	13	4
Q62747	Syt7	10116	Rattus norvegicus	GO:0098686	hippocampal mossy fiber to CA3 synapse	cellular component	is_active_in	PMID:11395007	SynGO	13	4
Q9JHW5	Vamp7	10116	Rattus norvegicus	GO:0098686	hippocampal mossy fiber to CA3 synapse	cellular component	is_active_in	PMID:14596849	SynGO	13	5
P20961	Serpine1	10116	Rattus norvegicus	GO:0035865	cellular response to potassium ion	response to stimulus	involved_in	PMID:21596853	RGD	13	44
Q9QYK2	Ppargc1a	10116	Rattus norvegicus	GO:0035865	cellular response to potassium ion	response to stimulus	involved_in	PMID:17870059	RGD	13	50
P68136	Acta1	10116	Rattus norvegicus	GO:0035865	cellular response to potassium ion	response to stimulus	involved_in	PMID:17146758	RGD	13	4
Q9MAX3	SULTR1;2	3702	Arabidopsis thaliana	GO:0009970	cellular response to sulfate starvation	response to stimulus	acts_upstream_of_or_within	PMID:18400935	TAIR	13	1
Q43870	APS2	3702	Arabidopsis thaliana	GO:0009970	cellular response to sulfate starvation	response to stimulus	involved_in	PMID:8647819	UniProt	13	1
P25819	CAT2	3702	Arabidopsis thaliana	GO:0009970	cellular response to sulfate starvation	response to stimulus	acts_upstream_of_or_within	PMID:15032878	TAIR	13	6
Q9QYK2	Ppargc1a	10116	Rattus norvegicus	GO:0097067	cellular response to thyroid hormone stimulus	response to stimulus	involved_in	PMID:23209300	RGD	13	50
P17491	Inhbb	10116	Rattus norvegicus	GO:0097067	cellular response to thyroid hormone stimulus	response to stimulus	involved_in	PMID:7531505	RGD	13	13
P25774	CTSS	9606	Homo sapiens	GO:0097067	cellular response to thyroid hormone stimulus	response to stimulus	involved_in	PMID:21217776	UniProt	13	2
Q9S7J7	LHCB2.2	3702	Arabidopsis thaliana	GO:0009269	response to desiccation	response to stimulus	involved_in	PMID:23598180	UniProt	13	4
Q9SHR7	LHCB2.1	3702	Arabidopsis thaliana	GO:0009269	response to desiccation	response to stimulus	involved_in	PMID:23598180	UniProt	13	4
Q9LS03	AOC1	3702	Arabidopsis thaliana	GO:0009269	response to desiccation	response to stimulus	acts_upstream_of_or_within	PMID:8075396	TIGR	13	1
O48847	LUH	3702	Arabidopsis thaliana	GO:0010272	response to silver ion	response to stimulus	involved_in	PMID:18390806	UniProt	13	12
Q8W234	SEU	3702	Arabidopsis thaliana	GO:0010272	response to silver ion	response to stimulus	involved_in	PMID:18390806	UniProt	13	9
P77214	cusF	83333	Escherichia coli K-12	GO:0010272	response to silver ion	response to stimulus	acts_upstream_of_or_within	PMID:18419149	EcoCyc	13	5
P23363	Bdnf	10116	Rattus norvegicus	GO:0009642	response to light intensity	response to stimulus	involved_in	PMID:21076359	RGD	13	28
P25122	Kcnc1	10116	Rattus norvegicus	GO:0009642	response to light intensity	response to stimulus	involved_in	PMID:18708127	RGD	13	13
Q9FE22	HFR1	3702	Arabidopsis thaliana	GO:0009642	response to light intensity	response to stimulus	acts_upstream_of_or_within	PMID:15705947	TAIR	13	4
O69722	proZ	83332	Mycobacterium tuberculosis H37Rv	GO:0075136	response to host	response to stimulus	involved_in	PMID:18390665	MTBBASE	13	1
P9WJI7	pncB2	83332	Mycobacterium tuberculosis H37Rv	GO:0075136	response to host	response to stimulus	involved_in	PMID:18490451	MTBBASE	13	2
P9WJ59	vapB3	83332	Mycobacterium tuberculosis H37Rv	GO:0075136	response to host	response to stimulus	involved_in	PMID:20011113	MTBBASE	13	1
P19492	Gria3	10116	Rattus norvegicus	GO:1905430	cellular response to glycine	response to stimulus	involved_in	PMID:32948689	RGD	13	7
Q00959	Grin2a	10116	Rattus norvegicus	GO:1905430	cellular response to glycine	response to stimulus	involved_in	PMID:23678131	RGD	13	32
P97879	Grip1	10116	Rattus norvegicus	GO:1905430	cellular response to glycine	response to stimulus	involved_in	PMID:32948689	RGD	13	10
Q99372	Eln	10116	Rattus norvegicus	GO:0071280	cellular response to copper ion	response to stimulus	involved_in	PMID:18847363	RGD	13	10
O89049	Txnrd1	10116	Rattus norvegicus	GO:0071280	cellular response to copper ion	response to stimulus	involved_in	PMID:19781568	RGD	13	7
P08592	App	10116	Rattus norvegicus	GO:0071280	cellular response to copper ion	response to stimulus	involved_in	PMID:18583042	RGD	13	11
Q58NQ4	FOXP1	9031	Gallus gallus	GO:0021517	ventral spinal cord development	developmental process	involved_in	PMID:20711475	UniProt	13	1
P53411	LHX1	9031	Gallus gallus	GO:0021517	ventral spinal cord development	developmental process	involved_in	PMID:20711475	UniProt	13	2
Q60841	Reln	10090	Mus musculus	GO:0021517	ventral spinal cord development	developmental process	involved_in	PMID:20711475	UniProt	13	1
Q90Z43	Q90Z43	9031	Gallus gallus	GO:0060173	limb development	developmental process	involved_in	PMID:11472852	AgBase	13	3
Q90Z45	Q90Z45	9031	Gallus gallus	GO:0060173	limb development	developmental process	involved_in	PMID:11472852	AgBase	13	4
Q3LSV1	Id2	93934	Coturnix japonica	GO:0060173	limb development	developmental process	involved_in	PMID:16152631	AgBase	13	2
P21274	Bmp2	10090	Mus musculus	GO:0006954	inflammatory response	response to stimulus	involved_in	PMID:12151307	UniProt	12	2
A0A1D5NW85	EXFABP	9031	Gallus gallus	GO:0006954	inflammatory response	response to stimulus	involved_in	PMID:12479589	AgBase	12	10
P20722	Bmp6	10090	Mus musculus	GO:0006954	inflammatory response	response to stimulus	involved_in	PMID:12151307	UniProt	12	1
P56726	Smo	10090	Mus musculus	GO:0071397	cellular response to cholesterol	response to stimulus	involved_in	PMID:21931618	BHF-UCL	12	1
F1M8K0	Dag1	10116	Rattus norvegicus	GO:0071397	cellular response to cholesterol	response to stimulus	involved_in	PMID:22613990	RGD	12	9
P02650	Apoe	10116	Rattus norvegicus	GO:0071397	cellular response to cholesterol	response to stimulus	involved_in	PMID:21169230	RGD	12	13
Q6PFD5	Dlgap3	10090	Mus musculus	GO:0099572	postsynaptic specialization	cellular component	is_active_in	PMID:15024750	SynGO	12	11
A0A8I6AE43	Erbin	10116	Rattus norvegicus	GO:0099572	postsynaptic specialization	cellular component	is_active_in	PMID:11279080	SynGO	12	4
A0A8I6AJK7	Iqgap1	10116	Rattus norvegicus	GO:1990776	response to angiotensin	response to stimulus	involved_in	PMID:24247724	RGD	12	1
P0C8E4	Map3k7	10116	Rattus norvegicus	GO:1990776	response to angiotensin	response to stimulus	involved_in	PMID:30854566	RGD	12	4
P42930	Hspb1	10116	Rattus norvegicus	GO:1990776	response to angiotensin	response to stimulus	involved_in	PMID:21931298	RGD	12	7
A0ABK0LGL0	Junb	10116	Rattus norvegicus	GO:1904321	response to forskolin	response to stimulus	involved_in	PMID:11113530	RGD	12	15
A0ABK0LUR3	Fosl1	10116	Rattus norvegicus	GO:1904321	response to forskolin	response to stimulus	involved_in	PMID:11113530	RGD	12	11
P52909	Jund	10116	Rattus norvegicus	GO:1904321	response to forskolin	response to stimulus	involved_in	PMID:11113530	RGD	12	13
P49616	Plaur	10116	Rattus norvegicus	GO:0043403	skeletal muscle tissue regeneration	developmental process	involved_in	PMID:12919869	RGD	12	2
P80433	Cox8a	10116	Rattus norvegicus	GO:0043403	skeletal muscle tissue regeneration	developmental process	involved_in	PMID:9655782	RGD	12	1
A0ABK0LH10	Sgca	10116	Rattus norvegicus	GO:0043403	skeletal muscle tissue regeneration	developmental process	involved_in	PMID:12086334	RGD	12	2
Q8CFI0	Nedd4l	10090	Mus musculus	GO:0140252	regulation protein catabolic process at postsynapse	biological regulation	involved_in	PMID:28212375	SynGO	12	3
Q91YE3	Egln1	10090	Mus musculus	GO:0140252	regulation protein catabolic process at postsynapse	biological regulation	involved_in	PMID:26972007	SynGO	12	4
A0ABK0LZ33	Ube2v1l1	10116	Rattus norvegicus	GO:0140252	regulation protein catabolic process at postsynapse	biological regulation	involved_in	PMID:28973854	SynGO	12	3
A6KSI7	Mmp19	10116	Rattus norvegicus	GO:0001554	luteolysis	developmental process	involved_in	PMID:15286033	RGD	12	5
P23097	Mmp13	10116	Rattus norvegicus	GO:0001554	luteolysis	developmental process	involved_in	PMID:10537164	RGD	12	12
P50393	Pla2g4a	10116	Rattus norvegicus	GO:0001554	luteolysis	developmental process	involved_in	PMID:11444430	RGD	12	11
Q9JJ54	Hnrnpd	10116	Rattus norvegicus	GO:0071230	cellular response to amino acid stimulus	response to stimulus	involved_in	PMID:16569663	RGD	12	9
P61980	Hnrnpk	10116	Rattus norvegicus	GO:0071230	cellular response to amino acid stimulus	response to stimulus	involved_in	PMID:24990929	RGD	12	19
F1MAF1	Hsf1	10116	Rattus norvegicus	GO:0071230	cellular response to amino acid stimulus	response to stimulus	involved_in	PMID:24478344	RGD	12	13
Q9RXI7	ddrD	243230	Deinococcus radiodurans R1 = ATCC 13939 = DSM 20539	GO:0071480	cellular response to gamma radiation	response to stimulus	involved_in	PMID:15454524	UniProt	12	3
Q62737	Cyba	10116	Rattus norvegicus	GO:0071480	cellular response to gamma radiation	response to stimulus	involved_in	PMID:18640264	RGD	12	14
Q9RY80	ddrB	243230	Deinococcus radiodurans R1 = ATCC 13939 = DSM 20539	GO:0071480	cellular response to gamma radiation	response to stimulus	involved_in	PMID:15454524	UniProt	12	2
P0ADD2	yjjB	83333	Escherichia coli K-12	GO:1901652	response to peptide	response to stimulus	acts_upstream_of_or_within	PMID:24789011	EcoCyc	12	1
P18418	Calr	10116	Rattus norvegicus	GO:1901652	response to peptide	response to stimulus	involved_in	PMID:10833321	RGD	12	11
Q62600	Nos3	10116	Rattus norvegicus	GO:1901652	response to peptide	response to stimulus	involved_in	PMID:15525466	RGD	12	45
Q869V1	nramp1	44689	Dictyostelium discoideum	GO:1902351	response to imidacloprid	response to stimulus	acts_upstream_of_or_within	PMID:36716868	dictyBase	12	2
Q55DR2	syn1B	44689	Dictyostelium discoideum	GO:1902351	response to imidacloprid	response to stimulus	acts_upstream_of_or_within	PMID:36716868	dictyBase	12	1
P34146	rac1C	44689	Dictyostelium discoideum	GO:1902351	response to imidacloprid	response to stimulus	acts_upstream_of_or_within	PMID:36716868	dictyBase	12	1
Q9ESC2	Tnmd	10116	Rattus norvegicus	GO:0071773	cellular response to BMP stimulus	response to stimulus	involved_in	PMID:21412429	UniProt	12	2
Q62809	Nog	10116	Rattus norvegicus	GO:0071773	cellular response to BMP stimulus	response to stimulus	involved_in	PMID:21238590	RGD	12	5
B5DFF0	Scx	10116	Rattus norvegicus	GO:0071773	cellular response to BMP stimulus	response to stimulus	involved_in	PMID:21412429	UniProt	12	6
Q8GXJ4	GLR3.4	3702	Arabidopsis thaliana	GO:0071215	cellular response to abscisic acid stimulus	response to stimulus	NOT|involved_in	PMID:15864638	UniProt	12	5
Q9FY94	SWEET15	3702	Arabidopsis thaliana	GO:0071215	cellular response to abscisic acid stimulus	response to stimulus	involved_in	PMID:20963606	UniProt	12	4
Q9LV28	RACK1C	3702	Arabidopsis thaliana	GO:0071215	cellular response to abscisic acid stimulus	response to stimulus	acts_upstream_of_or_within	PMID:21098678	TAIR	12	1
P24492	DptA	7227	Drosophila melanogaster	GO:0019731	antibacterial humoral response	response to stimulus	involved_in	PMID:9405661	FlyBase	12	3
C0HKQ7	CecA1	7227	Drosophila melanogaster	GO:0019731	antibacterial humoral response	response to stimulus	involved_in	PMID:9405661	FlyBase	12	5
P36192	Def	7227	Drosophila melanogaster	GO:0019731	antibacterial humoral response	response to stimulus	involved_in	PMID:8168509	FlyBase	12	3
Q0PCS3	CHR25	3702	Arabidopsis thaliana	GO:0071248	cellular response to metal ion	response to stimulus	involved_in	PMID:22683605	UniProt	12	3
C8V9G3	ANIA_04905	227321	Aspergillus nidulans FGSC A4	GO:0071248	cellular response to metal ion	response to stimulus	acts_upstream_of_or_within	PMID:12039735	AspGD	12	2
P97826	Star	10116	Rattus norvegicus	GO:0071248	cellular response to metal ion	response to stimulus	involved_in	PMID:18602937	RGD	12	43
E2QD98	sdt	7227	Drosophila melanogaster	GO:0045196	establishment or maintenance of neuroblast polarity	developmental process	NOT|involved_in	PMID:11740560	FlyBase	12	3
M9NEZ2	sdt	7227	Drosophila melanogaster	GO:0045196	establishment or maintenance of neuroblast polarity	developmental process	NOT|involved_in	PMID:11740560	FlyBase	12	3
M9PJD0	sdt	7227	Drosophila melanogaster	GO:0045196	establishment or maintenance of neuroblast polarity	developmental process	NOT|involved_in	PMID:11740560	FlyBase	12	3
P04799	Cyp1a2	10116	Rattus norvegicus	GO:1904772	response to tetrachloromethane	response to stimulus	involved_in	PMID:19177741	RGD	12	11
Q9QYW1	Kcnn4	10116	Rattus norvegicus	GO:1904772	response to tetrachloromethane	response to stimulus	involved_in	PMID:27354175	RGD	12	5
P02773	Afp	10116	Rattus norvegicus	GO:1904772	response to tetrachloromethane	response to stimulus	involved_in	PMID:1711115	RGD	12	7
P04961	Pcna	10116	Rattus norvegicus	GO:0034644	cellular response to UV	response to stimulus	involved_in	PMID:8905661	RGD	12	10
P63090	Ptn	10116	Rattus norvegicus	GO:0034644	cellular response to UV	response to stimulus	involved_in	PMID:17925408	RGD	12	27
P25894	loiP	83333	Escherichia coli K-12	GO:0034644	cellular response to UV	response to stimulus	acts_upstream_of_or_within	PMID:17651431	EcoCyc	12	3
P0AC44	sdhD	83333	Escherichia coli K-12	GO:0009060	aerobic respiration	metabolic process	acts_upstream_of_or_within	PMID:7783618	EcoCyc	12	1
P69054	sdhC	83333	Escherichia coli K-12	GO:0009060	aerobic respiration	metabolic process	acts_upstream_of_or_within	PMID:7783618	EcoCyc	12	1
P33226	torC	83333	Escherichia coli K-12	GO:0009060	aerobic respiration	metabolic process	acts_upstream_of_or_within	PMID:17850256	EcoCyc	12	2
Q3ECM0	CEP2	3702	Arabidopsis thaliana	GO:0060359	response to ammonium ion	response to stimulus	involved_in	PMID:24179096	UniProt	11	4
Q058G9	CEP5	3702	Arabidopsis thaliana	GO:0060359	response to ammonium ion	response to stimulus	involved_in	PMID:24179096	UniProt	11	11
A0A1I9LMX5	CEP9	3702	Arabidopsis thaliana	GO:0060359	response to ammonium ion	response to stimulus	involved_in	PMID:24179096	UniProt	11	6
C0KXH8	spib	8364	Xenopus tropicalis	GO:0042060	wound healing	response to stimulus	acts_upstream_of_or_within	PMID:18594023	Xenbase	11	1
Q9VBW3	Cad96Ca	7227	Drosophila melanogaster	GO:0042060	wound healing	response to stimulus	involved_in	PMID:19525935	FlyBase	11	1
Q24151	Stat92E	7227	Drosophila melanogaster	GO:0042060	wound healing	response to stimulus	involved_in	PMID:37252939	FlyBase	11	2
P23457	Akr1c9	10116	Rattus norvegicus	GO:1904638	response to resveratrol	response to stimulus	involved_in	PMID:28823883	RGD	11	2
P50170	Rdh16	10116	Rattus norvegicus	GO:1904638	response to resveratrol	response to stimulus	involved_in	PMID:28823883	RGD	11	1
P20607	Il6	10116	Rattus norvegicus	GO:1904638	response to resveratrol	response to stimulus	involved_in	PMID:37112606	RGD	11	48
P63319	Prkcg	10116	Rattus norvegicus	GO:0007611	learning or memory	unclassified	involved_in	PMID:12000125	RGD	11	2
Q9GNQ1	LAPS18	381128	Lehmannia marginata	GO:0007611	learning or memory	unclassified	involved_in	PMID:11168596	UniProt	11	2
A0A0G2K437	Amfr	10116	Rattus norvegicus	GO:0007611	learning or memory	unclassified	involved_in	PMID:11902125	RGD	11	1
Q2TA68	Opa1	10116	Rattus norvegicus	GO:1904643	response to curcumin	response to stimulus	involved_in	PMID:27801955	RGD	11	9
G3V8L7	Itgam	10116	Rattus norvegicus	GO:1904643	response to curcumin	response to stimulus	involved_in	PMID:30827313	RGD	11	7
A0A8I5Y8A4	Itgam	10116	Rattus norvegicus	GO:1904643	response to curcumin	response to stimulus	involved_in	PMID:30827313	RGD	11	7
P02238	LB3	3847	Glycine max	GO:1901698	response to nitrogen compound	response to stimulus	involved_in	PMID:32297921	UniProt	11	3
Q6YW48	CGA1	39947	Oryza sativa Japonica Group	GO:1901698	response to nitrogen compound	response to stimulus	involved_in	PMID:23548780	UniProt	11	5
Q058G9	CEP5	3702	Arabidopsis thaliana	GO:1901698	response to nitrogen compound	response to stimulus	involved_in	PMID:24179095	UniProt	11	11
Q8R191	Syngr3	10090	Mus musculus	GO:0031594	neuromuscular junction	cellular component	is_active_in	PMID:14755516	SynGO	11	3
P46097	Syt2	10090	Mus musculus	GO:0031594	neuromuscular junction	cellular component	is_active_in	PMID:17192432	SynGO	11	5
P60904	Dnajc5	10090	Mus musculus	GO:0031594	neuromuscular junction	cellular component	is_active_in	PMID:22500637	SynGO	11	6
Q9JK64	Abcb1a	10116	Rattus norvegicus	GO:0071475	cellular hyperosmotic salinity response	response to stimulus	involved_in	PMID:17762165	RGD	11	38
A0ABK0KW61	Abcb1a	10116	Rattus norvegicus	GO:0071475	cellular hyperosmotic salinity response	response to stimulus	involved_in	PMID:17762165	RGD	11	38
Q04679	Fxyd2	10116	Rattus norvegicus	GO:0071475	cellular hyperosmotic salinity response	response to stimulus	involved_in	PMID:15280368	RGD	11	1
Q63639	Aldh1a2	10116	Rattus norvegicus	GO:0021983	pituitary gland development	developmental process	involved_in	PMID:17180597	RGD	11	6
Q9R0T4	Cdh1	10116	Rattus norvegicus	GO:0021983	pituitary gland development	developmental process	involved_in	PMID:17373711	RGD	11	9
Q8K4D8	Aldh1a3	10116	Rattus norvegicus	GO:0021983	pituitary gland development	developmental process	involved_in	PMID:17180597	RGD	11	3
P17246	Tgfb1	10116	Rattus norvegicus	GO:0034616	response to laminar fluid shear stress	response to stimulus	involved_in	PMID:16217485	RGD	11	29
O15105	SMAD7	9606	Homo sapiens	GO:0034616	response to laminar fluid shear stress	response to stimulus	involved_in	PMID:9256479	BHF-UCL	11	1
A0ABK0LPS1	Adam9	10116	Rattus norvegicus	GO:0034616	response to laminar fluid shear stress	response to stimulus	involved_in	PMID:11156854	RGD	11	2
P50116	S100a9	10116	Rattus norvegicus	GO:0002544	chronic inflammatory response	response to stimulus	involved_in	PMID:8343166	RGD	11	4
P29534	Vcam1	10116	Rattus norvegicus	GO:0002544	chronic inflammatory response	response to stimulus	involved_in	PMID:10706728	RGD	11	10
P23363	Bdnf	10116	Rattus norvegicus	GO:0002544	chronic inflammatory response	response to stimulus	involved_in	PMID:20223282	RGD	11	28
P04631	S100b	10116	Rattus norvegicus	GO:0072347	response to anesthetic	response to stimulus	involved_in	PMID:27498600	RGD	11	7
P53563	Bcl2l1	10116	Rattus norvegicus	GO:0072347	response to anesthetic	response to stimulus	involved_in	PMID:27498600	RGD	11	23
P49950	Bcl2	10116	Rattus norvegicus	GO:0072347	response to anesthetic	response to stimulus	involved_in	PMID:27498600	RGD	11	38
Q8CIU0	Flg	10116	Rattus norvegicus	GO:0071277	cellular response to calcium ion	response to stimulus	involved_in	PMID:8227077	RGD	11	5
P41221	WNT5A	9606	Homo sapiens	GO:0071277	cellular response to calcium ion	response to stimulus	involved_in	PMID:18703641	UniProt	11	7
Q9Z2J9	Runx2	10116	Rattus norvegicus	GO:0071277	cellular response to calcium ion	response to stimulus	involved_in	PMID:25823394	RGD	11	11
M9PDW6	Nhe2	7227	Drosophila melanogaster	GO:0006873	intracellular monoatomic ion homeostasis	unclassified	involved_in	PMID:18628302	FlyBase	11	1
B7YZY5	Nhe2	7227	Drosophila melanogaster	GO:0006873	intracellular monoatomic ion homeostasis	unclassified	involved_in	PMID:18628302	FlyBase	11	1
M9PGE2	Nhe2	7227	Drosophila melanogaster	GO:0006873	intracellular monoatomic ion homeostasis	unclassified	involved_in	PMID:18628302	FlyBase	11	1
G5EAT0	ANIA_03402	227321	Aspergillus nidulans FGSC A4	GO:0005982	starch metabolic process	metabolic process	acts_upstream_of_or_within	PMID:17031028	AspGD	11	1
C8V523	ANIA_10420	227321	Aspergillus nidulans FGSC A4	GO:0005982	starch metabolic process	metabolic process	acts_upstream_of_or_within	PMID:17031028	AspGD	11	1
P15280	AGPS2	39947	Oryza sativa Japonica Group	GO:0005982	starch metabolic process	metabolic process	involved_in	PMID:2545704	GR	11	2
D4A8G5	Tgfbi	10116	Rattus norvegicus	GO:0002062	chondrocyte differentiation	developmental process	involved_in	PMID:16546826	RGD	11	1
P05539	Col2a1	10116	Rattus norvegicus	GO:0002062	chondrocyte differentiation	developmental process	involved_in	PMID:21627568	RGD	11	15
Q04887	Sox9	10090	Mus musculus	GO:0002062	chondrocyte differentiation	developmental process	involved_in	PMID:9119111	UniProt	11	14
Q9QX05	Tlr4	10116	Rattus norvegicus	GO:0003009	skeletal muscle contraction	unclassified	involved_in	PMID:20007518	RGD	11	18
G3V926	Chuk	10116	Rattus norvegicus	GO:0003009	skeletal muscle contraction	unclassified	involved_in	PMID:15888549	RGD	11	6
F1M4V3	Rcsd1	10116	Rattus norvegicus	GO:0003009	skeletal muscle contraction	unclassified	involved_in	PMID:15850461	BHF-UCL	11	1
Q54V32	comH	44689	Dictyostelium discoideum	GO:0031152	aggregation involved in sorocarp development	response to stimulus	acts_upstream_of_or_within	PMID:25887420	dictyBase	11	1
Q54RY6	srfB	44689	Dictyostelium discoideum	GO:0031152	aggregation involved in sorocarp development	response to stimulus	acts_upstream_of_or_within	PMID:25887420	dictyBase	11	1
O96042	dia2	44689	Dictyostelium discoideum	GO:0031152	aggregation involved in sorocarp development	response to stimulus	acts_upstream_of_or_within	PMID:25887420	dictyBase	11	1
P41232	P2ry2	10116	Rattus norvegicus	GO:0048787	presynaptic active zone membrane	cellular component	is_active_in	PMID:16000618	SynGO	11	9
Q9JKF6	Nectin1	10090	Mus musculus	GO:0048787	presynaptic active zone membrane	cellular component	is_active_in	PMID:11827984	SynGO	11	3
P47824	P2rx1	10116	Rattus norvegicus	GO:0048787	presynaptic active zone membrane	cellular component	is_active_in	PMID:16000618	SynGO	11	5
Q9SAR0	ACS6	3702	Arabidopsis thaliana	GO:0010087	phloem or xylem histogenesis	developmental process	acts_upstream_of_or_within	PMID:23166504	TAIR	11	9
O80338	ERF2	3702	Arabidopsis thaliana	GO:0010087	phloem or xylem histogenesis	developmental process	acts_upstream_of_or_within	PMID:23166504	TAIR	11	2
Q9C5I3	ERF11	3702	Arabidopsis thaliana	GO:0010087	phloem or xylem histogenesis	developmental process	acts_upstream_of_or_within	PMID:23166504	TAIR	11	2
Q9LJZ5	UBC19	3702	Arabidopsis thaliana	GO:0051301	cell division	unclassified	acts_upstream_of_or_within	PMID:12427990	TAIR	11	1
Q9C5I3	ERF11	3702	Arabidopsis thaliana	GO:0051301	cell division	unclassified	acts_upstream_of_or_within	PMID:23166504	TAIR	11	2
O80337	ERF1A	3702	Arabidopsis thaliana	GO:0051301	cell division	unclassified	acts_upstream_of_or_within	PMID:23166504	TAIR	11	3
P49001	Bmp2	10116	Rattus norvegicus	GO:0042698	ovulation cycle	unclassified	involved_in	PMID:15283681	RGD	11	5
Q63199	Fas	10116	Rattus norvegicus	GO:0042698	ovulation cycle	unclassified	involved_in	PMID:16461545	RGD	11	32
P07490	Gnrh1	10116	Rattus norvegicus	GO:0042698	ovulation cycle	unclassified	involved_in	PMID:16672174	RGD	11	9
P11167	Slc2a1	10116	Rattus norvegicus	GO:0071474	cellular hyperosmotic response	response to stimulus	involved_in	PMID:11546675	RGD	11	7
P33362	yehZ	83333	Escherichia coli K-12	GO:0071474	cellular hyperosmotic response	response to stimulus	acts_upstream_of_or_within	PMID:2821274	EcoCyc	11	2
P07379	Pck1	10116	Rattus norvegicus	GO:0071474	cellular hyperosmotic response	response to stimulus	involved_in	PMID:9530152	RGD	11	23
P56500	Ucp2	10116	Rattus norvegicus	GO:0071284	cellular response to lead ion	response to stimulus	involved_in	PMID:33576715	RGD	11	10
P56745	Cldn1	10116	Rattus norvegicus	GO:0071284	cellular response to lead ion	response to stimulus	involved_in	PMID:17439918	RGD	11	11
P06214	Alad	10116	Rattus norvegicus	GO:0071284	cellular response to lead ion	response to stimulus	involved_in	PMID:16566714	RGD	11	29
Q63199	Fas	10116	Rattus norvegicus	GO:0021537	telencephalon development	developmental process	involved_in	PMID:10024361	RGD	11	32
P63006	Lhx1	10090	Mus musculus	GO:0021537	telencephalon development	developmental process	involved_in	PMID:7909549	UniProt	11	11
Q04940	Nrgn	10116	Rattus norvegicus	GO:0021537	telencephalon development	developmental process	involved_in	PMID:8783271	RGD	11	2
Q9S7J7	LHCB2.2	3702	Arabidopsis thaliana	GO:0009645	response to low light intensity stimulus	response to stimulus	involved_in	PMID:22236032	UniProt	11	4
Q9C639	LHCA5	3702	Arabidopsis thaliana	GO:0009645	response to low light intensity stimulus	response to stimulus	involved_in	PMID:15356385	UniProt	11	3
Q9SHR7	LHCB2.1	3702	Arabidopsis thaliana	GO:0009645	response to low light intensity stimulus	response to stimulus	involved_in	PMID:22236032	UniProt	11	4
Q6PF93	Pik3c3	10090	Mus musculus	GO:0048488	synaptic vesicle endocytosis	localization	involved_in	PMID:35318705	SynGO	10	1
Q8VD37	Sgip1	10090	Mus musculus	GO:0048488	synaptic vesicle endocytosis	localization	involved_in	PMID:31053155	SynGO	10	1
A0A0B4KEW6	Amph	7227	Drosophila melanogaster	GO:0048488	synaptic vesicle endocytosis	localization	NOT|involved_in	PMID:11711432	FlyBase	10	1
P06211	Esr1	10116	Rattus norvegicus	GO:0071391	cellular response to estrogen stimulus	response to stimulus	involved_in	PMID:17272396	RGD	10	8
O35800	Hif1a	10116	Rattus norvegicus	GO:0071391	cellular response to estrogen stimulus	response to stimulus	involved_in	PMID:17272396	RGD	10	41
P16612	Vegfa	10116	Rattus norvegicus	GO:0071391	cellular response to estrogen stimulus	response to stimulus	involved_in	PMID:17272396	RGD	10	14
P49621	Dgkb	10116	Rattus norvegicus	GO:0099147	extrinsic component of postsynaptic density membrane	cellular component	is_active_in	PMID:19087171	SynGO	10	2
F1MAB7	Dgki	10116	Rattus norvegicus	GO:0099147	extrinsic component of postsynaptic density membrane	cellular component	is_active_in	PMID:21119615	SynGO	10	4
P06525	ADH1	3702	Arabidopsis thaliana	GO:0009413	response to flooding	response to stimulus	involved_in	PMID:26566261	UniProt	10	26
A0A0R0HW51	LB5	3847	Glycine max	GO:0009413	response to flooding	response to stimulus	involved_in	PMID:34737003	UniProt	10	2
P0DO54	TIP1-2	4641	Musa acuminata	GO:0009413	response to flooding	response to stimulus	NOT|involved_in	PMID:29778840	UniProt	10	6
A0A1P8BBZ0	MSJ1.3	3702	Arabidopsis thaliana	GO:0080136	priming of cellular response to stress	response to stimulus	acts_upstream_of_or_within	PMID:38347062	TAIR	10	1
Q9FIJ6	CCR4	3702	Arabidopsis thaliana	GO:0080136	priming of cellular response to stress	response to stimulus	acts_upstream_of_or_within	PMID:38347062	TAIR	10	1
Q93Z81	CAX3	3702	Arabidopsis thaliana	GO:0080136	priming of cellular response to stress	response to stimulus	acts_upstream_of_or_within	PMID:38347062	TAIR	10	1
A0A8I5ZLK5	Abca1	10116	Rattus norvegicus	GO:0033552	response to vitamin B3	response to stimulus	involved_in	PMID:19878707	RGD	10	9
P02692	Fabp1	10116	Rattus norvegicus	GO:0033552	response to vitamin B3	response to stimulus	involved_in	PMID:19878707	RGD	10	1
A2RRU4	Scap	10116	Rattus norvegicus	GO:0033552	response to vitamin B3	response to stimulus	involved_in	PMID:19878707	RGD	10	1
P41133	Id3	10090	Mus musculus	GO:0042476	odontogenesis	developmental process	involved_in	PMID:7655079	UniProt	10	5
P55064	AQP5	9606	Homo sapiens	GO:0042476	odontogenesis	developmental process	involved_in	PMID:12522663	UniProt	10	2
Q9QUI0	Rhoa	10090	Mus musculus	GO:0042476	odontogenesis	developmental process	involved_in	PMID:25911094	UniProt	10	1
A0AB32TXS8	epb41l5	7955	Danio rerio	GO:0045747	positive regulation of Notch signaling pathway	biological regulation	acts_upstream_of_or_within	PMID:21262462	ZFIN	10	1
Q9JMB8	Cntn6	10090	Mus musculus	GO:0045747	positive regulation of Notch signaling pathway	biological regulation	acts_upstream_of_or_within	PMID:25074942	MGI	10	4
A0AB32TZI2	epb41l5	7955	Danio rerio	GO:0045747	positive regulation of Notch signaling pathway	biological regulation	acts_upstream_of_or_within	PMID:21262462	ZFIN	10	1
P62483	Kcnab2	10116	Rattus norvegicus	GO:0045445	myoblast differentiation	developmental process	involved_in	PMID:12652645	RGD	10	1
P63144	Kcnab1	10116	Rattus norvegicus	GO:0045445	myoblast differentiation	developmental process	involved_in	PMID:12652645	RGD	10	4
P27321	Cast	10116	Rattus norvegicus	GO:0045445	myoblast differentiation	developmental process	involved_in	PMID:16997608	RGD	10	5
Q62598	Dspp	10116	Rattus norvegicus	GO:0071559	response to transforming growth factor beta	response to stimulus	involved_in	PMID:22012415	RGD	10	14
P55108	Gdf10	10116	Rattus norvegicus	GO:0071559	response to transforming growth factor beta	response to stimulus	involved_in	PMID:10079200	RGD	10	6
Q02955	Il1r1	10116	Rattus norvegicus	GO:0071559	response to transforming growth factor beta	response to stimulus	involved_in	PMID:9233842	RGD	10	6
P31214	Srd5a2	10116	Rattus norvegicus	GO:0032354	response to follicle-stimulating hormone	response to stimulus	involved_in	PMID:12630924	RGD	10	13
P24008	Srd5a1	10116	Rattus norvegicus	GO:0032354	response to follicle-stimulating hormone	response to stimulus	involved_in	PMID:12630924	RGD	10	31
P82995	Hsp90aa1	10116	Rattus norvegicus	GO:0032354	response to follicle-stimulating hormone	response to stimulus	involved_in	PMID:32420764	RGD	10	17
P37662	yhjX	83333	Escherichia coli K-12	GO:0031669	cellular response to nutrient levels	response to stimulus	acts_upstream_of_or_within	PMID:23222720	EcoCyc	10	2
P39396	btsT	83333	Escherichia coli K-12	GO:0031669	cellular response to nutrient levels	response to stimulus	acts_upstream_of_or_within	PMID:24659770	EcoCyc	10	3
P97615	Txn2	10116	Rattus norvegicus	GO:0031669	cellular response to nutrient levels	response to stimulus	involved_in	PMID:18578693	RGD	10	8
Q9LP11	At1g43910	3702	Arabidopsis thaliana	GO:0051365	cellular response to potassium ion starvation	response to stimulus	involved_in	PMID:15489280	UniProt	10	1
A2XE45	NSHB2	39946	Oryza sativa Indica Group	GO:0051365	cellular response to potassium ion starvation	response to stimulus	involved_in	PMID:29044557	UniProt	10	7
A2XE98	NSHB1	39946	Oryza sativa Indica Group	GO:0051365	cellular response to potassium ion starvation	response to stimulus	involved_in	PMID:29044557	UniProt	10	7
A4GYZ0	gliG	330879	Aspergillus fumigatus Af293	GO:0043386	mycotoxin biosynthetic process	metabolic process	acts_upstream_of_or_within	PMID:15979823	AspGD	10	1
Q4WMK0	gliZ	330879	Aspergillus fumigatus Af293	GO:0043386	mycotoxin biosynthetic process	metabolic process	acts_upstream_of_or_within	PMID:15979823	AspGD	10	1
Q4WMJ9	gliI	330879	Aspergillus fumigatus Af293	GO:0043386	mycotoxin biosynthetic process	metabolic process	acts_upstream_of_or_within	PMID:15979823	AspGD	10	1
Q9WU82	Ctnnb1	10116	Rattus norvegicus	GO:0071285	cellular response to lithium ion	response to stimulus	involved_in	PMID:12610652	RGD	10	14
P18418	Calr	10116	Rattus norvegicus	GO:0071285	cellular response to lithium ion	response to stimulus	involved_in	PMID:16236328	RGD	10	11
Q06518	Nos2	10116	Rattus norvegicus	GO:0071285	cellular response to lithium ion	response to stimulus	involved_in	PMID:21994254	RGD	10	19
Q04886	Sox8	10090	Mus musculus	GO:0060009	Sertoli cell development	developmental process	involved_in	PMID:11875113	UniProt	10	1
P43429	Gata1	10116	Rattus norvegicus	GO:0060009	Sertoli cell development	developmental process	involved_in	PMID:9089398	RGD	10	3
P26260	Sdc1	10116	Rattus norvegicus	GO:0060009	Sertoli cell development	developmental process	involved_in	PMID:12453641	RGD	10	7
Q61627	Grid1	10090	Mus musculus	GO:0099175	regulation of postsynapse organization	biological regulation	involved_in	PMID:25721396	SynGO	10	4
B5DFK7	Abhd17c	10116	Rattus norvegicus	GO:0099175	regulation of postsynapse organization	biological regulation	involved_in	PMID:27307232	SynGO	10	2
Q5XIJ5	Abhd17a	10116	Rattus norvegicus	GO:0099175	regulation of postsynapse organization	biological regulation	involved_in	PMID:27307232	SynGO	10	3
Q02485	Cacna1s	10116	Rattus norvegicus	GO:0061771	response to caloric restriction	response to stimulus	involved_in	PMID:9742952	RGD	10	1
F7FP65	Rarres2	10116	Rattus norvegicus	GO:0061771	response to caloric restriction	response to stimulus	involved_in	PMID:23328001	RGD	10	4
Q05683	Gad2	10116	Rattus norvegicus	GO:0061771	response to caloric restriction	response to stimulus	involved_in	PMID:15211593	RGD	10	8
Q05343	Rxra	10116	Rattus norvegicus	GO:0031103	axon regeneration	response to stimulus	involved_in	PMID:16782282	RGD	10	13
Q68FQ2	Jam3	10116	Rattus norvegicus	GO:0031103	axon regeneration	response to stimulus	involved_in	PMID:22950044	RGD	10	1
M0RC17	Chl1	10116	Rattus norvegicus	GO:0031103	axon regeneration	response to stimulus	involved_in	PMID:14707551	RGD	10	1
Q9QYK2	Ppargc1a	10116	Rattus norvegicus	GO:1990910	response to hypobaric hypoxia	response to stimulus	involved_in	PMID:22523357	RGD	10	50
Q9QYV0	Adam15	10116	Rattus norvegicus	GO:1990910	response to hypobaric hypoxia	response to stimulus	involved_in	PMID:22230263	RGD	10	3
P84817	Fis1	10116	Rattus norvegicus	GO:1990910	response to hypobaric hypoxia	response to stimulus	involved_in	PMID:24361501	RGD	10	8
X2JDX3	east	7227	Drosophila melanogaster	GO:0010629	negative regulation of gene expression	biological regulation	involved_in	PMID:17476334	FlyBase	10	1
F4J505	IDL7	3702	Arabidopsis thaliana	GO:0010629	negative regulation of gene expression	biological regulation	acts_upstream_of_or_within	PMID:28586470	TAIR	10	3
P07713	dpp	7227	Drosophila melanogaster	GO:0010629	negative regulation of gene expression	biological regulation	involved_in	PMID:16968133	FlyBase	10	3
Q9XI67	At1g14200	3702	Arabidopsis thaliana	GO:0098542	defense response to other organism	response to stimulus	acts_upstream_of_or_within	PMID:32557679	TAIR	10	1
Q8RXX9	ATL6	3702	Arabidopsis thaliana	GO:0098542	defense response to other organism	response to stimulus	acts_upstream_of_or_within	PMID:22481162	TAIR	10	1
O22181	PREPIP3	3702	Arabidopsis thaliana	GO:0098542	defense response to other organism	response to stimulus	acts_upstream_of_or_within	PMID:31665431	TAIR	10	2
P97685	Nfasc	10116	Rattus norvegicus	GO:0042552	myelination	developmental process	involved_in	PMID:16652168	BHF-UCL	10	2
P04775	Scn2a	10116	Rattus norvegicus	GO:0042552	myelination	developmental process	involved_in	PMID:16652168	BHF-UCL	10	5
Q6P7B9	Scd2	10116	Rattus norvegicus	GO:0042552	myelination	developmental process	involved_in	PMID:9751207	RGD	10	1
Q9P8I0	prnC	227321	Aspergillus nidulans FGSC A4	GO:0034198	cellular response to amino acid starvation	response to stimulus	acts_upstream_of_or_within	PMID:9140969	AspGD	10	1
Q5BCJ9	prnD	227321	Aspergillus nidulans FGSC A4	GO:0034198	cellular response to amino acid starvation	response to stimulus	acts_upstream_of_or_within	PMID:9140969	AspGD	10	1
Q91XJ1	Becn1	10116	Rattus norvegicus	GO:0034198	cellular response to amino acid starvation	response to stimulus	involved_in	PMID:22835012	RGD	10	13
Q90XG2	Q90XG2	9031	Gallus gallus	GO:0021915	neural tube development	developmental process	involved_in	PMID:11668607	AgBase	10	4
Q62181	Sema3c	10090	Mus musculus	GO:0021915	neural tube development	developmental process	involved_in	PMID:19666519	BHF-UCL	10	6
P32760	PTN	9031	Gallus gallus	GO:0021915	neural tube development	developmental process	involved_in	PMID:19526365	AgBase	10	10
P34291	pqn-8	6239	Caenorhabditis elegans	GO:1905905	nematode pharyngeal gland morphogenesis	developmental process	involved_in	PMID:18927627	UniProt	10	1
O16424	phat-4	6239	Caenorhabditis elegans	GO:1905905	nematode pharyngeal gland morphogenesis	developmental process	involved_in	PMID:18927627	UniProt	10	1
Q09975	lys-8	6239	Caenorhabditis elegans	GO:1905905	nematode pharyngeal gland morphogenesis	developmental process	involved_in	PMID:18927627	UniProt	10	1
Q9LDR9	EXPA10	3702	Arabidopsis thaliana	GO:0000768	syncytium formation by cell-cell fusion	unclassified	acts_upstream_of_or_within	PMID:16942607	TAIR	10	1
Q9C554	EXPA1	3702	Arabidopsis thaliana	GO:0000768	syncytium formation by cell-cell fusion	unclassified	acts_upstream_of_or_within	PMID:16942607	TAIR	10	2
O22874	EXPA8	3702	Arabidopsis thaliana	GO:0000768	syncytium formation by cell-cell fusion	unclassified	acts_upstream_of_or_within	PMID:16942607	TAIR	10	2
Q8VHV7	Hnrnph1	10116	Rattus norvegicus	GO:1901653	cellular response to peptide	response to stimulus	involved_in	PMID:18024178	RGD	10	1
P48032	Timp3	10116	Rattus norvegicus	GO:1901653	cellular response to peptide	response to stimulus	involved_in	PMID:17555880	RGD	10	10
P41135	Id1	10116	Rattus norvegicus	GO:1901653	cellular response to peptide	response to stimulus	involved_in	PMID:16706836	RGD	10	7
O35956	Slc22a6	10116	Rattus norvegicus	GO:0072237	metanephric proximal tubule development	developmental process	involved_in	PMID:30645697	RGD	10	1
P98158	Lrp2	10116	Rattus norvegicus	GO:0072237	metanephric proximal tubule development	developmental process	involved_in	PMID:30645697	RGD	10	5
P51574	Slc15a1	10116	Rattus norvegicus	GO:0072237	metanephric proximal tubule development	developmental process	involved_in	PMID:30645697	RGD	10	1
Q9SK47	TAT3	3702	Arabidopsis thaliana	GO:0033198	response to ATP	response to stimulus	involved_in	PMID:37332691	TAIR	10	4
O54857	Pten	10116	Rattus norvegicus	GO:0033198	response to ATP	response to stimulus	involved_in	PMID:17132626	RGD	10	12
Q9FYC3	FAMT-L	3702	Arabidopsis thaliana	GO:0033198	response to ATP	response to stimulus	involved_in	PMID:37332691	TAIR	10	1
Q63449	Pgr	10116	Rattus norvegicus	GO:0071371	cellular response to gonadotropin stimulus	response to stimulus	involved_in	PMID:8344215	RGD	10	11
O54939	Hsd17b3	10116	Rattus norvegicus	GO:0071371	cellular response to gonadotropin stimulus	response to stimulus	involved_in	PMID:20963569	RGD	10	22
P14137	Cyp11a1	10116	Rattus norvegicus	GO:0071371	cellular response to gonadotropin stimulus	response to stimulus	involved_in	PMID:9397943	RGD	10	39
P35555	FBN1	9606	Homo sapiens	GO:0043010	camera-type eye development	developmental process	involved_in	PMID:25406291	UniProt	10	3
P61980	Hnrnpk	10116	Rattus norvegicus	GO:0043010	camera-type eye development	developmental process	involved_in	PMID:16488668	RGD	10	19
Q12805	EFEMP1	9606	Homo sapiens	GO:0043010	camera-type eye development	developmental process	involved_in	PMID:25406291	UniProt	10	3
Q47377	arnE	83333	Escherichia coli K-12	GO:0010041	response to iron(III) ion	response to stimulus	acts_upstream_of_or_within	PMID:15322361	EcoCyc	10	1
P70705	Atp7a	10116	Rattus norvegicus	GO:0010041	response to iron(III) ion	response to stimulus	involved_in	PMID:16629162	RGD	10	17
Q920D5	Casp12	10116	Rattus norvegicus	GO:0010041	response to iron(III) ion	response to stimulus	involved_in	PMID:19594550	RGD	10	10
P09414	Nfia	10116	Rattus norvegicus	GO:1904010	response to Aroclor 1254	response to stimulus	involved_in	PMID:18602130	RGD	10	1
Q64633	Ugt1a7	10116	Rattus norvegicus	GO:1904010	response to Aroclor 1254	response to stimulus	involved_in	PMID:11854140	RGD	10	3
P84076	Hpca	10116	Rattus norvegicus	GO:1904010	response to Aroclor 1254	response to stimulus	involved_in	PMID:18602130	RGD	10	6
P22002	Cacna1c	10116	Rattus norvegicus	GO:0022038	corpus callosum development	developmental process	involved_in	PMID:22473424	RGD	10	7
Q01956	Kcnc3	10116	Rattus norvegicus	GO:0022038	corpus callosum development	developmental process	involved_in	PMID:22473424	RGD	10	2
P10499	Kcna1	10116	Rattus norvegicus	GO:0022038	corpus callosum development	developmental process	involved_in	PMID:22473424	RGD	10	4
Q9R0C9	Sigmar1	10116	Rattus norvegicus	GO:1904313	response to methamphetamine hydrochloride	response to stimulus	involved_in	PMID:32670551	RGD	10	3
P81062	Pitx3	10116	Rattus norvegicus	GO:1904313	response to methamphetamine hydrochloride	response to stimulus	involved_in	PMID:21547080	RGD	10	4
P18088	Gad1	10116	Rattus norvegicus	GO:1904313	response to methamphetamine hydrochloride	response to stimulus	involved_in	PMID:30275762	RGD	10	13
Q96GX2	ATXN7L3B	9606	Homo sapiens	GO:0010468	regulation of gene expression	biological regulation	involved_in	PMID:27601583	UniProt	10	1
Q54I71	aarA	44689	Dictyostelium discoideum	GO:0010468	regulation of gene expression	biological regulation	acts_upstream_of_or_within	PMID:11130075	dictyBase	10	2
P0AAY1	bssR	83333	Escherichia coli K-12	GO:0010468	regulation of gene expression	biological regulation	acts_upstream_of_or_within	PMID:16597943	EcoCyc	10	1
Q9QXN1	Lef1	10116	Rattus norvegicus	GO:0043588	skin development	developmental process	involved_in	PMID:17244330	RGD	10	4
P15589	Sts	10116	Rattus norvegicus	GO:0043588	skin development	developmental process	involved_in	PMID:9182813	RGD	10	1
Q63474	Ddr1	10116	Rattus norvegicus	GO:0043588	skin development	developmental process	involved_in	PMID:11304604	RGD	10	3
Q3MQ06	Atg5	10116	Rattus norvegicus	GO:1902617	response to fluoride	response to stimulus	involved_in	PMID:24296261	RGD	9	2
P02454	Col1a1	10116	Rattus norvegicus	GO:1902617	response to fluoride	response to stimulus	involved_in	PMID:15552839	RGD	9	26
A0A1W2Q6A1	Aspn	10116	Rattus norvegicus	GO:1902617	response to fluoride	response to stimulus	involved_in	PMID:24967458	RGD	9	1
P11030	Dbi	10116	Rattus norvegicus	GO:0031670	cellular response to nutrient	response to stimulus	involved_in	PMID:15825833	RGD	9	2
P39949	Ccne1	10116	Rattus norvegicus	GO:0031670	cellular response to nutrient	response to stimulus	involved_in	PMID:17979132	RGD	9	14
P30099	Cyp11b2	10116	Rattus norvegicus	GO:0031670	cellular response to nutrient	response to stimulus	involved_in	PMID:16876110	RGD	9	10
Q8R191	Syngr3	10090	Mus musculus	GO:0008021	synaptic vesicle	cellular component	is_active_in	PMID:14755516	SynGO	9	3
Q91ZY8	Trim9	10116	Rattus norvegicus	GO:0008021	synaptic vesicle	cellular component	is_active_in	PMID:11524423	SynGO	9	3
A0A8I6ATW0	Abcb4	10116	Rattus norvegicus	GO:0071217	cellular response to external biotic stimulus	response to stimulus	involved_in	PMID:16353156	RGD	9	38
Q9JK64	Abcb1a	10116	Rattus norvegicus	GO:0071217	cellular response to external biotic stimulus	response to stimulus	involved_in	PMID:16353156	RGD	9	38
G3V9C8	Abcb4	10116	Rattus norvegicus	GO:0071217	cellular response to external biotic stimulus	response to stimulus	involved_in	PMID:16353156	RGD	9	38
A0AC58H2B9	dkk1a	7955	Danio rerio	GO:0070654	sensory epithelium regeneration	developmental process	acts_upstream_of_or_within	PMID:21911394	ZFIN	9	1
Q8AY89	wnt2ba	7955	Danio rerio	GO:0070654	sensory epithelium regeneration	developmental process	acts_upstream_of_or_within	PMID:21911394	ZFIN	9	1
A0A8M1P605	dkk1a	7955	Danio rerio	GO:0070654	sensory epithelium regeneration	developmental process	acts_upstream_of_or_within	PMID:21911394	ZFIN	9	1
P23385	Grm1	10116	Rattus norvegicus	GO:0007268	chemical synaptic transmission	biological regulation	involved_in	PMID:12514201	RGD	9	1
P35349	Grm6	10116	Rattus norvegicus	GO:0007268	chemical synaptic transmission	biological regulation	involved_in	PMID:8389366	RGD	9	1
P41498	Acp1	10116	Rattus norvegicus	GO:0007268	chemical synaptic transmission	biological regulation	involved_in	PMID:10480315	RGD	9	1
P48961	Ccnd3	10116	Rattus norvegicus	GO:0000082	G1/S transition of mitotic cell cycle	unclassified	involved_in	PMID:7926809	RGD	9	2
P51583	Paics	10116	Rattus norvegicus	GO:0000082	G1/S transition of mitotic cell cycle	unclassified	involved_in	PMID:7742366	RGD	9	1
Q5A1N6	CLN3	237561	Candida albicans SC5314	GO:0000082	G1/S transition of mitotic cell cycle	unclassified	involved_in	PMID:10330142	CGD	9	1
P97826	Star	10116	Rattus norvegicus	GO:0071378	cellular response to growth hormone stimulus	response to stimulus	involved_in	PMID:10098503	RGD	9	43
Q04827	Ccnd2	10116	Rattus norvegicus	GO:0071378	cellular response to growth hormone stimulus	response to stimulus	involved_in	PMID:12586844	RGD	9	19
A0ABK0LVJ6	Ccnd2	10116	Rattus norvegicus	GO:0071378	cellular response to growth hormone stimulus	response to stimulus	involved_in	PMID:12586844	RGD	9	19
P18266	Gsk3b	10116	Rattus norvegicus	GO:1990418	response to insulin-like growth factor stimulus	response to stimulus	involved_in	PMID:17686886	RGD	9	14
P49950	Bcl2	10116	Rattus norvegicus	GO:1990418	response to insulin-like growth factor stimulus	response to stimulus	involved_in	PMID:33574912	RGD	9	38
A0ABK0M473	Bcl2	10116	Rattus norvegicus	GO:1990418	response to insulin-like growth factor stimulus	response to stimulus	involved_in	PMID:33574912	RGD	9	38
Q7SZV1	gfi1ab	7955	Danio rerio	GO:0007422	peripheral nervous system development	developmental process	acts_upstream_of_or_within	PMID:14678828	ZFIN	9	1
O73861	Oct-6	9031	Gallus gallus	GO:0007422	peripheral nervous system development	developmental process	involved_in	PMID:9651490	AgBase	9	1
P97685	Nfasc	10116	Rattus norvegicus	GO:0007422	peripheral nervous system development	developmental process	involved_in	PMID:16652168	BHF-UCL	9	2
P24169	speF	83333	Escherichia coli K-12	GO:0071468	cellular response to acidic pH	response to stimulus	acts_upstream_of_or_within	PMID:1939141	EcoCyc	9	1
P0AAX3	ybiJ	83333	Escherichia coli K-12	GO:0071468	cellular response to acidic pH	response to stimulus	acts_upstream_of_or_within	PMID:37909716	EcoCyc	9	2
A2QHE3	PAD1	425011	Aspergillus niger CBS 513.88	GO:0071468	cellular response to acidic pH	response to stimulus	acts_upstream_of_or_within	PMID:20452450	AspGD	9	1
Q8H6N0	BTub1	3635	Gossypium hirsutum	GO:0048366	leaf development	developmental process	involved_in	PMID:18596112	AgBase	9	4
Q84K64	UBC1	3635	Gossypium hirsutum	GO:0048366	leaf development	developmental process	involved_in	PMID:12591614	AgBase	9	4
Q76EJ0	DL	39947	Oryza sativa Japonica Group	GO:0048366	leaf development	developmental process	involved_in	PMID:14729915	GR	9	2
Q6P6V0	Gpi	10116	Rattus norvegicus	GO:0035994	response to muscle stretch	response to stimulus	involved_in	PMID:8927521	RGD	9	7
Q71S46	Atp5mc3	10116	Rattus norvegicus	GO:0035994	response to muscle stretch	response to stimulus	involved_in	PMID:17316384	RGD	9	3
B1WC09	Ddr2	10116	Rattus norvegicus	GO:0035994	response to muscle stretch	response to stimulus	involved_in	PMID:16087782	RGD	9	4
Q9DB05	Napa	10090	Mus musculus	GO:0010807	regulation of synaptic vesicle priming	biological regulation	involved_in	PMID:21040848	SynGO	9	3
Q8K400	Stxbp5	10090	Mus musculus	GO:0010807	regulation of synaptic vesicle priming	biological regulation	involved_in	PMID:18936251	SynGO	9	4
B2DD29	Brsk1	10116	Rattus norvegicus	GO:0010807	regulation of synaptic vesicle priming	biological regulation	involved_in	PMID:16630837	SynGO	9	5
Q9ES34	Ube3b	10090	Mus musculus	GO:0150052	regulation of postsynapse assembly	biological regulation	involved_in	PMID:32249816	SynGO	9	6
B5DF21	Samd4a	10116	Rattus norvegicus	GO:0150052	regulation of postsynapse assembly	biological regulation	involved_in	PMID:22201125	SynGO	9	3
Q925H0	Asic2	10090	Mus musculus	GO:0150052	regulation of postsynapse assembly	biological regulation	involved_in	PMID:19571134	SynGO	9	2
D3YZU1	Shank1	10090	Mus musculus	GO:0098919	structural constituent of postsynaptic density	molecular function	enables	PMID:18272690	SynGO	9	6
Q91XM9	Dlg2	10090	Mus musculus	GO:0098919	structural constituent of postsynaptic density	molecular function	enables	PMID:17046693	SynGO	9	3
Q9WV34	Mpp2	10090	Mus musculus	GO:0098919	structural constituent of postsynaptic density	molecular function	enables	PMID:26880549	SynGO	9	2
D3ZMH5	Tiparp	10116	Rattus norvegicus	GO:1904612	response to 2,3,7,8-tetrachlorodibenzodioxine	response to stimulus	involved_in	PMID:24355419	RGD	9	1
Q8K3U6	F7	10116	Rattus norvegicus	GO:1904612	response to 2,3,7,8-tetrachlorodibenzodioxine	response to stimulus	involved_in	PMID:10901669	RGD	9	15
Q63247	Foxj1	10116	Rattus norvegicus	GO:1904612	response to 2,3,7,8-tetrachlorodibenzodioxine	response to stimulus	involved_in	PMID:20059580	RGD	9	4
D4A986	Mbd2	10116	Rattus norvegicus	GO:1903925	response to bisphenol A	response to stimulus	involved_in	PMID:22109888	RGD	9	9
Q00566	Mecp2	10116	Rattus norvegicus	GO:1903925	response to bisphenol A	response to stimulus	involved_in	PMID:22109888	RGD	9	20
Q62986	Esr2	10116	Rattus norvegicus	GO:1903925	response to bisphenol A	response to stimulus	involved_in	PMID:22957036	RGD	9	28
D4A1W8	Mttp	10116	Rattus norvegicus	GO:0042632	cholesterol homeostasis	unclassified	involved_in	PMID:14972350	RGD	9	2
Q99PE7	Abcg5	10116	Rattus norvegicus	GO:0042632	cholesterol homeostasis	unclassified	involved_in	PMID:23117815	RGD	9	9
Q9BZC7	ABCA2	9606	Homo sapiens	GO:0042632	cholesterol homeostasis	unclassified	involved_in	PMID:15238223	UniProt	9	3
D4A584	Fes	10116	Rattus norvegicus	GO:0051450	myoblast proliferation	unclassified	involved_in	PMID:2425941	RGD	9	2
Q9WUD9	Src	10116	Rattus norvegicus	GO:0051450	myoblast proliferation	unclassified	involved_in	PMID:2425941	RGD	9	28
Q00495	Csf1r	10116	Rattus norvegicus	GO:0051450	myoblast proliferation	unclassified	involved_in	PMID:2425941	RGD	9	14
G3V6C0	Ciita	10116	Rattus norvegicus	GO:0071257	cellular response to electrical stimulus	response to stimulus	involved_in	PMID:10051633	RGD	9	4
M0R629	Adss1	10116	Rattus norvegicus	GO:0071257	cellular response to electrical stimulus	response to stimulus	involved_in	PMID:10636885	RGD	9	4
P26431	Slc9a1	10116	Rattus norvegicus	GO:0071257	cellular response to electrical stimulus	response to stimulus	involved_in	PMID:20868366	RGD	9	5
Q924C3	Enpp1	10116	Rattus norvegicus	GO:0021756	striatum development	developmental process	involved_in	PMID:18565716	RGD	9	11
Q6GQS8	Gm21093	10090	Mus musculus	GO:0021756	striatum development	developmental process	involved_in	PMID:16901643	UniProt	9	5
P61169	Drd2	10116	Rattus norvegicus	GO:0021756	striatum development	developmental process	involved_in	PMID:22015925	RGD	9	15
P50231	Ccl5	10116	Rattus norvegicus	GO:0071396	cellular response to lipid	response to stimulus	involved_in	PMID:20638371	RGD	9	27
F1LQ70	Alox12	10116	Rattus norvegicus	GO:0071396	cellular response to lipid	response to stimulus	involved_in	PMID:18680775	RGD	9	1
O35303	Dnm1l	10116	Rattus norvegicus	GO:0071396	cellular response to lipid	response to stimulus	involved_in	PMID:18006463	RGD	9	4
Q8N474	SFRP1	9606	Homo sapiens	GO:0071380	cellular response to prostaglandin E stimulus	response to stimulus	involved_in	PMID:16149051	UniProt	9	10
P63016	Pax6	10116	Rattus norvegicus	GO:0071380	cellular response to prostaglandin E stimulus	response to stimulus	involved_in	PMID:23257891	RGD	9	10
O88275	Pparg	10116	Rattus norvegicus	GO:0071380	cellular response to prostaglandin E stimulus	response to stimulus	involved_in	PMID:10797535	RGD	9	18
P0DO11	FLZ17	3702	Arabidopsis thaliana	GO:1905582	response to mannose	response to stimulus	involved_in	PMID:26442059	UniProt	9	8
Q9FGQ9	FLZ1	3702	Arabidopsis thaliana	GO:1905582	response to mannose	response to stimulus	involved_in	PMID:26442059	UniProt	9	4
P0DO12	FLZ18	3702	Arabidopsis thaliana	GO:1905582	response to mannose	response to stimulus	involved_in	PMID:26442059	UniProt	9	6
Q94JR6	At3g59930	3702	Arabidopsis thaliana	GO:0097501	stress response to metal ion	response to stimulus	involved_in	PMID:37177878	TAIR	9	2
Q2V3J6	At4g11393	3702	Arabidopsis thaliana	GO:0097501	stress response to metal ion	response to stimulus	involved_in	PMID:37177878	TAIR	9	2
F4II70	At2g46320	3702	Arabidopsis thaliana	GO:0097501	stress response to metal ion	response to stimulus	involved_in	PMID:34434202	TAIR	9	1
O35800	Hif1a	10116	Rattus norvegicus	GO:0097237	cellular response to toxic substance	response to stimulus	involved_in	PMID:21854848	RGD	9	41
P56558	Ogt	10116	Rattus norvegicus	GO:0097237	cellular response to toxic substance	response to stimulus	involved_in	PMID:12054585	RGD	9	3
Q5M824	Shc1	10116	Rattus norvegicus	GO:0097237	cellular response to toxic substance	response to stimulus	involved_in	PMID:16699171	RGD	9	9
G5EE89	cdr-1	6239	Caenorhabditis elegans	GO:1990170	stress response to cadmium ion	response to stimulus	involved_in	PMID:12189149	WB	9	2
Q22655	pgp-7	6239	Caenorhabditis elegans	GO:1990170	stress response to cadmium ion	response to stimulus	involved_in	PMID:17888400	WB	9	1
Q18832	cdr-3	6239	Caenorhabditis elegans	GO:1990170	stress response to cadmium ion	response to stimulus	involved_in	PMID:15652154	WB	9	1
M9PI45	mirr	7227	Drosophila melanogaster	GO:0001700	embryonic development via the syncytial blastoderm	developmental process	involved_in	PMID:9136934	FlyBase	9	1
P09208	InR	7227	Drosophila melanogaster	GO:0001700	embryonic development via the syncytial blastoderm	developmental process	involved_in	PMID:2454394	FlyBase	9	3
Q9VR17	Elba1	7227	Drosophila melanogaster	GO:0001700	embryonic development via the syncytial blastoderm	developmental process	involved_in	PMID:9332389	FlyBase	9	1
P06214	Alad	10116	Rattus norvegicus	GO:0046689	response to mercury ion	response to stimulus	involved_in	PMID:17881112	RGD	9	29
P02770	Alb	10116	Rattus norvegicus	GO:0046689	response to mercury ion	response to stimulus	involved_in	PMID:17184894	RGD	9	4
P26453	Bsg	10116	Rattus norvegicus	GO:0046689	response to mercury ion	response to stimulus	involved_in	PMID:15917240	RGD	9	6
O22914	CP12-1	3702	Arabidopsis thaliana	GO:0071454	cellular response to anoxia	response to stimulus	NOT|involved_in	PMID:18974062	UniProt	9	6
O35800	Hif1a	10116	Rattus norvegicus	GO:0071454	cellular response to anoxia	response to stimulus	involved_in	PMID:18614764	RGD	9	41
URS000075DE6B_10116	Rattus norvegicus (Norway rat) microRNA rno-mir-499 precursor	10116	Rattus norvegicus	GO:0071454	cellular response to anoxia	response to stimulus	involved_in	PMID:21186368	RGD	9	3
P04639	Apoa1	10116	Rattus norvegicus	GO:0014012	peripheral nervous system axon regeneration	response to stimulus	involved_in	PMID:2120218	RGD	9	7
P15205	Map1b	10116	Rattus norvegicus	GO:0014012	peripheral nervous system axon regeneration	response to stimulus	involved_in	PMID:10924960	RGD	9	18
P13596	Ncam1	10116	Rattus norvegicus	GO:0014012	peripheral nervous system axon regeneration	response to stimulus	involved_in	PMID:15679872	RGD	9	10
P28840	Pcsk1	10116	Rattus norvegicus	GO:0022008	neurogenesis	developmental process	involved_in	PMID:18781386	RGD	9	15
Q62288	Spock1	10090	Mus musculus	GO:0022008	neurogenesis	developmental process	involved_in	PMID:10640720	UniProt	9	3
O93529	foxb1	8355	Xenopus laevis	GO:0022008	neurogenesis	developmental process	involved_in	PMID:11404077	UniProt	9	2
O88070	glnA4	100226	Streptomyces coelicolor A3(2)	GO:0090548	response to nitrate starvation	response to stimulus	involved_in	PMID:31113893	UniProt	9	2
P42736	RAP2-3	3702	Arabidopsis thaliana	GO:0090548	response to nitrate starvation	response to stimulus	involved_in	PMID:38165809	TAIR	9	7
Q8L8Y3	CEP1	3702	Arabidopsis thaliana	GO:0090548	response to nitrate starvation	response to stimulus	involved_in	PMID:24179096	UniProt	9	10
P49023	PXN	9606	Homo sapiens	GO:0034614	cellular response to reactive oxygen species	response to stimulus	involved_in	PMID:12686598	BHF-UCL	9	1
P54609	CDC48A	3702	Arabidopsis thaliana	GO:0034614	cellular response to reactive oxygen species	response to stimulus	involved_in	PMID:35417702	UniProt	9	1
Q9LYC2	NPL4B	3702	Arabidopsis thaliana	GO:0034614	cellular response to reactive oxygen species	response to stimulus	involved_in	PMID:35417702	UniProt	9	1
P52631	Stat3	10116	Rattus norvegicus	GO:0099527	postsynapse to nucleus signaling pathway	response to stimulus	involved_in	PMID:22284190	SynGO	9	8
Q9QZM5	Abi1	10116	Rattus norvegicus	GO:0099527	postsynapse to nucleus signaling pathway	response to stimulus	involved_in	PMID:17304222	SynGO	9	5
P08414	Camk4	10090	Mus musculus	GO:0099527	postsynapse to nucleus signaling pathway	response to stimulus	involved_in	PMID:10964952	SynGO	9	6
O96624	arcC	44689	Dictyostelium discoideum	GO:0006887	exocytosis	localization	acts_upstream_of_or_within	PMID:21190565	dictyBase	9	2
O96626	arcE	44689	Dictyostelium discoideum	GO:0006887	exocytosis	localization	acts_upstream_of_or_within	PMID:21190565	dictyBase	9	2
O96621	arpB	44689	Dictyostelium discoideum	GO:0006887	exocytosis	localization	acts_upstream_of_or_within	PMID:21190565	dictyBase	9	3
P61812	TGFB2	9606	Homo sapiens	GO:0048566	embryonic digestive tract development	developmental process	involved_in	PMID:20875417	DFLAT	9	4
P30371	TGFB2	9031	Gallus gallus	GO:0048566	embryonic digestive tract development	developmental process	involved_in	PMID:9151404	AgBase	9	13
Q9PUK3	LEFTY-1	9031	Gallus gallus	GO:0048566	embryonic digestive tract development	developmental process	involved_in	PMID:9151404	AgBase	9	3
Q63264	Il1b	10116	Rattus norvegicus	GO:1904880	response to hydrogen sulfide	response to stimulus	involved_in	PMID:31483550	RGD	9	39
Q00960	Grin2b	10116	Rattus norvegicus	GO:1904880	response to hydrogen sulfide	response to stimulus	involved_in	PMID:23242725	RGD	9	37
P20607	Il6	10116	Rattus norvegicus	GO:1904880	response to hydrogen sulfide	response to stimulus	involved_in	PMID:31483550	RGD	9	48
P9WK09	mymT	83332	Mycobacterium tuberculosis H37Rv	GO:0010045	response to nickel cation	response to stimulus	involved_in	PMID:18724363	MTBBASE	9	5
Q9FER4	paa	4577	Zea mays	GO:0010045	response to nickel cation	response to stimulus	involved_in	PMID:12137958	AgBase	9	1
P64534	rcnB	83333	Escherichia coli K-12	GO:0010045	response to nickel cation	response to stimulus	acts_upstream_of_or_within	PMID:21665978	EcoCyc	9	4
Q3MQ06	Atg5	10116	Rattus norvegicus	GO:0010040	response to iron(II) ion	response to stimulus	involved_in	PMID:23187302	RGD	9	2
Q91XJ1	Becn1	10116	Rattus norvegicus	GO:0010040	response to iron(II) ion	response to stimulus	involved_in	PMID:23187302	RGD	9	13
P30152	Lcn2	10116	Rattus norvegicus	GO:0010040	response to iron(II) ion	response to stimulus	involved_in	PMID:23416150	RGD	9	24
Q9LXR7	PAR2	3702	Arabidopsis thaliana	GO:0009641	shade avoidance	response to stimulus	acts_upstream_of_or_within	PMID:17948056	TAIR	9	2
P92953	ATHB-4	3702	Arabidopsis thaliana	GO:0009641	shade avoidance	response to stimulus	acts_upstream_of_or_within	PMID:16565297	TAIR	9	2
Q05466	HAT4	3702	Arabidopsis thaliana	GO:0009641	shade avoidance	response to stimulus	acts_upstream_of_or_within	PMID:16565297	TAIR	9	4
Q5U2W9	Rnls	10116	Rattus norvegicus	GO:0071871	response to epinephrine	response to stimulus	involved_in	PMID:18299506	RGD	8	3
P30729	Drd4	10116	Rattus norvegicus	GO:0071871	response to epinephrine	response to stimulus	involved_in	PMID:19482058	RGD	8	11
Q9QYK2	Ppargc1a	10116	Rattus norvegicus	GO:0071871	response to epinephrine	response to stimulus	involved_in	PMID:19221126	RGD	8	50
P23441	Nkx2-1	10116	Rattus norvegicus	GO:0044320	cellular response to leptin stimulus	response to stimulus	involved_in	PMID:23894445	RGD	8	5
P24483	Fdx1	10116	Rattus norvegicus	GO:0044320	cellular response to leptin stimulus	response to stimulus	involved_in	PMID:10098510	RGD	8	6
Q8VI82	Fgf23	10116	Rattus norvegicus	GO:0044320	cellular response to leptin stimulus	response to stimulus	involved_in	PMID:23263654	RGD	8	7
Q9LKZ2	MK1	4072	Capsicum annuum	GO:0010225	response to UV-C	response to stimulus	involved_in	PMID:11266120	UniProt	8	2
P0DO38	CYP71D180	49992	Thymus vulgaris	GO:0010225	response to UV-C	response to stimulus	involved_in	PMID:28365519	UniProt	8	3
A0A0M3Q1Q3	TPS1	49992	Thymus vulgaris	GO:0010225	response to UV-C	response to stimulus	involved_in	PMID:28365519	UniProt	8	3
A0A1I9LN01	LAF3	3702	Arabidopsis thaliana	GO:0009845	seed germination	developmental process	involved_in	PMID:14645728	UniProt	8	3
O04316	NSP4	3702	Arabidopsis thaliana	GO:0009845	seed germination	developmental process	involved_in	PMID:31850033	UniProt	8	1
O04318	NSP3	3702	Arabidopsis thaliana	GO:0009845	seed germination	developmental process	involved_in	PMID:31850033	UniProt	8	1
P18087	P18087	8400	Aquarana catesbeiana	GO:0090075	relaxation of muscle	unclassified	involved_in	PMID:12637010	UniProt	8	1
P84535	P84535	8407	Rana temporaria	GO:0090075	relaxation of muscle	unclassified	involved_in	PMID:16899539	UniProt	8	1
Q90YK9	pvalb2	8049	Gadus morhua	GO:0090075	relaxation of muscle	unclassified	involved_in	PMID:30402610	UniProt	8	2
Q7KVA7	Dhc62B	7227	Drosophila melanogaster	GO:0030317	flagellated sperm motility	unclassified	involved_in	PMID:34553759	FlyBase	8	1
Q9VWZ3	Dhc16F	7227	Drosophila melanogaster	GO:0030317	flagellated sperm motility	unclassified	involved_in	PMID:34553759	FlyBase	8	1
Q9VZ77	Dnah3	7227	Drosophila melanogaster	GO:0030317	flagellated sperm motility	unclassified	involved_in	PMID:34553759	FlyBase	8	1
P48679	Lmna	10116	Rattus norvegicus	GO:0090398	cellular senescence	response to stimulus	involved_in	PMID:20362703	RGD	8	3
Q00238	Icam1	10116	Rattus norvegicus	GO:0090398	cellular senescence	response to stimulus	involved_in	PMID:20421514	RGD	8	25
A0ABK0LP96	H2ax	10116	Rattus norvegicus	GO:0090398	cellular senescence	response to stimulus	involved_in	PMID:19946210	RGD	8	3
P04694	Tat	10116	Rattus norvegicus	GO:0051414	response to cortisol	response to stimulus	involved_in	PMID:6113599	RGD	8	8
P27158	Tk1	10116	Rattus norvegicus	GO:0051414	response to cortisol	response to stimulus	involved_in	PMID:7208144	RGD	8	8
O75094	SLIT3	9606	Homo sapiens	GO:0051414	response to cortisol	response to stimulus	involved_in	PMID:18566128	UniProt	8	3
Q62940	Nedd4	10116	Rattus norvegicus	GO:0014894	response to denervation involved in regulation of muscle adaptation	response to stimulus	involved_in	PMID:19125695	RGD	8	6
G3V7L1	Utrn	10116	Rattus norvegicus	GO:0014894	response to denervation involved in regulation of muscle adaptation	response to stimulus	involved_in	PMID:8906620	RGD	8	1
P11530	Dmd	10116	Rattus norvegicus	GO:0014894	response to denervation involved in regulation of muscle adaptation	response to stimulus	involved_in	PMID:8906620	RGD	8	6
P79761	CYP1A5	9031	Gallus gallus	GO:0036146	cellular response to mycotoxin	response to stimulus	involved_in	PMID:23702848	AgBase	8	1
Q9JK64	Abcb1a	10116	Rattus norvegicus	GO:0036146	cellular response to mycotoxin	response to stimulus	involved_in	PMID:23707492	RGD	8	38
Q6PSM0	Abcb1a	10116	Rattus norvegicus	GO:0036146	cellular response to mycotoxin	response to stimulus	involved_in	PMID:23707492	RGD	8	38
A0A8I6ATW0	Abcb4	10116	Rattus norvegicus	GO:1904148	cellular response to nonylphenol	response to stimulus	involved_in	PMID:20961954	RGD	8	38
P11598	Pdia3	10116	Rattus norvegicus	GO:1904148	cellular response to nonylphenol	response to stimulus	involved_in	PMID:19260726	RGD	8	11
A0ABK0KWF9	Abcb4	10116	Rattus norvegicus	GO:1904148	cellular response to nonylphenol	response to stimulus	involved_in	PMID:20961954	RGD	8	38
A0ABK0KW61	Abcb1a	10116	Rattus norvegicus	GO:1905237	response to cyclosporin A	response to stimulus	involved_in	PMID:24914722	RGD	8	38
Q9JK64	Abcb1a	10116	Rattus norvegicus	GO:1905237	response to cyclosporin A	response to stimulus	involved_in	PMID:24914722	RGD	8	38
A0A9K3Y745	Abcb1a	10116	Rattus norvegicus	GO:1905237	response to cyclosporin A	response to stimulus	involved_in	PMID:24914722	RGD	8	38
A0ABK0LXI1	Txn1	10116	Rattus norvegicus	GO:0071455	cellular response to hyperoxia	response to stimulus	involved_in	PMID:21505996	RGD	8	9
P08154	Egr1	10116	Rattus norvegicus	GO:0071455	cellular response to hyperoxia	response to stimulus	involved_in	PMID:15734424	RGD	8	27
O89049	Txnrd1	10116	Rattus norvegicus	GO:0071455	cellular response to hyperoxia	response to stimulus	involved_in	PMID:21505996	RGD	8	7
P20673	Asl	10116	Rattus norvegicus	GO:0071377	cellular response to glucagon stimulus	response to stimulus	involved_in	PMID:8387274	RGD	8	22
P09034	Ass1	10116	Rattus norvegicus	GO:0071377	cellular response to glucagon stimulus	response to stimulus	involved_in	PMID:9395312	RGD	8	29
P07379	Pck1	10116	Rattus norvegicus	GO:0071377	cellular response to glucagon stimulus	response to stimulus	involved_in	PMID:18335579	RGD	8	23
A0ABK0LY65	Fgf21	10116	Rattus norvegicus	GO:0071404	cellular response to low-density lipoprotein particle stimulus	response to stimulus	involved_in	PMID:22166524	RGD	8	9
P42533	F3	10116	Rattus norvegicus	GO:0071404	cellular response to low-density lipoprotein particle stimulus	response to stimulus	involved_in	PMID:10190887	RGD	8	7
P48442	Casr	10116	Rattus norvegicus	GO:0071404	cellular response to low-density lipoprotein particle stimulus	response to stimulus	involved_in	PMID:22083546	RGD	8	12
Q9JLT6	Bid	10116	Rattus norvegicus	GO:0034349	glial cell apoptotic process	unclassified	involved_in	PMID:18931364	RGD	8	6
P62898	Cycs	10116	Rattus norvegicus	GO:0034349	glial cell apoptotic process	unclassified	involved_in	PMID:18931364	RGD	8	5
Q9JHK1	Casp9	10116	Rattus norvegicus	GO:0034349	glial cell apoptotic process	unclassified	involved_in	PMID:18931364	RGD	8	10
O35531	Cd86	10116	Rattus norvegicus	GO:0034341	response to type II interferon	response to stimulus	involved_in	PMID:16839612	RGD	8	10
A6JXD6	Cd40	10116	Rattus norvegicus	GO:0034341	response to type II interferon	response to stimulus	involved_in	PMID:10403401	RGD	8	9
P63072	Ubd	10090	Mus musculus	GO:0034341	response to type II interferon	response to stimulus	involved_in	PMID:16782901	UniProt	8	3
Q9WUD9	Src	10116	Rattus norvegicus	GO:0051385	response to mineralocorticoid	response to stimulus	involved_in	PMID:16157790	RGD	8	28
P28564	Htr1b	10116	Rattus norvegicus	GO:0051385	response to mineralocorticoid	response to stimulus	involved_in	PMID:11882579	RGD	8	1
Q9R1E9	Ccn2	10116	Rattus norvegicus	GO:0051385	response to mineralocorticoid	response to stimulus	involved_in	PMID:19521108	RGD	8	11
D3YZU1	Shank1	10090	Mus musculus	GO:0050804	modulation of chemical synaptic transmission	biological regulation	involved_in	PMID:18272690	SynGO	8	6
Q6PFD5	Dlgap3	10090	Mus musculus	GO:0050804	modulation of chemical synaptic transmission	biological regulation	involved_in	PMID:17713528	SynGO	8	11
Q4ACU6	Shank3	10090	Mus musculus	GO:0050804	modulation of chemical synaptic transmission	biological regulation	involved_in	PMID:27161151	SynGO	8	3
Q63016	Slc7a5	10116	Rattus norvegicus	GO:0042149	cellular response to glucose starvation	response to stimulus	involved_in	PMID:22185814	RGD	8	8
P09215	Prkcd	10116	Rattus norvegicus	GO:0042149	cellular response to glucose starvation	response to stimulus	involved_in	PMID:17728702	RGD	8	11
F7F0D5	Upp1	10116	Rattus norvegicus	GO:0042149	cellular response to glucose starvation	response to stimulus	involved_in	PMID:18457515	RGD	8	1
P46934	NEDD4	9606	Homo sapiens	GO:0031175	neuron projection development	developmental process	involved_in	PMID:9990509	BHF-UCL	8	1
Q9R0T4	Cdh1	10116	Rattus norvegicus	GO:0031175	neuron projection development	developmental process	involved_in	PMID:12387456	RGD	8	9
P01303	NPY	9606	Homo sapiens	GO:0031175	neuron projection development	developmental process	involved_in	PMID:20846339	DFLAT	8	3
Q8LLV8	PLS	3702	Arabidopsis thaliana	GO:0071368	cellular response to cytokinin stimulus	response to stimulus	involved_in	PMID:9368412	UniProt	8	4
F4IE21	FLZ12	3702	Arabidopsis thaliana	GO:0071368	cellular response to cytokinin stimulus	response to stimulus	acts_upstream_of_or_within	PMID:16832061	TAIR	8	4
Q9LVW3	A3G2XYLT	3702	Arabidopsis thaliana	GO:0071368	cellular response to cytokinin stimulus	response to stimulus	involved_in	PMID:22699753	UniProt	8	2
F4IHR4	ACA2	3702	Arabidopsis thaliana	GO:0010037	response to carbon dioxide	response to stimulus	acts_upstream_of_or_within	PMID:17407539	TAIR	8	1
Q8K3U6	F7	10116	Rattus norvegicus	GO:0010037	response to carbon dioxide	response to stimulus	involved_in	PMID:26855512	RGD	8	15
F4K6Z0	At5g21070	3702	Arabidopsis thaliana	GO:0010037	response to carbon dioxide	response to stimulus	involved_in	PMID:41157893	TAIR	8	1
Q9LY27	At5g07330	3702	Arabidopsis thaliana	GO:0010446	response to alkaline pH	response to stimulus	involved_in	PMID:33165537	TAIR	8	1
Q6H3Y7	GDH3	39947	Oryza sativa Japonica Group	GO:0010446	response to alkaline pH	response to stimulus	involved_in	PMID:22655071	UniProt	8	3
F4JPX5	DL4875C	3702	Arabidopsis thaliana	GO:0010446	response to alkaline pH	response to stimulus	involved_in	PMID:33165537	TAIR	8	1
Q2TBA3	Malt1	10090	Mus musculus	GO:0045087	innate immune response	response to stimulus	involved_in	PMID:16831874	UniProt	8	2
Q62406	Irak1	10090	Mus musculus	GO:0045087	innate immune response	response to stimulus	involved_in	PMID:16831874	UniProt	8	1
Q9VIQ4	Hf	7227	Drosophila melanogaster	GO:0045087	innate immune response	response to stimulus	involved_in	PMID:17399906	FlyBase	8	1
P51652	Akr1c18	10116	Rattus norvegicus	GO:1990646	cellular response to prolactin	response to stimulus	involved_in	PMID:2401226	RGD	8	6
O08837	Cdc5l	10116	Rattus norvegicus	GO:1990646	cellular response to prolactin	response to stimulus	involved_in	PMID:9296381	RGD	8	3
P17325	Jun	10116	Rattus norvegicus	GO:1990646	cellular response to prolactin	response to stimulus	involved_in	PMID:8584023	RGD	8	14
Q00288	Pax8	10090	Mus musculus	GO:0001823	mesonephros development	developmental process	involved_in	PMID:1723950	UniProt	8	8
P18075	BMP7	9606	Homo sapiens	GO:0001823	mesonephros development	developmental process	involved_in	PMID:18437684	UniProt	8	2
P06281	Ren1	10090	Mus musculus	GO:0001823	mesonephros development	developmental process	involved_in	PMID:11145610	UniProt	8	2
Q86PF5	PICK1	7227	Drosophila melanogaster	GO:0071329	cellular response to sucrose stimulus	response to stimulus	involved_in	PMID:23630454	FlyBase	8	2
Q9LZS3	SBE2.2	3702	Arabidopsis thaliana	GO:0071329	cellular response to sucrose stimulus	response to stimulus	involved_in	DOI:10.1016/S0168-9452(98)00093-4	UniProt	8	4
P24704	CSD1	3702	Arabidopsis thaliana	GO:0071329	cellular response to sucrose stimulus	response to stimulus	involved_in	PMID:18392778	UniProt	8	14
O35274	Ppp1r9b	10116	Rattus norvegicus	GO:0034695	response to prostaglandin E	response to stimulus	involved_in	PMID:23054057	RGD	8	21
P55248	P55248	10116	Rattus norvegicus	GO:0034695	response to prostaglandin E	response to stimulus	involved_in	PMID:3282935	RGD	8	9
P01179	Oxt	10116	Rattus norvegicus	GO:0034695	response to prostaglandin E	response to stimulus	involved_in	PMID:19017254	RGD	8	20
Q9QYK2	Ppargc1a	10116	Rattus norvegicus	GO:0014732	skeletal muscle atrophy	response to stimulus	involved_in	PMID:16870628	RGD	8	50
O35312	Mstn	10116	Rattus norvegicus	GO:0014732	skeletal muscle atrophy	response to stimulus	involved_in	PMID:15758361	RGD	8	11
P67999	Rps6kb1	10116	Rattus norvegicus	GO:0014732	skeletal muscle atrophy	response to stimulus	involved_in	PMID:17885021	RGD	8	23
Q63257	Il4r	10116	Rattus norvegicus	GO:1990834	response to odorant	response to stimulus	involved_in	PMID:23103411	RGD	8	2
Q9ERW3	Fgf13	10116	Rattus norvegicus	GO:1990834	response to odorant	response to stimulus	involved_in	PMID:23103411	RGD	8	1
O35548	Mmp16	10116	Rattus norvegicus	GO:1990834	response to odorant	response to stimulus	involved_in	PMID:23103411	RGD	8	1
P22071	Hsd3b1	10116	Rattus norvegicus	GO:0033327	Leydig cell differentiation	developmental process	involved_in	PMID:18502897	RGD	8	39
O70351	Hsd17b10	10116	Rattus norvegicus	GO:0033327	Leydig cell differentiation	developmental process	involved_in	PMID:12810569	RGD	8	2
P11715	Cyp17a1	10116	Rattus norvegicus	GO:0033327	Leydig cell differentiation	developmental process	involved_in	PMID:18502897	RGD	8	24
Q9LYK8	MSD2	3702	Arabidopsis thaliana	GO:0010227	floral organ abscission	developmental process	acts_upstream_of_or_within	PMID:22992509	TAIR	8	1
O64838	SKS16	3702	Arabidopsis thaliana	GO:0010227	floral organ abscission	developmental process	acts_upstream_of_or_within	PMID:22992509	TAIR	8	1
Q9LF88	At3g53040	3702	Arabidopsis thaliana	GO:0010227	floral organ abscission	developmental process	acts_upstream_of_or_within	PMID:22992509	TAIR	8	1
P49078	ASN1	3702	Arabidopsis thaliana	GO:0043617	cellular response to sucrose starvation	response to stimulus	acts_upstream_of_or_within	PMID:16354162	TAIR	8	4
Q9SXE9	CCaP1	3702	Arabidopsis thaliana	GO:0043617	cellular response to sucrose starvation	response to stimulus	acts_upstream_of_positive_effect	PMID:17145720	UniProt	8	10
Q9M7Z1	BCE2	3702	Arabidopsis thaliana	GO:0043617	cellular response to sucrose starvation	response to stimulus	involved_in	PMID:11418132	UniProt	8	6
Q54YU6	CRTF	44689	Dictyostelium discoideum	GO:0030587	sorocarp development	developmental process	acts_upstream_of_or_within	PMID:25887420	dictyBase	8	1
O76765	phdA	44689	Dictyostelium discoideum	GO:0030587	sorocarp development	developmental process	acts_upstream_of_or_within	PMID:25887420	dictyBase	8	1
Q8T6J0	abcA7	44689	Dictyostelium discoideum	GO:0030587	sorocarp development	developmental process	acts_upstream_of_or_within	PMID:23967067	dictyBase	8	1
P02454	Col1a1	10116	Rattus norvegicus	GO:1905641	cellular response to acetaldehyde	response to stimulus	involved_in	PMID:21294755	RGD	8	26
P17246	Tgfb1	10116	Rattus norvegicus	GO:1905641	cellular response to acetaldehyde	response to stimulus	involved_in	PMID:12223100	RGD	8	29
P63269	Actg2	10116	Rattus norvegicus	GO:1905641	cellular response to acetaldehyde	response to stimulus	involved_in	PMID:21294755	RGD	8	3
P02836	en	7227	Drosophila melanogaster	GO:0035224	genital disc anterior/posterior pattern formation	developmental process	involved_in	PMID:8798147	FlyBase	8	1
P29555	abd-A	7227	Drosophila melanogaster	GO:0035224	genital disc anterior/posterior pattern formation	developmental process	involved_in	PMID:8798147	FlyBase	8	2
P09087	Abd-B	7227	Drosophila melanogaster	GO:0035224	genital disc anterior/posterior pattern formation	developmental process	involved_in	PMID:8798147	FlyBase	8	1
Q9VUS8	Eig71Ee	7227	Drosophila melanogaster	GO:0007594	puparial adhesion	unclassified	involved_in	PMID:15544943	FlyBase	8	1
Q9VR49	Sgs1	7227	Drosophila melanogaster	GO:0007594	puparial adhesion	unclassified	involved_in	PMID:10511555	FlyBase	8	2
P02842	Sgs8	7227	Drosophila melanogaster	GO:0007594	puparial adhesion	unclassified	involved_in	PMID:825230	FlyBase	8	1
P22355	Sftpb	10116	Rattus norvegicus	GO:0044321	response to leptin	response to stimulus	involved_in	PMID:11839533	RGD	8	17
P11598	Pdia3	10116	Rattus norvegicus	GO:0044321	response to leptin	response to stimulus	involved_in	PMID:16375900	RGD	8	11
P26817	Grk2	10116	Rattus norvegicus	GO:0044321	response to leptin	response to stimulus	involved_in	PMID:23073237	RGD	8	9
Q8JI10	dmbx1a	7955	Danio rerio	GO:0001654	eye development	developmental process	involved_in	PMID:12142024	UniProt	8	2
Q90XG4	Q90XG4	9031	Gallus gallus	GO:0001654	eye development	developmental process	involved_in	PMID:11668607	AgBase	8	4
Q90XG2	Q90XG2	9031	Gallus gallus	GO:0001654	eye development	developmental process	involved_in	PMID:11668607	AgBase	8	4
P22771	Glra2	10116	Rattus norvegicus	GO:0007416	synapse assembly	developmental process	involved_in	PMID:1645300	RGD	8	2
P15205	Map1b	10116	Rattus norvegicus	GO:0007416	synapse assembly	developmental process	involved_in	PMID:17151949	RGD	8	18
Q03555	Gphn	10116	Rattus norvegicus	GO:0007416	synapse assembly	developmental process	involved_in	PMID:9130666	RGD	8	1
P18886	Cpt2	10116	Rattus norvegicus	GO:0006635	fatty acid beta-oxidation	metabolic process	involved_in	PMID:10796071	RGD	8	4
Q9FMN0	SCP2	3702	Arabidopsis thaliana	GO:0006635	fatty acid beta-oxidation	metabolic process	acts_upstream_of_or_within	PMID:18687588	TAIR	8	3
Q6QLM7	Kif5a	10116	Rattus norvegicus	GO:0021794	thalamus development	developmental process	involved_in	PMID:9349526	RGD	8	7
P63090	Ptn	10116	Rattus norvegicus	GO:0021794	thalamus development	developmental process	involved_in	PMID:10051750	RGD	8	27
P24008	Srd5a1	10116	Rattus norvegicus	GO:0021794	thalamus development	developmental process	involved_in	PMID:8770891	RGD	8	31
Q6NMD6	ARGOS	3702	Arabidopsis thaliana	GO:0071369	cellular response to ethylene stimulus	response to stimulus	involved_in	PMID:23134674	UniProt	8	2
Q8LLV8	PLS	3702	Arabidopsis thaliana	GO:0071369	cellular response to ethylene stimulus	response to stimulus	involved_in	PMID:12172017	UniProt	8	4
Q8RWS1	OSR1	3702	Arabidopsis thaliana	GO:0071369	cellular response to ethylene stimulus	response to stimulus	involved_in	PMID:21457262	UniProt	8	3
X2J909	Pvf3	7227	Drosophila melanogaster	GO:0035099	hemocyte migration	developmental process	involved_in	PMID:11955438	FlyBase	8	1
Q9VM43	Pvf2	7227	Drosophila melanogaster	GO:0035099	hemocyte migration	developmental process	involved_in	PMID:11955438	FlyBase	8	1
X2JCH3	Pvf1	7227	Drosophila melanogaster	GO:0035099	hemocyte migration	developmental process	involved_in	PMID:11955438	FlyBase	8	1
Q9JJ25	Mefv	10116	Rattus norvegicus	GO:0034021	response to silicon dioxide	response to stimulus	involved_in	PMID:16574623	RGD	7	2
A0A8I6AP89	Kif3a	10116	Rattus norvegicus	GO:0034021	response to silicon dioxide	response to stimulus	involved_in	PMID:32042332	RGD	7	1
P85970	Arpc2	10116	Rattus norvegicus	GO:0034021	response to silicon dioxide	response to stimulus	involved_in	PMID:18685790	RGD	7	3
Q9VUY1	ClC-c	7227	Drosophila melanogaster	GO:0003014	renal system process	unclassified	involved_in	PMID:25228763	FlyBase	7	1
Q6NR72	Eglp4	7227	Drosophila melanogaster	GO:0003014	renal system process	unclassified	involved_in	PMID:15800049	FlyBase	7	1
A0A0B4KFZ1	Eglp4	7227	Drosophila melanogaster	GO:0003014	renal system process	unclassified	involved_in	PMID:15800049	FlyBase	7	1
Q63449	Pgr	10116	Rattus norvegicus	GO:0071373	cellular response to luteinizing hormone stimulus	response to stimulus	involved_in	PMID:8344215	RGD	7	11
P19637	Plat	10116	Rattus norvegicus	GO:0071373	cellular response to luteinizing hormone stimulus	response to stimulus	involved_in	PMID:3102470	RGD	7	7
A0A0G2JVY9	Ccna2	10116	Rattus norvegicus	GO:0071373	cellular response to luteinizing hormone stimulus	response to stimulus	involved_in	PMID:9275057	RGD	7	12
A0A0G2K1L0	Tnc	10116	Rattus norvegicus	GO:0071774	response to fibroblast growth factor	response to stimulus	involved_in	PMID:12060805	RGD	7	7
Q9Z2Y9	Kl	10116	Rattus norvegicus	GO:0071774	response to fibroblast growth factor	response to stimulus	involved_in	PMID:17992255	RGD	7	4
P25122	Kcnc1	10116	Rattus norvegicus	GO:0071774	response to fibroblast growth factor	response to stimulus	involved_in	PMID:9526005	RGD	7	13
Q683D7	MAF5	3702	Arabidopsis thaliana	GO:0010048	vernalization response	response to stimulus	acts_upstream_of_or_within	PMID:12724541	TAIR	7	1
I1H0V9	VRN3	15368	Brachypodium distachyon	GO:0010048	vernalization response	response to stimulus	involved_in	PMID:28690631	UniProt	7	1
Q9FIE3	VIN3	3702	Arabidopsis thaliana	GO:0010048	vernalization response	response to stimulus	acts_upstream_of_or_within	PMID:16983073	TAIR	7	4
C8VDT4	stcN	227321	Aspergillus nidulans FGSC A4	GO:0045461	sterigmatocystin biosynthetic process	metabolic process	involved_in	PMID:8643646	GO_Central	7	1
Q00730	stcW	227321	Aspergillus nidulans FGSC A4	GO:0045461	sterigmatocystin biosynthetic process	metabolic process	acts_upstream_of_or_within	PMID:8643646	AspGD	7	1
Q00668	stcC	227321	Aspergillus nidulans FGSC A4	GO:0045461	sterigmatocystin biosynthetic process	metabolic process	involved_in	PMID:8643646	GO_Central	7	1
A0A9K3Y745	Abcb1a	10116	Rattus norvegicus	GO:1904057	negative regulation of sensory perception of pain	biological regulation	involved_in	PMID:17593551	RGD	7	38
A0ABK0KW61	Abcb1a	10116	Rattus norvegicus	GO:1904057	negative regulation of sensory perception of pain	biological regulation	involved_in	PMID:17593551	RGD	7	38
G3V9C8	Abcb4	10116	Rattus norvegicus	GO:1904057	negative regulation of sensory perception of pain	biological regulation	involved_in	PMID:17593551	RGD	7	38
A0A8I6ATW0	Abcb4	10116	Rattus norvegicus	GO:1905231	cellular response to borneol	response to stimulus	involved_in	PMID:26593909	RGD	7	38
A0ABK0KW61	Abcb1a	10116	Rattus norvegicus	GO:1905231	cellular response to borneol	response to stimulus	involved_in	PMID:26593909	RGD	7	38
A0A9K3Y745	Abcb1a	10116	Rattus norvegicus	GO:1905231	cellular response to borneol	response to stimulus	involved_in	PMID:26593909	RGD	7	38
G3V9C8	Abcb4	10116	Rattus norvegicus	GO:1905233	response to codeine	response to stimulus	involved_in	PMID:24914722	RGD	7	38
A0A8I6ATW0	Abcb4	10116	Rattus norvegicus	GO:1905233	response to codeine	response to stimulus	involved_in	PMID:24914722	RGD	7	38
A0A9K3Y745	Abcb1a	10116	Rattus norvegicus	GO:1905233	response to codeine	response to stimulus	involved_in	PMID:24914722	RGD	7	38
P20961	Serpine1	10116	Rattus norvegicus	GO:0071316	cellular response to nicotine	response to stimulus	involved_in	PMID:21596853	RGD	7	44
P04177	Th	10116	Rattus norvegicus	GO:0071316	cellular response to nicotine	response to stimulus	involved_in	PMID:20827341	RGD	7	38
A0ABK0LJN7	Msx1	10116	Rattus norvegicus	GO:0071316	cellular response to nicotine	response to stimulus	involved_in	PMID:20339300	RGD	7	2
P70539	Acvr1c	10116	Rattus norvegicus	GO:0030901	midbrain development	developmental process	involved_in	PMID:8940033	RGD	7	8
A0ABK0LYZ4	Gdnf	10116	Rattus norvegicus	GO:0030901	midbrain development	developmental process	involved_in	PMID:16650834	RGD	7	3
Q9CQ69	Uqcrq	10090	Mus musculus	GO:0030901	midbrain development	developmental process	involved_in	PMID:16901643	UniProt	7	8
Q9Z2V2	Cd40lg	10116	Rattus norvegicus	GO:0033590	response to cobalamin	response to stimulus	involved_in	PMID:16716410	RGD	7	3
A6JXD6	Cd40	10116	Rattus norvegicus	GO:0033590	response to cobalamin	response to stimulus	involved_in	PMID:16716410	RGD	7	9
P00159	Mt-cyb	10116	Rattus norvegicus	GO:0033590	response to cobalamin	response to stimulus	involved_in	PMID:7508436	RGD	7	11
G3V977	Bcl2a1	10116	Rattus norvegicus	GO:0072718	response to cisplatin	response to stimulus	involved_in	PMID:24277158	RGD	7	2
A6HT97	Bik	10116	Rattus norvegicus	GO:0072718	response to cisplatin	response to stimulus	involved_in	PMID:24277158	RGD	7	1
Q792S6	Bok	10116	Rattus norvegicus	GO:0072718	response to cisplatin	response to stimulus	involved_in	PMID:24277158	RGD	7	3
Q63147	Alas2	10116	Rattus norvegicus	GO:1901423	response to benzene	response to stimulus	involved_in	PMID:6895089	RGD	7	10
O35147	Bad	10116	Rattus norvegicus	GO:1901423	response to benzene	response to stimulus	involved_in	PMID:18093815	RGD	7	19
B0K019	Bag1	10116	Rattus norvegicus	GO:1901423	response to benzene	response to stimulus	involved_in	PMID:18093815	RGD	7	3
B7ZSG3	wt1-a	8355	Xenopus laevis	GO:0048793	pronephros development	developmental process	involved_in	PMID:8725280	UniProt	7	1
B7ZRU9	mecom-a	8355	Xenopus laevis	GO:0048793	pronephros development	developmental process	involved_in	PMID:15905132	UniProt	7	1
O93235	cirbp-a	8355	Xenopus laevis	GO:0048793	pronephros development	developmental process	involved_in	PMID:9602141	UniProt	7	2
C6SZ50	HAL3A	3847	Glycine max	GO:0072708	response to sorbitol	response to stimulus	involved_in	DOI:10.1007/s12374-016-0005-8	UniProt	7	6
C6TA59	HAL3B	3847	Glycine max	GO:0072708	response to sorbitol	response to stimulus	involved_in	DOI:10.1007/s12374-016-0005-8	UniProt	7	6
P49040	SUS1	3702	Arabidopsis thaliana	GO:0072708	response to sorbitol	response to stimulus	involved_in	PMID:10567234	UniProt	7	12
P35462	DRD3	9606	Homo sapiens	GO:0048148	behavioral response to cocaine	response to stimulus	involved_in	PMID:8815892	BHF-UCL	7	2
Q9QXY2	Srcin1	10116	Rattus norvegicus	GO:0048148	behavioral response to cocaine	response to stimulus	involved_in	PMID:31092585	RGD	7	1
Q8R2E7	Fadd	10116	Rattus norvegicus	GO:0048148	behavioral response to cocaine	response to stimulus	involved_in	PMID:18580876	RGD	7	3
Q9STS7	CHL	3702	Arabidopsis thaliana	GO:1901562	response to paraquat	response to stimulus	involved_in	PMID:19674405	UniProt	7	4
P25744	mdtG	83333	Escherichia coli K-12	GO:1901562	response to paraquat	response to stimulus	involved_in	PMID:20008776	EcoCyc	7	1
Q8RWG1	ABC1K1	3702	Arabidopsis thaliana	GO:1901562	response to paraquat	response to stimulus	involved_in	PMID:22447966	UniProt	7	1
P05106	ITGB3	9606	Homo sapiens	GO:0048333	mesodermal cell differentiation	developmental process	involved_in	PMID:23154389	UniProt	7	1
P16144	ITGB4	9606	Homo sapiens	GO:0048333	mesodermal cell differentiation	developmental process	involved_in	PMID:23154389	UniProt	7	1
P53708	ITGA8	9606	Homo sapiens	GO:0048333	mesodermal cell differentiation	developmental process	involved_in	PMID:23154389	UniProt	7	1
P15278	Fas3	7227	Drosophila melanogaster	GO:0007411	axon guidance	developmental process	involved_in	PMID:2509076	FlyBase	7	1
F1MA19	Efna2	10116	Rattus norvegicus	GO:0007411	axon guidance	developmental process	involved_in	PMID:17328773	RGD	7	2
P70580	Pgrmc1	10116	Rattus norvegicus	GO:0007411	axon guidance	developmental process	involved_in	PMID:10656251	RGD	7	1
Q92819	HAS2	9606	Homo sapiens	GO:0071498	cellular response to fluid shear stress	response to stimulus	involved_in	PMID:21551265	BHF-UCL	7	3
G3V7D5	Tfpi2	10116	Rattus norvegicus	GO:0071498	cellular response to fluid shear stress	response to stimulus	involved_in	PMID:20537494	RGD	7	1
P29598	Plau	10116	Rattus norvegicus	GO:0071498	cellular response to fluid shear stress	response to stimulus	involved_in	PMID:19166201	RGD	7	11
P9WIF5	PE_PGRS33	83332	Mycobacterium tuberculosis H37Rv	GO:0070482	response to oxygen levels	response to stimulus	involved_in	PMID:19068228	MTBBASE	7	2
Q8VZ91	ERF6	3702	Arabidopsis thaliana	GO:0070482	response to oxygen levels	response to stimulus	involved_in	PMID:40847515	TAIR	7	5
Q8VY90	ERF105	3702	Arabidopsis thaliana	GO:0070482	response to oxygen levels	response to stimulus	involved_in	PMID:40847515	TAIR	7	2
Q8IP20	dac	7227	Drosophila melanogaster	GO:0016319	mushroom body development	developmental process	involved_in	PMID:10903173	FlyBase	7	1
Q8IP19	dac	7227	Drosophila melanogaster	GO:0016319	mushroom body development	developmental process	involved_in	PMID:10903173	FlyBase	7	1
Q8IP21	dac	7227	Drosophila melanogaster	GO:0016319	mushroom body development	developmental process	involved_in	PMID:10903173	FlyBase	7	1
Q9LPZ9	SD113	3702	Arabidopsis thaliana	GO:0071446	cellular response to salicylic acid stimulus	response to stimulus	involved_in	PMID:19222996	UniProt	7	1
Q8W4J9	RPP8	3702	Arabidopsis thaliana	GO:0071446	cellular response to salicylic acid stimulus	response to stimulus	involved_in	PMID:22072959	UniProt	7	6
O48837	LECRKS2	3702	Arabidopsis thaliana	GO:0071446	cellular response to salicylic acid stimulus	response to stimulus	involved_in	PMID:9742960	UniProt	7	4
P22355	Sftpb	10116	Rattus norvegicus	GO:0070849	response to epidermal growth factor	response to stimulus	involved_in	PMID:19781387	RGD	7	17
P08025	Igf1	10116	Rattus norvegicus	GO:0070849	response to epidermal growth factor	response to stimulus	involved_in	PMID:2003595	RGD	7	29
P08427	Sftpa1	10116	Rattus norvegicus	GO:0070849	response to epidermal growth factor	response to stimulus	involved_in	PMID:19781387	RGD	7	12
Q9ZPH2	GRXS17	3702	Arabidopsis thaliana	GO:0051726	regulation of cell cycle	biological regulation	acts_upstream_of_or_within	PMID:21515673	TAIR	7	1
Q9FNE9	ATXR6	3702	Arabidopsis thaliana	GO:0051726	regulation of cell cycle	biological regulation	acts_upstream_of_or_within	PMID:16771839	TAIR	7	1
P32252	rasB	44689	Dictyostelium discoideum	GO:0051726	regulation of cell cycle	biological regulation	acts_upstream_of_or_within	PMID:11606416	dictyBase	7	1
Q9C9M3	PXMT1	3702	Arabidopsis thaliana	GO:0035195	miRNA-mediated post-transcriptional gene silencing	biological regulation	involved_in	PMID:28401908	UniProt	7	8
P24704	CSD1	3702	Arabidopsis thaliana	GO:0035195	miRNA-mediated post-transcriptional gene silencing	biological regulation	involved_in	PMID:16861386	UniProt	7	14
O78310	CSD2	3702	Arabidopsis thaliana	GO:0035195	miRNA-mediated post-transcriptional gene silencing	biological regulation	involved_in	PMID:16861386	UniProt	7	11
Q8W4Q4	MRF3	3702	Arabidopsis thaliana	GO:0090549	response to carbon starvation	response to stimulus	acts_upstream_of_or_within	PMID:29084871	TAIR	7	2
O88070	glnA4	100226	Streptomyces coelicolor A3(2)	GO:0090549	response to carbon starvation	response to stimulus	involved_in	PMID:31113893	UniProt	7	2
O80548	MRF2	3702	Arabidopsis thaliana	GO:0090549	response to carbon starvation	response to stimulus	acts_upstream_of_or_within	PMID:29084871	TAIR	7	2
Q75NT5	Ahrr	10116	Rattus norvegicus	GO:0046209	nitric oxide metabolic process	metabolic process	involved_in	PMID:31489946	RGD	7	1
P37230	Ppara	10116	Rattus norvegicus	GO:0046209	nitric oxide metabolic process	metabolic process	involved_in	PMID:31489946	RGD	7	8
P41738	Ahr	10116	Rattus norvegicus	GO:0046209	nitric oxide metabolic process	metabolic process	involved_in	PMID:31489946	RGD	7	11
P00359	TDH3	559292	Saccharomyces cerevisiae S288C	GO:0006094	gluconeogenesis	metabolic process	involved_in	PMID:3905788	SGD	7	2
P42863	LOC_Os06g14510	39947	Oryza sativa Japonica Group	GO:0006094	gluconeogenesis	metabolic process	involved_in	PMID:8722567	GR	7	2
P00358	TDH2	559292	Saccharomyces cerevisiae S288C	GO:0006094	gluconeogenesis	metabolic process	involved_in	PMID:3905788	SGD	7	2
P42863	LOC_Os06g14510	39947	Oryza sativa Japonica Group	GO:0006096	glycolytic process	metabolic process	involved_in	PMID:8722567	GR	7	2
P07486	Gapdh1	7227	Drosophila melanogaster	GO:0006096	glycolytic process	metabolic process	involved_in	PMID:3149711	FlyBase	7	1
P07487	Gapdh2	7227	Drosophila melanogaster	GO:0006096	glycolytic process	metabolic process	involved_in	PMID:3149711	FlyBase	7	1
P16257	Tspo	10116	Rattus norvegicus	GO:0048265	response to pain	response to stimulus	involved_in	PMID:19555675	RGD	7	12
P55090	Ucn	10116	Rattus norvegicus	GO:0048265	response to pain	response to stimulus	involved_in	PMID:21463663	RGD	7	4
URS000008931A_10116	Rattus norvegicus (Norway rat) rno-miR-154-5p	10116	Rattus norvegicus	GO:0048265	response to pain	response to stimulus	involved_in	PMID:31746418	RGD	7	1
P49186	Mapk9	10116	Rattus norvegicus	GO:1990089	response to nerve growth factor	response to stimulus	involved_in	PMID:11356687	RGD	7	14
P23363	Bdnf	10116	Rattus norvegicus	GO:1990089	response to nerve growth factor	response to stimulus	involved_in	PMID:10366647	RGD	7	28
P01186	Avp	10116	Rattus norvegicus	GO:1990089	response to nerve growth factor	response to stimulus	involved_in	PMID:11709626	RGD	7	12
P02696	Rbp1	10116	Rattus norvegicus	GO:0080021	response to benzoic acid	response to stimulus	involved_in	PMID:30476341	RGD	7	2
Q64060	Ddx4	10116	Rattus norvegicus	GO:0080021	response to benzoic acid	response to stimulus	involved_in	PMID:30476341	RGD	7	3
Q6MG27	Pou5f1	10116	Rattus norvegicus	GO:0080021	response to benzoic acid	response to stimulus	involved_in	PMID:30476341	RGD	7	3
Q62799	Erbb3	10116	Rattus norvegicus	GO:0060056	mammary gland involution	developmental process	involved_in	PMID:10653587	RGD	7	8
P06494	Erbb2	10116	Rattus norvegicus	GO:0060056	mammary gland involution	developmental process	involved_in	PMID:10653587	RGD	7	12
Q9JLS4	Sfrp4	10116	Rattus norvegicus	GO:0060056	mammary gland involution	developmental process	involved_in	PMID:9409757	RGD	7	6
P0ABB8	mgtA	83333	Escherichia coli K-12	GO:0071286	cellular response to magnesium ion	response to stimulus	acts_upstream_of_or_within	PMID:10464230	EcoCyc	7	1
P06536	Nr3c1	10116	Rattus norvegicus	GO:0071286	cellular response to magnesium ion	response to stimulus	involved_in	PMID:20350433	RGD	7	13
Q63678	Azgp1	10116	Rattus norvegicus	GO:0071286	cellular response to magnesium ion	response to stimulus	involved_in	PMID:30950934	RGD	7	2
P13002	grh	7227	Drosophila melanogaster	GO:0045944	positive regulation of transcription by RNA polymerase II	biological regulation	involved_in	PMID:10373509	FlyBase	7	2
P06602	eve	7227	Drosophila melanogaster	GO:0045944	positive regulation of transcription by RNA polymerase II	biological regulation	involved_in	PMID:12482712	FlyBase	7	1
P22711	tin	7227	Drosophila melanogaster	GO:0045944	positive regulation of transcription by RNA polymerase II	biological regulation	involved_in	PMID:12482712	FlyBase	7	2
P08081	Clta	10116	Rattus norvegicus	GO:0006897	endocytosis	localization	involved_in	PMID:14985443	RGD	7	3
Q24185	hook	7227	Drosophila melanogaster	GO:0006897	endocytosis	localization	involved_in	PMID:8682859	FlyBase	7	2
Q54TM2	DDB_G0281669	44689	Dictyostelium discoideum	GO:0006897	endocytosis	localization	acts_upstream_of_or_within	PMID:22307974	dictyBase	7	1
Q5ARV0	ANIA_08980	227321	Aspergillus nidulans FGSC A4	GO:0006068	ethanol catabolic process	metabolic process	acts_upstream_of_or_within	PMID:8736527	AspGD	7	1
Q460G9	alcS	227321	Aspergillus nidulans FGSC A4	GO:0006068	ethanol catabolic process	metabolic process	acts_upstream_of_or_within	PMID:16531087	AspGD	7	3
P08843	alcA	227321	Aspergillus nidulans FGSC A4	GO:0006068	ethanol catabolic process	metabolic process	acts_upstream_of_or_within	PMID:11988072	AspGD	7	4
P28077	Psmb9	10116	Rattus norvegicus	GO:0048536	spleen development	developmental process	involved_in	PMID:24707720	RGD	7	9
Q90ZG0	FKBP12	9031	Gallus gallus	GO:0048536	spleen development	developmental process	involved_in	PMID:14511757	AgBase	7	12
Q9PUK3	LEFTY-1	9031	Gallus gallus	GO:0048536	spleen development	developmental process	involved_in	PMID:9151404	AgBase	7	3
Q9JM53	Aifm1	10116	Rattus norvegicus	GO:1904045	cellular response to aldosterone	response to stimulus	involved_in	PMID:24551180	RGD	7	9
P24062	Igf1r	10116	Rattus norvegicus	GO:1904045	cellular response to aldosterone	response to stimulus	involved_in	PMID:22173225	RGD	7	23
Q9JKA7	Hcn4	10116	Rattus norvegicus	GO:1904045	cellular response to aldosterone	response to stimulus	involved_in	PMID:17644563	RGD	7	1
P35426	Cdk4	10116	Rattus norvegicus	GO:1904584	cellular response to polyamine macromolecule	response to stimulus	involved_in	PMID:21737690	RGD	7	6
P52909	Jund	10116	Rattus norvegicus	GO:1904584	cellular response to polyamine macromolecule	response to stimulus	involved_in	PMID:12198703	RGD	7	13
URS00002C6949_10116	Rattus norvegicus (Norway rat) rno-miR-222-3p	10116	Rattus norvegicus	GO:1904584	cellular response to polyamine macromolecule	response to stimulus	involved_in	PMID:21737690	RGD	7	8
Q94K66	ELIP2	3702	Arabidopsis thaliana	GO:0071486	cellular response to high light intensity	response to stimulus	involved_in	PMID:12676998	UniProt	7	11
P93735	ELIP1	3702	Arabidopsis thaliana	GO:0071486	cellular response to high light intensity	response to stimulus	involved_in	PMID:12676998	UniProt	7	9
Q9SJ02	SEP2	3702	Arabidopsis thaliana	GO:0071486	cellular response to high light intensity	response to stimulus	involved_in	PMID:10725357	UniProt	7	3
Q1PCB0	PNPO	7091	Bombyx mori	GO:0002168	instar larval development	developmental process	involved_in	PMID:27106120	UniProt	7	4
Q5W7F4	ADAMTS-1	7091	Bombyx mori	GO:0002168	instar larval development	developmental process	involved_in	PMID:28943345	UniProt	7	7
Q8BGU2	Cbln2	10090	Mus musculus	GO:0099550	trans-synaptic signaling, modulating synaptic transmission	biological regulation	involved_in	PMID:36205393	SynGO	7	4
Q9CS84	Nrxn1	10090	Mus musculus	GO:0099550	trans-synaptic signaling, modulating synaptic transmission	biological regulation	involved_in	PMID:36205393	SynGO	7	4
Q9R171	Cbln1	10090	Mus musculus	GO:0099550	trans-synaptic signaling, modulating synaptic transmission	biological regulation	involved_in	PMID:36205393	SynGO	7	2
Q93V99	PDF2	3702	Arabidopsis thaliana	GO:0010029	regulation of seed germination	biological regulation	involved_in	PMID:24989044	UniProt	7	2
Q8GXW1	RGL2	3702	Arabidopsis thaliana	GO:0010029	regulation of seed germination	biological regulation	involved_in	PMID:24989044	UniProt	7	5
Q93Z00	TCP14	3702	Arabidopsis thaliana	GO:0010029	regulation of seed germination	biological regulation	acts_upstream_of_or_within	PMID:17953649	TAIR	7	1
O65370	CCaP2	3702	Arabidopsis thaliana	GO:0071370	cellular response to gibberellin stimulus	response to stimulus	acts_upstream_of_positive_effect	PMID:17145720	UniProt	6	11
Q9LX34	CCaP3	3702	Arabidopsis thaliana	GO:0071370	cellular response to gibberellin stimulus	response to stimulus	acts_upstream_of_positive_effect	PMID:17145720	UniProt	6	11
Q43348	BFRUCT3	3702	Arabidopsis thaliana	GO:0071370	cellular response to gibberellin stimulus	response to stimulus	involved_in	PMID:15056893	UniProt	6	5
A0A0G2JVC1	Mdm2	10116	Rattus norvegicus	GO:0045472	response to ether	response to stimulus	involved_in	PMID:16790648	RGD	6	17
P01143	Crh	10116	Rattus norvegicus	GO:0045472	response to ether	response to stimulus	involved_in	PMID:21621194	RGD	6	16
P10937	Pnmt	10116	Rattus norvegicus	GO:0045472	response to ether	response to stimulus	involved_in	PMID:19120141	RGD	6	13
Q9FNL7	NPF5.2	3702	Arabidopsis thaliana	GO:0043201	response to L-leucine	response to stimulus	acts_upstream_of_or_within	PMID:15889294	TAIR	6	7
Q9QYK2	Ppargc1a	10116	Rattus norvegicus	GO:0043201	response to L-leucine	response to stimulus	involved_in	PMID:22612562	RGD	6	50
O88763	Pik3c3	10116	Rattus norvegicus	GO:0043201	response to L-leucine	response to stimulus	involved_in	PMID:19015198	RGD	6	1
A0A0G2K470	Itga2	10116	Rattus norvegicus	GO:0030879	mammary gland development	developmental process	involved_in	PMID:11341970	RGD	6	11
A0A0G2K7N9	Arhgap5	10116	Rattus norvegicus	GO:0030879	mammary gland development	developmental process	involved_in	PMID:10939588	RGD	6	1
Q62956	Erbb4	10116	Rattus norvegicus	GO:0030879	mammary gland development	developmental process	involved_in	PMID:10653587	RGD	6	16
P21750	sala	7227	Drosophila melanogaster	GO:0007369	gastrulation	developmental process	involved_in	PMID:15716118	FlyBase	6	1
A0A1D5PFJ6	HSPA8	9031	Gallus gallus	GO:0007369	gastrulation	developmental process	involved_in	PMID:9707581	AgBase	6	3
A1ZBV0	Dmel\CG13427	7227	Drosophila melanogaster	GO:0007369	gastrulation	developmental process	involved_in	PMID:15716118	FlyBase	6	1
P08154	Egr1	10116	Rattus norvegicus	GO:0071383	cellular response to steroid hormone stimulus	response to stimulus	involved_in	PMID:21257751	RGD	6	27
P10646	TFPI	9606	Homo sapiens	GO:0071383	cellular response to steroid hormone stimulus	response to stimulus	involved_in	PMID:21868574	UniProt	6	1
P15207	Ar	10116	Rattus norvegicus	GO:0071383	cellular response to steroid hormone stimulus	response to stimulus	involved_in	PMID:2341409	RGD	6	10
Q59RW5	HXK1	237561	Candida albicans SC5314	GO:0006046	N-acetylglucosamine catabolic process	metabolic process	involved_in	PMID:11114181	CGD	6	2
Q04802	NAG1	237561	Candida albicans SC5314	GO:0006046	N-acetylglucosamine catabolic process	metabolic process	involved_in	PMID:11114181	CGD	6	2
A0A1D8PQG3	DAC1	237561	Candida albicans SC5314	GO:0006046	N-acetylglucosamine catabolic process	metabolic process	involved_in	PMID:11298769	CGD	6	2
A8BPK8	plk	184922	Giardia lamblia ATCC 50803	GO:0000278	mitotic cell cycle	unclassified	involved_in	PMID:35772734	UniProt	6	1
P38413	P38413	5741	Giardia duodenalis	GO:0000278	mitotic cell cycle	unclassified	involved_in	PMID:31088539	UniProt	6	1
O24610	CAP-D3	3702	Arabidopsis thaliana	GO:0000278	mitotic cell cycle	unclassified	involved_in	PMID:23929493	UniProt	6	1
A0A8J0VGT3	nt5e.L	8355	Xenopus laevis	GO:0072497	mesenchymal stem cell differentiation	developmental process	acts_upstream_of_or_within	PMID:33892293	Xenbase	6	1
A0A8J0QQM9	thy1	8364	Xenopus tropicalis	GO:0072497	mesenchymal stem cell differentiation	developmental process	acts_upstream_of_or_within	PMID:33892293	Xenbase	6	1
A0A1L8G9G1	nt5e.L	8355	Xenopus laevis	GO:0072497	mesenchymal stem cell differentiation	developmental process	acts_upstream_of_or_within	PMID:33892293	Xenbase	6	1
A0A6I8PLY7	trim36	8364	Xenopus tropicalis	GO:0005938	cell cortex	cellular component	is_active_in	PMID:23615278	Xenbase	6	1
A0A8J0SN25	trim36	8364	Xenopus tropicalis	GO:0005938	cell cortex	cellular component	is_active_in	PMID:23615278	Xenbase	6	1
Q0VA02	trim36	8364	Xenopus tropicalis	GO:0005938	cell cortex	cellular component	is_active_in	PMID:23615278	Xenbase	6	1
P14844	Ccl2	10116	Rattus norvegicus	GO:0060137	maternal process involved in parturition	unclassified	involved_in	PMID:18606702	RGD	6	40
P70536	Oxtr	10116	Rattus norvegicus	GO:0060137	maternal process involved in parturition	unclassified	involved_in	PMID:18936075	RGD	6	17
A0A8I5XWT0	Cd55	10116	Rattus norvegicus	GO:0060137	maternal process involved in parturition	unclassified	involved_in	PMID:12746283	RGD	6	3
P21575	Dnm1	10116	Rattus norvegicus	GO:1904645	response to amyloid-beta	response to stimulus	involved_in	PMID:20847448	RGD	6	1
P07825	Syp	10116	Rattus norvegicus	GO:1904645	response to amyloid-beta	response to stimulus	involved_in	PMID:20847448	RGD	6	4
P49950	Bcl2	10116	Rattus norvegicus	GO:1904645	response to amyloid-beta	response to stimulus	involved_in	PMID:18374914	RGD	6	38
Q99MH3	Hamp	10116	Rattus norvegicus	GO:0071481	cellular response to X-ray	response to stimulus	involved_in	PMID:17090718	RGD	6	12
P39052	Dnm2	10116	Rattus norvegicus	GO:0071481	cellular response to X-ray	response to stimulus	involved_in	PMID:15994918	RGD	6	8
Q07266	Dbn1	10116	Rattus norvegicus	GO:0071481	cellular response to X-ray	response to stimulus	involved_in	PMID:23578130	RGD	6	8
A0A8J1M9Y7	kmt2d.L	8355	Xenopus laevis	GO:0005737	cytoplasm	cellular component	is_active_in	PMID:31813957	Xenbase	6	1
P69853	dmsD	83333	Escherichia coli K-12	GO:0005737	cytoplasm	cellular component	located_in	PMID:12813051	EcoCyc	6	1
A0A8J0UGK2	kmt2d.L	8355	Xenopus laevis	GO:0005737	cytoplasm	cellular component	is_active_in	PMID:31813957	Xenbase	6	1
Q4KSH7	Map2k7	10116	Rattus norvegicus	GO:0072709	cellular response to sorbitol	response to stimulus	involved_in	PMID:20550965	RGD	6	1
Q96262	PCAP1	3702	Arabidopsis thaliana	GO:0072709	cellular response to sorbitol	response to stimulus	involved_in	PMID:17264065	UniProt	6	12
A0ABK0L269	Map2k4	10116	Rattus norvegicus	GO:0072709	cellular response to sorbitol	response to stimulus	involved_in	PMID:20550965	RGD	6	1
Q00495	Csf1r	10116	Rattus norvegicus	GO:1903131	mononuclear cell differentiation	developmental process	involved_in	PMID:23110133	RGD	6	14
P12841	Fos	10116	Rattus norvegicus	GO:1903131	mononuclear cell differentiation	developmental process	involved_in	PMID:23110133	RGD	6	32
A0ABK0LKK6	Dcstamp	10116	Rattus norvegicus	GO:1903131	mononuclear cell differentiation	developmental process	involved_in	PMID:23110133	RGD	6	3
P02401	Rplp2	10116	Rattus norvegicus	GO:1904401	cellular response to Thyroid stimulating hormone	response to stimulus	involved_in	PMID:1850354	RGD	6	2
P19944	Rplp1	10116	Rattus norvegicus	GO:1904401	cellular response to Thyroid stimulating hormone	response to stimulus	involved_in	PMID:1850354	RGD	6	2
P62425	Rpl7a	10116	Rattus norvegicus	GO:1904401	cellular response to Thyroid stimulating hormone	response to stimulus	involved_in	PMID:2303158	RGD	6	1
O35767	Nkx2-5	10116	Rattus norvegicus	GO:0055007	cardiac muscle cell differentiation	developmental process	involved_in	PMID:20486789	RGD	6	4
O35094	Timm44	10116	Rattus norvegicus	GO:0055007	cardiac muscle cell differentiation	developmental process	involved_in	PMID:12388124	RGD	6	2
P18418	Calr	10116	Rattus norvegicus	GO:0055007	cardiac muscle cell differentiation	developmental process	involved_in	PMID:9011638	RGD	6	11
P10687	Plcb1	10116	Rattus norvegicus	GO:0007612	learning	unclassified	involved_in	PMID:15159145	RGD	6	3
Q63053	Arc	10116	Rattus norvegicus	GO:0007612	learning	unclassified	involved_in	PMID:20111591	RGD	6	8
O35274	Ppp1r9b	10116	Rattus norvegicus	GO:0007612	learning	unclassified	involved_in	PMID:24069387	RGD	6	21
P63161	Kcne2	10116	Rattus norvegicus	GO:0043586	tongue development	developmental process	involved_in	PMID:15365256	RGD	6	1
P06494	Erbb2	10116	Rattus norvegicus	GO:0043586	tongue development	developmental process	involved_in	PMID:10908606	RGD	6	12
A0ABK0LZB0	Egfr	10116	Rattus norvegicus	GO:0043586	tongue development	developmental process	involved_in	PMID:10908606	RGD	6	21
Q28862	IBSP	9913	Bos taurus	GO:0030282	bone mineralization	developmental process	involved_in	PMID:7798325	UniProt	6	1
Q6P7C7	Gpnmb	10116	Rattus norvegicus	GO:0030282	bone mineralization	developmental process	involved_in	PMID:11746512	RGD	6	2
O15528	CYP27B1	9606	Homo sapiens	GO:0030282	bone mineralization	developmental process	involved_in	PMID:17023519	BHF-UCL	6	1
Q99MH3	Hamp	10116	Rattus norvegicus	GO:0036017	response to erythropoietin	response to stimulus	involved_in	PMID:18306987	RGD	6	12
A0ABK0M473	Bcl2	10116	Rattus norvegicus	GO:0036017	response to erythropoietin	response to stimulus	involved_in	PMID:26261574	RGD	6	38
P49950	Bcl2	10116	Rattus norvegicus	GO:0036017	response to erythropoietin	response to stimulus	involved_in	PMID:26261574	RGD	6	38
P49950	Bcl2	10116	Rattus norvegicus	GO:0036269	swimming behavior	unclassified	involved_in	PMID:33574912	RGD	6	38
P56819	Bace1	10116	Rattus norvegicus	GO:0036269	swimming behavior	unclassified	involved_in	PMID:33574912	RGD	6	7
Q63690	Bax	10116	Rattus norvegicus	GO:0036269	swimming behavior	unclassified	involved_in	PMID:33574912	RGD	6	14
P08592	App	10116	Rattus norvegicus	GO:0043523	regulation of neuron apoptotic process	biological regulation	involved_in	PMID:33574912	RGD	6	11
Q63690	Bax	10116	Rattus norvegicus	GO:0043523	regulation of neuron apoptotic process	biological regulation	involved_in	PMID:33574912	RGD	6	14
P49950	Bcl2	10116	Rattus norvegicus	GO:0043523	regulation of neuron apoptotic process	biological regulation	involved_in	PMID:33574912	RGD	6	38
A0AC58IVT0	ntrk3a	7955	Danio rerio	GO:0043066	negative regulation of apoptotic process	biological regulation	acts_upstream_of_or_within	PMID:11023682	ZFIN	6	2
A0AC58IVS9	ntrk3a	7955	Danio rerio	GO:0043066	negative regulation of apoptotic process	biological regulation	acts_upstream_of_or_within	PMID:11023682	ZFIN	6	2
O88600	Hspa4	10116	Rattus norvegicus	GO:0043066	negative regulation of apoptotic process	biological regulation	involved_in	PMID:21857080	RGD	6	3
Q6R8H1	Q6R8H1	29729	Gossypium arboreum	GO:0048653	anther development	developmental process	involved_in	PMID:15133151	AgBase	6	4
Q2I823	ACS2	3635	Gossypium hirsutum	GO:0048653	anther development	developmental process	involved_in	PMID:18826432	AgBase	6	1
A1XJ44	ADF7	3635	Gossypium hirsutum	GO:0048653	anther development	developmental process	involved_in	PMID:19861654	AgBase	6	1
A2XEA0	NSHB4	39946	Oryza sativa Indica Group	GO:0072732	cellular response to calcium ion starvation	response to stimulus	involved_in	PMID:29044557	UniProt	6	5
Q6IN02	Ppp1r15a	10116	Rattus norvegicus	GO:0072732	cellular response to calcium ion starvation	response to stimulus	involved_in	PMID:9878749	RGD	6	17
A2XE98	NSHB1	39946	Oryza sativa Indica Group	GO:0072732	cellular response to calcium ion starvation	response to stimulus	involved_in	PMID:29044557	UniProt	6	7
P53563	Bcl2l1	10116	Rattus norvegicus	GO:0036018	cellular response to erythropoietin	response to stimulus	involved_in	PMID:22293409	RGD	6	23
P02795	MT2A	9606	Homo sapiens	GO:0036018	cellular response to erythropoietin	response to stimulus	involved_in	PMID:11168427	UniProt	6	3
P80297	MT1X	9606	Homo sapiens	GO:0036018	cellular response to erythropoietin	response to stimulus	involved_in	PMID:11168427	UniProt	6	3
A7VJC2	Hnrnpa2b1	10116	Rattus norvegicus	GO:0099524	postsynaptic cytosol	cellular component	is_active_in	PMID:25286195	SynGO	6	8
P51432	Plcb3	10090	Mus musculus	GO:0099524	postsynaptic cytosol	cellular component	is_active_in	PMID:17298601	SynGO	6	1
Q13526	PIN1	9606	Homo sapiens	GO:0099524	postsynaptic cytosol	cellular component	is_active_in	PMID:28458925	SynGO	6	2
P18331	Inhba	10116	Rattus norvegicus	GO:0090650	cellular response to oxygen-glucose deprivation	response to stimulus	involved_in	PMID:27769861	RGD	6	6
Q91XJ1	Becn1	10116	Rattus norvegicus	GO:0090650	cellular response to oxygen-glucose deprivation	response to stimulus	involved_in	PMID:27769861	RGD	6	13
B5DEF4	Dram1	10116	Rattus norvegicus	GO:0090650	cellular response to oxygen-glucose deprivation	response to stimulus	involved_in	PMID:30144448	RGD	6	1
P22561	Wt1	10090	Mus musculus	GO:0072015	podocyte development	developmental process	involved_in	PMID:18618131	UniProt	6	3
O35516	Notch2	10090	Mus musculus	GO:0072015	podocyte development	developmental process	involved_in	PMID:15821257	UniProt	6	3
Q9WTQ2	Podxl	10116	Rattus norvegicus	GO:0072015	podocyte development	developmental process	involved_in	PMID:15994232	UniProt	6	1
Q03456	fur	208964	Pseudomonas aeruginosa PAO1	GO:0001217	DNA-binding transcription repressor activity	biological regulation	enables	PMID:21546589	CollecTF	6	5
Q5F961	NGO_0542	242231	Neisseria gonorrhoeae FA 1090	GO:0001217	DNA-binding transcription repressor activity	biological regulation	enables	PMID:19854902	CollecTF	6	4
Q6FU91	ZCF11	284593	Nakaseomyces glabratus CBS 138	GO:0001217	DNA-binding transcription repressor activity	biological regulation	enables	PMID:40175304	CGD	6	2
Q5F961	NGO_0542	242231	Neisseria gonorrhoeae FA 1090	GO:0032993	protein-DNA complex	cellular component	part_of	PMID:19854902	CollecTF	6	4
P0A3E5	fur	257311	Bordetella parapertussis 12822	GO:0032993	protein-DNA complex	cellular component	part_of	PMID:9079904	CollecTF	6	4
Q03456	fur	208964	Pseudomonas aeruginosa PAO1	GO:0032993	protein-DNA complex	cellular component	part_of	PMID:21546589	CollecTF	6	5
D3ZBQ1	Foxo3	10116	Rattus norvegicus	GO:1990785	response to water-immersion restraint stress	response to stimulus	involved_in	PMID:23079979	RGD	6	8
Q5XVC4	MDP60	3702	Arabidopsis thaliana	GO:1990785	response to water-immersion restraint stress	response to stimulus	involved_in	PMID:31638649	UniProt	6	4
P43114	Ptger4	10116	Rattus norvegicus	GO:1990785	response to water-immersion restraint stress	response to stimulus	involved_in	PMID:10882227	RGD	6	11
P83870	Phf5a	10090	Mus musculus	GO:0048863	stem cell differentiation	developmental process	involved_in	PMID:27749823	UniProt	6	1
P04640	Bglap	10116	Rattus norvegicus	GO:0048863	stem cell differentiation	developmental process	involved_in	PMID:19840645	RGD	6	22
P52947	Pdx1	10116	Rattus norvegicus	GO:0048863	stem cell differentiation	developmental process	involved_in	PMID:19382247	RGD	6	18
P11167	Slc2a1	10116	Rattus norvegicus	GO:1904016	response to Thyroglobulin triiodothyronine	response to stimulus	involved_in	PMID:16581179	RGD	6	7
D3ZUM4	Glb1	10116	Rattus norvegicus	GO:1904016	response to Thyroglobulin triiodothyronine	response to stimulus	involved_in	PMID:414795	RGD	6	2
O88496	Ggcx	10116	Rattus norvegicus	GO:1904016	response to Thyroglobulin triiodothyronine	response to stimulus	involved_in	PMID:2717270	RGD	6	8
Q8CHT1	Ngef	10090	Mus musculus	GO:1905806	regulation of synapse pruning	biological regulation	involved_in	PMID:17143272	SynGO	6	2
Q61735	Cd47	10090	Mus musculus	GO:1905806	regulation of synapse pruning	biological regulation	involved_in	PMID:30308165	SynGO	6	8
O08701	Arg2	10116	Rattus norvegicus	GO:0071353	cellular response to interleukin-4	response to stimulus	involved_in	PMID:14618299	RGD	6	21
P23772	Gata3	10090	Mus musculus	GO:0071353	cellular response to interleukin-4	response to stimulus	involved_in	PMID:20696860	UniProt	6	1
Q9JI24	Il24	10116	Rattus norvegicus	GO:0071353	cellular response to interleukin-4	response to stimulus	involved_in	PMID:12182458	RGD	6	2
Q9T0H2	SMAP1	3702	Arabidopsis thaliana	GO:0040029	epigenetic regulation of gene expression	biological regulation	acts_upstream_of_or_within	PMID:16923017	TAIR	6	1
O88509	Dnmt3b	10090	Mus musculus	GO:0040029	epigenetic regulation of gene expression	biological regulation	involved_in	PMID:18814855	UniProt	6	1
F7EY92	Mbd3	10116	Rattus norvegicus	GO:0040029	epigenetic regulation of gene expression	biological regulation	involved_in	PMID:20735989	RGD	6	6
Q9VPG4	fbl	7227	Drosophila melanogaster	GO:0061024	membrane organization	unclassified	involved_in	PMID:11238410	FlyBase	6	1
Q8I0S6	fbl	7227	Drosophila melanogaster	GO:0061024	membrane organization	unclassified	involved_in	PMID:11238410	FlyBase	6	1
D8FT20	fbl	7227	Drosophila melanogaster	GO:0061024	membrane organization	unclassified	involved_in	PMID:11238410	FlyBase	6	1
P04755	nAChRbeta1	7227	Drosophila melanogaster	GO:0007271	synaptic transmission, cholinergic	biological regulation	involved_in	PMID:22137471	FlyBase	6	1
P09478	nAChRalpha1	7227	Drosophila melanogaster	GO:0007271	synaptic transmission, cholinergic	biological regulation	involved_in	PMID:22137471	FlyBase	6	1
Q9VWI9	nAChRalpha7	7227	Drosophila melanogaster	GO:0007271	synaptic transmission, cholinergic	biological regulation	involved_in	PMID:22137471	FlyBase	6	1
E9PT20	Abl1	10116	Rattus norvegicus	GO:0008306	associative learning	unclassified	involved_in	PMID:23532861	RGD	6	7
O09032	Elavl4	10116	Rattus norvegicus	GO:0008306	associative learning	unclassified	involved_in	PMID:15519747	RGD	6	7
P18901	Drd1	10116	Rattus norvegicus	GO:0008306	associative learning	unclassified	involved_in	PMID:23437091	RGD	6	17
P00973	OAS1	9606	Homo sapiens	GO:0070106	interleukin-27-mediated signaling pathway	response to stimulus	involved_in	PMID:32270034	ARUK-UCL	6	5
Q9Z2F2	Oasl2	10090	Mus musculus	GO:0070106	interleukin-27-mediated signaling pathway	response to stimulus	involved_in	PMID:32270034	ARUK-UCL	6	1
Q15646	OASL	9606	Homo sapiens	GO:0070106	interleukin-27-mediated signaling pathway	response to stimulus	involved_in	PMID:32270034	ARUK-UCL	6	1
F1LN63	Tlr3	10116	Rattus norvegicus	GO:0071360	cellular response to exogenous dsRNA	response to stimulus	involved_in	PMID:20937230	RGD	6	7
F7EXX5	Irf3	10116	Rattus norvegicus	GO:0071360	cellular response to exogenous dsRNA	response to stimulus	involved_in	PMID:18223009	RGD	6	1
P70499	Ifnb1	10116	Rattus norvegicus	GO:0071360	cellular response to exogenous dsRNA	response to stimulus	involved_in	PMID:18223009	RGD	6	6
P97690	Smc3	10116	Rattus norvegicus	GO:0051321	meiotic cell cycle	unclassified	involved_in	PMID:10652260	RGD	6	1
Q9Z1M9	Smc1a	10116	Rattus norvegicus	GO:0051321	meiotic cell cycle	unclassified	involved_in	PMID:10652260	RGD	6	1
Q5SQP1	Hormad2	10090	Mus musculus	GO:0051321	meiotic cell cycle	unclassified	involved_in	PMID:19851446	UniProt	6	1
Q924C3	Enpp1	10116	Rattus norvegicus	GO:0021772	olfactory bulb development	developmental process	involved_in	PMID:18565716	RGD	6	11
F1MA19	Efna2	10116	Rattus norvegicus	GO:0021772	olfactory bulb development	developmental process	involved_in	PMID:12234653	RGD	6	2
P39069	Ak1	10116	Rattus norvegicus	GO:0021772	olfactory bulb development	developmental process	involved_in	PMID:9920788	RGD	6	9
URS00000F11D1_10116	Rattus norvegicus (Norway rat) rno-miR-223-3p	10116	Rattus norvegicus	GO:1990911	response to psychosocial stress	response to stimulus	involved_in	PMID:31339402	RGD	6	6
URS00000D5CE2_10116	Rattus norvegicus (Norway rat) rno-miR-223-5p	10116	Rattus norvegicus	GO:1990911	response to psychosocial stress	response to stimulus	involved_in	PMID:31339402	RGD	6	6
URS00006291D1_10116	Rattus norvegicus (Norway rat) microRNA rno-mir-223 precursor	10116	Rattus norvegicus	GO:1990911	response to psychosocial stress	response to stimulus	involved_in	PMID:31339402	RGD	6	6
Q9FDX8	HD1	39947	Oryza sativa Japonica Group	GO:0048571	long-day photoperiodism	response to stimulus	involved_in	PMID:11148291	GR	6	2
Q9FRZ7	Hd1	39946	Oryza sativa Indica Group	GO:0048571	long-day photoperiodism	response to stimulus	involved_in	PMID:11148291	GR	6	2
F1MAG1	Agrp	10116	Rattus norvegicus	GO:0048571	long-day photoperiodism	response to stimulus	involved_in	PMID:19490367	RGD	6	6
Q9LYU4	GH3.12	3702	Arabidopsis thaliana	GO:0009863	salicylic acid mediated signaling pathway	response to stimulus	acts_upstream_of_or_within	PMID:17521413	TAIR	6	3
Q9ZT82	CALS12	3702	Arabidopsis thaliana	GO:0009863	salicylic acid mediated signaling pathway	response to stimulus	acts_upstream_of_or_within	PMID:10677553	TAIR	6	1
Q9C5Q9	PP2A5	3702	Arabidopsis thaliana	GO:0009863	salicylic acid mediated signaling pathway	response to stimulus	acts_upstream_of_or_within	PMID:30765478	TAIR	6	3
Q9SSA1	MYB57	3702	Arabidopsis thaliana	GO:0009867	jasmonic acid mediated signaling pathway	response to stimulus	acts_upstream_of_or_within	PMID:19325888	TAIR	6	2
Q9LK95	MYB21	3702	Arabidopsis thaliana	GO:0009867	jasmonic acid mediated signaling pathway	response to stimulus	acts_upstream_of_or_within	PMID:19325888	TAIR	6	3
Q9C5Q9	PP2A5	3702	Arabidopsis thaliana	GO:0009867	jasmonic acid mediated signaling pathway	response to stimulus	acts_upstream_of_or_within	PMID:30765478	TAIR	6	3
P36553	hemF	83333	Escherichia coli K-12	GO:0033194	response to hydroperoxide	response to stimulus	acts_upstream_of_or_within	PMID:25664592	EcoCyc	6	1
G3V926	Chuk	10116	Rattus norvegicus	GO:0033194	response to hydroperoxide	response to stimulus	involved_in	PMID:16028365	RGD	6	6
P06610	btuE	83333	Escherichia coli K-12	GO:0033194	response to hydroperoxide	response to stimulus	acts_upstream_of_or_within	PMID:20621065	EcoCyc	6	1
Q61144	Psen2	10090	Mus musculus	GO:0140249	protein catabolic process at postsynapse	metabolic process	involved_in	PMID:23083742	SynGO	6	3
P49769	Psen1	10090	Mus musculus	GO:0140249	protein catabolic process at postsynapse	metabolic process	involved_in	PMID:23083742	SynGO	6	3
P97571	Capn1	10116	Rattus norvegicus	GO:0140249	protein catabolic process at postsynapse	metabolic process	involved_in	PMID:24285894	SynGO	6	3
Q9RY80	ddrB	243230	Deinococcus radiodurans R1 = ATCC 13939 = DSM 20539	GO:0071465	cellular response to desiccation	response to stimulus	involved_in	PMID:15454524	UniProt	6	2
O32504	pprA	243230	Deinococcus radiodurans R1 = ATCC 13939 = DSM 20539	GO:0071465	cellular response to desiccation	response to stimulus	involved_in	PMID:15454524	UniProt	6	2
Q9RX92	ddrA	243230	Deinococcus radiodurans R1 = ATCC 13939 = DSM 20539	GO:0071465	cellular response to desiccation	response to stimulus	involved_in	PMID:15454524	UniProt	6	2
O35094	Timm44	10116	Rattus norvegicus	GO:1905242	response to 3,3',5-triiodo-L-thyronine	response to stimulus	involved_in	PMID:12388124	RGD	6	2
Q62760	Tomm20	10116	Rattus norvegicus	GO:1905242	response to 3,3',5-triiodo-L-thyronine	response to stimulus	involved_in	PMID:9843712	RGD	6	2
Q06646	Atp5mc2	10116	Rattus norvegicus	GO:1905242	response to 3,3',5-triiodo-L-thyronine	response to stimulus	involved_in	PMID:9163327	RGD	6	2
P29826	RT1-Bb	10116	Rattus norvegicus	GO:0071315	cellular response to morphine	response to stimulus	involved_in	PMID:14742686	RGD	6	4
P50231	Ccl5	10116	Rattus norvegicus	GO:0071315	cellular response to morphine	response to stimulus	involved_in	PMID:20578038	RGD	6	27
Q641Y5	Atg7	10116	Rattus norvegicus	GO:0071315	cellular response to morphine	response to stimulus	involved_in	PMID:23800874	RGD	6	7
Q8WWU5	TCP11	9606	Homo sapiens	GO:0007281	germ cell development	developmental process	involved_in	PMID:1893875	UniProt	6	1
Q86YF9	DZIP1	9606	Homo sapiens	GO:0007281	germ cell development	developmental process	involved_in	PMID:15081113	UniProt	6	1
O35462	Angpt2	10116	Rattus norvegicus	GO:0007281	germ cell development	developmental process	involved_in	PMID:18996974	RGD	6	9
Q01714	Sp1	10116	Rattus norvegicus	GO:1904568	cellular response to wortmannin	response to stimulus	involved_in	PMID:17272396	RGD	6	3
P06211	Esr1	10116	Rattus norvegicus	GO:1904568	cellular response to wortmannin	response to stimulus	involved_in	PMID:17272396	RGD	6	8
O35800	Hif1a	10116	Rattus norvegicus	GO:1904568	cellular response to wortmannin	response to stimulus	involved_in	PMID:17272396	RGD	6	41
O35811	P2ry4	10116	Rattus norvegicus	GO:0099509	regulation of presynaptic cytosolic calcium ion concentration	unclassified	involved_in	PMID:16000618	SynGO	6	4
P49653	P2rx2	10116	Rattus norvegicus	GO:0099509	regulation of presynaptic cytosolic calcium ion concentration	unclassified	involved_in	PMID:16000618	SynGO	6	4
P49651	P2ry1	10116	Rattus norvegicus	GO:0099509	regulation of presynaptic cytosolic calcium ion concentration	unclassified	involved_in	PMID:16000618	SynGO	6	5
P47824	P2rx1	10116	Rattus norvegicus	GO:2000300	regulation of synaptic vesicle exocytosis	biological regulation	involved_in	PMID:16000618	SynGO	6	5
P41232	P2ry2	10116	Rattus norvegicus	GO:2000300	regulation of synaptic vesicle exocytosis	biological regulation	involved_in	PMID:16000618	SynGO	6	9
O35811	P2ry4	10116	Rattus norvegicus	GO:2000300	regulation of synaptic vesicle exocytosis	biological regulation	involved_in	PMID:16000618	SynGO	6	4
Q42569	CYP90A1	3702	Arabidopsis thaliana	GO:0010268	brassinosteroid homeostasis	unclassified	acts_upstream_of_or_within	PMID:15908602	TAIR	6	1
Q38944	DET2	3702	Arabidopsis thaliana	GO:0010268	brassinosteroid homeostasis	unclassified	acts_upstream_of_or_within	PMID:15908602	TAIR	6	1
Q9FMA5	CYP85A1	3702	Arabidopsis thaliana	GO:0010268	brassinosteroid homeostasis	unclassified	acts_upstream_of_or_within	PMID:15908602	TAIR	6	2
Q9LJR2	LEC	3702	Arabidopsis thaliana	GO:0071395	cellular response to jasmonic acid stimulus	response to stimulus	involved_in	PMID:19214436	UniProt	6	5
Q84SM8	JF67	3329	Picea abies	GO:0071395	cellular response to jasmonic acid stimulus	response to stimulus	involved_in	PMID:12602896	UniProt	6	1
Q9LVW3	A3G2XYLT	3702	Arabidopsis thaliana	GO:0071395	cellular response to jasmonic acid stimulus	response to stimulus	involved_in	PMID:19596700	UniProt	6	2
Q8VZ59	YUC6	3702	Arabidopsis thaliana	GO:0010262	somatic embryogenesis	developmental process	acts_upstream_of_or_within	PMID:36345646	TAIR	6	2
O49312	YUC7	3702	Arabidopsis thaliana	GO:0010262	somatic embryogenesis	developmental process	acts_upstream_of_or_within	PMID:36345646	TAIR	6	1
Q9M2U5	EP3	3702	Arabidopsis thaliana	GO:0010262	somatic embryogenesis	developmental process	acts_upstream_of_or_within	PMID:11525512	TAIR	6	3
P24704	CSD1	3702	Arabidopsis thaliana	GO:0071493	cellular response to UV-B	response to stimulus	involved_in	PMID:9765550	UniProt	6	14
Q9SJI7	At2g42690	3702	Arabidopsis thaliana	GO:0071493	cellular response to UV-B	response to stimulus	involved_in	PMID:15181214	UniProt	6	1
P17078	Rpl35	10116	Rattus norvegicus	GO:0071493	cellular response to UV-B	response to stimulus	involved_in	PMID:10483362	RGD	6	1
P08427	Sftpa1	10116	Rattus norvegicus	GO:0070741	response to interleukin-6	response to stimulus	involved_in	PMID:11000512	RGD	6	12
P07379	Pck1	10116	Rattus norvegicus	GO:0070741	response to interleukin-6	response to stimulus	involved_in	PMID:17805558	RGD	6	23
P00884	Aldob	10116	Rattus norvegicus	GO:0070741	response to interleukin-6	response to stimulus	involved_in	PMID:7625825	RGD	6	11
P16599	Tnf	10116	Rattus norvegicus	GO:0036005	response to macrophage colony-stimulating factor	response to stimulus	involved_in	PMID:24882100	RGD	6	43
P08721	Spp1	10116	Rattus norvegicus	GO:0036005	response to macrophage colony-stimulating factor	response to stimulus	involved_in	PMID:7669437	RGD	6	3
P01237	Prl	10116	Rattus norvegicus	GO:0036005	response to macrophage colony-stimulating factor	response to stimulus	involved_in	PMID:24882100	RGD	6	16
P26644	Apoh	10116	Rattus norvegicus	GO:0034014	response to triglyceride	response to stimulus	involved_in	PMID:21472381	RGD	6	1
P02651	Apoa4	10116	Rattus norvegicus	GO:0034014	response to triglyceride	response to stimulus	involved_in	PMID:21472381	RGD	6	2
P17475	Serpina1	10116	Rattus norvegicus	GO:0034014	response to triglyceride	response to stimulus	involved_in	PMID:10362649	RGD	6	5
P97562	Acox2	10116	Rattus norvegicus	GO:0006631	fatty acid metabolic process	metabolic process	involved_in	PMID:8947475	RGD	6	1
Q03061	Crem	10116	Rattus norvegicus	GO:0006631	fatty acid metabolic process	metabolic process	involved_in	PMID:14534319	RGD	6	4
P07483	Fabp3	10116	Rattus norvegicus	GO:0006631	fatty acid metabolic process	metabolic process	involved_in	PMID:3036869	RGD	6	4
P04613	tat	11697	Human immunodeficiency virus type 1 (MAL ISOLATE)	GO:0019080	viral gene expression	unclassified	involved_in	PMID:10206951	DisProt	6	1
P04610	tat	11686	Human immunodeficiency virus type 1 (BRU ISOLATE)	GO:0019080	viral gene expression	unclassified	involved_in	PMID:10206951	DisProt	6	2
P12506	tat	11683	Human immunodeficiency virus type 1 (Z2/CDC-Z34 ISOLATE)	GO:0019080	viral gene expression	unclassified	involved_in	PMID:10206951	DisProt	6	1
Q09054	GAPC2	4577	Zea mays	GO:0034059	response to anoxia	response to stimulus	NOT|involved_in	PMID:2535522	AgBase	6	2
Q43247	GAPC3	4577	Zea mays	GO:0034059	response to anoxia	response to stimulus	involved_in	PMID:9037163	AgBase	6	6
Q920D5	Casp12	10116	Rattus norvegicus	GO:0034059	response to anoxia	response to stimulus	involved_in	PMID:17083921	RGD	6	10
P04757	Chrna3	10116	Rattus norvegicus	GO:0034465	response to carbon monoxide	response to stimulus	involved_in	PMID:24704181	RGD	6	3
P22985	Xdh	10116	Rattus norvegicus	GO:0034465	response to carbon monoxide	response to stimulus	involved_in	PMID:8248931	RGD	6	6
P08154	Egr1	10116	Rattus norvegicus	GO:0034465	response to carbon monoxide	response to stimulus	involved_in	PMID:16551742	RGD	6	27
P61169	Drd2	10116	Rattus norvegicus	GO:0014854	response to inactivity	response to stimulus	involved_in	PMID:17511973	RGD	6	15
P06536	Nr3c1	10116	Rattus norvegicus	GO:0014854	response to inactivity	response to stimulus	involved_in	PMID:22036623	RGD	6	13
P04762	Cat	10116	Rattus norvegicus	GO:0014854	response to inactivity	response to stimulus	involved_in	PMID:15638087	RGD	6	21
P33436	Mmp2	10116	Rattus norvegicus	GO:0001553	luteinization	developmental process	involved_in	PMID:10537164	RGD	6	16
Q63449	Pgr	10116	Rattus norvegicus	GO:0001553	luteinization	developmental process	involved_in	PMID:8344215	RGD	6	11
Q8R4C0	Capn5	10116	Rattus norvegicus	GO:0001553	luteinization	developmental process	involved_in	PMID:19415717	RGD	6	3
Q8R500	Mfn2	10116	Rattus norvegicus	GO:1903576	response to L-arginine	response to stimulus	involved_in	PMID:28483572	RGD	6	24
Q920P6	Ada	10116	Rattus norvegicus	GO:1903576	response to L-arginine	response to stimulus	involved_in	PMID:22623885	RGD	6	5
Q63707	Dhodh	10116	Rattus norvegicus	GO:1903576	response to L-arginine	response to stimulus	involved_in	PMID:6167833	RGD	6	6
R4ZGN4	AXOR	409370	Blastobotrys adeninivorans	GO:0071242	cellular response to ammonium ion	response to stimulus	involved_in	PMID:23773263	UniProt	6	2
Q8L8Y3	CEP1	3702	Arabidopsis thaliana	GO:0071242	cellular response to ammonium ion	response to stimulus	involved_in	PMID:24179096	UniProt	6	10
Q01827	Slc18a2	10116	Rattus norvegicus	GO:0071242	cellular response to ammonium ion	response to stimulus	involved_in	PMID:20534840	RGD	6	10
P42330	AKR1C3	9606	Homo sapiens	GO:0030216	keratinocyte differentiation	developmental process	involved_in	PMID:22170488	UniProt	6	7
Q13443	ADAM9	9606	Homo sapiens	GO:0030216	keratinocyte differentiation	developmental process	involved_in	PMID:17704059	BHF-UCL	6	2
P41221	WNT5A	9606	Homo sapiens	GO:0030216	keratinocyte differentiation	developmental process	involved_in	PMID:19399181	BHF-UCL	6	7
P39065	acuA	224308	Bacillus subtilis subsp. subtilis str. 168	GO:0009847	spore germination	developmental process	involved_in	PMID:17322312	UniProt	6	1
P22699	celA	44689	Dictyostelium discoideum	GO:0009847	spore germination	developmental process	acts_upstream_of_or_within	PMID:1869562	dictyBase	6	1
P15519	gerA	44689	Dictyostelium discoideum	GO:0009847	spore germination	developmental process	acts_upstream_of_or_within	PMID:2926809	dictyBase	6	1
Q80Z29	Nampt	10116	Rattus norvegicus	GO:0071479	cellular response to ionizing radiation	response to stimulus	involved_in	PMID:27681750	RGD	6	6
Q8R500	Mfn2	10116	Rattus norvegicus	GO:0071479	cellular response to ionizing radiation	response to stimulus	involved_in	PMID:26415228	RGD	6	24
P17246	Tgfb1	10116	Rattus norvegicus	GO:0071479	cellular response to ionizing radiation	response to stimulus	involved_in	PMID:25600523	RGD	6	29
P22071	Hsd3b1	10116	Rattus norvegicus	GO:0071288	cellular response to mercury ion	response to stimulus	involved_in	PMID:2253967	RGD	6	39
P20096	Il4	10116	Rattus norvegicus	GO:0071288	cellular response to mercury ion	response to stimulus	involved_in	PMID:7657819	RGD	6	9
P20248	CCNA2	9606	Homo sapiens	GO:0007265	Ras protein signal transduction	response to stimulus	involved_in	PMID:9054499	BHF-UCL	6	1
P38936	CDKN1A	9606	Homo sapiens	GO:0007265	Ras protein signal transduction	response to stimulus	involved_in	PMID:9054499	BHF-UCL	6	3
P42771	CDKN2A	9606	Homo sapiens	GO:0007265	Ras protein signal transduction	response to stimulus	involved_in	PMID:9054499	BHF-UCL	6	1
Q06710	PAX8	9606	Homo sapiens	GO:0072284	metanephric S-shaped body morphogenesis	developmental process	involved_in	PMID:1337742	UniProt	6	10
P22561	Wt1	10090	Mus musculus	GO:0072284	metanephric S-shaped body morphogenesis	developmental process	involved_in	PMID:18618131	UniProt	6	3
P63007	Lhx1	10116	Rattus norvegicus	GO:0072284	metanephric S-shaped body morphogenesis	developmental process	involved_in	PMID:9496787	UniProt	6	7
P24232	hmp	83333	Escherichia coli K-12	GO:0051409	response to nitrosative stress	response to stimulus	acts_upstream_of_or_within	PMID:8808940	EcoCyc	6	2
P9WJ93	hmp	83332	Mycobacterium tuberculosis H37Rv	GO:0051409	response to nitrosative stress	response to stimulus	involved_in	PMID:10348862	MTBBASE	6	2
P9WMK1	hspX	83332	Mycobacterium tuberculosis H37Rv	GO:0051409	response to nitrosative stress	response to stimulus	involved_in	PMID:9864257	MTBBASE	6	8
P98161	PKD1	9606	Homo sapiens	GO:0072164	mesonephric tubule development	developmental process	involved_in	PMID:11891195	UniProt	6	14
Q13563	PKD2	9606	Homo sapiens	GO:0072164	mesonephric tubule development	developmental process	involved_in	PMID:11891195	UniProt	6	17
P63007	Lhx1	10116	Rattus norvegicus	GO:0072164	mesonephric tubule development	developmental process	involved_in	PMID:9496787	UniProt	6	7
Q06710	PAX8	9606	Homo sapiens	GO:0001658	branching involved in ureteric bud morphogenesis	developmental process	involved_in	PMID:1337742	UniProt	6	10
Q13563	PKD2	9606	Homo sapiens	GO:0001658	branching involved in ureteric bud morphogenesis	developmental process	involved_in	PMID:11891195	UniProt	6	17
P48434	SOX9	9031	Gallus gallus	GO:0001658	branching involved in ureteric bud morphogenesis	developmental process	involved_in	PMID:8787755	UniProt	6	5
Q94JR6	At3g59930	3702	Arabidopsis thaliana	GO:0120127	response to zinc ion starvation	response to stimulus	acts_upstream_of_or_within	PMID:37177878	TAIR	6	2
Q2V3J6	At4g11393	3702	Arabidopsis thaliana	GO:0120127	response to zinc ion starvation	response to stimulus	acts_upstream_of_or_within	PMID:37177878	TAIR	6	2
Q9KUL5	shyB	243277	Vibrio cholerae O1 biovar El Tor str. N16961	GO:0120127	response to zinc ion starvation	response to stimulus	involved_in	PMID:30782657	UniProt	6	2
Q9SZI6	GATA22	3702	Arabidopsis thaliana	GO:0009740	gibberellic acid mediated signaling pathway	response to stimulus	acts_upstream_of_or_within	PMID:20844019	TAIR	6	12
Q9LK95	MYB21	3702	Arabidopsis thaliana	GO:0009740	gibberellic acid mediated signaling pathway	response to stimulus	acts_upstream_of_or_within	PMID:19325888	TAIR	6	3
Q9ZQ85	EFM	3702	Arabidopsis thaliana	GO:0009740	gibberellic acid mediated signaling pathway	response to stimulus	acts_upstream_of_or_within	PMID:25132385	TAIR	6	2
Q5IBH7	Spdya	10090	Mus musculus	GO:0007140	male meiotic nuclear division	unclassified	involved_in	PMID:20339383	UniProt	6	1
Q9W1F6	fzr2	7227	Drosophila melanogaster	GO:0007140	male meiotic nuclear division	unclassified	involved_in	PMID:12194827	FlyBase	6	2
Q9CQP8	Catsperz	10090	Mus musculus	GO:0007140	male meiotic nuclear division	unclassified	involved_in	PMID:20339383	UniProt	6	1
Q71DJ5	LIP1	3702	Arabidopsis thaliana	GO:2000033	regulation of seed dormancy process	biological regulation	involved_in	PMID:24989044	UniProt	6	3
Q8RWU4	ATML1	3702	Arabidopsis thaliana	GO:2000033	regulation of seed dormancy process	biological regulation	involved_in	PMID:24989044	UniProt	6	2
Q8GXW1	RGL2	3702	Arabidopsis thaliana	GO:2000033	regulation of seed dormancy process	biological regulation	involved_in	PMID:24989044	UniProt	6	5
Q9LVI9	PYD1	3702	Arabidopsis thaliana	GO:0043562	cellular response to nitrogen levels	response to stimulus	acts_upstream_of_or_within	PMID:19413687	TAIR	6	1
Q8H183	PYD3	3702	Arabidopsis thaliana	GO:0043562	cellular response to nitrogen levels	response to stimulus	acts_upstream_of_or_within	PMID:19413687	TAIR	6	1
Q9SR86	At3g08860	3702	Arabidopsis thaliana	GO:0043562	cellular response to nitrogen levels	response to stimulus	acts_upstream_of_or_within	PMID:19413687	TAIR	6	1
Q9STW3	DMP3	3702	Arabidopsis thaliana	GO:0090693	plant organ senescence	developmental process	involved_in	PMID:20712629	UniProt	6	1
Q9LVF4	DMP1	3702	Arabidopsis thaliana	GO:0090693	plant organ senescence	developmental process	involved_in	PMID:22530652	UniProt	6	2
URS000075C84F_10116	Rattus norvegicus (Norway rat) microRNA rno-mir-125a precursor	10116	Rattus norvegicus	GO:0071388	cellular response to cortisone stimulus	response to stimulus	involved_in	PMID:23045399	RGD	6	5
URS00000AD002_10116	Rattus norvegicus (Norway rat) rno-miR-455-5p	10116	Rattus norvegicus	GO:0071388	cellular response to cortisone stimulus	response to stimulus	involved_in	PMID:23045399	RGD	6	1
URS000075D735_10116	Rattus norvegicus (Norway rat) microRNA rno-mir-455 precursor	10116	Rattus norvegicus	GO:0071388	cellular response to cortisone stimulus	response to stimulus	involved_in	PMID:23045399	RGD	6	1
P17654	AMY1.1	39947	Oryza sativa Japonica Group	GO:0005983	starch catabolic process	metabolic process	involved_in	PMID:2370848	GR	5	4
P27933	AMY1.3	39947	Oryza sativa Japonica Group	GO:0005983	starch catabolic process	metabolic process	involved_in	PMID:2370848	GR	5	4
Q6NPB2	Lst	7227	Drosophila melanogaster	GO:0071322	cellular response to carbohydrate stimulus	response to stimulus	involved_in	PMID:25651184	FlyBase	5	2
P09416	Myc	10116	Rattus norvegicus	GO:0071322	cellular response to carbohydrate stimulus	response to stimulus	involved_in	PMID:20694826	RGD	5	33
A0A0B4K7D0	Lst	7227	Drosophila melanogaster	GO:0071322	cellular response to carbohydrate stimulus	response to stimulus	involved_in	PMID:25651184	FlyBase	5	2
Q00960	Grin2b	10116	Rattus norvegicus	GO:1904644	cellular response to curcumin	response to stimulus	involved_in	PMID:19540859	RGD	5	37
A0ABK0LGW0	Ep300	10116	Rattus norvegicus	GO:1904644	cellular response to curcumin	response to stimulus	involved_in	PMID:18292809	RGD	5	23
A0A0G2K2A4	Myb	10116	Rattus norvegicus	GO:0014856	skeletal muscle cell proliferation	unclassified	involved_in	PMID:2447874	RGD	5	5
P27158	Tk1	10116	Rattus norvegicus	GO:0014856	skeletal muscle cell proliferation	unclassified	involved_in	PMID:15748706	RGD	5	8
P12841	Fos	10116	Rattus norvegicus	GO:0014856	skeletal muscle cell proliferation	unclassified	involved_in	PMID:2447874	RGD	5	32
A0A0G2K470	Itga2	10116	Rattus norvegicus	GO:0071107	response to parathyroid hormone	response to stimulus	involved_in	PMID:11746505	RGD	5	11
Q06496	Slc34a1	10116	Rattus norvegicus	GO:0071107	response to parathyroid hormone	response to stimulus	involved_in	PMID:20526720	RGD	5	20
P41516	Top2a	10116	Rattus norvegicus	GO:0071107	response to parathyroid hormone	response to stimulus	involved_in	PMID:10709994	RGD	5	6
Q08463	Fzd1	10116	Rattus norvegicus	GO:0048286	lung alveolus development	developmental process	involved_in	PMID:17911382	RGD	5	6
A0A0G2K4S0	Slfn4	10116	Rattus norvegicus	GO:0048286	lung alveolus development	developmental process	involved_in	PMID:17911382	RGD	5	1
Q00566	Mecp2	10116	Rattus norvegicus	GO:0048286	lung alveolus development	developmental process	involved_in	PMID:21425435	RGD	5	20
Q00495	Csf1r	10116	Rattus norvegicus	GO:0060038	cardiac muscle cell proliferation	developmental process	involved_in	PMID:2447874	RGD	5	14
D4A584	Fes	10116	Rattus norvegicus	GO:0060038	cardiac muscle cell proliferation	developmental process	involved_in	PMID:2447874	RGD	5	2
P08644	Kras	10116	Rattus norvegicus	GO:0060038	cardiac muscle cell proliferation	developmental process	involved_in	PMID:2447874	RGD	5	9
O13543	YLR294C	559292	Saccharomyces cerevisiae S288C	GO:0045333	cellular respiration	metabolic process	involved_in	PMID:10586881	SGD	5	1
P0AAJ5	fdoH	83333	Escherichia coli K-12	GO:0045333	cellular respiration	metabolic process	acts_upstream_of_or_within	PMID:8522521	EcoCyc	5	1
P0AEL0	fdoI	83333	Escherichia coli K-12	GO:0045333	cellular respiration	metabolic process	acts_upstream_of_or_within	PMID:8522521	EcoCyc	5	3
P17654	AMY1.1	39947	Oryza sativa Japonica Group	GO:0005987	sucrose catabolic process	metabolic process	involved_in	PMID:2370848	GR	5	4
P27933	AMY1.3	39947	Oryza sativa Japonica Group	GO:0005987	sucrose catabolic process	metabolic process	involved_in	PMID:2370848	GR	5	4
A0A1P8BEV7	PIPL5	3702	Arabidopsis thaliana	GO:0071323	cellular response to chitin	response to stimulus	acts_upstream_of_or_within	PMID:26062745	TAIR	5	1
O22808	LYK5	3702	Arabidopsis thaliana	GO:0071323	cellular response to chitin	response to stimulus	involved_in	PMID:22744984	UniProt	5	1
O64825	LYK4	3702	Arabidopsis thaliana	GO:0071323	cellular response to chitin	response to stimulus	involved_in	PMID:22744984	UniProt	5	2
A0ABK0L604	Phox2b	10116	Rattus norvegicus	GO:0071244	cellular response to carbon dioxide	response to stimulus	involved_in	PMID:19036978	RGD	5	3
A0A386L1Q6	dabB	37319	Pseudo-nitzschia multiseries	GO:0071244	cellular response to carbon dioxide	response to stimulus	involved_in	PMID:30262498	UniProt	5	2
A0A386KZ50	dabA	37319	Pseudo-nitzschia multiseries	GO:0071244	cellular response to carbon dioxide	response to stimulus	involved_in	PMID:30262498	UniProt	5	2
A0A5J5T2N2	EIR5A	3634	Gossypium barbadense	GO:0032491	detection of molecule of fungal origin	response to stimulus	involved_in	PMID:39488762	UniProt	5	2
Q9ZUF4	RIPK	3702	Arabidopsis thaliana	GO:0032491	detection of molecule of fungal origin	response to stimulus	involved_in	PMID:39488762	UniProt	5	1
P0DXJ0	EIR	4100	Nicotiana benthamiana	GO:0032491	detection of molecule of fungal origin	response to stimulus	involved_in	PMID:39488762	UniProt	5	2
A0A8I5ZPP7	Lama2	10116	Rattus norvegicus	GO:0014037	Schwann cell differentiation	developmental process	involved_in	PMID:11869039	RGD	5	1
F1M8K0	Dag1	10116	Rattus norvegicus	GO:0014037	Schwann cell differentiation	developmental process	involved_in	PMID:11869039	RGD	5	9
P97526	Nf1	10116	Rattus norvegicus	GO:0014037	Schwann cell differentiation	developmental process	involved_in	PMID:7505343	RGD	5	3
Q62598	Dspp	10116	Rattus norvegicus	GO:0097187	dentinogenesis	developmental process	involved_in	PMID:24502800	RGD	5	14
Q06496	Slc34a1	10116	Rattus norvegicus	GO:0097187	dentinogenesis	developmental process	involved_in	PMID:12369784	RGD	5	20
A0A8I6AM80	Fpr2	10116	Rattus norvegicus	GO:0097187	dentinogenesis	developmental process	involved_in	PMID:29396644	RGD	5	1
A0A8I6GEM4	Fech	10116	Rattus norvegicus	GO:0070541	response to platinum ion	response to stimulus	involved_in	PMID:4040350	RGD	5	9
P13195	Alas1	10116	Rattus norvegicus	GO:0070541	response to platinum ion	response to stimulus	involved_in	PMID:925603	RGD	5	12
P02770	Alb	10116	Rattus norvegicus	GO:0070541	response to platinum ion	response to stimulus	involved_in	PMID:19425235	RGD	5	4
A0AC58JHB2	tbx5a	7955	Danio rerio	GO:0005634	nucleus	cellular component	is_active_in	PMID:24430697	ZFIN	5	1
A0A8M9QDI3	tbx5a	7955	Danio rerio	GO:0005634	nucleus	cellular component	is_active_in	PMID:24430697	ZFIN	5	1
URS0000A9B3FC_10090	Mus musculus brown adipose tissue enriched long non-coding RNA 1 (Lncbate1)	10090	Mus musculus	GO:0005634	nucleus	cellular component	located_in	PMID:25921091	MGI	5	2
D3ZBP2	Sin3a	10116	Rattus norvegicus	GO:1903351	cellular response to dopamine	response to stimulus	involved_in	PMID:15731170	RGD	5	1
Q9JKA8	Hcn3	10116	Rattus norvegicus	GO:1903351	cellular response to dopamine	response to stimulus	involved_in	PMID:19320057	RGD	5	1
P41135	Id1	10116	Rattus norvegicus	GO:1903351	cellular response to dopamine	response to stimulus	involved_in	PMID:20600660	RGD	5	7
Q9QYK2	Ppargc1a	10116	Rattus norvegicus	GO:1904639	cellular response to resveratrol	response to stimulus	involved_in	PMID:20438809	RGD	5	50
P11884	Aldh2	10116	Rattus norvegicus	GO:1904639	cellular response to resveratrol	response to stimulus	involved_in	PMID:28688179	RGD	5	15
Q9JHF3	Ptges	10116	Rattus norvegicus	GO:1904639	cellular response to resveratrol	response to stimulus	involved_in	PMID:17927823	RGD	5	6
O35312	Mstn	10116	Rattus norvegicus	GO:0022602	ovulation cycle process	unclassified	involved_in	PMID:18845635	RGD	5	11
A0ABK0M3C5	Map2k6	10116	Rattus norvegicus	GO:0022602	ovulation cycle process	unclassified	involved_in	PMID:11328854	RGD	5	4
Q4KM73	Cmpk1	10116	Rattus norvegicus	GO:0022602	ovulation cycle process	unclassified	involved_in	PMID:16400681	RGD	5	2
P04906	Gstp1	10116	Rattus norvegicus	GO:0071460	cellular response to cell-matrix adhesion	response to stimulus	involved_in	PMID:10793289	RGD	5	12
P85845	Fscn1	10116	Rattus norvegicus	GO:0071460	cellular response to cell-matrix adhesion	response to stimulus	involved_in	PMID:7657718	RGD	5	2
A0ABZ3NNL8	Skp2	10116	Rattus norvegicus	GO:0071460	cellular response to cell-matrix adhesion	response to stimulus	involved_in	PMID:11425869	RGD	5	1
Q9U3V5	tio	7227	Drosophila melanogaster	GO:0061330	Malpighian tubule stellate cell differentiation	developmental process	involved_in	PMID:15936749	FlyBase	5	1
P22265	tsh	7227	Drosophila melanogaster	GO:0061330	Malpighian tubule stellate cell differentiation	developmental process	involved_in	PMID:9927461	FlyBase	5	2
Q6H9K0	plaa2	140101	Platanus x hispanica	GO:0009555	pollen development	developmental process	involved_in	DOI:10.1007/s00497-005-0002-4	UniProt	5	3
Q8GT41	Q8GT41	140101	Platanus x hispanica	GO:0009555	pollen development	developmental process	involved_in	DOI:10.1007/s00497-005-0002-4	UniProt	5	2
F4KIV1	MSP2	3702	Arabidopsis thaliana	GO:0009555	pollen development	developmental process	acts_upstream_of_or_within	PMID:17184530	TAIR	5	1
B0FLN7	IFNA	9031	Gallus gallus	GO:0034141	positive regulation of toll-like receptor 3 signaling pathway	biological regulation	involved_in	PMID:18593329	AgBase	5	1
B5M4C4	IFN alpha	9031	Gallus gallus	GO:0034141	positive regulation of toll-like receptor 3 signaling pathway	biological regulation	involved_in	PMID:18593329	AgBase	5	1
Q90873	IFNB	9031	Gallus gallus	GO:0034141	positive regulation of toll-like receptor 3 signaling pathway	biological regulation	involved_in	PMID:18593329	AgBase	5	1
P17764	Acat1	10116	Rattus norvegicus	GO:0060612	adipose tissue development	developmental process	involved_in	PMID:2866764	RGD	5	5
P29147	Bdh1	10116	Rattus norvegicus	GO:0060612	adipose tissue development	developmental process	involved_in	PMID:2866764	RGD	5	13
Q9JMI1	Aacs	10116	Rattus norvegicus	GO:0060612	adipose tissue development	developmental process	involved_in	PMID:16055091	RGD	5	6
P0A3E5	fur	257311	Bordetella parapertussis 12822	GO:0000976	transcription cis-regulatory region binding	molecular function	enables	PMID:9079904	CollecTF	5	4
Q03456	fur	208964	Pseudomonas aeruginosa PAO1	GO:0000976	transcription cis-regulatory region binding	molecular function	enables	PMID:21546589	CollecTF	5	5
B7J425	fur	243159	Acidithiobacillus ferrooxidans ATCC 23270	GO:0000976	transcription cis-regulatory region binding	molecular function	enables	PMID:17355989	CollecTF	5	4
C6TA59	HAL3B	3847	Glycine max	GO:0010226	response to lithium ion	response to stimulus	involved_in	DOI:10.1007/s12374-016-0005-8	UniProt	5	6
P19490	Gria1	10116	Rattus norvegicus	GO:0010226	response to lithium ion	response to stimulus	involved_in	PMID:15269270	UniProt	5	32
C6SZ50	HAL3A	3847	Glycine max	GO:0010226	response to lithium ion	response to stimulus	involved_in	DOI:10.1007/s12374-016-0005-8	UniProt	5	6
D4A081	Setdb1	10116	Rattus norvegicus	GO:0033273	response to vitamin	response to stimulus	involved_in	PMID:23413810	RGD	5	2
P52947	Pdx1	10116	Rattus norvegicus	GO:0033273	response to vitamin	response to stimulus	involved_in	PMID:11833042	RGD	5	18
Q5BJZ3	Nnt	10116	Rattus norvegicus	GO:0033273	response to vitamin	response to stimulus	involved_in	PMID:25761734	RGD	5	1
Q00566	Mecp2	10116	Rattus norvegicus	GO:0003229	ventricular cardiac muscle tissue development	developmental process	involved_in	PMID:20735989	RGD	5	20
F1M6S6	Mbd1	10116	Rattus norvegicus	GO:0003229	ventricular cardiac muscle tissue development	developmental process	involved_in	PMID:20735989	RGD	5	8
D4A986	Mbd2	10116	Rattus norvegicus	GO:0003229	ventricular cardiac muscle tissue development	developmental process	involved_in	PMID:20735989	RGD	5	9
Q9SI38	ANR1	3702	Arabidopsis thaliana	GO:0071249	cellular response to nitrate	response to stimulus	involved_in	PMID:16021502	UniProt	5	1
R4ZGN4	AXOR	409370	Blastobotrys adeninivorans	GO:0071249	cellular response to nitrate	response to stimulus	involved_in	PMID:23773263	UniProt	5	2
P0AFA2	narX	83333	Escherichia coli K-12	GO:0071249	cellular response to nitrate	response to stimulus	acts_upstream_of_or_within	PMID:2832370	EcoCyc	5	2
Q01621	Lck	10116	Rattus norvegicus	GO:0099091	postsynaptic specialization, intracellular component	cellular component	is_active_in	PMID:14529711	SynGO	5	4
Q9WUD9	Src	10116	Rattus norvegicus	GO:0099091	postsynaptic specialization, intracellular component	cellular component	is_active_in	PMID:14529711	SynGO	5	28
Q07014	Lyn	10116	Rattus norvegicus	GO:0099091	postsynaptic specialization, intracellular component	cellular component	is_active_in	PMID:14529711	SynGO	5	12
F1LN63	Tlr3	10116	Rattus norvegicus	GO:0043065	positive regulation of apoptotic process	biological regulation	involved_in	PMID:16027122	RGD	5	7
P49185	Mapk8	10116	Rattus norvegicus	GO:0043065	positive regulation of apoptotic process	biological regulation	involved_in	PMID:16699462	RGD	5	7
Q64678	Cyp1b1	10116	Rattus norvegicus	GO:0043065	positive regulation of apoptotic process	biological regulation	involved_in	PMID:18336843	RGD	5	19
P27645	Fcgr3	10116	Rattus norvegicus	GO:0021675	nerve development	developmental process	involved_in	PMID:1533683	RGD	5	1
Q63425	Prx	10116	Rattus norvegicus	GO:0021675	nerve development	developmental process	involved_in	PMID:8155317	RGD	5	2
Q9R1J4	Myoc	10116	Rattus norvegicus	GO:0021675	nerve development	developmental process	involved_in	PMID:12838505	RGD	5	2
O88368	Mitf	10116	Rattus norvegicus	GO:0030316	osteoclast differentiation	developmental process	involved_in	PMID:22576626	RGD	5	3
Q811J3	Ireb2	10090	Mus musculus	GO:0030316	osteoclast differentiation	developmental process	involved_in	PMID:19252502	DFLAT	5	1
F1M8Z6	Tnfrsf11a	10116	Rattus norvegicus	GO:0030316	osteoclast differentiation	developmental process	involved_in	PMID:22576626	RGD	5	5
F1MAF1	Hsf1	10116	Rattus norvegicus	GO:1904845	cellular response to L-glutamine	response to stimulus	involved_in	PMID:23185570	RGD	5	13
Q9JK66	Prkn	10116	Rattus norvegicus	GO:1904845	cellular response to L-glutamine	response to stimulus	involved_in	PMID:28761318	RGD	5	10
Q62737	Cyba	10116	Rattus norvegicus	GO:1904845	cellular response to L-glutamine	response to stimulus	involved_in	PMID:12241540	RGD	5	14
P17084	Clps	10116	Rattus norvegicus	GO:0009791	post-embryonic development	developmental process	involved_in	PMID:8203536	RGD	5	2
G3V824	Igf2r	10116	Rattus norvegicus	GO:0009791	post-embryonic development	developmental process	involved_in	PMID:18824840	RGD	5	4
Q9LYD9	EMF1	3702	Arabidopsis thaliana	GO:0009791	post-embryonic development	developmental process	acts_upstream_of_or_within	PMID:22457632	TAIR	5	1
G3V830	Il10ra	10116	Rattus norvegicus	GO:0035733	hepatic stellate cell activation	unclassified	involved_in	PMID:12016123	RGD	5	3
P30994	Htr2b	10116	Rattus norvegicus	GO:0035733	hepatic stellate cell activation	unclassified	involved_in	PMID:16936262	RGD	5	2
P48508	Gclm	10116	Rattus norvegicus	GO:0035733	hepatic stellate cell activation	unclassified	involved_in	PMID:22942279	RGD	5	9
G3V918	Gart	10116	Rattus norvegicus	GO:0003360	brainstem development	developmental process	involved_in	PMID:7057182	RGD	5	3
O35567	Atic	10116	Rattus norvegicus	GO:0003360	brainstem development	developmental process	involved_in	PMID:7057182	RGD	5	4
Q99453	PHOX2B	9606	Homo sapiens	GO:0003360	brainstem development	developmental process	involved_in	PMID:12640453	BHF-UCL	5	2
Q22656	pgp-6	6239	Caenorhabditis elegans	GO:0093002	response to nematicide	response to stimulus	involved_in	PMID:25516824	WB	5	1
G5EG61	pgp-14	6239	Caenorhabditis elegans	GO:0093002	response to nematicide	response to stimulus	involved_in	PMID:25516824	WB	5	1
Q19733	pgp-12	6239	Caenorhabditis elegans	GO:0093002	response to nematicide	response to stimulus	involved_in	PMID:25516824	WB	5	1
O00548	DLL1	9606	Homo sapiens	GO:0097150	neuronal stem cell population maintenance	developmental process	involved_in	PMID:19682396	UniProt	5	1
P78504	JAG1	9606	Homo sapiens	GO:0097150	neuronal stem cell population maintenance	developmental process	involved_in	PMID:19682396	UniProt	5	1
Q5TA89	HES5	9606	Homo sapiens	GO:0097150	neuronal stem cell population maintenance	developmental process	involved_in	PMID:19682396	UniProt	5	1
Q39168	At1g62000	3702	Arabidopsis thaliana	GO:0010214	seed coat development	developmental process	acts_upstream_of_or_within	PMID:28003327	TAIR	5	2
O04587	At1g62220	3702	Arabidopsis thaliana	GO:0010214	seed coat development	developmental process	acts_upstream_of_or_within	PMID:28003327	TAIR	5	2
O81007	GT7	3702	Arabidopsis thaliana	GO:0010214	seed coat development	developmental process	acts_upstream_of_or_within	PMID:26220953	TAIR	5	1
Q9SL56	At2g13100	3702	Arabidopsis thaliana	GO:0055062	phosphate ion homeostasis	unclassified	acts_upstream_of_or_within	PMID:21788361	TAIR	5	1
Q9C5L3	At3g47420	3702	Arabidopsis thaliana	GO:0055062	phosphate ion homeostasis	unclassified	acts_upstream_of_or_within	PMID:21788361	TAIR	5	1
Q9SA71	At1g30560	3702	Arabidopsis thaliana	GO:0055062	phosphate ion homeostasis	unclassified	acts_upstream_of_or_within	PMID:21788361	TAIR	5	1
O23647	SBE2.1	3702	Arabidopsis thaliana	GO:0071332	cellular response to fructose stimulus	response to stimulus	involved_in	DOI:10.1016/S0168-9452(98)00093-4	UniProt	5	4
Q9LZS3	SBE2.2	3702	Arabidopsis thaliana	GO:0071332	cellular response to fructose stimulus	response to stimulus	involved_in	DOI:10.1016/S0168-9452(98)00093-4	UniProt	5	4
P07379	Pck1	10116	Rattus norvegicus	GO:0071332	cellular response to fructose stimulus	response to stimulus	involved_in	PMID:21212096	RGD	5	23
P84817	Fis1	10116	Rattus norvegicus	GO:1905395	response to flavonoid	response to stimulus	involved_in	PMID:24637344	RGD	5	8
P05982	Nqo1	10116	Rattus norvegicus	GO:1905395	response to flavonoid	response to stimulus	involved_in	PMID:31399183	RGD	5	17
Q8R500	Mfn2	10116	Rattus norvegicus	GO:1905395	response to flavonoid	response to stimulus	involved_in	PMID:24637344	RGD	5	24
O35433	Trpv1	10116	Rattus norvegicus	GO:0009268	response to pH	response to stimulus	involved_in	PMID:16191202	RGD	5	6
P77400	ybaT	83333	Escherichia coli K-12	GO:0009268	response to pH	response to stimulus	acts_upstream_of_or_within	PMID:12426343	EcoCyc	5	2
Q06393	Clcnka	10116	Rattus norvegicus	GO:0009268	response to pH	response to stimulus	involved_in	PMID:7814604	RGD	5	4
O35531	Cd86	10116	Rattus norvegicus	GO:0001878	response to yeast	response to stimulus	involved_in	PMID:19494083	RGD	5	10
Q63787	Pik3r1	10116	Rattus norvegicus	GO:0001878	response to yeast	response to stimulus	involved_in	PMID:19958054	RGD	5	16
Q4JHN6	FPS	4054	Panax ginseng	GO:0001878	response to yeast	response to stimulus	involved_in	DOI:10.1134/S1021443714060156	UniProt	5	5
O35780	Bhlhe40	10116	Rattus norvegicus	GO:0048168	regulation of neuronal synaptic plasticity	biological regulation	involved_in	PMID:9532582	RGD	5	3
P55068	Bcan	10116	Rattus norvegicus	GO:0048168	regulation of neuronal synaptic plasticity	biological regulation	involved_in	PMID:15935069	RGD	5	2
Q63053	Arc	10116	Rattus norvegicus	GO:0048168	regulation of neuronal synaptic plasticity	biological regulation	involved_in	PMID:7857651	RGD	5	8
P00185	Cyp1a1	10116	Rattus norvegicus	GO:0048771	tissue remodeling	unclassified	involved_in	PMID:23887904	RGD	5	29
P41738	Ahr	10116	Rattus norvegicus	GO:0048771	tissue remodeling	unclassified	involved_in	PMID:23887904	RGD	5	11
P50753	Tnnt2	10116	Rattus norvegicus	GO:0048771	tissue remodeling	unclassified	involved_in	PMID:23887904	RGD	5	1
P53411	LHX1	9031	Gallus gallus	GO:0021522	spinal cord motor neuron differentiation	developmental process	involved_in	PMID:19545367	UniProt	5	2
P60756	Mdga2	10116	Rattus norvegicus	GO:0021522	spinal cord motor neuron differentiation	developmental process	involved_in	PMID:15019943	HGNC-UCL	5	1
Q90881	LHX9	9031	Gallus gallus	GO:0021522	spinal cord motor neuron differentiation	developmental process	involved_in	PMID:19545367	UniProt	5	1
Q2LMP1	WNT3A	9031	Gallus gallus	GO:0061303	cornea development in camera-type eye	developmental process	involved_in	PMID:16258938	BHF-UCL	5	1
Q3L250	WNT9b	9031	Gallus gallus	GO:0061303	cornea development in camera-type eye	developmental process	involved_in	PMID:16258938	BHF-UCL	5	1
Q98SN7	WNT2B	9031	Gallus gallus	GO:0061303	cornea development in camera-type eye	developmental process	involved_in	PMID:16258938	BHF-UCL	5	6
P16598	Il1a	10116	Rattus norvegicus	GO:1902438	response to vanadate(3-)	response to stimulus	involved_in	PMID:17696279	RGD	5	9
Q08IT1	DDS	4054	Panax ginseng	GO:1902438	response to vanadate(3-)	response to stimulus	involved_in	DOI:10.1016/j.procbio.2013.05.019	UniProt	5	3
P15127	Insr	10116	Rattus norvegicus	GO:1902438	response to vanadate(3-)	response to stimulus	involved_in	PMID:2180315	RGD	5	32
Q9FJ47	SAG12	3702	Arabidopsis thaliana	GO:0009626	plant-type hypersensitive response	response to stimulus	involved_in	PMID:10380810	UniProt	5	12
Q9SCU7	MYB30	3702	Arabidopsis thaliana	GO:0009626	plant-type hypersensitive response	response to stimulus	acts_upstream_of_or_within	PMID:10571865	TAIR	5	4
Q8VZG2	HSR4	3702	Arabidopsis thaliana	GO:0009626	plant-type hypersensitive response	response to stimulus	involved_in	PMID:10518009	UniProt	5	5
P06399	Fga	10116	Rattus norvegicus	GO:0046898	response to cycloheximide	response to stimulus	involved_in	PMID:444225	RGD	5	14
Q63199	Fas	10116	Rattus norvegicus	GO:0046898	response to cycloheximide	response to stimulus	involved_in	PMID:9253159	RGD	5	32
O48847	LUH	3702	Arabidopsis thaliana	GO:0046898	response to cycloheximide	response to stimulus	involved_in	PMID:18390806	UniProt	5	12
P06604	alphaTub85E	7227	Drosophila melanogaster	GO:0009826	unidimensional cell growth	developmental process	involved_in	PMID:2295363	FlyBase	5	1
P12411	TUBB1	3702	Arabidopsis thaliana	GO:0009826	unidimensional cell growth	developmental process	acts_upstream_of_or_within	PMID:8718628	TAIR	5	2
O64964	TIP1-1	4577	Zea mays	GO:0009826	unidimensional cell growth	developmental process	involved_in	PMID:9701570	AgBase	5	2
P16599	Tnf	10116	Rattus norvegicus	GO:0071219	cellular response to molecule of bacterial origin	response to stimulus	involved_in	PMID:1580332	RGD	5	43
O64825	LYK4	3702	Arabidopsis thaliana	GO:0071219	cellular response to molecule of bacterial origin	response to stimulus	involved_in	PMID:22744984	UniProt	5	2
P13596	Ncam1	10116	Rattus norvegicus	GO:0071219	cellular response to molecule of bacterial origin	response to stimulus	involved_in	PMID:19853610	RGD	5	10
Q9CAI3	CAD1	3702	Arabidopsis thaliana	GO:0009809	lignin biosynthetic process	metabolic process	involved_in	PMID:17467016	UniProt	5	1
O65621	CAD6	3702	Arabidopsis thaliana	GO:0009809	lignin biosynthetic process	metabolic process	involved_in	PMID:17467016	UniProt	5	1
Q05431	APX1	3702	Arabidopsis thaliana	GO:0009809	lignin biosynthetic process	metabolic process	acts_upstream_of_or_within	PMID:31040279	TAIR	5	2
P51652	Akr1c18	10116	Rattus norvegicus	GO:1904322	cellular response to forskolin	response to stimulus	involved_in	PMID:9731216	RGD	5	6
P24483	Fdx1	10116	Rattus norvegicus	GO:1904322	cellular response to forskolin	response to stimulus	involved_in	PMID:11064152	RGD	5	6
O70444	Pim3	10116	Rattus norvegicus	GO:1904322	cellular response to forskolin	response to stimulus	involved_in	PMID:9632723	RGD	5	1
O70593	Sgta	10116	Rattus norvegicus	GO:0006457	protein folding	metabolic process	involved_in	PMID:21151134	SynGO	5	3
P60904	Dnajc5	10090	Mus musculus	GO:0006457	protein folding	metabolic process	involved_in	PMID:21151134	SynGO	5	6
O88846	Rnf4	10116	Rattus norvegicus	GO:0071243	cellular response to arsenic-containing substance	response to stimulus	involved_in	PMID:20943951	RGD	5	6
Q5XIF2	Uros	10116	Rattus norvegicus	GO:0071243	cellular response to arsenic-containing substance	response to stimulus	involved_in	PMID:10416273	RGD	5	3
P19356	Hmbs	10116	Rattus norvegicus	GO:0071243	cellular response to arsenic-containing substance	response to stimulus	involved_in	PMID:10416273	RGD	5	21
P17542	TAL1	9606	Homo sapiens	GO:0030218	erythrocyte differentiation	developmental process	involved_in	PMID:7678994	BHF-UCL	5	3
O93507	tal1	7955	Danio rerio	GO:0030218	erythrocyte differentiation	developmental process	involved_in	PMID:17472439	UniProt	5	2
Q4W815	epor	8355	Xenopus laevis	GO:0030218	erythrocyte differentiation	developmental process	involved_in	PMID:16378761	UniProt	5	1
Q13563	PKD2	9606	Homo sapiens	GO:0072177	mesonephric duct development	developmental process	involved_in	PMID:11891195	UniProt	5	17
P32114	Pax2	10090	Mus musculus	GO:0072177	mesonephric duct development	developmental process	involved_in	PMID:1723950	UniProt	5	10
P98161	PKD1	9606	Homo sapiens	GO:0072177	mesonephric duct development	developmental process	involved_in	PMID:11891195	UniProt	5	14
P01575	Ifnb1	10090	Mus musculus	GO:0071359	cellular response to dsRNA	response to stimulus	involved_in	PMID:18596219	UniProt	5	1
Q00959	Grin2a	10116	Rattus norvegicus	GO:0071359	cellular response to dsRNA	response to stimulus	involved_in	PMID:19958814	RGD	5	32
P70499	Ifnb1	10116	Rattus norvegicus	GO:0071359	cellular response to dsRNA	response to stimulus	involved_in	PMID:15661832	RGD	5	6
P13395	alpha-Spec	7227	Drosophila melanogaster	GO:0030723	ovarian fusome organization	developmental process	involved_in	PMID:9344535	UniProt	5	1
P10981	Act87E	7227	Drosophila melanogaster	GO:0030723	ovarian fusome organization	developmental process	involved_in	PMID:9344535	UniProt	5	1
P10987	Act5C	7227	Drosophila melanogaster	GO:0030723	ovarian fusome organization	developmental process	involved_in	PMID:9344535	UniProt	5	2
P06238	A2m	10116	Rattus norvegicus	GO:0002438	acute inflammatory response to antigenic stimulus	response to stimulus	involved_in	PMID:6202298	RGD	5	8
Q9WVA9	Npff	10116	Rattus norvegicus	GO:0002438	acute inflammatory response to antigenic stimulus	response to stimulus	involved_in	PMID:15207282	RGD	5	4
P33535	Oprm1	10116	Rattus norvegicus	GO:0002438	acute inflammatory response to antigenic stimulus	response to stimulus	involved_in	PMID:19298846	RGD	5	7
Q05754	Dbh	10116	Rattus norvegicus	GO:0035176	social behavior	unclassified	involved_in	PMID:15345906	RGD	5	13
P10937	Pnmt	10116	Rattus norvegicus	GO:0035176	social behavior	unclassified	involved_in	PMID:15345906	RGD	5	13
P58751	Reln	10116	Rattus norvegicus	GO:0035176	social behavior	unclassified	involved_in	PMID:20035841	RGD	5	20
P04775	Scn2a	10116	Rattus norvegicus	GO:0061564	axon development	developmental process	involved_in	PMID:22473424	RGD	5	5
P10499	Kcna1	10116	Rattus norvegicus	GO:0061564	axon development	developmental process	involved_in	PMID:22473424	RGD	5	4
Q63155	Dcc	10116	Rattus norvegicus	GO:0061564	axon development	developmental process	involved_in	PMID:22473424	RGD	5	5
Q7KS77	lbe	7227	Drosophila melanogaster	GO:0000122	negative regulation of transcription by RNA polymerase II	biological regulation	involved_in	PMID:12482712	FlyBase	5	1
Q9W268	dve	7227	Drosophila melanogaster	GO:0000122	negative regulation of transcription by RNA polymerase II	biological regulation	involved_in	PMID:17893729	FlyBase	5	1
P05084	hb	7227	Drosophila melanogaster	GO:0000122	negative regulation of transcription by RNA polymerase II	biological regulation	involved_in	PMID:1902784	FlyBase	5	2
P07490	Gnrh1	10116	Rattus norvegicus	GO:1990637	response to prolactin	response to stimulus	involved_in	PMID:7760850	RGD	5	9
Q64535	Atp7b	10116	Rattus norvegicus	GO:1990637	response to prolactin	response to stimulus	involved_in	PMID:16741141	RGD	5	9
P55248	P55248	10116	Rattus norvegicus	GO:1990637	response to prolactin	response to stimulus	involved_in	PMID:7760850	RGD	5	9
Q9FRZ6	Q9FRZ6	4530	Oryza sativa	GO:0048572	short-day photoperiodism	response to stimulus	involved_in	PMID:11148291	GR	5	2
P07808	Npy	10116	Rattus norvegicus	GO:0048572	short-day photoperiodism	response to stimulus	involved_in	PMID:19490367	RGD	5	1
Q9FDX8	HD1	39947	Oryza sativa Japonica Group	GO:0048572	short-day photoperiodism	response to stimulus	involved_in	PMID:11148291	GR	5	2
P08050	Gja1	10116	Rattus norvegicus	GO:1905867	epididymis development	developmental process	involved_in	PMID:12388089	RGD	5	13
Q9WU82	Ctnnb1	10116	Rattus norvegicus	GO:1905867	epididymis development	developmental process	involved_in	PMID:12960056	RGD	5	14
P21994	Gjb2	10116	Rattus norvegicus	GO:1905867	epididymis development	developmental process	involved_in	PMID:12388089	RGD	5	16
P48750	Csf2	10116	Rattus norvegicus	GO:0034405	response to fluid shear stress	response to stimulus	involved_in	PMID:15010288	RGD	5	3
Q05030	Pdgfrb	10116	Rattus norvegicus	GO:0034405	response to fluid shear stress	response to stimulus	involved_in	PMID:12738619	RGD	5	14
P29474	NOS3	9606	Homo sapiens	GO:0034405	response to fluid shear stress	response to stimulus	involved_in	PMID:10376603	BHF-UCL	5	1
P08414	Camk4	10090	Mus musculus	GO:0099170	postsynaptic modulation of chemical synaptic transmission	biological regulation	involved_in	PMID:10964952	SynGO	5	6
Q8R0S2	Iqsec1	10090	Mus musculus	GO:0099170	postsynaptic modulation of chemical synaptic transmission	biological regulation	involved_in	PMID:20547133	SynGO	5	3
Q8VI51	Sorcs3	10090	Mus musculus	GO:0099170	postsynaptic modulation of chemical synaptic transmission	biological regulation	involved_in	PMID:24069373	SynGO	5	3
P20350	rho	7227	Drosophila melanogaster	GO:0007479	leg disc proximal/distal pattern formation	developmental process	involved_in	PMID:15965980	FlyBase	5	2
P40417	rl	7227	Drosophila melanogaster	GO:0007479	leg disc proximal/distal pattern formation	developmental process	involved_in	PMID:15965980	FlyBase	5	8
P51023	pnt	7227	Drosophila melanogaster	GO:0007479	leg disc proximal/distal pattern formation	developmental process	involved_in	PMID:15965980	FlyBase	5	1
P19491	Gria2	10116	Rattus norvegicus	GO:0071418	cellular response to amine stimulus	response to stimulus	involved_in	PMID:19674091	RGD	5	10
P19356	Hmbs	10116	Rattus norvegicus	GO:0071418	cellular response to amine stimulus	response to stimulus	involved_in	PMID:10416273	RGD	5	21
P19490	Gria1	10116	Rattus norvegicus	GO:0071418	cellular response to amine stimulus	response to stimulus	involved_in	PMID:19674091	RGD	5	32
Q64124	Scx	10090	Mus musculus	GO:0061056	sclerotome development	developmental process	involved_in	PMID:7743923	UniProt	5	7
P32760	PTN	9031	Gallus gallus	GO:0061056	sclerotome development	developmental process	involved_in	PMID:19526365	AgBase	5	10
P97299	Sfrp2	10090	Mus musculus	GO:0061056	sclerotome development	developmental process	involved_in	PMID:10654605	BHF-UCL	5	1
P62956	Cacng7	10090	Mus musculus	GO:0099645	neurotransmitter receptor localization to postsynaptic specialization membrane	biological regulation	involved_in	PMID:23872597	SynGO	5	2
Q91XM9	Dlg2	10090	Mus musculus	GO:0099645	neurotransmitter receptor localization to postsynaptic specialization membrane	biological regulation	involved_in	PMID:17046693	SynGO	5	3
Q811D0	Dlg1	10090	Mus musculus	GO:0099645	neurotransmitter receptor localization to postsynaptic specialization membrane	biological regulation	involved_in	PMID:20133708	SynGO	5	3
P67999	Rps6kb1	10116	Rattus norvegicus	GO:0007616	long-term memory	unclassified	involved_in	PMID:16885218	RGD	5	23
Q9VWW0	CrebB	7227	Drosophila melanogaster	GO:0007616	long-term memory	unclassified	involved_in	PMID:23904617	FlyBase	5	1
Q9GNQ1	LAPS18	381128	Lehmannia marginata	GO:0007616	long-term memory	unclassified	involved_in	PMID:11168596	UniProt	5	2
P12644	BMP4	9606	Homo sapiens	GO:0048745	smooth muscle tissue development	developmental process	involved_in	PMID:17850284	UniProt	5	2
Q13635	PTCH1	9606	Homo sapiens	GO:0048745	smooth muscle tissue development	developmental process	involved_in	PMID:17850284	UniProt	5	2
Q90ZG0	FKBP12	9031	Gallus gallus	GO:0048745	smooth muscle tissue development	developmental process	involved_in	PMID:14511757	AgBase	5	12
Q13635	PTCH1	9606	Homo sapiens	GO:0072205	metanephric collecting duct development	developmental process	involved_in	PMID:17850284	UniProt	5	2
P12658	Calb1	10090	Mus musculus	GO:0072205	metanephric collecting duct development	developmental process	involved_in	PMID:18618131	UniProt	5	6
P56402	Aqp2	10090	Mus musculus	GO:0072205	metanephric collecting duct development	developmental process	involved_in	PMID:18618131	UniProt	5	1
P15127	Insr	10116	Rattus norvegicus	GO:0008286	insulin receptor signaling pathway	response to stimulus	involved_in	PMID:26300412	RGD	5	32
Q62685	Nr1h3	10116	Rattus norvegicus	GO:0008286	insulin receptor signaling pathway	response to stimulus	involved_in	PMID:11781314	RGD	5	9
URS000075B7E1_10116	Rattus norvegicus (Norway rat) rno-miR-145-3p	10116	Rattus norvegicus	GO:0071447	cellular response to hydroperoxide	response to stimulus	involved_in	PMID:23028672	RGD	5	4
P55009	Aif1	10116	Rattus norvegicus	GO:0071447	cellular response to hydroperoxide	response to stimulus	involved_in	PMID:16877440	RGD	5	12
URS0000527F89_10116	Rattus norvegicus (Norway rat) rno-miR-145-5p	10116	Rattus norvegicus	GO:0071447	cellular response to hydroperoxide	response to stimulus	involved_in	PMID:23028672	RGD	5	4
Q8L5W8	PIL1	3702	Arabidopsis thaliana	GO:0010017	red or far-red light signaling pathway	response to stimulus	acts_upstream_of_or_within	PMID:17965713	TAIR	5	2
Q42512	COR15A	3702	Arabidopsis thaliana	GO:0010017	red or far-red light signaling pathway	response to stimulus	acts_upstream_of_or_within	PMID:17965713	TAIR	5	17
P18612	KIN1	3702	Arabidopsis thaliana	GO:0010017	red or far-red light signaling pathway	response to stimulus	acts_upstream_of_or_within	PMID:17965713	TAIR	5	6
P21127	CDK11B	9606	Homo sapiens	GO:0001558	regulation of cell growth	biological regulation	involved_in	PMID:10882096	UniProt	5	1
Q9UQ88	CDK11A	9606	Homo sapiens	GO:0001558	regulation of cell growth	biological regulation	involved_in	PMID:10882096	UniProt	5	1
Q24564	Mer	7227	Drosophila melanogaster	GO:0001558	regulation of cell growth	biological regulation	involved_in	PMID:8666669	UniProt	5	6
Q62181	Sema3c	10090	Mus musculus	GO:0060174	limb bud formation	developmental process	involved_in	PMID:19666519	BHF-UCL	5	6
P70207	Plxna2	10090	Mus musculus	GO:0060174	limb bud formation	developmental process	involved_in	PMID:19666519	BHF-UCL	5	4
Q04887	Sox9	10090	Mus musculus	GO:0060174	limb bud formation	developmental process	involved_in	PMID:20940257	UniProt	5	14
P28861	fpr	83333	Escherichia coli K-12	GO:0000303	response to superoxide	response to stimulus	acts_upstream_of_or_within	PMID:7635836	EcoCyc	5	1
Q20117	gcs-1	6239	Caenorhabditis elegans	GO:0000303	response to superoxide	response to stimulus	involved_in	PMID:12869585	WB	5	4
P52947	Pdx1	10116	Rattus norvegicus	GO:0060290	transdifferentiation	developmental process	involved_in	PMID:10952464	RGD	5	18
P28906	CD34	9606	Homo sapiens	GO:0060290	transdifferentiation	developmental process	involved_in	PMID:1868864	UniProt	5	11
Q63495	Ager	10116	Rattus norvegicus	GO:0060290	transdifferentiation	developmental process	involved_in	PMID:23403079	RGD	5	20
P56401	AQP1	9940	Ovis aries	GO:0021670	lateral ventricle development	developmental process	involved_in	PMID:16133142	AgBase	5	2
P29975	Aqp1	10116	Rattus norvegicus	GO:0021670	lateral ventricle development	developmental process	involved_in	PMID:16133142	UniProt	5	5
P60324	Nanos3	10090	Mus musculus	GO:0006417	regulation of translation	biological regulation	involved_in	PMID:18089289	UniProt	5	1
Q6ICX4	At1g43190	3702	Arabidopsis thaliana	GO:0006417	regulation of translation	biological regulation	acts_upstream_of_or_within	PMID:20735772	TAIR	5	1
Q9MAC5	PTB	3702	Arabidopsis thaliana	GO:0006417	regulation of translation	biological regulation	acts_upstream_of_or_within	PMID:20735772	TAIR	5	1
Q06710	PAX8	9606	Homo sapiens	GO:0003337	mesenchymal to epithelial transition involved in metanephros morphogenesis	developmental process	involved_in	PMID:8861958	UniProt	5	10
Q62232	Six2	10090	Mus musculus	GO:0003337	mesenchymal to epithelial transition involved in metanephros morphogenesis	developmental process	involved_in	PMID:10322633	UniProt	5	1
Q9NSC2	SALL1	9606	Homo sapiens	GO:0003337	mesenchymal to epithelial transition involved in metanephros morphogenesis	developmental process	involved_in	PMID:11511981	UniProt	5	4
P32851	Stx1a	10116	Rattus norvegicus	GO:0016079	synaptic vesicle exocytosis	biological regulation	involved_in	PMID:7901002	SynGO	5	3
P70611	Doc2a	10116	Rattus norvegicus	GO:0016079	synaptic vesicle exocytosis	biological regulation	involved_in	PMID:10651871	RGD	5	2
P60881	Snap25	10116	Rattus norvegicus	GO:0016079	synaptic vesicle exocytosis	biological regulation	involved_in	PMID:8103915	SynGO	5	7
Q4WKR5	AFUA_1G01550	330879	Aspergillus fumigatus Af293	GO:0071467	cellular response to pH	response to stimulus	acts_upstream_of_or_within	PMID:15879518	AspGD	5	2
Q5ADT0	KER1	237561	Candida albicans SC5314	GO:0071467	cellular response to pH	response to stimulus	involved_in	PMID:15289560	CGD	5	1
P42601	alx	83333	Escherichia coli K-12	GO:0071467	cellular response to pH	response to stimulus	acts_upstream_of_or_within	PMID:2108134	EcoCyc	5	2
P43688	Nkx2-6	10090	Mus musculus	GO:0060037	pharyngeal system development	developmental process	involved_in	PMID:9545560	BHF-UCL	5	10
P46097	Syt2	10090	Mus musculus	GO:0099502	calcium-dependent activation of synaptic vesicle fusion	biological regulation	involved_in	PMID:17192432	SynGO	5	5
P82610	MET6	237561	Candida albicans SC5314	GO:0098609	cell-cell adhesion	unclassified	involved_in	PMID:40057112	CGD	5	2
Q5TAT6	COL13A1	9606	Homo sapiens	GO:0098609	cell-cell adhesion	unclassified	involved_in	PMID:10865988	UniProt	5	1
Q9WUD9	Src	10116	Rattus norvegicus	GO:0098609	cell-cell adhesion	unclassified	involved_in	PMID:15591141	RGD	5	28
Q20689	kreg-1	6239	Caenorhabditis elegans	GO:1990169	stress response to copper ion	response to stimulus	involved_in	PMID:23437011	WB	5	1
Q9XXS1	lys-3	6239	Caenorhabditis elegans	GO:1990169	stress response to copper ion	response to stimulus	involved_in	PMID:23437011	WB	5	1
P77400	ybaT	83333	Escherichia coli K-12	GO:1990169	stress response to copper ion	response to stimulus	acts_upstream_of_or_within	PMID:28611214	EcoCyc	5	2
P93193	IPO	4120	Ipomoea batatas	GO:0032874	positive regulation of stress-activated MAPK cascade	biological regulation	involved_in	PMID:12746543	UniProt	5	10
Q9ZNX9	SIGE	3702	Arabidopsis thaliana	GO:0071483	cellular response to blue light	response to stimulus	involved_in	PMID:14976253	UniProt	5	4
Q94K66	ELIP2	3702	Arabidopsis thaliana	GO:0071483	cellular response to blue light	response to stimulus	involved_in	PMID:11706180	UniProt	5	11
Q9LD95	SIGF	3702	Arabidopsis thaliana	GO:0071483	cellular response to blue light	response to stimulus	involved_in	PMID:11959137	UniProt	5	1
Q93ZM9	TIFY9	3702	Arabidopsis thaliana	GO:0010112	regulation of systemic acquired resistance	biological regulation	acts_upstream_of_or_within	PMID:20081042	TAIR	5	5
Q9LW27	CYP71B15	3702	Arabidopsis thaliana	GO:0010112	regulation of systemic acquired resistance	biological regulation	acts_upstream_of_or_within	PMID:20081042	TAIR	5	5
Q501D8	CYP79B3	3702	Arabidopsis thaliana	GO:0010112	regulation of systemic acquired resistance	biological regulation	acts_upstream_of_or_within	PMID:20081042	TAIR	5	3
Q5W7F4	ADAMTS-1	7091	Bombyx mori	GO:0035074	pupation	developmental process	involved_in	PMID:15898116	UniProt	5	7
Q5W7F3	ADAMTS-L	7091	Bombyx mori	GO:0035074	pupation	developmental process	involved_in	PMID:28943345	UniProt	5	7
Q7KS11	Ude	7227	Drosophila melanogaster	GO:0035074	pupation	developmental process	involved_in	PMID:17306761	FlyBase	5	1
Q9D1D4	Tmed10	10090	Mus musculus	GO:0045055	regulated exocytosis	localization	involved_in	PMID:17101722	HGNC-UCL	5	2
X2JDZ1	PICK1	7227	Drosophila melanogaster	GO:0045055	regulated exocytosis	localization	involved_in	PMID:19757495	FlyBase	5	2
Q8SY07	PICK1	7227	Drosophila melanogaster	GO:0045055	regulated exocytosis	localization	involved_in	PMID:19757495	FlyBase	5	2
Q8LFD3	ATHB-23	3702	Arabidopsis thaliana	GO:0048768	root hair cell tip growth	developmental process	involved_in	PMID:39891516	TAIR	5	2
Q9C6K3	DF1	3702	Arabidopsis thaliana	GO:0048768	root hair cell tip growth	developmental process	involved_in	PMID:39891516	TAIR	5	1
Q940J1	ATHB-16	3702	Arabidopsis thaliana	GO:0048768	root hair cell tip growth	developmental process	involved_in	PMID:39891516	TAIR	5	1
Q9W4M2	Muc4B	7227	Drosophila melanogaster	GO:0007306	egg chorion assembly	developmental process	involved_in	PMID:21637834	FlyBase	5	1
Q9VLB0	Dmel\CG13113	7227	Drosophila melanogaster	GO:0007306	egg chorion assembly	developmental process	involved_in	PMID:21637834	FlyBase	5	1
Q9W4M5	Dmel\CG15571	7227	Drosophila melanogaster	GO:0007306	egg chorion assembly	developmental process	involved_in	PMID:21637834	FlyBase	5	1
URS000075E86A_10090	Mus musculus (house mouse) microRNA mmu-mir-144 precursor	10090	Mus musculus	GO:0046661	male sex differentiation	developmental process	acts_upstream_of_or_within	PMID:23946534	MGI	5	2
URS000075AC1F_10090	Mus musculus (house mouse) microRNA mmu-mir-184 precursor	10090	Mus musculus	GO:0046661	male sex differentiation	developmental process	acts_upstream_of_or_within	PMID:23946534	MGI	5	1
URS000075B2DB_10090	Mus musculus (house mouse) microRNA mmu-mir-202 precursor	10090	Mus musculus	GO:0046661	male sex differentiation	developmental process	acts_upstream_of_or_within	PMID:23946534	MGI	5	1
O24023	NCED1	4081	Solanum lycopersicum	GO:0009835	fruit ripening	developmental process	involved_in	PMID:19246595	UniProt	4	12
A0A067YMX8	XTH8	35925	Diospyros kaki	GO:0009835	fruit ripening	developmental process	involved_in	PMID:27966647	UniProt	4	3
Q2LAJ3	ARF2A	4081	Solanum lycopersicum	GO:0009835	fruit ripening	developmental process	involved_in	PMID:26959229	UniProt	4	2
O46342	rpk	7227	Drosophila melanogaster	GO:0050966	detection of mechanical stimulus involved in sensory perception of pain	response to stimulus	involved_in	PMID:23449991	FlyBase	4	1
Q9VS73	ppk26	7227	Drosophila melanogaster	GO:0050966	detection of mechanical stimulus involved in sensory perception of pain	response to stimulus	involved_in	PMID:23449991	FlyBase	4	1
A0A0B4K691	rpk	7227	Drosophila melanogaster	GO:0050966	detection of mechanical stimulus involved in sensory perception of pain	response to stimulus	involved_in	PMID:23449991	FlyBase	4	1
P04640	Bglap	10116	Rattus norvegicus	GO:0032571	response to vitamin K	response to stimulus	involved_in	PMID:21944271	RGD	4	22
A0A0G2K3W2	F5	10116	Rattus norvegicus	GO:0032571	response to vitamin K	response to stimulus	involved_in	PMID:658784	RGD	4	1
Q8K3U6	F7	10116	Rattus norvegicus	GO:0032571	response to vitamin K	response to stimulus	involved_in	PMID:3379837	RGD	4	15
A0AB32TBC4	gad2	7955	Danio rerio	GO:0009449	GABA biosynthetic process	metabolic process	acts_upstream_of_or_within	PMID:9634146	ZFIN	4	1
A0A2R8QPB1	gad1b	7955	Danio rerio	GO:0009449	GABA biosynthetic process	metabolic process	acts_upstream_of_or_within	PMID:9634146	ZFIN	4	1
F1R9E8	gad2	7955	Danio rerio	GO:0009449	GABA biosynthetic process	metabolic process	acts_upstream_of_or_within	PMID:9634146	ZFIN	4	1
P42003	Mad	7227	Drosophila melanogaster	GO:0036335	intestinal stem cell homeostasis	unclassified	involved_in	PMID:23733344	FlyBase	4	2
A0A6H2EEY2	Dad	7227	Drosophila melanogaster	GO:0036335	intestinal stem cell homeostasis	unclassified	involved_in	PMID:23733344	FlyBase	4	1
P07713	dpp	7227	Drosophila melanogaster	GO:0036335	intestinal stem cell homeostasis	unclassified	involved_in	PMID:23733344	FlyBase	4	3
A0A8I6AFH2	Kdm6b	10116	Rattus norvegicus	GO:0002437	inflammatory response to antigenic stimulus	response to stimulus	involved_in	PMID:23418092	RGD	4	3
O08556	Ccr5	10116	Rattus norvegicus	GO:0002437	inflammatory response to antigenic stimulus	response to stimulus	involved_in	PMID:14674010	RGD	4	8
O55193	Ccr2	10116	Rattus norvegicus	GO:0002437	inflammatory response to antigenic stimulus	response to stimulus	involved_in	PMID:14674010	RGD	4	4
Q9ET45	Bnip3	10116	Rattus norvegicus	GO:0090649	response to oxygen-glucose deprivation	response to stimulus	involved_in	PMID:22639046	RGD	4	7
Q06518	Nos2	10116	Rattus norvegicus	GO:0090649	response to oxygen-glucose deprivation	response to stimulus	involved_in	PMID:10997722	RGD	4	19
A0A8I6AVU1	Bnip2	10116	Rattus norvegicus	GO:0090649	response to oxygen-glucose deprivation	response to stimulus	involved_in	PMID:22639046	RGD	4	1
Q8AXA8	SEMA3F	9031	Gallus gallus	GO:0001755	neural crest cell migration	developmental process	involved_in	PMID:15729704	AgBase	4	1
E9QHI1	tncb	7955	Danio rerio	GO:0001755	neural crest cell migration	developmental process	acts_upstream_of_or_within	PMID:8568519	ZFIN	4	2
F1QYE2	tncb	7955	Danio rerio	GO:0001755	neural crest cell migration	developmental process	acts_upstream_of_or_within	PMID:8568519	ZFIN	4	2
A0ABK0L407	Zfhx3	10116	Rattus norvegicus	GO:0045664	regulation of neuron differentiation	biological regulation	involved_in	PMID:16251211	RGD	4	1
Q9JKM5	S1pr5	10116	Rattus norvegicus	GO:0045664	regulation of neuron differentiation	biological regulation	involved_in	PMID:12617946	RGD	4	1
A0ABK0LVJ6	Ccnd2	10116	Rattus norvegicus	GO:0045664	regulation of neuron differentiation	biological regulation	involved_in	PMID:8028782	RGD	4	19
P13084	Npm1	10116	Rattus norvegicus	GO:0003300	cardiac muscle hypertrophy	unclassified	involved_in	PMID:21444791	RGD	4	4
Q64303	Pak2	10116	Rattus norvegicus	GO:0003300	cardiac muscle hypertrophy	unclassified	involved_in	PMID:22564263	RGD	4	2
A0ABK0LVE7	Hdac2	10116	Rattus norvegicus	GO:0003300	cardiac muscle hypertrophy	unclassified	involved_in	PMID:19713680	RGD	4	17
P30904	Mif	10116	Rattus norvegicus	GO:0001942	hair follicle development	developmental process	involved_in	PMID:16232303	RGD	4	14
A0ABK0LZB0	Egfr	10116	Rattus norvegicus	GO:0001942	hair follicle development	developmental process	involved_in	PMID:6088642	RGD	4	21
Q61086	Fzd3	10090	Mus musculus	GO:0001942	hair follicle development	developmental process	involved_in	PMID:11407985	BHF-UCL	4	1
A0ABK0LZB0	Egfr	10116	Rattus norvegicus	GO:0016101	diterpenoid metabolic process	metabolic process	involved_in	PMID:21448670	RGD	4	21
P01143	Crh	10116	Rattus norvegicus	GO:0016101	diterpenoid metabolic process	metabolic process	involved_in	PMID:21664419	RGD	4	16
P24008	Srd5a1	10116	Rattus norvegicus	GO:0016101	diterpenoid metabolic process	metabolic process	involved_in	PMID:14997014	RGD	4	31
P50904	Rasa1	10116	Rattus norvegicus	GO:0030539	male genitalia development	developmental process	involved_in	PMID:20933506	RGD	4	3
P31214	Srd5a2	10116	Rattus norvegicus	GO:0030539	male genitalia development	developmental process	involved_in	PMID:9142501	RGD	4	13
A0ABK0M2Z2	Ror2	10116	Rattus norvegicus	GO:0030539	male genitalia development	developmental process	involved_in	PMID:23895974	RGD	4	2
P04762	Cat	10116	Rattus norvegicus	GO:0080184	response to phenylpropanoid	response to stimulus	involved_in	PMID:18547798	RGD	4	21
Q9ZVF3	MLP328	3702	Arabidopsis thaliana	GO:0080184	response to phenylpropanoid	response to stimulus	acts_upstream_of_or_within	PMID:21298397	TAIR	4	2
P49950	Bcl2	10116	Rattus norvegicus	GO:0080184	response to phenylpropanoid	response to stimulus	involved_in	PMID:22700048	RGD	4	38
A0ABK0M473	Bcl2	10116	Rattus norvegicus	GO:1902618	cellular response to fluoride	response to stimulus	involved_in	PMID:16388103	RGD	4	38
P13596	Ncam1	10116	Rattus norvegicus	GO:1902618	cellular response to fluoride	response to stimulus	involved_in	PMID:17537562	RGD	4	10
P49950	Bcl2	10116	Rattus norvegicus	GO:1902618	cellular response to fluoride	response to stimulus	involved_in	PMID:16388103	RGD	4	38
Q9PTF9	bmp7a	7955	Danio rerio	GO:0009953	dorsal/ventral pattern formation	developmental process	acts_upstream_of_or_within	PMID:9676195	ZFIN	4	1
O93369	bmp2b	7955	Danio rerio	GO:0009953	dorsal/ventral pattern formation	developmental process	acts_upstream_of_or_within	PMID:9076679	ZFIN	4	1
A0AC58GPD4	bmp7a	7955	Danio rerio	GO:0009953	dorsal/ventral pattern formation	developmental process	acts_upstream_of_or_within	PMID:9676195	ZFIN	4	1
A2VD23	stm	7955	Danio rerio	GO:0043049	otic placode formation	developmental process	acts_upstream_of_or_within	PMID:14551434	ZFIN	4	1
Q9W7E7	smad5	7955	Danio rerio	GO:0043049	otic placode formation	developmental process	acts_upstream_of_or_within	PMID:9676195	ZFIN	4	1
A5PMC0	smad5	7955	Danio rerio	GO:0043049	otic placode formation	developmental process	acts_upstream_of_or_within	PMID:9676195	ZFIN	4	1
A5A616	mgtS	83333	Escherichia coli K-12	GO:0010350	cellular response to magnesium starvation	response to stimulus	acts_upstream_of_or_within	PMID:28512220	EcoCyc	4	1
P75987	iraM	83333	Escherichia coli K-12	GO:0010350	cellular response to magnesium starvation	response to stimulus	acts_upstream_of_or_within	PMID:18383615	EcoCyc	4	1
Q00960	Grin2b	10116	Rattus norvegicus	GO:0010350	cellular response to magnesium starvation	response to stimulus	involved_in	PMID:17428633	RGD	4	37
P33436	Mmp2	10116	Rattus norvegicus	GO:0001542	ovulation from ovarian follicle	developmental process	involved_in	PMID:14668206	RGD	4	16
P47727	Cbr1	10116	Rattus norvegicus	GO:0001542	ovulation from ovarian follicle	developmental process	involved_in	PMID:10642578	RGD	4	4
Q62959	Lepr	10116	Rattus norvegicus	GO:0001542	ovulation from ovarian follicle	developmental process	involved_in	PMID:12959975	RGD	4	13
A7KTC5	PT1	4102	Petunia x hybrida	GO:0080187	floral organ senescence	developmental process	involved_in	PMID:19380421	UniProt	4	3
Q9FJ47	SAG12	3702	Arabidopsis thaliana	GO:0080187	floral organ senescence	developmental process	involved_in	PMID:21575215	UniProt	4	12
Q9SXA6	ENDO1	3702	Arabidopsis thaliana	GO:0080187	floral organ senescence	developmental process	involved_in	PMID:18603613	UniProt	4	3
Q8RUI3	MIC-3	3635	Gossypium hirsutum	GO:0002215	defense response to nematode	response to stimulus	involved_in	PMID:12031505	AgBase	4	3
A7LJB0	MIC-15	3635	Gossypium hirsutum	GO:0002215	defense response to nematode	response to stimulus	involved_in	PMID:18357465	AgBase	4	2
A8MR31	AFR1	3702	Arabidopsis thaliana	GO:0042752	regulation of circadian rhythm	biological regulation	acts_upstream_of_or_within	PMID:30833956	TAIR	4	1
Q42546	SAL1	3702	Arabidopsis thaliana	GO:0042752	regulation of circadian rhythm	biological regulation	acts_upstream_of_or_within	PMID:29487119	TAIR	4	3
F4HP43	AFR2	3702	Arabidopsis thaliana	GO:0042752	regulation of circadian rhythm	biological regulation	acts_upstream_of_or_within	PMID:30833956	TAIR	4	1
B2DD29	Brsk1	10116	Rattus norvegicus	GO:0098981	cholinergic synapse	cellular component	is_active_in	PMID:16630837	SynGO	4	5
Q3UEZ8	Slc10a4	10090	Mus musculus	GO:0098981	cholinergic synapse	cellular component	is_active_in	PMID:25176177	SynGO	4	6
Q6PFD5	Dlgap3	10090	Mus musculus	GO:0098981	cholinergic synapse	cellular component	is_active_in	PMID:15024750	SynGO	4	11
B1MH84	dosR	561007	Mycobacteroides abscessus ATCC 19977	GO:0032364	intracellular oxygen homeostasis	unclassified	involved_in	PMID:35196022	UniProt	4	5
B1MH83	dosS	561007	Mycobacteroides abscessus ATCC 19977	GO:0032364	intracellular oxygen homeostasis	unclassified	involved_in	PMID:36968107	UniProt	4	7
C6SZ50	HAL3A	3847	Glycine max	GO:0048573	photoperiodism, flowering	response to stimulus	involved_in	DOI:10.1007/s12374-016-0005-8	UniProt	4	6
C6TA59	HAL3B	3847	Glycine max	GO:0048573	photoperiodism, flowering	response to stimulus	involved_in	DOI:10.1007/s12374-016-0005-8	UniProt	4	6
Q8L8Y3	CEP1	3702	Arabidopsis thaliana	GO:0048573	photoperiodism, flowering	response to stimulus	involved_in	PMID:14573523	UniProt	4	10
D3Z9J9	Pnpla3	10116	Rattus norvegicus	GO:1905243	cellular response to 3,3',5-triiodo-L-thyronine	response to stimulus	involved_in	PMID:19619606	RGD	4	4
P02563	Myh6	10116	Rattus norvegicus	GO:1905243	cellular response to 3,3',5-triiodo-L-thyronine	response to stimulus	involved_in	PMID:17111039	RGD	4	1
P02564	Myh7	10116	Rattus norvegicus	GO:1905243	cellular response to 3,3',5-triiodo-L-thyronine	response to stimulus	involved_in	PMID:17111039	RGD	4	4
D3ZBQ1	Foxo3	10116	Rattus norvegicus	GO:0071386	cellular response to corticosterone stimulus	response to stimulus	involved_in	PMID:23494228	RGD	4	8
P70615	Lmnb1	10116	Rattus norvegicus	GO:0071386	cellular response to corticosterone stimulus	response to stimulus	involved_in	PMID:15755911	RGD	4	4
Q00960	Grin2b	10116	Rattus norvegicus	GO:0071386	cellular response to corticosterone stimulus	response to stimulus	involved_in	PMID:19540859	RGD	4	37
Q923T4	Zfp358	10090	Mus musculus	GO:0019827	stem cell population maintenance	developmental process	involved_in	PMID:12036583	UniProt	4	3
Q80Z64	Nanog	10090	Mus musculus	GO:0019827	stem cell population maintenance	developmental process	involved_in	PMID:15108323	BHF-UCL	4	3
Q9H9S0	NANOG	9606	Homo sapiens	GO:0019827	stem cell population maintenance	developmental process	involved_in	PMID:15108323	BHF-UCL	4	2
P97545	Ccl11	10116	Rattus norvegicus	GO:0070670	response to interleukin-4	response to stimulus	involved_in	PMID:11071660	RGD	4	3
P25086	Il1rn	10116	Rattus norvegicus	GO:0070670	response to interleukin-4	response to stimulus	involved_in	PMID:8409406	RGD	4	10
D4A0T9	Adamts13	10116	Rattus norvegicus	GO:0070670	response to interleukin-4	response to stimulus	involved_in	PMID:18433458	RGD	4	10
P43322	Nrg1	10116	Rattus norvegicus	GO:1904015	cellular response to serotonin	response to stimulus	involved_in	PMID:28350885	RGD	4	19
D4A986	Mbd2	10116	Rattus norvegicus	GO:1904015	cellular response to serotonin	response to stimulus	involved_in	PMID:25135974	RGD	4	9
P24008	Srd5a1	10116	Rattus norvegicus	GO:1904015	cellular response to serotonin	response to stimulus	involved_in	PMID:15936112	RGD	4	31
P39949	Ccne1	10116	Rattus norvegicus	GO:0014074	response to purine-containing compound	response to stimulus	involved_in	PMID:16759516	RGD	4	14
O35800	Hif1a	10116	Rattus norvegicus	GO:0014074	response to purine-containing compound	response to stimulus	involved_in	PMID:18248612	RGD	4	41
D4AEP0	Adss2	10116	Rattus norvegicus	GO:0014074	response to purine-containing compound	response to stimulus	involved_in	PMID:7387692	RGD	4	3
Q29VN1	TPS3	4577	Zea mays	GO:0031347	regulation of defense response	biological regulation	involved_in	PMID:26378100	UniProt	4	2
Q29VN2	TPS2	4577	Zea mays	GO:0031347	regulation of defense response	biological regulation	involved_in	PMID:26378100	UniProt	4	4
Q5W7F4	ADAMTS-1	7091	Bombyx mori	GO:0022404	molting cycle process	unclassified	involved_in	PMID:15898116	UniProt	4	7
W0LYS5	CaMKI	159736	Macrobrachium nipponense	GO:0022404	molting cycle process	unclassified	involved_in	PMID:24491503	UniProt	4	1
E2IH92	PEN-3	29960	Penaeus indicus	GO:0022404	molting cycle process	unclassified	involved_in	PMID:21885268	UniProt	4	2
Q9FVL0	MHB1	3879	Medicago sativa	GO:0036377	arbuscular mycorrhizal association	unclassified	involved_in	PMID:12461135	UniProt	4	2
E4NKF8	PUB1	3880	Medicago truncatula	GO:0036377	arbuscular mycorrhizal association	unclassified	involved_in	PMID:26839127	UniProt	4	7
Q3C1F4	GLB1-1	34305	Lotus japonicus	GO:0036377	arbuscular mycorrhizal association	unclassified	involved_in	PMID:12461135	UniProt	4	20
Q9JKB0	Hcn1	10116	Rattus norvegicus	GO:0035458	cellular response to interferon-beta	response to stimulus	involved_in	PMID:23042740	RGD	4	3
F1LN63	Tlr3	10116	Rattus norvegicus	GO:0035458	cellular response to interferon-beta	response to stimulus	involved_in	PMID:15661832	RGD	4	7
Q07009	Capn2	10116	Rattus norvegicus	GO:0035458	cellular response to interferon-beta	response to stimulus	involved_in	PMID:23390485	RGD	4	6
F1LSL7	Klf5	10116	Rattus norvegicus	GO:0008284	positive regulation of cell population proliferation	biological regulation	involved_in	PMID:14726538	RGD	4	2
P70490	Mfge8	10116	Rattus norvegicus	GO:0008284	positive regulation of cell population proliferation	biological regulation	involved_in	PMID:11085522	RGD	4	2
P70600	Ptk2b	10116	Rattus norvegicus	GO:0008284	positive regulation of cell population proliferation	biological regulation	involved_in	PMID:11352836	RGD	4	15
Q9QZ76	Mb	10116	Rattus norvegicus	GO:0080033	response to nitrite	response to stimulus	involved_in	PMID:1858930	RGD	4	7
O04986	NSHB1	39947	Oryza sativa Japonica Group	GO:0080033	response to nitrite	response to stimulus	involved_in	PMID:15695464	UniProt	4	3
F4I8M8	gpmA2	3702	Arabidopsis thaliana	GO:0080033	response to nitrite	response to stimulus	involved_in	PMID:17951451	UniProt	4	3
Q8H1H9	CuAOgamma1	3702	Arabidopsis thaliana	GO:1904585	response to putrescine	response to stimulus	involved_in	PMID:31862580	UniProt	4	12
Q9M2B9	CuAOgamma2	3702	Arabidopsis thaliana	GO:1904585	response to putrescine	response to stimulus	involved_in	PMID:31862580	UniProt	4	7
F4IAX1	CuAOalpha3	3702	Arabidopsis thaliana	GO:1904585	response to putrescine	response to stimulus	involved_in	PMID:31862580	UniProt	4	9
F4IIU4	AIR9	3702	Arabidopsis thaliana	GO:0010102	lateral root morphogenesis	developmental process	acts_upstream_of_or_within	PMID:10080694	TAIR	4	2
Q94BT2	AIR12	3702	Arabidopsis thaliana	GO:0010102	lateral root morphogenesis	developmental process	acts_upstream_of_or_within	PMID:10080694	TAIR	4	2
Q9ZSP5	AIR3	3702	Arabidopsis thaliana	GO:0010102	lateral root morphogenesis	developmental process	acts_upstream_of_or_within	PMID:10080694	TAIR	4	2
F7FPS2	Adipoq	10116	Rattus norvegicus	GO:0070543	response to linoleic acid	response to stimulus	involved_in	PMID:21684141	RGD	4	12
O88275	Pparg	10116	Rattus norvegicus	GO:0070543	response to linoleic acid	response to stimulus	involved_in	PMID:18304850	RGD	4	18
P30836	Sell	10116	Rattus norvegicus	GO:0070543	response to linoleic acid	response to stimulus	involved_in	PMID:20730605	RGD	4	5
P56745	Cldn1	10116	Rattus norvegicus	GO:1903545	cellular response to butyrate	response to stimulus	involved_in	PMID:22684624	RGD	4	11
Q62959	Lepr	10116	Rattus norvegicus	GO:1903545	cellular response to butyrate	response to stimulus	involved_in	PMID:12928006	RGD	4	13
P42930	Hspb1	10116	Rattus norvegicus	GO:1903545	cellular response to butyrate	response to stimulus	involved_in	PMID:11522747	RGD	4	7
P11715	Cyp17a1	10116	Rattus norvegicus	GO:0010034	response to acetate	response to stimulus	involved_in	PMID:21046364	RGD	4	24
G3V926	Chuk	10116	Rattus norvegicus	GO:0010034	response to acetate	response to stimulus	involved_in	PMID:17543437	RGD	4	6
P07867	Lipc	10116	Rattus norvegicus	GO:0010034	response to acetate	response to stimulus	involved_in	PMID:11427199	RGD	4	19
Q9VT51	Ilp2	7227	Drosophila melanogaster	GO:1990928	response to amino acid starvation	response to stimulus	involved_in	PMID:25882208	FlyBase	4	3
P24049	Rpl17	10116	Rattus norvegicus	GO:1990928	response to amino acid starvation	response to stimulus	involved_in	PMID:7765311	RGD	4	2
M0RE23	Rpl26	10116	Rattus norvegicus	GO:1990928	response to amino acid starvation	response to stimulus	involved_in	PMID:11500297	RGD	4	1
X2JAX9	ect	7227	Drosophila melanogaster	GO:0035295	tube development	developmental process	involved_in	PMID:2090376	FlyBase	4	2
M9PHZ2	ect	7227	Drosophila melanogaster	GO:0035295	tube development	developmental process	involved_in	PMID:2090376	FlyBase	4	1
Q8IQD9	ect	7227	Drosophila melanogaster	GO:0035295	tube development	developmental process	involved_in	PMID:2090376	FlyBase	4	1
P61980	Hnrnpk	10116	Rattus norvegicus	GO:0048538	thymus development	developmental process	involved_in	PMID:16488668	RGD	4	19
P28077	Psmb9	10116	Rattus norvegicus	GO:0048538	thymus development	developmental process	involved_in	PMID:18457575	RGD	4	9
O00358	FOXE1	9606	Homo sapiens	GO:0048538	thymus development	developmental process	involved_in	PMID:15494458	UniProt	4	3
Q01064	PDE1B	9606	Homo sapiens	GO:0030224	monocyte differentiation	developmental process	involved_in	PMID:14687666	UniProt	4	1
P35579	MYH9	9606	Homo sapiens	GO:0030224	monocyte differentiation	developmental process	involved_in	PMID:1912569	UniProt	4	1
Q8NI17	IL31RA	9606	Homo sapiens	GO:0030224	monocyte differentiation	developmental process	involved_in	PMID:11877449	UniProt	4	3
Q39168	At1g62000	3702	Arabidopsis thaliana	GO:0010192	mucilage biosynthetic process	metabolic process	acts_upstream_of_or_within	PMID:28003327	TAIR	4	2
O04587	At1g62220	3702	Arabidopsis thaliana	GO:0010192	mucilage biosynthetic process	metabolic process	acts_upstream_of_or_within	PMID:28003327	TAIR	4	2
O04573	At1g62060	3702	Arabidopsis thaliana	GO:0010192	mucilage biosynthetic process	metabolic process	acts_upstream_of_or_within	PMID:28003327	TAIR	4	2
P18266	Gsk3b	10116	Rattus norvegicus	GO:1990478	response to ultrasound	response to stimulus	involved_in	PMID:20708505	RGD	4	14
O08565	Cxcr4	10116	Rattus norvegicus	GO:1990478	response to ultrasound	response to stimulus	involved_in	PMID:25181476	RGD	4	4
Q62600	Nos3	10116	Rattus norvegicus	GO:1990478	response to ultrasound	response to stimulus	involved_in	PMID:28979692	RGD	4	45
P70196	Traf6	10090	Mus musculus	GO:0098696	regulation of neurotransmitter receptor localization to postsynaptic specialization membrane	biological regulation	involved_in	PMID:28973854	SynGO	4	2
Q8CGY8	Ogt	10090	Mus musculus	GO:0098696	regulation of neurotransmitter receptor localization to postsynaptic specialization membrane	biological regulation	involved_in	PMID:28143929	SynGO	4	7
Q84K64	UBC1	3635	Gossypium hirsutum	GO:0009908	flower development	developmental process	involved_in	PMID:12591614	AgBase	4	4
Q84J39	REM1	3702	Arabidopsis thaliana	GO:0009908	flower development	developmental process	involved_in	PMID:11842146	UniProt	4	1
Q84K93	UBC2	3635	Gossypium hirsutum	GO:0009908	flower development	developmental process	involved_in	PMID:12591614	AgBase	4	4
O35147	Bad	10116	Rattus norvegicus	GO:0034201	response to oleic acid	response to stimulus	involved_in	PMID:15627513	RGD	4	19
P30836	Sell	10116	Rattus norvegicus	GO:0034201	response to oleic acid	response to stimulus	involved_in	PMID:20730605	RGD	4	5
P18163	Acsl1	10116	Rattus norvegicus	GO:0034201	response to oleic acid	response to stimulus	involved_in	PMID:16428347	RGD	4	4
Q63199	Fas	10116	Rattus norvegicus	GO:0071279	cellular response to cobalt ion	response to stimulus	involved_in	PMID:15519734	RGD	4	32
O35800	Hif1a	10116	Rattus norvegicus	GO:0071279	cellular response to cobalt ion	response to stimulus	involved_in	PMID:10559391	RGD	4	41
Q80ZA3	Serpinf1	10116	Rattus norvegicus	GO:0071279	cellular response to cobalt ion	response to stimulus	involved_in	PMID:21922517	RGD	4	9
P9WGH1	sigC	83332	Mycobacterium tuberculosis H37Rv	GO:0009415	response to water	response to stimulus	involved_in	PMID:10027986	MTBBASE	4	4
O53590	sigM	83332	Mycobacterium tuberculosis H37Rv	GO:0009415	response to water	response to stimulus	involved_in	PMID:10027986	MTBBASE	4	2
P9WGI1	sigA	83332	Mycobacterium tuberculosis H37Rv	GO:0009415	response to water	response to stimulus	involved_in	PMID:10027986	MTBBASE	4	1
Q6AXW1	Glrx2	10116	Rattus norvegicus	GO:0071451	cellular response to superoxide	response to stimulus	involved_in	PMID:25126518	RGD	4	1
P9WMJ9	dnaK	83332	Mycobacterium tuberculosis H37Rv	GO:0071451	cellular response to superoxide	response to stimulus	involved_in	PMID:8900541	MTBBASE	4	4
P9WMJ7	htpG	83332	Mycobacterium tuberculosis H37Rv	GO:0071451	cellular response to superoxide	response to stimulus	involved_in	PMID:8900541	MTBBASE	4	1
P20607	Il6	10116	Rattus norvegicus	GO:0046849	bone remodeling	unclassified	involved_in	PMID:16193234	RGD	4	48
O55006	O55006	10116	Rattus norvegicus	GO:0046849	bone remodeling	unclassified	involved_in	PMID:9461570	UniProt	4	1
Q9WU82	Ctnnb1	10116	Rattus norvegicus	GO:0046849	bone remodeling	unclassified	involved_in	PMID:29224185	RGD	4	14
Q64678	Cyp1b1	10116	Rattus norvegicus	GO:0071393	cellular response to progesterone stimulus	response to stimulus	involved_in	PMID:8674863	RGD	4	19
P08025	Igf1	10116	Rattus norvegicus	GO:0071393	cellular response to progesterone stimulus	response to stimulus	involved_in	PMID:19853640	RGD	4	29
P24062	Igf1r	10116	Rattus norvegicus	GO:0071393	cellular response to progesterone stimulus	response to stimulus	involved_in	PMID:19853640	RGD	4	23
O73933	O73933	9031	Gallus gallus	GO:0045665	negative regulation of neuron differentiation	biological regulation	involved_in	PMID:17681138	AgBase	4	8
O57337	HES1	9031	Gallus gallus	GO:0045665	negative regulation of neuron differentiation	biological regulation	involved_in	PMID:17681138	AgBase	4	1
Q90X15	Id1	9031	Gallus gallus	GO:0045665	negative regulation of neuron differentiation	biological regulation	involved_in	PMID:17681138	AgBase	4	2
Q08467	CKA1	3702	Arabidopsis thaliana	GO:0006325	chromatin organization	unclassified	acts_upstream_of_or_within	PMID:22487192	TAIR	4	3
Q9VTE2	SuUR	7227	Drosophila melanogaster	GO:0006325	chromatin organization	unclassified	involved_in	PMID:12456726	UniProt	4	2
Q08466	CKA2	3702	Arabidopsis thaliana	GO:0006325	chromatin organization	unclassified	acts_upstream_of_or_within	PMID:22487192	TAIR	4	3
Q93097	WNT2B	9606	Homo sapiens	GO:0021871	forebrain regionalization	developmental process	involved_in	PMID:15164427	UniProt	4	3
P28047	Wnt7b	10090	Mus musculus	GO:0021871	forebrain regionalization	developmental process	involved_in	PMID:15164427	UniProt	4	1
P56706	WNT7B	9606	Homo sapiens	GO:0021871	forebrain regionalization	developmental process	involved_in	PMID:15164427	UniProt	4	7
P39951	Cdk1	10116	Rattus norvegicus	GO:0055015	ventricular cardiac muscle cell development	developmental process	involved_in	PMID:15253691	RGD	4	9
P43688	Nkx2-6	10090	Mus musculus	GO:0055015	ventricular cardiac muscle cell development	developmental process	involved_in	PMID:9621431	BHF-UCL	4	10
O70433	Fhl2	10090	Mus musculus	GO:0055015	ventricular cardiac muscle cell development	developmental process	involved_in	PMID:15509787	BHF-UCL	4	4
Q24564	Mer	7227	Drosophila melanogaster	GO:0007267	cell-cell signaling	biological regulation	involved_in	PMID:8666669	FlyBase	4	6
O70610	Gjd2	10116	Rattus norvegicus	GO:0007267	cell-cell signaling	biological regulation	involved_in	PMID:12064624	RGD	4	1
P54360	fj	7227	Drosophila melanogaster	GO:0007267	cell-cell signaling	biological regulation	involved_in	PMID:8606003	FlyBase	4	1
O75962	TRIO	9606	Homo sapiens	GO:0048786	presynaptic active zone	cellular component	is_active_in	PMID:27907191	SynGO	4	1
P34926	Map1a	10116	Rattus norvegicus	GO:0048786	presynaptic active zone	cellular component	is_active_in	PMID:18971475	SynGO	4	7
O82392	THIC	3702	Arabidopsis thaliana	GO:0010266	response to vitamin B1	response to stimulus	acts_upstream_of_or_within	PMID:17993623	TAIR	4	1
P06214	Alad	10116	Rattus norvegicus	GO:0010266	response to vitamin B1	response to stimulus	involved_in	PMID:20088549	RGD	4	29
P16257	Tspo	10116	Rattus norvegicus	GO:0010266	response to vitamin B1	response to stimulus	involved_in	PMID:10517697	RGD	4	12
P05539	Col2a1	10116	Rattus norvegicus	GO:0071306	cellular response to vitamin E	response to stimulus	involved_in	PMID:23722449	RGD	4	15
O88275	Pparg	10116	Rattus norvegicus	GO:0071306	cellular response to vitamin E	response to stimulus	involved_in	PMID:11752099	RGD	4	18
P02454	Col1a1	10116	Rattus norvegicus	GO:0071306	cellular response to vitamin E	response to stimulus	involved_in	PMID:23722449	RGD	4	26
Q8BGV3	Tacstd2	10090	Mus musculus	GO:0060675	ureteric bud morphogenesis	developmental process	involved_in	PMID:22194864	UniProt	4	2
O96014	WNT11	9606	Homo sapiens	GO:0060675	ureteric bud morphogenesis	developmental process	involved_in	PMID:9757009	UniProt	4	6
Q9WV93	Hey1	10090	Mus musculus	GO:0060675	ureteric bud morphogenesis	developmental process	involved_in	PMID:15821257	UniProt	4	4
Q5MNZ9	WIPI1	9606	Homo sapiens	GO:0006914	autophagy	metabolic process	involved_in	PMID:17618624	UniProt	4	2
Q6AZ50	Atg3	10116	Rattus norvegicus	GO:0006914	autophagy	metabolic process	involved_in	PMID:17110912	RGD	4	1
P09914	IFIT1	9606	Homo sapiens	GO:0140374	antiviral innate immune response	response to stimulus	involved_in	PMID:25930096	ARUK-UCL	4	1
P20591	MX1	9606	Homo sapiens	GO:0140374	antiviral innate immune response	response to stimulus	involved_in	PMID:25930096	ARUK-UCL	4	2
P00973	OAS1	9606	Homo sapiens	GO:0140374	antiviral innate immune response	response to stimulus	involved_in	PMID:25930096	ARUK-UCL	4	5
P50282	Mmp9	10116	Rattus norvegicus	GO:0007567	parturition	unclassified	involved_in	PMID:7492685	RGD	4	25
P01237	Prl	10116	Rattus norvegicus	GO:0007567	parturition	unclassified	involved_in	PMID:17641097	RGD	4	16
P23097	Mmp13	10116	Rattus norvegicus	GO:0007567	parturition	unclassified	involved_in	PMID:8691099	RGD	4	12
P08154	Egr1	10116	Rattus norvegicus	GO:0071873	response to norepinephrine	response to stimulus	involved_in	PMID:7905536	RGD	4	27
Q9QYK2	Ppargc1a	10116	Rattus norvegicus	GO:0071873	response to norepinephrine	response to stimulus	involved_in	PMID:23443926	RGD	4	50
P02466	Col1a2	10116	Rattus norvegicus	GO:0071873	response to norepinephrine	response to stimulus	involved_in	PMID:1951630	RGD	4	4
P02693	Fabp2	10116	Rattus norvegicus	GO:0015908	fatty acid transport	localization	involved_in	PMID:3840724	RGD	4	1
P35396	Ppard	10090	Mus musculus	GO:0015908	fatty acid transport	localization	involved_in	PMID:14676330	UniProt	4	2
Q07969	Cd36	10116	Rattus norvegicus	GO:0015908	fatty acid transport	localization	involved_in	PMID:16684853	RGD	4	11
Q8CIZ5	Dmbt1	10116	Rattus norvegicus	GO:1904614	response to biphenyl	response to stimulus	involved_in	PMID:12419858	RGD	4	4
P02770	Alb	10116	Rattus norvegicus	GO:1904614	response to biphenyl	response to stimulus	involved_in	PMID:12051991	RGD	4	4
P18418	Calr	10116	Rattus norvegicus	GO:1904614	response to biphenyl	response to stimulus	involved_in	PMID:11452518	RGD	4	11
P05197	Eef2	10116	Rattus norvegicus	GO:0014009	glial cell proliferation	developmental process	involved_in	PMID:7696190	RGD	4	13
P04094	Penk	10116	Rattus norvegicus	GO:0014009	glial cell proliferation	developmental process	involved_in	PMID:9221949	RGD	4	17
P70600	Ptk2b	10116	Rattus norvegicus	GO:0014009	glial cell proliferation	developmental process	involved_in	PMID:11389173	RGD	4	15
P04177	Th	10116	Rattus norvegicus	GO:0018963	phthalate metabolic process	metabolic process	involved_in	PMID:21145954	RGD	4	38
P22443	Cyp19a1	10116	Rattus norvegicus	GO:0018963	phthalate metabolic process	metabolic process	involved_in	PMID:20920559	RGD	4	23
Q4KM73	Cmpk1	10116	Rattus norvegicus	GO:0018963	phthalate metabolic process	metabolic process	involved_in	PMID:16400681	RGD	4	2
P04202	Tgfb1	10090	Mus musculus	GO:0060325	face morphogenesis	developmental process	involved_in	PMID:18498113	UniProt	4	2
P17125	Tgfb3	10090	Mus musculus	GO:0060325	face morphogenesis	developmental process	involved_in	PMID:18498113	UniProt	4	1
Q64124	Scx	10090	Mus musculus	GO:0060325	face morphogenesis	developmental process	involved_in	PMID:18498113	UniProt	4	7
P13640	MT1G	9606	Homo sapiens	GO:0035924	cellular response to vascular endothelial growth factor stimulus	response to stimulus	involved_in	PMID:15735762	UniProt	4	9
P54826	GAS1	9606	Homo sapiens	GO:0035924	cellular response to vascular endothelial growth factor stimulus	response to stimulus	involved_in	PMID:15070677	UniProt	4	1
Q9QX78	Socs1	10116	Rattus norvegicus	GO:0035924	cellular response to vascular endothelial growth factor stimulus	response to stimulus	involved_in	PMID:30771456	RGD	4	12
P19320	VCAM1	9606	Homo sapiens	GO:0022614	membrane to membrane docking	unclassified	involved_in	PMID:12082081	BHF-UCL	4	2
P15311	EZR	9606	Homo sapiens	GO:0022614	membrane to membrane docking	unclassified	involved_in	PMID:12082081	BHF-UCL	4	2
P05362	ICAM1	9606	Homo sapiens	GO:0022614	membrane to membrane docking	unclassified	involved_in	PMID:12082081	BHF-UCL	4	2
Q9QYK2	Ppargc1a	10116	Rattus norvegicus	GO:1904637	cellular response to ionomycin	response to stimulus	involved_in	PMID:17516843	RGD	4	50
P51638	Cav3	10116	Rattus norvegicus	GO:1904637	cellular response to ionomycin	response to stimulus	involved_in	PMID:15725944	RGD	4	4
P05540	Cd4	10116	Rattus norvegicus	GO:1904637	cellular response to ionomycin	response to stimulus	involved_in	PMID:25678251	RGD	4	6
P12658	Calb1	10090	Mus musculus	GO:0010842	retina layer formation	developmental process	involved_in	PMID:10741426	UniProt	4	6
P63006	Lhx1	10090	Mus musculus	GO:0010842	retina layer formation	developmental process	involved_in	PMID:10741426	UniProt	4	11
Q92481	TFAP2B	9606	Homo sapiens	GO:0010842	retina layer formation	developmental process	involved_in	PMID:20607706	UniProt	4	2
P70536	Oxtr	10116	Rattus norvegicus	GO:1904627	response to phorbol 13-acetate 12-myristate	response to stimulus	involved_in	PMID:11264328	RGD	4	17
P09215	Prkcd	10116	Rattus norvegicus	GO:1904627	response to phorbol 13-acetate 12-myristate	response to stimulus	involved_in	PMID:11478406	RGD	4	11
P05696	Prkca	10116	Rattus norvegicus	GO:1904627	response to phorbol 13-acetate 12-myristate	response to stimulus	involved_in	PMID:17845534	RGD	4	5
P06238	A2m	10116	Rattus norvegicus	GO:1990402	embryonic liver development	developmental process	involved_in	PMID:2450021	RGD	4	8
P15127	Insr	10116	Rattus norvegicus	GO:1990402	embryonic liver development	developmental process	involved_in	PMID:1448116	RGD	4	32
P50442	Gatm	10116	Rattus norvegicus	GO:1990402	embryonic liver development	developmental process	involved_in	PMID:15918910	RGD	4	4
P35355	Ptgs2	10116	Rattus norvegicus	GO:0071318	cellular response to ATP	response to stimulus	involved_in	PMID:21678415	RGD	4	17
P14844	Ccl2	10116	Rattus norvegicus	GO:0071318	cellular response to ATP	response to stimulus	involved_in	PMID:19125410	RGD	4	40
P07632	Sod1	10116	Rattus norvegicus	GO:0071318	cellular response to ATP	response to stimulus	involved_in	PMID:22572742	RGD	4	9
Q03190	Gja4	10116	Rattus norvegicus	GO:0003158	endothelium development	developmental process	involved_in	PMID:10990491	RGD	4	2
P08050	Gja1	10116	Rattus norvegicus	GO:0003158	endothelium development	developmental process	involved_in	PMID:10990491	RGD	4	13
P28906	CD34	9606	Homo sapiens	GO:0003158	endothelium development	developmental process	involved_in	PMID:17261663	UniProt	4	11
P21228	alcR	227321	Aspergillus nidulans FGSC A4	GO:0046187	acetaldehyde catabolic process	metabolic process	acts_upstream_of_or_within	PMID:11988072	AspGD	4	3
P08843	alcA	227321	Aspergillus nidulans FGSC A4	GO:0046187	acetaldehyde catabolic process	metabolic process	acts_upstream_of_or_within	PMID:11988072	AspGD	4	4
P08157	aldA	227321	Aspergillus nidulans FGSC A4	GO:0046187	acetaldehyde catabolic process	metabolic process	acts_upstream_of_or_within	PMID:11102439	AspGD	4	4
Q9V5N8	stan	7227	Drosophila melanogaster	GO:0007367	segment polarity determination	developmental process	involved_in	PMID:10490098	UniProt	4	4
P09083	gsb-n	7227	Drosophila melanogaster	GO:0007367	segment polarity determination	developmental process	involved_in	PMID:3123319	UniProt	4	1
Q63199	Fas	10116	Rattus norvegicus	GO:0071464	cellular response to hydrostatic pressure	response to stimulus	involved_in	PMID:16226958	RGD	4	32
Q63544	Sncg	10116	Rattus norvegicus	GO:0071464	cellular response to hydrostatic pressure	response to stimulus	involved_in	PMID:11933054	RGD	4	5
P09416	Myc	10116	Rattus norvegicus	GO:0071464	cellular response to hydrostatic pressure	response to stimulus	involved_in	PMID:22644739	RGD	4	33
P56703	WNT3	9606	Homo sapiens	GO:0061180	mammary gland epithelium development	developmental process	involved_in	PMID:8168088	UniProt	4	1
P09544	WNT2	9606	Homo sapiens	GO:0061180	mammary gland epithelium development	developmental process	involved_in	PMID:8168088	UniProt	4	2
P56705	WNT4	9606	Homo sapiens	GO:0061180	mammary gland epithelium development	developmental process	involved_in	PMID:8168088	UniProt	4	7
P75913	ghrA	83333	Escherichia coli K-12	GO:0033554	cellular response to stress	response to stimulus	acts_upstream_of_or_within	PMID:19767843	EcoCyc	4	1
P0AFW2	rmf	83333	Escherichia coli K-12	GO:0033554	cellular response to stress	response to stimulus	involved_in	PMID:19767843	EcoCyc	4	1
P64550	alaE	83333	Escherichia coli K-12	GO:0033554	cellular response to stress	response to stimulus	involved_in	PMID:19767843	EcoCyc	4	1
P10688	Plcd1	10116	Rattus norvegicus	GO:0034696	response to prostaglandin F	response to stimulus	involved_in	PMID:11517196	RGD	4	3
P22388	Edn1	10116	Rattus norvegicus	GO:0034696	response to prostaglandin F	response to stimulus	involved_in	PMID:16947426	RGD	4	27
Q8CHJ4	Yy1	10116	Rattus norvegicus	GO:0034696	response to prostaglandin F	response to stimulus	involved_in	PMID:11861536	RGD	4	1
Q5RJR2	Twf1	10116	Rattus norvegicus	GO:1990708	conditioned place preference	unclassified	involved_in	PMID:33963280	RGD	4	1
Q9R0C9	Sigmar1	10116	Rattus norvegicus	GO:1990708	conditioned place preference	unclassified	involved_in	PMID:32670551	RGD	4	3
P11030	Dbi	10116	Rattus norvegicus	GO:1990708	conditioned place preference	unclassified	involved_in	PMID:15950760	RGD	4	2
Q13563	PKD2	9606	Homo sapiens	GO:0035502	metanephric part of ureteric bud development	developmental process	involved_in	PMID:11891195	UniProt	4	17
P12658	Calb1	10090	Mus musculus	GO:0035502	metanephric part of ureteric bud development	developmental process	involved_in	PMID:18618131	UniProt	4	6
Q92949	FOXJ1	9606	Homo sapiens	GO:0035502	metanephric part of ureteric bud development	developmental process	involved_in	PMID:9530170	BHF-UCL	4	3
P12729	pspA	44689	Dictyostelium discoideum	GO:0031153	slug development involved in sorocarp development	developmental process	involved_in	PMID:25887420	dictyBase	4	1
P15648	hssl33	44689	Dictyostelium discoideum	GO:0031153	slug development involved in sorocarp development	developmental process	involved_in	PMID:2161991	UniProt	4	2
P15649	hssl27	44689	Dictyostelium discoideum	GO:0031153	slug development involved in sorocarp development	developmental process	involved_in	PMID:2161991	UniProt	4	2
P16884	Nefh	10116	Rattus norvegicus	GO:1903937	response to acrylamide	response to stimulus	involved_in	PMID:17043767	RGD	4	9
P34975	Oprk1	10116	Rattus norvegicus	GO:1903937	response to acrylamide	response to stimulus	involved_in	PMID:22197712	RGD	4	11
P12839	Nefm	10116	Rattus norvegicus	GO:1903937	response to acrylamide	response to stimulus	involved_in	PMID:17043767	RGD	4	7
P97826	Star	10116	Rattus norvegicus	GO:0071872	cellular response to epinephrine stimulus	response to stimulus	involved_in	PMID:11064152	RGD	4	43
P24483	Fdx1	10116	Rattus norvegicus	GO:0071872	cellular response to epinephrine stimulus	response to stimulus	involved_in	PMID:11064152	RGD	4	6
P12928	Pklr	10116	Rattus norvegicus	GO:0071872	cellular response to epinephrine stimulus	response to stimulus	involved_in	PMID:10620345	RGD	4	6
P68403	Prkcb	10116	Rattus norvegicus	GO:0018894	dibenzo-p-dioxin metabolic process	metabolic process	involved_in	PMID:16797713	RGD	4	5
P31214	Srd5a2	10116	Rattus norvegicus	GO:0018894	dibenzo-p-dioxin metabolic process	metabolic process	involved_in	PMID:11222880	RGD	4	13
P15393	Cyp11b1	10116	Rattus norvegicus	GO:0018894	dibenzo-p-dioxin metabolic process	metabolic process	involved_in	PMID:16254025	RGD	4	4
P61169	Drd2	10116	Rattus norvegicus	GO:0021769	orbitofrontal cortex development	developmental process	involved_in	PMID:22015925	RGD	4	15
P58751	Reln	10116	Rattus norvegicus	GO:0021769	orbitofrontal cortex development	developmental process	involved_in	PMID:20035841	RGD	4	20
P18901	Drd1	10116	Rattus norvegicus	GO:0021769	orbitofrontal cortex development	developmental process	involved_in	PMID:22015925	RGD	4	17
P19359	Ascl1	10116	Rattus norvegicus	GO:0071259	cellular response to magnetism	response to stimulus	involved_in	PMID:19382241	RGD	4	5
P38652	Pgm1	10116	Rattus norvegicus	GO:0071259	cellular response to magnetism	response to stimulus	involved_in	PMID:15109983	RGD	4	1
Q62986	Esr2	10116	Rattus norvegicus	GO:0071259	cellular response to magnetism	response to stimulus	involved_in	PMID:23469792	RGD	4	28
P19468	Gclc	10116	Rattus norvegicus	GO:0035729	cellular response to hepatocyte growth factor stimulus	response to stimulus	involved_in	PMID:20466058	RGD	4	12
P48442	Casr	10116	Rattus norvegicus	GO:0035729	cellular response to hepatocyte growth factor stimulus	response to stimulus	involved_in	PMID:21088907	RGD	4	12
P48508	Gclm	10116	Rattus norvegicus	GO:0035729	cellular response to hepatocyte growth factor stimulus	response to stimulus	involved_in	PMID:20466058	RGD	4	9
P63007	Lhx1	10116	Rattus norvegicus	GO:0072278	metanephric comma-shaped body morphogenesis	developmental process	involved_in	PMID:9496787	UniProt	4	7
Q05030	Pdgfrb	10116	Rattus norvegicus	GO:0072278	metanephric comma-shaped body morphogenesis	developmental process	involved_in	PMID:10734101	UniProt	4	14
Q06710	PAX8	9606	Homo sapiens	GO:0072278	metanephric comma-shaped body morphogenesis	developmental process	involved_in	PMID:1337742	UniProt	4	10
P30185	RAB18	3702	Arabidopsis thaliana	GO:0009961	response to 1-aminocyclopropane-1-carboxylic acid	response to stimulus	acts_upstream_of_or_within	PMID:16024687	TAIR	4	3
Q8GX77	At1g61340	3702	Arabidopsis thaliana	GO:0009961	response to 1-aminocyclopropane-1-carboxylic acid	response to stimulus	acts_upstream_of_or_within	PMID:22325883	TAIR	4	8
P25070	CML24	3702	Arabidopsis thaliana	GO:0009961	response to 1-aminocyclopropane-1-carboxylic acid	response to stimulus	NOT|involved_in	PMID:16113225	TAIR	4	11
P25859	CDKB1-1	3702	Arabidopsis thaliana	GO:0048825	cotyledon development	developmental process	acts_upstream_of_or_within	PMID:10521519	TAIR	4	3
Q43714	CAD1-A	29729	Gossypium arboreum	GO:0048825	cotyledon development	developmental process	involved_in	PMID:15133151	AgBase	4	4
Q6R8H1	Q6R8H1	29729	Gossypium arboreum	GO:0048825	cotyledon development	developmental process	involved_in	PMID:15133151	AgBase	4	4
Q04887	Sox9	10090	Mus musculus	GO:0030903	notochord development	developmental process	involved_in	PMID:9119111	UniProt	4	14
P41133	Id3	10090	Mus musculus	GO:0030903	notochord development	developmental process	involved_in	PMID:7655079	UniProt	4	5
Q5NBX1	Cobl	10090	Mus musculus	GO:0030903	notochord development	developmental process	involved_in	PMID:7586755	BHF-UCL	4	6
P29972	AQP1	9606	Homo sapiens	GO:0050891	multicellular organismal-level water homeostasis	biological regulation	involved_in	PMID:17645239	UniProt	4	6
Q9V5Z7	Drip	7227	Drosophila melanogaster	GO:0050891	multicellular organismal-level water homeostasis	biological regulation	involved_in	PMID:15800049	FlyBase	4	2
P55087	AQP4	9606	Homo sapiens	GO:0050891	multicellular organismal-level water homeostasis	biological regulation	involved_in	PMID:17645239	UniProt	4	2
Q62751	Ireb2	10116	Rattus norvegicus	GO:0071283	cellular response to iron(III) ion	response to stimulus	involved_in	PMID:17469137	RGD	4	12
P30277	Ccnb1	10116	Rattus norvegicus	GO:0071283	cellular response to iron(III) ion	response to stimulus	involved_in	PMID:18254965	RGD	4	11
P50282	Mmp9	10116	Rattus norvegicus	GO:0071283	cellular response to iron(III) ion	response to stimulus	involved_in	PMID:21683124	RGD	4	25
P30560	Avpr1a	10116	Rattus norvegicus	GO:0014902	myotube differentiation	developmental process	involved_in	PMID:18021262	RGD	4	5
Q9QX75	Trdn	10116	Rattus norvegicus	GO:0014902	myotube differentiation	developmental process	involved_in	PMID:10713145	RGD	4	2
Q06413	MEF2C	9606	Homo sapiens	GO:0014902	myotube differentiation	developmental process	involved_in	PMID:8455629	UniProt	4	3
P32114	Pax2	10090	Mus musculus	GO:0072207	metanephric epithelium development	developmental process	involved_in	PMID:7856737	UniProt	4	10
Q02962	PAX2	9606	Homo sapiens	GO:0072207	metanephric epithelium development	developmental process	involved_in	PMID:7856737	UniProt	4	2
Q06710	PAX8	9606	Homo sapiens	GO:0072207	metanephric epithelium development	developmental process	involved_in	PMID:7856737	UniProt	4	10
Q5AHY9	HFL1	237561	Candida albicans SC5314	GO:0003700	DNA-binding transcription factor activity	biological regulation	enables	PMID:39370643	CGD	4	1
P77626	sutR	83333	Escherichia coli K-12	GO:0003700	DNA-binding transcription factor activity	biological regulation	enables	PMID:25406449	EcoCyc	4	3
P32144	csqR	83333	Escherichia coli K-12	GO:0003700	DNA-binding transcription factor activity	biological regulation	enables	PMID:29453395	EcoCyc	4	2
P70120	Hes5	10090	Mus musculus	GO:0072050	S-shaped body morphogenesis	developmental process	involved_in	PMID:15821257	UniProt	4	4
P35428	Hes1	10090	Mus musculus	GO:0072050	S-shaped body morphogenesis	developmental process	involved_in	PMID:15821257	UniProt	4	6
Q00288	Pax8	10090	Mus musculus	GO:0072050	S-shaped body morphogenesis	developmental process	involved_in	PMID:1723950	UniProt	4	8
P35556	FBN2	9606	Homo sapiens	GO:0048048	embryonic eye morphogenesis	developmental process	involved_in	PMID:25406291	UniProt	4	2
Q12805	EFEMP1	9606	Homo sapiens	GO:0048048	embryonic eye morphogenesis	developmental process	involved_in	PMID:25406291	UniProt	4	3
P55001	MFAP2	9606	Homo sapiens	GO:0048048	embryonic eye morphogenesis	developmental process	involved_in	PMID:25406291	UniProt	4	2
P37089	Scnn1a	10116	Rattus norvegicus	GO:1904116	response to vasopressin	response to stimulus	involved_in	PMID:16528252	RGD	4	14
P37090	Scnn1b	10116	Rattus norvegicus	GO:1904116	response to vasopressin	response to stimulus	involved_in	PMID:16528252	RGD	4	9
Q9QZC4	Pcyt1b	10116	Rattus norvegicus	GO:1904116	response to vasopressin	response to stimulus	involved_in	PMID:10739892	RGD	4	1
P41964	Drs	7227	Drosophila melanogaster	GO:0019732	antifungal humoral response	response to stimulus	involved_in	PMID:9405661	FlyBase	4	3
P82706	BomS1	7227	Drosophila melanogaster	GO:0019732	antifungal humoral response	response to stimulus	involved_in	PMID:36322050	FlyBase	4	1
Q9WUU7	Ctsz	10090	Mus musculus	GO:0060441	epithelial tube branching involved in lung morphogenesis	developmental process	involved_in	PMID:17500053	UniProt	4	1
P43699	NKX2-1	9606	Homo sapiens	GO:0060441	epithelial tube branching involved in lung morphogenesis	developmental process	involved_in	PMID:8675988	UniProt	4	6
Q63673	Shh	10116	Rattus norvegicus	GO:0060441	epithelial tube branching involved in lung morphogenesis	developmental process	involved_in	PMID:8769111	RGD	4	8
P50399	Gdi2	10116	Rattus norvegicus	GO:0016192	vesicle-mediated transport	localization	involved_in	PMID:8188702	RGD	4	1
Q9C9X5	At1g68110	3702	Arabidopsis thaliana	GO:0016192	vesicle-mediated transport	localization	acts_upstream_of_or_within	PMID:29570675	TAIR	4	2
Q9FL69	AGD5	3702	Arabidopsis thaliana	GO:0016192	vesicle-mediated transport	localization	involved_in	PMID:19429787	UniProt	4	1
P58428	Abcg8	10116	Rattus norvegicus	GO:0070328	triglyceride homeostasis	unclassified	involved_in	PMID:23117815	RGD	4	7
Q99PE7	Abcg5	10116	Rattus norvegicus	GO:0070328	triglyceride homeostasis	unclassified	involved_in	PMID:23117815	RGD	4	9
Q62735	Nr1h4	10116	Rattus norvegicus	GO:0070328	triglyceride homeostasis	unclassified	involved_in	PMID:23117815	RGD	4	16
Q7TMB8	Cyfip1	10090	Mus musculus	GO:0099578	regulation of translation at postsynapse, modulating synaptic transmission	biological regulation	involved_in	PMID:24050404	SynGO	4	1
P63073	Eif4e	10090	Mus musculus	GO:0099578	regulation of translation at postsynapse, modulating synaptic transmission	biological regulation	involved_in	PMID:23263185	SynGO	4	8
Q920B6	Kcnk2	10116	Rattus norvegicus	GO:0003231	cardiac ventricle development	developmental process	involved_in	PMID:24705172	RGD	4	6
Q00438	Ptbp1	10116	Rattus norvegicus	GO:0003231	cardiac ventricle development	developmental process	involved_in	PMID:19590510	RGD	4	1
P63331	Ppp2ca	10116	Rattus norvegicus	GO:0003231	cardiac ventricle development	developmental process	involved_in	PMID:10861850	RGD	4	9
P81068	Irx1	10090	Mus musculus	GO:0072086	specification of loop of Henle identity	developmental process	involved_in	PMID:17875669	UniProt	4	3
P81067	Irx3	10090	Mus musculus	GO:0072086	specification of loop of Henle identity	developmental process	involved_in	PMID:17875669	UniProt	4	3
P81066	Irx2	10090	Mus musculus	GO:0072086	specification of loop of Henle identity	developmental process	involved_in	PMID:17875669	UniProt	4	3
Q9SJ02	SEP2	3702	Arabidopsis thaliana	GO:0071492	cellular response to UV-A	response to stimulus	involved_in	PMID:10725357	UniProt	4	3
Q94K66	ELIP2	3702	Arabidopsis thaliana	GO:0071492	cellular response to UV-A	response to stimulus	involved_in	PMID:10725357	UniProt	4	11
Q9M7I9	SEP1	3702	Arabidopsis thaliana	GO:0071492	cellular response to UV-A	response to stimulus	involved_in	PMID:10725357	UniProt	4	4
P97441	Slc30a3	10090	Mus musculus	GO:0099180	zinc ion import into synaptic vesicle	localization	involved_in	PMID:9990090	SynGO	4	8
P9WFV6	glyQS	83331	Mycobacterium tuberculosis CDC1551	GO:1990742	microvesicle	cellular component	located_in	PMID:19011622	UniProt	4	2
P9WFV7	glyQS	83332	Mycobacterium tuberculosis H37Rv	GO:1990742	microvesicle	cellular component	located_in	PMID:19011622	UniProt	4	2
Q15011	HERPUD1	9606	Homo sapiens	GO:0006986	response to unfolded protein	response to stimulus	involved_in	PMID:10708769	UniProt	4	2
Q9JK66	Prkn	10116	Rattus norvegicus	GO:0006986	response to unfolded protein	response to stimulus	involved_in	PMID:12472897	RGD	4	10
Q8T0X8	CheA29a	7227	Drosophila melanogaster	GO:0007606	sensory perception of chemical stimulus	unclassified	involved_in	PMID:11904775	FlyBase	4	2
Q27377	a10	7227	Drosophila melanogaster	GO:0007606	sensory perception of chemical stimulus	unclassified	involved_in	PMID:16581978	FlyBase	4	1
Q3ZAK6	CheB42a	7227	Drosophila melanogaster	GO:0007606	sensory perception of chemical stimulus	unclassified	involved_in	PMID:11904775	FlyBase	4	3
Q5BG07	pkdA	227321	Aspergillus nidulans FGSC A4	GO:0044550	secondary metabolite biosynthetic process	metabolic process	acts_upstream_of_or_within	PMID:22506079	AspGD	4	1
Q5AUX8	dbaH	227321	Aspergillus nidulans FGSC A4	GO:0044550	secondary metabolite biosynthetic process	metabolic process	acts_upstream_of_or_within	PMID:23001671	AspGD	4	1
Q5AUY3	dbaB	227321	Aspergillus nidulans FGSC A4	GO:0044550	secondary metabolite biosynthetic process	metabolic process	acts_upstream_of_or_within	PMID:23001671	AspGD	4	1
Q64249	Nr6a1	10090	Mus musculus	GO:0007276	gamete generation	unclassified	involved_in	PMID:7835709	UniProt	4	2
Q6QMG1	tshr	7998	Ictalurus punctatus	GO:0007276	gamete generation	unclassified	involved_in	PMID:19523396	AgBase	4	1
Q64640	Adk	10116	Rattus norvegicus	GO:0032922	circadian regulation of gene expression	biological regulation	involved_in	PMID:12675911	RGD	4	2
Q940T9	COL4	3702	Arabidopsis thaliana	GO:0032922	circadian regulation of gene expression	biological regulation	acts_upstream_of_or_within	PMID:31191575	TAIR	4	1
Q9SUM4	VIL2	3702	Arabidopsis thaliana	GO:0032922	circadian regulation of gene expression	biological regulation	involved_in	PMID:20837520	UniProt	4	2
Q9FSY7	Q9FSY7	13451	Corylus avellana	GO:0009846	pollen germination	unclassified	involved_in	PMID:12811017	UniProt	4	3
Q8GT41	Q8GT41	140101	Platanus x hispanica	GO:0009846	pollen germination	unclassified	involved_in	DOI:10.1007/s00497-005-0002-4	UniProt	4	2
Q6H9K0	plaa2	140101	Platanus x hispanica	GO:0009846	pollen germination	unclassified	involved_in	DOI:10.1007/s00497-005-0002-4	UniProt	4	3
Q99NE5	Rims1	10090	Mus musculus	GO:0098882	structural constituent of presynaptic active zone	molecular function	enables	PMID:27537483	SynGO	4	2
Q6PH08	Erc2	10090	Mus musculus	GO:0098882	structural constituent of presynaptic active zone	molecular function	enables	PMID:27537483	SynGO	4	1
Q99MI1	Erc1	10090	Mus musculus	GO:0098882	structural constituent of presynaptic active zone	molecular function	enables	PMID:27537483	SynGO	4	1
Q8IRI5	trio	7227	Drosophila melanogaster	GO:0030036	actin cytoskeleton organization	unclassified	involved_in	PMID:10798396	FlyBase	4	1
Q7KVD1	trio	7227	Drosophila melanogaster	GO:0030036	actin cytoskeleton organization	unclassified	involved_in	PMID:10798396	FlyBase	4	1
Q7YZA0	trio	7227	Drosophila melanogaster	GO:0030036	actin cytoskeleton organization	unclassified	involved_in	PMID:10798396	FlyBase	4	1
X2JEE0	Atg8a	7227	Drosophila melanogaster	GO:0016236	macroautophagy	metabolic process	involved_in	PMID:15296714	FlyBase	4	1
Q9VEG5	Atg8b	7227	Drosophila melanogaster	GO:0016236	macroautophagy	metabolic process	involved_in	PMID:15296714	FlyBase	4	1
X2JJA8	Atg8a	7227	Drosophila melanogaster	GO:0016236	macroautophagy	metabolic process	involved_in	PMID:15296714	FlyBase	4	1
Q9Z269	Vapb	10116	Rattus norvegicus	GO:0005783	endoplasmic reticulum	cellular component	is_active_in	PMID:30841933	SynGO	4	9
A0A0B4K7K9	brp	7227	Drosophila melanogaster	GO:0060074	synapse maturation	developmental process	acts_upstream_of	PMID:36029115	FlyBase	3	1
Q61361	Bcan	10090	Mus musculus	GO:0060074	synapse maturation	developmental process	involved_in	PMID:28712654	SynGO	3	2
Q9VLP0	witty	7227	Drosophila melanogaster	GO:0060074	synapse maturation	developmental process	acts_upstream_of	PMID:36029115	FlyBase	3	1
A0A0G2JVC1	Mdm2	10116	Rattus norvegicus	GO:1904404	response to formaldehyde	response to stimulus	involved_in	PMID:18045764	RGD	3	17
P20786	Pdgfra	10116	Rattus norvegicus	GO:1904404	response to formaldehyde	response to stimulus	involved_in	PMID:18045764	RGD	3	10
P27139	Ca2	10116	Rattus norvegicus	GO:1904404	response to formaldehyde	response to stimulus	involved_in	PMID:17285311	RGD	3	10
A0A0G2JY53	Myh15	10116	Rattus norvegicus	GO:0002074	extraocular skeletal muscle development	developmental process	involved_in	PMID:19948655	RGD	3	1
A0A8I6AC90	Myom2	10116	Rattus norvegicus	GO:0002074	extraocular skeletal muscle development	developmental process	involved_in	PMID:12878677	RGD	3	1
A0A8I6GBP8	Myom1	10116	Rattus norvegicus	GO:0002074	extraocular skeletal muscle development	developmental process	involved_in	PMID:12878677	RGD	3	1
A0A0G2K1A2	Mpo	10116	Rattus norvegicus	GO:1990268	response to gold nanoparticle	response to stimulus	involved_in	PMID:23150627	RGD	3	4
P16599	Tnf	10116	Rattus norvegicus	GO:1990268	response to gold nanoparticle	response to stimulus	involved_in	PMID:23150627	RGD	3	43
Q9QX05	Tlr4	10116	Rattus norvegicus	GO:1990268	response to gold nanoparticle	response to stimulus	involved_in	PMID:23150627	RGD	3	18
A0A0G2K1Y4	Muc5ac	10116	Rattus norvegicus	GO:0010477	response to sulfur dioxide	response to stimulus	involved_in	PMID:17590487	RGD	3	8
P00176	Cyp2b1	10116	Rattus norvegicus	GO:0010477	response to sulfur dioxide	response to stimulus	involved_in	PMID:17086701	RGD	3	5
Q00238	Icam1	10116	Rattus norvegicus	GO:0010477	response to sulfur dioxide	response to stimulus	involved_in	PMID:20951496	RGD	3	25
A0A0G2K2P5	Tjp1	10116	Rattus norvegicus	GO:0071000	response to magnetism	response to stimulus	involved_in	PMID:20137299	RGD	3	7
P07895	Sod2	10116	Rattus norvegicus	GO:0071000	response to magnetism	response to stimulus	involved_in	PMID:20037191	RGD	3	16
Q62600	Nos3	10116	Rattus norvegicus	GO:0071000	response to magnetism	response to stimulus	involved_in	PMID:28979692	RGD	3	45
A0A0G2K344	Pik3ca	10116	Rattus norvegicus	GO:0014870	response to muscle inactivity	response to stimulus	involved_in	PMID:24124592	RGD	3	5
P11980	Pkm	10116	Rattus norvegicus	GO:0014870	response to muscle inactivity	response to stimulus	involved_in	PMID:6331066	RGD	3	5
P19633	Casq1	10116	Rattus norvegicus	GO:0014870	response to muscle inactivity	response to stimulus	involved_in	PMID:11546666	RGD	3	3
A0A0G2K475	Brip1	10116	Rattus norvegicus	GO:0071295	cellular response to vitamin	response to stimulus	involved_in	PMID:16771696	RGD	3	4
A0ABK0KZB0	Brip1	10116	Rattus norvegicus	GO:0071295	cellular response to vitamin	response to stimulus	involved_in	PMID:16771696	RGD	3	4
A0ABK0LAE9	Brip1	10116	Rattus norvegicus	GO:0071295	cellular response to vitamin	response to stimulus	involved_in	PMID:16771696	RGD	3	4
A0A286R227	A0A286R227	3117	Ulva prolifera	GO:0071250	cellular response to nitrite	response to stimulus	involved_in	PMID:28650572	UniProt	3	2
O35800	Hif1a	10116	Rattus norvegicus	GO:0071250	cellular response to nitrite	response to stimulus	involved_in	PMID:23227543	RGD	3	41
Q9QYK2	Ppargc1a	10116	Rattus norvegicus	GO:0071250	cellular response to nitrite	response to stimulus	involved_in	PMID:22892143	RGD	3	50
A0A8I5YC99	Eps15	10116	Rattus norvegicus	GO:0098884	postsynaptic neurotransmitter receptor internalization	biological regulation	involved_in	PMID:25023288	SynGO	3	2
Q5PPJ9	Sh3glb2	10116	Rattus norvegicus	GO:0098884	postsynaptic neurotransmitter receptor internalization	biological regulation	involved_in	PMID:26776730	SynGO	3	2
Q9DCA7	Caly	10090	Mus musculus	GO:0098884	postsynaptic neurotransmitter receptor internalization	biological regulation	involved_in	PMID:19120439	SynGO	3	2
A0A8I5ZQU7	Casp7	10116	Rattus norvegicus	GO:0051146	striated muscle cell differentiation	developmental process	involved_in	PMID:28899909	RGD	3	2
P62775	Mtpn	10116	Rattus norvegicus	GO:0051146	striated muscle cell differentiation	developmental process	involved_in	PMID:12467730	RGD	3	4
A0A8I5ZQU7	Casp7	10116	Rattus norvegicus	GO:0071887	leukocyte apoptotic process	unclassified	involved_in	PMID:26861981	RGD	3	2
Q9JHK1	Casp9	10116	Rattus norvegicus	GO:0071887	leukocyte apoptotic process	unclassified	involved_in	PMID:26861981	RGD	3	10
A0A8I5ZW61	Tek	10116	Rattus norvegicus	GO:0001958	endochondral ossification	developmental process	involved_in	PMID:11735002	RGD	3	3
P23097	Mmp13	10116	Rattus norvegicus	GO:0001958	endochondral ossification	developmental process	involved_in	PMID:10646117	RGD	3	12
Q9R1N9	Col13a1	10090	Mus musculus	GO:0001958	endochondral ossification	developmental process	involved_in	PMID:11470398	UniProt	3	2
A0A8I5ZXI2	Arhgdib	10116	Rattus norvegicus	GO:0071461	cellular response to redox state	response to stimulus	involved_in	PMID:9665834	RGD	3	1
Q06518	Nos2	10116	Rattus norvegicus	GO:0071461	cellular response to redox state	response to stimulus	involved_in	PMID:21964032	RGD	3	19
Q5XI73	Arhgdia	10116	Rattus norvegicus	GO:0071461	cellular response to redox state	response to stimulus	involved_in	PMID:9665834	RGD	3	3
A0A8I6AHI4	Ezh2	10116	Rattus norvegicus	GO:0090183	regulation of kidney development	biological regulation	involved_in	PMID:18467665	RGD	3	3
A0ABZ3NNP3	Bmi1	10116	Rattus norvegicus	GO:0090183	regulation of kidney development	biological regulation	involved_in	PMID:18467665	RGD	3	3
Q4V8P1	Cited1	10116	Rattus norvegicus	GO:0090183	regulation of kidney development	biological regulation	involved_in	PMID:18467665	RGD	3	1
A0A8J0T3N4	c-answer.L	8355	Xenopus laevis	GO:0000165	MAPK cascade	response to stimulus	acts_upstream_of_or_within_positive_effect	PMID:31644900	Xenbase	3	2
P10147	CCL3	9606	Homo sapiens	GO:0000165	MAPK cascade	response to stimulus	involved_in	PMID:12032188	UniProt	3	7
P51681	CCR5	9606	Homo sapiens	GO:0000165	MAPK cascade	response to stimulus	involved_in	PMID:12032188	UniProt	3	3
A0A8J0UT55	cd44.L	8355	Xenopus laevis	GO:0097168	mesenchymal stem cell proliferation	unclassified	acts_upstream_of_or_within	PMID:33892293	Xenbase	3	1
A0A8J0UY46	cd44.L	8355	Xenopus laevis	GO:0097168	mesenchymal stem cell proliferation	unclassified	acts_upstream_of_or_within	PMID:33892293	Xenbase	3	1
Q2NKX3	cd44.L	8355	Xenopus laevis	GO:0097168	mesenchymal stem cell proliferation	unclassified	acts_upstream_of_or_within	PMID:33892293	Xenbase	3	1
A0AB32T5B6	gsc	7955	Danio rerio	GO:0009950	dorsal/ventral axis specification	developmental process	acts_upstream_of_or_within	PMID:8104775	ZFIN	3	1
B2GRD3	gsc	7955	Danio rerio	GO:0009950	dorsal/ventral axis specification	developmental process	acts_upstream_of_or_within	PMID:8104775	ZFIN	3	1
P53544	gsc	7955	Danio rerio	GO:0009950	dorsal/ventral axis specification	developmental process	acts_upstream_of_or_within	PMID:8104775	ZFIN	3	1
A0AB32TYW9	fgf8a	7955	Danio rerio	GO:0046850	regulation of bone remodeling	biological regulation	acts_upstream_of_or_within	PMID:17448458	ZFIN	3	1
O57341	fgf8a	7955	Danio rerio	GO:0046850	regulation of bone remodeling	biological regulation	acts_upstream_of_or_within	PMID:17448458	ZFIN	3	1
Q9ES02	Mepe	10116	Rattus norvegicus	GO:0046850	regulation of bone remodeling	biological regulation	involved_in	PMID:10967096	RGD	3	1
A0ABK0KYT3	Vamp4	10116	Rattus norvegicus	GO:0016189	synaptic vesicle to endosome fusion	localization	involved_in	PMID:26607000	SynGO	3	2
O70439	Stx7	10090	Mus musculus	GO:0016189	synaptic vesicle to endosome fusion	localization	involved_in	PMID:34408265	SynGO	3	1
A0ABK0L9W9	Mt2	10116	Rattus norvegicus	GO:0048143	astrocyte activation	response to stimulus	involved_in	PMID:19837066	RGD	3	1
P04355	Mt2	10116	Rattus norvegicus	GO:0048143	astrocyte activation	response to stimulus	involved_in	PMID:19837066	RGD	3	1
Q6IE75	Bace2	10116	Rattus norvegicus	GO:0048143	astrocyte activation	response to stimulus	involved_in	PMID:21073551	RGD	3	1
A0ABK0LEP2	Syne1	10116	Rattus norvegicus	GO:0098871	postsynaptic actin cytoskeleton	cellular component	is_active_in	PMID:24191017	SynGO	3	6
Q07266	Dbn1	10116	Rattus norvegicus	GO:0098871	postsynaptic actin cytoskeleton	cellular component	is_active_in	PMID:8929425	SynGO	3	8
Q64331	Myo6	10090	Mus musculus	GO:0098871	postsynaptic actin cytoskeleton	cellular component	is_active_in	PMID:15657400	SynGO	3	2
A0ABK0LGW0	Ep300	10116	Rattus norvegicus	GO:0035984	cellular response to trichostatin A	response to stimulus	involved_in	PMID:20094059	RGD	3	23
Q4V7C7	Actr3	10116	Rattus norvegicus	GO:0035984	cellular response to trichostatin A	response to stimulus	involved_in	PMID:12445420	RGD	3	9
Q5M7U6	Actr2	10116	Rattus norvegicus	GO:0035984	cellular response to trichostatin A	response to stimulus	involved_in	PMID:12445420	RGD	3	4
A0ABK0LGW0	Ep300	10116	Rattus norvegicus	GO:0071389	cellular response to mineralocorticoid stimulus	response to stimulus	involved_in	PMID:22465009	RGD	3	23
P22388	Edn1	10116	Rattus norvegicus	GO:0071389	cellular response to mineralocorticoid stimulus	response to stimulus	involved_in	PMID:19638349	RGD	3	27
P62828	Ran	10116	Rattus norvegicus	GO:0071389	cellular response to mineralocorticoid stimulus	response to stimulus	involved_in	PMID:22811487	RGD	3	3
A0ABK0LKC2	Cdkn1a	10116	Rattus norvegicus	GO:0060574	intestinal epithelial cell maturation	developmental process	involved_in	PMID:20466941	RGD	3	11
P23739	Si	10116	Rattus norvegicus	GO:0060574	intestinal epithelial cell maturation	developmental process	involved_in	PMID:18313392	RGD	3	15
P45352	Tyms	10116	Rattus norvegicus	GO:0060574	intestinal epithelial cell maturation	developmental process	involved_in	PMID:1260861	RGD	3	16
A0ABK0LL94	Ngdn	10116	Rattus norvegicus	GO:0140245	regulation of translation at postsynapse	biological regulation	involved_in	PMID:22727665	SynGO	3	2
P70531	Eef2k	10116	Rattus norvegicus	GO:0140245	regulation of translation at postsynapse	biological regulation	involved_in	PMID:20427644	SynGO	3	11
Q5U315	Tent2	10116	Rattus norvegicus	GO:0140245	regulation of translation at postsynapse	biological regulation	involved_in	PMID:22727665	SynGO	3	8
A0ABK0LVE7	Hdac2	10116	Rattus norvegicus	GO:0048149	behavioral response to ethanol	response to stimulus	involved_in	PMID:23485013	RGD	3	17
P13596	Ncam1	10116	Rattus norvegicus	GO:0048149	behavioral response to ethanol	response to stimulus	involved_in	PMID:16207289	RGD	3	10
P35563	Htr3a	10116	Rattus norvegicus	GO:0048149	behavioral response to ethanol	response to stimulus	involved_in	PMID:25722691	RGD	3	5
A0ABK0LY65	Fgf21	10116	Rattus norvegicus	GO:1904640	response to methionine	response to stimulus	involved_in	PMID:23052097	RGD	3	9
P07379	Pck1	10116	Rattus norvegicus	GO:1904640	response to methionine	response to stimulus	involved_in	PMID:23052097	RGD	3	23
Q9QYK2	Ppargc1a	10116	Rattus norvegicus	GO:1904640	response to methionine	response to stimulus	involved_in	PMID:17716000	RGD	3	50
A0ABK0M473	Bcl2	10116	Rattus norvegicus	GO:0034284	response to monosaccharide	response to stimulus	involved_in	PMID:26261574	RGD	3	38
P49950	Bcl2	10116	Rattus norvegicus	GO:0034284	response to monosaccharide	response to stimulus	involved_in	PMID:26261574	RGD	3	38
B1AXV0	Frrs1l	10090	Mus musculus	GO:0005789	endoplasmic reticulum membrane	cellular component	is_active_in	PMID:31604597	SynGO	3	2
Q8BGD5	Cpt1c	10090	Mus musculus	GO:0005789	endoplasmic reticulum membrane	cellular component	is_active_in	PMID:22539351	SynGO	3	7
B1PLB1	Cd34	10116	Rattus norvegicus	GO:0003094	glomerular filtration	unclassified	involved_in	PMID:18319274	UniProt	3	2
P28906	CD34	9606	Homo sapiens	GO:0003094	glomerular filtration	unclassified	involved_in	PMID:20354148	UniProt	3	11
P43121	MCAM	9606	Homo sapiens	GO:0003094	glomerular filtration	unclassified	involved_in	PMID:20354148	UniProt	3	2
B9DI20	SPL13A	3702	Arabidopsis thaliana	GO:0010228	vegetative to reproductive phase transition of meristem	developmental process	involved_in	PMID:35519822	TAIR	3	2
P0DI11	SPL13B	3702	Arabidopsis thaliana	GO:0010228	vegetative to reproductive phase transition of meristem	developmental process	involved_in	PMID:35519822	TAIR	3	2
Q9LH52	FLR1	3702	Arabidopsis thaliana	GO:0010228	vegetative to reproductive phase transition of meristem	developmental process	acts_upstream_of_or_within	PMID:22319055	TAIR	3	2
D3Z9J9	Pnpla3	10116	Rattus norvegicus	GO:0050872	white fat cell differentiation	developmental process	involved_in	PMID:19619606	RGD	3	4
Q8R400	Adig	10090	Mus musculus	GO:0050872	white fat cell differentiation	developmental process	involved_in	PMID:15567149	HGNC-UCL	3	3
Q9JMI1	Aacs	10116	Rattus norvegicus	GO:0050872	white fat cell differentiation	developmental process	involved_in	PMID:16055091	RGD	3	6
D3ZN39	Usp8	10116	Rattus norvegicus	GO:0099576	regulation of protein catabolic process at postsynapse, modulating synaptic transmission	biological regulation	involved_in	PMID:25505317	SynGO	3	4
Q62940	Nedd4	10116	Rattus norvegicus	GO:0099576	regulation of protein catabolic process at postsynapse, modulating synaptic transmission	biological regulation	involved_in	PMID:21148011	SynGO	3	6
Q9R0T4	Cdh1	10116	Rattus norvegicus	GO:0099576	regulation of protein catabolic process at postsynapse, modulating synaptic transmission	biological regulation	involved_in	PMID:21186356	SynGO	3	9
D3ZS29	Nanog	10116	Rattus norvegicus	GO:0072752	cellular response to rapamycin	response to stimulus	involved_in	PMID:24296616	RGD	3	7
P26817	Grk2	10116	Rattus norvegicus	GO:0072752	cellular response to rapamycin	response to stimulus	involved_in	PMID:26228571	RGD	3	9
P61980	Hnrnpk	10116	Rattus norvegicus	GO:0072752	cellular response to rapamycin	response to stimulus	involved_in	PMID:24108520	RGD	3	19
D4ABN8	Xrn1	10116	Rattus norvegicus	GO:0071409	cellular response to cycloheximide	response to stimulus	involved_in	PMID:25797256	RGD	3	3
P09416	Myc	10116	Rattus norvegicus	GO:0071409	cellular response to cycloheximide	response to stimulus	involved_in	PMID:11550711	RGD	3	33
P20961	Serpine1	10116	Rattus norvegicus	GO:0071409	cellular response to cycloheximide	response to stimulus	involved_in	PMID:9798919	RGD	3	44
E1JIM6	ss	7227	Drosophila melanogaster	GO:0007469	antennal development	developmental process	involved_in	PMID:11934862	FlyBase	3	1
P10180	ct	7227	Drosophila melanogaster	GO:0007469	antennal development	developmental process	involved_in	PMID:11934862	FlyBase	3	1
Q9VEV9	ss	7227	Drosophila melanogaster	GO:0007469	antennal development	developmental process	involved_in	PMID:11934862	FlyBase	3	1
F1LZX9	Itgav	10116	Rattus norvegicus	GO:0001570	vasculogenesis	developmental process	involved_in	PMID:12926533	RGD	3	2
P38438	Tgfbr2	10116	Rattus norvegicus	GO:0001570	vasculogenesis	developmental process	involved_in	PMID:9507219	RGD	3	13
Q9QXT5	Egfl7	10090	Mus musculus	GO:0001570	vasculogenesis	developmental process	involved_in	PMID:15162510	UniProt	3	2
F1QZW1	myh7	7955	Danio rerio	GO:0035050	embryonic heart tube development	developmental process	acts_upstream_of_or_within	PMID:10491254	ZFIN	3	1
P43688	Nkx2-6	10090	Mus musculus	GO:0035050	embryonic heart tube development	developmental process	involved_in	PMID:9545560	BHF-UCL	3	10
Q8QGU2	FKBP12.6	9031	Gallus gallus	GO:0035050	embryonic heart tube development	developmental process	involved_in	PMID:12508222	AgBase	3	9
F4HPZ9	LIG6	3702	Arabidopsis thaliana	GO:1904975	response to bleomycin	response to stimulus	involved_in	PMID:26074930	UniProt	3	2
Q6L711	Habp2	10116	Rattus norvegicus	GO:1904975	response to bleomycin	response to stimulus	involved_in	PMID:20818495	RGD	3	1
Q6P6S1	Birc2	10116	Rattus norvegicus	GO:1904975	response to bleomycin	response to stimulus	involved_in	PMID:15371238	RGD	3	3
F4I1I4	SAUR67	3702	Arabidopsis thaliana	GO:0035713	response to nitrogen dioxide	response to stimulus	involved_in	PMID:38958765	TAIR	3	1
P27653	Mthfd1	10116	Rattus norvegicus	GO:0035713	response to nitrogen dioxide	response to stimulus	involved_in	PMID:3264158	RGD	3	2
Q9SJK4	SAUR46	3702	Arabidopsis thaliana	GO:0035713	response to nitrogen dioxide	response to stimulus	involved_in	PMID:38958765	TAIR	3	1
F4JH53	FDM2	3702	Arabidopsis thaliana	GO:0010569	regulation of double-strand break repair via homologous recombination	biological regulation	acts_upstream_of_or_within	PMID:28223440	TAIR	3	1
Q8VZ79	IDN2	3702	Arabidopsis thaliana	GO:0010569	regulation of double-strand break repair via homologous recombination	biological regulation	acts_upstream_of_or_within	PMID:28223440	TAIR	3	2
Q9S9P3	FDM1	3702	Arabidopsis thaliana	GO:0010569	regulation of double-strand break repair via homologous recombination	biological regulation	acts_upstream_of_or_within	PMID:28223440	TAIR	3	1
G3V6C0	Ciita	10116	Rattus norvegicus	GO:0045348	positive regulation of MHC class II biosynthetic process	biological regulation	involved_in	PMID:11477547	RGD	3	4
P01581	Ifng	10116	Rattus norvegicus	GO:0045348	positive regulation of MHC class II biosynthetic process	biological regulation	involved_in	PMID:3127329	RGD	3	3
P20160	AZU1	9606	Homo sapiens	GO:0045348	positive regulation of MHC class II biosynthetic process	biological regulation	involved_in	PMID:12465046	UniProt	3	2
G3V723	Phex	10116	Rattus norvegicus	GO:1904383	response to sodium phosphate	response to stimulus	involved_in	PMID:11051050	RGD	3	8
Q8VI82	Fgf23	10116	Rattus norvegicus	GO:1904383	response to sodium phosphate	response to stimulus	involved_in	PMID:24625659	RGD	3	7
Q9ZVA4	At1g78850	3702	Arabidopsis thaliana	GO:1904383	response to sodium phosphate	response to stimulus	acts_upstream_of_or_within	PMID:30156702	TAIR	3	1
G5EAX6	ANIA_07662	227321	Aspergillus nidulans FGSC A4	GO:0006879	intracellular iron ion homeostasis	unclassified	acts_upstream_of_or_within	PMID:12406779	AspGD	3	1
P75779	ybiX	83333	Escherichia coli K-12	GO:0006879	intracellular iron ion homeostasis	unclassified	acts_upstream_of_or_within	PMID:12746439	EcoCyc	3	2
M9PH10	comt	7227	Drosophila melanogaster	GO:0099504	synaptic vesicle cycle	localization	involved_in	PMID:9728921	SynGO	3	3
P46461	comt	7227	Drosophila melanogaster	GO:0099504	synaptic vesicle cycle	localization	involved_in	PMID:9728921	SynGO	3	3
Q24212	stnB	7227	Drosophila melanogaster	GO:0099504	synaptic vesicle cycle	localization	involved_in	PMID:24882013	FlyBase	3	1
O01352	dj	7227	Drosophila melanogaster	GO:0007291	sperm individualization	developmental process	involved_in	PMID:9788872	FlyBase	3	1
O01395	mst101(3)	7224	Drosophila hydei	GO:0007291	sperm individualization	developmental process	involved_in	PMID:10445506	UniProt	3	1
P10987	Act5C	7227	Drosophila melanogaster	GO:0007291	sperm individualization	developmental process	involved_in	PMID:12642486	FlyBase	3	2
O08718	Neurog3	10116	Rattus norvegicus	GO:0030902	hindbrain development	developmental process	involved_in	PMID:9130143	RGD	3	4
P63090	Ptn	10116	Rattus norvegicus	GO:0030902	hindbrain development	developmental process	involved_in	PMID:9749725	RGD	3	27
Q07257	Tgfb2	10116	Rattus norvegicus	GO:0030902	hindbrain development	developmental process	involved_in	PMID:11231055	RGD	3	15
O13023	hhex	8355	Xenopus laevis	GO:0009952	anterior/posterior pattern specification	developmental process	involved_in	PMID:10508583	UniProt	3	2
Q6PV84	zic3	7955	Danio rerio	GO:0009952	anterior/posterior pattern specification	developmental process	acts_upstream_of_or_within	PMID:11748837	ZFIN	3	1
Q9I8G4	c2orf49	8355	Xenopus laevis	GO:0009952	anterior/posterior pattern specification	developmental process	involved_in	PMID:16680723	AgBase	3	1
O15318	POLR3G	9606	Homo sapiens	GO:0008283	cell population proliferation	unclassified	acts_upstream_of_or_within	PMID:24107381	MGI	3	1
O75467	ZNF324	9606	Homo sapiens	GO:0008283	cell population proliferation	unclassified	acts_upstream_of_or_within_positive_effect	PMID:11779640	UniProt	3	2
Q6NXY9	Polr3g	10090	Mus musculus	GO:0008283	cell population proliferation	unclassified	acts_upstream_of_or_within	PMID:24107381	MGI	3	1
O22607	MSI4	3702	Arabidopsis thaliana	GO:1904629	response to diterpene	response to stimulus	involved_in	PMID:32392578	UniProt	3	2
Q9CAE3	FLD	3702	Arabidopsis thaliana	GO:1904629	response to diterpene	response to stimulus	involved_in	PMID:32392578	UniProt	3	1
Q9STM3	REF6	3702	Arabidopsis thaliana	GO:1904629	response to diterpene	response to stimulus	involved_in	PMID:32392578	UniProt	3	5
O22900	WRKY23	3702	Arabidopsis thaliana	GO:1990110	callus formation	response to stimulus	involved_in	PMID:37804093	TAIR	3	4
Q9LTS4	BHLH41	3702	Arabidopsis thaliana	GO:1990110	callus formation	response to stimulus	involved_in	PMID:37804093	TAIR	3	2
Q9SL41	NAC037	3702	Arabidopsis thaliana	GO:1990110	callus formation	response to stimulus	involved_in	PMID:17581762	UniProt	3	1
O35099	Map3k5	10090	Mus musculus	GO:0038066	p38MAPK cascade	response to stimulus	involved_in	PMID:22337877	CACAO	3	1
P49117	Nr2c2	10090	Mus musculus	GO:0038066	p38MAPK cascade	response to stimulus	involved_in	PMID:22337877	CACAO	3	1
O35516	Notch2	10090	Mus musculus	GO:0072014	proximal tubule development	developmental process	involved_in	PMID:15821257	UniProt	3	3
Q61483	Dll1	10090	Mus musculus	GO:0072014	proximal tubule development	developmental process	involved_in	PMID:15821257	UniProt	3	3
Q9DBX7	Heyl	10090	Mus musculus	GO:0072014	proximal tubule development	developmental process	involved_in	PMID:15821257	UniProt	3	3
O35795	Entpd2	10116	Rattus norvegicus	GO:0035457	cellular response to interferon-alpha	response to stimulus	involved_in	PMID:23990338	RGD	3	4
P97687	Entpd1	10116	Rattus norvegicus	GO:0035457	cellular response to interferon-alpha	response to stimulus	involved_in	PMID:23990338	RGD	3	11
O42280	WNT9A	9031	Gallus gallus	GO:0061072	iris morphogenesis	developmental process	involved_in	PMID:16258938	BHF-UCL	3	2
Q3L257	WNT2	9031	Gallus gallus	GO:0061072	iris morphogenesis	developmental process	involved_in	PMID:16258938	BHF-UCL	3	2
Q98SN7	WNT2B	9031	Gallus gallus	GO:0061072	iris morphogenesis	developmental process	involved_in	PMID:16258938	BHF-UCL	3	6
O49326	NSP2	3702	Arabidopsis thaliana	GO:0009793	embryo development ending in seed dormancy	developmental process	involved_in	PMID:31850033	UniProt	3	1
Q01593	ABI3	3702	Arabidopsis thaliana	GO:0009793	embryo development ending in seed dormancy	developmental process	acts_upstream_of_or_within	PMID:10753527	TAIR	3	1
Q9SSW2	AZF2	3702	Arabidopsis thaliana	GO:0009793	embryo development ending in seed dormancy	developmental process	acts_upstream_of_or_within	PMID:10806347	TAIR	3	4
O54968	Nfe2l2	10116	Rattus norvegicus	GO:0061431	cellular response to methionine	response to stimulus	involved_in	PMID:22676582	RGD	3	5
Q9Z2Q4	Mtr	10116	Rattus norvegicus	GO:0061431	cellular response to methionine	response to stimulus	involved_in	PMID:1201245	RGD	3	2
O55193	Ccr2	10116	Rattus norvegicus	GO:0001974	blood vessel remodeling	unclassified	involved_in	PMID:15178559	RGD	3	4
P47853	Bgn	10116	Rattus norvegicus	GO:0001974	blood vessel remodeling	unclassified	involved_in	PMID:11728008	RGD	3	1
P50463	Csrp3	10116	Rattus norvegicus	GO:0001974	blood vessel remodeling	unclassified	involved_in	PMID:16519896	RGD	3	1
O64820	At2g23110	3702	Arabidopsis thaliana	GO:0090547	response to low humidity	response to stimulus	involved_in	PMID:40474454	TAIR	3	3
Q56YJ8	FAMA	3702	Arabidopsis thaliana	GO:0090547	response to low humidity	response to stimulus	involved_in	PMID:22442411	UniProt	3	1
O65020	ETO1	3702	Arabidopsis thaliana	GO:0046683	response to organophosphorus	response to stimulus	involved_in	PMID:38497551	TAIR	3	2
P46002	Ptafr	10116	Rattus norvegicus	GO:0046683	response to organophosphorus	response to stimulus	involved_in	PMID:9321918	RGD	3	9
Q9M9W8	PLPZETA2	3702	Arabidopsis thaliana	GO:0046683	response to organophosphorus	response to stimulus	involved_in	PMID:41388710	TAIR	3	3
O70433	Fhl2	10090	Mus musculus	GO:0060347	heart trabecula formation	developmental process	involved_in	PMID:15509787	BHF-UCL	3	4
Q70GM8	BMP-10	9031	Gallus gallus	GO:0060347	heart trabecula formation	developmental process	involved_in	PMID:14722768	AgBase	3	7
O70512	Cish	10116	Rattus norvegicus	GO:0019221	cytokine-mediated signaling pathway	response to stimulus	involved_in	PMID:10579313	RGD	3	1
P18331	Inhba	10116	Rattus norvegicus	GO:0019221	cytokine-mediated signaling pathway	response to stimulus	involved_in	PMID:14993131	RGD	3	6
P26896	Il2rb	10116	Rattus norvegicus	GO:0019221	cytokine-mediated signaling pathway	response to stimulus	involved_in	PMID:1889461	RGD	3	1
O70548	Tcap	10090	Mus musculus	GO:0007512	adult heart development	developmental process	involved_in	PMID:9817758	BHF-UCL	3	3
P61296	HAND2	9606	Homo sapiens	GO:0007512	adult heart development	developmental process	involved_in	PMID:9878849	BHF-UCL	3	1
Q14814	MEF2D	9606	Homo sapiens	GO:0007512	adult heart development	developmental process	involved_in	PMID:10458488	UniProt	3	1
O73798	igf1r	8355	Xenopus laevis	GO:0001556	oocyte maturation	developmental process	involved_in	PMID:9492024	UniProt	3	1
Q62865	Pde3a	10116	Rattus norvegicus	GO:0001556	oocyte maturation	developmental process	involved_in	PMID:11673261	RGD	3	1
Q9NLA3	Q9NLA3	7594	Patiria pectinifera	GO:0001556	oocyte maturation	developmental process	involved_in	PMID:10632699	UniProt	3	1
O75094	SLIT3	9606	Homo sapiens	GO:0061364	apoptotic process involved in luteolysis	developmental process	involved_in	PMID:18566128	UniProt	3	3
O94813	SLIT2	9606	Homo sapiens	GO:0061364	apoptotic process involved in luteolysis	developmental process	involved_in	PMID:18566128	UniProt	3	3
Q9HCK4	ROBO2	9606	Homo sapiens	GO:0061364	apoptotic process involved in luteolysis	developmental process	involved_in	PMID:18566128	UniProt	3	3
O78310	CSD2	3702	Arabidopsis thaliana	GO:0071457	cellular response to ozone	response to stimulus	involved_in	PMID:9765550	UniProt	3	11
P24704	CSD1	3702	Arabidopsis thaliana	GO:0071457	cellular response to ozone	response to stimulus	involved_in	PMID:9765550	UniProt	3	14
Q9FK60	CSD3	3702	Arabidopsis thaliana	GO:0071457	cellular response to ozone	response to stimulus	involved_in	PMID:9765550	UniProt	3	6
O78310	CSD2	3702	Arabidopsis thaliana	GO:0071484	cellular response to light intensity	response to stimulus	involved_in	PMID:9765550	UniProt	3	11
P24704	CSD1	3702	Arabidopsis thaliana	GO:0071484	cellular response to light intensity	response to stimulus	involved_in	PMID:9765550	UniProt	3	14
Q9FK60	CSD3	3702	Arabidopsis thaliana	GO:0071484	cellular response to light intensity	response to stimulus	involved_in	PMID:9765550	UniProt	3	6
O88944	Kcnq3	10116	Rattus norvegicus	GO:0061548	ganglion development	developmental process	involved_in	PMID:12832524	RGD	3	2
Q64678	Cyp1b1	10116	Rattus norvegicus	GO:0061548	ganglion development	developmental process	involved_in	PMID:17687037	RGD	3	19
Q9Z1C7	Rapgef4	10116	Rattus norvegicus	GO:0061548	ganglion development	developmental process	involved_in	PMID:18583150	RGD	3	5
O93507	tal1	7955	Danio rerio	GO:0030099	myeloid cell differentiation	developmental process	involved_in	PMID:16210319	UniProt	3	2
P56261	Cebpe	10116	Rattus norvegicus	GO:0030099	myeloid cell differentiation	developmental process	involved_in	PMID:9593684	RGD	3	2
P98078	Dab2	10090	Mus musculus	GO:0030099	myeloid cell differentiation	developmental process	involved_in	PMID:11823414	UniProt	3	1
P01137	TGFB1	9606	Homo sapiens	GO:0007435	salivary gland morphogenesis	developmental process	involved_in	PMID:18080134	BHF-UCL	3	3
P10600	TGFB3	9606	Homo sapiens	GO:0007435	salivary gland morphogenesis	developmental process	involved_in	PMID:18080134	BHF-UCL	3	1
P61812	TGFB2	9606	Homo sapiens	GO:0007435	salivary gland morphogenesis	developmental process	involved_in	PMID:18080134	BHF-UCL	3	4
P01143	Crh	10116	Rattus norvegicus	GO:0008202	steroid metabolic process	metabolic process	involved_in	PMID:21664419	RGD	3	16
P42330	AKR1C3	9606	Homo sapiens	GO:0008202	steroid metabolic process	metabolic process	involved_in	PMID:20036328	UniProt	3	7
P80020	Fabp6	10116	Rattus norvegicus	GO:0008202	steroid metabolic process	metabolic process	involved_in	PMID:8422242	RGD	3	1
P01161	Nppa	10116	Rattus norvegicus	GO:0061049	cell growth involved in cardiac muscle cell development	developmental process	involved_in	PMID:7657802	RGD	3	8
P08733	Myl2	10116	Rattus norvegicus	GO:0061049	cell growth involved in cardiac muscle cell development	developmental process	involved_in	PMID:7657802	RGD	3	1
P13205	Nppb	10116	Rattus norvegicus	GO:0061049	cell growth involved in cardiac muscle cell development	developmental process	involved_in	PMID:7657802	RGD	3	11
P01225	FSHB	9606	Homo sapiens	GO:0007179	transforming growth factor beta receptor signaling pathway	response to stimulus	involved_in	PMID:14557487	BHF-UCL	3	1
P17246	Tgfb1	10116	Rattus norvegicus	GO:0007179	transforming growth factor beta receptor signaling pathway	response to stimulus	involved_in	PMID:33360052	RGD	3	29
Q91XN4	Bambi	10116	Rattus norvegicus	GO:0007179	transforming growth factor beta receptor signaling pathway	response to stimulus	involved_in	PMID:12933693	RGD	3	1
P01303	NPY	9606	Homo sapiens	GO:0021954	central nervous system neuron development	developmental process	involved_in	PMID:20846339	DFLAT	3	3
P11137	MAP2	9606	Homo sapiens	GO:0021954	central nervous system neuron development	developmental process	involved_in	PMID:20846339	DFLAT	3	3
P15431	Gabrb1	10116	Rattus norvegicus	GO:0021954	central nervous system neuron development	developmental process	involved_in	PMID:15158077	RGD	3	3
P02764	Orm1	10116	Rattus norvegicus	GO:0002439	chronic inflammatory response to antigenic stimulus	response to stimulus	involved_in	PMID:16166348	RGD	3	11
P25086	Il1rn	10116	Rattus norvegicus	GO:0002439	chronic inflammatory response to antigenic stimulus	response to stimulus	involved_in	PMID:15050649	RGD	3	10
Q63264	Il1b	10116	Rattus norvegicus	GO:0002439	chronic inflammatory response to antigenic stimulus	response to stimulus	involved_in	PMID:15050649	RGD	3	39
P04799	Cyp1a2	10116	Rattus norvegicus	GO:1904842	response to nitroglycerin	response to stimulus	involved_in	PMID:12688525	RGD	3	11
P21643	Tdo2	10116	Rattus norvegicus	GO:1904842	response to nitroglycerin	response to stimulus	involved_in	PMID:28659861	RGD	3	3
P04925	Prnp	10090	Mus musculus	GO:0140677	molecular function activator activity	molecular function	enables	PMID:28945221	DisProt	3	1
P18564	ITGB6	9606	Homo sapiens	GO:0140677	molecular function activator activity	molecular function	enables	PMID:11821050	DisProt	3	1
P05362	ICAM1	9606	Homo sapiens	GO:0050900	leukocyte migration	unclassified	involved_in	PMID:12082081	BHF-UCL	3	2
P26038	MSN	9606	Homo sapiens	GO:0050900	leukocyte migration	unclassified	involved_in	PMID:12082081	BHF-UCL	3	3
P98105	Sele	10116	Rattus norvegicus	GO:0050900	leukocyte migration	unclassified	involved_in	PMID:7544926	RGD	3	2
P05622	Pdgfrb	10090	Mus musculus	GO:0001568	blood vessel development	developmental process	involved_in	PMID:10375497	UniProt	3	3
P31240	Pdgfb	10090	Mus musculus	GO:0001568	blood vessel development	developmental process	involved_in	PMID:10375497	UniProt	3	2
Q9QXT5	Egfl7	10090	Mus musculus	GO:0001568	blood vessel development	developmental process	involved_in	PMID:15085134	UniProt	3	2
P05708	Hk1	10116	Rattus norvegicus	GO:1901986	response to ketamine	response to stimulus	involved_in	PMID:22605548	RGD	3	3
P84076	Hpca	10116	Rattus norvegicus	GO:1901986	response to ketamine	response to stimulus	involved_in	PMID:12614903	RGD	3	6
Q76EQ0	Srr	10116	Rattus norvegicus	GO:1901986	response to ketamine	response to stimulus	involved_in	PMID:16716293	RGD	3	2
P06211	Esr1	10116	Rattus norvegicus	GO:0002076	osteoblast development	developmental process	involved_in	PMID:9528993	RGD	3	8
P22303	ACHE	9606	Homo sapiens	GO:0002076	osteoblast development	developmental process	involved_in	PMID:15454088	HGNC-UCL	3	1
P52953	Msx2	10116	Rattus norvegicus	GO:0002076	osteoblast development	developmental process	involved_in	PMID:11336915	RGD	3	1
P06866	Hp	10116	Rattus norvegicus	GO:0071503	response to heparin	response to stimulus	involved_in	PMID:15856910	RGD	3	16
Q4V7C7	Actr3	10116	Rattus norvegicus	GO:0071503	response to heparin	response to stimulus	involved_in	PMID:17488504	RGD	3	9
Q9R0T4	Cdh1	10116	Rattus norvegicus	GO:0071503	response to heparin	response to stimulus	involved_in	PMID:16997938	RGD	3	9
P07150	Anxa1	10116	Rattus norvegicus	GO:0042063	gliogenesis	developmental process	involved_in	PMID:9263577	RGD	3	14
P29746	bnb	7227	Drosophila melanogaster	GO:0042063	gliogenesis	developmental process	involved_in	PMID:12091301	FlyBase	3	1
P55068	Bcan	10116	Rattus norvegicus	GO:0042063	gliogenesis	developmental process	involved_in	PMID:7869103	RGD	3	2
P07154	Ctsl	10116	Rattus norvegicus	GO:0048102	autophagic cell death	unclassified	involved_in	PMID:16176344	RGD	3	12
Q24106	hid	7227	Drosophila melanogaster	GO:0048102	autophagic cell death	unclassified	involved_in	PMID:10882130	FlyBase	3	1
Q24475	rpr	7227	Drosophila melanogaster	GO:0048102	autophagic cell death	unclassified	involved_in	PMID:10882130	FlyBase	3	2
P07379	Pck1	10116	Rattus norvegicus	GO:0071476	cellular hypotonic response	response to stimulus	involved_in	PMID:9530152	RGD	3	23
P16257	Tspo	10116	Rattus norvegicus	GO:0071476	cellular hypotonic response	response to stimulus	involved_in	PMID:18709649	RGD	3	12
P25894	loiP	83333	Escherichia coli K-12	GO:0071476	cellular hypotonic response	response to stimulus	acts_upstream_of_or_within	PMID:22491786	EcoCyc	3	3
P07632	Sod1	10116	Rattus norvegicus	GO:0097332	response to antipsychotic drug	response to stimulus	involved_in	PMID:12111809	RGD	3	9
P12369	Prkar2b	10116	Rattus norvegicus	GO:0097332	response to antipsychotic drug	response to stimulus	involved_in	PMID:11907174	RGD	3	1
P20068	Nts	10116	Rattus norvegicus	GO:0097332	response to antipsychotic drug	response to stimulus	involved_in	PMID:7914659	RGD	3	13
P07711	CTSL	9606	Homo sapiens	GO:0002250	adaptive immune response	response to stimulus	involved_in	PMID:15196205	UniProt	3	2
P09668	CTSH	9606	Homo sapiens	GO:0002250	adaptive immune response	response to stimulus	involved_in	PMID:15196205	UniProt	3	2
P25774	CTSS	9606	Homo sapiens	GO:0002250	adaptive immune response	response to stimulus	involved_in	PMID:15196205	UniProt	3	2
P07867	Lipc	10116	Rattus norvegicus	GO:0048589	developmental growth	developmental process	involved_in	PMID:1391269	RGD	3	19
P45352	Tyms	10116	Rattus norvegicus	GO:0048589	developmental growth	developmental process	involved_in	PMID:7471094	RGD	3	16
Q91ZK4	Dmbx1	10090	Mus musculus	GO:0048589	developmental growth	developmental process	involved_in	PMID:15314164	UniProt	3	3
P08025	Igf1	10116	Rattus norvegicus	GO:1904017	cellular response to Thyroglobulin triiodothyronine	response to stimulus	involved_in	PMID:8674839	RGD	3	29
P15473	Igfbp3	10116	Rattus norvegicus	GO:1904017	cellular response to Thyroglobulin triiodothyronine	response to stimulus	involved_in	PMID:8674839	RGD	3	10
P17491	Inhbb	10116	Rattus norvegicus	GO:1904017	cellular response to Thyroglobulin triiodothyronine	response to stimulus	involved_in	PMID:7531505	RGD	3	13
P08157	aldA	227321	Aspergillus nidulans FGSC A4	GO:0006567	L-threonine catabolic process	metabolic process	acts_upstream_of_or_within	PMID:11988072	AspGD	3	4
P08843	alcA	227321	Aspergillus nidulans FGSC A4	GO:0006567	L-threonine catabolic process	metabolic process	acts_upstream_of_or_within	PMID:11988072	AspGD	3	4
P21228	alcR	227321	Aspergillus nidulans FGSC A4	GO:0006567	L-threonine catabolic process	metabolic process	acts_upstream_of_or_within	PMID:11988072	AspGD	3	3
P08413	Camk2b	10116	Rattus norvegicus	GO:1905375	cellular response to homocysteine	response to stimulus	involved_in	PMID:25126162	RGD	3	6
P35355	Ptgs2	10116	Rattus norvegicus	GO:1905375	cellular response to homocysteine	response to stimulus	involved_in	PMID:31125437	RGD	3	17
P50393	Pla2g4a	10116	Rattus norvegicus	GO:1905375	cellular response to homocysteine	response to stimulus	involved_in	PMID:31125437	RGD	3	11
P08940	MIM1	9031	Gallus gallus	GO:0030851	granulocyte differentiation	developmental process	involved_in	PMID:15769541	AgBase	3	1
P22071	Hsd3b1	10116	Rattus norvegicus	GO:0030851	granulocyte differentiation	developmental process	involved_in	PMID:18401763	RGD	3	39
P22443	Cyp19a1	10116	Rattus norvegicus	GO:0030851	granulocyte differentiation	developmental process	involved_in	PMID:18401763	RGD	3	23
P09034	Ass1	10116	Rattus norvegicus	GO:0060539	diaphragm development	developmental process	involved_in	PMID:9618389	RGD	3	29
P20673	Asl	10116	Rattus norvegicus	GO:0060539	diaphragm development	developmental process	involved_in	PMID:9618389	RGD	3	22
P63144	Kcnab1	10116	Rattus norvegicus	GO:0060539	diaphragm development	developmental process	involved_in	PMID:12652645	RGD	3	4
P09531	TGFB1	9031	Gallus gallus	GO:0033686	positive regulation of luteinizing hormone secretion	biological regulation	involved_in	PMID:15269104	AgBase	3	5
P50596	Lep	10116	Rattus norvegicus	GO:0033686	positive regulation of luteinizing hormone secretion	biological regulation	involved_in	PMID:19112389	RGD	3	17
P79763	FSHR	9031	Gallus gallus	GO:0033686	positive regulation of luteinizing hormone secretion	biological regulation	involved_in	PMID:15269104	AgBase	3	1
P09958	FURIN	9606	Homo sapiens	GO:0019058	viral life cycle	unclassified	involved_in	PMID:8940009	BHF-UCL	3	1
P24937	L3	28285	Human adenovirus 5	GO:0019058	viral life cycle	unclassified	involved_in	PMID:22516138	DisProt	3	1
Q92824	PCSK5	9606	Homo sapiens	GO:0019058	viral life cycle	unclassified	involved_in	PMID:8940009	BHF-UCL	3	2
P0A3E5	fur	257311	Bordetella parapertussis 12822	GO:0001216	DNA-binding transcription activator activity	biological regulation	enables	PMID:9079904	CollecTF	3	4
Q5F961	NGO_0542	242231	Neisseria gonorrhoeae FA 1090	GO:0001216	DNA-binding transcription activator activity	biological regulation	enables	PMID:19854902	CollecTF	3	4
Q6FPB8	ZAP1	284593	Nakaseomyces glabratus CBS 138	GO:0001216	DNA-binding transcription activator activity	biological regulation	enables	PMID:39494883	CGD	3	4
P0AAR0	tomB	83333	Escherichia coli K-12	GO:0044010	single-species biofilm formation	unclassified	acts_upstream_of_or_within	PMID:14727089	EcoCyc	3	1
P33997	alpA	83333	Escherichia coli K-12	GO:0044010	single-species biofilm formation	unclassified	acts_upstream_of_or_within	PMID:16385049	EcoCyc	3	1
P39297	bsmA	83333	Escherichia coli K-12	GO:0044010	single-species biofilm formation	unclassified	acts_upstream_of_or_within	PMID:19833773	EcoCyc	3	2
P0ABN1	dgkA	83333	Escherichia coli K-12	GO:0016020	membrane	cellular component	located_in	PMID:8071224	EcoCyc	3	1
P22943	HSP12	559292	Saccharomyces cerevisiae S288C	GO:0016020	membrane	cellular component	is_active_in	PMID:20797624	DisProt	3	2
P42615	mzrA	83333	Escherichia coli K-12	GO:0016020	membrane	cellular component	located_in	PMID:19432797	EcoCyc	3	1
P0ACY9	yebG	83333	Escherichia coli K-12	GO:0006281	DNA repair	response to stimulus	acts_upstream_of_or_within	PMID:16199573	EcoCyc	3	2
Q9LKI5	UVH1	3702	Arabidopsis thaliana	GO:0006281	DNA repair	response to stimulus	acts_upstream_of_or_within	PMID:15053760	TAIR	3	2
Q9ZP54	PARP1	3702	Arabidopsis thaliana	GO:0006281	DNA repair	response to stimulus	acts_upstream_of_or_within	PMID:11523787	TAIR	3	3
P0AEM9	tcyJ	83333	Escherichia coli K-12	GO:0006791	sulfur utilization	response to stimulus	acts_upstream_of_or_within	PMID:26350134	EcoCyc	3	1
P0AFT2	tcyL	83333	Escherichia coli K-12	GO:0006791	sulfur utilization	response to stimulus	acts_upstream_of_or_within	PMID:26350134	EcoCyc	3	1
P77529	tcyP	83333	Escherichia coli K-12	GO:0006791	sulfur utilization	response to stimulus	acts_upstream_of_or_within	PMID:26350134	EcoCyc	3	1
P0AFM6	pspA	83333	Escherichia coli K-12	GO:0009271	phage shock	response to stimulus	acts_upstream_of_or_within	PMID:2105503	EcoliWiki	3	2
P0AFV8	pspD	83333	Escherichia coli K-12	GO:0009271	phage shock	response to stimulus	acts_upstream_of_or_within	PMID:1712397	EcoCyc	3	1
P32696	pspG	83333	Escherichia coli K-12	GO:0009271	phage shock	response to stimulus	acts_upstream_of_or_within	PMID:15485810	EcoCyc	3	1
P0CY33	CDC42	237561	Candida albicans SC5314	GO:0030448	hyphal growth	unclassified	involved_in	PMID:9229333	CGD	3	2
Q9L268	ssgB	100226	Streptomyces coelicolor A3(2)	GO:0030448	hyphal growth	unclassified	involved_in	PMID:12111561	UniProt	3	5
P10069	brlA	227321	Aspergillus nidulans FGSC A4	GO:0075307	positive regulation of conidium formation	biological regulation	acts_upstream_of_or_within	PMID:2823119	AspGD	3	2
P20945	abaA	227321	Aspergillus nidulans FGSC A4	GO:0075307	positive regulation of conidium formation	biological regulation	acts_upstream_of_or_within	PMID:2823119	AspGD	3	1
P22022	wetA	227321	Aspergillus nidulans FGSC A4	GO:0075307	positive regulation of conidium formation	biological regulation	acts_upstream_of_or_within	PMID:2823119	AspGD	3	1
P11530	Dmd	10116	Rattus norvegicus	GO:0042692	muscle cell differentiation	developmental process	involved_in	PMID:19903098	RGD	3	6
P62932	Fbxo40	10090	Mus musculus	GO:0042692	muscle cell differentiation	developmental process	involved_in	PMID:17928169	UniProt	3	1
Q63638	Speg	10116	Rattus norvegicus	GO:0042692	muscle cell differentiation	developmental process	involved_in	PMID:8663449	RGD	3	1
P12080	if	7227	Drosophila melanogaster	GO:0007476	imaginal disc-derived wing morphogenesis	developmental process	involved_in	PMID:8898242	FlyBase	3	1
Q24247	mew	7227	Drosophila melanogaster	GO:0007476	imaginal disc-derived wing morphogenesis	developmental process	involved_in	PMID:8898242	FlyBase	3	1
Q24432	bi	7227	Drosophila melanogaster	GO:0007476	imaginal disc-derived wing morphogenesis	developmental process	involved_in	PMID:20178599	FlyBase	3	1
P13852	Prnp	10116	Rattus norvegicus	GO:0097707	ferroptosis	unclassified	involved_in	PMID:34781030	RGD	3	1
P36970	Gpx4	10116	Rattus norvegicus	GO:0097707	ferroptosis	unclassified	involved_in	PMID:34781030	RGD	3	2
Q63151	Acsl3	10116	Rattus norvegicus	GO:0097707	ferroptosis	unclassified	involved_in	PMID:34781030	RGD	3	2
P14841	Cst3	10116	Rattus norvegicus	GO:0007431	salivary gland development	developmental process	involved_in	PMID:10075146	RGD	3	18
P19313	Cst4	10116	Rattus norvegicus	GO:0007431	salivary gland development	developmental process	involved_in	PMID:10075146	RGD	3	16
Q7JVE7	slv	7227	Drosophila melanogaster	GO:0007431	salivary gland development	developmental process	involved_in	PMID:9739134	UniProt	3	1
P14844	Ccl2	10116	Rattus norvegicus	GO:0036006	cellular response to macrophage colony-stimulating factor stimulus	response to stimulus	involved_in	PMID:8921263	RGD	3	40
P81718	Ptpn6	10116	Rattus norvegicus	GO:0036006	cellular response to macrophage colony-stimulating factor stimulus	response to stimulus	involved_in	PMID:11157073	RGD	3	2
Q00495	Csf1r	10116	Rattus norvegicus	GO:0036006	cellular response to macrophage colony-stimulating factor stimulus	response to stimulus	involved_in	PMID:9168857	RGD	3	14
P14844	Ccl2	10116	Rattus norvegicus	GO:0071403	cellular response to high density lipoprotein particle stimulus	response to stimulus	involved_in	PMID:18483405	RGD	3	40
P50231	Ccl5	10116	Rattus norvegicus	GO:0071403	cellular response to high density lipoprotein particle stimulus	response to stimulus	involved_in	PMID:20623482	RGD	3	27
Q62600	Nos3	10116	Rattus norvegicus	GO:0071403	cellular response to high density lipoprotein particle stimulus	response to stimulus	involved_in	PMID:17918268	RGD	3	45
P17246	Tgfb1	10116	Rattus norvegicus	GO:0060364	frontal suture morphogenesis	developmental process	involved_in	PMID:12416537	RGD	3	29
Q07257	Tgfb2	10116	Rattus norvegicus	GO:0060364	frontal suture morphogenesis	developmental process	involved_in	PMID:12416537	RGD	3	15
Q07258	Tgfb3	10116	Rattus norvegicus	GO:0060364	frontal suture morphogenesis	developmental process	involved_in	PMID:12416537	RGD	3	6
P17542	TAL1	9606	Homo sapiens	GO:0030219	megakaryocyte differentiation	developmental process	involved_in	PMID:7678994	BHF-UCL	3	3
P42772	CDKN2B	9606	Homo sapiens	GO:0030219	megakaryocyte differentiation	developmental process	involved_in	PMID:10812241	UniProt	3	1
Q9JKL5	Tesc	10090	Mus musculus	GO:0030219	megakaryocyte differentiation	developmental process	involved_in	PMID:17717601	UniProt	3	2
P18475	tor	7227	Drosophila melanogaster	GO:0008293	torso signaling pathway	response to stimulus	involved_in	PMID:9882506	FlyBase	3	1
P40417	rl	7227	Drosophila melanogaster	GO:0008293	torso signaling pathway	response to stimulus	involved_in	PMID:28166211	FlyBase	3	8
P19313	Cst4	10116	Rattus norvegicus	GO:0001562	response to protozoan	response to stimulus	involved_in	PMID:7778093	RGD	3	16
Q9PUK3	LEFTY-1	9031	Gallus gallus	GO:0001562	response to protozoan	response to stimulus	involved_in	PMID:9151404	AgBase	3	3
Q9PVN4	Q9PVN4	9031	Gallus gallus	GO:0001562	response to protozoan	response to stimulus	involved_in	PMID:9151404	AgBase	3	3
P19468	Gclc	10116	Rattus norvegicus	GO:0097069	cellular response to thyroxine stimulus	response to stimulus	involved_in	PMID:17291985	RGD	3	12
P48508	Gclm	10116	Rattus norvegicus	GO:0097069	cellular response to thyroxine stimulus	response to stimulus	involved_in	PMID:17291985	RGD	3	9
Q05695	L1cam	10116	Rattus norvegicus	GO:0097069	cellular response to thyroxine stimulus	response to stimulus	involved_in	PMID:11085884	RGD	3	10
P19538	ci	7227	Drosophila melanogaster	GO:0007224	smoothened signaling pathway	response to stimulus	involved_in	PMID:8898240	FlyBase	3	2
P20236	Gabra3	10116	Rattus norvegicus	GO:0031223	auditory behavior	response to stimulus	involved_in	PMID:30137254	RGD	3	2
Q00959	Grin2a	10116	Rattus norvegicus	GO:0031223	auditory behavior	response to stimulus	involved_in	PMID:30137254	RGD	3	32
Q00960	Grin2b	10116	Rattus norvegicus	GO:0031223	auditory behavior	response to stimulus	involved_in	PMID:30137254	RGD	3	37
P20350	rho	7227	Drosophila melanogaster	GO:0035202	tracheal pit formation in open tracheal system	developmental process	involved_in	PMID:29983336	FlyBase	3	2
P40417	rl	7227	Drosophila melanogaster	GO:0035202	tracheal pit formation in open tracheal system	developmental process	involved_in	PMID:29983336	FlyBase	3	8
Q9W0K2	Trhn	7227	Drosophila melanogaster	GO:0035202	tracheal pit formation in open tracheal system	developmental process	involved_in	PMID:29983336	FlyBase	3	2
P20428	Myog	10116	Rattus norvegicus	GO:0014878	response to electrical stimulus involved in regulation of muscle adaptation	response to stimulus	involved_in	PMID:10942718	RGD	3	8
P67999	Rps6kb1	10116	Rattus norvegicus	GO:0014878	response to electrical stimulus involved in regulation of muscle adaptation	response to stimulus	involved_in	PMID:15716393	RGD	3	23
Q9QYK2	Ppargc1a	10116	Rattus norvegicus	GO:0014878	response to electrical stimulus involved in regulation of muscle adaptation	response to stimulus	involved_in	PMID:15716393	RGD	3	50
P20594	NPR2	9606	Homo sapiens	GO:0097011	cellular response to granulocyte macrophage colony-stimulating factor stimulus	response to stimulus	involved_in	PMID:14687666	UniProt	3	1
URS0000723DBB_10090	Mus musculus (house mouse) microRNA mmu-mir-155 precursor	10090	Mus musculus	GO:0097011	cellular response to granulocyte macrophage colony-stimulating factor stimulus	response to stimulus	acts_upstream_of_or_within	PMID:24391219	MGI	3	4
URS000075A91E_10090	Mus musculus (house mouse) microRNA mmu-mir-21a precursor	10090	Mus musculus	GO:0097011	cellular response to granulocyte macrophage colony-stimulating factor stimulus	response to stimulus	acts_upstream_of_or_within	PMID:24391219	MGI	3	9
P20930	FLG	9606	Homo sapiens	GO:0061436	establishment of skin barrier	developmental process	involved_in	PMID:23403047	UniProt	3	1
Q5D862	FLG2	9606	Homo sapiens	GO:0061436	establishment of skin barrier	developmental process	involved_in	PMID:23403047	UniProt	3	1
Q86YZ3	HRNR	9606	Homo sapiens	GO:0061436	establishment of skin barrier	developmental process	involved_in	PMID:23403047	UniProt	3	1
P22186	mraZ	83333	Escherichia coli K-12	GO:2000143	negative regulation of DNA-templated transcription initiation	biological regulation	acts_upstream_of_or_within	PMID:24659771	EcoCyc	3	2
P32144	csqR	83333	Escherichia coli K-12	GO:2000143	negative regulation of DNA-templated transcription initiation	biological regulation	acts_upstream_of_or_within	PMID:30372406	EcoCyc	3	2
P76062	racR	83333	Escherichia coli K-12	GO:2000143	negative regulation of DNA-templated transcription initiation	biological regulation	acts_upstream_of_or_within	PMID:29205228	EcoCyc	3	1
P23097	Mmp13	10116	Rattus norvegicus	GO:0035116	embryonic hindlimb morphogenesis	developmental process	involved_in	PMID:11850435	RGD	3	12
P51827	Aff3	10090	Mus musculus	GO:0035116	embryonic hindlimb morphogenesis	developmental process	involved_in	PMID:18616733	BHF-UCL	3	1
Q91ZD1	Osr2	10090	Mus musculus	GO:0035116	embryonic hindlimb morphogenesis	developmental process	involved_in	PMID:11520675	UniProt	3	5
P23363	Bdnf	10116	Rattus norvegicus	GO:0071874	cellular response to norepinephrine stimulus	response to stimulus	involved_in	PMID:16292510	RGD	3	28
P25086	Il1rn	10116	Rattus norvegicus	GO:0071874	cellular response to norepinephrine stimulus	response to stimulus	involved_in	PMID:19818755	RGD	3	10
Q9ES72	Ccn1	10116	Rattus norvegicus	GO:0071874	cellular response to norepinephrine stimulus	response to stimulus	involved_in	PMID:15117851	RGD	3	5
P23441	Nkx2-1	10116	Rattus norvegicus	GO:0046545	development of primary female sexual characteristics	developmental process	involved_in	PMID:11161473	RGD	3	5
P32215	Adcyap1r1	10116	Rattus norvegicus	GO:0046545	development of primary female sexual characteristics	developmental process	involved_in	PMID:17065411	RGD	3	5
P80202	Acvr1b	10116	Rattus norvegicus	GO:0046545	development of primary female sexual characteristics	developmental process	involved_in	PMID:11897700	RGD	3	2
P24008	Srd5a1	10116	Rattus norvegicus	GO:0001655	urogenital system development	developmental process	involved_in	PMID:8584033	RGD	3	31
P97436	Nkx3-1	10090	Mus musculus	GO:0001655	urogenital system development	developmental process	involved_in	PMID:9142502	UniProt	3	8
Q64732	Foxb1	10090	Mus musculus	GO:0001655	urogenital system development	developmental process	involved_in	PMID:11170346	UniProt	3	4
P25859	CDKB1-1	3702	Arabidopsis thaliana	GO:0010376	stomatal complex formation	developmental process	acts_upstream_of_or_within	PMID:15031414	TAIR	3	3
Q94FL6	MYB124	3702	Arabidopsis thaliana	GO:0010376	stomatal complex formation	developmental process	involved_in	PMID:16155180	UniProt	3	2
P26817	Grk2	10116	Rattus norvegicus	GO:0007186	G protein-coupled receptor signaling pathway	response to stimulus	involved_in	PMID:29081032	RGD	3	9
P26819	Grk3	10116	Rattus norvegicus	GO:0007186	G protein-coupled receptor signaling pathway	response to stimulus	involved_in	PMID:29081032	RGD	3	1
Q40687	RGB1	39947	Oryza sativa Japonica Group	GO:0007186	G protein-coupled receptor signaling pathway	response to stimulus	involved_in	PMID:8665097	GR	3	1
P28481	Col2a1	10090	Mus musculus	GO:0071599	otic vesicle development	developmental process	involved_in	PMID:9119111	UniProt	3	6
Q04887	Sox9	10090	Mus musculus	GO:0071599	otic vesicle development	developmental process	involved_in	PMID:9119111	UniProt	3	14
Q06710	PAX8	9606	Homo sapiens	GO:0071599	otic vesicle development	developmental process	involved_in	PMID:15494458	UniProt	3	10
P28570	Slc6a8	10116	Rattus norvegicus	GO:1990403	embryonic brain development	developmental process	involved_in	PMID:15918910	RGD	3	1
Q4V7A6	Phf10	10116	Rattus norvegicus	GO:1990403	embryonic brain development	developmental process	involved_in	PMID:24056535	RGD	3	1
Q6DTM3	Ahi1	10116	Rattus norvegicus	GO:1990403	embryonic brain development	developmental process	involved_in	PMID:19819228	RGD	3	3
P28906	CD34	9606	Homo sapiens	GO:0007165	signal transduction	response to stimulus	involved_in	PMID:17261663	UniProt	3	11
Q6X7J9	WOX4	3702	Arabidopsis thaliana	GO:0007165	signal transduction	response to stimulus	acts_upstream_of_or_within	PMID:20729381	TAIR	3	3
Q9SIV3	GLK1	3702	Arabidopsis thaliana	GO:0007165	signal transduction	response to stimulus	acts_upstream_of_or_within	PMID:19726569	TAIR	3	1
P29411	Ak3	10116	Rattus norvegicus	GO:0007517	muscle organ development	developmental process	involved_in	PMID:8468325	RGD	3	5
P39069	Ak1	10116	Rattus norvegicus	GO:0007517	muscle organ development	developmental process	involved_in	PMID:8468325	RGD	3	9
Q8BIA3	Mkx	10090	Mus musculus	GO:0007517	muscle organ development	developmental process	involved_in	PMID:16408284	HGNC-UCL	3	1
P29994	Itpr1	10116	Rattus norvegicus	GO:0016358	dendrite development	developmental process	involved_in	PMID:19236309	RGD	3	2
Q9V5N8	stan	7227	Drosophila melanogaster	GO:0016358	dendrite development	developmental process	involved_in	PMID:10490098	UniProt	3	4
P30530	AXL	9606	Homo sapiens	GO:0097028	dendritic cell differentiation	developmental process	involved_in	PMID:19657094	UniProt	3	2
Q8NHL6	LILRB1	9606	Homo sapiens	GO:0097028	dendritic cell differentiation	developmental process	involved_in	PMID:18094328	UniProt	3	2
P32114	Pax2	10090	Mus musculus	GO:0039003	pronephric field specification	developmental process	involved_in	PMID:12435636	UniProt	3	10
Q00288	Pax8	10090	Mus musculus	GO:0039003	pronephric field specification	developmental process	involved_in	PMID:12435636	UniProt	3	8
Q2VUE0	Brn-1	93934	Coturnix japonica	GO:0039003	pronephric field specification	developmental process	involved_in	PMID:16498618	UniProt	3	4
P32244	Mc3r	10116	Rattus norvegicus	GO:0055078	sodium ion homeostasis	unclassified	involved_in	PMID:19570553	RGD	3	1
P78329	CYP4F2	9606	Homo sapiens	GO:0055078	sodium ion homeostasis	unclassified	involved_in	PMID:10660572	UniProt	3	3
Q02928	CYP4A11	9606	Homo sapiens	GO:0055078	sodium ion homeostasis	unclassified	involved_in	PMID:10660572	UniProt	3	3
P35428	Hes1	10090	Mus musculus	GO:0072049	comma-shaped body morphogenesis	developmental process	involved_in	PMID:15821257	UniProt	3	6
P70120	Hes5	10090	Mus musculus	GO:0072049	comma-shaped body morphogenesis	developmental process	involved_in	PMID:15821257	UniProt	3	4
Q9WV93	Hey1	10090	Mus musculus	GO:0072049	comma-shaped body morphogenesis	developmental process	involved_in	PMID:15821257	UniProt	3	4
P35555	FBN1	9606	Homo sapiens	GO:0048050	post-embryonic eye morphogenesis	developmental process	involved_in	PMID:25406291	UniProt	3	3
P55001	MFAP2	9606	Homo sapiens	GO:0048050	post-embryonic eye morphogenesis	developmental process	involved_in	PMID:25406291	UniProt	3	2
Q12805	EFEMP1	9606	Homo sapiens	GO:0048050	post-embryonic eye morphogenesis	developmental process	involved_in	PMID:25406291	UniProt	3	3
P40337	VHL	9606	Homo sapiens	GO:0003714	transcription corepressor activity	biological regulation	enables	PMID:11641274	DisProt	3	3
Q6F2E7	sox9	8364	Xenopus tropicalis	GO:0003714	transcription corepressor activity	biological regulation	enables	PMID:22927467	Xenbase	3	3
P40689	tsl	7227	Drosophila melanogaster	GO:0009880	embryonic pattern specification	developmental process	involved_in	PMID:12814553	FlyBase	3	1
Q02936	hh	7227	Drosophila melanogaster	GO:0009880	embryonic pattern specification	developmental process	involved_in	PMID:1394430	UniProt	3	4
Q80Z64	Nanog	10090	Mus musculus	GO:0009880	embryonic pattern specification	developmental process	involved_in	PMID:15108323	HGNC-UCL	3	3
P45352	Tyms	10116	Rattus norvegicus	GO:0006206	pyrimidine nucleobase metabolic process	metabolic process	involved_in	PMID:9524100	RGD	3	16
Q4KLN6	Rrm2	10116	Rattus norvegicus	GO:0006206	pyrimidine nucleobase metabolic process	metabolic process	involved_in	PMID:10204803	RGD	3	1
Q5U2Q5	Rrm1	10116	Rattus norvegicus	GO:0006206	pyrimidine nucleobase metabolic process	metabolic process	involved_in	PMID:10204803	RGD	3	5
P52164	Max	10116	Rattus norvegicus	GO:0051402	neuron apoptotic process	unclassified	involved_in	PMID:14603520	RGD	3	6
Q99P96	Hdac7	10116	Rattus norvegicus	GO:0051402	neuron apoptotic process	unclassified	involved_in	PMID:21118817	RGD	3	3
P55054	Fabp9	10116	Rattus norvegicus	GO:0001675	acrosome assembly	developmental process	involved_in	PMID:7958448	RGD	3	1
Q03070	Chn2	10116	Rattus norvegicus	GO:0001675	acrosome assembly	developmental process	involved_in	PMID:8440677	RGD	3	1
Q69AB1	Txndc8	10116	Rattus norvegicus	GO:0001675	acrosome assembly	developmental process	involved_in	PMID:15181017	RGD	3	2
P55852	SUMO1	3702	Arabidopsis thaliana	GO:0016925	protein sumoylation	metabolic process	acts_upstream_of_or_within	PMID:12482876	TAIR	3	2
Q9FLP5	SUMO3	3702	Arabidopsis thaliana	GO:0016925	protein sumoylation	metabolic process	acts_upstream_of_or_within	PMID:12482876	TAIR	3	1
Q9FLP6	SUMO2	3702	Arabidopsis thaliana	GO:0016925	protein sumoylation	metabolic process	acts_upstream_of_or_within	PMID:12482876	TAIR	3	2
P60881	Snap25	10116	Rattus norvegicus	GO:0007409	axonogenesis	developmental process	involved_in	PMID:15478103	RGD	3	7
Q62799	Erbb3	10116	Rattus norvegicus	GO:0007409	axonogenesis	developmental process	involved_in	PMID:9030624	RGD	3	8
Q9U5L1	SrpRalpha	7227	Drosophila melanogaster	GO:0007409	axonogenesis	developmental process	involved_in	PMID:8360279	UniProt	3	2
P60881	Snap25	10116	Rattus norvegicus	GO:0051963	regulation of synapse assembly	biological regulation	involved_in	PMID:15478103	RGD	3	7
Q8CGY8	Ogt	10090	Mus musculus	GO:0051963	regulation of synapse assembly	biological regulation	involved_in	PMID:28143929	SynGO	3	7
P60904	Dnajc5	10090	Mus musculus	GO:0098693	regulation of synaptic vesicle cycle	biological regulation	involved_in	PMID:22500637	SynGO	3	6
P61794	Lpar1	10116	Rattus norvegicus	GO:0098693	regulation of synaptic vesicle cycle	biological regulation	involved_in	PMID:25996636	SynGO	3	11
P61810	Cdk5r1	10116	Rattus norvegicus	GO:0098693	regulation of synaptic vesicle cycle	biological regulation	involved_in	PMID:24254883	SynGO	3	2
P67779	Phb1	10116	Rattus norvegicus	GO:0001552	ovarian follicle atresia	developmental process	involved_in	PMID:15028627	RGD	3	8
Q63199	Fas	10116	Rattus norvegicus	GO:0001552	ovarian follicle atresia	developmental process	involved_in	PMID:8612534	RGD	3	32
Q924N5	Acsbg1	10116	Rattus norvegicus	GO:0001552	ovarian follicle atresia	developmental process	involved_in	PMID:16469493	RGD	3	1
P68101	Eif2s1	10116	Rattus norvegicus	GO:1990737	response to manganese-induced endoplasmic reticulum stress	response to stimulus	involved_in	PMID:23934647	ParkinsonsUK-UCL	3	3
Q9ES19	Atf4	10116	Rattus norvegicus	GO:1990737	response to manganese-induced endoplasmic reticulum stress	response to stimulus	involved_in	PMID:23934647	ParkinsonsUK-UCL	3	4
Q9Z1Z1	Eif2ak3	10116	Rattus norvegicus	GO:1990737	response to manganese-induced endoplasmic reticulum stress	response to stimulus	involved_in	PMID:23934647	ParkinsonsUK-UCL	3	1
P75685	rclC	83333	Escherichia coli K-12	GO:1901530	response to hypochlorite	response to stimulus	acts_upstream_of_or_within	PMID:24078635	EcoCyc	3	1
P75687	rclB	83333	Escherichia coli K-12	GO:1901530	response to hypochlorite	response to stimulus	acts_upstream_of_or_within	PMID:24078635	EcoCyc	3	1
P77212	rclA	83333	Escherichia coli K-12	GO:1901530	response to hypochlorite	response to stimulus	acts_upstream_of_or_within	PMID:24078635	EcoCyc	3	1
P78329	CYP4F2	9606	Homo sapiens	GO:0003091	renal water homeostasis	biological regulation	involved_in	PMID:10660572	UniProt	3	3
Q02928	CYP4A11	9606	Homo sapiens	GO:0003091	renal water homeostasis	biological regulation	involved_in	PMID:10660572	UniProt	3	3
Q9V5Z7	Drip	7227	Drosophila melanogaster	GO:0003091	renal water homeostasis	biological regulation	involved_in	PMID:15800049	FlyBase	3	2
P84076	Hpca	10116	Rattus norvegicus	GO:0019722	calcium-mediated signaling	response to stimulus	involved_in	PMID:20704590	RGD	3	6
Q94AX5	PAM71	3702	Arabidopsis thaliana	GO:0019722	calcium-mediated signaling	response to stimulus	involved_in	PMID:30169890	TAIR	3	1
Q9T0H9	PAM71-HL	3702	Arabidopsis thaliana	GO:0019722	calcium-mediated signaling	response to stimulus	involved_in	PMID:30169890	TAIR	3	1
P93735	ELIP1	3702	Arabidopsis thaliana	GO:0071491	cellular response to red light	response to stimulus	involved_in	PMID:11706180	UniProt	3	9
Q94K66	ELIP2	3702	Arabidopsis thaliana	GO:0071491	cellular response to red light	response to stimulus	involved_in	PMID:11706180	UniProt	3	11
Q9ZPY0	DOF2.5	3702	Arabidopsis thaliana	GO:0071491	cellular response to red light	response to stimulus	acts_upstream_of_or_within	PMID:25850831	TAIR	3	2
P97687	Entpd1	10116	Rattus norvegicus	GO:0071275	cellular response to aluminum ion	response to stimulus	involved_in	PMID:20832780	RGD	3	11
Q6NPP4	CAMTA2	3702	Arabidopsis thaliana	GO:0071275	cellular response to aluminum ion	response to stimulus	acts_upstream_of_or_within	PMID:25627216	TAIR	3	1
Q91XJ1	Becn1	10116	Rattus norvegicus	GO:0071275	cellular response to aluminum ion	response to stimulus	involved_in	PMID:22138567	RGD	3	13
P97792	Cxadr	10090	Mus musculus	GO:0008354	germ cell migration	unclassified	involved_in	PMID:17690169	UniProt	3	5
Q9V576	wun	7227	Drosophila melanogaster	GO:0008354	germ cell migration	unclassified	involved_in	PMID:8985246	UniProt	3	1
Q9YGC3	cxcr4-a	8355	Xenopus laevis	GO:0008354	germ cell migration	unclassified	involved_in	PMID:15740585	UniProt	3	2
P98161	PKD1	9606	Homo sapiens	GO:0072218	metanephric ascending thin limb development	developmental process	involved_in	PMID:11891195	UniProt	3	14
Q13563	PKD2	9606	Homo sapiens	GO:0072218	metanephric ascending thin limb development	developmental process	involved_in	PMID:11891195	UniProt	3	17
Q91X17	Umod	10090	Mus musculus	GO:0072218	metanephric ascending thin limb development	developmental process	involved_in	PMID:18618131	UniProt	3	3
P9WFX1	mbtI	83332	Mycobacterium tuberculosis H37Rv	GO:0044847	iron acquisition from host	unclassified	involved_in	PMID:11722747	MTBBASE	3	2
P9WGJ7	Rv3402c	83332	Mycobacterium tuberculosis H37Rv	GO:0044847	iron acquisition from host	unclassified	involved_in	PMID:11722747	MTBBASE	3	2
P9WQ63	mbtB	83332	Mycobacterium tuberculosis H37Rv	GO:0044847	iron acquisition from host	unclassified	involved_in	PMID:11722747	MTBBASE	3	2
Q00959	Grin2a	10116	Rattus norvegicus	GO:0021739	mesencephalic trigeminal nucleus development	developmental process	involved_in	PMID:16477151	RGD	3	32
Q9R1M7	Grin3a	10116	Rattus norvegicus	GO:0021739	mesencephalic trigeminal nucleus development	developmental process	involved_in	PMID:16477151	RGD	3	6
Q00960	Grin2b	10116	Rattus norvegicus	GO:0021731	trigeminal motor nucleus development	developmental process	involved_in	PMID:16477151	RGD	3	37
Q8VHN2	Grin3b	10116	Rattus norvegicus	GO:0021731	trigeminal motor nucleus development	developmental process	involved_in	PMID:16709403	RGD	3	2
Q9R1M7	Grin3a	10116	Rattus norvegicus	GO:0021731	trigeminal motor nucleus development	developmental process	involved_in	PMID:16709403	RGD	3	6
Q05028	Pdgfb	10116	Rattus norvegicus	GO:0042127	regulation of cell population proliferation	biological regulation	involved_in	PMID:7758166	RGD	3	13
Q6MG49	Bag6	10116	Rattus norvegicus	GO:0042127	regulation of cell population proliferation	biological regulation	involved_in	PMID:10390159	RGD	3	1
Q9UL49	TCFL5	9606	Homo sapiens	GO:0042127	regulation of cell population proliferation	biological regulation	involved_in	PMID:9763657	UniProt	3	3
Q09147	btl	7227	Drosophila melanogaster	GO:0035215	genital disc development	developmental process	involved_in	PMID:12062107	FlyBase	3	3
Q86NQ2	bnl	7227	Drosophila melanogaster	GO:0035215	genital disc development	developmental process	involved_in	PMID:12062107	FlyBase	3	1
Q9VDT9	bnl	7227	Drosophila melanogaster	GO:0035215	genital disc development	developmental process	involved_in	PMID:12062107	FlyBase	3	1
Q0KI42	GluRIIE	7227	Drosophila melanogaster	GO:0007274	neuromuscular synaptic transmission	biological regulation	involved_in	PMID:15788778	FlyBase	3	1
Q9TVI0	GluRIID	7227	Drosophila melanogaster	GO:0007274	neuromuscular synaptic transmission	biological regulation	involved_in	PMID:15788778	FlyBase	3	1
Q9VPV3	GluRIIC	7227	Drosophila melanogaster	GO:0007274	neuromuscular synaptic transmission	biological regulation	involved_in	PMID:15788778	FlyBase	3	1
Q13563	PKD2	9606	Homo sapiens	GO:0035904	aorta development	developmental process	involved_in	PMID:11891195	UniProt	3	17
Q5FWS5	Loxl1	10116	Rattus norvegicus	GO:0035904	aorta development	developmental process	involved_in	PMID:18803461	RGD	3	2
Q99372	Eln	10116	Rattus norvegicus	GO:0035904	aorta development	developmental process	involved_in	PMID:18803461	RGD	3	10
Q14254	FLOT2	9606	Homo sapiens	GO:0045661	regulation of myoblast differentiation	biological regulation	involved_in	PMID:25105415	UniProt	3	1
Q5ZHQ3	RCJMB04_34i9	9031	Gallus gallus	GO:0045661	regulation of myoblast differentiation	biological regulation	involved_in	PMID:25105415	UniProt	3	1
Q60634	Flot2	10090	Mus musculus	GO:0045661	regulation of myoblast differentiation	biological regulation	involved_in	PMID:25105415	UniProt	3	1
Q24475	rpr	7227	Drosophila melanogaster	GO:0006915	apoptotic process	unclassified	involved_in	PMID:8948586	FlyBase	3	2
Q24570	grim	7227	Drosophila melanogaster	GO:0006915	apoptotic process	unclassified	involved_in	PMID:8698237	FlyBase	3	1
Q9XYF4	Dronc	7227	Drosophila melanogaster	GO:0006915	apoptotic process	unclassified	involved_in	PMID:10200258	FlyBase	3	1
Q3L254	WNT7B	9031	Gallus gallus	GO:0070307	lens fiber cell development	developmental process	involved_in	PMID:16258938	BHF-UCL	3	1
Q3L255	WNT5b	9031	Gallus gallus	GO:0070307	lens fiber cell development	developmental process	involved_in	PMID:16258938	BHF-UCL	3	1
Q9DEB8	WNT7A	9031	Gallus gallus	GO:0070307	lens fiber cell development	developmental process	involved_in	PMID:16258938	BHF-UCL	3	1
Q3UEZ8	Slc10a4	10090	Mus musculus	GO:0098691	dopaminergic synapse	cellular component	is_active_in	PMID:25176177	SynGO	3	6
Q9EQH3	Vps35	10090	Mus musculus	GO:0098691	dopaminergic synapse	cellular component	is_active_in	PMID:30155515	SynGO	3	6
Q9WVS6	Prkn	10090	Mus musculus	GO:0098691	dopaminergic synapse	cellular component	is_active_in	PMID:29311685	SynGO	3	3
Q557E6	DDB_G0273139	44689	Dictyostelium discoideum	GO:0007155	cell adhesion	unclassified	acts_upstream_of_or_within	PMID:30975700	dictyBase	3	3
Q62696	Dlg1	10116	Rattus norvegicus	GO:0007155	cell adhesion	unclassified	involved_in	PMID:7891172	RGD	3	2
Q9QXN1	Lef1	10116	Rattus norvegicus	GO:0007155	cell adhesion	unclassified	involved_in	PMID:9539744	RGD	3	4
Q56WH4	HDT2	3702	Arabidopsis thaliana	GO:0010162	seed dormancy process	developmental process	acts_upstream_of_or_within	PMID:23464703	TAIR	3	1
Q9FVE6	HDT1	3702	Arabidopsis thaliana	GO:0010162	seed dormancy process	developmental process	acts_upstream_of_or_within	PMID:23464703	TAIR	3	1
Q9M4T3	HDT4	3702	Arabidopsis thaliana	GO:0010162	seed dormancy process	developmental process	acts_upstream_of_or_within	PMID:23464703	TAIR	3	1
Q5DWG0	Q5DWG0	3369	Cryptomeria japonica	GO:1904550	response to arachidonate	response to stimulus	involved_in	PMID:16203714	UniProt	3	1
Q5DWG2	Q5DWG2	3369	Cryptomeria japonica	GO:1904550	response to arachidonate	response to stimulus	involved_in	PMID:16203714	UniProt	3	4
Q8H994	Q8H994	3369	Cryptomeria japonica	GO:1904550	response to arachidonate	response to stimulus	involved_in	PMID:16203714	UniProt	3	1
Q5LJU1	Cnep1r1	7227	Drosophila melanogaster	GO:0101025	nuclear membrane biogenesis	unclassified	acts_upstream_of	PMID:34313336	FlyBase	3	1
Q8SXP0	Lpin	7227	Drosophila melanogaster	GO:0101025	nuclear membrane biogenesis	unclassified	involved_in	PMID:34313336	FlyBase	3	1
Q9VRG7	Dd	7227	Drosophila melanogaster	GO:0101025	nuclear membrane biogenesis	unclassified	acts_upstream_of	PMID:34313336	FlyBase	3	1
Q5XV67	DMP7	3702	Arabidopsis thaliana	GO:0009838	abscission	developmental process	involved_in	PMID:20712629	UniProt	3	2
Q8L928	DMP4	3702	Arabidopsis thaliana	GO:0009838	abscission	developmental process	involved_in	PMID:20712629	UniProt	3	2
Q9LVF1	DMP2	3702	Arabidopsis thaliana	GO:0009838	abscission	developmental process	involved_in	PMID:20712629	UniProt	3	1
Q60670	Sik1	10090	Mus musculus	GO:0045595	regulation of cell differentiation	biological regulation	involved_in	PMID:15177563	UniProt	3	1
Q9UL49	TCFL5	9606	Homo sapiens	GO:0045595	regulation of cell differentiation	biological regulation	involved_in	PMID:9763657	UniProt	3	3
Q9WU68	Plekhb1	10116	Rattus norvegicus	GO:0045595	regulation of cell differentiation	biological regulation	involved_in	PMID:10923244	RGD	3	1
Q62889	Nlgn3	10116	Rattus norvegicus	GO:0099634	postsynaptic specialization membrane	cellular component	is_active_in	PMID:17897391	SynGO	3	4
Q8C3Q5	Shisa7	10090	Mus musculus	GO:0099634	postsynaptic specialization membrane	cellular component	is_active_in	PMID:29199957	SynGO	3	2
Q6NQN8	VLG	3702	Arabidopsis thaliana	GO:0002240	response to molecule of oomycetes origin	response to stimulus	involved_in	PMID:16678099	UniProt	3	4
Q9LJ86	LTPG5	3702	Arabidopsis thaliana	GO:0002240	response to molecule of oomycetes origin	response to stimulus	involved_in	PMID:17194768	UniProt	3	3
Q9MA83	RLP30	3702	Arabidopsis thaliana	GO:0002240	response to molecule of oomycetes origin	response to stimulus	involved_in	PMID:18434605	UniProt	3	4
Q6R053	MYB56	3702	Arabidopsis thaliana	GO:0071367	cellular response to brassinosteroid stimulus	response to stimulus	acts_upstream_of_or_within	PMID:24981610	TAIR	3	1
Q8RWS1	OSR1	3702	Arabidopsis thaliana	GO:0071367	cellular response to brassinosteroid stimulus	response to stimulus	involved_in	PMID:21457262	UniProt	3	3
Q9FMS5	MS1	3702	Arabidopsis thaliana	GO:0071367	cellular response to brassinosteroid stimulus	response to stimulus	involved_in	PMID:20231470	UniProt	3	1
Q6RG02	Q6RG02	71412	Penaeus merguiensis	GO:0048477	oogenesis	developmental process	involved_in	PMID:16289995	UniProt	3	1
Q8CDG1	Piwil2	10090	Mus musculus	GO:0048477	oogenesis	developmental process	involved_in	PMID:18404146	UniProt	3	1
Q9W2R3	sktl	7227	Drosophila melanogaster	GO:0048477	oogenesis	developmental process	involved_in	PMID:27747405	UniProt	3	2
Q6RI86	Trpa1	10116	Rattus norvegicus	GO:0071313	cellular response to caffeine	response to stimulus	involved_in	PMID:22319196	RGD	3	1
Q91ZN7	Chek1	10116	Rattus norvegicus	GO:0071313	cellular response to caffeine	response to stimulus	involved_in	PMID:11278490	RGD	3	1
Q9QYK2	Ppargc1a	10116	Rattus norvegicus	GO:0071313	cellular response to caffeine	response to stimulus	involved_in	PMID:17516843	RGD	3	50
Q70GM8	BMP-10	9031	Gallus gallus	GO:0055009	atrial cardiac muscle tissue morphogenesis	developmental process	involved_in	PMID:14722768	BHF-UCL	3	7
Q9R229	Bmp10	10090	Mus musculus	GO:0055009	atrial cardiac muscle tissue morphogenesis	developmental process	involved_in	PMID:10072785	BHF-UCL	3	1
Q70GM8	BMP-10	9031	Gallus gallus	GO:0055010	ventricular cardiac muscle tissue morphogenesis	developmental process	involved_in	PMID:14722768	BHF-UCL	3	7
Q8LF80	CDKB2-1	3702	Arabidopsis thaliana	GO:0009755	hormone-mediated signaling pathway	response to stimulus	acts_upstream_of_or_within	PMID:18223038	TAIR	3	1
Q8LG64	CDKB2-2	3702	Arabidopsis thaliana	GO:0009755	hormone-mediated signaling pathway	response to stimulus	acts_upstream_of_or_within	PMID:18223038	TAIR	3	1
Q9LRX5	AST1	3702	Arabidopsis thaliana	GO:0009755	hormone-mediated signaling pathway	response to stimulus	acts_upstream_of_or_within	PMID:29420810	TAIR	3	3
Q8LLD0	NUP96	3702	Arabidopsis thaliana	GO:0048574	long-day photoperiodism, flowering	response to stimulus	acts_upstream_of_or_within	PMID:31826964	TAIR	3	1
Q9LH52	FLR1	3702	Arabidopsis thaliana	GO:0048574	long-day photoperiodism, flowering	response to stimulus	involved_in	PMID:22319055	UniProt	3	2
Q9M9S0	ZHD4	3702	Arabidopsis thaliana	GO:0048574	long-day photoperiodism, flowering	response to stimulus	involved_in	PMID:22319055	UniProt	3	1
Q8RVQ9	CENH3	3702	Arabidopsis thaliana	GO:0009567	double fertilization forming a zygote and endosperm	unclassified	acts_upstream_of_or_within	PMID:17555967	TAIR	3	1
Q9FXI7	MGH3	3702	Arabidopsis thaliana	GO:0009567	double fertilization forming a zygote and endosperm	unclassified	acts_upstream_of_or_within	PMID:17555967	TAIR	3	2
Q9LKZ3	RBR1	3702	Arabidopsis thaliana	GO:0009567	double fertilization forming a zygote and endosperm	unclassified	acts_upstream_of_or_within	PMID:17555967	TAIR	3	1
Q8VY86	MSRB7	3702	Arabidopsis thaliana	GO:0000304	response to singlet oxygen	response to stimulus	acts_upstream_of_or_within	PMID:17075038	TAIR	3	1
Q93YV0	GES	3702	Arabidopsis thaliana	GO:0000304	response to singlet oxygen	response to stimulus	acts_upstream_of_or_within	PMID:17075038	TAIR	3	4
Q9LJJ7	At3g28580	3702	Arabidopsis thaliana	GO:0000304	response to singlet oxygen	response to stimulus	involved_in	PMID:19449151	UniProt	3	2
Q924S5	Lonp1	10116	Rattus norvegicus	GO:0007005	mitochondrion organization	unclassified	involved_in	PMID:10050756	RGD	3	4
Q9QYK2	Ppargc1a	10116	Rattus norvegicus	GO:0007005	mitochondrion organization	unclassified	involved_in	PMID:21543634	RGD	3	50
Q9FGY9	PNG1	3702	Arabidopsis thaliana	GO:0010188	response to microbial phytotoxin	response to stimulus	acts_upstream_of_or_within	PMID:17666024	TAIR	3	3
Q9M8L4	GLPK	3702	Arabidopsis thaliana	GO:0010188	response to microbial phytotoxin	response to stimulus	acts_upstream_of_or_within	PMID:16123135	TAIR	3	3
Q9SUR6	CORI3	3702	Arabidopsis thaliana	GO:0010188	response to microbial phytotoxin	response to stimulus	acts_upstream_of_or_within	PMID:11500565	TAIR	3	8
Q9V9T2	Ir100a	7227	Drosophila melanogaster	GO:0050909	sensory perception of taste	unclassified	involved_in	PMID:20808886	FlyBase	3	1
Q9VYN4	Ir11a	7227	Drosophila melanogaster	GO:0050909	sensory perception of taste	unclassified	involved_in	PMID:20808886	FlyBase	3	1
Q9W3P8	Ir7a	7227	Drosophila melanogaster	GO:0050909	sensory perception of taste	unclassified	involved_in	PMID:20808886	FlyBase	3	1
Q9VA41	Npc2h	7227	Drosophila melanogaster	GO:1900426	positive regulation of defense response to bacterium	biological regulation	involved_in	PMID:22580186	FlyBase	3	1
Q9VH33	Npc2e	7227	Drosophila melanogaster	GO:1900426	positive regulation of defense response to bacterium	biological regulation	involved_in	PMID:22580186	FlyBase	3	1
Q9VQ62	Npc2a	7227	Drosophila melanogaster	GO:1900426	positive regulation of defense response to bacterium	biological regulation	involved_in	PMID:22580186	FlyBase	3	1
Q9VBD4	TwdlH	7227	Drosophila melanogaster	GO:0040003	chitin-based cuticle development	developmental process	involved_in	PMID:17075064	FlyBase	3	1
Q9VMZ5	TwdlF	7227	Drosophila melanogaster	GO:0040003	chitin-based cuticle development	developmental process	involved_in	PMID:17075064	FlyBase	3	1
Q9VV62	dsx-c73A	7227	Drosophila melanogaster	GO:0040003	chitin-based cuticle development	developmental process	involved_in	PMID:18351665	FlyBase	3	1
Q9VCI3	Lsd-1	7227	Drosophila melanogaster	GO:0006869	lipid transport	localization	involved_in	PMID:12077142	UniProt	3	2
Q9VXY7	Lsd-2	7227	Drosophila melanogaster	GO:0006869	lipid transport	localization	involved_in	PMID:12676093	UniProt	3	4
Q9VCI3	Lsd-1	7227	Drosophila melanogaster	GO:0019915	lipid storage	unclassified	involved_in	PMID:12077142	UniProt	3	2
Q9VXY7	Lsd-2	7227	Drosophila melanogaster	GO:0019915	lipid storage	unclassified	involved_in	PMID:12676093	UniProt	3	4
URS000075A91E_10090	Mus musculus (house mouse) microRNA mmu-mir-21a precursor	10090	Mus musculus	GO:0003730	mRNA 3'-UTR binding	molecular function	enables	PMID:25504627	MGI	3	9
URS000075B3A9_10090	Mus musculus (house mouse) microRNA mmu-mir-21c precursor	10090	Mus musculus	GO:0003730	mRNA 3'-UTR binding	molecular function	enables	PMID:25504627	MGI	3	1
URS000075D3A8_10090	Mus musculus (house mouse) microRNA mmu-mir-21b precursor	10090	Mus musculus	GO:0003730	mRNA 3'-UTR binding	molecular function	enables	PMID:25504627	MGI	3	1
A0A067XR63	XTH7	35925	Diospyros kaki	GO:0070726	cell wall assembly	unclassified	involved_in	PMID:27242828	UniProt	2	1
B1MH83	dosS	561007	Mycobacteroides abscessus ATCC 19977	GO:0070726	cell wall assembly	unclassified	involved_in	PMID:23998761	UniProt	2	7
A0A075F932	SYT1	8845	Anser cygnoides	GO:0046883	regulation of hormone secretion	biological regulation	involved_in	PMID:25049869	UniProt	2	2
A0A096MJY4	Mef2c	10116	Rattus norvegicus	GO:0021542	dentate gyrus development	developmental process	involved_in	PMID:18949272	RGD	2	5
P12025	Mdk	10090	Mus musculus	GO:0021542	dentate gyrus development	developmental process	involved_in	PMID:10096022	DFLAT	2	2
A0A0B4KEN4	Vang	7227	Drosophila melanogaster	GO:0001736	establishment of planar polarity	developmental process	involved_in	PMID:12756182	FlyBase	2	1
A1Z7N9	Vang	7227	Drosophila melanogaster	GO:0001736	establishment of planar polarity	developmental process	involved_in	PMID:12756182	FlyBase	2	1
A0A0B4KHN9	Tpl94D	7227	Drosophila melanogaster	GO:0035092	sperm DNA condensation	developmental process	involved_in	PMID:17452629	FlyBase	2	1
Q8IMZ6	Tpl94D	7227	Drosophila melanogaster	GO:0035092	sperm DNA condensation	developmental process	involved_in	PMID:17452629	FlyBase	2	1
A0A0G2JUJ3	Tslp	10116	Rattus norvegicus	GO:0019233	sensory perception of pain	unclassified	involved_in	PMID:34281158	RGD	2	1
Q8R4S8	Crlf2	10116	Rattus norvegicus	GO:0019233	sensory perception of pain	unclassified	involved_in	PMID:34281158	RGD	2	1
A0A0G2JVC1	Mdm2	10116	Rattus norvegicus	GO:0071494	cellular response to UV-C	response to stimulus	involved_in	PMID:14558917	RGD	2	17
Q9ZUL5	ETL1	3702	Arabidopsis thaliana	GO:0071494	cellular response to UV-C	response to stimulus	involved_in	PMID:15053760	UniProt	2	2
A0A0G2JVY9	Ccna2	10116	Rattus norvegicus	GO:0071314	cellular response to cocaine	response to stimulus	involved_in	PMID:18593214	RGD	2	12
D3ZWM1	Acod1	10116	Rattus norvegicus	GO:0071314	cellular response to cocaine	response to stimulus	involved_in	PMID:38884890	RGD	2	1
A0A0G2JZ79	Sirt1	10116	Rattus norvegicus	GO:1904648	cellular response to rotenone	response to stimulus	involved_in	PMID:18538940	RGD	2	13
Q62600	Nos3	10116	Rattus norvegicus	GO:1904648	cellular response to rotenone	response to stimulus	involved_in	PMID:28145852	RGD	2	45
A0A0G2K3N6	Kdm5b	10116	Rattus norvegicus	GO:0070306	lens fiber cell differentiation	developmental process	involved_in	PMID:24142921	RGD	2	3
A0ABK0LY33	Slc7a11	10116	Rattus norvegicus	GO:0070306	lens fiber cell differentiation	developmental process	involved_in	PMID:16043861	RGD	2	4
A0A0G2UGT2	A0A0G2UGT2	6551	Mytilus trossulus	GO:0140460	response to Gram-negative bacterium	response to stimulus	involved_in	PMID:26802895	UniProt	2	1
P16599	Tnf	10116	Rattus norvegicus	GO:0140460	response to Gram-negative bacterium	response to stimulus	involved_in	PMID:9466473	RGD	2	43
A0A1B1WAJ0	RAD1	34305	Lotus japonicus	GO:0010247	detection of phosphate ion	response to stimulus	involved_in	PMID:25560877	UniProt	2	3
C7B178	VPY	4102	Petunia x hybrida	GO:0010247	detection of phosphate ion	response to stimulus	involved_in	PMID:21143680	UniProt	2	2
A0A1D8PMG7	HOS1	237561	Candida albicans SC5314	GO:0009272	fungal-type cell wall biogenesis	unclassified	involved_in	PMID:40112660	CGD	2	4
Q5ANI0	ZCF31	237561	Candida albicans SC5314	GO:0009272	fungal-type cell wall biogenesis	unclassified	involved_in	PMID:40118513	CGD	2	1
A0A1D8PQJ5	HGT12	237561	Candida albicans SC5314	GO:0008645	hexose transmembrane transport	localization	involved_in	PMID:17030998	CGD	2	1
A0A1D8PSH1	HXT5	237561	Candida albicans SC5314	GO:0008645	hexose transmembrane transport	localization	involved_in	PMID:17030998	CGD	2	1
A0A1D8PQU2	FMP28	237561	Candida albicans SC5314	GO:0044183	protein folding chaperone	metabolic process	enables	PMID:40586563	CGD	2	1
O94742	SEM1	559292	Saccharomyces cerevisiae S288C	GO:0044183	protein folding chaperone	metabolic process	enables	PMID:22343721	DisProt	2	2
A0A1I9LN01	LAF3	3702	Arabidopsis thaliana	GO:0009704	de-etiolation	response to stimulus	involved_in	PMID:14645728	UniProt	2	3
Q9SFB3	ATAB2	3702	Arabidopsis thaliana	GO:0009704	de-etiolation	response to stimulus	acts_upstream_of_or_within	PMID:17139246	TAIR	2	1
A0A8I5YC43	Zeb2	10116	Rattus norvegicus	GO:0036446	myofibroblast differentiation	developmental process	involved_in	PMID:24155330	RGD	2	1
P39020	Meox2	10116	Rattus norvegicus	GO:0036446	myofibroblast differentiation	developmental process	involved_in	PMID:24155330	RGD	2	1
A0A8I6AEL0	Map3k5	10116	Rattus norvegicus	GO:0072577	endothelial cell apoptotic process	unclassified	involved_in	PMID:17932313	RGD	2	5
A0ABK0LY65	Fgf21	10116	Rattus norvegicus	GO:0072577	endothelial cell apoptotic process	unclassified	involved_in	PMID:22166524	RGD	2	9
A0A8I6AHK0	Postn	10116	Rattus norvegicus	GO:1990523	bone regeneration	developmental process	involved_in	PMID:17878602	RGD	2	8
Q9Z2J9	Runx2	10116	Rattus norvegicus	GO:1990523	bone regeneration	developmental process	involved_in	PMID:26345541	RGD	2	11
A0A8I6GLR1	Col18a1	10116	Rattus norvegicus	GO:0051599	response to hydrostatic pressure	response to stimulus	involved_in	PMID:12798059	RGD	2	2
P35739	Ntrk1	10116	Rattus norvegicus	GO:0051599	response to hydrostatic pressure	response to stimulus	involved_in	PMID:18817846	RGD	2	4
A0A8I6GM04	Daam1	10116	Rattus norvegicus	GO:0099140	presynaptic actin cytoskeleton organization	unclassified	involved_in	PMID:25897839	SynGO	2	2
Q9CYT6	Cap2	10090	Mus musculus	GO:0099140	presynaptic actin cytoskeleton organization	unclassified	involved_in	PMID:27507934	SynGO	2	1
A0ABK0L604	Phox2b	10116	Rattus norvegicus	GO:0051899	membrane depolarization	biological regulation	involved_in	PMID:19036978	RGD	2	3
F1M0L3	Kmt2a	10116	Rattus norvegicus	GO:0051899	membrane depolarization	biological regulation	involved_in	PMID:20211609	RGD	2	2
A0ABK0LAK9	Slc39a12	10116	Rattus norvegicus	GO:0036293	response to decreased oxygen levels	response to stimulus	involved_in	PMID:26258299	RGD	2	1
D4GQ08	dmsR	309800	Haloferax volcanii DS2	GO:0036293	response to decreased oxygen levels	response to stimulus	involved_in	PMID:26507955	UniProt	2	2
A0ABK0LF19	Ptprk	10116	Rattus norvegicus	GO:0030217	T cell differentiation	developmental process	involved_in	PMID:17434290	RGD	2	1
Q8K3L6	Gimap5	10116	Rattus norvegicus	GO:0030217	T cell differentiation	developmental process	involved_in	PMID:16103028	RGD	2	1
A0ABK0LGL0	Junb	10116	Rattus norvegicus	GO:0072724	response to 4-nitroquinoline N-oxide	response to stimulus	involved_in	PMID:14674993	RGD	2	15
P24898	Junb	10116	Rattus norvegicus	GO:0072724	response to 4-nitroquinoline N-oxide	response to stimulus	involved_in	PMID:14674993	RGD	2	15
A0ABK0LRW4	Npy2r	10116	Rattus norvegicus	GO:0035095	behavioral response to nicotine	response to stimulus	involved_in	PMID:21195134	RGD	2	2
P19327	Htr1a	10116	Rattus norvegicus	GO:0035095	behavioral response to nicotine	response to stimulus	involved_in	PMID:22921986	RGD	2	5
A0ABK0LZB0	Egfr	10116	Rattus norvegicus	GO:0033594	response to hydroxyisoflavone	response to stimulus	involved_in	PMID:21254785	RGD	2	21
P04640	Bglap	10116	Rattus norvegicus	GO:0033594	response to hydroxyisoflavone	response to stimulus	involved_in	PMID:19695348	RGD	2	22
A0ABK0M415	Muc4	10116	Rattus norvegicus	GO:0031077	post-embryonic camera-type eye development	developmental process	involved_in	PMID:11120573	RGD	2	13
Q63661	Muc4	10116	Rattus norvegicus	GO:0031077	post-embryonic camera-type eye development	developmental process	involved_in	PMID:11120573	RGD	2	13
A0AC58JHA4	drl	7955	Danio rerio	GO:0001702	gastrulation with mouth forming second	developmental process	acts_upstream_of_or_within	PMID:10433904	ZFIN	2	1
Q9W747	drl	7955	Danio rerio	GO:0001702	gastrulation with mouth forming second	developmental process	acts_upstream_of_or_within	PMID:10433904	ZFIN	2	1
A1XJ49	ADF6	3635	Gossypium hirsutum	GO:0048441	petal development	developmental process	involved_in	PMID:19861654	AgBase	2	1
Q4JHK7	ADF1	3635	Gossypium hirsutum	GO:0048441	petal development	developmental process	involved_in	PMID:19861654	AgBase	2	1
A1Z7L0	BaraB	7227	Drosophila melanogaster	GO:0050877	nervous system process	unclassified	involved_in	PMID:35714143	FlyBase	2	1
Q8MLV4	BaraC	7227	Drosophila melanogaster	GO:0050877	nervous system process	unclassified	involved_in	PMID:35714143	FlyBase	2	1
A2XA73	GRF1	39946	Oryza sativa Indica Group	GO:0030912	response to deep water	response to stimulus	involved_in	PMID:10712532	UniProt	2	2
Q7XZR6	OsMGD	39946	Oryza sativa Indica Group	GO:0030912	response to deep water	response to stimulus	involved_in	PMID:15088147	GR	2	7
A6HPE0	Rad51	10116	Rattus norvegicus	GO:0000724	double-strand break repair via homologous recombination	response to stimulus	involved_in	PMID:14755242	RGD	2	8
Q8LFJ8	RPA2B	3702	Arabidopsis thaliana	GO:0000724	double-strand break repair via homologous recombination	response to stimulus	acts_upstream_of_or_within	PMID:28223440	TAIR	2	1
A6JJK6	Bak1	10116	Rattus norvegicus	GO:0031018	endocrine pancreas development	developmental process	involved_in	PMID:11000281	RGD	2	6
P07150	Anxa1	10116	Rattus norvegicus	GO:0031018	endocrine pancreas development	developmental process	involved_in	PMID:7527053	RGD	2	14
A9QNE7	CYP707A1	4081	Solanum lycopersicum	GO:0009856	pollination	unclassified	involved_in	PMID:19322584	UniProt	2	5
O24023	NCED1	4081	Solanum lycopersicum	GO:0009856	pollination	unclassified	involved_in	PMID:19322584	UniProt	2	12
B0CLY3	efnb2a	7955	Danio rerio	GO:0008039	synaptic target recognition	developmental process	acts_upstream_of_or_within	PMID:15007827	ZFIN	2	1
O73874	efnb2a	7955	Danio rerio	GO:0008039	synaptic target recognition	developmental process	acts_upstream_of_or_within	PMID:15007827	ZFIN	2	1
B1AS29	Grik3	10090	Mus musculus	GO:0099507	ligand-gated monoatomic ion channel activity involved in regulation of presynaptic membrane potential	biological regulation	enables	PMID:17620617	SynGO	2	4
P39087	Grik2	10090	Mus musculus	GO:0099507	ligand-gated monoatomic ion channel activity involved in regulation of presynaptic membrane potential	biological regulation	enables	PMID:17620617	SynGO	2	2
B1WBN7	Fam20c	10116	Rattus norvegicus	GO:0071895	odontoblast differentiation	developmental process	involved_in	PMID:17369251	RGD	2	1
Q62598	Dspp	10116	Rattus norvegicus	GO:0071895	odontoblast differentiation	developmental process	involved_in	PMID:15763925	RGD	2	14
B2B9B0	Ephb2	10116	Rattus norvegicus	GO:0097104	postsynaptic membrane assembly	developmental process	involved_in	PMID:11136979	SynGO	2	4
F1MAJ0	Ephb2	10116	Rattus norvegicus	GO:0097104	postsynaptic membrane assembly	developmental process	involved_in	PMID:11136979	SynGO	2	4
B3F8C5	SLC11A2	9031	Gallus gallus	GO:0006828	manganese ion transport	localization	involved_in	PMID:19038816	AgBase	2	2
Q0GMA8	Q0GMA8	9031	Gallus gallus	GO:0006828	manganese ion transport	localization	involved_in	PMID:19038816	AgBase	2	2
B4LQZ8	Dvir\GJ17518	7244	Drosophila virilis	GO:0046843	dorsal appendage formation	developmental process	involved_in	PMID:12963110	FlyBase	2	1
P40417	rl	7227	Drosophila melanogaster	GO:0046843	dorsal appendage formation	developmental process	involved_in	PMID:12963110	FlyBase	2	8
B5DFF0	Scx	10116	Rattus norvegicus	GO:0035990	tendon cell differentiation	developmental process	involved_in	PMID:21412429	UniProt	2	6
Q9ESC2	Tnmd	10116	Rattus norvegicus	GO:0035990	tendon cell differentiation	developmental process	involved_in	PMID:21412429	UniProt	2	2
B7Z0W0	Pak	7227	Drosophila melanogaster	GO:0007395	dorsal closure, spreading of leading edge cells	developmental process	involved_in	PMID:8628256	FlyBase	2	1
Q9VI13	Pak	7227	Drosophila melanogaster	GO:0007395	dorsal closure, spreading of leading edge cells	developmental process	involved_in	PMID:8628256	FlyBase	2	1
B8A568	myhz1.1	7955	Danio rerio	GO:0001757	somite specification	developmental process	acts_upstream_of_or_within	PMID:11002340	ZFIN	2	1
Q5NBX1	Cobl	10090	Mus musculus	GO:0001757	somite specification	developmental process	involved_in	PMID:7586755	BHF-UCL	2	6
B9DFU2	CYP711A1	3702	Arabidopsis thaliana	GO:0009963	positive regulation of flavonoid biosynthetic process	biological regulation	acts_upstream_of_or_within	PMID:16387852	TAIR	2	1
C0HLZ9	BaraA1	7227	Drosophila melanogaster	GO:0061760	antifungal innate immune response	response to stimulus	involved_in	PMID:35714143	FlyBase	2	2
C0HM00	BaraA2	7227	Drosophila melanogaster	GO:0061760	antifungal innate immune response	response to stimulus	involved_in	PMID:35714143	FlyBase	2	2
D2KTA6	mespb.L	8355	Xenopus laevis	GO:0061053	somite development	developmental process	acts_upstream_of_or_within	PMID:18261720	Xenbase	2	1
P97401	Frzb	10090	Mus musculus	GO:0061053	somite development	developmental process	involved_in	PMID:10654605	BHF-UCL	2	2
D3ZB51	Igsf9b	10116	Rattus norvegicus	GO:0099629	postsynaptic specialization of symmetric synapse	cellular component	is_active_in	PMID:23751499	SynGO	2	4
D3ZRK7	Cdc6	10116	Rattus norvegicus	GO:1904117	cellular response to vasopressin	response to stimulus	involved_in	PMID:12063292	RGD	2	2
F1MAA5	Rangap1	10116	Rattus norvegicus	GO:1904117	cellular response to vasopressin	response to stimulus	involved_in	PMID:22811487	RGD	2	2
D3ZUM4	Glb1	10116	Rattus norvegicus	GO:0051413	response to cortisone	response to stimulus	involved_in	PMID:6411136	RGD	2	2
P23739	Si	10116	Rattus norvegicus	GO:0051413	response to cortisone	response to stimulus	involved_in	PMID:6935673	RGD	2	15
D4A2G6	Thbs2	10116	Rattus norvegicus	GO:0016525	negative regulation of angiogenesis	biological regulation	involved_in	PMID:12511771	RGD	2	1
D4A5W3	Nod2	10116	Rattus norvegicus	GO:0071224	cellular response to peptidoglycan	response to stimulus	involved_in	PMID:24169446	RGD	2	2
G3V8S9	Camp	10116	Rattus norvegicus	GO:0071224	cellular response to peptidoglycan	response to stimulus	involved_in	PMID:19879657	RGD	2	12
D4A8G7	Snw1	10116	Rattus norvegicus	GO:0014010	Schwann cell proliferation	developmental process	involved_in	PMID:23389663	RGD	2	1
Q9Z2G8	Nap1l1	10116	Rattus norvegicus	GO:0014010	Schwann cell proliferation	developmental process	involved_in	PMID:22659073	RGD	2	2
D4A986	Mbd2	10116	Rattus norvegicus	GO:0042711	maternal behavior	unclassified	involved_in	PMID:25135974	RGD	2	9
Q9JKB0	Hcn1	10116	Rattus norvegicus	GO:0042711	maternal behavior	unclassified	involved_in	PMID:16820024	RGD	2	3
D4AA38	Hlcs	10116	Rattus norvegicus	GO:0070781	response to biotin	response to stimulus	involved_in	PMID:16359899	RGD	2	1
P00481	Otc	10116	Rattus norvegicus	GO:0070781	response to biotin	response to stimulus	involved_in	PMID:8558326	RGD	2	7
D4AC45	Agpat2	10116	Rattus norvegicus	GO:0008544	epidermis development	developmental process	involved_in	PMID:16150824	RGD	2	2
D4GQ08	dmsR	309800	Haloferax volcanii DS2	GO:1904620	cellular response to dimethyl sulfoxide	response to stimulus	involved_in	PMID:26507955	UniProt	2	2
P09416	Myc	10116	Rattus norvegicus	GO:1904620	cellular response to dimethyl sulfoxide	response to stimulus	involved_in	PMID:12873812	RGD	2	33
E9PT53	Wfs1	10116	Rattus norvegicus	GO:0042048	olfactory behavior	response to stimulus	involved_in	PMID:11958857	RGD	2	2
Q8T626	dlt	7227	Drosophila melanogaster	GO:0042048	olfactory behavior	response to stimulus	involved_in	PMID:12454076	FlyBase	2	1
F1LYQ8	Farp1	10116	Rattus norvegicus	GO:0098890	extrinsic component of postsynaptic membrane	cellular component	is_active_in	PMID:23209303	SynGO	2	2
Q9R1K2	Tenm2	10116	Rattus norvegicus	GO:0098890	extrinsic component of postsynaptic membrane	cellular component	is_active_in	PMID:21724987	SynGO	2	2
F1M8K0	Dag1	10116	Rattus norvegicus	GO:0060055	angiogenesis involved in wound healing	response to stimulus	involved_in	PMID:21192954	RGD	2	9
P41156	Ets1	10116	Rattus norvegicus	GO:0060055	angiogenesis involved in wound healing	response to stimulus	involved_in	PMID:9600079	RGD	2	12
F1QZE9	tmc2b	7955	Danio rerio	GO:0042472	inner ear morphogenesis	developmental process	involved_in	PMID:25114259	UniProt	2	3
Q8JJC0	ZIC1	9031	Gallus gallus	GO:0042472	inner ear morphogenesis	developmental process	involved_in	PMID:12666207	UniProt	2	1
F1R6B2	eve1	7955	Danio rerio	GO:0007389	pattern specification process	developmental process	acts_upstream_of_or_within	PMID:7905819	ZFIN	2	1
Q90265	eve1	7955	Danio rerio	GO:0007389	pattern specification process	developmental process	acts_upstream_of_or_within	PMID:7905819	ZFIN	2	1
F4I525	DJC53	3702	Arabidopsis thaliana	GO:0010583	response to cyclopentenone	response to stimulus	acts_upstream_of_or_within	PMID:18334669	TAIR	2	1
Q93WC4	IAA29	3702	Arabidopsis thaliana	GO:0010583	response to cyclopentenone	response to stimulus	acts_upstream_of_or_within	PMID:18334669	TAIR	2	4
F4J2I9	HRA1	3702	Arabidopsis thaliana	GO:1900037	regulation of cellular response to hypoxia	biological regulation	acts_upstream_of_or_within	PMID:25226037	TAIR	2	2
O35800	Hif1a	10116	Rattus norvegicus	GO:1900037	regulation of cellular response to hypoxia	biological regulation	involved_in	PMID:18054269	RGD	2	41
F7FAJ1	Cyp2r1	10116	Rattus norvegicus	GO:0010164	response to cesium ion	response to stimulus	involved_in	PMID:16806633	RGD	2	3
P22443	Cyp19a1	10116	Rattus norvegicus	GO:0010164	response to cesium ion	response to stimulus	involved_in	PMID:20451883	RGD	2	23
G3XA20	Grip2	10090	Mus musculus	GO:0098887	neurotransmitter receptor transport, endosome to postsynaptic membrane	biological regulation	involved_in	PMID:20956289	SynGO	2	2
Q925T6	Grip1	10090	Mus musculus	GO:0098887	neurotransmitter receptor transport, endosome to postsynaptic membrane	biological regulation	involved_in	PMID:20956289	SynGO	2	2
M9PBE1	cyst	7227	Drosophila melanogaster	GO:1902408	mitotic cytokinesis, division site positioning	unclassified	involved_in	PMID:36917931	FlyBase	2	1
P48148	Rho1	7227	Drosophila melanogaster	GO:1902408	mitotic cytokinesis, division site positioning	unclassified	involved_in	PMID:36917931	FlyBase	2	1
M9PBR0	Blimp-1	7227	Drosophila melanogaster	GO:0071390	cellular response to ecdysone	response to stimulus	involved_in	PMID:17923694	FlyBase	2	1
Q9VRN4	Blimp-1	7227	Drosophila melanogaster	GO:0071390	cellular response to ecdysone	response to stimulus	involved_in	PMID:17923694	FlyBase	2	1
M9PCE5	Hml	7227	Drosophila melanogaster	GO:0007599	hemostasis	biological regulation	involved_in	PMID:11563973	FlyBase	2	1
Q9VU94	Hml	7227	Drosophila melanogaster	GO:0007599	hemostasis	biological regulation	involved_in	PMID:11563973	FlyBase	2	1
O00186	STXBP3	9606	Homo sapiens	GO:0043312	neutrophil degranulation	response to stimulus	involved_in	PMID:18588921	UniProt	2	1
Q15833	STXBP2	9606	Homo sapiens	GO:0043312	neutrophil degranulation	response to stimulus	involved_in	PMID:18588921	UniProt	2	1
O08680	Epha3	10116	Rattus norvegicus	GO:0001660	fever generation	response to stimulus	involved_in	PMID:15671251	RGD	2	3
Q63264	Il1b	10116	Rattus norvegicus	GO:0001660	fever generation	response to stimulus	involved_in	PMID:16455768	RGD	2	39
O08718	Neurog3	10116	Rattus norvegicus	GO:0045597	positive regulation of cell differentiation	biological regulation	involved_in	PMID:16514419	RGD	2	4
O08774	Rgs12	10116	Rattus norvegicus	GO:0045744	negative regulation of G protein-coupled receptor signaling pathway	biological regulation	involved_in	PMID:9651375	RGD	2	1
Q9JHX0	Rgs2	10116	Rattus norvegicus	GO:0045744	negative regulation of G protein-coupled receptor signaling pathway	biological regulation	involved_in	PMID:11968023	RGD	2	4
O08837	Cdc5l	10116	Rattus norvegicus	GO:0071352	cellular response to interleukin-2	response to stimulus	involved_in	PMID:11694351	RGD	2	3
Q9JHW1	Cpd	10116	Rattus norvegicus	GO:0071352	cellular response to interleukin-2	response to stimulus	involved_in	PMID:11181555	RGD	2	1
O15151	MDM4	9606	Homo sapiens	GO:0030330	DNA damage response, signal transduction by p53 class mediator	response to stimulus	involved_in	PMID:14660608	UniProt	2	3
Q92597	NDRG1	9606	Homo sapiens	GO:0030330	DNA damage response, signal transduction by p53 class mediator	response to stimulus	involved_in	PMID:9766676	UniProt	2	2
O15151	MDM4	9606	Homo sapiens	GO:0050821	protein stabilization	biological regulation	involved_in	PMID:10608892	UniProt	2	3
Q9SGW8	PI4KG2	3702	Arabidopsis thaliana	GO:0050821	protein stabilization	biological regulation	acts_upstream_of_or_within	PMID:32788299	TAIR	2	1
O15727	O15727	5702	Trypanosoma brucei brucei	GO:0006166	purine ribonucleoside salvage	metabolic process	acts_upstream_of_or_within	PMID:9442052	GeneDB	2	1
Q57ZL6	Tb03.27C5.420	185431	Trypanosoma brucei brucei TREU927	GO:0006166	purine ribonucleoside salvage	metabolic process	acts_upstream_of_or_within	PMID:9442052	GeneDB	2	1
O18391	kraken	7227	Drosophila melanogaster	GO:0007586	digestion	unclassified	involved_in	PMID:9831651	UniProt	2	2
O46107	Lip1	7227	Drosophila melanogaster	GO:0007586	digestion	unclassified	involved_in	PMID:9566193	UniProt	2	1
O23039	ZIP5	3702	Arabidopsis thaliana	GO:1990359	stress response to zinc ion	response to stimulus	involved_in	PMID:39930616	TAIR	2	1
Q9SLG3	ZIP3	3702	Arabidopsis thaliana	GO:1990359	stress response to zinc ion	response to stimulus	involved_in	PMID:39930616	TAIR	2	1
O24603	CHI	3702	Arabidopsis thaliana	GO:0072722	response to amitrole	response to stimulus	involved_in	PMID:12947053	UniProt	2	6
P04762	Cat	10116	Rattus norvegicus	GO:0072722	response to amitrole	response to stimulus	involved_in	PMID:7195942	RGD	2	21
O35274	Ppp1r9b	10116	Rattus norvegicus	GO:0003006	developmental process involved in reproduction	developmental process	involved_in	PMID:18096161	RGD	2	21
P60889	Cbx7	10116	Rattus norvegicus	GO:0003006	developmental process involved in reproduction	developmental process	involved_in	PMID:23354331	RGD	2	2
O35274	Ppp1r9b	10116	Rattus norvegicus	GO:0060179	male mating behavior	unclassified	involved_in	PMID:18726914	RGD	2	21
P01179	Oxt	10116	Rattus norvegicus	GO:0060179	male mating behavior	unclassified	involved_in	PMID:18655888	RGD	2	20
O35433	Trpv1	10116	Rattus norvegicus	GO:0071502	cellular response to temperature stimulus	response to stimulus	involved_in	PMID:20206612	RGD	2	6
Q4X1P0	AFUA_2G09290	330879	Aspergillus fumigatus Af293	GO:0071502	cellular response to temperature stimulus	response to stimulus	acts_upstream_of_or_within	PMID:20667000	AspGD	2	1
O35453	Hpn	10090	Mus musculus	GO:0060429	epithelium development	developmental process	involved_in	PMID:8346233	UniProt	2	1
Q61660	Foxj1	10090	Mus musculus	GO:0060429	epithelium development	developmental process	involved_in	PMID:9096351	BHF-UCL	2	2
O35516	Notch2	10090	Mus musculus	GO:0072104	glomerular capillary formation	developmental process	involved_in	PMID:15821257	UniProt	2	3
Q61982	Notch3	10090	Mus musculus	GO:0072104	glomerular capillary formation	developmental process	involved_in	PMID:15821257	UniProt	2	1
O35531	Cd86	10116	Rattus norvegicus	GO:0043011	myeloid dendritic cell differentiation	developmental process	involved_in	PMID:21039614	RGD	2	10
Q13268	DHRS2	9606	Homo sapiens	GO:0043011	myeloid dendritic cell differentiation	developmental process	involved_in	PMID:11944995	UniProt	2	1
O35776	Has2	10116	Rattus norvegicus	GO:0035810	positive regulation of urine volume	biological regulation	involved_in	PMID:19635555	UniProt	2	5
Q9Z2Q3	Hyal2	10116	Rattus norvegicus	GO:0035810	positive regulation of urine volume	biological regulation	involved_in	PMID:19635555	UniProt	2	3
O35776	Has2	10116	Rattus norvegicus	GO:0070295	renal water absorption	biological regulation	involved_in	PMID:19635555	UniProt	2	5
Q9Z2Q3	Hyal2	10116	Rattus norvegicus	GO:0070295	renal water absorption	biological regulation	involved_in	PMID:19635555	UniProt	2	3
O35800	Hif1a	10116	Rattus norvegicus	GO:0071245	cellular response to carbon monoxide	response to stimulus	involved_in	PMID:17475674	RGD	2	41
P39052	Dnm2	10116	Rattus norvegicus	GO:0071245	cellular response to carbon monoxide	response to stimulus	involved_in	PMID:25100282	RGD	2	8
O42486	Bcat	9031	Gallus gallus	GO:0030509	BMP signaling pathway	response to stimulus	NOT|involved_in	PMID:15254905	AgBase	2	1
P12643	BMP2	9606	Homo sapiens	GO:0030509	BMP signaling pathway	response to stimulus	involved_in	PMID:16194878	AgBase	2	2
O43561	LAT	9606	Homo sapiens	GO:0045860	positive regulation of protein kinase activity	biological regulation	involved_in	PMID:14624253	CACAO	2	1
Q13094	LCP2	9606	Homo sapiens	GO:0045860	positive regulation of protein kinase activity	biological regulation	involved_in	PMID:14624253	CACAO	2	1
O54960	Nos1ap	10116	Rattus norvegicus	GO:0031102	neuron projection regeneration	response to stimulus	involved_in	PMID:10762708	RGD	2	1
P97698	Smo	10116	Rattus norvegicus	GO:0031102	neuron projection regeneration	response to stimulus	involved_in	PMID:15356205	RGD	2	4
O55005	Robo1	10116	Rattus norvegicus	GO:0016199	axon midline choice point recognition	developmental process	involved_in	PMID:18986510	UniProt	2	4
Q9QZI3	Robo2	10116	Rattus norvegicus	GO:0016199	axon midline choice point recognition	developmental process	involved_in	PMID:18986510	UniProt	2	1
O61967	let-413	6239	Caenorhabditis elegans	GO:0007163	establishment or maintenance of cell polarity	unclassified	involved_in	PMID:10878806	UniProt	2	4
O61967	let-413	6239	Caenorhabditis elegans	GO:0015031	protein transport	localization	involved_in	PMID:10878806	UniProt	2	4
O65782	CYP83B1	3702	Arabidopsis thaliana	GO:0009682	induced systemic resistance	response to stimulus	acts_upstream_of_or_within	PMID:20081042	TAIR	2	2
Q9SU35	AZI1	3702	Arabidopsis thaliana	GO:0009682	induced systemic resistance	response to stimulus	involved_in	PMID:22375709	UniProt	2	1
O70433	Fhl2	10090	Mus musculus	GO:0055014	atrial cardiac muscle cell development	developmental process	involved_in	PMID:15509787	BHF-UCL	2	4
P43688	Nkx2-6	10090	Mus musculus	GO:0055014	atrial cardiac muscle cell development	developmental process	involved_in	PMID:9621431	BHF-UCL	2	10
O70511	Ank3	10116	Rattus norvegicus	GO:0007528	neuromuscular junction development	unclassified	involved_in	PMID:12657669	RGD	2	2
Q62838	Musk	10116	Rattus norvegicus	GO:0007528	neuromuscular junction development	unclassified	involved_in	PMID:7546737	RGD	2	5
O73754	grem1	8355	Xenopus laevis	GO:0014029	neural crest formation	developmental process	involved_in	PMID:9660951	BHF-UCL	2	3
O73933	O73933	9031	Gallus gallus	GO:0014029	neural crest formation	developmental process	involved_in	PMID:15242799	AgBase	2	8
O73933	O73933	9031	Gallus gallus	GO:0060384	innervation	developmental process	involved_in	PMID:15242799	AgBase	2	8
P01026	C3	10116	Rattus norvegicus	GO:0060384	innervation	developmental process	involved_in	PMID:1799436	RGD	2	8
O73933	O73933	9031	Gallus gallus	GO:0060959	cardiac neuron development	developmental process	involved_in	PMID:15242799	AgBase	2	8
Q9W757	SOX10	9031	Gallus gallus	GO:0060959	cardiac neuron development	developmental process	involved_in	PMID:12351187	UniProt	2	1
O75807	PPP1R15A	9606	Homo sapiens	GO:0019888	protein phosphatase regulator activity	molecular function	enables	PMID:34847777	DisProt	2	1
Q5SWA1	PPP1R15B	9606	Homo sapiens	GO:0019888	protein phosphatase regulator activity	molecular function	enables	PMID:34847777	DisProt	2	1
O88275	Pparg	10116	Rattus norvegicus	GO:0006357	regulation of transcription by RNA polymerase II	biological regulation	involved_in	PMID:10438514	RGD	2	18
P26801	Cebpg	10116	Rattus norvegicus	GO:0006357	regulation of transcription by RNA polymerase II	biological regulation	involved_in	PMID:1377818	RGD	2	2
O88275	Pparg	10116	Rattus norvegicus	GO:0071379	cellular response to prostaglandin stimulus	response to stimulus	involved_in	PMID:11936221	RGD	2	18
Q7TMA5	Apob	10116	Rattus norvegicus	GO:0071379	cellular response to prostaglandin stimulus	response to stimulus	involved_in	PMID:16545597	RGD	2	5
O88583	Socs3	10116	Rattus norvegicus	GO:1905229	cellular response to thyrotropin-releasing hormone	response to stimulus	involved_in	PMID:10707961	RGD	2	17
Q9QX78	Socs1	10116	Rattus norvegicus	GO:1905229	cellular response to thyrotropin-releasing hormone	response to stimulus	involved_in	PMID:10707961	RGD	2	12
O88658	Kif1b	10116	Rattus norvegicus	GO:1904647	response to rotenone	response to stimulus	involved_in	PMID:23263842	RGD	2	2
Q6QLM7	Kif5a	10116	Rattus norvegicus	GO:1904647	response to rotenone	response to stimulus	involved_in	PMID:23263842	RGD	2	7
O88900	Grb14	10116	Rattus norvegicus	GO:0035556	intracellular signal transduction	response to stimulus	involved_in	PMID:9748281	RGD	2	1
P24594	Igfbp5	10116	Rattus norvegicus	GO:0035556	intracellular signal transduction	response to stimulus	involved_in	PMID:12193414	RGD	2	1
O88998	Olfm1	10090	Mus musculus	GO:0099243	extrinsic component of synaptic membrane	cellular component	is_active_in	PMID:25218043	SynGO	2	4
O93464	cck	7957	Carassius auratus	GO:0007631	feeding behavior	unclassified	involved_in	PMID:10640690	UniProt	2	1
Q9QYG8	Uck2	10116	Rattus norvegicus	GO:0007631	feeding behavior	unclassified	involved_in	PMID:221781	RGD	2	3
O96004	HAND1	9606	Homo sapiens	GO:0001824	blastocyst development	developmental process	involved_in	PMID:11802795	BHF-UCL	2	2
P20263	Pou5f1	10090	Mus musculus	GO:0001824	blastocyst development	developmental process	involved_in	PMID:21258368	BHF-UCL	2	3
O96014	WNT11	9606	Homo sapiens	GO:0048706	embryonic skeletal system development	developmental process	involved_in	PMID:9757009	UniProt	2	6
Q64124	Scx	10090	Mus musculus	GO:0048706	embryonic skeletal system development	developmental process	involved_in	PMID:7743923	UniProt	2	7
P00159	Mt-cyb	10116	Rattus norvegicus	GO:1904421	response to D-galactosamine	response to stimulus	involved_in	PMID:9425749	RGD	2	11
P02650	Apoe	10116	Rattus norvegicus	GO:1904421	response to D-galactosamine	response to stimulus	involved_in	PMID:6631239	RGD	2	13
P00388	Por	10116	Rattus norvegicus	GO:0009437	carnitine metabolic process	metabolic process	involved_in	PMID:16616465	RGD	2	6
P68644	fixC	83333	Escherichia coli K-12	GO:0009437	carnitine metabolic process	metabolic process	acts_upstream_of_or_within	PMID:7473063	EcoliWiki	2	1
P01322	Ins1	10116	Rattus norvegicus	GO:1904619	response to dimethyl sulfoxide	response to stimulus	involved_in	PMID:12167488	RGD	2	6
P06866	Hp	10116	Rattus norvegicus	GO:1904619	response to dimethyl sulfoxide	response to stimulus	involved_in	PMID:14757319	RGD	2	16
P01581	Ifng	10116	Rattus norvegicus	GO:1901327	response to tacrolimus	response to stimulus	involved_in	PMID:23867624	RGD	2	3
P17108	Il2	10116	Rattus norvegicus	GO:1901327	response to tacrolimus	response to stimulus	involved_in	PMID:23867624	RGD	2	1
P02466	Col1a2	10116	Rattus norvegicus	GO:0110096	cellular response to aldehyde	response to stimulus	involved_in	PMID:11295527	RGD	2	4
Q7G191	AAO4	3702	Arabidopsis thaliana	GO:0110096	cellular response to aldehyde	response to stimulus	involved_in	PMID:28188272	UniProt	2	3
P04177	Th	10116	Rattus norvegicus	GO:0046684	response to pyrethroid	response to stimulus	involved_in	PMID:16229977	RGD	2	38
P14173	Ddc	10116	Rattus norvegicus	GO:0046684	response to pyrethroid	response to stimulus	involved_in	PMID:19017407	RGD	2	5
P04177	Th	10116	Rattus norvegicus	GO:0050890	cognition	unclassified	involved_in	PMID:20096955	RGD	2	38
P23363	Bdnf	10116	Rattus norvegicus	GO:0050890	cognition	unclassified	involved_in	PMID:20852970	RGD	2	28
P04631	S100b	10116	Rattus norvegicus	GO:0048708	astrocyte differentiation	developmental process	involved_in	PMID:19147496	RGD	2	7
P19356	Hmbs	10116	Rattus norvegicus	GO:0048708	astrocyte differentiation	developmental process	involved_in	PMID:12917623	RGD	2	21
P05084	hb	7227	Drosophila melanogaster	GO:0007400	neuroblast fate determination	developmental process	involved_in	PMID:11525736	FlyBase	2	2
P07247	Kr	7227	Drosophila melanogaster	GO:0007400	neuroblast fate determination	developmental process	involved_in	PMID:11525736	FlyBase	2	1
P05153	PCK1	9031	Gallus gallus	GO:0048562	embryonic organ morphogenesis	developmental process	involved_in	PMID:8399801	AgBase	2	6
P21642	PCK2	9031	Gallus gallus	GO:0048562	embryonic organ morphogenesis	developmental process	involved_in	PMID:8399801	AgBase	2	5
P05197	Eef2	10116	Rattus norvegicus	GO:0035914	skeletal muscle cell differentiation	developmental process	involved_in	PMID:16682826	RGD	2	13
P07174	Ngfr	10116	Rattus norvegicus	GO:0035914	skeletal muscle cell differentiation	developmental process	involved_in	PMID:16723531	RGD	2	5
P05539	Col2a1	10116	Rattus norvegicus	GO:0060351	cartilage development involved in endochondral bone morphogenesis	developmental process	involved_in	PMID:12924823	RGD	2	15
P05556	ITGB1	9606	Homo sapiens	GO:0033631	cell-cell adhesion mediated by integrin	unclassified	involved_in	PMID:17704059	BHF-UCL	2	2
Q13443	ADAM9	9606	Homo sapiens	GO:0033631	cell-cell adhesion mediated by integrin	unclassified	involved_in	PMID:17704059	BHF-UCL	2	2
P06536	Nr3c1	10116	Rattus norvegicus	GO:0014889	muscle atrophy	response to stimulus	involved_in	PMID:17622304	RGD	2	13
P28077	Psmb9	10116	Rattus norvegicus	GO:0014889	muscle atrophy	response to stimulus	involved_in	PMID:14678786	RGD	2	9
P06882	Tg	10116	Rattus norvegicus	GO:0071412	cellular response to genistein	response to stimulus	involved_in	PMID:23918874	RGD	2	2
Q10739	Mmp14	10116	Rattus norvegicus	GO:0071412	cellular response to genistein	response to stimulus	involved_in	PMID:11125539	RGD	2	12
P07379	Pck1	10116	Rattus norvegicus	GO:0071477	cellular hypotonic salinity response	response to stimulus	involved_in	PMID:9530152	RGD	2	23
P19112	Fbp1	10116	Rattus norvegicus	GO:0071477	cellular hypotonic salinity response	response to stimulus	involved_in	PMID:9530152	RGD	2	8
P07379	Pck1	10116	Rattus norvegicus	GO:0097403	cellular response to raffinose	response to stimulus	involved_in	PMID:9530152	RGD	2	23
P19112	Fbp1	10116	Rattus norvegicus	GO:0097403	cellular response to raffinose	response to stimulus	involved_in	PMID:9530152	RGD	2	8
P07581	P9	2928686	Pseudomonas phage phi6	GO:0044423	virion component	cellular component	located_in	PMID:8021194	CACAO	2	2
P07756	Cps1	10116	Rattus norvegicus	GO:0071400	cellular response to oleic acid	response to stimulus	involved_in	PMID:8985169	RGD	2	26
P09034	Ass1	10116	Rattus norvegicus	GO:0071400	cellular response to oleic acid	response to stimulus	involved_in	PMID:8985169	RGD	2	29
P07897	Acan	10116	Rattus norvegicus	GO:0060591	chondroblast differentiation	developmental process	involved_in	PMID:20001227	RGD	2	9
Q90763	CDH7	9031	Gallus gallus	GO:0060591	chondroblast differentiation	developmental process	involved_in	PMID:19492414	AgBase	2	2
P08025	Igf1	10116	Rattus norvegicus	GO:0003230	cardiac atrium development	developmental process	involved_in	PMID:15486038	RGD	2	29
P24062	Igf1r	10116	Rattus norvegicus	GO:0003230	cardiac atrium development	developmental process	involved_in	PMID:15486038	RGD	2	23
P08081	Clta	10116	Rattus norvegicus	GO:0098835	presynaptic endocytic zone membrane	cellular component	is_active_in	PMID:1325974	SynGO	2	3
P08082	Cltb	10116	Rattus norvegicus	GO:0098835	presynaptic endocytic zone membrane	cellular component	is_active_in	PMID:1325974	SynGO	2	2
P08413	Camk2b	10116	Rattus norvegicus	GO:0090128	regulation of synapse maturation	biological regulation	involved_in	PMID:17404223	SynGO	2	6
Q9EPL2	Clstn1	10090	Mus musculus	GO:0090128	regulation of synapse maturation	biological regulation	involved_in	PMID:24966372	SynGO	2	3
P08424	Ren1	10116	Rattus norvegicus	GO:0072051	juxtaglomerular apparatus development	developmental process	involved_in	PMID:30645697	RGD	2	4
P62738	Acta2	10116	Rattus norvegicus	GO:0072051	juxtaglomerular apparatus development	developmental process	involved_in	PMID:30645697	RGD	2	2
P08648	ITGA5	9606	Homo sapiens	GO:0035313	wound healing, spreading of epidermal cells	response to stimulus	involved_in	PMID:14970227	BHF-UCL	2	1
P78536	ADAM17	9606	Homo sapiens	GO:0035313	wound healing, spreading of epidermal cells	response to stimulus	involved_in	PMID:14970227	BHF-UCL	2	1
P09416	Myc	10116	Rattus norvegicus	GO:1903841	cellular response to arsenite(3-)	response to stimulus	involved_in	PMID:9848127	RGD	2	33
P09531	TGFB1	9031	Gallus gallus	GO:0046881	positive regulation of follicle-stimulating hormone secretion	biological regulation	involved_in	PMID:15269104	AgBase	2	5
P50596	Lep	10116	Rattus norvegicus	GO:0046881	positive regulation of follicle-stimulating hormone secretion	biological regulation	involved_in	PMID:19112389	RGD	2	17
P09531	TGFB1	9031	Gallus gallus	GO:0050708	regulation of protein secretion	biological regulation	involved_in	PMID:15269104	AgBase	2	5
Q9U5L1	SrpRalpha	7227	Drosophila melanogaster	GO:0050708	regulation of protein secretion	biological regulation	involved_in	PMID:8360279	UniProt	2	2
P09760	Fer	10116	Rattus norvegicus	GO:0072520	seminiferous tubule development	developmental process	involved_in	PMID:12700184	RGD	2	6
P17491	Inhbb	10116	Rattus norvegicus	GO:0072520	seminiferous tubule development	developmental process	involved_in	PMID:2477225	RGD	2	13
P09835	uhpB	83333	Escherichia coli K-12	GO:0005886	plasma membrane	cellular component	located_in	PMID:1569007	EcoCyc	2	1
P0AEL0	fdoI	83333	Escherichia coli K-12	GO:0005886	plasma membrane	cellular component	located_in	PMID:9852007	EcoCyc	2	3
P09937	SPS4	559292	Saccharomyces cerevisiae S288C	GO:0030437	ascospore formation	developmental process	involved_in	PMID:3540611	SGD	2	1
Q01684	SPR6	559292	Saccharomyces cerevisiae S288C	GO:0030437	ascospore formation	developmental process	involved_in	PMID:2253272	SGD	2	1
P0A9F1	mntR	83333	Escherichia coli K-12	GO:0030145	manganese ion binding	molecular function	enables	PMID:11466284	EcoCyc	2	3
P0A9V8	yihU	83333	Escherichia coli K-12	GO:1902777	6-sulfoquinovose(1-) catabolic process	metabolic process	acts_upstream_of_or_within	PMID:24463506	EcoCyc	2	1
P32139	yihR	83333	Escherichia coli K-12	GO:1902777	6-sulfoquinovose(1-) catabolic process	metabolic process	acts_upstream_of_or_within	PMID:24463506	EcoCyc	2	1
P0AA10	rplM	83333	Escherichia coli K-12	GO:0017148	negative regulation of translation	biological regulation	acts_upstream_of_or_within	PMID:27381917	EcoCyc	2	1
Q9NFU0	Fmr1	7227	Drosophila melanogaster	GO:0017148	negative regulation of translation	biological regulation	involved_in	PMID:11733059	FlyBase	2	1
P0AA80	garP	83333	Escherichia coli K-12	GO:0019580	galactarate metabolic process	metabolic process	acts_upstream_of_or_within	PMID:10762278	EcoCyc	2	1
Q46916	gudP	83333	Escherichia coli K-12	GO:0019580	galactarate metabolic process	metabolic process	acts_upstream_of_or_within	PMID:10762278	EcoCyc	2	2
P0ABT2	dps	83333	Escherichia coli K-12	GO:0009295	nucleoid	cellular component	located_in	PMID:10947847	EcoCyc	2	2
P0CT33	tlh1	284812	Schizosaccharomyces pombe 972h-	GO:0000722	telomere maintenance via recombination	metabolic process	involved_in	PMID:15591066	PomBase	2	1
Q1RKN3	tlh2	284812	Schizosaccharomyces pombe 972h-	GO:0000722	telomere maintenance via recombination	metabolic process	involved_in	PMID:15591066	PomBase	2	1
P0DTC6	6	2697049	Severe acute respiratory syndrome coronavirus 2	GO:0039502	symbiont-mediated suppression of host type I interferon-mediated signaling pathway	unclassified	involved_in	PMID:35970938	DisProt	2	2
Q997F2	P/V/C	3052225	Henipavirus nipahense	GO:0039502	symbiont-mediated suppression of host type I interferon-mediated signaling pathway	unclassified	involved_in	PMID:29769705	DisProt	2	3
P10090	w	7227	Drosophila melanogaster	GO:0006856	eye pigment precursor transport	localization	involved_in	PMID:11294610	FlyBase	2	1
P45843	st	7227	Drosophila melanogaster	GO:0006856	eye pigment precursor transport	localization	involved_in	PMID:11294610	FlyBase	2	1
P10147	CCL3	9606	Homo sapiens	GO:0023052	signaling	biological regulation	involved_in	PMID:12032188	UniProt	2	7
P51681	CCR5	9606	Homo sapiens	GO:0023052	signaling	biological regulation	involved_in	PMID:12032188	UniProt	2	3
P11137	MAP2	9606	Homo sapiens	GO:0048813	dendrite morphogenesis	developmental process	involved_in	PMID:20846339	DFLAT	2	3
P34900	Sdc2	10116	Rattus norvegicus	GO:0048813	dendrite morphogenesis	developmental process	involved_in	PMID:11580899	RGD	2	3
P11215	ITGAM	9606	Homo sapiens	GO:0010668	ectodermal cell differentiation	developmental process	involved_in	PMID:23154389	UniProt	2	1
P23229	ITGA6	9606	Homo sapiens	GO:0010668	ectodermal cell differentiation	developmental process	involved_in	PMID:23154389	UniProt	2	1
P11449	Vm26Aa	7227	Drosophila melanogaster	GO:0007305	vitelline membrane formation involved in chorion-containing eggshell formation	developmental process	involved_in	PMID:3119397	FlyBase	2	1
Q9VMK7	Dmel\CG13998	7227	Drosophila melanogaster	GO:0007305	vitelline membrane formation involved in chorion-containing eggshell formation	developmental process	involved_in	PMID:21637834	FlyBase	2	1
P11507	Atp2a2	10116	Rattus norvegicus	GO:0090076	relaxation of skeletal muscle	unclassified	involved_in	PMID:21993782	RGD	2	3
P27768	Tnni2	10116	Rattus norvegicus	GO:0090076	relaxation of skeletal muscle	unclassified	involved_in	PMID:21993782	RGD	2	1
P11915	Scp2	10116	Rattus norvegicus	GO:0034699	response to luteinizing hormone	response to stimulus	involved_in	PMID:2249635	RGD	2	4
P41413	Pcsk5	10116	Rattus norvegicus	GO:0034699	response to luteinizing hormone	response to stimulus	involved_in	PMID:18502031	RGD	2	4
P12242	Ucp1	10090	Mus musculus	GO:0050873	brown fat cell differentiation	developmental process	involved_in	PMID:15567149	HGNC-UCL	2	1
Q8R400	Adig	10090	Mus musculus	GO:0050873	brown fat cell differentiation	developmental process	involved_in	PMID:15567149	HGNC-UCL	2	3
P12336	Slc2a2	10116	Rattus norvegicus	GO:0015755	fructose transmembrane transport	localization	involved_in	PMID:12095416	RGD	2	4
P43427	Slc2a5	10116	Rattus norvegicus	GO:0015755	fructose transmembrane transport	localization	involved_in	PMID:11518678	RGD	2	2
P12658	Calb1	10090	Mus musculus	GO:0072221	metanephric distal convoluted tubule development	developmental process	involved_in	PMID:18618131	UniProt	2	6
Q91X17	Umod	10090	Mus musculus	GO:0072221	metanephric distal convoluted tubule development	developmental process	involved_in	PMID:18618131	UniProt	2	3
P12841	Fos	10116	Rattus norvegicus	GO:0001661	conditioned taste aversion	unclassified	involved_in	PMID:18374904	RGD	2	32
P51145	Fosl2	10116	Rattus norvegicus	GO:0001661	conditioned taste aversion	unclassified	involved_in	PMID:18374904	RGD	2	14
P13114	CHS	3702	Arabidopsis thaliana	GO:0031540	regulation of anthocyanin biosynthetic process	biological regulation	acts_upstream_of_or_within	PMID:15993620	TAIR	2	5
P28493	At1g75040	3702	Arabidopsis thaliana	GO:0031540	regulation of anthocyanin biosynthetic process	biological regulation	acts_upstream_of_or_within	PMID:15993620	TAIR	2	5
P13368	sev	7227	Drosophila melanogaster	GO:0045500	sevenless signaling pathway	response to stimulus	involved_in	PMID:9729495	FlyBase	2	1
P40417	rl	7227	Drosophila melanogaster	GO:0045500	sevenless signaling pathway	response to stimulus	involved_in	PMID:9729495	FlyBase	2	8
P14137	Cyp11a1	10116	Rattus norvegicus	GO:0060014	granulosa cell differentiation	developmental process	involved_in	PMID:2176216	RGD	2	39
Q8R4C0	Capn5	10116	Rattus norvegicus	GO:0060014	granulosa cell differentiation	developmental process	involved_in	PMID:19415717	RGD	2	3
P15127	Insr	10116	Rattus norvegicus	GO:0006111	regulation of gluconeogenesis	biological regulation	involved_in	PMID:29896241	RGD	2	32
P97784	Cry1	10090	Mus musculus	GO:0006111	regulation of gluconeogenesis	biological regulation	involved_in	PMID:29937374	DisProt	2	2
P15257	Hnf1a	10116	Rattus norvegicus	GO:0032024	positive regulation of insulin secretion	biological regulation	involved_in	PMID:10944108	RGD	2	1
P60881	Snap25	10116	Rattus norvegicus	GO:0032024	positive regulation of insulin secretion	biological regulation	involved_in	PMID:15042624	RGD	2	7
P15311	EZR	9606	Homo sapiens	GO:0007159	leukocyte cell-cell adhesion	unclassified	involved_in	PMID:12082081	BHF-UCL	2	2
P26038	MSN	9606	Homo sapiens	GO:0007159	leukocyte cell-cell adhesion	unclassified	involved_in	PMID:12082081	BHF-UCL	2	3
P15337	Creb1	10116	Rattus norvegicus	GO:1903494	response to dehydroepiandrosterone	response to stimulus	involved_in	PMID:22523357	RGD	2	17
Q9QYK2	Ppargc1a	10116	Rattus norvegicus	GO:1903494	response to dehydroepiandrosterone	response to stimulus	involved_in	PMID:22523357	RGD	2	50
P15976	GATA1	9606	Homo sapiens	GO:0030221	basophil differentiation	developmental process	involved_in	PMID:7678994	BHF-UCL	2	3
P17542	TAL1	9606	Homo sapiens	GO:0030221	basophil differentiation	developmental process	involved_in	PMID:7678994	BHF-UCL	2	3
P16284	PECAM1	9606	Homo sapiens	GO:0072011	glomerular endothelium development	developmental process	involved_in	PMID:17464107	UniProt	2	1
P28906	CD34	9606	Homo sapiens	GO:0072011	glomerular endothelium development	developmental process	involved_in	PMID:17464107	UniProt	2	11
P16371	gro	7227	Drosophila melanogaster	GO:0008543	fibroblast growth factor receptor signaling pathway	response to stimulus	involved_in	PMID:21683597	FlyBase	2	1
Q09147	btl	7227	Drosophila melanogaster	GO:0008543	fibroblast growth factor receptor signaling pathway	response to stimulus	involved_in	PMID:12175485	FlyBase	2	3
P16375	svp	7227	Drosophila melanogaster	GO:0007510	cardioblast cell fate determination	developmental process	involved_in	PMID:11404079	FlyBase	2	1
P16376	svp	7227	Drosophila melanogaster	GO:0007510	cardioblast cell fate determination	developmental process	involved_in	PMID:11404079	FlyBase	2	1
P16406	Enpep	10090	Mus musculus	GO:0032835	glomerulus development	developmental process	involved_in	PMID:16286663	UniProt	2	1
Q9DBX7	Heyl	10090	Mus musculus	GO:0032835	glomerulus development	developmental process	involved_in	PMID:15821257	UniProt	2	3
P17105	Itpka	10116	Rattus norvegicus	GO:0098885	modification of postsynaptic actin cytoskeleton	unclassified	involved_in	PMID:19890013	SynGO	2	2
Q6AYC6	Abi3	10116	Rattus norvegicus	GO:0098885	modification of postsynaptic actin cytoskeleton	unclassified	involved_in	PMID:22485184	SynGO	2	3
P17276	Hn	7227	Drosophila melanogaster	GO:0042416	dopamine biosynthetic process	metabolic process	involved_in	PMID:17376153	FlyBase	2	2
P18459	ple	7227	Drosophila melanogaster	GO:0042416	dopamine biosynthetic process	metabolic process	involved_in	PMID:17376153	FlyBase	2	3
P18292	F2	10116	Rattus norvegicus	GO:1905225	response to thyrotropin-releasing hormone	response to stimulus	involved_in	PMID:18336749	RGD	2	5
Q8K3U6	F7	10116	Rattus norvegicus	GO:1905225	response to thyrotropin-releasing hormone	response to stimulus	involved_in	PMID:21382270	RGD	2	15
P18865	Hoxc4	10116	Rattus norvegicus	GO:1990792	cellular response to glial cell derived neurotrophic factor	response to stimulus	involved_in	PMID:19339709	RGD	2	1
P81062	Pitx3	10116	Rattus norvegicus	GO:1990792	cellular response to glial cell derived neurotrophic factor	response to stimulus	involved_in	PMID:21865882	RGD	2	4
P19172	CHIB1	3702	Arabidopsis thaliana	GO:0002221	pattern recognition receptor signaling pathway	response to stimulus	acts_upstream_of_or_within	PMID:24957336	TAIR	2	6
P20348	janA	7227	Drosophila melanogaster	GO:0007548	sex differentiation	developmental process	involved_in	PMID:2503707	UniProt	2	1
P20349	janB	7227	Drosophila melanogaster	GO:0007548	sex differentiation	developmental process	involved_in	PMID:2503707	UniProt	2	1
P20439	CycB	7227	Drosophila melanogaster	GO:0000086	G2/M transition of mitotic cell cycle	unclassified	involved_in	PMID:11847115	FlyBase	2	1
P48317	Gadd45a	10116	Rattus norvegicus	GO:0000086	G2/M transition of mitotic cell cycle	unclassified	involved_in	PMID:11964479	RGD	2	1
P20695	Ifrd1	10116	Rattus norvegicus	GO:0007405	neuroblast proliferation	developmental process	involved_in	PMID:8919308	RGD	2	2
Q9WVM1	Racgap1	10090	Mus musculus	GO:0007405	neuroblast proliferation	developmental process	involved_in	PMID:10493933	UniProt	2	1
P20918	Plg	10090	Mus musculus	GO:0099183	trans-synaptic signaling by BDNF, modulating synaptic transmission	biological regulation	involved_in	PMID:15486301	SynGO	2	4
P20961	Serpine1	10116	Rattus norvegicus	GO:0071258	cellular response to gravity	response to stimulus	involved_in	PMID:19574431	RGD	2	44
P46002	Ptafr	10116	Rattus norvegicus	GO:0071258	cellular response to gravity	response to stimulus	involved_in	PMID:15659787	RGD	2	9
P20961	Serpine1	10116	Rattus norvegicus	GO:1905835	cellular response to pyrimidine ribonucleotide	response to stimulus	involved_in	PMID:20471392	RGD	2	44
Q4V7C7	Actr3	10116	Rattus norvegicus	GO:1905835	cellular response to pyrimidine ribonucleotide	response to stimulus	involved_in	PMID:22065602	RGD	2	9
P21513	rne	83333	Escherichia coli K-12	GO:0009898	cytoplasmic side of plasma membrane	cellular component	located_in	PMID:11134527	EcoCyc	2	2
P21743	Igfbp1	10116	Rattus norvegicus	GO:0030307	positive regulation of cell growth	biological regulation	involved_in	PMID:1705004	RGD	2	3
P61589	Rhoa	10116	Rattus norvegicus	GO:0030307	positive regulation of cell growth	biological regulation	involved_in	PMID:17562852	RGD	2	15
P22462	Kcnc2	10116	Rattus norvegicus	GO:0021759	globus pallidus development	developmental process	involved_in	PMID:10482766	RGD	2	11
P25122	Kcnc1	10116	Rattus norvegicus	GO:0021759	globus pallidus development	developmental process	involved_in	PMID:10482766	RGD	2	13
P22734	Comt	10116	Rattus norvegicus	GO:0097336	response to risperidone	response to stimulus	involved_in	PMID:15964593	RGD	2	5
Q5XI73	Arhgdia	10116	Rattus norvegicus	GO:0097336	response to risperidone	response to stimulus	involved_in	PMID:22960606	RGD	2	3
P22943	HSP12	559292	Saccharomyces cerevisiae S288C	GO:0005829	cytosol	cellular component	is_active_in	PMID:20797624	DisProt	2	2
URS0000A9B3FC_10090	Mus musculus brown adipose tissue enriched long non-coding RNA 1 (Lncbate1)	10090	Mus musculus	GO:0005829	cytosol	cellular component	located_in	PMID:25921091	MGI	2	2
P23565	Ina	10116	Rattus norvegicus	GO:0099160	postsynaptic intermediate filament cytoskeleton	cellular component	is_active_in	PMID:9310396	SynGO	2	7
P23825	GATA3	9031	Gallus gallus	GO:0042491	inner ear auditory receptor cell differentiation	developmental process	involved_in	PMID:19924793	UniProt	2	1
Q63598	Pls3	10116	Rattus norvegicus	GO:0042491	inner ear auditory receptor cell differentiation	developmental process	involved_in	PMID:12378542	RGD	2	1
P24008	Srd5a1	10116	Rattus norvegicus	GO:0030540	female genitalia development	developmental process	involved_in	PMID:9142501	RGD	2	31
P31214	Srd5a2	10116	Rattus norvegicus	GO:0030540	female genitalia development	developmental process	involved_in	PMID:9142501	RGD	2	13
P24528	Mgmt	10116	Rattus norvegicus	GO:0060644	mammary gland epithelial cell differentiation	developmental process	involved_in	PMID:16086375	RGD	2	8
P97431	Irf6	10090	Mus musculus	GO:0060644	mammary gland epithelial cell differentiation	developmental process	involved_in	PMID:18212048	UniProt	2	1
P25031	Reg3b	10116	Rattus norvegicus	GO:1903577	cellular response to L-arginine	response to stimulus	involved_in	PMID:10630385	RGD	2	11
Q63016	Slc7a5	10116	Rattus norvegicus	GO:1903577	cellular response to L-arginine	response to stimulus	involved_in	PMID:10681508	RGD	2	8
P25102	Hrh2	10116	Rattus norvegicus	GO:0071420	cellular response to histamine	response to stimulus	involved_in	PMID:1313563	RGD	2	1
Q04589	Fgfr1	10116	Rattus norvegicus	GO:0071420	cellular response to histamine	response to stimulus	involved_in	PMID:23497494	RGD	2	6
P25553	aldA	83333	Escherichia coli K-12	GO:0042355	L-fucose catabolic process	metabolic process	acts_upstream_of_or_within	PMID:181364	EcoCyc	2	1
P33232	lldD	83333	Escherichia coli K-12	GO:0042355	L-fucose catabolic process	metabolic process	involved_in	PMID:4595205	EcoCyc	2	2
P26435	Slc10a1	10116	Rattus norvegicus	GO:0015721	bile acid and bile salt transport	localization	involved_in	PMID:28827769	RGD	2	5
Q62735	Nr1h4	10116	Rattus norvegicus	GO:0015721	bile acid and bile salt transport	localization	involved_in	PMID:28827769	RGD	2	16
P27731	TTR	9031	Gallus gallus	GO:0001555	oocyte growth	developmental process	involved_in	PMID:7548118	AgBase	2	1
P41263	RBP4	9031	Gallus gallus	GO:0001555	oocyte growth	developmental process	involved_in	PMID:7548118	AgBase	2	1
P28750	exu	7227	Drosophila melanogaster	GO:0045450	bicoid mRNA localization	developmental process	involved_in	PMID:1752438	FlyBase	2	2
P28840	Pcsk1	10116	Rattus norvegicus	GO:0010157	response to chlorate	response to stimulus	involved_in	PMID:17221210	RGD	2	15
P52947	Pdx1	10116	Rattus norvegicus	GO:0010157	response to chlorate	response to stimulus	involved_in	PMID:17221210	RGD	2	18
P28906	CD34	9606	Homo sapiens	GO:0048870	cell motility	unclassified	involved_in	PMID:17261663	UniProt	2	11
Q557E6	DDB_G0273139	44689	Dictyostelium discoideum	GO:0048870	cell motility	unclassified	acts_upstream_of_or_within	PMID:30975700	dictyBase	2	3
P28906	CD34	9606	Homo sapiens	GO:0061042	vascular wound healing	response to stimulus	involved_in	PMID:20354148	UniProt	2	11
P43121	MCAM	9606	Homo sapiens	GO:0061042	vascular wound healing	response to stimulus	involved_in	PMID:20354148	UniProt	2	2
P28906	CD34	9606	Homo sapiens	GO:0072089	stem cell proliferation	unclassified	involved_in	PMID:17261663	UniProt	2	11
P56706	WNT7B	9606	Homo sapiens	GO:0072089	stem cell proliferation	unclassified	involved_in	PMID:19734317	UniProt	2	7
P29598	Plau	10116	Rattus norvegicus	GO:0072734	cellular response to staurosporine	response to stimulus	involved_in	PMID:19137075	RGD	2	11
Q06496	Slc34a1	10116	Rattus norvegicus	GO:0072734	cellular response to staurosporine	response to stimulus	involved_in	PMID:10332085	RGD	2	20
P29972	AQP1	9606	Homo sapiens	GO:0030157	pancreatic juice secretion	biological regulation	involved_in	PMID:12801959	UniProt	2	6
P55064	AQP5	9606	Homo sapiens	GO:0030157	pancreatic juice secretion	biological regulation	involved_in	PMID:12801959	UniProt	2	2
P30277	Ccnb1	10116	Rattus norvegicus	GO:0046680	response to DDT	response to stimulus	involved_in	PMID:17984292	RGD	2	11
Q9FZH5	PMI2	3702	Arabidopsis thaliana	GO:0046680	response to DDT	response to stimulus	involved_in	PMID:18755683	UniProt	2	9
P30543	Adora2a	10116	Rattus norvegicus	GO:0099171	presynaptic modulation of chemical synaptic transmission	biological regulation	involved_in	PMID:15659214	SynGO	2	3
Q8CFV4	Nrn1	10090	Mus musculus	GO:0099171	presynaptic modulation of chemical synaptic transmission	biological regulation	involved_in	PMID:28475719	SynGO	2	2
P32577	Csk	10116	Rattus norvegicus	GO:0034332	adherens junction organization	unclassified	involved_in	PMID:15389520	RGD	2	2
Q9WUD9	Src	10116	Rattus norvegicus	GO:0034332	adherens junction organization	unclassified	involved_in	PMID:15389520	RGD	2	28
P32738	Chat	10116	Rattus norvegicus	GO:0001547	antral ovarian follicle growth	developmental process	involved_in	PMID:16846505	RGD	2	6
P39949	Ccne1	10116	Rattus norvegicus	GO:0001547	antral ovarian follicle growth	developmental process	involved_in	PMID:17084963	RGD	2	14
P32760	PTN	9031	Gallus gallus	GO:0035989	tendon development	developmental process	involved_in	PMID:19526365	AgBase	2	10
P59101	SCX	9031	Gallus gallus	GO:0035989	tendon development	developmental process	involved_in	PMID:11585810	UniProt	2	4
P34056	Tfap2a	10090	Mus musculus	GO:0007423	sensory organ development	developmental process	involved_in	PMID:7555706	UniProt	2	4
Q61313	Tfap2b	10090	Mus musculus	GO:0007423	sensory organ development	developmental process	involved_in	PMID:7555706	UniProt	2	4
P34056	Tfap2a	10090	Mus musculus	GO:0072210	metanephric nephron development	developmental process	involved_in	PMID:7555706	UniProt	2	4
Q61313	Tfap2b	10090	Mus musculus	GO:0072210	metanephric nephron development	developmental process	involved_in	PMID:7555706	UniProt	2	4
P34082	Fas2	7227	Drosophila melanogaster	GO:0001746	Bolwig's organ morphogenesis	developmental process	involved_in	PMID:9847240	FlyBase	2	1
P48987	ato	7227	Drosophila melanogaster	GO:0001746	Bolwig's organ morphogenesis	developmental process	involved_in	PMID:10704398	FlyBase	2	2
P34926	Map1a	10116	Rattus norvegicus	GO:0099181	structural constituent of presynapse	molecular function	enables	PMID:18971475	SynGO	2	7
P35370	Oprl1	10116	Rattus norvegicus	GO:0042756	drinking behavior	unclassified	involved_in	PMID:18367152	RGD	2	3
Q62923	Pnoc	10116	Rattus norvegicus	GO:0042756	drinking behavior	unclassified	involved_in	PMID:18367152	RGD	2	8
P35428	Hes1	10090	Mus musculus	GO:0072282	metanephric nephron tubule morphogenesis	developmental process	involved_in	PMID:15465493	UniProt	2	6
P70120	Hes5	10090	Mus musculus	GO:0072282	metanephric nephron tubule morphogenesis	developmental process	involved_in	PMID:15465493	UniProt	2	4
P35739	Ntrk1	10116	Rattus norvegicus	GO:0021553	olfactory nerve development	developmental process	involved_in	PMID:8778281	RGD	2	4
Q9JK11	Rtn4	10116	Rattus norvegicus	GO:0021553	olfactory nerve development	developmental process	involved_in	PMID:16262653	RGD	2	3
P37089	Scnn1a	10116	Rattus norvegicus	GO:1901556	response to candesartan	response to stimulus	involved_in	PMID:18305093	RGD	2	14
P37091	Scnn1g	10116	Rattus norvegicus	GO:1901556	response to candesartan	response to stimulus	involved_in	PMID:18305093	RGD	2	14
P37377	Snca	10116	Rattus norvegicus	GO:1904307	response to desipramine	response to stimulus	involved_in	PMID:19818834	RGD	2	3
Q63544	Sncg	10116	Rattus norvegicus	GO:1904307	response to desipramine	response to stimulus	involved_in	PMID:19818834	RGD	2	5
P37769	kduD	83333	Escherichia coli K-12	GO:0019698	D-galacturonate catabolic process	metabolic process	acts_upstream_of_or_within	PMID:23437267	EcoCyc	2	2
Q46938	kduI	83333	Escherichia coli K-12	GO:0019698	D-galacturonate catabolic process	metabolic process	acts_upstream_of_or_within	PMID:23437267	EcoCyc	2	2
P37769	kduD	83333	Escherichia coli K-12	GO:0042840	D-glucuronate catabolic process	metabolic process	acts_upstream_of_or_within	PMID:23437267	EcoCyc	2	2
Q46938	kduI	83333	Escherichia coli K-12	GO:0042840	D-glucuronate catabolic process	metabolic process	acts_upstream_of_or_within	PMID:23437267	EcoCyc	2	2
P39305	ulaE	83333	Escherichia coli K-12	GO:0019852	L-ascorbic acid metabolic process	metabolic process	acts_upstream_of_or_within	PMID:14996803	EcoCyc	2	1
P39306	ulaF	83333	Escherichia coli K-12	GO:0019852	L-ascorbic acid metabolic process	metabolic process	acts_upstream_of_or_within	PMID:14996803	EcoCyc	2	1
P40417	rl	7227	Drosophila melanogaster	GO:0007173	epidermal growth factor receptor signaling pathway	response to stimulus	involved_in	PMID:9729495	FlyBase	2	8
Q9WUD9	Src	10116	Rattus norvegicus	GO:0007173	epidermal growth factor receptor signaling pathway	response to stimulus	involved_in	PMID:15856020	RGD	2	28
P40749	Syt4	10090	Mus musculus	GO:0099012	neuronal dense core vesicle membrane	cellular component	is_active_in	PMID:19136969	SynGO	2	1
Q9R0N5	Syt5	10090	Mus musculus	GO:0099012	neuronal dense core vesicle membrane	cellular component	is_active_in	PMID:12006594	SynGO	2	1
P41221	WNT5A	9606	Homo sapiens	GO:0001837	epithelial to mesenchymal transition	developmental process	involved_in	PMID:12841867	UniProt	2	7
P56705	WNT4	9606	Homo sapiens	GO:0001837	epithelial to mesenchymal transition	developmental process	involved_in	PMID:12841867	UniProt	2	7
P41232	P2ry2	10116	Rattus norvegicus	GO:0071415	cellular response to purine-containing compound	response to stimulus	involved_in	PMID:16831297	RGD	2	9
P43779	tfoX	71421	Haemophilus influenzae Rd KW20	GO:0071415	cellular response to purine-containing compound	response to stimulus	involved_in	PMID:23663205	UniProt	2	1
P41413	Pcsk5	10116	Rattus norvegicus	GO:1990874	vascular associated smooth muscle cell proliferation	unclassified	involved_in	PMID:11181735	RGD	2	4
Q9QYW1	Kcnn4	10116	Rattus norvegicus	GO:1990874	vascular associated smooth muscle cell proliferation	unclassified	involved_in	PMID:21463632	RGD	2	5
P41516	Top2a	10116	Rattus norvegicus	GO:0021707	cerebellar granule cell differentiation	developmental process	involved_in	PMID:11170002	RGD	2	6
P62775	Mtpn	10116	Rattus norvegicus	GO:0021707	cerebellar granule cell differentiation	developmental process	involved_in	PMID:8144589	RGD	2	4
P42626	yhaM	83333	Escherichia coli K-12	GO:1901367	response to L-cysteine	response to stimulus	acts_upstream_of_or_within	PMID:27435271	EcoCyc	2	2
P43135	Nr2f2	10090	Mus musculus	GO:0001945	lymph vessel development	developmental process	involved_in	PMID:19210544	BHF-UCL	2	1
Q91018	PROX1	9031	Gallus gallus	GO:0001945	lymph vessel development	developmental process	involved_in	PMID:11789987	BHF-UCL	2	16
P43322	Nrg1	10116	Rattus norvegicus	GO:0010659	cardiac muscle cell apoptotic process	unclassified	involved_in	PMID:32828943	RGD	2	19
P82995	Hsp90aa1	10116	Rattus norvegicus	GO:0010659	cardiac muscle cell apoptotic process	unclassified	involved_in	PMID:21620734	RGD	2	17
P43322	Nrg1	10116	Rattus norvegicus	GO:1905145	cellular response to acetylcholine	response to stimulus	involved_in	PMID:28350885	RGD	2	19
Q62956	Erbb4	10116	Rattus norvegicus	GO:1905145	cellular response to acetylcholine	response to stimulus	involved_in	PMID:28350885	RGD	2	16
P46002	Ptafr	10116	Rattus norvegicus	GO:1904316	response to 2-O-acetyl-1-O-hexadecyl-sn-glycero-3-phosphocholine	response to stimulus	involved_in	PMID:9065783	RGD	2	9
Q00238	Icam1	10116	Rattus norvegicus	GO:1904316	response to 2-O-acetyl-1-O-hexadecyl-sn-glycero-3-phosphocholine	response to stimulus	involved_in	PMID:20870297	RGD	2	25
P46119	ybjC	83333	Escherichia coli K-12	GO:1901422	response to butan-1-ol	response to stimulus	acts_upstream_of_or_within	PMID:27252779	EcoCyc	2	2
P64574	yghW	83333	Escherichia coli K-12	GO:1901422	response to butan-1-ol	response to stimulus	acts_upstream_of_or_within	PMID:27252779	EcoCyc	2	1
P46601	HAT2	3702	Arabidopsis thaliana	GO:0009734	auxin-activated signaling pathway	response to stimulus	acts_upstream_of_or_within	PMID:12492842	TAIR	2	2
Q6X7J3	WOX11	3702	Arabidopsis thaliana	GO:0009734	auxin-activated signaling pathway	response to stimulus	acts_upstream_of_or_within	PMID:24642937	TAIR	2	1
P46867	Klp68D	7227	Drosophila melanogaster	GO:0008089	anterograde axonal transport	localization	involved_in	PMID:7525600	FlyBase	2	1
Q9WV63	Kif2a	10116	Rattus norvegicus	GO:0008089	anterograde axonal transport	localization	involved_in	PMID:7535303	SynGO	2	1
P47811	Mapk14	10090	Mus musculus	GO:0099179	regulation of synaptic membrane adhesion	biological regulation	involved_in	PMID:17988630	SynGO	2	2
Q9JLS3	Taok2	10116	Rattus norvegicus	GO:0099179	regulation of synaptic membrane adhesion	biological regulation	involved_in	PMID:17988630	SynGO	2	2
P47816	Pdcd2	10116	Rattus norvegicus	GO:0012501	programmed cell death	unclassified	involved_in	PMID:2072913	RGD	2	1
Q62880	Taf9b	10116	Rattus norvegicus	GO:0012501	programmed cell death	unclassified	involved_in	PMID:9168994	RGD	2	2
P48303	S1pr1	10116	Rattus norvegicus	GO:0045446	endothelial cell differentiation	developmental process	involved_in	PMID:7959012	RGD	2	3
P63090	Ptn	10116	Rattus norvegicus	GO:0045446	endothelial cell differentiation	developmental process	involved_in	PMID:20830586	RGD	2	27
P48434	SOX9	9031	Gallus gallus	GO:0003170	heart valve development	developmental process	involved_in	PMID:12351187	UniProt	2	5
P57074	SOX8	9031	Gallus gallus	GO:0003170	heart valve development	developmental process	involved_in	PMID:12351187	UniProt	2	2
P48437	Prox1	10090	Mus musculus	GO:0060059	embryonic retina morphogenesis in camera-type eye	developmental process	involved_in	PMID:12692551	BHF-UCL	2	4
Q92786	PROX1	9606	Homo sapiens	GO:0060059	embryonic retina morphogenesis in camera-type eye	developmental process	involved_in	PMID:12692551	BHF-UCL	2	9
P49799	Rgs4	10116	Rattus norvegicus	GO:1990791	dorsal root ganglion development	developmental process	involved_in	PMID:14550772	RGD	2	4
Q9Z1C8	Rapgef3	10116	Rattus norvegicus	GO:1990791	dorsal root ganglion development	developmental process	involved_in	PMID:18583150	RGD	2	8
P50596	Lep	10116	Rattus norvegicus	GO:0071298	cellular response to L-ascorbic acid	response to stimulus	involved_in	PMID:20400526	RGD	2	17
Q99372	Eln	10116	Rattus norvegicus	GO:0071298	cellular response to L-ascorbic acid	response to stimulus	involved_in	PMID:2859894	RGD	2	10
P51652	Akr1c18	10116	Rattus norvegicus	GO:0097211	cellular response to gonadotropin-releasing hormone	response to stimulus	involved_in	PMID:6778878	RGD	2	6
Q62636	Rap1b	10116	Rattus norvegicus	GO:0097211	cellular response to gonadotropin-releasing hormone	response to stimulus	involved_in	PMID:22127306	RGD	2	2
P51974	Pax8	10116	Rattus norvegicus	GO:0006790	sulfur compound metabolic process	metabolic process	involved_in	PMID:12237116	RGD	2	1
Q5BAX8	sconC	227321	Aspergillus nidulans FGSC A4	GO:0006790	sulfur compound metabolic process	metabolic process	acts_upstream_of_or_within	PMID:11085267	AspGD	2	1
P52172	srp	7227	Drosophila melanogaster	GO:0007503	fat body development	developmental process	involved_in	PMID:8187633	FlyBase	2	3
P52909	Jund	10116	Rattus norvegicus	GO:0050673	epithelial cell proliferation	unclassified	involved_in	PMID:12198703	RGD	2	13
Q9BQ08	RETNLB	9606	Homo sapiens	GO:0050673	epithelial cell proliferation	unclassified	involved_in	PMID:11209052	UniProt	2	1
P53563	Bcl2l1	10116	Rattus norvegicus	GO:1900242	regulation of synaptic vesicle endocytosis	biological regulation	involved_in	PMID:23792689	SynGO	2	23
Q9WVS6	Prkn	10090	Mus musculus	GO:1900242	regulation of synaptic vesicle endocytosis	biological regulation	involved_in	PMID:29311685	SynGO	2	3
P53568	Cebpg	10090	Mus musculus	GO:0030183	B cell differentiation	developmental process	involved_in	PMID:1431100	UniProt	2	1
P55327	TPD52	9606	Homo sapiens	GO:0030183	B cell differentiation	developmental process	involved_in	PMID:15576473	UniProt	2	1
P53777	Mlp60A	7227	Drosophila melanogaster	GO:0060537	muscle tissue development	developmental process	involved_in	PMID:8794860	FlyBase	2	1
Q24400	Mlp84B	7227	Drosophila melanogaster	GO:0060537	muscle tissue development	developmental process	involved_in	PMID:8794860	FlyBase	2	1
P54643	pspD	44689	Dictyostelium discoideum	GO:0030435	sporulation resulting in formation of a cellular spore	developmental process	involved_in	PMID:8174786	dictyBase	2	1
Q04503	cotD	44689	Dictyostelium discoideum	GO:0030435	sporulation resulting in formation of a cellular spore	developmental process	acts_upstream_of_or_within	PMID:8404532	dictyBase	2	1
P56399	Usp5	10090	Mus musculus	GO:0140251	regulation protein catabolic process at presynapse	biological regulation	involved_in	PMID:25189210	SynGO	2	1
Q9WVS6	Prkn	10090	Mus musculus	GO:0140251	regulation protein catabolic process at presynapse	biological regulation	involved_in	PMID:29311685	SynGO	2	3
P56499	Ucp3	10116	Rattus norvegicus	GO:1901557	response to fenofibrate	response to stimulus	involved_in	PMID:11934685	RGD	2	8
Q920R3	Fads1	10116	Rattus norvegicus	GO:1901557	response to fenofibrate	response to stimulus	involved_in	PMID:16099631	RGD	2	6
P58295	Slc6a5	10116	Rattus norvegicus	GO:0098690	glycinergic synapse	cellular component	is_active_in	PMID:19374720	SynGO	2	4
P60778	tsgA	83333	Escherichia coli K-12	GO:0072714	response to selenite ion	response to stimulus	acts_upstream_of_or_within	PMID:11055951	EcoCyc	2	1
Q63495	Ager	10116	Rattus norvegicus	GO:0072714	response to selenite ion	response to stimulus	involved_in	PMID:22476978	RGD	2	20
P60879	Snap25	10090	Mus musculus	GO:0099525	presynaptic dense core vesicle exocytosis	biological regulation	involved_in	PMID:28404788	SynGO	2	1
Q99NE5	Rims1	10090	Mus musculus	GO:0099525	presynaptic dense core vesicle exocytosis	biological regulation	involved_in	PMID:31679900	SynGO	2	2
P61589	Rhoa	10116	Rattus norvegicus	GO:0030335	positive regulation of cell migration	biological regulation	involved_in	PMID:17488779	RGD	2	15
P61589	Rhoa	10116	Rattus norvegicus	GO:0048812	neuron projection morphogenesis	developmental process	involved_in	PMID:17109064	RGD	2	15
P62090	psaC	3702	Arabidopsis thaliana	GO:0015979	photosynthesis	metabolic process	acts_upstream_of_or_within	PMID:10792827	TAIR	2	1
Q55389	ftrC	1111708	Synechocystis sp. PCC 6803 substr. Kazusa	GO:0015979	photosynthesis	metabolic process	involved_in	PMID:19825613	UniProt	2	1
P63011	Rab3a	10090	Mus musculus	GO:0099161	regulation of presynaptic dense core granule exocytosis	biological regulation	involved_in	PMID:31679900	SynGO	2	2
Q62769	Unc13b	10116	Rattus norvegicus	GO:0099161	regulation of presynaptic dense core granule exocytosis	biological regulation	involved_in	PMID:31679900	SynGO	2	1
P63149	Ube2b	10116	Rattus norvegicus	GO:0006511	ubiquitin-dependent protein catabolic process	metabolic process	involved_in	PMID:8048511	RGD	2	3
Q13351	KLF1	9606	Homo sapiens	GO:0006511	ubiquitin-dependent protein catabolic process	metabolic process	involved_in	PMID:24139988	DisProt	2	2
P63159	Hmgb1	10116	Rattus norvegicus	GO:0036343	psychomotor behavior	unclassified	involved_in	PMID:23078219	RGD	2	13
Q63495	Ager	10116	Rattus norvegicus	GO:0036343	psychomotor behavior	unclassified	involved_in	PMID:23078219	RGD	2	20
P69380	fieF	83333	Escherichia coli K-12	GO:0006882	intracellular zinc ion homeostasis	unclassified	involved_in	PMID:11443104	EcoCyc	2	1
Q6R8G7	PHO1;H3	3702	Arabidopsis thaliana	GO:0006882	intracellular zinc ion homeostasis	unclassified	acts_upstream_of_or_within	PMID:24420568	TAIR	2	1
P70587	Lrrc7	10116	Rattus norvegicus	GO:1901424	response to toluene	response to stimulus	involved_in	PMID:19038319	RGD	2	3
Q64680	Cyp2d4	10116	Rattus norvegicus	GO:1901424	response to toluene	response to stimulus	involved_in	PMID:14703099	RGD	2	2
P70658	Cxcr4	10090	Mus musculus	GO:0048699	generation of neurons	developmental process	involved_in	PMID:20882566	DFLAT	2	2
Q9QXS6	Dbn1	10090	Mus musculus	GO:0048699	generation of neurons	developmental process	involved_in	PMID:20882566	DFLAT	2	2
P70658	Cxcr4	10090	Mus musculus	GO:0061351	neural precursor cell proliferation	unclassified	involved_in	PMID:20882566	DFLAT	2	2
Q9QXS6	Dbn1	10090	Mus musculus	GO:0061351	neural precursor cell proliferation	unclassified	involved_in	PMID:20882566	DFLAT	2	2
P78329	CYP4F2	9606	Homo sapiens	GO:0003095	pressure natriuresis	biological regulation	involved_in	PMID:10660572	UniProt	2	3
Q02928	CYP4A11	9606	Homo sapiens	GO:0003095	pressure natriuresis	biological regulation	involved_in	PMID:10660572	UniProt	2	3
P81066	Irx2	10090	Mus musculus	GO:0072272	proximal/distal pattern formation involved in metanephric nephron development	developmental process	involved_in	PMID:17875669	UniProt	2	3
P81068	Irx1	10090	Mus musculus	GO:0072272	proximal/distal pattern formation involved in metanephric nephron development	developmental process	involved_in	PMID:17875669	UniProt	2	3
P81563	Mmp1	10116	Rattus norvegicus	GO:0071680	response to indole-3-methanol	response to stimulus	involved_in	PMID:20880187	RGD	2	15
Q64678	Cyp1b1	10116	Rattus norvegicus	GO:0071680	response to indole-3-methanol	response to stimulus	involved_in	PMID:11719698	RGD	2	19
P85067	P85067	6610	Sepia officinalis	GO:0019953	sexual reproduction	unclassified	involved_in	PMID:16434122	UniProt	2	1
P85069	P85069	6610	Sepia officinalis	GO:0019953	sexual reproduction	unclassified	involved_in	PMID:16434122	UniProt	2	1
P91645	cac	7227	Drosophila melanogaster	GO:0042045	epithelial fluid transport	localization	involved_in	PMID:11208535	FlyBase	2	1
Q24270	Ca-alpha1D	7227	Drosophila melanogaster	GO:0042045	epithelial fluid transport	localization	involved_in	PMID:11208535	FlyBase	2	1
P93735	ELIP1	3702	Arabidopsis thaliana	GO:0071490	cellular response to far red light	response to stimulus	involved_in	PMID:11706180	UniProt	2	9
Q94K66	ELIP2	3702	Arabidopsis thaliana	GO:0071490	cellular response to far red light	response to stimulus	involved_in	PMID:11706180	UniProt	2	11
P97401	Frzb	10090	Mus musculus	GO:0014033	neural crest cell differentiation	developmental process	involved_in	PMID:10654605	BHF-UCL	2	2
Q2VUE0	Brn-1	93934	Coturnix japonica	GO:0014033	neural crest cell differentiation	developmental process	involved_in	PMID:16498618	UniProt	2	4
P97427	Crmp1	10090	Mus musculus	GO:0071526	semaphorin-plexin signaling pathway	response to stimulus	involved_in	PMID:25358863	WB	2	4
Q8BTM8	Flna	10090	Mus musculus	GO:0071526	semaphorin-plexin signaling pathway	response to stimulus	involved_in	PMID:25358863	WB	2	1
P97523	Met	10116	Rattus norvegicus	GO:0021953	central nervous system neuron differentiation	developmental process	involved_in	PMID:18262389	RGD	2	14
Q62288	Spock1	10090	Mus musculus	GO:0021953	central nervous system neuron differentiation	developmental process	involved_in	PMID:10640720	UniProt	2	3
P97636	Il18	10116	Rattus norvegicus	GO:0032731	positive regulation of interleukin-1 beta production	biological regulation	involved_in	PMID:17623049	RGD	2	14
Q5GR02	TLR5	9031	Gallus gallus	GO:0032731	positive regulation of interleukin-1 beta production	biological regulation	involved_in	PMID:15784580	Roslin_Institute	2	1
P97769	Cited1	10090	Mus musculus	GO:0030318	melanocyte differentiation	developmental process	involved_in	PMID:8901575	UniProt	2	3
Q99966	CITED1	9606	Homo sapiens	GO:0030318	melanocyte differentiation	developmental process	involved_in	PMID:8901575	UniProt	2	2
P97769	Cited1	10090	Mus musculus	GO:0043473	pigmentation	unclassified	involved_in	PMID:8901575	UniProt	2	3
Q99966	CITED1	9606	Homo sapiens	GO:0043473	pigmentation	unclassified	involved_in	PMID:8901575	UniProt	2	2
P98161	PKD1	9606	Homo sapiens	GO:0060428	lung epithelium development	developmental process	involved_in	PMID:11891195	UniProt	2	14
Q92949	FOXJ1	9606	Homo sapiens	GO:0060428	lung epithelium development	developmental process	involved_in	PMID:9530170	BHF-UCL	2	3
P9WJB7	espR	83332	Mycobacterium tuberculosis H37Rv	GO:0052572	response to host immune response	response to stimulus	involved_in	PMID:18685700	MTBBASE	2	1
P9WQP1	fbpB	83332	Mycobacterium tuberculosis H37Rv	GO:0052572	response to host immune response	response to stimulus	involved_in	PMID:11169120	MTBBASE	2	1
Q00959	Grin2a	10116	Rattus norvegicus	GO:0090648	response to environmental enrichment	response to stimulus	involved_in	PMID:26679226	RGD	2	32
Q6IN02	Ppp1r15a	10116	Rattus norvegicus	GO:0090648	response to environmental enrichment	response to stimulus	involved_in	PMID:23644055	RGD	2	17
Q01295	br	7227	Drosophila melanogaster	GO:0007562	eclosion	developmental process	involved_in	PMID:12464428	FlyBase	2	1
Q24206	br	7227	Drosophila melanogaster	GO:0007562	eclosion	developmental process	involved_in	PMID:12464428	FlyBase	2	1
Q03061	Crem	10116	Rattus norvegicus	GO:0006006	glucose metabolic process	metabolic process	involved_in	PMID:14534319	RGD	2	4
Q8R4Z1	Serpina12	10116	Rattus norvegicus	GO:0006006	glucose metabolic process	metabolic process	involved_in	PMID:16030142	RGD	2	1
Q03061	Crem	10116	Rattus norvegicus	GO:0048384	retinoic acid receptor signaling pathway	response to stimulus	involved_in	PMID:15725648	RGD	2	4
Q06518	Nos2	10116	Rattus norvegicus	GO:0048384	retinoic acid receptor signaling pathway	response to stimulus	involved_in	PMID:15602748	RGD	2	19
Q03134	aciA	227321	Aspergillus nidulans FGSC A4	GO:0006083	acetate metabolic process	metabolic process	acts_upstream_of_or_within	PMID:1465107	AspGD	2	1
Q96UL8	acuF	227321	Aspergillus nidulans FGSC A4	GO:0006083	acetate metabolic process	metabolic process	acts_upstream_of_or_within	PMID:11741859	AspGD	2	1
Q05030	Pdgfrb	10116	Rattus norvegicus	GO:0072075	metanephric mesenchyme development	developmental process	involved_in	PMID:10734101	UniProt	2	14
Q13563	PKD2	9606	Homo sapiens	GO:0072075	metanephric mesenchyme development	developmental process	involved_in	PMID:11891195	UniProt	2	17
Q06393	Clcnka	10116	Rattus norvegicus	GO:0007589	body fluid secretion	biological regulation	involved_in	PMID:7680033	RGD	2	4
Q9EQZ1	Tsc22d3	10116	Rattus norvegicus	GO:0007589	body fluid secretion	biological regulation	involved_in	PMID:12707381	RGD	2	1
Q06518	Nos2	10116	Rattus norvegicus	GO:0001935	endothelial cell proliferation	unclassified	involved_in	PMID:15800493	RGD	2	19
Q10739	Mmp14	10116	Rattus norvegicus	GO:0001935	endothelial cell proliferation	unclassified	involved_in	PMID:14766216	RGD	2	12
Q06826	Bmp4	10116	Rattus norvegicus	GO:0043587	tongue morphogenesis	developmental process	involved_in	PMID:16828469	RGD	2	16
Q6IFV4	Krt13	10116	Rattus norvegicus	GO:0043587	tongue morphogenesis	developmental process	involved_in	PMID:16271699	RGD	2	2
Q07969	Cd36	10116	Rattus norvegicus	GO:0001893	maternal placenta development	developmental process	involved_in	PMID:24391823	RGD	2	11
Q9P2F5	STOX2	9606	Homo sapiens	GO:0001893	maternal placenta development	developmental process	involved_in	PMID:20643876	UniProt	2	2
Q08479	ADK-A	39947	Oryza sativa Japonica Group	GO:0006163	purine nucleotide metabolic process	metabolic process	involved_in	PMID:1302636	GR	2	1
Q08480	ADK-B	39947	Oryza sativa Japonica Group	GO:0006163	purine nucleotide metabolic process	metabolic process	involved_in	PMID:1302636	GR	2	1
Q08695	mst101(1)	7224	Drosophila hydei	GO:0007288	sperm axoneme assembly	developmental process	involved_in	PMID:8150205	UniProt	2	1
Q08696	mst101(2)	7224	Drosophila hydei	GO:0007288	sperm axoneme assembly	developmental process	involved_in	PMID:7957199	UniProt	2	1
Q13351	KLF1	9606	Homo sapiens	GO:0031648	protein destabilization	biological regulation	involved_in	PMID:24139988	DisProt	2	2
Q9SY88	CSU1	3702	Arabidopsis thaliana	GO:0031648	protein destabilization	biological regulation	acts_upstream_of_or_within	PMID:24838976	TAIR	2	1
Q14683	SMC1A	9606	Homo sapiens	GO:0009314	response to radiation	response to stimulus	involved_in	PMID:11877377	UniProt	2	1
Q9LKI5	UVH1	3702	Arabidopsis thaliana	GO:0009314	response to radiation	response to stimulus	acts_upstream_of_or_within	PMID:15133154	TAIR	2	2
Q22720	gap-1	6239	Caenorhabditis elegans	GO:0046580	negative regulation of Ras protein signal transduction	biological regulation	involved_in	PMID:9334333	UniProt	2	1
Q8MLZ5	gap-2	6239	Caenorhabditis elegans	GO:0046580	negative regulation of Ras protein signal transduction	biological regulation	involved_in	PMID:9619631	UniProt	2	1
Q38960	LWD2	3702	Arabidopsis thaliana	GO:0043153	entrainment of circadian clock by photoperiod	response to stimulus	acts_upstream_of_or_within	PMID:18676661	TAIR	2	1
Q9LPV9	LWD1	3702	Arabidopsis thaliana	GO:0043153	entrainment of circadian clock by photoperiod	response to stimulus	acts_upstream_of_or_within	PMID:18676661	TAIR	2	1
Q39219	AOX1A	3702	Arabidopsis thaliana	GO:0031930	mitochondria-nucleus signaling pathway	response to stimulus	acts_upstream_of_or_within	PMID:19482916	TAIR	2	1
Q9FLR1	MYB29	3702	Arabidopsis thaliana	GO:0031930	mitochondria-nucleus signaling pathway	response to stimulus	acts_upstream_of_or_within	PMID:28167700	TAIR	2	5
Q3L248	WNT16	9031	Gallus gallus	GO:0003408	optic cup formation involved in camera-type eye development	developmental process	involved_in	PMID:16258938	BHF-UCL	2	1
Q9YGX6	Q9YGX6	9031	Gallus gallus	GO:0003408	optic cup formation involved in camera-type eye development	developmental process	involved_in	PMID:16258938	BHF-UCL	2	2
Q3ZAV1	Slc22a12	10116	Rattus norvegicus	GO:0097744	renal urate salt excretion	unclassified	involved_in	PMID:28679589	RGD	2	2
Q80W57	Abcg2	10116	Rattus norvegicus	GO:0097744	renal urate salt excretion	unclassified	involved_in	PMID:28679589	RGD	2	9
Q43714	CAD1-A	29729	Gossypium arboreum	GO:0048442	sepal development	developmental process	involved_in	PMID:15133151	AgBase	2	4
Q6R8H1	Q6R8H1	29729	Gossypium arboreum	GO:0048442	sepal development	developmental process	involved_in	PMID:15133151	AgBase	2	4
Q43714	CAD1-A	29729	Gossypium arboreum	GO:0048480	stigma development	developmental process	involved_in	PMID:15133151	AgBase	2	4
Q6R8H1	Q6R8H1	29729	Gossypium arboreum	GO:0048480	stigma development	developmental process	involved_in	PMID:15133151	AgBase	2	4
Q4V5I9	CG14757	7227	Drosophila melanogaster	GO:0055070	copper ion homeostasis	unclassified	involved_in	PMID:17216353	FlyBase	2	1
Q9VSH0	CG7194	7227	Drosophila melanogaster	GO:0055070	copper ion homeostasis	unclassified	involved_in	PMID:17216353	FlyBase	2	1
Q582K8	Tb07.10C21.20	185431	Trypanosoma brucei brucei TREU927	GO:0050793	regulation of developmental process	biological regulation	acts_upstream_of_or_within	PMID:19444208	GeneDB	2	1
Q582K9	Tb07.10C21.10	185431	Trypanosoma brucei brucei TREU927	GO:0050793	regulation of developmental process	biological regulation	acts_upstream_of_or_within	PMID:19444208	GeneDB	2	1
Q5HZ36	GATA21	3702	Arabidopsis thaliana	GO:0010187	negative regulation of seed germination	biological regulation	acts_upstream_of_or_within	PMID:20844019	TAIR	2	7
Q9SZI6	GATA22	3702	Arabidopsis thaliana	GO:0010187	negative regulation of seed germination	biological regulation	acts_upstream_of_or_within	PMID:20844019	TAIR	2	12
Q60597	Ogdh	10090	Mus musculus	GO:0021860	pyramidal neuron development	developmental process	involved_in	PMID:16901643	UniProt	2	7
Q9CQ69	Uqcrq	10090	Mus musculus	GO:0021860	pyramidal neuron development	developmental process	involved_in	PMID:16901643	UniProt	2	8
Q60597	Ogdh	10090	Mus musculus	GO:0061034	olfactory bulb mitral cell layer development	developmental process	involved_in	PMID:16901643	UniProt	2	7
Q6GQS8	Gm21093	10090	Mus musculus	GO:0061034	olfactory bulb mitral cell layer development	developmental process	involved_in	PMID:16901643	UniProt	2	5
Q61483	Dll1	10090	Mus musculus	GO:0072070	loop of Henle development	developmental process	involved_in	PMID:15821257	UniProt	2	3
Q9QXX0	Jag1	10090	Mus musculus	GO:0072070	loop of Henle development	developmental process	involved_in	PMID:15821257	UniProt	2	2
Q62959	Lepr	10116	Rattus norvegicus	GO:0071311	cellular response to acetate	response to stimulus	involved_in	PMID:12928006	RGD	2	13
Q8GXJ4	GLR3.4	3702	Arabidopsis thaliana	GO:0071311	cellular response to acetate	response to stimulus	involved_in	PMID:15864638	UniProt	2	5
Q63184	Eif2ak2	10116	Rattus norvegicus	GO:0043330	response to exogenous dsRNA	response to stimulus	involved_in	PMID:15920723	RGD	2	2
Q9R141	Slc22a4	10116	Rattus norvegicus	GO:0043330	response to exogenous dsRNA	response to stimulus	involved_in	PMID:31951958	RGD	2	5
Q63341	Mmp12	10116	Rattus norvegicus	GO:0050679	positive regulation of epithelial cell proliferation	biological regulation	involved_in	PMID:15802269	RGD	2	3
Q63495	Ager	10116	Rattus norvegicus	GO:0051595	response to methylglyoxal	response to stimulus	involved_in	PMID:22425979	RGD	2	20
Q9XI31	GLYI4	3702	Arabidopsis thaliana	GO:0051595	response to methylglyoxal	response to stimulus	involved_in	PMID:31652571	UniProt	2	10
Q63584	Tmed10	10116	Rattus norvegicus	GO:0048193	Golgi vesicle transport	localization	involved_in	PMID:17101722	HGNC-UCL	2	4
Q9D1D4	Tmed10	10090	Mus musculus	GO:0048193	Golgi vesicle transport	localization	involved_in	PMID:17101722	HGNC-UCL	2	2
Q64704	Stx3	10090	Mus musculus	GO:0098967	exocytic insertion of neurotransmitter receptor to postsynaptic membrane	biological regulation	involved_in	PMID:23395379	SynGO	2	4
Q6GQS8	Gm21093	10090	Mus musculus	GO:0021680	cerebellar Purkinje cell layer development	developmental process	involved_in	PMID:16901643	UniProt	2	5
Q9CQ69	Uqcrq	10090	Mus musculus	GO:0021680	cerebellar Purkinje cell layer development	developmental process	involved_in	PMID:16901643	UniProt	2	8
Q6P6T1	C1s	10116	Rattus norvegicus	GO:0010001	glial cell differentiation	developmental process	involved_in	PMID:9524231	RGD	2	2
Q9VLA2	gcm2	7227	Drosophila melanogaster	GO:0010001	glial cell differentiation	developmental process	involved_in	PMID:12167411	UniProt	2	3
Q6PAK3	Prmt8	10090	Mus musculus	GO:1905274	regulation of modification of postsynaptic actin cytoskeleton	biological regulation	involved_in	PMID:32521269	SynGO	2	1
Q8BWT5	Dip2a	10090	Mus musculus	GO:1905274	regulation of modification of postsynaptic actin cytoskeleton	biological regulation	involved_in	PMID:31600191	SynGO	2	3
Q6R0G4	RVE4	3702	Arabidopsis thaliana	GO:0048512	circadian behavior	unclassified	involved_in	PMID:38481435	UniProt	2	2
Q8RWU3	RVE8	3702	Arabidopsis thaliana	GO:0048512	circadian behavior	unclassified	involved_in	PMID:38481435	UniProt	2	2
Q6WVP6	Q6WVP6	6183	Schistosoma mansoni	GO:0051701	biological process involved in interaction with host	unclassified	involved_in	PMID:18723022	UniProt	2	2
Q6ZPR4	Kcnt1	10090	Mus musculus	GO:0060078	regulation of postsynaptic membrane potential	biological regulation	involved_in	PMID:34664085	SynGO	2	2
Q9Z218	Dpp6	10090	Mus musculus	GO:0060078	regulation of postsynaptic membrane potential	biological regulation	involved_in	PMID:21943606	SynGO	2	1
Q800E4	notch3	7955	Danio rerio	GO:0050768	negative regulation of neurogenesis	biological regulation	acts_upstream_of_or_within	PMID:20534844	ZFIN	2	2
Q9IAB2	cbfa2t2	8355	Xenopus laevis	GO:0050768	negative regulation of neurogenesis	biological regulation	involved_in	PMID:12385752	UniProt	2	2
Q80U96	Xpo1	10116	Rattus norvegicus	GO:0071401	cellular response to triglyceride	response to stimulus	involved_in	PMID:27013579	RGD	2	3
Q80U96	Xpo1	10116	Rattus norvegicus	GO:1902075	cellular response to salt	response to stimulus	involved_in	PMID:27013579	RGD	2	3
Q9M172	NPF2.5	3702	Arabidopsis thaliana	GO:1902075	cellular response to salt	response to stimulus	acts_upstream_of_or_within	PMID:28111585	TAIR	2	1
Q80UP3	Dgkz	10090	Mus musculus	GO:0099562	maintenance of postsynaptic density structure	unclassified	involved_in	PMID:19229292	SynGO	2	4
Q80XX4	Mustn1	10116	Rattus norvegicus	GO:0030326	embryonic limb morphogenesis	developmental process	involved_in	PMID:14718386	RGD	2	1
Q9JKP5	Mbnl1	10090	Mus musculus	GO:0030326	embryonic limb morphogenesis	developmental process	involved_in	PMID:12915312	UniProt	2	3
Q80Z29	Nampt	10116	Rattus norvegicus	GO:1905377	response to D-galactose	response to stimulus	involved_in	PMID:28163205	RGD	2	6
Q8R500	Mfn2	10116	Rattus norvegicus	GO:1905377	response to D-galactose	response to stimulus	involved_in	PMID:28302704	RGD	2	24
Q811V4	Sry	10116	Rattus norvegicus	GO:0030238	male sex determination	developmental process	involved_in	PMID:8430080	RGD	2	1
Q811V5	Sry	10116	Rattus norvegicus	GO:0030238	male sex determination	developmental process	involved_in	PMID:8430080	RGD	2	1
Q83WB2	phoU	636	Edwardsiella tarda	GO:0030643	intracellular phosphate ion homeostasis	unclassified	involved_in	PMID:21953460	UniProt	2	1
Q9SCX8	PAP17	3702	Arabidopsis thaliana	GO:0030643	intracellular phosphate ion homeostasis	unclassified	acts_upstream_of_or_within	PMID:10504579	TAIR	2	2
Q84TF4	GRXS13	3702	Arabidopsis thaliana	GO:0080183	response to photooxidative stress	response to stimulus	acts_upstream_of_or_within	PMID:21963612	TAIR	2	2
Q9C9Q4	JAC1	3702	Arabidopsis thaliana	GO:0080183	response to photooxidative stress	response to stimulus	acts_upstream_of_or_within	PMID:32849690	TAIR	2	1
Q8C0J2	Atg16l1	10090	Mus musculus	GO:0098930	axonal transport	localization	involved_in	PMID:32210230	SynGO	2	2
Q99J83	Atg5	10090	Mus musculus	GO:0098930	axonal transport	localization	involved_in	PMID:32210230	SynGO	2	2
Q8CHG7	Rapgef2	10090	Mus musculus	GO:0099159	regulation of modification of postsynaptic structure	biological regulation	involved_in	PMID:26490870	SynGO	2	2
Q91YE3	Egln1	10090	Mus musculus	GO:0099159	regulation of modification of postsynaptic structure	biological regulation	involved_in	PMID:26972007	SynGO	2	4
Q8H8V7	RCN1	39947	Oryza sativa Japonica Group	GO:0010345	suberin biosynthetic process	metabolic process	involved_in	PMID:25041515	UniProt	2	11
Q9SCV4	BGAL8	3702	Arabidopsis thaliana	GO:0010345	suberin biosynthetic process	metabolic process	involved_in	PMID:39793584	TAIR	2	1
Q8N423	LILRB2	9606	Homo sapiens	GO:0140105	interleukin-10-mediated signaling pathway	response to stimulus	involved_in	PMID:17163451	ARUK-UCL	2	1
Q8NHJ6	LILRB4	9606	Homo sapiens	GO:0140105	interleukin-10-mediated signaling pathway	response to stimulus	involved_in	PMID:17163451	ARUK-UCL	2	1
Q8TEB9	RHBDD1	9606	Homo sapiens	GO:0034620	cellular response to unfolded protein	response to stimulus	involved_in	PMID:22795130	ParkinsonsUK-UCL	2	1
Q8VD04	Gripap1	10090	Mus musculus	GO:0099152	regulation of neurotransmitter receptor transport, endosome to postsynaptic membrane	biological regulation	involved_in	PMID:28285821	SynGO	2	4
Q8VYR7	BOR1	3702	Arabidopsis thaliana	GO:0010036	response to boron-containing substance	response to stimulus	involved_in	PMID:16103374	UniProt	2	1
Q9SV84	NIP5-1	3702	Arabidopsis thaliana	GO:0010036	response to boron-containing substance	response to stimulus	acts_upstream_of_or_within	PMID:16679457	TAIR	2	3
Q90Z44	Q90Z44	9031	Gallus gallus	GO:0051451	myoblast migration	unclassified	involved_in	PMID:11472852	AgBase	2	4
Q90Z45	Q90Z45	9031	Gallus gallus	GO:0051451	myoblast migration	unclassified	involved_in	PMID:11472852	AgBase	2	4
Q91018	PROX1	9031	Gallus gallus	GO:0070309	lens fiber cell morphogenesis	developmental process	involved_in	PMID:11850194	BHF-UCL	2	16
Q92786	PROX1	9606	Homo sapiens	GO:0070309	lens fiber cell morphogenesis	developmental process	involved_in	PMID:11850194	BHF-UCL	2	9
Q91UZ1	Plcb4	10090	Mus musculus	GO:0005790	smooth endoplasmic reticulum	cellular component	is_active_in	PMID:15579147	SynGO	2	5
Q91ZD1	Osr2	10090	Mus musculus	GO:0035115	embryonic forelimb morphogenesis	developmental process	involved_in	PMID:11520675	UniProt	2	5
Q923T4	Zfp358	10090	Mus musculus	GO:0035115	embryonic forelimb morphogenesis	developmental process	involved_in	PMID:12036583	UniProt	2	3
Q920P6	Ada	10116	Rattus norvegicus	GO:0045187	regulation of circadian sleep/wake cycle, sleep	biological regulation	involved_in	PMID:11038259	RGD	2	5
Q9JLN4	Pglyrp1	10116	Rattus norvegicus	GO:0045187	regulation of circadian sleep/wake cycle, sleep	biological regulation	involved_in	PMID:11145837	RGD	2	1
Q93Y07	SFR2	3702	Arabidopsis thaliana	GO:0050826	response to freezing	response to stimulus	involved_in	PMID:15258268	UniProt	2	1
Q99013	Q99013	8265	Pseudopleuronectes americanus	GO:0050826	response to freezing	response to stimulus	involved_in	PMID:3769927	UniProt	2	2
Q940X9	LARP1A	3702	Arabidopsis thaliana	GO:0070370	cellular heat acclimation	response to stimulus	acts_upstream_of_or_within	PMID:24332370	TAIR	2	1
Q9FQ04	XRN4	3702	Arabidopsis thaliana	GO:0070370	cellular heat acclimation	response to stimulus	acts_upstream_of_or_within	PMID:24332370	TAIR	2	1
Q95RW8	Optix	7227	Drosophila melanogaster	GO:0048749	compound eye development	developmental process	involved_in	PMID:9724757	FlyBase	2	1
Q9U6A0	Nckx30C	7227	Drosophila melanogaster	GO:0048749	compound eye development	developmental process	involved_in	PMID:12502573	FlyBase	2	1
Q9C5Q9	PP2A5	3702	Arabidopsis thaliana	GO:0032260	response to jasmonic acid stimulus involved in jasmonic acid and ethylene-dependent systemic resistance	response to stimulus	acts_upstream_of_or_within	PMID:30765478	TAIR	2	3
Q9C9D0	SOT16	3702	Arabidopsis thaliana	GO:0032260	response to jasmonic acid stimulus involved in jasmonic acid and ethylene-dependent systemic resistance	response to stimulus	acts_upstream_of_or_within	PMID:15358770	TAIR	2	1
Q9CPW0	Cntnap2	10090	Mus musculus	GO:0021761	limbic system development	developmental process	involved_in	PMID:18179895	BHF-UCL	2	1
Q9UHC6	CNTNAP2	9606	Homo sapiens	GO:0021761	limbic system development	developmental process	involved_in	PMID:18179895	BHF-UCL	2	6
Q9EPL2	Clstn1	10090	Mus musculus	GO:0098969	neurotransmitter receptor transport to postsynaptic membrane	biological regulation	involved_in	PMID:24966372	SynGO	2	3
Q9ES21	Sacm1l	10116	Rattus norvegicus	GO:0098969	neurotransmitter receptor transport to postsynaptic membrane	biological regulation	involved_in	PMID:23838184	SynGO	2	2
Q9FIW9	ZHD10	3702	Arabidopsis thaliana	GO:0001173	DNA-templated transcriptional start site selection	metabolic process	acts_upstream_of_or_within	PMID:29686058	TAIR	2	3
Q9FIX7	TZP	3702	Arabidopsis thaliana	GO:0001173	DNA-templated transcriptional start site selection	metabolic process	acts_upstream_of_or_within	PMID:29686058	TAIR	2	1
Q9LV56	CGL20B	3702	Arabidopsis thaliana	GO:0032544	plastid translation	metabolic process	acts_upstream_of_or_within	PMID:31937683	TAIR	2	2
Q9SII4	CGL20A	3702	Arabidopsis thaliana	GO:0032544	plastid translation	metabolic process	acts_upstream_of_or_within	PMID:31937683	TAIR	2	2
Q9LV56	CGL20B	3702	Arabidopsis thaliana	GO:1901259	chloroplast rRNA processing	metabolic process	acts_upstream_of_or_within	PMID:31937683	TAIR	2	2
Q9SII4	CGL20A	3702	Arabidopsis thaliana	GO:1901259	chloroplast rRNA processing	metabolic process	acts_upstream_of_or_within	PMID:31937683	TAIR	2	2
Q9LYU3	ERF113	3702	Arabidopsis thaliana	GO:0071497	cellular response to freezing	response to stimulus	acts_upstream_of_or_within	PMID:21069430	TAIR	2	6
Q9SFE4	ERF012	3702	Arabidopsis thaliana	GO:0071497	cellular response to freezing	response to stimulus	acts_upstream_of_or_within	PMID:21069430	TAIR	2	4
Q9M1V9	LFG2	3702	Arabidopsis thaliana	GO:0009742	brassinosteroid mediated signaling pathway	response to stimulus	acts_upstream_of_or_within	PMID:19202280	TAIR	2	1
Q9M2H7	PEL2	3702	Arabidopsis thaliana	GO:0070481	nuclear-transcribed mRNA catabolic process, non-stop decay	biological regulation	acts_upstream_of_or_within	PMID:30107878	TAIR	2	2
Q9ZT87	PEL1	3702	Arabidopsis thaliana	GO:0070481	nuclear-transcribed mRNA catabolic process, non-stop decay	biological regulation	acts_upstream_of_or_within	PMID:30107878	TAIR	2	2
Q9M2H7	PEL2	3702	Arabidopsis thaliana	GO:0070966	nuclear-transcribed mRNA catabolic process, no-go decay	biological regulation	acts_upstream_of_or_within	PMID:30107878	TAIR	2	2
Q9ZT87	PEL1	3702	Arabidopsis thaliana	GO:0070966	nuclear-transcribed mRNA catabolic process, no-go decay	biological regulation	acts_upstream_of_or_within	PMID:30107878	TAIR	2	2
Q9QXX0	Jag1	10090	Mus musculus	GO:0072017	distal tubule development	developmental process	involved_in	PMID:15821257	UniProt	2	2
Q9QYK2	Ppargc1a	10116	Rattus norvegicus	GO:0006012	galactose metabolic process	metabolic process	involved_in	PMID:23022596	RGD	2	50
Q9R1X4	Timeless	10090	Mus musculus	GO:0002009	morphogenesis of an epithelium	developmental process	involved_in	PMID:10963667	UniProt	2	3
Q9Z2Y1	Timeless	10116	Rattus norvegicus	GO:0002009	morphogenesis of an epithelium	developmental process	involved_in	PMID:10963667	UniProt	2	1
Q9SAI4	NIP6-1	3702	Arabidopsis thaliana	GO:0080029	cellular response to boron-containing substance levels	response to stimulus	acts_upstream_of_or_within	PMID:18952773	TAIR	2	1
Q9SV84	NIP5-1	3702	Arabidopsis thaliana	GO:0080029	cellular response to boron-containing substance levels	response to stimulus	acts_upstream_of_or_within	PMID:18952773	TAIR	2	3
Q9SB47	SIC	3702	Arabidopsis thaliana	GO:0009649	entrainment of circadian clock	response to stimulus	acts_upstream_of_or_within	PMID:27624757	TAIR	2	2
Q9WVS9	Clock	10116	Rattus norvegicus	GO:0009649	entrainment of circadian clock	response to stimulus	involved_in	PMID:10095082	RGD	2	4
Q9W0K4	bab2	7227	Drosophila melanogaster	GO:0007455	eye-antennal disc morphogenesis	developmental process	involved_in	PMID:11973274	UniProt	2	2
Q9W0K7	bab1	7227	Drosophila melanogaster	GO:0007455	eye-antennal disc morphogenesis	developmental process	involved_in	PMID:11973274	UniProt	2	2
Q9W0K4	bab2	7227	Drosophila melanogaster	GO:0007478	leg disc morphogenesis	developmental process	involved_in	PMID:11973274	UniProt	2	2
Q9W0K7	bab1	7227	Drosophila melanogaster	GO:0007478	leg disc morphogenesis	developmental process	involved_in	PMID:11973274	UniProt	2	2
Q9W4B3	Vsx2	7227	Drosophila melanogaster	GO:0001748	insect visual primordium development	developmental process	involved_in	PMID:18723351	FlyBase	2	1
X2JDS9	Vsx2	7227	Drosophila melanogaster	GO:0001748	insect visual primordium development	developmental process	involved_in	PMID:18723351	FlyBase	2	1
Q9WIK7	Q9WIK7	3052230	Orthohepacivirus hominis	GO:0019079	viral genome replication	unclassified	involved_in	PMID:26085105	DisProt	2	1
Q9WMX2	Q9WMX2	333284	Hepatitis C virus (isolate Con1)	GO:0019079	viral genome replication	unclassified	involved_in	PMID:26085105	DisProt	2	1
Q9WUA5	Epm2a	10090	Mus musculus	GO:0004373	alpha-1,4-glucan glucosyltransferase (UDP-glucose donor) activity	molecular function	enables	PMID:18852261	MGI	2	3
URS000075C4C4_10116	Rattus norvegicus H19 imprinted maternally expressed transcript (H19)	10116	Rattus norvegicus	GO:0060231	mesenchymal to epithelial transition	developmental process	involved_in	PMID:10862152	RGD	2	10
URS0000CD0288_10116	Rattus norvegicus H19, imprinted maternally expressed transcript (H19)	10116	Rattus norvegicus	GO:0060231	mesenchymal to epithelial transition	developmental process	involved_in	PMID:10862152	RGD	2	10
A0A0G2JVC1	Mdm2	10116	Rattus norvegicus	GO:0071301	cellular response to vitamin B1	response to stimulus	involved_in	PMID:15656374	RGD	1	17
A0A0G2JZ79	Sirt1	10116	Rattus norvegicus	GO:0071303	cellular response to vitamin B3	response to stimulus	involved_in	PMID:23555824	RGD	1	13
A0A0G2K1L0	Tnc	10116	Rattus norvegicus	GO:0071799	cellular response to prostaglandin D stimulus	response to stimulus	involved_in	PMID:10502285	RGD	1	7
A0A0G2K2P5	Tjp1	10116	Rattus norvegicus	GO:0043116	negative regulation of vascular permeability	biological regulation	involved_in	PMID:20137299	RGD	1	7
A0A0G2K344	Pik3ca	10116	Rattus norvegicus	GO:1903544	response to butyrate	response to stimulus	involved_in	PMID:24124592	RGD	1	5
A0A0N9NCU6	yopJ	633	Yersinia pseudotuberculosis	GO:0046329	negative regulation of JNK cascade	biological regulation	involved_in	PMID:9535085	CACAO	1	2
A0A0N9NCU6	yopJ	633	Yersinia pseudotuberculosis	GO:1903753	negative regulation of p38MAPK cascade	biological regulation	involved_in	PMID:9535085	CACAO	1	2
A0A1D8PCN0	GAL10	237561	Candida albicans SC5314	GO:0019388	galactose catabolic process	metabolic process	involved_in	PMID:17178245	CGD	1	1
A0A1D8PJZ1	RAD53	237561	Candida albicans SC5314	GO:0042770	signal transduction in response to DNA damage	response to stimulus	involved_in	PMID:41051314	CGD	1	1
A0A1D8PMG7	HOS1	237561	Candida albicans SC5314	GO:0006696	ergosterol biosynthetic process	metabolic process	involved_in	PMID:40112660	CGD	1	4
A0A1D8PMG7	HOS1	237561	Candida albicans SC5314	GO:0010906	regulation of glucose metabolic process	biological regulation	involved_in	PMID:40112660	CGD	1	4
A0A1D8PMG7	HOS1	237561	Candida albicans SC5314	GO:0046354	mannan biosynthetic process	metabolic process	involved_in	PMID:40112660	CGD	1	4
A0A1R3RGJ9	ASPCADRAFT_209537	602072	Aspergillus carbonarius ITEM 5010	GO:1900818	ochratoxin A biosynthetic process	metabolic process	acts_upstream_of_or_within	PMID:33391201	GO_Central	1	1
A0A286R227	A0A286R227	3117	Ulva prolifera	GO:0042126	nitrate metabolic process	metabolic process	involved_in	PMID:28650572	UniProt	1	2
A0A8I5ZLK5	Abca1	10116	Rattus norvegicus	GO:0042158	lipoprotein biosynthetic process	metabolic process	involved_in	PMID:21554872	RGD	1	9
A0A8I6A4C5	Mthfr	10116	Rattus norvegicus	GO:0033274	response to vitamin B2	response to stimulus	involved_in	PMID:3676170	RGD	1	10
A0A8I6A4C5	Mthfr	10116	Rattus norvegicus	GO:0046500	S-adenosylmethionine metabolic process	metabolic process	involved_in	PMID:1201245	RGD	1	10
A0A8I6A606	Sufu	10116	Rattus norvegicus	GO:2001040	positive regulation of cellular response to drug	biological regulation	involved_in	PMID:30790292	RGD	1	2
A0A8I6AAG4	Cd3e	10116	Rattus norvegicus	GO:0033077	T cell differentiation in thymus	developmental process	involved_in	PMID:11896936	RGD	1	1
A0A8I6B3M3	Csf3r	10116	Rattus norvegicus	GO:0097186	amelogenesis	developmental process	involved_in	PMID:10206335	RGD	1	1
A0A8I6G2K8	Kdm1a	10116	Rattus norvegicus	GO:0042551	neuron maturation	developmental process	involved_in	PMID:20164337	RGD	1	4
A0A8I6G2P8	Epc1	10116	Rattus norvegicus	GO:0035886	vascular associated smooth muscle cell differentiation	developmental process	involved_in	PMID:22398275	RGD	1	1
A0A8I6G3R2	Cbl	10116	Rattus norvegicus	GO:0043303	mast cell degranulation	response to stimulus	involved_in	PMID:18243321	RGD	1	11
A0A8J0T3N4	c-answer.L	8355	Xenopus laevis	GO:0035590	purinergic nucleotide receptor signaling pathway	response to stimulus	acts_upstream_of_or_within_positive_effect	PMID:31644900	Xenbase	1	2
A0A8J0T448	fbl.L	8355	Xenopus laevis	GO:0090070	positive regulation of ribosome biogenesis	biological regulation	acts_upstream_of_or_within	PMID:35041640	Xenbase	1	1
A0ABK0LCC3	Nfatc1	10116	Rattus norvegicus	GO:0043501	skeletal muscle adaptation	response to stimulus	involved_in	PMID:24284598	RGD	1	5
A0ABK0LE60	Sox2	10116	Rattus norvegicus	GO:0021984	adenohypophysis development	developmental process	involved_in	PMID:21815952	RGD	1	4
A0ABK0LEM6	Ncam2	10116	Rattus norvegicus	GO:0007413	axonal fasciculation	developmental process	involved_in	PMID:15174086	RGD	1	1
A0ABK0LGP5	Tapbp	10116	Rattus norvegicus	GO:0002397	MHC class I protein complex assembly	unclassified	involved_in	PMID:12407112	RGD	1	1
A0ABK0LNG6	Serpina5	10116	Rattus norvegicus	GO:0061107	seminal vesicle development	developmental process	involved_in	PMID:9662429	RGD	1	1
A0ABK0LNN2	Fcsk	10116	Rattus norvegicus	GO:1903350	response to dopamine	response to stimulus	involved_in	PMID:6331424	RGD	1	1
A0ABK0LZB0	Egfr	10116	Rattus norvegicus	GO:0042743	hydrogen peroxide metabolic process	metabolic process	involved_in	PMID:21258655	RGD	1	21
A1E959	ODAM	9606	Homo sapiens	GO:0060054	positive regulation of epithelial cell proliferation involved in wound healing	response to stimulus	involved_in	PMID:25911094	UniProt	1	2
A1Z9M6	VGAT	7227	Drosophila melanogaster	GO:0015812	gamma-aminobutyric acid transport	localization	involved_in	PMID:20435823	FlyBase	1	2
A1Z9M6	VGAT	7227	Drosophila melanogaster	GO:0051932	synaptic transmission, GABAergic	biological regulation	involved_in	PMID:20435823	FlyBase	1	2
A3QPB9	Il21	10116	Rattus norvegicus	GO:1990784	response to dsDNA	response to stimulus	involved_in	PMID:18997868	RGD	1	1
A6HPE0	Rad51	10116	Rattus norvegicus	GO:0007127	meiosis I	unclassified	involved_in	PMID:25142975	RGD	1	8
A6HPE0	Rad51	10116	Rattus norvegicus	GO:0072719	cellular response to cisplatin	response to stimulus	involved_in	PMID:14755242	RGD	1	8
A6HPE0	Rad51	10116	Rattus norvegicus	GO:1904631	response to glucoside	response to stimulus	involved_in	PMID:9885240	RGD	1	8
A6J285	Chek2	10116	Rattus norvegicus	GO:1903926	cellular response to bisphenol A	response to stimulus	involved_in	PMID:25344109	RGD	1	3
A6JLV3	Gata3	10116	Rattus norvegicus	GO:0001806	type IV hypersensitivity	response to stimulus	involved_in	PMID:16336837	RGD	1	5
A6MGW7	A6MGW7	4690	Lilium longiflorum	GO:0010152	pollen maturation	developmental process	involved_in	PMID:17468126	UniProt	1	2
A7XRY6	tdiC	227321	Aspergillus nidulans FGSC A4	GO:1900796	terrequinone A biosynthetic process	metabolic process	involved_in	PMID:17291795	GO_Central	1	1
A8JRD0	LpR1	7227	Drosophila melanogaster	GO:0006898	receptor-mediated endocytosis	localization	involved_in	PMID:19557185	FlyBase	1	1
B0G168	srsA	44689	Dictyostelium discoideum	GO:0099120	socially cooperative development	developmental process	involved_in	PMID:18673382	UniProt	1	3
B1MH83	dosS	561007	Mycobacteroides abscessus ATCC 19977	GO:0071555	cell wall organization	unclassified	involved_in	PMID:23998761	UniProt	1	7
B1PLB1	Cd34	10116	Rattus norvegicus	GO:0035759	mesangial cell-matrix adhesion	unclassified	involved_in	PMID:18319274	UniProt	1	2
B3H7I1	PROSCOOP12	3702	Arabidopsis thaliana	GO:2000377	regulation of reactive oxygen species metabolic process	biological regulation	acts_upstream_of_or_within	PMID:30715439	TAIR	1	5
B7YZU2	flz	7227	Drosophila melanogaster	GO:0035149	lumen formation, open tracheal system	developmental process	involved_in	PMID:29309404	UniProt	1	1
C0LGH3	At1g56140	3702	Arabidopsis thaliana	GO:0052542	defense response by callose deposition	response to stimulus	involved_in	PMID:36582174	TAIR	1	1
C7E9V9	C7E9V9	74722	Stachybotrys chartarum	GO:0097736	aerial mycelium formation	developmental process	involved_in	PMID:18242638	UniProt	1	1
C7FZZ0	DDB_G0274805	44689	Dictyostelium discoideum	GO:0072583	clathrin-dependent endocytosis	localization	acts_upstream_of_or_within	PMID:21401524	dictyBase	1	2
D0FH76	VPS4	7091	Bombyx mori	GO:0002165	instar larval or pupal development	developmental process	involved_in	PMID:28973578	UniProt	1	2
D3ZD73	Ddx6	10116	Rattus norvegicus	GO:0048515	spermatid differentiation	developmental process	involved_in	PMID:24141902	RGD	1	2
D3ZJ86	Slc9a6	10116	Rattus norvegicus	GO:1901546	regulation of synaptic vesicle lumen acidification	biological regulation	involved_in	PMID:33372133	SynGO	1	1
D3ZRI4	Irx4	10116	Rattus norvegicus	GO:0048561	establishment of animal organ orientation	developmental process	involved_in	PMID:10882515	RGD	1	1
D3ZS29	Nanog	10116	Rattus norvegicus	GO:0009825	multidimensional cell growth	unclassified	involved_in	PMID:23273767	RGD	1	7
D4A0Y6	Mki67	10116	Rattus norvegicus	GO:0006259	DNA metabolic process	metabolic process	involved_in	PMID:9303485	RGD	1	3
D4A3P0	Ybx2	10116	Rattus norvegicus	GO:0048599	oocyte development	developmental process	involved_in	PMID:16150897	RGD	1	1
D4A3T0	Sos1	10116	Rattus norvegicus	GO:0045742	positive regulation of epidermal growth factor receptor signaling pathway	biological regulation	involved_in	PMID:8577724	RGD	1	5
D4ABN8	Xrn1	10116	Rattus norvegicus	GO:1905795	cellular response to puromycin	response to stimulus	involved_in	PMID:25736288	RGD	1	3
D4Q8I2	Foxp3	10116	Rattus norvegicus	GO:0014045	establishment of endothelial blood-brain barrier	developmental process	involved_in	PMID:31027862	RGD	1	3
D4Q8I2	Foxp3	10116	Rattus norvegicus	GO:1901355	response to rapamycin	response to stimulus	involved_in	PMID:24507682	RGD	1	3
E1BWE8	OSR1	9031	Gallus gallus	GO:0072076	nephrogenic mesenchyme development	developmental process	involved_in	PMID:16790474	AgBase	1	1
E2JKY7	mgtL	83333	Escherichia coli K-12	GO:0031556	transcriptional attenuation by ribosome	biological regulation	acts_upstream_of_or_within	PMID:29100053	EcoCyc	1	1
E7FFT2	tmc2a	7955	Danio rerio	GO:0048882	lateral line development	developmental process	involved_in	PMID:25114259	UniProt	1	2
E7FFT2	tmc2a	7955	Danio rerio	GO:0060119	inner ear receptor cell development	developmental process	involved_in	PMID:25114259	UniProt	1	2
E9PTX9	Slc12a2	10116	Rattus norvegicus	GO:0007214	gamma-aminobutyric acid signaling pathway	biological regulation	involved_in	PMID:15090604	RGD	1	1
F1LSG7	Fgfr2	10116	Rattus norvegicus	GO:0003416	endochondral bone growth	developmental process	involved_in	PMID:17169623	RGD	1	8
F1M5N3	Ank2	10116	Rattus norvegicus	GO:0030913	paranodal junction assembly	developmental process	involved_in	PMID:16687515	RGD	1	3
F1MAF1	Hsf1	10116	Rattus norvegicus	GO:1904843	cellular response to nitroglycerin	response to stimulus	involved_in	PMID:25626975	RGD	1	13
F1MAG1	Agrp	10116	Rattus norvegicus	GO:0008343	adult feeding behavior	unclassified	involved_in	PMID:22425130	RGD	1	6
F1NSM7	F1NSM7	9031	Gallus gallus	GO:0031215	shell calcification	developmental process	involved_in	PMID:10551857	AgBase	1	1
F1QZE9	tmc2b	7955	Danio rerio	GO:0048884	neuromast development	developmental process	involved_in	PMID:25114259	UniProt	1	3
F4IG83	HPPR4	3702	Arabidopsis thaliana	GO:0140256	negative regulation of cellular response to phosphate starvation	biological regulation	involved_in	PMID:38133662	TAIR	1	1
F4KAZ9	FIP	3702	Arabidopsis thaliana	GO:0032055	negative regulation of translation in response to stress	response to stimulus	acts_upstream_of_or_within	PMID:29720990	TAIR	1	1
G1UB28	LA_2843	189518	Leptospira interrogans serovar Lai str. 56601	GO:0004540	RNA nuclease activity	molecular function	enables	PMID:25461800	CACAO	1	1
G1UB44	melA	272621	Lactobacillus acidophilus NCFM	GO:1901545	response to raffinose	response to stimulus	involved_in	PMID:16505367	UniProt	1	1
G1UH28	PSC	22663	Punica granatum	GO:0090351	seedling development	developmental process	involved_in	PMID:21790816	UniProt	1	2
G3V7R4	Foxo1	10116	Rattus norvegicus	GO:0070166	enamel mineralization	developmental process	involved_in	PMID:25183529	RGD	1	5
G3V9R2	Cfh	10116	Rattus norvegicus	GO:0006956	complement activation	response to stimulus	involved_in	PMID:12911541	RGD	1	4
G4VJD5	Smp_096760	6183	Schistosoma mansoni	GO:0061621	canonical glycolysis	metabolic process	involved_in	PMID:36083036	UniProt	1	1
G5EB25	ANIA_05457	227321	Aspergillus nidulans FGSC A4	GO:0070798	positive regulation of cleistothecium development	biological regulation	acts_upstream_of_or_within	PMID:14622412	AspGD	1	1
G5EB36	ANIA_00689	227321	Aspergillus nidulans FGSC A4	GO:0045733	acetate catabolic process	metabolic process	acts_upstream_of_or_within	PMID:2685573	AspGD	1	1
G5EB56	ANIA_08123	227321	Aspergillus nidulans FGSC A4	GO:0042219	modified amino acid catabolic process	metabolic process	acts_upstream_of_or_within	PMID:12375102	AspGD	1	1
H9J7K0	Atg1c	7091	Bombyx mori	GO:0048707	instar larval or pupal morphogenesis	developmental process	involved_in	PMID:36493962	FlyBase	1	1
I3SX86	GLB2-1	34305	Lotus japonicus	GO:1904583	response to polyamine macromolecule	response to stimulus	involved_in	PMID:21073469	UniProt	1	4
M0RAY4	Gdf5	10116	Rattus norvegicus	GO:0043932	ossification involved in bone remodeling	unclassified	involved_in	PMID:10404008	RGD	1	2
O00358	FOXE1	9606	Homo sapiens	GO:0160093	chordate pharynx development	developmental process	involved_in	PMID:15494458	UniProt	1	3
O05797	moaR1	83332	Mycobacterium tuberculosis H37Rv	GO:0032324	molybdopterin cofactor biosynthetic process	metabolic process	involved_in	PMID:20378651	MTBBASE	1	2
O08565	Cxcr4	10116	Rattus norvegicus	GO:0008038	neuron recognition	developmental process	involved_in	PMID:12431218	RGD	1	4
O08699	Hpgd	10116	Rattus norvegicus	GO:0070493	thrombin-activated receptor signaling pathway	response to stimulus	involved_in	PMID:19383433	UniProt	1	5
O08701	Arg2	10116	Rattus norvegicus	GO:0045428	regulation of nitric oxide biosynthetic process	biological regulation	involved_in	PMID:11829529	RGD	1	21
O08727	Tnfrsf11b	10116	Rattus norvegicus	GO:0042489	negative regulation of odontogenesis of dentin-containing tooth	biological regulation	involved_in	PMID:16283633	RGD	1	6
O08775	Kdr	10116	Rattus norvegicus	GO:0050769	positive regulation of neurogenesis	biological regulation	involved_in	PMID:15258583	RGD	1	3
O09032	Elavl4	10116	Rattus norvegicus	GO:0031099	regeneration	developmental process	involved_in	PMID:12957493	RGD	1	7
O23244	PAP25	3702	Arabidopsis thaliana	GO:0006796	phosphate-containing compound metabolic process	metabolic process	acts_upstream_of_or_within	PMID:25270985	TAIR	1	1
O23264	SBP1	3702	Arabidopsis thaliana	GO:0000103	sulfate assimilation	metabolic process	acts_upstream_of_or_within	PMID:19710230	TAIR	1	1
O23349	AO1	3702	Arabidopsis thaliana	GO:0043067	regulation of programmed cell death	biological regulation	involved_in	PMID:9681017	UniProt	1	2
O23482	OPT3	3702	Arabidopsis thaliana	GO:1990388	xylem-to-phloem iron transport	localization	acts_upstream_of_or_within	PMID:24867923	TAIR	1	1
O23953	O23953	3635	Gossypium hirsutum	GO:0009834	plant-type secondary cell wall biogenesis	unclassified	involved_in	PMID:9150611	AgBase	1	2
O35147	Bad	10116	Rattus norvegicus	GO:0071247	cellular response to chromate	response to stimulus	involved_in	PMID:21262251	RGD	1	19
O35147	Bad	10116	Rattus norvegicus	GO:1904567	response to wortmannin	response to stimulus	involved_in	PMID:15625305	RGD	1	19
O35186	Ctsk	10116	Rattus norvegicus	GO:0001957	intramembranous ossification	unclassified	involved_in	PMID:16193234	RGD	1	7
O35274	Ppp1r9b	10116	Rattus norvegicus	GO:0030042	actin filament depolymerization	unclassified	involved_in	PMID:10620493	RGD	1	21
O35274	Ppp1r9b	10116	Rattus norvegicus	GO:0061458	reproductive system development	developmental process	involved_in	PMID:18096161	RGD	1	21
O35274	Ppp1r9b	10116	Rattus norvegicus	GO:1904386	response to L-phenylalanine derivative	response to stimulus	involved_in	PMID:12112407	RGD	1	21
O35531	Cd86	10116	Rattus norvegicus	GO:0002309	T cell proliferation involved in immune response	response to stimulus	involved_in	PMID:20500684	RGD	1	10
O35547	Acsl4	10116	Rattus norvegicus	GO:0070672	response to interleukin-15	response to stimulus	involved_in	PMID:18239634	RGD	1	2
O35690	Phox2b	10090	Mus musculus	GO:0021723	medullary reticular formation development	developmental process	involved_in	PMID:9374403	BHF-UCL	1	1
O35762	Nkx6-1	10116	Rattus norvegicus	GO:0003323	type B pancreatic cell development	developmental process	involved_in	PMID:9603781	RGD	1	6
O35776	Has2	10116	Rattus norvegicus	GO:0030213	hyaluronan biosynthetic process	metabolic process	involved_in	PMID:19635555	UniProt	1	5
O35799	Hfe	10116	Rattus norvegicus	GO:0060586	multicellular organismal-level iron ion homeostasis	unclassified	involved_in	PMID:15082582	RGD	1	6
O35800	Hif1a	10116	Rattus norvegicus	GO:0045793	positive regulation of cell size	biological regulation	involved_in	PMID:22129453	RGD	1	41
O35800	Hif1a	10116	Rattus norvegicus	GO:1903928	cellular response to cyanide	response to stimulus	involved_in	PMID:21854848	RGD	1	41
O35824	Dnaja2	10116	Rattus norvegicus	GO:0018885	carbon tetrachloride metabolic process	response to stimulus	involved_in	PMID:15270078	RGD	1	1
O35854	Bcat2	10116	Rattus norvegicus	GO:0009082	branched-chain amino acid biosynthetic process	metabolic process	involved_in	PMID:11171603	RGD	1	3
O48653	LOC_Os01g64820	39947	Oryza sativa Japonica Group	GO:0006270	DNA replication initiation	metabolic process	involved_in	PMID:9491803	GR	1	2
O48653	LOC_Os01g64820	39947	Oryza sativa Japonica Group	GO:0006273	lagging strand elongation	metabolic process	involved_in	PMID:9491803	GR	1	2
O54735	Pde5a	10116	Rattus norvegicus	GO:0042311	vasodilation	biological regulation	involved_in	PMID:16545481	RGD	1	5
O54774	Ap3d1	10090	Mus musculus	GO:0098943	neurotransmitter receptor transport, postsynaptic endosome to lysosome	localization	involved_in	PMID:24217640	SynGO	1	2
O55174	Slc30a4	10116	Rattus norvegicus	GO:0006829	zinc ion transport	localization	involved_in	PMID:12388418	RGD	1	4
O55233	Cer1	10090	Mus musculus	GO:0003419	growth plate cartilage chondrocyte proliferation	developmental process	involved_in	PMID:19113921	BHF-UCL	1	1
O60500	NPHS1	9606	Homo sapiens	GO:0032836	glomerular basement membrane development	developmental process	involved_in	PMID:17464107	UniProt	1	2
O70210	Chad	10116	Rattus norvegicus	GO:0001502	cartilage condensation	developmental process	involved_in	PMID:9461555	RGD	1	1
O70548	Tcap	10090	Mus musculus	GO:0030916	otic vesicle formation	developmental process	involved_in	PMID:9817758	BHF-UCL	1	3
O73754	grem1	8355	Xenopus laevis	GO:0014032	neural crest cell development	developmental process	involved_in	PMID:9660951	BHF-UCL	1	3
O73754	grem1	8355	Xenopus laevis	GO:0039022	pronephric duct development	developmental process	involved_in	PMID:9660951	BHF-UCL	1	3
O73933	O73933	9031	Gallus gallus	GO:0003139	secondary heart field specification	developmental process	involved_in	PMID:15242799	AgBase	1	8
O73933	O73933	9031	Gallus gallus	GO:0003253	cardiac neural crest cell migration involved in outflow tract morphogenesis	developmental process	involved_in	PMID:15242799	AgBase	1	8
O73933	O73933	9031	Gallus gallus	GO:0090300	positive regulation of neural crest formation	biological regulation	involved_in	PMID:15242799	AgBase	1	8
O75052	NOS1AP	9606	Homo sapiens	GO:0098974	postsynaptic actin cytoskeleton organization	unclassified	involved_in	PMID:26869880	SynGO	1	2
O80396	MKK3	3702	Arabidopsis thaliana	GO:0009864	induced systemic resistance, jasmonic acid mediated signaling pathway	response to stimulus	acts_upstream_of_or_within	PMID:17369371	TAIR	1	2
O80396	MKK3	3702	Arabidopsis thaliana	GO:0009866	induced systemic resistance, ethylene mediated signaling pathway	response to stimulus	acts_upstream_of_or_within	PMID:17369371	TAIR	1	2
O81417	SRPP	3702	Arabidopsis thaliana	GO:0080147	root hair cell development	developmental process	involved_in	PMID:28837399	UniProt	1	4
O82175	SUVH5	3702	Arabidopsis thaliana	GO:0031048	regulatory ncRNA-mediated heterochromatin formation	biological regulation	acts_upstream_of_or_within	PMID:16582009	TAIR	1	1
O82777	sbt3	4081	Solanum lycopersicum	GO:1900367	positive regulation of defense response to insect	biological regulation	involved_in	PMID:27259555	UniProt	1	2
O82794	AGL24	3702	Arabidopsis thaliana	GO:0010220	positive regulation of vernalization response	biological regulation	involved_in	PMID:12609028	UniProt	1	3
O88496	Ggcx	10116	Rattus norvegicus	GO:0060437	lung growth	developmental process	involved_in	PMID:2717270	RGD	1	8
O88600	Hspa4	10116	Rattus norvegicus	GO:0045766	positive regulation of angiogenesis	biological regulation	involved_in	PMID:22098710	RGD	1	3
O88643	Pak1	10090	Mus musculus	GO:0150036	regulation of trans-synaptic signaling by endocannabinoid, modulating synaptic transmission	biological regulation	involved_in	PMID:27296803	SynGO	1	4
O89049	Txnrd1	10116	Rattus norvegicus	GO:0070276	halogen metabolic process	metabolic process	involved_in	PMID:21406454	RGD	1	7
O89050	Mkln1	10090	Mus musculus	GO:0098968	neurotransmitter receptor transport postsynaptic membrane to endosome	localization	involved_in	PMID:21482357	SynGO	1	2
O93385	PITX2	9031	Gallus gallus	GO:0007368	determination of left/right symmetry	developmental process	involved_in	PMID:9708732	BHF-UCL	1	1
O93529	foxb1	8355	Xenopus laevis	GO:0007398	ectoderm development	developmental process	involved_in	PMID:11404077	UniProt	1	2
O94742	SEM1	559292	Saccharomyces cerevisiae S288C	GO:0060090	molecular adaptor activity	molecular function	enables	PMID:24412063	DisProt	1	2
O94993	SOX30	9606	Homo sapiens	GO:0031960	response to corticosteroid	response to stimulus	involved_in	PMID:18436822	UniProt	1	1
O95995	DRC4	9606	Homo sapiens	GO:0005930	axoneme	cellular component	is_active_in	PMID:26387594	MGI	1	1
O96004	HAND1	9606	Homo sapiens	GO:0001829	trophectodermal cell differentiation	developmental process	involved_in	PMID:11802795	BHF-UCL	1	2
O96014	WNT11	9606	Homo sapiens	GO:0060197	cloacal septation	developmental process	involved_in	PMID:9757009	UniProt	1	6
O96014	WNT11	9606	Homo sapiens	GO:0060484	lung-associated mesenchyme development	developmental process	involved_in	PMID:9757009	UniProt	1	6
P00185	Cyp1a1	10116	Rattus norvegicus	GO:1901497	response to diphenyl ether	response to stimulus	involved_in	PMID:18978342	RGD	1	29
P00448	sodA	83333	Escherichia coli K-12	GO:0071291	cellular response to selenium ion	response to stimulus	acts_upstream_of_or_within	PMID:11872706	EcoCyc	1	1
P00539	Mos	10116	Rattus norvegicus	GO:0048137	spermatocyte division	developmental process	involved_in	PMID:11846449	RGD	1	5
P00539	Mos	10116	Rattus norvegicus	GO:1903537	meiotic cell cycle process involved in oocyte maturation	developmental process	involved_in	PMID:16603805	RGD	1	5
P00762	Prss1	10116	Rattus norvegicus	GO:1905640	response to acetaldehyde	response to stimulus	involved_in	PMID:2422952	RGD	1	2
P01026	C3	10116	Rattus norvegicus	GO:0002507	tolerance induction	developmental process	involved_in	PMID:16555329	RGD	1	8
P01109	MYC	9031	Gallus gallus	GO:0048730	epidermis morphogenesis	developmental process	involved_in	PMID:1879337	AgBase	1	1
P01137	TGFB1	9606	Homo sapiens	GO:0045596	negative regulation of cell differentiation	biological regulation	involved_in	PMID:19357233	CACAO	1	3
P01143	Crh	10116	Rattus norvegicus	GO:0050801	monoatomic ion homeostasis	unclassified	involved_in	PMID:21539900	RGD	1	16
P01179	Oxt	10116	Rattus norvegicus	GO:0002125	maternal aggressive behavior	unclassified	involved_in	PMID:18655888	RGD	1	20
P01237	Prl	10116	Rattus norvegicus	GO:0035983	response to trichostatin A	response to stimulus	involved_in	PMID:26509893	RGD	1	16
P01244	Gh1	10116	Rattus norvegicus	GO:0071469	cellular response to alkaline pH	response to stimulus	involved_in	PMID:23639351	RGD	1	7
P01322	Ins1	10116	Rattus norvegicus	GO:1901701	cellular response to oxygen-containing compound	response to stimulus	involved_in	PMID:18562674	RGD	1	6
P01501	MELT	7460	Apis mellifera	GO:0140678	molecular function inhibitor activity	molecular function	enables	PMID:32923684	DisProt	1	1
P02680	Fgg	10116	Rattus norvegicus	GO:0036345	platelet maturation	developmental process	involved_in	PMID:1991167	RGD	1	3
P02795	MT2A	9606	Homo sapiens	GO:0036016	cellular response to interleukin-3	response to stimulus	involved_in	PMID:11168427	UniProt	1	3
P04094	Penk	10116	Rattus norvegicus	GO:0051867	general adaptation syndrome, behavioral process	response to stimulus	involved_in	PMID:23665402	RGD	1	17
P04167	Cyp2b2	10116	Rattus norvegicus	GO:0018933	nicotine metabolic process	metabolic process	involved_in	PMID:11996101	RGD	1	3
P04177	Th	10116	Rattus norvegicus	GO:0006665	sphingolipid metabolic process	metabolic process	involved_in	PMID:21076868	RGD	1	38
P04177	Th	10116	Rattus norvegicus	GO:0042745	circadian sleep/wake cycle	unclassified	involved_in	PMID:20980612	RGD	1	38
P04608	tat	11706	HIV-1 M:B_HXB2R	GO:0043175	RNA polymerase core enzyme binding	molecular function	enables	PMID:11080476	DisProt	1	1
P04633	Ucp1	10116	Rattus norvegicus	GO:1903495	cellular response to dehydroepiandrosterone	response to stimulus	involved_in	PMID:12659879	RGD	1	2
P04799	Cyp1a2	10116	Rattus norvegicus	GO:0018937	nitroglycerin metabolic process	response to stimulus	involved_in	PMID:16520233	RGD	1	11
P04799	Cyp1a2	10116	Rattus norvegicus	GO:0042360	vitamin E metabolic process	metabolic process	involved_in	PMID:16520233	RGD	1	11
P05197	Eef2	10116	Rattus norvegicus	GO:0140242	translation at postsynapse	metabolic process	involved_in	PMID:20427644	SynGO	1	13
P05539	Col2a1	10116	Rattus norvegicus	GO:0003417	growth plate cartilage development	developmental process	involved_in	PMID:20591638	RGD	1	15
P05622	Pdgfrb	10090	Mus musculus	GO:0072223	metanephric glomerular mesangium development	developmental process	involved_in	PMID:9693135	UniProt	1	3
P06211	Esr1	10116	Rattus norvegicus	GO:1990375	baculum development	developmental process	involved_in	PMID:21471296	RGD	1	8
P06300	Pdyn	10116	Rattus norvegicus	GO:0031987	locomotion involved in locomotory behavior	unclassified	involved_in	PMID:27430399	RGD	1	5
P06399	Fga	10116	Rattus norvegicus	GO:0044468	venom-mediated perturbation of blood coagulation	unclassified	involved_in	PMID:6896326	RGD	1	14
P06399	Fga	10116	Rattus norvegicus	GO:1990643	cellular response to granulocyte colony-stimulating factor	response to stimulus	involved_in	PMID:9488469	RGD	1	14
P06401	PGR	9606	Homo sapiens	GO:0042326	negative regulation of phosphorylation	biological regulation	involved_in	PMID:20861224	DisProt	1	2
P06836	GAP43	9913	Bos taurus	GO:0008289	lipid binding	molecular function	enables	PMID:1826685	DisProt	1	1
P06966	dicA	83333	Escherichia coli K-12	GO:0003677	DNA binding	molecular function	enables	PMID:23028867	EcoCyc	1	2
P07117	putP	83333	Escherichia coli K-12	GO:0015912	short-chain fatty acid transport	localization	acts_upstream_of_or_within	PMID:17088459	EcoCyc	1	1
P07154	Ctsl	10116	Rattus norvegicus	GO:0060008	Sertoli cell differentiation	developmental process	involved_in	PMID:15647457	RGD	1	12
P07207	N	7227	Drosophila melanogaster	GO:0048627	myoblast development	developmental process	involved_in	PMID:16643882	FlyBase	1	1
P07308	Scd1	10116	Rattus norvegicus	GO:0008610	lipid biosynthetic process	metabolic process	involved_in	PMID:12896875	RGD	1	2
P07314	Ggt1	10116	Rattus norvegicus	GO:0061017	hepatoblast differentiation	developmental process	involved_in	PMID:10934156	RGD	1	8
P08010	Gstm2	10116	Rattus norvegicus	GO:1902168	response to catechin	response to stimulus	involved_in	PMID:10927022	RGD	1	3
P08025	Igf1	10116	Rattus norvegicus	GO:0060363	cranial suture morphogenesis	developmental process	involved_in	PMID:10597685	RGD	1	29
P08154	Egr1	10116	Rattus norvegicus	GO:0071317	cellular response to isoquinoline alkaloid	response to stimulus	involved_in	PMID:16448624	RGD	1	27
P08289	Alpl	10116	Rattus norvegicus	GO:0071529	cementum mineralization	developmental process	involved_in	PMID:17043865	RGD	1	4
P08401	creC	83333	Escherichia coli K-12	GO:0019660	pyruvate fermentation	metabolic process	acts_upstream_of_or_within	PMID:18375564	EcoCyc	1	1
P08413	Camk2b	10116	Rattus norvegicus	GO:0098973	structural constituent of postsynaptic actin cytoskeleton	molecular function	enables	PMID:17404223	SynGO	1	6
P08413	Camk2b	10116	Rattus norvegicus	GO:0110088	hippocampal neuron apoptotic process	unclassified	involved_in	PMID:25126162	RGD	1	6
P08473	MME	9606	Homo sapiens	GO:0090399	replicative senescence	unclassified	involved_in	PMID:20876573	UniProt	1	2
P08567	PLEK	9606	Homo sapiens	GO:0002244	hematopoietic progenitor cell differentiation	developmental process	involved_in	PMID:2768345	BHF-UCL	1	1
P08721	Spp1	10116	Rattus norvegicus	GO:0048685	negative regulation of collateral sprouting of intact axon in response to injury	biological regulation	involved_in	PMID:15625076	RGD	1	3
P09006	Serpina3n	10116	Rattus norvegicus	GO:0034516	response to vitamin B6	response to stimulus	involved_in	PMID:21462331	RGD	1	7
P09147	galE	83333	Escherichia coli K-12	GO:0009242	colanic acid biosynthetic process	metabolic process	acts_upstream_of_or_within	PMID:14124321	EcoCyc	1	1
P09416	Myc	10116	Rattus norvegicus	GO:0045023	G0 to G1 transition	unclassified	involved_in	PMID:23119170	RGD	1	33
P09416	Myc	10116	Rattus norvegicus	GO:1904586	cellular response to putrescine	response to stimulus	involved_in	PMID:8048943	RGD	1	33
P09416	Myc	10116	Rattus norvegicus	GO:1990858	cellular response to lectin	response to stimulus	involved_in	PMID:2200903	RGD	1	33
P09424	mtlD	83333	Escherichia coli K-12	GO:0019592	mannitol catabolic process	metabolic process	acts_upstream_of_or_within	PMID:4559737	EcoCyc	1	1
P09430	TNP1	9606	Homo sapiens	GO:0031507	heterochromatin formation	biological regulation	involved_in	PMID:11315969	UniProt	1	1
P09456	Prkar1a	10116	Rattus norvegicus	GO:0007143	female meiotic nuclear division	unclassified	involved_in	PMID:12088872	RGD	1	2
P09456	Prkar1a	10116	Rattus norvegicus	GO:0045835	negative regulation of meiotic nuclear division	biological regulation	involved_in	PMID:12088872	RGD	1	2
P09531	TGFB1	9031	Gallus gallus	GO:0042327	positive regulation of phosphorylation	biological regulation	involved_in	PMID:15269104	AgBase	1	5
P09531	TGFB1	9031	Gallus gallus	GO:0042701	progesterone secretion	developmental process	involved_in	PMID:15269104	AgBase	1	5
P09760	Fer	10116	Rattus norvegicus	GO:0034333	adherens junction assembly	unclassified	involved_in	PMID:12700184	RGD	1	6
P09760	Fer	10116	Rattus norvegicus	GO:0120179	adherens junction disassembly	unclassified	involved_in	PMID:12700184	RGD	1	6
P09957	y	7227	Drosophila melanogaster	GO:0048066	developmental pigmentation	unclassified	involved_in	PMID:11934851	FlyBase	1	1
P0A6D0	argR	83333	Escherichia coli K-12	GO:1900081	regulation of arginine catabolic process	biological regulation	acts_upstream_of_or_within	PMID:12003934	EcoCyc	1	1
P0A6N8	efpL	83333	Escherichia coli K-12	GO:0003746	translation elongation factor activity	metabolic process	enables	PMID:39622818	EcoCyc	1	2
P0A6N8	efpL	83333	Escherichia coli K-12	GO:0072344	rescue of stalled cytosolic ribosome	metabolic process	involved_in	PMID:39622818	EcoCyc	1	2
P0A6X3	hfq	83333	Escherichia coli K-12	GO:0040033	sRNA-mediated post-transcriptional gene silencing	biological regulation	acts_upstream_of_or_within	PMID:19118351	EcoliWiki	1	1
P0A7M9	rpmE	83333	Escherichia coli K-12	GO:1904689	negative regulation of cytoplasmic translational initiation	biological regulation	acts_upstream_of_or_within	PMID:32209634	EcoCyc	1	1
P0A9A9	fur	83333	Escherichia coli K-12	GO:0043565	sequence-specific DNA binding	molecular function	enables	PMID:8107138	CollecTF	1	4
P0A9F1	mntR	83333	Escherichia coli K-12	GO:2000144	positive regulation of DNA-templated transcription initiation	biological regulation	acts_upstream_of_or_within	PMID:21908668	EcoCyc	1	3
P0A9P9	idnO	83333	Escherichia coli K-12	GO:0046183	L-idonate catabolic process	metabolic process	acts_upstream_of_or_within	PMID:9658018	EcoCyc	1	1
P0A9S1	fucO	83333	Escherichia coli K-12	GO:0019301	rhamnose catabolic process	metabolic process	acts_upstream_of_or_within	PMID:7016842	EcoCyc	1	1
P0A9W6	ibaG	83333	Escherichia coli K-12	GO:0097533	cellular stress response to acid chemical	response to stimulus	acts_upstream_of_or_within	PMID:22534295	EcoCyc	1	1
P0AAE8	cadB	83333	Escherichia coli K-12	GO:1990451	cellular stress response to acidic pH	response to stimulus	involved_in	PMID:14982633	EcoCyc	1	1
P0ABF1	pcnB	83333	Escherichia coli K-12	GO:0042780	tRNA 3'-end processing	metabolic process	involved_in	PMID:35652235	EcoCyc	1	1
P0ABP3	dcuC	83333	Escherichia coli K-12	GO:0019664	mixed acid fermentation	metabolic process	acts_upstream_of_or_within	PMID:10368146	EcoCyc	1	1
P0ABT8	yijE	83333	Escherichia coli K-12	GO:0000101	sulfur amino acid transport	localization	acts_upstream_of_or_within	PMID:25346166	EcoCyc	1	2
P0ABT8	yijE	83333	Escherichia coli K-12	GO:0000099	sulfur amino acid transmembrane transporter activity	localization	enables	PMID:25346166	EcoCyc	1	2
P0ACQ0	rbsR	83333	Escherichia coli K-12	GO:0048029	monosaccharide binding	molecular function	enables	PMID:23651393	EcoCyc	1	2
P0AEC5	barA	83333	Escherichia coli K-12	GO:1901425	response to formic acid	response to stimulus	acts_upstream_of_or_within	PMID:20118252	EcoCyc	1	2
P0AG67	rpsA	83333	Escherichia coli K-12	GO:2000766	negative regulation of cytoplasmic translation	biological regulation	acts_upstream_of_or_within	PMID:2120211	EcoCyc	1	2
P0AG67	rpsA	83333	Escherichia coli K-12	GO:2000767	positive regulation of cytoplasmic translation	biological regulation	acts_upstream_of_or_within	PMID:32291821	EcoCyc	1	2
P0C5E3	Palld	10116	Rattus norvegicus	GO:0060707	trophoblast giant cell differentiation	developmental process	involved_in	PMID:16481593	RGD	1	2
P0CY33	CDC42	237561	Candida albicans SC5314	GO:0007114	cell budding	unclassified	involved_in	PMID:9229333	CGD	1	2
P0DKI9	miPEP165a	3702	Arabidopsis thaliana	GO:1902895	positive regulation of miRNA transcription	biological regulation	acts_upstream_of_or_within	PMID:25807486	TAIR	1	1
P0DKJ8	FIS2	3702	Arabidopsis thaliana	GO:0006346	DNA methylation-dependent constitutive heterochromatin formation	biological regulation	acts_upstream_of_or_within	PMID:16648367	TAIR	1	1
P0DTC6	6	2697049	Severe acute respiratory syndrome coronavirus 2	GO:0039657	symbiont-mediated suppression of host gene expression	unclassified	involved_in	PMID:35970938	DisProt	1	2
P10096	GAPDH	9913	Bos taurus	GO:0099162	regulation of neurotransmitter loading into synaptic vesicle	biological regulation	involved_in	PMID:12488440	SynGO	1	2
P10147	CCL3	9606	Homo sapiens	GO:0051897	positive regulation of phosphatidylinositol 3-kinase/protein kinase B signal transduction	biological regulation	involved_in	PMID:21403648	UniProt	1	7
P10441	lpxB	83333	Escherichia coli K-12	GO:0009245	lipid A biosynthetic process	metabolic process	acts_upstream_of_or_within	PMID:3531165	EcoliWiki	1	1
P10608	Adrb2	10116	Rattus norvegicus	GO:0071867	response to monoamine	response to stimulus	involved_in	PMID:1664493	RGD	1	11
P10687	Plcb1	10116	Rattus norvegicus	GO:0046488	phosphatidylinositol metabolic process	metabolic process	involved_in	PMID:12786971	RGD	1	3
P10758	Reg1	10116	Rattus norvegicus	GO:1990798	pancreas regeneration	developmental process	involved_in	PMID:1985964	RGD	1	10
P10758	Reg1	10116	Rattus norvegicus	GO:1990864	response to growth hormone-releasing hormone	response to stimulus	involved_in	PMID:7720628	RGD	1	10
P10758	Reg1	10116	Rattus norvegicus	GO:1990867	response to gastrin	response to stimulus	involved_in	PMID:9834276	RGD	1	10
P10758	Reg1	10116	Rattus norvegicus	GO:1990869	cellular response to chemokine	response to stimulus	involved_in	PMID:11113082	RGD	1	10
P10758	Reg1	10116	Rattus norvegicus	GO:1990878	cellular response to gastrin	response to stimulus	involved_in	PMID:10348814	RGD	1	10
P11588	Mup1	10090	Mus musculus	GO:0071240	cellular response to food	response to stimulus	involved_in	PMID:19336396	UniProt	1	5
P11667	argO	83333	Escherichia coli K-12	GO:1903826	L-arginine transmembrane transport	localization	acts_upstream_of_or_within	PMID:15150242	EcoCyc	1	2
P11667	argO	83333	Escherichia coli K-12	GO:0061459	L-arginine transmembrane transporter activity	localization	enables	PMID:15150242	EcoCyc	1	2
P11884	Aldh2	10116	Rattus norvegicus	GO:0006067	ethanol metabolic process	metabolic process	involved_in	PMID:28688179	RGD	1	15
P11884	Aldh2	10116	Rattus norvegicus	GO:0008637	apoptotic mitochondrial changes	unclassified	involved_in	PMID:30131474	RGD	1	15
P11884	Aldh2	10116	Rattus norvegicus	GO:1902882	regulation of response to oxidative stress	biological regulation	involved_in	PMID:30131474	RGD	1	15
P12336	Slc2a2	10116	Rattus norvegicus	GO:1904659	D-glucose transmembrane transport	localization	involved_in	PMID:12095416	RGD	1	4
P12643	BMP2	9606	Homo sapiens	GO:0090090	negative regulation of canonical Wnt signaling pathway	biological regulation	involved_in	PMID:17202865	AgBase	1	2
P12658	Calb1	10090	Mus musculus	GO:0072286	metanephric connecting tubule development	developmental process	involved_in	PMID:18618131	UniProt	1	6
P13596	Ncam1	10116	Rattus norvegicus	GO:0072375	medium-term memory	unclassified	involved_in	PMID:16207289	RGD	1	10
P13601	Aldh1a7	10116	Rattus norvegicus	GO:0035106	operant conditioning	unclassified	involved_in	PMID:15720406	RGD	1	1
P13838	Spn	10116	Rattus norvegicus	GO:0042117	monocyte activation	unclassified	involved_in	PMID:9400815	RGD	1	2
P13941	Col3a1	10116	Rattus norvegicus	GO:0001501	skeletal system development	developmental process	involved_in	PMID:10373016	RGD	1	2
P14377	zraS	83333	Escherichia coli K-12	GO:0036460	cellular response to cell envelope stress	response to stimulus	acts_upstream_of_or_within	PMID:30389436	EcoCyc	1	5
P14785	CycA	7227	Drosophila melanogaster	GO:0007088	regulation of mitotic nuclear division	biological regulation	involved_in	PMID:2564316	UniProt	1	1
P14842	Htr2a	10116	Rattus norvegicus	GO:0046960	sensitization	unclassified	involved_in	PMID:25933953	RGD	1	2
P14844	Ccl2	10116	Rattus norvegicus	GO:0071402	cellular response to lipoprotein particle stimulus	response to stimulus	involved_in	PMID:11473635	RGD	1	40
P15127	Insr	10116	Rattus norvegicus	GO:0006468	protein phosphorylation	metabolic process	involved_in	PMID:22546076	RGD	1	32
P15127	Insr	10116	Rattus norvegicus	GO:0045719	negative regulation of glycogen biosynthetic process	biological regulation	involved_in	PMID:26300412	RGD	1	32
P15205	Map1b	10116	Rattus norvegicus	GO:0021700	developmental maturation	developmental process	involved_in	PMID:12002439	RGD	1	18
P15205	Map1b	10116	Rattus norvegicus	GO:0051915	induction of synaptic plasticity by chemical substance	response to stimulus	involved_in	PMID:15374099	RGD	1	18
P15207	Ar	10116	Rattus norvegicus	GO:0060736	prostate gland growth	developmental process	involved_in	PMID:3628973	RGD	1	10
P15559	NQO1	9606	Homo sapiens	GO:0045454	cell redox homeostasis	unclassified	involved_in	PMID:21636573	UniProt	1	2
P15976	GATA1	9606	Homo sapiens	GO:0030222	eosinophil differentiation	developmental process	involved_in	PMID:8507862	BHF-UCL	1	3
P16235	Lhcgr	10116	Rattus norvegicus	GO:0050810	regulation of steroid biosynthetic process	biological regulation	involved_in	PMID:17241129	RGD	1	2
P16869	fhuE	83333	Escherichia coli K-12	GO:0072711	cellular response to hydroxyurea	response to stimulus	involved_in	PMID:20005847	UniProt	1	1
P17276	Hn	7227	Drosophila melanogaster	GO:0006559	L-phenylalanine catabolic process	metabolic process	involved_in	PMID:17376153	FlyBase	1	2
P17425	Hmgcs1	10116	Rattus norvegicus	GO:0046690	response to tellurium ion	response to stimulus	involved_in	PMID:10642751	RGD	1	13
P17433	Spi1	10090	Mus musculus	GO:0098508	endothelial to hematopoietic transition	developmental process	involved_in	PMID:25252941	ARUK-UCL	1	1
P17583	cynX	83333	Escherichia coli K-12	GO:0009440	cyanate catabolic process	metabolic process	acts_upstream_of_or_within	PMID:3049588	EcoCyc	1	1
P17764	Acat1	10116	Rattus norvegicus	GO:0072229	metanephric proximal convoluted tubule development	developmental process	involved_in	PMID:7733320	RGD	1	5
P17988	Sult1a1	10116	Rattus norvegicus	GO:0008217	regulation of blood pressure	biological regulation	involved_in	PMID:15942020	RGD	1	3
P18168	Ser	7227	Drosophila melanogaster	GO:0035167	larval lymph gland hemopoiesis	developmental process	involved_in	PMID:12569125	FlyBase	1	1
P18266	Gsk3b	10116	Rattus norvegicus	GO:0071282	cellular response to iron(II) ion	response to stimulus	involved_in	PMID:19608791	RGD	1	14
P18331	Inhba	10116	Rattus norvegicus	GO:0045945	positive regulation of transcription by RNA polymerase III	biological regulation	involved_in	PMID:23567549	RGD	1	6
P18613	rapA	44689	Dictyostelium discoideum	GO:0030838	positive regulation of actin filament polymerization	biological regulation	acts_upstream_of_or_within	PMID:18039932	dictyBase	1	2
P18827	SDC1	9606	Homo sapiens	GO:0055002	striated muscle cell development	developmental process	involved_in	PMID:9566955	UniProt	1	1
P18891	P18891	5188	Aleuria aurantia	GO:0030582	reproductive fruiting body development	developmental process	involved_in	PMID:2193930	UniProt	1	1
P19313	Cst4	10116	Rattus norvegicus	GO:0046687	response to chromate	response to stimulus	involved_in	PMID:8374010	RGD	1	16
P19313	Cst4	10116	Rattus norvegicus	GO:0048468	cell development	developmental process	involved_in	PMID:1967932	RGD	1	16
P19320	VCAM1	9606	Homo sapiens	GO:0050901	leukocyte tethering or rolling	unclassified	involved_in	PMID:2688898	BHF-UCL	1	2
P19490	Gria1	10116	Rattus norvegicus	GO:0048266	behavioral response to pain	response to stimulus	involved_in	PMID:25716866	RGD	1	32
P19637	Plat	10116	Rattus norvegicus	GO:0048167	regulation of synaptic plasticity	biological regulation	involved_in	PMID:12070304	RGD	1	7
P19711	P19711	11100	Bovine viral diarrhea virus 1-NADL	GO:0003723	RNA binding	molecular function	enables	PMID:18032507	DisProt	1	2
P19711	P19711	11100	Bovine viral diarrhea virus 1-NADL	GO:0019072	viral genome packaging	unclassified	involved_in	PMID:18032507	DisProt	1	2
P20160	AZU1	9606	Homo sapiens	GO:0001774	microglial cell activation	response to stimulus	involved_in	PMID:12465046	UniProt	1	2
P20263	Pou5f1	10090	Mus musculus	GO:0009786	regulation of asymmetric cell division	biological regulation	involved_in	PMID:21258368	BHF-UCL	1	3
P20491	Fcer1g	10090	Mus musculus	GO:0007166	cell surface receptor signaling pathway	response to stimulus	acts_upstream_of_or_within	PMID:9000133	MGI	1	1
P20607	Il6	10116	Rattus norvegicus	GO:0031294	lymphocyte costimulation	biological regulation	involved_in	PMID:22417871	RGD	1	48
P20651	Ppp3cb	10116	Rattus norvegicus	GO:0046716	muscle cell cellular homeostasis	unclassified	involved_in	PMID:11997253	RGD	1	3
P20689	Mylk2	10116	Rattus norvegicus	GO:0006936	muscle contraction	unclassified	involved_in	PMID:2839493	RGD	1	1
P20749	BCL3	9606	Homo sapiens	GO:1901222	regulation of non-canonical NF-kappaB signal transduction	biological regulation	involved_in	PMID:8196632	UniProt	1	1
P20961	Serpine1	10116	Rattus norvegicus	GO:0045576	mast cell activation	unclassified	involved_in	PMID:15961275	RGD	1	44
P20961	Serpine1	10116	Rattus norvegicus	GO:0071321	cellular response to cGMP	response to stimulus	involved_in	PMID:9812917	RGD	1	44
P21588	Nt5e	10116	Rattus norvegicus	GO:0046889	positive regulation of lipid biosynthetic process	biological regulation	involved_in	PMID:21372807	RGD	1	2
P21708	Mapk3	10116	Rattus norvegicus	GO:0019369	arachidonate metabolic process	metabolic process	involved_in	PMID:15027896	RGD	1	1
P21760	EXFABP	9031	Gallus gallus	GO:0003415	chondrocyte hypertrophy	developmental process	involved_in	PMID:1737754	AgBase	1	14
P22071	Hsd3b1	10116	Rattus norvegicus	GO:0046470	phosphatidylcholine metabolic process	metabolic process	involved_in	PMID:2590715	RGD	1	39
P22071	Hsd3b1	10116	Rattus norvegicus	GO:0071406	cellular response to methylmercury	response to stimulus	involved_in	PMID:2253967	RGD	1	39
P22443	Cyp19a1	10116	Rattus norvegicus	GO:0008206	bile acid metabolic process	metabolic process	involved_in	PMID:20026603	RGD	1	23
P22734	Comt	10116	Rattus norvegicus	GO:0097333	response to olanzapine	response to stimulus	involved_in	PMID:15964593	RGD	1	5
P22807	slou	7227	Drosophila melanogaster	GO:0007521	muscle cell fate determination	developmental process	involved_in	PMID:1980118	UniProt	1	1
P22985	Xdh	10116	Rattus norvegicus	GO:0097184	response to azide	response to stimulus	involved_in	PMID:23174561	RGD	1	6
P23441	Nkx2-1	10116	Rattus norvegicus	GO:1990401	embryonic lung development	developmental process	involved_in	PMID:23894445	RGD	1	5
P23524	garK	83333	Escherichia coli K-12	GO:0042838	D-glucarate catabolic process	metabolic process	acts_upstream_of_or_within	PMID:4887503	EcoCyc	1	2
P23524	garK	83333	Escherichia coli K-12	GO:0046392	D-galactarate catabolic process	metabolic process	acts_upstream_of_or_within	PMID:4887503	EcoCyc	1	2
P23696	mts	7227	Drosophila melanogaster	GO:0090162	establishment of epithelial cell polarity	unclassified	involved_in	PMID:19690050	FlyBase	1	1
P24388	Crhbp	10116	Rattus norvegicus	GO:0001963	synaptic transmission, dopaminergic	biological regulation	involved_in	PMID:18478589	UniProt	1	1
P24393	Grp	10116	Rattus norvegicus	GO:1904384	cellular response to sodium phosphate	response to stimulus	involved_in	PMID:32192106	RGD	1	1
P25054	APC	9606	Homo sapiens	GO:0060632	regulation of microtubule-based movement	biological regulation	involved_in	PMID:28057765	UniProt	1	1
P25071	CML12	3702	Arabidopsis thaliana	GO:0009652	thigmotropism	response to stimulus	acts_upstream_of_or_within	PMID:8564305	TAIR	1	3
P25362	PET18	559292	Saccharomyces cerevisiae S288C	GO:0006772	thiamine metabolic process	metabolic process	involved_in	PMID:10383756	SGD	1	1
P25765	Cht12	39947	Oryza sativa Japonica Group	GO:0006040	amino sugar metabolic process	metabolic process	involved_in	PMID:2034221	GR	1	1
P26051	Cd44	10116	Rattus norvegicus	GO:0001955	blood vessel maturation	developmental process	involved_in	PMID:15947460	RGD	1	3
P26431	Slc9a1	10116	Rattus norvegicus	GO:0086003	cardiac muscle cell contraction	unclassified	involved_in	PMID:20868366	RGD	1	5
P26817	Grk2	10116	Rattus norvegicus	GO:0071870	cellular response to catecholamine stimulus	response to stimulus	involved_in	PMID:26849467	RGD	1	9
P27158	Tk1	10116	Rattus norvegicus	GO:0060138	fetal process involved in parturition	developmental process	involved_in	PMID:7208144	RGD	1	8
P27202	PSBR	3702	Arabidopsis thaliana	GO:0010270	photosystem II oxygen evolving complex assembly	metabolic process	acts_upstream_of_or_within	PMID:16282331	TAIR	1	1
P27321	Cast	10116	Rattus norvegicus	GO:0007520	myoblast fusion	developmental process	involved_in	PMID:12832042	RGD	1	5
P27653	Mthfd1	10116	Rattus norvegicus	GO:0006730	one-carbon metabolic process	metabolic process	involved_in	PMID:14597174	RGD	1	2
P28186	RABE1C	3702	Arabidopsis thaliana	GO:0009873	ethylene-activated signaling pathway	response to stimulus	acts_upstream_of_or_within	PMID:12692329	TAIR	1	1
P28348	nirA	227321	Aspergillus nidulans FGSC A4	GO:0006808	regulation of nitrogen utilization	biological regulation	acts_upstream_of_or_within	PMID:11972792	AspGD	1	1
P28741	Kif3a	10090	Mus musculus	GO:0098937	anterograde dendritic transport	localization	involved_in	PMID:26335646	SynGO	1	2
P28906	CD34	9606	Homo sapiens	GO:0071657	positive regulation of granulocyte colony-stimulating factor production	biological regulation	involved_in	PMID:17261663	UniProt	1	11
P28906	CD34	9606	Homo sapiens	GO:0072254	metanephric glomerular mesangial cell differentiation	developmental process	involved_in	PMID:1868864	UniProt	1	11
P29288	Acp5	10116	Rattus norvegicus	GO:0045453	bone resorption	unclassified	involved_in	PMID:20069278	RGD	1	12
P29410	Ak2	10116	Rattus norvegicus	GO:0006119	oxidative phosphorylation	metabolic process	involved_in	PMID:18423391	RGD	1	3
P29555	abd-A	7227	Drosophila melanogaster	GO:0035053	dorsal vessel heart proper cell fate commitment	developmental process	involved_in	PMID:12435360	FlyBase	1	2
P29598	Plau	10116	Rattus norvegicus	GO:0035728	response to hepatocyte growth factor	response to stimulus	involved_in	PMID:21843593	RGD	1	11
P29972	AQP1	9606	Homo sapiens	GO:0033326	cerebrospinal fluid secretion	biological regulation	involved_in	PMID:16814974	UniProt	1	6
P30136	thiC	83333	Escherichia coli K-12	GO:0045947	negative regulation of translational initiation	biological regulation	involved_in	PMID:38864595	EcoCyc	1	2
P30152	Lcn2	10116	Rattus norvegicus	GO:0036295	cellular response to increased oxygen levels	response to stimulus	involved_in	PMID:24916903	RGD	1	24
P30349	Lta4h	10116	Rattus norvegicus	GO:0060509	type I pneumocyte differentiation	developmental process	involved_in	PMID:15805137	RGD	1	3
P30530	AXL	9606	Homo sapiens	GO:0048469	cell maturation	developmental process	involved_in	PMID:19657094	UniProt	1	2
P30836	Sell	10116	Rattus norvegicus	GO:0098759	cellular response to interleukin-8	response to stimulus	involved_in	PMID:7690324	RGD	1	5
P30904	Mif	10116	Rattus norvegicus	GO:0032572	response to menaquinone	response to stimulus	involved_in	PMID:15856362	RGD	1	14
P30994	Htr2b	10116	Rattus norvegicus	GO:0043647	inositol phosphate metabolic process	metabolic process	involved_in	PMID:1331748	RGD	1	2
P31044	Pebp1	10116	Rattus norvegicus	GO:0042755	eating behavior	unclassified	involved_in	PMID:16132681	RGD	1	13
P31240	Pdgfb	10090	Mus musculus	GO:0072264	metanephric glomerular endothelium development	developmental process	involved_in	PMID:9693135	UniProt	1	2
P31675	setA	83333	Escherichia coli K-12	GO:0036448	cellular response to glucose-phosphate stress	response to stimulus	acts_upstream_of_or_within	PMID:20971900	EcoCyc	1	1
P31779	P31779	8400	Aquarana catesbeiana	GO:0070327	thyroid hormone transport	biological regulation	involved_in	PMID:8477670	UniProt	1	1
P32030	slp1	7227	Drosophila melanogaster	GO:0007380	specification of segmental identity, head	developmental process	involved_in	PMID:7720559	FlyBase	1	1
P32114	Pax2	10090	Mus musculus	GO:0072197	ureter morphogenesis	developmental process	involved_in	PMID:1723950	UniProt	1	10
P32170	rhaA	83333	Escherichia coli K-12	GO:0019324	L-lyxose metabolic process	metabolic process	acts_upstream_of_or_within	PMID:1650346	EcoCyc	1	1
P32760	PTN	9031	Gallus gallus	GO:0061054	dermatome development	developmental process	involved_in	PMID:19526365	AgBase	1	10
P34080	Aqp2	10116	Rattus norvegicus	GO:0006833	water transport	localization	involved_in	PMID:11518698	RGD	1	9
P35131	UBC8	3702	Arabidopsis thaliana	GO:0009960	endosperm development	developmental process	acts_upstream_of_or_within	PMID:21914649	TAIR	1	1
P35355	Ptgs2	10116	Rattus norvegicus	GO:0042633	hair cycle	unclassified	involved_in	PMID:19180200	RGD	1	17
P35428	Hes1	10090	Mus musculus	GO:0072012	glomerulus vasculature development	developmental process	involved_in	PMID:15821257	UniProt	1	6
P35428	Hes1	10090	Mus musculus	GO:0072141	renal interstitial fibroblast development	developmental process	involved_in	PMID:15821257	UniProt	1	6
P35459	Ly6d	10090	Mus musculus	GO:0030098	lymphocyte differentiation	developmental process	involved_in	PMID:19833765	UniProt	1	2
P35497	SOR1	559292	Saccharomyces cerevisiae S288C	GO:0019318	hexose metabolic process	metabolic process	involved_in	PMID:8125328	SGD	1	1
P35570	Irs1	10116	Rattus norvegicus	GO:0071478	cellular response to radiation	response to stimulus	involved_in	PMID:17427956	RGD	1	5
P35713	SOX18	9606	Homo sapiens	GO:0043534	blood vessel endothelial cell migration	unclassified	involved_in	PMID:16882943	UniProt	1	2
P35716	SOX11	9606	Homo sapiens	GO:0017015	regulation of transforming growth factor beta receptor signaling pathway	biological regulation	involved_in	PMID:20624318	UniProt	1	2
P35875	Parp1	7227	Drosophila melanogaster	GO:0035080	heat shock-mediated polytene chromosome puffing	response to stimulus	involved_in	PMID:12543974	FlyBase	1	1
P36662	torD	83333	Escherichia coli K-12	GO:0051604	protein maturation	metabolic process	acts_upstream_of_or_within	PMID:15723832	EcoliWiki	1	1
P37172	Acvr1	10090	Mus musculus	GO:0002526	acute inflammatory response	response to stimulus	involved_in	PMID:12151307	UniProt	1	1
P37330	glcB	83333	Escherichia coli K-12	GO:0009436	glyoxylate catabolic process	metabolic process	acts_upstream_of_or_within	PMID:4892366	EcoCyc	1	1
P37678	sgbH	83333	Escherichia coli K-12	GO:0016052	carbohydrate catabolic process	metabolic process	acts_upstream_of_or_within	PMID:10913096	EcoCyc	1	1
P38438	Tgfbr2	10116	Rattus norvegicus	GO:0043415	positive regulation of skeletal muscle tissue regeneration	biological regulation	involved_in	PMID:10672325	RGD	1	13
P38936	CDKN1A	9606	Homo sapiens	GO:0001933	negative regulation of protein phosphorylation	biological regulation	involved_in	PMID:7958916	DisProt	1	3
P38936	CDKN1A	9606	Homo sapiens	GO:0001934	positive regulation of protein phosphorylation	biological regulation	involved_in	PMID:22869755	DisProt	1	3
P39069	Ak1	10116	Rattus norvegicus	GO:0014042	positive regulation of neuron maturation	biological regulation	involved_in	PMID:9920788	RGD	1	9
P39304	ulaD	83333	Escherichia coli K-12	GO:0019854	L-ascorbic acid catabolic process	metabolic process	acts_upstream_of_or_within	PMID:14996803	EcoCyc	1	1
P40410	feuB	224308	Bacillus subtilis subsp. subtilis str. 168	GO:0006811	monoatomic ion transport	localization	involved_in	PMID:10913079	CACAO	1	1
P40417	rl	7227	Drosophila melanogaster	GO:0007362	terminal region determination	developmental process	involved_in	PMID:9882506	FlyBase	1	8
P40423	sqh	7227	Drosophila melanogaster	GO:0110069	syncytial embryo cellularization	developmental process	involved_in	PMID:27226317	FlyBase	1	1
P41135	Id1	10116	Rattus norvegicus	GO:0036164	cell-abiotic substrate adhesion	unclassified	involved_in	PMID:11600477	RGD	1	7
P41136	Id2	10090	Mus musculus	GO:0061031	endodermal digestive tract morphogenesis	developmental process	involved_in	PMID:16888283	UniProt	1	5
P41499	Ptpn11	10116	Rattus norvegicus	GO:0048659	smooth muscle cell proliferation	unclassified	involved_in	PMID:12117720	RGD	1	4
P41516	Top2a	10116	Rattus norvegicus	GO:0021702	cerebellar Purkinje cell differentiation	developmental process	involved_in	PMID:11170002	RGD	1	6
P42330	AKR1C3	9606	Homo sapiens	GO:0006693	prostaglandin metabolic process	metabolic process	involved_in	PMID:20036328	UniProt	1	7
P42330	AKR1C3	9606	Homo sapiens	GO:0043170	macromolecule metabolic process	metabolic process	involved_in	PMID:18641923	UniProt	1	7
P42346	Mtor	10116	Rattus norvegicus	GO:0099547	regulation of translation at synapse, modulating synaptic transmission	biological regulation	involved_in	PMID:15525761	SynGO	1	2
P42930	Hspb1	10116	Rattus norvegicus	GO:0071348	cellular response to interleukin-11	response to stimulus	involved_in	PMID:12730876	RGD	1	7
P43233	CTSB	9031	Gallus gallus	GO:0060561	apoptotic process involved in morphogenesis	developmental process	involved_in	PMID:16987511	AgBase	1	1
P43322	Nrg1	10116	Rattus norvegicus	GO:1904392	cellular response to ciliary neurotrophic factor	response to stimulus	involved_in	PMID:26043693	RGD	1	19
P43688	Nkx2-6	10090	Mus musculus	GO:0060039	pericardium development	developmental process	involved_in	PMID:9545560	BHF-UCL	1	10
P45352	Tyms	10116	Rattus norvegicus	GO:0019860	uracil metabolic process	metabolic process	involved_in	PMID:2043679	RGD	1	16
P45592	Cfl1	10116	Rattus norvegicus	GO:0071362	cellular response to ether	response to stimulus	involved_in	PMID:24239914	RGD	1	4
P46002	Ptafr	10116	Rattus norvegicus	GO:1904317	cellular response to 2-O-acetyl-1-O-hexadecyl-sn-glycero-3-phosphocholine	response to stimulus	involved_in	PMID:9321918	RGD	1	9
P46011	NIT4	3702	Arabidopsis thaliana	GO:0019499	cyanide metabolic process	metabolic process	acts_upstream_of_or_within	PMID:11060302	TAIR	1	2
P46011	NIT4	3702	Arabidopsis thaliana	GO:0051410	detoxification of nitrogen compound	response to stimulus	acts_upstream_of_or_within	PMID:11060302	TAIR	1	2
P46720	Slco1a1	10116	Rattus norvegicus	GO:0055085	transmembrane transport	localization	involved_in	PMID:12006354	RGD	1	2
P46993	ASG7	559292	Saccharomyces cerevisiae S288C	GO:0000747	conjugation with cellular fusion	unclassified	involved_in	PMID:10568744	SGD	1	1
P48000	KNAT3	3702	Arabidopsis thaliana	GO:0009722	detection of cytokinin stimulus	response to stimulus	acts_upstream_of_or_within	PMID:16463096	TAIR	1	2
P48002	KNAT5	3702	Arabidopsis thaliana	GO:0009727	detection of ethylene stimulus	response to stimulus	acts_upstream_of_or_within	PMID:16463096	TAIR	1	1
P48303	S1pr1	10116	Rattus norvegicus	GO:0019226	transmission of nerve impulse	unclassified	involved_in	PMID:7959012	RGD	1	3
P48437	Prox1	10090	Mus musculus	GO:0046619	lens placode formation involved in camera-type eye formation	developmental process	involved_in	PMID:11850194	BHF-UCL	1	4
P48442	Casr	10116	Rattus norvegicus	GO:0060613	fat pad development	developmental process	involved_in	PMID:21940515	RGD	1	12
P48607	spz	7227	Drosophila melanogaster	GO:0007310	oocyte dorsal/ventral axis specification	developmental process	involved_in	PMID:8124709	UniProt	1	2
P49134	Itgb1	10116	Rattus norvegicus	GO:0097368	establishment of Sertoli cell barrier	developmental process	involved_in	PMID:22872576	RGD	1	10
P49186	Mapk9	10116	Rattus norvegicus	GO:0070585	protein localization to mitochondrion	localization	involved_in	PMID:15504737	RGD	1	14
P49187	Mapk10	10116	Rattus norvegicus	GO:0150051	postsynaptic Golgi apparatus	cellular component	is_active_in	PMID:23838184	SynGO	1	3
P49192	Cartpt	10116	Rattus norvegicus	GO:0043435	response to corticotropin-releasing hormone	response to stimulus	involved_in	PMID:15138156	RGD	1	12
P49657	mnb	7227	Drosophila melanogaster	GO:0045666	positive regulation of neuron differentiation	biological regulation	involved_in	PMID:27510975	FlyBase	1	1
P49762	Doa	7227	Drosophila melanogaster	GO:0042051	compound eye photoreceptor development	developmental process	involved_in	PMID:11014821	FlyBase	1	1
P49897	Dio3	10116	Rattus norvegicus	GO:0070342	brown fat cell proliferation	unclassified	involved_in	PMID:17510246	RGD	1	2
P50231	Ccl5	10116	Rattus norvegicus	GO:0071307	cellular response to vitamin K	response to stimulus	involved_in	PMID:19291322	RGD	1	27
P50231	Ccl5	10116	Rattus norvegicus	GO:0071448	cellular response to alkyl hydroperoxide	response to stimulus	involved_in	PMID:18478184	RGD	1	27
P50238	CRIP1	9606	Homo sapiens	GO:0060741	prostate gland stromal morphogenesis	developmental process	involved_in	PMID:9507743	UniProt	1	3
P50339	Cma1	10116	Rattus norvegicus	GO:0006518	peptide metabolic process	metabolic process	involved_in	PMID:15265236	RGD	1	3
P50393	Pla2g4a	10116	Rattus norvegicus	GO:0030501	positive regulation of bone mineralization	biological regulation	involved_in	PMID:10807497	RGD	1	11
P50393	Pla2g4a	10116	Rattus norvegicus	GO:0031622	positive regulation of fever generation	biological regulation	involved_in	PMID:16933973	RGD	1	11
P50453	SERPINB9	9606	Homo sapiens	GO:0002448	mast cell mediated immunity	unclassified	involved_in	PMID:15739160	UniProt	1	2
P50569	Nr5a1	10116	Rattus norvegicus	GO:0097210	response to gonadotropin-releasing hormone	response to stimulus	involved_in	PMID:17344471	RGD	1	2
P50596	Lep	10116	Rattus norvegicus	GO:0001819	positive regulation of cytokine production	biological regulation	involved_in	PMID:19922787	RGD	1	17
P52627	fliZ	83333	Escherichia coli K-12	GO:0016989	sigma factor antagonist activity	biological regulation	enables	PMID:18765794	EcoCyc	1	1
P52759	Rida	10116	Rattus norvegicus	GO:0070314	G1 to G0 transition	unclassified	involved_in	PMID:10961346	RGD	1	5
P52947	Pdx1	10116	Rattus norvegicus	GO:1904102	cellular response to acadesine	response to stimulus	involved_in	PMID:19438972	RGD	1	18
P53563	Bcl2l1	10116	Rattus norvegicus	GO:1905218	cellular response to astaxanthin	response to stimulus	involved_in	PMID:22889354	RGD	1	23
P53567	CEBPG	9606	Homo sapiens	GO:0045739	positive regulation of DNA repair	biological regulation	involved_in	PMID:16255782	UniProt	1	1
P54100	Vav1	10116	Rattus norvegicus	GO:0002768	immune response-regulating cell surface receptor signaling pathway	response to stimulus	involved_in	PMID:1531699	RGD	1	1
P54362	g	7227	Drosophila melanogaster	GO:0006726	eye pigment biosynthetic process	metabolic process	involved_in	PMID:10659786	UniProt	1	1
P54733	CycE	7227	Drosophila melanogaster	GO:0007277	pole cell development	developmental process	involved_in	PMID:8187637	UniProt	1	2
P54745	mngA	83333	Escherichia coli K-12	GO:0051476	phosphoenolpyruvate-dependent mannosylglycerate phosphotransferase system	localization	acts_upstream_of_or_within	PMID:14645248	EcoCyc	1	1
P55108	Gdf10	10116	Rattus norvegicus	GO:0030278	regulation of ossification	biological regulation	involved_in	PMID:12270110	RGD	1	6
P55160	NCKAP1L	9606	Homo sapiens	GO:0048821	erythrocyte development	developmental process	involved_in	PMID:7643388	UniProt	1	1
P55207	Nppc	10116	Rattus norvegicus	GO:0048660	regulation of smooth muscle cell proliferation	biological regulation	involved_in	PMID:11742834	RGD	1	4
P55272	Cdkn2b	10116	Rattus norvegicus	GO:0030858	positive regulation of epithelial cell differentiation	biological regulation	involved_in	PMID:17158884	RGD	1	4
P55965	byn	7227	Drosophila melanogaster	GO:0007442	hindgut morphogenesis	developmental process	involved_in	PMID:7958884	FlyBase	1	1
P56553	CGR1	237561	Candida albicans SC5314	GO:0030308	negative regulation of cell growth	biological regulation	involved_in	PMID:11342110	CGD	1	1
P56706	WNT7B	9606	Homo sapiens	GO:0048144	fibroblast proliferation	unclassified	involved_in	PMID:19734317	UniProt	1	7
P56741	Mybpc3	10116	Rattus norvegicus	GO:0006942	regulation of striated muscle contraction	biological regulation	involved_in	PMID:8799143	BHF-UCL	1	2
P56741	Mybpc3	10116	Rattus norvegicus	GO:0060048	cardiac muscle contraction	unclassified	involved_in	PMID:8799143	BHF-UCL	1	2
P57790	Keap1	10116	Rattus norvegicus	GO:0001887	selenium compound metabolic process	metabolic process	involved_in	PMID:16978024	RGD	1	4
P58197	Tfap2a	10116	Rattus norvegicus	GO:0014044	Schwann cell development	developmental process	involved_in	PMID:11553286	RGD	1	1
P58200	Vti1b	10116	Rattus norvegicus	GO:0098954	presynaptic endosome membrane	cellular component	is_active_in	PMID:10908612	SynGO	1	1
P58751	Reln	10116	Rattus norvegicus	GO:0021511	spinal cord patterning	developmental process	involved_in	PMID:14648677	RGD	1	20
P59633	3b	694009	Severe acute respiratory syndrome-related coronavirus	GO:0001817	regulation of cytokine production	biological regulation	involved_in	PMID:21561061	CACAO	1	1
P61264	Stx1b	10090	Mus musculus	GO:0031629	synaptic vesicle fusion to presynaptic active zone membrane	biological regulation	involved_in	PMID:24587181	SynGO	1	2
P61589	Rhoa	10116	Rattus norvegicus	GO:0008064	regulation of actin polymerization or depolymerization	biological regulation	involved_in	PMID:17562852	RGD	1	15
P61589	Rhoa	10116	Rattus norvegicus	GO:0045727	positive regulation of translation	biological regulation	involved_in	PMID:17562852	RGD	1	15
P61589	Rhoa	10116	Rattus norvegicus	GO:0045785	positive regulation of cell adhesion	biological regulation	involved_in	PMID:17488779	RGD	1	15
P61589	Rhoa	10116	Rattus norvegicus	GO:0045907	positive regulation of vasoconstriction	biological regulation	involved_in	PMID:17468135	RGD	1	15
P63006	Lhx1	10090	Mus musculus	GO:0072283	metanephric renal vesicle morphogenesis	developmental process	involved_in	PMID:7909549	UniProt	1	11
P63007	Lhx1	10116	Rattus norvegicus	GO:0072224	metanephric glomerulus development	developmental process	involved_in	PMID:9496787	UniProt	1	7
P63035	Cyth2	10116	Rattus norvegicus	GO:0098892	extrinsic component of postsynaptic specialization membrane	cellular component	is_active_in	PMID:11850456	SynGO	1	1
P63090	Ptn	10116	Rattus norvegicus	GO:1904389	rod bipolar cell differentiation	developmental process	involved_in	PMID:16914133	RGD	1	27
P63090	Ptn	10116	Rattus norvegicus	GO:1904391	response to ciliary neurotrophic factor	response to stimulus	involved_in	PMID:16914133	RGD	1	27
P63090	Ptn	10116	Rattus norvegicus	GO:1904422	cellular response to D-galactosamine	response to stimulus	involved_in	PMID:12057922	RGD	1	27
P67999	Rps6kb1	10116	Rattus norvegicus	GO:0016477	cell migration	unclassified	involved_in	PMID:16710051	RGD	1	23
P68136	Acta1	10116	Rattus norvegicus	GO:0043503	skeletal muscle fiber adaptation	response to stimulus	involved_in	PMID:16428321	RGD	1	4
P68403	Prkcb	10116	Rattus norvegicus	GO:0042488	positive regulation of odontogenesis of dentin-containing tooth	biological regulation	involved_in	PMID:15763930	RGD	1	5
P70499	Ifnb1	10116	Rattus norvegicus	GO:1990786	cellular response to dsDNA	response to stimulus	involved_in	PMID:33115500	RGD	1	6
P70501	Rbm10	10116	Rattus norvegicus	GO:0060379	cardiac muscle cell myoblast differentiation	developmental process	involved_in	PMID:24178303	RGD	1	1
P70615	Lmnb1	10116	Rattus norvegicus	GO:1904613	cellular response to 2,3,7,8-tetrachlorodibenzodioxine	response to stimulus	involved_in	PMID:16548065	RGD	1	4
P75733	chiP	83333	Escherichia coli K-12	GO:0052778	diacetylchitobiose metabolic process	metabolic process	acts_upstream_of_or_within	PMID:19682266	EcoCyc	1	1
P75800	pdeI	83333	Escherichia coli K-12	GO:0061940	regulation of c-di-GMP signaling	biological regulation	acts_upstream_of_or_within	PMID:39689163	EcoCyc	1	1
P76085	paaK	83333	Escherichia coli K-12	GO:0047475	phenylacetate-CoA ligase activity	molecular function	enables	PMID:9748275	EcoCyc	1	1
P76149	sad	83333	Escherichia coli K-12	GO:0009447	putrescine catabolic process	metabolic process	acts_upstream_of_or_within	PMID:20639325	EcoCyc	1	2
P76149	sad	83333	Escherichia coli K-12	GO:0009450	GABA catabolic process	metabolic process	acts_upstream_of_or_within	PMID:7009588	EcoCyc	1	2
P77211	cusC	83333	Escherichia coli K-12	GO:0060003	copper ion export	localization	acts_upstream_of_or_within	PMID:11283292	EcoCyc	1	5
P77364	glxK	83333	Escherichia coli K-12	GO:0046296	glycolate catabolic process	metabolic process	acts_upstream_of_or_within	PMID:4887503	EcoCyc	1	1
P77379	rclR	83333	Escherichia coli K-12	GO:0090347	regulation of organohalogen metabolic process	biological regulation	acts_upstream_of_or_within	PMID:24078635	EcoCyc	1	2
P77485	cusS	83333	Escherichia coli K-12	GO:0071292	cellular response to silver ion	response to stimulus	acts_upstream_of_or_within	PMID:11283292	EcoCyc	1	1
P78423	CX3CL1	9606	Homo sapiens	GO:0050729	positive regulation of inflammatory response	biological regulation	involved_in	PMID:11777952	UniProt	1	1
P80201	Acvr1	10116	Rattus norvegicus	GO:0048641	regulation of skeletal muscle tissue development	biological regulation	involved_in	PMID:12968668	UniProt	1	2
P81067	Irx3	10090	Mus musculus	GO:0072047	proximal/distal pattern formation involved in nephron development	developmental process	involved_in	PMID:17875669	UniProt	1	3
P82995	Hsp90aa1	10116	Rattus norvegicus	GO:0002021	response to dietary excess	response to stimulus	involved_in	PMID:26745660	RGD	1	17
P82995	Hsp90aa1	10116	Rattus norvegicus	GO:0060452	positive regulation of cardiac muscle contraction	biological regulation	involved_in	PMID:21620734	RGD	1	17
P83887	Tubg1	10090	Mus musculus	GO:0000212	meiotic spindle organization	unclassified	involved_in	PMID:15007207	UniProt	1	1
P85171	Mdga1	10116	Rattus norvegicus	GO:0021527	spinal cord association neuron differentiation	developmental process	involved_in	PMID:15019943	HGNC-UCL	1	2
P92958	KIN11	3702	Arabidopsis thaliana	GO:0010353	response to trehalose	response to stimulus	involved_in	PMID:25071807	UniProt	1	1
P94077	LSD1	3702	Arabidopsis thaliana	GO:0009862	systemic acquired resistance, salicylic acid mediated signaling pathway	response to stimulus	acts_upstream_of_or_within	PMID:11844114	TAIR	1	1
P97436	Nkx3-1	10090	Mus musculus	GO:0035907	dorsal aorta development	developmental process	involved_in	PMID:9142502	UniProt	1	8
P97545	Ccl11	10116	Rattus norvegicus	GO:0035962	response to interleukin-13	response to stimulus	involved_in	PMID:15953562	RGD	1	3
P97588	Smad1	10116	Rattus norvegicus	GO:0010656	negative regulation of muscle cell apoptotic process	biological regulation	involved_in	PMID:11408477	RGD	1	3
P97588	Smad1	10116	Rattus norvegicus	GO:0050775	positive regulation of dendrite morphogenesis	biological regulation	involved_in	PMID:15056710	RGD	1	3
P97636	Il18	10116	Rattus norvegicus	GO:0048546	digestive tract morphogenesis	developmental process	involved_in	PMID:21088234	RGD	1	14
P97687	Entpd1	10116	Rattus norvegicus	GO:0010238	response to proline	response to stimulus	involved_in	PMID:17407768	RGD	1	11
P97698	Smo	10116	Rattus norvegicus	GO:0021561	facial nerve development	developmental process	involved_in	PMID:15356205	RGD	1	4
P97826	Star	10116	Rattus norvegicus	GO:0032367	intracellular cholesterol transport	localization	involved_in	PMID:14617579	RGD	1	43
P97879	Grip1	10116	Rattus norvegicus	GO:0060292	long-term synaptic depression	biological regulation	involved_in	PMID:26216979	RGD	1	10
P97884	Ccl20	10116	Rattus norvegicus	GO:0071223	cellular response to lipoteichoic acid	response to stimulus	involved_in	PMID:15618187	RGD	1	2
P98161	PKD1	9606	Homo sapiens	GO:0048806	genitalia development	developmental process	involved_in	PMID:11891195	UniProt	1	14
P98161	PKD1	9606	Homo sapiens	GO:0072287	metanephric distal tubule morphogenesis	developmental process	involved_in	PMID:11891195	UniProt	1	14
P9WGK3	devS	83332	Mycobacterium tuberculosis H37Rv	GO:0022611	dormancy process	developmental process	involved_in	PMID:12953092	UniProt	1	1
P9WMH7	clgR	83332	Mycobacterium tuberculosis H37Rv	GO:0061136	regulation of proteasomal protein catabolic process	biological regulation	involved_in	PMID:20688819	MTBBASE	1	5
P9WMH7	clgR	83332	Mycobacterium tuberculosis H37Rv	GO:0090062	regulation of trehalose metabolic process	biological regulation	involved_in	PMID:20701538	MTBBASE	1	5
Q00288	Pax8	10090	Mus musculus	GO:0072073	kidney epithelium development	developmental process	involved_in	PMID:1723950	UniProt	1	8
Q00566	Mecp2	10116	Rattus norvegicus	GO:0021740	principal sensory nucleus of trigeminal nerve development	developmental process	involved_in	PMID:12605461	RGD	1	20
Q00959	Grin2a	10116	Rattus norvegicus	GO:1901419	regulation of response to alcohol	biological regulation	involved_in	PMID:23506787	RGD	1	32
Q01827	Slc18a2	10116	Rattus norvegicus	GO:0032456	endocytic recycling	localization	involved_in	PMID:20534840	RGD	1	10
Q01859	ATPB	39947	Oryza sativa Japonica Group	GO:0015986	proton motive force-driven ATP synthesis	metabolic process	involved_in	PMID:1387558	GR	1	1
Q01984	Hnmt	10116	Rattus norvegicus	GO:0002347	response to tumor cell	response to stimulus	involved_in	PMID:3111198	RGD	1	7
Q02013	Aqp1	10090	Mus musculus	GO:0072220	metanephric descending thin limb development	developmental process	involved_in	PMID:18618131	UniProt	1	5
Q02013	Aqp1	10090	Mus musculus	GO:0072230	metanephric proximal straight tubule development	developmental process	involved_in	PMID:18618131	UniProt	1	5
Q02013	Aqp1	10090	Mus musculus	GO:0072232	metanephric proximal convoluted tubule segment 2 development	developmental process	involved_in	PMID:18618131	UniProt	1	5
Q02013	Aqp1	10090	Mus musculus	GO:0072239	metanephric glomerulus vasculature development	developmental process	involved_in	PMID:18618131	UniProt	1	5
Q02936	hh	7227	Drosophila melanogaster	GO:0007458	progression of morphogenetic furrow involved in compound eye morphogenesis	developmental process	involved_in	PMID:8252628	FlyBase	1	4
Q03001	DST	9606	Homo sapiens	GO:0045104	intermediate filament cytoskeleton organization	unclassified	involved_in	PMID:11751855	UniProt	1	1
Q03017	cact	7227	Drosophila melanogaster	GO:0019730	antimicrobial humoral response	response to stimulus	involved_in	PMID:9553105	FlyBase	1	1
Q04721	NOTCH2	9606	Homo sapiens	GO:0009887	animal organ morphogenesis	developmental process	involved_in	PMID:12531696	UniProt	1	1
Q04887	Sox9	10090	Mus musculus	GO:0072170	metanephric tubule development	developmental process	involved_in	PMID:8787755	UniProt	1	14
Q04887	Sox9	10090	Mus musculus	GO:0072190	ureter urothelium development	developmental process	involved_in	PMID:21512138	UniProt	1	14
Q04980	LTI65	3702	Arabidopsis thaliana	GO:0009738	abscisic acid-activated signaling pathway	response to stimulus	acts_upstream_of_or_within	PMID:11005831	TAIR	1	8
Q05030	Pdgfrb	10116	Rattus norvegicus	GO:0072275	metanephric glomerulus morphogenesis	developmental process	involved_in	PMID:10734101	UniProt	1	14
Q05318	L	128952	Ebola virus - Mayinga, Zaire, 1976	GO:0097747	RNA polymerase activity	molecular function	enables	PMID:25297996	DisProt	1	1
Q05695	L1cam	10116	Rattus norvegicus	GO:0071542	dopaminergic neuron differentiation	developmental process	involved_in	PMID:1350253	RGD	1	10
Q05941	Chrna7	10116	Rattus norvegicus	GO:0046681	response to carbamate	response to stimulus	involved_in	PMID:15179037	RGD	1	4
Q06003	gol	7227	Drosophila melanogaster	GO:0001707	mesoderm formation	developmental process	involved_in	PMID:8462875	UniProt	1	1
Q06145	Gip	10116	Rattus norvegicus	GO:0055123	digestive system development	developmental process	involved_in	PMID:8674860	RGD	1	12
Q06496	Slc34a1	10116	Rattus norvegicus	GO:0044341	sodium-dependent phosphate transport	localization	involved_in	PMID:17310099	RGD	1	20
Q06496	Slc34a1	10116	Rattus norvegicus	GO:0072350	tricarboxylic acid metabolic process	metabolic process	involved_in	PMID:10926678	RGD	1	20
Q06496	Slc34a1	10116	Rattus norvegicus	GO:2000120	positive regulation of sodium-dependent phosphate transport	biological regulation	involved_in	PMID:16476458	RGD	1	20
Q06561	unc-52	6239	Caenorhabditis elegans	GO:0030239	myofibril assembly	developmental process	involved_in	PMID:8393416	UniProt	1	1
Q06787	FMR1	9606	Homo sapiens	GO:0008143	poly(A) binding	molecular function	enables	PMID:10496225	DisProt	1	3
Q06787	FMR1	9606	Homo sapiens	GO:0008266	poly(U) RNA binding	molecular function	enables	PMID:10496225	DisProt	1	3
Q06787	FMR1	9606	Homo sapiens	GO:0034046	poly(G) binding	molecular function	enables	PMID:10496225	DisProt	1	3
Q06826	Bmp4	10116	Rattus norvegicus	GO:0060033	anatomical structure regression	developmental process	involved_in	PMID:12808102	RGD	1	16
Q06826	Bmp4	10116	Rattus norvegicus	GO:0060462	lung lobe development	developmental process	involved_in	PMID:15991191	RGD	1	16
Q06850	CPK1	3702	Arabidopsis thaliana	GO:1900055	regulation of leaf senescence	biological regulation	acts_upstream_of_or_within	PMID:32111670	TAIR	1	1
Q07008	Notch1	10116	Rattus norvegicus	GO:0021515	cell differentiation in spinal cord	developmental process	involved_in	PMID:20195794	RGD	1	7
Q07014	Lyn	10116	Rattus norvegicus	GO:0006991	response to sterol depletion	response to stimulus	involved_in	PMID:10330413	RGD	1	12
Q071N0	SALR	3469	Papaver somniferum	GO:0097295	morphine biosynthetic process	metabolic process	involved_in	PMID:16968522	UniProt	1	1
Q07303	Epor	10116	Rattus norvegicus	GO:1904374	cellular response to kainic acid	response to stimulus	involved_in	PMID:18711747	RGD	1	2
Q07407	htl	7227	Drosophila melanogaster	GO:0007493	endodermal cell fate determination	developmental process	involved_in	PMID:8330538	UniProt	1	4
Q07407	htl	7227	Drosophila melanogaster	GO:0007500	mesodermal cell fate determination	developmental process	involved_in	PMID:8330538	UniProt	1	4
Q08463	Fzd1	10116	Rattus norvegicus	GO:0045667	regulation of osteoblast differentiation	biological regulation	involved_in	PMID:1334084	RGD	1	6
Q08473	sqd	7227	Drosophila melanogaster	GO:0045451	pole plasm oskar mRNA localization	developmental process	involved_in	PMID:15791421	FlyBase	1	1
Q09377	lin-56	6239	Caenorhabditis elegans	GO:0040025	vulval development	developmental process	involved_in	PMID:21196525	UniProt	1	1
Q09JY9	shroom2	8364	Xenopus tropicalis	GO:0043583	ear development	developmental process	involved_in	PMID:16987870	HGNC-UCL	1	3
Q0P031	vsx1	8355	Xenopus laevis	GO:0060040	retinal bipolar neuron differentiation	developmental process	involved_in	PMID:16903786	UniProt	1	1
Q0WW84	RBP47B	3702	Arabidopsis thaliana	GO:0034063	stress granule assembly	unclassified	acts_upstream_of_or_within	PMID:29618637	TAIR	1	1
Q0ZGT2	NEXN	9606	Homo sapiens	GO:0051493	regulation of cytoskeleton organization	biological regulation	involved_in	PMID:15823560	UniProt	1	1
Q10739	Mmp14	10116	Rattus norvegicus	GO:0043615	astrocyte cell migration	developmental process	involved_in	PMID:16265672	RGD	1	12
Q12680	GLT1	559292	Saccharomyces cerevisiae S288C	GO:0019676	ammonia assimilation cycle	response to stimulus	involved_in	PMID:11356843	SGD	1	2
Q12680	GLT1	559292	Saccharomyces cerevisiae S288C	GO:0097054	L-glutamate biosynthetic process	metabolic process	involved_in	PMID:9657994	SGD	1	2
Q13563	PKD2	9606	Homo sapiens	GO:0061441	renal artery morphogenesis	developmental process	involved_in	PMID:11891195	UniProt	1	17
Q13563	PKD2	9606	Homo sapiens	GO:0072208	metanephric smooth muscle tissue development	developmental process	involved_in	PMID:11891195	UniProt	1	17
Q13563	PKD2	9606	Homo sapiens	GO:0072214	metanephric cortex development	developmental process	involved_in	PMID:11891195	UniProt	1	17
Q13563	PKD2	9606	Homo sapiens	GO:0072219	metanephric cortical collecting duct development	developmental process	involved_in	PMID:11891195	UniProt	1	17
Q13563	PKD2	9606	Homo sapiens	GO:0072235	metanephric distal tubule development	developmental process	involved_in	PMID:11891195	UniProt	1	17
Q15628	TRADD	9606	Homo sapiens	GO:0033209	tumor necrosis factor-mediated signaling pathway	response to stimulus	involved_in	PMID:12761501	UniProt	1	2
Q1A5L2	crb2a	7955	Danio rerio	GO:0045746	negative regulation of Notch signaling pathway	biological regulation	acts_upstream_of_or_within	PMID:21262462	ZFIN	1	1
Q1LZ53	Dnmt3a	10116	Rattus norvegicus	GO:0097284	hepatocyte apoptotic process	unclassified	involved_in	PMID:19833194	RGD	1	14
Q1PDW5	FTSH6	3702	Arabidopsis thaliana	GO:0010304	PSII associated light-harvesting complex II catabolic process	metabolic process	acts_upstream_of_or_within	PMID:16157880	TAIR	1	1
Q20363	sip-1	6239	Caenorhabditis elegans	GO:0008340	determination of adult lifespan	unclassified	involved_in	PMID:25957690	WB	1	1
Q24141	mei-S332	7227	Drosophila melanogaster	GO:0007065	male meiosis sister chromatid cohesion	unclassified	involved_in	PMID:7585942	FlyBase	1	1
Q24145	Shark	7227	Drosophila melanogaster	GO:0045199	maintenance of epithelial cell apical/basal polarity	unclassified	involved_in	PMID:7892198	UniProt	1	1
Q24151	Stat92E	7227	Drosophila melanogaster	GO:0043697	cell dedifferentiation	developmental process	involved_in	PMID:19664993	FlyBase	1	2
Q26416	Acp1	7227	Drosophila melanogaster	GO:0008365	adult chitin-based cuticle development	developmental process	involved_in	PMID:7875368	FlyBase	1	1
Q27896	Trf	7227	Drosophila melanogaster	GO:0006384	transcription initiation at RNA polymerase III promoter	metabolic process	involved_in	PMID:9335336	FlyBase	1	1
Q27934	phyl	7227	Drosophila melanogaster	GO:0007462	R1/R6 cell fate commitment	developmental process	involved_in	PMID:7888014	FlyBase	1	2
Q27934	phyl	7227	Drosophila melanogaster	GO:0007465	R7 cell fate commitment	developmental process	involved_in	PMID:7888014	FlyBase	1	2
Q29RW1	Myh4	10116	Rattus norvegicus	GO:0061061	muscle structure development	developmental process	involved_in	PMID:23709586	RGD	1	4
Q2KHK6	Gsdmc2	10090	Mus musculus	GO:0060576	intestinal epithelial cell development	developmental process	involved_in	PMID:17350798	UniProt	1	1
Q2LAJ3	ARF2A	4081	Solanum lycopersicum	GO:0009911	positive regulation of flower development	biological regulation	involved_in	PMID:28167023	UniProt	1	2
Q2MJS2	IRF2BPL	9544	Macaca mulatta	GO:0046543	development of secondary female sexual characteristics	developmental process	involved_in	PMID:17627301	ParkinsonsUK-UCL	1	1
Q2PS07	Q2PS07	3617	Fagopyrum esculentum	GO:0048367	shoot system development	developmental process	involved_in	PMID:21461893	UniProt	1	1
Q2QI47	Ush2A	10090	Mus musculus	GO:0035315	hair cell differentiation	developmental process	involved_in	PMID:16301217	BHF-UCL	1	1
Q2TXQ8	aoiG	510516	Aspergillus oryzae RIB40	GO:0030639	polyketide biosynthetic process	metabolic process	acts_upstream_of_or_within	PMID:22447538	AspGD	1	1
Q2VUE0	Brn-1	93934	Coturnix japonica	GO:0021556	central nervous system formation	developmental process	involved_in	PMID:16498618	UniProt	1	4
Q2VUE0	Brn-1	93934	Coturnix japonica	GO:0061219	mesonephric mesenchyme development	developmental process	involved_in	PMID:16498618	UniProt	1	4
Q39081	CAL	3702	Arabidopsis thaliana	GO:0010582	floral meristem determinacy	developmental process	acts_upstream_of_or_within	PMID:20626659	TAIR	1	1
Q39089	PAC	3702	Arabidopsis thaliana	GO:0016070	RNA metabolic process	metabolic process	acts_upstream_of_or_within	PMID:28805278	TAIR	1	2
Q39110	GA20OX1	3702	Arabidopsis thaliana	GO:0048575	short-day photoperiodism, flowering	response to stimulus	acts_upstream_of_or_within	PMID:7604047	TAIR	1	2
Q39123	ATHB-8	3702	Arabidopsis thaliana	GO:0010067	procambium histogenesis	developmental process	acts_upstream_of_or_within	PMID:19726572	TAIR	1	3
Q3B8Q2	Eif4a3	10116	Rattus norvegicus	GO:0035640	exploration behavior	unclassified	involved_in	PMID:22982623	RGD	1	4
Q3B8Q2	Eif4a3	10116	Rattus norvegicus	GO:0072715	cellular response to selenite ion	response to stimulus	involved_in	PMID:19716792	RGD	1	4
Q3LSV1	Id2	93934	Coturnix japonica	GO:0042733	embryonic digit morphogenesis	developmental process	involved_in	PMID:16152631	AgBase	1	2
Q3UEZ8	Slc10a4	10090	Mus musculus	GO:0099154	serotonergic synapse	cellular component	is_active_in	PMID:25176177	SynGO	1	6
Q40629	RTS	39946	Oryza sativa Indica Group	GO:0048656	anther wall tapetum formation	developmental process	involved_in	PMID:16897470	GR	1	2
Q40629	RTS	39946	Oryza sativa Indica Group	GO:0048658	anther wall tapetum development	developmental process	involved_in	PMID:16897470	GR	1	2
Q42485	ZFP1	3702	Arabidopsis thaliana	GO:0009640	photomorphogenesis	response to stimulus	acts_upstream_of_or_within	PMID:10794528	TAIR	1	1
Q460G9	alcS	227321	Aspergillus nidulans FGSC A4	GO:0019413	acetate biosynthetic process	metabolic process	acts_upstream_of_or_within	PMID:16531087	AspGD	1	3
Q46871	yqjH	83333	Escherichia coli K-12	GO:0071289	cellular response to nickel ion	response to stimulus	acts_upstream_of_or_within	PMID:21097627	EcoCyc	1	1
Q46916	gudP	83333	Escherichia coli K-12	GO:0042836	D-glucarate metabolic process	metabolic process	acts_upstream_of_or_within	PMID:10762278	EcoCyc	1	2
Q4G079	Aimp1	10116	Rattus norvegicus	GO:0048514	blood vessel morphogenesis	developmental process	involved_in	PMID:14732363	RGD	1	2
Q4V7C7	Actr3	10116	Rattus norvegicus	GO:0061843	Sertoli cell barrier remodeling	unclassified	involved_in	PMID:20534520	RGD	1	9
Q4V7C7	Actr3	10116	Rattus norvegicus	GO:1905837	cellular response to triterpenoid	response to stimulus	involved_in	PMID:20566646	RGD	1	9
Q50L36	ISPS	43335	Populus alba	GO:0071485	cellular response to absence of light	response to stimulus	involved_in	PMID:15848197	UniProt	1	4
Q53AQ4	Tmub1	10116	Rattus norvegicus	GO:0098944	postsynaptic recycling endosome membrane	cellular component	is_active_in	PMID:18665261	SynGO	1	1
Q54BC0	DDB_G0293762	44689	Dictyostelium discoideum	GO:0140084	sexual macrocyst formation	unclassified	acts_upstream_of_or_within	PMID:15817229	dictyBase	1	1
Q54FX2	rblA	44689	Dictyostelium discoideum	GO:0010389	regulation of G2/M transition of mitotic cell cycle	biological regulation	acts_upstream_of_or_within	PMID:22768168	dictyBase	1	2
Q54FX2	rblA	44689	Dictyostelium discoideum	GO:0031156	regulation of sorocarp development	biological regulation	acts_upstream_of_or_within	PMID:22768168	dictyBase	1	2
Q54N80	fkbp3	44689	Dictyostelium discoideum	GO:0019954	asexual reproduction	unclassified	acts_upstream_of_or_within	PMID:16087752	dictyBase	1	1
Q54NW7	vamp7A	44689	Dictyostelium discoideum	GO:0008333	endosome to lysosome transport	localization	involved_in	PMID:12175335	UniProt	1	1
Q550K8	DDB_G0277071	44689	Dictyostelium discoideum	GO:1900424	regulation of defense response to bacterium	biological regulation	involved_in	PMID:19748467	dictyBase	1	1
Q557E6	DDB_G0273139	44689	Dictyostelium discoideum	GO:0044671	sorocarp spore cell differentiation	developmental process	acts_upstream_of_or_within	PMID:30975700	dictyBase	1	3
Q59MV9	YHB1	237561	Candida albicans SC5314	GO:0071500	cellular response to nitrosative stress	response to stimulus	involved_in	PMID:19897505	CGD	1	1
Q59Q77	REV1	237561	Candida albicans SC5314	GO:0003887	DNA-directed DNA polymerase activity	metabolic process	enables	PMID:39619432	CGD	1	1
Q5A2T6	SIT1	237561	Candida albicans SC5314	GO:0042928	ferrichrome import into cell	localization	involved_in	PMID:11870856	CGD	1	1
Q5A8N2	SAP4	237561	Candida albicans SC5314	GO:0042783	symbiont-mediated evasion of host immune response	response to stimulus	involved_in	PMID:9632257	CGD	1	1
Q5AAG6	MKC1	237561	Candida albicans SC5314	GO:0031098	stress-activated protein kinase signaling cascade	response to stimulus	involved_in	PMID:15800048	CGD	1	1
Q5AAW3	DHH1	237561	Candida albicans SC5314	GO:0010610	regulation of mRNA stability involved in response to stress	response to stimulus	involved_in	PMID:40096135	CGD	1	1
Q5ADS0	UBI4	237561	Candida albicans SC5314	GO:0007346	regulation of mitotic cell cycle	biological regulation	involved_in	PMID:40397362	CGD	1	2
Q5AHB5	DFG16	237561	Candida albicans SC5314	GO:0051453	regulation of intracellular pH	biological regulation	involved_in	PMID:17367383	CGD	1	1
Q5BJ08	en1b	7955	Danio rerio	GO:0048663	neuron fate commitment	developmental process	acts_upstream_of_or_within	PMID:15215305	ZFIN	1	1
Q5BJY9	Krt18	10116	Rattus norvegicus	GO:1902488	cholangiocyte apoptotic process	unclassified	involved_in	PMID:30563999	RGD	1	7
Q5DQR4	Stxbp5l	10090	Mus musculus	GO:0098992	neuronal dense core vesicle	cellular component	is_active_in	PMID:28746398	SynGO	1	1
Q5GQ97	TLR7	9031	Gallus gallus	GO:0032732	positive regulation of interleukin-1 production	biological regulation	involved_in	PMID:1580288	Roslin_Institute	1	3
Q5GQ97	TLR7	9031	Gallus gallus	GO:0032755	positive regulation of interleukin-6 production	biological regulation	involved_in	PMID:1580288	Roslin_Institute	1	3
Q5GQ97	TLR7	9031	Gallus gallus	GO:0050691	regulation of defense response to virus by host	biological regulation	involved_in	PMID:1580288	Roslin_Institute	1	3
Q5NBX1	Cobl	10090	Mus musculus	GO:0000578	embryonic axis specification	developmental process	involved_in	PMID:7586755	BHF-UCL	1	6
Q5NBX1	Cobl	10090	Mus musculus	GO:0033504	floor plate development	developmental process	involved_in	PMID:7586755	BHF-UCL	1	6
Q5QNP2	taar13c	7955	Danio rerio	GO:0050911	detection of chemical stimulus involved in sensory perception of smell	response to stimulus	acts_upstream_of_or_within	PMID:24218586	ZFIN	1	1
Q5U2Q5	Rrm1	10116	Rattus norvegicus	GO:0021846	cell proliferation in forebrain	developmental process	involved_in	PMID:12834878	RGD	1	5
Q5U2W9	Rnls	10116	Rattus norvegicus	GO:0071869	response to catecholamine	response to stimulus	involved_in	PMID:18299506	RGD	1	3
Q5U315	Tent2	10116	Rattus norvegicus	GO:0140235	RNA polyadenylation at postsynapse	metabolic process	involved_in	PMID:22727665	SynGO	1	8
Q5U315	Tent2	10116	Rattus norvegicus	GO:1990603	dark adaptation	response to stimulus	involved_in	PMID:23700402	RGD	1	8
Q5XI22	Acat2	10116	Rattus norvegicus	GO:0046952	ketone body catabolic process	metabolic process	involved_in	PMID:5116556	RGD	1	4
Q5XI73	Arhgdia	10116	Rattus norvegicus	GO:0097338	response to clozapine	response to stimulus	involved_in	PMID:22960606	RGD	1	3
Q5XV67	DMP7	3702	Arabidopsis thaliana	GO:0009900	dehiscence	unclassified	involved_in	PMID:20712629	UniProt	1	2
Q5Y808	ROP4	5811	Toxoplasma gondii	GO:0044409	symbiont entry into host	unclassified	involved_in	PMID:15470260	UniProt	1	1
Q60597	Ogdh	10090	Mus musculus	GO:0021695	cerebellar cortex development	developmental process	involved_in	PMID:16901643	UniProt	1	7
Q60597	Ogdh	10090	Mus musculus	GO:0022028	tangential migration from the subventricular zone to the olfactory bulb	developmental process	involved_in	PMID:16901643	UniProt	1	7
Q60848	Hells	10090	Mus musculus	GO:0046651	lymphocyte proliferation	unclassified	involved_in	PMID:10781083	UniProt	1	2
Q61001	Lama5	10090	Mus musculus	GO:0098965	extracellular matrix of synaptic cleft	cellular component	is_active_in	PMID:29091766	SynGO	1	2
Q61292	Lamb2	10090	Mus musculus	GO:0150043	structural constituent of synapse-associated extracellular matrix	molecular function	enables	PMID:17189701	SynGO	1	1
Q61483	Dll1	10090	Mus musculus	GO:0007219	Notch signaling pathway	response to stimulus	involved_in	PMID:23688253	UniProt	1	3
Q62181	Sema3c	10090	Mus musculus	GO:0003151	outflow tract morphogenesis	developmental process	involved_in	PMID:19666519	BHF-UCL	1	6
Q62181	Sema3c	10090	Mus musculus	GO:0003215	cardiac right ventricle morphogenesis	developmental process	involved_in	PMID:19666519	BHF-UCL	1	6
Q62181	Sema3c	10090	Mus musculus	GO:0003350	pulmonary myocardium development	developmental process	involved_in	PMID:19666519	BHF-UCL	1	6
Q62288	Spock1	10090	Mus musculus	GO:0001764	neuron migration	developmental process	involved_in	PMID:10640720	UniProt	1	3
Q62598	Dspp	10116	Rattus norvegicus	GO:0031214	biomineral tissue development	developmental process	involved_in	PMID:20425127	RGD	1	14
Q62598	Dspp	10116	Rattus norvegicus	GO:0048820	hair follicle maturation	developmental process	involved_in	PMID:21908176	RGD	1	14
Q62598	Dspp	10116	Rattus norvegicus	GO:0061978	mandibular condyle articular cartilage development	developmental process	involved_in	PMID:20097540	RGD	1	14
Q62600	Nos3	10116	Rattus norvegicus	GO:0006809	nitric oxide biosynthetic process	metabolic process	involved_in	PMID:16344378	RGD	1	45
Q62600	Nos3	10116	Rattus norvegicus	GO:1901654	response to ketone	response to stimulus	involved_in	PMID:19717731	RGD	1	45
Q62656	Ptprz1	10116	Rattus norvegicus	GO:0008542	visual learning	response to stimulus	involved_in	PMID:12737936	RGD	1	4
Q62717	Cadps	10116	Rattus norvegicus	GO:0098674	extrinsic component of neuronal dense core vesicle membrane	cellular component	is_active_in	PMID:9697858	SynGO	1	4
Q62745	Cd81	10116	Rattus norvegicus	GO:0040008	regulation of growth	biological regulation	involved_in	PMID:8757260	RGD	1	1
Q62826	Hnrnpm	10116	Rattus norvegicus	GO:1990831	cellular response to carcinoembryonic antigen	response to stimulus	involved_in	PMID:14597422	RGD	1	4
Q62880	Taf9b	10116	Rattus norvegicus	GO:0072712	response to thiabendazole	response to stimulus	involved_in	PMID:18539377	RGD	1	2
Q62986	Esr2	10116	Rattus norvegicus	GO:0021764	amygdala development	developmental process	involved_in	PMID:22791648	RGD	1	28
Q63042	Gfer	10116	Rattus norvegicus	GO:0072717	cellular response to actinomycin D	response to stimulus	involved_in	PMID:23073658	RGD	1	5
Q63190	Emd	10116	Rattus norvegicus	GO:0031468	nuclear membrane reassembly	unclassified	involved_in	PMID:10569247	RGD	1	1
Q63327	Mobp	10116	Rattus norvegicus	GO:0032289	central nervous system myelin formation	developmental process	involved_in	PMID:9306245	RGD	1	2
Q63425	Prx	10116	Rattus norvegicus	GO:0008366	axon ensheathment	developmental process	involved_in	PMID:8155317	RGD	1	2
Q63450	Camk1	10116	Rattus norvegicus	GO:0050807	regulation of synapse organization	biological regulation	involved_in	PMID:18184567	SynGO	1	3
Q63467	Tff1	10116	Rattus norvegicus	GO:0030277	maintenance of gastrointestinal epithelium	unclassified	involved_in	PMID:8836141	RGD	1	4
Q63474	Ddr1	10116	Rattus norvegicus	GO:0038063	collagen-activated tyrosine kinase receptor signaling pathway	response to stimulus	involved_in	PMID:28199848	RGD	1	3
Q63495	Ager	10116	Rattus norvegicus	GO:0033689	negative regulation of osteoblast proliferation	biological regulation	involved_in	PMID:23529231	RGD	1	20
Q63517	Cenpi	10116	Rattus norvegicus	GO:0042699	follicle-stimulating hormone signaling pathway	response to stimulus	involved_in	PMID:7758824	RGD	1	1
Q63544	Sncg	10116	Rattus norvegicus	GO:0002118	aggressive behavior	unclassified	involved_in	PMID:15660669	RGD	1	5
Q63673	Shh	10116	Rattus norvegicus	GO:0030856	regulation of epithelial cell differentiation	biological regulation	involved_in	PMID:14651923	RGD	1	8
Q63772	Gas6	10116	Rattus norvegicus	GO:0085029	extracellular matrix assembly	unclassified	involved_in	PMID:18374201	UniProt	1	3
Q63772	Gas6	10116	Rattus norvegicus	GO:2000533	negative regulation of renal albumin absorption	biological regulation	involved_in	PMID:18374201	UniProt	1	3
Q64487	Ptprd	10090	Mus musculus	GO:0099537	trans-synaptic signaling	biological regulation	involved_in	PMID:32347567	SynGO	1	1
Q64610	Enpp2	10116	Rattus norvegicus	GO:1903165	response to polycyclic arene	response to stimulus	involved_in	PMID:25490995	RGD	1	4
Q64612	Ptprv	10116	Rattus norvegicus	GO:0036035	osteoclast development	developmental process	involved_in	PMID:7527035	RGD	1	8
Q64634	Ugt1a8	10116	Rattus norvegicus	GO:1904682	cellular response to 3-methylcholanthrene	response to stimulus	involved_in	PMID:11992647	RGD	1	1
Q64640	Adk	10116	Rattus norvegicus	GO:0042102	positive regulation of T cell proliferation	biological regulation	involved_in	PMID:16827901	RGD	1	2
Q64678	Cyp1b1	10116	Rattus norvegicus	GO:0071387	cellular response to cortisol stimulus	response to stimulus	involved_in	PMID:8674863	RGD	1	19
Q64732	Foxb1	10090	Mus musculus	GO:0021767	mammillary body development	developmental process	involved_in	PMID:11170346	UniProt	1	4
Q65ZG8	lin-42	6239	Caenorhabditis elegans	GO:0061067	negative regulation of dauer larval development	biological regulation	involved_in	PMID:20843862	WB	1	1
Q66I28	igfbp3	7955	Danio rerio	GO:0048009	insulin-like growth factor receptor signaling pathway	response to stimulus	acts_upstream_of_or_within	PMID:14605935	ZFIN	1	1
Q66Q66	Q66Q66	29729	Gossypium arboreum	GO:0048481	plant ovule development	developmental process	involved_in	PMID:15316114	AgBase	1	2
Q66Q66	Q66Q66	29729	Gossypium arboreum	GO:0048629	trichome patterning	developmental process	involved_in	PMID:15316114	AgBase	1	2
Q68SB1	Stau2	10116	Rattus norvegicus	GO:0098964	anterograde dendritic transport of messenger ribonucleoprotein complex	localization	involved_in	PMID:16418534	SynGO	1	2
Q6B959	Apold1	10116	Rattus norvegicus	GO:0042118	endothelial cell activation	unclassified	involved_in	PMID:15102925	RGD	1	4
Q6B959	Apold1	10116	Rattus norvegicus	GO:0045601	regulation of endothelial cell differentiation	biological regulation	involved_in	PMID:15102925	RGD	1	4
Q6DBQ1	AHL25	3702	Arabidopsis thaliana	GO:0009938	negative regulation of gibberellic acid mediated signaling pathway	biological regulation	acts_upstream_of_or_within	PMID:17277098	TAIR	1	1
Q6DJG1	mrtfa.L	8355	Xenopus laevis	GO:0032786	positive regulation of DNA-templated transcription, elongation	biological regulation	acts_upstream_of_or_within	PMID:40748209	Xenbase	1	1
Q6FU91	ZCF11	284593	Nakaseomyces glabratus CBS 138	GO:0051445	regulation of meiotic cell cycle	biological regulation	involved_in	PMID:40175304	CGD	1	2
Q6GQS8	Gm21093	10090	Mus musculus	GO:0021681	cerebellar granular layer development	developmental process	involved_in	PMID:16901643	UniProt	1	5
Q6H9K0	plaa2	140101	Platanus x hispanica	GO:0048868	pollen tube development	developmental process	involved_in	DOI:10.1007/s00497-005-0002-4	UniProt	1	3
Q6IEL0	WRKY71	39946	Oryza sativa Indica Group	GO:0009685	gibberellin metabolic process	metabolic process	involved_in	PMID:15047897	GR	1	7
Q6IN02	Ppp1r15a	10116	Rattus norvegicus	GO:0072703	cellular response to methyl methanesulfonate	response to stimulus	involved_in	PMID:9811446	RGD	1	17
Q6IN02	Ppp1r15a	10116	Rattus norvegicus	GO:1904308	cellular response to desipramine	response to stimulus	involved_in	PMID:20549303	RGD	1	17
Q6IN02	Ppp1r15a	10116	Rattus norvegicus	GO:1904310	cellular response to cordycepin	response to stimulus	involved_in	PMID:21597460	RGD	1	17
Q6IN02	Ppp1r15a	10116	Rattus norvegicus	GO:1904312	cellular response to gold(3+)	response to stimulus	involved_in	PMID:16206274	RGD	1	17
Q6IN02	Ppp1r15a	10116	Rattus norvegicus	GO:1904314	cellular response to methamphetamine hydrochloride	response to stimulus	involved_in	PMID:22174933	RGD	1	17
Q6PFD5	Dlgap3	10090	Mus musculus	GO:0099010	modification of postsynaptic structure	unclassified	involved_in	PMID:17713528	SynGO	1	11
Q71RJ2	Cacng2	10116	Rattus norvegicus	GO:0060082	eye blink reflex	response to stimulus	involved_in	PMID:21319893	RGD	1	2
Q75J96	rapgap1	44689	Dictyostelium discoideum	GO:0030837	negative regulation of actin filament polymerization	biological regulation	acts_upstream_of_or_within	PMID:18039932	dictyBase	1	1
Q76EJ0	DL	39947	Oryza sativa Japonica Group	GO:0048440	carpel development	developmental process	involved_in	PMID:14729915	GR	1	2
Q7F4G5	Os01g0797600	39947	Oryza sativa Japonica Group	GO:0010364	regulation of ethylene biosynthetic process	biological regulation	involved_in	PMID:21966459	UniProt	1	17
Q7KHG2	jing	7227	Drosophila melanogaster	GO:0007382	specification of segmental identity, maxillary segment	developmental process	involved_in	PMID:8104141	FlyBase	1	1
Q7KRU8	Fer1HCH	7227	Drosophila melanogaster	GO:0030431	sleep	unclassified	involved_in	PMID:25409104	FlyBase	1	1
Q7RTR2	NLRC3	9606	Homo sapiens	GO:0042110	T cell activation	unclassified	involved_in	PMID:15705585	UniProt	1	1
Q7TMB3	Ppp1r3c	10090	Mus musculus	GO:2001069	glycogen binding	molecular function	enables	PMID:18852261	MGI	1	1
Q7TSY6	Celf4	10090	Mus musculus	GO:1902866	regulation of retina development in camera-type eye	biological regulation	acts_upstream_of_or_within	PMID:23932931	MGI	1	1
Q800E4	notch3	7955	Danio rerio	GO:0035019	somatic stem cell population maintenance	developmental process	acts_upstream_of_or_within	PMID:20534844	ZFIN	1	2
Q80WE1	Fmr1	10116	Rattus norvegicus	GO:0050974	detection of mechanical stimulus involved in sensory perception	response to stimulus	involved_in	PMID:12591163	RGD	1	10
Q84QK0	OPR1	39947	Oryza sativa Japonica Group	GO:0009695	jasmonic acid biosynthetic process	metabolic process	involved_in	PMID:14559225	GR	1	1
Q84W56	RNJ	3702	Arabidopsis thaliana	GO:0060918	auxin transport	biological regulation	acts_upstream_of_or_within	PMID:25871650	TAIR	1	2
Q869W9	pks16	44689	Dictyostelium discoideum	GO:0006633	fatty acid biosynthetic process	metabolic process	involved_in	PMID:24521843	dictyBase	1	2
Q86SE8	NPM2	9606	Homo sapiens	GO:0009994	oocyte differentiation	developmental process	involved_in	PMID:12714744	UniProt	1	1
Q8BGV3	Tacstd2	10090	Mus musculus	GO:0050678	regulation of epithelial cell proliferation	biological regulation	involved_in	PMID:22194864	UniProt	1	2
Q8BIZ1	Anks1b	10090	Mus musculus	GO:0099565	chemical synaptic transmission, postsynaptic	response to stimulus	involved_in	PMID:26085624	SynGO	1	2
Q8BN82	Slc17a5	10090	Mus musculus	GO:0098700	neurotransmitter loading into synaptic vesicle	localization	involved_in	PMID:18695252	SynGO	1	3
Q8C170	Myo9a	10090	Mus musculus	GO:0099084	postsynaptic specialization organization	unclassified	involved_in	PMID:26834556	SynGO	1	2
Q8CFN2	Cdc42	10116	Rattus norvegicus	GO:0060661	submandibular salivary gland formation	developmental process	involved_in	PMID:18784978	RGD	1	1
Q8CGU6	Ncstn	10116	Rattus norvegicus	GO:0016485	protein processing	metabolic process	involved_in	PMID:12736250	RGD	1	3
Q8CH72	Trim32	10090	Mus musculus	GO:0048147	negative regulation of fibroblast proliferation	biological regulation	involved_in	PMID:19269368	BHF-UCL	1	2
Q8IK32	PF3D7_1000600	36329	Plasmodium falciparum 3D7	GO:0020033	antigenic variation	response to stimulus	involved_in	PMID:10430943	GeneDB	1	1
Q8JZQ0	Csf1	10116	Rattus norvegicus	GO:0030225	macrophage differentiation	developmental process	involved_in	PMID:12379742	RGD	1	4
Q8K3U6	F7	10116	Rattus norvegicus	GO:1904400	response to Thyroid stimulating hormone	response to stimulus	involved_in	PMID:21382270	RGD	1	15
Q8K558	Treml1	10090	Mus musculus	GO:0030168	platelet activation	response to stimulus	involved_in	PMID:15100151	UniProt	1	1
Q8L8Y3	CEP1	3702	Arabidopsis thaliana	GO:0048527	lateral root development	developmental process	acts_upstream_of_or_within	PMID:18315543	TAIR	1	10
Q8L8Y3	CEP1	3702	Arabidopsis thaliana	GO:0019740	nitrogen utilization	response to stimulus	involved_in	PMID:24179095	UniProt	1	10
Q8L9V6	DOF1.1	3702	Arabidopsis thaliana	GO:0010439	regulation of glucosinolate biosynthetic process	biological regulation	acts_upstream_of_or_within	PMID:16740150	TAIR	1	7
Q8MJY8	HPGD	9541	Macaca fascicularis	GO:0030728	ovulation	unclassified	involved_in	PMID:15522934	UniProt	1	1
Q8N144	GJD3	9606	Homo sapiens	GO:0086053	AV node cell to bundle of His cell communication by electrical coupling	biological regulation	NOT|involved_in	PMID:19168070	BHF-UCL	1	3
Q8N144	GJD3	9606	Homo sapiens	GO:0086065	cell communication involved in cardiac conduction	biological regulation	NOT|involved_in	PMID:19168070	BHF-UCL	1	3
Q8N144	GJD3	9606	Homo sapiens	GO:1901845	negative regulation of cell communication by electrical coupling involved in cardiac conduction	biological regulation	NOT|involved_in	PMID:19168070	BHF-UCL	1	3
Q8NHV9	RHOXF1	9606	Homo sapiens	GO:0030521	androgen receptor signaling pathway	response to stimulus	involved_in	PMID:11980563	UniProt	1	1
Q8NI17	IL31RA	9606	Homo sapiens	GO:0007259	cell surface receptor signaling pathway via JAK-STAT	response to stimulus	involved_in	PMID:11877449	UniProt	1	3
Q8NI17	IL31RA	9606	Homo sapiens	GO:0042531	positive regulation of tyrosine phosphorylation of STAT protein	biological regulation	involved_in	PMID:11877449	UniProt	1	3
Q8R2H2	Itgb3	10116	Rattus norvegicus	GO:0036119	response to platelet-derived growth factor	response to stimulus	involved_in	PMID:21932665	RGD	1	6
Q8R500	Mfn2	10116	Rattus norvegicus	GO:0072705	cellular response to mercaptoethanol	response to stimulus	involved_in	PMID:26903301	RGD	1	24
Q8RW96	B'GAMMA	3702	Arabidopsis thaliana	GO:1900056	negative regulation of leaf senescence	biological regulation	acts_upstream_of_or_within	PMID:31659127	TAIR	1	2
Q8RW96	B'GAMMA	3702	Arabidopsis thaliana	GO:2000031	regulation of salicylic acid mediated signaling pathway	biological regulation	acts_upstream_of_or_within	PMID:31659127	TAIR	1	2
Q8RWZ1	SUB	3702	Arabidopsis thaliana	GO:0000902	cell morphogenesis	developmental process	acts_upstream_of_or_within	PMID:20298225	TAIR	1	2
Q8RWZ1	SUB	3702	Arabidopsis thaliana	GO:0048437	floral organ development	developmental process	acts_upstream_of_or_within	PMID:20298225	TAIR	1	2
Q8T9B6	boca	7227	Drosophila melanogaster	GO:0006888	endoplasmic reticulum to Golgi vesicle-mediated transport	localization	involved_in	PMID:12581524	FlyBase	1	1
Q8UVR3	lmx1b.1	8355	Xenopus laevis	GO:0072013	glomus development	developmental process	involved_in	PMID:12755330	UniProt	1	1
Q8VI82	Fgf23	10116	Rattus norvegicus	GO:0042359	vitamin D metabolic process	metabolic process	involved_in	PMID:15531762	RGD	1	7
Q8W4P1	CDKC-2	3702	Arabidopsis thaliana	GO:0006397	mRNA processing	metabolic process	acts_upstream_of_or_within	PMID:18208522	TAIR	1	2
Q8WX77	IGFBPL1	9606	Homo sapiens	GO:0071228	cellular response to tumor cell	response to stimulus	involved_in	PMID:15845387	UniProt	1	1
Q8WZ42	TTN	9606	Homo sapiens	GO:0007076	mitotic chromosome condensation	unclassified	involved_in	PMID:9548712	BHF-UCL	1	1
Q8X1T6	aah1	227321	Aspergillus nidulans FGSC A4	GO:0006145	purine nucleobase catabolic process	metabolic process	acts_upstream_of_or_within	PMID:18055231	AspGD	1	1
Q90274	snai1a	7955	Danio rerio	GO:0042074	cell migration involved in gastrulation	developmental process	acts_upstream_of_or_within	PMID:8306877	ZFIN	1	1
Q90874	IL-1 receptor I	9031	Gallus gallus	GO:0045429	positive regulation of nitric oxide biosynthetic process	biological regulation	involved_in	PMID:12543127	AgBase	1	1
Q90999	TGFBR2	9031	Gallus gallus	GO:0060317	cardiac epithelial to mesenchymal transition	developmental process	involved_in	PMID:8631497	AgBase	1	6
Q90XE6	klf1	7955	Danio rerio	GO:0060319	primitive erythrocyte differentiation	developmental process	acts_upstream_of_or_within	PMID:18941117	ZFIN	1	1
Q91018	PROX1	9031	Gallus gallus	GO:0001946	lymphangiogenesis	developmental process	involved_in	PMID:15232737	BHF-UCL	1	16
Q91018	PROX1	9031	Gallus gallus	GO:0021516	dorsal spinal cord development	developmental process	involved_in	PMID:11789987	BHF-UCL	1	16
Q91018	PROX1	9031	Gallus gallus	GO:0030910	olfactory placode formation	developmental process	involved_in	PMID:11789987	BHF-UCL	1	16
Q91018	PROX1	9031	Gallus gallus	GO:0055013	cardiac muscle cell development	developmental process	involved_in	PMID:15232737	BHF-UCL	1	16
Q91018	PROX1	9031	Gallus gallus	GO:0060042	retina morphogenesis in camera-type eye	developmental process	involved_in	PMID:11789987	BHF-UCL	1	16
Q91820	aurka-a	8355	Xenopus laevis	GO:0005813	centrosome	cellular component	located_in	PMID:39344321	Xenbase	1	1
Q91X17	Umod	10090	Mus musculus	GO:0072233	metanephric thick ascending limb development	developmental process	involved_in	PMID:18618131	UniProt	1	3
Q91YJ2	Snx4	10090	Mus musculus	GO:0098830	presynaptic endosome	cellular component	is_active_in	PMID:33106523	SynGO	1	1
Q925U2	Ltc4s	10116	Rattus norvegicus	GO:0071299	cellular response to vitamin A	response to stimulus	involved_in	PMID:12767051	RGD	1	5
Q92824	PCSK5	9606	Homo sapiens	GO:0002001	renin secretion into blood stream	biological regulation	involved_in	PMID:8901832	BHF-UCL	1	2
Q92949	FOXJ1	9606	Homo sapiens	GO:0072016	glomerular parietal epithelial cell development	developmental process	involved_in	PMID:9530170	BHF-UCL	1	3
Q93YU8	NRG2	3702	Arabidopsis thaliana	GO:0071705	nitrogen compound transport	localization	acts_upstream_of_or_within	PMID:26744214	TAIR	1	2
Q94527	Rel	7227	Drosophila melanogaster	GO:0006963	positive regulation of antibacterial peptide biosynthetic process	biological regulation	involved_in	PMID:8816802	UniProt	1	2
Q94AH1	CAND2	3702	Arabidopsis thaliana	GO:0019236	response to pheromone	response to stimulus	involved_in	PMID:29702752	UniProt	1	4
Q94B35	ISPH	3702	Arabidopsis thaliana	GO:0019288	isopentenyl diphosphate biosynthetic process, methylerythritol 4-phosphate pathway	metabolic process	acts_upstream_of_or_within	PMID:15659625	TAIR	1	1
Q95RV2	cav	7227	Drosophila melanogaster	GO:0016233	telomere capping	metabolic process	involved_in	PMID:12510197	FlyBase	1	1
Q960V3	milt	7227	Drosophila melanogaster	GO:0019896	axonal transport of mitochondrion	localization	involved_in	PMID:12495622	FlyBase	1	1
Q96262	PCAP1	3702	Arabidopsis thaliana	GO:0071325	cellular response to mannitol stimulus	response to stimulus	involved_in	PMID:17264065	UniProt	1	12
Q96288	BBX24	3702	Arabidopsis thaliana	GO:1902448	positive regulation of shade avoidance	biological regulation	acts_upstream_of_or_within	PMID:25656233	TAIR	1	2
Q96327	EBP1	3702	Arabidopsis thaliana	GO:0044843	cell cycle G1/S phase transition	unclassified	involved_in	PMID:15689342	UniProt	1	1
Q96HU1	SGSM3	9606	Homo sapiens	GO:0032483	regulation of Rab protein signal transduction	biological regulation	involved_in	PMID:17509819	UniProt	1	2
Q96HU1	SGSM3	9606	Homo sapiens	GO:0032486	Rap protein signal transduction	response to stimulus	involved_in	PMID:17509819	UniProt	1	2
Q96L34	MARK4	9606	Homo sapiens	GO:0001578	microtubule bundle formation	unclassified	involved_in	PMID:14594945	UniProt	1	1
Q96Q42	ALS2	9606	Homo sapiens	GO:0051036	regulation of endosome size	biological regulation	involved_in	PMID:15247254	UniProt	1	1
Q96TA1	NIBAN2	9606	Homo sapiens	GO:0032274	gonadotropin secretion	biological regulation	involved_in	PMID:14602737	UniProt	1	1
Q98SN7	WNT2B	9031	Gallus gallus	GO:0060219	camera-type eye photoreceptor cell differentiation	developmental process	involved_in	PMID:16854977	AgBase	1	6
Q98SN7	WNT2B	9031	Gallus gallus	GO:0060900	embryonic camera-type eye formation	developmental process	involved_in	PMID:12921742	AgBase	1	6
Q99013	Q99013	8265	Pseudopleuronectes americanus	GO:0042309	homoiothermy	unclassified	involved_in	PMID:3769927	UniProt	1	2
Q99453	PHOX2B	9606	Homo sapiens	GO:0048484	enteric nervous system development	developmental process	involved_in	PMID:12640453	BHF-UCL	1	2
Q997F2	P/V/C	3052225	Henipavirus nipahense	GO:0052170	symbiont-mediated suppression of host innate immune response	unclassified	involved_in	PMID:29769705	DisProt	1	3
Q997F2	P/V/C	3052225	Henipavirus nipahense	GO:0075111	symbiont-mediated suppression of host receptor-mediated signal transduction	unclassified	involved_in	PMID:29769705	DisProt	1	3
Q99929	ASCL2	9606	Homo sapiens	GO:0060712	spongiotrophoblast layer development	developmental process	involved_in	PMID:12917334	UniProt	1	2
Q99MH3	Hamp	10116	Rattus norvegicus	GO:1903413	cellular response to bile acid	response to stimulus	involved_in	PMID:19652645	RGD	1	12
Q99N27	Snx1	10116	Rattus norvegicus	GO:0016197	endosomal transport	localization	involved_in	PMID:11110793	RGD	1	1
Q9ASX9	BHLH144	3702	Arabidopsis thaliana	GO:0010089	xylem development	developmental process	involved_in	PMID:37897601	TAIR	1	1
Q9C5Q2	DPBF4	3702	Arabidopsis thaliana	GO:0010115	regulation of abscisic acid biosynthetic process	biological regulation	acts_upstream_of_or_within	PMID:32690755	TAIR	1	1
Q9C9H1	GIS3	3702	Arabidopsis thaliana	GO:0009736	cytokinin-activated signaling pathway	response to stimulus	acts_upstream_of_or_within	PMID:25640859	TAIR	1	1
Q9CAT6	OCT1	3702	Arabidopsis thaliana	GO:0015839	cadaverine transport	localization	acts_upstream_of_or_within	PMID:26905725	TAIR	1	2
Q9CQ69	Uqcrq	10090	Mus musculus	GO:0021539	subthalamus development	developmental process	involved_in	PMID:16901643	UniProt	1	8
Q9CQ69	Uqcrq	10090	Mus musculus	GO:0021548	pons development	developmental process	involved_in	PMID:16901643	UniProt	1	8
Q9CZV8	Fbxl20	10090	Mus musculus	GO:0099575	regulation of protein catabolic process at presynapse, modulating synaptic transmission	biological regulation	involved_in	PMID:17803915	SynGO	1	3
Q9DBV4	Mxra8	10090	Mus musculus	GO:0060857	establishment of glial blood-brain barrier	developmental process	involved_in	PMID:14603461	UniProt	1	1
Q9EPJ1	Twist1	10116	Rattus norvegicus	GO:0060021	roof of mouth development	developmental process	involved_in	PMID:11330859	RGD	1	3
Q9ES72	Ccn1	10116	Rattus norvegicus	GO:2000774	positive regulation of cellular senescence	biological regulation	involved_in	PMID:30371213	RGD	1	5
Q9FEY5	chs_H1	3486	Humulus lupulus	GO:0070141	response to UV-A	response to stimulus	involved_in	PMID:17002429	UniProt	1	1
Q9FHK4	EDR4	3702	Arabidopsis thaliana	GO:1900150	regulation of defense response to fungus	biological regulation	involved_in	PMID:25747881	UniProt	1	2
Q9FJ47	SAG12	3702	Arabidopsis thaliana	GO:0010623	programmed cell death involved in cell development	developmental process	involved_in	PMID:10380810	UniProt	1	12
Q9FJG9	RUG3	3702	Arabidopsis thaliana	GO:0072702	response to methyl methanesulfonate	response to stimulus	involved_in	PMID:28262819	UniProt	1	1
Q9FN30	At5g53970	3702	Arabidopsis thaliana	GO:0010189	vitamin E biosynthetic process	metabolic process	acts_upstream_of_or_within	PMID:16008101	TAIR	1	1
Q9FNL7	NPF5.2	3702	Arabidopsis thaliana	GO:0080052	response to histidine	response to stimulus	acts_upstream_of_or_within	PMID:15889294	TAIR	1	7
Q9FNL7	NPF5.2	3702	Arabidopsis thaliana	GO:0080053	response to phenylalanine	response to stimulus	acts_upstream_of_or_within	PMID:15889294	TAIR	1	7
Q9FVI6	HDG6	3702	Arabidopsis thaliana	GO:0009909	regulation of flower development	biological regulation	NOT|involved_in	PMID:17189287	TAIR	1	1
Q9FYS5	HMGIY2	4577	Zea mays	GO:2000014	regulation of endosperm development	biological regulation	involved_in	PMID:10864924	UniProt	1	1
Q9GZC8	sid-1	6239	Caenorhabditis elegans	GO:0035194	regulatory ncRNA-mediated post-transcriptional gene silencing	biological regulation	involved_in	PMID:11834782	UniProt	1	1
Q9H2A9	CHST8	9606	Homo sapiens	GO:0042446	hormone biosynthetic process	biological regulation	involved_in	PMID:10988300	UniProt	1	1
Q9H4L7	SMARCAD1	9606	Homo sapiens	GO:0000018	regulation of DNA recombination	biological regulation	involved_in	PMID:11031099	UniProt	1	1
Q9I194	pvdQ	208964	Pseudomonas aeruginosa PAO1	GO:0071978	bacterial-type flagellum-dependent swarming motility	unclassified	involved_in	PMID:18245294	PseudoCAP	1	1
Q9I1Y7	cupA1	208964	Pseudomonas aeruginosa PAO1	GO:0072707	cellular response to sodium dodecyl sulfate	response to stimulus	involved_in	PMID:19638175	PseudoCAP	1	3
Q9I7U4	sls	7227	Drosophila melanogaster	GO:0007522	visceral muscle development	developmental process	involved_in	PMID:9548712	BHF-UCL	1	3
Q9I7U4	sls	7227	Drosophila melanogaster	GO:0007525	somatic muscle development	developmental process	involved_in	PMID:9548712	BHF-UCL	1	3
Q9JHS1	Epas1	10116	Rattus norvegicus	GO:1904655	positive regulation of lung alveolus development	biological regulation	involved_in	PMID:23962064	RGD	1	6
Q9JHY7	Birc5	10116	Rattus norvegicus	GO:0036216	cellular response to stem cell factor stimulus	response to stimulus	involved_in	PMID:15130521	RGD	1	5
Q9JI85	Nucb2	10116	Rattus norvegicus	GO:1990680	response to melanocyte-stimulating hormone	response to stimulus	involved_in	PMID:17036007	RGD	1	4
Q9JJ54	Hnrnpd	10116	Rattus norvegicus	GO:1990828	hepatocyte dedifferentiation	developmental process	involved_in	PMID:20102719	RGD	1	9
Q9JJZ1	Slc2a8	10116	Rattus norvegicus	GO:0007141	male meiosis I	unclassified	involved_in	PMID:11751619	RGD	1	1
Q9JKR5	Zdhhc2	10116	Rattus norvegicus	GO:0150054	regulation of postsynaptic neurotransmitter receptor diffusion trapping	biological regulation	involved_in	PMID:19596852	SynGO	1	3
Q9JM05	Pias4	10090	Mus musculus	GO:0060887	limb epidermis development	developmental process	acts_upstream_of_or_within	PMID:10854042	UniProt	1	3
Q9JMB8	Cntn6	10090	Mus musculus	GO:0098688	parallel fiber to Purkinje cell synapse	cellular component	is_active_in	PMID:19672956	SynGO	1	4
Q9L268	ssgB	100226	Streptomyces coelicolor A3(2)	GO:0043934	sporulation	developmental process	involved_in	PMID:26002075	UniProt	1	5
Q9L268	ssgB	100226	Streptomyces coelicolor A3(2)	GO:0043936	asexual sporulation resulting in formation of a cellular spore	developmental process	involved_in	PMID:12111561	UniProt	1	5
Q9L268	ssgB	100226	Streptomyces coelicolor A3(2)	GO:0070590	spore wall biogenesis	developmental process	involved_in	PMID:26002075	UniProt	1	5
Q9LIE5	FHY3	3702	Arabidopsis thaliana	GO:0042753	positive regulation of circadian rhythm	biological regulation	acts_upstream_of_or_within	PMID:32152179	TAIR	1	1
Q9LIP9	GFAT1	3702	Arabidopsis thaliana	GO:0072720	response to dithiothreitol	response to stimulus	involved_in	PMID:30775776	UniProt	1	2
Q9LJ86	LTPG5	3702	Arabidopsis thaliana	GO:0140426	pathogen-associated molecular pattern receptor signaling pathway	response to stimulus	involved_in	PMID:17194768	UniProt	1	3
Q9LJI2	CCX3	3702	Arabidopsis thaliana	GO:0043157	response to cation stress	response to stimulus	acts_upstream_of_or_within	PMID:18775974	TAIR	1	1
Q9LME4	At1g22280	3702	Arabidopsis thaliana	GO:0010161	red light signaling pathway	response to stimulus	acts_upstream_of_or_within	PMID:18564962	TAIR	1	1
Q9LQL2	NPF7.3	3702	Arabidopsis thaliana	GO:0055075	potassium ion homeostasis	unclassified	acts_upstream_of_or_within	PMID:26508776	TAIR	1	2
Q9LU44	SF1	3702	Arabidopsis thaliana	GO:0008380	RNA splicing	metabolic process	acts_upstream_of_or_within	PMID:24580679	TAIR	1	1
Q9LUJ2	PCMP-H56	3702	Arabidopsis thaliana	GO:0010380	regulation of chlorophyll biosynthetic process	biological regulation	acts_upstream_of_or_within	PMID:19054358	TAIR	1	1
Q9LZP8	BZIP53	3702	Arabidopsis thaliana	GO:0006971	hypotonic response	response to stimulus	involved_in	PMID:15047879	UniProt	1	2
Q9M0G0	GGT3	3702	Arabidopsis thaliana	GO:0006805	xenobiotic metabolic process	response to stimulus	acts_upstream_of_or_within	PMID:17316176	TAIR	1	1
Q9M0H6	MAN5	3702	Arabidopsis thaliana	GO:1903927	response to cyanide	response to stimulus	involved_in	PMID:37510266	TAIR	1	1
Q9MAL9	GIF2	3702	Arabidopsis thaliana	GO:0045787	positive regulation of cell cycle	biological regulation	acts_upstream_of_or_within	PMID:19648231	TAIR	1	1
Q9NKV0	Mlf	7227	Drosophila melanogaster	GO:2000495	regulation of cell proliferation involved in compound eye morphogenesis	biological regulation	involved_in	PMID:12408803	FlyBase	1	1
Q9NP55	BPIFA1	9606	Homo sapiens	GO:0002395	immune response in nasopharyngeal-associated lymphoid tissue	response to stimulus	involved_in	PMID:21805676	UniProt	1	3
Q9NP55	BPIFA1	9606	Homo sapiens	GO:0061844	antimicrobial humoral immune response mediated by antimicrobial peptide	response to stimulus	involved_in	PMID:21805676	UniProt	1	3
Q9NP61	ARFGAP3	9606	Homo sapiens	GO:0009306	protein secretion	localization	involved_in	PMID:11172815	UniProt	1	1
Q9NS37	CREBZF	9606	Homo sapiens	GO:0045814	negative regulation of gene expression, epigenetic	biological regulation	involved_in	PMID:15705566	UniProt	1	1
Q9P6S3	uds1	284812	Schizosaccharomyces pombe 972h-	GO:0140278	mitotic division septum assembly	unclassified	involved_in	PMID:20460254	PomBase	1	1
Q9PT68	foxd5-b	8355	Xenopus laevis	GO:0001840	neural plate development	developmental process	involved_in	PMID:10781939	UniProt	1	1
Q9PTX1	Pax-2	9031	Gallus gallus	GO:0072178	nephric duct morphogenesis	developmental process	involved_in	PMID:16790474	AgBase	1	2
Q9PTX1	Pax-2	9031	Gallus gallus	GO:0072179	nephric duct formation	developmental process	involved_in	PMID:12490201	AgBase	1	2
Q9PTX2	cirbp	8400	Aquarana catesbeiana	GO:0042750	hibernation	developmental process	involved_in	PMID:10817911	UniProt	1	1
Q9PWE8	TBX5	9031	Gallus gallus	GO:0003218	cardiac left ventricle formation	developmental process	involved_in	PMID:19727199	BHF-UCL	1	2
Q9PWE8	TBX5	9031	Gallus gallus	GO:0003281	ventricular septum development	developmental process	involved_in	PMID:19727199	BHF-UCL	1	2
Q9QX05	Tlr4	10116	Rattus norvegicus	GO:0016064	immunoglobulin mediated immune response	response to stimulus	involved_in	PMID:19257980	RGD	1	18
Q9QXQ7	Wnt5a	10116	Rattus norvegicus	GO:0099150	regulation of postsynaptic specialization assembly	biological regulation	involved_in	PMID:19332546	SynGO	1	12
Q9QYK2	Ppargc1a	10116	Rattus norvegicus	GO:0000422	autophagy of mitochondrion	metabolic process	involved_in	PMID:19783904	RGD	1	50
Q9QYK2	Ppargc1a	10116	Rattus norvegicus	GO:0019395	fatty acid oxidation	metabolic process	involved_in	PMID:17869249	RGD	1	50
Q9QYK2	Ppargc1a	10116	Rattus norvegicus	GO:1990845	adaptive thermogenesis	unclassified	involved_in	PMID:20363363	RGD	1	50
Q9QZ76	Mb	10116	Rattus norvegicus	GO:0031444	slow-twitch skeletal muscle fiber contraction	unclassified	involved_in	PMID:15981298	RGD	1	7
Q9QZA1	Phlda1	10116	Rattus norvegicus	GO:0021879	forebrain neuron differentiation	developmental process	involved_in	PMID:10428057	RGD	1	2
Q9QZF2	Gpc1	10090	Mus musculus	GO:2001016	positive regulation of skeletal muscle cell differentiation	biological regulation	involved_in	PMID:20100867	UniProt	1	1
Q9R103	Il12a	10116	Rattus norvegicus	GO:1990638	response to granulocyte colony-stimulating factor	response to stimulus	involved_in	PMID:12668156	RGD	1	1
Q9R189	Unc13d	10116	Rattus norvegicus	GO:0046903	secretion	localization	involved_in	PMID:10861235	RGD	1	1
Q9R1E9	Ccn2	10116	Rattus norvegicus	GO:0035963	cellular response to interleukin-13	response to stimulus	involved_in	PMID:21804025	RGD	1	11
Q9R1N9	Col13a1	10090	Mus musculus	GO:0001763	morphogenesis of a branching structure	developmental process	involved_in	PMID:11470398	UniProt	1	2
Q9R1T5	Aspa	10116	Rattus norvegicus	GO:0022010	central nervous system myelination	developmental process	involved_in	PMID:12524181	RGD	1	1
Q9RQ30	farA	485	Neisseria gonorrhoeae	GO:0015909	long-chain fatty acid transport	localization	involved_in	PMID:10447892	UniProt	1	1
Q9SAY1	SULTR1;1	3702	Arabidopsis thaliana	GO:1902358	sulfate transmembrane transport	localization	acts_upstream_of_or_within	PMID:18400935	TAIR	1	1
Q9SCS6	HR4	3702	Arabidopsis thaliana	GO:0043207	response to external biotic stimulus	response to stimulus	involved_in	PMID:17142483	UniProt	1	8
Q9SF85	ADK1	3702	Arabidopsis thaliana	GO:0080094	response to trehalose-6-phosphate	response to stimulus	acts_upstream_of_or_within	PMID:19193861	TAIR	1	1
Q9SJC4	NUDT6	3702	Arabidopsis thaliana	GO:0080151	positive regulation of salicylic acid mediated signaling pathway	biological regulation	acts_upstream_of_or_within	PMID:20181750	TAIR	1	2
Q9SKT1	ERF053	3702	Arabidopsis thaliana	GO:2000070	regulation of response to water deprivation	biological regulation	acts_upstream_of_or_within	PMID:22095047	TAIR	1	2
Q9SL45	SAUR10	3702	Arabidopsis thaliana	GO:0010202	response to low fluence red light stimulus	response to stimulus	involved_in	PMID:28586421	UniProt	1	8
Q9SQR3	D14	3702	Arabidopsis thaliana	GO:1902348	cellular response to strigolactone	response to stimulus	acts_upstream_of_or_within	PMID:24610723	TAIR	1	1
Q9SSA8	RAP2-12	3702	Arabidopsis thaliana	GO:0070483	detection of hypoxia	response to stimulus	acts_upstream_of_or_within	PMID:22020282	TAIR	1	1
Q9SUR6	CORI3	3702	Arabidopsis thaliana	GO:0006520	amino acid metabolic process	metabolic process	acts_upstream_of_or_within	PMID:16008101	TAIR	1	8
Q9SXY0	FAS1	3702	Arabidopsis thaliana	GO:0006310	DNA recombination	metabolic process	acts_upstream_of_or_within	PMID:16980538	TAIR	1	1
Q9SZ06	ERF109	3702	Arabidopsis thaliana	GO:0010928	regulation of auxin mediated signaling pathway	biological regulation	acts_upstream_of_or_within	PMID:29686365	TAIR	1	4
Q9TEM3	mcsA	227321	Aspergillus nidulans FGSC A4	GO:0019543	propionate catabolic process	metabolic process	acts_upstream_of_or_within	PMID:15066039	AspGD	1	1
Q9U6L5	Ebp	7227	Drosophila melanogaster	GO:0042628	mating plug formation	unclassified	involved_in	PMID:11267893	UniProt	1	1
Q9UBP5	HEY2	9606	Homo sapiens	GO:0097084	vascular associated smooth muscle cell development	developmental process	involved_in	PMID:15821257	UniProt	1	1
Q9UHC6	CNTNAP2	9606	Homo sapiens	GO:0071109	superior temporal gyrus development	developmental process	involved_in	PMID:18179893	BHF-UCL	1	6
Q9UL26	RAB22A	9606	Homo sapiens	GO:0007032	endosome organization	unclassified	involved_in	PMID:11870209	UniProt	1	1
Q9V3T9	dare	7227	Drosophila melanogaster	GO:0006694	steroid biosynthetic process	metabolic process	involved_in	PMID:10498693	FlyBase	1	1
Q9VKE2	Crys	7227	Drosophila melanogaster	GO:0048058	compound eye corneal lens development	developmental process	involved_in	PMID:1400628	FlyBase	1	1
Q9VLA2	gcm2	7227	Drosophila melanogaster	GO:0042386	hemocyte differentiation	developmental process	involved_in	PMID:12167411	UniProt	1	3
Q9VLA2	gcm2	7227	Drosophila melanogaster	GO:0042387	plasmatocyte differentiation	developmental process	involved_in	PMID:12167411	UniProt	1	3
Q9VTE2	SuUR	7227	Drosophila melanogaster	GO:0006260	DNA replication	metabolic process	involved_in	PMID:11901119	UniProt	1	2
Q9VUG1	dlp	7227	Drosophila melanogaster	GO:0048190	wing disc dorsal/ventral pattern formation	developmental process	involved_in	PMID:15647319	FlyBase	1	1
Q9W0K2	Trhn	7227	Drosophila melanogaster	GO:0042427	serotonin biosynthetic process	metabolic process	involved_in	PMID:17376153	FlyBase	1	2
Q9W1F6	fzr2	7227	Drosophila melanogaster	GO:0010458	exit from mitosis	unclassified	NOT|involved_in	PMID:12194827	FlyBase	1	2
Q9W1X9	asrij	7227	Drosophila melanogaster	GO:0035162	embryonic hemopoiesis	developmental process	involved_in	PMID:12690451	FlyBase	1	1
Q9W266	wdp	7227	Drosophila melanogaster	GO:0060438	trachea development	developmental process	involved_in	PMID:11804792	FlyBase	1	1
Q9W349	lz	7227	Drosophila melanogaster	GO:0035165	embryonic crystal cell differentiation	developmental process	involved_in	PMID:10753120	FlyBase	1	1
Q9W4D3	Dmel\CG15930	7227	Drosophila melanogaster	GO:0019100	male germ-line sex determination	developmental process	involved_in	PMID:31329582	FlyBase	1	1
Q9WTQ0	Prkcq	10116	Rattus norvegicus	GO:0019229	regulation of vasoconstriction	biological regulation	involved_in	PMID:16951045	RGD	1	7
Q9WTQ0	Prkcq	10116	Rattus norvegicus	GO:0045730	respiratory burst	metabolic process	involved_in	PMID:10218646	RGD	1	7
Q9WTQ9	Crx	10116	Rattus norvegicus	GO:0046534	positive regulation of photoreceptor cell differentiation	biological regulation	involved_in	PMID:16799048	RGD	1	2
Q9WU70	Stxbp5	10116	Rattus norvegicus	GO:0098888	extrinsic component of presynaptic membrane	cellular component	is_active_in	PMID:9620695	SynGO	1	7
Q9WUA5	Epm2a	10090	Mus musculus	GO:0046835	carbohydrate phosphorylation	metabolic process	involved_in	PMID:18852261	MGI	1	3
Q9WUD9	Src	10116	Rattus norvegicus	GO:0048008	platelet-derived growth factor receptor signaling pathway	response to stimulus	involved_in	PMID:16530387	UniProt	1	28
Q9WV93	Hey1	10090	Mus musculus	GO:0072087	renal vesicle development	developmental process	involved_in	PMID:15821257	UniProt	1	4
Q9XSR0	IL18	9615	Canis lupus familiaris	GO:0008625	extrinsic apoptotic signaling pathway via death domain receptors	response to stimulus	involved_in	PMID:11131641	UniProt	1	1
Q9XUW8	aip-1	6239	Caenorhabditis elegans	GO:0071218	cellular response to misfolded protein	response to stimulus	involved_in	PMID:19414486	WB	1	1
Q9Y5S8	NOX1	9606	Homo sapiens	GO:0010575	positive regulation of vascular endothelial growth factor production	biological regulation	involved_in	PMID:11805326	BHF-UCL	1	1
Q9Y875	metE	227321	Aspergillus nidulans FGSC A4	GO:0006555	L-methionine metabolic process	metabolic process	acts_upstream_of_or_within	PMID:11406274	AspGD	1	1
Q9YGC3	cxcr4-a	8355	Xenopus laevis	GO:0060216	definitive hemopoiesis	developmental process	involved_in	PMID:11069075	UniProt	1	2
Q9Z0E1	M1ap	10090	Mus musculus	GO:0007292	female gamete generation	unclassified	involved_in	PMID:16881047	UniProt	1	2
Q9Z1C8	Rapgef3	10116	Rattus norvegicus	GO:0060840	artery development	developmental process	involved_in	PMID:18697745	RGD	1	8
Q9Z1C8	Rapgef3	10116	Rattus norvegicus	GO:1904474	cellular response to L-dopa	response to stimulus	involved_in	PMID:25044243	RGD	1	8
Q9Z1S5	Septin3	10090	Mus musculus	GO:0140247	protein catabolic process at presynapse	metabolic process	involved_in	PMID:35932293	SynGO	1	1
Q9Z1W6	Mtdh	10116	Rattus norvegicus	GO:0070830	bicellular tight junction assembly	unclassified	involved_in	PMID:15383321	RGD	1	1
Q9Z2H5	Epb41l1	10090	Mus musculus	GO:0099145	regulation of exocytic insertion of neurotransmitter receptor to postsynaptic membrane	biological regulation	involved_in	PMID:19503082	SynGO	1	1
Q9Z2R9	Eif2ak1	10090	Mus musculus	GO:0046777	protein autophosphorylation	metabolic process	involved_in	PMID:11560503	UniProt	1	1
Q9ZPY0	DOF2.5	3702	Arabidopsis thaliana	GO:0071462	cellular response to water stimulus	response to stimulus	acts_upstream_of_or_within	PMID:25850831	TAIR	1	2
Q9ZTA2	AOP2	3702	Arabidopsis thaliana	GO:0062211	root regeneration	developmental process	involved_in	PMID:35605192	TAIR	1	1
X2JAX9	ect	7227	Drosophila melanogaster	GO:0042335	cuticle development	developmental process	involved_in	PMID:29309404	UniProt	1	2
