{
  "results": [
    {
      "confidence_score": 0.5824124217033386,
      "ptm": 0.5682934522628784,
      "iptm": 0.15814177691936493,
      "ligand_iptm": 0.5716683864593506,
      "protein_iptm": 0.15120761096477509,
      "complex_plddt": 0.688480019569397,
      "complex_iplddt": 0.6187283396720886,
      "complex_pde": 2.0828075408935547,
      "complex_ipde": 8.539358139038086,
      "chains_ptm": {
        "0": 0.47882354259490967,
        "1": 0.8781858086585999,
        "2": 0.0,
        "3": 0.0,
        "4": 0.0
      },
      "pair_chains_iptm": {
        "0": {
          "0": 0.47882354259490967,
          "1": 0.15120761096477509,
          "2": 0.0,
          "3": 0.0,
          "4": 0.0
        },
        "1": {
          "0": 0.11147096753120422,
          "1": 0.8781858086585999,
          "2": 0.0,
          "3": 0.0,
          "4": 0.0
        },
        "2": {
          "0": 0.7955034971237183,
          "1": 0.27358579635620117,
          "2": 0.0,
          "3": 0.0,
          "4": 0.0
        },
        "3": {
          "0": 0.7756205797195435,
          "1": 0.2773779332637787,
          "2": 0.0,
          "3": 0.0,
          "4": 0.0
        },
        "4": {
          "0": 0.16335023939609528,
          "1": 0.9411907196044922,
          "2": 0.0,
          "3": 0.0,
          "4": 0.0
        }
      }
    }
  ]
}
