{
  "results": [
    {
      "confidence_score": 0.6416653394699097,
      "ptm": 0.5625882744789124,
      "iptm": 0.3890121281147003,
      "ligand_iptm": 0.519123911857605,
      "protein_iptm": 0.38767844438552856,
      "complex_plddt": 0.7048286199569702,
      "complex_iplddt": 0.6082143187522888,
      "complex_pde": 1.7420578002929688,
      "complex_ipde": 8.306015968322754,
      "chains_ptm": {
        "0": 0.6605398058891296,
        "1": 0.8936237096786499,
        "2": 0.8805453777313232,
        "3": 0.0,
        "4": 0.0,
        "5": 0.0,
        "6": 0.0
      },
      "pair_chains_iptm": {
        "0": {
          "0": 0.6605398058891296,
          "1": 0.1651495099067688,
          "2": 0.19627869129180908,
          "3": 0.0,
          "4": 0.0,
          "5": 0.0,
          "6": 0.0
        },
        "1": {
          "0": 0.1343667209148407,
          "1": 0.8936237096786499,
          "2": 0.5404025316238403,
          "3": 0.0,
          "4": 0.0,
          "5": 0.0,
          "6": 0.0
        },
        "2": {
          "0": 0.18906435370445251,
          "1": 0.5244349837303162,
          "2": 0.8805453777313232,
          "3": 0.0,
          "4": 0.0,
          "5": 0.0,
          "6": 0.0
        },
        "3": {
          "0": 0.8274933695793152,
          "1": 0.192405566573143,
          "2": 0.29990413784980774,
          "3": 0.0,
          "4": 0.0,
          "5": 0.0,
          "6": 0.0
        },
        "4": {
          "0": 0.8509687781333923,
          "1": 0.19089989364147186,
          "2": 0.3044116199016571,
          "3": 0.0,
          "4": 0.0,
          "5": 0.0,
          "6": 0.0
        },
        "5": {
          "0": 0.2105110138654709,
          "1": 0.7984707951545715,
          "2": 0.6765051484107971,
          "3": 0.0,
          "4": 0.0,
          "5": 0.0,
          "6": 0.0
        },
        "6": {
          "0": 0.22563648223876953,
          "1": 0.6741563677787781,
          "2": 0.7983083128929138,
          "3": 0.0,
          "4": 0.0,
          "5": 0.0,
          "6": 0.0
        }
      }
    }
  ]
}
