{
  "ptm": 0.42071858048439026,
  "iptm": 0.30693596601486206,
  "confidence_score": 0.30693596601486206,
  "complex_plddt": 0.6886352300643921
}
