{
  "ptm": 0.7429297566413879,
  "iptm": 0.6322041749954224,
  "confidence_score": 0.6322041749954224,
  "complex_plddt": 0.8084706664085388
}
