record_id	strain	carbon_source	growth_rating	sporulation	growth_curve
1	Aspergillus clavatus NRRL 1	alfalfa meal 3%	5		d2:0.9 d3:1.5 d4:2.2 d5:2.9
1	Aspergillus clavatus NRRL 1	apple pectin 1% pH=6	2		d2:1.2 d3:2 d4:2.9 d5:3.7
1	Aspergillus clavatus NRRL 1	arabic gum 1%	1		d2:1.1 d3:1.8 d4:2.6 d5:3.3
1	Aspergillus clavatus NRRL 1	arabinogalactan 1%			d2:1.1 d3:1.8 d4:2.5 d5:3.1
1	Aspergillus clavatus NRRL 1	beechwood xylan 1%	4		d2:1 d3:1.5 d4:2.3 d5:2.9
1	Aspergillus clavatus NRRL 1	birchwood xylan 1%	4		d2:1 d3:1.5 d4:2.2 d5:3
1	Aspergillus clavatus NRRL 1	casein 3%	4		d2:1.1 d3:1.6 d4:2.3 d5:2.8
1	Aspergillus clavatus NRRL 1	cellobiose	4		d2:1.1 d3:1.6 d4:2.3 d5:2.8
1	Aspergillus clavatus NRRL 1	cellulose 3%	1		d2:0.6 d3:1.5 d4:2.2 d5:2.9
1	Aspergillus clavatus NRRL 1	citrus pectin 1% pH=6	4		d2:1 d3:1.5 d4:2.2 d5:2.8
1	Aspergillus clavatus NRRL 1	citrus pulp 3% pH=6	5		d2:1 d3:1.5 d4:2.2 d5:2.8
1	Aspergillus clavatus NRRL 1	cotton seed pulp 3%	3		d2:1.2 d3:2 d4:2.9 d5:3.6
1	Aspergillus clavatus NRRL 1	D-fructose	4		d2:1.1 d3:1.7 d4:2.4 d5:3
1	Aspergillus clavatus NRRL 1	D-galactose	0		d2:0.5 d3:0.6 d4:0.8 d5:0.7
1	Aspergillus clavatus NRRL 1	D-galacturonic acid	1		d2:1.1 d3:1.8 d4:2.5 d5:3.2
1	Aspergillus clavatus NRRL 1	D-glucose	5		d2:1.1 d3:1.8 d4:2.5 d5:3.3
1	Aspergillus clavatus NRRL 1	D-glucuronic acid	2		d2:1 d3:1.6 d4:2.4 d5:3.1
1	Aspergillus clavatus NRRL 1	D-mannose	5		d2:1.1 d3:1.7 d4:2.4 d5:3
1	Aspergillus clavatus NRRL 1	D-ribose	5		d2:1.2 d3:1.8 d4:2.4 d5:3
1	Aspergillus clavatus NRRL 1	D-xylose	4		d2:1 d3:1.6 d4:2.4 d5:3
1	Aspergillus clavatus NRRL 1	guar gum 1%	2		d2:1.2 d3:1.9 d4:2.7 d5:3.4
1	Aspergillus clavatus NRRL 1	inulin 1%	2		d2:1.1 d3:1.7 d4:2.5 d5:3.1
1	Aspergillus clavatus NRRL 1	L-arabinose	4		d2:1.1 d3:1.7 d4:2.5 d5:3.1
1	Aspergillus clavatus NRRL 1	L-rhamnose	1		d2:1 d3:1.7 d4:2.4 d5:3.1
1	Aspergillus clavatus NRRL 1	lactose	3		d2:1.1 d3:1.6 d4:2.2 d5:2.5
1	Aspergillus clavatus NRRL 1	lignin 1%	1		d2:0.4 d3:1.1 d4:1.9 d5:2.4
1	Aspergillus clavatus NRRL 1	maltose	5		d2:1.2 d3:1.6 d4:2.3 d5:2.8
1	Aspergillus clavatus NRRL 1	no carbon source	1		d2:1.1 d3:1.7 d4:2.5 d5:3.1
1	Aspergillus clavatus NRRL 1	oat spelt xylan 1%	4		d2:0.8 d3:1.6 d4:2.4 d5:3
1	Aspergillus clavatus NRRL 1	raffinose	4		d2:1.2 d3:1.8 d4:2.5 d5:3.1
1	Aspergillus clavatus NRRL 1	rice bran 3%	7		d2:1.2 d3:1.8 d4:2.7 d5:3.6
1	Aspergillus clavatus NRRL 1	soluble starch 1%	5		d2:1.1 d3:1.7 d4:2.4 d5:3.1
1	Aspergillus clavatus NRRL 1	soybean hulls 3%	4		d2:1.1 d3:1.7 d4:2.5 d5:3.2
1	Aspergillus clavatus NRRL 1	sucrose	5		d2:1.3 d3:1.9 d4:2.5 d5:3.3
1	Aspergillus clavatus NRRL 1	sugar beet pulp 3%	4		d2:1.1 d3:1.6 d4:2.4 d5:3.1
1	Aspergillus clavatus NRRL 1	wheat bran 3%	6		d2:1.1 d3:1.8 d4:2.6 d5:3.4
2	Aspergillus flavus NRRL3357	alfalfa meal 3%	10		d3:3.1 d4:5
2	Aspergillus flavus NRRL3357	apple pectin 1% pH=6	7		d3:2.5 d4:4.3
2	Aspergillus flavus NRRL3357	arabic gum 1%	1		d3:2 d4:3.9
2	Aspergillus flavus NRRL3357	arabinogalactan 1%			d3:2.7 d4:3.9
2	Aspergillus flavus NRRL3357	beechwood xylan 1%	5		d4:2.8
2	Aspergillus flavus NRRL3357	birchwood xylan 1%	4		d4:3.3
2	Aspergillus flavus NRRL3357	casein 3%	8		d3:2 d4:3.4
2	Aspergillus flavus NRRL3357	cellobiose	4		d3:1.8 d4:3
2	Aspergillus flavus NRRL3357	cellulose 3%	1		
2	Aspergillus flavus NRRL3357	citrus pectin 1% pH=6	7		d3:2.9 d4:4.3
2	Aspergillus flavus NRRL3357	citrus pulp 3% pH=6	9		d3:2.4 d4:4.4
2	Aspergillus flavus NRRL3357	cotton seed pulp 3%	8		d3:2.8 d4:4.2
2	Aspergillus flavus NRRL3357	D-fructose	5		d3:2.3 d4:3
2	Aspergillus flavus NRRL3357	D-galactose	2		d3:1.1 d4:1.9
2	Aspergillus flavus NRRL3357	D-galacturonic acid	3		d3:2 d4:2.8
2	Aspergillus flavus NRRL3357	D-glucose	5		d3:2.4 d4:3.5
2	Aspergillus flavus NRRL3357	D-glucuronic acid	2		d3:1 d4:2.7
2	Aspergillus flavus NRRL3357	D-mannose	5		d3:2.6 d4:3.6
2	Aspergillus flavus NRRL3357	D-ribose	4		d3:2 d4:3
2	Aspergillus flavus NRRL3357	D-xylose	5		d3:2.1 d4:3.3
2	Aspergillus flavus NRRL3357	guar gum 1%	6		d3:2.2 d4:4.5
2	Aspergillus flavus NRRL3357	inulin 1%	2		d3:2 d4:3
2	Aspergillus flavus NRRL3357	L-arabinose	5		d3:2.1 d4:2.9
2	Aspergillus flavus NRRL3357	L-rhamnose	3		d3:1.6 d4:2.7
2	Aspergillus flavus NRRL3357	lactose	1		d4:2.7
2	Aspergillus flavus NRRL3357	lignin 1%	1		d3:1.1 d4:2.4
2	Aspergillus flavus NRRL3357	maltose	5		
2	Aspergillus flavus NRRL3357	no carbon source	1		
2	Aspergillus flavus NRRL3357	oat spelt xylan 1%	5		d4:3
2	Aspergillus flavus NRRL3357	raffinose	5		d3:1.9 d4:2.7
2	Aspergillus flavus NRRL3357	rice bran 3%	9		d3:3.4 d4:5
2	Aspergillus flavus NRRL3357	soluble starch 1%	6		d3:1.8 d4:3.8
2	Aspergillus flavus NRRL3357	soybean hulls 3%	10		d3:2.8 d4:4.5
2	Aspergillus flavus NRRL3357	sucrose	5		d3:1.9 d4:2.9
2	Aspergillus flavus NRRL3357	sugar beet pulp 3%	10		d3:2.2 d4:3.4
2	Aspergillus flavus NRRL3357	wheat bran 3%	10		d3:3.4 d4:4.9
3	Aspergillus fumigatus Af293	alfalfa meal 3%	10		d2:1.1 d3:2.5 d4:4.3 d5:5.7
3	Aspergillus fumigatus Af293	apple pectin 1% pH=6	6		d2:0.6 d3:1.5 d4:2.8 d5:4
3	Aspergillus fumigatus Af293	arabic gum 1%	1		d2:0.4 d3:1.3 d4:2.5 d5:4
3	Aspergillus fumigatus Af293	arabinogalactan 1%			d2:0.5 d3:1.2 d4:2.6 d5:3.5
3	Aspergillus fumigatus Af293	beechwood xylan 1%	5		d2:0 d3:1.3 d4:2.3 d5:3.3
3	Aspergillus fumigatus Af293	birchwood xylan 1%	2		d2:0.5 d3:0 d4:0.6 d5:1.4
3	Aspergillus fumigatus Af293	casein 3%	4		d2:0.3 d3:1.1 d4:2.7 d5:3.5
3	Aspergillus fumigatus Af293	cellobiose	4		d2:0.2 d3:1 d4:1.8 d5:2.7
3	Aspergillus fumigatus Af293	cellulose 3%	2		d2:0 d3:1 d4:2.1 d5:2.7
3	Aspergillus fumigatus Af293	citrus pectin 1% pH=6	5		d2:0.5 d3:1.3 d4:2.3 d5:3.3
3	Aspergillus fumigatus Af293	citrus pulp 3% pH=6	9		d2:0.8 d3:2.3 d4:3.7 d5:5
3	Aspergillus fumigatus Af293	cotton seed pulp 3%	7		d2:0.8 d3:2.3 d4:3.7 d5:5.5
3	Aspergillus fumigatus Af293	D-fructose	5		d2:0.6 d3:1.3 d4:2.2 d5:3.2
3	Aspergillus fumigatus Af293	D-galactose	2		d2:0 d3:0.7 d4:1.3 d5:1.8
3	Aspergillus fumigatus Af293	D-galacturonic acid	3		d2:0 d3:0.7 d4:1.6 d5:2.5
3	Aspergillus fumigatus Af293	D-glucose	5		d2:0.3 d3:1 d4:1.8 d5:2.7
3	Aspergillus fumigatus Af293	D-glucuronic acid	1		d2:0.2 d3:1 d4:1.8 d5:2.9
3	Aspergillus fumigatus Af293	D-mannose	5		d2:0.3 d3:1 d4:2 d5:2.8
3	Aspergillus fumigatus Af293	D-ribose	4		d2:0.3 d3:1 d4:2 d5:1.8
3	Aspergillus fumigatus Af293	D-xylose	4		d2:0.5 d3:1 d4:1.8 d5:2.7
3	Aspergillus fumigatus Af293	guar gum 1%	8		d2:0.5 d3:1.4 d4:3 d5:4.4
3	Aspergillus fumigatus Af293	inulin 1%	5		d2:0.6 d3:1.2 d4:2.2 d5:3.3
3	Aspergillus fumigatus Af293	L-arabinose	4		d2:0.5 d3:1.1 d4:2.1 d5:3.1
3	Aspergillus fumigatus Af293	L-rhamnose	0		d2:0.3 d3:1.1 d4:2.1 d5:3
3	Aspergillus fumigatus Af293	lactose	0		d2:0.5 d3:1.1 d4:2.1 d5:3.3
3	Aspergillus fumigatus Af293	lignin 1%	1		d2:0.5 d3:0.7 d4:1.8 d5:2.2
3	Aspergillus fumigatus Af293	maltose	5		d2:0.3 d3:0.9 d4:1.8 d5:2.7
3	Aspergillus fumigatus Af293	no carbon source	0		d2:0.2 d3:1 d4:1.8 d5:3
3	Aspergillus fumigatus Af293	oat spelt xylan 1%	5		d2:0.5 d3:1.2 d4:2.3 d5:2.8
3	Aspergillus fumigatus Af293	raffinose	5		d2:0.5 d3:1 d4:1.8 d5:2.8
3	Aspergillus fumigatus Af293	rice bran 3%	8		d2:0.8 d3:2.3 d4:3.6 d5:5.3
3	Aspergillus fumigatus Af293	soluble starch 1%	6		d2:0.5 d3:1.3 d4:2.3 d5:3.3
3	Aspergillus fumigatus Af293	soybean hulls 3%	9		d2:0.7 d3:2.3 d4:3.6 d5:5
3	Aspergillus fumigatus Af293	sucrose	5		d2:0.6 d3:1.2 d4:2 d5:3
3	Aspergillus fumigatus Af293	sugar beet pulp 3%	10		d2:0.7 d3:2.5 d4:4.1 d5:5.5
3	Aspergillus fumigatus Af293	wheat bran 3%	10		d2:0.8 d3:2.6 d4:4.1 d5:5.6
4	Aspergillus nidulans FGSC A4	alfalfa meal 3%	10		d2:1.7 d3:3.4 d4:5.2
4	Aspergillus nidulans FGSC A4	apple pectin 1% pH=6	6		d2:1.6 d3:3 d4:4.6
4	Aspergillus nidulans FGSC A4	arabic gum 1%	0		d2:1.5 d3:2.7 d4:4.5
4	Aspergillus nidulans FGSC A4	arabinogalactan 1%			d2:1.4 d3:2.7 d4:4.4
4	Aspergillus nidulans FGSC A4	beechwood xylan 1%	4		d2:1.1 d3:2.4 d4:4
4	Aspergillus nidulans FGSC A4	birchwood xylan 1%	4		d2:0.4 d3:1.8 d4:3.4
4	Aspergillus nidulans FGSC A4	casein 3%	6		d2:1.4 d3:2.5 d4:4
4	Aspergillus nidulans FGSC A4	cellobiose	4		d2:1.2 d3:2.4 d4:3.7
4	Aspergillus nidulans FGSC A4	cellulose 3%	0		d3:1.1 d4:2.6
4	Aspergillus nidulans FGSC A4	citrus pectin 1% pH=6	6		d2:1.5 d3:2.9 d4:4.4
4	Aspergillus nidulans FGSC A4	citrus pulp 3% pH=6	7		d2:1.3 d3:3 d4:4.4
4	Aspergillus nidulans FGSC A4	cotton seed pulp 3%	2		d2:1.1 d3:2.1 d4:3.3
4	Aspergillus nidulans FGSC A4	D-fructose	5		d2:1.4 d3:2.7 d4:3.5
4	Aspergillus nidulans FGSC A4	D-galactose	3		d3:2 d4:3.4
4	Aspergillus nidulans FGSC A4	D-galacturonic acid	4		d2:1.1 d3:2 d4:3.6
4	Aspergillus nidulans FGSC A4	D-glucose	5		d2:1.3 d3:2.7 d4:4.1
4	Aspergillus nidulans FGSC A4	D-glucuronic acid	4		d2:1.4 d3:2.5 d4:3.8
4	Aspergillus nidulans FGSC A4	D-mannose	5		d2:1.3 d3:2.7 d4:4
4	Aspergillus nidulans FGSC A4	D-ribose	0		d2:1.6 d3:2.6 d4:3.9
4	Aspergillus nidulans FGSC A4	D-xylose	4		d2:1.1 d3:2.4 d4:3.8
4	Aspergillus nidulans FGSC A4	guar gum 1%	7		d2:1.7 d3:3.4 d4:4.9
4	Aspergillus nidulans FGSC A4	inulin 1%	1		d2:1.4 d3:2.8 d4:4.4
4	Aspergillus nidulans FGSC A4	L-arabinose	4		d2:1.2 d3:2.5 d4:3.9
4	Aspergillus nidulans FGSC A4	L-rhamnose	3		d2:0.7 d3:2.1 d4:3.4
4	Aspergillus nidulans FGSC A4	lactose	4		d2:1 d3:2.5 d4:3.7
4	Aspergillus nidulans FGSC A4	lignin 1%	2		d2:1.2 d3:2.5 d4:3.7
4	Aspergillus nidulans FGSC A4	maltose	3		d2:1.3 d3:2.4 d4:3.3
4	Aspergillus nidulans FGSC A4	no carbon source	0		d2:1 d3:2.4 d4:3.8
4	Aspergillus nidulans FGSC A4	oat spelt xylan 1%	5		d2:1.3 d3:1.9 d4:4.3
4	Aspergillus nidulans FGSC A4	raffinose	4		d2:0.9 d3:2.5 d4:3.7
4	Aspergillus nidulans FGSC A4	rice bran 3%	8		d2:1.6 d3:3 d4:4.6
4	Aspergillus nidulans FGSC A4	soluble starch 1%	5		d2:1.6 d3:2.9 d4:4
4	Aspergillus nidulans FGSC A4	soybean hulls 3%	7		d2:0.9 d3:2.5 d4:4.5
4	Aspergillus nidulans FGSC A4	sucrose	5		d2:1.2 d3:2.5 d4:4
4	Aspergillus nidulans FGSC A4	sugar beet pulp 3%	9		d2:1.7 d3:3.4 d4:4.8
4	Aspergillus nidulans FGSC A4	wheat bran 3%	9		d2:1.2 d3:3.5 d4:5.3
5	Aspergillus niger ATCC 1015	alfalfa meal 3%	9		d2:2.6 d5:3.5 d6:5.5 d7:7
5	Aspergillus niger ATCC 1015	apple pectin 1% pH=6	8		d2:2 d5:3 d6:4.4 d7:6.3
5	Aspergillus niger ATCC 1015	arabic gum 1%	0		d2:1.8 d5:2.5 d6:4 d7:5.8
5	Aspergillus niger ATCC 1015	arabinogalactan 1%			d2:1.4 d5:2.1 d6:3.4 d7:4.4
5	Aspergillus niger ATCC 1015	beechwood xylan 1%	5		d2:1.5 d5:2.2 d6:3.3 d7:4.3
5	Aspergillus niger ATCC 1015	birchwood xylan 1%	5		d2:1.4 d5:2.3 d6:3 d7:4.3
5	Aspergillus niger ATCC 1015	casein 3%	7		d2:0 d5:2.8 d6:3.5 d7:5
5	Aspergillus niger ATCC 1015	cellobiose	5		d2:1.3 d5:2 d6:2.8 d7:3.9
5	Aspergillus niger ATCC 1015	cellulose 3%	0		d2:1.1 d5:0 d6:2 d7:3
5	Aspergillus niger ATCC 1015	citrus pectin 1% pH=6	7		d2:1.9 d5:2.7 d6:4.2 d7:5.5
5	Aspergillus niger ATCC 1015	citrus pulp 3% pH=6	10		d2:2.8 d5:3.7 d6:5.9 d7:8
5	Aspergillus niger ATCC 1015	cotton seed pulp 3%	5		d2:1.8 d5:3 d6:4.7 d7:6.5
5	Aspergillus niger ATCC 1015	D-fructose	5		d2:1.2 d5:2 d6:3 d7:3.9
5	Aspergillus niger ATCC 1015	D-galactose	0		d2:0.3 d5:3 d6:0.4 d7:2.3
5	Aspergillus niger ATCC 1015	D-galacturonic acid	3		d2:1 d5:1 d6:2.5 d7:3.5
5	Aspergillus niger ATCC 1015	D-glucose	5		d2:1.2 d5:2 d6:2.9 d7:4.2
5	Aspergillus niger ATCC 1015	D-glucuronic acid	4		d2:1.3 d5:1.5 d6:3 d7:4.2
5	Aspergillus niger ATCC 1015	D-mannose	4		d2:1.2 d5:1.9 d6:3 d7:3.8
5	Aspergillus niger ATCC 1015	D-ribose	1		d2:1.3 d5:1.7 d6:2.6 d7:3.6
5	Aspergillus niger ATCC 1015	D-xylose	4		d2:1.2 d5:1.8 d6:2.7 d7:3.5
5	Aspergillus niger ATCC 1015	guar gum 1%	8		d2:2 d5:3 d6:4.8 d7:6.5
5	Aspergillus niger ATCC 1015	inulin 1%	5		d2:1.3 d5:2 d6:2.8 d7:4
5	Aspergillus niger ATCC 1015	L-arabinose	4		d2:1.1 d5:1.9 d6:2.8 d7:3.8
5	Aspergillus niger ATCC 1015	L-rhamnose	2		d2:1.1 d5:1.2 d6:2.9 d7:3.8
5	Aspergillus niger ATCC 1015	lactose	0		d2:1.3 d5:2 d6:3 d7:4
5	Aspergillus niger ATCC 1015	lignin 1%	1		d2:1.6 d5:2.6 d6:3.8 d7:5.2
5	Aspergillus niger ATCC 1015	maltose	7		d2:1.7 d5:2.5 d6:4 d7:5.1
5	Aspergillus niger ATCC 1015	no carbon source	0		d2:1.2 d5:1.8 d6:2.7 d7:3.8
5	Aspergillus niger ATCC 1015	oat spelt xylan 1%	5		d2:1.3 d5:2 d6:2.7 d7:3.8
5	Aspergillus niger ATCC 1015	raffinose	5		d2:1.3 d5:2 d6:3 d7:4
5	Aspergillus niger ATCC 1015	rice bran 3%	9		d2:2.5 d5:3.5 d6:5.7 d7:8
5	Aspergillus niger ATCC 1015	soluble starch 1%	6		d2:1.5 d5:2.2 d6:3.3 d7:4.6
5	Aspergillus niger ATCC 1015	soybean hulls 3%	9		d2:2.4 d5:3.5 d6:5.6 d7:8
5	Aspergillus niger ATCC 1015	sucrose	7		d2:1.6 d5:2.3 d6:3.8 d7:5
5	Aspergillus niger ATCC 1015	sugar beet pulp 3%	10		d2:2.6 d5:3.5 d6:5.5 d7:8
5	Aspergillus niger ATCC 1015	wheat bran 3%	9		d2:2.4 d5:3.4 d6:5.5 d7:8
6	Aspergillus niger CBS 513.88	alfalfa meal 3%	9		d2:1.7 d5:2.5 d6:3.6 d7:4.8
6	Aspergillus niger CBS 513.88	apple pectin 1% pH=6	4		d2:0.2 d5:0.1 d6:0.3 d7:0.7
6	Aspergillus niger CBS 513.88	arabic gum 1%	0		d2:0 d5:0.5 d6:1 d7:1.7
6	Aspergillus niger CBS 513.88	arabinogalactan 1%			d2:0 d5:0.3 d6:0.5 d7:0.7
6	Aspergillus niger CBS 513.88	beechwood xylan 1%	4		d2:0 d5:1.5 d6:0.3 d7:0.8
6	Aspergillus niger CBS 513.88	birchwood xylan 1%	4		d2:0 d5:0.8 d6:0.6 d7:0.8
6	Aspergillus niger CBS 513.88	casein 3%	6		d2:0 d5:1 d6:1.5 d7:2.3
6	Aspergillus niger CBS 513.88	cellobiose	3		d2:0 d5:1.5 d6:0.4 d7:0.8
6	Aspergillus niger CBS 513.88	cellulose 3%	0		d2:0 d5:0.2 d6:0.2 d7:0.2
6	Aspergillus niger CBS 513.88	citrus pectin 1% pH=6	3		d2:0.2 d5:0.2 d6:0.2 d7:0.4
6	Aspergillus niger CBS 513.88	citrus pulp 3% pH=6	10		d2:1.7 d5:2 d6:3.9 d7:5.3
6	Aspergillus niger CBS 513.88	cotton seed pulp 3%	2		d2:0.4 d5:0.5 d6:0.8 d7:0.7
6	Aspergillus niger CBS 513.88	D-fructose	2		d2:0.2 d5:0.2 d6:0.3 d7:0.5
6	Aspergillus niger CBS 513.88	D-galactose	0		d2:0.1 d5:0.2 d6:0.2 d7:0.3
6	Aspergillus niger CBS 513.88	D-galacturonic acid	1		d2:0.2 d5:0.1 d6:0.2 d7:0.5
6	Aspergillus niger CBS 513.88	D-glucose	2		d2:0.2 d5:0.2 d6:0.3 d7:0.4
6	Aspergillus niger CBS 513.88	D-glucuronic acid	1		d2:0 d5:0.2 d6:0.2 d7:0.6
6	Aspergillus niger CBS 513.88	D-mannose	2		d2:0 d5:0.2 d6:0.6 d7:0.9
6	Aspergillus niger CBS 513.88	D-ribose	1		d2:0 d5:0.4 d6:0.5 d7:1
6	Aspergillus niger CBS 513.88	D-xylose	2		d2:0 d5:0.2 d6:0.5 d7:0.8
6	Aspergillus niger CBS 513.88	guar gum 1%	5		d2:1 d5:1.5 d6:1.8 d7:2.3
6	Aspergillus niger CBS 513.88	inulin 1%	3		d2:0.2 d5:0.3 d6:0.6 d7:1
6	Aspergillus niger CBS 513.88	L-arabinose	1		d2:0 d5:0.2 d6:0.5 d7:0.5
6	Aspergillus niger CBS 513.88	L-rhamnose	1		d2:0.2 d5:0.2 d6:0.7 d7:0.6
6	Aspergillus niger CBS 513.88	lactose	1		d2:0.2 d5:0.2 d6:0.6 d7:0.9
6	Aspergillus niger CBS 513.88	lignin 1%	1		d2:0 d5:0.2 d6:0.3 d7:0.2
6	Aspergillus niger CBS 513.88	maltose	3		d2:0.2 d5:0.2 d6:0.3 d7:0.7
6	Aspergillus niger CBS 513.88	no carbon source	0		d2:0 d5:0.3 d6:0.3 d7:0.5
6	Aspergillus niger CBS 513.88	oat spelt xylan 1%	3		d2:0 d5:0.2 d6:0.7 d7:0.8
6	Aspergillus niger CBS 513.88	raffinose	3		d2:0.2 d5:0.2 d6:0.4 d7:0.7
6	Aspergillus niger CBS 513.88	rice bran 3%	8		d2:1.3 d5:2 d6:2.9 d7:4
6	Aspergillus niger CBS 513.88	soluble starch 1%	3		d2:0.3 d5:0.3 d6:0.5 d7:0.7
6	Aspergillus niger CBS 513.88	soybean hulls 3%	8		d2:1.3 d5:2 d6:3 d7:4.3
6	Aspergillus niger CBS 513.88	sucrose	3		d2:0 d5:0.2 d6:0.5 d7:0.6
6	Aspergillus niger CBS 513.88	sugar beet pulp 3%	7		d2:1.3 d5:0.5 d6:1.5 d7:2.3
6	Aspergillus niger CBS 513.88	wheat bran 3%	8		d2:1.2 d5:2 d6:2.8 d7:3.8
7	Aspergillus oryzae RIB40	alfalfa meal 3%	9		
7	Aspergillus oryzae RIB40	apple pectin 1% pH=6	5		
7	Aspergillus oryzae RIB40	arabic gum 1%	0		
7	Aspergillus oryzae RIB40	beechwood xylan 1%	3		
7	Aspergillus oryzae RIB40	birchwood xylan 1%	3		
7	Aspergillus oryzae RIB40	casein 3%	6		
7	Aspergillus oryzae RIB40	cellobiose	2		
7	Aspergillus oryzae RIB40	cellulose 3%	0		
7	Aspergillus oryzae RIB40	citrus pectin 1% pH=6	6		
7	Aspergillus oryzae RIB40	citrus pulp 3% pH=6	7		
7	Aspergillus oryzae RIB40	cotton seed pulp 3%	5		
7	Aspergillus oryzae RIB40	D-fructose	5		
7	Aspergillus oryzae RIB40	D-galactose	1		
7	Aspergillus oryzae RIB40	D-galacturonic acid	2		
7	Aspergillus oryzae RIB40	D-glucose	5		
7	Aspergillus oryzae RIB40	D-glucuronic acid	1		
7	Aspergillus oryzae RIB40	D-mannose	5		
7	Aspergillus oryzae RIB40	D-ribose	3		
7	Aspergillus oryzae RIB40	D-xylose	2		
7	Aspergillus oryzae RIB40	guar gum 1%	1		
7	Aspergillus oryzae RIB40	inulin 1%	2		
7	Aspergillus oryzae RIB40	L-arabinose	2		
7	Aspergillus oryzae RIB40	L-rhamnose	1		
7	Aspergillus oryzae RIB40	lactose	0		
7	Aspergillus oryzae RIB40	lignin 1%	1		
7	Aspergillus oryzae RIB40	maltose	6		
7	Aspergillus oryzae RIB40	no carbon source	0		
7	Aspergillus oryzae RIB40	oat spelt xylan 1%	4		
7	Aspergillus oryzae RIB40	raffinose	4		
7	Aspergillus oryzae RIB40	rice bran 3%	8		
7	Aspergillus oryzae RIB40	soluble starch 1%	5		
7	Aspergillus oryzae RIB40	soybean hulls 3%	7		
7	Aspergillus oryzae RIB40	sucrose	4		
7	Aspergillus oryzae RIB40	sugar beet pulp 3%	6		
7	Aspergillus oryzae RIB40	wheat bran 3%	8		
8	Aspergillus terreus NIH2624	alfalfa meal 3%	10		d2:1.3 d3:2.5 d4:3.9
8	Aspergillus terreus NIH2624	apple pectin 1% pH=6	5		d2:0.8 d3:2 d4:3.1
8	Aspergillus terreus NIH2624	arabic gum 1%	1		d2:0.8 d3:1.5 d4:2.6
8	Aspergillus terreus NIH2624	arabinogalactan 1%			d2:0.6 d3:1.3 d4:2.2
8	Aspergillus terreus NIH2624	beechwood xylan 1%	4		d2:0.3 d3:0.8 d4:1.8
8	Aspergillus terreus NIH2624	birchwood xylan 1%	4		d2:0.4 d3:0.8 d4:1.6
8	Aspergillus terreus NIH2624	casein 3%	5		d2:0.6 d3:1.8 d4:2.6
8	Aspergillus terreus NIH2624	cellobiose	4		d2:0.6 d3:1.2 d4:1.7
8	Aspergillus terreus NIH2624	cellulose 3%	1		d2:0.2 d3:0.8 d4:1.6
8	Aspergillus terreus NIH2624	citrus pectin 1% pH=6	5		d2:0.9 d3:1.7 d4:2.4
8	Aspergillus terreus NIH2624	citrus pulp 3% pH=6	9		d2:0.9 d3:2 d4:2.9
8	Aspergillus terreus NIH2624	cotton seed pulp 3%	1		d2:0.9 d3:1.6 d4:1.9
8	Aspergillus terreus NIH2624	D-fructose	5		d2:0.7 d3:1.5 d4:1.8
8	Aspergillus terreus NIH2624	D-galactose	0		d2:0 d3:0 d4:0
8	Aspergillus terreus NIH2624	D-galacturonic acid	2		d2:0.6 d3:1.1 d4:1.7
8	Aspergillus terreus NIH2624	D-glucose	5		d2:0.8 d3:1.5 d4:1.9
8	Aspergillus terreus NIH2624	D-glucuronic acid	2		d2:0.5 d3:1 d4:1.9
8	Aspergillus terreus NIH2624	D-mannose	5		d2:0.8 d3:1.5 d4:2.1
8	Aspergillus terreus NIH2624	D-ribose	4		d2:0.8 d3:1.4 d4:2
8	Aspergillus terreus NIH2624	D-xylose	4		d2:0.6 d3:1.3 d4:1.7
8	Aspergillus terreus NIH2624	guar gum 1%	3		d2:0.9 d3:1.8 d4:2.6
8	Aspergillus terreus NIH2624	inulin 1%	1		d2:1 d3:1.6 d4:2.6
8	Aspergillus terreus NIH2624	L-arabinose	3		d2:0.6 d3:1.3 d4:1.7
8	Aspergillus terreus NIH2624	L-rhamnose	1		d2:0.5 d3:1.3 d4:2
8	Aspergillus terreus NIH2624	lactose	2		d2:0.5 d3:1.2 d4:1.8
8	Aspergillus terreus NIH2624	lignin 1%	2		d2:0.6 d3:1.3 d4:1.8
8	Aspergillus terreus NIH2624	maltose	5		d2:0.7 d3:1.5 d4:2.1
8	Aspergillus terreus NIH2624	no carbon source	1		d2:0.3 d3:1.1 d4:2
8	Aspergillus terreus NIH2624	oat spelt xylan 1%	3		d2:0.3 d3:0.7 d4:1.4
8	Aspergillus terreus NIH2624	raffinose	4		d2:0.5 d3:1.2 d4:1.6
8	Aspergillus terreus NIH2624	rice bran 3%	7		d2:1.2 d3:2.2 d4:2.5
8	Aspergillus terreus NIH2624	soluble starch 1%	5		d2:0.9 d3:1.8 d4:2.2
8	Aspergillus terreus NIH2624	soybean hulls 3%	8		d2:1.2 d3:2.1 d4:3
8	Aspergillus terreus NIH2624	sucrose	5		d2:0.8 d3:1.3 d4:2
8	Aspergillus terreus NIH2624	sugar beet pulp 3%	8		d2:1 d3:2.2 d4:3.1
8	Aspergillus terreus NIH2624	wheat bran 3%	8		d2:1.2 d3:2.2 d4:3.1
10	Candida albicans SC5314	alfalfa meal 3%	5		d6:1.8
10	Candida albicans SC5314	apple pectin 1% pH=6	2		d6:0.7
10	Candida albicans SC5314	arabic gum 1%	2		d6:0.9
10	Candida albicans SC5314	arabinogalactan 1%			d6:0.8
10	Candida albicans SC5314	beechwood xylan 1%	1		d6:0.8
10	Candida albicans SC5314	birchwood xylan 1%	1		d6:0.8
10	Candida albicans SC5314	casein 3%	5		d6:1.4
10	Candida albicans SC5314	cellobiose	1		d6:0.8
10	Candida albicans SC5314	cellulose 3%	1		d6:0.8
10	Candida albicans SC5314	citrus pectin 1% pH=6	4		d6:1.3
10	Candida albicans SC5314	citrus pulp 3% pH=6	6		d6:1.5
10	Candida albicans SC5314	cotton seed pulp 3%	1		d6:0.7
10	Candida albicans SC5314	D-fructose	4		d6:1
10	Candida albicans SC5314	D-galactose	5		d6:1.2
10	Candida albicans SC5314	D-galacturonic acid	1		d6:0.7
10	Candida albicans SC5314	D-glucose	5		d6:1
10	Candida albicans SC5314	D-glucuronic acid	1		d6:0.7
10	Candida albicans SC5314	D-mannose	4		d6:1.1
10	Candida albicans SC5314	D-ribose	1		d6:0.5
10	Candida albicans SC5314	D-xylose	5		d6:1
10	Candida albicans SC5314	guar gum 1%	4		d6:1.2
10	Candida albicans SC5314	inulin 1%	2		d6:0.9
10	Candida albicans SC5314	L-arabinose	1		d6:0.6
10	Candida albicans SC5314	L-rhamnose	3		d6:0.6
10	Candida albicans SC5314	lactose	1		d6:0.8
10	Candida albicans SC5314	lignin 1%	5		d6:1.1
10	Candida albicans SC5314	maltose	4		d6:1.1
10	Candida albicans SC5314	no carbon source	1		d6:0.7
10	Candida albicans SC5314	oat spelt xylan 1%	2		d6:0.9
10	Candida albicans SC5314	raffinose	1		d6:0.7
10	Candida albicans SC5314	rice bran 3%	6		d6:2.1
10	Candida albicans SC5314	soluble starch 1%	3		d6:1
10	Candida albicans SC5314	soybean hulls 3%	5		d6:1.6
10	Candida albicans SC5314	sucrose	4		d6:1
10	Candida albicans SC5314	sugar beet pulp 3%	5		d6:1.5
10	Candida albicans SC5314	wheat bran 3%	6		d6:1.9
11	Chaetomium globosum CBS 148.51	alfalfa meal 3%	8		d3:3.2 d4:4.9
11	Chaetomium globosum CBS 148.51	apple pectin 1% pH=6	8		d3:3.2 d4:4.7
11	Chaetomium globosum CBS 148.51	arabic gum 1%	3		d3:3.3 d4:4.8
11	Chaetomium globosum CBS 148.51	arabinogalactan 1%			d3:2.7 d4:4.1
11	Chaetomium globosum CBS 148.51	beechwood xylan 1%	8		d3:3.1 d4:5.2
11	Chaetomium globosum CBS 148.51	birchwood xylan 1%	7		d3:3.5 d4:5.6
11	Chaetomium globosum CBS 148.51	casein 3%	7		d3:2.3 d4:4
11	Chaetomium globosum CBS 148.51	cellobiose	6		d3:1.8 d4:2.1
11	Chaetomium globosum CBS 148.51	cellulose 3%	1		d3:2.8 d4:5
11	Chaetomium globosum CBS 148.51	citrus pectin 1% pH=6	7		d3:2.8 d4:3.6
11	Chaetomium globosum CBS 148.51	citrus pulp 3% pH=6	8		d3:3.2 d4:5.3
11	Chaetomium globosum CBS 148.51	cotton seed pulp 3%	6		d3:3.7 d4:6.3
11	Chaetomium globosum CBS 148.51	D-fructose	5		d3:1.7 d4:2.4
11	Chaetomium globosum CBS 148.51	D-galactose	1		d3:0.4 d4:1.5
11	Chaetomium globosum CBS 148.51	D-galacturonic acid	4		d3:2.5 d4:3.6
11	Chaetomium globosum CBS 148.51	D-glucose	5		d3:1.8 d4:2.2
11	Chaetomium globosum CBS 148.51	D-glucuronic acid	0		d3:0 d4:0
11	Chaetomium globosum CBS 148.51	D-mannose	5		d3:1.4 d4:2
11	Chaetomium globosum CBS 148.51	D-ribose	3		d3:2.6 d4:4.1
11	Chaetomium globosum CBS 148.51	D-xylose	6		d3:2.2 d4:2.9
11	Chaetomium globosum CBS 148.51	guar gum 1%	4		d3:3.2 d4:4.7
11	Chaetomium globosum CBS 148.51	inulin 1%	1		d3:2.7 d4:4.2
11	Chaetomium globosum CBS 148.51	L-arabinose	3		d3:2.3 d4:3.4
11	Chaetomium globosum CBS 148.51	L-rhamnose	1		d3:2.6 d4:3.9
11	Chaetomium globosum CBS 148.51	lactose	2		d3:2.4 d4:3.4
11	Chaetomium globosum CBS 148.51	lignin 1%	7		d3:3 d4:4.4
11	Chaetomium globosum CBS 148.51	maltose	6		d3:1.9 d4:2.4
11	Chaetomium globosum CBS 148.51	no carbon source	0		d3:2.8 d4:4
11	Chaetomium globosum CBS 148.51	oat spelt xylan 1%	4		d3:3.4 d4:5.6
11	Chaetomium globosum CBS 148.51	raffinose	3		d3:2.6 d4:3.8
11	Chaetomium globosum CBS 148.51	rice bran 3%	9		d3:3.3 d4:5.7
11	Chaetomium globosum CBS 148.51	soluble starch 1%	6		d3:2.4 d4:2.9
11	Chaetomium globosum CBS 148.51	soybean hulls 3%	8		d3:3 d4:4.9
11	Chaetomium globosum CBS 148.51	sucrose	5		d3:2 d4:2.6
11	Chaetomium globosum CBS 148.51	sugar beet pulp 3%	8		d3:3.2 d4:5.5
11	Chaetomium globosum CBS 148.51	wheat bran 3%	10		d3:4 d4:6.6
14	Cryptococcus neoformans var. neoformans JEC21 serotype D	alfalfa meal 3%	10		
14	Cryptococcus neoformans var. neoformans JEC21 serotype D	apple pectin 1% pH=6	8		
14	Cryptococcus neoformans var. neoformans JEC21 serotype D	arabic gum 1%	7		
14	Cryptococcus neoformans var. neoformans JEC21 serotype D	beechwood xylan 1%	3		
14	Cryptococcus neoformans var. neoformans JEC21 serotype D	birchwood xylan 1%	1		
14	Cryptococcus neoformans var. neoformans JEC21 serotype D	casein 3%	2		
14	Cryptococcus neoformans var. neoformans JEC21 serotype D	cellobiose	3		
14	Cryptococcus neoformans var. neoformans JEC21 serotype D	cellulose 3%	0		
14	Cryptococcus neoformans var. neoformans JEC21 serotype D	citrus pectin 1% pH=6	9		
14	Cryptococcus neoformans var. neoformans JEC21 serotype D	citrus pulp 3% pH=6	10		
14	Cryptococcus neoformans var. neoformans JEC21 serotype D	cotton seed pulp 3%	2		
14	Cryptococcus neoformans var. neoformans JEC21 serotype D	D-fructose	5		
14	Cryptococcus neoformans var. neoformans JEC21 serotype D	D-galactose	5		
14	Cryptococcus neoformans var. neoformans JEC21 serotype D	D-galacturonic acid	4		
14	Cryptococcus neoformans var. neoformans JEC21 serotype D	D-glucose	5		
14	Cryptococcus neoformans var. neoformans JEC21 serotype D	D-glucuronic acid	7		
14	Cryptococcus neoformans var. neoformans JEC21 serotype D	D-mannose	6		
14	Cryptococcus neoformans var. neoformans JEC21 serotype D	D-ribose	4		
14	Cryptococcus neoformans var. neoformans JEC21 serotype D	D-xylose	4		
14	Cryptococcus neoformans var. neoformans JEC21 serotype D	guar gum 1%	2		
14	Cryptococcus neoformans var. neoformans JEC21 serotype D	inulin 1%	6		
14	Cryptococcus neoformans var. neoformans JEC21 serotype D	L-arabinose	4		
14	Cryptococcus neoformans var. neoformans JEC21 serotype D	L-rhamnose	4		
14	Cryptococcus neoformans var. neoformans JEC21 serotype D	lactose	1		
14	Cryptococcus neoformans var. neoformans JEC21 serotype D	lignin 1%	2		
14	Cryptococcus neoformans var. neoformans JEC21 serotype D	maltose	5		
14	Cryptococcus neoformans var. neoformans JEC21 serotype D	no carbon source	0		
14	Cryptococcus neoformans var. neoformans JEC21 serotype D	oat spelt xylan 1%	3		
14	Cryptococcus neoformans var. neoformans JEC21 serotype D	raffinose	4		
14	Cryptococcus neoformans var. neoformans JEC21 serotype D	rice bran 3%	8		
14	Cryptococcus neoformans var. neoformans JEC21 serotype D	soluble starch 1%	1		
14	Cryptococcus neoformans var. neoformans JEC21 serotype D	soybean hulls 3%	8		
14	Cryptococcus neoformans var. neoformans JEC21 serotype D	sucrose	5		
14	Cryptococcus neoformans var. neoformans JEC21 serotype D	sugar beet pulp 3%	9		
14	Cryptococcus neoformans var. neoformans JEC21 serotype D	wheat bran 3%	10		
15	Debaryomyces hansenii CBS767	alfalfa meal 3%	9		d6:1.9
15	Debaryomyces hansenii CBS767	apple pectin 1% pH=6	3		d6:1
15	Debaryomyces hansenii CBS767	arabic gum 1%	2		d6:1.1
15	Debaryomyces hansenii CBS767	arabinogalactan 1%			d6:1
15	Debaryomyces hansenii CBS767	beechwood xylan 1%	3		d6:1
15	Debaryomyces hansenii CBS767	birchwood xylan 1%	3		d6:1
15	Debaryomyces hansenii CBS767	casein 3%	4		d6:1.1
15	Debaryomyces hansenii CBS767	cellobiose	3		d6:1
15	Debaryomyces hansenii CBS767	cellulose 3%	1		d6:0.9
15	Debaryomyces hansenii CBS767	citrus pectin 1% pH=6	4		d6:1.4
15	Debaryomyces hansenii CBS767	citrus pulp 3% pH=6	5		d6:1.6
15	Debaryomyces hansenii CBS767	cotton seed pulp 3%	1		d6:0.7
15	Debaryomyces hansenii CBS767	D-fructose	5		d6:1.4
15	Debaryomyces hansenii CBS767	D-galactose	5		d6:1.3
15	Debaryomyces hansenii CBS767	D-galacturonic acid	2		d6:0.7
15	Debaryomyces hansenii CBS767	D-glucose	5		d6:1.4
15	Debaryomyces hansenii CBS767	D-glucuronic acid	2		d6:0.8
15	Debaryomyces hansenii CBS767	D-mannose	5		d6:1.4
15	Debaryomyces hansenii CBS767	D-ribose	3		d6:1.1
15	Debaryomyces hansenii CBS767	D-xylose	3		d6:1
15	Debaryomyces hansenii CBS767	guar gum 1%	3		d6:1.3
15	Debaryomyces hansenii CBS767	inulin 1%	4		d6:1.2
15	Debaryomyces hansenii CBS767	L-arabinose	4		d6:1
15	Debaryomyces hansenii CBS767	L-rhamnose	3		d6:1
15	Debaryomyces hansenii CBS767	lactose	2		d6:0.8
15	Debaryomyces hansenii CBS767	lignin 1%	3		d6:1.2
15	Debaryomyces hansenii CBS767	maltose	4		d6:1.1
15	Debaryomyces hansenii CBS767	no carbon source	3		d6:1
15	Debaryomyces hansenii CBS767	oat spelt xylan 1%	2		d6:1
15	Debaryomyces hansenii CBS767	raffinose	3		d6:0.9
15	Debaryomyces hansenii CBS767	rice bran 3%	6		d6:1.7
15	Debaryomyces hansenii CBS767	soluble starch 1%	5		d6:1.4
15	Debaryomyces hansenii CBS767	soybean hulls 3%	4		d6:1.3
15	Debaryomyces hansenii CBS767	sucrose	4		d6:1.3
15	Debaryomyces hansenii CBS767	sugar beet pulp 3%	4		d6:1.3
15	Debaryomyces hansenii CBS767	wheat bran 3%	6		d6:1.7
17	Filobasidiella neoformans H99 serotype A	alfalfa meal 3%	10		
17	Filobasidiella neoformans H99 serotype A	apple pectin 1% pH=6	8		
17	Filobasidiella neoformans H99 serotype A	arabic gum 1%	7		
17	Filobasidiella neoformans H99 serotype A	beechwood xylan 1%	3		
17	Filobasidiella neoformans H99 serotype A	birchwood xylan 1%	2		
17	Filobasidiella neoformans H99 serotype A	casein 3%	1		
17	Filobasidiella neoformans H99 serotype A	cellobiose	5		
17	Filobasidiella neoformans H99 serotype A	cellulose 3%	0		
17	Filobasidiella neoformans H99 serotype A	citrus pectin 1% pH=6	9		
17	Filobasidiella neoformans H99 serotype A	citrus pulp 3% pH=6	10		
17	Filobasidiella neoformans H99 serotype A	cotton seed pulp 3%	2		
17	Filobasidiella neoformans H99 serotype A	D-fructose	5		
17	Filobasidiella neoformans H99 serotype A	D-galactose	5		
17	Filobasidiella neoformans H99 serotype A	D-galacturonic acid	4		
17	Filobasidiella neoformans H99 serotype A	D-glucose	5		
17	Filobasidiella neoformans H99 serotype A	D-glucuronic acid	7		
17	Filobasidiella neoformans H99 serotype A	D-mannose	6		
17	Filobasidiella neoformans H99 serotype A	D-ribose	4		
17	Filobasidiella neoformans H99 serotype A	D-xylose	4		
17	Filobasidiella neoformans H99 serotype A	guar gum 1%	3		
17	Filobasidiella neoformans H99 serotype A	inulin 1%	3		
17	Filobasidiella neoformans H99 serotype A	L-arabinose	3		
17	Filobasidiella neoformans H99 serotype A	L-rhamnose	4		
17	Filobasidiella neoformans H99 serotype A	lactose	1		
17	Filobasidiella neoformans H99 serotype A	lignin 1%	1		
17	Filobasidiella neoformans H99 serotype A	maltose	5		
17	Filobasidiella neoformans H99 serotype A	no carbon source	0		
17	Filobasidiella neoformans H99 serotype A	oat spelt xylan 1%	2		
17	Filobasidiella neoformans H99 serotype A	raffinose	4		
17	Filobasidiella neoformans H99 serotype A	rice bran 3%	8		
17	Filobasidiella neoformans H99 serotype A	soluble starch 1%	1		
17	Filobasidiella neoformans H99 serotype A	soybean hulls 3%	8		
17	Filobasidiella neoformans H99 serotype A	sucrose	5		
17	Filobasidiella neoformans H99 serotype A	sugar beet pulp 3%	9		
17	Filobasidiella neoformans H99 serotype A	wheat bran 3%	10		
18	Fusarium oxysporum f. sp. lycopersici 4286	alfalfa meal 3%	6		d2:1.7 d3:2.7 d4:4.2
18	Fusarium oxysporum f. sp. lycopersici 4286	apple pectin 1% pH=6	5		d2:1.3 d3:1.8 d4:2.9
18	Fusarium oxysporum f. sp. lycopersici 4286	arabic gum 1%	3		d2:1.4 d3:2.5 d4:3.8
18	Fusarium oxysporum f. sp. lycopersici 4286	arabinogalactan 1%			d2:1.1 d3:1.5 d4:2.1
18	Fusarium oxysporum f. sp. lycopersici 4286	beechwood xylan 1%	4		d2:1.5 d3:2.4 d4:3.9
18	Fusarium oxysporum f. sp. lycopersici 4286	birchwood xylan 1%	3		d2:1.4 d3:2.3 d4:3.6
18	Fusarium oxysporum f. sp. lycopersici 4286	casein 3%	5		d2:1.6 d3:2.4 d4:3.9
18	Fusarium oxysporum f. sp. lycopersici 4286	cellobiose	5		d2:1.6 d3:2.6 d4:3.7
18	Fusarium oxysporum f. sp. lycopersici 4286	cellulose 3%	1		d2:2 d3:2.8 d4:4.2
18	Fusarium oxysporum f. sp. lycopersici 4286	citrus pectin 1% pH=6	6		d2:1.7 d3:2.6 d4:3.9
18	Fusarium oxysporum f. sp. lycopersici 4286	citrus pulp 3% pH=6	7		d2:1.4 d3:2.4 d4:3.3
18	Fusarium oxysporum f. sp. lycopersici 4286	cotton seed pulp 3%	5		d2:2 d3:3 d4:4.7
18	Fusarium oxysporum f. sp. lycopersici 4286	D-fructose	5		d2:1.7 d3:2.7 d4:3.7
18	Fusarium oxysporum f. sp. lycopersici 4286	D-galactose	2		d2:0.7 d3:1.3 d4:1.7
18	Fusarium oxysporum f. sp. lycopersici 4286	D-galacturonic acid	3		d2:1.7 d3:2.5 d4:3.7
18	Fusarium oxysporum f. sp. lycopersici 4286	D-glucose	5		d2:1.6 d3:2.5 d4:3.6
18	Fusarium oxysporum f. sp. lycopersici 4286	D-glucuronic acid	2		d2:0.5 d3:0.7 d4:1.3
18	Fusarium oxysporum f. sp. lycopersici 4286	D-mannose	5		d2:1.6 d3:2.5 d4:3.5
18	Fusarium oxysporum f. sp. lycopersici 4286	D-ribose	6		d2:1.7 d3:2.7 d4:3.8
18	Fusarium oxysporum f. sp. lycopersici 4286	D-xylose	5		d2:1.5 d3:2.4 d4:3.5
18	Fusarium oxysporum f. sp. lycopersici 4286	guar gum 1%	4		d2:1.9 d3:3.1 d4:4.3
18	Fusarium oxysporum f. sp. lycopersici 4286	inulin 1%	7		d2:1.8 d3:2.8 d4:4.3
18	Fusarium oxysporum f. sp. lycopersici 4286	L-arabinose	4		d2:1.5 d3:2.5 d4:3.5
18	Fusarium oxysporum f. sp. lycopersici 4286	L-rhamnose	4		d2:1.5 d3:2.4 d4:3.7
18	Fusarium oxysporum f. sp. lycopersici 4286	lactose	1		d2:1.4 d3:2.2 d4:3.3
18	Fusarium oxysporum f. sp. lycopersici 4286	lignin 1%	3		d2:1.8 d3:2.6 d4:3.8
18	Fusarium oxysporum f. sp. lycopersici 4286	maltose	6		d2:1.6 d3:2.5 d4:3.7
18	Fusarium oxysporum f. sp. lycopersici 4286	no carbon source	1		d2:1.8 d3:2.5 d4:3.6
18	Fusarium oxysporum f. sp. lycopersici 4286	oat spelt xylan 1%	3		d2:1.4 d3:2.3 d4:3.6
18	Fusarium oxysporum f. sp. lycopersici 4286	raffinose	6		d2:1.6 d3:2.6 d4:3.6
18	Fusarium oxysporum f. sp. lycopersici 4286	rice bran 3%	8		d2:1.8 d3:2.8 d4:4.2
18	Fusarium oxysporum f. sp. lycopersici 4286	soluble starch 1%	7		d2:1.8 d3:2.6 d4:3.8
18	Fusarium oxysporum f. sp. lycopersici 4286	soybean hulls 3%	6		d2:1.6 d3:2.7 d4:3.8
18	Fusarium oxysporum f. sp. lycopersici 4286	sucrose	5		d2:1.4 d3:2.4 d4:3.5
18	Fusarium oxysporum f. sp. lycopersici 4286	sugar beet pulp 3%	5		d2:1.5 d3:2.5 d4:3.8
18	Fusarium oxysporum f. sp. lycopersici 4286	wheat bran 3%	8		d2:1.9 d3:2.8 d4:4.3
19	Fusarium verticillioides 7600	alfalfa meal 3%	8		d5:6.2 d7:8.2
19	Fusarium verticillioides 7600	apple pectin 1% pH=6	4		d5:5.6 d7:7.6
19	Fusarium verticillioides 7600	arabic gum 1%	1		d5:5.9 d7:7.9
19	Fusarium verticillioides 7600	arabinogalactan 1%			d5:4.8 d7:6.6
19	Fusarium verticillioides 7600	beechwood xylan 1%	5		d5:5.5 d7:7.2
19	Fusarium verticillioides 7600	birchwood xylan 1%	4		d5:5.6 d7:7.5
19	Fusarium verticillioides 7600	casein 3%	7		d5:5.8 d7:7.7
19	Fusarium verticillioides 7600	cellobiose	7		d5:5.3 d7:6.8
19	Fusarium verticillioides 7600	cellulose 3%	0		d5:5.4 d7:7.2
19	Fusarium verticillioides 7600	citrus pectin 1% pH=6	5		d5:5.6 d7:7.4
19	Fusarium verticillioides 7600	citrus pulp 3% pH=6	7		d5:5.4 d7:7.3
19	Fusarium verticillioides 7600	cotton seed pulp 3%	6		d5:6 d7:8
19	Fusarium verticillioides 7600	D-fructose	4		d5:5.2 d7:6.8
19	Fusarium verticillioides 7600	D-galactose	2		d5:2 d7:2.6
19	Fusarium verticillioides 7600	D-galacturonic acid	4		d5:5.2 d7:6.8
19	Fusarium verticillioides 7600	D-glucose	5		d5:5.3 d7:7.3
19	Fusarium verticillioides 7600	D-glucuronic acid	3		d5:2.4 d7:3.5
19	Fusarium verticillioides 7600	D-mannose	5		d5:5.1 d7:7.2
19	Fusarium verticillioides 7600	D-ribose	4		d5:5.4 d7:7.4
19	Fusarium verticillioides 7600	D-xylose	4		d5:4.9 d7:6.5
19	Fusarium verticillioides 7600	guar gum 1%	1		d5:6 d7:7.5
19	Fusarium verticillioides 7600	inulin 1%	3		d5:5.3 d7:7.2
19	Fusarium verticillioides 7600	L-arabinose	4		d5:5.2 d7:6.9
19	Fusarium verticillioides 7600	L-rhamnose	4		d5:5.3 d7:7.2
19	Fusarium verticillioides 7600	lactose	1		d5:5 d7:7
19	Fusarium verticillioides 7600	lignin 1%	4		d5:6.2 d7:7.8
19	Fusarium verticillioides 7600	maltose	6		d5:5.3 d7:7.3
19	Fusarium verticillioides 7600	no carbon source	1		d5:5.3 d7:7.2
19	Fusarium verticillioides 7600	oat spelt xylan 1%	4		d5:5.5 d7:7.5
19	Fusarium verticillioides 7600	raffinose	7		d5:5.1 d7:7
19	Fusarium verticillioides 7600	rice bran 3%	9		d5:5.8 d7:7.8
19	Fusarium verticillioides 7600	soluble starch 1%	5		d5:5.6 d7:7.6
19	Fusarium verticillioides 7600	soybean hulls 3%	3		d5:2.4 d7:3.2
19	Fusarium verticillioides 7600	sucrose	7		d5:5.2 d7:7
19	Fusarium verticillioides 7600	sugar beet pulp 3%	8		d5:5.6 d7:7.9
19	Fusarium verticillioides 7600	wheat bran 3%	9		d5:6.4 d7:8.3
20	Fusarium graminearum PH-1	alfalfa meal 3%	10		d4:1 d5:1.5 d6:1.7 d7:2
20	Fusarium graminearum PH-1	apple pectin 1% pH=6	6		d4:1.2 d5:1.3 d6:1.6 d7:1.8
20	Fusarium graminearum PH-1	arabic gum 1%	2		d4:1.2 d5:1.4 d6:1.8 d7:1.9
20	Fusarium graminearum PH-1	arabinogalactan 1%			d4:0.9 d5:1.3 d6:1.6 d7:2.1
20	Fusarium graminearum PH-1	beechwood xylan 1%	2		d4:1.2 d5:1.8 d6:2.1 d7:2.5
20	Fusarium graminearum PH-1	birchwood xylan 1%	2		d4:0.9 d5:0.9 d6:1.7 d7:1.6
20	Fusarium graminearum PH-1	casein 3%	8		d4:1.4 d5:1.7 d6:2 d7:2.4
20	Fusarium graminearum PH-1	cellobiose	5		d4:0.9 d5:1.1 d6:1.4 d7:1.5
20	Fusarium graminearum PH-1	cellulose 3%	6		d4:1 d5:1.3 d6:1.6 d7:1.8
20	Fusarium graminearum PH-1	citrus pectin 1% pH=6	3		d4:0.6 d5:0.7 d6:1 d7:0.9
20	Fusarium graminearum PH-1	citrus pulp 3% pH=6	8		d4:1.4 d5:1.6 d6:1.7 d7:2.3
20	Fusarium graminearum PH-1	cotton seed pulp 3%	7		d4:1.7 d5:2 d6:2.4 d7:2.8
20	Fusarium graminearum PH-1	D-fructose	3		d4:0.8 d5:1.1 d6:1.4 d7:1.5
20	Fusarium graminearum PH-1	D-galactose	1		d4:1 d5:1.1 d6:1.3 d7:1.5
20	Fusarium graminearum PH-1	D-galacturonic acid	5		d4:0.8 d5:1.1 d6:1.2 d7:1.6
20	Fusarium graminearum PH-1	D-glucose	4		d4:0.9 d5:1 d6:5.3 d7:1.4
20	Fusarium graminearum PH-1	D-glucuronic acid	1		d4:1.1 d5:1.4 d6:1.7 d7:1.8
20	Fusarium graminearum PH-1	D-mannose	4		d4:0.5 d5:0.7 d6:1 d7:1
20	Fusarium graminearum PH-1	D-ribose	6		d4:0.8 d5:1.1 d6:1.2 d7:1.5
20	Fusarium graminearum PH-1	D-xylose	6		d4:0.8 d5:0.9 d6:1.2 d7:1.4
20	Fusarium graminearum PH-1	guar gum 1%	8		d4:1.6 d5:2 d6:2.4 d7:2.8
20	Fusarium graminearum PH-1	inulin 1%	5		d4:1.1 d5:1.4 d6:1.9 d7:2
20	Fusarium graminearum PH-1	L-arabinose	6		d4:0.9 d5:1.1 d6:1.6 d7:1.6
20	Fusarium graminearum PH-1	L-rhamnose	2		d4:2.7 d5:3.9 d6:4.5 d7:5.3
20	Fusarium graminearum PH-1	lactose	6		d4:1.3 d5:1.7 d6:2.3 d7:2.4
20	Fusarium graminearum PH-1	lignin 1%	2		d4:1.9 d5:1.6 d6:2.2 d7:2.3
20	Fusarium graminearum PH-1	maltose	5		d4:1.1 d5:1.3 d6:1.6 d7:1.8
20	Fusarium graminearum PH-1	no carbon source	1		d4:1.6 d5:1.7 d6:2.1 d7:2.3
20	Fusarium graminearum PH-1	oat spelt xylan 1%	2		d4:0.7 d5:0.9 d6:1.5 d7:1.7
20	Fusarium graminearum PH-1	raffinose	6		d4:1 d5:1.7 d6:1.4 d7:1.7
20	Fusarium graminearum PH-1	rice bran 3%	10		d4:1.4 d5:1.9 d6:2.1 d7:2.6
20	Fusarium graminearum PH-1	soluble starch 1%	6		d4:0.8 d5:1 d6:1.3 d7:1.4
20	Fusarium graminearum PH-1	soybean hulls 3%	10		d4:1.3 d5:1.7 d6:2 d7:2.4
20	Fusarium graminearum PH-1	sucrose	5		d4:0.8 d5:0.9 d6:1.3 d7:1.4
20	Fusarium graminearum PH-1	sugar beet pulp 3%	7		d4:0.7 d5:0.9 d6:1 d7:1.2
20	Fusarium graminearum PH-1	wheat bran 3%	9		d4:1.8 d5:2.1 d6:2.4 d7:2.9
22	Trichoderma reesei	alfalfa meal 3%	10		d2:4.1 d3:5.9 d4:6.2
22	Trichoderma reesei	apple pectin 1% pH=6	5		d2:2.35 d3:4.2 d4:5.55
22	Trichoderma reesei	arabic gum 1%	1		d2:2.15 d3:4.05 d4:5.95
22	Trichoderma reesei	arabinogalactan 1%			d2:1.1 d3:3.2 d4:4.65
22	Trichoderma reesei	beechwood xylan 1%	6		d2:0 d3:1.5 d4:2.5
22	Trichoderma reesei	birchwood xylan 1%	5		d2:0 d3:0 d4:3.5
22	Trichoderma reesei	casein 3%	4		d2:3.8 d3:6.25 d4:6.7
22	Trichoderma reesei	cellobiose	5		d2:2.3 d3:4 d4:4.9
22	Trichoderma reesei	cellulose 3%	2		d2:0 d3:3.4 d4:6.5
22	Trichoderma reesei	citrus pectin 1% pH=6	6		d2:3.1 d3:5.8 d4:8
22	Trichoderma reesei	citrus pulp 3% pH=6	7		d2:5.5 d3:6.25 d4:7.9
22	Trichoderma reesei	cotton seed pulp 3%	4		d2:4.6 d3:7 d4:8.25
22	Trichoderma reesei	D-fructose	5		d2:2.55 d3:5.05 d4:5.95
22	Trichoderma reesei	D-galactose	3		d2:0.6 d3:1.8 d4:2.65
22	Trichoderma reesei	D-galacturonic acid	3		d2:0 d3:0.5 d4:1.15
22	Trichoderma reesei	D-glucose	5		d2:3.6 d3:5.85 d4:6.8
22	Trichoderma reesei	D-glucuronic acid	3		d2:0 d3:0 d4:4.4
22	Trichoderma reesei	D-mannose	5		d2:3.55 d3:6.1 d4:7.75
22	Trichoderma reesei	D-ribose	1		d2:3 d3:5.4 d4:7.15
22	Trichoderma reesei	D-xylose	5		d2:3.35 d3:5.95 d4:7.25
22	Trichoderma reesei	guar gum 1%	7		d2:3.55 d3:6.1 d4:7.75
22	Trichoderma reesei	inulin 1%	6		d2:3.5 d3:6 d4:8
22	Trichoderma reesei	L-arabinose	4		d2:1.8 d3:3.6 d4:5.1
22	Trichoderma reesei	L-rhamnose	2		d2:1.7 d3:3.6 d4:5.7
22	Trichoderma reesei	lactose	4		d2:1.85 d3:2 d4:5.1
22	Trichoderma reesei	lignin 1%	1		d2:0 d3:0 d4:3.3
22	Trichoderma reesei	maltose	3		d2:0.8 d3:2.3 d4:3.45
22	Trichoderma reesei	no carbon source	0		d2:1.6 d3:3.55 d4:4.6
22	Trichoderma reesei	oat spelt xylan 1%	6		d2:0 d3:0 d4:0.4
22	Trichoderma reesei	raffinose	5		d2:1.55 d3:2.95 d4:4.15
22	Trichoderma reesei	rice bran 3%	9		d2:6.1 d3:7.25 d4:8.25
22	Trichoderma reesei	soluble starch 1%	6		d2:2.9 d3:5.75 d4:6.1
22	Trichoderma reesei	soybean hulls 3%	8		d2:7 d3:7.5 d4:8
22	Trichoderma reesei	sucrose	5		d2:3.3 d3:5.75 d4:8.25
22	Trichoderma reesei	sugar beet pulp 3%	9		d2:0.5 d3:2 d4:2.5
22	Trichoderma reesei	wheat bran 3%	10		d2:6.5 d3:7.75 d4:8.75
23	Kluyveromyces lactis NRRL Y-1140	alfalfa meal 3%	6		d6:1.7
23	Kluyveromyces lactis NRRL Y-1140	apple pectin 1% pH=6	2		d6:0.8
23	Kluyveromyces lactis NRRL Y-1140	arabic gum 1%	2		d6:0.8
23	Kluyveromyces lactis NRRL Y-1140	arabinogalactan 1%			d6:0.8
23	Kluyveromyces lactis NRRL Y-1140	beechwood xylan 1%	2		d6:0.9
23	Kluyveromyces lactis NRRL Y-1140	birchwood xylan 1%	2		d6:0.8
23	Kluyveromyces lactis NRRL Y-1140	casein 3%	6		d6:1.5
23	Kluyveromyces lactis NRRL Y-1140	cellobiose	3		d6:0.9
23	Kluyveromyces lactis NRRL Y-1140	cellulose 3%	1		d6:0.8
23	Kluyveromyces lactis NRRL Y-1140	citrus pectin 1% pH=6	3		d6:1.3
23	Kluyveromyces lactis NRRL Y-1140	citrus pulp 3% pH=6	5		d6:1.4
23	Kluyveromyces lactis NRRL Y-1140	cotton seed pulp 3%	1		d6:0.7
23	Kluyveromyces lactis NRRL Y-1140	D-fructose	5		d6:1.1
23	Kluyveromyces lactis NRRL Y-1140	D-galactose	5		d6:1.2
23	Kluyveromyces lactis NRRL Y-1140	D-galacturonic acid	2		d6:0.8
23	Kluyveromyces lactis NRRL Y-1140	D-glucose	5		d6:1.1
23	Kluyveromyces lactis NRRL Y-1140	D-glucuronic acid	2		d6:0.7
23	Kluyveromyces lactis NRRL Y-1140	D-mannose	5		d6:0.9
23	Kluyveromyces lactis NRRL Y-1140	D-ribose	2		d6:0.7
23	Kluyveromyces lactis NRRL Y-1140	D-xylose	2		d6:0.8
23	Kluyveromyces lactis NRRL Y-1140	guar gum 1%	4		d6:1.3
23	Kluyveromyces lactis NRRL Y-1140	inulin 1%	3		d6:0.9
23	Kluyveromyces lactis NRRL Y-1140	L-arabinose	2		d6:0.7
23	Kluyveromyces lactis NRRL Y-1140	L-rhamnose	2		d6:0.9
23	Kluyveromyces lactis NRRL Y-1140	lactose	5		d6:1.1
23	Kluyveromyces lactis NRRL Y-1140	lignin 1%	3		d6:1.1
23	Kluyveromyces lactis NRRL Y-1140	maltose	4		d6:1.1
23	Kluyveromyces lactis NRRL Y-1140	no carbon source	2		d6:0.8
23	Kluyveromyces lactis NRRL Y-1140	oat spelt xylan 1%	2		d6:0.9
23	Kluyveromyces lactis NRRL Y-1140	raffinose	3		d6:1
23	Kluyveromyces lactis NRRL Y-1140	rice bran 3%	5		d6:1.6
23	Kluyveromyces lactis NRRL Y-1140	soluble starch 1%	4		d6:1
23	Kluyveromyces lactis NRRL Y-1140	soybean hulls 3%	4		d6:1.3
23	Kluyveromyces lactis NRRL Y-1140	sucrose	4		d6:1.1
23	Kluyveromyces lactis NRRL Y-1140	sugar beet pulp 3%	5		d6:1.4
23	Kluyveromyces lactis NRRL Y-1140	wheat bran 3%	5		d6:1.5
24	Laccaria bicolor	alfalfa meal 3%	3		d2:0 d4:0.1 d7:0.3 d10:0.8 d15:1.8 d17:2.3
24	Laccaria bicolor	apple pectin 1% pH=6	4		d2:0.1 d4:0.3 d7:0.8 d10:1.5 d15:2.6 d17:3.2
24	Laccaria bicolor	arabic gum 1%	1		d2:0 d4:0 d7:0 d10:0 d15:0.5 d17:0.5
24	Laccaria bicolor	arabinogalactan 1%			d2:0 d4:0.4 d7:0.5 d10:0.8 d15:1.2 d17:1.2
24	Laccaria bicolor	beechwood xylan 1%	0		d2:0 d4:0 d7:0 d10:0.3 d15:0.5 d17:0.5
24	Laccaria bicolor	birchwood xylan 1%	2		d2:0 d4:0.5 d7:0.6 d10:1 d15:1.7 d17:2
24	Laccaria bicolor	casein 3%	6		d2:0 d4:0.4 d7:1 d10:2 d15:3.5 d17:4
24	Laccaria bicolor	cellobiose	5		d2:0 d4:0.3 d7:1 d10:1.5 d15:2.8 d17:3.5
24	Laccaria bicolor	cellulose 3%	0		d2:0.2 d4:0.3 d7:0.4 d10:0.5 d15:0 d17:0
24	Laccaria bicolor	citrus pectin 1% pH=6	7		d2:0.1 d4:0.6 d7:1.1 d10:2.1 d15:3.1 d17:4
24	Laccaria bicolor	citrus pulp 3% pH=6	0		d2:0 d4:0 d7:0 d10:0 d15:0 d17:0
24	Laccaria bicolor	cotton seed pulp 3%	3		d2:0.1 d4:0.3 d7:1 d10:1.8 d15:2.7 d17:3.1
24	Laccaria bicolor	D-fructose	8		d2:0.1 d4:0.7 d7:2 d10:3 d15:5 d17:5.8
24	Laccaria bicolor	D-galactose	1		d2:0.1 d4:0.4 d7:0.5 d10:0.5 d15:1.4 d17:1.5
24	Laccaria bicolor	D-galacturonic acid	0		d2:0 d4:0.2 d7:0.2 d10:0.4 d15:0.5 d17:0.5
24	Laccaria bicolor	D-glucose	5		d2:0.1 d4:0.7 d7:1.5 d10:3 d15:4.1 d17:5.3
24	Laccaria bicolor	D-glucuronic acid	7		d2:0.1 d4:0.3 d7:1.2 d10:2.4 d15:3 d17:3.8
24	Laccaria bicolor	D-mannose	1		d2:0.1 d4:0.2 d7:0.4 d10:0.8 d15:1 d17:1
24	Laccaria bicolor	D-ribose	3		d2:0.1 d4:0.5 d7:1.5 d10:2.6 d15:4.1 d17:4.8
24	Laccaria bicolor	D-xylose	0		d2:0 d4:0 d7:0 d10:0 d15:0 d17:0.4
24	Laccaria bicolor	guar gum 1%	5		d2:0 d4:0 d7:0.3 d10:0 d15:3.4 d17:5
24	Laccaria bicolor	inulin 1%	2		d2:0.1 d4:0.3 d7:1.8 d10:3.1 d15:5 d17:5.8
24	Laccaria bicolor	L-arabinose	3		d2:0.1 d4:0.3 d7:0.8 d10:1.9 d15:2.5 d17:3
24	Laccaria bicolor	L-rhamnose	3		d2:0.3 d4:0.5 d7:1.9 d10:2.7 d15:4.3 d17:5
24	Laccaria bicolor	lactose	2		d2:0.2 d4:0.4 d7:0.5 d10:0.8 d15:4 d17:4.8
24	Laccaria bicolor	lignin 1%	0		d2:0 d4:0 d7:0 d10:0 d15:0 d17:0
24	Laccaria bicolor	maltose	7		d2:0.2 d4:0.4 d7:1.4 d10:2.8 d15:4.4 d17:5.1
24	Laccaria bicolor	no carbon source	3		d2:0.2 d4:0.4 d7:0.4 d10:2.3 d15:3.8 d17:4
24	Laccaria bicolor	oat spelt xylan 1%	0		
24	Laccaria bicolor	raffinose	3		d2:0.2 d4:0.6 d7:1.5 d10:2.9 d15:4 d17:5.3
24	Laccaria bicolor	rice bran 3%	6		d2:0.1 d4:0.2 d7:1 d10:1.9 d15:2.9 d17:3.5
24	Laccaria bicolor	soluble starch 1%	5		d2:0 d4:0.9 d7:2 d10:3.1 d15:5.3 d17:6
24	Laccaria bicolor	soybean hulls 3%	6		d2:0 d4:0.3 d7:1 d10:2.2 d15:3.2 d17:4
24	Laccaria bicolor	sucrose	4		d2:0 d4:0.6 d7:1.5 d10:1.5 d15:3.3 d17:4.8
24	Laccaria bicolor	sugar beet pulp 3%	4		d2:0 d4:0 d7:0 d10:0 d15:0 d17:0
24	Laccaria bicolor	wheat bran 3%	8		d2:0 d4:0.8 d7:1.8 d10:2.9 d15:4.2 d17:5
26	Pseudocercospora fijiensis CIRAD86	alfalfa meal 3%	9		
26	Pseudocercospora fijiensis CIRAD86	apple pectin 1% pH=6	7		
26	Pseudocercospora fijiensis CIRAD86	arabic gum 1%	4		
26	Pseudocercospora fijiensis CIRAD86	beechwood xylan 1%	4		
26	Pseudocercospora fijiensis CIRAD86	birchwood xylan 1%	2		
26	Pseudocercospora fijiensis CIRAD86	casein 3%	4		
26	Pseudocercospora fijiensis CIRAD86	cellobiose	6		
26	Pseudocercospora fijiensis CIRAD86	cellulose 3%	2		
26	Pseudocercospora fijiensis CIRAD86	citrus pectin 1% pH=6	8		
26	Pseudocercospora fijiensis CIRAD86	citrus pulp 3% pH=6	9		
26	Pseudocercospora fijiensis CIRAD86	cotton seed pulp 3%	4		
26	Pseudocercospora fijiensis CIRAD86	D-fructose	5		
26	Pseudocercospora fijiensis CIRAD86	D-galactose	3		
26	Pseudocercospora fijiensis CIRAD86	D-galacturonic acid	2		
26	Pseudocercospora fijiensis CIRAD86	D-glucose	5		
26	Pseudocercospora fijiensis CIRAD86	D-glucuronic acid	3		
26	Pseudocercospora fijiensis CIRAD86	D-mannose	5		
26	Pseudocercospora fijiensis CIRAD86	D-ribose	5		
26	Pseudocercospora fijiensis CIRAD86	D-xylose	4		
26	Pseudocercospora fijiensis CIRAD86	guar gum 1%	3		
26	Pseudocercospora fijiensis CIRAD86	inulin 1%	5		
26	Pseudocercospora fijiensis CIRAD86	L-arabinose	4		
26	Pseudocercospora fijiensis CIRAD86	L-rhamnose	5		
26	Pseudocercospora fijiensis CIRAD86	lactose	4		
26	Pseudocercospora fijiensis CIRAD86	lignin 1%	3		
26	Pseudocercospora fijiensis CIRAD86	maltose	6		
26	Pseudocercospora fijiensis CIRAD86	no carbon source	1		
26	Pseudocercospora fijiensis CIRAD86	oat spelt xylan 1%	7		
26	Pseudocercospora fijiensis CIRAD86	raffinose	4		
26	Pseudocercospora fijiensis CIRAD86	rice bran 3%	10		
26	Pseudocercospora fijiensis CIRAD86	soluble starch 1%	2		
26	Pseudocercospora fijiensis CIRAD86	soybean hulls 3%	8		
26	Pseudocercospora fijiensis CIRAD86	sucrose	5		
26	Pseudocercospora fijiensis CIRAD86	sugar beet pulp 3%	8		
26	Pseudocercospora fijiensis CIRAD86	wheat bran 3%	10		
27	Zymoseptoria tritici IPO323	alfalfa meal 3%	8		
27	Zymoseptoria tritici IPO323	apple pectin 1% pH=6	9		
27	Zymoseptoria tritici IPO323	arabic gum 1%	8		
27	Zymoseptoria tritici IPO323	beechwood xylan 1%	6		
27	Zymoseptoria tritici IPO323	birchwood xylan 1%	5		
27	Zymoseptoria tritici IPO323	casein 3%	3		
27	Zymoseptoria tritici IPO323	cellobiose	5		
27	Zymoseptoria tritici IPO323	cellulose 3%	5		
27	Zymoseptoria tritici IPO323	citrus pectin 1% pH=6	5		
27	Zymoseptoria tritici IPO323	citrus pulp 3% pH=6	4		
27	Zymoseptoria tritici IPO323	cotton seed pulp 3%	9		
27	Zymoseptoria tritici IPO323	D-fructose	5		
27	Zymoseptoria tritici IPO323	D-galactose	5		
27	Zymoseptoria tritici IPO323	D-galacturonic acid	3		
27	Zymoseptoria tritici IPO323	D-glucose	5		
27	Zymoseptoria tritici IPO323	D-glucuronic acid	5		
27	Zymoseptoria tritici IPO323	D-mannose	5		
27	Zymoseptoria tritici IPO323	D-ribose	5		
27	Zymoseptoria tritici IPO323	D-xylose	5		
27	Zymoseptoria tritici IPO323	guar gum 1%	8		
27	Zymoseptoria tritici IPO323	inulin 1%	7		
27	Zymoseptoria tritici IPO323	L-arabinose	5		
27	Zymoseptoria tritici IPO323	L-rhamnose	5		
27	Zymoseptoria tritici IPO323	lactose	3		
27	Zymoseptoria tritici IPO323	lignin 1%	7		
27	Zymoseptoria tritici IPO323	maltose	5		
27	Zymoseptoria tritici IPO323	no carbon source	3		
27	Zymoseptoria tritici IPO323	oat spelt xylan 1%	5		
27	Zymoseptoria tritici IPO323	raffinose	6		
27	Zymoseptoria tritici IPO323	rice bran 3%	10		
27	Zymoseptoria tritici IPO323	soluble starch 1%	7		
27	Zymoseptoria tritici IPO323	soybean hulls 3%	9		
27	Zymoseptoria tritici IPO323	sucrose	4		
27	Zymoseptoria tritici IPO323	sugar beet pulp 3%	10		
27	Zymoseptoria tritici IPO323	wheat bran 3%	10		
28	Fusarium haematococcum mpVI	alfalfa meal 3%	9		d4:3.7 d5:4.6 d6:5.2 d7:7
28	Fusarium haematococcum mpVI	apple pectin 1% pH=6	5		d4:3.2 d5:4.1 d6:4.8 d7:5.9
28	Fusarium haematococcum mpVI	arabic gum 1%	2		d4:3.5 d5:4.2 d6:5.3 d7:5.9
28	Fusarium haematococcum mpVI	arabinogalactan 1%			d4:3.1 d5:4 d6:4.7 d7:5.7
28	Fusarium haematococcum mpVI	beechwood xylan 1%	3		d4:2.7 d5:4 d6:4.7 d7:6
28	Fusarium haematococcum mpVI	birchwood xylan 1%	3		d4:3.6 d5:3.9 d6:4.4 d7:5.1
28	Fusarium haematococcum mpVI	casein 3%	6		d4:2.6 d5:3.4 d6:3.6 d7:5.7
28	Fusarium haematococcum mpVI	cellobiose	6		d4:3 d5:3.8 d6:4.7 d7:5.4
28	Fusarium haematococcum mpVI	cellulose 3%	1		d4:3.7 d5:4.6 d6:5.1 d7:6
28	Fusarium haematococcum mpVI	citrus pectin 1% pH=6	6		d4:2.7 d5:3.5 d6:4.4 d7:5.2
28	Fusarium haematococcum mpVI	citrus pulp 3% pH=6	7		d4:2.6 d5:3.7 d6:4.7 d7:5.7
28	Fusarium haematococcum mpVI	cotton seed pulp 3%	1		d4:3.7 d5:4.5 d6:5.1 d7:6.3
28	Fusarium haematococcum mpVI	D-fructose	5		d4:2.8 d5:3.7 d6:4.5 d7:5.3
28	Fusarium haematococcum mpVI	D-galactose	4		d4:2.2 d5:3.2 d6:3.5 d7:4.1
28	Fusarium haematococcum mpVI	D-galacturonic acid	3		d4:0.4 d5:0.8 d6:1.7 d7:2.5
28	Fusarium haematococcum mpVI	D-glucose	5		d4:3 d5:3.4 d6:4.4 d7:5.2
28	Fusarium haematococcum mpVI	D-glucuronic acid	0		d4:3 d5:3.7 d6:4.7 d7:5.5
28	Fusarium haematococcum mpVI	D-mannose	5		d4:2.9 d5:3.4 d6:4.4 d7:5.2
28	Fusarium haematococcum mpVI	D-ribose	5		d4:2.7 d5:3.4 d6:4.4 d7:5.2
28	Fusarium haematococcum mpVI	D-xylose	5		d4:2.8 d5:3.5 d6:4.4 d7:5.2
28	Fusarium haematococcum mpVI	guar gum 1%	1		d4:3.4 d5:3.8 d6:4.9 d7:5.7
28	Fusarium haematococcum mpVI	inulin 1%	6		d4:3 d5:3.9 d6:4.9 d7:5.5
28	Fusarium haematococcum mpVI	L-arabinose	5		d4:2.9 d5:3.2 d6:4.4 d7:5.1
28	Fusarium haematococcum mpVI	L-rhamnose	5		d4:2.9 d5:3.4 d6:4.5 d7:5.2
28	Fusarium haematococcum mpVI	lactose	4		d4:2.7 d5:3.3 d6:4.6 d7:5.1
28	Fusarium haematococcum mpVI	lignin 1%	0		d4:1.9 d5:2.1 d6:2.8 d7:2.9
28	Fusarium haematococcum mpVI	maltose	5		d4:3 d5:3.5 d6:4.4 d7:5
28	Fusarium haematococcum mpVI	no carbon source	0		d4:3.1 d5:3.9 d6:4.9 d7:5.7
28	Fusarium haematococcum mpVI	oat spelt xylan 1%	2		d4:2.9 d5:3.9 d6:4.6 d7:5.4
28	Fusarium haematococcum mpVI	raffinose	6		d4:2.8 d5:3.6 d6:4.4 d7:5.4
28	Fusarium haematococcum mpVI	rice bran 3%	8		d4:3.6 d5:4.2 d6:5.2 d7:6.2
28	Fusarium haematococcum mpVI	soluble starch 1%	5		d4:3 d5:3.7 d6:4.8 d7:5.5
28	Fusarium haematococcum mpVI	soybean hulls 3%	6		d4:2.8 d5:4.1 d6:5 d7:6.1
28	Fusarium haematococcum mpVI	sucrose	6		d4:3 d5:3.8 d6:4.5 d7:5.6
28	Fusarium haematococcum mpVI	sugar beet pulp 3%	7		d4:2.7 d5:3.9 d6:4.8 d7:5.7
28	Fusarium haematococcum mpVI	wheat bran 3%	8		d4:3 d5:4.3 d6:5.2 d7:5.8
29	Aspergillus fischeri NRRL 181	alfalfa meal 3%	10		d2:1.7 d3:3.5 d4:4.9 d5:6.5
29	Aspergillus fischeri NRRL 181	apple pectin 1% pH=6	7		d2:1.3 d3:3.3 d4:4.8 d5:6.4
29	Aspergillus fischeri NRRL 181	arabic gum 1%	0		d2:1.3 d3:2.7 d4:4.2 d5:6
29	Aspergillus fischeri NRRL 181	arabinogalactan 1%			d2:1.2 d3:2.6 d4:3.8 d5:5.2
29	Aspergillus fischeri NRRL 181	beechwood xylan 1%	5		d2:1.2 d3:2.2 d4:3.3 d5:4.7
29	Aspergillus fischeri NRRL 181	birchwood xylan 1%	4		d2:0.8 d3:1.8 d4:3 d5:4.3
29	Aspergillus fischeri NRRL 181	casein 3%	4		d2:1.5 d3:3.5 d4:4.7 d5:5.3
29	Aspergillus fischeri NRRL 181	cellobiose	5		d2:1.1 d3:2.3 d4:3.3 d5:4.5
29	Aspergillus fischeri NRRL 181	cellulose 3%	0		d2:0.9 d3:2.5 d4:3.7 d5:5
29	Aspergillus fischeri NRRL 181	citrus pectin 1% pH=6	6		d2:1.3 d3:2.9 d4:3.7 d5:5.5
29	Aspergillus fischeri NRRL 181	citrus pulp 3% pH=6	9		d2:1.6 d3:3.5 d4:5.7 d5:6.3
29	Aspergillus fischeri NRRL 181	cotton seed pulp 3%	7		d2:1.5 d3:3.2 d4:4.7 d5:6.1
29	Aspergillus fischeri NRRL 181	D-fructose	5		d2:1 d3:2.3 d4:3.3 d5:4.7
29	Aspergillus fischeri NRRL 181	D-galactose	2		d3:1.5 d4:2.5 d5:3.6
29	Aspergillus fischeri NRRL 181	D-galacturonic acid	3		d2:1.1 d3:2.3 d4:3.3 d5:4.6
29	Aspergillus fischeri NRRL 181	D-glucose	5		d2:1.1 d3:2.3 d4:3.3 d5:4.6
29	Aspergillus fischeri NRRL 181	D-glucuronic acid	1		d2:1 d3:2.3 d4:3.2 d5:4.7
29	Aspergillus fischeri NRRL 181	D-mannose	6		d2:1.2 d3:2.8 d4:3.7 d5:4.8
29	Aspergillus fischeri NRRL 181	D-ribose	5		d2:1.2 d3:2.4 d4:3.7 d5:4.8
29	Aspergillus fischeri NRRL 181	D-xylose	5		d2:1 d3:2.2 d4:3.2 d5:4.5
29	Aspergillus fischeri NRRL 181	guar gum 1%	7		d3:2.7 d4:4.2 d5:5.9
29	Aspergillus fischeri NRRL 181	inulin 1%	6		d2:1 d3:2.5 d4:3.8 d5:5.4
29	Aspergillus fischeri NRRL 181	L-arabinose	4		d2:1 d3:2.2 d4:3.5 d5:4.7
29	Aspergillus fischeri NRRL 181	L-rhamnose	2		d2:1.2 d3:2.3 d4:3.5 d5:4.7
29	Aspergillus fischeri NRRL 181	lactose	1		d2:0.9 d3:2.2 d4:33 d5:4.8
29	Aspergillus fischeri NRRL 181	lignin 1%	1		d2:0.6 d3:1.8 d4:2.8 d5:4.3
29	Aspergillus fischeri NRRL 181	maltose	6		d2:1 d3:2.3 d4:3.5 d5:4.7
29	Aspergillus fischeri NRRL 181	no carbon source	0		d2:0.9 d3:2.2 d4:3.3 d5:4.5
29	Aspergillus fischeri NRRL 181	oat spelt xylan 1%	5		d2:1.3 d3:2.5 d4:3.5 d5:4.5
29	Aspergillus fischeri NRRL 181	raffinose	5		d2:1.1 d3:2.5 d4:3.5 d5:4.7
29	Aspergillus fischeri NRRL 181	rice bran 3%	8		d2:1.4 d3:3 d4:4.2 d5:5.3
29	Aspergillus fischeri NRRL 181	soluble starch 1%	5		d2:0.8 d3:2.5 d4:3.6 d5:4.7
29	Aspergillus fischeri NRRL 181	soybean hulls 3%	8		d2:1.4 d3:3 d4:4.3 d5:5.7
29	Aspergillus fischeri NRRL 181	sucrose	5		d2:1.1 d3:2.4 d4:3.5 d5:4.9
29	Aspergillus fischeri NRRL 181	sugar beet pulp 3%	9		d2:1.7 d3:3.8 d4:5.6 d5:7.5
29	Aspergillus fischeri NRRL 181	wheat bran 3%	9		d2:1.8 d3:3.2 d4:4.6 d5:5.9
30	Neurospora crassa OR74A	alfalfa meal 3%	1		
30	Neurospora crassa OR74A	apple pectin 1% pH=6	5		
30	Neurospora crassa OR74A	arabic gum 1%	5		
30	Neurospora crassa OR74A	beechwood xylan 1%	1		
30	Neurospora crassa OR74A	birchwood xylan 1%	5		
30	Neurospora crassa OR74A	casein 3%	3		
30	Neurospora crassa OR74A	cellobiose	7		
30	Neurospora crassa OR74A	cellulose 3%	6		
30	Neurospora crassa OR74A	citrus pectin 1% pH=6	6		
30	Neurospora crassa OR74A	citrus pulp 3% pH=6	7		
30	Neurospora crassa OR74A	cotton seed pulp 3%	1		
30	Neurospora crassa OR74A	D-fructose	5		
30	Neurospora crassa OR74A	D-galactose	0		
30	Neurospora crassa OR74A	D-galacturonic acid	1		
30	Neurospora crassa OR74A	D-glucose	5		
30	Neurospora crassa OR74A	D-glucuronic acid	5		
30	Neurospora crassa OR74A	D-mannose	5		
30	Neurospora crassa OR74A	D-ribose	1		
30	Neurospora crassa OR74A	D-xylose	3		
30	Neurospora crassa OR74A	guar gum 1%	1		
30	Neurospora crassa OR74A	inulin 1%	6		
30	Neurospora crassa OR74A	L-arabinose	2		
30	Neurospora crassa OR74A	L-rhamnose	7		
30	Neurospora crassa OR74A	lactose	6		
30	Neurospora crassa OR74A	lignin 1%	5		
30	Neurospora crassa OR74A	maltose	1		
30	Neurospora crassa OR74A	no carbon source	0		
30	Neurospora crassa OR74A	oat spelt xylan 1%	2		
30	Neurospora crassa OR74A	raffinose	7		
30	Neurospora crassa OR74A	rice bran 3%	3		
30	Neurospora crassa OR74A	soluble starch 1%	1		
30	Neurospora crassa OR74A	soybean hulls 3%	2		
30	Neurospora crassa OR74A	sucrose	6		
30	Neurospora crassa OR74A	sugar beet pulp 3%	7		
30	Neurospora crassa OR74A	wheat bran 3%	7		
31	Penicillium rubens Wisconsin 54-1255	alfalfa meal 3%	7		d2:0.9 d3:1.4 d4:1.9 d5:2.8 d6:3.5 d7:4.2
31	Penicillium rubens Wisconsin 54-1255	apple pectin 1% pH=6	3		d2:0.5 d3:0.8 d4:1.3 d5:1.6 d6:2.4 d7:2.1
31	Penicillium rubens Wisconsin 54-1255	arabic gum 1%	5		d2:0.6 d3:1 d4:1.9 d5:2.6 d6:3.1 d7:3.5
31	Penicillium rubens Wisconsin 54-1255	arabinogalactan 1%			d2:0.5 d3:0.8 d4:1.3 d5:2 d6:2.5 d7:3
31	Penicillium rubens Wisconsin 54-1255	beechwood xylan 1%	5		d2:0.5 d3:1 d4:1.4 d5:1.9 d6:2.5 d7:2.8
31	Penicillium rubens Wisconsin 54-1255	birchwood xylan 1%	0		d2:0.4 d3:0.8 d4:1.1 d5:1.5 d6:2.1 d7:2.3
31	Penicillium rubens Wisconsin 54-1255	casein 3%	3		d2:1 d3:1.2 d4:2.2 d5:2.3 d6:2.9 d7:4.2
31	Penicillium rubens Wisconsin 54-1255	cellobiose	3		d2:0.5 d3:0.6 d4:1.5 d5:1.9 d6:2.3 d7:2.7
31	Penicillium rubens Wisconsin 54-1255	cellulose 3%	9		d2:0.5 d3:0.7 d4:1 d5:1.8 d6:2.3 d7:2.9
31	Penicillium rubens Wisconsin 54-1255	citrus pectin 1% pH=6	7		d2:0.4 d3:0.6 d4:1.2 d5:1.6 d6:2.1 d7:2.5
31	Penicillium rubens Wisconsin 54-1255	citrus pulp 3% pH=6	7		d2:0.5 d3:1 d4:1.7 d5:2.3 d6:3 d7:3.2
31	Penicillium rubens Wisconsin 54-1255	cotton seed pulp 3%	6		d2:0.7 d3:1.1 d4:1.4 d5:2.5 d6:3.3 d7:3.8
31	Penicillium rubens Wisconsin 54-1255	D-fructose	2		d2:0.6 d3:0.8 d4:1.2 d5:1.7 d6:2.2 d7:2.5
31	Penicillium rubens Wisconsin 54-1255	D-galactose	5		d2:0.5 d3:0.7 d4:1.2 d5:1.8 d6:2.2 d7:2.7
31	Penicillium rubens Wisconsin 54-1255	D-galacturonic acid	5		d2:0.4 d3:0.6 d4:1.1 d5:1.6 d6:2.1 d7:2.3
31	Penicillium rubens Wisconsin 54-1255	D-glucose	6		d2:0.5 d3:0.7 d4:1.1 d5:1.7 d6:2.2 d7:2.5
31	Penicillium rubens Wisconsin 54-1255	D-glucuronic acid	5		d2:0.5 d3:0.6 d4:1 d5:1.5 d6:2 d7:2.3
31	Penicillium rubens Wisconsin 54-1255	D-mannose	5		d2:0.5 d3:0.6 d4:1.1 d5:1.4 d6:1.9 d7:2.2
31	Penicillium rubens Wisconsin 54-1255	D-ribose	5		d2:0.5 d3:0.7 d4:1.4 d5:1.7 d6:2.2 d7:2.4
31	Penicillium rubens Wisconsin 54-1255	D-xylose	5		d2:0.4 d3:0.7 d4:1.2 d5:1.8 d6:2.3 d7:2.7
31	Penicillium rubens Wisconsin 54-1255	guar gum 1%	5		d2:0.6 d3:1.1 d4:1.8 d5:2.1 d6:2.6 d7:3.1
31	Penicillium rubens Wisconsin 54-1255	inulin 1%	1		d2:0.5 d3:0.8 d4:1.4 d5:1.9 d6:2.5 d7:2.7
31	Penicillium rubens Wisconsin 54-1255	L-arabinose	2		d2:0.4 d3:0.6 d4:1.2 d5:1.6 d6:2.1 d7:2.4
31	Penicillium rubens Wisconsin 54-1255	L-rhamnose	5		d2:0.4 d3:0.6 d4:1.3 d5:1.8 d6:2.4 d7:2.7
31	Penicillium rubens Wisconsin 54-1255	lactose	4		d2:0.6 d3:0.7 d4:1.7 d5:1.9 d6:2.4 d7:3
31	Penicillium rubens Wisconsin 54-1255	lignin 1%	4		d2:0.4 d3:0.5 d4:1.1 d5:1.5 d6:2 d7:2.3
31	Penicillium rubens Wisconsin 54-1255	maltose	3		d2:0.6 d3:0.8 d4:1.2 d5:1.6 d6:2.2 d7:2.4
31	Penicillium rubens Wisconsin 54-1255	no carbon source	0		d2:0.5 d3:0.9 d4:1.5 d5:2.1 d6:2.7 d7:3
31	Penicillium rubens Wisconsin 54-1255	oat spelt xylan 1%	5		d2:0.5 d3:0.6 d4:1 d5:1.6 d6:2.1 d7:2.5
31	Penicillium rubens Wisconsin 54-1255	raffinose	5		d2:0.4 d3:0.7 d4:1.1 d5:1.5 d6:1.9 d7:2.2
31	Penicillium rubens Wisconsin 54-1255	rice bran 3%	8		d2:0.5 d3:0.9 d4:1.3 d5:2 d6:2.6 d7:2.8
31	Penicillium rubens Wisconsin 54-1255	soluble starch 1%	5		d2:0.5 d3:0.8 d4:1.3 d5:1.7 d6:2.2 d7:2.6
31	Penicillium rubens Wisconsin 54-1255	soybean hulls 3%	8		d2:0.6 d3:1 d4:1.3 d5:2 d6:2.4 d7:3.4
31	Penicillium rubens Wisconsin 54-1255	sucrose	3		d2:0.5 d3:0.8 d4:1.3 d5:1.7 d6:2.1 d7:2.5
31	Penicillium rubens Wisconsin 54-1255	sugar beet pulp 3%	1		d2:0.7 d3:1 d4:1.2 d5:2.5 d6:3.1 d7:3.8
31	Penicillium rubens Wisconsin 54-1255	wheat bran 3%	5		d2:0.5 d3:0.9 d4:1.5 d5:2.2 d6:2.8 d7:2.9
32	Talaromyces marneffei fungi	alfalfa meal 3%	8		d12:3.9
32	Talaromyces marneffei fungi	apple pectin 1% pH=6	6		d12:4.2
32	Talaromyces marneffei fungi	arabic gum 1%	1		d12:4.8
32	Talaromyces marneffei fungi	arabinogalactan 1%			d12:2.4
32	Talaromyces marneffei fungi	beechwood xylan 1%	6		d12:4.2
32	Talaromyces marneffei fungi	birchwood xylan 1%	7		d12:4
32	Talaromyces marneffei fungi	casein 3%	1		d12:3.7
32	Talaromyces marneffei fungi	cellobiose	4		d12:3
32	Talaromyces marneffei fungi	cellulose 3%	3		d12:3.4
32	Talaromyces marneffei fungi	citrus pectin 1% pH=6	6		d12:4.1
32	Talaromyces marneffei fungi	citrus pulp 3% pH=6	7		d12:4.1
32	Talaromyces marneffei fungi	cotton seed pulp 3%	9		d12:5.4
32	Talaromyces marneffei fungi	D-fructose	5		d12:2.9
32	Talaromyces marneffei fungi	D-galactose	0		d12:0
32	Talaromyces marneffei fungi	D-galacturonic acid	2		d12:1.7
32	Talaromyces marneffei fungi	D-glucose	5		d12:3.7
32	Talaromyces marneffei fungi	D-glucuronic acid	4		d12:2.7
32	Talaromyces marneffei fungi	D-mannose	2		d12:0.5
32	Talaromyces marneffei fungi	D-ribose	1		d12:4
32	Talaromyces marneffei fungi	D-xylose	5		d12:3
32	Talaromyces marneffei fungi	guar gum 1%	2		d12:3.5
32	Talaromyces marneffei fungi	inulin 1%	2		d12:3.9
32	Talaromyces marneffei fungi	L-arabinose	4		d12:2.5
32	Talaromyces marneffei fungi	L-rhamnose	4		d12:2.5
32	Talaromyces marneffei fungi	lactose	3		d12:3.2
32	Talaromyces marneffei fungi	lignin 1%	2		d12:3.2
32	Talaromyces marneffei fungi	maltose	5		d12:3.4
32	Talaromyces marneffei fungi	no carbon source	1		d12:2.8
32	Talaromyces marneffei fungi	oat spelt xylan 1%	6		d12:3.8
32	Talaromyces marneffei fungi	raffinose	1		d12:2.6
32	Talaromyces marneffei fungi	rice bran 3%	6		d12:4
32	Talaromyces marneffei fungi	soluble starch 1%	6		d12:4.1
32	Talaromyces marneffei fungi	soybean hulls 3%	6		d12:3.7
32	Talaromyces marneffei fungi	sucrose	2		d12:2.8
32	Talaromyces marneffei fungi	sugar beet pulp 3%	6		d12:4.3
32	Talaromyces marneffei fungi	wheat bran 3%	9		d12:4.2
33	Talaromyces marneffei yeast	alfalfa meal 3%	10		
33	Talaromyces marneffei yeast	apple pectin 1% pH=6	3		
33	Talaromyces marneffei yeast	arabic gum 1%	1		
33	Talaromyces marneffei yeast	beechwood xylan 1%	1		
33	Talaromyces marneffei yeast	birchwood xylan 1%	1		
33	Talaromyces marneffei yeast	casein 3%	1		
33	Talaromyces marneffei yeast	cellobiose	4		
33	Talaromyces marneffei yeast	cellulose 3%	0		
33	Talaromyces marneffei yeast	citrus pectin 1% pH=6	3		
33	Talaromyces marneffei yeast	citrus pulp 3% pH=6	9		
33	Talaromyces marneffei yeast	cotton seed pulp 3%	4		
33	Talaromyces marneffei yeast	D-fructose	5		
33	Talaromyces marneffei yeast	D-galactose	5		
33	Talaromyces marneffei yeast	D-galacturonic acid	2		
33	Talaromyces marneffei yeast	D-glucose	5		
33	Talaromyces marneffei yeast	D-glucuronic acid	1		
33	Talaromyces marneffei yeast	D-mannose	5		
33	Talaromyces marneffei yeast	D-ribose	3		
33	Talaromyces marneffei yeast	D-xylose	5		
33	Talaromyces marneffei yeast	guar gum 1%	0		
33	Talaromyces marneffei yeast	inulin 1%	4		
33	Talaromyces marneffei yeast	L-arabinose	3		
33	Talaromyces marneffei yeast	L-rhamnose	4		
33	Talaromyces marneffei yeast	lactose	1		
33	Talaromyces marneffei yeast	lignin 1%	2		
33	Talaromyces marneffei yeast	maltose	5		
33	Talaromyces marneffei yeast	no carbon source	1		
33	Talaromyces marneffei yeast	oat spelt xylan 1%	2		
33	Talaromyces marneffei yeast	raffinose	5		
33	Talaromyces marneffei yeast	rice bran 3%	10		
33	Talaromyces marneffei yeast	soluble starch 1%	4		
33	Talaromyces marneffei yeast	soybean hulls 3%	9		
33	Talaromyces marneffei yeast	sucrose	4		
33	Talaromyces marneffei yeast	sugar beet pulp 3%	8		
33	Talaromyces marneffei yeast	wheat bran 3%	10		
34	Parastagonospora nodorum SN15	alfalfa meal 3%	8		
34	Parastagonospora nodorum SN15	apple pectin 1% pH=6	4		
34	Parastagonospora nodorum SN15	arabic gum 1%	2		
34	Parastagonospora nodorum SN15	beechwood xylan 1%	4		
34	Parastagonospora nodorum SN15	birchwood xylan 1%	2		
34	Parastagonospora nodorum SN15	casein 3%	6		
34	Parastagonospora nodorum SN15	cellobiose	5		
34	Parastagonospora nodorum SN15	cellulose 3%	2		
34	Parastagonospora nodorum SN15	citrus pectin 1% pH=6	3		
34	Parastagonospora nodorum SN15	citrus pulp 3% pH=6	9		
34	Parastagonospora nodorum SN15	cotton seed pulp 3%	10		
34	Parastagonospora nodorum SN15	D-fructose	5		
34	Parastagonospora nodorum SN15	D-galactose	2		
34	Parastagonospora nodorum SN15	D-galacturonic acid	0		
34	Parastagonospora nodorum SN15	D-glucose	5		
34	Parastagonospora nodorum SN15	D-glucuronic acid	0		
34	Parastagonospora nodorum SN15	D-mannose	5		
34	Parastagonospora nodorum SN15	D-ribose	1		
34	Parastagonospora nodorum SN15	D-xylose	2		
34	Parastagonospora nodorum SN15	guar gum 1%	3		
34	Parastagonospora nodorum SN15	inulin 1%	3		
34	Parastagonospora nodorum SN15	L-arabinose	1		
34	Parastagonospora nodorum SN15	L-rhamnose	2		
34	Parastagonospora nodorum SN15	lactose	2		
34	Parastagonospora nodorum SN15	lignin 1%	4		
34	Parastagonospora nodorum SN15	maltose	6		
34	Parastagonospora nodorum SN15	no carbon source	1		
34	Parastagonospora nodorum SN15	oat spelt xylan 1%	3		
34	Parastagonospora nodorum SN15	raffinose	4		
34	Parastagonospora nodorum SN15	rice bran 3%	9		
34	Parastagonospora nodorum SN15	soluble starch 1%	7		
34	Parastagonospora nodorum SN15	soybean hulls 3%	8		
34	Parastagonospora nodorum SN15	sucrose	6		
34	Parastagonospora nodorum SN15	sugar beet pulp 3%	8		
34	Parastagonospora nodorum SN15	wheat bran 3%	9		
35	Phanerochaete chrysosporium	alfalfa meal 3%	10		d1:4.15 d4:4.4 d5:6.3 d6:8 d7:8.7
35	Phanerochaete chrysosporium	apple pectin 1% pH=6	8		d1:4.2 d4:4.8 d5:7 d6:8.7 d7:8.7
35	Phanerochaete chrysosporium	arabic gum 1%	2		d1:2.95 d4:3.3 d5:5.7 d6:8.3 d7:8.3
35	Phanerochaete chrysosporium	arabinogalactan 1%			d1:3.25 d4:3.6 d5:5.7 d6:8.4 d7:8.7
35	Phanerochaete chrysosporium	beechwood xylan 1%	2		d1:1 d4:1 d5:2.1 d6:4.6 d7:6.8
35	Phanerochaete chrysosporium	birchwood xylan 1%	0		d1:0.9 d4:1 d5:2.7 d6:5.2 d7:8
35	Phanerochaete chrysosporium	casein 3%	0		d1:0.65 d4:1.1 d5:1.5 d6:1.9 d7:2.3
35	Phanerochaete chrysosporium	cellobiose	3		d1:1.6 d4:2.2 d5:3.4 d6:5 d7:6.6
35	Phanerochaete chrysosporium	cellulose 3%	0		d1:2.8 d4:1.9 d5:3.7 d6:5.9 d7:7.6
35	Phanerochaete chrysosporium	citrus pectin 1% pH=6	8		d1:3.85 d4:4.5 d5:6.4 d6:8.5 d7:8.7
35	Phanerochaete chrysosporium	citrus pulp 3% pH=6	6		d1:3.25 d4:4.2 d5:6.7 d6:7.7 d7:8.7
35	Phanerochaete chrysosporium	cotton seed pulp 3%	5		d1:2.05 d4:3.4 d5:4.8 d6:7 d7:8.7
35	Phanerochaete chrysosporium	D-fructose	2		d1:2.25 d4:2.7 d5:4.7 d6:7.5 d7:8.7
35	Phanerochaete chrysosporium	D-galactose	1		d1:1.7 d4:1.9 d5:3.7 d6:6.1 d7:8.3
35	Phanerochaete chrysosporium	D-galacturonic acid	0		d1:0.3 d4:0.4 d5:0.6 d6:0.6 d7:0.9
35	Phanerochaete chrysosporium	D-glucose	5		d1:2.3 d4:3.9 d5:5.8 d6:8.3 d7:8.7
35	Phanerochaete chrysosporium	D-glucuronic acid	0		d1:2.1 d4:2.3 d5:4.4 d6:6.4 d7:8.2
35	Phanerochaete chrysosporium	D-mannose	4		d1:2.15 d4:2.5 d5:4.6 d6:7.6 d7:8.7
35	Phanerochaete chrysosporium	D-ribose	0		d1:2.35 d4:2.4 d5:4.6 d6:7.4 d7:8.4
35	Phanerochaete chrysosporium	D-xylose	1		d1:0.55 d4:0.8 d5:1.2 d6:1.2 d7:1.5
35	Phanerochaete chrysosporium	guar gum 1%	0		d1:1.25 d4:1.4 d5:3.4 d6:7.4 d7:8.3
35	Phanerochaete chrysosporium	inulin 1%	1		d1:2.9 d4:2.2 d5:5.3 d6:7.8 d7:8.7
35	Phanerochaete chrysosporium	L-arabinose	1		d1:1.25 d4:2 d5:4.1 d6:6.5 d7:8.3
35	Phanerochaete chrysosporium	L-rhamnose	0		d1:0.45 d4:0.9 d5:1.3 d6:1.5 d7:2
35	Phanerochaete chrysosporium	lactose	1		d1:0.35 d4:0.4 d5:0.5 d6:0.6 d7:0.5
35	Phanerochaete chrysosporium	lignin 1%	1		d1:0.45 d4:0.5 d5:0.5 d6:0.8 d7:1.2
35	Phanerochaete chrysosporium	maltose	2		d1:0.5 d4:0.8 d5:1 d6:1 d7:1.4
35	Phanerochaete chrysosporium	no carbon source	0		d1:1.75 d4:2 d5:3.8 d6:6.4 d7:8.4
35	Phanerochaete chrysosporium	oat spelt xylan 1%	2		d1:0.5 d4:0.5 d5:0.8 d6:1.3 d7:1.9
35	Phanerochaete chrysosporium	raffinose	1		d1:2.1 d4:2.1 d5:4.2 d6:6.4 d7:7.9
35	Phanerochaete chrysosporium	rice bran 3%	7		d1:2.9 d4:2.8 d5:5 d6:6.9 d7:8.7
35	Phanerochaete chrysosporium	soluble starch 1%	5		d1:3.35 d4:3.6 d5:6.1 d6:8.5 d7:8.7
35	Phanerochaete chrysosporium	soybean hulls 3%	10		d1:3.35 d4:3.9 d5:6.6 d6:8 d7:8.7
35	Phanerochaete chrysosporium	sucrose	0		d1:2.25 d4:2.9 d5:4.9 d6:7.5 d7:8.4
35	Phanerochaete chrysosporium	sugar beet pulp 3%	5		d1:1.5 d4:2.2 d5:3.2 d6:5.6 d7:7.1
35	Phanerochaete chrysosporium	wheat bran 3%	10		d1:3.15 d4:3.7 d5:5.9 d6:8 d7:8.7
37	Phytophthora ramorum	alfalfa meal 3%	9		
37	Phytophthora ramorum	apple pectin 1% pH=6	3		
37	Phytophthora ramorum	arabic gum 1%	2		
37	Phytophthora ramorum	beechwood xylan 1%	2		
37	Phytophthora ramorum	birchwood xylan 1%	2		
37	Phytophthora ramorum	casein 3%	2		
37	Phytophthora ramorum	cellobiose	1		
37	Phytophthora ramorum	cellulose 3%	1		
37	Phytophthora ramorum	citrus pectin 1% pH=6	4		
37	Phytophthora ramorum	citrus pulp 3% pH=6	0		
37	Phytophthora ramorum	cotton seed pulp 3%	2		
37	Phytophthora ramorum	D-fructose	5		
37	Phytophthora ramorum	D-galactose	1		
37	Phytophthora ramorum	D-galacturonic acid	2		
37	Phytophthora ramorum	D-glucose	5		
37	Phytophthora ramorum	D-glucuronic acid	1		
37	Phytophthora ramorum	D-mannose	4		
37	Phytophthora ramorum	D-ribose	2		
37	Phytophthora ramorum	D-xylose	2		
37	Phytophthora ramorum	guar gum 1%	4		
37	Phytophthora ramorum	inulin 1%	3		
37	Phytophthora ramorum	L-arabinose	2		
37	Phytophthora ramorum	L-rhamnose	2		
37	Phytophthora ramorum	lactose	1		
37	Phytophthora ramorum	lignin 1%	3		
37	Phytophthora ramorum	maltose	3		
37	Phytophthora ramorum	no carbon source	1		
37	Phytophthora ramorum	oat spelt xylan 1%	1		
37	Phytophthora ramorum	raffinose	2		
37	Phytophthora ramorum	rice bran 3%	9		
37	Phytophthora ramorum	soluble starch 1%	4		
37	Phytophthora ramorum	soybean hulls 3%	10		
37	Phytophthora ramorum	sucrose	2		
37	Phytophthora ramorum	sugar beet pulp 3%	7		
37	Phytophthora ramorum	wheat bran 3%	6		
38	Phytophthora sojae	alfalfa meal 3%	9		
38	Phytophthora sojae	apple pectin 1% pH=6	3		
38	Phytophthora sojae	arabic gum 1%	3		
38	Phytophthora sojae	beechwood xylan 1%	1		
38	Phytophthora sojae	birchwood xylan 1%	4		
38	Phytophthora sojae	casein 3%	2		
38	Phytophthora sojae	cellobiose	3		
38	Phytophthora sojae	cellulose 3%	1		
38	Phytophthora sojae	citrus pectin 1% pH=6	2		
38	Phytophthora sojae	citrus pulp 3% pH=6	8		
38	Phytophthora sojae	cotton seed pulp 3%	2		
38	Phytophthora sojae	D-fructose	5		
38	Phytophthora sojae	D-galactose	3		
38	Phytophthora sojae	D-galacturonic acid	4		
38	Phytophthora sojae	D-glucose	5		
38	Phytophthora sojae	D-glucuronic acid	1		
38	Phytophthora sojae	D-mannose	2		
38	Phytophthora sojae	D-ribose	5		
38	Phytophthora sojae	D-xylose	7		
38	Phytophthora sojae	guar gum 1%	3		
38	Phytophthora sojae	inulin 1%	7		
38	Phytophthora sojae	L-arabinose	5		
38	Phytophthora sojae	L-rhamnose	4		
38	Phytophthora sojae	lactose	4		
38	Phytophthora sojae	lignin 1%	6		
38	Phytophthora sojae	maltose	6		
38	Phytophthora sojae	no carbon source	3		
38	Phytophthora sojae	oat spelt xylan 1%	1		
38	Phytophthora sojae	raffinose	6		
38	Phytophthora sojae	rice bran 3%	5		
38	Phytophthora sojae	soluble starch 1%	7		
38	Phytophthora sojae	soybean hulls 3%	10		
38	Phytophthora sojae	sucrose	5		
38	Phytophthora sojae	sugar beet pulp 3%	1		
38	Phytophthora sojae	wheat bran 3%	10		
39	Phytophthora infestans	alfalfa meal 3%	1		
39	Phytophthora infestans	apple pectin 1% pH=6	2		
39	Phytophthora infestans	arabic gum 1%	0		
39	Phytophthora infestans	beechwood xylan 1%	1		
39	Phytophthora infestans	birchwood xylan 1%	1		
39	Phytophthora infestans	casein 3%	1		
39	Phytophthora infestans	cellobiose	2		
39	Phytophthora infestans	cellulose 3%	1		
39	Phytophthora infestans	citrus pectin 1% pH=6	2		
39	Phytophthora infestans	citrus pulp 3% pH=6	1		
39	Phytophthora infestans	cotton seed pulp 3%	0		
39	Phytophthora infestans	D-fructose	5		
39	Phytophthora infestans	D-galactose	1		
39	Phytophthora infestans	D-galacturonic acid	1		
39	Phytophthora infestans	D-glucose	5		
39	Phytophthora infestans	D-glucuronic acid	1		
39	Phytophthora infestans	D-mannose	1		
39	Phytophthora infestans	D-ribose	2		
39	Phytophthora infestans	D-xylose	1		
39	Phytophthora infestans	guar gum 1%	2		
39	Phytophthora infestans	inulin 1%	3		
39	Phytophthora infestans	L-arabinose	1		
39	Phytophthora infestans	L-rhamnose	1		
39	Phytophthora infestans	lactose	1		
39	Phytophthora infestans	lignin 1%	0		
39	Phytophthora infestans	maltose	4		
39	Phytophthora infestans	no carbon source	1		
39	Phytophthora infestans	oat spelt xylan 1%	1		
39	Phytophthora infestans	raffinose	2		
39	Phytophthora infestans	rice bran 3%	1		
39	Phytophthora infestans	soluble starch 1%	6		
39	Phytophthora infestans	soybean hulls 3%	2		
39	Phytophthora infestans	sucrose	4		
39	Phytophthora infestans	sugar beet pulp 3%	1		
39	Phytophthora infestans	wheat bran 3%	1		
41	Pichia stipitis CBS 6054	alfalfa meal 3%	6		d6:1.7
41	Pichia stipitis CBS 6054	apple pectin 1% pH=6	1		d6:0.7
41	Pichia stipitis CBS 6054	arabic gum 1%	2		d6:0.9
41	Pichia stipitis CBS 6054	arabinogalactan 1%			d6:0.8
41	Pichia stipitis CBS 6054	beechwood xylan 1%	2		d6:0.9
41	Pichia stipitis CBS 6054	birchwood xylan 1%	1		d6:0.8
41	Pichia stipitis CBS 6054	casein 3%	5		d6:1.9
41	Pichia stipitis CBS 6054	cellobiose	4		d6:1.4
41	Pichia stipitis CBS 6054	cellulose 3%	1		d6:0.8
41	Pichia stipitis CBS 6054	citrus pectin 1% pH=6	5		d6:1.6
41	Pichia stipitis CBS 6054	citrus pulp 3% pH=6	4		d6:1.5
41	Pichia stipitis CBS 6054	cotton seed pulp 3%	1		d6:0.8
41	Pichia stipitis CBS 6054	D-fructose	4		d6:1.2
41	Pichia stipitis CBS 6054	D-galactose	5		d6:1.6
41	Pichia stipitis CBS 6054	D-galacturonic acid	1		d6:0.7
41	Pichia stipitis CBS 6054	D-glucose	5		d6:1.6
41	Pichia stipitis CBS 6054	D-glucuronic acid	3		d6:1.2
41	Pichia stipitis CBS 6054	D-mannose	6		d6:1.6
41	Pichia stipitis CBS 6054	D-ribose	2		d6:0.9
41	Pichia stipitis CBS 6054	D-xylose	5		d6:1.5
41	Pichia stipitis CBS 6054	guar gum 1%	2		d6:1
41	Pichia stipitis CBS 6054	inulin 1%	3		d6:1
41	Pichia stipitis CBS 6054	L-arabinose	2		d6:1
41	Pichia stipitis CBS 6054	L-rhamnose	3		d6:1
41	Pichia stipitis CBS 6054	lactose	2		d6:0.8
41	Pichia stipitis CBS 6054	lignin 1%	3		d6:1.1
41	Pichia stipitis CBS 6054	maltose	5		d6:1.7
41	Pichia stipitis CBS 6054	no carbon source	1		d6:0.8
41	Pichia stipitis CBS 6054	oat spelt xylan 1%	2		d6:0.9
41	Pichia stipitis CBS 6054	raffinose	2		d6:0.8
41	Pichia stipitis CBS 6054	rice bran 3%	6		d6:2
41	Pichia stipitis CBS 6054	soluble starch 1%	5		d6:1.4
41	Pichia stipitis CBS 6054	soybean hulls 3%	4		d6:1.5
41	Pichia stipitis CBS 6054	sucrose	5		d6:1.7
41	Pichia stipitis CBS 6054	sugar beet pulp 3%	4		d6:1.6
41	Pichia stipitis CBS 6054	wheat bran 3%	4		d6:1.7
42	Podospora anserina	alfalfa meal 3%	9		d3:2.7 d4:3.4 d5:5.9 d6:7.3 d7:8.1
42	Podospora anserina	apple pectin 1% pH=6	2		d3:1.6 d4:2 d5:2.4 d6:2.9 d7:3.5
42	Podospora anserina	arabic gum 1%	0		d3:3.7 d4:4.8 d5:6.4 d6:7.3 d7:8.5
42	Podospora anserina	arabinogalactan 1%			d3:2.4 d4:3.7 d5:4.8 d6:5.7 d7:6.8
42	Podospora anserina	beechwood xylan 1%	10		d3:3.4 d4:4.9 d5:6.2 d6:7.2 d7:8.5
42	Podospora anserina	birchwood xylan 1%	8		d3:2.4 d4:2.9 d5:4.1 d6:5 d7:6.3
42	Podospora anserina	casein 3%	4		d3:2.4 d4:3.3 d5:5.1 d6:5.6 d7:6.7
42	Podospora anserina	cellobiose	5		d3:2.2 d4:3.5 d5:4.3 d6:4.6 d7:5.5
42	Podospora anserina	cellulose 3%	5		d3:3.2 d4:4.5 d5:6 d6:6.9 d7:8.5
42	Podospora anserina	citrus pectin 1% pH=6	3		d3:1.6 d4:1.9 d5:2.5 d6:2.3 d7:2.8
42	Podospora anserina	citrus pulp 3% pH=6	9		d3:2.3 d4:3.2 d5:4.8 d6:5.7 d7:6.7
42	Podospora anserina	cotton seed pulp 3%	2		d3:3.4 d4:5.1 d5:6.1 d6:6.5 d7:8
42	Podospora anserina	D-fructose	6		d3:3.2 d4:4.2 d5:5.4 d6:6.5 d7:7.5
42	Podospora anserina	D-galactose	0		d3:0 d4:0 d5:0 d6:0 d7:0.6
42	Podospora anserina	D-galacturonic acid	0		d3:3.3 d4:4.1 d5:5.5 d6:6.2 d7:7.4
42	Podospora anserina	D-glucose	5		d3:2.5 d4:3.8 d5:5.1 d6:6.5 d7:7.2
42	Podospora anserina	D-glucuronic acid	0		d3:2.7 d4:3.7 d5:4.6 d6:5.7 d7:6.1
42	Podospora anserina	D-mannose	5		d3:3.1 d4:4.3 d5:4.5 d6:5.6 d7:6.8
42	Podospora anserina	D-ribose	0		d3:3.6 d4:4.8 d5:6.6 d6:7.7 d7:8.5
42	Podospora anserina	D-xylose	6		d3:2.7 d4:4.3 d5:5.1 d6:5.8 d7:6.8
42	Podospora anserina	guar gum 1%	4		d3:3.8 d4:5 d5:6.2 d6:7.3 d7:8.5
42	Podospora anserina	inulin 1%	0		d3:3.7 d4:4.9 d5:6.5 d6:7.4 d7:8.5
42	Podospora anserina	L-arabinose	1		d3:2.3 d4:3.5 d5:4.4 d6:5.8 d7:6.5
42	Podospora anserina	L-rhamnose	0		d3:3.6 d4:4.7 d5:6.4 d6:7.6 d7:8.5
42	Podospora anserina	lactose	3		d3:2.4 d4:2.8 d5:2.7 d6:2.8 d7:3
42	Podospora anserina	lignin 1%	0		d3:1.8 d4:2.3 d5:2.8 d6:3.6 d7:5.4
42	Podospora anserina	maltose	6		d3:3.3 d4:3.8 d5:5.8 d6:6.5 d7:7.5
42	Podospora anserina	no carbon source	0		d3:0 d4:4.8 d5:6.5 d6:7.2 d7:8.5
42	Podospora anserina	oat spelt xylan 1%	6		d3:3.5 d4:4.1 d5:6 d6:7.1 d7:8.5
42	Podospora anserina	raffinose	0		d3:3.3 d4:4.6 d5:6.1 d6:7.2 d7:8.5
42	Podospora anserina	rice bran 3%	6		d3:1.9 d4:2.1 d5:3.6 d6:3.6 d7:5
42	Podospora anserina	soluble starch 1%	6		d3:3 d4:4.2 d5:5.1 d6:5.9 d7:6.9
42	Podospora anserina	soybean hulls 3%	7		d3:2.9 d4:4.4 d5:6.2 d6:7 d7:8.5
42	Podospora anserina	sucrose	0		d3:3.5 d4:4.8 d5:6.5 d6:7.1 d7:8.5
42	Podospora anserina	sugar beet pulp 3%	7		d3:2.3 d4:3.2 d5:4.9 d6:5.1 d7:6
42	Podospora anserina	wheat bran 3%	10		d3:2.6 d4:3.3 d5:4.9 d6:5.8 d7:6.9
43	Postia placenta Mad-698-R	alfalfa meal 3%	4		d2:0.3 d4:1 d6:2.8 d8:3.9
43	Postia placenta Mad-698-R	apple pectin 1% pH=6	8		d2:0.7 d4:2.5 d6:5.5 d8:6.5
43	Postia placenta Mad-698-R	arabic gum 1%	2		d2:0 d4:0 d6:0 d8:2.3
43	Postia placenta Mad-698-R	arabinogalactan 1%			d2:0.5 d4:1.5 d6:2.5 d8:3.9
43	Postia placenta Mad-698-R	beechwood xylan 1%	9		d2:0.2 d4:2.3 d6:4.5 d8:8
43	Postia placenta Mad-698-R	birchwood xylan 1%	2		d2:0.2 d4:0.8 d6:1 d8:2.5
43	Postia placenta Mad-698-R	casein 3%	0		d2:0.3 d4:1 d6:2.8 d8:3.3
43	Postia placenta Mad-698-R	cellobiose	8		d2:0.5 d4:1.8 d6:4 d8:4.8
43	Postia placenta Mad-698-R	cellulose 3%	0		d2:0.4 d4:1 d6:2.5 d8:3
43	Postia placenta Mad-698-R	citrus pectin 1% pH=6	9		d2:0.8 d4:2.2 d6:5.2 d8:6.1
43	Postia placenta Mad-698-R	citrus pulp 3% pH=6	10		d2:0.7 d4:2.5 d6:5.1 d8:6.5
43	Postia placenta Mad-698-R	cotton seed pulp 3%	4		d2:0.6 d4:1.5 d6:2.4 d8:3.7
43	Postia placenta Mad-698-R	D-fructose	5		d2:0 d4:1.6 d6:3.3 d8:4.3
43	Postia placenta Mad-698-R	D-galactose	1		d2:0.1 d4:0.6 d6:1.5 d8:2.2
43	Postia placenta Mad-698-R	D-galacturonic acid	9		d2:0.8 d4:2.5 d6:5.8 d8:7
43	Postia placenta Mad-698-R	D-glucose	5		d2:0.5 d4:1.9 d6:4.5 d8:6
43	Postia placenta Mad-698-R	D-glucuronic acid	1		d2:0.3 d4:0.6 d6:1.3 d8:1.4
43	Postia placenta Mad-698-R	D-mannose	9		d2:0.5 d4:1.7 d6:4.5 d8:5.8
43	Postia placenta Mad-698-R	D-ribose	3		d2:0.4 d4:1 d6:2.2 d8:2.8
43	Postia placenta Mad-698-R	D-xylose	5		d2:0.2 d4:0.8 d6:3 d8:4.1
43	Postia placenta Mad-698-R	guar gum 1%	6		d2:0.5 d4:2 d6:5 d8:6.3
43	Postia placenta Mad-698-R	inulin 1%	3		d2:0.5 d4:1.1 d6:2.3 d8:3.2
43	Postia placenta Mad-698-R	L-arabinose	5		d2:0.2 d4:1 d6:1.9 d8:1.9
43	Postia placenta Mad-698-R	L-rhamnose	1		d2:0.2 d4:0.6 d6:1.9 d8:2.3
43	Postia placenta Mad-698-R	lactose	3		d2:0.1 d4:0.5 d6:1.3 d8:2
43	Postia placenta Mad-698-R	lignin 1%	0		d2:0 d4:0 d6:0 d8:0
43	Postia placenta Mad-698-R	maltose	7		d2:0.3 d4:1 d6:3.3 d8:4.9
43	Postia placenta Mad-698-R	no carbon source	1		d2:0.3 d4:1 d6:1.4 d8:1.9
43	Postia placenta Mad-698-R	oat spelt xylan 1%	0		
43	Postia placenta Mad-698-R	raffinose	3		d2:0.2 d4:0.6 d6:2 d8:2.8
43	Postia placenta Mad-698-R	rice bran 3%	3		d2:0.1 d4:0.5 d6:2.7 d8:3.5
43	Postia placenta Mad-698-R	soluble starch 1%	5		d2:0.3 d4:1.5 d6:4 d8:5.6
43	Postia placenta Mad-698-R	soybean hulls 3%	2		d2:0 d4:0.1 d6:0.8 d8:1.5
43	Postia placenta Mad-698-R	sucrose	1		d2:0 d4:0.9 d6:1.6 d8:2
43	Postia placenta Mad-698-R	sugar beet pulp 3%	0		d2:0.3 d4:0.7 d6:1.2 d8:1.9
43	Postia placenta Mad-698-R	wheat bran 3%	4		d2:0.2 d4:0.7 d6:2.6 d8:3.8
44	Pythium ultimum DAOM BR144	alfalfa meal 3%	7		
44	Pythium ultimum DAOM BR144	apple pectin 1% pH=6	0		
44	Pythium ultimum DAOM BR144	arabic gum 1%	5		
44	Pythium ultimum DAOM BR144	beechwood xylan 1%	6		
44	Pythium ultimum DAOM BR144	birchwood xylan 1%	0		
44	Pythium ultimum DAOM BR144	casein 3%	10		
44	Pythium ultimum DAOM BR144	cellobiose	0		
44	Pythium ultimum DAOM BR144	cellulose 3%	0		
44	Pythium ultimum DAOM BR144	citrus pectin 1% pH=6	0		
44	Pythium ultimum DAOM BR144	citrus pulp 3% pH=6	9		
44	Pythium ultimum DAOM BR144	cotton seed pulp 3%	0		
44	Pythium ultimum DAOM BR144	D-fructose	5		
44	Pythium ultimum DAOM BR144	D-galactose	0		
44	Pythium ultimum DAOM BR144	D-galacturonic acid	0		
44	Pythium ultimum DAOM BR144	D-glucose	5		
44	Pythium ultimum DAOM BR144	D-glucuronic acid	0		
44	Pythium ultimum DAOM BR144	D-mannose	6		
44	Pythium ultimum DAOM BR144	D-ribose	0		
44	Pythium ultimum DAOM BR144	D-xylose	0		
44	Pythium ultimum DAOM BR144	guar gum 1%	0		
44	Pythium ultimum DAOM BR144	inulin 1%	0		
44	Pythium ultimum DAOM BR144	L-arabinose	2		
44	Pythium ultimum DAOM BR144	L-rhamnose	5		
44	Pythium ultimum DAOM BR144	lactose	0		
44	Pythium ultimum DAOM BR144	lignin 1%	0		
44	Pythium ultimum DAOM BR144	maltose	0		
44	Pythium ultimum DAOM BR144	no carbon source	0		
44	Pythium ultimum DAOM BR144	oat spelt xylan 1%	4		
44	Pythium ultimum DAOM BR144	raffinose	0		
44	Pythium ultimum DAOM BR144	rice bran 3%	9		
44	Pythium ultimum DAOM BR144	soluble starch 1%	0		
44	Pythium ultimum DAOM BR144	soybean hulls 3%	8		
44	Pythium ultimum DAOM BR144	sucrose	0		
44	Pythium ultimum DAOM BR144	sugar beet pulp 3%	0		
44	Pythium ultimum DAOM BR144	wheat bran 3%	9		
45	Rhizopus delemar RA 99-880	alfalfa meal 3%	10		d1:2.1 d2:3.1 d3:8.5
45	Rhizopus delemar RA 99-880	apple pectin 1% pH=6	10		d1:1.8 d2:2.5 d3:8.5
45	Rhizopus delemar RA 99-880	arabic gum 1%	2		d3:2.3
45	Rhizopus delemar RA 99-880	arabinogalactan 1%			d1:0.3 d2:0.8 d3:4.5
45	Rhizopus delemar RA 99-880	beechwood xylan 1%	0		
45	Rhizopus delemar RA 99-880	birchwood xylan 1%	2		d2:0.2 d3:1.5
45	Rhizopus delemar RA 99-880	casein 3%	4		d1:0.6 d2:0.8 d3:4.2
45	Rhizopus delemar RA 99-880	cellobiose	0		
45	Rhizopus delemar RA 99-880	cellulose 3%	0		
45	Rhizopus delemar RA 99-880	citrus pectin 1% pH=6	10		d1:1.5 d2:2.2 d3:8.5
45	Rhizopus delemar RA 99-880	citrus pulp 3% pH=6	10		d1:1.9 d2:2.8 d3:8.5
45	Rhizopus delemar RA 99-880	cotton seed pulp 3%	4		d1:0.7 d2:1.3 d3:5
45	Rhizopus delemar RA 99-880	D-fructose	3		d3:3.5
45	Rhizopus delemar RA 99-880	D-galactose	1		d2:0.2 d3:1.8
45	Rhizopus delemar RA 99-880	D-galacturonic acid	1		d3:1.3
45	Rhizopus delemar RA 99-880	D-glucose	5		d1:0.6 d2:1.3 d3:5.4
45	Rhizopus delemar RA 99-880	D-glucuronic acid	0		
45	Rhizopus delemar RA 99-880	D-mannose	5		d1:0.4 d2:1 d3:5
45	Rhizopus delemar RA 99-880	D-ribose	0		
45	Rhizopus delemar RA 99-880	D-xylose	0		
45	Rhizopus delemar RA 99-880	guar gum 1%	9		d1:1.5 d2:2.4 d3:7.5
45	Rhizopus delemar RA 99-880	inulin 1%	3		d1:0.2 d2:0.4 d3:2.2
45	Rhizopus delemar RA 99-880	L-arabinose	0		
45	Rhizopus delemar RA 99-880	L-rhamnose	0		d3:0.2
45	Rhizopus delemar RA 99-880	lactose	0		
45	Rhizopus delemar RA 99-880	lignin 1%	2		d1:0.4 d2:0.9 d3:3
45	Rhizopus delemar RA 99-880	maltose	0		
45	Rhizopus delemar RA 99-880	no carbon source	0		
45	Rhizopus delemar RA 99-880	oat spelt xylan 1%	0		
45	Rhizopus delemar RA 99-880	raffinose	0		
45	Rhizopus delemar RA 99-880	rice bran 3%	9		d1:1.7 d2:2.5 d3:8.5
45	Rhizopus delemar RA 99-880	soluble starch 1%	1		d3:1.4
45	Rhizopus delemar RA 99-880	soybean hulls 3%	9		d1:1.9 d2:2.9 d3:8.5
45	Rhizopus delemar RA 99-880	sucrose	0		d3:0.2
45	Rhizopus delemar RA 99-880	sugar beet pulp 3%	10		d1:1.7 d2:2.5 d3:7.5
45	Rhizopus delemar RA 99-880	wheat bran 3%	10		d1:2 d2:2.9 d3:8.5
46	Saccharomyces cerevisiae S288C	alfalfa meal 3%	6		d6:1.4
46	Saccharomyces cerevisiae S288C	apple pectin 1% pH=6	1		d6:0.7
46	Saccharomyces cerevisiae S288C	arabic gum 1%	2		d6:0.7
46	Saccharomyces cerevisiae S288C	arabinogalactan 1%			d6:0.8
46	Saccharomyces cerevisiae S288C	beechwood xylan 1%	2		d6:0.8
46	Saccharomyces cerevisiae S288C	birchwood xylan 1%	2		d6:0.7
46	Saccharomyces cerevisiae S288C	casein 3%	5		d6:1.1
46	Saccharomyces cerevisiae S288C	cellobiose	2		d6:0.5
46	Saccharomyces cerevisiae S288C	cellulose 3%	2		d6:0.7
46	Saccharomyces cerevisiae S288C	citrus pectin 1% pH=6	4		d6:1
46	Saccharomyces cerevisiae S288C	citrus pulp 3% pH=6	5		d6:1.1
46	Saccharomyces cerevisiae S288C	cotton seed pulp 3%	1		d6:0.5
46	Saccharomyces cerevisiae S288C	D-fructose	4		d6:1
46	Saccharomyces cerevisiae S288C	D-galactose	3		d6:0.7
46	Saccharomyces cerevisiae S288C	D-galacturonic acid	1		d6:0.6
46	Saccharomyces cerevisiae S288C	D-glucose	5		d6:1
46	Saccharomyces cerevisiae S288C	D-glucuronic acid	1		d6:0.6
46	Saccharomyces cerevisiae S288C	D-mannose	5		d6:1.1
46	Saccharomyces cerevisiae S288C	D-ribose	2		d6:0.8
46	Saccharomyces cerevisiae S288C	D-xylose	2		d6:0.6
46	Saccharomyces cerevisiae S288C	guar gum 1%	4		d6:0.8
46	Saccharomyces cerevisiae S288C	inulin 1%	2		d6:0.7
46	Saccharomyces cerevisiae S288C	L-arabinose	3		d6:0.7
46	Saccharomyces cerevisiae S288C	L-rhamnose	2		d6:0.6
46	Saccharomyces cerevisiae S288C	lactose	2		d6:0.7
46	Saccharomyces cerevisiae S288C	lignin 1%	4		d6:0.9
46	Saccharomyces cerevisiae S288C	maltose	1		d6:0.5
46	Saccharomyces cerevisiae S288C	no carbon source	2		d6:0.7
46	Saccharomyces cerevisiae S288C	oat spelt xylan 1%	2		d6:0.6
46	Saccharomyces cerevisiae S288C	raffinose	4		d6:0.8
46	Saccharomyces cerevisiae S288C	rice bran 3%	6		d6:1.3
46	Saccharomyces cerevisiae S288C	soluble starch 1%	3		d6:0.7
46	Saccharomyces cerevisiae S288C	soybean hulls 3%	3		d6:0.9
46	Saccharomyces cerevisiae S288C	sucrose	5		d6:1
46	Saccharomyces cerevisiae S288C	sugar beet pulp 3%	5		d6:1.2
46	Saccharomyces cerevisiae S288C	wheat bran 3%	5		d6:1.3
47	Schizophyllum commune H4-8	alfalfa meal 3%	6		d1:0.45 d2:2.1 d3:3.5 d4:5.4 d5:7.3
47	Schizophyllum commune H4-8	apple pectin 1% pH=6	6		d1:0.2 d2:1.6 d3:2.8 d4:4.3 d5:6
47	Schizophyllum commune H4-8	arabic gum 1%	0		d1:0.35 d2:0.9 d3:1.9 d4:3.8 d5:5
47	Schizophyllum commune H4-8	arabinogalactan 1%			d1:0.35 d2:1 d3:1.7 d4:2.4 d5:4
47	Schizophyllum commune H4-8	beechwood xylan 1%	1		d1:0.3 d2:1.3 d3:1.8 d4:2.8 d5:6.3
47	Schizophyllum commune H4-8	birchwood xylan 1%	1		d1:0.2 d2:1 d3:1.8 d4:3 d5:4
47	Schizophyllum commune H4-8	casein 3%	1		d1:0.4 d2:1.2 d3:2.5 d4:3.8 d5:5.6
47	Schizophyllum commune H4-8	cellobiose	4		d1:0.5 d2:1.2 d3:2 d4:2.9 d5:4.4
47	Schizophyllum commune H4-8	cellulose 3%	2		d1:0.5 d2:1 d3:2.8 d4:3.8 d5:2.7
47	Schizophyllum commune H4-8	citrus pectin 1% pH=6	3		d1:0.2 d2:0.8 d3:1.2 d4:2.2 d5:3.3
47	Schizophyllum commune H4-8	citrus pulp 3% pH=6	7		d1:0 d2:1.3 d3:2.3 d4:3.8 d5:5.5
47	Schizophyllum commune H4-8	cotton seed pulp 3%	2		d1:0.3 d2:1.7 d3:2.5 d4:4.4 d5:6.6
47	Schizophyllum commune H4-8	D-fructose	5		d1:0.45 d2:1.4 d3:2.4 d4:3.5 d5:5.2
47	Schizophyllum commune H4-8	D-galactose	3		d1:0.35 d2:0 d3:2.6 d4:3.5 d5:4.6
47	Schizophyllum commune H4-8	D-galacturonic acid	2		d1:0.45 d2:1.9 d3:2.9 d4:4.4 d5:6.4
47	Schizophyllum commune H4-8	D-glucose	5		d1:0.5 d2:1.6 d3:2.4 d4:3.4 d5:4.9
47	Schizophyllum commune H4-8	D-glucuronic acid	1		d1:0.45 d2:1.5 d3:2.5 d4:4 d5:5.6
47	Schizophyllum commune H4-8	D-mannose	5		d1:0.4 d2:1.4 d3:2.4 d4:3.5 d5:5.5
47	Schizophyllum commune H4-8	D-ribose	2		d1:0.3 d2:1.2 d3:2.3 d4:3.6 d5:5.3
47	Schizophyllum commune H4-8	D-xylose	2		d1:0.3 d2:0.8 d3:1.6 d4:1.4 d5:2.4
47	Schizophyllum commune H4-8	guar gum 1%	1		d1:0.5 d2:1.7 d3:3.2 d4:4.6 d5:6.5
47	Schizophyllum commune H4-8	inulin 1%	2		d1:0.4 d2:1 d3:1.5 d4:2 d5:3.3
47	Schizophyllum commune H4-8	L-arabinose	1		d1:0.15 d2:0.3 d3:0.7 d4:1 d5:1.2
47	Schizophyllum commune H4-8	L-rhamnose	1		d1:0.5 d2:1.7 d3:3 d4:3.9 d5:5.7
47	Schizophyllum commune H4-8	lactose	2		d1:0.275 d2:1 d3:1.4 d4:1.8 d5:2.7
47	Schizophyllum commune H4-8	lignin 1%	1		d1:0 d2:0 d3:1.8 d4:2.9 d5:4.1
47	Schizophyllum commune H4-8	maltose	6		d1:0.5 d2:1.7 d3:2.8 d4:4 d5:5.7
47	Schizophyllum commune H4-8	no carbon source	1		d1:0.4 d2:1.4 d3:2.5 d4:3.7 d5:5.1
47	Schizophyllum commune H4-8	oat spelt xylan 1%	1		d1:0.25 d2:0.5 d3:2.8 d4:2.3 d5:4.2
47	Schizophyllum commune H4-8	raffinose	4		d1:0.5 d2:1.5 d3:2.5 d4:3.8 d5:5.3
47	Schizophyllum commune H4-8	rice bran 3%	9		d1:0.3 d2:1.7 d3:3 d4:4.4 d5:6.6
47	Schizophyllum commune H4-8	soluble starch 1%	6		d1:0.4 d2:0.8 d3:2.5 d4:1.8 d5:5.7
47	Schizophyllum commune H4-8	soybean hulls 3%	10		d1:0.3 d2:1.7 d3:3 d4:4.5 d5:6.5
47	Schizophyllum commune H4-8	sucrose	5		d1:0.35 d2:1.6 d3:2.5 d4:3.6 d5:5.5
47	Schizophyllum commune H4-8	sugar beet pulp 3%	10		d1:0.35 d2:1.6 d3:2.7 d4:4.2 d5:6.3
47	Schizophyllum commune H4-8	wheat bran 3%	8		d1:0.2 d2:1.6 d3:2.6 d4:4.3 d5:6.8
49	Schizosaccharomyces pombe 972h-	alfalfa meal 3%	0		d6:0
49	Schizosaccharomyces pombe 972h-	apple pectin 1% pH=6	0		d6:0.5
49	Schizosaccharomyces pombe 972h-	arabic gum 1%	0		d6:0.1
49	Schizosaccharomyces pombe 972h-	arabinogalactan 1%			d6:0
49	Schizosaccharomyces pombe 972h-	beechwood xylan 1%	0		d6:0
49	Schizosaccharomyces pombe 972h-	birchwood xylan 1%	0		d6:0
49	Schizosaccharomyces pombe 972h-	casein 3%	0		d6:0
49	Schizosaccharomyces pombe 972h-	cellobiose	0		d6:0
49	Schizosaccharomyces pombe 972h-	cellulose 3%	0		d6:0
49	Schizosaccharomyces pombe 972h-	citrus pectin 1% pH=6	4		d6:0.8
49	Schizosaccharomyces pombe 972h-	citrus pulp 3% pH=6	5		d6:1
49	Schizosaccharomyces pombe 972h-	cotton seed pulp 3%	0		d6:0.2
49	Schizosaccharomyces pombe 972h-	D-fructose	4		d6:0.8
49	Schizosaccharomyces pombe 972h-	D-galactose	0		d6:0.3
49	Schizosaccharomyces pombe 972h-	D-galacturonic acid	0		d6:0
49	Schizosaccharomyces pombe 972h-	D-glucose	5		d6:0.9
49	Schizosaccharomyces pombe 972h-	D-glucuronic acid	1		d6:0.6
49	Schizosaccharomyces pombe 972h-	D-mannose	2		d6:0.8
49	Schizosaccharomyces pombe 972h-	D-ribose	0		d6:0
49	Schizosaccharomyces pombe 972h-	D-xylose	0		d6:0
49	Schizosaccharomyces pombe 972h-	guar gum 1%	0		d6:0.3
49	Schizosaccharomyces pombe 972h-	inulin 1%	0		d6:0
49	Schizosaccharomyces pombe 972h-	L-arabinose	0		d6:0.3
49	Schizosaccharomyces pombe 972h-	L-rhamnose	0		d6:0
49	Schizosaccharomyces pombe 972h-	lactose	0		d6:0.2
49	Schizosaccharomyces pombe 972h-	lignin 1%	0		d6:0
49	Schizosaccharomyces pombe 972h-	maltose	3		d6:0.8
49	Schizosaccharomyces pombe 972h-	no carbon source	0		d6:0
49	Schizosaccharomyces pombe 972h-	oat spelt xylan 1%	0		d6:0
49	Schizosaccharomyces pombe 972h-	raffinose	3		d6:0.8
49	Schizosaccharomyces pombe 972h-	rice bran 3%	5		d6:1
49	Schizosaccharomyces pombe 972h-	soluble starch 1%	1		d6:0.7
49	Schizosaccharomyces pombe 972h-	soybean hulls 3%	3		d6:0.9
49	Schizosaccharomyces pombe 972h-	sucrose	4		d6:1
49	Schizosaccharomyces pombe 972h-	sugar beet pulp 3%	4		d6:0.9
49	Schizosaccharomyces pombe 972h-	wheat bran 3%	4		d6:1
50	Sclerotinia sclerotiorum 1980	alfalfa meal 3%	10		
50	Sclerotinia sclerotiorum 1980	apple pectin 1% pH=6	8		
50	Sclerotinia sclerotiorum 1980	arabic gum 1%	1		
50	Sclerotinia sclerotiorum 1980	beechwood xylan 1%	1		
50	Sclerotinia sclerotiorum 1980	birchwood xylan 1%	0		
50	Sclerotinia sclerotiorum 1980	casein 3%	4		
50	Sclerotinia sclerotiorum 1980	cellobiose	3		
50	Sclerotinia sclerotiorum 1980	cellulose 3%	0		
50	Sclerotinia sclerotiorum 1980	citrus pectin 1% pH=6	7		
50	Sclerotinia sclerotiorum 1980	citrus pulp 3% pH=6	10		
50	Sclerotinia sclerotiorum 1980	cotton seed pulp 3%	3		
50	Sclerotinia sclerotiorum 1980	D-fructose	2		
50	Sclerotinia sclerotiorum 1980	D-galactose	2		
50	Sclerotinia sclerotiorum 1980	D-galacturonic acid	0		
50	Sclerotinia sclerotiorum 1980	D-glucose	5		
50	Sclerotinia sclerotiorum 1980	D-glucuronic acid	0		
50	Sclerotinia sclerotiorum 1980	D-mannose	2		
50	Sclerotinia sclerotiorum 1980	D-ribose	1		
50	Sclerotinia sclerotiorum 1980	D-xylose	1		
50	Sclerotinia sclerotiorum 1980	guar gum 1%	1		
50	Sclerotinia sclerotiorum 1980	inulin 1%	1		
50	Sclerotinia sclerotiorum 1980	L-arabinose	1		
50	Sclerotinia sclerotiorum 1980	L-rhamnose	0		
50	Sclerotinia sclerotiorum 1980	lactose	0		
50	Sclerotinia sclerotiorum 1980	lignin 1%	2		
50	Sclerotinia sclerotiorum 1980	maltose	2		
50	Sclerotinia sclerotiorum 1980	no carbon source	0		
50	Sclerotinia sclerotiorum 1980	oat spelt xylan 1%	3		
50	Sclerotinia sclerotiorum 1980	raffinose	0		
50	Sclerotinia sclerotiorum 1980	rice bran 3%	10		
50	Sclerotinia sclerotiorum 1980	soluble starch 1%	3		
50	Sclerotinia sclerotiorum 1980	soybean hulls 3%	8		
50	Sclerotinia sclerotiorum 1980	sucrose	3		
50	Sclerotinia sclerotiorum 1980	sugar beet pulp 3%	10		
50	Sclerotinia sclerotiorum 1980	wheat bran 3%	10		
51	Talaromyces stipitatus	alfalfa meal 3%	8		
51	Talaromyces stipitatus	apple pectin 1% pH=6	6		
51	Talaromyces stipitatus	arabic gum 1%	0		
51	Talaromyces stipitatus	beechwood xylan 1%	3		
51	Talaromyces stipitatus	birchwood xylan 1%	2		
51	Talaromyces stipitatus	casein 3%	2		
51	Talaromyces stipitatus	cellobiose	5		
51	Talaromyces stipitatus	cellulose 3%	0		
51	Talaromyces stipitatus	citrus pectin 1% pH=6	4		
51	Talaromyces stipitatus	citrus pulp 3% pH=6	10		
51	Talaromyces stipitatus	cotton seed pulp 3%	7		
51	Talaromyces stipitatus	D-fructose	5		
51	Talaromyces stipitatus	D-galactose	0		
51	Talaromyces stipitatus	D-galacturonic acid	1		
51	Talaromyces stipitatus	D-glucose	5		
51	Talaromyces stipitatus	D-glucuronic acid	5		
51	Talaromyces stipitatus	D-mannose	4		
51	Talaromyces stipitatus	D-ribose	0		
51	Talaromyces stipitatus	D-xylose	5		
51	Talaromyces stipitatus	guar gum 1%	0		
51	Talaromyces stipitatus	inulin 1%	5		
51	Talaromyces stipitatus	L-arabinose	3		
51	Talaromyces stipitatus	L-rhamnose	1		
51	Talaromyces stipitatus	lactose	0		
51	Talaromyces stipitatus	lignin 1%	7		
51	Talaromyces stipitatus	maltose	6		
51	Talaromyces stipitatus	no carbon source	0		
51	Talaromyces stipitatus	oat spelt xylan 1%	2		
51	Talaromyces stipitatus	raffinose	1		
51	Talaromyces stipitatus	rice bran 3%	9		
51	Talaromyces stipitatus	soluble starch 1%	4		
51	Talaromyces stipitatus	soybean hulls 3%	8		
51	Talaromyces stipitatus	sucrose	6		
51	Talaromyces stipitatus	sugar beet pulp 3%	9		
51	Talaromyces stipitatus	wheat bran 3%	9		
52	Trichoderma atroviride IMI 206040	alfalfa meal 3%	5		
52	Trichoderma atroviride IMI 206040	apple pectin 1% pH=6	2		
52	Trichoderma atroviride IMI 206040	arabic gum 1%	1		
52	Trichoderma atroviride IMI 206040	beechwood xylan 1%	3		
52	Trichoderma atroviride IMI 206040	birchwood xylan 1%	4		
52	Trichoderma atroviride IMI 206040	casein 3%	3		
52	Trichoderma atroviride IMI 206040	cellobiose	3		
52	Trichoderma atroviride IMI 206040	cellulose 3%	3		
52	Trichoderma atroviride IMI 206040	citrus pectin 1% pH=6	3		
52	Trichoderma atroviride IMI 206040	citrus pulp 3% pH=6	8		
52	Trichoderma atroviride IMI 206040	cotton seed pulp 3%	8		
52	Trichoderma atroviride IMI 206040	D-fructose	4		
52	Trichoderma atroviride IMI 206040	D-galactose	4		
52	Trichoderma atroviride IMI 206040	D-galacturonic acid	2		
52	Trichoderma atroviride IMI 206040	D-glucose	5		
52	Trichoderma atroviride IMI 206040	D-glucuronic acid	1		
52	Trichoderma atroviride IMI 206040	D-mannose	5		
52	Trichoderma atroviride IMI 206040	D-ribose	3		
52	Trichoderma atroviride IMI 206040	D-xylose	4		
52	Trichoderma atroviride IMI 206040	guar gum 1%	5		
52	Trichoderma atroviride IMI 206040	inulin 1%	3		
52	Trichoderma atroviride IMI 206040	L-arabinose	3		
52	Trichoderma atroviride IMI 206040	L-rhamnose	1		
52	Trichoderma atroviride IMI 206040	lactose	5		
52	Trichoderma atroviride IMI 206040	lignin 1%	0		
52	Trichoderma atroviride IMI 206040	maltose	5		
52	Trichoderma atroviride IMI 206040	no carbon source	0		
52	Trichoderma atroviride IMI 206040	oat spelt xylan 1%	3		
52	Trichoderma atroviride IMI 206040	raffinose	4		
52	Trichoderma atroviride IMI 206040	rice bran 3%	7		
52	Trichoderma atroviride IMI 206040	soluble starch 1%	10		
52	Trichoderma atroviride IMI 206040	soybean hulls 3%	3		
52	Trichoderma atroviride IMI 206040	sucrose	3		
52	Trichoderma atroviride IMI 206040	sugar beet pulp 3%	6		
52	Trichoderma atroviride IMI 206040	wheat bran 3%	7		
53	Trichoderma virens Gv29-8	alfalfa meal 3%	4		
53	Trichoderma virens Gv29-8	apple pectin 1% pH=6	1		
53	Trichoderma virens Gv29-8	arabic gum 1%	3		
53	Trichoderma virens Gv29-8	beechwood xylan 1%	8		
53	Trichoderma virens Gv29-8	birchwood xylan 1%	8		
53	Trichoderma virens Gv29-8	casein 3%	4		
53	Trichoderma virens Gv29-8	cellobiose	4		
53	Trichoderma virens Gv29-8	cellulose 3%	4		
53	Trichoderma virens Gv29-8	citrus pectin 1% pH=6	6		
53	Trichoderma virens Gv29-8	citrus pulp 3% pH=6	8		
53	Trichoderma virens Gv29-8	cotton seed pulp 3%	4		
53	Trichoderma virens Gv29-8	D-fructose	4		
53	Trichoderma virens Gv29-8	D-galactose	3		
53	Trichoderma virens Gv29-8	D-galacturonic acid	0		
53	Trichoderma virens Gv29-8	D-glucose	5		
53	Trichoderma virens Gv29-8	D-glucuronic acid	0		
53	Trichoderma virens Gv29-8	D-mannose	1		
53	Trichoderma virens Gv29-8	D-ribose	1		
53	Trichoderma virens Gv29-8	D-xylose	1		
53	Trichoderma virens Gv29-8	guar gum 1%	2		
53	Trichoderma virens Gv29-8	inulin 1%	6		
53	Trichoderma virens Gv29-8	L-arabinose	1		
53	Trichoderma virens Gv29-8	L-rhamnose	1		
53	Trichoderma virens Gv29-8	lactose	5		
53	Trichoderma virens Gv29-8	lignin 1%	0		
53	Trichoderma virens Gv29-8	maltose	7		
53	Trichoderma virens Gv29-8	no carbon source	0		
53	Trichoderma virens Gv29-8	oat spelt xylan 1%	7		
53	Trichoderma virens Gv29-8	raffinose	7		
53	Trichoderma virens Gv29-8	rice bran 3%	9		
53	Trichoderma virens Gv29-8	soluble starch 1%	7		
53	Trichoderma virens Gv29-8	soybean hulls 3%	5		
53	Trichoderma virens Gv29-8	sucrose	6		
53	Trichoderma virens Gv29-8	sugar beet pulp 3%	10		
53	Trichoderma virens Gv29-8	wheat bran 3%	9		
55	Ustilago maydis	alfalfa meal 3%	10		d3:0.6
55	Ustilago maydis	apple pectin 1% pH=6	5		d3:0.4
55	Ustilago maydis	arabic gum 1%	5		d3:0.3
55	Ustilago maydis	arabinogalactan 1%			d3:0.3
55	Ustilago maydis	beechwood xylan 1%	4		d3:0.3
55	Ustilago maydis	birchwood xylan 1%	4		d3:0.3
55	Ustilago maydis	casein 3%	0		d3:0.4
55	Ustilago maydis	cellobiose	4		d3:0.3
55	Ustilago maydis	cellulose 3%	4		d3:0.3
55	Ustilago maydis	citrus pectin 1% pH=6	4		d3:0.3
55	Ustilago maydis	citrus pulp 3% pH=6	6		d3:0.4
55	Ustilago maydis	cotton seed pulp 3%	6		d3:0.3
55	Ustilago maydis	D-fructose	5		d3:0.3
55	Ustilago maydis	D-galactose	0		d3:0.3
55	Ustilago maydis	D-galacturonic acid	2		d3:0.4
55	Ustilago maydis	D-glucose	5		d3:0.3
55	Ustilago maydis	D-glucuronic acid	0		d3:0.2
55	Ustilago maydis	D-mannose	6		d3:0.3
55	Ustilago maydis	D-ribose	4		d3:0.3
55	Ustilago maydis	D-xylose	4		d3:0.3
55	Ustilago maydis	guar gum 1%	6		d3:0.4
55	Ustilago maydis	inulin 1%	4		d3:0.3
55	Ustilago maydis	L-arabinose	1		d3:0.4
55	Ustilago maydis	L-rhamnose	2		d3:0.4
55	Ustilago maydis	lactose	5		d3:0.3
55	Ustilago maydis	lignin 1%	6		d3:0.3
55	Ustilago maydis	maltose	6		d3:0.3
55	Ustilago maydis	no carbon source	4		d3:0.3
55	Ustilago maydis	oat spelt xylan 1%	4		d3:0.3
55	Ustilago maydis	raffinose	5		d3:0.3
55	Ustilago maydis	rice bran 3%	10		d3:0.9
55	Ustilago maydis	soluble starch 1%	4		d3:0.3
55	Ustilago maydis	soybean hulls 3%	9		d3:0.5
55	Ustilago maydis	sucrose	5		d3:0.3
55	Ustilago maydis	sugar beet pulp 3%	4		d3:0.6
55	Ustilago maydis	wheat bran 3%	8		d3:0.5
56	Verticillium albo-atrum VaMs.102	alfalfa meal 3%	6		d5:2 d7:2.7 d8:3.4 d10:4.4
56	Verticillium albo-atrum VaMs.102	apple pectin 1% pH=6	6		d5:2.1 d7:2.7 d8:3.5 d10:4.5
56	Verticillium albo-atrum VaMs.102	arabic gum 1%	0		d5:2.2 d7:2.7 d8:3.5 d10:4.5
56	Verticillium albo-atrum VaMs.102	arabinogalactan 1%			d5:2.3 d7:3.1 d8:3.7 d10:4.7
56	Verticillium albo-atrum VaMs.102	beechwood xylan 1%	7		d5:2.3 d7:2.9 d8:3.4 d10:4.2
56	Verticillium albo-atrum VaMs.102	birchwood xylan 1%	6		d5:2.2 d7:2.9 d8:3.6 d10:4.4
56	Verticillium albo-atrum VaMs.102	casein 3%	5		d5:2.3 d7:3 d8:3.5 d10:4.5
56	Verticillium albo-atrum VaMs.102	cellobiose	9		d5:2 d7:2.6 d8:3.4 d10:4.3
56	Verticillium albo-atrum VaMs.102	cellulose 3%	1		d5:2.2 d7:3.1 d8:3.7 d10:4.8
56	Verticillium albo-atrum VaMs.102	citrus pectin 1% pH=6	8		d5:2 d7:2.7 d8:3.2 d10:4.2
56	Verticillium albo-atrum VaMs.102	citrus pulp 3% pH=6	8		d5:1.7 d7:2.2 d8:2.7 d10:3.6
56	Verticillium albo-atrum VaMs.102	cotton seed pulp 3%	5		d5:2.3 d7:3 d8:3.7 d10:4.6
56	Verticillium albo-atrum VaMs.102	D-fructose	10		d5:2.3 d7:3.3 d8:3.7 d10:4.5
56	Verticillium albo-atrum VaMs.102	D-galactose	7		d5:2 d7:2.7 d8:3.4 d10:4.3
56	Verticillium albo-atrum VaMs.102	D-galacturonic acid	7		d5:2.1 d7:2.7 d8:3.5 d10:4.3
56	Verticillium albo-atrum VaMs.102	D-glucose	5		d5:2.4 d7:3.2 d8:3.7 d10:4.5
56	Verticillium albo-atrum VaMs.102	D-glucuronic acid	0		d5:0 d7:0 d8:0 d10:0
56	Verticillium albo-atrum VaMs.102	D-mannose	7		d5:1.9 d7:2.5 d8:3.1 d10:3.9
56	Verticillium albo-atrum VaMs.102	D-ribose	5		d5:2.4 d7:3 d8:3.8 d10:4.8
56	Verticillium albo-atrum VaMs.102	D-xylose	7		d5:2.3 d7:3 d8:3.6 d10:4.5
56	Verticillium albo-atrum VaMs.102	guar gum 1%	2		d5:2.3 d7:3.1 d8:3.8 d10:4.8
56	Verticillium albo-atrum VaMs.102	inulin 1%	10		d5:2.2 d7:2.8 d8:3.8 d10:4.5
56	Verticillium albo-atrum VaMs.102	L-arabinose	7		d5:2.4 d7:3.3 d8:3.8 d10:4.9
56	Verticillium albo-atrum VaMs.102	L-rhamnose	6		d5:2.2 d7:2.7 d8:3.5 d10:4.3
56	Verticillium albo-atrum VaMs.102	lactose	7		d5:2.3 d7:3 d8:3.9 d10:4.7
56	Verticillium albo-atrum VaMs.102	lignin 1%	5		d5:2.1 d7:2.7 d8:3.5 d10:4.3
56	Verticillium albo-atrum VaMs.102	maltose	5		d5:2.3 d7:3.1 d8:3.7 d10:4.6
56	Verticillium albo-atrum VaMs.102	no carbon source	0		d5:1.8 d7:2.7 d8:3.3 d10:4.1
56	Verticillium albo-atrum VaMs.102	oat spelt xylan 1%	3		d5:2.1 d7:2.7 d8:3.5 d10:4.4
56	Verticillium albo-atrum VaMs.102	raffinose	9		d5:2.3 d7:3 d8:3.5 d10:4.5
56	Verticillium albo-atrum VaMs.102	rice bran 3%	10		d5:2.1 d7:2.9 d8:3.5 d10:4.6
56	Verticillium albo-atrum VaMs.102	soluble starch 1%	5		d5:2.3 d7:3.2 d8:3.9 d10:4.8
56	Verticillium albo-atrum VaMs.102	soybean hulls 3%	6		d5:1.7 d7:2.1 d8:2.5 d10:3.4
56	Verticillium albo-atrum VaMs.102	sucrose	9		d5:2 d7:2.9 d8:3.3 d10:4.1
56	Verticillium albo-atrum VaMs.102	sugar beet pulp 3%	8		d5:1.7 d7:2.4 d8:3 d10:4
56	Verticillium albo-atrum VaMs.102	wheat bran 3%	10		d5:2.1 d7:3 d8:3.5 d10:4.5
57	Verticillium dahliae VdLs.17	alfalfa meal 3%	6		d2:0.5 d3:1 d4:1.3 d7:2.6 d8:3 d9:3 d10:3.6
57	Verticillium dahliae VdLs.17	apple pectin 1% pH=6	6		d2:0.2 d3:0.5 d4:0.6 d5:1.1 d6:1.5 d7:1.6 d8:1.9 d9:2.4 d10:2.7
57	Verticillium dahliae VdLs.17	arabic gum 1%	1		d2:0.5 d3:0.7 d4:1.1 d5:1.7 d6:2.1 d7:2.5 d8:3 d9:3.6 d10:3.9
57	Verticillium dahliae VdLs.17	arabinogalactan 1%			d2:0.2 d3:0.4 d4:0.8 d5:1.3 d6:1.8 d7:2.2 d8:2.6 d9:3.2 d10:3.5
57	Verticillium dahliae VdLs.17	beechwood xylan 1%	7		d2:0.2 d3:0.4 d4:0.7 d5:1.2 d6:1.4 d7:1.7 d8:2.3 d9:2.7 d10:3.1
57	Verticillium dahliae VdLs.17	birchwood xylan 1%	7		d2:0.3 d3:0.4 d4:0.7 d5:1.1 d6:1.5 d7:1.8 d8:2.3 d9:2.6 d10:3
57	Verticillium dahliae VdLs.17	casein 3%	10		d2:0.5 d3:0.9 d4:1.3 d5:1.6 d6:2.2 d7:2.6 d8:3 d9:3.5 d10:4
57	Verticillium dahliae VdLs.17	cellobiose	6		d2:0.5 d3:0.5 d4:0.8 d5:0.9 d6:1.4 d7:1.7 d8:2.1 d9:2.5 d10:2.8
57	Verticillium dahliae VdLs.17	cellulose 3%	0		d2:0.4 d3:0.6 d4:1 d5:1.7 d6:2.2 d7:2.8 d8:3.1 d9:3.5 d10:3.9
57	Verticillium dahliae VdLs.17	citrus pectin 1% pH=6	6		d2:0.3 d3:0.5 d4:0.6 d5:0.9 d6:1.3 d7:1.6 d8:1.8 d9:2.1 d10:3
57	Verticillium dahliae VdLs.17	citrus pulp 3% pH=6	9		d2:0.3 d3:0.4 d4:0.9 d5:1.2 d6:1.5 d7:2.1 d8:2.4 d9:3 d10:2.2
57	Verticillium dahliae VdLs.17	cotton seed pulp 3%	7		d2:0.3 d3:0.6 d4:1 d5:1.6 d6:2.1 d7:2.3 d8:2.8 d9:3.4 d10:3.7
57	Verticillium dahliae VdLs.17	D-fructose	7		d2:0.4 d3:0.4 d4:0.6 d5:0.7 d6:1.3 d7:1.6 d8:2.1 d9:2.4 d10:2.7
57	Verticillium dahliae VdLs.17	D-galactose	6		d2:0.4 d3:0.5 d4:0.7 d5:0.9 d6:1.5 d7:1.8 d8:2.3 d9:2.6 d10:2.9
57	Verticillium dahliae VdLs.17	D-galacturonic acid	6		d3:0.5 d4:0.8 d5:0.8 d6:1.3 d7:1.8 d8:2.1 d9:2.4 d10:3
57	Verticillium dahliae VdLs.17	D-glucose	5		d3:0.2 d4:0.5 d5:0.4 d6:0.7 d7:1.1 d8:1.4 d9:1.8 d10:2.2
57	Verticillium dahliae VdLs.17	D-glucuronic acid	3		d2:0.4 d3:0.5 d4:0.6 d5:0.8 d6:1.2 d7:1.6 d8:1.9 d9:2.3 d10:2.6
57	Verticillium dahliae VdLs.17	D-mannose	2		d4:0.4 d5:0.4 d6:0.5 d7:0.6 d8:0.6 d9:0.8 d10:0.9
57	Verticillium dahliae VdLs.17	D-ribose	6		d3:0.2 d4:0.5 d5:0.9 d6:1 d7:1.8 d8:2.3 d9:2.7 d10:3
57	Verticillium dahliae VdLs.17	D-xylose	6		d2:0.4 d3:0.4 d4:0.6 d5:0.9 d6:1.3 d7:1.6 d8:1.9 d9:2.3 d10:2.5
57	Verticillium dahliae VdLs.17	guar gum 1%	1		d2:0.4 d3:0.8 d4:1.2 d5:1.8 d6:2.4 d7:2.7 d8:3.3 d9:3.9 d10:4.3
57	Verticillium dahliae VdLs.17	inulin 1%	8		d2:0.4 d3:0.4 d4:0.8 d5:1.2 d6:1.7 d7:2 d8:2.5 d9:3 d10:3.2
57	Verticillium dahliae VdLs.17	L-arabinose	5		d2:0.2 d3:0.4 d4:0.7 d5:1.1 d6:1.6 d7:1.8 d8:2.3 d9:2.7 d10:2.8
57	Verticillium dahliae VdLs.17	L-rhamnose	8		d2:0.4 d3:0.5 d4:0.9 d5:1.3 d6:1.8 d7:2.2 d8:2.7 d9:3.1 d10:3.3
57	Verticillium dahliae VdLs.17	lactose	9		d2:0.4 d3:0.7 d4:1 d5:1.4 d6:2 d7:2.2 d8:2.7 d9:3.3 d10:3.6
57	Verticillium dahliae VdLs.17	lignin 1%	4		d2:0.3 d3:0.3 d4:0.4 d5:0.8 d6:1.1 d7:1.5 d8:1.9 d9:2.3 d10:2.4
57	Verticillium dahliae VdLs.17	maltose	6		d4:0.5 d5:0.5 d6:1 d7:1.2 d8:1.7 d9:2.2 d10:2.4
57	Verticillium dahliae VdLs.17	no carbon source	0		d2:0.4 d3:0.6 d4:1 d5:1.6 d6:2.1 d7:2.4 d8:3 d9:3.4 d10:3.7
57	Verticillium dahliae VdLs.17	oat spelt xylan 1%	6		d2:0.3 d3:0.4 d4:0.8 d5:1.3 d6:1.7 d7:2 d8:2.7 d9:3.3 d10:3.5
57	Verticillium dahliae VdLs.17	raffinose	7		d2:0.4 d3:0.5 d4:0.9 d5:0.8 d6:1.3 d7:1.6 d8:2 d9:2.4 d10:2.6
57	Verticillium dahliae VdLs.17	rice bran 3%	10		d2:0.3 d3:0.6 d4:0.8 d5:1.4 d6:1.7 d7:2.2 d8:2.6 d9:3 d10:3.4
57	Verticillium dahliae VdLs.17	soluble starch 1%	6		d2:0.3 d3:0.3 d4:0.3 d5:0.5 d6:0.9 d7:1.4 d8:1.9 d9:2.4 d10:2.7
57	Verticillium dahliae VdLs.17	soybean hulls 3%	8		d2:0.4 d3:0.6 d4:1 d5:1.2 d6:1.6 d7:1.8 d8:2.1 d9:2.3 d10:2.5
57	Verticillium dahliae VdLs.17	sucrose	5		d2:0.5 d3:0.5 d4:0.5 d5:0.5 d6:0.9 d7:1.2 d8:1.6 d9:2 d10:2.2
57	Verticillium dahliae VdLs.17	sugar beet pulp 3%	8		d2:0.4 d3:0.4 d4:0.4 d5:0.8 d6:1.3 d7:1.5 d8:1.9 d9:3.1 d10:3
57	Verticillium dahliae VdLs.17	wheat bran 3%	10		d2:0.3 d3:0.6 d4:1 d5:1.4 d6:1.8 d7:2.5 d8:2.6 d9:2.4 d10:3.7
59	Agaricus bisporus H39	alfalfa meal 3%	3		d7:0.1 d11:0.5
59	Agaricus bisporus H39	apple pectin 1% pH=6	8		d7:0.7 d11:1.1
59	Agaricus bisporus H39	arabic gum 1%	9		d7:1.1 d11:1.3
59	Agaricus bisporus H39	arabinogalactan 1%			d7:1.1 d11:1.5
59	Agaricus bisporus H39	beechwood xylan 1%	1		d7:0 d11:0.3
59	Agaricus bisporus H39	birchwood xylan 1%	1		d7:0.9 d11:1.9
59	Agaricus bisporus H39	casein 3%	6		d7:0.5 d11:0.9
59	Agaricus bisporus H39	cellobiose	4		d7:0.5 d11:0.7
59	Agaricus bisporus H39	cellulose 3%	0		d7:1 d11:1.7
59	Agaricus bisporus H39	citrus pectin 1% pH=6	5		d7:0.3 d11:0.6
59	Agaricus bisporus H39	citrus pulp 3% pH=6	2		d7:0.1 d11:0.4
59	Agaricus bisporus H39	cotton seed pulp 3%	0		d7:0 d11:0
59	Agaricus bisporus H39	D-fructose	6		d7:0.7 d11:0.9
59	Agaricus bisporus H39	D-galactose	0		d7:0.1 d11:0.2
59	Agaricus bisporus H39	D-galacturonic acid	6		d7:0.8 d11:1.1
59	Agaricus bisporus H39	D-glucose	5		d7:0.7 d11:1.1
59	Agaricus bisporus H39	D-glucuronic acid	0		d7:0.1 d11:0.2
59	Agaricus bisporus H39	D-mannose	4		d7:0.7 d11:1
59	Agaricus bisporus H39	D-ribose	7		d7:1.1 d11:1.6
59	Agaricus bisporus H39	D-xylose	5		d7:0.8 d11:1.4
59	Agaricus bisporus H39	guar gum 1%	9		d7:1 d11:1.5
59	Agaricus bisporus H39	inulin 1%	7		d7:0.9 d11:1.1
59	Agaricus bisporus H39	L-arabinose	7		d7:0.8 d11:1.3
59	Agaricus bisporus H39	L-rhamnose	1		d7:0.9 d11:1.5
59	Agaricus bisporus H39	lactose	2		d7:0.6 d11:1
59	Agaricus bisporus H39	lignin 1%	0		d7:0 d11:0
59	Agaricus bisporus H39	maltose	7		d7:1.1 d11:1.4
59	Agaricus bisporus H39	no carbon source	1		d7:1 d11:1.4
59	Agaricus bisporus H39	oat spelt xylan 1%	0		
59	Agaricus bisporus H39	raffinose	5		d7:1 d11:1.5
59	Agaricus bisporus H39	rice bran 3%	2		d7:0.2 d11:0.7
59	Agaricus bisporus H39	soluble starch 1%	7		d7:0.8 d11:0.9
59	Agaricus bisporus H39	soybean hulls 3%	9		d7:0.5 d11:1.1
59	Agaricus bisporus H39	sucrose	1		d7:0.9 d11:1.2
59	Agaricus bisporus H39	sugar beet pulp 3%	1		d7:0 d11:0
59	Agaricus bisporus H39	wheat bran 3%	10		d7:0.7 d11:1.6
60	Aspergillus carbonarius	alfalfa meal 3%	9		d2:2.4 d3:4 d4:5.3
60	Aspergillus carbonarius	apple pectin 1% pH=6	6		d2:1.5 d3:2.7 d4:3.7
60	Aspergillus carbonarius	arabic gum 1%	0		d2:0.5 d3:1.7 d4:2.4
60	Aspergillus carbonarius	arabinogalactan 1%			d2:0.9 d3:1.7 d4:2
60	Aspergillus carbonarius	beechwood xylan 1%	4		d2:0.5 d3:1.2 d4:1.5
60	Aspergillus carbonarius	birchwood xylan 1%	4		d2:0.8 d3:1.1 d4:1.6
60	Aspergillus carbonarius	casein 3%	0		d2:0 d3:0.5 d4:0.6
60	Aspergillus carbonarius	cellobiose	4		d2:0.9 d3:1.5 d4:2.1
60	Aspergillus carbonarius	cellulose 3%	0		d2:0 d3:0 d4:0.3
60	Aspergillus carbonarius	citrus pectin 1% pH=6	6		d2:1.7 d3:2.7 d4:3.8
60	Aspergillus carbonarius	citrus pulp 3% pH=6	10		d2:2.6 d3:4 d4:6.3
60	Aspergillus carbonarius	cotton seed pulp 3%	4		d2:1.1 d3:1.9 d4:3
60	Aspergillus carbonarius	D-fructose	4		d2:1 d3:1.6 d4:2
60	Aspergillus carbonarius	D-galactose	0		d2:0 d3:0 d4:0
60	Aspergillus carbonarius	D-galacturonic acid	2		d2:0.8 d3:1.3 d4:1.7
60	Aspergillus carbonarius	D-glucose	5		d2:1.1 d3:1.7 d4:2.4
60	Aspergillus carbonarius	D-glucuronic acid	1		d2:0.4 d3:1.4 d4:1.7
60	Aspergillus carbonarius	D-mannose	4		d2:0.9 d3:1.6 d4:2.1
60	Aspergillus carbonarius	D-ribose	0		d2:0.8 d3:1.3 d4:1.6
60	Aspergillus carbonarius	D-xylose	2		d2:0.7 d3:1.2 d4:1.4
60	Aspergillus carbonarius	guar gum 1%	6		d2:1.7 d3:2.9 d4:3.8
60	Aspergillus carbonarius	inulin 1%	5		d2:1 d3:1.6 d4:2.2
60	Aspergillus carbonarius	L-arabinose	1		d2:0.5 d3:1.1 d4:1.4
60	Aspergillus carbonarius	L-rhamnose	0		d2:0 d3:0 d4:0.3
60	Aspergillus carbonarius	lactose	0		d2:0 d3:0 d4:0
60	Aspergillus carbonarius	lignin 1%	0		d2:0.9 d3:1.1 d4:1.4
60	Aspergillus carbonarius	maltose	2		d2:0.4 d3:1.2 d4:1.8
60	Aspergillus carbonarius	no carbon source	0		d2:0 d3:0 d4:0
60	Aspergillus carbonarius	oat spelt xylan 1%	2		d2:0.5 d3:1.1 d4:1.6
60	Aspergillus carbonarius	raffinose	3		d2:0.5 d3:1.2 d4:1.6
60	Aspergillus carbonarius	rice bran 3%	8		d2:2.1 d3:3.4 d4:4.7
60	Aspergillus carbonarius	soluble starch 1%	0		d2:0.4 d3:0.3 d4:0.3
60	Aspergillus carbonarius	soybean hulls 3%	7		d2:1.6 d3:2.6 d4:6.4
60	Aspergillus carbonarius	sucrose	5		d2:0.7 d3:1.6 d4:2.3
60	Aspergillus carbonarius	sugar beet pulp 3%	9		d2:2.6 d3:4 d4:5.8
60	Aspergillus carbonarius	wheat bran 3%	8		d2:1.7 d3:3.1 d4:4.8
61	Agaricus bisporus H97	alfalfa meal 3%	7		d7:0.1 d11:0.8
61	Agaricus bisporus H97	apple pectin 1% pH=6	6		d7:0.5 d11:0.6
61	Agaricus bisporus H97	arabic gum 1%	7		d7:0.5 d11:1.5
61	Agaricus bisporus H97	arabinogalactan 1%			d7:0.7 d11:1.2
61	Agaricus bisporus H97	beechwood xylan 1%	3		d7:0.3 d11:0.8
61	Agaricus bisporus H97	birchwood xylan 1%	3		d7:0.8 d11:0.8
61	Agaricus bisporus H97	casein 3%	9		d7:1.1 d11:1.2
61	Agaricus bisporus H97	cellobiose	2		d7:0.1 d11:0.4
61	Agaricus bisporus H97	cellulose 3%	0		d7:0.2 d11:0.4
61	Agaricus bisporus H97	citrus pectin 1% pH=6	1		d7:0.3 d11:0.3
61	Agaricus bisporus H97	citrus pulp 3% pH=6	4		d7:0.2 d11:0.1
61	Agaricus bisporus H97	cotton seed pulp 3%	2		d7:0.2 d11:0.1
61	Agaricus bisporus H97	D-fructose	6		d7:0.5 d11:0.7
61	Agaricus bisporus H97	D-galactose	2		d7:0.1 d11:0.2
61	Agaricus bisporus H97	D-galacturonic acid	3		d7:0.3 d11:0
61	Agaricus bisporus H97	D-glucose	5		d7:0.4 d11:0.6
61	Agaricus bisporus H97	D-glucuronic acid	0		d7:0 d11:0.2
61	Agaricus bisporus H97	D-mannose	3		d7:0.3 d11:0.6
61	Agaricus bisporus H97	D-ribose	6		d7:0.7 d11:0.1
61	Agaricus bisporus H97	D-xylose	0		d7:0 d11:0.3
61	Agaricus bisporus H97	guar gum 1%	10		d7:0.9 d11:1.6
61	Agaricus bisporus H97	inulin 1%	3		d7:0.2 d11:0.4
61	Agaricus bisporus H97	L-arabinose	1		d7:0.1 d11:0.3
61	Agaricus bisporus H97	L-rhamnose	3		d7:0.1 d11:0.7
61	Agaricus bisporus H97	lactose	0		d7:0.1 d11:0.4
61	Agaricus bisporus H97	lignin 1%	0		d7:0 d11:0
61	Agaricus bisporus H97	maltose	2		d7:0.2 d11:0.1
61	Agaricus bisporus H97	no carbon source	1		d7:0.4 d11:0.7
61	Agaricus bisporus H97	oat spelt xylan 1%	0		
61	Agaricus bisporus H97	raffinose	3		d7:0.2 d11:0.2
61	Agaricus bisporus H97	rice bran 3%	6		d7:0.3 d11:0.5
61	Agaricus bisporus H97	soluble starch 1%	6		d7:0.5 d11:0.8
61	Agaricus bisporus H97	soybean hulls 3%	7		d7:0.2 d11:0.7
61	Agaricus bisporus H97	sucrose	0		d7:0.2 d11:0.1
61	Agaricus bisporus H97	sugar beet pulp 3%	0		d7:0 d11:0
61	Agaricus bisporus H97	wheat bran 3%	7		d7:0.3 d11:0.7
62	Agaricus bisporus U1	alfalfa meal 3%	8		d7:0.4 d11:0.4
62	Agaricus bisporus U1	apple pectin 1% pH=6	8		d7:1.3 d11:1.3
62	Agaricus bisporus U1	arabic gum 1%	8		d7:1.9 d11:1.9
62	Agaricus bisporus U1	arabinogalactan 1%			d7:1.2 d11:1.2
62	Agaricus bisporus U1	beechwood xylan 1%	7		d7:0.8 d11:0.8
62	Agaricus bisporus U1	birchwood xylan 1%	7		d7:1.4 d11:1.4
62	Agaricus bisporus U1	casein 3%	6		d7:0.6 d11:0.6
62	Agaricus bisporus U1	cellobiose	4		d7:1.1 d11:1.1
62	Agaricus bisporus U1	cellulose 3%	0		d7:1.1 d11:1.1
62	Agaricus bisporus U1	citrus pectin 1% pH=6	2		d7:0.1 d11:0.1
62	Agaricus bisporus U1	citrus pulp 3% pH=6	9		d7:0.6 d11:0.6
62	Agaricus bisporus U1	cotton seed pulp 3%	4		d7:0.7 d11:0.7
62	Agaricus bisporus U1	D-fructose	6		d7:1 d11:1
62	Agaricus bisporus U1	D-galactose	3		d7:0.4 d11:0.4
62	Agaricus bisporus U1	D-galacturonic acid	5		d7:1.1 d11:1.1
62	Agaricus bisporus U1	D-glucose	5		d7:1.3 d11:1.3
62	Agaricus bisporus U1	D-glucuronic acid	1		d7:0.1 d11:0.1
62	Agaricus bisporus U1	D-mannose	4		d7:0.7 d11:0.7
62	Agaricus bisporus U1	D-ribose	8		d7:1.7 d11:1.7
62	Agaricus bisporus U1	D-xylose	4		d7:0.7 d11:0.7
62	Agaricus bisporus U1	guar gum 1%	9		d7:0.8 d11:0.8
62	Agaricus bisporus U1	inulin 1%	4		d7:1 d11:1
62	Agaricus bisporus U1	L-arabinose	7		d7:1 d11:1
62	Agaricus bisporus U1	L-rhamnose	3		d7:1.4 d11:1.4
62	Agaricus bisporus U1	lactose	3		d7:0.3 d11:0.3
62	Agaricus bisporus U1	lignin 1%	0		d7:0 d11:0
62	Agaricus bisporus U1	maltose	5		d7:1.6 d11:1.6
62	Agaricus bisporus U1	no carbon source	2		d7:1.6 d11:1.6
62	Agaricus bisporus U1	oat spelt xylan 1%	0		
62	Agaricus bisporus U1	raffinose	7		d7:0.6 d11:0.6
62	Agaricus bisporus U1	rice bran 3%	6		d7:0.3 d11:0.3
62	Agaricus bisporus U1	soluble starch 1%	6		d7:1 d11:1
62	Agaricus bisporus U1	soybean hulls 3%	10		d7:1.2 d11:1.2
62	Agaricus bisporus U1	sucrose	6		d7:1.4 d11:1.4
62	Agaricus bisporus U1	sugar beet pulp 3%	1		d7:0 d11:0
62	Agaricus bisporus U1	wheat bran 3%	10		d7:0.9 d11:0.9
63	Aspergillus aculeatinus	alfalfa meal 3%	8		d1:4.4 d2:7.1
63	Aspergillus aculeatinus	apple pectin 1% pH=6	8		d1:3.4 d2:5.5
63	Aspergillus aculeatinus	arabic gum 1%	2		d1:2.1 d2:3.5
63	Aspergillus aculeatinus	arabinogalactan 1%			d1:2.7 d2:4.6
63	Aspergillus aculeatinus	beechwood xylan 1%	1		d1:0.9 d2:2.6
63	Aspergillus aculeatinus	birchwood xylan 1%	2		d1:1.2 d2:2.3
63	Aspergillus aculeatinus	casein 3%	4		d1:1.5 d2:2.6
63	Aspergillus aculeatinus	cellobiose	6		d1:1.6 d2:3.3
63	Aspergillus aculeatinus	cellulose 3%	0		d1:1.4 d2:2.3
63	Aspergillus aculeatinus	citrus pectin 1% pH=6	8		d1:3.2 d2:5.4
63	Aspergillus aculeatinus	citrus pulp 3% pH=6	9		d1:4 d2:6.8
63	Aspergillus aculeatinus	cotton seed pulp 3%	5		d1:2.1 d2:3.2
63	Aspergillus aculeatinus	D-fructose	4		d1:0.8 d2:2.3
63	Aspergillus aculeatinus	D-galactose	0		d1:0 d2:0
63	Aspergillus aculeatinus	D-galacturonic acid	3		d1:0.9 d2:2
63	Aspergillus aculeatinus	D-glucose	5		d1:1.1 d2:2.7
63	Aspergillus aculeatinus	D-glucuronic acid	1		d1:0.9 d2:1.6
63	Aspergillus aculeatinus	D-mannose	0		d1:0 d2:1
63	Aspergillus aculeatinus	D-ribose	0		d1:0.7 d2:1.5
63	Aspergillus aculeatinus	D-xylose	4		d1:1.2 d2:2.6
63	Aspergillus aculeatinus	guar gum 1%	7		d1:2.2 d2:4.1
63	Aspergillus aculeatinus	inulin 1%	1		d1:1.2 d2:2.4
63	Aspergillus aculeatinus	L-arabinose	4		d1:1 d2:2.3
63	Aspergillus aculeatinus	L-rhamnose	0		d1:0 d2:0.6
63	Aspergillus aculeatinus	lactose	1		d1:1.1 d2:2
63	Aspergillus aculeatinus	lignin 1%	0		d1:0.5 d2:0.5
63	Aspergillus aculeatinus	maltose	5		d1:1.1 d2:2.7
63	Aspergillus aculeatinus	no carbon source	0		d1:0.7 d2:1.6
63	Aspergillus aculeatinus	oat spelt xylan 1%	0		
63	Aspergillus aculeatinus	raffinose	5		d1:1.1 d2:2.7
63	Aspergillus aculeatinus	rice bran 3%	10		d1:3.6 d2:6.3
63	Aspergillus aculeatinus	soluble starch 1%	5		d1:0.9 d2:2.6
63	Aspergillus aculeatinus	soybean hulls 3%	7		d1:2.5 d2:4.5
63	Aspergillus aculeatinus	sucrose	3		d1:0.7 d2:1.8
63	Aspergillus aculeatinus	sugar beet pulp 3%	8		d1:3.6 d2:5.8
63	Aspergillus aculeatinus	wheat bran 3%	9		d1:4 d2:6.7
64	Aspergillus aculeatus	alfalfa meal 3%	10		d2:2.9 d3:5 d4:7.2
64	Aspergillus aculeatus	apple pectin 1% pH=6	9		d2:1.7 d3:3.4 d4:4.8
64	Aspergillus aculeatus	arabic gum 1%	2		d2:0.8 d3:1.3 d4:2.6
64	Aspergillus aculeatus	arabinogalactan 1%			d2:1 d3:2.3 d4:3.4
64	Aspergillus aculeatus	beechwood xylan 1%	4		d2:0.5 d3:1.2 d4:2.3
64	Aspergillus aculeatus	birchwood xylan 1%	4		d2:0.5 d3:0.8 d4:1.9
64	Aspergillus aculeatus	casein 3%	2		d2:1 d3:1.4 d4:2.2
64	Aspergillus aculeatus	cellobiose	7		d2:1.2 d3:2.4 d4:3.7
64	Aspergillus aculeatus	cellulose 3%	0		d2:0 d3:0.5 d4:1.3
64	Aspergillus aculeatus	citrus pectin 1% pH=6	9		d2:1.9 d3:4.5 d4:5.2
64	Aspergillus aculeatus	citrus pulp 3% pH=6	10		d2:3 d3:5.4 d4:7.2
64	Aspergillus aculeatus	cotton seed pulp 3%	7		d2:1.1 d3:3 d4:4.3
64	Aspergillus aculeatus	D-fructose	6		d2:1.2 d3:2.6 d4:3.7
64	Aspergillus aculeatus	D-galactose	0		d2:0.3 d3:0.4 d4:0.4
64	Aspergillus aculeatus	D-galacturonic acid	3		d2:0.5 d3:1.6 d4:2.4
64	Aspergillus aculeatus	D-glucose	5		d2:0.9 d3:2.4 d4:3.6
64	Aspergillus aculeatus	D-glucuronic acid	2		d2:0.3 d3:1 d4:1.3
64	Aspergillus aculeatus	D-mannose	5		d2:0.8 d3:2 d4:3.2
64	Aspergillus aculeatus	D-ribose	1		d2:0.6 d3:1.7 d4:2.6
64	Aspergillus aculeatus	D-xylose	5		d2:1 d3:2 d4:3.1
64	Aspergillus aculeatus	guar gum 1%	8		d2:1.6 d3:3.1 d4:4.4
64	Aspergillus aculeatus	inulin 1%	1		d2:0.6 d3:2.1 d4:3.3
64	Aspergillus aculeatus	L-arabinose	4		d2:0.7 d3:2 d4:2.9
64	Aspergillus aculeatus	L-rhamnose	1		d2:0.4 d3:0.6 d4:1.5
64	Aspergillus aculeatus	lactose	2		d2:0.4 d3:1.7 d4:2.4
64	Aspergillus aculeatus	lignin 1%	0		d2:0.8 d3:1.5 d4:2.5
64	Aspergillus aculeatus	maltose	4		d2:0.6 d3:3.1 d4:3.3
64	Aspergillus aculeatus	no carbon source	1		d2:0 d3:1 d4:1.8
64	Aspergillus aculeatus	oat spelt xylan 1%	0		d2:0.5 d3:1 d4:2.1
64	Aspergillus aculeatus	raffinose	6		d2:0.4 d3:1.7 d4:3
64	Aspergillus aculeatus	rice bran 3%	8		d2:2.5 d3:4.7 d4:6.8
64	Aspergillus aculeatus	soluble starch 1%	3		d2:0.3 d3:1.6 d4:3
64	Aspergillus aculeatus	soybean hulls 3%	8		d2:1.7 d3:3.2 d4:4.4
64	Aspergillus aculeatus	sucrose	5		d2:1 d3:2.4 d4:3.4
64	Aspergillus aculeatus	sugar beet pulp 3%	10		d2:2.6 d3:5 d4:6.9
64	Aspergillus aculeatus	wheat bran 3%	10		d2:1.8 d3:4.6 d4:4.6
65	Aspergillus brasiliensis	alfalfa meal 3%	9		d2:2.2 d3:4.3 d4:6.7 d5:8.5
65	Aspergillus brasiliensis	apple pectin 1% pH=6	9		d2:1.2 d3:2.9 d4:4.2 d5:8.5
65	Aspergillus brasiliensis	arabic gum 1%	1		d2:0 d3:0 d4:2.7 d5:7.8
65	Aspergillus brasiliensis	arabinogalactan 1%			d2:0.8 d3:1.8 d4:3 d5:5.6
65	Aspergillus brasiliensis	beechwood xylan 1%	5		d2:0 d3:1.5 d4:1.8 d5:5
65	Aspergillus brasiliensis	birchwood xylan 1%	5		d2:0 d3:0 d4:2 d5:4.7
65	Aspergillus brasiliensis	casein 3%	2		d2:0 d3:0 d4:2.1 d5:3.7
65	Aspergillus brasiliensis	cellobiose	6		d2:0.6 d3:1.6 d4:2.5 d5:6
65	Aspergillus brasiliensis	cellulose 3%	2		d2:0 d3:0 d4:0 d5:2.8
65	Aspergillus brasiliensis	citrus pectin 1% pH=6	8		d2:1.2 d3:2.7 d4:4.2 d5:8
65	Aspergillus brasiliensis	citrus pulp 3% pH=6	9		d2:1.9 d3:3.7 d4:5.7 d5:8.5
65	Aspergillus brasiliensis	cotton seed pulp 3%	9		d2:1.3 d3:3.1 d4:5 d5:8.5
65	Aspergillus brasiliensis	D-fructose	5		d2:0.7 d3:1.2 d4:2.5 d5:5.3
65	Aspergillus brasiliensis	D-galactose	3		d2:0 d3:1.1 d4:1.9 d5:4.1
65	Aspergillus brasiliensis	D-galacturonic acid	4		d2:0 d3:1.1 d4:2.3 d5:5.6
65	Aspergillus brasiliensis	D-glucose	5		d2:0.7 d3:1.5 d4:2.5 d5:4.7
65	Aspergillus brasiliensis	D-glucuronic acid	3		d2:0 d3:1 d4:1.7 d5:4.4
65	Aspergillus brasiliensis	D-mannose	5		d2:0.8 d3:1.6 d4:2.6 d5:5.6
65	Aspergillus brasiliensis	D-ribose	1		d2:0 d3:0 d4:2 d5:3.7
65	Aspergillus brasiliensis	D-xylose	5		d2:0.6 d3:1.4 d4:2.5 d5:5.1
65	Aspergillus brasiliensis	guar gum 1%	9		d2:1.6 d3:3.5 d4:5.5 d5:8.5
65	Aspergillus brasiliensis	inulin 1%	5		d2:0.8 d3:1.6 d4:2.6 d5:5.3
65	Aspergillus brasiliensis	L-arabinose	4		d2:0 d3:0 d4:2 d5:5
65	Aspergillus brasiliensis	L-rhamnose	4		d2:0 d3:0.6 d4:1.6 d5:4.8
65	Aspergillus brasiliensis	lactose	1		d2:0 d3:0 d4:0 d5:0
65	Aspergillus brasiliensis	lignin 1%	1		d2:0.8 d3:1.7 d4:2.4 d5:4.7
65	Aspergillus brasiliensis	maltose	5		d2:0 d3:0.8 d4:1.8 d5:5.1
65	Aspergillus brasiliensis	no carbon source	1		d2:0 d3:0 d4:0 d5:0
65	Aspergillus brasiliensis	oat spelt xylan 1%	5		d2:0 d3:0 d4:1.8 d5:4.7
65	Aspergillus brasiliensis	raffinose	5		d2:0 d3:1 d4:2 d5:5
65	Aspergillus brasiliensis	rice bran 3%	10		d2:2 d3:4.1 d4:5.9 d5:8.5
65	Aspergillus brasiliensis	soluble starch 1%	5		d2:0 d3:0 d4:0 d5:4.8
65	Aspergillus brasiliensis	soybean hulls 3%	10		d2:1.7 d3:3.2 d4:4.9 d5:8.5
65	Aspergillus brasiliensis	sucrose	7		d2:1.1 d3:2.5 d4:3.8 d5:6.7
65	Aspergillus brasiliensis	sugar beet pulp 3%	10		d2:2.2 d3:4.2 d4:6.3 d5:8.5
65	Aspergillus brasiliensis	wheat bran 3%	10		d2:2.2 d3:4.2 d4:6.5 d5:8.5
66	Aspergillus tubingensis	alfalfa meal 3%	9		d1:2.6 d2:4.6 d3:6.7
66	Aspergillus tubingensis	apple pectin 1% pH=6	8		d1:2.2 d2:4.1 d3:4.5
66	Aspergillus tubingensis	arabic gum 1%	1		d1:1.8 d2:3.4 d3:5.3
66	Aspergillus tubingensis	arabinogalactan 1%			d1:2.2 d2:3.8 d3:5.5
66	Aspergillus tubingensis	beechwood xylan 1%	4		d1:1.4 d2:2.8 d3:5
66	Aspergillus tubingensis	birchwood xylan 1%	4		d1:1.4 d2:2.7 d3:4.4
66	Aspergillus tubingensis	casein 3%	2		d1:1.7 d2:3 d3:4.8
66	Aspergillus tubingensis	cellobiose	5		d1:1.2 d2:3 d3:4.8
66	Aspergillus tubingensis	cellulose 3%	0		d1:0.5 d2:1.5 d3:2.7
66	Aspergillus tubingensis	citrus pectin 1% pH=6	6		d1:1.5 d2:3.3 d3:6.3
66	Aspergillus tubingensis	citrus pulp 3% pH=6	10		d1:2.7 d2:5.2 d3:7.4
66	Aspergillus tubingensis	cotton seed pulp 3%	6		d1:2.1 d2:4.3 d3:6.4
66	Aspergillus tubingensis	D-fructose	5		d1:1.6 d2:2.9 d3:4.6
66	Aspergillus tubingensis	D-galactose	0		d1:0 d2:0 d3:0
66	Aspergillus tubingensis	D-galacturonic acid	3		d1:1 d2:2.5 d3:4.2
66	Aspergillus tubingensis	D-glucose	5		d1:1.4 d2:3 d3:4.7
66	Aspergillus tubingensis	D-glucuronic acid	2		d1:1.2 d2:2.5 d3:4.2
66	Aspergillus tubingensis	D-mannose	5		d1:1.6 d2:3 d3:4.8
66	Aspergillus tubingensis	D-ribose	1		d1:1 d2:2.1 d3:3.3
66	Aspergillus tubingensis	D-xylose	4		d1:1.3 d2:2.8 d3:4.6
66	Aspergillus tubingensis	guar gum 1%	9		d1:2.3 d2:4.5 d3:6.8
66	Aspergillus tubingensis	inulin 1%	5		d1:1.6 d2:3.1 d3:5.2
66	Aspergillus tubingensis	L-arabinose	3		d1:1.5 d2:2.8 d3:4.5
66	Aspergillus tubingensis	L-rhamnose	1		d1:0.4 d2:0.6 d3:2.5
66	Aspergillus tubingensis	lactose	0		d1:1.1 d2:1.9 d3:2.8
66	Aspergillus tubingensis	lignin 1%	1		d1:1.5 d2:2.5 d3:3.2
66	Aspergillus tubingensis	maltose	5		d1:1.4 d2:2.9 d3:4.8
66	Aspergillus tubingensis	no carbon source	0		d1:0.5 d2:1.6 d3:2.5
66	Aspergillus tubingensis	oat spelt xylan 1%	0		
66	Aspergillus tubingensis	raffinose	5		d1:1.3 d2:2.9 d3:4.8
66	Aspergillus tubingensis	rice bran 3%	10		d1:2.7 d2:5.1 d3:7.6
66	Aspergillus tubingensis	soluble starch 1%	0		d1:0 d2:1 d3:1.8
66	Aspergillus tubingensis	soybean hulls 3%	9		d1:2.3 d2:4.4 d3:6.7
66	Aspergillus tubingensis	sucrose	6		d1:1.1 d2:3.2 d3:5.2
66	Aspergillus tubingensis	sugar beet pulp 3%	10		d1:2.6 d2:4.7 d3:7.2
66	Aspergillus tubingensis	wheat bran 3%	10		d1:3 d2:5.5 d3:7.8
67	Aspergillus ellipticus	alfalfa meal 3%	8		d1:1.2 d2:2.2 d3:3.8
67	Aspergillus ellipticus	apple pectin 1% pH=6	7		d1:0.6 d2:1.6 d3:3.3
67	Aspergillus ellipticus	arabic gum 1%	1		d1:0.6 d2:1 d3:1.7
67	Aspergillus ellipticus	arabinogalactan 1%			d1:0.7 d2:1.2 d3:1.7
67	Aspergillus ellipticus	beechwood xylan 1%	0		d1:0 d2:0 d3:1.1
67	Aspergillus ellipticus	birchwood xylan 1%	0		d1:0.4 d2:0.5 d3:1
67	Aspergillus ellipticus	casein 3%	1		d1:0.6 d2:1.1 d3:1.6
67	Aspergillus ellipticus	cellobiose	5		d1:0.6 d2:0.9 d3:1.6
67	Aspergillus ellipticus	cellulose 3%	0		d1:0 d2:0 d3:0.5
67	Aspergillus ellipticus	citrus pectin 1% pH=6	6		d1:0.4 d2:1.2 d3:2.6
67	Aspergillus ellipticus	citrus pulp 3% pH=6	10		d1:1.5 d2:2.5 d3:5.5
67	Aspergillus ellipticus	cotton seed pulp 3%	4		d1:0.6 d2:1.3 d3:1.9
67	Aspergillus ellipticus	D-fructose	4		d1:0.4 d2:0.4 d3:1.1
67	Aspergillus ellipticus	D-galactose	1		d1:0 d2:0.4 d3:1
67	Aspergillus ellipticus	D-galacturonic acid	2		d1:0.5 d2:0.6 d3:1.3
67	Aspergillus ellipticus	D-glucose	5		d1:0.4 d2:0.5 d3:1.4
67	Aspergillus ellipticus	D-glucuronic acid	0		d1:0.5 d2:0.6 d3:1.1
67	Aspergillus ellipticus	D-mannose	0		d1:0.3 d2:0.3 d3:0.5
67	Aspergillus ellipticus	D-ribose	1		d1:0.5 d2:0.6 d3:1.1
67	Aspergillus ellipticus	D-xylose	4		d1:0.4 d2:0.5 d3:1.2
67	Aspergillus ellipticus	guar gum 1%	6		d1:0.4 d2:0.6 d3:2.1
67	Aspergillus ellipticus	inulin 1%	1		d1:0.6 d2:0.7 d3:1.3
67	Aspergillus ellipticus	L-arabinose	3		d1:0.5 d2:0.6 d3:0.8
67	Aspergillus ellipticus	L-rhamnose	0		d1:0 d2:0 d3:0
67	Aspergillus ellipticus	lactose	0		d1:0.5 d2:0.7 d3:1.3
67	Aspergillus ellipticus	lignin 1%	0		d1:0 d2:0 d3:0
67	Aspergillus ellipticus	maltose	4		d1:0.4 d2:0.5 d3:1.4
67	Aspergillus ellipticus	no carbon source	0		d1:0.3 d2:0.4 d3:0.8
67	Aspergillus ellipticus	oat spelt xylan 1%	0		
67	Aspergillus ellipticus	raffinose	3		d1:0.4 d2:0.5 d3:1.3
67	Aspergillus ellipticus	rice bran 3%	9		d1:0.9 d2:1.9 d3:4.1
67	Aspergillus ellipticus	soluble starch 1%	0		d1:0 d2:0 d3:0.5
67	Aspergillus ellipticus	soybean hulls 3%	7		d1:1.1 d2:1.6 d3:2.9
67	Aspergillus ellipticus	sucrose	3		d1:0 d2:0.4 d3:1.3
67	Aspergillus ellipticus	sugar beet pulp 3%	9		d1:0.5 d2:1.9 d3:4.1
67	Aspergillus ellipticus	wheat bran 3%	9		d1:1.1 d2:2.1 d3:4.2
68	Aspergillus flavipes	alfalfa meal 3%	6		d2:0.7 d3:1 d4:1.4
68	Aspergillus flavipes	apple pectin 1% pH=6	6		d2:0.6 d3:1 d4:1.5
68	Aspergillus flavipes	arabic gum 1%	2		d2:0.7 d3:1.4 d4:2.1
68	Aspergillus flavipes	arabinogalactan 1%			d2:0.7 d3:1.1 d4:1.5
68	Aspergillus flavipes	beechwood xylan 1%	4		d2:0.4 d3:0.7 d4:1.1
68	Aspergillus flavipes	birchwood xylan 1%	4		d2:0.5 d3:0.6 d4:1
68	Aspergillus flavipes	casein 3%	6		d2:0.7 d3:1.3 d4:1.9
68	Aspergillus flavipes	cellobiose	3		d2:0.5 d3:0.7 d4:0.9
68	Aspergillus flavipes	cellulose 3%	3		d2:0.4 d3:0.7 d4:1.1
68	Aspergillus flavipes	citrus pectin 1% pH=6	6		d2:0.8 d3:1.1 d4:1.3
68	Aspergillus flavipes	citrus pulp 3% pH=6	6		d2:0.6 d3:1.1 d4:1.4
68	Aspergillus flavipes	cotton seed pulp 3%	2		d2:0.6 d3:1.1 d4:1.6
68	Aspergillus flavipes	D-fructose	5		d2:0.5 d3:0.9 d4:1.1
68	Aspergillus flavipes	D-galactose	1		d2:0.4 d3:0.5 d4:0.5
68	Aspergillus flavipes	D-galacturonic acid	3		d2:0.6 d3:1 d4:1.2
68	Aspergillus flavipes	D-glucose	5		d2:0.6 d3:0.9 d4:1
68	Aspergillus flavipes	D-glucuronic acid	2		d2:0.7 d3:1.1 d4:1.3
68	Aspergillus flavipes	D-mannose	4		d2:0.5 d3:0.8 d4:0.9
68	Aspergillus flavipes	D-ribose	4		d2:0.6 d3:0.9 d4:1
68	Aspergillus flavipes	D-xylose	4		d2:0.6 d3:0.9 d4:1
68	Aspergillus flavipes	guar gum 1%	6		d2:0.7 d3:1.2 d4:1.7
68	Aspergillus flavipes	inulin 1%	5		d2:0.6 d3:0.9 d4:1.1
68	Aspergillus flavipes	L-arabinose	5		d2:0.6 d3:1.1 d4:1.4
68	Aspergillus flavipes	L-rhamnose	3		d2:0.6 d3:1 d4:1
68	Aspergillus flavipes	lactose	2		d2:0.5 d3:0.9 d4:1.5
68	Aspergillus flavipes	lignin 1%	2		d2:0.4 d3:0.9 d4:1.4
68	Aspergillus flavipes	maltose	5		d2:0.4 d3:0.8 d4:1.2
68	Aspergillus flavipes	no carbon source	0		d2:0.5 d3:1.1 d4:1.7
68	Aspergillus flavipes	oat spelt xylan 1%	4		d2:0.4 d3:0.7 d4:1.1
68	Aspergillus flavipes	raffinose	5		d2:0.5 d3:0.9 d4:1.2
68	Aspergillus flavipes	rice bran 3%	6		d2:0.7 d3:1 d4:1.4
68	Aspergillus flavipes	soluble starch 1%	5		d2:0.5 d3:0.8 d4:1.1
68	Aspergillus flavipes	soybean hulls 3%	7		d2:0.6 d3:1.2 d4:1.6
68	Aspergillus flavipes	sucrose	4		d2:0.5 d3:0.8 d4:1
68	Aspergillus flavipes	sugar beet pulp 3%	6		d2:0.6 d3:1.1 d4:1.4
68	Aspergillus flavipes	wheat bran 3%	7		d2:0.7 d3:1.3 d4:1.6
69	Aspergillus homomorpus	alfalfa meal 3%	10		d1:4.1 d2:7.1
69	Aspergillus homomorpus	apple pectin 1% pH=6	7		d1:3 d2:5.1
69	Aspergillus homomorpus	arabic gum 1%	5		d1:2.2 d2:3.5
69	Aspergillus homomorpus	arabinogalactan 1%			d1:2.6 d2:4.6
69	Aspergillus homomorpus	beechwood xylan 1%	4		d1:1.6 d2:2.6
69	Aspergillus homomorpus	birchwood xylan 1%	4		d1:1.6 d2:2.8
69	Aspergillus homomorpus	casein 3%	6		d1:1.9 d2:3.2
69	Aspergillus homomorpus	cellobiose	5		d1:1.5 d2:2.4
69	Aspergillus homomorpus	cellulose 3%	0		d1:1 d2:2.1
69	Aspergillus homomorpus	citrus pectin 1% pH=6	7		d1:2.7 d2:4.6
69	Aspergillus homomorpus	citrus pulp 3% pH=6	8		d1:3.6 d2:6.3
69	Aspergillus homomorpus	cotton seed pulp 3%	6		d1:2.9 d2:5
69	Aspergillus homomorpus	D-fructose	5		d1:1.3 d2:2.5
69	Aspergillus homomorpus	D-galactose	0		d1:0.4 d2:0.4
69	Aspergillus homomorpus	D-galacturonic acid	0		d1:1.5 d2:2.5
69	Aspergillus homomorpus	D-glucose	5		d1:1.6 d2:2.8
69	Aspergillus homomorpus	D-glucuronic acid	4		d1:1.5 d2:2.2
69	Aspergillus homomorpus	D-mannose	5		d1:1.4 d2:2.8
69	Aspergillus homomorpus	D-ribose	5		d1:1.3 d2:1.6
69	Aspergillus homomorpus	D-xylose	0		d1:1.5 d2:2.8
69	Aspergillus homomorpus	guar gum 1%	5		d1:2.6 d2:4.7
69	Aspergillus homomorpus	inulin 1%	0		d1:1.1 d2:2.7
69	Aspergillus homomorpus	L-arabinose	5		d1:1.5 d2:2.6
69	Aspergillus homomorpus	L-rhamnose	5		d1:0.5 d2:0.2
69	Aspergillus homomorpus	lactose	0		d1:1.2 d2:2.4
69	Aspergillus homomorpus	lignin 1%	0		d1:0 d2:0.6
69	Aspergillus homomorpus	maltose	5		d1:1.4 d2:2.1
69	Aspergillus homomorpus	no carbon source	0		d1:0.5 d2:1.9
69	Aspergillus homomorpus	oat spelt xylan 1%	0		
69	Aspergillus homomorpus	raffinose	3		d1:1.2 d2:2.5
69	Aspergillus homomorpus	rice bran 3%	8		d1:3.6 d2:6.6
69	Aspergillus homomorpus	soluble starch 1%	1		d1:1.2 d2:2.2
69	Aspergillus homomorpus	soybean hulls 3%	8		d1:3.5 d2:5.9
69	Aspergillus homomorpus	sucrose	5		d1:1.7 d2:2.6
69	Aspergillus homomorpus	sugar beet pulp 3%	9		d1:3.6 d2:6
69	Aspergillus homomorpus	wheat bran 3%	10		d1:3.7 d2:6.6
70	Aspergillus ibericus	alfalfa meal 3%	10		d1:2.6 d2:4.3 d3:6.3
70	Aspergillus ibericus	apple pectin 1% pH=6	8		d1:2.3 d2:3.9 d3:5.5
70	Aspergillus ibericus	arabic gum 1%	2		d1:1.1 d2:2 d3:3.1
70	Aspergillus ibericus	arabinogalactan 1%			d1:1.8 d2:3.3 d3:5
70	Aspergillus ibericus	beechwood xylan 1%	1		d1:0.6 d2:1.5 d3:2.6
70	Aspergillus ibericus	birchwood xylan 1%	2		d1:0.8 d2:1.5 d3:2.6
70	Aspergillus ibericus	casein 3%	2		d1:1.1 d2:1.8 d3:2.6
70	Aspergillus ibericus	cellobiose	4		d1:1 d2:1.2 d3:2.6
70	Aspergillus ibericus	cellulose 3%	0		d1:0 d2:0.7 d3:1.3
70	Aspergillus ibericus	citrus pectin 1% pH=6	8		d1:2.3 d2:4 d3:5.8
70	Aspergillus ibericus	citrus pulp 3% pH=6	10		d1:2.8 d2:5.1 d3:7.3
70	Aspergillus ibericus	cotton seed pulp 3%	6		d1:1.4 d2:2.7 d3:4.1
70	Aspergillus ibericus	D-fructose	4		d1:0.7 d2:1.3 d3:2.4
70	Aspergillus ibericus	D-galactose	0		d1:0 d2:0.4 d3:0.5
70	Aspergillus ibericus	D-galacturonic acid	2		d1:0.6 d2:1 d3:1.5
70	Aspergillus ibericus	D-glucose	5		d1:1.2 d2:2 d3:3.1
70	Aspergillus ibericus	D-glucuronic acid	3		d1:0.8 d2:1.6 d3:2.5
70	Aspergillus ibericus	D-mannose	4		d1:0.7 d2:1.6 d3:2.3
70	Aspergillus ibericus	D-ribose	0		d1:0.6 d2:0.9 d3:1.6
70	Aspergillus ibericus	D-xylose	2		d1:0.5 d2:1.3 d3:2
70	Aspergillus ibericus	guar gum 1%	0		d1:1.6 d2:3.2 d3:5.1
70	Aspergillus ibericus	inulin 1%	2		d1:1 d2:1.7 d3:2.7
70	Aspergillus ibericus	L-arabinose	2		d1:0.6 d2:1.2 d3:1.8
70	Aspergillus ibericus	L-rhamnose	0		d1:0.4 d2:0.5 d3:0.5
70	Aspergillus ibericus	lactose	0		d1:0.5 d2:1.5 d3:2.4
70	Aspergillus ibericus	lignin 1%	1		d1:0 d2:0.4 d3:0.6
70	Aspergillus ibericus	maltose	2		d1:0.5 d2:1.1 d3:2.2
70	Aspergillus ibericus	no carbon source	0		d1:0 d2:0.8 d3:1.7
70	Aspergillus ibericus	oat spelt xylan 1%	0		
70	Aspergillus ibericus	raffinose	2		d1:0.4 d2:1 d3:1.9
70	Aspergillus ibericus	rice bran 3%	9		d1:2.2 d2:4.2 d3:6.5
70	Aspergillus ibericus	soluble starch 1%	0		d1:0.5 d2:0.6 d3:1.4
70	Aspergillus ibericus	soybean hulls 3%	8		d1:1.9 d2:3.4 d3:5.4
70	Aspergillus ibericus	sucrose	4		d1:0.9 d2:1.7 d3:2.8
70	Aspergillus ibericus	sugar beet pulp 3%	9		d1:2.3 d2:4.1 d3:6.2
70	Aspergillus ibericus	wheat bran 3%	9		d1:2.1 d2:3.9 d3:5.8
71	Aspergillus niger N400	alfalfa meal 3%	9		d2:2.3 d3:4.1 d4:6.1 d5:9
71	Aspergillus niger N400	apple pectin 1% pH=6	9		d2:2.2 d3:3.9 d4:6.5 d5:8
71	Aspergillus niger N400	arabic gum 1%	1		d2:1.9 d3:3.7 d4:5.5 d5:7.5
71	Aspergillus niger N400	arabinogalactan 1%			d2:1.2 d3:2.5 d4:3.9 d5:5.7
71	Aspergillus niger N400	beechwood xylan 1%	7		d2:1.8 d3:3.3 d4:4.8 d5:6.7
71	Aspergillus niger N400	birchwood xylan 1%	5		d2:1.3 d3:2.4 d4:3.4 d5:4.8
71	Aspergillus niger N400	casein 3%	2		d2:1.6 d3:2.8 d4:4.3 d5:6
71	Aspergillus niger N400	cellobiose	5		d2:1.3 d3:2.4 d4:3.4 d5:4.7
71	Aspergillus niger N400	cellulose 3%	1		d2:1.3 d3:2.4 d4:3.7 d5:5.3
71	Aspergillus niger N400	citrus pectin 1% pH=6	8		d2:2 d3:4 d4:5.9 d5:7.4
71	Aspergillus niger N400	citrus pulp 3% pH=6	10		d2:2.6 d3:4.9 d4:7.8 d5:9
71	Aspergillus niger N400	cotton seed pulp 3%	3		d2:1.9 d3:3.9 d4:6 d5:9
71	Aspergillus niger N400	D-fructose	4		d2:1.2 d3:2.1 d4:3.2 d5:4.3
71	Aspergillus niger N400	D-galactose	0		d2:0.3 d3:0.3 d4:0.5 d5:0.5
71	Aspergillus niger N400	D-galacturonic acid	4		d2:1 d3:2 d4:3 d5:4.5
71	Aspergillus niger N400	D-glucose	5		d2:1.2 d3:2.4 d4:3.4 d5:5
71	Aspergillus niger N400	D-glucuronic acid	5		d2:1.3 d3:2.6 d4:3.9 d5:5.4
71	Aspergillus niger N400	D-mannose	4		d2:1.2 d3:2.2 d4:3.2 d5:4.5
71	Aspergillus niger N400	D-ribose	1		d2:1.1 d3:2.1 d4:3.1 d5:4.7
71	Aspergillus niger N400	D-xylose	4		d2:1 d3:1.9 d4:2.8 d5:4.2
71	Aspergillus niger N400	guar gum 1%	7		d2:1.9 d3:3.7 d4:5.5 d5:8
71	Aspergillus niger N400	inulin 1%	4		d2:0.7 d3:2.1 d4:3 d5:4.2
71	Aspergillus niger N400	L-arabinose	4		d2:0.9 d3:1.9 d4:2.9 d5:4.3
71	Aspergillus niger N400	L-rhamnose	3		d2:1.2 d3:2.2 d4:3.4 d5:4.9
71	Aspergillus niger N400	lactose	1		d2:1.3 d3:2.3 d4:3.5 d5:4.8
71	Aspergillus niger N400	lignin 1%	0		d2:0.8 d3:0.9 d4:1.2 d5:1.8
71	Aspergillus niger N400	maltose	6		d2:1.5 d3:2.9 d4:4.2 d5:6
71	Aspergillus niger N400	no carbon source	1		d2:1.3 d3:2.5 d4:3.6 d5:5.5
71	Aspergillus niger N400	oat spelt xylan 1%	6		d2:1.4 d3:2.6 d4:3.8 d5:5.8
71	Aspergillus niger N400	raffinose	4		d2:1 d3:1.9 d4:3 d5:4.5
71	Aspergillus niger N400	rice bran 3%	10		d2:2.4 d3:4.7 d4:7.2 d5:9
71	Aspergillus niger N400	soluble starch 1%	4		d2:1.1 d3:2.1 d4:3.1 d5:4.4
71	Aspergillus niger N400	soybean hulls 3%	9		d2:2.3 d3:4.2 d4:6.4 d5:8.5
71	Aspergillus niger N400	sucrose	5		d2:1.2 d3:2.2 d4:3.2 d5:4.7
71	Aspergillus niger N400	sugar beet pulp 3%	10		d2:2.7 d3:4.9 d4:7.3 d5:9
71	Aspergillus niger N400	wheat bran 3%	10		d2:2.4 d3:4.5 d4:7 d5:9
72	Aspergillus niger N402	alfalfa meal 3%	10		d2:2.6 d3:4.2 d4:6.1 d5:7.8
72	Aspergillus niger N402	apple pectin 1% pH=6	7		d2:1.7 d3:2.7 d4:3.8 d5:4.9
72	Aspergillus niger N402	arabic gum 1%	2		d2:1.4 d3:2.2 d4:3.2 d5:3.9
72	Aspergillus niger N402	arabinogalactan 1%			d2:1 d3:1.7 d4:2.6 d5:3.3
72	Aspergillus niger N402	beechwood xylan 1%	5		d2:1.2 d3:1.8 d4:2.7 d5:3.4
72	Aspergillus niger N402	birchwood xylan 1%	5		d2:1.2 d3:1.7 d4:2.6 d5:3.4
72	Aspergillus niger N402	casein 3%	1		d2:1 d3:1.4 d4:2.1 d5:2.7
72	Aspergillus niger N402	cellobiose	5		d2:1 d3:1.6 d4:2.3 d5:2.9
72	Aspergillus niger N402	cellulose 3%	0		d2:0.7 d3:1 d4:1.5 d5:1.8
72	Aspergillus niger N402	citrus pectin 1% pH=6	7		d2:1.4 d3:2.2 d4:3.1 d5:4.1
72	Aspergillus niger N402	citrus pulp 3% pH=6	10		d2:2.4 d3:3.8 d4:5.6 d5:7.5
72	Aspergillus niger N402	cotton seed pulp 3%	8		d2:1.7 d3:2.8 d4:4.3 d5:5.4
72	Aspergillus niger N402	D-fructose	5		d2:0.9 d3:1.5 d4:2.3 d5:2.9
72	Aspergillus niger N402	D-galactose	0		d2:0.5 d3:0.5 d4:0.5 d5:0.5
72	Aspergillus niger N402	D-galacturonic acid	5		d2:0.9 d3:1.5 d4:2.2 d5:2.9
72	Aspergillus niger N402	D-glucose	5		d2:0.8 d3:1.4 d4:2.2 d5:2.9
72	Aspergillus niger N402	D-glucuronic acid	6		d2:1.2 d3:2 d4:2.8 d5:3.7
72	Aspergillus niger N402	D-mannose	5		d2:0.9 d3:1.5 d4:2.2 d5:2.9
72	Aspergillus niger N402	D-ribose	1		d2:1.1 d3:1.6 d4:2.2 d5:2.6
72	Aspergillus niger N402	D-xylose	5		d2:1 d3:1.6 d4:2.3 d5:3
72	Aspergillus niger N402	guar gum 1%	7		d2:1.4 d3:2.4 d4:4 d5:5.2
72	Aspergillus niger N402	inulin 1%	6		d2:1.2 d3:1.5 d4:2.8 d5:3.5
72	Aspergillus niger N402	L-arabinose	4		d2:1.1 d3:1.7 d4:2.4 d5:3
72	Aspergillus niger N402	L-rhamnose	4		d2:1 d3:1.7 d4:2.3 d5:3
72	Aspergillus niger N402	lactose	1		d2:1.1 d3:1.6 d4:2.3 d5:2.9
72	Aspergillus niger N402	lignin 1%	1		d2:1.3 d3:2 d4:3.1 d5:3.8
72	Aspergillus niger N402	maltose	5		d2:1.1 d3:1.8 d4:2.4 d5:2.9
72	Aspergillus niger N402	no carbon source	1		d2:0.9 d3:1.5 d4:2.2 d5:2.8
72	Aspergillus niger N402	oat spelt xylan 1%	5		d2:1.2 d3:1.8 d4:2.6 d5:3.5
72	Aspergillus niger N402	raffinose	5		d2:0.9 d3:1.5 d4:2.1 d5:2.8
72	Aspergillus niger N402	rice bran 3%	9		d2:2 d3:3.9 d4:5.5 d5:7.5
72	Aspergillus niger N402	soluble starch 1%	5		d2:1.1 d3:1.9 d4:2.6 d5:3.4
72	Aspergillus niger N402	soybean hulls 3%	9		d2:2.2 d3:3.8 d4:5.7 d5:7.2
72	Aspergillus niger N402	sucrose	6		d2:1.1 d3:1.9 d4:2.6 d5:3.3
72	Aspergillus niger N402	sugar beet pulp 3%	10		d2:2.3 d3:3.8 d4:5.6 d5:7.1
72	Aspergillus niger N402	wheat bran 3%	10		d2:1.8 d3:3.4 d4:5.4 d5:7.4
73	Aspergillus sclerocarbonarium	alfalfa meal 3%	9		d1:2.3 d2:3.9 d3:5.7
73	Aspergillus sclerocarbonarium	apple pectin 1% pH=6	7		d1:1.8 d2:2.6 d3:3.4
73	Aspergillus sclerocarbonarium	arabic gum 1%	0		d1:0.5 d2:1.4 d3:2.2
73	Aspergillus sclerocarbonarium	arabinogalactan 1%			d1:1.5 d2:2.1 d3:2.8
73	Aspergillus sclerocarbonarium	beechwood xylan 1%	0		d1:0 d2:0 d3:1
73	Aspergillus sclerocarbonarium	birchwood xylan 1%	0		d1:0 d2:0 d3:1.9
73	Aspergillus sclerocarbonarium	casein 3%	1		d1:0 d2:0.5 d3:1.4
73	Aspergillus sclerocarbonarium	cellobiose	3		d1:0 d2:0.6 d3:1.1
73	Aspergillus sclerocarbonarium	cellulose 3%	0		d1:0 d2:0 d3:0
73	Aspergillus sclerocarbonarium	citrus pectin 1% pH=6	6		d1:1.2 d2:1.9 d3:2.7
73	Aspergillus sclerocarbonarium	citrus pulp 3% pH=6	10		d1:2.9 d2:5.1 d3:7.2
73	Aspergillus sclerocarbonarium	cotton seed pulp 3%	6		d1:1.1 d2:1.9 d3:2.8
73	Aspergillus sclerocarbonarium	D-fructose	4		d1:0.2 d2:1 d3:1.4
73	Aspergillus sclerocarbonarium	D-galactose	0		d1:0 d2:0 d3:0
73	Aspergillus sclerocarbonarium	D-galacturonic acid	3		d1:0 d2:0.6 d3:1.4
73	Aspergillus sclerocarbonarium	D-glucose	5		d1:0.5 d2:1.2 d3:1.7
73	Aspergillus sclerocarbonarium	D-glucuronic acid	0		d1:0 d2:0 d3:0
73	Aspergillus sclerocarbonarium	D-mannose	3		d1:0.1 d2:0.8 d3:1.4
73	Aspergillus sclerocarbonarium	D-ribose	0		d1:0 d2:0 d3:0
73	Aspergillus sclerocarbonarium	D-xylose	5		d1:0.5 d2:1.3 d3:1.9
73	Aspergillus sclerocarbonarium	guar gum 1%	8		d1:1.7 d2:2.8 d3:4.4
73	Aspergillus sclerocarbonarium	inulin 1%	1		d1:0.5 d2:1.2 d3:1.7
73	Aspergillus sclerocarbonarium	L-arabinose	3		d1:0.2 d2:0.9 d3:1.3
73	Aspergillus sclerocarbonarium	L-rhamnose	0		d1:0 d2:0 d3:0.3
73	Aspergillus sclerocarbonarium	lactose	0		d1:0 d2:0 d3:0
73	Aspergillus sclerocarbonarium	lignin 1%	1		d1:0.8 d2:1 d3:1.1
73	Aspergillus sclerocarbonarium	maltose	0		d1:0 d2:0 d3:0
73	Aspergillus sclerocarbonarium	no carbon source	0		d1:0 d2:0 d3:0
73	Aspergillus sclerocarbonarium	oat spelt xylan 1%	0		
73	Aspergillus sclerocarbonarium	raffinose	2		d1:0 d2:0 d3:0.6
73	Aspergillus sclerocarbonarium	rice bran 3%	8		d1:2 d2:3.9 d3:5.7
73	Aspergillus sclerocarbonarium	soluble starch 1%	0		d1:0 d2:0 d3:0
73	Aspergillus sclerocarbonarium	soybean hulls 3%	8		d1:1.6 d2:2.7 d3:4.7
73	Aspergillus sclerocarbonarium	sucrose	3		d1:0 d2:0.6 d3:1.3
73	Aspergillus sclerocarbonarium	sugar beet pulp 3%	8		d1:2.3 d2:4 d3:5.5
73	Aspergillus sclerocarbonarium	wheat bran 3%	9		d1:2.4 d2:4.1 d3:5.8
74	Aspergillus tubingensis	alfalfa meal 3%	10		d2:1.2 d3:2.8 d4:4.2 d5:8.5
74	Aspergillus tubingensis	apple pectin 1% pH=6	9		d2:1.9 d3:2.7 d4:4.2 d5:8.3
74	Aspergillus tubingensis	arabic gum 1%	2		d2:0 d3:1.6 d4:2.6 d5:6.1
74	Aspergillus tubingensis	arabinogalactan 1%			d2:1 d3:2.2 d4:3.1 d5:7.4
74	Aspergillus tubingensis	beechwood xylan 1%	5		d2:0.8 d3:1.7 d4:2.5 d5:6.3
74	Aspergillus tubingensis	birchwood xylan 1%	6		d2:0 d3:1.7 d4:2.7 d5:6.3
74	Aspergillus tubingensis	casein 3%	1		d2:1 d3:1 d4:1.9 d5:0
74	Aspergillus tubingensis	cellobiose	5		d2:1.2 d3:1.8 d4:3.1 d5:5.7
74	Aspergillus tubingensis	cellulose 3%	1		d2:0 d3:0 d4:0 d5:2.5
74	Aspergillus tubingensis	citrus pectin 1% pH=6	8		d2:1.4 d3:2.3 d4:3.3 d5:6.8
74	Aspergillus tubingensis	citrus pulp 3% pH=6	9		d2:1.3 d3:3.5 d4:5.2 d5:8.5
74	Aspergillus tubingensis	cotton seed pulp 3%	7		d2:1.1 d3:2.3 d4:3.9 d5:8.5
74	Aspergillus tubingensis	D-fructose	6		d2:1 d3:1.8 d4:2.6 d5:6.3
74	Aspergillus tubingensis	D-galactose	0		d2:0 d3:0 d4:0 d5:0
74	Aspergillus tubingensis	D-galacturonic acid	3		d2:0.9 d3:1.6 d4:2.7 d5:6.1
74	Aspergillus tubingensis	D-glucose	7		d2:0.9 d3:1.7 d4:2.9 d5:7.1
74	Aspergillus tubingensis	D-glucuronic acid	2		d2:0 d3:1.5 d4:2.3 d5:3.9
74	Aspergillus tubingensis	D-mannose	7		d2:0.8 d3:2 d4:3 d5:6
74	Aspergillus tubingensis	D-ribose	2		d2:0 d3:1.7 d4:2.7 d5:4.4
74	Aspergillus tubingensis	D-xylose	4		d2:0.9 d3:1.8 d4:2.6 d5:5.3
74	Aspergillus tubingensis	guar gum 1%	2		d2:1.1 d3:3 d4:4.5 d5:8.5
74	Aspergillus tubingensis	inulin 1%	5		d2:1.1 d3:1.8 d4:2.6 d5:5.5
74	Aspergillus tubingensis	L-arabinose	4		d2:0.7 d3:1.6 d4:2.5 d5:5.4
74	Aspergillus tubingensis	L-rhamnose	3		d2:0 d3:1 d4:2 d5:4.9
74	Aspergillus tubingensis	lactose	1		d2:0 d3:0 d4:0 d5:3.2
74	Aspergillus tubingensis	lignin 1%	3		d2:1.2 d3:2.2 d4:3.1 d5:5.7
74	Aspergillus tubingensis	maltose	6		d2:1 d3:1.9 d4:2.8 d5:6.3
74	Aspergillus tubingensis	no carbon source	1		d2:0 d3:0 d4:0 d5:0
74	Aspergillus tubingensis	oat spelt xylan 1%	4		d2:0 d3:1.5 d4:2.5 d5:4
74	Aspergillus tubingensis	raffinose	5		d2:0.9 d3:1.8 d4:2.5 d5:5.9
74	Aspergillus tubingensis	rice bran 3%	9		d2:2 d3:3.4 d4:4.7 d5:8.5
74	Aspergillus tubingensis	soluble starch 1%	2		d2:0 d3:0 d4:0 d5:3.3
74	Aspergillus tubingensis	soybean hulls 3%	9		d2:1.6 d3:2.9 d4:4.7 d5:8.5
74	Aspergillus tubingensis	sucrose	6		d2:1.2 d3:2.4 d4:3.3 d5:3.7
74	Aspergillus tubingensis	sugar beet pulp 3%	9		d2:1.1 d3:3.3 d4:4.6 d5:8.5
74	Aspergillus tubingensis	wheat bran 3%	10		d2:1.9 d3:3.2 d4:4.7 d5:8.5
75	Aspergillus vadensis	alfalfa meal 3%	10		d1:2.4 d2:4.3 d3:6.2
75	Aspergillus vadensis	apple pectin 1% pH=6	7		d1:2 d2:3.4 d3:4.9
75	Aspergillus vadensis	arabic gum 1%	2		d1:1.1 d2:2.1 d3:3.1
75	Aspergillus vadensis	arabinogalactan 1%			d1:1.7 d2:2.9 d3:4.7
75	Aspergillus vadensis	beechwood xylan 1%	4		d1:0.5 d2:1.5 d3:2.7
75	Aspergillus vadensis	birchwood xylan 1%	4		d1:0.8 d2:1.8 d3:2.5
75	Aspergillus vadensis	casein 3%	2		d1:1 d2:2.1 d3:3.1
75	Aspergillus vadensis	cellobiose	5		d1:0 d2:1.1 d3:2.1
75	Aspergillus vadensis	cellulose 3%	0		d1:0 d2:1.2 d3:2.1
75	Aspergillus vadensis	citrus pectin 1% pH=6	6		d1:1.5 d2:2.6 d3:3.7
75	Aspergillus vadensis	citrus pulp 3% pH=6	10		d1:2.5 d2:4.3 d3:6.3
75	Aspergillus vadensis	cotton seed pulp 3%	7		d1:1.9 d2:3.7 d3:5.2
75	Aspergillus vadensis	D-fructose	5		d1:1 d2:1.8 d3:2.7
75	Aspergillus vadensis	D-galactose	0		d1:0 d2:0 d3:0
75	Aspergillus vadensis	D-galacturonic acid	3		d1:0.5 d2:1.1 d3:1.8
75	Aspergillus vadensis	D-glucose	5		d1:0.9 d2:1.8 d3:2.7
75	Aspergillus vadensis	D-glucuronic acid	2		d1:0.4 d2:1.1 d3:2.1
75	Aspergillus vadensis	D-mannose	5		d1:0.9 d2:1.7 d3:2.7
75	Aspergillus vadensis	D-ribose	1		d1:0.6 d2:1.4 d3:1.9
75	Aspergillus vadensis	D-xylose	5		d1:0.8 d2:1.6 d3:2.4
75	Aspergillus vadensis	guar gum 1%	4		d1:1.8 d2:3.1 d3:4.5
75	Aspergillus vadensis	inulin 1%	5		d1:0.7 d2:1.5 d3:2.5
75	Aspergillus vadensis	L-arabinose	3		d1:0 d2:1 d3:2
75	Aspergillus vadensis	L-rhamnose	1		d1:0.3 d2:0.5 d3:1.1
75	Aspergillus vadensis	lactose	0		d1:0.5 d2:1.2 d3:1.9
75	Aspergillus vadensis	lignin 1%	1		d1:0.6 d2:0.7 d3:0.7
75	Aspergillus vadensis	maltose	0		d1:0 d2:0 d3:0
75	Aspergillus vadensis	no carbon source	0		d1:0.5 d2:0.6 d3:1.1
75	Aspergillus vadensis	oat spelt xylan 1%	0		
75	Aspergillus vadensis	raffinose	0		d1:0 d2:0 d3:0
75	Aspergillus vadensis	rice bran 3%	9		d1:2.3 d2:4.2 d3:6.1
75	Aspergillus vadensis	soluble starch 1%	0		d1:0.6 d2:1.1 d3:2.3
75	Aspergillus vadensis	soybean hulls 3%	8		d1:1.8 d2:3.4 d3:4.8
75	Aspergillus vadensis	sucrose	5		d1:0.8 d2:1.6 d3:2.6
75	Aspergillus vadensis	sugar beet pulp 3%	10		d1:2.4 d2:3.9 d3:6.1
75	Aspergillus vadensis	wheat bran 3%	10		d1:2.4 d2:4.1 d3:6
78	Mucor circinelloides	alfalfa meal 3%	8		d2:6.5 d3:9
78	Mucor circinelloides	apple pectin 1% pH=6	6		d1:2.2 d2:5.3 d3:8.2
78	Mucor circinelloides	arabic gum 1%	1		d1:1.9 d2:4.3 d3:6.3
78	Mucor circinelloides	arabinogalactan 1%			d1:1.8 d2:3.8 d3:5.4
78	Mucor circinelloides	beechwood xylan 1%	2		d1:1.9 d2:4.4 d3:6.6
78	Mucor circinelloides	birchwood xylan 1%	2		d1:0.4 d2:1 d3:0.3
78	Mucor circinelloides	casein 3%	6		d1:2 d2:4.1 d3:6.6
78	Mucor circinelloides	cellobiose	7		d1:1.9 d2:4.6 d3:7.2
78	Mucor circinelloides	cellulose 3%	0		d1:1.3 d2:0.4 d3:0.3
78	Mucor circinelloides	citrus pectin 1% pH=6	8		d1:2.2 d2:4.9 d3:7.9
78	Mucor circinelloides	citrus pulp 3% pH=6	8		d2:6.7 d3:9
78	Mucor circinelloides	cotton seed pulp 3%	4		d1:2 d2:4.8 d3:7.7
78	Mucor circinelloides	D-fructose	6		d1:1.6 d2:4.2 d3:7.2
78	Mucor circinelloides	D-galactose	4		d1:1.8 d2:4.2 d3:4.9
78	Mucor circinelloides	D-galacturonic acid	1		d1:0.4 d2:0.5 d3:0.6
78	Mucor circinelloides	D-glucose	5		d1:1.7 d2:4.4 d3:6.5
78	Mucor circinelloides	D-glucuronic acid	3		d2:1.5 d3:3.1
78	Mucor circinelloides	D-mannose	5		d1:1.7 d2:3.9 d3:6.2
78	Mucor circinelloides	D-ribose	1		d1:1.5 d2:3.7 d3:5.6
78	Mucor circinelloides	D-xylose	4		d1:1.1 d2:2.9 d3:4.6
78	Mucor circinelloides	guar gum 1%	1		d1:1.9 d2:4 d3:6.1
78	Mucor circinelloides	inulin 1%	0		d1:1.8 d2:3.7 d3:5.7
78	Mucor circinelloides	L-arabinose	5		d1:1.5 d2:2.9 d3:6
78	Mucor circinelloides	L-rhamnose	0		d1:1.6 d2:3.5 d3:5.5
78	Mucor circinelloides	lactose	0		d1:1.7 d2:3.5 d3:5.4
78	Mucor circinelloides	lignin 1%	3		d1:1.7 d2:3.7 d3:5.8
78	Mucor circinelloides	maltose	6		d1:2.1 d2:4.7 d3:7.3
78	Mucor circinelloides	no carbon source	0		d1:1.5 d2:3.7 d3:5.5
78	Mucor circinelloides	oat spelt xylan 1%	2		d1:1.8 d2:3.6 d3:6.5
78	Mucor circinelloides	raffinose	0		d1:1.7 d2:3.5 d3:5.5
78	Mucor circinelloides	rice bran 3%	4		d1:2.4 d2:5.5 d3:9
78	Mucor circinelloides	soluble starch 1%	7		d1:2.1 d2:4.7 d3:7.4
78	Mucor circinelloides	soybean hulls 3%	8		d2:5.9 d3:9
78	Mucor circinelloides	sucrose	0		d1:1.9 d2:4.5 d3:7.5
78	Mucor circinelloides	sugar beet pulp 3%	8		d2:5.5 d3:8.6
78	Mucor circinelloides	wheat bran 3%	6		d2:5.6 d3:9
79	Podospora anserina cross	alfalfa meal 3%	10		d3:2.3 d4:4.2 d5:5 d6:6.5 d7:7.7
79	Podospora anserina cross	apple pectin 1% pH=6	2		d3:1.7 d4:2.2 d5:2.3 d6:3 d7:3.6
79	Podospora anserina cross	arabic gum 1%	0		d3:3.4 d4:5 d5:6.2 d6:6.9 d7:8.5
79	Podospora anserina cross	arabinogalactan 1%			d3:2.4 d4:3.5 d5:4.9 d6:5.6 d7:6.7
79	Podospora anserina cross	beechwood xylan 1%	9		d3:3.7 d4:4.5 d5:6.5 d6:7.2 d7:8.5
79	Podospora anserina cross	birchwood xylan 1%	9		d3:2.4 d4:2.7 d5:4.5 d6:5 d7:6.6
79	Podospora anserina cross	casein 3%	4		d3:2.1 d4:3.5 d5:4.7 d6:5.5 d7:7.2
79	Podospora anserina cross	cellobiose	8		d3:2.5 d4:3 d5:4.4 d6:5.2 d7:6.3
79	Podospora anserina cross	cellulose 3%	8		d3:3.3 d4:4 d5:6 d6:6.6 d7:8.5
79	Podospora anserina cross	citrus pectin 1% pH=6	3		d3:1.5 d4:1.7 d5:2.3 d6:2.2
79	Podospora anserina cross	citrus pulp 3% pH=6	9		d3:2.3 d4:3.4 d5:4.3 d6:5.4 d7:6.8
79	Podospora anserina cross	cotton seed pulp 3%	3		d3:3.6 d4:5 d5:6.2 d6:7.6 d7:7.5
79	Podospora anserina cross	D-fructose	8		d3:3 d4:4.2 d5:5.5 d6:6.5 d7:7.2
79	Podospora anserina cross	D-galactose	0		d3:0 d4:0 d5:0 d6:0 d7:0
79	Podospora anserina cross	D-galacturonic acid	0		d3:2.7 d4:4.4 d5:5.6 d6:6.8 d7:8.5
79	Podospora anserina cross	D-glucose	5		d3:2.6 d4:4.1 d5:4.6 d6:5.9 d7:6.5
79	Podospora anserina cross	D-glucuronic acid	0		d3:2.4 d4:3.7 d5:4.6 d6:6.4 d7:6.2
79	Podospora anserina cross	D-mannose	8		d3:3 d4:4.3 d5:5.4 d6:5.7 d7:6.9
79	Podospora anserina cross	D-ribose	0		d3:3.2 d4:5.1 d5:6.5 d6:7.5 d7:8.5
79	Podospora anserina cross	D-xylose	8		d3:3.3 d4:3.8 d5:5.1 d6:5.9 d7:7.1
79	Podospora anserina cross	guar gum 1%	1		d3:3.4 d4:4.8 d5:6.6 d6:7.4 d7:8.5
79	Podospora anserina cross	inulin 1%	0		d3:3.4 d4:4.9 d5:6.5 d6:7.3
79	Podospora anserina cross	L-arabinose	1		d3:1.6 d4:3.6 d5:4.7 d6:5.5 d7:7.1
79	Podospora anserina cross	L-rhamnose	0		d3:3.2 d4:5 d5:6.2 d6:7.2 d7:8.5
79	Podospora anserina cross	lactose	3		d3:2.4 d4:2.5 d5:2.8 d6:3 d7:3.2
79	Podospora anserina cross	lignin 1%	0		d3:2.9 d4:3.8 d5:4.8 d6:5.8 d7:7.1
79	Podospora anserina cross	maltose	7		d3:2.9 d4:4.2 d5:5 d6:6.3 d7:7.2
79	Podospora anserina cross	no carbon source	0		d3:3.2 d4:4.8 d5:6.2 d6:7 d7:8.5
79	Podospora anserina cross	oat spelt xylan 1%	10		d3:3.2 d4:4.5 d5:6 d6:6.6 d7:8.5
79	Podospora anserina cross	raffinose	0		d3:3.1 d4:4.5 d5:6 d6:7.1 d7:8.5
79	Podospora anserina cross	rice bran 3%	6		d3:1.5 d4:2.5 d5:3.1 d6:3.8 d7:4.6
79	Podospora anserina cross	soluble starch 1%	9		d3:3 d4:3.9 d5:5.3 d6:6.5 d7:7.3
79	Podospora anserina cross	soybean hulls 3%	9		d3:3.1 d4:4.1 d5:6 d6:7.3 d7:8
79	Podospora anserina cross	sucrose	0		d3:3.4 d4:5.1 d5:6.2 d6:7.3 d7:8.5
79	Podospora anserina cross	sugar beet pulp 3%	8		d3:2.3 d4:3.5 d5:4.1 d6:4.8 d7:5.8
79	Podospora anserina cross	wheat bran 3%	9		d3:2.4 d4:3.6 d5:4.2 d6:5.1 d7:6.5
80	Pyricularia longispora	alfalfa meal 3%	6		d3:0.5 d4:0.6 d6:1.5 d7:2 d8:2.3 d9:2.9 d10:3.4 d13:5
80	Pyricularia longispora	apple pectin 1% pH=6	3		d8:1 d9:1.4 d10:1.8 d13:3.3
80	Pyricularia longispora	arabic gum 1%	2		d3:0.5 d4:1 d6:1.6 d7:2 d8:2.4 d9:2.6 d10:3 d13:3.7
80	Pyricularia longispora	arabinogalactan 1%			d3:0.5 d4:0.6 d6:1.2 d7:1.8 d8:2.1 d9:2.5 d10:2.7 d13:3.9
80	Pyricularia longispora	beechwood xylan 1%	1		d10:0.7 d13:1.4
80	Pyricularia longispora	birchwood xylan 1%	3		d3:0.5 d4:0.8 d6:1.8 d7:2.2 d8:2.3 d9:2.5 d10:2.9 d13:3.6
80	Pyricularia longispora	casein 3%	5		d3:0.5 d4:0.5 d6:1 d7:1.6 d8:2 d9:2.6 d10:2.8 d13:4.1
80	Pyricularia longispora	cellobiose	5		d3:0.6 d4:0.6 d6:1.4 d7:1.5 d8:2.3 d9:2.6 d10:3 d13:4
80	Pyricularia longispora	cellulose 3%	2		d3:0.5 d4:0.6 d6:0.8 d7:1 d8:1 d9:1.1 d10:1.5 d13:1.8
80	Pyricularia longispora	citrus pectin 1% pH=6	5		d3:0.5 d4:0.5 d6:1.5 d7:2.1 d8:2.5 d9:2.8 d10:3.3 d13:4.3
80	Pyricularia longispora	citrus pulp 3% pH=6	5		d3:0.5 d4:0.5 d6:1.2 d7:1.7 d8:2 d9:2.3 d10:2.3 d13:4.1
80	Pyricularia longispora	cotton seed pulp 3%	3		d3:0.5 d4:0.7 d6:1.2 d7:2.3 d8:2.7 d9:3.7 d10:3.8 d13:5.6
80	Pyricularia longispora	D-fructose	5		d3:0.5 d4:0.8 d6:1.5 d7:2.2 d8:2.5 d9:2.8 d10:3.4 d13:4.3
80	Pyricularia longispora	D-galactose	1		d6:0.5 d7:0.8 d9:1 d10:1.2 d13:1.8
80	Pyricularia longispora	D-galacturonic acid	4		d3:0.5 d4:0.6 d6:1.5 d7:1.9 d8:2.3 d9:2.7 d10:3 d13:4.2
80	Pyricularia longispora	D-glucose	5		d3:0.5 d4:0.6 d6:1.7 d7:2.2 d8:2.5 d9:2.9 d10:3.4 d13:4.4
80	Pyricularia longispora	D-glucuronic acid	2		d3:0.5 d4:0.5 d6:1.4 d7:1.8 d8:2 d9:2.5 d10:2.9 d13:3.9
80	Pyricularia longispora	D-mannose	5		d3:0.5 d4:0.8 d6:1.9 d7:2.1 d8:2.6 d9:2.9 d10:3.2 d13:4.5
80	Pyricularia longispora	D-ribose	2		d3:0.5 d4:1.1 d6:2 d7:2.5 d8:2.6 d9:3.2 d10:3.8 d13:4.3
80	Pyricularia longispora	D-xylose	2		d4:0.5 d6:1.1 d7:1.2 d8:1.4 d9:1.7 d10:1.7 d13:2.3
80	Pyricularia longispora	guar gum 1%	2		d3:0.5 d4:0.9 d6:1.9 d7:2.5 d8:2.8 d9:3.5 d10:4 d13:5.4
80	Pyricularia longispora	inulin 1%	2		d4:0.7 d6:1.4 d7:2.1 d8:2.4 d9:2.6 d10:3.1 d13:4.2
80	Pyricularia longispora	L-arabinose	3		d4:0.8 d6:1.4 d7:1.4 d8:1.7 d9:2 d10:2 d13:2.9
80	Pyricularia longispora	L-rhamnose	3		d3:0.5 d4:1 d6:1.9 d7:2.2 d8:2.7 d9:2.7 d10:3.2 d13:4.5
80	Pyricularia longispora	lactose	4		d3:0.5 d4:0.8 d6:1.9 d7:2.3 d8:2.5 d9:2.9 d10:2.9 d13:4
80	Pyricularia longispora	lignin 1%	1		d7:0.5 d8:1 d9:1.1 d10:1.9 d13:3.2
80	Pyricularia longispora	maltose	4		d3:0.5 d4:0.6 d6:1.5 d7:2.2 d8:2.5 d9:2.8 d10:3 d13:4.1
80	Pyricularia longispora	no carbon source	0		d3:0.6 d4:1.3 d6:2 d7:2.5 d8:3 d9:3.4 d10:3.9 d13:5
80	Pyricularia longispora	oat spelt xylan 1%	0		
80	Pyricularia longispora	raffinose	5		d3:0.6 d4:0.9 d6:1.7 d7:2 d8:2.5 d9:2.7 d10:3 d13:4
80	Pyricularia longispora	rice bran 3%	8		d3:0.5 d4:0.6 d6:1.6 d7:2.4 d8:3.1 d9:3.5 d10:3.9 d13:5.8
80	Pyricularia longispora	soluble starch 1%	4		d4:0.6 d6:1.6 d7:1.8 d8:2.5 d9:2.8 d10:3.4 d13:4.2
80	Pyricularia longispora	soybean hulls 3%	6		d3:0.4 d4:0.4 d6:1 d7:1.7 d8:2.1 d9:2.3 d10:2.8 d13:4.2
80	Pyricularia longispora	sucrose	6		d3:0.5 d4:0.6 d6:1.9 d7:2.2 d8:2.7 d9:3 d10:3.4 d13:4.5
80	Pyricularia longispora	sugar beet pulp 3%	1		d7:0.2 d8:0.2 d9:0.3 d10:0.5 d13:0.5
80	Pyricularia longispora	wheat bran 3%	8		d3:0.5 d4:0.8 d6:2.3 d7:2.6 d8:3.3 d9:3.7 d10:4.3 d13:5.7
81	Pyricularia zingiberi	alfalfa meal 3%	4		d2:0.4 d3:0.4 d4:0.4 d5:0.6 d6:1.4 d7:2.1 d8:2.9 d9:3.8
81	Pyricularia zingiberi	apple pectin 1% pH=6	3		d2:0.5 d3:0.9 d4:1.7 d5:2.4 d6:3.1 d7:3.7 d8:4.5 d9:5.3
81	Pyricularia zingiberi	arabic gum 1%	1		d2:0.9 d3:1.8 d4:2.5 d5:3.5 d6:4.3 d7:5.4 d8:6.2 d9:7.1
81	Pyricularia zingiberi	arabinogalactan 1%			d2:0.5 d3:1.4 d4:2.4 d5:2.9 d6:3.9 d7:5 d8:5.7 d9:6.8
81	Pyricularia zingiberi	beechwood xylan 1%	2		d2:0.3 d3:0.6 d4:0.8 d5:1.5 d6:2.4 d7:3.3 d8:4.1 d9:5
81	Pyricularia zingiberi	birchwood xylan 1%	2		d2:0.6 d3:1.7 d4:2.6 d5:3.4 d6:4.5 d7:5.4 d8:6.2 d9:6.8
81	Pyricularia zingiberi	casein 3%	8		d2:0.8 d3:1.3 d4:2.3 d5:3.2 d6:4.1 d7:4.8 d8:5.3 d9:5.9
81	Pyricularia zingiberi	cellobiose	4		d2:0.8 d3:1.5 d4:1.7 d6:2.9 d7:4 d8:4.7 d9:5.4
81	Pyricularia zingiberi	cellulose 3%	0		
81	Pyricularia zingiberi	citrus pectin 1% pH=6	5		d2:0.5 d3:1.1 d4:2 d5:2.5 d6:3.4 d7:3.9 d8:4.7 d9:5.5
81	Pyricularia zingiberi	citrus pulp 3% pH=6	6		d2:0.3 d3:0.8 d4:1.6 d5:2 d6:2.6 d7:2.9 d8:3.5 d9:4
81	Pyricularia zingiberi	cotton seed pulp 3%	1		d2:0.5 d3:1 d4:2.2 d5:3.1 d6:4.1 d7:5 d8:6 d9:7
81	Pyricularia zingiberi	D-fructose	4		d2:0.6 d3:1.3 d4:1.7 d5:2.3 d6:3.4 d7:4.5 d8:4.7 d9:5.7
81	Pyricularia zingiberi	D-galactose	2		d2:0.4 d3:0.9 d4:1.2 d5:1.3 d6:1.8 d7:2.4 d8:2.6 d9:3
81	Pyricularia zingiberi	D-galacturonic acid	5		d2:0.6 d3:1.3 d4:1.8 d5:2.8 d6:3.6 d7:4.6 d8:5 d9:6
81	Pyricularia zingiberi	D-glucose	5		d2:0.6 d3:1.2 d4:2.1 d5:2.6 d6:3.6 d7:4.5 d8:5.1 d9:6
81	Pyricularia zingiberi	D-glucuronic acid	1		d2:0.6 d3:1.1 d4:1.5 d5:2.2 d6:2.7 d7:3.6 d8:4.3 d9:5.1
81	Pyricularia zingiberi	D-mannose	4		d2:0.7 d3:1.4 d4:2 d5:2.5 d6:3.4 d7:3.8 d8:4.7 d9:5.5
81	Pyricularia zingiberi	D-ribose	1		d2:0.8 d3:1.7 d4:2.4 d5:3 d6:4.2 d7:4.9 d8:5.8 d9:6.7
81	Pyricularia zingiberi	D-xylose	3		d2:0.4 d3:1 d4:1.5 d5:2 d6:2.9 d7:3.4 d8:4.3 d9:5
81	Pyricularia zingiberi	guar gum 1%	7		d2:0.7 d3:1.4 d4:2.5 d5:3.5 d6:4.3 d7:5.1 d8:6 d9:7
81	Pyricularia zingiberi	inulin 1%	1		d2:0.7 d3:1.7 d4:2.4 d5:3.4 d6:4.4 d7:4.9 d8:6 d9:6.9
81	Pyricularia zingiberi	L-arabinose	3		d2:0.6 d3:1.2 d4:1.8 d5:2.4 d6:3.1 d7:3.5 d8:5 d9:6
81	Pyricularia zingiberi	L-rhamnose	3		d2:0.7 d3:1.1 d4:1.8 d5:2.4 d6:3.6 d7:4.4 d8:5.3 d9:6.3
81	Pyricularia zingiberi	lactose	6		d2:0.8 d3:1.3 d4:2.4 d5:2.8 d6:4.1 d7:4.7 d8:5.5 d9:6.3
81	Pyricularia zingiberi	lignin 1%	0		
81	Pyricularia zingiberi	maltose	1		d2:0.8 d3:1.5 d4:2.2 d5:2.9 d6:4 d7:4.9 d8:5.6 d9:6.5
81	Pyricularia zingiberi	no carbon source	0		d2:0.8 d3:1.7 d4:2.4 d5:2.8 d6:4.1 d7:4.8 d8:5.5 d9:6.5
81	Pyricularia zingiberi	oat spelt xylan 1%	0		
81	Pyricularia zingiberi	raffinose	6		d2:0.7 d3:1.5 d4:2.2 d5:2.8 d6:3.9 d7:4.7 d8:5.5 d9:6.4
81	Pyricularia zingiberi	rice bran 3%	7		d2:0.4 d3:1.1 d4:2.2 d5:2.9 d6:3.9 d7:4.6 d8:5.4 d9:6.5
81	Pyricularia zingiberi	soluble starch 1%	0		
81	Pyricularia zingiberi	soybean hulls 3%	3		d2:0.6 d3:0.7 d4:1.3 d5:1.4 d6:1.8 d7:2.1 d8:2.4 d9:2.7
81	Pyricularia zingiberi	sucrose	5		d2:0.7 d3:1.3 d4:1.8 d5:2.5 d6:3.7 d7:4.2 d8:4.9 d9:5.9
81	Pyricularia zingiberi	sugar beet pulp 3%	0		
81	Pyricularia zingiberi	wheat bran 3%	8		d2:0.7 d3:1.9 d4:2.9 d5:3.7 d6:4.7 d7:5.5 d8:6.2 d9:7
82	Pythium ultimum CBS 398.51	alfalfa meal 3%	5		
82	Pythium ultimum CBS 398.51	apple pectin 1% pH=6	0		
82	Pythium ultimum CBS 398.51	arabic gum 1%	0		
82	Pythium ultimum CBS 398.51	beechwood xylan 1%	0		
82	Pythium ultimum CBS 398.51	birchwood xylan 1%	0		
82	Pythium ultimum CBS 398.51	casein 3%	4		
82	Pythium ultimum CBS 398.51	cellobiose	4		
82	Pythium ultimum CBS 398.51	cellulose 3%	0		
82	Pythium ultimum CBS 398.51	citrus pectin 1% pH=6	1		
82	Pythium ultimum CBS 398.51	citrus pulp 3% pH=6	6		
82	Pythium ultimum CBS 398.51	cotton seed pulp 3%	0		
82	Pythium ultimum CBS 398.51	D-fructose	5		
82	Pythium ultimum CBS 398.51	D-galactose	0		
82	Pythium ultimum CBS 398.51	D-galacturonic acid	1		
82	Pythium ultimum CBS 398.51	D-glucose	5		
82	Pythium ultimum CBS 398.51	D-glucuronic acid	1		
82	Pythium ultimum CBS 398.51	D-mannose	2		
82	Pythium ultimum CBS 398.51	D-ribose	0		
82	Pythium ultimum CBS 398.51	D-xylose	0		
82	Pythium ultimum CBS 398.51	guar gum 1%	0		
82	Pythium ultimum CBS 398.51	inulin 1%	1		
82	Pythium ultimum CBS 398.51	L-arabinose	0		
82	Pythium ultimum CBS 398.51	L-rhamnose	0		
82	Pythium ultimum CBS 398.51	lactose	0		
82	Pythium ultimum CBS 398.51	lignin 1%	0		
82	Pythium ultimum CBS 398.51	maltose	3		
82	Pythium ultimum CBS 398.51	no carbon source	0		
82	Pythium ultimum CBS 398.51	oat spelt xylan 1%	0		
82	Pythium ultimum CBS 398.51	raffinose	1		
82	Pythium ultimum CBS 398.51	rice bran 3%	8		
82	Pythium ultimum CBS 398.51	soluble starch 1%	1		
82	Pythium ultimum CBS 398.51	soybean hulls 3%	6		
82	Pythium ultimum CBS 398.51	sucrose	3		
82	Pythium ultimum CBS 398.51	sugar beet pulp 3%	0		
82	Pythium ultimum CBS 398.51	wheat bran 3%	7		
83	Rhizoctonia solani	alfalfa meal 3%	10		d5:6.6
83	Rhizoctonia solani	apple pectin 1% pH=6	5		d5:5.5
83	Rhizoctonia solani	arabic gum 1%	6		d5:6.8
83	Rhizoctonia solani	arabinogalactan 1%			d5:6.3
83	Rhizoctonia solani	beechwood xylan 1%	4		d5:4
83	Rhizoctonia solani	birchwood xylan 1%	5		d5:6
83	Rhizoctonia solani	casein 3%	8		d5:6.2
83	Rhizoctonia solani	cellobiose	4		d5:3.9
83	Rhizoctonia solani	cellulose 3%	2		d5:6.6
83	Rhizoctonia solani	citrus pectin 1% pH=6	4		d5:3.8
83	Rhizoctonia solani	citrus pulp 3% pH=6	9		d5:5.6
83	Rhizoctonia solani	cotton seed pulp 3%	9		d5:5.5
83	Rhizoctonia solani	D-fructose	5		d5:6.5
83	Rhizoctonia solani	D-galactose	6		d5:6.5
83	Rhizoctonia solani	D-galacturonic acid	4		d5:6.7
83	Rhizoctonia solani	D-glucose	5		d5:6.2
83	Rhizoctonia solani	D-glucuronic acid	0		d5:0
83	Rhizoctonia solani	D-mannose	5		d5:5.9
83	Rhizoctonia solani	D-ribose	1		d5:6.4
83	Rhizoctonia solani	D-xylose	4		d5:6.4
83	Rhizoctonia solani	guar gum 1%	8		d5:6.6
83	Rhizoctonia solani	inulin 1%	1		d5:6.5
83	Rhizoctonia solani	L-arabinose	1		d5:5.9
83	Rhizoctonia solani	L-rhamnose	1		d5:6.7
83	Rhizoctonia solani	lactose	6		d5:5.9
83	Rhizoctonia solani	lignin 1%	3		d5:5.9
83	Rhizoctonia solani	maltose	6		d5:6
83	Rhizoctonia solani	no carbon source	1		d5:6.5
83	Rhizoctonia solani	oat spelt xylan 1%	5		d5:6.3
83	Rhizoctonia solani	raffinose	6		d5:6.1
83	Rhizoctonia solani	rice bran 3%	5		d5:4.8
83	Rhizoctonia solani	soluble starch 1%	6		d5:6.1
83	Rhizoctonia solani	soybean hulls 3%	2		d5:2.6
83	Rhizoctonia solani	sucrose	6		d5:6.2
83	Rhizoctonia solani	sugar beet pulp 3%	2		d5:2.3
83	Rhizoctonia solani	wheat bran 3%	10		d5:6.3
84	Schizophyllum commune H4-8 dikaryon	alfalfa meal 3%	10		d3:2.8 d4:4.1 d5:5
84	Schizophyllum commune H4-8 dikaryon	apple pectin 1% pH=6	7		d3:2.4 d4:3.5 d5:4.3
84	Schizophyllum commune H4-8 dikaryon	arabic gum 1%	5		d3:2.9 d4:3.5 d5:4.8
84	Schizophyllum commune H4-8 dikaryon	arabinogalactan 1%			d3:2.8 d4:3.5 d5:4.6
84	Schizophyllum commune H4-8 dikaryon	beechwood xylan 1%	7		d3:2.7 d4:3.4 d5:4.9
84	Schizophyllum commune H4-8 dikaryon	birchwood xylan 1%	5		d3:1.5 d4:1.7 d5:2.8
84	Schizophyllum commune H4-8 dikaryon	casein 3%	1		d3:2.2 d4:3 d5:5.8
84	Schizophyllum commune H4-8 dikaryon	cellobiose	6		d3:1.5 d4:1.7 d5:2.1
84	Schizophyllum commune H4-8 dikaryon	cellulose 3%	5		d3:2.6 d4:3 d5:4.3
84	Schizophyllum commune H4-8 dikaryon	citrus pectin 1% pH=6	7		d3:2.3 d4:2.9 d5:3.6
84	Schizophyllum commune H4-8 dikaryon	citrus pulp 3% pH=6	8		d3:2.2 d4:3.3 d5:3.7
84	Schizophyllum commune H4-8 dikaryon	cotton seed pulp 3%	6		d3:2.5 d4:3.8 d5:4.7
84	Schizophyllum commune H4-8 dikaryon	D-fructose	7		d3:2.3 d4:3.1 d5:3.7
84	Schizophyllum commune H4-8 dikaryon	D-galactose	6		d3:1.9 d4:2.5 d5:2.7
84	Schizophyllum commune H4-8 dikaryon	D-galacturonic acid	4		d3:2.8 d4:3.4 d5:4.6
84	Schizophyllum commune H4-8 dikaryon	D-glucose	5		d3:2.3 d4:2.9 d5:3.6
84	Schizophyllum commune H4-8 dikaryon	D-glucuronic acid	4		d3:2.6 d4:3.4 d5:4.2
84	Schizophyllum commune H4-8 dikaryon	D-mannose	7		d3:2.1 d4:2.8 d5:3
84	Schizophyllum commune H4-8 dikaryon	D-ribose	6		d3:2.6 d4:3.4 d5:3.7
84	Schizophyllum commune H4-8 dikaryon	D-xylose	5		d3:2 d4:2.6 d5:3.2
84	Schizophyllum commune H4-8 dikaryon	guar gum 1%	4		d3:3.2 d4:4.1 d5:5.5
84	Schizophyllum commune H4-8 dikaryon	inulin 1%	7		d3:2.5 d4:3.1 d5:4.1
84	Schizophyllum commune H4-8 dikaryon	L-arabinose	5		d3:2.3 d4:2.9 d5:3.9
84	Schizophyllum commune H4-8 dikaryon	L-rhamnose	5		d3:2.4 d4:2.9 d5:3.9
84	Schizophyllum commune H4-8 dikaryon	lactose	5		d3:1.5 d4:1.6 d5:1.9
84	Schizophyllum commune H4-8 dikaryon	lignin 1%	0		d3:2 d4:2.8 d5:3.5
84	Schizophyllum commune H4-8 dikaryon	maltose	7		d3:2.3 d4:3.2 d5:3.9
84	Schizophyllum commune H4-8 dikaryon	no carbon source	4		d3:2 d4:2.7 d5:4
84	Schizophyllum commune H4-8 dikaryon	oat spelt xylan 1%	8		d3:2.3 d4:3 d5:3.9
84	Schizophyllum commune H4-8 dikaryon	raffinose	7		d3:2.4 d4:2.9 d5:3.9
84	Schizophyllum commune H4-8 dikaryon	rice bran 3%	9		d3:2.3 d4:3.5 d5:5
84	Schizophyllum commune H4-8 dikaryon	soluble starch 1%	5		d3:2.5 d4:3.2 d5:4.3
84	Schizophyllum commune H4-8 dikaryon	soybean hulls 3%	9		d3:2.5 d4:3.6 d5:4.5
84	Schizophyllum commune H4-8 dikaryon	sucrose	7		d3:2.7 d4:3.3 d5:3.7
84	Schizophyllum commune H4-8 dikaryon	sugar beet pulp 3%	7		d3:1.7 d4:2.8 d5:5.3
84	Schizophyllum commune H4-8 dikaryon	wheat bran 3%	10		d3:2.6 d4:4 d5:3.7
85	Lachancea kluyveri	alfalfa meal 3%	5		d6:1.5
85	Lachancea kluyveri	apple pectin 1% pH=6	1		d6:0.7
85	Lachancea kluyveri	arabic gum 1%	1		d6:0.8
85	Lachancea kluyveri	arabinogalactan 1%			d6:0.6
85	Lachancea kluyveri	beechwood xylan 1%	1		d6:0.7
85	Lachancea kluyveri	birchwood xylan 1%	2		d6:0.9
85	Lachancea kluyveri	casein 3%	7		d6:1.1
85	Lachancea kluyveri	cellobiose	2		d6:0.7
85	Lachancea kluyveri	cellulose 3%	2		d6:0.8
85	Lachancea kluyveri	citrus pectin 1% pH=6	4		d6:1.1
85	Lachancea kluyveri	citrus pulp 3% pH=6	6		d6:1.3
85	Lachancea kluyveri	cotton seed pulp 3%	1		d6:0.7
85	Lachancea kluyveri	D-fructose	5		d6:1
85	Lachancea kluyveri	D-galactose	5		d6:1.2
85	Lachancea kluyveri	D-galacturonic acid	2		d6:0.6
85	Lachancea kluyveri	D-glucose	5		d6:1
85	Lachancea kluyveri	D-glucuronic acid	2		d6:0.7
85	Lachancea kluyveri	D-mannose	4		d6:1.1
85	Lachancea kluyveri	D-ribose	2		d6:0.7
85	Lachancea kluyveri	D-xylose	2		d6:0.6
85	Lachancea kluyveri	guar gum 1%	4		d6:1.1
85	Lachancea kluyveri	inulin 1%	2		d6:0.8
85	Lachancea kluyveri	L-arabinose	2		d6:0.8
85	Lachancea kluyveri	L-rhamnose	2		d6:0.8
85	Lachancea kluyveri	lactose	3		d6:0.8
85	Lachancea kluyveri	lignin 1%	3		d6:0.9
85	Lachancea kluyveri	maltose	3		d6:0.9
85	Lachancea kluyveri	no carbon source	2		d6:0.7
85	Lachancea kluyveri	oat spelt xylan 1%	1		d6:0.6
85	Lachancea kluyveri	raffinose	5		d6:1.2
85	Lachancea kluyveri	rice bran 3%	5		d6:1.5
85	Lachancea kluyveri	soluble starch 1%	2		d6:0.8
85	Lachancea kluyveri	soybean hulls 3%	6		d6:1.5
85	Lachancea kluyveri	sucrose	5		d6:1.2
85	Lachancea kluyveri	sugar beet pulp 3%	5		d6:1.3
85	Lachancea kluyveri	wheat bran 3%	5		d6:1.4
86	Serpula lacrymans S7	alfalfa meal 3%	0		
86	Serpula lacrymans S7	apple pectin 1% pH=6	4		
86	Serpula lacrymans S7	arabic gum 1%	1		d11:0.6 d14:0.6
86	Serpula lacrymans S7	beechwood xylan 1%	2		
86	Serpula lacrymans S7	birchwood xylan 1%	0		
86	Serpula lacrymans S7	casein 3%	2		
86	Serpula lacrymans S7	cellobiose	4		
86	Serpula lacrymans S7	cellulose 3%	1		
86	Serpula lacrymans S7	citrus pectin 1% pH=6	8		
86	Serpula lacrymans S7	citrus pulp 3% pH=6	3		
86	Serpula lacrymans S7	cotton seed pulp 3%	2		d21:0.5 d25:0.6 d28:0.9
86	Serpula lacrymans S7	D-fructose	4		d7:0.3 d11:0.6 d14:1.3 d18:1.9 d21:2.3 d25:3 d28:3.5
86	Serpula lacrymans S7	D-galactose	2		d11:0.2 d14:0.5 d18:0.9 d21:1.1 d25:2.5 d28:3.3
86	Serpula lacrymans S7	D-galacturonic acid	4		
86	Serpula lacrymans S7	D-glucose	5		d11:0.4 d14:0.8 d18:1.2 d21:1.4 d25:1.8 d28:2.1
86	Serpula lacrymans S7	D-glucuronic acid	2		
86	Serpula lacrymans S7	D-mannose	6		d11:0.1 d14:0.2 d18:0.6 d21:0.9 d25:1.9 d28:1.6
86	Serpula lacrymans S7	D-ribose	1		d14:0.2 d18:0.4 d21:0.5 d25:0.5 d28:0.7
86	Serpula lacrymans S7	D-xylose	4		d7:0.4 d11:1 d14:1.9 d18:2.9 d21:3.7 d25:4.5 d28:4.8
86	Serpula lacrymans S7	guar gum 1%	5		d7:0.2 d11:0.2 d14:0.6 d18:1.5 d21:1.8 d25:1.9 d28:2.2
86	Serpula lacrymans S7	inulin 1%	2		
86	Serpula lacrymans S7	L-arabinose	3		
86	Serpula lacrymans S7	L-rhamnose	0		
86	Serpula lacrymans S7	lactose	0		
86	Serpula lacrymans S7	lignin 1%	4		
86	Serpula lacrymans S7	maltose	5		d14:0.4 d18:0.7 d21:2 d25:3.3 d28:4.4
86	Serpula lacrymans S7	no carbon source	0		d14:0.3 d18:0.4 d21:0.5 d25:0.5 d28:0.7
86	Serpula lacrymans S7	oat spelt xylan 1%	0		
86	Serpula lacrymans S7	raffinose	0		
86	Serpula lacrymans S7	rice bran 3%	4		
86	Serpula lacrymans S7	soluble starch 1%	6		
86	Serpula lacrymans S7	soybean hulls 3%	3		
86	Serpula lacrymans S7	sucrose	0		d7:0.2 d11:0.2 d14:0.3 d18:0.6 d21:0.7 d25:0.7 d28:0.8
86	Serpula lacrymans S7	sugar beet pulp 3%	2		
86	Serpula lacrymans S7	wheat bran 3%	5		
87	Serpula lacrymans S7.3	alfalfa meal 3%	7		d11:0.1 d14:0.5 d18:0.9 d21:1.3 d25:1.9 d28:2.1 d31:2.6
87	Serpula lacrymans S7.3	apple pectin 1% pH=6	5		d11:0.3 d14:0.9 d18:1.3 d21:1.7 d25:2.2 d28:2.5 d31:2.7
87	Serpula lacrymans S7.3	arabic gum 1%	2		d11:0.3 d14:0.7 d18:0.8 d21:1.1 d25:1.6 d28:1.8 d31:2.1
87	Serpula lacrymans S7.3	arabinogalactan 1%			d11:0.1 d14:0.5 d18:0.7 d21:0.8 d25:1 d28:1.3 d31:1.5
87	Serpula lacrymans S7.3	beechwood xylan 1%	1		d18:0.7 d21:0.7 d25:1.1 d28:1.3 d31:1.5
87	Serpula lacrymans S7.3	birchwood xylan 1%	1		d18:0.6 d21:0.6 d25:0.6 d28:0.8 d31:1.1
87	Serpula lacrymans S7.3	casein 3%	1		d31:2
87	Serpula lacrymans S7.3	cellobiose	6		d7:0.1 d11:0.1 d14:0.5 d18:0.8 d21:1.2 d25:1.9 d28:2.4 d31:2.8
87	Serpula lacrymans S7.3	cellulose 3%	1		d18:0.5 d21:0.6 d25:0.6 d28:0.9 d31:1.2
87	Serpula lacrymans S7.3	citrus pectin 1% pH=6	6		d11:0.4 d14:0.7 d18:1.6 d21:1.8 d25:2.4 d28:2.7 d31:3
87	Serpula lacrymans S7.3	citrus pulp 3% pH=6	6		d18:0.4 d21:0.7 d25:1.4 d28:1.9 d31:2.3
87	Serpula lacrymans S7.3	cotton seed pulp 3%	2		d11:0.1 d14:0.1 d18:0.4 d21:0.6 d25:0.6 d28:1.2 d31:1.1
87	Serpula lacrymans S7.3	D-fructose	5		d4:0.1 d7:0.3 d11:0.8 d14:1.1 d18:1.2 d21:1.9 d25:2.2 d28:2.5 d31:2.7
87	Serpula lacrymans S7.3	D-galactose	3		d11:0.1 d14:0.6 d18:0.8 d21:1 d25:1.4 d28:1.6 d31:1.8
87	Serpula lacrymans S7.3	D-galacturonic acid	4		d11:0.1 d14:0.5 d18:0.8 d21:1 d25:1.6 d28:1.9 d31:2.2
87	Serpula lacrymans S7.3	D-glucose	5		d4:0.2 d7:0.3 d11:0.7 d14:1.1 d18:1.1 d21:1.8 d25:2.2 d28:2.5 d31:2.7
87	Serpula lacrymans S7.3	D-glucuronic acid	3		d11:0.1 d14:0.3 d18:0.4 d21:0.7 d25:0.8 d28:1.5 d31:1.7
87	Serpula lacrymans S7.3	D-mannose	6		d7:0.2 d11:0.4 d14:0.9 d18:0.8 d21:1.7 d25:2.1 d28:2.6 d31:2.8
87	Serpula lacrymans S7.3	D-ribose	1		d7:0.1 d11:0.1 d14:0.4 d18:0.6 d21:0.7 d25:1.1 d28:1.3 d31:1.5
87	Serpula lacrymans S7.3	D-xylose	7		d11:0.4 d14:0.7 d18:1.2 d21:1.7 d25:2.3 d28:2.7 d31:3.1
87	Serpula lacrymans S7.3	guar gum 1%	7		d7:0.6 d11:0.1 d14:0.9 d18:1.4 d21:1.8 d25:2.5 d28:2.8 d31:3.2
87	Serpula lacrymans S7.3	inulin 1%	2		d18:0.8 d21:1 d25:1.1 d28:1.5 d31:1.7
87	Serpula lacrymans S7.3	L-arabinose	4		d11:0.2 d14:0.6 d18:1.1 d21:1.3 d25:1.7 d28:2.1 d31:2.3
87	Serpula lacrymans S7.3	L-rhamnose	0		d11:0.2 d14:0.4 d18:0.6 d21:0.8 d25:1.2 d28:1.4 d31:1.4
87	Serpula lacrymans S7.3	lactose	8		d11:0.3 d14:1 d18:1.5 d21:2 d25:2.7 d28:3.3 d31:3.7
87	Serpula lacrymans S7.3	lignin 1%	0		d7:0.4
87	Serpula lacrymans S7.3	maltose	5		d7:0.1 d11:0.4 d14:0.7 d18:1.1 d21:1.4 d25:2 d28:2.2 d31:2.4
87	Serpula lacrymans S7.3	no carbon source	1		d7:0.1 d11:0.1 d14:0.6 d18:0.6 d21:0.7 d25:1.2 d28:1.2 d31:1.4
87	Serpula lacrymans S7.3	oat spelt xylan 1%	0		
87	Serpula lacrymans S7.3	raffinose	1		d11:0.1 d14:0.4 d18:0.5 d21:0.8 d25:1.1 d28:1.2 d31:1.4
87	Serpula lacrymans S7.3	rice bran 3%	7		d14:0.1 d18:0.4 d21:0.9 d25:1.8 d28:2.5 d31:3.2
87	Serpula lacrymans S7.3	soluble starch 1%	6		d7:0.2 d11:0.5 d14:0.9 d18:1.4 d21:1.8 d25:2.3 d28:2.6 d31:2.9
87	Serpula lacrymans S7.3	soybean hulls 3%	4		d14:0.1 d18:0.5 d21:0.8 d25:1.3 d28:1.6 d31:2.1
87	Serpula lacrymans S7.3	sucrose	1		d11:0.1 d14:0.4 d18:0.5 d21:0.8 d25:1.2 d28:1.3 d31:1.5
87	Serpula lacrymans S7.3	sugar beet pulp 3%	2		d21:0.1 d25:0.4 d28:0.7 d31:0.6
87	Serpula lacrymans S7.3	wheat bran 3%	9		d11:0.1 d14:0.6 d18:1.3 d21:2.1 d25:3 d28:3.7 d31:4.3
88	Serpula lacrymans S7.9	alfalfa meal 3%	2		d11:0.1 d18:0.2 d21:0.3 d25:0.5 d28:0.9 d32:1.1
88	Serpula lacrymans S7.9	apple pectin 1% pH=6	3		d11:0.5 d14:0.8 d18:1.2 d21:1.4 d25:1.7 d28:2 d32:2.1
88	Serpula lacrymans S7.9	arabic gum 1%	1		d11:0.1 d14:0.6 d18:0.8 d21:1 d25:1.3 d28:1.3 d32:1.9
88	Serpula lacrymans S7.9	arabinogalactan 1%			d18:0.2 d21:0.2 d25:0.3 d32:0.2
88	Serpula lacrymans S7.9	beechwood xylan 1%	0		
88	Serpula lacrymans S7.9	birchwood xylan 1%	0		d18:0.3 d21:0.3 d25:0.4 d28:0.7 d32:0.6
88	Serpula lacrymans S7.9	casein 3%	2		
88	Serpula lacrymans S7.9	cellobiose	4		d11:0.3 d14:0.7 d18:0.8 d21:0.9 d25:1.2 d28:1.4 d32:1.7
88	Serpula lacrymans S7.9	cellulose 3%	0		
88	Serpula lacrymans S7.9	citrus pectin 1% pH=6	4		d11:0.4 d14:0.8 d18:1.4 d21:1.6 d25:2.1 d28:2.4 d32:2.5
88	Serpula lacrymans S7.9	citrus pulp 3% pH=6	2		d14:0.1 d18:0.3 d21:0.4 d25:0.4 d28:0.7 d32:0.7
88	Serpula lacrymans S7.9	cotton seed pulp 3%	0		d11:0.1
88	Serpula lacrymans S7.9	D-fructose	2		d7:0.1 d11:0.3 d14:0.5 d18:0.7 d21:0.9 d25:1.3 d28:1.5 d32:1.8
88	Serpula lacrymans S7.9	D-galactose	3		d4:0.1 d7:0.1 d11:0.1 d14:0.2 d18:0.5 d21:0.9 d25:1.1 d28:1.5 d32:1.8
88	Serpula lacrymans S7.9	D-galacturonic acid	1		d14:0.1 d18:0.3 d21:0.4 d25:0.5 d28:0.7 d32:0.8
88	Serpula lacrymans S7.9	D-glucose	5		d7:0.1 d11:0.4 d14:0.7 d18:1 d21:1.3 d25:1.7 d28:2 d32:2.3
88	Serpula lacrymans S7.9	D-glucuronic acid	1		d14:0.1 d18:0.2 d21:0.4 d25:0.5 d28:0.6 d32:0.8
88	Serpula lacrymans S7.9	D-mannose	5		d7:0.2 d11:0.5 d14:0.8 d18:1.2 d21:0.8 d25:1.9 d28:2.3 d32:2.7
88	Serpula lacrymans S7.9	D-ribose	1		d14:0.2 d18:0.5 d21:0.5 d25:0.7 d28:0.9 d32:0.9
88	Serpula lacrymans S7.9	D-xylose	1		d14:0.2 d18:0.4 d21:0.5 d25:0.8 d28:1.1 d32:1.3
88	Serpula lacrymans S7.9	guar gum 1%	8		d7:0.3 d11:0.7 d14:1 d18:1.5 d21:1.9 d25:2.6 d28:3.3 d32:3.2
88	Serpula lacrymans S7.9	inulin 1%	1		d11:0.3 d14:0.5 d18:0.9 d21:1 d25:1.2 d28:1.5 d32:1.7
88	Serpula lacrymans S7.9	L-arabinose	1		d14:0.3 d18:0.4 d21:0.5 d25:0.7 d28:0.5 d32:0.8
88	Serpula lacrymans S7.9	L-rhamnose	1		d14:0.2 d18:0.5 d21:0.6 d25:0.7 d28:0.9 d32:1
88	Serpula lacrymans S7.9	lactose	2		d11:0.1 d14:0.3 d18:0.6 d21:0.8 d25:1.1 d28:1.4 d32:1.5
88	Serpula lacrymans S7.9	lignin 1%	0		
88	Serpula lacrymans S7.9	maltose	3		d11:0.1 d14:0.4 d18:0.6 d21:0.6 d25:0.9 d28:1.2 d32:1.3
88	Serpula lacrymans S7.9	no carbon source	0		d7:0.1 d11:0.1 d14:0.3 d18:0.6 d21:0.6 d25:0.8 d28:0.7 d32:0.8
88	Serpula lacrymans S7.9	oat spelt xylan 1%	0		
88	Serpula lacrymans S7.9	raffinose	1		d14:0.3 d18:0.5 d21:0.5 d25:0.7 d28:1.4 d32:1.1
88	Serpula lacrymans S7.9	rice bran 3%	2		d18:0.3 d21:0.3 d25:0.6 d28:0.9 d32:1.1
88	Serpula lacrymans S7.9	soluble starch 1%	8		d7:0.3 d11:0.8 d14:1.3 d18:1.6 d21:1.9 d25:2.5 d28:3 d32:3.1
88	Serpula lacrymans S7.9	soybean hulls 3%	2		d18:0.6 d21:0.6 d25:1.1 d28:1.3 d32:1.7
88	Serpula lacrymans S7.9	sucrose	0		d14:0.3 d18:0.4 d21:0.5 d25:0.7 d28:0.7 d32:0.9
88	Serpula lacrymans S7.9	sugar beet pulp 3%	3		d11:0.1 d14:0.1 d18:0.4 d21:0.5 d25:0.7 d28:1.2 d32:1.3
88	Serpula lacrymans S7.9	wheat bran 3%	5		d11:0.4 d14:0.7 d18:1 d21:1.2 d25:1.7 d28:2.2 d32:2.4
89	Serpula lacrymans var	alfalfa meal 3%	3		d7:0.4 d11:0.9 d14:3 d16:0.9
89	Serpula lacrymans var	apple pectin 1% pH=6	6		d7:0.5 d11:2.1 d14:3.1 d16:3.9
89	Serpula lacrymans var	arabic gum 1%	1		d11:0.4 d14:0.8 d16:1.1
89	Serpula lacrymans var	arabinogalactan 1%			d7:0.6
89	Serpula lacrymans var	beechwood xylan 1%	7		d7:1.6 d11:0.6 d14:1.1 d16:1.8
89	Serpula lacrymans var	birchwood xylan 1%	0		d3:0.1 d4:0.1 d16:0.3
89	Serpula lacrymans var	casein 3%	2		d7:0.3 d11:0.5 d14:0.3 d16:2
89	Serpula lacrymans var	cellobiose	5		d7:0.6 d11:1.9 d14:3.2 d16:3.9
89	Serpula lacrymans var	cellulose 3%	4		d7:0.2 d11:1.1 d14:2.1 d16:3.1
89	Serpula lacrymans var	citrus pectin 1% pH=6	8		d4:0.4 d7:1.9 d11:4.2 d14:5.8 d16:6.5
89	Serpula lacrymans var	citrus pulp 3% pH=6	10		d7:3.6 d14:0.2 d16:0.4
89	Serpula lacrymans var	cotton seed pulp 3%	1		d14:0.9 d16:1.3
89	Serpula lacrymans var	D-fructose	5		d3:0.2 d4:0.2 d7:1.1 d11:2.5 d14:3.6 d16:4.1
89	Serpula lacrymans var	D-galactose	2		d4:0.2 d7:0.4 d11:1 d14:3.1 d16:2
89	Serpula lacrymans var	D-galacturonic acid	3		d7:0.6 d11:1.7 d14:2.6 d16:3.2
89	Serpula lacrymans var	D-glucose	5		d7:0.8 d11:2.6 d14:3.8 d16:4.7
89	Serpula lacrymans var	D-glucuronic acid	1		d7:0.3 d11:0.7 d14:0.8 d16:1
89	Serpula lacrymans var	D-mannose	6		d3:0.1 d4:0.2 d7:1.2 d11:2.6 d14:3.5 d16:4
89	Serpula lacrymans var	D-ribose	1		d7:0.4 d11:0.8 d14:1.1 d16:1.3
89	Serpula lacrymans var	D-xylose	3		d7:0.4 d11:0.8 d14:1.6 d16:2.4
89	Serpula lacrymans var	guar gum 1%	8		d7:1.2 d11:3 d14:4.9 d16:5.8
89	Serpula lacrymans var	inulin 1%	4		d7:0.4 d11:1.7 d14:2.9 d16:3.3
89	Serpula lacrymans var	L-arabinose	2		d7:0.3 d11:0.7 d14:1.2 d16:1.5
89	Serpula lacrymans var	L-rhamnose	0		d7:0.2 d11:0.7 d14:1.1 d16:1.3
89	Serpula lacrymans var	lactose	4		d3:0.1 d4:0.2 d7:0.8 d11:1.8 d14:2.9 d16:3.4
89	Serpula lacrymans var	lignin 1%	8		d7:2.8
89	Serpula lacrymans var	maltose	7		d3:0.1 d4:0.2 d7:1.2 d11:3.1 d14:4.4 d16:4.7
89	Serpula lacrymans var	no carbon source	0		d7:0.4 d11:0.7 d14:1.1 d16:1.3
89	Serpula lacrymans var	oat spelt xylan 1%	0		
89	Serpula lacrymans var	raffinose	1		d7:0.5 d11:1 d14:1.7 d16:1.7
89	Serpula lacrymans var	rice bran 3%	0		d7:1.2
89	Serpula lacrymans var	soluble starch 1%	7		d4:0.1 d7:1.1 d11:2.3 d14:4.1 d16:5
89	Serpula lacrymans var	soybean hulls 3%	9		d7:2.8 d11:0.7 d14:1.7 d16:2.7
89	Serpula lacrymans var	sucrose	0		d7:0.2 d11:0.6 d14:0.9 d16:1
89	Serpula lacrymans var	sugar beet pulp 3%	4		d7:0.5
89	Serpula lacrymans var	wheat bran 3%	7		d7:0.5 d11:2 d14:3.2 d16:3.9
90	Zygosaccharomyces rouxii	alfalfa meal 3%	6		d6:1.1
90	Zygosaccharomyces rouxii	apple pectin 1% pH=6	2		d6:0.5
90	Zygosaccharomyces rouxii	arabic gum 1%	2		d6:0.6
90	Zygosaccharomyces rouxii	arabinogalactan 1%			d6:0.4
90	Zygosaccharomyces rouxii	beechwood xylan 1%	1		d6:0.6
90	Zygosaccharomyces rouxii	birchwood xylan 1%	1		d6:0.4
90	Zygosaccharomyces rouxii	casein 3%	2		d6:0.8
90	Zygosaccharomyces rouxii	cellobiose	1		d6:0.6
90	Zygosaccharomyces rouxii	cellulose 3%	0		d6:0.5
90	Zygosaccharomyces rouxii	citrus pectin 1% pH=6	3		d6:0.7
90	Zygosaccharomyces rouxii	citrus pulp 3% pH=6	4		d6:0.6
90	Zygosaccharomyces rouxii	cotton seed pulp 3%	1		d6:0.5
90	Zygosaccharomyces rouxii	D-fructose	5		d6:0.8
90	Zygosaccharomyces rouxii	D-galactose	1		d6:0.4
90	Zygosaccharomyces rouxii	D-galacturonic acid	0		d6:0.3
90	Zygosaccharomyces rouxii	D-glucose	5		d6:0.8
90	Zygosaccharomyces rouxii	D-glucuronic acid	2		d6:0.6
90	Zygosaccharomyces rouxii	D-mannose	2		d6:0.6
90	Zygosaccharomyces rouxii	D-ribose	1		d6:0.5
90	Zygosaccharomyces rouxii	D-xylose	1		d6:0.5
90	Zygosaccharomyces rouxii	guar gum 1%	1		d6:0.4
90	Zygosaccharomyces rouxii	inulin 1%	0		d6:0.4
90	Zygosaccharomyces rouxii	L-arabinose	0		d6:0.6
90	Zygosaccharomyces rouxii	L-rhamnose	2		d6:0.6
90	Zygosaccharomyces rouxii	lactose	1		d6:0.5
90	Zygosaccharomyces rouxii	lignin 1%	2		d6:0.7
90	Zygosaccharomyces rouxii	maltose	2		d6:0.6
90	Zygosaccharomyces rouxii	no carbon source	1		d6:0.5
90	Zygosaccharomyces rouxii	oat spelt xylan 1%	1		d6:0.4
90	Zygosaccharomyces rouxii	raffinose	1		d6:0.6
90	Zygosaccharomyces rouxii	rice bran 3%	3		d6:0.9
90	Zygosaccharomyces rouxii	soluble starch 1%	2		d6:0.5
90	Zygosaccharomyces rouxii	soybean hulls 3%	1		d6:0.7
90	Zygosaccharomyces rouxii	sucrose	2		d6:0.6
90	Zygosaccharomyces rouxii	sugar beet pulp 3%	5		d6:0.9
90	Zygosaccharomyces rouxii	wheat bran 3%	5		d6:0.9
91	Aspergillus sydowii NRRL 4470	alfalfa meal 3%	10		d2:0.7 d3:1.3 d4:1.8 d5:2.1
91	Aspergillus sydowii NRRL 4470	apple pectin 1% pH=6	4		d2:0.6 d3:1 d4:1.2 d5:1.6
91	Aspergillus sydowii NRRL 4470	arabic gum 1%	1		d2:0.6 d3:1.1 d4:1.4 d5:1.8
91	Aspergillus sydowii NRRL 4470	arabinogalactan 1%			d2:0.6 d3:1 d4:1.2 d5:1.4
91	Aspergillus sydowii NRRL 4470	beechwood xylan 1%	5		d2:0.5 d3:1 d4:1.2 d5:1.5
91	Aspergillus sydowii NRRL 4470	birchwood xylan 1%	5		d2:0.5 d3:0.9 d4:1.1 d5:1.3
91	Aspergillus sydowii NRRL 4470	casein 3%	8		d2:0.9 d3:1.6 d4:1.8 d5:1.5
91	Aspergillus sydowii NRRL 4470	cellobiose	4		d2:0.5 d3:0.9 d4:1 d5:1.3
91	Aspergillus sydowii NRRL 4470	cellulose 3%	1		d2:0.7 d3:0.7 d4:1.2 d5:1.3
91	Aspergillus sydowii NRRL 4470	citrus pectin 1% pH=6	6		d2:0.7 d3:1 d4:1.2 d5:1.7
91	Aspergillus sydowii NRRL 4470	citrus pulp 3% pH=6	9		d2:0.6 d3:1 d4:1.4 d5:1.8
91	Aspergillus sydowii NRRL 4470	cotton seed pulp 3%	2		d2:0.7 d3:1.1 d4:1.4 d5:2
91	Aspergillus sydowii NRRL 4470	D-fructose	4		d2:0.5 d3:0.8 d4:1 d5:1
91	Aspergillus sydowii NRRL 4470	D-galactose	2		d2:0.6 d3:0.7 d4:0.8 d5:1
91	Aspergillus sydowii NRRL 4470	D-galacturonic acid	2		d2:0.3 d3:0.3 d4:0.4 d5:0.4
91	Aspergillus sydowii NRRL 4470	D-glucose	5		d2:0.5 d3:0.8 d4:1 d5:1.4
91	Aspergillus sydowii NRRL 4470	D-glucuronic acid	3		d2:0.3 d3:0.4 d4:0.5 d5:0.5
91	Aspergillus sydowii NRRL 4470	D-mannose	5		d2:0.6 d3:0.9 d4:1 d5:1.2
91	Aspergillus sydowii NRRL 4470	D-ribose	2		d2:0.7 d3:1 d4:1.2 d5:1.5
91	Aspergillus sydowii NRRL 4470	D-xylose	5		d2:0.8 d3:0.9 d4:1.1 d5:1.3
91	Aspergillus sydowii NRRL 4470	guar gum 1%	2		d2:0.8 d3:1.2 d4:1.6 d5:2
91	Aspergillus sydowii NRRL 4470	inulin 1%	1		d2:0.6 d3:1 d4:1.2 d5:1.5
91	Aspergillus sydowii NRRL 4470	L-arabinose	4		d2:0.7 d3:1.1 d4:1.4 d5:1.4
91	Aspergillus sydowii NRRL 4470	L-rhamnose	3		d2:0.6 d3:0.9 d4:1.1 d5:1.3
91	Aspergillus sydowii NRRL 4470	lactose	4		d2:0.7 d3:0.8 d4:1 d5:1.2
91	Aspergillus sydowii NRRL 4470	lignin 1%	5		d2:0.4 d3:0.9 d4:1.3 d5:1.2
91	Aspergillus sydowii NRRL 4470	maltose	5		d2:0.5 d3:0.8 d4:1 d5:1.3
91	Aspergillus sydowii NRRL 4470	no carbon source	0		d2:0.7 d3:1 d4:1.2 d5:1.6
91	Aspergillus sydowii NRRL 4470	oat spelt xylan 1%	5		d2:0.5 d3:0.9 d4:1.2 d5:1.4
91	Aspergillus sydowii NRRL 4470	raffinose	5		d2:0.5 d3:0.8 d4:1 d5:1.3
91	Aspergillus sydowii NRRL 4470	rice bran 3%	10		d2:0.5 d3:1.3 d4:1.5 d5:2.2
91	Aspergillus sydowii NRRL 4470	soluble starch 1%	5		d2:0.5 d3:0.8 d4:1.1 d5:1.3
91	Aspergillus sydowii NRRL 4470	soybean hulls 3%	7		d2:0.7 d3:1.2 d4:1.6 d5:2
91	Aspergillus sydowii NRRL 4470	sucrose	5		d2:0.5 d3:0.8 d4:1.1 d5:1.3
91	Aspergillus sydowii NRRL 4470	sugar beet pulp 3%	8		d2:0.5 d3:1.2 d4:1.2 d5:1.9
91	Aspergillus sydowii NRRL 4470	wheat bran 3%	10		d2:0.4 d3:1.2 d4:1.2 d5:2
92	Aspergillus sydowii ARSEF8382	alfalfa meal 3%	10		d2:1.1 d3:1.4 d4:1.9 d5:2.1
92	Aspergillus sydowii ARSEF8382	apple pectin 1% pH=6	6		d2:0.9 d3:1.2 d4:1.4 d5:1.8
92	Aspergillus sydowii ARSEF8382	arabic gum 1%	1		d2:1 d3:1.4 d4:1.6 d5:1.9
92	Aspergillus sydowii ARSEF8382	arabinogalactan 1%			d2:1 d3:1.3 d4:1.6 d5:1.8
92	Aspergillus sydowii ARSEF8382	beechwood xylan 1%	5		d2:1 d3:1 d4:1.3 d5:1.6
92	Aspergillus sydowii ARSEF8382	birchwood xylan 1%	5		d2:0.9 d3:0.9 d4:1.1 d5:1
92	Aspergillus sydowii ARSEF8382	casein 3%	8		d2:1.3 d3:1.3 d4:1.3 d5:1.9
92	Aspergillus sydowii ARSEF8382	cellobiose	4		d2:0.8 d3:1.1 d4:1.2 d5:1.5
92	Aspergillus sydowii ARSEF8382	cellulose 3%	1		d2:0.8 d3:1.1 d4:1.3 d5:1.5
92	Aspergillus sydowii ARSEF8382	citrus pectin 1% pH=6	6		d2:0.8 d3:1.1 d4:1.4 d5:1.7
92	Aspergillus sydowii ARSEF8382	citrus pulp 3% pH=6	9		d2:1 d3:1.2 d4:1.7 d5:2
92	Aspergillus sydowii ARSEF8382	cotton seed pulp 3%	7		d2:1.2 d3:1.2 d4:1.6 d5:1.8
92	Aspergillus sydowii ARSEF8382	D-fructose	5		d2:0.8 d3:1 d4:1.3 d5:1.5
92	Aspergillus sydowii ARSEF8382	D-galactose	3		d2:0.7 d3:1.2 d4:1 d5:1.1
92	Aspergillus sydowii ARSEF8382	D-galacturonic acid	0		d2:0 d3:0.2 d4:0.2 d5:0.2
92	Aspergillus sydowii ARSEF8382	D-glucose	5		d2:0.7 d3:0.9 d4:1.1 d5:1.4
92	Aspergillus sydowii ARSEF8382	D-glucuronic acid	2		d2:0.3 d3:0.4 d4:0.5 d5:0.5
92	Aspergillus sydowii ARSEF8382	D-mannose	5		d2:0.8 d3:1 d4:1.1 d5:1.4
92	Aspergillus sydowii ARSEF8382	D-ribose	3		d2:1 d3:1.1 d4:1.4 d5:1.6
92	Aspergillus sydowii ARSEF8382	D-xylose	5		d2:1 d3:1.1 d4:1.4 d5:1.5
92	Aspergillus sydowii ARSEF8382	guar gum 1%	2		d2:1.1 d3:1.1 d4:1.6 d5:2.1
92	Aspergillus sydowii ARSEF8382	inulin 1%	1		d2:0.9 d3:1.2 d4:1.5 d5:1.6
92	Aspergillus sydowii ARSEF8382	L-arabinose	5		d2:0.9 d3:1.1 d4:1.4 d5:1.6
92	Aspergillus sydowii ARSEF8382	L-rhamnose	4		d2:0.9 d3:1.3 d4:1.3 d5:1.6
92	Aspergillus sydowii ARSEF8382	lactose	5		d2:0.9 d3:1 d4:1.2 d5:1.4
92	Aspergillus sydowii ARSEF8382	lignin 1%	5		d2:1.1 d3:1.1 d4:1.6 d5:1.9
92	Aspergillus sydowii ARSEF8382	maltose	4		d2:0.8 d3:1.1 d4:1.2 d5:1.6
92	Aspergillus sydowii ARSEF8382	no carbon source	0		d2:0.8 d3:1.1 d4:1.2 d5:1.5
92	Aspergillus sydowii ARSEF8382	oat spelt xylan 1%	5		d2:0.7 d3:1.1 d4:1.4 d5:1.6
92	Aspergillus sydowii ARSEF8382	raffinose	5		d2:0.8 d3:1 d4:1.3 d5:1.7
92	Aspergillus sydowii ARSEF8382	rice bran 3%	10		d2:1.1 d3:1.1 d4:1.9 d5:2.3
92	Aspergillus sydowii ARSEF8382	soluble starch 1%	6		d2:0.9 d3:1 d4:1.3 d5:1.7
92	Aspergillus sydowii ARSEF8382	soybean hulls 3%	8		d2:0.8 d3:1.2 d4:1.7 d5:1.7
92	Aspergillus sydowii ARSEF8382	sucrose	5		d2:0.8 d3:1 d4:1.3 d5:1.6
92	Aspergillus sydowii ARSEF8382	sugar beet pulp 3%	8		d2:0.9 d3:1.1 d4:1.7 d5:1.8
92	Aspergillus sydowii ARSEF8382	wheat bran 3%	8		d2:0.9 d3:1.3 d4:1.6 d5:1.7
93	Pleurotus ostreatus P001	alfalfa meal 3%	10		d5:3.1 d7:5.2 d9:7.5
93	Pleurotus ostreatus P001	apple pectin 1% pH=6	7		d5:1.7 d7:3.4 d9:4.3
93	Pleurotus ostreatus P001	arabic gum 1%	8		d5:2.8 d7:5 d9:7.1
93	Pleurotus ostreatus P001	arabinogalactan 1%			d5:2 d7:4 d9:6.4
93	Pleurotus ostreatus P001	beechwood xylan 1%	7		d5:0.7 d7:1.9 d9:3.5
93	Pleurotus ostreatus P001	birchwood xylan 1%	8		d5:0.3 d7:3.7 d9:6.8
93	Pleurotus ostreatus P001	casein 3%	3		d5:1.3 d7:1.9 d9:2.4
93	Pleurotus ostreatus P001	cellobiose	1		d5:0.7 d7:1.1 d9:1.5
93	Pleurotus ostreatus P001	cellulose 3%	7		d5:2.9 d7:5.3 d9:7.3
93	Pleurotus ostreatus P001	citrus pectin 1% pH=6	6		d5:1 d7:2.2 d9:3
93	Pleurotus ostreatus P001	citrus pulp 3% pH=6	7		d5:2.1 d7:3.8 d9:5.6
93	Pleurotus ostreatus P001	cotton seed pulp 3%	9		d5:3.6 d7:5.1 d9:3.9
93	Pleurotus ostreatus P001	D-fructose	5		d5:2.3 d7:4.1 d9:6
93	Pleurotus ostreatus P001	D-galactose	2		d5:1.4 d7:2.4 d9:3.3
93	Pleurotus ostreatus P001	D-galacturonic acid	7		d5:2.2 d7:4.1 d9:6.2
93	Pleurotus ostreatus P001	D-glucose	5		d5:2 d7:4.2 d9:6
93	Pleurotus ostreatus P001	D-glucuronic acid	1		d5:0.5 d7:1 d9:1.2
93	Pleurotus ostreatus P001	D-mannose	3		d5:1.8 d7:2.9 d9:4.3
93	Pleurotus ostreatus P001	D-ribose	1		d5:1.7 d7:2 d9:2.5
93	Pleurotus ostreatus P001	D-xylose	2		d5:0.4 d7:0.8 d9:1.3
93	Pleurotus ostreatus P001	guar gum 1%	9		d5:2 d7:5 d9:7.3
93	Pleurotus ostreatus P001	inulin 1%	5		d5:1.9 d7:4.3 d9:6.5
93	Pleurotus ostreatus P001	L-arabinose	4		d5:2.2 d7:3.9 d9:5
93	Pleurotus ostreatus P001	L-rhamnose	1		d5:2.2 d7:4 d9:5.9
93	Pleurotus ostreatus P001	lactose	0		d5:0.4 d7:0.4 d9:0.5
93	Pleurotus ostreatus P001	lignin 1%	6		d5:1.2 d7:2.3 d9:3.5
93	Pleurotus ostreatus P001	maltose	5		d5:1.7 d7:3.8 d9:6.1
93	Pleurotus ostreatus P001	no carbon source	1		d5:2.8 d7:5 d9:6.6
93	Pleurotus ostreatus P001	oat spelt xylan 1%	6		
93	Pleurotus ostreatus P001	raffinose	1		d5:1.2 d7:1.8 d9:2.3
93	Pleurotus ostreatus P001	rice bran 3%	9		d5:3 d7:5 d9:7
93	Pleurotus ostreatus P001	soluble starch 1%	6		d5:1.7 d7:3.2 d9:5.2
93	Pleurotus ostreatus P001	soybean hulls 3%	10		d5:3.6 d7:6 d9:9.5
93	Pleurotus ostreatus P001	sucrose	5		d5:3.3 d7:5.8 d9:7.5
93	Pleurotus ostreatus P001	sugar beet pulp 3%	6		d5:1.7 d7:2.6 d9:3.8
93	Pleurotus ostreatus P001	wheat bran 3%	10		d5:4 d7:6.5 d9:9.5
94	Pleurotus ostreatus P001/09	alfalfa meal 3%	10		d5:2 d10:6 d12:7.4
94	Pleurotus ostreatus P001/09	apple pectin 1% pH=6	7		d5:1.6 d10:2.8 d12:3.7
94	Pleurotus ostreatus P001/09	arabic gum 1%	5		d5:0.5 d10:3.2 d12:4.4
94	Pleurotus ostreatus P001/09	arabinogalactan 1%			d5:1.2 d10:2.2 d12:2.8
94	Pleurotus ostreatus P001/09	beechwood xylan 1%	6		d5:1.2 d10:2.3 d12:2.9
94	Pleurotus ostreatus P001/09	birchwood xylan 1%	7		d5:1.5 d10:4.1 d12:5.4
94	Pleurotus ostreatus P001/09	casein 3%	3		d5:0.6 d10:2.7 d12:3.5
94	Pleurotus ostreatus P001/09	cellobiose	3		d5:0.6 d10:0.9 d12:1.6
94	Pleurotus ostreatus P001/09	cellulose 3%	4		d5:0.8 d10:3 d12:4
94	Pleurotus ostreatus P001/09	citrus pectin 1% pH=6	6		d5:1.4 d10:3 d12:3.5
94	Pleurotus ostreatus P001/09	citrus pulp 3% pH=6	8		d5:1.3 d7:2.7 d9:4 d12:6.5
94	Pleurotus ostreatus P001/09	cotton seed pulp 3%	7		d10:2.9 d12:4.6
94	Pleurotus ostreatus P001/09	D-fructose	5		d5:1.1 d10:2.3 d12:3.2
94	Pleurotus ostreatus P001/09	D-galactose	1		d5:1.1 d10:2.5 d12:3.2
94	Pleurotus ostreatus P001/09	D-galacturonic acid	7		d5:1.4 d10:5 d12:5.9
94	Pleurotus ostreatus P001/09	D-glucose	5		d5:1 d10:2.8 d12:3.5
94	Pleurotus ostreatus P001/09	D-glucuronic acid	1		d5:0.7 d10:1.6 d12:2.1
94	Pleurotus ostreatus P001/09	D-mannose	5		d5:1 d10:2.1 d12:3
94	Pleurotus ostreatus P001/09	D-ribose	1		d5:1.3 d10:3.5 d12:4
94	Pleurotus ostreatus P001/09	D-xylose	3		d5:0.6 d10:2.6 d12:3.4
94	Pleurotus ostreatus P001/09	guar gum 1%	9		d5:1.1 d10:5.5 d12:6.9
94	Pleurotus ostreatus P001/09	inulin 1%	2		d5:1.5 d10:4.7 d12:5.5
94	Pleurotus ostreatus P001/09	L-arabinose	2		d5:1.3 d10:3.6 d12:4.1
94	Pleurotus ostreatus P001/09	L-rhamnose	1		d5:1.4 d10:3.4 d12:3.5
94	Pleurotus ostreatus P001/09	lactose	1		d5:0.7 d10:2.5 d12:2.9
94	Pleurotus ostreatus P001/09	lignin 1%	4		d5:1.1 d10:3.1 d12:4.1
94	Pleurotus ostreatus P001/09	maltose	5		d5:1.2 d10:3.3 d12:4.2
94	Pleurotus ostreatus P001/09	no carbon source	1		d5:1.2 d10:2.2 d12:2.9
94	Pleurotus ostreatus P001/09	oat spelt xylan 1%	0		
94	Pleurotus ostreatus P001/09	raffinose	1		d5:1.1 d10:3.3 d12:4
94	Pleurotus ostreatus P001/09	rice bran 3%	9		d5:1.4 d10:5 d12:6.6
94	Pleurotus ostreatus P001/09	soluble starch 1%	2		d5:0.5 d10:2 d12:3.4
94	Pleurotus ostreatus P001/09	soybean hulls 3%	10		d5:2.8 d10:7 d12:7.9
94	Pleurotus ostreatus P001/09	sucrose	5		d5:1.3 d10:2.6 d12:3.6
94	Pleurotus ostreatus P001/09	sugar beet pulp 3%	7		d5:0.5 d7:1.6 d9:2.6 d12:4
94	Pleurotus ostreatus P001/09	wheat bran 3%	10		d5:2.1 d10:6.5 d12:7.8
95	Pleurotus ostreatus P001/15	alfalfa meal 3%	10		d3:0.3 d5:0.4 d7:1 d11:1.9 d13:2.5 d17:3.9 d19:4.9
95	Pleurotus ostreatus P001/15	apple pectin 1% pH=6	7		d3:0.3 d5:0.5 d7:0.7 d11:1.1 d13:1.6 d17:2.1 d19:2.5
95	Pleurotus ostreatus P001/15	arabic gum 1%	4		d5:0.5 d7:0.8 d11:1.9 d13:1.7 d17:2.3 d19:2.5
95	Pleurotus ostreatus P001/15	arabinogalactan 1%			d3:0.3 d5:0.6 d7:1 d11:1.9 d13:2.3 d17:3 d19:3.5
95	Pleurotus ostreatus P001/15	beechwood xylan 1%	6		d3:0.3 d5:0.4 d7:0.7 d11:1.3 d13:1.6 d17:2.2 d19:2.8
95	Pleurotus ostreatus P001/15	birchwood xylan 1%	6		d5:0.5 d7:1 d11:2.1 d13:2.5 d17:3.7 d19:4.2
95	Pleurotus ostreatus P001/15	casein 3%	6		d3:0.2 d5:0.4 d7:0.8 d11:1.8 d13:2.2 d17:3.1 d19:3.4
95	Pleurotus ostreatus P001/15	cellobiose	4		d5:0.2 d7:0.4 d9:0.6 d12:0.8 d14:1.1 d16:1.1 d19:1.2
95	Pleurotus ostreatus P001/15	cellulose 3%	5		d5:0.4 d7:0.8 d11:1.2 d13:1.4 d17:2.1 d19:2.5
95	Pleurotus ostreatus P001/15	citrus pectin 1% pH=6	0		
95	Pleurotus ostreatus P001/15	citrus pulp 3% pH=6	8		d5:0.4 d7:0.6 d9:0.9 d12:1.4 d14:1.6 d16:1.5 d19:3.5
95	Pleurotus ostreatus P001/15	cotton seed pulp 3%	7		d3:0.3 d5:0.7 d7:1 d11:2.1 d13:2.6 d17:3.5 d19:4.1
95	Pleurotus ostreatus P001/15	D-fructose	5		d3:0.3 d5:0.5 d7:0.8 d11:1.2 d13:1.5 d17:1.7 d19:1.9
95	Pleurotus ostreatus P001/15	D-galactose	3		d3:0.2 d5:0.4 d7:0.7 d11:1.2 d13:1.7 d17:1.8 d19:2
95	Pleurotus ostreatus P001/15	D-galacturonic acid	8		d3:0.3 d5:0.6 d7:0.9 d11:1.8 d13:2 d17:2.9 d19:3.3
95	Pleurotus ostreatus P001/15	D-glucose	5		d3:0.4 d5:0.5 d7:0.8 d11:1.3 d13:1.5 d17:1.6 d19:1.9
95	Pleurotus ostreatus P001/15	D-glucuronic acid	0		d7:0.6 d11:0.7 d13:0.9 d17:1.1 d19:1.3
95	Pleurotus ostreatus P001/15	D-mannose	4		d3:0.3 d5:0.3 d7:0.5 d11:1 d13:1.2 d17:1.5 d19:1.7
95	Pleurotus ostreatus P001/15	D-ribose	1		d3:0.3 d5:0.4 d7:0.9 d11:1.8 d13:2.2 d17:2.7 d19:3.1
95	Pleurotus ostreatus P001/15	D-xylose	5		d7:0.6 d11:1.5 d13:1.8 d17:2 d19:2.2
95	Pleurotus ostreatus P001/15	guar gum 1%	6		d3:0.4 d5:0.7 d7:1.1 d11:1.8 d13:2 d17:2.5 d19:2.7
95	Pleurotus ostreatus P001/15	inulin 1%	6		d3:0.3 d5:0.6 d7:0.9 d11:1.8 d13:1.9 d17:2.7 d19:3
95	Pleurotus ostreatus P001/15	L-arabinose	5		d3:0.3 d5:0.5 d7:1 d11:1.8 d13:2.2 d17:2.8 d19:3.2
95	Pleurotus ostreatus P001/15	L-rhamnose	1		d5:0.3 d7:0.7 d11:1.4 d13:1.5 d17:1.8 d19:1.9
95	Pleurotus ostreatus P001/15	lactose	0		d3:0.2 d5:0.2 d7:0.2 d11:0.5 d13:0.6 d17:0.7 d19:1
95	Pleurotus ostreatus P001/15	lignin 1%	1		d5:0.4 d7:0.6 d11:1.3 d13:1.7 d17:2.2 d19:2.7
95	Pleurotus ostreatus P001/15	maltose	5		d3:0.2 d5:0.5 d7:0.9 d11:1.5 d13:1.7 d17:2 d19:2.3
95	Pleurotus ostreatus P001/15	no carbon source	2		d5:0.5 d7:0.8 d11:2.3 d13:3 d17:4.1 d19:4.9
95	Pleurotus ostreatus P001/15	oat spelt xylan 1%	0		
95	Pleurotus ostreatus P001/15	raffinose	3		d3:0.3 d5:0.5 d7:1.2 d11:2.3 d13:3 d17:3.9 d19:4.3
95	Pleurotus ostreatus P001/15	rice bran 3%	10		d3:0.4 d5:1 d7:1.3 d11:2.4 d13:2.9 d17:4.2 d19:4.9
95	Pleurotus ostreatus P001/15	soluble starch 1%	5		d5:0.5 d7:0.8 d11:1.3 d13:1.5 d17:2 d19:2.3
95	Pleurotus ostreatus P001/15	soybean hulls 3%	9		d5:0.7 d7:1 d9:1.3 d12:1.6 d14:2.4 d16:2.6 d19:3.2
95	Pleurotus ostreatus P001/15	sucrose	2		d3:0.3 d5:0.5 d7:0.9 d11:2.3 d13:2.8 d17:4 d19:4.5
95	Pleurotus ostreatus P001/15	sugar beet pulp 3%	6		d3:0.2 d5:0.3 d7:0.5 d11:0.9 d13:1.1 d17:1.4 d19:1.9
95	Pleurotus ostreatus P001/15	wheat bran 3%	10		d5:0.5 d7:0.9 d9:1.4 d12:2.1 d14:2.6 d16:3 d19:3
96	Pyricularia oryzae Guy11	alfalfa meal 3%	7		d3:0.8 d4:1.2 d5:2.2 d7:3.6 d8:4.1 d9:4.8 d10:5.5
96	Pyricularia oryzae Guy11	apple pectin 1% pH=6	3		d3:0.8 d4:1.1 d5:1.9 d7:3.1 d8:3.7 d9:4.4 d10:5
96	Pyricularia oryzae Guy11	arabic gum 1%	5		d3:1.3 d4:1.8 d5:2.4 d7:3.3 d8:4.1 d9:4.5 d10:5
96	Pyricularia oryzae Guy11	arabinogalactan 1%			d3:1.2 d4:1.7 d5:2.2 d7:3.3 d8:4.1 d9:4.6 d10:5.1
96	Pyricularia oryzae Guy11	birchwood xylan 1%	5		d3:1.2 d4:1.5 d5:2.2 d7:3.4 d8:3.9 d9:4.4 d10:5
96	Pyricularia oryzae Guy11	casein 3%	6		d3:0.8 d4:1.5 d5:2.3 d7:3.5 d8:4 d9:4.5 d10:5.2
96	Pyricularia oryzae Guy11	cellobiose	5		d3:1 d4:1.5 d5:1.8 d7:2.8 d8:3.6 d9:4 d10:4.5
96	Pyricularia oryzae Guy11	cellulose 3%	2		d3:1 d5:2 d7:3 d8:3.5 d9:5 d10:5
96	Pyricularia oryzae Guy11	citrus pectin 1% pH=6	6		d3:1.1 d4:1.6 d5:2.1 d7:3.3 d8:3.9 d9:4.6 d10:5.1
96	Pyricularia oryzae Guy11	citrus pulp 3% pH=6	6		d3:1.2 d4:1.6 d5:2.3 d7:3.4 d8:3.8 d9:4.5 d10:5.1
96	Pyricularia oryzae Guy11	cotton seed pulp 3%	4		d3:0.9 d4:1.6 d5:2.3 d7:3.6 d8:4 d9:5 d10:5.6
96	Pyricularia oryzae Guy11	D-fructose	5		d3:1.2 d4:1.4 d5:1.8 d7:2.9 d8:3.9 d9:4.5 d10:5
96	Pyricularia oryzae Guy11	D-galactose	0		
96	Pyricularia oryzae Guy11	D-galacturonic acid	0		
96	Pyricularia oryzae Guy11	D-glucose	5		d3:1 d4:1.3 d5:1.8 d7:2.8 d8:3.5 d9:4.3 d10:4.8
96	Pyricularia oryzae Guy11	D-glucuronic acid	1		d3:0.5 d4:0.5 d5:0.7 d7:0.9 d8:1 d9:1.1 d10:1.2
96	Pyricularia oryzae Guy11	D-mannose	5		d3:0.8 d4:1.6 d5:1.7 d7:2.6 d8:3.7 d9:4 d10:4.7
96	Pyricularia oryzae Guy11	D-ribose	2		d3:1.2 d4:1.6 d5:2.1 d7:3.2 d8:3.8 d9:4.3 d10:4.8
96	Pyricularia oryzae Guy11	D-xylose	3		d4:0.5 d5:1 d7:1.5 d8:2.2 d9:2.9 d10:3.7
96	Pyricularia oryzae Guy11	guar gum 1%	7		d3:1.2 d4:1.9 d5:2.6 d7:3.8 d8:4.5 d9:5.4 d10:5.9
96	Pyricularia oryzae Guy11	inulin 1%	2		d3:1 d4:1.5 d5:2 d7:3.3 d8:3.9 d9:4.4 d10:5.1
96	Pyricularia oryzae Guy11	lactose	4		d3:0.9 d4:1.4 d5:1.6 d7:2.5 d8:3.2 d9:3.7 d10:4.3
96	Pyricularia oryzae Guy11	maltose	4		d3:1.1 d4:1.7 d5:1.9 d7:3.2 d8:3.8 d9:4.3 d10:4.9
96	Pyricularia oryzae Guy11	no carbon source	0		d3:1.4 d4:1.8 d5:2.2 d7:3.5 d8:4 d9:4 d10:4.3
96	Pyricularia oryzae Guy11	oat spelt xylan 1%	0		
96	Pyricularia oryzae Guy11	raffinose	4		d3:0.7 d4:1.2 d5:2.1 d7:2.9 d8:3.7 d9:4.3 d10:4.6
96	Pyricularia oryzae Guy11	rice bran 3%	8		d3:1.5 d4:1.9 d5:2.8 d7:4 d8:4.8 d9:5.5 d10:6.2
96	Pyricularia oryzae Guy11	soluble starch 1%	2		d3:1.2 d4:1.5 d5:2 d7:3 d8:3.4 d10:4
96	Pyricularia oryzae Guy11	soybean hulls 3%	4		d3:0.9 d4:1.3 d5:1.7 d7:2.4 d8:2.5 d9:2.9 d10:3.5
96	Pyricularia oryzae Guy11	sucrose	5		d3:0.8 d4:1.4 d5:1.7 d7:2.6 d8:3.5 d9:4.2 d10:4.7
96	Pyricularia oryzae Guy11	wheat bran 3%	8		d3:1 d4:2 d5:2.7 d7:4.2 d8:4.5 d9:5.5 d10:6.1
97	Aspergillus cervinus CBS196.64	alfalfa meal 3%	8		d2:0.6 d3:1 d4:1.5
97	Aspergillus cervinus CBS196.64	apple pectin 1% pH=6	4		d2:0.7 d3:1.6 d4:2.1
97	Aspergillus cervinus CBS196.64	arabic gum 1%	1		d2:0.6 d3:1.3 d4:1.9
97	Aspergillus cervinus CBS196.64	arabinogalactan 1%			d3:1 d4:1.6
97	Aspergillus cervinus CBS196.64	birchwood xylan 1%	3		d3:0.7 d4:1.2
97	Aspergillus cervinus CBS196.64	casein 3%	1		d4:0.7
97	Aspergillus cervinus CBS196.64	cellobiose	4		d3:0.5 d4:0.7
97	Aspergillus cervinus CBS196.64	cellulose 3%	0		d3:0.8 d4:1.5
97	Aspergillus cervinus CBS196.64	citrus pectin 1% pH=6	8		d2:0.8 d3:1.5 d4:2
97	Aspergillus cervinus CBS196.64	citrus pulp 3% pH=6	10		d2:0.7 d3:1.2 d4:1.8
97	Aspergillus cervinus CBS196.64	cotton seed pulp 3%	3		d2:0.6 d3:1.1 d4:1.5
97	Aspergillus cervinus CBS196.64	D-fructose	5		d3:0.7 d4:1.4
97	Aspergillus cervinus CBS196.64	D-galactose	0		
97	Aspergillus cervinus CBS196.64	D-galacturonic acid	5		d3:0.9 d4:1.3
97	Aspergillus cervinus CBS196.64	D-glucose	5		d3:0.9 d4:1.2
97	Aspergillus cervinus CBS196.64	D-glucuronic acid	2		d3:0.6 d4:1.1
97	Aspergillus cervinus CBS196.64	D-mannose	5		d2:0.5 d3:0.9 d4:1.3
97	Aspergillus cervinus CBS196.64	D-ribose	0		d3:0.7 d4:1.2
97	Aspergillus cervinus CBS196.64	D-xylose	5		d2:0.7 d3:1.1 d4:1.4
97	Aspergillus cervinus CBS196.64	guar gum 1%	6		d3:0.9 d4:1.5
97	Aspergillus cervinus CBS196.64	inulin 1%	6		d2:0.5 d3:1 d4:1.8
97	Aspergillus cervinus CBS196.64	lactose	6		d3:0.8 d4:1.2
97	Aspergillus cervinus CBS196.64	maltose	5		d3:0.8 d4:1.3
97	Aspergillus cervinus CBS196.64	no carbon source	1		d3:0.8 d4:1.3
97	Aspergillus cervinus CBS196.64	oat spelt xylan 1%	0		
97	Aspergillus cervinus CBS196.64	raffinose	6		d3:0.7 d4:1.3
97	Aspergillus cervinus CBS196.64	rice bran 3%	7		d2:0.7 d3:1.4 d4:1.9
97	Aspergillus cervinus CBS196.64	soluble starch 1%	6		d2:0.5 d3:0.9 d4:1.2
97	Aspergillus cervinus CBS196.64	soybean hulls 3%	7		d2:0.7 d3:1 d4:1.7
97	Aspergillus cervinus CBS196.64	sucrose	6		d3:0.8 d4:1.3
97	Aspergillus cervinus CBS196.64	wheat bran 3%	9		d2:0.7 d3:1.2 d4:1.5
98	Aspergillus luchuensis CBS214.49	alfalfa meal 3%	10		d1:0.6 d2:2.5
98	Aspergillus luchuensis CBS214.49	apple pectin 1% pH=6	4		d1:0.6 d2:2.2
98	Aspergillus luchuensis CBS214.49	arabic gum 1%	1		d1:0.6 d2:2
98	Aspergillus luchuensis CBS214.49	arabinogalactan 1%			d1:0.5 d2:2
98	Aspergillus luchuensis CBS214.49	birchwood xylan 1%	3		d1:0.3 d2:1.3
98	Aspergillus luchuensis CBS214.49	casein 3%	1		d1:0.5 d2:1.2
98	Aspergillus luchuensis CBS214.49	cellobiose	4		d1:0.5 d2:1.4
98	Aspergillus luchuensis CBS214.49	cellulose 3%	1		d1:0.4 d2:0.9
98	Aspergillus luchuensis CBS214.49	citrus pectin 1% pH=6	7		d1:0.5 d2:2.2
98	Aspergillus luchuensis CBS214.49	citrus pulp 3% pH=6	10		d1:0.6 d2:2.5
98	Aspergillus luchuensis CBS214.49	cotton seed pulp 3%	4		d1:0.4 d2:2.3
98	Aspergillus luchuensis CBS214.49	D-fructose	5		d1:0.4 d2:1.5
98	Aspergillus luchuensis CBS214.49	D-galactose	0		d2:0.4
98	Aspergillus luchuensis CBS214.49	D-galacturonic acid	2		d2:1.1
98	Aspergillus luchuensis CBS214.49	D-glucose	5		d1:0.4 d2:1.4
98	Aspergillus luchuensis CBS214.49	D-glucuronic acid	1		d2:1.5
98	Aspergillus luchuensis CBS214.49	D-mannose	5		d1:0.5 d2:1.4
98	Aspergillus luchuensis CBS214.49	D-ribose	1		d1:0.4 d2:1.3
98	Aspergillus luchuensis CBS214.49	D-xylose	4		d1:0.4 d2:1.5
98	Aspergillus luchuensis CBS214.49	guar gum 1%	4		d1:0.5 d2:2.2
98	Aspergillus luchuensis CBS214.49	inulin 1%	4		d1:0.4 d2:1.3
98	Aspergillus luchuensis CBS214.49	lactose	1		d1:0.3 d2:1.2
98	Aspergillus luchuensis CBS214.49	maltose	5		d1:0.4 d2:1.5
98	Aspergillus luchuensis CBS214.49	no carbon source	0		d1:0.4 d2:1
98	Aspergillus luchuensis CBS214.49	oat spelt xylan 1%	0		
98	Aspergillus luchuensis CBS214.49	raffinose	5		d1:0.4 d2:1.7
98	Aspergillus luchuensis CBS214.49	rice bran 3%	7		d1:0.8 d2:2.5
98	Aspergillus luchuensis CBS214.49	soluble starch 1%	4		d1:0.4 d2:1.3
98	Aspergillus luchuensis CBS214.49	soybean hulls 3%	7		d1:0.7 d2:2.5
98	Aspergillus luchuensis CBS214.49	sucrose	6		d1:0.6 d2:1.7
98	Aspergillus luchuensis CBS214.49	wheat bran 3%	9		d1:0.7 d2:2.9
99	Aspergillus glaucus CBS516.65	alfalfa meal 3%	10		d2:0.9 d3:1.9
99	Aspergillus glaucus CBS516.65	apple pectin 1% pH=6	1		d2:0.3
99	Aspergillus glaucus CBS516.65	arabic gum 1%	3		d2:0.6 d3:1.2
99	Aspergillus glaucus CBS516.65	arabinogalactan 1%			d2:0.7 d3:1.2
99	Aspergillus glaucus CBS516.65	birchwood xylan 1%	2		d2:0.7 d3:1.2
99	Aspergillus glaucus CBS516.65	casein 3%	3		d2:0.5 d3:1
99	Aspergillus glaucus CBS516.65	cellobiose	1		d2:0.6 d3:1
99	Aspergillus glaucus CBS516.65	cellulose 3%	4		d2:0.2 d3:0.8
99	Aspergillus glaucus CBS516.65	citrus pectin 1% pH=6	2		d2:0.2 d3:0.6
99	Aspergillus glaucus CBS516.65	citrus pulp 3% pH=6	9		d2:0.8 d3:1.8
99	Aspergillus glaucus CBS516.65	cotton seed pulp 3%	4		d2:0.6 d3:1.4
99	Aspergillus glaucus CBS516.65	D-fructose	4		d2:0.8 d3:1.3
99	Aspergillus glaucus CBS516.65	D-galactose	2		d2:0.2 d3:0.9
99	Aspergillus glaucus CBS516.65	D-galacturonic acid	3		
99	Aspergillus glaucus CBS516.65	D-glucose	5		d2:0.7 d3:1.5
99	Aspergillus glaucus CBS516.65	D-glucuronic acid	3		d2:0.6 d3:1.1
99	Aspergillus glaucus CBS516.65	D-mannose	5		d2:0.8 d3:1.5
99	Aspergillus glaucus CBS516.65	D-ribose	0		d2:0.3 d3:0.7
99	Aspergillus glaucus CBS516.65	D-xylose	3		d2:0.6 d3:1.3
99	Aspergillus glaucus CBS516.65	guar gum 1%	4		d2:0.5 d3:1.4
99	Aspergillus glaucus CBS516.65	inulin 1%	4		d2:0.7 d3:1.4
99	Aspergillus glaucus CBS516.65	lactose	5		d2:0.2 d3:0.9
99	Aspergillus glaucus CBS516.65	maltose	1		d2:0.4 d3:0.8
99	Aspergillus glaucus CBS516.65	no carbon source	1		d3:0.9
99	Aspergillus glaucus CBS516.65	oat spelt xylan 1%	4		
99	Aspergillus glaucus CBS516.65	raffinose	0		d2:0.6 d3:1.4
99	Aspergillus glaucus CBS516.65	rice bran 3%	6		d2:0.9 d3:2
99	Aspergillus glaucus CBS516.65	soluble starch 1%	0		d2:0.7 d3:1.3
99	Aspergillus glaucus CBS516.65	soybean hulls 3%	7		d2:1 d3:1.8
99	Aspergillus glaucus CBS516.65	sucrose	5		d2:0.7 d3:1.4
99	Aspergillus glaucus CBS516.65	wheat bran 3%	10		d2:1.2 d3:2.1
100	Aspergillus ochraceus CBS108.08	alfalfa meal 3%	9		d2:0.9 d3:1.6 d4:2.2
100	Aspergillus ochraceus CBS108.08	apple pectin 1% pH=6	4		d2:0.6 d3:1.2 d4:1.8
100	Aspergillus ochraceus CBS108.08	arabic gum 1%	4		d2:0.5 d3:1.1 d4:1.7
100	Aspergillus ochraceus CBS108.08	arabinogalactan 1%			d2:0.5 d3:1 d4:1.5
100	Aspergillus ochraceus CBS108.08	birchwood xylan 1%	6		d3:0.9 d4:1.5
100	Aspergillus ochraceus CBS108.08	casein 3%	3		d2:0.6 d3:1.1 d4:1.9
100	Aspergillus ochraceus CBS108.08	cellobiose	5		d3:0.8 d4:1.4
100	Aspergillus ochraceus CBS108.08	cellulose 3%	0		d3:0.9 d4:1.2
100	Aspergillus ochraceus CBS108.08	citrus pectin 1% pH=6	5		d3:0.6 d4:1.2
100	Aspergillus ochraceus CBS108.08	citrus pulp 3% pH=6	9		d2:0.8 d3:1.4 d4:2.2
100	Aspergillus ochraceus CBS108.08	cotton seed pulp 3%	4		d2:0.6 d3:1.2 d4:1.8
100	Aspergillus ochraceus CBS108.08	D-fructose	6		d2:0.4 d3:0.8 d4:1.3
100	Aspergillus ochraceus CBS108.08	D-galactose	1		d3:0.4 d4:0.5
100	Aspergillus ochraceus CBS108.08	D-galacturonic acid	1		d4:0.5
100	Aspergillus ochraceus CBS108.08	D-glucose	5		d3:0.6 d4:1.1
100	Aspergillus ochraceus CBS108.08	D-glucuronic acid	0		d3:0.8 d4:1.3
100	Aspergillus ochraceus CBS108.08	D-mannose	5		d3:0.7 d4:1.3
100	Aspergillus ochraceus CBS108.08	D-ribose	0		d3:0.8 d4:1.1
100	Aspergillus ochraceus CBS108.08	D-xylose	6		d3:0.8 d4:1.4
100	Aspergillus ochraceus CBS108.08	guar gum 1%	4		d2:0.6 d3:1.3 d4:2.1
100	Aspergillus ochraceus CBS108.08	inulin 1%	6		d3:0.8 d4:1.4
100	Aspergillus ochraceus CBS108.08	lactose	3		d3:0.7 d4:1.3
100	Aspergillus ochraceus CBS108.08	maltose	5		d3:0.8 d4:1.4
100	Aspergillus ochraceus CBS108.08	no carbon source	0		d3:0.6 d4:1.3
100	Aspergillus ochraceus CBS108.08	oat spelt xylan 1%	0		
100	Aspergillus ochraceus CBS108.08	raffinose	6		d2:0.4 d3:0.9 d4:1.4
100	Aspergillus ochraceus CBS108.08	rice bran 3%	8		d2:0.5 d3:1.3 d4:2
100	Aspergillus ochraceus CBS108.08	soluble starch 1%	5		d3:0.8 d4:1.3
100	Aspergillus ochraceus CBS108.08	soybean hulls 3%	8		d2:0.8 d3:1.5 d4:2.2
100	Aspergillus ochraceus CBS108.08	sucrose	5		d3:0.7 d4:1.3
100	Aspergillus ochraceus CBS108.08	wheat bran 3%	10		d2:0.9 d3:1.7 d4:2.4
101	Aspergillus sparsus CBS139.61	alfalfa meal 3%	7		d2:0.8 d3:1.5 d4:2.1
101	Aspergillus sparsus CBS139.61	apple pectin 1% pH=6	4		d2:0.9 d3:1.5 d4:2.1
101	Aspergillus sparsus CBS139.61	arabic gum 1%	2		d2:0.6 d3:1.1 d4:1.5
101	Aspergillus sparsus CBS139.61	arabinogalactan 1%			d2:0.7 d3:1.2 d4:1.6
101	Aspergillus sparsus CBS139.61	birchwood xylan 1%	4		d2:0.7 d3:1.2 d4:1.7
101	Aspergillus sparsus CBS139.61	casein 3%	2		d2:0.6 d3:1 d4:1.4
101	Aspergillus sparsus CBS139.61	cellobiose	5		d2:0.7 d3:1.2 d4:1.7
101	Aspergillus sparsus CBS139.61	cellulose 3%	1		d2:0.6 d3:1.3 d4:1.6
101	Aspergillus sparsus CBS139.61	citrus pectin 1% pH=6	5		d2:0.8 d3:1.4 d4:1.9
101	Aspergillus sparsus CBS139.61	citrus pulp 3% pH=6	5		d2:0.8 d3:1.2 d4:1.7
101	Aspergillus sparsus CBS139.61	cotton seed pulp 3%	3		d2:0.8 d3:1.2 d4:1.8
101	Aspergillus sparsus CBS139.61	D-fructose	6		d2:0.9 d3:1.4 d4:2
101	Aspergillus sparsus CBS139.61	D-galactose	0		d4:0.2
101	Aspergillus sparsus CBS139.61	D-galacturonic acid	2		d3:0.5 d4:1.7
101	Aspergillus sparsus CBS139.61	D-glucose	5		d2:0.7 d3:1.4 d4:1.9
101	Aspergillus sparsus CBS139.61	D-glucuronic acid	1		d3:1.4 d4:1.9
101	Aspergillus sparsus CBS139.61	D-mannose	8		d2:0.9 d3:1.5 d4:2.1
101	Aspergillus sparsus CBS139.61	D-ribose	1		d2:0.8 d3:1.5 d4:2.1
101	Aspergillus sparsus CBS139.61	D-xylose	6		d2:0.8 d3:1.4 d4:1.9
101	Aspergillus sparsus CBS139.61	guar gum 1%	1		d2:0.6 d3:1.3 d4:1.8
101	Aspergillus sparsus CBS139.61	inulin 1%	6		d2:1 d3:1.6 d4:1.9
101	Aspergillus sparsus CBS139.61	lactose	2		d3:0.9 d4:1.2
101	Aspergillus sparsus CBS139.61	maltose	7		d2:0.8 d3:1.4 d4:1.9
101	Aspergillus sparsus CBS139.61	no carbon source	1		d2:0.7 d3:1.6 d4:2.2
101	Aspergillus sparsus CBS139.61	oat spelt xylan 1%	0		
101	Aspergillus sparsus CBS139.61	raffinose	1		d2:0.7 d3:1.3 d4:2.1
101	Aspergillus sparsus CBS139.61	rice bran 3%	6		d2:0.9 d3:1.5 d4:1.9
101	Aspergillus sparsus CBS139.61	soluble starch 1%	8		d2:0.7 d3:1.5 d4:2
101	Aspergillus sparsus CBS139.61	soybean hulls 3%	3		d2:0.5 d3:1.1 d4:1.7
101	Aspergillus sparsus CBS139.61	sucrose	1		d2:1 d3:1.8 d4:2.5
101	Aspergillus sparsus CBS139.61	wheat bran 3%	10		d2:0.8 d3:1.4 d4:2
102	Aspergillus sydowii CBS593.65	alfalfa meal 3%	4		d3:0.6 d4:1.1 d5:1.5 d6:2.1 d7:2.4 d10:3.8 d11:4.2 d12:4.6
102	Aspergillus sydowii CBS593.65	apple pectin 1% pH=6	5		d3:0.8 d4:1.2 d5:1.6 d6:2 d7:2.5 d10:3.7 d11:4.3 d12:4.6
102	Aspergillus sydowii CBS593.65	arabic gum 1%	2		d3:0.8 d4:1.1 d5:1.5 d6:1.8 d7:2.3 d10:3.4 d11:3.8 d12:4.2
102	Aspergillus sydowii CBS593.65	arabinogalactan 1%			d3:0.8 d4:1.1 d5:1.5 d6:1.9 d7:2.3 d10:3.5 d11:4.1 d12:4.2
102	Aspergillus sydowii CBS593.65	birchwood xylan 1%	5		d3:0.9 d4:1.3 d5:1.5 d6:2.2 d7:2.5 d10:3.9 d11:4.2 d12:4.8
102	Aspergillus sydowii CBS593.65	casein 3%	4		d3:0.6 d4:1.2 d5:1.7 d6:2 d7:2.3 d10:3 d11:3.7 d12:4.1
102	Aspergillus sydowii CBS593.65	cellobiose	4		d3:0.8 d4:1.1 d5:1.7 d6:2 d7:2.4 d10:3.8 d11:4.3 d12:4.6
102	Aspergillus sydowii CBS593.65	cellulose 3%	1		d3:0.6 d4:0.9 d5:1.4 d6:1.9 d7:2.1 d10:3.5 d11:4.1 d12:4.5
102	Aspergillus sydowii CBS593.65	citrus pectin 1% pH=6	5		d3:0.8 d4:1.2 d5:1.7 d6:2 d7:2.6 d10:3.5 d11:4.5 d12:4.9
102	Aspergillus sydowii CBS593.65	citrus pulp 3% pH=6	4		d3:0.7 d4:0.8 d5:1.3 d6:1.7 d7:1.9 d10:3.7 d11:3.3 d12:3.7
102	Aspergillus sydowii CBS593.65	cotton seed pulp 3%	7		d3:0.9 d4:1.3 d5:1.9 d6:2.5 d7:2.9 d10:4.4 d11:5.2 d12:5.6
102	Aspergillus sydowii CBS593.65	D-fructose	5		d3:0.8 d4:1.2 d5:1.6 d6:2.1 d7:2.4 d10:3.7 d11:4.3 d12:4.8
102	Aspergillus sydowii CBS593.65	D-galactose	5		d3:0.8 d4:1 d5:1.4 d6:1.8 d7:2.5 d10:3.5 d11:4 d12:4.6
102	Aspergillus sydowii CBS593.65	D-galacturonic acid	2		d3:0.4 d4:0.5 d5:0.8 d6:1.1 d7:1.4 d10:2.3 d11:2.6 d12:2.9
102	Aspergillus sydowii CBS593.65	D-glucose	5		d3:0.7 d4:1.2 d5:1.7 d6:2.1 d7:2.5 d10:3.8 d11:4.3 d12:4.7
102	Aspergillus sydowii CBS593.65	D-glucuronic acid	4		d3:0.7 d4:0.9 d5:1.5 d6:1.8 d7:2.3 d10:3.2 d11:3.6 d12:3.9
102	Aspergillus sydowii CBS593.65	D-mannose	5		d3:0.7 d4:1.1 d5:1.4 d6:1.8 d7:2.3 d10:3.3 d11:3.9 d12:4.3
102	Aspergillus sydowii CBS593.65	D-ribose	2		d3:0.8 d4:1 d5:1.5 d6:1.9 d7:2.1 d10:3.4 d11:4 d12:4.1
102	Aspergillus sydowii CBS593.65	D-xylose	5		d3:0.8 d4:1.1 d5:1.6 d6:2.1 d7:2.5 d10:3.8 d11:4.2 d12:4.7
102	Aspergillus sydowii CBS593.65	guar gum 1%	3		d3:1.1 d4:1.5 d5:1.9 d6:2.4 d7:2.9 d10:4.4 d11:5 d12:5.4
102	Aspergillus sydowii CBS593.65	inulin 1%	3		d3:0.7 d4:1.1 d5:1.4 d6:1.9 d7:2.3 d10:3.4 d11:4.1 d12:4.4
102	Aspergillus sydowii CBS593.65	lactose	5		d3:0.8 d4:1.1 d5:1.6 d6:2.1 d7:2.5 d10:4 d11:4.6 d12:5
102	Aspergillus sydowii CBS593.65	maltose	4		d3:0.8 d4:1.1 d5:1.5 d6:1.8 d7:2.1 d10:3.1 d11:3.5 d12:4
102	Aspergillus sydowii CBS593.65	no carbon source	1		d3:0.7 d4:1 d5:1.5 d6:1.3 d7:2.2 d10:3.5 d11:3.7 d12:4.3
102	Aspergillus sydowii CBS593.65	oat spelt xylan 1%	0		
102	Aspergillus sydowii CBS593.65	raffinose	5		d3:0.8 d4:1.2 d5:1.6 d6:2 d7:2.5 d10:3.7 d11:4.3 d12:4.7
102	Aspergillus sydowii CBS593.65	rice bran 3%	5		d3:0.8 d4:1.3 d5:1.7 d6:2.3 d7:2.6 d10:4.1 d11:4.6 d12:5.1
102	Aspergillus sydowii CBS593.65	soluble starch 1%	5		d3:0.7 d4:1.1 d5:1.6 d6:2 d7:2.4 d10:3.7 d11:4.2 d12:4.5
102	Aspergillus sydowii CBS593.65	soybean hulls 3%	5		d3:0.9 d4:1.2 d5:1.7 d6:2.1 d7:2.6 d10:4.1 d11:4.7 d12:5.1
102	Aspergillus sydowii CBS593.65	sucrose	5		d3:0.9 d4:1.2 d5:1.7 d6:2.1 d7:2.6 d10:3.9 d11:4.3 d12:4.7
102	Aspergillus sydowii CBS593.65	wheat bran 3%	5		d3:0.8 d4:1.4 d5:1.8 d6:2.2 d7:2.6 d10:3.6 d11:4.7 d12:5.2
103	Aspergillus ustus CBS261.67	alfalfa meal 3%	6		d2:0.6
103	Aspergillus ustus CBS261.67	apple pectin 1% pH=6	5		d2:0.5
103	Aspergillus ustus CBS261.67	arabic gum 1%	1		d2:0.4
103	Aspergillus ustus CBS261.67	arabinogalactan 1%			d2:0.3
103	Aspergillus ustus CBS261.67	birchwood xylan 1%	3		d2:0.2
103	Aspergillus ustus CBS261.67	casein 3%	4		d2:0.6
103	Aspergillus ustus CBS261.67	cellobiose	4		d2:0.6
103	Aspergillus ustus CBS261.67	cellulose 3%	0		d2:0.5
103	Aspergillus ustus CBS261.67	citrus pectin 1% pH=6	6		d2:0.5
103	Aspergillus ustus CBS261.67	citrus pulp 3% pH=6	5		d2:0.5
103	Aspergillus ustus CBS261.67	cotton seed pulp 3%	4		d2:0.5
103	Aspergillus ustus CBS261.67	D-fructose	6		d2:0.6
103	Aspergillus ustus CBS261.67	D-galactose	5		d2:0.6
103	Aspergillus ustus CBS261.67	D-galacturonic acid	3		d2:0.1
103	Aspergillus ustus CBS261.67	D-glucose	5		d2:0.5
103	Aspergillus ustus CBS261.67	D-glucuronic acid	4		d2:0.4
103	Aspergillus ustus CBS261.67	D-mannose	5		d2:0.5
103	Aspergillus ustus CBS261.67	D-ribose	1		d2:0.4
103	Aspergillus ustus CBS261.67	D-xylose	5		d2:0.6
103	Aspergillus ustus CBS261.67	guar gum 1%	4		d2:0.5
103	Aspergillus ustus CBS261.67	inulin 1%	7		d2:0.5
103	Aspergillus ustus CBS261.67	lactose	5		d2:0.5
103	Aspergillus ustus CBS261.67	maltose	5		d2:0.5
103	Aspergillus ustus CBS261.67	no carbon source	1		d2:0.4
103	Aspergillus ustus CBS261.67	oat spelt xylan 1%	0		
103	Aspergillus ustus CBS261.67	raffinose	7		d2:0.6
103	Aspergillus ustus CBS261.67	rice bran 3%	7		d2:0.5
103	Aspergillus ustus CBS261.67	soluble starch 1%	6		d2:0.4
103	Aspergillus ustus CBS261.67	soybean hulls 3%	6		d2:0.6
103	Aspergillus ustus CBS261.67	sucrose	8		d2:0.6
103	Aspergillus ustus CBS261.67	wheat bran 3%	8		d2:0.6
104	Aspergillus versicolor CBS583.95	alfalfa meal 3%	8		d3:0.6 d4:0.8 d5:1.1 d6:1.3 d7:1.6 d10:2.7 d11:3.1 d12:3.4
104	Aspergillus versicolor CBS583.95	apple pectin 1% pH=6	7		d3:0.6 d4:0.9 d5:1.2 d6:1.4 d7:1.7 d10:2.5 d11:3 d12:3.3
104	Aspergillus versicolor CBS583.95	arabic gum 1%	4		d3:0.8 d4:1.1 d5:1.4 d6:1.6 d7:2.1 d10:3 d11:3.4 d12:3.7
104	Aspergillus versicolor CBS583.95	arabinogalactan 1%			d3:0.7 d4:0.9 d5:1.2 d6:1.3 d7:1.9 d10:2.5 d11:2.9 d12:3.4
104	Aspergillus versicolor CBS583.95	birchwood xylan 1%	6		d3:0.6 d4:0.9 d5:1.2 d6:1.4 d7:1.8 d10:2.7 d11:3 d12:3.4
104	Aspergillus versicolor CBS583.95	casein 3%	2		d3:0.8 d4:1.2 d5:1.5 d6:1.8 d7:2.1 d10:3.1 d11:3.4 d12:3.6
104	Aspergillus versicolor CBS583.95	cellobiose	3		d3:0.8 d4:1 d5:1.1 d6:1.3 d7:1.4 d10:1.7 d11:1.8 d12:2
104	Aspergillus versicolor CBS583.95	cellulose 3%	1		d3:0.5 d4:0.8 d5:1.1 d6:1.3 d7:1.6 d10:2.3 d11:2.7 d12:3
104	Aspergillus versicolor CBS583.95	citrus pectin 1% pH=6	4		d3:0.7 d4:0.8 d5:0.9 d6:1 d7:1.1 d10:1.5 d11:1.8 d12:2
104	Aspergillus versicolor CBS583.95	citrus pulp 3% pH=6	8		d3:0.6 d4:0.9 d5:1.2 d6:1.4 d7:1.7 d10:2.5 d11:3 d12:3.3
104	Aspergillus versicolor CBS583.95	cotton seed pulp 3%	9		d3:0.8 d4:1.1 d5:1.4 d6:1.7 d7:2.1 d10:3.1 d11:3.7 d12:3.9
104	Aspergillus versicolor CBS583.95	D-fructose	5		d3:0.7 d4:0.9 d5:1 d6:1 d7:1.2 d10:1.7 d11:1.9 d12:2.1
104	Aspergillus versicolor CBS583.95	D-galactose	5		d3:0.7 d4:0.9 d5:1.1 d6:1.3 d7:1.3 d10:1.8 d11:2.1 d12:2.4
104	Aspergillus versicolor CBS583.95	D-galacturonic acid	0		d3:0 d4:0 d5:0 d6:0 d7:0 d10:0 d11:0 d12:0
104	Aspergillus versicolor CBS583.95	D-glucose	5		d3:0.7 d4:0.9 d5:1 d6:1.1 d7:1.3 d10:1.8 d11:2.1 d12:2.2
104	Aspergillus versicolor CBS583.95	D-glucuronic acid	6		d3:0.7 d4:1 d5:1.1 d6:1.4 d7:1.5 d10:2.6 d11:2.9 d12:3.1
104	Aspergillus versicolor CBS583.95	D-mannose	4		d3:0.6 d4:0.7 d5:0.8 d6:0.9 d7:1 d10:1.3 d11:1.5 d12:1.7
104	Aspergillus versicolor CBS583.95	D-ribose	5		d3:0.7 d4:1.1 d5:1.3 d6:1.6 d7:1.9 d10:2.9 d11:3.3 d12:3.6
104	Aspergillus versicolor CBS583.95	D-xylose	5		d3:0.8 d4:0.9 d5:1 d6:1.1 d7:1.2 d10:2 d11:2.4 d12:2.6
104	Aspergillus versicolor CBS583.95	guar gum 1%	5		d3:0.9 d4:2.3 d5:1.6 d6:1.9 d7:2.3 d10:2.9 d11:3.9 d12:4.2
104	Aspergillus versicolor CBS583.95	inulin 1%	5		d3:0.8 d4:0.9 d5:1 d6:1.2 d7:1.3 d10:1.8 d11:2.1 d12:2.2
104	Aspergillus versicolor CBS583.95	lactose	5		d3:0.8 d4:1 d5:1.2 d6:1.4 d7:1.6 d10:2 d11:2.6 d12:2.8
104	Aspergillus versicolor CBS583.95	maltose	5		d3:0.7 d4:0.8 d5:1 d6:1.1 d7:1.3 d10:1.8 d11:2.1 d12:2.3
104	Aspergillus versicolor CBS583.95	no carbon source	1		d3:0.5 d4:0.8 d5:1.1 d6:1.4 d7:1.7 d10:2.5 d11:2.9 d12:3.2
104	Aspergillus versicolor CBS583.95	oat spelt xylan 1%	0		
104	Aspergillus versicolor CBS583.95	raffinose	6		d3:0.8 d4:0.9 d5:1.1 d6:1.3 d7:1.4 d10:2 d11:2.3 d12:2.5
104	Aspergillus versicolor CBS583.95	rice bran 3%	10		d3:0.9 d4:1.2 d5:1.5 d6:1.9 d7:2.3 d10:3.3 d11:3.8 d12:3.9
104	Aspergillus versicolor CBS583.95	soluble starch 1%	4		d3:0.5 d4:0.8 d5:0.8 d6:1 d7:1.1 d10:1.7 d11:2.1 d12:2.2
104	Aspergillus versicolor CBS583.95	soybean hulls 3%	9		d3:0.8 d4:1.1 d5:1.4 d6:1.7 d7:2 d10:3 d11:3.5 d12:3.8
104	Aspergillus versicolor CBS583.95	sucrose	5		d3:0.5 d4:0.8 d5:0.9 d6:1 d7:1.2 d10:1.8 d11:2.1 d12:2.2
104	Aspergillus versicolor CBS583.95	wheat bran 3%	9		d3:0.8 d4:1 d5:1.3 d6:1.7 d7:1.9 d10:2.9 d11:3.5 d12:3.8
105	Aspergillus wentii CBS104.05	alfalfa meal 3%	6		d2:0.8 d3:1.1 d4:1.2 d5:1.7
105	Aspergillus wentii CBS104.05	apple pectin 1% pH=6	7		d2:0.8 d3:1.3 d4:1.2 d5:1.9
105	Aspergillus wentii CBS104.05	arabic gum 1%	0		d2:0.3 d3:0.8 d4:0.6 d5:1
105	Aspergillus wentii CBS104.05	arabinogalactan 1%			d2:0.3 d3:0.9 d4:0.9 d5:1.5
105	Aspergillus wentii CBS104.05	birchwood xylan 1%	0		d2:0.2 d3:0.3 d4:0.3 d5:0.6
105	Aspergillus wentii CBS104.05	casein 3%	6		d2:0.3 d3:0.4 d4:0.4 d5:0.6
105	Aspergillus wentii CBS104.05	cellobiose	3		d2:0.3 d3:0.5 d4:0.6 d5:0.9
105	Aspergillus wentii CBS104.05	cellulose 3%	0		d2:0.2 d3:0.2 d4:0.2 d5:0.3
105	Aspergillus wentii CBS104.05	citrus pectin 1% pH=6	7		d2:0.8 d3:1.2 d4:1.2 d5:1.7
105	Aspergillus wentii CBS104.05	citrus pulp 3% pH=6	9		d2:0.8 d3:1.2 d4:1.3 d5:2.1
105	Aspergillus wentii CBS104.05	cotton seed pulp 3%	3		d2:0.6 d3:0.9 d4:0.8 d5:1.5
105	Aspergillus wentii CBS104.05	D-fructose	3		d2:0.5 d3:0.6 d4:0.6 d5:1
105	Aspergillus wentii CBS104.05	D-galactose	1		d2:0.3 d3:0.3 d4:0.3 d5:0.4
105	Aspergillus wentii CBS104.05	D-galacturonic acid	2		d2:0.2 d3:0.8 d4:0.8 d5:1.4
105	Aspergillus wentii CBS104.05	D-glucose	5		d2:0.6 d3:0.8 d4:0.9 d5:1.4
105	Aspergillus wentii CBS104.05	D-glucuronic acid	1		d2:0.2 d3:0.3 d4:0.5 d5:1
105	Aspergillus wentii CBS104.05	D-mannose	3		d2:0.3 d3:0.4 d4:0.5 d5:1
105	Aspergillus wentii CBS104.05	D-ribose	1		d2:0.3 d3:0.3 d4:0.3 d5:0.5
105	Aspergillus wentii CBS104.05	D-xylose	2		d2:0.3 d3:0.4 d4:0.4 d5:0.6
105	Aspergillus wentii CBS104.05	guar gum 1%	8		d2:0.9 d3:1.4 d4:1.3 d5:2.3
105	Aspergillus wentii CBS104.05	inulin 1%	4		d2:0.8 d3:1 d4:1.1 d5:1.7
105	Aspergillus wentii CBS104.05	lactose	1		d2:0.3 d3:0.3 d4:0.3 d5:0.7
105	Aspergillus wentii CBS104.05	maltose	4		d2:0.3 d3:0.8 d4:0.8 d5:1.3
105	Aspergillus wentii CBS104.05	no carbon source	0		d2:0 d3:0 d4:0 d5:0.1
105	Aspergillus wentii CBS104.05	oat spelt xylan 1%	1		d2:0.8 d3:1.1 d4:1.3 d5:1.6
105	Aspergillus wentii CBS104.05	raffinose	3		d2:0.3 d3:0.5 d4:0.6 d5:1.2
105	Aspergillus wentii CBS104.05	rice bran 3%	8		d2:0.8 d3:1.1 d4:1.2 d5:1.9
105	Aspergillus wentii CBS104.05	soluble starch 1%	7		d2:0.6 d3:1.1 d4:1.1 d5:1.7
105	Aspergillus wentii CBS104.05	soybean hulls 3%	5		d2:0.7 d3:1.1 d4:1.1 d5:1.6
105	Aspergillus wentii CBS104.05	sucrose	6		d2:0.6 d3:1 d4:1.1 d5:1.7
105	Aspergillus wentii CBS104.05	wheat bran 3%	10		d2:1 d3:1.3 d4:1.4 d5:2
106	Aspergillus wentii DTO 134E9	alfalfa meal 3%	3		d2:0.8 d3:0.9 d4:1
106	Aspergillus wentii DTO 134E9	apple pectin 1% pH=6	7		d2:0.5 d3:1 d4:1.8
106	Aspergillus wentii DTO 134E9	arabic gum 1%	2		d2:0.6 d3:1.5 d4:1
106	Aspergillus wentii DTO 134E9	arabinogalactan 1%			d2:0.4 d3:0.7 d4:1.1
106	Aspergillus wentii DTO 134E9	birchwood xylan 1%	2		d2:0.4 d3:0.6 d4:0.9
106	Aspergillus wentii DTO 134E9	casein 3%	1		d2:0.6 d3:0.9 d4:1.1
106	Aspergillus wentii DTO 134E9	cellobiose	5		d2:0.7 d3:1 d4:1.1
106	Aspergillus wentii DTO 134E9	cellulose 3%	0		d3:0.7 d4:0.9
106	Aspergillus wentii DTO 134E9	citrus pectin 1% pH=6	6		d2:0.7 d3:1 d4:1.4
106	Aspergillus wentii DTO 134E9	citrus pulp 3% pH=6	7		d2:0.7 d3:1.1 d4:1.5
106	Aspergillus wentii DTO 134E9	cotton seed pulp 3%	3		d2:0.6 d3:0.9 d4:1.2
106	Aspergillus wentii DTO 134E9	D-fructose	4		d2:0.6 d3:0.8 d4:1
106	Aspergillus wentii DTO 134E9	D-galactose	2		d2:0.5 d3:0.8 d4:1
106	Aspergillus wentii DTO 134E9	D-galacturonic acid	2		d3:0.4 d4:0.8
106	Aspergillus wentii DTO 134E9	D-glucose	5		d2:0.7 d3:1 d4:1.2
106	Aspergillus wentii DTO 134E9	D-glucuronic acid	1		d2:0.5 d3:0.8 d4:1.2
106	Aspergillus wentii DTO 134E9	D-mannose	4		d2:0.7 d3:0.9 d4:1
106	Aspergillus wentii DTO 134E9	D-ribose	1		d2:0.4 d3:0.8 d4:0.9
106	Aspergillus wentii DTO 134E9	D-xylose	3		d2:0.6 d3:0.8 d4:0.9
106	Aspergillus wentii DTO 134E9	guar gum 1%	4		d2:0.7 d3:1 d4:1.4
106	Aspergillus wentii DTO 134E9	inulin 1%	1		d2:0.6 d3:0.9 d4:1.2
106	Aspergillus wentii DTO 134E9	lactose	1		d2:0.4 d3:0.8 d4:1.1
106	Aspergillus wentii DTO 134E9	maltose	5		d2:0.4 d3:0.8 d4:1.1
106	Aspergillus wentii DTO 134E9	no carbon source	0		d2:0.4 d3:0.6 d4:0.9
106	Aspergillus wentii DTO 134E9	oat spelt xylan 1%	0		
106	Aspergillus wentii DTO 134E9	raffinose	5		d2:0.5 d3:0.9 d4:1.2
106	Aspergillus wentii DTO 134E9	rice bran 3%	7		d2:0.6 d3:1 d4:1.2
106	Aspergillus wentii DTO 134E9	soluble starch 1%	4		d2:0.5 d3:0.7 d4:0.9
106	Aspergillus wentii DTO 134E9	soybean hulls 3%	7		d2:0.7 d3:1.1 d4:1.4
106	Aspergillus wentii DTO 134E9	sucrose	6		d2:0.6 d3:1 d4:1.4
106	Aspergillus wentii DTO 134E9	wheat bran 3%	7		d2:0.8 d3:1.2 d4:1.6
330	Aspergillus luchuensis CBS106.47	alfalfa meal 3%	10		d2:1.3 d3:2.3 d4:3.1
330	Aspergillus luchuensis CBS106.47	apple pectin 1% pH=6	6		d2:0.8 d3:1.4 d4:2.4
330	Aspergillus luchuensis CBS106.47	arabic gum 1%	2		d2:0.7 d3:1.7 d4:2.2
330	Aspergillus luchuensis CBS106.47	arabinogalactan 1%			d2:0.8 d3:1.8 d4:2.6
330	Aspergillus luchuensis CBS106.47	birchwood xylan 1%	5		d2:0.4 d3:1.2 d4:2
330	Aspergillus luchuensis CBS106.47	casein 3%	0		d2:0 d3:1 d4:2.1
330	Aspergillus luchuensis CBS106.47	cellobiose	5		d2:0.8 d3:1.5 d4:2.1
330	Aspergillus luchuensis CBS106.47	cellulose 3%	1		d2:0 d3:0 d4:1.1
330	Aspergillus luchuensis CBS106.47	citrus pectin 1% pH=6	7		d2:0.9 d3:1.6 d4:2
330	Aspergillus luchuensis CBS106.47	citrus pulp 3% pH=6	10		d2:1.1 d3:2.2 d4:3.2
330	Aspergillus luchuensis CBS106.47	cotton seed pulp 3%	7		d2:0.9 d3:1.8 d4:3
330	Aspergillus luchuensis CBS106.47	D-fructose	6		d2:0.7 d3:1.3 d4:2
330	Aspergillus luchuensis CBS106.47	D-galactose	0		d2:0.2 d3:0.3 d4:0.9
330	Aspergillus luchuensis CBS106.47	D-galacturonic acid	3		d2:0.4 d3:1 d4:1.7
330	Aspergillus luchuensis CBS106.47	D-glucose	5		d2:0.4 d3:1.1 d4:1.5
330	Aspergillus luchuensis CBS106.47	D-glucuronic acid	1		d2:0.6 d3:1.2 d4:1.8
330	Aspergillus luchuensis CBS106.47	D-mannose	4		d2:0.6 d3:1.2 d4:1.8
330	Aspergillus luchuensis CBS106.47	D-ribose	1		d2:0.5 d3:1.1 d4:1.9
330	Aspergillus luchuensis CBS106.47	D-xylose	4		d2:0.6 d3:1.2 d4:1.9
330	Aspergillus luchuensis CBS106.47	guar gum 1%	6		d2:1.1 d3:1.8 d4:3.2
330	Aspergillus luchuensis CBS106.47	inulin 1%	6		d2:0.7 d3:1.2 d4:2
330	Aspergillus luchuensis CBS106.47	lactose	0		d2:0.4 d3:0.8 d4:1.4
330	Aspergillus luchuensis CBS106.47	maltose	5		d2:0.5 d3:1.2 d4:1.8
330	Aspergillus luchuensis CBS106.47	no carbon source	0		d2:0.5 d3:0.9 d4:1.4
330	Aspergillus luchuensis CBS106.47	oat spelt xylan 1%	0		
330	Aspergillus luchuensis CBS106.47	raffinose	5		d2:0.5 d3:1 d4:1.7
330	Aspergillus luchuensis CBS106.47	rice bran 3%	8		d2:1 d3:2.5 d4:3.2
330	Aspergillus luchuensis CBS106.47	soluble starch 1%	5		d2:0.6 d3:1.2 d4:1.8
330	Aspergillus luchuensis CBS106.47	soybean hulls 3%	9		d2:1 d3:2.1 d4:3.2
330	Aspergillus luchuensis CBS106.47	sucrose	7		d2:0.5 d3:1.3 d4:2.2
330	Aspergillus luchuensis CBS106.47	wheat bran 3%	10		d2:1.2 d3:2.5 d4:3.2
331	Aspergillus clavatus DTO 27 C2	alfalfa meal 3%	8		d2:1 d3:1.5 d4:2.2
331	Aspergillus clavatus DTO 27 C2	apple pectin 1% pH=6	2		d2:1.1 d3:2 d4:2.8
331	Aspergillus clavatus DTO 27 C2	arabic gum 1%	1		d2:1.2 d3:2.1 d4:3
331	Aspergillus clavatus DTO 27 C2	arabinogalactan 1%			d2:1 d3:1.8 d4:2.4
331	Aspergillus clavatus DTO 27 C2	birchwood xylan 1%	6		d2:1 d3:1.4 d4:2
331	Aspergillus clavatus DTO 27 C2	casein 3%	6		d2:1.3 d3:2.3 d4:2.2
331	Aspergillus clavatus DTO 27 C2	cellobiose	5		d2:0.8 d3:1.3 d4:2
331	Aspergillus clavatus DTO 27 C2	cellulose 3%	0		d2:0.6 d3:1.3 d4:1.5
331	Aspergillus clavatus DTO 27 C2	citrus pectin 1% pH=6	4		d2:1 d3:1.7 d4:2.3
331	Aspergillus clavatus DTO 27 C2	citrus pulp 3% pH=6	9		d2:1.2 d3:2.1 d4:2.6
331	Aspergillus clavatus DTO 27 C2	cotton seed pulp 3%	8		d2:1.3 d3:2.1 d4:2.8
331	Aspergillus clavatus DTO 27 C2	D-fructose	5		d2:0.7 d3:1.3 d4:0.7
331	Aspergillus clavatus DTO 27 C2	D-galactose	0		d2:0 d3:0 d4:0.3
331	Aspergillus clavatus DTO 27 C2	D-galacturonic acid	0		d2:0 d3:1.3 d4:0
331	Aspergillus clavatus DTO 27 C2	D-glucose	5		d2:0.9 d3:1.3 d4:0.8
331	Aspergillus clavatus DTO 27 C2	D-glucuronic acid	2		d2:0.5 d3:1.4 d4:2
331	Aspergillus clavatus DTO 27 C2	D-mannose	4		d2:0.7 d3:1.2 d4:0.6
331	Aspergillus clavatus DTO 27 C2	D-ribose	4		d2:0.7 d3:1.3 d4:2
331	Aspergillus clavatus DTO 27 C2	D-xylose	5		d2:0.9 d3:1.5 d4:1.9
331	Aspergillus clavatus DTO 27 C2	guar gum 1%	2		d2:1.1 d3:2 d4:3
331	Aspergillus clavatus DTO 27 C2	inulin 1%	1		d2:0.9 d3:1.6 d4:2.3
331	Aspergillus clavatus DTO 27 C2	lactose	3		d2:0.6 d3:1.4 d4:0.8
331	Aspergillus clavatus DTO 27 C2	maltose	6		d2:0.7 d3:1.3 d4:0.8
331	Aspergillus clavatus DTO 27 C2	no carbon source	1		d2:0.8 d3:1.4 d4:2.1
331	Aspergillus clavatus DTO 27 C2	oat spelt xylan 1%	0		
331	Aspergillus clavatus DTO 27 C2	raffinose	5		d2:0.7 d3:1.4 d4:1.9
331	Aspergillus clavatus DTO 27 C2	rice bran 3%	10		d2:1.3 d3:2.3 d4:3.1
331	Aspergillus clavatus DTO 27 C2	soluble starch 1%	7		d2:0.9 d3:1.5 d4:2
331	Aspergillus clavatus DTO 27 C2	soybean hulls 3%	9		d2:1.3 d3:2.2 d4:2.8
331	Aspergillus clavatus DTO 27 C2	sucrose	6		d2:0.8 d3:1.4 d4:1.9
331	Aspergillus clavatus DTO 27 C2	wheat bran 3%	10		d2:1.3 d3:2.1 d4:3
332	Aspergillus niger dNoxR	alfalfa meal 3%	10		d3:4 d4:5.3 d5:2.6
332	Aspergillus niger dNoxR	apple pectin 1% pH=6	6		d3:2.4 d4:3.1 d5:3.7
332	Aspergillus niger dNoxR	arabic gum 1%	2		d3:2.7 d4:3.8 d5:4.7
332	Aspergillus niger dNoxR	arabinogalactan 1%			d3:2.9 d4:4.2 d5:5.2
332	Aspergillus niger dNoxR	birchwood xylan 1%	5		d3:1.8 d4:2.6 d5:3.2
332	Aspergillus niger dNoxR	casein 3%	1		d3:1.4 d4:2.1 d5:2.6
332	Aspergillus niger dNoxR	cellobiose	6		d3:1.9 d4:2.5 d5:3
332	Aspergillus niger dNoxR	cellulose 3%	1		d3:1.5 d4:2.2 d5:2.6
332	Aspergillus niger dNoxR	citrus pectin 1% pH=6	6		d3:2.5 d4:2.7 d5:2.7
332	Aspergillus niger dNoxR	citrus pulp 3% pH=6	10		d3:4 d4:5.7 d5:6.3
332	Aspergillus niger dNoxR	cotton seed pulp 3%	3		d3:3 d4:4.1 d5:6.5
332	Aspergillus niger dNoxR	D-fructose	5		d3:1.7 d4:2.3 d5:2.8
332	Aspergillus niger dNoxR	D-galactose	0		d3:0.3 d4:0.3 d5:0.4
332	Aspergillus niger dNoxR	D-galacturonic acid	4		d3:1.7 d4:2.1 d5:2.5
332	Aspergillus niger dNoxR	D-glucose	5		d3:1.4 d4:2.1 d5:2.7
332	Aspergillus niger dNoxR	D-glucuronic acid	2		d3:1.6 d4:2.3 d5:2.7
332	Aspergillus niger dNoxR	D-mannose	4		d3:1.2 d4:1.9 d5:2.4
332	Aspergillus niger dNoxR	D-ribose	0		d3:1.7 d4:2.4 d5:2.9
332	Aspergillus niger dNoxR	D-xylose	6		d3:1.8 d4:2.5 d5:2.9
332	Aspergillus niger dNoxR	guar gum 1%	7		d3:2.8 d4:4 d5:5
332	Aspergillus niger dNoxR	inulin 1%	5		d3:1.6 d4:2.2 d5:4
332	Aspergillus niger dNoxR	lactose	0		d3:1.7 d4:2.4 d5:3
332	Aspergillus niger dNoxR	maltose	6		d3:1.7 d4:2.3 d5:2.8
332	Aspergillus niger dNoxR	no carbon source	0		d3:1.3 d4:2 d5:2.4
332	Aspergillus niger dNoxR	oat spelt xylan 1%	0		
332	Aspergillus niger dNoxR	raffinose	5		d3:1.6 d4:2.2 d5:2.7
332	Aspergillus niger dNoxR	rice bran 3%	9		d3:3.7 d4:5.2 d5:5.3
332	Aspergillus niger dNoxR	soluble starch 1%	5		d3:1.7 d4:2.3 d5:2.7
332	Aspergillus niger dNoxR	soybean hulls 3%	9		d3:3.7 d4:5.1 d5:6
332	Aspergillus niger dNoxR	sucrose	6		d3:2 d4:2.6 d5:3.2
332	Aspergillus niger dNoxR	wheat bran 3%	10		d3:3.6 d4:5.2 d5:6.6
333	Aspergillus niger dRacA	alfalfa meal 3%	10		d3:3.1 d4:4.6 d5:5.8
333	Aspergillus niger dRacA	apple pectin 1% pH=6	5		d3:1.6 d4:1.9 d5:2.2
333	Aspergillus niger dRacA	arabic gum 1%	2		d3:1.9 d4:3 d5:3.7
333	Aspergillus niger dRacA	arabinogalactan 1%			d3:2.3 d4:3.5 d5:4.1
333	Aspergillus niger dRacA	birchwood xylan 1%	5		d3:1.2 d4:1.8 d5:2.2
333	Aspergillus niger dRacA	casein 3%	1		d3:1.2 d4:1.7 d5:2.2
333	Aspergillus niger dRacA	cellobiose	6		d3:1.3 d4:1.4 d5:2.2
333	Aspergillus niger dRacA	cellulose 3%	1		d3:0.8 d4:1.6 d5:2.4
333	Aspergillus niger dRacA	citrus pectin 1% pH=6	5		d3:1.3 d4:1.7 d5:2
333	Aspergillus niger dRacA	citrus pulp 3% pH=6	9		d3:2.4 d4:4.2 d5:5.6
333	Aspergillus niger dRacA	cotton seed pulp 3%	2		d3:2.1 d4:3.5 d5:4.4
333	Aspergillus niger dRacA	D-fructose	5		d3:1 d4:1.6 d5:1.9
333	Aspergillus niger dRacA	D-galactose	0		d4:0.4 d5:0.4
333	Aspergillus niger dRacA	D-galacturonic acid	3		d3:1.2 d4:1.3 d5:1.5
333	Aspergillus niger dRacA	D-glucose	5		d3:1 d4:1.4 d5:1.6
333	Aspergillus niger dRacA	D-glucuronic acid	2		d3:1 d4:1.7 d5:2.2
333	Aspergillus niger dRacA	D-mannose	4		d3:0.8 d4:1.2 d5:1.4
333	Aspergillus niger dRacA	D-ribose	0		d3:1.2 d4:2 d5:2.4
333	Aspergillus niger dRacA	D-xylose	5		d3:1.1 d4:1.5 d5:1.8
333	Aspergillus niger dRacA	guar gum 1%	6		d3:2.1 d4:2.8 d5:3.3
333	Aspergillus niger dRacA	inulin 1%	5		d3:1.2 d4:1.7 d5:2.2
333	Aspergillus niger dRacA	lactose	0		d3:1 d4:1.9 d5:2.6
333	Aspergillus niger dRacA	maltose	5		d3:1.1 d4:1.6 d5:1.9
333	Aspergillus niger dRacA	no carbon source	0		d3:0.9 d4:1.7 d5:2.3
333	Aspergillus niger dRacA	oat spelt xylan 1%	0		
333	Aspergillus niger dRacA	raffinose	5		d3:1 d4:1.5 d5:2
333	Aspergillus niger dRacA	rice bran 3%	7		d3:2.5 d4:4.5 d5:5.4
333	Aspergillus niger dRacA	soluble starch 1%	3		d3:1.1 d4:1.6 d5:1.8
333	Aspergillus niger dRacA	soybean hulls 3%	7		d3:2.6 d4:3.4 d5:3.9
333	Aspergillus niger dRacA	sucrose	6		d3:1.3 d4:1.7 d5:2.2
333	Aspergillus niger dRacA	wheat bran 3%	8		d3:2.6 d4:4 d5:4.9
334	Aspergillus oryzae DTO 26 C3	alfalfa meal 3%	9		d2:2.3 d3:3
334	Aspergillus oryzae DTO 26 C3	apple pectin 1% pH=6	6		d2:2 d3:2.6
334	Aspergillus oryzae DTO 26 C3	arabic gum 1%	3		d2:1.8 d3:2.9
334	Aspergillus oryzae DTO 26 C3	arabinogalactan 1%			d2:2 d3:2.8
334	Aspergillus oryzae DTO 26 C3	birchwood xylan 1%	4		d2:1.4 d3:2.2
334	Aspergillus oryzae DTO 26 C3	casein 3%	7		d2:1.6 d3:2.4
334	Aspergillus oryzae DTO 26 C3	cellobiose	4		d2:1.5 d3:2
334	Aspergillus oryzae DTO 26 C3	cellulose 3%	0		d2:1.9 d3:2.2
334	Aspergillus oryzae DTO 26 C3	citrus pectin 1% pH=6	8		d2:2 d3:2.7
334	Aspergillus oryzae DTO 26 C3	citrus pulp 3% pH=6	9		d2:2.1 d3:3.2
334	Aspergillus oryzae DTO 26 C3	cotton seed pulp 3%	7		d2:2.1 d3:3
334	Aspergillus oryzae DTO 26 C3	D-fructose	5		d2:1.4 d3:1.9
334	Aspergillus oryzae DTO 26 C3	D-galactose	1		d2:1 d3:1.5
334	Aspergillus oryzae DTO 26 C3	D-galacturonic acid	2		d2:0.6 d3:1.1
334	Aspergillus oryzae DTO 26 C3	D-glucose	5		d2:1.4 d3:2.3
334	Aspergillus oryzae DTO 26 C3	D-glucuronic acid	1		d2:1.5 d3:2.3
334	Aspergillus oryzae DTO 26 C3	D-mannose	6		d2:1.4 d3:1.4
334	Aspergillus oryzae DTO 26 C3	D-ribose	5		d2:1.5 d3:2.2
334	Aspergillus oryzae DTO 26 C3	D-xylose	7		d2:1.5 d3:2.5
334	Aspergillus oryzae DTO 26 C3	guar gum 1%	5		d2:2.1 d3:3
334	Aspergillus oryzae DTO 26 C3	inulin 1%	3		d2:1.5 d3:2.2
334	Aspergillus oryzae DTO 26 C3	lactose	0		d2:1.4 d3:1.9
334	Aspergillus oryzae DTO 26 C3	maltose	7		d2:1.6 d3:2.5
334	Aspergillus oryzae DTO 26 C3	no carbon source	0		d2:1.2 d3:2
334	Aspergillus oryzae DTO 26 C3	oat spelt xylan 1%	0		
334	Aspergillus oryzae DTO 26 C3	raffinose	7		d2:1.6 d3:2.5
334	Aspergillus oryzae DTO 26 C3	rice bran 3%	10		d2:1.9 d3:3
334	Aspergillus oryzae DTO 26 C3	soluble starch 1%	8		d2:1.7 d3:2.5
334	Aspergillus oryzae DTO 26 C3	soybean hulls 3%	9		d2:2.1 d3:3
334	Aspergillus oryzae DTO 26 C3	sucrose	7		d2:1.6 d3:2.5
334	Aspergillus oryzae DTO 26 C3	wheat bran 3%	10		d2:2.4 d3:3.2
335	Aspergillus saccharolyticus CBS127449T	alfalfa meal 3%	8		d2:0.7 d4:1.1
335	Aspergillus saccharolyticus CBS127449T	apple pectin 1% pH=6	8		d2:0.2 d4:1.4
335	Aspergillus saccharolyticus CBS127449T	arabic gum 1%	2		d2:0.4 d4:1
335	Aspergillus saccharolyticus CBS127449T	arabinogalactan 1%			d2:0.3 d4:1
335	Aspergillus saccharolyticus CBS127449T	birchwood xylan 1%	2		d4:0.6
335	Aspergillus saccharolyticus CBS127449T	casein 3%	0		d4:0.8
335	Aspergillus saccharolyticus CBS127449T	cellobiose	5		d2:0.5 d4:1.1
335	Aspergillus saccharolyticus CBS127449T	cellulose 3%	0		d4:0.4
335	Aspergillus saccharolyticus CBS127449T	citrus pectin 1% pH=6	7		d2:0.4 d4:1.2
335	Aspergillus saccharolyticus CBS127449T	citrus pulp 3% pH=6	10		d2:0.6 d4:1.5
335	Aspergillus saccharolyticus CBS127449T	cotton seed pulp 3%	4		d2:0.3 d4:1.2
335	Aspergillus saccharolyticus CBS127449T	D-fructose	5		d2:0.4 d4:0.9
335	Aspergillus saccharolyticus CBS127449T	D-galactose	1		d4:0.2
335	Aspergillus saccharolyticus CBS127449T	D-galacturonic acid	2		d4:0.9
335	Aspergillus saccharolyticus CBS127449T	D-glucose	5		d2:0.4 d4:1
335	Aspergillus saccharolyticus CBS127449T	D-glucuronic acid	1		d2:0.2 d4:0.6
335	Aspergillus saccharolyticus CBS127449T	D-mannose	4		d2:0.3 d4:0.8
335	Aspergillus saccharolyticus CBS127449T	D-ribose	1		d4:0.6
335	Aspergillus saccharolyticus CBS127449T	D-xylose	4		d2:0.4 d4:0.9
335	Aspergillus saccharolyticus CBS127449T	guar gum 1%	6		d2:0.5 d4:1
335	Aspergillus saccharolyticus CBS127449T	inulin 1%	0		d2:0.3 d4:0.7
335	Aspergillus saccharolyticus CBS127449T	lactose	0		d4:0.7
335	Aspergillus saccharolyticus CBS127449T	maltose	3		d4:0.9
335	Aspergillus saccharolyticus CBS127449T	no carbon source	0		d4:0.7
335	Aspergillus saccharolyticus CBS127449T	oat spelt xylan 1%	0		
335	Aspergillus saccharolyticus CBS127449T	raffinose	1		d2:0.2 d4:0.6
335	Aspergillus saccharolyticus CBS127449T	rice bran 3%	9		d2:0.5 d4:1.3
335	Aspergillus saccharolyticus CBS127449T	soluble starch 1%	5		d2:0.4 d4:1.1
335	Aspergillus saccharolyticus CBS127449T	soybean hulls 3%	9		d2:0.5 d4:1.1
335	Aspergillus saccharolyticus CBS127449T	sucrose	5		d2:0.4 d4:1
335	Aspergillus saccharolyticus CBS127449T	wheat bran 3%	10		d2:0.6 d4:1.4
337	Aspergillus terreus DTO 8 G3	alfalfa meal 3%	10		d2:1.2 d3:2.4 d4:3
337	Aspergillus terreus DTO 8 G3	apple pectin 1% pH=6	7		d2:1.2 d3:2.2 d4:3
337	Aspergillus terreus DTO 8 G3	arabic gum 1%	1		d2:1.2 d3:2.3 d4:2.9
337	Aspergillus terreus DTO 8 G3	arabinogalactan 1%			d2:0.8 d3:1.8 d4:2.6
337	Aspergillus terreus DTO 8 G3	birchwood xylan 1%	6		d2:1.1 d3:1.6 d4:2.3
337	Aspergillus terreus DTO 8 G3	casein 3%	7		d2:1.1 d3:1.8 d4:3.2
337	Aspergillus terreus DTO 8 G3	cellobiose	5		d2:0.7 d3:1.4 d4:1.9
337	Aspergillus terreus DTO 8 G3	cellulose 3%	0		d2:1 d3:1.7 d4:3
337	Aspergillus terreus DTO 8 G3	citrus pectin 1% pH=6	8		d2:1.1 d3:2 d4:3
337	Aspergillus terreus DTO 8 G3	citrus pulp 3% pH=6	9		d2:1.1 d3:2.2 d4:3
337	Aspergillus terreus DTO 8 G3	cotton seed pulp 3%	7		d2:1 d3:2.1 d4:3
337	Aspergillus terreus DTO 8 G3	D-fructose	6		d2:0.8 d3:1.5 d4:1.8
337	Aspergillus terreus DTO 8 G3	D-galactose	1		d2:0 d3:0.3 d4:0.4
337	Aspergillus terreus DTO 8 G3	D-galacturonic acid	2		d2:0.1 d3:0.5 d4:1
337	Aspergillus terreus DTO 8 G3	D-glucose	5		d2:0.8 d3:1.4 d4:1.7
337	Aspergillus terreus DTO 8 G3	D-glucuronic acid	1		d2:0.7 d3:1.5 d4:2.2
337	Aspergillus terreus DTO 8 G3	D-mannose	6		d2:0.8 d3:1.5 d4:1.9
337	Aspergillus terreus DTO 8 G3	D-ribose	6		d2:0.7 d3:1.5 d4:1.9
337	Aspergillus terreus DTO 8 G3	D-xylose	5		d2:0.7 d3:1.5 d4:1.7
337	Aspergillus terreus DTO 8 G3	guar gum 1%	3		d2:1.2 d3:2.4 d4:3
337	Aspergillus terreus DTO 8 G3	inulin 1%	1		d2:0.9 d3:1.6 d4:2.5
337	Aspergillus terreus DTO 8 G3	lactose	3		d2:0.8 d3:1.5 d4:2.1
337	Aspergillus terreus DTO 8 G3	maltose	6		d2:0.8 d3:1.5 d4:1.9
337	Aspergillus terreus DTO 8 G3	no carbon source	0		d2:0.9 d3:1.7 d4:2.5
337	Aspergillus terreus DTO 8 G3	oat spelt xylan 1%	0		
337	Aspergillus terreus DTO 8 G3	raffinose	7		d2:0.8 d3:1.8 d4:2.3
337	Aspergillus terreus DTO 8 G3	rice bran 3%	10		d2:0.9 d3:2 d4:3.2
337	Aspergillus terreus DTO 8 G3	soluble starch 1%	6		d2:0.8 d3:1.7 d4:2.6
337	Aspergillus terreus DTO 8 G3	soybean hulls 3%	9		d2:1.1 d3:2.2 d4:3
337	Aspergillus terreus DTO 8 G3	sucrose	6		d2:0.9 d3:1.7 d4:2.3
337	Aspergillus terreus DTO 8 G3	wheat bran 3%	10		d2:1.2 d3:2.3 d4:3
338	Auricularia subglabra	alfalfa meal 3%	8		d4:0.5 d8:2.1
338	Auricularia subglabra	apple pectin 1% pH=6	2		d8:0.9
338	Auricularia subglabra	arabic gum 1%	3		d8:2.5
338	Auricularia subglabra	arabinogalactan 1%			d8:1.8
338	Auricularia subglabra	birchwood xylan 1%	1		d8:2.2
338	Auricularia subglabra	casein 3%	2		d8:0.6
338	Auricularia subglabra	cellobiose	0		
338	Auricularia subglabra	cellulose 3%	0		d8:1.4
338	Auricularia subglabra	citrus pectin 1% pH=6	2		d8:0.8
338	Auricularia subglabra	citrus pulp 3% pH=6	0		
338	Auricularia subglabra	cotton seed pulp 3%	6		d4:0.9 d8:2.8
338	Auricularia subglabra	D-fructose	3		d8:1.9
338	Auricularia subglabra	D-galactose	0		
338	Auricularia subglabra	D-galacturonic acid	0		
338	Auricularia subglabra	D-glucose	3		d8:1.8
338	Auricularia subglabra	D-glucuronic acid	0		d8:1.4
338	Auricularia subglabra	D-mannose	1		d8:0.8
338	Auricularia subglabra	D-ribose	0		d8:1.8
338	Auricularia subglabra	D-xylose	0		d8:0.5
338	Auricularia subglabra	guar gum 1%	7		d4:0.9 d8:3.3
338	Auricularia subglabra	inulin 1%	1		d8:1.8
338	Auricularia subglabra	lactose	0		
338	Auricularia subglabra	maltose	1		d8:2
338	Auricularia subglabra	no carbon source	0		d8:1.2
338	Auricularia subglabra	oat spelt xylan 1%	0		
338	Auricularia subglabra	raffinose	0		
338	Auricularia subglabra	rice bran 3%	7		d4:0.9 d8:3
338	Auricularia subglabra	soluble starch 1%	2		d8:2.2
338	Auricularia subglabra	soybean hulls 3%	9		d4:0.9 d8:3.3
338	Auricularia subglabra	sucrose	0		d8:1.1
338	Auricularia subglabra	wheat bran 3%	10		d4:1 d8:3.3
339	Bipolaris maydis CBS574.73	alfalfa meal 3%	7		d3:1
339	Bipolaris maydis CBS574.73	apple pectin 1% pH=6	4		d3:1.5
339	Bipolaris maydis CBS574.73	arabic gum 1%	1		d3:1.5
339	Bipolaris maydis CBS574.73	arabinogalactan 1%			d3:1.5
339	Bipolaris maydis CBS574.73	birchwood xylan 1%	2		d3:1.5
339	Bipolaris maydis CBS574.73	casein 3%	2		d3:1.5
339	Bipolaris maydis CBS574.73	cellobiose	0		d3:1.5
339	Bipolaris maydis CBS574.73	cellulose 3%	1		d3:1.3
339	Bipolaris maydis CBS574.73	citrus pectin 1% pH=6	4		d3:1.5
339	Bipolaris maydis CBS574.73	citrus pulp 3% pH=6	7		d3:1.3
339	Bipolaris maydis CBS574.73	cotton seed pulp 3%	4		d3:1.5
339	Bipolaris maydis CBS574.73	D-fructose	3		d3:1.5
339	Bipolaris maydis CBS574.73	D-galactose	2		d3:1.5
339	Bipolaris maydis CBS574.73	D-galacturonic acid	0		
339	Bipolaris maydis CBS574.73	D-glucose	3		d3:1.5
339	Bipolaris maydis CBS574.73	D-glucuronic acid	0		d3:1.5
339	Bipolaris maydis CBS574.73	D-mannose	2		d3:1.5
339	Bipolaris maydis CBS574.73	D-ribose	1		d3:1.5
339	Bipolaris maydis CBS574.73	D-xylose	1		d3:1.5
339	Bipolaris maydis CBS574.73	guar gum 1%	1		d3:1.5
339	Bipolaris maydis CBS574.73	inulin 1%	1		d3:1.5
339	Bipolaris maydis CBS574.73	lactose	2		d3:1.5
339	Bipolaris maydis CBS574.73	maltose	1		d3:1.5
339	Bipolaris maydis CBS574.73	no carbon source	1		d3:1.5
339	Bipolaris maydis CBS574.73	oat spelt xylan 1%	0		
339	Bipolaris maydis CBS574.73	raffinose	1		d3:1.5
339	Bipolaris maydis CBS574.73	rice bran 3%	8		d3:1.3
339	Bipolaris maydis CBS574.73	soluble starch 1%	1		d3:1.5
339	Bipolaris maydis CBS574.73	soybean hulls 3%	6		d3:1.1
339	Bipolaris maydis CBS574.73	sucrose	1		d3:1.5
339	Bipolaris maydis CBS574.73	wheat bran 3%	10		d3:1.5
340	Bjerkandera adusta sb22	alfalfa meal 3%	7		d3:1 d4:1.5
340	Bjerkandera adusta sb22	apple pectin 1% pH=6	4		d3:1.1 d4:1.5
340	Bjerkandera adusta sb22	arabic gum 1%	3		d3:1.5 d4:1.5
340	Bjerkandera adusta sb22	arabinogalactan 1%			d3:1.2 d4:1.5
340	Bjerkandera adusta sb22	birchwood xylan 1%	2		d3:1.5 d4:1.5
340	Bjerkandera adusta sb22	casein 3%	5		d3:0.5 d4:0.8
340	Bjerkandera adusta sb22	cellobiose	3		d3:0.6 d4:1
340	Bjerkandera adusta sb22	cellulose 3%	1		d3:1.5 d4:1.5
340	Bjerkandera adusta sb22	citrus pectin 1% pH=6	5		d3:1.2 d4:1.5
340	Bjerkandera adusta sb22	citrus pulp 3% pH=6	7		d3:1.1 d4:1.5
340	Bjerkandera adusta sb22	cotton seed pulp 3%	8		d3:1.5 d4:1.5
340	Bjerkandera adusta sb22	D-fructose	7		d3:1.5 d4:1.5
340	Bjerkandera adusta sb22	D-galactose	2		d3:1.2 d4:1.5
340	Bjerkandera adusta sb22	D-galacturonic acid	3		d3:1 d4:1.5
340	Bjerkandera adusta sb22	D-glucose	5		d3:0.8 d4:1.5
340	Bjerkandera adusta sb22	D-glucuronic acid	3		d3:1 d4:1.5
340	Bjerkandera adusta sb22	D-mannose	7		d3:1.1 d4:1.5
340	Bjerkandera adusta sb22	D-ribose	2		d3:1.4 d4:1.5
340	Bjerkandera adusta sb22	D-xylose	6		d3:0.9 d4:1.4
340	Bjerkandera adusta sb22	guar gum 1%	3		d4:1.5
340	Bjerkandera adusta sb22	inulin 1%	2		d3:1.5 d4:1.4
340	Bjerkandera adusta sb22	lactose	0		d3:1 d4:1.5
340	Bjerkandera adusta sb22	maltose	2		d3:1.5 d4:1.5
340	Bjerkandera adusta sb22	no carbon source	1		d3:1.5 d4:1.5
340	Bjerkandera adusta sb22	oat spelt xylan 1%	0		
340	Bjerkandera adusta sb22	raffinose	5		d3:1.5 d4:1.5
340	Bjerkandera adusta sb22	rice bran 3%	4		d3:1.1 d4:1.5
340	Bjerkandera adusta sb22	soluble starch 1%	3		d3:1.5 d4:1.5
340	Bjerkandera adusta sb22	soybean hulls 3%	5		d3:1.3 d4:1.5
340	Bjerkandera adusta sb22	sucrose	1		d3:1.5 d4:1.5
340	Bjerkandera adusta sb22	wheat bran 3%	7		d3:1.1 d4:1.5
341	Botrytis cinerea T4	alfalfa meal 3%	9		d2:1.3 d5:2.4 d6:4.6
341	Botrytis cinerea T4	apple pectin 1% pH=6	8		d2:1.3 d5:2.8 d6:5
341	Botrytis cinerea T4	arabic gum 1%	0		d2:0.5 d5:1.9 d6:3.8
341	Botrytis cinerea T4	arabinogalactan 1%			d2:0.4 d5:1.3 d6:4.4
341	Botrytis cinerea T4	birchwood xylan 1%	2		d2:0.4 d5:0.3 d6:0.4
341	Botrytis cinerea T4	casein 3%	5		d2:0.6 d5:1.4 d6:2.5
341	Botrytis cinerea T4	cellobiose	2		d2:0.7 d5:1.4 d6:2.9
341	Botrytis cinerea T4	cellulose 3%	1		d2:0.6 d5:1.1 d6:2.6
341	Botrytis cinerea T4	citrus pectin 1% pH=6	7		d2:1.4 d5:2.7 d6:4.7
341	Botrytis cinerea T4	citrus pulp 3% pH=6	9		d2:0.8 d5:2.5 d6:5.5
341	Botrytis cinerea T4	cotton seed pulp 3%	6		d2:0.2 d5:0.5 d6:5.3
341	Botrytis cinerea T4	D-fructose	5		d2:0.6 d5:1.3 d6:3
341	Botrytis cinerea T4	D-galactose	2		d2:0.4 d5:0.7 d6:2.1
341	Botrytis cinerea T4	D-galacturonic acid	3		d2:0.5 d5:1.2 d6:2.6
341	Botrytis cinerea T4	D-glucose	5		d2:0.4 d5:1.3 d6:3
341	Botrytis cinerea T4	D-glucuronic acid	0		d2:0.5 d5:0.8 d6:2.3
341	Botrytis cinerea T4	D-mannose	5		d2:0.8 d5:1.9 d6:4.2
341	Botrytis cinerea T4	D-ribose	0		d2:0.4 d5:0.8 d6:1.7
341	Botrytis cinerea T4	D-xylose	2		d2:0.4 d5:0.7 d6:1.4
341	Botrytis cinerea T4	guar gum 1%	0		d2:0.2 d5:0 d6:0
341	Botrytis cinerea T4	inulin 1%	0		d2:0.7 d5:1.5 d6:3.8
341	Botrytis cinerea T4	lactose	2		d2:0.7 d5:1.2 d6:2.5
341	Botrytis cinerea T4	maltose	4		d2:0.7 d5:1.8 d6:3.7
341	Botrytis cinerea T4	no carbon source	0		d2:0.4 d5:1.2 d6:2.2
341	Botrytis cinerea T4	oat spelt xylan 1%	2		d2:0.2 d5:0.9 d6:1.6
341	Botrytis cinerea T4	raffinose	3		d2:0.5 d5:1.3 d6:2.6
341	Botrytis cinerea T4	rice bran 3%	10		d2:1.2 d5:2.1 d6:5.1
341	Botrytis cinerea T4	soluble starch 1%	7		d2:0.8 d5:1.8 d6:4.4
341	Botrytis cinerea T4	soybean hulls 3%	6		d2:0.5 d5:1.4 d6:2.7
341	Botrytis cinerea T4	sucrose	3		d2:0.9 d5:1.8 d6:3.5
341	Botrytis cinerea T4	wheat bran 3%	10		d2:1.3 d5:2.7 d6:5.9
342	Botrytis cinerea CBS131.28	alfalfa meal 3%	10		d2:0.4 d4:1.5
342	Botrytis cinerea CBS131.28	apple pectin 1% pH=6	6		d2:0.2 d4:1.2
342	Botrytis cinerea CBS131.28	arabic gum 1%	1		d2:0.4 d4:1.5
342	Botrytis cinerea CBS131.28	arabinogalactan 1%			d2:0.2 d4:1.1
342	Botrytis cinerea CBS131.28	birchwood xylan 1%	2		d4:1.1
342	Botrytis cinerea CBS131.28	casein 3%	1		d2:0.1 d4:0.7
342	Botrytis cinerea CBS131.28	cellobiose	4		d2:0.3 d4:1
342	Botrytis cinerea CBS131.28	cellulose 3%	1		d2:0.1 d4:0.8
342	Botrytis cinerea CBS131.28	citrus pectin 1% pH=6	6		d2:0.4 d4:1
342	Botrytis cinerea CBS131.28	citrus pulp 3% pH=6	9		d2:0.7 d4:1.5
342	Botrytis cinerea CBS131.28	cotton seed pulp 3%	7		d2:0.5 d4:1.4
342	Botrytis cinerea CBS131.28	D-fructose	4		d2:0.3 d4:1.1
342	Botrytis cinerea CBS131.28	D-galactose	3		d2:0.2 d4:0.9
342	Botrytis cinerea CBS131.28	D-galacturonic acid	2		d2:0.1 d4:0.1
342	Botrytis cinerea CBS131.28	D-glucose	5		d2:0.4 d4:1.2
342	Botrytis cinerea CBS131.28	D-glucuronic acid	1		d2:0.1 d4:0.8
342	Botrytis cinerea CBS131.28	D-mannose	5		d2:0.3 d4:1.1
342	Botrytis cinerea CBS131.28	D-ribose	1		d4:0.7
342	Botrytis cinerea CBS131.28	D-xylose	3		d4:0.8
342	Botrytis cinerea CBS131.28	guar gum 1%	5		d2:0.5 d4:1.5
342	Botrytis cinerea CBS131.28	inulin 1%	1		d2:0.1 d4:0.5
342	Botrytis cinerea CBS131.28	lactose	3		d2:0.2 d4:1.1
342	Botrytis cinerea CBS131.28	maltose	4		d2:0.2 d4:1
342	Botrytis cinerea CBS131.28	no carbon source	0		d2:0.1 d4:1
342	Botrytis cinerea CBS131.28	oat spelt xylan 1%	0		
342	Botrytis cinerea CBS131.28	raffinose	4		d2:0.3 d4:1.1
342	Botrytis cinerea CBS131.28	rice bran 3%	9		d2:0.6 d4:1.5
342	Botrytis cinerea CBS131.28	soluble starch 1%	7		d2:0.5 d4:1.4
342	Botrytis cinerea CBS131.28	soybean hulls 3%	8		d2:0.4 d4:1.2
342	Botrytis cinerea CBS131.28	sucrose	6		d2:0.4 d4:1.1
342	Botrytis cinerea CBS131.28	wheat bran 3%	10		d2:0.4 d4:1.5
343	Ceriporiopsis subvermispora CS 105752	alfalfa meal 3%	9		d2:2.2
343	Ceriporiopsis subvermispora CS 105752	apple pectin 1% pH=6	6		d2:3.2
343	Ceriporiopsis subvermispora CS 105752	arabic gum 1%	0		
343	Ceriporiopsis subvermispora CS 105752	birchwood xylan 1%	1		
343	Ceriporiopsis subvermispora CS 105752	casein 3%	0		
343	Ceriporiopsis subvermispora CS 105752	cellobiose	2		d2:0.9
343	Ceriporiopsis subvermispora CS 105752	cellulose 3%	1		d2:1.7
343	Ceriporiopsis subvermispora CS 105752	citrus pectin 1% pH=6	7		d2:3.2
343	Ceriporiopsis subvermispora CS 105752	citrus pulp 3% pH=6	7		d2:3.2
343	Ceriporiopsis subvermispora CS 105752	cotton seed pulp 3%	7		d2:2.3
343	Ceriporiopsis subvermispora CS 105752	D-fructose	4		d2:2.1
343	Ceriporiopsis subvermispora CS 105752	D-galactose	0		
343	Ceriporiopsis subvermispora CS 105752	D-galacturonic acid	4		d2:1.3
343	Ceriporiopsis subvermispora CS 105752	D-glucose	5		d2:2.4
343	Ceriporiopsis subvermispora CS 105752	D-glucuronic acid	2		d2:1.5
343	Ceriporiopsis subvermispora CS 105752	D-mannose	5		d2:2.5
343	Ceriporiopsis subvermispora CS 105752	D-ribose	2		d2:1.6
343	Ceriporiopsis subvermispora CS 105752	D-xylose	2		d2:1.2
343	Ceriporiopsis subvermispora CS 105752	guar gum 1%	5		d2:3.2
343	Ceriporiopsis subvermispora CS 105752	inulin 1%	8		d2:2.3
343	Ceriporiopsis subvermispora CS 105752	lactose	0		d2:0.5
343	Ceriporiopsis subvermispora CS 105752	maltose	2		d2:1.6
343	Ceriporiopsis subvermispora CS 105752	no carbon source	2		d2:1.6
343	Ceriporiopsis subvermispora CS 105752	oat spelt xylan 1%	0		
343	Ceriporiopsis subvermispora CS 105752	raffinose	1		d2:0.5
343	Ceriporiopsis subvermispora CS 105752	rice bran 3%	2		d2:0.5
343	Ceriporiopsis subvermispora CS 105752	soluble starch 1%	8		d2:2.1
343	Ceriporiopsis subvermispora CS 105752	soybean hulls 3%	3		d2:1
343	Ceriporiopsis subvermispora CS 105752	sucrose	3		d2:2.2
343	Ceriporiopsis subvermispora CS 105752	wheat bran 3%	10		d2:2.3
344	Cochliobolus lunatus 118	alfalfa meal 3%	3		d2:0.8
344	Cochliobolus lunatus 118	apple pectin 1% pH=6	4		d2:1.3
344	Cochliobolus lunatus 118	arabic gum 1%	1		d2:1.1
344	Cochliobolus lunatus 118	arabinogalactan 1%			d2:0.5
344	Cochliobolus lunatus 118	birchwood xylan 1%	1		d2:1.1
344	Cochliobolus lunatus 118	casein 3%	2		d2:1
344	Cochliobolus lunatus 118	cellobiose	5		d2:1
344	Cochliobolus lunatus 118	cellulose 3%	1		d2:1
344	Cochliobolus lunatus 118	citrus pectin 1% pH=6	4		d2:1.3
344	Cochliobolus lunatus 118	citrus pulp 3% pH=6	4		d2:0.9
344	Cochliobolus lunatus 118	cotton seed pulp 3%	2		d2:1
344	Cochliobolus lunatus 118	D-fructose	5		d2:1.3
344	Cochliobolus lunatus 118	D-galactose	4		d2:1.2
344	Cochliobolus lunatus 118	D-galacturonic acid	1		
344	Cochliobolus lunatus 118	D-glucose	5		d2:1.4
344	Cochliobolus lunatus 118	D-glucuronic acid	1		d2:0.9
344	Cochliobolus lunatus 118	D-mannose	5		d2:1.3
344	Cochliobolus lunatus 118	D-ribose	1		d2:1.1
344	Cochliobolus lunatus 118	D-xylose	4		d2:1.2
344	Cochliobolus lunatus 118	guar gum 1%	4		d2:1.3
344	Cochliobolus lunatus 118	inulin 1%	3		d2:1.3
344	Cochliobolus lunatus 118	lactose	4		d2:1.2
344	Cochliobolus lunatus 118	maltose	6		d2:1.3
344	Cochliobolus lunatus 118	no carbon source	1		d2:1.2
344	Cochliobolus lunatus 118	oat spelt xylan 1%	0		
344	Cochliobolus lunatus 118	raffinose	5		d2:1.3
344	Cochliobolus lunatus 118	rice bran 3%	3		d2:0.6
344	Cochliobolus lunatus 118	soluble starch 1%	4		d2:1.4
344	Cochliobolus lunatus 118	soybean hulls 3%	3		d2:0.8
344	Cochliobolus lunatus 118	sucrose	5		d2:1.4
344	Cochliobolus lunatus 118	wheat bran 3%	6		d2:1
345	Coniophora puteana	alfalfa meal 3%	7		d4:0.7 d8:2.5
345	Coniophora puteana	apple pectin 1% pH=6	7		d4:1.3 d8:3.3
345	Coniophora puteana	arabic gum 1%	1		d4:0.7 d8:1.5
345	Coniophora puteana	arabinogalactan 1%			d4:0.8 d8:1.3
345	Coniophora puteana	birchwood xylan 1%	1		d4:0.5 d8:2
345	Coniophora puteana	casein 3%	0		d8:0.7
345	Coniophora puteana	cellobiose	5		d4:1.2 d8:2.9
345	Coniophora puteana	cellulose 3%	0		d4:0.6 d8:1.5
345	Coniophora puteana	citrus pectin 1% pH=6	7		d4:1.5 d8:3.3
345	Coniophora puteana	citrus pulp 3% pH=6	9		d4:1.2 d8:3.3
345	Coniophora puteana	cotton seed pulp 3%	2		d4:0.7 d8:1.7
345	Coniophora puteana	D-fructose	3		d4:0.9 d8:3.3
345	Coniophora puteana	D-galactose	4		d4:0.8 d8:3.2
345	Coniophora puteana	D-galacturonic acid	5		d4:1 d8:2.2
345	Coniophora puteana	D-glucose	5		d4:1.2 d8:3.3
345	Coniophora puteana	D-glucuronic acid	1		d4:0.4 d8:1.2
345	Coniophora puteana	D-mannose	5		d4:1.1 d8:3.3
345	Coniophora puteana	D-ribose	1		d4:0.4 d8:1.3
345	Coniophora puteana	D-xylose	3		d4:0.6 d8:2.3
345	Coniophora puteana	guar gum 1%	2		d4:0.6 d8:2
345	Coniophora puteana	inulin 1%	1		d4:0.7 d8:1.4
345	Coniophora puteana	lactose	3		d4:0.7 d8:1.8
345	Coniophora puteana	maltose	5		d4:0.8 d8:2.5
345	Coniophora puteana	no carbon source	0		d4:0.4 d8:1.2
345	Coniophora puteana	oat spelt xylan 1%	0		
345	Coniophora puteana	raffinose	2		d4:0.7 d8:2
345	Coniophora puteana	rice bran 3%	8		d4:0.7 d8:2.7
345	Coniophora puteana	soluble starch 1%	4		d4:1.2 d8:3.3
345	Coniophora puteana	soybean hulls 3%	6		d4:0.7 d8:2.2
345	Coniophora puteana	sucrose	0		d4:0.6 d8:1.3
345	Coniophora puteana	wheat bran 3%	10		d4:1.1 d8:3.3
346	Coprinopsis cinerea J6 5.4	alfalfa meal 3%	3		d1:0 d5:0.9 d6:1.2
346	Coprinopsis cinerea J6 5.4	apple pectin 1% pH=6	0		d1:0 d5:0 d6:0.6
346	Coprinopsis cinerea J6 5.4	arabic gum 1%	0		d1:0.5 d5:1.7 d6:1.6
346	Coprinopsis cinerea J6 5.4	arabinogalactan 1%			d1:0 d5:0.8 d6:1
346	Coprinopsis cinerea J6 5.4	birchwood xylan 1%	1		d1:0.1 d5:1.8 d6:1.5
346	Coprinopsis cinerea J6 5.4	casein 3%	1		d1:0.7 d5:1.2 d6:1.3
346	Coprinopsis cinerea J6 5.4	cellobiose	4		d1:0.3 d5:0.7 d6:0.8
346	Coprinopsis cinerea J6 5.4	cellulose 3%	0		d1:0 d5:1.6 d6:0.6
346	Coprinopsis cinerea J6 5.4	citrus pectin 1% pH=6	0		d1:0 d5:0.5 d6:0.5
346	Coprinopsis cinerea J6 5.4	citrus pulp 3% pH=6	1		d1:0 d5:0.3 d6:0.6
346	Coprinopsis cinerea J6 5.4	cotton seed pulp 3%	2		d1:0 d5:0.9 d6:1.2
346	Coprinopsis cinerea J6 5.4	D-fructose	5		d1:1.5 d5:2.2 d6:2.2
346	Coprinopsis cinerea J6 5.4	D-galactose	1		d1:1 d5:1.4 d6:1.4
346	Coprinopsis cinerea J6 5.4	D-galacturonic acid	0		d1:0 d5:0 d6:0
346	Coprinopsis cinerea J6 5.4	D-glucose	5		d1:1.2 d5:2 d6:2.2
346	Coprinopsis cinerea J6 5.4	D-glucuronic acid	1		d1:0.9 d5:2.1 d6:1.5
346	Coprinopsis cinerea J6 5.4	D-mannose	3		d1:1.4 d5:1.7 d6:1.2
346	Coprinopsis cinerea J6 5.4	D-ribose	0		d1:1.3 d5:2.6 d6:2.2
346	Coprinopsis cinerea J6 5.4	D-xylose	4		d1:1.3 d5:2.5 d6:2.2
346	Coprinopsis cinerea J6 5.4	guar gum 1%	2		d1:0.4 d5:2.2 d6:2
346	Coprinopsis cinerea J6 5.4	inulin 1%	2		d1:0.5 d5:1.6 d6:1.4
346	Coprinopsis cinerea J6 5.4	lactose	0		d1:0.2 d5:0.7 d6:0.6
346	Coprinopsis cinerea J6 5.4	maltose	2		d1:0.4 d5:1.8 d6:1.4
346	Coprinopsis cinerea J6 5.4	no carbon source	0		d1:0.9 d5:2.2 d6:2.2
346	Coprinopsis cinerea J6 5.4	oat spelt xylan 1%	0		
346	Coprinopsis cinerea J6 5.4	raffinose	0		d1:0.7 d5:1.9 d6:2.1
346	Coprinopsis cinerea J6 5.4	rice bran 3%	0		d1:0 d5:0.3 d6:0.2
346	Coprinopsis cinerea J6 5.4	soluble starch 1%	1		d1:0 d5:1.4 d6:1.3
346	Coprinopsis cinerea J6 5.4	soybean hulls 3%	3		d1:0 d5:0.8 d6:1.2
346	Coprinopsis cinerea J6 5.4	sucrose	1		d1:1 d5:2.5 d6:2.3
346	Coprinopsis cinerea J6 5.4	wheat bran 3%	3		d1:0 d5:0.9 d6:1.3
347	Coprinopsis cinerea J6;5.5	alfalfa meal 3%	7		d1:0.5 d3:1.2 d4:1.6 d5:2
347	Coprinopsis cinerea J6;5.5	apple pectin 1% pH=6	2		d1:0.2 d3:0.2 d4:0.3 d5:0.5
347	Coprinopsis cinerea J6;5.5	arabic gum 1%	6		d1:0.7 d3:1.7 d4:1.9 d5:2.6
347	Coprinopsis cinerea J6;5.5	arabinogalactan 1%			d1:0.5 d3:0.8 d4:1.1 d5:1.5
347	Coprinopsis cinerea J6;5.5	birchwood xylan 1%	2		d1:0.1 d3:1.9 d4:1.8 d5:2.3
347	Coprinopsis cinerea J6;5.5	casein 3%	4		d1:0.7 d3:0.9 d4:1.1 d5:1.6
347	Coprinopsis cinerea J6;5.5	cellobiose	4		d1:0.8 d3:1.1 d4:1 d5:1.6
347	Coprinopsis cinerea J6;5.5	cellulose 3%	0		d1:0.9 d3:2 d4:2.1 d5:2.9
347	Coprinopsis cinerea J6;5.5	citrus pectin 1% pH=6	1		d1:0.2 d3:0.1 d4:0.2 d5:0.4
347	Coprinopsis cinerea J6;5.5	citrus pulp 3% pH=6	6		d1:0.4 d3:0.7 d4:0.9 d5:1.6
347	Coprinopsis cinerea J6;5.5	cotton seed pulp 3%	8		d1:0.5 d3:1.2 d4:1.5 d5:2.3
347	Coprinopsis cinerea J6;5.5	D-fructose	6		d1:1 d3:1.4 d4:2 d5:2
347	Coprinopsis cinerea J6;5.5	D-galactose	2		d1:0.3 d3:0.8 d4:1 d5:1.1
347	Coprinopsis cinerea J6;5.5	D-galacturonic acid	0		d1:0.1 d3:0 d4:0 d5:0
347	Coprinopsis cinerea J6;5.5	D-glucose	5		d1:1.1 d3:1.4 d4:2 d5:2
347	Coprinopsis cinerea J6;5.5	D-glucuronic acid	1		d1:0.7 d3:1.5 d4:1.5 d5:2.3
347	Coprinopsis cinerea J6;5.5	D-mannose	2		d1:0.9 d3:1.6 d4:1.5 d5:0.9
347	Coprinopsis cinerea J6;5.5	D-ribose	1		d1:0.8 d3:1.5 d4:1.7 d5:2.3
347	Coprinopsis cinerea J6;5.5	D-xylose	5		d1:0.8 d3:1.5 d4:1.7 d5:1.9
347	Coprinopsis cinerea J6;5.5	guar gum 1%	8		d1:0.9 d3:1.8 d4:1.9 d5:2.7
347	Coprinopsis cinerea J6;5.5	inulin 1%	1		d1:0.6 d3:0.9 d4:1.6 d5:1.9
347	Coprinopsis cinerea J6;5.5	lactose	1		d1:0.1 d3:0.5 d4:0.5 d5:0.5
347	Coprinopsis cinerea J6;5.5	maltose	1		d1:0.7 d3:1.7 d4:1.7 d5:1.5
347	Coprinopsis cinerea J6;5.5	no carbon source	0		d1:0.9 d3:1.8 d4:2 d5:2.6
347	Coprinopsis cinerea J6;5.5	oat spelt xylan 1%	0		
347	Coprinopsis cinerea J6;5.5	raffinose	1		d1:0.5 d3:1.7 d4:1 d5:2.7
347	Coprinopsis cinerea J6;5.5	rice bran 3%	3		d1:0.5 d3:0.8 d4:0.8 d5:0.8
347	Coprinopsis cinerea J6;5.5	soluble starch 1%	7		d1:1.1 d3:1.8 d4:2.1 d5:2.4
347	Coprinopsis cinerea J6;5.5	soybean hulls 3%	10		d1:1 d3:1.7 d4:2.3 d5:3.5
347	Coprinopsis cinerea J6;5.5	sucrose	1		d1:0.7 d3:1.5 d4:1.7 d5:2.4
347	Coprinopsis cinerea J6;5.5	wheat bran 3%	10		d1:1 d3:1.5 d4:2.2 d5:2.9
348	Coprinopsis cinerea Java 6	alfalfa meal 3%	9		d1:0.6 d3:1.4 d4:1.8 d5:2.7
348	Coprinopsis cinerea Java 6	apple pectin 1% pH=6	5		d1:0.5 d3:0.8 d4:1.1 d5:1.6
348	Coprinopsis cinerea Java 6	arabic gum 1%	2		d1:0.8 d3:1.5 d4:2 d5:2
348	Coprinopsis cinerea Java 6	arabinogalactan 1%			d1:0.4 d3:1 d4:0.9 d5:1.3
348	Coprinopsis cinerea Java 6	birchwood xylan 1%	4		d1:0.9 d3:1.7 d4:2 d5:2.6
348	Coprinopsis cinerea Java 6	casein 3%	4		d1:0.5 d3:1.2 d4:1.6 d5:2.3
348	Coprinopsis cinerea Java 6	cellobiose	5		d1:1 d3:1.6 d4:1.6 d5:1.7
348	Coprinopsis cinerea Java 6	cellulose 3%	2		d1:0.5 d3:1.4 d4:1.5 d5:2.2
348	Coprinopsis cinerea Java 6	citrus pectin 1% pH=6	2		d1:0.3 d3:0.3 d4:0.5 d5:0.7
348	Coprinopsis cinerea Java 6	citrus pulp 3% pH=6	3		d1:0.2 d3:0.7 d4:0.8 d5:1.3
348	Coprinopsis cinerea Java 6	cotton seed pulp 3%	5		d1:0.7 d3:1.4 d4:2 d5:2.7
348	Coprinopsis cinerea Java 6	D-fructose	5		d1:0.5 d3:1.5 d4:1.5 d5:1.2
348	Coprinopsis cinerea Java 6	D-galactose	1		d1:0.3 d3:0.8 d4:1 d5:0.5
348	Coprinopsis cinerea Java 6	D-galacturonic acid	0		d1:0 d3:0 d4:0 d5:0
348	Coprinopsis cinerea Java 6	D-glucose	5		d1:1 d3:1.6 d4:1.7 d5:1.7
348	Coprinopsis cinerea Java 6	D-glucuronic acid	2		d1:0.9 d3:2.1 d4:2.2 d5:2.5
348	Coprinopsis cinerea Java 6	D-mannose	1		d1:0.5 d3:1.6 d4:1.5 d5:1.3
348	Coprinopsis cinerea Java 6	D-ribose	3		d1:0.6 d3:1.6 d4:1.8 d5:1.6
348	Coprinopsis cinerea Java 6	D-xylose	4		d1:0.6 d3:1.3 d4:1.5 d5:1.3
348	Coprinopsis cinerea Java 6	guar gum 1%	6		d1:0.9 d3:1.9 d4:1.8 d5:2.6
348	Coprinopsis cinerea Java 6	inulin 1%	2		d1:0.8 d3:1.6 d4:1.7 d5:2.3
348	Coprinopsis cinerea Java 6	lactose	1		d1:0.4 d3:1 d4:1.3 d5:1.5
348	Coprinopsis cinerea Java 6	maltose	6		d1:1 d3:1.8 d4:1.8 d5:2.4
348	Coprinopsis cinerea Java 6	no carbon source	2		d1:0.9 d3:1.9 d4:2 d5:2.5
348	Coprinopsis cinerea Java 6	oat spelt xylan 1%	0		
348	Coprinopsis cinerea Java 6	raffinose	2		d1:0.7 d3:1.5 d4:1.6 d5:2.2
348	Coprinopsis cinerea Java 6	rice bran 3%	5		d1:0.3 d3:1.2 d4:1.4 d5:1.8
348	Coprinopsis cinerea Java 6	soluble starch 1%	6		d1:0.9 d3:1.8 d4:1.9 d5:2.6
348	Coprinopsis cinerea Java 6	soybean hulls 3%	10		d1:0.9 d3:1.9 d4:1.9 d5:2.9
348	Coprinopsis cinerea Java 6	sucrose	6		d1:1 d3:1.9 d4:1.9 d5:2.4
348	Coprinopsis cinerea Java 6	wheat bran 3%	8		d1:0.9 d3:1.9 d4:2 d5:2.4
349	Coprinopsis cinerea Okayama 7	alfalfa meal 3%	7		d1:0.8 d5:2 d6:3.2
349	Coprinopsis cinerea Okayama 7	apple pectin 1% pH=6	1		d1:0 d5:0.3 d6:0.4
349	Coprinopsis cinerea Okayama 7	arabic gum 1%	3		d1:0.8 d5:1.9 d6:2.2
349	Coprinopsis cinerea Okayama 7	arabinogalactan 1%			d1:0.7 d5:1.5 d6:1.6
349	Coprinopsis cinerea Okayama 7	birchwood xylan 1%	4		d1:1 d5:2.4 d6:2.3
349	Coprinopsis cinerea Okayama 7	casein 3%	3		d1:0.7 d5:1.3 d6:2.4
349	Coprinopsis cinerea Okayama 7	cellobiose	3		d1:0.9 d5:1.9 d6:1.8
349	Coprinopsis cinerea Okayama 7	cellulose 3%	1		d1:1.5 d5:2.8 d6:1.3
349	Coprinopsis cinerea Okayama 7	citrus pectin 1% pH=6	2		d1:0.2 d5:0.6 d6:0.6
349	Coprinopsis cinerea Okayama 7	citrus pulp 3% pH=6	3		d1:0.4 d5:1 d6:1.3
349	Coprinopsis cinerea Okayama 7	cotton seed pulp 3%	6		d1:0.7 d5:2.2 d6:2.6
349	Coprinopsis cinerea Okayama 7	D-fructose	5		d1:0.9 d5:2.2 d6:1.9
349	Coprinopsis cinerea Okayama 7	D-galactose	1		d1:0.6 d5:1.1 d6:1
349	Coprinopsis cinerea Okayama 7	D-galacturonic acid	0		d1:0 d5:0 d6:0
349	Coprinopsis cinerea Okayama 7	D-glucose	5		d1:1 d5:2.5 d6:2.4
349	Coprinopsis cinerea Okayama 7	D-glucuronic acid	1		d1:0.7 d5:1.9 d6:1.9
349	Coprinopsis cinerea Okayama 7	D-mannose	2		d1:0.9 d5:2 d6:2
349	Coprinopsis cinerea Okayama 7	D-ribose	1		d1:0.9 d5:1.8 d6:1.7
349	Coprinopsis cinerea Okayama 7	D-xylose	4		d1:1.1 d5:2.2 d6:2.2
349	Coprinopsis cinerea Okayama 7	guar gum 1%	6		d1:0.9 d5:2.5 d6:2.5
349	Coprinopsis cinerea Okayama 7	inulin 1%	1		d1:1.4 d5:3.1 d6:3
349	Coprinopsis cinerea Okayama 7	lactose	1		d1:0.5 d5:0.8 d6:0.8
349	Coprinopsis cinerea Okayama 7	maltose	2		d1:0.7 d5:0.3 d6:2
349	Coprinopsis cinerea Okayama 7	no carbon source	1		d1:0.9 d5:2.3 d6:2.2
349	Coprinopsis cinerea Okayama 7	oat spelt xylan 1%	0		
349	Coprinopsis cinerea Okayama 7	raffinose	2		d1:1 d5:2 d6:2.1
349	Coprinopsis cinerea Okayama 7	rice bran 3%	3		d1:0.2 d5:1.2 d6:1
349	Coprinopsis cinerea Okayama 7	soluble starch 1%	3		d1:1.4 d5:2.7 d6:2.5
349	Coprinopsis cinerea Okayama 7	soybean hulls 3%	8		d1:1 d5:2.3 d6:2.6
349	Coprinopsis cinerea Okayama 7	sucrose	1		d1:1.3 d5:2 d6:2.4
349	Coprinopsis cinerea Okayama 7	wheat bran 3%	8		d1:1.2 d5:2.5 d6:2.5
350	Dichomitus squalens lyad-421 SS-1	alfalfa meal 3%	1		d8:0.6
350	Dichomitus squalens lyad-421 SS-1	apple pectin 1% pH=6	0		
350	Dichomitus squalens lyad-421 SS-1	arabic gum 1%	0		d8:3.1
350	Dichomitus squalens lyad-421 SS-1	birchwood xylan 1%	1		d8:1.4
350	Dichomitus squalens lyad-421 SS-1	casein 3%	5		d8:1.1
350	Dichomitus squalens lyad-421 SS-1	cellobiose	1		
350	Dichomitus squalens lyad-421 SS-1	cellulose 3%	0		d8:3.1
350	Dichomitus squalens lyad-421 SS-1	citrus pectin 1% pH=6	1		d8:1.1
350	Dichomitus squalens lyad-421 SS-1	citrus pulp 3% pH=6	0		
350	Dichomitus squalens lyad-421 SS-1	cotton seed pulp 3%	3		d8:2.9
350	Dichomitus squalens lyad-421 SS-1	D-fructose	5		d8:2.7
350	Dichomitus squalens lyad-421 SS-1	D-galactose	1		d8:3.1
350	Dichomitus squalens lyad-421 SS-1	D-galacturonic acid	0		
350	Dichomitus squalens lyad-421 SS-1	D-glucose	5		d8:2.7
350	Dichomitus squalens lyad-421 SS-1	D-glucuronic acid	0		d8:2.2
350	Dichomitus squalens lyad-421 SS-1	D-mannose	6		d8:3.1
350	Dichomitus squalens lyad-421 SS-1	D-ribose	0		d8:3.1
350	Dichomitus squalens lyad-421 SS-1	D-xylose	0		d8:3.1
350	Dichomitus squalens lyad-421 SS-1	guar gum 1%	1		d8:2.5
350	Dichomitus squalens lyad-421 SS-1	inulin 1%	0		d8:1.8
350	Dichomitus squalens lyad-421 SS-1	lactose	0		d8:2
350	Dichomitus squalens lyad-421 SS-1	maltose	1		d8:2.4
350	Dichomitus squalens lyad-421 SS-1	no carbon source	0		d8:3.1
350	Dichomitus squalens lyad-421 SS-1	oat spelt xylan 1%	0		
350	Dichomitus squalens lyad-421 SS-1	raffinose	0		d8:1.4
350	Dichomitus squalens lyad-421 SS-1	rice bran 3%	1		
350	Dichomitus squalens lyad-421 SS-1	soluble starch 1%	0		
350	Dichomitus squalens lyad-421 SS-1	soybean hulls 3%	0		
350	Dichomitus squalens lyad-421 SS-1	sucrose	0		d8:3.1
350	Dichomitus squalens lyad-421 SS-1	wheat bran 3%	3		d8:0.8
351	Fomitopsis schrenkii	alfalfa meal 3%	2		d7:2.5
351	Fomitopsis schrenkii	apple pectin 1% pH=6	5		d7:2.6
351	Fomitopsis schrenkii	arabic gum 1%	0		d7:2.9
351	Fomitopsis schrenkii	arabinogalactan 1%			d7:1.9
351	Fomitopsis schrenkii	birchwood xylan 1%	4		d7:2.5
351	Fomitopsis schrenkii	casein 3%	1		d7:1.5
351	Fomitopsis schrenkii	cellobiose	4		d7:1.4
351	Fomitopsis schrenkii	cellulose 3%	0		d7:2.1
351	Fomitopsis schrenkii	citrus pectin 1% pH=6	4		d7:2.5
351	Fomitopsis schrenkii	citrus pulp 3% pH=6	4		d7:3
351	Fomitopsis schrenkii	cotton seed pulp 3%	1		d7:3
351	Fomitopsis schrenkii	D-fructose	6		d7:2.9
351	Fomitopsis schrenkii	D-galactose	3		d7:2.5
351	Fomitopsis schrenkii	D-galacturonic acid	4		d7:2
351	Fomitopsis schrenkii	D-glucose	5		d7:2.7
351	Fomitopsis schrenkii	D-glucuronic acid	2		d7:1.2
351	Fomitopsis schrenkii	D-mannose	4		d7:1
351	Fomitopsis schrenkii	D-ribose	3		d7:2.5
351	Fomitopsis schrenkii	D-xylose	5		d7:2.5
351	Fomitopsis schrenkii	guar gum 1%	4		d7:2.4
351	Fomitopsis schrenkii	inulin 1%	0		d7:2.6
351	Fomitopsis schrenkii	lactose	0		d7:1.5
351	Fomitopsis schrenkii	maltose	4		d7:2.3
351	Fomitopsis schrenkii	no carbon source	0		d7:2.4
351	Fomitopsis schrenkii	oat spelt xylan 1%	0		
351	Fomitopsis schrenkii	raffinose	3		d7:3
351	Fomitopsis schrenkii	rice bran 3%	4		d7:1.1
351	Fomitopsis schrenkii	soluble starch 1%	7		d7:2.6
351	Fomitopsis schrenkii	soybean hulls 3%	6		d7:2.5
351	Fomitopsis schrenkii	sucrose	1		d7:2
351	Fomitopsis schrenkii	wheat bran 3%	7		d7:2.7
352	Fomitopsis pinicola CBS117581	alfalfa meal 3%	10		d7:3.2
352	Fomitopsis pinicola CBS117581	apple pectin 1% pH=6	2		d7:3.2
352	Fomitopsis pinicola CBS117581	arabic gum 1%	4		d7:1.3
352	Fomitopsis pinicola CBS117581	arabinogalactan 1%			d7:2.9
352	Fomitopsis pinicola CBS117581	birchwood xylan 1%	5		d7:3.2
352	Fomitopsis pinicola CBS117581	casein 3%	1		d7:2.3
352	Fomitopsis pinicola CBS117581	cellobiose	1		d7:0.6
352	Fomitopsis pinicola CBS117581	cellulose 3%	4		d7:1.1
352	Fomitopsis pinicola CBS117581	citrus pectin 1% pH=6	3		d7:1.6
352	Fomitopsis pinicola CBS117581	citrus pulp 3% pH=6	0		d7:0
352	Fomitopsis pinicola CBS117581	cotton seed pulp 3%	2		d7:3.2
352	Fomitopsis pinicola CBS117581	D-fructose	3		d7:2.5
352	Fomitopsis pinicola CBS117581	D-galactose	4		d7:1
352	Fomitopsis pinicola CBS117581	D-galacturonic acid	1		d7:1.8
352	Fomitopsis pinicola CBS117581	D-glucose	5		d7:1.4
352	Fomitopsis pinicola CBS117581	D-glucuronic acid	3		d7:1.1
352	Fomitopsis pinicola CBS117581	D-mannose	5		d7:1.6
352	Fomitopsis pinicola CBS117581	D-ribose	3		d7:1.3
352	Fomitopsis pinicola CBS117581	D-xylose	1		d7:2.1
352	Fomitopsis pinicola CBS117581	guar gum 1%	2		d7:3.2
352	Fomitopsis pinicola CBS117581	inulin 1%	4		d7:2
352	Fomitopsis pinicola CBS117581	lactose	7		d7:2.9
352	Fomitopsis pinicola CBS117581	maltose	6		d7:3.2
352	Fomitopsis pinicola CBS117581	no carbon source	1		d7:1
352	Fomitopsis pinicola CBS117581	oat spelt xylan 1%	0		
352	Fomitopsis pinicola CBS117581	raffinose	3		d7:1.2
352	Fomitopsis pinicola CBS117581	rice bran 3%	7		d7:3.2
352	Fomitopsis pinicola CBS117581	soluble starch 1%	4		d7:3.2
352	Fomitopsis pinicola CBS117581	soybean hulls 3%	4		d7:1.3
352	Fomitopsis pinicola CBS117581	sucrose	2		d7:1.1
352	Fomitopsis pinicola CBS117581	wheat bran 3%	8		d7:3.2
353	Formitiporia mediterranea	alfalfa meal 3%	7		d7:1.9
353	Formitiporia mediterranea	apple pectin 1% pH=6	9		d7:2
353	Formitiporia mediterranea	arabic gum 1%	3		d7:2.1
353	Formitiporia mediterranea	arabinogalactan 1%			d7:1.8
353	Formitiporia mediterranea	birchwood xylan 1%	2		d7:1.7
353	Formitiporia mediterranea	casein 3%	7		d7:1.4
353	Formitiporia mediterranea	cellobiose	4		d7:1.1
353	Formitiporia mediterranea	cellulose 3%	2		d7:2
353	Formitiporia mediterranea	citrus pectin 1% pH=6	8		d7:1.8
353	Formitiporia mediterranea	citrus pulp 3% pH=6	8		d7:1.6
353	Formitiporia mediterranea	cotton seed pulp 3%	3		d7:2
353	Formitiporia mediterranea	D-fructose	5		d7:1.6
353	Formitiporia mediterranea	D-galactose	3		d7:1.4
353	Formitiporia mediterranea	D-galacturonic acid	2		d7:0.8
353	Formitiporia mediterranea	D-glucose	5		d7:1.7
353	Formitiporia mediterranea	D-glucuronic acid	3		d7:1.5
353	Formitiporia mediterranea	D-mannose	5		d7:1.4
353	Formitiporia mediterranea	D-ribose	2		d7:2.7
353	Formitiporia mediterranea	D-xylose	4		d7:1.7
353	Formitiporia mediterranea	guar gum 1%	9		d7:2.1
353	Formitiporia mediterranea	inulin 1%	3		d7:1.9
353	Formitiporia mediterranea	lactose	2		d7:1.2
353	Formitiporia mediterranea	maltose	5		d7:1.8
353	Formitiporia mediterranea	no carbon source	1		d7:1.9
353	Formitiporia mediterranea	oat spelt xylan 1%	0		
353	Formitiporia mediterranea	raffinose	0		
353	Formitiporia mediterranea	rice bran 3%	8		d7:1.6
353	Formitiporia mediterranea	soluble starch 1%	5		d7:1.9
353	Formitiporia mediterranea	soybean hulls 3%	8		d7:1.7
353	Formitiporia mediterranea	sucrose	2		d7:2
353	Formitiporia mediterranea	wheat bran 3%	10		d7:2.3
354	Fusarium eumartii CBS101710	alfalfa meal 3%	8		d2:0.1 d4:0.6 d7:1.1
354	Fusarium eumartii CBS101710	apple pectin 1% pH=6	4		d2:0.2 d4:0.6 d7:1
354	Fusarium eumartii CBS101710	arabic gum 1%	2		d2:0.2 d4:0.7 d7:1.4
354	Fusarium eumartii CBS101710	arabinogalactan 1%			d2:0.2 d4:0.6 d7:1.1
354	Fusarium eumartii CBS101710	birchwood xylan 1%	2		d2:0.2 d4:0.6 d7:1
354	Fusarium eumartii CBS101710	casein 3%	8		d2:0.3 d4:0.8 d7:1.1
354	Fusarium eumartii CBS101710	cellobiose	5		d2:0.2 d4:0.6 d7:1.1
354	Fusarium eumartii CBS101710	cellulose 3%	0		d2:0.3 d4:0.8 d7:1.5
354	Fusarium eumartii CBS101710	citrus pectin 1% pH=6	5		d2:0.1 d4:0.6 d7:1
354	Fusarium eumartii CBS101710	citrus pulp 3% pH=6	5		d2:0.1 d4:0.5 d7:1.1
354	Fusarium eumartii CBS101710	cotton seed pulp 3%	4		d2:0.2 d4:0.7 d7:1.4
354	Fusarium eumartii CBS101710	D-fructose	4		d2:0.2 d4:0.6 d7:1.1
354	Fusarium eumartii CBS101710	D-galactose	5		d2:0.1 d4:0.6 d7:1
354	Fusarium eumartii CBS101710	D-galacturonic acid	2		d7:0.4
354	Fusarium eumartii CBS101710	D-glucose	5		d2:0.2 d4:0.6 d7:1
354	Fusarium eumartii CBS101710	D-glucuronic acid	1		d2:0.3 d4:0.7 d7:1.3
354	Fusarium eumartii CBS101710	D-mannose	5		d2:1.6 d4:0.6 d7:1.1
354	Fusarium eumartii CBS101710	D-ribose	1		d2:0.3 d4:0.8 d7:1.4
354	Fusarium eumartii CBS101710	D-xylose	4		d2:0.2 d4:0.5 d7:1.5
354	Fusarium eumartii CBS101710	guar gum 1%	3		d2:0.3 d4:0.8 d7:1.5
354	Fusarium eumartii CBS101710	inulin 1%	0		d2:0.2 d4:0.8 d7:1.4
354	Fusarium eumartii CBS101710	lactose	1		d2:0.3 d4:0.8 d7:1.3
354	Fusarium eumartii CBS101710	maltose	5		d2:0.2 d4:0.6 d7:1
354	Fusarium eumartii CBS101710	no carbon source	0		d2:0.2 d4:0.7 d7:1.2
354	Fusarium eumartii CBS101710	oat spelt xylan 1%	0		
354	Fusarium eumartii CBS101710	raffinose	1		d2:0.3 d4:0.7 d7:1.4
354	Fusarium eumartii CBS101710	rice bran 3%	8		d2:0.2 d4:0.7 d7:1.2
354	Fusarium eumartii CBS101710	soluble starch 1%	6		d2:0.2 d4:0.7 d7:1.1
354	Fusarium eumartii CBS101710	soybean hulls 3%	4		d2:0.1 d4:0.6 d7:1.1
354	Fusarium eumartii CBS101710	sucrose	5		d2:0.2 d4:0.6 d7:1.1
354	Fusarium eumartii CBS101710	wheat bran 3%	4		d2:0.2 d4:0.7 d7:1.1
355	Fusarium graminearum CBS123654	alfalfa meal 3%	9		d2:1.3 d3:2.7
355	Fusarium graminearum CBS123654	apple pectin 1% pH=6	1		d2:0.6 d3:1.7
355	Fusarium graminearum CBS123654	arabic gum 1%	1		d2:1.6 d3:2.6
355	Fusarium graminearum CBS123654	arabinogalactan 1%			d2:1.2 d3:2
355	Fusarium graminearum CBS123654	birchwood xylan 1%	5		d2:1.3 d3:2.1
355	Fusarium graminearum CBS123654	casein 3%	8		d2:1.5 d3:2.5
355	Fusarium graminearum CBS123654	cellobiose	4		d2:1 d3:2
355	Fusarium graminearum CBS123654	cellulose 3%	0		d2:1 d3:2
355	Fusarium graminearum CBS123654	citrus pectin 1% pH=6	5		d2:0.8 d3:2
355	Fusarium graminearum CBS123654	citrus pulp 3% pH=6	8		d2:0.7 d3:1.8
355	Fusarium graminearum CBS123654	cotton seed pulp 3%	3		d2:1.5 d3:2.7
355	Fusarium graminearum CBS123654	D-fructose	4		d2:1.4 d3:2.7
355	Fusarium graminearum CBS123654	D-galactose	4		d2:1 d3:1.7
355	Fusarium graminearum CBS123654	D-galacturonic acid	1		d2:0.1 d3:0.3
355	Fusarium graminearum CBS123654	D-glucose	5		d2:1.3 d3:2.6
355	Fusarium graminearum CBS123654	D-glucuronic acid	0		d2:1.1 d3:1.9
355	Fusarium graminearum CBS123654	D-mannose	4		d2:1.2 d3:2.4
355	Fusarium graminearum CBS123654	D-ribose	1		d2:0.9 d3:1.4
355	Fusarium graminearum CBS123654	D-xylose	2		d2:1 d3:1.7
355	Fusarium graminearum CBS123654	guar gum 1%	2		d2:1.7 d3:3.2
355	Fusarium graminearum CBS123654	inulin 1%	0		d2:1.6 d3:2.7
355	Fusarium graminearum CBS123654	lactose	2		d2:0.9 d3:2.1
355	Fusarium graminearum CBS123654	maltose	1		d2:0.9 d3:2.2
355	Fusarium graminearum CBS123654	no carbon source	0		d2:0.9 d3:1.6
355	Fusarium graminearum CBS123654	oat spelt xylan 1%	0		
355	Fusarium graminearum CBS123654	raffinose	5		d2:0.7 d3:1.3
355	Fusarium graminearum CBS123654	rice bran 3%	10		d2:1.5 d3:3.1
355	Fusarium graminearum CBS123654	soluble starch 1%	8		d2:1.5 d3:2.6
355	Fusarium graminearum CBS123654	soybean hulls 3%	9		d2:1.1 d3:2.3
355	Fusarium graminearum CBS123654	sucrose	7		d2:1.9 d3:3.1
355	Fusarium graminearum CBS123654	wheat bran 3%	10		d2:1.5 d3:3.1
356	Fusarium oxysporum CBS128.24	alfalfa meal 3%	7		d2:0.8 d4:1
356	Fusarium oxysporum CBS128.24	apple pectin 1% pH=6	5		d2:0.7 d4:1.5
356	Fusarium oxysporum CBS128.24	arabic gum 1%	1		d2:1 d4:1.5
356	Fusarium oxysporum CBS128.24	arabinogalactan 1%			d2:1 d4:1.5
356	Fusarium oxysporum CBS128.24	birchwood xylan 1%	4		d2:0.9 d4:1.5
356	Fusarium oxysporum CBS128.24	casein 3%	3		d2:0.9 d4:1.5
356	Fusarium oxysporum CBS128.24	cellobiose	7		d2:0.9 d4:1.5
356	Fusarium oxysporum CBS128.24	cellulose 3%	1		d2:0.9 d4:1.5
356	Fusarium oxysporum CBS128.24	citrus pectin 1% pH=6	5		d2:0.9 d4:1.5
356	Fusarium oxysporum CBS128.24	citrus pulp 3% pH=6	8		d2:0.6 d4:1.1
356	Fusarium oxysporum CBS128.24	cotton seed pulp 3%	3		d2:0.9 d4:1.5
356	Fusarium oxysporum CBS128.24	D-fructose	5		d2:0.8 d4:1.5
356	Fusarium oxysporum CBS128.24	D-galactose	3		d2:0.4 d4:0.7
356	Fusarium oxysporum CBS128.24	D-galacturonic acid	2		d2:0.2 d4:0.5
356	Fusarium oxysporum CBS128.24	D-glucose	5		d2:0.9 d4:1.5
356	Fusarium oxysporum CBS128.24	D-glucuronic acid	1		d2:0.8 d4:1.4
356	Fusarium oxysporum CBS128.24	D-mannose	5		d2:0.8 d4:1.5
356	Fusarium oxysporum CBS128.24	D-ribose	4		d2:0.8 d4:1.5
356	Fusarium oxysporum CBS128.24	D-xylose	4		d2:0.8 d4:1.5
356	Fusarium oxysporum CBS128.24	guar gum 1%	1		d2:1 d4:1.5
356	Fusarium oxysporum CBS128.24	inulin 1%	6		d2:1 d4:1.5
356	Fusarium oxysporum CBS128.24	lactose	1		d2:0.8 d4:1.5
356	Fusarium oxysporum CBS128.24	maltose	7		d2:0.9 d4:1.5
356	Fusarium oxysporum CBS128.24	no carbon source	0		d2:0.8 d4:1.3
356	Fusarium oxysporum CBS128.24	oat spelt xylan 1%	0		
356	Fusarium oxysporum CBS128.24	raffinose	7		d2:1 d4:1.5
356	Fusarium oxysporum CBS128.24	rice bran 3%	10		d2:0.9 d4:1.5
356	Fusarium oxysporum CBS128.24	soluble starch 1%	6		d2:1 d4:1.5
356	Fusarium oxysporum CBS128.24	soybean hulls 3%	9		d2:1 d4:1.5
356	Fusarium oxysporum CBS128.24	sucrose	7		d2:1 d4:1.5
356	Fusarium oxysporum CBS128.24	wheat bran 3%	10		d2:1 d4:1.5
357	Fusarium oxysporum f.so. tulipae CBS116593	alfalfa meal 3%	3		d2:1.5 d3:2.9
357	Fusarium oxysporum f.so. tulipae CBS116593	apple pectin 1% pH=6	2		d2:1.2 d3:2.8
357	Fusarium oxysporum f.so. tulipae CBS116593	arabic gum 1%	1		d2:1.5 d3:3
357	Fusarium oxysporum f.so. tulipae CBS116593	arabinogalactan 1%			d2:1.4 d3:2.8
357	Fusarium oxysporum f.so. tulipae CBS116593	birchwood xylan 1%	1		d2:1.5 d3:2.9
357	Fusarium oxysporum f.so. tulipae CBS116593	casein 3%	3		d2:1.5 d3:2.9
357	Fusarium oxysporum f.so. tulipae CBS116593	cellobiose	4		d2:1.6 d3:2.9
357	Fusarium oxysporum f.so. tulipae CBS116593	cellulose 3%	1		d2:1.5 d3:2.9
357	Fusarium oxysporum f.so. tulipae CBS116593	citrus pectin 1% pH=6	3		d2:1.3 d3:2.7
357	Fusarium oxysporum f.so. tulipae CBS116593	citrus pulp 3% pH=6	4		d2:1.1 d3:2.3
357	Fusarium oxysporum f.so. tulipae CBS116593	cotton seed pulp 3%	1		d2:1.4 d3:3
357	Fusarium oxysporum f.so. tulipae CBS116593	D-fructose	4		d2:1.6 d3:2.8
357	Fusarium oxysporum f.so. tulipae CBS116593	D-galactose	3		d2:1 d3:1.8
357	Fusarium oxysporum f.so. tulipae CBS116593	D-galacturonic acid	1		d2:0.6 d3:1
357	Fusarium oxysporum f.so. tulipae CBS116593	D-glucose	5		d2:1.7 d3:2.9
357	Fusarium oxysporum f.so. tulipae CBS116593	D-glucuronic acid	1		d2:1.5 d3:2.7
357	Fusarium oxysporum f.so. tulipae CBS116593	D-mannose	4		d2:1.6 d3:2.8
357	Fusarium oxysporum f.so. tulipae CBS116593	D-ribose	3		d2:1.6 d3:3
357	Fusarium oxysporum f.so. tulipae CBS116593	D-xylose	2		d2:1.5 d3:2.8
357	Fusarium oxysporum f.so. tulipae CBS116593	guar gum 1%	1		d2:1.6 d3:3.2
357	Fusarium oxysporum f.so. tulipae CBS116593	inulin 1%	4		d2:1.5 d3:2.9
357	Fusarium oxysporum f.so. tulipae CBS116593	lactose	1		d2:1.6 d3:2.9
357	Fusarium oxysporum f.so. tulipae CBS116593	maltose	3		d2:1.5 d3:2.9
357	Fusarium oxysporum f.so. tulipae CBS116593	no carbon source	0		d2:1.5 d3:3
357	Fusarium oxysporum f.so. tulipae CBS116593	oat spelt xylan 1%	0		
357	Fusarium oxysporum f.so. tulipae CBS116593	raffinose	3		d2:1.6 d3:2.9
357	Fusarium oxysporum f.so. tulipae CBS116593	rice bran 3%	2		d2:1.7 d3:3.2
357	Fusarium oxysporum f.so. tulipae CBS116593	soluble starch 1%	3		d2:1.6 d3:3
357	Fusarium oxysporum f.so. tulipae CBS116593	soybean hulls 3%	3		d2:1.5 d3:2.7
357	Fusarium oxysporum f.so. tulipae CBS116593	sucrose	3		d2:1.6 d3:3
357	Fusarium oxysporum f.so. tulipae CBS116593	wheat bran 3%	6		d2:1.7 d3:3.2
358	Fusarium verticillioides CBS576.78	alfalfa meal 3%	4		d2:0.8 d4:1.3
358	Fusarium verticillioides CBS576.78	apple pectin 1% pH=6	4		d2:0.7 d4:1.5
358	Fusarium verticillioides CBS576.78	arabic gum 1%	1		d2:0.9 d4:1.5
358	Fusarium verticillioides CBS576.78	arabinogalactan 1%			d2:0.8 d4:1.5
358	Fusarium verticillioides CBS576.78	birchwood xylan 1%	4		d2:0.8 d4:1.2
358	Fusarium verticillioides CBS576.78	casein 3%	3		d2:0.8 d4:1.5
358	Fusarium verticillioides CBS576.78	cellobiose	5		d2:0.8 d4:1.4
358	Fusarium verticillioides CBS576.78	cellulose 3%	1		d2:0.6 d4:1.5
358	Fusarium verticillioides CBS576.78	citrus pectin 1% pH=6	5		d2:0.7 d4:1.5
358	Fusarium verticillioides CBS576.78	citrus pulp 3% pH=6	5		d2:0.7 d4:1.3
358	Fusarium verticillioides CBS576.78	cotton seed pulp 3%	5		d2:0.8 d4:1.2
358	Fusarium verticillioides CBS576.78	D-fructose	4		d2:0.7 d4:1.3
358	Fusarium verticillioides CBS576.78	D-galactose	2		d2:0.3 d4:0.5
358	Fusarium verticillioides CBS576.78	D-galacturonic acid	2		d2:0.3 d4:0.6
358	Fusarium verticillioides CBS576.78	D-glucose	5		d2:0.8 d4:1.3
358	Fusarium verticillioides CBS576.78	D-glucuronic acid	1		d2:0.7 d4:1.2
358	Fusarium verticillioides CBS576.78	D-mannose	4		d2:0.7 d4:1.3
358	Fusarium verticillioides CBS576.78	D-ribose	4		d2:0.8 d4:1.3
358	Fusarium verticillioides CBS576.78	D-xylose	4		d2:0.7 d4:1.2
358	Fusarium verticillioides CBS576.78	guar gum 1%	1		d2:0.8 d4:1.5
358	Fusarium verticillioides CBS576.78	inulin 1%	3		d2:0.8 d4:1.5
358	Fusarium verticillioides CBS576.78	lactose	0		d2:0.7 d4:1.2
358	Fusarium verticillioides CBS576.78	maltose	4		d2:0.8 d4:1.4
358	Fusarium verticillioides CBS576.78	no carbon source	1		d2:0.8 d4:1.1
358	Fusarium verticillioides CBS576.78	oat spelt xylan 1%	0		
358	Fusarium verticillioides CBS576.78	raffinose	6		d2:0.8 d4:1.4
358	Fusarium verticillioides CBS576.78	rice bran 3%	8		d2:0.5 d4:1.3
358	Fusarium verticillioides CBS576.78	soluble starch 1%	5		d2:0.8 d4:1.5
358	Fusarium verticillioides CBS576.78	soybean hulls 3%	4		d2:0.5 d4:1.1
358	Fusarium verticillioides CBS576.78	sucrose	6		d2:0.8 d4:1.5
358	Fusarium verticillioides CBS576.78	wheat bran 3%	8		d2:0.7 d4:1.4
359	Ganoderma sp	alfalfa meal 3%	6		d3:0.8
359	Ganoderma sp	apple pectin 1% pH=6	7		d3:1.5
359	Ganoderma sp	arabic gum 1%	5		d3:1.6
359	Ganoderma sp	arabinogalactan 1%			d3:1.1
359	Ganoderma sp	birchwood xylan 1%	2		d3:1.8
359	Ganoderma sp	casein 3%	1		
359	Ganoderma sp	cellobiose	3		d3:0.7
359	Ganoderma sp	cellulose 3%	1		
359	Ganoderma sp	citrus pectin 1% pH=6	6		d3:1.4
359	Ganoderma sp	citrus pulp 3% pH=6	7		d3:1.1
359	Ganoderma sp	cotton seed pulp 3%	4		d3:2
359	Ganoderma sp	D-fructose	4		d3:1.5
359	Ganoderma sp	D-galactose	2		d3:1
359	Ganoderma sp	D-galacturonic acid	1		
359	Ganoderma sp	D-glucose	5		d3:1.6
359	Ganoderma sp	D-glucuronic acid	3		d3:1.7
359	Ganoderma sp	D-mannose	4		d3:1.5
359	Ganoderma sp	D-ribose	1		d3:1.7
359	Ganoderma sp	D-xylose	3		d3:1.2
359	Ganoderma sp	guar gum 1%	8		d3:1.8
359	Ganoderma sp	inulin 1%	5		d3:1.6
359	Ganoderma sp	lactose	1		d3:1.5
359	Ganoderma sp	maltose	2		d3:1.6
359	Ganoderma sp	no carbon source	1		d3:1.7
359	Ganoderma sp	oat spelt xylan 1%	0		
359	Ganoderma sp	raffinose	4		d3:1.3
359	Ganoderma sp	rice bran 3%	9		d3:1.7
359	Ganoderma sp	soluble starch 1%	7		d3:1.6
359	Ganoderma sp	soybean hulls 3%	10		d3:1.8
359	Ganoderma sp	sucrose	1		d3:1.5
359	Ganoderma sp	wheat bran 3%	10		d3:2
360	Gloeophyllum trabeum atcc 11539	alfalfa meal 3%	7		d4:1 d5:1.2
360	Gloeophyllum trabeum atcc 11539	apple pectin 1% pH=6	4		d4:1.2 d5:1.5
360	Gloeophyllum trabeum atcc 11539	arabic gum 1%	1		d4:1.4 d5:1.5
360	Gloeophyllum trabeum atcc 11539	arabinogalactan 1%			d4:1.3 d5:1.5
360	Gloeophyllum trabeum atcc 11539	birchwood xylan 1%	3		d4:1.5
360	Gloeophyllum trabeum atcc 11539	casein 3%	3		d4:1 d5:1
360	Gloeophyllum trabeum atcc 11539	cellobiose	4		d4:0.7 d5:0.6
360	Gloeophyllum trabeum atcc 11539	cellulose 3%	1		d4:1.5 d5:1.5
360	Gloeophyllum trabeum atcc 11539	citrus pectin 1% pH=6	3		d4:1 d5:1.4
360	Gloeophyllum trabeum atcc 11539	citrus pulp 3% pH=6	7		d4:1 d5:1.3
360	Gloeophyllum trabeum atcc 11539	cotton seed pulp 3%	5		d4:1 d5:1.5
360	Gloeophyllum trabeum atcc 11539	D-fructose	3		d4:1.2 d5:1.4
360	Gloeophyllum trabeum atcc 11539	D-galactose	3		d4:1 d5:1.3
360	Gloeophyllum trabeum atcc 11539	D-galacturonic acid	5		d4:1 d5:1.2
360	Gloeophyllum trabeum atcc 11539	D-glucose	5		d4:1.1 d5:1.4
360	Gloeophyllum trabeum atcc 11539	D-glucuronic acid	3		d4:1 d5:1.1
360	Gloeophyllum trabeum atcc 11539	D-mannose	5		d4:1.2 d5:1.5
360	Gloeophyllum trabeum atcc 11539	D-ribose	2		d4:1.3 d5:1.5
360	Gloeophyllum trabeum atcc 11539	D-xylose	4		d4:1 d5:1.3
360	Gloeophyllum trabeum atcc 11539	guar gum 1%	2		d4:1.3 d5:1.5
360	Gloeophyllum trabeum atcc 11539	inulin 1%	2		d4:1.1 d5:1.2
360	Gloeophyllum trabeum atcc 11539	lactose	3		d4:1.2 d5:1.4
360	Gloeophyllum trabeum atcc 11539	maltose	5		d4:1.2 d5:1.5
360	Gloeophyllum trabeum atcc 11539	no carbon source	2		d4:1.3 d5:1.5
360	Gloeophyllum trabeum atcc 11539	oat spelt xylan 1%	0		
360	Gloeophyllum trabeum atcc 11539	raffinose	1		d4:1.3 d5:1.5
360	Gloeophyllum trabeum atcc 11539	rice bran 3%	8		d4:0.7 d5:1
360	Gloeophyllum trabeum atcc 11539	soluble starch 1%	2		d4:1.2
360	Gloeophyllum trabeum atcc 11539	soybean hulls 3%	7		d4:1 d5:1.3
360	Gloeophyllum trabeum atcc 11539	sucrose	2		d4:1.2 d5:1.5
360	Gloeophyllum trabeum atcc 11539	wheat bran 3%	7		d4:1 d5:1.1
361	Heterobasidion annosum CBS116707	alfalfa meal 3%	7		d7:2.3
361	Heterobasidion annosum CBS116707	apple pectin 1% pH=6	1		d7:1.5
361	Heterobasidion annosum CBS116707	arabic gum 1%	1		d7:3.2
361	Heterobasidion annosum CBS116707	arabinogalactan 1%			d7:2.1
361	Heterobasidion annosum CBS116707	birchwood xylan 1%	2		d7:3
361	Heterobasidion annosum CBS116707	casein 3%	2		d7:1.5
361	Heterobasidion annosum CBS116707	cellobiose	3		d7:2.9
361	Heterobasidion annosum CBS116707	cellulose 3%	4		d7:2.5
361	Heterobasidion annosum CBS116707	citrus pectin 1% pH=6	1		d7:2.5
361	Heterobasidion annosum CBS116707	citrus pulp 3% pH=6	0		d7:0
361	Heterobasidion annosum CBS116707	cotton seed pulp 3%	2		d7:3.2
361	Heterobasidion annosum CBS116707	D-fructose	6		d7:2.9
361	Heterobasidion annosum CBS116707	D-galactose	2		d7:1
361	Heterobasidion annosum CBS116707	D-galacturonic acid	2		d7:0
361	Heterobasidion annosum CBS116707	D-glucose	5		d7:2.9
361	Heterobasidion annosum CBS116707	D-glucuronic acid	4		d7:3.2
361	Heterobasidion annosum CBS116707	D-mannose	2		d7:1.5
361	Heterobasidion annosum CBS116707	D-ribose	1		d7:3.2
361	Heterobasidion annosum CBS116707	D-xylose	2		d7:1.3
361	Heterobasidion annosum CBS116707	guar gum 1%	1		d7:3.2
361	Heterobasidion annosum CBS116707	inulin 1%	4		d7:2.2
361	Heterobasidion annosum CBS116707	lactose	5		d7:2.7
361	Heterobasidion annosum CBS116707	maltose	5		d7:3.2
361	Heterobasidion annosum CBS116707	no carbon source	1		d7:3.2
361	Heterobasidion annosum CBS116707	oat spelt xylan 1%	0		
361	Heterobasidion annosum CBS116707	raffinose	3		d7:3
361	Heterobasidion annosum CBS116707	rice bran 3%	8		d7:3.2
361	Heterobasidion annosum CBS116707	soluble starch 1%	4		d7:3
361	Heterobasidion annosum CBS116707	soybean hulls 3%	6		d7:2.7
361	Heterobasidion annosum CBS116707	sucrose	5		d7:3
361	Heterobasidion annosum CBS116707	wheat bran 3%	8		d7:3.2
362	Auricularia auricula-judae CBS107882	alfalfa meal 3%	6		d4:0.8 d7:3
362	Auricularia auricula-judae CBS107882	apple pectin 1% pH=6	7		d4:0.9 d7:3.1
362	Auricularia auricula-judae CBS107882	arabic gum 1%	3		d4:0.7 d7:3
362	Auricularia auricula-judae CBS107882	arabinogalactan 1%			d4:0 d7:1.4
362	Auricularia auricula-judae CBS107882	birchwood xylan 1%	3		d4:0.4 d7:2
362	Auricularia auricula-judae CBS107882	casein 3%	2		d4:0 d7:0.8
362	Auricularia auricula-judae CBS107882	cellobiose	3		d4:0.3 d7:2.2
362	Auricularia auricula-judae CBS107882	cellulose 3%	1		d4:0 d7:2.2
362	Auricularia auricula-judae CBS107882	citrus pectin 1% pH=6	9		d4:1.4 d7:3.2
362	Auricularia auricula-judae CBS107882	citrus pulp 3% pH=6	7		d4:0.3 d7:3.1
362	Auricularia auricula-judae CBS107882	cotton seed pulp 3%	0		d4:0.7 d7:3
362	Auricularia auricula-judae CBS107882	D-fructose	5		d4:0.5 d7:2.8
362	Auricularia auricula-judae CBS107882	D-galactose	3		d4:0.6 d7:2.7
362	Auricularia auricula-judae CBS107882	D-galacturonic acid	1		d4:0.4 d7:2.6
362	Auricularia auricula-judae CBS107882	D-glucose	5		d4:0.7 d7:3
362	Auricularia auricula-judae CBS107882	D-glucuronic acid	2		d4:0.7 d7:2.7
362	Auricularia auricula-judae CBS107882	D-mannose	5		d4:0.3 d7:2.9
362	Auricularia auricula-judae CBS107882	D-ribose	2		d4:1.3 d7:3
362	Auricularia auricula-judae CBS107882	D-xylose	1		d4:0.7 d7:2.8
362	Auricularia auricula-judae CBS107882	guar gum 1%	2		d4:0.2 d7:1.7
362	Auricularia auricula-judae CBS107882	inulin 1%	1		d4:1.2 d7:2.3
362	Auricularia auricula-judae CBS107882	lactose	2		d4:0.9 d7:2.4
362	Auricularia auricula-judae CBS107882	maltose	1		d4:0.8 d7:2.7
362	Auricularia auricula-judae CBS107882	no carbon source	1		d4:0.5 d7:2.5
362	Auricularia auricula-judae CBS107882	oat spelt xylan 1%	0		
362	Auricularia auricula-judae CBS107882	raffinose	3		d4:1.1 d7:3
362	Auricularia auricula-judae CBS107882	rice bran 3%	9		d4:1.2 d7:3.2
362	Auricularia auricula-judae CBS107882	soluble starch 1%	3		d4:0.4 d7:2
362	Auricularia auricula-judae CBS107882	soybean hulls 3%	9		d4:1 d7:2.7
362	Auricularia auricula-judae CBS107882	sucrose	3		d4:0.8 d7:3.1
362	Auricularia auricula-judae CBS107882	wheat bran 3%	10		d4:1.2 d7:3.2
363	Hypholoma sublaterium	alfalfa meal 3%	7		d3:0.2 d7:0.9 d9:1.3
363	Hypholoma sublaterium	apple pectin 1% pH=6	2		d3:0.2 d7:0.9 d9:1.9
363	Hypholoma sublaterium	arabic gum 1%	1		d3:0.2 d7:1.7 d9:2.5
363	Hypholoma sublaterium	arabinogalactan 1%			d3:0.2 d7:1.5 d9:2.1
363	Hypholoma sublaterium	birchwood xylan 1%	3		d3:0 d7:1.8 d9:2.8
363	Hypholoma sublaterium	casein 3%	0		d3:0 d7:0.9 d9:1.4
363	Hypholoma sublaterium	cellobiose	4		d3:0 d7:0.9 d9:1.4
363	Hypholoma sublaterium	cellulose 3%	2		d3:0 d7:1.3 d9:2
363	Hypholoma sublaterium	citrus pectin 1% pH=6	3		d3:0.3 d7:1 d9:1.5
363	Hypholoma sublaterium	citrus pulp 3% pH=6	8		d3:0.3 d7:1.4 d9:2
363	Hypholoma sublaterium	cotton seed pulp 3%	8		d3:0.3 d7:2.3 d9:3.2
363	Hypholoma sublaterium	D-fructose	8		d3:0 d7:2.1 d9:3
363	Hypholoma sublaterium	D-galactose	1		d3:0 d7:1.5 d9:2.4
363	Hypholoma sublaterium	D-galacturonic acid	0		d3:0 d7:0.3 d9:0.4
363	Hypholoma sublaterium	D-glucose	5		d3:0.2 d7:1.3 d9:1.7
363	Hypholoma sublaterium	D-glucuronic acid	1		d3:0 d7:1.1 d9:2
363	Hypholoma sublaterium	D-mannose	6		d3:0 d7:1.2 d9:1.9
363	Hypholoma sublaterium	D-ribose	0		d3:0 d7:1.7 d9:2.3
363	Hypholoma sublaterium	D-xylose	3		d3:0 d7:1 d9:1.4
363	Hypholoma sublaterium	guar gum 1%	5		d3:0 d7:1.7 d9:2.6
363	Hypholoma sublaterium	inulin 1%	0		d3:0 d7:1.6 d9:2.4
363	Hypholoma sublaterium	lactose	0		d3:0 d7:0.6 d9:0.7
363	Hypholoma sublaterium	maltose	5		d3:0.1 d7:0.9 d9:1.1
363	Hypholoma sublaterium	no carbon source	0		d3:0 d7:1.7 d9:2.2
363	Hypholoma sublaterium	oat spelt xylan 1%	0		
363	Hypholoma sublaterium	raffinose	1		d3:0 d7:1 d9:1.5
363	Hypholoma sublaterium	rice bran 3%	10		d3:0.2 d7:1.9 d9:2.5
363	Hypholoma sublaterium	soluble starch 1%	4		d3:0.2 d7:1 d9:1.9
363	Hypholoma sublaterium	soybean hulls 3%	6		d3:0.2 d7:0.8 d9:1.2
363	Hypholoma sublaterium	sucrose	0		d3:0 d7:1.7 d9:2.5
363	Hypholoma sublaterium	wheat bran 3%	8		d3:0.2 d7:1.2 d9:2
364	Trametes warnieri	alfalfa meal 3%	10		d4:2.4
364	Trametes warnieri	apple pectin 1% pH=6	7		d4:3
364	Trametes warnieri	arabic gum 1%	2		d4:3
364	Trametes warnieri	arabinogalactan 1%			d4:2.9
364	Trametes warnieri	birchwood xylan 1%	1		d4:3.2
364	Trametes warnieri	casein 3%	4		d4:3
364	Trametes warnieri	cellobiose	6		d4:1.7
364	Trametes warnieri	cellulose 3%	2		d4:2.9
364	Trametes warnieri	citrus pectin 1% pH=6	7		d4:3
364	Trametes warnieri	citrus pulp 3% pH=6	8		d4:3
364	Trametes warnieri	cotton seed pulp 3%	4		d4:3
364	Trametes warnieri	D-fructose	6		d4:3
364	Trametes warnieri	D-galactose	4		d4:2.4
364	Trametes warnieri	D-galacturonic acid	2		d4:0.4
364	Trametes warnieri	D-glucose	5		d4:3
364	Trametes warnieri	D-glucuronic acid	1		d4:3
364	Trametes warnieri	D-mannose	6		d4:3
364	Trametes warnieri	D-ribose	1		d4:2.9
364	Trametes warnieri	D-xylose	5		d4:2.7
364	Trametes warnieri	guar gum 1%	8		d4:3.2
364	Trametes warnieri	inulin 1%	1		d4:3
364	Trametes warnieri	lactose	1		d4:1.2
364	Trametes warnieri	maltose	6		d4:2.9
364	Trametes warnieri	no carbon source	1		d4:2.7
364	Trametes warnieri	oat spelt xylan 1%	0		
364	Trametes warnieri	raffinose	1		d4:3
364	Trametes warnieri	rice bran 3%	6		d4:3.2
364	Trametes warnieri	soluble starch 1%	5		d4:3
364	Trametes warnieri	soybean hulls 3%	6		d4:3.1
364	Trametes warnieri	sucrose	1		d4:3
364	Trametes warnieri	wheat bran 3%	9		d4:3.2
365	Penicillium citrinum DTO 23 G6	alfalfa meal 3%	8		d4:0.8
365	Penicillium citrinum DTO 23 G6	apple pectin 1% pH=6	4		d4:0.8
365	Penicillium citrinum DTO 23 G6	arabic gum 1%	4		d4:0.7
365	Penicillium citrinum DTO 23 G6	arabinogalactan 1%			d4:0.6
365	Penicillium citrinum DTO 23 G6	birchwood xylan 1%	2		d4:0.4
365	Penicillium citrinum DTO 23 G6	casein 3%	3		d4:0.6
365	Penicillium citrinum DTO 23 G6	cellobiose	4		d4:0.7
365	Penicillium citrinum DTO 23 G6	cellulose 3%	2		d4:0.4
365	Penicillium citrinum DTO 23 G6	citrus pectin 1% pH=6	5		d4:0.7
365	Penicillium citrinum DTO 23 G6	citrus pulp 3% pH=6	8		d4:0.7
365	Penicillium citrinum DTO 23 G6	cotton seed pulp 3%	7		d4:0.7
365	Penicillium citrinum DTO 23 G6	D-fructose	5		d4:0.6
365	Penicillium citrinum DTO 23 G6	D-galactose	4		d4:0.7
365	Penicillium citrinum DTO 23 G6	D-galacturonic acid	1		
365	Penicillium citrinum DTO 23 G6	D-glucose	5		d4:0.7
365	Penicillium citrinum DTO 23 G6	D-glucuronic acid	2		d4:0.6
365	Penicillium citrinum DTO 23 G6	D-mannose	4		d4:0.6
365	Penicillium citrinum DTO 23 G6	D-ribose	4		d4:0.6
365	Penicillium citrinum DTO 23 G6	D-xylose	4		d4:0.6
365	Penicillium citrinum DTO 23 G6	guar gum 1%	6		d4:0.9
365	Penicillium citrinum DTO 23 G6	inulin 1%	5		d4:0.7
365	Penicillium citrinum DTO 23 G6	lactose	3		d4:0.7
365	Penicillium citrinum DTO 23 G6	maltose	5		d4:0.6
365	Penicillium citrinum DTO 23 G6	no carbon source	3		d4:0.5
365	Penicillium citrinum DTO 23 G6	oat spelt xylan 1%	0		
365	Penicillium citrinum DTO 23 G6	raffinose	5		d4:0.7
365	Penicillium citrinum DTO 23 G6	rice bran 3%	10		d4:0.8
365	Penicillium citrinum DTO 23 G6	soluble starch 1%	5		d4:0.7
365	Penicillium citrinum DTO 23 G6	soybean hulls 3%	7		d4:0.7
365	Penicillium citrinum DTO 23 G6	sucrose	5		d4:0.7
365	Penicillium citrinum DTO 23 G6	wheat bran 3%	9		d4:0.8
366	Penicillium digitatum DTO 11 H8	alfalfa meal 3%	7		d4:0.5 d7:0.8
366	Penicillium digitatum DTO 11 H8	apple pectin 1% pH=6	7		d4:0.5 d7:1.2
366	Penicillium digitatum DTO 11 H8	arabic gum 1%	5		d4:0.4 d7:0.5
366	Penicillium digitatum DTO 11 H8	arabinogalactan 1%			d4:0.4 d7:0.5
366	Penicillium digitatum DTO 11 H8	birchwood xylan 1%	2		
366	Penicillium digitatum DTO 11 H8	casein 3%	6		d7:0.5
366	Penicillium digitatum DTO 11 H8	cellobiose	4		d7:0.4
366	Penicillium digitatum DTO 11 H8	cellulose 3%	1		
366	Penicillium digitatum DTO 11 H8	citrus pectin 1% pH=6	7		d4:0.8 d7:1
366	Penicillium digitatum DTO 11 H8	citrus pulp 3% pH=6	10		d4:1.5 d7:1.5
366	Penicillium digitatum DTO 11 H8	cotton seed pulp 3%	6		d4:0.6 d7:1
366	Penicillium digitatum DTO 11 H8	D-fructose	5		d4:0.5 d7:0.5
366	Penicillium digitatum DTO 11 H8	D-galactose	4		d4:0.4 d7:0.5
366	Penicillium digitatum DTO 11 H8	D-galacturonic acid	3		d7:0.4
366	Penicillium digitatum DTO 11 H8	D-glucose	5		d4:0.5 d7:0.5
366	Penicillium digitatum DTO 11 H8	D-glucuronic acid	3		
366	Penicillium digitatum DTO 11 H8	D-mannose	3		
366	Penicillium digitatum DTO 11 H8	D-ribose	3		
366	Penicillium digitatum DTO 11 H8	D-xylose	4		d4:0.4 d7:0.4
366	Penicillium digitatum DTO 11 H8	guar gum 1%	6		d4:0.6 d7:0.8
366	Penicillium digitatum DTO 11 H8	inulin 1%	5		d4:0.6 d7:0.5
366	Penicillium digitatum DTO 11 H8	lactose	4		d7:0.4
366	Penicillium digitatum DTO 11 H8	maltose	3		
366	Penicillium digitatum DTO 11 H8	no carbon source	1		
366	Penicillium digitatum DTO 11 H8	oat spelt xylan 1%	0		
366	Penicillium digitatum DTO 11 H8	raffinose	3		d7:0.4
366	Penicillium digitatum DTO 11 H8	rice bran 3%	10		d4:0.8 d7:1.1
366	Penicillium digitatum DTO 11 H8	soluble starch 1%	4		d4:0.5 d7:0.6
366	Penicillium digitatum DTO 11 H8	soybean hulls 3%	9		d4:0.8 d7:1.1
366	Penicillium digitatum DTO 11 H8	sucrose	2		d4:0.4 d7:0.5
366	Penicillium digitatum DTO 11 H8	wheat bran 3%	9		d4:1 d7:1.3
367	Penicillium nalgiovense DTO 53 A9	alfalfa meal 3%	9		d3:0.5 d4:0.7
367	Penicillium nalgiovense DTO 53 A9	apple pectin 1% pH=6	5		d3:0.5 d4:0.7
367	Penicillium nalgiovense DTO 53 A9	arabic gum 1%	2		d3:0.3 d4:0.6
367	Penicillium nalgiovense DTO 53 A9	arabinogalactan 1%			d3:0.4 d4:0.6
367	Penicillium nalgiovense DTO 53 A9	birchwood xylan 1%	4		d3:0.4 d4:0.5
367	Penicillium nalgiovense DTO 53 A9	casein 3%	3		d3:0.6 d4:0.5
367	Penicillium nalgiovense DTO 53 A9	cellobiose	5		d3:0.4 d4:0.6
367	Penicillium nalgiovense DTO 53 A9	cellulose 3%	0		d3:0.3 d4:0.5
367	Penicillium nalgiovense DTO 53 A9	citrus pectin 1% pH=6	7		d3:0.5 d4:0.7
367	Penicillium nalgiovense DTO 53 A9	citrus pulp 3% pH=6	9		d3:0.4 d4:0.7
367	Penicillium nalgiovense DTO 53 A9	cotton seed pulp 3%	5		d3:0.4 d4:0.7
367	Penicillium nalgiovense DTO 53 A9	D-fructose	4		d3:0.4 d4:0.5
367	Penicillium nalgiovense DTO 53 A9	D-galactose	4		d3:0.4 d4:0.6
367	Penicillium nalgiovense DTO 53 A9	D-galacturonic acid	2		d4:0.1
367	Penicillium nalgiovense DTO 53 A9	D-glucose	5		d3:0.5 d4:0.6
367	Penicillium nalgiovense DTO 53 A9	D-glucuronic acid	3		d3:0.3 d4:0.5
367	Penicillium nalgiovense DTO 53 A9	D-mannose	4		d3:0.3 d4:0.5
367	Penicillium nalgiovense DTO 53 A9	D-ribose	4		d3:0.3 d4:0.5
367	Penicillium nalgiovense DTO 53 A9	D-xylose	5		d3:0.4 d4:0.6
367	Penicillium nalgiovense DTO 53 A9	guar gum 1%	7		d3:0.5 d4:0.7
367	Penicillium nalgiovense DTO 53 A9	inulin 1%	5		d3:0.4 d4:0.6
367	Penicillium nalgiovense DTO 53 A9	lactose	4		d3:0.4 d4:0.5
367	Penicillium nalgiovense DTO 53 A9	maltose	5		d3:0.4 d4:0.6
367	Penicillium nalgiovense DTO 53 A9	no carbon source	1		d3:0.3 d4:0.6
367	Penicillium nalgiovense DTO 53 A9	oat spelt xylan 1%	0		
367	Penicillium nalgiovense DTO 53 A9	raffinose	5		d3:0.4 d4:0.5
367	Penicillium nalgiovense DTO 53 A9	rice bran 3%	9		d3:0.6 d4:0.7
367	Penicillium nalgiovense DTO 53 A9	soluble starch 1%	6		d3:0.4 d4:0.6
367	Penicillium nalgiovense DTO 53 A9	soybean hulls 3%	8		d3:0.5 d4:0.6
367	Penicillium nalgiovense DTO 53 A9	sucrose	5		d3:0.4 d4:0.6
367	Penicillium nalgiovense DTO 53 A9	wheat bran 3%	7		d3:0.5 d4:0.8
368	Penicillium roqueforti 74-86	alfalfa meal 3%	7		d2:0.7 d3:1.7
368	Penicillium roqueforti 74-86	apple pectin 1% pH=6	2		d2:0.6 d3:2
368	Penicillium roqueforti 74-86	arabic gum 1%	2		d2:0.4 d3:2
368	Penicillium roqueforti 74-86	arabinogalactan 1%			d2:0.6 d3:1.8
368	Penicillium roqueforti 74-86	birchwood xylan 1%	0		d2:0.6 d3:1.6
368	Penicillium roqueforti 74-86	casein 3%	0		d2:0.7 d3:1.8
368	Penicillium roqueforti 74-86	cellobiose	5		d2:0.6 d3:1.7
368	Penicillium roqueforti 74-86	cellulose 3%	0		d2:0.3 d3:1.8
368	Penicillium roqueforti 74-86	citrus pectin 1% pH=6	4		d2:0.5 d3:1.8
368	Penicillium roqueforti 74-86	citrus pulp 3% pH=6	8		d2:1 d3:2.4
368	Penicillium roqueforti 74-86	cotton seed pulp 3%	2		d2:1 d3:2.4
368	Penicillium roqueforti 74-86	D-fructose	6		d2:0.7 d3:2.1
368	Penicillium roqueforti 74-86	D-galactose	1		d2:0.3 d3:1.6
368	Penicillium roqueforti 74-86	D-galacturonic acid	0		d2:0 d3:0.4
368	Penicillium roqueforti 74-86	D-glucose	5		d2:0.8 d3:2
368	Penicillium roqueforti 74-86	D-glucuronic acid	0		d2:0.4 d3:1.4
368	Penicillium roqueforti 74-86	D-mannose	5		d2:0.7 d3:1.8
368	Penicillium roqueforti 74-86	D-ribose	1		d2:0.2 d3:1.6
368	Penicillium roqueforti 74-86	D-xylose	4		d2:0.6 d3:1.6
368	Penicillium roqueforti 74-86	guar gum 1%	3		d2:0.7 d3:2.1
368	Penicillium roqueforti 74-86	inulin 1%	7		d2:0.6 d3:1.9
368	Penicillium roqueforti 74-86	lactose	1		d2:0.5 d3:1.5
368	Penicillium roqueforti 74-86	maltose	5		d2:0.8 d3:1.8
368	Penicillium roqueforti 74-86	no carbon source	0		d2:0.4 d3:1.6
368	Penicillium roqueforti 74-86	oat spelt xylan 1%	0		
368	Penicillium roqueforti 74-86	raffinose	5		d2:0.8 d3:1.7
368	Penicillium roqueforti 74-86	rice bran 3%	7		d2:0.9 d3:2.4
368	Penicillium roqueforti 74-86	soluble starch 1%	5		d2:0.8 d3:1.6
368	Penicillium roqueforti 74-86	soybean hulls 3%	6		d2:1 d3:2.2
368	Penicillium roqueforti 74-86	sucrose	6		d2:1 d3:2.2
368	Penicillium roqueforti 74-86	wheat bran 3%	8		d2:1.1 d3:2.5
369	Perenniporia merodionalis	alfalfa meal 3%	8		d4:2.5
369	Perenniporia merodionalis	apple pectin 1% pH=6	4		d4:3
369	Perenniporia merodionalis	arabic gum 1%	1		d4:2.8
369	Perenniporia merodionalis	arabinogalactan 1%			d4:2.7
369	Perenniporia merodionalis	birchwood xylan 1%	2		d4:2.8
369	Perenniporia merodionalis	casein 3%	1		d4:1.5
369	Perenniporia merodionalis	cellobiose	5		d4:1.2
369	Perenniporia merodionalis	cellulose 3%	1		d4:2.7
369	Perenniporia merodionalis	citrus pectin 1% pH=6	5		d4:2.9
369	Perenniporia merodionalis	citrus pulp 3% pH=6	6		d4:2.5
369	Perenniporia merodionalis	cotton seed pulp 3%	1		d4:2.6
369	Perenniporia merodionalis	D-fructose	5		d4:2.5
369	Perenniporia merodionalis	D-galactose	2		d4:2.4
369	Perenniporia merodionalis	D-galacturonic acid	2		d4:1.5
369	Perenniporia merodionalis	D-glucose	5		d4:2.4
369	Perenniporia merodionalis	D-glucuronic acid	1		d4:2.4
369	Perenniporia merodionalis	D-mannose	5		d4:2.5
369	Perenniporia merodionalis	D-ribose	2		d4:2.5
369	Perenniporia merodionalis	D-xylose	4		d4:1.9
369	Perenniporia merodionalis	guar gum 1%	6		d4:2.5
369	Perenniporia merodionalis	inulin 1%	1		d4:2.4
369	Perenniporia merodionalis	lactose	0		d4:1
369	Perenniporia merodionalis	maltose	2		d4:2.4
369	Perenniporia merodionalis	no carbon source	1		d4:2.5
369	Perenniporia merodionalis	oat spelt xylan 1%	0		
369	Perenniporia merodionalis	raffinose	1		d4:2.4
369	Perenniporia merodionalis	rice bran 3%	5		d4:3
369	Perenniporia merodionalis	soluble starch 1%	3		d4:2.9
369	Perenniporia merodionalis	soybean hulls 3%	7		d4:2.1
369	Perenniporia merodionalis	sucrose	1		d4:2.6
369	Perenniporia merodionalis	wheat bran 3%	10		d4:3.2
370	Parastagonospora nodorum CBS438.87	alfalfa meal 3%	9		d5:1.1
370	Parastagonospora nodorum CBS438.87	apple pectin 1% pH=6	4		d5:1.2
370	Parastagonospora nodorum CBS438.87	arabic gum 1%	2		d5:1.2
370	Parastagonospora nodorum CBS438.87	arabinogalactan 1%			d5:1
370	Parastagonospora nodorum CBS438.87	birchwood xylan 1%	5		d5:1
370	Parastagonospora nodorum CBS438.87	casein 3%	8		d5:1.1
370	Parastagonospora nodorum CBS438.87	cellobiose	5		d5:1.2
370	Parastagonospora nodorum CBS438.87	cellulose 3%	5		d5:1
370	Parastagonospora nodorum CBS438.87	citrus pectin 1% pH=6	5		d5:1.1
370	Parastagonospora nodorum CBS438.87	citrus pulp 3% pH=6	8		d5:1.2
370	Parastagonospora nodorum CBS438.87	cotton seed pulp 3%	9		d5:1.5
370	Parastagonospora nodorum CBS438.87	D-fructose	5		d5:1.3
370	Parastagonospora nodorum CBS438.87	D-galactose	3		d5:1
370	Parastagonospora nodorum CBS438.87	D-galacturonic acid	0		
370	Parastagonospora nodorum CBS438.87	D-glucose	5		d5:1.2
370	Parastagonospora nodorum CBS438.87	D-glucuronic acid	3		d5:1.3
370	Parastagonospora nodorum CBS438.87	D-mannose	5		d5:1.3
370	Parastagonospora nodorum CBS438.87	D-ribose	4		d5:1.3
370	Parastagonospora nodorum CBS438.87	D-xylose	4		d5:1.2
370	Parastagonospora nodorum CBS438.87	guar gum 1%	3		d5:1.1
370	Parastagonospora nodorum CBS438.87	inulin 1%	5		d5:1.3
370	Parastagonospora nodorum CBS438.87	lactose	5		d5:1.3
370	Parastagonospora nodorum CBS438.87	maltose	5		d5:1.2
370	Parastagonospora nodorum CBS438.87	no carbon source	1		d5:1.4
370	Parastagonospora nodorum CBS438.87	oat spelt xylan 1%	0		
370	Parastagonospora nodorum CBS438.87	raffinose	5		d5:1.3
370	Parastagonospora nodorum CBS438.87	rice bran 3%	10		d5:1.3
370	Parastagonospora nodorum CBS438.87	soluble starch 1%	5		d5:1.3
370	Parastagonospora nodorum CBS438.87	soybean hulls 3%	9		d5:1.2
370	Parastagonospora nodorum CBS438.87	sucrose	5		d5:1.3
370	Parastagonospora nodorum CBS438.87	wheat bran 3%	10		d5:1.5
371	Phanerochaete chrysosporium CBS603.94	alfalfa meal 3%	9		d2:0.4 d3:2.8
371	Phanerochaete chrysosporium CBS603.94	apple pectin 1% pH=6	6		d2:0.3 d3:3.2
371	Phanerochaete chrysosporium CBS603.94	arabic gum 1%	5		d2:0.5 d3:0.7
371	Phanerochaete chrysosporium CBS603.94	arabinogalactan 1%			d2:0.2 d3:0.6
371	Phanerochaete chrysosporium CBS603.94	birchwood xylan 1%	1		d2:0.1 d3:0.6
371	Phanerochaete chrysosporium CBS603.94	casein 3%	6		d2:0.7 d3:0.6
371	Phanerochaete chrysosporium CBS603.94	cellobiose	3		d2:0.3 d3:2.3
371	Phanerochaete chrysosporium CBS603.94	cellulose 3%	1		d2:0.4 d3:0.7
371	Phanerochaete chrysosporium CBS603.94	citrus pectin 1% pH=6	6		d2:0.1 d3:3.2
371	Phanerochaete chrysosporium CBS603.94	citrus pulp 3% pH=6	10		d2:0.5 d3:3.2
371	Phanerochaete chrysosporium CBS603.94	cotton seed pulp 3%	7		d2:0.5 d3:3.1
371	Phanerochaete chrysosporium CBS603.94	D-fructose	5		d2:0.4 d3:3.2
371	Phanerochaete chrysosporium CBS603.94	D-galactose	2		d2:0.3 d3:0.6
371	Phanerochaete chrysosporium CBS603.94	D-galacturonic acid	2		d2:0.1 d3:0.3
371	Phanerochaete chrysosporium CBS603.94	D-glucose	5		d2:0.3 d3:3.1
371	Phanerochaete chrysosporium CBS603.94	D-glucuronic acid	3		d2:0.3 d3:0.6
371	Phanerochaete chrysosporium CBS603.94	D-mannose	1		d2:0 d3:0.4
371	Phanerochaete chrysosporium CBS603.94	D-ribose	2		d2:0.3 d3:0.6
371	Phanerochaete chrysosporium CBS603.94	D-xylose	1		d2:0.3 d3:0.6
371	Phanerochaete chrysosporium CBS603.94	guar gum 1%	6		d2:0.4 d3:0.7
371	Phanerochaete chrysosporium CBS603.94	inulin 1%	2		d2:0.1 d3:0.5
371	Phanerochaete chrysosporium CBS603.94	lactose	3		d2:0.4 d3:0.6
371	Phanerochaete chrysosporium CBS603.94	maltose	3		d2:0.3 d3:0.6
371	Phanerochaete chrysosporium CBS603.94	no carbon source	2		d2:0.4 d3:0.8
371	Phanerochaete chrysosporium CBS603.94	oat spelt xylan 1%	0		
371	Phanerochaete chrysosporium CBS603.94	raffinose	1		d2:0.1 d3:0.6
371	Phanerochaete chrysosporium CBS603.94	rice bran 3%	9		d2:0.3 d3:3.2
371	Phanerochaete chrysosporium CBS603.94	soluble starch 1%	4		d2:0.2 d3:3.2
371	Phanerochaete chrysosporium CBS603.94	soybean hulls 3%	9		d2:0.3 d3:2.7
371	Phanerochaete chrysosporium CBS603.94	sucrose	6		d2:0.2 d3:3.2
371	Phanerochaete chrysosporium CBS603.94	wheat bran 3%	10		d2:0.5 d3:2
372	Pleurotus ostreatus CBS102510	alfalfa meal 3%	4		d7:1 d8:1.2 d9:1.3
372	Pleurotus ostreatus CBS102510	apple pectin 1% pH=6	2		d7:1 d8:1.4 d9:1.6
372	Pleurotus ostreatus CBS102510	arabic gum 1%	4		d7:1.7 d8:2.1 d9:2.5
372	Pleurotus ostreatus CBS102510	arabinogalactan 1%			d7:1.3 d8:1.6 d9:2
372	Pleurotus ostreatus CBS102510	birchwood xylan 1%	5		d7:1.8 d8:2.2 d9:2.8
372	Pleurotus ostreatus CBS102510	casein 3%	4		d7:0.9 d8:1.5 d9:2.7
372	Pleurotus ostreatus CBS102510	cellobiose	4		d7:0.9 d8:1 d9:1.3
372	Pleurotus ostreatus CBS102510	cellulose 3%	1		d7:1.1 d8:1.6 d9:2.1
372	Pleurotus ostreatus CBS102510	citrus pectin 1% pH=6	2		d7:1 d8:1.4 d9:1.7
372	Pleurotus ostreatus CBS102510	citrus pulp 3% pH=6	3		d7:0.2 d8:0.8 d9:1
372	Pleurotus ostreatus CBS102510	cotton seed pulp 3%	4		d7:1.7 d8:2.2 d9:2.6
372	Pleurotus ostreatus CBS102510	D-fructose	4		d7:1.6 d8:1.9 d9:2.3
372	Pleurotus ostreatus CBS102510	D-galactose	4		d7:1.5 d8:2 d9:2.5
372	Pleurotus ostreatus CBS102510	D-galacturonic acid	0		d7:0 d8:0 d9:0
372	Pleurotus ostreatus CBS102510	D-glucose	5		d7:1.6 d8:2.1 d9:2.6
372	Pleurotus ostreatus CBS102510	D-glucuronic acid	2		d7:1.1 d8:1.4 d9:1.7
372	Pleurotus ostreatus CBS102510	D-mannose	5		d7:1.6 d8:2.1 d9:2.5
372	Pleurotus ostreatus CBS102510	D-ribose	2		d7:1.7 d8:2 d9:2.4
372	Pleurotus ostreatus CBS102510	D-xylose	4		d7:1.3 d8:1.7 d9:2.2
372	Pleurotus ostreatus CBS102510	guar gum 1%	6		d7:2.1 d8:2.5 d9:2.9
372	Pleurotus ostreatus CBS102510	inulin 1%	3		d7:1.5 d8:1.7 d9:2.2
372	Pleurotus ostreatus CBS102510	lactose	3		d7:0.9 d8:1.1 d9:1.3
372	Pleurotus ostreatus CBS102510	maltose	5		d7:1.5 d8:2 d9:2.3
372	Pleurotus ostreatus CBS102510	no carbon source	1		d7:1.5 d8:2 d9:2.2
372	Pleurotus ostreatus CBS102510	oat spelt xylan 1%	0		
372	Pleurotus ostreatus CBS102510	raffinose	3		d7:1.4 d8:1.7 d9:2
372	Pleurotus ostreatus CBS102510	rice bran 3%	10		d7:1.8 d8:2.4 d9:2.8
372	Pleurotus ostreatus CBS102510	soluble starch 1%	6		d7:1.6 d8:2 d9:2.5
372	Pleurotus ostreatus CBS102510	soybean hulls 3%	8		d7:0.9 d8:1.5 d9:2
372	Pleurotus ostreatus CBS102510	sucrose	3		d7:1.4 d8:1.8 d9:2.1
372	Pleurotus ostreatus CBS102510	wheat bran 3%	7		d7:0.9 d8:1.5 d9:1.6
373	Podospora pauciseta CBS124.78	alfalfa meal 3%	9		d5:1.5
373	Podospora pauciseta CBS124.78	apple pectin 1% pH=6	6		d5:0.8
373	Podospora pauciseta CBS124.78	arabic gum 1%	2		d5:1.5
373	Podospora pauciseta CBS124.78	arabinogalactan 1%			d5:1.5
373	Podospora pauciseta CBS124.78	birchwood xylan 1%	3		d5:1.5
373	Podospora pauciseta CBS124.78	casein 3%	2		d5:1.5
373	Podospora pauciseta CBS124.78	cellobiose	4		d5:1.5
373	Podospora pauciseta CBS124.78	cellulose 3%	1		d5:1.5
373	Podospora pauciseta CBS124.78	citrus pectin 1% pH=6	7		d5:0.9
373	Podospora pauciseta CBS124.78	citrus pulp 3% pH=6	10		d5:1.5
373	Podospora pauciseta CBS124.78	cotton seed pulp 3%	7		d5:1.5
373	Podospora pauciseta CBS124.78	D-fructose	4		d5:1.5
373	Podospora pauciseta CBS124.78	D-galactose	1		
373	Podospora pauciseta CBS124.78	D-galacturonic acid	0		
373	Podospora pauciseta CBS124.78	D-glucose	5		d5:1.5
373	Podospora pauciseta CBS124.78	D-glucuronic acid	1		d5:0.9
373	Podospora pauciseta CBS124.78	D-mannose	3		d5:1.5
373	Podospora pauciseta CBS124.78	D-ribose	0		d5:1.5
373	Podospora pauciseta CBS124.78	D-xylose	3		d5:1.5
373	Podospora pauciseta CBS124.78	guar gum 1%	6		d5:1.5
373	Podospora pauciseta CBS124.78	inulin 1%	0		d5:1.5
373	Podospora pauciseta CBS124.78	lactose	0		d5:1.5
373	Podospora pauciseta CBS124.78	maltose	6		d5:1
373	Podospora pauciseta CBS124.78	no carbon source	0		d5:1.5
373	Podospora pauciseta CBS124.78	oat spelt xylan 1%	0		
373	Podospora pauciseta CBS124.78	raffinose	0		d5:1.5
373	Podospora pauciseta CBS124.78	rice bran 3%	8		d5:1.5
373	Podospora pauciseta CBS124.78	soluble starch 1%	7		d5:1.5
373	Podospora pauciseta CBS124.78	soybean hulls 3%	10		d5:1.5
373	Podospora pauciseta CBS124.78	sucrose	0		d5:1.5
373	Podospora pauciseta CBS124.78	wheat bran 3%	10		d5:1.5
374	Punctularia Strigosozonata hhb-11173	alfalfa meal 3%	9		d3:0.6 d4:0.9
374	Punctularia Strigosozonata hhb-11173	apple pectin 1% pH=6	7		d3:0.7 d4:0.6
374	Punctularia Strigosozonata hhb-11173	arabic gum 1%	4		d3:0.6 d4:0.6
374	Punctularia Strigosozonata hhb-11173	arabinogalactan 1%			d3:0.5 d4:0.5
374	Punctularia Strigosozonata hhb-11173	birchwood xylan 1%	3		d3:0.6 d4:0.6
374	Punctularia Strigosozonata hhb-11173	casein 3%	4		d3:0.7 d4:0.3
374	Punctularia Strigosozonata hhb-11173	cellobiose	5		d3:0.3 d4:0.4
374	Punctularia Strigosozonata hhb-11173	cellulose 3%	1		d3:0.3
374	Punctularia Strigosozonata hhb-11173	citrus pectin 1% pH=6	7		d3:0.6 d4:0.5
374	Punctularia Strigosozonata hhb-11173	citrus pulp 3% pH=6	10		d3:0.7 d4:1
374	Punctularia Strigosozonata hhb-11173	cotton seed pulp 3%	9		d3:0.8 d4:1
374	Punctularia Strigosozonata hhb-11173	D-fructose	2		d3:0.3 d4:0.5
374	Punctularia Strigosozonata hhb-11173	D-galactose	1		d4:0.1
374	Punctularia Strigosozonata hhb-11173	D-galacturonic acid	5		d3:0.7 d4:0.6
374	Punctularia Strigosozonata hhb-11173	D-glucose	1		d3:0.4 d4:0.5
374	Punctularia Strigosozonata hhb-11173	D-glucuronic acid	1		d3:0.4 d4:0.5
374	Punctularia Strigosozonata hhb-11173	D-mannose	4		d3:0.5 d4:0.6
374	Punctularia Strigosozonata hhb-11173	D-ribose	1		d3:0.5 d4:0.7
374	Punctularia Strigosozonata hhb-11173	D-xylose	5		d3:0.3 d4:0.5
374	Punctularia Strigosozonata hhb-11173	guar gum 1%	6		d3:0.6 d4:0.6
374	Punctularia Strigosozonata hhb-11173	inulin 1%	1		d3:0.5 d4:0.5
374	Punctularia Strigosozonata hhb-11173	lactose	2		d3:0.3 d4:0.3
374	Punctularia Strigosozonata hhb-11173	maltose	3		d3:0.5 d4:0.6
374	Punctularia Strigosozonata hhb-11173	no carbon source	1		d3:0.5 d4:0.7
374	Punctularia Strigosozonata hhb-11173	oat spelt xylan 1%	0		
374	Punctularia Strigosozonata hhb-11173	raffinose	1		d3:0.3 d4:0.4
374	Punctularia Strigosozonata hhb-11173	rice bran 3%	8		d3:0.5 d4:0.6
374	Punctularia Strigosozonata hhb-11173	soluble starch 1%	1		d3:0.4 d4:0.5
374	Punctularia Strigosozonata hhb-11173	soybean hulls 3%	9		d3:0.7 d4:0.9
374	Punctularia Strigosozonata hhb-11173	sucrose	1		d3:0.4 d4:0.3
374	Punctularia Strigosozonata hhb-11173	wheat bran 3%	8		d3:0.5 d4:0.6
375	Schizophyllum commune CBS124811	alfalfa meal 3%	3		d1:0.3 d2:1.1 d5:3.2
375	Schizophyllum commune CBS124811	apple pectin 1% pH=6	1		d1:0.2 d2:1 d5:3.1
375	Schizophyllum commune CBS124811	arabic gum 1%	1		d1:0.2 d2:1.3 d5:3.2
375	Schizophyllum commune CBS124811	arabinogalactan 1%			d1:0 d2:0.5 d5:3
375	Schizophyllum commune CBS124811	birchwood xylan 1%	2		d1:0.2 d2:1.1 d5:3.2
375	Schizophyllum commune CBS124811	casein 3%	2		d1:0.1 d2:1.1 d5:3.1
375	Schizophyllum commune CBS124811	cellobiose	7		d1:0.1 d2:0.9 d5:2.9
375	Schizophyllum commune CBS124811	cellulose 3%	0		d1:0.1 d2:1.1 d5:3
375	Schizophyllum commune CBS124811	citrus pectin 1% pH=6	4		d1:0.3 d2:1.1 d5:3.1
375	Schizophyllum commune CBS124811	citrus pulp 3% pH=6	6		d1:0.3 d2:1.3 d5:3.2
375	Schizophyllum commune CBS124811	cotton seed pulp 3%	0		d1:0.3 d2:1.2 d5:3.2
375	Schizophyllum commune CBS124811	D-fructose	5		d1:0.2 d2:1.2 d5:2.9
375	Schizophyllum commune CBS124811	D-galactose	3		d1:0.1 d2:0.3 d5:1.4
375	Schizophyllum commune CBS124811	D-galacturonic acid	3		d1:0.1 d2:0.3 d5:0.6
375	Schizophyllum commune CBS124811	D-glucose	5		d1:0.1 d2:1.1 d5:3.2
375	Schizophyllum commune CBS124811	D-glucuronic acid	2		d1:0.1 d2:1.1 d5:3.1
375	Schizophyllum commune CBS124811	D-mannose	5		d1:0.1 d2:1.1 d5:3.2
375	Schizophyllum commune CBS124811	D-ribose	2		d1:0.2 d2:1.3 d5:3.2
375	Schizophyllum commune CBS124811	D-xylose	2		d1:0.2 d2:1.1 d5:3
375	Schizophyllum commune CBS124811	guar gum 1%	0		d1:0.2 d2:1.2 d5:3.2
375	Schizophyllum commune CBS124811	inulin 1%	1		d1:0.2 d2:1 d5:3.2
375	Schizophyllum commune CBS124811	lactose	3		d1:0.1 d2:0.5 d5:1.2
375	Schizophyllum commune CBS124811	maltose	3		d1:0.1 d2:1.1 d5:3.1
375	Schizophyllum commune CBS124811	no carbon source	1		d1:0.2 d2:1.2 d5:3.2
375	Schizophyllum commune CBS124811	oat spelt xylan 1%	0		
375	Schizophyllum commune CBS124811	raffinose	3		d1:0.1 d2:1.1 d5:3.1
375	Schizophyllum commune CBS124811	rice bran 3%	6		d1:0.2 d2:1.3 d5:3.2
375	Schizophyllum commune CBS124811	soluble starch 1%	4		d1:0.2 d2:1.1 d5:3.1
375	Schizophyllum commune CBS124811	soybean hulls 3%	6		d1:0.3 d2:1.5 d5:3.2
375	Schizophyllum commune CBS124811	sucrose	2		d1:0.2 d2:1.4 d5:3.2
375	Schizophyllum commune CBS124811	wheat bran 3%	7		d1:0.4 d2:1.7 d5:3.2
376	Schizophyllum commune dikaryon H4-8	alfalfa meal 3%	10		d3:2.8 d4:4.1 d5:5
376	Schizophyllum commune dikaryon H4-8	apple pectin 1% pH=6	7		d3:2.4 d4:3.5 d5:4.3
376	Schizophyllum commune dikaryon H4-8	arabic gum 1%	5		d3:2.9 d4:3.5 d5:4.8
376	Schizophyllum commune dikaryon H4-8	arabinogalactan 1%			d3:2.8 d4:3.5 d5:4.6
376	Schizophyllum commune dikaryon H4-8	birchwood xylan 1%	5		d3:1.5 d4:1.7 d5:2.8
376	Schizophyllum commune dikaryon H4-8	casein 3%	1		d3:2.2 d4:3 d5:5.8
376	Schizophyllum commune dikaryon H4-8	cellobiose	6		d3:1.5 d4:1.7 d5:2.1
376	Schizophyllum commune dikaryon H4-8	cellulose 3%	5		d3:2.6 d4:3 d5:4.3
376	Schizophyllum commune dikaryon H4-8	citrus pectin 1% pH=6	7		d3:2.3 d4:2.9 d5:3.6
376	Schizophyllum commune dikaryon H4-8	citrus pulp 3% pH=6	8		d3:2.2 d4:3.3 d5:3.7
376	Schizophyllum commune dikaryon H4-8	cotton seed pulp 3%	6		d3:2.5 d4:3.8 d5:4.7
376	Schizophyllum commune dikaryon H4-8	D-fructose	7		d3:2.3 d4:3.1 d5:3.7
376	Schizophyllum commune dikaryon H4-8	D-galactose	6		d3:1.9 d4:2.5 d5:2.7
376	Schizophyllum commune dikaryon H4-8	D-galacturonic acid	4		d3:2.8 d4:3.4 d5:4.6
376	Schizophyllum commune dikaryon H4-8	D-glucose	5		d3:2.3 d4:2.9 d5:3.6
376	Schizophyllum commune dikaryon H4-8	D-glucuronic acid	4		d3:2.6 d4:3.4 d5:4.2
376	Schizophyllum commune dikaryon H4-8	D-mannose	7		d3:2.1 d4:2.8 d5:3
376	Schizophyllum commune dikaryon H4-8	D-ribose	6		d3:2.6 d4:3.4 d5:3.7
376	Schizophyllum commune dikaryon H4-8	D-xylose	5		d3:2 d4:2.6 d5:3.2
376	Schizophyllum commune dikaryon H4-8	guar gum 1%	4		d3:3.2 d4:4.1 d5:5.5
376	Schizophyllum commune dikaryon H4-8	inulin 1%	7		d3:2.5 d4:3.1 d5:4.1
376	Schizophyllum commune dikaryon H4-8	lactose	5		d3:1.5 d4:1.6 d5:1.9
376	Schizophyllum commune dikaryon H4-8	maltose	7		d3:2.3 d4:3.2 d5:3.9
376	Schizophyllum commune dikaryon H4-8	no carbon source	4		d3:2 d4:2.7 d5:4
376	Schizophyllum commune dikaryon H4-8	oat spelt xylan 1%	8		d3:2.3 d4:3 d5:3.9
376	Schizophyllum commune dikaryon H4-8	raffinose	7		d3:2.4 d4:2.9 d5:3.9
376	Schizophyllum commune dikaryon H4-8	rice bran 3%	9		d3:2.3 d4:3.5 d5:5
376	Schizophyllum commune dikaryon H4-8	soluble starch 1%	5		d3:2.5 d4:3.2 d5:4.3
376	Schizophyllum commune dikaryon H4-8	soybean hulls 3%	9		d3:2.5 d4:3.6 d5:4.5
376	Schizophyllum commune dikaryon H4-8	sucrose	7		d3:2.7 d4:3.3 d5:3.7
376	Schizophyllum commune dikaryon H4-8	wheat bran 3%	10		d3:2.6 d4:4 d5:3.7
377	Serpula lacrymans CBS829.91	alfalfa meal 3%	3		d16:0.3 d17:0.4 d22:0.5 d28:0.7 d31:0.9
377	Serpula lacrymans CBS829.91	apple pectin 1% pH=6	7		d16:0.7 d17:0.8 d22:1 d28:1.2 d31:1.6
377	Serpula lacrymans CBS829.91	arabic gum 1%	1		d16:0 d17:0 d22:0 d28:0 d31:0
377	Serpula lacrymans CBS829.91	arabinogalactan 1%			d16:0.6 d17:0.6 d22:0.7 d28:0.7 d31:0.8
377	Serpula lacrymans CBS829.91	birchwood xylan 1%	2		d16:0 d17:0 d22:0.1 d28:0.2 d31:0.2
377	Serpula lacrymans CBS829.91	casein 3%	1		d16:0.2 d17:0 d22:0 d28:0 d31:0
377	Serpula lacrymans CBS829.91	cellobiose	3		d16:0.1 d17:0.2 d22:0.4 d28:0.5 d31:0.6
377	Serpula lacrymans CBS829.91	cellulose 3%	1		d16:0 d17:0 d22:0 d28:0 d31:0
377	Serpula lacrymans CBS829.91	citrus pectin 1% pH=6	7		d16:0.9 d17:0.9 d22:1.2 d28:1.4 d31:1.6
377	Serpula lacrymans CBS829.91	citrus pulp 3% pH=6	4		d16:0.1 d17:0.2 d22:0.4 d28:0.7 d31:0.7
377	Serpula lacrymans CBS829.91	cotton seed pulp 3%	2		d16:0 d17:0 d22:0 d28:0.1 d31:0.3
377	Serpula lacrymans CBS829.91	D-fructose	5		d16:0.5 d17:0.5 d22:0.8 d28:1 d31:1.3
377	Serpula lacrymans CBS829.91	D-galactose	0		d16:0.2 d17:0.2
377	Serpula lacrymans CBS829.91	D-galacturonic acid	1		d16:0 d17:0 d22:0 d28:0 d31:0
377	Serpula lacrymans CBS829.91	D-glucose	5		d16:0.4 d17:0.4 d22:0.8 d28:1.1 d31:1.2
377	Serpula lacrymans CBS829.91	D-glucuronic acid	2		d16:0.2 d17:0.2 d22:0.2 d28:0.4 d31:0.4
377	Serpula lacrymans CBS829.91	D-mannose	4		d16:0.4 d17:0.3 d22:0.5 d28:0.8 d31:1
377	Serpula lacrymans CBS829.91	D-ribose	1		d16:0.1 d17:0.1 d22:0.4 d28:0.5 d31:0.6
377	Serpula lacrymans CBS829.91	D-xylose	4		d16:0.3 d17:0.3 d22:0.4 d28:0.7 d31:0.9
377	Serpula lacrymans CBS829.91	guar gum 1%	8		d16:0.7 d17:0.7 d22:1 d28:1.2 d31:1.5
377	Serpula lacrymans CBS829.91	inulin 1%	2		d16:0 d17:0.1 d22:0.2 d28:0.4 d31:0.5
377	Serpula lacrymans CBS829.91	lactose	4		d16:0.4 d17:0.4 d22:0.7 d28:1 d31:1.1
377	Serpula lacrymans CBS829.91	maltose	5		d16:0.5 d17:0.5 d22:0.7 d28:1 d31:1.2
377	Serpula lacrymans CBS829.91	no carbon source	1		d16:0.2 d17:0.2 d22:0.4 d28:0.5 d31:0.6
377	Serpula lacrymans CBS829.91	oat spelt xylan 1%	0		
377	Serpula lacrymans CBS829.91	raffinose	1		d16:0.2 d17:0.2 d22:0.4 d28:0.6 d31:0.8
377	Serpula lacrymans CBS829.91	rice bran 3%	10		d16:0.7 d17:0.9 d22:1.3 d28:1.6 d31:1.6
377	Serpula lacrymans CBS829.91	soluble starch 1%	6		d16:0.7 d17:0.7 d22:1.1 d28:1.4 d31:1.5
377	Serpula lacrymans CBS829.91	soybean hulls 3%	3		d16:0.3 d17:0.3 d22:0.4 d28:0.7 d31:0.9
377	Serpula lacrymans CBS829.91	sucrose	1		d16:0.2 d17:0.2 d22:0.5 d28:0.6 d31:0.7
377	Serpula lacrymans CBS829.91	wheat bran 3%	8		d16:0.8 d17:0.8 d22:1.1 d28:1.4 d31:1.6
378	Stereum hirsutum FP-9166.SS1	alfalfa meal 3%	2		d3:0.5 d6:1.1
378	Stereum hirsutum FP-9166.SS1	apple pectin 1% pH=6	1		d3:0.6 d6:1.4
378	Stereum hirsutum FP-9166.SS1	arabic gum 1%	1		d3:0.1 d6:1.5
378	Stereum hirsutum FP-9166.SS1	arabinogalactan 1%			d3:0.1 d6:1.5
378	Stereum hirsutum FP-9166.SS1	birchwood xylan 1%	1		d3:0.1 d6:1.4
378	Stereum hirsutum FP-9166.SS1	casein 3%	1		d3:0.4 d6:1
378	Stereum hirsutum FP-9166.SS1	cellobiose	2		d3:0.4 d6:0.4
378	Stereum hirsutum FP-9166.SS1	cellulose 3%	1		
378	Stereum hirsutum FP-9166.SS1	citrus pectin 1% pH=6	3		d3:0.6 d6:1.3
378	Stereum hirsutum FP-9166.SS1	citrus pulp 3% pH=6	3		d3:0.4 d6:1.2
378	Stereum hirsutum FP-9166.SS1	cotton seed pulp 3%	1		d3:0.7 d6:1
378	Stereum hirsutum FP-9166.SS1	D-fructose	5		d3:0.9 d6:1.5
378	Stereum hirsutum FP-9166.SS1	D-galactose	1		d3:0.1 d6:0.6
378	Stereum hirsutum FP-9166.SS1	D-galacturonic acid	2		d3:0.1 d6:0.7
378	Stereum hirsutum FP-9166.SS1	D-glucose	5		d3:0.6 d6:1.5
378	Stereum hirsutum FP-9166.SS1	D-glucuronic acid	2		d3:0.3 d6:0.8
378	Stereum hirsutum FP-9166.SS1	D-mannose	5		d3:0.4 d6:1.5
378	Stereum hirsutum FP-9166.SS1	D-ribose	1		d6:1.4
378	Stereum hirsutum FP-9166.SS1	D-xylose	2		d3:0.2 d6:1.1
378	Stereum hirsutum FP-9166.SS1	guar gum 1%	1		d3:0.9 d6:1.5
378	Stereum hirsutum FP-9166.SS1	inulin 1%	1		d3:0.6 d6:1.5
378	Stereum hirsutum FP-9166.SS1	lactose	1		d3:0.1 d6:1.5
378	Stereum hirsutum FP-9166.SS1	maltose	4		d3:0.3 d6:1.5
378	Stereum hirsutum FP-9166.SS1	no carbon source	1		d3:0.3 d6:0.7
378	Stereum hirsutum FP-9166.SS1	oat spelt xylan 1%	0		
378	Stereum hirsutum FP-9166.SS1	raffinose	5		d3:0.3 d6:1.5
378	Stereum hirsutum FP-9166.SS1	rice bran 3%	3		d3:0.4 d6:1
378	Stereum hirsutum FP-9166.SS1	soluble starch 1%	4		d3:0.7 d6:1.5
378	Stereum hirsutum FP-9166.SS1	soybean hulls 3%	4		d3:0.3 d6:1.1
378	Stereum hirsutum FP-9166.SS1	sucrose	5		d3:0.3 d6:1.5
378	Stereum hirsutum FP-9166.SS1	wheat bran 3%	4		d3:0.5 d6:1.3
379	Talaromyces stipitatus CBS375.48	alfalfa meal 3%	8		d2:0.2 d4:0.9
379	Talaromyces stipitatus CBS375.48	apple pectin 1% pH=6	6		d4:0.7
379	Talaromyces stipitatus CBS375.48	arabic gum 1%	0		d2:0.2 d4:1.1
379	Talaromyces stipitatus CBS375.48	arabinogalactan 1%			d4:1
379	Talaromyces stipitatus CBS375.48	birchwood xylan 1%	1		d4:1
379	Talaromyces stipitatus CBS375.48	casein 3%	0		d4:0.8
379	Talaromyces stipitatus CBS375.48	cellobiose	4		d2:0.1 d4:0.5
379	Talaromyces stipitatus CBS375.48	cellulose 3%	0		d4:0.7
379	Talaromyces stipitatus CBS375.48	citrus pectin 1% pH=6	6		d2:0.2 d4:0.7
379	Talaromyces stipitatus CBS375.48	citrus pulp 3% pH=6	10		d2:0.4 d4:1.2
379	Talaromyces stipitatus CBS375.48	cotton seed pulp 3%	7		d2:0.5 d4:1
379	Talaromyces stipitatus CBS375.48	D-fructose	5		d2:0.1 d4:1.1
379	Talaromyces stipitatus CBS375.48	D-galactose	0		
379	Talaromyces stipitatus CBS375.48	D-galacturonic acid	2		d4:0.7
379	Talaromyces stipitatus CBS375.48	D-glucose	5		d2:0.1 d4:0.7
379	Talaromyces stipitatus CBS375.48	D-glucuronic acid	1		d2:0.1 d4:0.7
379	Talaromyces stipitatus CBS375.48	D-mannose	3		d4:0.5
379	Talaromyces stipitatus CBS375.48	D-ribose	0		d4:0.7
379	Talaromyces stipitatus CBS375.48	D-xylose	3		d2:0.1 d4:0.7
379	Talaromyces stipitatus CBS375.48	guar gum 1%	2		d2:0.2 d4:1.1
379	Talaromyces stipitatus CBS375.48	inulin 1%	5		d2:0.1 d4:0.6
379	Talaromyces stipitatus CBS375.48	lactose	0		d2:0.1 d4:0.8
379	Talaromyces stipitatus CBS375.48	maltose	4		d2:0.1 d4:0.5
379	Talaromyces stipitatus CBS375.48	no carbon source	0		d2:0.1 d4:0.8
379	Talaromyces stipitatus CBS375.48	oat spelt xylan 1%	0		
379	Talaromyces stipitatus CBS375.48	raffinose	2		d2:0.1 d4:0.7
379	Talaromyces stipitatus CBS375.48	rice bran 3%	8		d2:0.3 d4:0.9
379	Talaromyces stipitatus CBS375.48	soluble starch 1%	6		d2:0.3 d4:0.7
379	Talaromyces stipitatus CBS375.48	soybean hulls 3%	8		d2:0.3 d4:0.9
379	Talaromyces stipitatus CBS375.48	sucrose	5		d2:0.1 d4:0.6
379	Talaromyces stipitatus CBS375.48	wheat bran 3%	8		d2:0.2 d4:1.2
380	Thielavia terrestris 34C	alfalfa meal 3%	3		
380	Thielavia terrestris 34C	apple pectin 1% pH=6	1		
380	Thielavia terrestris 34C	arabic gum 1%	1		
380	Thielavia terrestris 34C	birchwood xylan 1%	2		
380	Thielavia terrestris 34C	casein 3%	2		
380	Thielavia terrestris 34C	cellobiose	4		
380	Thielavia terrestris 34C	cellulose 3%	0		
380	Thielavia terrestris 34C	citrus pectin 1% pH=6	4		
380	Thielavia terrestris 34C	citrus pulp 3% pH=6	5		
380	Thielavia terrestris 34C	cotton seed pulp 3%	2		
380	Thielavia terrestris 34C	D-fructose	2		
380	Thielavia terrestris 34C	D-galactose	1		
380	Thielavia terrestris 34C	D-galacturonic acid	1		
380	Thielavia terrestris 34C	D-glucose	5		
380	Thielavia terrestris 34C	D-glucuronic acid	0		
380	Thielavia terrestris 34C	D-mannose	3		
380	Thielavia terrestris 34C	D-ribose	0		
380	Thielavia terrestris 34C	D-xylose	5		
380	Thielavia terrestris 34C	guar gum 1%	1		
380	Thielavia terrestris 34C	inulin 1%	1		
380	Thielavia terrestris 34C	lactose	0		
380	Thielavia terrestris 34C	maltose	0		
380	Thielavia terrestris 34C	no carbon source	0		
380	Thielavia terrestris 34C	oat spelt xylan 1%	0		
380	Thielavia terrestris 34C	raffinose	2		
380	Thielavia terrestris 34C	rice bran 3%	3		
380	Thielavia terrestris 34C	soluble starch 1%	3		
380	Thielavia terrestris 34C	soybean hulls 3%	5		
380	Thielavia terrestris 34C	sucrose	3		
380	Thielavia terrestris 34C	wheat bran 3%	7		
381	Thielavia terrestris 45C	alfalfa meal 3%	4		
381	Thielavia terrestris 45C	apple pectin 1% pH=6	5		
381	Thielavia terrestris 45C	arabic gum 1%	0		
381	Thielavia terrestris 45C	birchwood xylan 1%	4		
381	Thielavia terrestris 45C	casein 3%	3		
381	Thielavia terrestris 45C	cellobiose	3		
381	Thielavia terrestris 45C	cellulose 3%	0		
381	Thielavia terrestris 45C	citrus pectin 1% pH=6	4		
381	Thielavia terrestris 45C	citrus pulp 3% pH=6	7		
381	Thielavia terrestris 45C	cotton seed pulp 3%	4		
381	Thielavia terrestris 45C	D-fructose	3		
381	Thielavia terrestris 45C	D-galactose	3		
381	Thielavia terrestris 45C	D-galacturonic acid	3		
381	Thielavia terrestris 45C	D-glucose	5		
381	Thielavia terrestris 45C	D-glucuronic acid	0		
381	Thielavia terrestris 45C	D-mannose	4		
381	Thielavia terrestris 45C	D-ribose	0		
381	Thielavia terrestris 45C	D-xylose	8		
381	Thielavia terrestris 45C	guar gum 1%	2		
381	Thielavia terrestris 45C	inulin 1%	0		
381	Thielavia terrestris 45C	lactose	1		
381	Thielavia terrestris 45C	maltose	0		
381	Thielavia terrestris 45C	no carbon source	0		
381	Thielavia terrestris 45C	oat spelt xylan 1%	0		
381	Thielavia terrestris 45C	raffinose	3		
381	Thielavia terrestris 45C	rice bran 3%	5		
381	Thielavia terrestris 45C	soluble starch 1%	3		
381	Thielavia terrestris 45C	soybean hulls 3%	5		
381	Thielavia terrestris 45C	sucrose	5		
381	Thielavia terrestris 45C	wheat bran 3%	8		
382	Verticillium alboatrum	alfalfa meal 3%	7		d4:0.6 d7:1
382	Verticillium alboatrum	apple pectin 1% pH=6	3		d4:0.4 d7:1
382	Verticillium alboatrum	arabic gum 1%	2		d4:0.6 d7:1.1
382	Verticillium alboatrum	arabinogalactan 1%			d4:0.6 d7:1
382	Verticillium alboatrum	birchwood xylan 1%	4		d4:0.4 d7:0.9
382	Verticillium alboatrum	casein 3%	3		d4:0.6 d7:1.2
382	Verticillium alboatrum	cellobiose	5		d4:0.6 d7:1.1
382	Verticillium alboatrum	cellulose 3%	3		d4:0.5 d7:1.2
382	Verticillium alboatrum	citrus pectin 1% pH=6	4		d4:0.5 d7:1
382	Verticillium alboatrum	citrus pulp 3% pH=6	5		d4:0.2 d7:0.8
382	Verticillium alboatrum	cotton seed pulp 3%	2		d7:1.5
382	Verticillium alboatrum	D-fructose	5		d4:0.7 d7:1.2
382	Verticillium alboatrum	D-galactose	5		d4:0.7 d7:1.2
382	Verticillium alboatrum	D-galacturonic acid	0		d4:0.7
382	Verticillium alboatrum	D-glucose	5		d4:0.6 d7:1.2
382	Verticillium alboatrum	D-glucuronic acid	2		d4:0.7 d7:1.2
382	Verticillium alboatrum	D-mannose	3		d4:0.6 d7:1.1
382	Verticillium alboatrum	D-ribose	5		d4:0.7 d7:1.1
382	Verticillium alboatrum	D-xylose	4		d4:0.6 d7:1.2
382	Verticillium alboatrum	guar gum 1%	5		d4:0.6 d7:1.2
382	Verticillium alboatrum	inulin 1%	5		d4:0.6 d7:1.1
382	Verticillium alboatrum	lactose	5		d4:0.6 d7:1.1
382	Verticillium alboatrum	maltose	5		d4:0.6 d7:1.2
382	Verticillium alboatrum	no carbon source	1		d4:0.7 d7:1.2
382	Verticillium alboatrum	oat spelt xylan 1%	0		
382	Verticillium alboatrum	raffinose	5		d4:0.6 d7:1.1
382	Verticillium alboatrum	rice bran 3%	7		d4:0.4 d7:0.9
382	Verticillium alboatrum	soluble starch 1%	4		d4:0.6 d7:1.1
382	Verticillium alboatrum	soybean hulls 3%	6		d4:0.6 d7:1
382	Verticillium alboatrum	sucrose	5		d4:0.6 d7:1.2
382	Verticillium alboatrum	wheat bran 3%	8		d4:0.5 d7:1
383	Verticillium alboatrum CBS102464	alfalfa meal 3%	4		d4:0.4 d7:0.9
383	Verticillium alboatrum CBS102464	apple pectin 1% pH=6	4		d4:0.4 d7:1
383	Verticillium alboatrum CBS102464	arabic gum 1%	1		d4:0.7 d7:1.4
383	Verticillium alboatrum CBS102464	arabinogalactan 1%			d4:0.7 d7:1.4
383	Verticillium alboatrum CBS102464	birchwood xylan 1%	6		d4:0.6 d7:1.1
383	Verticillium alboatrum CBS102464	casein 3%	4		d4:1 d7:0.8
383	Verticillium alboatrum CBS102464	cellobiose	6		d4:0.6 d7:1.1
383	Verticillium alboatrum CBS102464	cellulose 3%	1		d4:0.7 d7:1.5
383	Verticillium alboatrum CBS102464	citrus pectin 1% pH=6	4		d4:0.5 d7:1
383	Verticillium alboatrum CBS102464	citrus pulp 3% pH=6	4		d4:0.4 d7:0.9
383	Verticillium alboatrum CBS102464	cotton seed pulp 3%	5		d4:0.5 d7:1.2
383	Verticillium alboatrum CBS102464	D-fructose	5		d4:0.6 d7:1.1
383	Verticillium alboatrum CBS102464	D-galactose	4		d4:0.5 d7:1
383	Verticillium alboatrum CBS102464	D-galacturonic acid	0		
383	Verticillium alboatrum CBS102464	D-glucose	5		d4:0.7 d7:1.1
383	Verticillium alboatrum CBS102464	D-glucuronic acid	1		d4:0.8 d7:1.4
383	Verticillium alboatrum CBS102464	D-mannose	3		d4:0.4 d7:0.9
383	Verticillium alboatrum CBS102464	D-ribose	5		d4:0.6 d7:1.1
383	Verticillium alboatrum CBS102464	D-xylose	4		d4:0.6 d7:1.1
383	Verticillium alboatrum CBS102464	guar gum 1%	6		d4:0.7 d7:1.5
383	Verticillium alboatrum CBS102464	inulin 1%	5		d4:0.6 d7:1.1
383	Verticillium alboatrum CBS102464	lactose	2		d4:0.7 d7:1.3
383	Verticillium alboatrum CBS102464	maltose	6		d4:0.7 d7:1.1
383	Verticillium alboatrum CBS102464	no carbon source	0		d4:0.7 d7:1.4
383	Verticillium alboatrum CBS102464	oat spelt xylan 1%	0		
383	Verticillium alboatrum CBS102464	raffinose	6		d4:0.7 d7:1.1
383	Verticillium alboatrum CBS102464	rice bran 3%	7		d4:0.5 d7:1
383	Verticillium alboatrum CBS102464	soluble starch 1%	5		d4:0.7 d7:1.2
383	Verticillium alboatrum CBS102464	soybean hulls 3%	4		d4:0.4 d7:0.9
383	Verticillium alboatrum CBS102464	sucrose	5		d4:0.7 d7:1.1
383	Verticillium alboatrum CBS102464	wheat bran 3%	8		d4:0.5 d7:1.1
384	Verticillium dahlia 52	alfalfa meal 3%	5		d4:0.5 d7:1
384	Verticillium dahlia 52	apple pectin 1% pH=6	4		d4:0.5 d7:1.1
384	Verticillium dahlia 52	arabic gum 1%	1		d4:0.7 d7:1.5
384	Verticillium dahlia 52	arabinogalactan 1%			d4:0.7 d7:1.3
384	Verticillium dahlia 52	birchwood xylan 1%	5		d4:0.5 d7:1
384	Verticillium dahlia 52	casein 3%	4		d4:0.7 d7:1.4
384	Verticillium dahlia 52	cellobiose	5		d4:0.6 d7:1.2
384	Verticillium dahlia 52	cellulose 3%	0		d4:0.6 d7:1.5
384	Verticillium dahlia 52	citrus pectin 1% pH=6	4		d4:0.5 d7:1.1
384	Verticillium dahlia 52	citrus pulp 3% pH=6	6		d4:0.4 d7:0.9
384	Verticillium dahlia 52	cotton seed pulp 3%	5		d4:0.5 d7:1.3
384	Verticillium dahlia 52	D-fructose	4		d4:0.6 d7:1.3
384	Verticillium dahlia 52	D-galactose	2		d4:0.4 d7:0.7
384	Verticillium dahlia 52	D-galacturonic acid	0		
384	Verticillium dahlia 52	D-glucose	5		d4:0.7 d7:1.4
384	Verticillium dahlia 52	D-glucuronic acid	1		d4:0.7 d7:1.4
384	Verticillium dahlia 52	D-mannose	3		d4:0.5 d7:1.2
384	Verticillium dahlia 52	D-ribose	3		d4:0.7 d7:1.3
384	Verticillium dahlia 52	D-xylose	5		d4:0.7 d7:1.2
384	Verticillium dahlia 52	guar gum 1%	1		d4:0.7 d7:1.4
384	Verticillium dahlia 52	inulin 1%	5		d4:0.7 d7:1.2
384	Verticillium dahlia 52	lactose	3		d4:0.8 d7:1.5
384	Verticillium dahlia 52	maltose	5		d4:0.8 d7:1.4
384	Verticillium dahlia 52	no carbon source	1		d4:0.7 d7:1.5
384	Verticillium dahlia 52	oat spelt xylan 1%	0		
384	Verticillium dahlia 52	raffinose	5		d4:0.8 d7:1.3
384	Verticillium dahlia 52	rice bran 3%	8		d4:0.5 d7:1
384	Verticillium dahlia 52	soluble starch 1%	4		d4:0.7 d7:1.4
384	Verticillium dahlia 52	soybean hulls 3%	7		d4:0.4 d7:1
384	Verticillium dahlia 52	sucrose	6		d4:0.8 d7:1.4
384	Verticillium dahlia 52	wheat bran 3%	6		d4:0.5 d7:1.1
385	Verticillium dahlia 73	alfalfa meal 3%	6		d4:0.5 d7:1
385	Verticillium dahlia 73	apple pectin 1% pH=6	5		d4:0.5 d7:1.1
385	Verticillium dahlia 73	arabic gum 1%	0		d4:0.7 d7:1.5
385	Verticillium dahlia 73	arabinogalactan 1%			d4:0.6 d7:1.2
385	Verticillium dahlia 73	birchwood xylan 1%	4		d4:0.5 d7:1.2
385	Verticillium dahlia 73	casein 3%	1		d4:0.8 d7:1
385	Verticillium dahlia 73	cellobiose	6		d4:0.6 d7:1.2
385	Verticillium dahlia 73	cellulose 3%	0		d4:0.8 d7:0.9
385	Verticillium dahlia 73	citrus pectin 1% pH=6	5		d4:0.6 d7:1.1
385	Verticillium dahlia 73	citrus pulp 3% pH=6	8		d4:0.4 d7:1
385	Verticillium dahlia 73	cotton seed pulp 3%	2		d4:0.6 d7:1.2
385	Verticillium dahlia 73	D-fructose	4		d4:0.7 d7:1.4
385	Verticillium dahlia 73	D-galactose	3		d4:0.4 d7:1
385	Verticillium dahlia 73	D-galacturonic acid	1		
385	Verticillium dahlia 73	D-glucose	5		d4:0.7 d7:1.4
385	Verticillium dahlia 73	D-glucuronic acid	1		d4:0.8 d7:1.5
385	Verticillium dahlia 73	D-mannose	4		d4:0.6 d7:1.3
385	Verticillium dahlia 73	D-ribose	2		d4:0.6 d7:1.3
385	Verticillium dahlia 73	D-xylose	5		d4:0.7 d7:1.2
385	Verticillium dahlia 73	guar gum 1%	2		d4:0.7 d7:1.4
385	Verticillium dahlia 73	inulin 1%	2		d4:0.8 d7:1.4
385	Verticillium dahlia 73	lactose	2		d4:0.8 d7:1.5
385	Verticillium dahlia 73	maltose	6		d4:0.8 d7:1.3
385	Verticillium dahlia 73	no carbon source	1		d4:0.8 d7:1.5
385	Verticillium dahlia 73	oat spelt xylan 1%	0		
385	Verticillium dahlia 73	raffinose	6		d4:0.8 d7:1.3
385	Verticillium dahlia 73	rice bran 3%	8		d4:0.5 d7:1
385	Verticillium dahlia 73	soluble starch 1%	5		d4:0.7 d7:1.4
385	Verticillium dahlia 73	soybean hulls 3%	6		d4:0.4 d7:1
385	Verticillium dahlia 73	sucrose	6		d4:0.8 d7:1.3
385	Verticillium dahlia 73	wheat bran 3%	7		d4:0.6 d7:1.1
386	Verticillium dahlia CBS204.26	alfalfa meal 3%	6		d4:0.4 d7:1
386	Verticillium dahlia CBS204.26	apple pectin 1% pH=6	2		d4:0.6 d7:1
386	Verticillium dahlia CBS204.26	arabic gum 1%	1		d4:0.6 d7:1.2
386	Verticillium dahlia CBS204.26	arabinogalactan 1%			d4:0.5 d7:1
386	Verticillium dahlia CBS204.26	birchwood xylan 1%	4		d4:0.2 d7:1
386	Verticillium dahlia CBS204.26	casein 3%	5		d4:0.5 d7:1.1
386	Verticillium dahlia CBS204.26	cellobiose	5		d4:0.5 d7:1.1
386	Verticillium dahlia CBS204.26	cellulose 3%	1		d4:0.4 d7:1
386	Verticillium dahlia CBS204.26	citrus pectin 1% pH=6	3		d4:0.5 d7:1.1
386	Verticillium dahlia CBS204.26	citrus pulp 3% pH=6	4		d4:0.4 d7:1
386	Verticillium dahlia CBS204.26	cotton seed pulp 3%	3		d4:0.4 d7:1
386	Verticillium dahlia CBS204.26	D-fructose	5		d4:0.6 d7:1.2
386	Verticillium dahlia CBS204.26	D-galactose	3		d4:0.3 d7:0.8
386	Verticillium dahlia CBS204.26	D-galacturonic acid	0		
386	Verticillium dahlia CBS204.26	D-glucose	5		d4:0.5 d7:0.9
386	Verticillium dahlia CBS204.26	D-glucuronic acid	1		d4:0.5 d7:1.2
386	Verticillium dahlia CBS204.26	D-mannose	4		d4:0.4 d7:1.1
386	Verticillium dahlia CBS204.26	D-ribose	4		d4:0.5 d7:1.1
386	Verticillium dahlia CBS204.26	D-xylose	6		d4:0.5 d7:1.2
386	Verticillium dahlia CBS204.26	guar gum 1%	2		d4:0.7 d7:1.3
386	Verticillium dahlia CBS204.26	inulin 1%	5		d4:0.5 d7:1.1
386	Verticillium dahlia CBS204.26	lactose	5		d4:0.5 d7:1.2
386	Verticillium dahlia CBS204.26	maltose	6		d4:0.5 d7:1.2
386	Verticillium dahlia CBS204.26	no carbon source	1		d4:0.7 d7:1.4
386	Verticillium dahlia CBS204.26	oat spelt xylan 1%	0		
386	Verticillium dahlia CBS204.26	raffinose	7		d4:0.7 d7:1.3
386	Verticillium dahlia CBS204.26	rice bran 3%	7		d4:0.5 d7:0.5
386	Verticillium dahlia CBS204.26	soluble starch 1%	6		d4:0.7 d7:1.3
386	Verticillium dahlia CBS204.26	soybean hulls 3%	4		d4:0.4 d7:0.9
386	Verticillium dahlia CBS204.26	sucrose	6		d4:0.6 d7:1.2
386	Verticillium dahlia CBS204.26	wheat bran 3%	5		d4:0.6 d7:1.2
387	Wolfiporia cocos CBS279.55	alfalfa meal 3%	5		d4:0.8
387	Wolfiporia cocos CBS279.55	apple pectin 1% pH=6	8		d4:3.2
387	Wolfiporia cocos CBS279.55	arabic gum 1%	6		d4:1.5
387	Wolfiporia cocos CBS279.55	arabinogalactan 1%			d4:2
387	Wolfiporia cocos CBS279.55	birchwood xylan 1%	1		d4:0
387	Wolfiporia cocos CBS279.55	casein 3%	1		d4:0
387	Wolfiporia cocos CBS279.55	cellobiose	5		d4:0.5
387	Wolfiporia cocos CBS279.55	cellulose 3%	4		d4:0
387	Wolfiporia cocos CBS279.55	citrus pectin 1% pH=6	8		d4:3.2
387	Wolfiporia cocos CBS279.55	citrus pulp 3% pH=6	9		d4:3.2
387	Wolfiporia cocos CBS279.55	cotton seed pulp 3%	6		d4:1.2
387	Wolfiporia cocos CBS279.55	D-fructose	4		d4:0.4
387	Wolfiporia cocos CBS279.55	D-galactose	3		d4:0.3
387	Wolfiporia cocos CBS279.55	D-galacturonic acid	3		d4:3.2
387	Wolfiporia cocos CBS279.55	D-glucose	5		d4:0.4
387	Wolfiporia cocos CBS279.55	D-glucuronic acid	2		d4:0.4
387	Wolfiporia cocos CBS279.55	D-mannose	3		d4:0.5
387	Wolfiporia cocos CBS279.55	D-ribose	1		d4:0.3
387	Wolfiporia cocos CBS279.55	D-xylose	1		d4:0.3
387	Wolfiporia cocos CBS279.55	guar gum 1%	2		d4:0
387	Wolfiporia cocos CBS279.55	inulin 1%	1		d4:0.2
387	Wolfiporia cocos CBS279.55	lactose	2		d4:0.5
387	Wolfiporia cocos CBS279.55	maltose	4		d4:0.4
387	Wolfiporia cocos CBS279.55	no carbon source	1		d4:0.2
387	Wolfiporia cocos CBS279.55	oat spelt xylan 1%	0		
387	Wolfiporia cocos CBS279.55	raffinose	2		d4:0.4
387	Wolfiporia cocos CBS279.55	rice bran 3%	7		d4:2.6
387	Wolfiporia cocos CBS279.55	soluble starch 1%	5		d4:0.4
387	Wolfiporia cocos CBS279.55	soybean hulls 3%	3		d4:0
387	Wolfiporia cocos CBS279.55	sucrose	3		d4:0.4
387	Wolfiporia cocos CBS279.55	wheat bran 3%	6		d4:0.6
388	Wolfiporia cocos MD-104 SS10	alfalfa meal 3%	6		d2:0.4 d3:1.1
388	Wolfiporia cocos MD-104 SS10	apple pectin 1% pH=6	7		d2:1.5 d3:1.5
388	Wolfiporia cocos MD-104 SS10	arabic gum 1%	4		d2:0.4 d3:0.8
388	Wolfiporia cocos MD-104 SS10	arabinogalactan 1%			d2:0.6 d3:1.1
388	Wolfiporia cocos MD-104 SS10	birchwood xylan 1%	2		d2:0.1 d3:0.2
388	Wolfiporia cocos MD-104 SS10	casein 3%	0		
388	Wolfiporia cocos MD-104 SS10	cellobiose	3		d2:0.2 d3:0.4
388	Wolfiporia cocos MD-104 SS10	cellulose 3%	3		d3:0.4
388	Wolfiporia cocos MD-104 SS10	citrus pectin 1% pH=6	8		d2:1.5 d3:1.5
388	Wolfiporia cocos MD-104 SS10	citrus pulp 3% pH=6	10		d2:1 d3:1.5
388	Wolfiporia cocos MD-104 SS10	cotton seed pulp 3%	6		d2:0.6 d3:1
388	Wolfiporia cocos MD-104 SS10	D-fructose	2		d2:0.4 d3:0.4
388	Wolfiporia cocos MD-104 SS10	D-galactose	1		d2:0.1 d3:0.2
388	Wolfiporia cocos MD-104 SS10	D-galacturonic acid	3		d2:0.2 d3:0.4
388	Wolfiporia cocos MD-104 SS10	D-glucose	5		d2:0.4 d3:0.9
388	Wolfiporia cocos MD-104 SS10	D-glucuronic acid	1		d2:0.1 d3:0.2
388	Wolfiporia cocos MD-104 SS10	D-mannose	4		d2:0.4 d3:0.7
388	Wolfiporia cocos MD-104 SS10	D-ribose	3		d2:0.3 d3:0.6
388	Wolfiporia cocos MD-104 SS10	D-xylose	3		d2:0.3 d3:0.4
388	Wolfiporia cocos MD-104 SS10	guar gum 1%	4		d2:0.3 d3:0.6
388	Wolfiporia cocos MD-104 SS10	inulin 1%	2		d2:0.2 d3:0.4
388	Wolfiporia cocos MD-104 SS10	lactose	3		d2:0.2 d3:0.4
388	Wolfiporia cocos MD-104 SS10	maltose	2		d2:0.2 d3:0.3
388	Wolfiporia cocos MD-104 SS10	no carbon source	1		d2:0.2 d3:0.3
388	Wolfiporia cocos MD-104 SS10	oat spelt xylan 1%	0		
388	Wolfiporia cocos MD-104 SS10	raffinose	1		d3:0.2
388	Wolfiporia cocos MD-104 SS10	rice bran 3%	2		
388	Wolfiporia cocos MD-104 SS10	soluble starch 1%	3		d2:0.3 d3:0.5
388	Wolfiporia cocos MD-104 SS10	soybean hulls 3%	1		
388	Wolfiporia cocos MD-104 SS10	sucrose	1		
388	Wolfiporia cocos MD-104 SS10	wheat bran 3%	5		d3:0.7
465	Agrocybe dura FBCC478	alfalfa meal 3%	8		d7:2.1
465	Agrocybe dura FBCC478	apple pectin 1% pH=6	4		d7:1.8
465	Agrocybe dura FBCC478	arabic gum 1%	3		d7:1.8
465	Agrocybe dura FBCC478	arabinogalactan 1%			d7:1.9
465	Agrocybe dura FBCC478	beechwood xylan 1%	4		d7:1.6
465	Agrocybe dura FBCC478	birchwood xylan 1%	2		d7:1.5
465	Agrocybe dura FBCC478	casein 3%	2		d7:2
465	Agrocybe dura FBCC478	cellobiose	3		d7:1.3
465	Agrocybe dura FBCC478	cellulose 3%	4		d7:1.5
465	Agrocybe dura FBCC478	citrus pectin 1% pH=6	4		d7:1.9
465	Agrocybe dura FBCC478	citrus pulp 3% pH=6	3		d7:1.4
465	Agrocybe dura FBCC478	cotton seed pulp 3%	6		d7:2.3
465	Agrocybe dura FBCC478	D-fructose	2		d7:1.6
465	Agrocybe dura FBCC478	D-galactose	2		d7:2
465	Agrocybe dura FBCC478	D-galacturonic acid	0		
465	Agrocybe dura FBCC478	D-glucose	5		d7:2.4
465	Agrocybe dura FBCC478	D-glucuronic acid	1		d7:1.9
465	Agrocybe dura FBCC478	D-mannose	4		d7:2
465	Agrocybe dura FBCC478	D-ribose	1		d7:1.9
465	Agrocybe dura FBCC478	D-xylose	2		d7:1
465	Agrocybe dura FBCC478	guar gum 1%	5		d7:2
465	Agrocybe dura FBCC478	inulin 1%	1		d7:1.9
465	Agrocybe dura FBCC478	L-arabinose	2		d7:1.5
465	Agrocybe dura FBCC478	L-rhamnose	1		d7:2
465	Agrocybe dura FBCC478	lactose	0		
465	Agrocybe dura FBCC478	maltose	3		d7:1.9
465	Agrocybe dura FBCC478	no carbon source	1		d7:2.2
465	Agrocybe dura FBCC478	raffinose	2		d7:1.7
465	Agrocybe dura FBCC478	rice bran 3%	7		d7:1.6
465	Agrocybe dura FBCC478	soluble starch 1%	4		d7:2
465	Agrocybe dura FBCC478	soybean hulls 3%	7		d7:2.1
465	Agrocybe dura FBCC478	sucrose	1		d7:1.9
465	Agrocybe dura FBCC478	wheat bran 3%	7		d7:1.6
466	Agrocybe praecox FBCC476	alfalfa meal 3%	4		d5:0.8
466	Agrocybe praecox FBCC476	apple pectin 1% pH=6	4		d5:1.4
466	Agrocybe praecox FBCC476	arabic gum 1%	2		d5:1.4
466	Agrocybe praecox FBCC476	arabinogalactan 1%			d5:1.5
466	Agrocybe praecox FBCC476	beechwood xylan 1%	3		d5:1.5
466	Agrocybe praecox FBCC476	birchwood xylan 1%	2		d5:1.3
466	Agrocybe praecox FBCC476	casein 3%	0		d5:0.6
466	Agrocybe praecox FBCC476	cellobiose	4		d5:1.3
466	Agrocybe praecox FBCC476	cellulose 3%	3		d5:1.3
466	Agrocybe praecox FBCC476	citrus pectin 1% pH=6	3		d5:1.3
466	Agrocybe praecox FBCC476	citrus pulp 3% pH=6	4		d5:1
466	Agrocybe praecox FBCC476	cotton seed pulp 3%	3		d5:1.5
466	Agrocybe praecox FBCC476	D-fructose	1		d5:1.4
466	Agrocybe praecox FBCC476	D-galactose	1		d5:1.3
466	Agrocybe praecox FBCC476	D-galacturonic acid	1		d5:0.5
466	Agrocybe praecox FBCC476	D-glucose	5		d5:1.6
466	Agrocybe praecox FBCC476	D-glucuronic acid	0		d5:0.3
466	Agrocybe praecox FBCC476	D-mannose	5		d5:2.2
466	Agrocybe praecox FBCC476	D-ribose	1		d5:1.4
466	Agrocybe praecox FBCC476	D-xylose	5		d5:1.5
466	Agrocybe praecox FBCC476	guar gum 1%	6		d5:1.6
466	Agrocybe praecox FBCC476	inulin 1%	2		d5:1.4
466	Agrocybe praecox FBCC476	L-arabinose	1		d5:1.2
466	Agrocybe praecox FBCC476	L-rhamnose	1		d5:1.4
466	Agrocybe praecox FBCC476	lactose	0		d5:0.4
466	Agrocybe praecox FBCC476	maltose	3		d5:1.2
466	Agrocybe praecox FBCC476	no carbon source	1		d5:1.4
466	Agrocybe praecox FBCC476	raffinose	1		d5:1
466	Agrocybe praecox FBCC476	rice bran 3%	10		d5:2.2
466	Agrocybe praecox FBCC476	soluble starch 1%	3		d5:1.4
466	Agrocybe praecox FBCC476	soybean hulls 3%	6		d5:1.5
466	Agrocybe praecox FBCC476	sucrose	1		d5:1.4
466	Agrocybe praecox FBCC476	wheat bran 3%	10		d5:1.8
467	Archaearhizomyces finlayi Strain Ny13	alfalfa meal 3%	5		d6:0 d8:0.2 d11:0.4 d13:0.5 d14:0.6 d15:0.6 d18:0.7 d20:0.8 d21:0.8 d26:1 d28:1 d29:1.1 d32:1.1 d34:1.2 d35:1.2 d39:1.3 d41:1.3 d46:1.3
467	Archaearhizomyces finlayi Strain Ny13	apple pectin 1% pH=6	5		d6:0.2 d8:0.3 d11:0.4 d13:0.6 d14:0.6 d15:0.7 d18:0.8 d20:0.9 d21:1 d26:1 d28:1 d29:1 d32:1 d34:1 d35:1 d39:1 d41:1 d46:1
467	Archaearhizomyces finlayi Strain Ny13	arabic gum 1%	5		d6:0.3 d8:0.4 d11:0.6 d13:0.7 d14:0.7 d15:0.8 d18:0.8 d20:0.9 d21:0.9 d26:0.9 d28:0.8 d29:0.9 d32:0.9 d34:0.9 d35:0.9 d39:1 d41:1.1 d46:1.2
467	Archaearhizomyces finlayi Strain Ny13	arabinogalactan 1%			d6:0 d8:0.2 d11:0.4 d13:0.6 d14:0.6 d15:0.6 d18:0.6 d20:0.6 d21:0.6 d26:0.7 d28:0.7 d29:0.7 d32:0.7 d34:0.8 d35:0.8 d39:0.8 d41:0.8 d46:0.9
467	Archaearhizomyces finlayi Strain Ny13	beechwood xylan 1%	2		d6:0.1 d8:0.1 d11:0.3 d13:0.4 d14:0.4 d15:0.4 d18:0.5 d20:0.5 d21:0.5 d26:0.5 d28:0.5 d29:0.5 d32:0.6 d34:0.6 d35:0.6 d39:0.7 d41:0.7 d46:0.9
467	Archaearhizomyces finlayi Strain Ny13	birchwood xylan 1%	2		d6:0.1 d8:0.2 d11:0.3 d13:0.4 d14:0.5 d15:0.4 d18:0.5 d20:0.5 d21:0.5 d26:0.5 d28:0.5 d29:0.5 d32:0.5 d34:0.5 d35:0.5 d39:0.5 d41:0.5 d46:0.5
467	Archaearhizomyces finlayi Strain Ny13	casein 3%	2		d6:0 d8:0.1 d11:0.3 d13:0.4 d14:0.4 d15:0.5 d18:0.5 d20:0.6 d21:0.6 d26:0.6 d28:0.8 d29:0.8 d32:0.8 d34:0.9 d35:0.9 d39:0.9 d41:0.9 d46:1
467	Archaearhizomyces finlayi Strain Ny13	cellobiose	4		d6:0 d8:0.1 d11:0.3 d13:0.4 d14:0.5 d15:0.5 d18:0.6 d20:0.7 d21:0.7 d26:0.7 d28:0.7 d29:0.8 d32:0.8 d34:0.8 d35:0.8 d39:0.8 d41:0.8 d46:0.8
467	Archaearhizomyces finlayi Strain Ny13	cellulose 3%	1		d6:0 d8:0.1 d11:0.4 d13:0.5 d14:0.5 d15:0.5 d18:0.5 d20:0.7 d21:0.7 d26:0.8 d28:0.8 d29:0.8 d32:0.8 d34:0.8 d35:0.8 d39:0.8 d41:0.8 d46:0.8
467	Archaearhizomyces finlayi Strain Ny13	citrus pectin 1% pH=6	6		d6:0.2 d8:0.3 d11:0.5 d13:0.6 d14:0.6 d15:0.7 d18:0.8 d20:0.9 d21:0.9 d26:0.9 d28:0.9 d29:1 d32:1 d34:1 d35:1 d39:1 d41:1 d46:1
467	Archaearhizomyces finlayi Strain Ny13	citrus pulp 3% pH=6	10		d6:0 d8:0.3 d11:0.5 d13:0.7 d14:0.8 d15:0.9 d18:1.1 d20:1.3 d21:1.3 d26:1.6 d28:1.7 d29:1.8 d32:1.8 d34:2 d35:2 d39:2 d41:2.2 d46:2.4
467	Archaearhizomyces finlayi Strain Ny13	cotton seed pulp 3%	2		d6:0.1 d8:0.2 d11:0.4 d13:0.5 d14:0.5 d15:0.6 d18:0.7 d20:0.7 d21:0.7 d26:1 d28:1 d29:1.1 d32:1.1 d34:1.1 d35:1.1 d39:1.2 d41:1.2 d46:1.3
467	Archaearhizomyces finlayi Strain Ny13	D-fructose	6		d6:0 d8:0.1 d11:0.3 d13:0.4 d14:0.5 d15:0.5 d18:0.6 d20:0.7 d21:0.7 d26:0.9 d28:0.9 d29:1 d32:1 d34:1 d35:1 d39:1 d41:1 d46:1
467	Archaearhizomyces finlayi Strain Ny13	D-galactose	2		d6:0 d8:0.1 d11:0.3 d13:0.3 d14:0.3 d15:0.3 d18:0.4 d20:0.4 d21:0.4 d26:0.4 d28:0.4 d29:0.5 d32:0.5 d34:0.5 d35:0.5 d39:0.6 d41:0.6 d46:0.6
467	Archaearhizomyces finlayi Strain Ny13	D-galacturonic acid	1		d6:0.1 d8:0.2 d11:0.3 d13:0.5 d14:0.5 d15:0.6 d18:0.6 d20:0.6 d21:0.6 d26:0.7 d28:0.7 d29:0.7 d32:0.7 d34:0.7 d35:0.7 d39:0.7 d41:0.7 d46:0.7
467	Archaearhizomyces finlayi Strain Ny13	D-glucose	5		d6:0 d8:0.1 d11:0.3 d13:0.4 d14:0.5 d15:0.5 d18:0.6 d20:0.6 d21:0.6 d26:0.7 d28:0.7 d29:0.7 d32:0.7 d34:0.7 d35:0.7 d39:0.8 d41:0.8 d46:0.8
467	Archaearhizomyces finlayi Strain Ny13	D-glucuronic acid	1		d6:0 d8:0 d11:0.1 d13:0.2 d14:0.2 d15:0.3 d18:0.3 d20:0.3 d21:0.3 d26:0.3 d28:0.3 d29:0.3 d32:0.4 d34:0.4 d35:0.4 d39:0.4 d41:0.4 d46:0.4
467	Archaearhizomyces finlayi Strain Ny13	D-mannose	5		d6:0 d8:0.2 d11:0.3 d13:0.5 d14:0.5 d15:0.6 d18:0.7 d20:0.7 d21:0.7 d26:0.8 d28:0.8 d29:0.8 d32:0.8 d34:0.8 d35:0.8 d39:0.9 d41:0.9 d46:0.9
467	Archaearhizomyces finlayi Strain Ny13	D-ribose	2		d6:0 d8:0.2 d11:0.4 d13:0.5 d14:0.5 d15:0.6 d18:0.6 d20:0.6 d21:0.6 d26:0.7 d28:0.8 d29:0.8 d32:0.9 d34:0.9 d35:0.9 d39:0.9 d41:0.9 d46:1
467	Archaearhizomyces finlayi Strain Ny13	D-xylose	1		d6:0 d8:0 d11:0 d13:0 d14:0 d15:0 d18:0 d20:0 d21:0 d26:0 d28:0 d29:0 d32:0 d34:0 d35:0 d39:0 d41:0 d46:0
467	Archaearhizomyces finlayi Strain Ny13	guar gum 1%	5		d6:0.1 d8:0.3 d11:0.4 d13:0.4 d14:0.5 d15:0.6 d18:0.7 d20:0.7 d21:0.7 d26:0.9 d28:1 d29:1 d32:1 d34:1.1 d35:1.1 d39:1.1 d41:1.1 d46:1.1
467	Archaearhizomyces finlayi Strain Ny13	inulin 1%	3		d6:0.1 d8:0.1 d11:0.4 d13:0.5 d14:0.5 d15:0.5 d18:0.6 d20:0.6 d21:0.6 d26:0.6 d28:0.6 d29:0.7 d32:0.7 d34:0.7 d35:0.7 d39:0.7 d41:0.7 d46:0.7
467	Archaearhizomyces finlayi Strain Ny13	L-arabinose	2		d6:0 d8:0.1 d11:0.3 d13:0.4 d14:0.5 d15:0.5 d18:0.5 d20:0.6 d21:0.6 d26:0.7 d28:0.7 d29:0.7 d32:0.7 d34:0.7 d35:0.7 d39:0.9 d41:1 d46:1
467	Archaearhizomyces finlayi Strain Ny13	L-rhamnose	2		d6:0 d8:0.1 d11:0.3 d13:0.4 d14:0.5 d15:0.5 d18:0.5 d20:0.5 d21:0.6 d26:0.6 d28:0.6 d29:0.6 d32:0.6 d34:0.6 d35:0.6 d39:0.7 d41:0.7 d46:0.8
467	Archaearhizomyces finlayi Strain Ny13	lactose	1		d6:0 d8:0.1 d11:0.3 d13:0.4 d14:0.4 d15:0.5 d18:0.5 d20:0.6 d21:0.6 d26:0.6 d28:0.7 d29:0.7 d32:0.7 d34:0.7 d35:0.7 d39:0.7 d41:0.5 d46:0.7
467	Archaearhizomyces finlayi Strain Ny13	maltose	5		d6:0 d8:0.1 d11:0.4 d13:0.5 d14:0.5 d15:0.5 d18:0.6 d20:0.7 d21:0.7 d26:0.7 d28:0.7 d29:0.7 d32:0.7 d34:0.8 d35:0.8 d39:0.8 d41:0.8 d46:0.8
467	Archaearhizomyces finlayi Strain Ny13	no carbon source	1		d6:0 d8:0.1 d11:0.3 d13:0.4 d14:0.5 d15:0.5 d18:0.5 d20:0.5 d21:0.6 d26:0.6 d28:0.6 d29:0.6 d32:0.6 d34:0.6 d35:0.6 d39:0.6 d41:0.6 d46:0.7
467	Archaearhizomyces finlayi Strain Ny13	raffinose	1		d6:0 d8:0.2 d11:0.2 d13:0.2 d14:0.2 d15:0.2 d18:0.2 d20:0.2 d21:0.2 d26:0.2 d28:0.2 d29:0.2 d32:0.2 d34:0.2 d35:0.2 d39:0.2 d41:0 d46:0
467	Archaearhizomyces finlayi Strain Ny13	rice bran 3%	5		d6:0.1 d8:0.3 d11:0.6 d13:0.8 d14:0.8 d15:0.9 d18:1 d20:1.1 d21:1.1 d26:1.3 d28:1.3 d29:1.3 d32:1.2 d34:1.3 d35:1.4 d39:1.4 d41:1.5 d46:2
467	Archaearhizomyces finlayi Strain Ny13	soluble starch 1%	6		d6:0.1 d8:0.2 d11:0.5 d13:0.6 d14:0.6 d15:0.6 d18:0.7 d20:0.8 d21:0.8 d26:0.8 d28:0.9 d29:0.9 d32:0.9 d34:1 d35:1 d39:1 d41:1 d46:1
467	Archaearhizomyces finlayi Strain Ny13	soybean hulls 3%	5		d6:0 d8:0.1 d11:0.3 d13:0.4 d14:0.5 d15:0.5 d18:0.6 d20:0.7 d21:0.7 d26:0.7 d28:0.7 d29:0.8 d32:0.8 d34:0.8 d35:0.8 d39:0.8 d41:0.8 d46:0.9
467	Archaearhizomyces finlayi Strain Ny13	sucrose	4		d6:0.1 d8:0.1 d11:0.4 d13:0.5 d14:0.5 d15:0.6 d18:0.6 d20:0.7 d21:0.7 d26:0.7 d28:0.8 d29:0.8 d32:0.8 d34:0.8 d35:0.8 d39:0.9 d41:0.9 d46:0.9
467	Archaearhizomyces finlayi Strain Ny13	wheat bran 3%	10		d6:0.2 d8:0.3 d11:0.6 d13:0.7 d14:0.7 d15:0.8 d18:1 d20:1.1 d21:1.1 d26:1.4 d28:1.5 d29:1.6 d32:1.7 d34:1.8 d35:1.8 d39:1.9 d41:2 d46:2.1
468	Aspergillus affinis CBS129190	alfalfa meal 3%	9		d5:2.9
468	Aspergillus affinis CBS129190	apple pectin 1% pH=6	6		d5:1.8
468	Aspergillus affinis CBS129190	arabic gum 1%	3		d5:2.1
468	Aspergillus affinis CBS129190	arabinogalactan 1%			d5:1.9
468	Aspergillus affinis CBS129190	beechwood xylan 1%	7		d5:2.5
468	Aspergillus affinis CBS129190	birchwood xylan 1%	7		d5:2.3
468	Aspergillus affinis CBS129190	casein 3%	6		d5:2.1
468	Aspergillus affinis CBS129190	cellobiose	5		d5:1.6
468	Aspergillus affinis CBS129190	cellulose 3%	0		d5:2
468	Aspergillus affinis CBS129190	citrus pectin 1% pH=6	7		d5:1.6
468	Aspergillus affinis CBS129190	citrus pulp 3% pH=6	8		d5:2.6
468	Aspergillus affinis CBS129190	cotton seed pulp 3%	10		d5:3.1
468	Aspergillus affinis CBS129190	D-fructose	5		d5:1.7
468	Aspergillus affinis CBS129190	D-galactose	1		d5:0.6
468	Aspergillus affinis CBS129190	D-galacturonic acid	0		d5:0.3
468	Aspergillus affinis CBS129190	D-glucose	3		d5:1.2
468	Aspergillus affinis CBS129190	D-glucuronic acid	1		d5:1.6
468	Aspergillus affinis CBS129190	D-mannose	6		d5:2
468	Aspergillus affinis CBS129190	D-ribose	2		d5:1.5
468	Aspergillus affinis CBS129190	D-xylose	6		d5:2.1
468	Aspergillus affinis CBS129190	guar gum 1%	6		d5:2.4
468	Aspergillus affinis CBS129190	inulin 1%	6		d5:1.9
468	Aspergillus affinis CBS129190	L-arabinose	6		d5:2
468	Aspergillus affinis CBS129190	L-rhamnose	5		d5:1.8
468	Aspergillus affinis CBS129190	lactose	4		d5:1.6
468	Aspergillus affinis CBS129190	maltose	5		d5:1.8
468	Aspergillus affinis CBS129190	no carbon source	0		d5:1.7
468	Aspergillus affinis CBS129190	raffinose	6		d5:2
468	Aspergillus affinis CBS129190	rice bran 3%	9		d5:2.5
468	Aspergillus affinis CBS129190	soluble starch 1%	4		d5:1
468	Aspergillus affinis CBS129190	soybean hulls 3%	9		d5:2.7
468	Aspergillus affinis CBS129190	sucrose	6		d5:2
468	Aspergillus affinis CBS129190	wheat bran 3%	10		d5:2.8
469	Aspergillus alliaceus DTO032-H5	alfalfa meal 3%	10		d3:1.4 d4:2.5
469	Aspergillus alliaceus DTO032-H5	apple pectin 1% pH=6	7		d3:1.5 d4:2.1
469	Aspergillus alliaceus DTO032-H5	arabic gum 1%	1		d3:1.4 d4:2.3
469	Aspergillus alliaceus DTO032-H5	arabinogalactan 1%			d3:1.2 d4:1.8
469	Aspergillus alliaceus DTO032-H5	beechwood xylan 1%	5		d3:1.2 d4:1.7
469	Aspergillus alliaceus DTO032-H5	birchwood xylan 1%	5		d3:0.8 d4:1.6
469	Aspergillus alliaceus DTO032-H5	casein 3%	5		d3:1.1 d4:2.2
469	Aspergillus alliaceus DTO032-H5	cellobiose	5		d3:1 d4:1.6
469	Aspergillus alliaceus DTO032-H5	cellulose 3%	0		d3:0.7 d4:1.8
469	Aspergillus alliaceus DTO032-H5	citrus pectin 1% pH=6	6		d3:1.3 d4:1.9
469	Aspergillus alliaceus DTO032-H5	citrus pulp 3% pH=6	9		d3:1.2 d4:2.2
469	Aspergillus alliaceus DTO032-H5	cotton seed pulp 3%	10		d3:1.6 d4:2.9
469	Aspergillus alliaceus DTO032-H5	D-fructose	6		d3:1.3 d4:1.8
469	Aspergillus alliaceus DTO032-H5	D-galactose	1		d3:0.5 d4:0.5
469	Aspergillus alliaceus DTO032-H5	D-galacturonic acid	0		d3:0 d4:0
469	Aspergillus alliaceus DTO032-H5	D-glucose	5		d3:1 d4:1.6
469	Aspergillus alliaceus DTO032-H5	D-glucuronic acid	1		d3:1.2 d4:2
469	Aspergillus alliaceus DTO032-H5	D-mannose	5		d3:1.4 d4:1.8
469	Aspergillus alliaceus DTO032-H5	D-ribose	6		d3:1.3 d4:1.8
469	Aspergillus alliaceus DTO032-H5	D-xylose	5		d3:1 d4:1.6
469	Aspergillus alliaceus DTO032-H5	guar gum 1%	4		d3:1.5 d4:2.2
469	Aspergillus alliaceus DTO032-H5	inulin 1%	1		d3:1.4 d4:2.1
469	Aspergillus alliaceus DTO032-H5	L-arabinose	4		d3:1.2 d4:1.8
469	Aspergillus alliaceus DTO032-H5	L-rhamnose	1		d3:1.2 d4:2.1
469	Aspergillus alliaceus DTO032-H5	lactose	4		d3:1.1 d4:1.8
469	Aspergillus alliaceus DTO032-H5	maltose	5		d3:1.1 d4:1.5
469	Aspergillus alliaceus DTO032-H5	no carbon source	0		d3:1.3 d4:2
469	Aspergillus alliaceus DTO032-H5	raffinose	5		d3:1.1 d4:1.6
469	Aspergillus alliaceus DTO032-H5	rice bran 3%	7		d3:1.2 d4:1.9
469	Aspergillus alliaceus DTO032-H5	soluble starch 1%	6		d3:1.4 d4:2
469	Aspergillus alliaceus DTO032-H5	soybean hulls 3%	8		d3:1.2 d4:2.1
469	Aspergillus alliaceus DTO032-H5	sucrose	5		d3:1.1 d4:1.6
469	Aspergillus alliaceus DTO032-H5	wheat bran 3%	9		d3:1.2 d4:2.2
470	Aspergillus allahabadii CBS164.63	alfalfa meal 3%	10		d7:2.4
470	Aspergillus allahabadii CBS164.63	apple pectin 1% pH=6	8		d7:2.4
470	Aspergillus allahabadii CBS164.63	arabic gum 1%	4		d7:2
470	Aspergillus allahabadii CBS164.63	arabinogalactan 1%			d7:2.3
470	Aspergillus allahabadii CBS164.63	beechwood xylan 1%	7		d7:1.9
470	Aspergillus allahabadii CBS164.63	birchwood xylan 1%	7		d7:1.9
470	Aspergillus allahabadii CBS164.63	casein 3%	6		d7:2
470	Aspergillus allahabadii CBS164.63	cellobiose	4		d7:1.7
470	Aspergillus allahabadii CBS164.63	cellulose 3%	1		d7:2
470	Aspergillus allahabadii CBS164.63	citrus pectin 1% pH=6	8		d7:2.3
470	Aspergillus allahabadii CBS164.63	citrus pulp 3% pH=6	9		d7:2.1
470	Aspergillus allahabadii CBS164.63	cotton seed pulp 3%	9		d7:2.3
470	Aspergillus allahabadii CBS164.63	D-fructose	6		d7:2.1
470	Aspergillus allahabadii CBS164.63	D-galactose	2		d7:1.5
470	Aspergillus allahabadii CBS164.63	D-galacturonic acid	2		d7:0.6
470	Aspergillus allahabadii CBS164.63	D-glucose	5		d7:1.9
470	Aspergillus allahabadii CBS164.63	D-glucuronic acid	1		d7:1.9
470	Aspergillus allahabadii CBS164.63	D-mannose	5		d7:1.8
470	Aspergillus allahabadii CBS164.63	D-ribose	6		d7:2
470	Aspergillus allahabadii CBS164.63	D-xylose	5		d7:1.7
470	Aspergillus allahabadii CBS164.63	guar gum 1%	8		d7:2.3
470	Aspergillus allahabadii CBS164.63	inulin 1%	1		d7:2.2
470	Aspergillus allahabadii CBS164.63	L-arabinose	3		d7:2
470	Aspergillus allahabadii CBS164.63	L-rhamnose	3		d7:1.9
470	Aspergillus allahabadii CBS164.63	lactose	3		d7:1.9
470	Aspergillus allahabadii CBS164.63	maltose	4		d7:1.6
470	Aspergillus allahabadii CBS164.63	no carbon source	1		d7:2.6
470	Aspergillus allahabadii CBS164.63	raffinose	5		d7:1.6
470	Aspergillus allahabadii CBS164.63	rice bran 3%	6		d7:1.8
470	Aspergillus allahabadii CBS164.63	soluble starch 1%	5		d7:1.9
470	Aspergillus allahabadii CBS164.63	soybean hulls 3%	10		d7:2.3
470	Aspergillus allahabadii CBS164.63	sucrose	5		d7:1.8
470	Aspergillus allahabadii CBS164.63	wheat bran 3%	10		d7:2
471	Aspergillus alliaceus CBS536.65	alfalfa meal 3%	9		d3:2 d4:2.9
471	Aspergillus alliaceus CBS536.65	apple pectin 1% pH=6	7		d3:1.7 d4:3
471	Aspergillus alliaceus CBS536.65	arabic gum 1%	2		d3:1.5 d4:2.6
471	Aspergillus alliaceus CBS536.65	arabinogalactan 1%			d3:1.7 d4:2.8
471	Aspergillus alliaceus CBS536.65	beechwood xylan 1%	5		d3:1.5 d4:2.5
471	Aspergillus alliaceus CBS536.65	birchwood xylan 1%	3		d3:1.1 d4:2.3
471	Aspergillus alliaceus CBS536.65	casein 3%	4		d3:1.9 d4:2.7
471	Aspergillus alliaceus CBS536.65	cellobiose	4		d3:1.2 d4:2.2
471	Aspergillus alliaceus CBS536.65	cellulose 3%	0		d3:0.8 d4:2.3
471	Aspergillus alliaceus CBS536.65	citrus pectin 1% pH=6	6		d3:1.6 d4:3
471	Aspergillus alliaceus CBS536.65	citrus pulp 3% pH=6	8		d3:1.8 d4:3.4
471	Aspergillus alliaceus CBS536.65	cotton seed pulp 3%	10		d3:2.3 d4:3.4
471	Aspergillus alliaceus CBS536.65	D-fructose	6		d3:1.6 d4:2.6
471	Aspergillus alliaceus CBS536.65	D-galactose	1		d3:0.4 d4:1
471	Aspergillus alliaceus CBS536.65	D-galacturonic acid	0		d3:0.2 d4:0.6
471	Aspergillus alliaceus CBS536.65	D-glucose	5		d3:1.5 d4:2.4
471	Aspergillus alliaceus CBS536.65	D-glucuronic acid	1		d3:1.2 d4:2.2
471	Aspergillus alliaceus CBS536.65	D-mannose	6		d3:1.4 d4:2.4
471	Aspergillus alliaceus CBS536.65	D-ribose	4		d3:1.6 d4:2.5
471	Aspergillus alliaceus CBS536.65	D-xylose	4		d3:1.3 d4:2.2
471	Aspergillus alliaceus CBS536.65	guar gum 1%	4		d3:1.9 d4:3.4
471	Aspergillus alliaceus CBS536.65	inulin 1%	6		d3:1.6 d4:2.7
471	Aspergillus alliaceus CBS536.65	L-arabinose	2		d3:1.3 d4:2.3
471	Aspergillus alliaceus CBS536.65	L-rhamnose	1		d3:1.2 d4:2
471	Aspergillus alliaceus CBS536.65	lactose	1		d3:1.3 d4:2.2
471	Aspergillus alliaceus CBS536.65	maltose	5		d3:1.4 d4:2.6
471	Aspergillus alliaceus CBS536.65	no carbon source	0		d3:0.9 d4:2.1
471	Aspergillus alliaceus CBS536.65	raffinose	5		d3:1.3 d4:2.3
471	Aspergillus alliaceus CBS536.65	rice bran 3%	8		d3:1.5 d4:2.8
471	Aspergillus alliaceus CBS536.65	soluble starch 1%	6		d3:1.8 d4:2.7
471	Aspergillus alliaceus CBS536.65	soybean hulls 3%	7		d3:1.8 d4:2.9
471	Aspergillus alliaceus CBS536.65	sucrose	4		d3:1.2 d4:2.2
471	Aspergillus alliaceus CBS536.65	wheat bran 3%	9		d3:1.6 d4:3.4
472	Aspergillus ambiguus CBS117.58	alfalfa meal 3%	7		d7:2.3 d9:2.9
472	Aspergillus ambiguus CBS117.58	apple pectin 1% pH=6	7		d7:2.2 d9:2.6
472	Aspergillus ambiguus CBS117.58	arabic gum 1%	0		d7:2.1 d9:2.5
472	Aspergillus ambiguus CBS117.58	arabinogalactan 1%			d7:2 d9:2.4
472	Aspergillus ambiguus CBS117.58	beechwood xylan 1%	6		d7:2 d9:2.3
472	Aspergillus ambiguus CBS117.58	birchwood xylan 1%	6		d7:1.9 d9:2.3
472	Aspergillus ambiguus CBS117.58	casein 3%	4		d7:1.7 d9:1.9
472	Aspergillus ambiguus CBS117.58	cellobiose	6		d7:2.1 d9:2.3
472	Aspergillus ambiguus CBS117.58	cellulose 3%	1		d7:1.8 d9:2.2
472	Aspergillus ambiguus CBS117.58	citrus pectin 1% pH=6	6		d7:2.1 d9:2.5
472	Aspergillus ambiguus CBS117.58	citrus pulp 3% pH=6	7		d7:1.8 d9:2.2
472	Aspergillus ambiguus CBS117.58	cotton seed pulp 3%	9		d7:2.4 d9:2.8
472	Aspergillus ambiguus CBS117.58	D-fructose	4		d7:1.9 d9:2.4
472	Aspergillus ambiguus CBS117.58	D-galactose	3		d7:1.9 d9:2.3
472	Aspergillus ambiguus CBS117.58	D-galacturonic acid	2		d7:0.8 d9:1.3
472	Aspergillus ambiguus CBS117.58	D-glucose	5		d7:2.3 d9:2.4
472	Aspergillus ambiguus CBS117.58	D-glucuronic acid	1		d7:1.7 d9:2
472	Aspergillus ambiguus CBS117.58	D-mannose	5		d7:2 d9:2.3
472	Aspergillus ambiguus CBS117.58	D-ribose	4		d7:2.2 d9:2.3
472	Aspergillus ambiguus CBS117.58	D-xylose	3		d7:1.5 d9:1.7
472	Aspergillus ambiguus CBS117.58	guar gum 1%	7		d7:2 d9:2.4
472	Aspergillus ambiguus CBS117.58	inulin 1%	0		d7:2 d9:2.4
472	Aspergillus ambiguus CBS117.58	L-arabinose	4		d7:2 d9:2.3
472	Aspergillus ambiguus CBS117.58	L-rhamnose	4		d7:1.7 d9:2.1
472	Aspergillus ambiguus CBS117.58	lactose	1		d7:1.9 d9:2.3
472	Aspergillus ambiguus CBS117.58	maltose	6		d7:2.2 d9:2.4
472	Aspergillus ambiguus CBS117.58	no carbon source	0		d7:2 d9:2.7
472	Aspergillus ambiguus CBS117.58	raffinose	5		d7:2 d9:2.3
472	Aspergillus ambiguus CBS117.58	rice bran 3%	7		d7:2.1 d9:2.4
472	Aspergillus ambiguus CBS117.58	soluble starch 1%	6		d7:2.1 d9:2.3
472	Aspergillus ambiguus CBS117.58	soybean hulls 3%	8		d7:2.1 d9:2.4
472	Aspergillus ambiguus CBS117.58	sucrose	5		d7:2 d9:2.3
472	Aspergillus ambiguus CBS117.58	wheat bran 3%	9		d7:2.2 d9:2.6
473	Aspergillus cavernicola CBS600.67	alfalfa meal 3%	5		d8:1.7
473	Aspergillus cavernicola CBS600.67	apple pectin 1% pH=6	3		d8:1.3
473	Aspergillus cavernicola CBS600.67	arabic gum 1%	3		d8:2
473	Aspergillus cavernicola CBS600.67	arabinogalactan 1%			d8:1.8
473	Aspergillus cavernicola CBS600.67	beechwood xylan 1%	8		d8:1.9
473	Aspergillus cavernicola CBS600.67	birchwood xylan 1%	8		d8:1.9
473	Aspergillus cavernicola CBS600.67	casein 3%	0		d8:2
473	Aspergillus cavernicola CBS600.67	cellobiose	4		d8:1.1
473	Aspergillus cavernicola CBS600.67	cellulose 3%	3		d8:2
473	Aspergillus cavernicola CBS600.67	citrus pectin 1% pH=6	4		d8:1.1
473	Aspergillus cavernicola CBS600.67	citrus pulp 3% pH=6	10		d8:2
473	Aspergillus cavernicola CBS600.67	cotton seed pulp 3%	7		d8:2
473	Aspergillus cavernicola CBS600.67	D-fructose	5		d8:1.7
473	Aspergillus cavernicola CBS600.67	D-galactose	5		d8:1.4
473	Aspergillus cavernicola CBS600.67	D-galacturonic acid	0		
473	Aspergillus cavernicola CBS600.67	D-glucose	5		d8:1.3
473	Aspergillus cavernicola CBS600.67	D-glucuronic acid	2		d8:1.6
473	Aspergillus cavernicola CBS600.67	D-mannose	6		d8:1.5
473	Aspergillus cavernicola CBS600.67	D-ribose	1		d8:2
473	Aspergillus cavernicola CBS600.67	D-xylose	7		d8:1.8
473	Aspergillus cavernicola CBS600.67	guar gum 1%	3		d8:1.6
473	Aspergillus cavernicola CBS600.67	inulin 1%	5		d8:1.5
473	Aspergillus cavernicola CBS600.67	L-arabinose	5		d8:1.5
473	Aspergillus cavernicola CBS600.67	L-rhamnose	7		d8:1.7
473	Aspergillus cavernicola CBS600.67	lactose	5		d8:1.4
473	Aspergillus cavernicola CBS600.67	maltose	3		d8:1
473	Aspergillus cavernicola CBS600.67	no carbon source	1		d8:2.1
473	Aspergillus cavernicola CBS600.67	raffinose	5		d8:1.2
473	Aspergillus cavernicola CBS600.67	rice bran 3%	7		d8:1.7
473	Aspergillus cavernicola CBS600.67	soluble starch 1%	5		d8:1.5
473	Aspergillus cavernicola CBS600.67	soybean hulls 3%	8		d8:2
473	Aspergillus cavernicola CBS600.67	sucrose	5		d8:1.1
473	Aspergillus cavernicola CBS600.67	wheat bran 3%	6		d8:1.6
474	Aspergillus arachidicola CBS117612	alfalfa meal 3%	9		d4:2.7
474	Aspergillus arachidicola CBS117612	apple pectin 1% pH=6	7		d4:2.5
474	Aspergillus arachidicola CBS117612	arabic gum 1%	2		d4:2.4
474	Aspergillus arachidicola CBS117612	arabinogalactan 1%			d4:2.5
474	Aspergillus arachidicola CBS117612	beechwood xylan 1%	5		d4:2.2
474	Aspergillus arachidicola CBS117612	birchwood xylan 1%	5		d4:2
474	Aspergillus arachidicola CBS117612	casein 3%	5		d4:2.6
474	Aspergillus arachidicola CBS117612	cellobiose	4		d4:1.8
474	Aspergillus arachidicola CBS117612	cellulose 3%	0		d4:2.2
474	Aspergillus arachidicola CBS117612	citrus pectin 1% pH=6	7		d4:2.3
474	Aspergillus arachidicola CBS117612	citrus pulp 3% pH=6	9		d4:2.6
474	Aspergillus arachidicola CBS117612	cotton seed pulp 3%	10		d4:3
474	Aspergillus arachidicola CBS117612	D-fructose	5		d4:2
474	Aspergillus arachidicola CBS117612	D-galactose	1		d4:1.6
474	Aspergillus arachidicola CBS117612	D-galacturonic acid	2		d4:0.9
474	Aspergillus arachidicola CBS117612	D-glucose	5		d4:2
474	Aspergillus arachidicola CBS117612	D-glucuronic acid	3		d4:1.7
474	Aspergillus arachidicola CBS117612	D-mannose	5		d4:2
474	Aspergillus arachidicola CBS117612	D-ribose	4		d4:2
474	Aspergillus arachidicola CBS117612	D-xylose	5		d4:2
474	Aspergillus arachidicola CBS117612	guar gum 1%	7		d4:2.9
474	Aspergillus arachidicola CBS117612	inulin 1%	3		d4:2.3
474	Aspergillus arachidicola CBS117612	L-arabinose	4		d4:2
474	Aspergillus arachidicola CBS117612	L-rhamnose	3		d4:1.8
474	Aspergillus arachidicola CBS117612	lactose	5		d4:2
474	Aspergillus arachidicola CBS117612	maltose	6		d4:2.2
474	Aspergillus arachidicola CBS117612	no carbon source	0		d4:1.9
474	Aspergillus arachidicola CBS117612	raffinose	5		d4:2
474	Aspergillus arachidicola CBS117612	rice bran 3%	8		d4:2.5
474	Aspergillus arachidicola CBS117612	soluble starch 1%	6		d4:2.4
474	Aspergillus arachidicola CBS117612	soybean hulls 3%	10		d4:2.6
474	Aspergillus arachidicola CBS117612	sucrose	5		d4:2.1
474	Aspergillus arachidicola CBS117612	wheat bran 3%	10		d4:3.5
475	Aspergillus aurantiobrunneus CBS465.65	alfalfa meal 3%	9		d5:1.1 d14:1.5
475	Aspergillus aurantiobrunneus CBS465.65	apple pectin 1% pH=6	4		d5:0.5 d14:0.9
475	Aspergillus aurantiobrunneus CBS465.65	arabic gum 1%	2		d5:0.9 d14:1.9
475	Aspergillus aurantiobrunneus CBS465.65	arabinogalactan 1%			d5:0.5 d14:0.6
475	Aspergillus aurantiobrunneus CBS465.65	beechwood xylan 1%	4		d5:0.4 d14:0.8
475	Aspergillus aurantiobrunneus CBS465.65	birchwood xylan 1%	5		d5:0.5 d14:2.2
475	Aspergillus aurantiobrunneus CBS465.65	casein 3%	7		d5:0.9 d14:1.4
475	Aspergillus aurantiobrunneus CBS465.65	cellobiose	4		d5:0.5 d14:0.9
475	Aspergillus aurantiobrunneus CBS465.65	cellulose 3%	3		d5:0.6 d14:1.3
475	Aspergillus aurantiobrunneus CBS465.65	citrus pectin 1% pH=6	3		d5:0.4 d14:0.7
475	Aspergillus aurantiobrunneus CBS465.65	citrus pulp 3% pH=6	9		d5:0.7 d14:1.6
475	Aspergillus aurantiobrunneus CBS465.65	cotton seed pulp 3%	10		d5:1.2 d14:2
475	Aspergillus aurantiobrunneus CBS465.65	D-fructose	6		d5:0.6 d14:1.1
475	Aspergillus aurantiobrunneus CBS465.65	D-galactose	5		d5:0.6 d14:1.1
475	Aspergillus aurantiobrunneus CBS465.65	D-galacturonic acid	0		d5:0 d14:1
475	Aspergillus aurantiobrunneus CBS465.65	D-glucose	5		d5:0.8 d14:0.9
475	Aspergillus aurantiobrunneus CBS465.65	D-glucuronic acid	4		d5:0.6 d14:0.9
475	Aspergillus aurantiobrunneus CBS465.65	D-mannose	6		d5:0.5 d14:1
475	Aspergillus aurantiobrunneus CBS465.65	D-ribose	1		d5:0.7 d14:1.5
475	Aspergillus aurantiobrunneus CBS465.65	D-xylose	4		d5:0.5 d14:0.8
475	Aspergillus aurantiobrunneus CBS465.65	guar gum 1%	8		d5:1.1 d14:1.9
475	Aspergillus aurantiobrunneus CBS465.65	inulin 1%	2		d5:0.7 d14:1.9
475	Aspergillus aurantiobrunneus CBS465.65	L-arabinose	6		d5:0.7 d14:1.1
475	Aspergillus aurantiobrunneus CBS465.65	L-rhamnose	6		d5:0.6 d14:1.1
475	Aspergillus aurantiobrunneus CBS465.65	lactose	7		d5:0.7 d14:1.1
475	Aspergillus aurantiobrunneus CBS465.65	maltose	5		d5:0.5 d14:1.3
475	Aspergillus aurantiobrunneus CBS465.65	no carbon source	1		d5:0.8 d14:1.8
475	Aspergillus aurantiobrunneus CBS465.65	raffinose	7		d5:0.7 d14:1
475	Aspergillus aurantiobrunneus CBS465.65	rice bran 3%	9		d5:0.9 d14:1.5
475	Aspergillus aurantiobrunneus CBS465.65	soluble starch 1%	5		d5:0.5 d14:0.8
475	Aspergillus aurantiobrunneus CBS465.65	soybean hulls 3%	9		d5:0.9 d14:1.5
475	Aspergillus aurantiobrunneus CBS465.65	sucrose	6		d5:0.7 d14:1.1
475	Aspergillus aurantiobrunneus CBS465.65	wheat bran 3%	8		d5:0.8 d14:1.8
476	Aspergillus aureoterreus CBS503.65	alfalfa meal 3%	10		d3:1 d4:2.6
476	Aspergillus aureoterreus CBS503.65	apple pectin 1% pH=6	7		d3:1.3 d4:1.8
476	Aspergillus aureoterreus CBS503.65	arabic gum 1%	0		d3:1 d4:1.8
476	Aspergillus aureoterreus CBS503.65	arabinogalactan 1%			d3:1 d4:1.2
476	Aspergillus aureoterreus CBS503.65	beechwood xylan 1%	5		d3:0.9 d4:1
476	Aspergillus aureoterreus CBS503.65	birchwood xylan 1%	5		d3:0.8 d4:0.9
476	Aspergillus aureoterreus CBS503.65	casein 3%	6		d3:1.2 d4:1.9
476	Aspergillus aureoterreus CBS503.65	cellobiose	5		d3:0.7 d4:0.8
476	Aspergillus aureoterreus CBS503.65	cellulose 3%	0		d3:0 d4:0.9
476	Aspergillus aureoterreus CBS503.65	citrus pectin 1% pH=6	5		d3:0.6 d4:0.7
476	Aspergillus aureoterreus CBS503.65	citrus pulp 3% pH=6	8		d3:1 d4:1.7
476	Aspergillus aureoterreus CBS503.65	cotton seed pulp 3%	10		d3:1.4 d4:3
476	Aspergillus aureoterreus CBS503.65	D-fructose	6		d3:0.7 d4:0.8
476	Aspergillus aureoterreus CBS503.65	D-galactose	1		d3:0 d4:0.5
476	Aspergillus aureoterreus CBS503.65	D-galacturonic acid	1		d3:0 d4:0.6
476	Aspergillus aureoterreus CBS503.65	D-glucose	5		d3:0.6 d4:0.7
476	Aspergillus aureoterreus CBS503.65	D-glucuronic acid	1		d3:0.8 d4:1.6
476	Aspergillus aureoterreus CBS503.65	D-mannose	4		d3:0.5 d4:0.6
476	Aspergillus aureoterreus CBS503.65	D-ribose	6		d3:0.6 d4:0.9
476	Aspergillus aureoterreus CBS503.65	D-xylose	5		d3:0.5 d4:0.7
476	Aspergillus aureoterreus CBS503.65	guar gum 1%	4		d3:1.3 d4:2
476	Aspergillus aureoterreus CBS503.65	inulin 1%	4		d3:0.7 d4:1.7
476	Aspergillus aureoterreus CBS503.65	L-arabinose	4		d3:0.8 d4:1
476	Aspergillus aureoterreus CBS503.65	L-rhamnose	0		d3:0.7 d4:1.6
476	Aspergillus aureoterreus CBS503.65	lactose	3		d3:1.2 d4:1.5
476	Aspergillus aureoterreus CBS503.65	maltose	5		d3:0.6 d4:0.6
476	Aspergillus aureoterreus CBS503.65	no carbon source	0		d3:0.6 d4:1.5
476	Aspergillus aureoterreus CBS503.65	raffinose	5		d3:0.6 d4:0.7
476	Aspergillus aureoterreus CBS503.65	rice bran 3%	7		d3:0.6 d4:1.5
476	Aspergillus aureoterreus CBS503.65	soluble starch 1%	7		d3:1 d4:1.1
476	Aspergillus aureoterreus CBS503.65	soybean hulls 3%	8		d3:1.1 d4:2
476	Aspergillus aureoterreus CBS503.65	sucrose	5		d3:1.2 d4:0.9
476	Aspergillus aureoterreus CBS503.65	wheat bran 3%	9		d3:1.3 d4:2.3
477	Aspergillus subauricomus CBS638.78	alfalfa meal 3%	9		d3:2.9
477	Aspergillus subauricomus CBS638.78	apple pectin 1% pH=6	3		d3:2.9
477	Aspergillus subauricomus CBS638.78	arabic gum 1%	0		d3:2.9
477	Aspergillus subauricomus CBS638.78	arabinogalactan 1%			d3:2.8
477	Aspergillus subauricomus CBS638.78	beechwood xylan 1%	4		d3:2.4
477	Aspergillus subauricomus CBS638.78	birchwood xylan 1%	4		d3:2.1
477	Aspergillus subauricomus CBS638.78	casein 3%	8		d3:2.6
477	Aspergillus subauricomus CBS638.78	cellobiose	4		d3:2.1
477	Aspergillus subauricomus CBS638.78	cellulose 3%	0		d3:2.3
477	Aspergillus subauricomus CBS638.78	citrus pectin 1% pH=6	7		d3:2.4
477	Aspergillus subauricomus CBS638.78	citrus pulp 3% pH=6	9		d3:3
477	Aspergillus subauricomus CBS638.78	cotton seed pulp 3%	10		d3:3.1
477	Aspergillus subauricomus CBS638.78	D-fructose	5		d3:2.3
477	Aspergillus subauricomus CBS638.78	D-galactose	1		d3:1.5
477	Aspergillus subauricomus CBS638.78	D-galacturonic acid	1		d3:0.9
477	Aspergillus subauricomus CBS638.78	D-glucose	5		d3:2.2
477	Aspergillus subauricomus CBS638.78	D-glucuronic acid	1		d3:2.1
477	Aspergillus subauricomus CBS638.78	D-mannose	5		d3:2.3
477	Aspergillus subauricomus CBS638.78	D-ribose	4		d3:2.3
477	Aspergillus subauricomus CBS638.78	D-xylose	4		d3:2.2
477	Aspergillus subauricomus CBS638.78	guar gum 1%	8		d3:2.9
477	Aspergillus subauricomus CBS638.78	inulin 1%	5		d3:2.3
477	Aspergillus subauricomus CBS638.78	L-arabinose	3		d3:2.1
477	Aspergillus subauricomus CBS638.78	L-rhamnose	1		d3:2.1
477	Aspergillus subauricomus CBS638.78	lactose	0		d3:2.1
477	Aspergillus subauricomus CBS638.78	maltose	5		d3:2.2
477	Aspergillus subauricomus CBS638.78	no carbon source	0		d3:2.3
477	Aspergillus subauricomus CBS638.78	raffinose	5		d3:2.2
477	Aspergillus subauricomus CBS638.78	rice bran 3%	8		d3:2.9
477	Aspergillus subauricomus CBS638.78	soluble starch 1%	5		d3:2.6
477	Aspergillus subauricomus CBS638.78	soybean hulls 3%	8		d3:2.8
477	Aspergillus subauricomus CBS638.78	sucrose	5		d3:2.3
477	Aspergillus subauricomus CBS638.78	wheat bran 3%	10		d3:2.9
478	Aspergillus avenaceus CBS109.46	alfalfa meal 3%	7		d3:2.3
478	Aspergillus avenaceus CBS109.46	apple pectin 1% pH=6	6		d3:1.7
478	Aspergillus avenaceus CBS109.46	arabic gum 1%	2		d3:1.8
478	Aspergillus avenaceus CBS109.46	arabinogalactan 1%			d3:1.8
478	Aspergillus avenaceus CBS109.46	beechwood xylan 1%	6		d3:1.8
478	Aspergillus avenaceus CBS109.46	birchwood xylan 1%	4		d3:1.4
478	Aspergillus avenaceus CBS109.46	casein 3%	3		d3:1.9
478	Aspergillus avenaceus CBS109.46	cellobiose	1		d3:1.6
478	Aspergillus avenaceus CBS109.46	cellulose 3%	1		d3:1.6
478	Aspergillus avenaceus CBS109.46	citrus pectin 1% pH=6	5		d3:2
478	Aspergillus avenaceus CBS109.46	citrus pulp 3% pH=6	7		d3:2.4
478	Aspergillus avenaceus CBS109.46	cotton seed pulp 3%	10		d3:3
478	Aspergillus avenaceus CBS109.46	D-fructose	4		d3:1.3
478	Aspergillus avenaceus CBS109.46	D-galactose	0		d3:0.5
478	Aspergillus avenaceus CBS109.46	D-galacturonic acid	0		d3:0.2
478	Aspergillus avenaceus CBS109.46	D-glucose	5		d3:1.5
478	Aspergillus avenaceus CBS109.46	D-glucuronic acid	1		d3:1.5
478	Aspergillus avenaceus CBS109.46	D-mannose	4		d3:1.5
478	Aspergillus avenaceus CBS109.46	D-ribose	3		d3:1.6
478	Aspergillus avenaceus CBS109.46	D-xylose	4		d3:1.5
478	Aspergillus avenaceus CBS109.46	guar gum 1%	6		d3:2.4
478	Aspergillus avenaceus CBS109.46	inulin 1%	1		d3:1.7
478	Aspergillus avenaceus CBS109.46	L-arabinose	3		d3:1.8
478	Aspergillus avenaceus CBS109.46	L-rhamnose	2		d3:1.4
478	Aspergillus avenaceus CBS109.46	lactose	1		d3:1.7
478	Aspergillus avenaceus CBS109.46	maltose	4		d3:1.6
478	Aspergillus avenaceus CBS109.46	no carbon source	0		d3:1.6
478	Aspergillus avenaceus CBS109.46	raffinose	3		d3:1.2
478	Aspergillus avenaceus CBS109.46	rice bran 3%	8		d3:2.5
478	Aspergillus avenaceus CBS109.46	soluble starch 1%	5		d3:1.6
478	Aspergillus avenaceus CBS109.46	soybean hulls 3%	9		d3:2.6
478	Aspergillus avenaceus CBS109.46	sucrose	3		d3:1
478	Aspergillus avenaceus CBS109.46	wheat bran 3%	10		d3:3
479	Aspergillus bertholletiae DTO223-D3	alfalfa meal 3%	9		d3:3.5
479	Aspergillus bertholletiae DTO223-D3	apple pectin 1% pH=6	4		d3:3
479	Aspergillus bertholletiae DTO223-D3	arabic gum 1%	0		d3:3
479	Aspergillus bertholletiae DTO223-D3	arabinogalactan 1%			d3:2.9
479	Aspergillus bertholletiae DTO223-D3	beechwood xylan 1%	4		d3:2.9
479	Aspergillus bertholletiae DTO223-D3	birchwood xylan 1%	4		d3:2.5
479	Aspergillus bertholletiae DTO223-D3	casein 3%	4		d3:3
479	Aspergillus bertholletiae DTO223-D3	cellobiose	3		d3:2.5
479	Aspergillus bertholletiae DTO223-D3	cellulose 3%	0		d3:2.6
479	Aspergillus bertholletiae DTO223-D3	citrus pectin 1% pH=6	6		d3:2.9
479	Aspergillus bertholletiae DTO223-D3	citrus pulp 3% pH=6	8		d3:3
479	Aspergillus bertholletiae DTO223-D3	cotton seed pulp 3%	9		d3:3.5
479	Aspergillus bertholletiae DTO223-D3	D-fructose	4		d3:3
479	Aspergillus bertholletiae DTO223-D3	D-galactose	1		d3:2.9
479	Aspergillus bertholletiae DTO223-D3	D-galacturonic acid	2		d3:2.6
479	Aspergillus bertholletiae DTO223-D3	D-glucose	5		d3:3
479	Aspergillus bertholletiae DTO223-D3	D-glucuronic acid	1		d3:2.8
479	Aspergillus bertholletiae DTO223-D3	D-mannose	4		d3:3
479	Aspergillus bertholletiae DTO223-D3	D-ribose	4		d3:2.9
479	Aspergillus bertholletiae DTO223-D3	D-xylose	4		d3:2.9
479	Aspergillus bertholletiae DTO223-D3	guar gum 1%	4		d3:2.9
479	Aspergillus bertholletiae DTO223-D3	inulin 1%	0		d3:2.7
479	Aspergillus bertholletiae DTO223-D3	L-arabinose	3		d3:2.6
479	Aspergillus bertholletiae DTO223-D3	L-rhamnose	2		d3:2.8
479	Aspergillus bertholletiae DTO223-D3	lactose	0		d3:2.9
479	Aspergillus bertholletiae DTO223-D3	maltose	5		d3:2.9
479	Aspergillus bertholletiae DTO223-D3	no carbon source	0		d3:2.6
479	Aspergillus bertholletiae DTO223-D3	raffinose	4		d3:2.9
479	Aspergillus bertholletiae DTO223-D3	rice bran 3%	7		d3:2.6
479	Aspergillus bertholletiae DTO223-D3	soluble starch 1%	5		d3:2.8
479	Aspergillus bertholletiae DTO223-D3	soybean hulls 3%	8		d3:3.5
479	Aspergillus bertholletiae DTO223-D3	sucrose	6		d3:3
479	Aspergillus bertholletiae DTO223-D3	wheat bran 3%	10		d3:3
481	Aspergillus caelatus CBS763.97	alfalfa meal 3%	9		d3:3
481	Aspergillus caelatus CBS763.97	apple pectin 1% pH=6	7		d3:3
481	Aspergillus caelatus CBS763.97	arabic gum 1%	1		d3:2.5
481	Aspergillus caelatus CBS763.97	arabinogalactan 1%			d3:2.7
481	Aspergillus caelatus CBS763.97	beechwood xylan 1%	3		d3:2.6
481	Aspergillus caelatus CBS763.97	birchwood xylan 1%	3		d3:2.4
481	Aspergillus caelatus CBS763.97	casein 3%	5		d3:2.4
481	Aspergillus caelatus CBS763.97	cellobiose	3		d3:2
481	Aspergillus caelatus CBS763.97	cellulose 3%	0		d3:2.2
481	Aspergillus caelatus CBS763.97	citrus pectin 1% pH=6	7		d3:2.7
481	Aspergillus caelatus CBS763.97	citrus pulp 3% pH=6	3		d3:3
481	Aspergillus caelatus CBS763.97	cotton seed pulp 3%	10		d3:3.3
481	Aspergillus caelatus CBS763.97	D-fructose	5		d3:2.5
481	Aspergillus caelatus CBS763.97	D-galactose	1		d3:2.1
481	Aspergillus caelatus CBS763.97	D-galacturonic acid	2		d3:1.1
481	Aspergillus caelatus CBS763.97	D-glucose	5		d3:2.5
481	Aspergillus caelatus CBS763.97	D-glucuronic acid	0		d3:2.1
481	Aspergillus caelatus CBS763.97	D-mannose	5		d3:2.5
481	Aspergillus caelatus CBS763.97	D-ribose	4		d3:2
481	Aspergillus caelatus CBS763.97	D-xylose	4		d3:2.4
481	Aspergillus caelatus CBS763.97	guar gum 1%	6		d3:2.7
481	Aspergillus caelatus CBS763.97	inulin 1%	1		d3:2.1
481	Aspergillus caelatus CBS763.97	L-arabinose	3		d3:2.2
481	Aspergillus caelatus CBS763.97	L-rhamnose	2		d3:2.1
481	Aspergillus caelatus CBS763.97	lactose	1		d3:2.2
481	Aspergillus caelatus CBS763.97	maltose	6		d3:2.5
481	Aspergillus caelatus CBS763.97	no carbon source	0		d3:2.4
481	Aspergillus caelatus CBS763.97	raffinose	5		d3:2.4
481	Aspergillus caelatus CBS763.97	rice bran 3%	8		d3:2.9
481	Aspergillus caelatus CBS763.97	soluble starch 1%	6		d3:2.4
481	Aspergillus caelatus CBS763.97	soybean hulls 3%	3		d3:2.9
481	Aspergillus caelatus CBS763.97	sucrose	5		d3:2.4
481	Aspergillus caelatus CBS763.97	wheat bran 3%	10		d3:3.3
482	Aspergillus campestris CBS348.81	alfalfa meal 3%	9		d14:2.8
482	Aspergillus campestris CBS348.81	apple pectin 1% pH=6	7		d14:2.1
482	Aspergillus campestris CBS348.81	arabic gum 1%	2		d14:2.2
482	Aspergillus campestris CBS348.81	arabinogalactan 1%			d14:1.6
482	Aspergillus campestris CBS348.81	beechwood xylan 1%	7		d14:1.6
482	Aspergillus campestris CBS348.81	birchwood xylan 1%	7		d14:1.6
482	Aspergillus campestris CBS348.81	casein 3%	8		d14:2
482	Aspergillus campestris CBS348.81	cellobiose	5		d14:1.1
482	Aspergillus campestris CBS348.81	cellulose 3%	3		d14:2
482	Aspergillus campestris CBS348.81	citrus pectin 1% pH=6	6		d14:1.5
482	Aspergillus campestris CBS348.81	citrus pulp 3% pH=6	8		d14:2.2
482	Aspergillus campestris CBS348.81	cotton seed pulp 3%	10		d14:2.7
482	Aspergillus campestris CBS348.81	D-fructose	6		d14:1.4
482	Aspergillus campestris CBS348.81	D-galactose	3		d14:1
482	Aspergillus campestris CBS348.81	D-galacturonic acid	0		d14:0
482	Aspergillus campestris CBS348.81	D-glucose	5		d14:1.3
482	Aspergillus campestris CBS348.81	D-glucuronic acid	2		d14:2
482	Aspergillus campestris CBS348.81	D-mannose	5		d14:1.3
482	Aspergillus campestris CBS348.81	D-ribose	4		d14:1.5
482	Aspergillus campestris CBS348.81	D-xylose	5		d14:1.4
482	Aspergillus campestris CBS348.81	guar gum 1%	6		d14:2.3
482	Aspergillus campestris CBS348.81	inulin 1%	1		d14:2
482	Aspergillus campestris CBS348.81	L-arabinose	6		d14:1.6
482	Aspergillus campestris CBS348.81	L-rhamnose	3		d14:1.8
482	Aspergillus campestris CBS348.81	lactose	1		d14:1.9
482	Aspergillus campestris CBS348.81	maltose	4		d14:1.2
482	Aspergillus campestris CBS348.81	no carbon source	0		d14:1.9
482	Aspergillus campestris CBS348.81	raffinose	6		d14:1.5
482	Aspergillus campestris CBS348.81	rice bran 3%	8		d14:2
482	Aspergillus campestris CBS348.81	soluble starch 1%	6		d14:1.4
482	Aspergillus campestris CBS348.81	soybean hulls 3%	10		d14:2.5
482	Aspergillus campestris CBS348.81	sucrose	6		d14:1.4
482	Aspergillus campestris CBS348.81	wheat bran 3%	10		d14:2.3
483	Aspergillus candidus CBS102.13	alfalfa meal 3%	6		d9:1.5
483	Aspergillus candidus CBS102.13	apple pectin 1% pH=6	3		d9:1.7
483	Aspergillus candidus CBS102.13	arabic gum 1%	2		d9:2.2
483	Aspergillus candidus CBS102.13	arabinogalactan 1%			d9:2
483	Aspergillus candidus CBS102.13	beechwood xylan 1%	6		d9:1.8
483	Aspergillus candidus CBS102.13	birchwood xylan 1%	6		d9:1.9
483	Aspergillus candidus CBS102.13	casein 3%	1		d9:2
483	Aspergillus candidus CBS102.13	cellobiose	4		d9:1.4
483	Aspergillus candidus CBS102.13	cellulose 3%	1		d9:1.3
483	Aspergillus candidus CBS102.13	citrus pectin 1% pH=6	6		d9:1.4
483	Aspergillus candidus CBS102.13	citrus pulp 3% pH=6	8		d9:1.8
483	Aspergillus candidus CBS102.13	cotton seed pulp 3%	8		d9:2
483	Aspergillus candidus CBS102.13	D-fructose	4		d9:1.7
483	Aspergillus candidus CBS102.13	D-galactose	2		d9:1
483	Aspergillus candidus CBS102.13	D-galacturonic acid	0		d9:0
483	Aspergillus candidus CBS102.13	D-glucose	5		d9:1.6
483	Aspergillus candidus CBS102.13	D-glucuronic acid	1		d9:1.9
483	Aspergillus candidus CBS102.13	D-mannose	5		d9:1.6
483	Aspergillus candidus CBS102.13	D-ribose	2		d9:1.5
483	Aspergillus candidus CBS102.13	D-xylose	5		d9:1.8
483	Aspergillus candidus CBS102.13	guar gum 1%	3		d9:2.2
483	Aspergillus candidus CBS102.13	inulin 1%	1		d9:2
483	Aspergillus candidus CBS102.13	L-arabinose	3		d9:1.8
483	Aspergillus candidus CBS102.13	L-rhamnose	2		d9:2
483	Aspergillus candidus CBS102.13	lactose	1		d9:1.9
483	Aspergillus candidus CBS102.13	maltose	5		d9:1.7
483	Aspergillus candidus CBS102.13	no carbon source	1		d9:1.5
483	Aspergillus candidus CBS102.13	raffinose	3		d9:1.8
483	Aspergillus candidus CBS102.13	rice bran 3%	9		d9:1.7
483	Aspergillus candidus CBS102.13	soluble starch 1%	7		d9:2
483	Aspergillus candidus CBS102.13	soybean hulls 3%	8		d9:2
483	Aspergillus candidus CBS102.13	sucrose	4		d9:1.9
483	Aspergillus candidus CBS102.13	wheat bran 3%	10		d9:2.3
484	Aspergillus candidus CBS266.81	alfalfa meal 3%	8		d5:1.8 d11:2.4
484	Aspergillus candidus CBS266.81	apple pectin 1% pH=6	2		d5:1.4 d11:2.7
484	Aspergillus candidus CBS266.81	arabic gum 1%	0		d5:1.4 d11:2.6
484	Aspergillus candidus CBS266.81	arabinogalactan 1%			d5:1.1 d11:2.4
484	Aspergillus candidus CBS266.81	beechwood xylan 1%	4		d5:0.6 d11:1.6
484	Aspergillus candidus CBS266.81	birchwood xylan 1%	7		d5:1.2 d11:2.3
484	Aspergillus candidus CBS266.81	casein 3%	8		d5:1.3 d11:2.6
484	Aspergillus candidus CBS266.81	cellobiose	6		d5:1 d11:1.8
484	Aspergillus candidus CBS266.81	cellulose 3%	0		d5:1.1 d11:1.9
484	Aspergillus candidus CBS266.81	citrus pectin 1% pH=6	5		d5:1.3 d11:2.4
484	Aspergillus candidus CBS266.81	citrus pulp 3% pH=6	5		d5:1.2 d11:1.9
484	Aspergillus candidus CBS266.81	cotton seed pulp 3%	9		d5:1.3 d11:2.3
484	Aspergillus candidus CBS266.81	D-fructose	5		d5:1.3 d11:1.5
484	Aspergillus candidus CBS266.81	D-galactose	2		d5:1.5 d11:2.6
484	Aspergillus candidus CBS266.81	D-galacturonic acid	0		d5:0 d11:0
484	Aspergillus candidus CBS266.81	D-glucose	5		d5:0.7 d11:1.6
484	Aspergillus candidus CBS266.81	D-glucuronic acid	1		d5:1 d11:2.2
484	Aspergillus candidus CBS266.81	D-mannose	4		d5:0.9 d11:1.2
484	Aspergillus candidus CBS266.81	D-ribose	1		d5:1.2 d11:2.4
484	Aspergillus candidus CBS266.81	D-xylose	4		d5:0.9 d11:1.3
484	Aspergillus candidus CBS266.81	guar gum 1%	3		d5:1.5 d11:2.4
484	Aspergillus candidus CBS266.81	inulin 1%	0		d5:1.2 d11:2.3
484	Aspergillus candidus CBS266.81	L-arabinose	3		d5:1.1 d11:2.4
484	Aspergillus candidus CBS266.81	L-rhamnose	0		d5:1.2 d11:2.5
484	Aspergillus candidus CBS266.81	lactose	0		d5:1 d11:1.4
484	Aspergillus candidus CBS266.81	maltose	6		d5:1.1 d11:1.8
484	Aspergillus candidus CBS266.81	no carbon source	0		d5:1.3 d11:2.4
484	Aspergillus candidus CBS266.81	raffinose	6		d5:1 d11:2.9
484	Aspergillus candidus CBS266.81	rice bran 3%	7		d5:1.1 d11:2
484	Aspergillus candidus CBS266.81	soluble starch 1%	6		d5:1.1 d11:1.9
484	Aspergillus candidus CBS266.81	soybean hulls 3%	9		d5:1.5 d11:2.8
484	Aspergillus candidus CBS266.81	sucrose	4		d5:0.8 d11:1.5
484	Aspergillus candidus CBS266.81	wheat bran 3%	10		d5:1.3 d11:2.4
485	Aspergillus cervinus CBS537.65	alfalfa meal 3%	5		d6:2
485	Aspergillus cervinus CBS537.65	apple pectin 1% pH=6	7		d6:2.7
485	Aspergillus cervinus CBS537.65	arabic gum 1%	1		d6:2.3
485	Aspergillus cervinus CBS537.65	arabinogalactan 1%			d6:2.2
485	Aspergillus cervinus CBS537.65	beechwood xylan 1%	4		d6:1.5
485	Aspergillus cervinus CBS537.65	birchwood xylan 1%	5		d6:1.3
485	Aspergillus cervinus CBS537.65	casein 3%	0		d6:2
485	Aspergillus cervinus CBS537.65	cellobiose	3		d6:1.5
485	Aspergillus cervinus CBS537.65	cellulose 3%	0		d6:1.8
485	Aspergillus cervinus CBS537.65	citrus pectin 1% pH=6	7		d6:2.6
485	Aspergillus cervinus CBS537.65	citrus pulp 3% pH=6	9		d6:2.5
485	Aspergillus cervinus CBS537.65	cotton seed pulp 3%	4		d6:2
485	Aspergillus cervinus CBS537.65	D-fructose	1		d6:1.9
485	Aspergillus cervinus CBS537.65	D-galactose	0		
485	Aspergillus cervinus CBS537.65	D-galacturonic acid	4		d6:1.7
485	Aspergillus cervinus CBS537.65	D-glucose	5		d6:2
485	Aspergillus cervinus CBS537.65	D-glucuronic acid	2		d6:1.5
485	Aspergillus cervinus CBS537.65	D-mannose	5		d6:2
485	Aspergillus cervinus CBS537.65	D-ribose	0		d6:2
485	Aspergillus cervinus CBS537.65	D-xylose	5		d6:2
485	Aspergillus cervinus CBS537.65	guar gum 1%	4		d6:2
485	Aspergillus cervinus CBS537.65	inulin 1%	0		d6:1.9
485	Aspergillus cervinus CBS537.65	L-arabinose	1		d6:1.6
485	Aspergillus cervinus CBS537.65	L-rhamnose	0		d6:1.5
485	Aspergillus cervinus CBS537.65	lactose	0		d6:1.6
485	Aspergillus cervinus CBS537.65	maltose	0		d6:1.6
485	Aspergillus cervinus CBS537.65	no carbon source	0		d6:1.5
485	Aspergillus cervinus CBS537.65	raffinose	0		d6:1.5
485	Aspergillus cervinus CBS537.65	rice bran 3%	5		d6:2
485	Aspergillus cervinus CBS537.65	soluble starch 1%	4		d6:2.2
485	Aspergillus cervinus CBS537.65	soybean hulls 3%	6		d6:1.9
485	Aspergillus cervinus CBS537.65	sucrose	0		d6:1.5
485	Aspergillus cervinus CBS537.65	wheat bran 3%	8		d6:2.2
486	Aspergillus chevalieri CBS522.65	alfalfa meal 3%	8		d7:1.7
486	Aspergillus chevalieri CBS522.65	apple pectin 1% pH=6	6		d7:2.2
486	Aspergillus chevalieri CBS522.65	arabic gum 1%	2		d7:1.5
486	Aspergillus chevalieri CBS522.65	arabinogalactan 1%			d7:1.2
486	Aspergillus chevalieri CBS522.65	beechwood xylan 1%	6		d7:1.5
486	Aspergillus chevalieri CBS522.65	birchwood xylan 1%	6		d7:1.1
486	Aspergillus chevalieri CBS522.65	casein 3%	3		d7:1.3
486	Aspergillus chevalieri CBS522.65	cellobiose	3		d7:1
486	Aspergillus chevalieri CBS522.65	cellulose 3%	2		d7:1
486	Aspergillus chevalieri CBS522.65	citrus pectin 1% pH=6	10		d7:2
486	Aspergillus chevalieri CBS522.65	citrus pulp 3% pH=6	9		d7:1.9
486	Aspergillus chevalieri CBS522.65	cotton seed pulp 3%	6		d7:1.6
486	Aspergillus chevalieri CBS522.65	D-fructose	7		d7:2
486	Aspergillus chevalieri CBS522.65	D-galactose	4		d7:1
486	Aspergillus chevalieri CBS522.65	D-galacturonic acid	0		
486	Aspergillus chevalieri CBS522.65	D-glucose	5		d7:1.2
486	Aspergillus chevalieri CBS522.65	D-glucuronic acid	2		d7:0.8
486	Aspergillus chevalieri CBS522.65	D-mannose	5		d7:1.6
486	Aspergillus chevalieri CBS522.65	D-ribose	1		d7:0.8
486	Aspergillus chevalieri CBS522.65	D-xylose	2		d7:0.8
486	Aspergillus chevalieri CBS522.65	guar gum 1%	3		d7:1.7
486	Aspergillus chevalieri CBS522.65	inulin 1%	2		d7:1.5
486	Aspergillus chevalieri CBS522.65	L-arabinose	2		d7:0.8
486	Aspergillus chevalieri CBS522.65	L-rhamnose	2		d7:1.5
486	Aspergillus chevalieri CBS522.65	lactose	1		d7:1.2
486	Aspergillus chevalieri CBS522.65	maltose	4		d7:1
486	Aspergillus chevalieri CBS522.65	no carbon source	1		d7:0.7
486	Aspergillus chevalieri CBS522.65	raffinose	5		d7:1.1
486	Aspergillus chevalieri CBS522.65	rice bran 3%	8		d7:1.5
486	Aspergillus chevalieri CBS522.65	soluble starch 1%	7		d7:2
486	Aspergillus chevalieri CBS522.65	soybean hulls 3%	8		d7:1.6
486	Aspergillus chevalieri CBS522.65	sucrose	6		d7:1.4
486	Aspergillus chevalieri CBS522.65	wheat bran 3%	8		d7:1.7
487	Aspergillus cibarius CBS113137	alfalfa meal 3%	4		d1:0.3 d2:0.7 d3:1.2 d6:2.5
487	Aspergillus cibarius CBS113137	apple pectin 1% pH=6	4		d1:0.1 d2:0.4 d3:1.1 d6:2
487	Aspergillus cibarius CBS113137	arabic gum 1%	2		d1:0.3 d2:1.1 d3:1.5 d6:2.2
487	Aspergillus cibarius CBS113137	arabinogalactan 1%			d1:0.5 d2:1 d3:1.6 d6:2.4
487	Aspergillus cibarius CBS113137	beechwood xylan 1%	1		d1:0.1 d2:0.1 d3:1.4 d6:2.5
487	Aspergillus cibarius CBS113137	birchwood xylan 1%	2		d1:0.1 d2:0.9 d3:1.4 d6:2.3
487	Aspergillus cibarius CBS113137	casein 3%	2		d1:0.3 d2:0.9 d3:1.5 d6:2.4
487	Aspergillus cibarius CBS113137	cellobiose	1		d1:0.2 d2:0.9 d3:1.3 d6:2.4
487	Aspergillus cibarius CBS113137	cellulose 3%	1		d1:0.1 d2:0.2 d3:1.4 d6:2.4
487	Aspergillus cibarius CBS113137	citrus pectin 1% pH=6	5		d1:0.2 d2:0.9 d3:1.6 d6:2.9
487	Aspergillus cibarius CBS113137	citrus pulp 3% pH=6	8		d1:0.4 d2:1.1 d3:1.7 d6:3
487	Aspergillus cibarius CBS113137	cotton seed pulp 3%	1		d1:0.3 d2:1.1 d3:1.9 d6:2.8
487	Aspergillus cibarius CBS113137	D-fructose	4		d1:0.3 d2:0.9 d3:1.5 d6:2.7
487	Aspergillus cibarius CBS113137	D-galactose	3		d1:0.2 d2:0.8 d3:1.2 d6:2.5
487	Aspergillus cibarius CBS113137	D-galacturonic acid	1		d1:0.1 d2:0.1 d3:0.1 d6:0.2
487	Aspergillus cibarius CBS113137	D-glucose	5		d1:0.2 d2:0.9 d3:1.4 d6:2.8
487	Aspergillus cibarius CBS113137	D-glucuronic acid	1		d1:0.3 d2:0.9 d3:1.4 d6:2.5
487	Aspergillus cibarius CBS113137	D-mannose	5		d1:0.5 d2:0.9 d3:1.6 d6:2.5
487	Aspergillus cibarius CBS113137	D-ribose	2		d1:0.2 d2:0.6 d3:1.2 d6:2.3
487	Aspergillus cibarius CBS113137	D-xylose	3		d1:0.2 d2:0.8 d3:1.4 d6:2.4
487	Aspergillus cibarius CBS113137	guar gum 1%	3		d1:0.2 d2:0.8 d3:1.6 d6:2.4
487	Aspergillus cibarius CBS113137	inulin 1%	2		d1:0.4 d2:1 d3:1.4 d6:2.4
487	Aspergillus cibarius CBS113137	L-arabinose	2		d1:0.3 d2:0.9 d3:1.4 d6:2.5
487	Aspergillus cibarius CBS113137	L-rhamnose	2		d1:0.3 d2:1.1 d3:1.4 d6:2.5
487	Aspergillus cibarius CBS113137	lactose	2		d1:0.4 d2:1 d3:1.4 d6:2.4
487	Aspergillus cibarius CBS113137	maltose	2		d1:0.3 d2:0.8 d3:1.3 d6:2.6
487	Aspergillus cibarius CBS113137	no carbon source	1		d1:0.2 d2:0.8 d3:1.4 d6:2.3
487	Aspergillus cibarius CBS113137	raffinose	3		d1:0.3 d2:0.9 d3:1.5 d6:2.6
487	Aspergillus cibarius CBS113137	rice bran 3%	5		d1:0.4 d2:1.2 d3:1.9 d6:2.3
487	Aspergillus cibarius CBS113137	soluble starch 1%	3		d1:0.3 d2:1 d3:1.6 d6:2.5
487	Aspergillus cibarius CBS113137	soybean hulls 3%	7		d1:0.3 d2:1 d3:1.7 d6:2.6
487	Aspergillus cibarius CBS113137	sucrose	4		d1:0.3 d2:1 d3:1.6 d6:3
487	Aspergillus cibarius CBS113137	wheat bran 3%	6		d1:0.4 d2:1.3 d3:2.1 d6:2.8
488	Aspergillus cibarius CBS113139	alfalfa meal 3%	6		d1:0.3 d2:0.8 d3:1.8 d6:2.9
488	Aspergillus cibarius CBS113139	apple pectin 1% pH=6	3		d1:0.1 d2:0.6 d3:1.5 d6:2.2
488	Aspergillus cibarius CBS113139	arabic gum 1%	2		d1:0.6 d2:1.2 d3:1.7 d6:2.3
488	Aspergillus cibarius CBS113139	arabinogalactan 1%			d1:0.5 d2:1.1 d3:1.6 d6:2.5
488	Aspergillus cibarius CBS113139	beechwood xylan 1%	1		d1:0.1 d2:0.1 d3:1.4 d6:2.6
488	Aspergillus cibarius CBS113139	birchwood xylan 1%	2		d1:0.2 d2:1 d3:1.7 d6:2.5
488	Aspergillus cibarius CBS113139	casein 3%	2		d1:0.4 d2:1 d3:1.8 d6:2.4
488	Aspergillus cibarius CBS113139	cellobiose	2		d1:0.5 d2:1 d3:1.6 d6:2.7
488	Aspergillus cibarius CBS113139	cellulose 3%	1		d1:0.2 d2:0.8 d3:1.6 d6:2.3
488	Aspergillus cibarius CBS113139	citrus pectin 1% pH=6	4		d1:0.2 d2:1 d3:1.7 d6:2.9
488	Aspergillus cibarius CBS113139	citrus pulp 3% pH=6	7		d1:0.4 d2:1.1 d3:1.8 d6:2.9
488	Aspergillus cibarius CBS113139	cotton seed pulp 3%	1		d1:0.6 d2:1.5 d3:2.3 d6:2.8
488	Aspergillus cibarius CBS113139	D-fructose	4		d1:0.5 d2:1.1 d3:1.7 d6:2.9
488	Aspergillus cibarius CBS113139	D-galactose	3		d1:0.3 d2:0.8 d3:1.5 d6:2.7
488	Aspergillus cibarius CBS113139	D-galacturonic acid	1		d1:0.1 d2:0.1 d3:0.1 d6:0.3
488	Aspergillus cibarius CBS113139	D-glucose	5		d1:0.5 d2:1.1 d3:1.9 d6:2.9
488	Aspergillus cibarius CBS113139	D-glucuronic acid	1		d1:0.3 d2:0.9 d3:1.5 d6:2.6
488	Aspergillus cibarius CBS113139	D-mannose	4		d1:0.5 d2:1.1 d3:1.8 d6:3
488	Aspergillus cibarius CBS113139	D-ribose	2		d1:0.3 d2:0.8 d3:1.5 d6:2.6
488	Aspergillus cibarius CBS113139	D-xylose	2		d1:0.3 d2:0.9 d3:1.5 d6:2.8
488	Aspergillus cibarius CBS113139	guar gum 1%	3		d1:0.3 d2:0.9 d3:1.8 d6:2.8
488	Aspergillus cibarius CBS113139	inulin 1%	2		d1:0.4 d2:1 d3:1.6 d6:2.5
488	Aspergillus cibarius CBS113139	L-arabinose	2		d1:0.4 d2:1 d3:1.5 d6:2.9
488	Aspergillus cibarius CBS113139	L-rhamnose	3		d1:0.4 d2:1 d3:1.6 d6:2.8
488	Aspergillus cibarius CBS113139	lactose	2		d1:0.4 d2:1 d3:1.5 d6:2.7
488	Aspergillus cibarius CBS113139	maltose	2		d1:0.4 d2:1.1 d3:1.7 d6:2.9
488	Aspergillus cibarius CBS113139	no carbon source	1		d1:0.4 d2:0.9 d3:1.6 d6:2.7
488	Aspergillus cibarius CBS113139	raffinose	3		d1:0.4 d2:1.1 d3:1.6 d6:3
488	Aspergillus cibarius CBS113139	rice bran 3%	4		d1:0.3 d2:1.1 d3:1.9 d6:2.6
488	Aspergillus cibarius CBS113139	soluble starch 1%	3		d1:0.4 d2:1.1 d3:1.8 d6:2.8
488	Aspergillus cibarius CBS113139	soybean hulls 3%	6		d1:0.4 d2:1.2 d3:2.1 d6:2.4
488	Aspergillus cibarius CBS113139	sucrose	4		d1:0.4 d2:0.9 d3:1.7 d6:3.1
488	Aspergillus cibarius CBS113139	wheat bran 3%	5		d1:0.6 d2:1.3 d3:2.4 d6:2.8
489	Aspergillus clavatonanicus CBS 474.65	alfalfa meal 3%	9		d3:3
489	Aspergillus clavatonanicus CBS 474.65	apple pectin 1% pH=6	7		d3:3
489	Aspergillus clavatonanicus CBS 474.65	arabic gum 1%	1		d3:3
489	Aspergillus clavatonanicus CBS 474.65	arabinogalactan 1%			d3:3.2
489	Aspergillus clavatonanicus CBS 474.65	beechwood xylan 1%	8		d3:3
489	Aspergillus clavatonanicus CBS 474.65	birchwood xylan 1%	8		d3:3
489	Aspergillus clavatonanicus CBS 474.65	casein 3%	2		d3:2.5
489	Aspergillus clavatonanicus CBS 474.65	cellobiose	4		d3:1.9
489	Aspergillus clavatonanicus CBS 474.65	cellulose 3%	1		d3:2.4
489	Aspergillus clavatonanicus CBS 474.65	citrus pectin 1% pH=6	9		d3:3.1
489	Aspergillus clavatonanicus CBS 474.65	citrus pulp 3% pH=6	8		d3:2.4
489	Aspergillus clavatonanicus CBS 474.65	cotton seed pulp 3%	9		d3:3.1
489	Aspergillus clavatonanicus CBS 474.65	D-fructose	4		d3:2.7
489	Aspergillus clavatonanicus CBS 474.65	D-galactose	0		d3:1.7
489	Aspergillus clavatonanicus CBS 474.65	D-galacturonic acid	2		d3:0.5
489	Aspergillus clavatonanicus CBS 474.65	D-glucose	5		d3:2.9
489	Aspergillus clavatonanicus CBS 474.65	D-glucuronic acid	0		d3:2.2
489	Aspergillus clavatonanicus CBS 474.65	D-mannose	5		d3:2.7
489	Aspergillus clavatonanicus CBS 474.65	D-ribose	0		d3:2.4
489	Aspergillus clavatonanicus CBS 474.65	D-xylose	4		d3:2.6
489	Aspergillus clavatonanicus CBS 474.65	guar gum 1%	6		d3:2.9
489	Aspergillus clavatonanicus CBS 474.65	inulin 1%	0		d3:2.6
489	Aspergillus clavatonanicus CBS 474.65	L-arabinose	0		d3:2.6
489	Aspergillus clavatonanicus CBS 474.65	L-rhamnose	0		d3:2.4
489	Aspergillus clavatonanicus CBS 474.65	lactose	3		d3:1.4
489	Aspergillus clavatonanicus CBS 474.65	maltose	6		d3:2.6
489	Aspergillus clavatonanicus CBS 474.65	no carbon source	0		d3:2.5
489	Aspergillus clavatonanicus CBS 474.65	raffinose	4		d3:2.3
489	Aspergillus clavatonanicus CBS 474.65	rice bran 3%	8		d3:3
489	Aspergillus clavatonanicus CBS 474.65	soluble starch 1%	6		d3:2.8
489	Aspergillus clavatonanicus CBS 474.65	soybean hulls 3%	10		d3:3
489	Aspergillus clavatonanicus CBS 474.65	sucrose	8		d3:2.6
489	Aspergillus clavatonanicus CBS 474.65	wheat bran 3%	10		d3:3
490	Aspergillus coremiiformis CBS553.77	alfalfa meal 3%	8		d4:2.9
490	Aspergillus coremiiformis CBS553.77	apple pectin 1% pH=6	7		d4:3.2
490	Aspergillus coremiiformis CBS553.77	arabic gum 1%	1		d4:3.2
490	Aspergillus coremiiformis CBS553.77	arabinogalactan 1%			d4:3.2
490	Aspergillus coremiiformis CBS553.77	beechwood xylan 1%	6		d4:3.1
490	Aspergillus coremiiformis CBS553.77	birchwood xylan 1%	6		d4:2.9
490	Aspergillus coremiiformis CBS553.77	casein 3%	4		d4:2.9
490	Aspergillus coremiiformis CBS553.77	cellobiose	3		d4:2.4
490	Aspergillus coremiiformis CBS553.77	cellulose 3%	0		d4:2.4
490	Aspergillus coremiiformis CBS553.77	citrus pectin 1% pH=6	6		d4:3.1
490	Aspergillus coremiiformis CBS553.77	citrus pulp 3% pH=6	8		d4:3.2
490	Aspergillus coremiiformis CBS553.77	cotton seed pulp 3%	9		d4:3.4
490	Aspergillus coremiiformis CBS553.77	D-fructose	5		d4:2.6
490	Aspergillus coremiiformis CBS553.77	D-galactose	2		d4:2
490	Aspergillus coremiiformis CBS553.77	D-galacturonic acid	0		d4:0.4
490	Aspergillus coremiiformis CBS553.77	D-glucose	5		d4:2.6
490	Aspergillus coremiiformis CBS553.77	D-glucuronic acid	1		d4:2.5
490	Aspergillus coremiiformis CBS553.77	D-mannose	5		d4:2.7
490	Aspergillus coremiiformis CBS553.77	D-ribose	4		d4:2.7
490	Aspergillus coremiiformis CBS553.77	D-xylose	4		d4:2.6
490	Aspergillus coremiiformis CBS553.77	guar gum 1%	5		d4:3.4
490	Aspergillus coremiiformis CBS553.77	inulin 1%	5		d4:2.9
490	Aspergillus coremiiformis CBS553.77	L-arabinose	4		d4:2.5
490	Aspergillus coremiiformis CBS553.77	L-rhamnose	1		d4:2.5
490	Aspergillus coremiiformis CBS553.77	lactose	1		d4:2.6
490	Aspergillus coremiiformis CBS553.77	maltose	5		d4:2.5
490	Aspergillus coremiiformis CBS553.77	no carbon source	0		d4:2.5
490	Aspergillus coremiiformis CBS553.77	raffinose	5		d4:2.6
490	Aspergillus coremiiformis CBS553.77	rice bran 3%	7		d4:3.1
490	Aspergillus coremiiformis CBS553.77	soluble starch 1%	5		d4:2.8
490	Aspergillus coremiiformis CBS553.77	soybean hulls 3%	9		d4:3.3
490	Aspergillus coremiiformis CBS553.77	sucrose	5		d4:2.8
490	Aspergillus coremiiformis CBS553.77	wheat bran 3%	10		d4:3.5
491	Aspergillus corrugatus CBS191.77	alfalfa meal 3%	8		d3:2.5
491	Aspergillus corrugatus CBS191.77	apple pectin 1% pH=6	7		d3:2.7
491	Aspergillus corrugatus CBS191.77	arabic gum 1%	1		d3:2.9
491	Aspergillus corrugatus CBS191.77	arabinogalactan 1%			d3:2.7
491	Aspergillus corrugatus CBS191.77	beechwood xylan 1%	6		d3:2.5
491	Aspergillus corrugatus CBS191.77	birchwood xylan 1%	6		d3:2.3
491	Aspergillus corrugatus CBS191.77	casein 3%	5		d3:2.3
491	Aspergillus corrugatus CBS191.77	cellobiose	4		d3:2.3
491	Aspergillus corrugatus CBS191.77	cellulose 3%	0		d3:2.1
491	Aspergillus corrugatus CBS191.77	citrus pectin 1% pH=6	6		d3:2.3
491	Aspergillus corrugatus CBS191.77	citrus pulp 3% pH=6	9		d3:2.3
491	Aspergillus corrugatus CBS191.77	cotton seed pulp 3%	8		d3:2.4
491	Aspergillus corrugatus CBS191.77	D-fructose	5		d3:2.1
491	Aspergillus corrugatus CBS191.77	D-galactose	4		d3:2.2
491	Aspergillus corrugatus CBS191.77	D-galacturonic acid	1		d3:0.9
491	Aspergillus corrugatus CBS191.77	D-glucose	5		d3:1.9
491	Aspergillus corrugatus CBS191.77	D-glucuronic acid	1		d3:2.4
491	Aspergillus corrugatus CBS191.77	D-mannose	5		d3:1.9
491	Aspergillus corrugatus CBS191.77	D-ribose	1		d3:2.3
491	Aspergillus corrugatus CBS191.77	D-xylose	5		d3:2.3
491	Aspergillus corrugatus CBS191.77	guar gum 1%	7		d3:2.6
491	Aspergillus corrugatus CBS191.77	inulin 1%	6		d3:2.2
491	Aspergillus corrugatus CBS191.77	L-arabinose	3		d3:2.4
491	Aspergillus corrugatus CBS191.77	L-rhamnose	2		d3:2.3
491	Aspergillus corrugatus CBS191.77	lactose	4		d3:2.2
491	Aspergillus corrugatus CBS191.77	maltose	4		d3:1.8
491	Aspergillus corrugatus CBS191.77	no carbon source	0		d3:2.3
491	Aspergillus corrugatus CBS191.77	raffinose	5		d3:2
491	Aspergillus corrugatus CBS191.77	rice bran 3%	10		d3:2.6
491	Aspergillus corrugatus CBS191.77	soluble starch 1%	5		d3:2
491	Aspergillus corrugatus CBS191.77	soybean hulls 3%	7		d3:2.2
491	Aspergillus corrugatus CBS191.77	sucrose	5		d3:1.8
491	Aspergillus corrugatus CBS191.77	wheat bran 3%	8		d3:2.4
493	Aspergillus neoechinulatus CBS120.55	alfalfa meal 3%	8		d3:2.9
493	Aspergillus neoechinulatus CBS120.55	apple pectin 1% pH=6	7		d3:2.5
493	Aspergillus neoechinulatus CBS120.55	arabic gum 1%	0		d3:2.8
493	Aspergillus neoechinulatus CBS120.55	arabinogalactan 1%			d3:2.6
493	Aspergillus neoechinulatus CBS120.55	beechwood xylan 1%	6		d3:2.1
493	Aspergillus neoechinulatus CBS120.55	birchwood xylan 1%	5		d3:2.3
493	Aspergillus neoechinulatus CBS120.55	casein 3%	0		d3:2.5
493	Aspergillus neoechinulatus CBS120.55	cellobiose	4		d3:1.7
493	Aspergillus neoechinulatus CBS120.55	cellulose 3%	8		d3:2
493	Aspergillus neoechinulatus CBS120.55	citrus pectin 1% pH=6	7		d3:2.3
493	Aspergillus neoechinulatus CBS120.55	citrus pulp 3% pH=6	9		d3:2.9
493	Aspergillus neoechinulatus CBS120.55	cotton seed pulp 3%	10		d3:3.2
493	Aspergillus neoechinulatus CBS120.55	D-fructose	4		d3:2
493	Aspergillus neoechinulatus CBS120.55	D-galactose	4		d3:1.7
493	Aspergillus neoechinulatus CBS120.55	D-galacturonic acid	1		d3:0.7
493	Aspergillus neoechinulatus CBS120.55	D-glucose	5		d3:1.6
493	Aspergillus neoechinulatus CBS120.55	D-glucuronic acid	2		d3:2
493	Aspergillus neoechinulatus CBS120.55	D-mannose	5		d3:1.8
493	Aspergillus neoechinulatus CBS120.55	D-ribose	0		d3:2
493	Aspergillus neoechinulatus CBS120.55	D-xylose	5		d3:1.9
493	Aspergillus neoechinulatus CBS120.55	guar gum 1%	8		d3:2.9
493	Aspergillus neoechinulatus CBS120.55	inulin 1%	0		d3:2
493	Aspergillus neoechinulatus CBS120.55	L-arabinose	6		d3:2.1
493	Aspergillus neoechinulatus CBS120.55	L-rhamnose	2		d3:2
493	Aspergillus neoechinulatus CBS120.55	lactose	4		d3:1.8
493	Aspergillus neoechinulatus CBS120.55	maltose	4		d3:1.6
493	Aspergillus neoechinulatus CBS120.55	no carbon source	0		d3:1.7
493	Aspergillus neoechinulatus CBS120.55	raffinose	4		d3:1.8
493	Aspergillus neoechinulatus CBS120.55	rice bran 3%	6		d3:2.7
493	Aspergillus neoechinulatus CBS120.55	soluble starch 1%	5		d3:2
493	Aspergillus neoechinulatus CBS120.55	soybean hulls 3%	8		d3:2.8
493	Aspergillus neoechinulatus CBS120.55	sucrose	5		d3:1.9
493	Aspergillus neoechinulatus CBS120.55	wheat bran 3%	10		d3:2.9
494	Aspergillus dentatus CBS114.63	alfalfa meal 3%	8		d3:3
494	Aspergillus dentatus CBS114.63	apple pectin 1% pH=6	8		d3:2.4
494	Aspergillus dentatus CBS114.63	arabic gum 1%	0		d3:2.9
494	Aspergillus dentatus CBS114.63	arabinogalactan 1%			d3:2.5
494	Aspergillus dentatus CBS114.63	beechwood xylan 1%	7		d3:2.4
494	Aspergillus dentatus CBS114.63	birchwood xylan 1%	7		d3:2.2
494	Aspergillus dentatus CBS114.63	casein 3%	5		d3:2.6
494	Aspergillus dentatus CBS114.63	cellobiose	5		d3:2.1
494	Aspergillus dentatus CBS114.63	cellulose 3%	0		d3:2.3
494	Aspergillus dentatus CBS114.63	citrus pectin 1% pH=6	8		d3:2.4
494	Aspergillus dentatus CBS114.63	citrus pulp 3% pH=6	9		d3:2.8
494	Aspergillus dentatus CBS114.63	cotton seed pulp 3%	10		d3:3
494	Aspergillus dentatus CBS114.63	D-fructose	6		d3:2
494	Aspergillus dentatus CBS114.63	D-galactose	5		d3:2.2
494	Aspergillus dentatus CBS114.63	D-galacturonic acid	2		d3:1
494	Aspergillus dentatus CBS114.63	D-glucose	5		d3:1.9
494	Aspergillus dentatus CBS114.63	D-glucuronic acid	3		d3:2.2
494	Aspergillus dentatus CBS114.63	D-mannose	7		d3:2.2
494	Aspergillus dentatus CBS114.63	D-ribose	1		d3:2.4
494	Aspergillus dentatus CBS114.63	D-xylose	5		d3:2.2
494	Aspergillus dentatus CBS114.63	guar gum 1%	8		d3:2.3
494	Aspergillus dentatus CBS114.63	inulin 1%	0		d3:2.3
494	Aspergillus dentatus CBS114.63	L-arabinose	4		d3:2.2
494	Aspergillus dentatus CBS114.63	L-rhamnose	3		d3:2
494	Aspergillus dentatus CBS114.63	lactose	4		d3:2
494	Aspergillus dentatus CBS114.63	maltose	4		d3:1.7
494	Aspergillus dentatus CBS114.63	no carbon source	0		d3:2.3
494	Aspergillus dentatus CBS114.63	raffinose	5		d3:2
494	Aspergillus dentatus CBS114.63	rice bran 3%	7		d3:2.7
494	Aspergillus dentatus CBS114.63	soluble starch 1%	7		d3:2.1
494	Aspergillus dentatus CBS114.63	soybean hulls 3%	7		d3:2.7
494	Aspergillus dentatus CBS114.63	sucrose	5		d3:2
494	Aspergillus dentatus CBS114.63	wheat bran 3%	10		d3:3
495	Aspergillus desertorum CBS653.73	alfalfa meal 3%	9		d3:2.5
495	Aspergillus desertorum CBS653.73	apple pectin 1% pH=6	7		d3:2.4
495	Aspergillus desertorum CBS653.73	arabic gum 1%	2		d3:2.4
495	Aspergillus desertorum CBS653.73	arabinogalactan 1%			d3:2.3
495	Aspergillus desertorum CBS653.73	beechwood xylan 1%	5		d3:2
495	Aspergillus desertorum CBS653.73	birchwood xylan 1%	5		d3:1.6
495	Aspergillus desertorum CBS653.73	casein 3%	6		d3:2
495	Aspergillus desertorum CBS653.73	cellobiose	4		d3:1.7
495	Aspergillus desertorum CBS653.73	cellulose 3%	0		d3:2
495	Aspergillus desertorum CBS653.73	citrus pectin 1% pH=6	6		d3:1.9
495	Aspergillus desertorum CBS653.73	citrus pulp 3% pH=6	9		d3:2.5
495	Aspergillus desertorum CBS653.73	cotton seed pulp 3%	8		d3:2.4
495	Aspergillus desertorum CBS653.73	D-fructose	5		d3:1.8
495	Aspergillus desertorum CBS653.73	D-galactose	4		d3:1.8
495	Aspergillus desertorum CBS653.73	D-galacturonic acid	0		
495	Aspergillus desertorum CBS653.73	D-glucose	5		d3:1.6
495	Aspergillus desertorum CBS653.73	D-glucuronic acid	2		d3:1.6
495	Aspergillus desertorum CBS653.73	D-mannose	4		d3:1.5
495	Aspergillus desertorum CBS653.73	D-ribose	1		d3:1.7
495	Aspergillus desertorum CBS653.73	D-xylose	4		d3:1.8
495	Aspergillus desertorum CBS653.73	guar gum 1%	7		d3:2.4
495	Aspergillus desertorum CBS653.73	inulin 1%	5		d3:2.1
495	Aspergillus desertorum CBS653.73	L-arabinose	3		d3:1.8
495	Aspergillus desertorum CBS653.73	L-rhamnose	3		d3:1.5
495	Aspergillus desertorum CBS653.73	lactose	2		d3:1.7
495	Aspergillus desertorum CBS653.73	maltose	2		d3:1.2
495	Aspergillus desertorum CBS653.73	no carbon source	0		d3:1.7
495	Aspergillus desertorum CBS653.73	raffinose	4		d3:1.5
495	Aspergillus desertorum CBS653.73	rice bran 3%	6		d3:2
495	Aspergillus desertorum CBS653.73	soluble starch 1%	6		d3:2
495	Aspergillus desertorum CBS653.73	soybean hulls 3%	7		d3:2
495	Aspergillus desertorum CBS653.73	sucrose	5		d3:1.5
495	Aspergillus desertorum CBS653.73	wheat bran 3%	8		d3:2.3
496	Aspergillus eucalypticola CBS122712	alfalfa meal 3%	9		d3:2.7
496	Aspergillus eucalypticola CBS122712	apple pectin 1% pH=6	7		d3:3
496	Aspergillus eucalypticola CBS122712	arabic gum 1%	1		d3:2.9
496	Aspergillus eucalypticola CBS122712	arabinogalactan 1%			d3:2.9
496	Aspergillus eucalypticola CBS122712	beechwood xylan 1%	5		d3:2.3
496	Aspergillus eucalypticola CBS122712	birchwood xylan 1%	4		d3:2.1
496	Aspergillus eucalypticola CBS122712	casein 3%	0		d3:1.9
496	Aspergillus eucalypticola CBS122712	cellobiose	4		d3:2.1
496	Aspergillus eucalypticola CBS122712	cellulose 3%	0		d3:2
496	Aspergillus eucalypticola CBS122712	citrus pectin 1% pH=6	8		d3:3
496	Aspergillus eucalypticola CBS122712	citrus pulp 3% pH=6	10		d3:2.9
496	Aspergillus eucalypticola CBS122712	cotton seed pulp 3%	10		d3:3.7
496	Aspergillus eucalypticola CBS122712	D-fructose	5		d3:2
496	Aspergillus eucalypticola CBS122712	D-galactose	0		
496	Aspergillus eucalypticola CBS122712	D-galacturonic acid	2		d3:1.4
496	Aspergillus eucalypticola CBS122712	D-glucose	5		d3:2
496	Aspergillus eucalypticola CBS122712	D-glucuronic acid	1		d3:1.8
496	Aspergillus eucalypticola CBS122712	D-mannose	6		d3:2.1
496	Aspergillus eucalypticola CBS122712	D-ribose	1		d3:1.7
496	Aspergillus eucalypticola CBS122712	D-xylose	4		d3:1.8
496	Aspergillus eucalypticola CBS122712	guar gum 1%	0		d3:3
496	Aspergillus eucalypticola CBS122712	inulin 1%	5		d3:2
496	Aspergillus eucalypticola CBS122712	L-arabinose	4		d3:1.8
496	Aspergillus eucalypticola CBS122712	L-rhamnose	2		d3:1.8
496	Aspergillus eucalypticola CBS122712	lactose	0		d3:1.7
496	Aspergillus eucalypticola CBS122712	maltose	1		d3:1.6
496	Aspergillus eucalypticola CBS122712	no carbon source	0		d3:1.5
496	Aspergillus eucalypticola CBS122712	raffinose	5		d3:1.8
496	Aspergillus eucalypticola CBS122712	rice bran 3%	7		d3:2.6
496	Aspergillus eucalypticola CBS122712	soluble starch 1%	5		d3:2.4
496	Aspergillus eucalypticola CBS122712	soybean hulls 3%	8		d3:2.7
496	Aspergillus eucalypticola CBS122712	sucrose	5		d3:1.9
496	Aspergillus eucalypticola CBS122712	wheat bran 3%	10		d3:2.8
497	Aspergillus falconensis CBS271.91	alfalfa meal 3%	9		d4:2.7
497	Aspergillus falconensis CBS271.91	apple pectin 1% pH=6	7		d4:1.4
497	Aspergillus falconensis CBS271.91	arabic gum 1%	1		d4:1
497	Aspergillus falconensis CBS271.91	arabinogalactan 1%			d4:1.7
497	Aspergillus falconensis CBS271.91	beechwood xylan 1%	6		d4:1.7
497	Aspergillus falconensis CBS271.91	birchwood xylan 1%	0		d4:0
497	Aspergillus falconensis CBS271.91	casein 3%	0		d4:1.6
497	Aspergillus falconensis CBS271.91	cellobiose	6		d4:1.2
497	Aspergillus falconensis CBS271.91	cellulose 3%	0		d4:1.7
497	Aspergillus falconensis CBS271.91	citrus pectin 1% pH=6	6		d4:1.8
497	Aspergillus falconensis CBS271.91	citrus pulp 3% pH=6	10		d4:2.7
497	Aspergillus falconensis CBS271.91	cotton seed pulp 3%	10		d4:3
497	Aspergillus falconensis CBS271.91	D-fructose	3		d4:1.5
497	Aspergillus falconensis CBS271.91	D-galactose	0		d4:0.1
497	Aspergillus falconensis CBS271.91	D-galacturonic acid	0		d4:0
497	Aspergillus falconensis CBS271.91	D-glucose	5		d4:1.1
497	Aspergillus falconensis CBS271.91	D-glucuronic acid	0		d4:0
497	Aspergillus falconensis CBS271.91	D-mannose	5		d4:1.1
497	Aspergillus falconensis CBS271.91	D-ribose	0		d4:1.4
497	Aspergillus falconensis CBS271.91	D-xylose	3		d4:0.8
497	Aspergillus falconensis CBS271.91	guar gum 1%	6		d4:2.1
497	Aspergillus falconensis CBS271.91	inulin 1%	0		d4:1.9
497	Aspergillus falconensis CBS271.91	L-arabinose	4		d4:1.5
497	Aspergillus falconensis CBS271.91	L-rhamnose	1		d4:1.2
497	Aspergillus falconensis CBS271.91	lactose	0		d4:0.1
497	Aspergillus falconensis CBS271.91	maltose	4		d4:1.2
497	Aspergillus falconensis CBS271.91	no carbon source	0		d4:1.3
497	Aspergillus falconensis CBS271.91	raffinose	3		d4:1.6
497	Aspergillus falconensis CBS271.91	rice bran 3%	8		d4:2
497	Aspergillus falconensis CBS271.91	soluble starch 1%	6		d4:1.5
497	Aspergillus falconensis CBS271.91	soybean hulls 3%	8		d4:2.5
497	Aspergillus falconensis CBS271.91	sucrose	3		d4:0.8
497	Aspergillus falconensis CBS271.91	wheat bran 3%	9		d4:3
498	Aspergillus brunneoviolaceus CBS313.89	alfalfa meal 3%	10		d3:2.5
498	Aspergillus brunneoviolaceus CBS313.89	apple pectin 1% pH=6	7		d3:2.8
498	Aspergillus brunneoviolaceus CBS313.89	arabic gum 1%	2		d3:1.4
498	Aspergillus brunneoviolaceus CBS313.89	arabinogalactan 1%			d3:2
498	Aspergillus brunneoviolaceus CBS313.89	beechwood xylan 1%	5		d3:1.3
498	Aspergillus brunneoviolaceus CBS313.89	birchwood xylan 1%	3		d3:0.7
498	Aspergillus brunneoviolaceus CBS313.89	casein 3%	0		d3:1.6
498	Aspergillus brunneoviolaceus CBS313.89	cellobiose	5		d3:1.5
498	Aspergillus brunneoviolaceus CBS313.89	cellulose 3%	0		d3:1
498	Aspergillus brunneoviolaceus CBS313.89	citrus pectin 1% pH=6	7		d3:2.6
498	Aspergillus brunneoviolaceus CBS313.89	citrus pulp 3% pH=6	10		d3:2.5
498	Aspergillus brunneoviolaceus CBS313.89	cotton seed pulp 3%	8		d3:2.2
498	Aspergillus brunneoviolaceus CBS313.89	D-fructose	5		d3:1.4
498	Aspergillus brunneoviolaceus CBS313.89	D-galactose	1		d3:0.3
498	Aspergillus brunneoviolaceus CBS313.89	D-galacturonic acid	1		d3:0.9
498	Aspergillus brunneoviolaceus CBS313.89	D-glucose	5		d3:1.5
498	Aspergillus brunneoviolaceus CBS313.89	D-glucuronic acid	3		d3:1.2
498	Aspergillus brunneoviolaceus CBS313.89	D-mannose	5		d3:1.5
498	Aspergillus brunneoviolaceus CBS313.89	D-ribose	1		d3:1.2
498	Aspergillus brunneoviolaceus CBS313.89	D-xylose	6		d3:1.8
498	Aspergillus brunneoviolaceus CBS313.89	guar gum 1%	5		d3:1.5
498	Aspergillus brunneoviolaceus CBS313.89	inulin 1%	0		d3:1
498	Aspergillus brunneoviolaceus CBS313.89	L-arabinose	4		d3:1.5
498	Aspergillus brunneoviolaceus CBS313.89	L-rhamnose	2		d3:1.3
498	Aspergillus brunneoviolaceus CBS313.89	lactose	0		d3:1.1
498	Aspergillus brunneoviolaceus CBS313.89	maltose	5		d3:1.5
498	Aspergillus brunneoviolaceus CBS313.89	no carbon source	0		d3:1.1
498	Aspergillus brunneoviolaceus CBS313.89	raffinose	4		d3:1.4
498	Aspergillus brunneoviolaceus CBS313.89	rice bran 3%	5		d3:0.9
498	Aspergillus brunneoviolaceus CBS313.89	soluble starch 1%	5		d3:1.4
498	Aspergillus brunneoviolaceus CBS313.89	soybean hulls 3%	7		d3:1.8
498	Aspergillus brunneoviolaceus CBS313.89	sucrose	5		d3:1.5
498	Aspergillus brunneoviolaceus CBS313.89	wheat bran 3%	8		d3:2.3
499	Aspergillus filifer CBS114510	alfalfa meal 3%	9		d4:2.4
499	Aspergillus filifer CBS114510	apple pectin 1% pH=6	6		d4:2.2
499	Aspergillus filifer CBS114510	arabic gum 1%	1		d4:2.4
499	Aspergillus filifer CBS114510	arabinogalactan 1%			d4:1.9
499	Aspergillus filifer CBS114510	beechwood xylan 1%	4		d4:1.6
499	Aspergillus filifer CBS114510	birchwood xylan 1%	3		d4:1.4
499	Aspergillus filifer CBS114510	casein 3%	3		d4:1.8
499	Aspergillus filifer CBS114510	cellobiose	4		d4:1.5
499	Aspergillus filifer CBS114510	cellulose 3%	0		d4:1
499	Aspergillus filifer CBS114510	citrus pectin 1% pH=6	7		d4:2
499	Aspergillus filifer CBS114510	citrus pulp 3% pH=6	10		d4:2.4
499	Aspergillus filifer CBS114510	cotton seed pulp 3%	10		d4:2.5
499	Aspergillus filifer CBS114510	D-fructose	3		d4:1.8
499	Aspergillus filifer CBS114510	D-galactose	0		d4:0.8
499	Aspergillus filifer CBS114510	D-galacturonic acid	0		
499	Aspergillus filifer CBS114510	D-glucose	5		d4:1.4
499	Aspergillus filifer CBS114510	D-glucuronic acid	0		d4:1.8
499	Aspergillus filifer CBS114510	D-mannose	4		d4:1.4
499	Aspergillus filifer CBS114510	D-ribose	1		d4:1
499	Aspergillus filifer CBS114510	D-xylose	4		d4:1.5
499	Aspergillus filifer CBS114510	guar gum 1%	4		d4:2.1
499	Aspergillus filifer CBS114510	inulin 1%	0		d4:1.5
499	Aspergillus filifer CBS114510	L-arabinose	3		d4:1.5
499	Aspergillus filifer CBS114510	L-rhamnose	2		d4:1.5
499	Aspergillus filifer CBS114510	lactose	3		d4:1.6
499	Aspergillus filifer CBS114510	maltose	2		d4:1.4
499	Aspergillus filifer CBS114510	no carbon source	0		d4:1.6
499	Aspergillus filifer CBS114510	raffinose	1		d4:1.4
499	Aspergillus filifer CBS114510	rice bran 3%	7		d4:1.6
499	Aspergillus filifer CBS114510	soluble starch 1%	5		d4:1.4
499	Aspergillus filifer CBS114510	soybean hulls 3%	8		d4:2.1
499	Aspergillus filifer CBS114510	sucrose	1		d4:1.5
499	Aspergillus filifer CBS114510	wheat bran 3%	8		d4:1.9
500	Aspergillus flavus CBS138437	alfalfa meal 3%	8		d1:0.8 d2:2.7 d3:3.2
500	Aspergillus flavus CBS138437	apple pectin 1% pH=6	5		d1:0.6 d2:2.6 d3:3.2
500	Aspergillus flavus CBS138437	arabic gum 1%	1		d1:0.7 d2:2.2 d3:3
500	Aspergillus flavus CBS138437	arabinogalactan 1%			d1:0.6 d2:2.3 d3:3.2
500	Aspergillus flavus CBS138437	beechwood xylan 1%	6		d1:0.4 d2:2 d3:2.4
500	Aspergillus flavus CBS138437	birchwood xylan 1%	7		d1:0.5 d2:2.8 d3:2.8
500	Aspergillus flavus CBS138437	casein 3%	6		d1:0.9 d2:2 d3:2.8
500	Aspergillus flavus CBS138437	cellobiose	4		d1:0.6 d2:1.6 d3:2
500	Aspergillus flavus CBS138437	cellulose 3%	1		d1:0.5 d2:2.6 d3:3.2
500	Aspergillus flavus CBS138437	citrus pectin 1% pH=6	5		d1:0.6 d2:2.5 d3:3.2
500	Aspergillus flavus CBS138437	citrus pulp 3% pH=6	9		d1:0.7 d2:2.4 d3:3.2
500	Aspergillus flavus CBS138437	cotton seed pulp 3%	6		d1:0.6 d2:2.5 d3:3.2
500	Aspergillus flavus CBS138437	D-fructose	5		d1:0.5 d2:1.8 d3:2.6
500	Aspergillus flavus CBS138437	D-galactose	2		d1:0 d2:1.6 d3:2.3
500	Aspergillus flavus CBS138437	D-galacturonic acid	2		d1:0 d2:0.8 d3:1.2
500	Aspergillus flavus CBS138437	D-glucose	5		d1:0.4 d2:1.9 d3:2.5
500	Aspergillus flavus CBS138437	D-glucuronic acid	1		d1:0.5 d2:1.8 d3:2.1
500	Aspergillus flavus CBS138437	D-mannose	5		d1:0.5 d2:1.9 d3:2.7
500	Aspergillus flavus CBS138437	D-ribose	4		d1:0.5 d2:1.6 d3:2.2
500	Aspergillus flavus CBS138437	D-xylose	5		d1:0.6 d2:2 d3:2.7
500	Aspergillus flavus CBS138437	guar gum 1%	7		d1:0.8 d2:2.8 d3:3.2
500	Aspergillus flavus CBS138437	inulin 1%	2		d1:0.7 d2:2 d3:2.6
500	Aspergillus flavus CBS138437	L-arabinose	4		d1:0.5 d2:1.8 d3:2.3
500	Aspergillus flavus CBS138437	L-rhamnose	3		d1:0.3 d2:1.6 d3:2.2
500	Aspergillus flavus CBS138437	lactose	1		d1:0.5 d2:1.5 d3:2
500	Aspergillus flavus CBS138437	maltose	6		d1:0.5 d2:2 d3:2.5
500	Aspergillus flavus CBS138437	no carbon source	1		d1:0 d2:1.6 d3:2.2
500	Aspergillus flavus CBS138437	raffinose	6		d1:0.7 d2:2 d3:2.6
500	Aspergillus flavus CBS138437	rice bran 3%	9		d1:0.7 d2:2.8 d3:3.2
500	Aspergillus flavus CBS138437	soluble starch 1%	6		d1:0.6 d2:2 d3:2.9
500	Aspergillus flavus CBS138437	soybean hulls 3%	10		d1:0.8 d2:2.6 d3:3.2
500	Aspergillus flavus CBS138437	sucrose	6		d1:0.6 d2:1.9 d3:2.6
500	Aspergillus flavus CBS138437	wheat bran 3%	10		d1:0.9 d2:2.8 d3:3.2
501	Aspergillus ochraceopetaliformis CBS112785	alfalfa meal 3%	8		d4:2.5
501	Aspergillus ochraceopetaliformis CBS112785	apple pectin 1% pH=6	4		d4:2.4
501	Aspergillus ochraceopetaliformis CBS112785	arabic gum 1%	0		d4:1.6
501	Aspergillus ochraceopetaliformis CBS112785	arabinogalactan 1%			d4:2.1
501	Aspergillus ochraceopetaliformis CBS112785	beechwood xylan 1%	4		d4:1.7
501	Aspergillus ochraceopetaliformis CBS112785	birchwood xylan 1%	4		d4:1.8
501	Aspergillus ochraceopetaliformis CBS112785	casein 3%	4		d4:1.3
501	Aspergillus ochraceopetaliformis CBS112785	cellobiose	0		d4:1.8
501	Aspergillus ochraceopetaliformis CBS112785	cellulose 3%	0		d4:1.8
501	Aspergillus ochraceopetaliformis CBS112785	citrus pectin 1% pH=6	6		d4:2.2
501	Aspergillus ochraceopetaliformis CBS112785	citrus pulp 3% pH=6	7		d4:2.5
501	Aspergillus ochraceopetaliformis CBS112785	cotton seed pulp 3%	10		d4:2.8
501	Aspergillus ochraceopetaliformis CBS112785	D-fructose	5		d4:2.1
501	Aspergillus ochraceopetaliformis CBS112785	D-galactose	2		d4:1.6
501	Aspergillus ochraceopetaliformis CBS112785	D-galacturonic acid	1		d4:0.6
501	Aspergillus ochraceopetaliformis CBS112785	D-glucose	5		d4:1.9
501	Aspergillus ochraceopetaliformis CBS112785	D-glucuronic acid	4		d4:1.9
501	Aspergillus ochraceopetaliformis CBS112785	D-mannose	6		d4:2.3
501	Aspergillus ochraceopetaliformis CBS112785	D-ribose	1		d4:1.6
501	Aspergillus ochraceopetaliformis CBS112785	D-xylose	5		d4:2.1
501	Aspergillus ochraceopetaliformis CBS112785	guar gum 1%	5		d4:2.5
501	Aspergillus ochraceopetaliformis CBS112785	inulin 1%	1		d4:2.1
501	Aspergillus ochraceopetaliformis CBS112785	L-arabinose	3		d4:1.9
501	Aspergillus ochraceopetaliformis CBS112785	L-rhamnose	1		d4:1.9
501	Aspergillus ochraceopetaliformis CBS112785	lactose	1		d4:2.1
501	Aspergillus ochraceopetaliformis CBS112785	maltose	6		d4:2.2
501	Aspergillus ochraceopetaliformis CBS112785	no carbon source	0		d4:1.9
501	Aspergillus ochraceopetaliformis CBS112785	raffinose	5		d4:2.1
501	Aspergillus ochraceopetaliformis CBS112785	rice bran 3%	8		d4:2.5
501	Aspergillus ochraceopetaliformis CBS112785	soluble starch 1%	6		d4:2.2
501	Aspergillus ochraceopetaliformis CBS112785	soybean hulls 3%	7		d4:2.2
501	Aspergillus ochraceopetaliformis CBS112785	sucrose	6		d4:2.5
501	Aspergillus ochraceopetaliformis CBS112785	wheat bran 3%	9		d4:2.4
502	Aspergillus foveolatus CBS279.81	alfalfa meal 3%	8		d3:2.5
502	Aspergillus foveolatus CBS279.81	apple pectin 1% pH=6	6		d3:2.4
502	Aspergillus foveolatus CBS279.81	arabic gum 1%	1		d3:2.1
502	Aspergillus foveolatus CBS279.81	arabinogalactan 1%			d3:2.1
502	Aspergillus foveolatus CBS279.81	beechwood xylan 1%	4		d3:2.1
502	Aspergillus foveolatus CBS279.81	birchwood xylan 1%	4		d3:1.7
502	Aspergillus foveolatus CBS279.81	casein 3%	1		d3:2
502	Aspergillus foveolatus CBS279.81	cellobiose	4		d3:1.8
502	Aspergillus foveolatus CBS279.81	cellulose 3%	0		d3:1.7
502	Aspergillus foveolatus CBS279.81	citrus pectin 1% pH=6	4		d3:1.7
502	Aspergillus foveolatus CBS279.81	citrus pulp 3% pH=6	8		d3:2.4
502	Aspergillus foveolatus CBS279.81	cotton seed pulp 3%	10		d3:2.7
502	Aspergillus foveolatus CBS279.81	D-fructose	5		d3:2
502	Aspergillus foveolatus CBS279.81	D-galactose	2		d3:1.6
502	Aspergillus foveolatus CBS279.81	D-galacturonic acid	1		d3:0.5
502	Aspergillus foveolatus CBS279.81	D-glucose	5		d3:1.7
502	Aspergillus foveolatus CBS279.81	D-glucuronic acid	3		d3:1.7
502	Aspergillus foveolatus CBS279.81	D-mannose	5		d3:1.9
502	Aspergillus foveolatus CBS279.81	D-ribose	2		d3:1.6
502	Aspergillus foveolatus CBS279.81	D-xylose	5		d3:1.9
502	Aspergillus foveolatus CBS279.81	guar gum 1%	7		d3:2.3
502	Aspergillus foveolatus CBS279.81	inulin 1%	3		d3:1.8
502	Aspergillus foveolatus CBS279.81	L-arabinose	4		d3:1.9
502	Aspergillus foveolatus CBS279.81	L-rhamnose	2		d3:1.6
502	Aspergillus foveolatus CBS279.81	lactose	3		d3:1.7
502	Aspergillus foveolatus CBS279.81	maltose	3		d3:1.7
502	Aspergillus foveolatus CBS279.81	no carbon source	0		d3:1.9
502	Aspergillus foveolatus CBS279.81	raffinose	4		d3:1.6
502	Aspergillus foveolatus CBS279.81	rice bran 3%	7		d3:2.2
502	Aspergillus foveolatus CBS279.81	soluble starch 1%	5		d3:2
502	Aspergillus foveolatus CBS279.81	soybean hulls 3%	8		d3:2.5
502	Aspergillus foveolatus CBS279.81	sucrose	6		d3:1.8
502	Aspergillus foveolatus CBS279.81	wheat bran 3%	10		d3:2.4
504	Aspergillus fumigatus DTO 26B5	alfalfa meal 3%	10		d1:0.7 d2:2.5 d3:3.2
504	Aspergillus fumigatus DTO 26B5	apple pectin 1% pH=6	6		d1:0.4 d2:2 d3:3.2
504	Aspergillus fumigatus DTO 26B5	arabic gum 1%	1		d1:0.6 d2:2.2 d3:3.2
504	Aspergillus fumigatus DTO 26B5	arabinogalactan 1%			d1:0.4 d2:2 d3:3.2
504	Aspergillus fumigatus DTO 26B5	beechwood xylan 1%	4		d1:0.4 d2:1.4 d3:3
504	Aspergillus fumigatus DTO 26B5	birchwood xylan 1%	6		d1:0.5 d2:2 d3:3.2
504	Aspergillus fumigatus DTO 26B5	casein 3%	1		d1:0.5 d2:2.1 d3:3.2
504	Aspergillus fumigatus DTO 26B5	cellobiose	4		d1:0.5 d2:1.8 d3:2.7
504	Aspergillus fumigatus DTO 26B5	cellulose 3%	1		d1:0.5 d2:1.8 d3:3.2
504	Aspergillus fumigatus DTO 26B5	citrus pectin 1% pH=6	8		d1:0.5 d2:2 d3:3
504	Aspergillus fumigatus DTO 26B5	citrus pulp 3% pH=6	9		d1:0.5 d2:2 d3:3.2
504	Aspergillus fumigatus DTO 26B5	cotton seed pulp 3%	5		d1:0.6 d2:2.5 d3:3.2
504	Aspergillus fumigatus DTO 26B5	D-fructose	4		d1:0.5 d2:1.8 d3:2.8
504	Aspergillus fumigatus DTO 26B5	D-galactose	2		d1:0 d2:1.6 d3:2.8
504	Aspergillus fumigatus DTO 26B5	D-galacturonic acid	1		d1:0 d2:0.4 d3:1
504	Aspergillus fumigatus DTO 26B5	D-glucose	5		d1:0.4 d2:1.8 d3:2.6
504	Aspergillus fumigatus DTO 26B5	D-glucuronic acid	3		d1:0.4 d2:1.9 d3:2.8
504	Aspergillus fumigatus DTO 26B5	D-mannose	5		d1:0.5 d2:1.9 d3:2.8
504	Aspergillus fumigatus DTO 26B5	D-ribose	1		d1:0.5 d2:1.7 d3:3.2
504	Aspergillus fumigatus DTO 26B5	D-xylose	5		d1:0.5 d2:1.8 d3:2.8
504	Aspergillus fumigatus DTO 26B5	guar gum 1%	7		d1:0.8 d2:2.6 d3:3.2
504	Aspergillus fumigatus DTO 26B5	inulin 1%	1		d1:0.5 d2:2 d3:3.2
504	Aspergillus fumigatus DTO 26B5	L-arabinose	3		d1:0.5 d2:1.7 d3:2.8
504	Aspergillus fumigatus DTO 26B5	L-rhamnose	3		d1:0.4 d2:1.7 d3:2.8
504	Aspergillus fumigatus DTO 26B5	lactose	3		d1:0.4 d2:1.8 d3:2.7
504	Aspergillus fumigatus DTO 26B5	maltose	3		d1:0.4 d2:1.4 d3:1.5
504	Aspergillus fumigatus DTO 26B5	no carbon source	1		d1:0.4 d2:1.7 d3:3.2
504	Aspergillus fumigatus DTO 26B5	raffinose	5		d1:0.5 d2:2 d3:3
504	Aspergillus fumigatus DTO 26B5	rice bran 3%	9		d1:0.7 d2:2.8 d3:3.2
504	Aspergillus fumigatus DTO 26B5	soluble starch 1%	6		d1:0.7 d2:2 d3:3
504	Aspergillus fumigatus DTO 26B5	soybean hulls 3%	10		d1:0.8 d2:2.6 d3:3.2
504	Aspergillus fumigatus DTO 26B5	sucrose	5		d1:0.5 d2:2.1 d3:3
504	Aspergillus fumigatus DTO 26B5	wheat bran 3%	10		d1:0.8 d2:2.7 d3:3.2
505	Aspergillus funiculosus CBS116.56	alfalfa meal 3%	6		d4:1.2
505	Aspergillus funiculosus CBS116.56	apple pectin 1% pH=6	7		d4:2.3
505	Aspergillus funiculosus CBS116.56	arabic gum 1%	0		d4:2.2
505	Aspergillus funiculosus CBS116.56	arabinogalactan 1%			d4:1.9
505	Aspergillus funiculosus CBS116.56	beechwood xylan 1%	0		d4:2
505	Aspergillus funiculosus CBS116.56	birchwood xylan 1%	0		d4:1.9
505	Aspergillus funiculosus CBS116.56	casein 3%	1		d4:2
505	Aspergillus funiculosus CBS116.56	cellobiose	3		d4:1.4
505	Aspergillus funiculosus CBS116.56	cellulose 3%	0		d4:2
505	Aspergillus funiculosus CBS116.56	citrus pectin 1% pH=6	8		d4:2
505	Aspergillus funiculosus CBS116.56	citrus pulp 3% pH=6	8		d4:1.2
505	Aspergillus funiculosus CBS116.56	cotton seed pulp 3%	3		d4:2
505	Aspergillus funiculosus CBS116.56	D-fructose	2		d4:1.5
505	Aspergillus funiculosus CBS116.56	D-galactose	2		d4:1.2
505	Aspergillus funiculosus CBS116.56	D-galacturonic acid	2		d4:1
505	Aspergillus funiculosus CBS116.56	D-glucose	5		d4:1.3
505	Aspergillus funiculosus CBS116.56	D-glucuronic acid	0		d4:1.4
505	Aspergillus funiculosus CBS116.56	D-mannose	3		d4:1.6
505	Aspergillus funiculosus CBS116.56	D-ribose	0		d4:1.7
505	Aspergillus funiculosus CBS116.56	D-xylose	3		d4:1.2
505	Aspergillus funiculosus CBS116.56	guar gum 1%	1		d4:1.9
505	Aspergillus funiculosus CBS116.56	inulin 1%	0		d4:2
505	Aspergillus funiculosus CBS116.56	L-arabinose	3		d4:1.2
505	Aspergillus funiculosus CBS116.56	L-rhamnose	0		d4:1.6
505	Aspergillus funiculosus CBS116.56	lactose	0		d4:1.8
505	Aspergillus funiculosus CBS116.56	maltose	4		d4:1.4
505	Aspergillus funiculosus CBS116.56	no carbon source	0		d4:1.3
505	Aspergillus funiculosus CBS116.56	raffinose	2		d4:1.7
505	Aspergillus funiculosus CBS116.56	rice bran 3%	8		d4:1.2
505	Aspergillus funiculosus CBS116.56	soluble starch 1%	7		d4:1.9
505	Aspergillus funiculosus CBS116.56	soybean hulls 3%	8		d4:1.8
505	Aspergillus funiculosus CBS116.56	sucrose	6		d4:1.4
505	Aspergillus funiculosus CBS116.56	wheat bran 3%	10		d4:2
506	Aspergillus giganteus CBS526.65	alfalfa meal 3%	8		d5:3
506	Aspergillus giganteus CBS526.65	apple pectin 1% pH=6	7		d5:3
506	Aspergillus giganteus CBS526.65	arabic gum 1%	0		d5:3
506	Aspergillus giganteus CBS526.65	arabinogalactan 1%			d5:3
506	Aspergillus giganteus CBS526.65	beechwood xylan 1%	6		d5:2.5
506	Aspergillus giganteus CBS526.65	birchwood xylan 1%	6		d5:2.7
506	Aspergillus giganteus CBS526.65	casein 3%	6		d5:3
506	Aspergillus giganteus CBS526.65	cellobiose	5		d5:2.6
506	Aspergillus giganteus CBS526.65	cellulose 3%	0		d5:3
506	Aspergillus giganteus CBS526.65	citrus pectin 1% pH=6	7		d5:3
506	Aspergillus giganteus CBS526.65	citrus pulp 3% pH=6	8		d5:2.8
506	Aspergillus giganteus CBS526.65	cotton seed pulp 3%	8		d5:3
506	Aspergillus giganteus CBS526.65	D-fructose	3		d5:2.8
506	Aspergillus giganteus CBS526.65	D-galactose	0		d5:0.7
506	Aspergillus giganteus CBS526.65	D-galacturonic acid	1		
506	Aspergillus giganteus CBS526.65	D-glucose	5		d5:3
506	Aspergillus giganteus CBS526.65	D-glucuronic acid	3		d5:2.4
506	Aspergillus giganteus CBS526.65	D-mannose	4		d5:2.3
506	Aspergillus giganteus CBS526.65	D-ribose	0		d5:2.8
506	Aspergillus giganteus CBS526.65	D-xylose	5		d5:2.9
506	Aspergillus giganteus CBS526.65	guar gum 1%	7		d5:2.5
506	Aspergillus giganteus CBS526.65	inulin 1%	0		d5:3
506	Aspergillus giganteus CBS526.65	L-arabinose	3		d5:2.7
506	Aspergillus giganteus CBS526.65	L-rhamnose	0		d5:3
506	Aspergillus giganteus CBS526.65	lactose	1		d5:0.7
506	Aspergillus giganteus CBS526.65	maltose	4		d5:2.4
506	Aspergillus giganteus CBS526.65	no carbon source	0		d5:3
506	Aspergillus giganteus CBS526.65	raffinose	0		d5:2.7
506	Aspergillus giganteus CBS526.65	rice bran 3%	10		d5:3
506	Aspergillus giganteus CBS526.65	soluble starch 1%	5		d5:3
506	Aspergillus giganteus CBS526.65	soybean hulls 3%	8		d5:2.9
506	Aspergillus giganteus CBS526.65	sucrose	5		d5:2.8
506	Aspergillus giganteus CBS526.65	wheat bran 3%	9		d5:3
507	Aspergillus implicatus CBS484.95	alfalfa meal 3%	5		d6:2.5
507	Aspergillus implicatus CBS484.95	apple pectin 1% pH=6	7		d6:3
507	Aspergillus implicatus CBS484.95	arabic gum 1%	1		d6:3
507	Aspergillus implicatus CBS484.95	arabinogalactan 1%			d6:3
507	Aspergillus implicatus CBS484.95	beechwood xylan 1%	6		d6:2.7
507	Aspergillus implicatus CBS484.95	birchwood xylan 1%	6		d6:2.6
507	Aspergillus implicatus CBS484.95	casein 3%	4		d6:2.7
507	Aspergillus implicatus CBS484.95	cellobiose	5		d6:2.5
507	Aspergillus implicatus CBS484.95	cellulose 3%	1		d6:2.8
507	Aspergillus implicatus CBS484.95	citrus pectin 1% pH=6	7		d6:2.8
507	Aspergillus implicatus CBS484.95	citrus pulp 3% pH=6	5		d6:2.8
507	Aspergillus implicatus CBS484.95	cotton seed pulp 3%	6		d6:2.4
507	Aspergillus implicatus CBS484.95	D-fructose	4		d6:2.7
507	Aspergillus implicatus CBS484.95	D-galactose	2		d6:2.3
507	Aspergillus implicatus CBS484.95	D-galacturonic acid	3		d6:2.2
507	Aspergillus implicatus CBS484.95	D-glucose	5		d6:2.7
507	Aspergillus implicatus CBS484.95	D-glucuronic acid	1		d6:3
507	Aspergillus implicatus CBS484.95	D-mannose	5		d6:2.8
507	Aspergillus implicatus CBS484.95	D-ribose	1		d6:3.2
507	Aspergillus implicatus CBS484.95	D-xylose	4		d6:2.7
507	Aspergillus implicatus CBS484.95	guar gum 1%	4		d6:3
507	Aspergillus implicatus CBS484.95	inulin 1%	2		d6:3
507	Aspergillus implicatus CBS484.95	L-arabinose	4		d6:2.6
507	Aspergillus implicatus CBS484.95	L-rhamnose	5		d6:2.8
507	Aspergillus implicatus CBS484.95	lactose	1		d6:3
507	Aspergillus implicatus CBS484.95	maltose	5		d6:2.7
507	Aspergillus implicatus CBS484.95	no carbon source	0		d6:3.2
507	Aspergillus implicatus CBS484.95	raffinose	2		d6:2.5
507	Aspergillus implicatus CBS484.95	rice bran 3%	5		d6:1.8
507	Aspergillus implicatus CBS484.95	soluble starch 1%	6		d6:2.6
507	Aspergillus implicatus CBS484.95	soybean hulls 3%	3		d6:2.7
507	Aspergillus implicatus CBS484.95	sucrose	2		d6:3
507	Aspergillus implicatus CBS484.95	wheat bran 3%	6		d6:3
508	Aspergillus indologenus CBS114.80	alfalfa meal 3%	9		d3:3.3
508	Aspergillus indologenus CBS114.80	apple pectin 1% pH=6	3		d3:3.1
508	Aspergillus indologenus CBS114.80	arabic gum 1%	0		d3:3.2
508	Aspergillus indologenus CBS114.80	arabinogalactan 1%			d3:3.1
508	Aspergillus indologenus CBS114.80	beechwood xylan 1%	3		d3:2.3
508	Aspergillus indologenus CBS114.80	birchwood xylan 1%	3		d3:1.8
508	Aspergillus indologenus CBS114.80	casein 3%	1		d3:1.8
508	Aspergillus indologenus CBS114.80	cellobiose	5		d3:2.4
508	Aspergillus indologenus CBS114.80	cellulose 3%	0		d3:2.1
508	Aspergillus indologenus CBS114.80	citrus pectin 1% pH=6	6		d3:3.3
508	Aspergillus indologenus CBS114.80	citrus pulp 3% pH=6	10		d3:3.3
508	Aspergillus indologenus CBS114.80	cotton seed pulp 3%	9		d3:3.3
508	Aspergillus indologenus CBS114.80	D-fructose	5		d3:2.6
508	Aspergillus indologenus CBS114.80	D-galactose	1		d3:1
508	Aspergillus indologenus CBS114.80	D-galacturonic acid	2		d3:2.5
508	Aspergillus indologenus CBS114.80	D-glucose	5		d3:2.6
508	Aspergillus indologenus CBS114.80	D-glucuronic acid	2		d3:1.7
508	Aspergillus indologenus CBS114.80	D-mannose	5		d3:2.7
508	Aspergillus indologenus CBS114.80	D-ribose	1		d3:2.2
508	Aspergillus indologenus CBS114.80	D-xylose	4		d3:2.7
508	Aspergillus indologenus CBS114.80	guar gum 1%	3		d3:3.1
508	Aspergillus indologenus CBS114.80	inulin 1%	2		d3:2.4
508	Aspergillus indologenus CBS114.80	L-arabinose	3		d3:2.3
508	Aspergillus indologenus CBS114.80	L-rhamnose	1		d3:1.5
508	Aspergillus indologenus CBS114.80	lactose	0		d3:1.9
508	Aspergillus indologenus CBS114.80	maltose	5		d3:2.7
508	Aspergillus indologenus CBS114.80	no carbon source	0		d3:1.7
508	Aspergillus indologenus CBS114.80	raffinose	4		d3:2.4
508	Aspergillus indologenus CBS114.80	rice bran 3%	7		d3:3.2
508	Aspergillus indologenus CBS114.80	soluble starch 1%	4		d3:2.5
508	Aspergillus indologenus CBS114.80	soybean hulls 3%	8		d3:3.2
508	Aspergillus indologenus CBS114.80	sucrose	4		d3:2.6
508	Aspergillus indologenus CBS114.80	wheat bran 3%	10		d3:3.3
509	Aspergillus insolitus CBS384.61	alfalfa meal 3%	9		d1:1.7
509	Aspergillus insolitus CBS384.61	apple pectin 1% pH=6	4		d1:1.2
509	Aspergillus insolitus CBS384.61	arabic gum 1%	3		d1:1.6
509	Aspergillus insolitus CBS384.61	arabinogalactan 1%			d1:1.3
509	Aspergillus insolitus CBS384.61	beechwood xylan 1%	1		d1:0.5
509	Aspergillus insolitus CBS384.61	birchwood xylan 1%	1		d1:1.5
509	Aspergillus insolitus CBS384.61	casein 3%	8		d1:1.4
509	Aspergillus insolitus CBS384.61	cellobiose	2		d1:1.2
509	Aspergillus insolitus CBS384.61	cellulose 3%	1		d1:0.5
509	Aspergillus insolitus CBS384.61	citrus pectin 1% pH=6	4		d1:0.9
509	Aspergillus insolitus CBS384.61	citrus pulp 3% pH=6	5		d1:1.2
509	Aspergillus insolitus CBS384.61	cotton seed pulp 3%	4		d1:1.5
509	Aspergillus insolitus CBS384.61	D-fructose	2		d1:1.5
509	Aspergillus insolitus CBS384.61	D-galactose	2		d1:1.3
509	Aspergillus insolitus CBS384.61	D-galacturonic acid	0		d1:0.2
509	Aspergillus insolitus CBS384.61	D-glucose	2		d1:1.3
509	Aspergillus insolitus CBS384.61	D-glucuronic acid	1		d1:1.1
509	Aspergillus insolitus CBS384.61	D-mannose	2		d1:1.2
509	Aspergillus insolitus CBS384.61	D-ribose	2		d1:1.3
509	Aspergillus insolitus CBS384.61	D-xylose	2		d1:1.3
509	Aspergillus insolitus CBS384.61	guar gum 1%	3		d1:1.6
509	Aspergillus insolitus CBS384.61	inulin 1%	1		d1:1.7
509	Aspergillus insolitus CBS384.61	L-arabinose	1		d1:0.8
509	Aspergillus insolitus CBS384.61	L-rhamnose	2		d1:1.6
509	Aspergillus insolitus CBS384.61	lactose	1		d1:1.6
509	Aspergillus insolitus CBS384.61	maltose	2		d1:1.3
509	Aspergillus insolitus CBS384.61	no carbon source	1		d1:1.7
509	Aspergillus insolitus CBS384.61	raffinose	2		d1:1.6
509	Aspergillus insolitus CBS384.61	rice bran 3%	4		d1:1.5
509	Aspergillus insolitus CBS384.61	soluble starch 1%	2		d1:1.4
509	Aspergillus insolitus CBS384.61	soybean hulls 3%	7		d1:1.6
509	Aspergillus insolitus CBS384.61	sucrose	2		d1:1.2
509	Aspergillus insolitus CBS384.61	wheat bran 3%	10		d1:1.6
510	Aspergillus insulicola CBS382.75	alfalfa meal 3%	7		d4:2.3
510	Aspergillus insulicola CBS382.75	apple pectin 1% pH=6	7		d4:2.2
510	Aspergillus insulicola CBS382.75	arabic gum 1%	2		d4:1.8
510	Aspergillus insulicola CBS382.75	arabinogalactan 1%			d4:1.7
510	Aspergillus insulicola CBS382.75	beechwood xylan 1%	6		d4:2
510	Aspergillus insulicola CBS382.75	birchwood xylan 1%	5		d4:1.8
510	Aspergillus insulicola CBS382.75	casein 3%	6		d4:1.9
510	Aspergillus insulicola CBS382.75	cellobiose	5		d4:1.7
510	Aspergillus insulicola CBS382.75	cellulose 3%	1		d4:1.6
510	Aspergillus insulicola CBS382.75	citrus pectin 1% pH=6	6		d4:1.9
510	Aspergillus insulicola CBS382.75	citrus pulp 3% pH=6	5		d4:1.9
510	Aspergillus insulicola CBS382.75	cotton seed pulp 3%	10		d4:3
510	Aspergillus insulicola CBS382.75	D-fructose	5		d4:1.9
510	Aspergillus insulicola CBS382.75	D-galactose	3		d4:1.5
510	Aspergillus insulicola CBS382.75	D-galacturonic acid	0		d4:0.1
510	Aspergillus insulicola CBS382.75	D-glucose	5		d4:1.8
510	Aspergillus insulicola CBS382.75	D-glucuronic acid	1		d4:1.5
510	Aspergillus insulicola CBS382.75	D-mannose	5		d4:1.7
510	Aspergillus insulicola CBS382.75	D-ribose	2		d4:1.5
510	Aspergillus insulicola CBS382.75	D-xylose	6		d4:2
510	Aspergillus insulicola CBS382.75	guar gum 1%	6		d4:2.3
510	Aspergillus insulicola CBS382.75	inulin 1%	4		d4:1.9
510	Aspergillus insulicola CBS382.75	L-arabinose	6		d4:2.1
510	Aspergillus insulicola CBS382.75	L-rhamnose	3		d4:1.6
510	Aspergillus insulicola CBS382.75	lactose	1		d4:1.7
510	Aspergillus insulicola CBS382.75	maltose	5		d4:1.9
510	Aspergillus insulicola CBS382.75	no carbon source	0		d4:1.5
510	Aspergillus insulicola CBS382.75	raffinose	6		d4:2.1
510	Aspergillus insulicola CBS382.75	rice bran 3%	8		d4:2.5
510	Aspergillus insulicola CBS382.75	soluble starch 1%	5		d4:1.6
510	Aspergillus insulicola CBS382.75	soybean hulls 3%	8		d4:2.5
510	Aspergillus insulicola CBS382.75	sucrose	5		d4:1.7
510	Aspergillus insulicola CBS382.75	wheat bran 3%	9		d4:2.7
511	Aspergillus jaipurensis CBS952.97	alfalfa meal 3%	8		d3:2.1
511	Aspergillus jaipurensis CBS952.97	apple pectin 1% pH=6	7		d3:2.4
511	Aspergillus jaipurensis CBS952.97	arabic gum 1%	0		d3:1.8
511	Aspergillus jaipurensis CBS952.97	arabinogalactan 1%			d3:2.2
511	Aspergillus jaipurensis CBS952.97	beechwood xylan 1%	4		d3:1.6
511	Aspergillus jaipurensis CBS952.97	birchwood xylan 1%	4		d3:1.4
511	Aspergillus jaipurensis CBS952.97	casein 3%	2		d3:1.7
511	Aspergillus jaipurensis CBS952.97	cellobiose	2		d3:1.3
511	Aspergillus jaipurensis CBS952.97	cellulose 3%	0		d3:1
511	Aspergillus jaipurensis CBS952.97	citrus pectin 1% pH=6	5		d3:1.6
511	Aspergillus jaipurensis CBS952.97	citrus pulp 3% pH=6	10		d3:2.4
511	Aspergillus jaipurensis CBS952.97	cotton seed pulp 3%	10		d3:2.3
511	Aspergillus jaipurensis CBS952.97	D-fructose	4		d3:1.6
511	Aspergillus jaipurensis CBS952.97	D-galactose	4		d3:1.5
511	Aspergillus jaipurensis CBS952.97	D-galacturonic acid	1		d3:0.7
511	Aspergillus jaipurensis CBS952.97	D-glucose	5		d3:1.7
511	Aspergillus jaipurensis CBS952.97	D-glucuronic acid	1		d3:1.6
511	Aspergillus jaipurensis CBS952.97	D-mannose	5		d3:1.5
511	Aspergillus jaipurensis CBS952.97	D-ribose	0		d3:1.5
511	Aspergillus jaipurensis CBS952.97	D-xylose	5		d3:1.5
511	Aspergillus jaipurensis CBS952.97	guar gum 1%	2		d3:2.2
511	Aspergillus jaipurensis CBS952.97	inulin 1%	0		d3:1.7
511	Aspergillus jaipurensis CBS952.97	L-arabinose	3		d3:1.3
511	Aspergillus jaipurensis CBS952.97	L-rhamnose	1		d3:1.6
511	Aspergillus jaipurensis CBS952.97	lactose	2		d3:1.4
511	Aspergillus jaipurensis CBS952.97	maltose	2		d3:1
511	Aspergillus jaipurensis CBS952.97	no carbon source	0		d3:1.7
511	Aspergillus jaipurensis CBS952.97	raffinose	3		d3:1.3
511	Aspergillus jaipurensis CBS952.97	rice bran 3%	8		d3:1.9
511	Aspergillus jaipurensis CBS952.97	soluble starch 1%	4		d3:1.3
511	Aspergillus jaipurensis CBS952.97	soybean hulls 3%	7		d3:1.6
511	Aspergillus jaipurensis CBS952.97	sucrose	3		d3:1.4
511	Aspergillus jaipurensis CBS952.97	wheat bran 3%	9		d3:2
512	Aspergillus japonicus CBS114.51	alfalfa meal 3%	10		d3:3.2
512	Aspergillus japonicus CBS114.51	apple pectin 1% pH=6	7		d3:3.3
512	Aspergillus japonicus CBS114.51	arabic gum 1%	1		d3:3
512	Aspergillus japonicus CBS114.51	arabinogalactan 1%			d3:3.1
512	Aspergillus japonicus CBS114.51	beechwood xylan 1%	5		d3:3
512	Aspergillus japonicus CBS114.51	birchwood xylan 1%	5		d3:2.4
512	Aspergillus japonicus CBS114.51	casein 3%	0		d3:2.5
512	Aspergillus japonicus CBS114.51	cellobiose	6		d3:3.1
512	Aspergillus japonicus CBS114.51	cellulose 3%	1		d3:2.3
512	Aspergillus japonicus CBS114.51	citrus pectin 1% pH=6	7		d3:3.3
512	Aspergillus japonicus CBS114.51	citrus pulp 3% pH=6	10		d3:3.3
512	Aspergillus japonicus CBS114.51	cotton seed pulp 3%	10		d3:3.3
512	Aspergillus japonicus CBS114.51	D-fructose	7		d3:3
512	Aspergillus japonicus CBS114.51	D-galactose	0		d3:2
512	Aspergillus japonicus CBS114.51	D-galacturonic acid	3		d3:2.5
512	Aspergillus japonicus CBS114.51	D-glucose	5		d3:2
512	Aspergillus japonicus CBS114.51	D-glucuronic acid	1		d3:2.2
512	Aspergillus japonicus CBS114.51	D-mannose	6		d3:2.6
512	Aspergillus japonicus CBS114.51	D-ribose	0		d3:2
512	Aspergillus japonicus CBS114.51	D-xylose	6		d3:3
512	Aspergillus japonicus CBS114.51	guar gum 1%	4		d3:3
512	Aspergillus japonicus CBS114.51	inulin 1%	0		d3:2.2
512	Aspergillus japonicus CBS114.51	L-arabinose	6		d3:2.7
512	Aspergillus japonicus CBS114.51	L-rhamnose	2		d3:2
512	Aspergillus japonicus CBS114.51	lactose	0		d3:2
512	Aspergillus japonicus CBS114.51	maltose	6		d3:2.8
512	Aspergillus japonicus CBS114.51	no carbon source	0		d3:2
512	Aspergillus japonicus CBS114.51	raffinose	7		d3:2.8
512	Aspergillus japonicus CBS114.51	rice bran 3%	8		d3:2.9
512	Aspergillus japonicus CBS114.51	soluble starch 1%	7		d3:3
512	Aspergillus japonicus CBS114.51	soybean hulls 3%	9		d3:3
512	Aspergillus japonicus CBS114.51	sucrose	6		d3:2.4
512	Aspergillus japonicus CBS114.51	wheat bran 3%	10		d3:3.3
513	Aspergillus japonicus CBS621.78	alfalfa meal 3%	10		d3:3.4
513	Aspergillus japonicus CBS621.78	apple pectin 1% pH=6	1		d3:2.9
513	Aspergillus japonicus CBS621.78	arabic gum 1%	1		d3:1.7
513	Aspergillus japonicus CBS621.78	arabinogalactan 1%			d3:1.8
513	Aspergillus japonicus CBS621.78	beechwood xylan 1%	4		d3:1.2
513	Aspergillus japonicus CBS621.78	birchwood xylan 1%	3		d3:1
513	Aspergillus japonicus CBS621.78	casein 3%	0		d3:1.4
513	Aspergillus japonicus CBS621.78	cellobiose	7		d3:1.6
513	Aspergillus japonicus CBS621.78	cellulose 3%			d3:0.5
513	Aspergillus japonicus CBS621.78	citrus pectin 1% pH=6	7		d3:2.7
513	Aspergillus japonicus CBS621.78	citrus pulp 3% pH=6	10		d3:3.4
513	Aspergillus japonicus CBS621.78	cotton seed pulp 3%	9		d3:2.9
513	Aspergillus japonicus CBS621.78	D-fructose	6		d3:2
513	Aspergillus japonicus CBS621.78	D-galactose	0		d3:0.6
513	Aspergillus japonicus CBS621.78	D-galacturonic acid	1		d3:1.3
513	Aspergillus japonicus CBS621.78	D-glucose	5		d3:1.6
513	Aspergillus japonicus CBS621.78	D-glucuronic acid	2		d3:1
513	Aspergillus japonicus CBS621.78	D-mannose	6		d3:1.8
513	Aspergillus japonicus CBS621.78	D-ribose	1		d3:0.8
513	Aspergillus japonicus CBS621.78	D-xylose	5		d3:1.7
513	Aspergillus japonicus CBS621.78	guar gum 1%	2		d3:1.8
513	Aspergillus japonicus CBS621.78	inulin 1%	0		d3:0.9
513	Aspergillus japonicus CBS621.78	L-arabinose	4		d3:1.5
513	Aspergillus japonicus CBS621.78	L-rhamnose	3		d3:1
513	Aspergillus japonicus CBS621.78	lactose	4		d3:1
513	Aspergillus japonicus CBS621.78	maltose	7		d3:1.5
513	Aspergillus japonicus CBS621.78	no carbon source	0		d3:0.9
513	Aspergillus japonicus CBS621.78	raffinose	6		d3:1.4
513	Aspergillus japonicus CBS621.78	rice bran 3%	5		d3:0.9
513	Aspergillus japonicus CBS621.78	soluble starch 1%	7		d3:1.6
513	Aspergillus japonicus CBS621.78	soybean hulls 3%	8		d3:2.1
513	Aspergillus japonicus CBS621.78	sucrose	6		d3:1.6
513	Aspergillus japonicus CBS621.78	wheat bran 3%	8		d3:2.6
514	Aspergillus niger CBS101883	alfalfa meal 3%	9		d4:3.5
514	Aspergillus niger CBS101883	apple pectin 1% pH=6	7		d4:3.3
514	Aspergillus niger CBS101883	arabic gum 1%	0		d4:3.1
514	Aspergillus niger CBS101883	arabinogalactan 1%			d4:3.2
514	Aspergillus niger CBS101883	beechwood xylan 1%	6		d4:2.7
514	Aspergillus niger CBS101883	birchwood xylan 1%	5		d4:2.2
514	Aspergillus niger CBS101883	casein 3%	0		d4:2.3
514	Aspergillus niger CBS101883	cellobiose	5		d4:2
514	Aspergillus niger CBS101883	cellulose 3%	0		d4:1.8
514	Aspergillus niger CBS101883	citrus pectin 1% pH=6	7		d4:2.9
514	Aspergillus niger CBS101883	citrus pulp 3% pH=6	9		d4:3.5
514	Aspergillus niger CBS101883	cotton seed pulp 3%	9		d4:3.5
514	Aspergillus niger CBS101883	D-fructose	5		d4:2.1
514	Aspergillus niger CBS101883	D-galactose	0		d4:0.5
514	Aspergillus niger CBS101883	D-galacturonic acid	3		d4:1.9
514	Aspergillus niger CBS101883	D-glucose	5		d4:2.1
514	Aspergillus niger CBS101883	D-glucuronic acid	1		d4:2
514	Aspergillus niger CBS101883	D-mannose	5		d4:2.1
514	Aspergillus niger CBS101883	D-ribose	0		d4:1.8
514	Aspergillus niger CBS101883	D-xylose	4		d4:2
514	Aspergillus niger CBS101883	guar gum 1%	6		d4:3.3
514	Aspergillus niger CBS101883	inulin 1%	5		d4:2.3
514	Aspergillus niger CBS101883	L-arabinose	4		d4:2
514	Aspergillus niger CBS101883	L-rhamnose	2		d4:2.2
514	Aspergillus niger CBS101883	lactose	0		d4:2
514	Aspergillus niger CBS101883	maltose	5		d4:2.3
514	Aspergillus niger CBS101883	no carbon source	0		d4:2
514	Aspergillus niger CBS101883	raffinose	5		d4:2
514	Aspergillus niger CBS101883	rice bran 3%	8		d4:3.5
514	Aspergillus niger CBS101883	soluble starch 1%	6		d4:2.6
514	Aspergillus niger CBS101883	soybean hulls 3%	8		d4:3.5
514	Aspergillus niger CBS101883	sucrose	5		d4:2.2
514	Aspergillus niger CBS101883	wheat bran 3%	10		d4:3.5
515	Aspergillus leporis CBS151.66	alfalfa meal 3%	8		d3:3.3
515	Aspergillus leporis CBS151.66	apple pectin 1% pH=6	4		d3:3.3
515	Aspergillus leporis CBS151.66	arabic gum 1%	2		d3:2.8
515	Aspergillus leporis CBS151.66	arabinogalactan 1%			d3:2.6
515	Aspergillus leporis CBS151.66	beechwood xylan 1%	5		d3:2.1
515	Aspergillus leporis CBS151.66	birchwood xylan 1%	4		d3:2.2
515	Aspergillus leporis CBS151.66	casein 3%	7		d3:2
515	Aspergillus leporis CBS151.66	cellobiose	2		d3:2.2
515	Aspergillus leporis CBS151.66	cellulose 3%	0		d3:1.9
515	Aspergillus leporis CBS151.66	citrus pectin 1% pH=6	5		d3:2.6
515	Aspergillus leporis CBS151.66	citrus pulp 3% pH=6	8		d3:3.3
515	Aspergillus leporis CBS151.66	cotton seed pulp 3%	10		d3:3.3
515	Aspergillus leporis CBS151.66	D-fructose	4		d3:2.3
515	Aspergillus leporis CBS151.66	D-galactose	1		d3:1.9
515	Aspergillus leporis CBS151.66	D-galacturonic acid	0		d3:1
515	Aspergillus leporis CBS151.66	D-glucose	5		d3:2.4
515	Aspergillus leporis CBS151.66	D-glucuronic acid	0		d3:1.6
515	Aspergillus leporis CBS151.66	D-mannose	5		d3:2.4
515	Aspergillus leporis CBS151.66	D-ribose	0		d3:2.4
515	Aspergillus leporis CBS151.66	D-xylose	3		d3:2.2
515	Aspergillus leporis CBS151.66	guar gum 1%	8		d3:2.7
515	Aspergillus leporis CBS151.66	inulin 1%	0		d3:2.5
515	Aspergillus leporis CBS151.66	L-arabinose	0		d3:1.7
515	Aspergillus leporis CBS151.66	L-rhamnose	0		d3:1.5
515	Aspergillus leporis CBS151.66	lactose	3		d3:2
515	Aspergillus leporis CBS151.66	maltose	4		d3:2.3
515	Aspergillus leporis CBS151.66	no carbon source	0		d3:2.1
515	Aspergillus leporis CBS151.66	raffinose	1		d3:2.1
515	Aspergillus leporis CBS151.66	rice bran 3%	7		d3:3.3
515	Aspergillus leporis CBS151.66	soluble starch 1%	7		d3:2.7
515	Aspergillus leporis CBS151.66	soybean hulls 3%	9		d3:3.3
515	Aspergillus leporis CBS151.66	sucrose	1		d3:2.1
515	Aspergillus leporis CBS151.66	wheat bran 3%	10		d3:3.3
516	Aspergillus longivesica CBS530.71	alfalfa meal 3%	8		d3:2.8
516	Aspergillus longivesica CBS530.71	apple pectin 1% pH=6	5		d3:2.6
516	Aspergillus longivesica CBS530.71	arabic gum 1%	1		d3:2.9
516	Aspergillus longivesica CBS530.71	arabinogalactan 1%			d3:2.5
516	Aspergillus longivesica CBS530.71	beechwood xylan 1%	5		d3:2.6
516	Aspergillus longivesica CBS530.71	birchwood xylan 1%	5		d3:2
516	Aspergillus longivesica CBS530.71	casein 3%	8		d3:3
516	Aspergillus longivesica CBS530.71	cellobiose	2		d3:2
516	Aspergillus longivesica CBS530.71	cellulose 3%	0		d3:2.6
516	Aspergillus longivesica CBS530.71	citrus pectin 1% pH=6	5		d3:2.1
516	Aspergillus longivesica CBS530.71	citrus pulp 3% pH=6	8		d3:2.6
516	Aspergillus longivesica CBS530.71	cotton seed pulp 3%	10		d3:3.2
516	Aspergillus longivesica CBS530.71	D-fructose	2		d3:2.3
516	Aspergillus longivesica CBS530.71	D-galactose	1		d3:1.1
516	Aspergillus longivesica CBS530.71	D-galacturonic acid	0		d3:0
516	Aspergillus longivesica CBS530.71	D-glucose	5		d3:2.1
516	Aspergillus longivesica CBS530.71	D-glucuronic acid	0		d3:2.1
516	Aspergillus longivesica CBS530.71	D-mannose	5		d3:2.1
516	Aspergillus longivesica CBS530.71	D-ribose	0		d3:2.4
516	Aspergillus longivesica CBS530.71	D-xylose	3		d3:2.2
516	Aspergillus longivesica CBS530.71	guar gum 1%	8		d3:2.9
516	Aspergillus longivesica CBS530.71	inulin 1%	0		d3:2.2
516	Aspergillus longivesica CBS530.71	L-arabinose	0		d3:2.3
516	Aspergillus longivesica CBS530.71	L-rhamnose	0		d3:2.2
516	Aspergillus longivesica CBS530.71	lactose	4		d3:1.8
516	Aspergillus longivesica CBS530.71	maltose	4		d3:2
516	Aspergillus longivesica CBS530.71	no carbon source	0		d3:2.2
516	Aspergillus longivesica CBS530.71	raffinose	1		d3:2.2
516	Aspergillus longivesica CBS530.71	rice bran 3%	7		d3:2.5
516	Aspergillus longivesica CBS530.71	soluble starch 1%	7		d3:2
516	Aspergillus longivesica CBS530.71	soybean hulls 3%	9		d3:3
516	Aspergillus longivesica CBS530.71	sucrose	1		d3:2.2
516	Aspergillus longivesica CBS530.71	wheat bran 3%	10		d3:3.1
517	Aspergillus melleus CBS546.65	alfalfa meal 3%	9		d4:2.9
517	Aspergillus melleus CBS546.65	apple pectin 1% pH=6	6		d4:2.2
517	Aspergillus melleus CBS546.65	arabic gum 1%	1		d4:2
517	Aspergillus melleus CBS546.65	arabinogalactan 1%			d4:1.9
517	Aspergillus melleus CBS546.65	beechwood xylan 1%	6		d4:2.1
517	Aspergillus melleus CBS546.65	birchwood xylan 1%	4		d4:1.9
517	Aspergillus melleus CBS546.65	casein 3%	6		d4:2.4
517	Aspergillus melleus CBS546.65	cellobiose	5		d4:1.6
517	Aspergillus melleus CBS546.65	cellulose 3%	0		d4:1.5
517	Aspergillus melleus CBS546.65	citrus pectin 1% pH=6	5		d4:2.2
517	Aspergillus melleus CBS546.65	citrus pulp 3% pH=6	8		d4:2.6
517	Aspergillus melleus CBS546.65	cotton seed pulp 3%	9		d4:3.1
517	Aspergillus melleus CBS546.65	D-fructose	6		d4:1.8
517	Aspergillus melleus CBS546.65	D-galactose	2		d4:0.6
517	Aspergillus melleus CBS546.65	D-galacturonic acid	3		d4:0.7
517	Aspergillus melleus CBS546.65	D-glucose	5		d4:1.6
517	Aspergillus melleus CBS546.65	D-glucuronic acid	1		d4:1.7
517	Aspergillus melleus CBS546.65	D-mannose	6		d4:1.9
517	Aspergillus melleus CBS546.65	D-ribose	1		d4:1.3
517	Aspergillus melleus CBS546.65	D-xylose	6		d4:1.8
517	Aspergillus melleus CBS546.65	guar gum 1%	3		d4:2.5
517	Aspergillus melleus CBS546.65	inulin 1%	6		d4:2.1
517	Aspergillus melleus CBS546.65	L-arabinose	5		d4:1.9
517	Aspergillus melleus CBS546.65	L-rhamnose	4		d4:1.7
517	Aspergillus melleus CBS546.65	lactose	1		d4:1.9
517	Aspergillus melleus CBS546.65	maltose	6		d4:1.9
517	Aspergillus melleus CBS546.65	no carbon source	0		d4:1.7
517	Aspergillus melleus CBS546.65	raffinose	7		d4:1.9
517	Aspergillus melleus CBS546.65	rice bran 3%	9		d4:2.7
517	Aspergillus melleus CBS546.65	soluble starch 1%	5		d4:1.7
517	Aspergillus melleus CBS546.65	soybean hulls 3%	10		d4:2.8
517	Aspergillus melleus CBS546.65	sucrose	7		d4:2
517	Aspergillus melleus CBS546.65	wheat bran 3%	10		d4:3.3
518	Aspergillus minisclerotigenes CBS117635	alfalfa meal 3%	9		d3:3
518	Aspergillus minisclerotigenes CBS117635	apple pectin 1% pH=6	5		d3:3
518	Aspergillus minisclerotigenes CBS117635	arabic gum 1%	1		d3:3
518	Aspergillus minisclerotigenes CBS117635	arabinogalactan 1%			d3:3.1
518	Aspergillus minisclerotigenes CBS117635	beechwood xylan 1%	5		d3:2.8
518	Aspergillus minisclerotigenes CBS117635	birchwood xylan 1%	4		d3:2.8
518	Aspergillus minisclerotigenes CBS117635	casein 3%	5		d3:2.6
518	Aspergillus minisclerotigenes CBS117635	cellobiose	3		d3:2.3
518	Aspergillus minisclerotigenes CBS117635	cellulose 3%	0		d3:2.8
518	Aspergillus minisclerotigenes CBS117635	citrus pectin 1% pH=6	6		d3:3
518	Aspergillus minisclerotigenes CBS117635	citrus pulp 3% pH=6	9		d3:3
518	Aspergillus minisclerotigenes CBS117635	cotton seed pulp 3%	9		d3:3.4
518	Aspergillus minisclerotigenes CBS117635	D-fructose	5		d3:2.5
518	Aspergillus minisclerotigenes CBS117635	D-galactose	1		d3:2.2
518	Aspergillus minisclerotigenes CBS117635	D-galacturonic acid	3		d3:1.9
518	Aspergillus minisclerotigenes CBS117635	D-glucose	5		d3:2.7
518	Aspergillus minisclerotigenes CBS117635	D-glucuronic acid	1		d3:2.5
518	Aspergillus minisclerotigenes CBS117635	D-mannose	5		d3:2.8
518	Aspergillus minisclerotigenes CBS117635	D-ribose	4		d3:2.6
518	Aspergillus minisclerotigenes CBS117635	D-xylose	5		d3:2.5
518	Aspergillus minisclerotigenes CBS117635	guar gum 1%	7		d3:3.3
518	Aspergillus minisclerotigenes CBS117635	inulin 1%	1		d3:2.5
518	Aspergillus minisclerotigenes CBS117635	L-arabinose	4		d3:2.5
518	Aspergillus minisclerotigenes CBS117635	L-rhamnose	3		d3:2.3
518	Aspergillus minisclerotigenes CBS117635	lactose	1		d3:2.4
518	Aspergillus minisclerotigenes CBS117635	maltose	5		d3:2.7
518	Aspergillus minisclerotigenes CBS117635	no carbon source	0		d3:2.2
518	Aspergillus minisclerotigenes CBS117635	raffinose	6		d3:2.6
518	Aspergillus minisclerotigenes CBS117635	rice bran 3%	8		d3:3.1
518	Aspergillus minisclerotigenes CBS117635	soluble starch 1%	6		d3:2.8
518	Aspergillus minisclerotigenes CBS117635	soybean hulls 3%	8		d3:2.9
518	Aspergillus minisclerotigenes CBS117635	sucrose	6		d3:2.7
518	Aspergillus minisclerotigenes CBS117635	wheat bran 3%	10		d3:3.4
519	Aspergillus mottae CBS130016	alfalfa meal 3%	9		d3:3.2
519	Aspergillus mottae CBS130016	apple pectin 1% pH=6	6		d3:3
519	Aspergillus mottae CBS130016	arabic gum 1%	1		d3:3
519	Aspergillus mottae CBS130016	arabinogalactan 1%			d3:3.1
519	Aspergillus mottae CBS130016	beechwood xylan 1%	5		d3:3
519	Aspergillus mottae CBS130016	birchwood xylan 1%	5		d3:2.8
519	Aspergillus mottae CBS130016	casein 3%	5		d3:2.5
519	Aspergillus mottae CBS130016	cellobiose	3		d3:2.2
519	Aspergillus mottae CBS130016	cellulose 3%	0		d3:2.5
519	Aspergillus mottae CBS130016	citrus pectin 1% pH=6	7		d3:3
519	Aspergillus mottae CBS130016	citrus pulp 3% pH=6	8		d3:3
519	Aspergillus mottae CBS130016	cotton seed pulp 3%	9		d3:3.3
519	Aspergillus mottae CBS130016	D-fructose	4		d3:2.2
519	Aspergillus mottae CBS130016	D-galactose	1		d3:2.5
519	Aspergillus mottae CBS130016	D-galacturonic acid	2		d3:1.3
519	Aspergillus mottae CBS130016	D-glucose	5		d3:2.6
519	Aspergillus mottae CBS130016	D-glucuronic acid	1		d3:2.4
519	Aspergillus mottae CBS130016	D-mannose	5		d3:2.6
519	Aspergillus mottae CBS130016	D-ribose	4		d3:2.5
519	Aspergillus mottae CBS130016	D-xylose	5		d3:2.7
519	Aspergillus mottae CBS130016	guar gum 1%	6		d3:3.1
519	Aspergillus mottae CBS130016	inulin 1%	1		d3:2.4
519	Aspergillus mottae CBS130016	L-arabinose	3		d3:2.2
519	Aspergillus mottae CBS130016	L-rhamnose	3		d3:2.2
519	Aspergillus mottae CBS130016	lactose	1		d3:2.5
519	Aspergillus mottae CBS130016	maltose	6		d3:2.9
519	Aspergillus mottae CBS130016	no carbon source	0		d3:2.4
519	Aspergillus mottae CBS130016	raffinose	5		d3:2.3
519	Aspergillus mottae CBS130016	rice bran 3%	8		d3:3.1
519	Aspergillus mottae CBS130016	soluble starch 1%	6		d3:3
519	Aspergillus mottae CBS130016	soybean hulls 3%	9		d3:3.3
519	Aspergillus mottae CBS130016	sucrose	6		d3:2.6
519	Aspergillus mottae CBS130016	wheat bran 3%	10		d3:3.3
520	Aspergillus multicolor CBS133.54	alfalfa meal 3%	10		d4:2.2
520	Aspergillus multicolor CBS133.54	apple pectin 1% pH=6	7		d4:2.4
520	Aspergillus multicolor CBS133.54	arabic gum 1%	4		d4:2.4
520	Aspergillus multicolor CBS133.54	arabinogalactan 1%			d4:2.3
520	Aspergillus multicolor CBS133.54	beechwood xylan 1%	6		d4:1.8
520	Aspergillus multicolor CBS133.54	birchwood xylan 1%	6		d4:1.9
520	Aspergillus multicolor CBS133.54	casein 3%	7		d4:1.7
520	Aspergillus multicolor CBS133.54	cellobiose	6		d4:1.6
520	Aspergillus multicolor CBS133.54	cellulose 3%	0		d4:1.7
520	Aspergillus multicolor CBS133.54	citrus pectin 1% pH=6	4		d4:1.1
520	Aspergillus multicolor CBS133.54	citrus pulp 3% pH=6	10		d4:2.7
520	Aspergillus multicolor CBS133.54	cotton seed pulp 3%	9		d4:2.1
520	Aspergillus multicolor CBS133.54	D-fructose	8		d4:2
520	Aspergillus multicolor CBS133.54	D-galactose	4		d4:1.3
520	Aspergillus multicolor CBS133.54	D-galacturonic acid	3		d4:1.1
520	Aspergillus multicolor CBS133.54	D-glucose	5		d4:1
520	Aspergillus multicolor CBS133.54	D-glucuronic acid	2		d4:1.8
520	Aspergillus multicolor CBS133.54	D-mannose	7		d4:1.8
520	Aspergillus multicolor CBS133.54	D-ribose	1		d4:1.7
520	Aspergillus multicolor CBS133.54	D-xylose	6		d4:1.6
520	Aspergillus multicolor CBS133.54	guar gum 1%	7		d4:2.7
520	Aspergillus multicolor CBS133.54	inulin 1%	1		d4:2.1
520	Aspergillus multicolor CBS133.54	L-arabinose	6		d4:1.6
520	Aspergillus multicolor CBS133.54	L-rhamnose	4		d4:1.9
520	Aspergillus multicolor CBS133.54	lactose	6		d4:1.9
520	Aspergillus multicolor CBS133.54	maltose	5		d4:1.6
520	Aspergillus multicolor CBS133.54	no carbon source	0		d4:2.2
520	Aspergillus multicolor CBS133.54	raffinose	6		d4:1.6
520	Aspergillus multicolor CBS133.54	rice bran 3%	9		d4:2.4
520	Aspergillus multicolor CBS133.54	soluble starch 1%	3		d4:1.4
520	Aspergillus multicolor CBS133.54	soybean hulls 3%	9		d4:2.3
520	Aspergillus multicolor CBS133.54	sucrose	6		d4:1.4
520	Aspergillus multicolor CBS133.54	wheat bran 3%	10		d4:2.4
521	Aspergillus muricatus CBS12808	alfalfa meal 3%	9		d4:3
521	Aspergillus muricatus CBS12808	apple pectin 1% pH=6	6		d4:2.1
521	Aspergillus muricatus CBS12808	arabic gum 1%	1		d4:2
521	Aspergillus muricatus CBS12808	arabinogalactan 1%			d4:2.1
521	Aspergillus muricatus CBS12808	beechwood xylan 1%	6		d4:2.1
521	Aspergillus muricatus CBS12808	birchwood xylan 1%	6		d4:1.9
521	Aspergillus muricatus CBS12808	casein 3%	7		d4:2.2
521	Aspergillus muricatus CBS12808	cellobiose	6		d4:1.7
521	Aspergillus muricatus CBS12808	cellulose 3%	0		d4:1.6
521	Aspergillus muricatus CBS12808	citrus pectin 1% pH=6	5		d4:1.6
521	Aspergillus muricatus CBS12808	citrus pulp 3% pH=6	9		d4:2.8
521	Aspergillus muricatus CBS12808	cotton seed pulp 3%	10		d4:3.2
521	Aspergillus muricatus CBS12808	D-fructose	5		d4:1.7
521	Aspergillus muricatus CBS12808	D-galactose	1		d4:0.8
521	Aspergillus muricatus CBS12808	D-galacturonic acid	0		d4:0.3
521	Aspergillus muricatus CBS12808	D-glucose	2		d4:0.9
521	Aspergillus muricatus CBS12808	D-glucuronic acid	1		d4:1.8
521	Aspergillus muricatus CBS12808	D-mannose	5		d4:1.7
521	Aspergillus muricatus CBS12808	D-ribose	1		d4:1.5
521	Aspergillus muricatus CBS12808	D-xylose	5		d4:1.9
521	Aspergillus muricatus CBS12808	guar gum 1%	7		d4:2.2
521	Aspergillus muricatus CBS12808	inulin 1%	0		d4:1.8
521	Aspergillus muricatus CBS12808	L-arabinose	5		d4:2
521	Aspergillus muricatus CBS12808	L-rhamnose	3		d4:1.8
521	Aspergillus muricatus CBS12808	lactose	1		d4:0.5
521	Aspergillus muricatus CBS12808	maltose	5		d4:1.8
521	Aspergillus muricatus CBS12808	no carbon source	0		d4:1.9
521	Aspergillus muricatus CBS12808	raffinose	6		d4:1.7
521	Aspergillus muricatus CBS12808	rice bran 3%	8		d4:2.7
521	Aspergillus muricatus CBS12808	soluble starch 1%	4		d4:1.4
521	Aspergillus muricatus CBS12808	soybean hulls 3%	9		d4:2.8
521	Aspergillus muricatus CBS12808	sucrose	5		d4:1.5
521	Aspergillus muricatus CBS12808	wheat bran 3%	10		d4:3.2
522	Aspergillus navahoensis CBS351.81	alfalfa meal 3%	9		d4:2.1
522	Aspergillus navahoensis CBS351.81	apple pectin 1% pH=6	6		d4:2.1
522	Aspergillus navahoensis CBS351.81	arabic gum 1%	1		d4:2.5
522	Aspergillus navahoensis CBS351.81	arabinogalactan 1%			d4:1.2
522	Aspergillus navahoensis CBS351.81	beechwood xylan 1%	4		d4:1.2
522	Aspergillus navahoensis CBS351.81	birchwood xylan 1%	6		d4:2.1
522	Aspergillus navahoensis CBS351.81	casein 3%	8		d4:2.4
522	Aspergillus navahoensis CBS351.81	cellobiose	3		d4:1.1
522	Aspergillus navahoensis CBS351.81	cellulose 3%	1		d4:1
522	Aspergillus navahoensis CBS351.81	citrus pectin 1% pH=6	4		d4:1.4
522	Aspergillus navahoensis CBS351.81	citrus pulp 3% pH=6	10		d4:2.2
522	Aspergillus navahoensis CBS351.81	cotton seed pulp 3%	10		d4:2.4
522	Aspergillus navahoensis CBS351.81	D-fructose	6		d4:2
522	Aspergillus navahoensis CBS351.81	D-galactose	2		d4:1.4
522	Aspergillus navahoensis CBS351.81	D-galacturonic acid	4		d4:1.1
522	Aspergillus navahoensis CBS351.81	D-glucose	5		d4:1.2
522	Aspergillus navahoensis CBS351.81	D-glucuronic acid	3		d4:1.4
522	Aspergillus navahoensis CBS351.81	D-mannose	4		d4:1.1
522	Aspergillus navahoensis CBS351.81	D-ribose	1		d4:1.9
522	Aspergillus navahoensis CBS351.81	D-xylose	4		d4:1.1
522	Aspergillus navahoensis CBS351.81	guar gum 1%	6		d4:2.2
522	Aspergillus navahoensis CBS351.81	inulin 1%	1		d4:2.2
522	Aspergillus navahoensis CBS351.81	L-arabinose	5		d4:1.3
522	Aspergillus navahoensis CBS351.81	L-rhamnose	3		d4:1.9
522	Aspergillus navahoensis CBS351.81	lactose	5		d4:1.4
522	Aspergillus navahoensis CBS351.81	maltose	4		d4:1.2
522	Aspergillus navahoensis CBS351.81	no carbon source	0		d4:2.3
522	Aspergillus navahoensis CBS351.81	raffinose	5		d4:1.4
522	Aspergillus navahoensis CBS351.81	rice bran 3%	9		d4:2
522	Aspergillus navahoensis CBS351.81	soluble starch 1%	5		d4:1.6
522	Aspergillus navahoensis CBS351.81	soybean hulls 3%	9		d4:2
522	Aspergillus navahoensis CBS351.81	sucrose	5		d4:1.3
522	Aspergillus navahoensis CBS351.81	wheat bran 3%	10		d4:2.4
524	Aspergillus tubingensis CBS115657	alfalfa meal 3%	9		d4:2.8
524	Aspergillus tubingensis CBS115657	apple pectin 1% pH=6	7		d4:3
524	Aspergillus tubingensis CBS115657	arabic gum 1%	0		d4:2.5
524	Aspergillus tubingensis CBS115657	arabinogalactan 1%			d4:2.8
524	Aspergillus tubingensis CBS115657	beechwood xylan 1%	5		d4:2.3
524	Aspergillus tubingensis CBS115657	birchwood xylan 1%	3		d4:1.8
524	Aspergillus tubingensis CBS115657	casein 3%	0		d4:2.4
524	Aspergillus tubingensis CBS115657	cellobiose	3		d4:1.8
524	Aspergillus tubingensis CBS115657	cellulose 3%	0		d4:2
524	Aspergillus tubingensis CBS115657	citrus pectin 1% pH=6	7		d4:2.9
524	Aspergillus tubingensis CBS115657	citrus pulp 3% pH=6	10		d4:3
524	Aspergillus tubingensis CBS115657	cotton seed pulp 3%	9		d4:3
524	Aspergillus tubingensis CBS115657	D-fructose	5		d4:1.9
524	Aspergillus tubingensis CBS115657	D-galactose	0		d4:0.5
524	Aspergillus tubingensis CBS115657	D-galacturonic acid	2		d4:1.5
524	Aspergillus tubingensis CBS115657	D-glucose	5		d4:1.8
524	Aspergillus tubingensis CBS115657	D-glucuronic acid	1		d4:1.8
524	Aspergillus tubingensis CBS115657	D-mannose	4		d4:1.9
524	Aspergillus tubingensis CBS115657	D-ribose	1		d4:2
524	Aspergillus tubingensis CBS115657	D-xylose	4		d4:1.9
524	Aspergillus tubingensis CBS115657	guar gum 1%	6		d4:2.5
524	Aspergillus tubingensis CBS115657	inulin 1%	5		d4:2.1
524	Aspergillus tubingensis CBS115657	L-arabinose	3		d4:1.9
524	Aspergillus tubingensis CBS115657	L-rhamnose	2		d4:2
524	Aspergillus tubingensis CBS115657	lactose	0		d4:1.9
524	Aspergillus tubingensis CBS115657	maltose	4		d4:1.8
524	Aspergillus tubingensis CBS115657	no carbon source	0		d4:1.8
524	Aspergillus tubingensis CBS115657	raffinose	4		d4:1.7
524	Aspergillus tubingensis CBS115657	rice bran 3%	7		d4:2.2
524	Aspergillus tubingensis CBS115657	soluble starch 1%	5		d4:2.1
524	Aspergillus tubingensis CBS115657	soybean hulls 3%	8		d4:2.5
524	Aspergillus tubingensis CBS115657	sucrose	5		d4:1.5
524	Aspergillus tubingensis CBS115657	wheat bran 3%	10		d4:3
525	Aspergillus nidulans CBS 138434	alfalfa meal 3%	5		d1:0.2 d2:0.5 d3:0.5 d4:0.4
525	Aspergillus nidulans CBS 138434	apple pectin 1% pH=6	2		d1:0 d2:0.4 d3:0.3 d4:0.4
525	Aspergillus nidulans CBS 138434	arabic gum 1%	2		d1:0.2 d2:0.4 d3:0.4 d4:0.4
525	Aspergillus nidulans CBS 138434	arabinogalactan 1%			d1:0 d2:0.3 d3:0.3 d4:0.3
525	Aspergillus nidulans CBS 138434	beechwood xylan 1%	1		d1:0 d2:0.3 d3:0.3 d4:0.3
525	Aspergillus nidulans CBS 138434	birchwood xylan 1%	1		d1:0 d2:0.3 d3:0.4 d4:0.4
525	Aspergillus nidulans CBS 138434	casein 3%	1		d1:0 d2:0.4 d3:0.7 d4:0.7
525	Aspergillus nidulans CBS 138434	cellobiose	4		d1:0 d2:0.3 d3:0.4 d4:0.6
525	Aspergillus nidulans CBS 138434	cellulose 3%	0		d1:0.2 d2:0.4 d3:0.4 d4:0.4
525	Aspergillus nidulans CBS 138434	citrus pectin 1% pH=6	5		d1:0 d2:0.4 d3:0.3 d4:0.5
525	Aspergillus nidulans CBS 138434	citrus pulp 3% pH=6	5		d1:0.2 d2:0.4 d3:0.4 d4:0.3
525	Aspergillus nidulans CBS 138434	cotton seed pulp 3%	1		d1:0.2 d2:0.3 d3:0.3 d4:0.3
525	Aspergillus nidulans CBS 138434	D-fructose	5		d1:0 d2:0.4 d3:0.5 d4:0.7
525	Aspergillus nidulans CBS 138434	D-galactose	4		d1:0 d2:0.3 d3:0.3 d4:0.5
525	Aspergillus nidulans CBS 138434	D-galacturonic acid	0		d1:0 d2:0 d3:0 d4:0
525	Aspergillus nidulans CBS 138434	D-glucose	5		d1:0 d2:0.4 d3:0.5 d4:0.7
525	Aspergillus nidulans CBS 138434	D-glucuronic acid	3		d1:0 d2:0 d3:0.3 d4:0.5
525	Aspergillus nidulans CBS 138434	D-mannose	5		d1:0.2 d2:0.4 d3:0.5 d4:0.7
525	Aspergillus nidulans CBS 138434	D-ribose	1		d1:0.2 d2:0.3 d3:0.3 d4:0.5
525	Aspergillus nidulans CBS 138434	D-xylose	4		d1:0 d2:0.3 d3:0.5 d4:0.7
525	Aspergillus nidulans CBS 138434	guar gum 1%	3		d1:0 d2:0.3 d3:0.4 d4:0.5
525	Aspergillus nidulans CBS 138434	inulin 1%	1		d1:0 d2:0.4 d3:0.4 d4:0.5
525	Aspergillus nidulans CBS 138434	L-arabinose	3		d1:0.2 d2:0.3 d3:0.4 d4:0.6
525	Aspergillus nidulans CBS 138434	L-rhamnose	2		d1:0.2 d2:0.3 d3:0.3 d4:0.5
525	Aspergillus nidulans CBS 138434	lactose	1		d1:0 d2:0 d3:0.4 d4:0.5
525	Aspergillus nidulans CBS 138434	maltose	4		d1:0 d2:0.3 d3:0.4 d4:0.6
525	Aspergillus nidulans CBS 138434	no carbon source	1		d1:0 d2:0.3 d3:0.3 d4:0.4
525	Aspergillus nidulans CBS 138434	raffinose	1		d1:0 d2:0.3 d3:0.4 d4:0.6
525	Aspergillus nidulans CBS 138434	rice bran 3%	8		d1:0 d2:0.5 d3:0.6 d4:0.6
525	Aspergillus nidulans CBS 138434	soluble starch 1%	6		d1:0 d2:0.3 d3:0.5 d4:0.6
525	Aspergillus nidulans CBS 138434	soybean hulls 3%	7		d1:0 d2:0.4 d3:0.5 d4:0.6
525	Aspergillus nidulans CBS 138434	sucrose	1		d1:0 d2:0.3 d3:0.3 d4:0.5
525	Aspergillus nidulans CBS 138434	wheat bran 3%	8		d1:0 d2:0.4 d3:0.4 d4:0.7
526	Aspergillus niger AB4.1	alfalfa meal 3%	10		d3:4 d4:5.3 d5:6.6
526	Aspergillus niger AB4.1	apple pectin 1% pH=6	7		d3:2.5 d4:3.3 d5:4
526	Aspergillus niger AB4.1	arabic gum 1%	5		d3:2.5 d4:3.7 d5:4.7
526	Aspergillus niger AB4.1	arabinogalactan 1%			d3:2.9 d4:4.3 d5:5
526	Aspergillus niger AB4.1	beechwood xylan 1%	4		d3:1.8 d4:2.4 d5:2.9
526	Aspergillus niger AB4.1	birchwood xylan 1%	5		d3:1.8 d4:2.5 d5:3.1
526	Aspergillus niger AB4.1	casein 3%	1		d3:1.5 d4:2.2 d5:2.6
526	Aspergillus niger AB4.1	cellobiose	5		d3:1.9 d4:2.4 d5:3
526	Aspergillus niger AB4.1	cellulose 3%	0		d3:1.6 d4:1.9 d5:2.6
526	Aspergillus niger AB4.1	citrus pectin 1% pH=6	6		d3:2.2 d4:2.9 d5:3.4
526	Aspergillus niger AB4.1	citrus pulp 3% pH=6	10		d3:4.1 d4:5.7 d5:7.1
526	Aspergillus niger AB4.1	cotton seed pulp 3%	2		d3:2.8 d4:4.3 d5:5.4
526	Aspergillus niger AB4.1	D-fructose	4		d3:1.6 d4:2.4 d5:2.9
526	Aspergillus niger AB4.1	D-galactose	0		d3:0.9 d4:1.7 d5:2
526	Aspergillus niger AB4.1	D-galacturonic acid	3		d3:1.7 d4:2.1 d5:2.5
526	Aspergillus niger AB4.1	D-glucose	5		d3:1.9 d4:2.3 d5:2.9
526	Aspergillus niger AB4.1	D-glucuronic acid	2		d3:1.6 d4:2.4 d5:2.9
526	Aspergillus niger AB4.1	D-mannose	3		d3:1.5 d4:1.9 d5:2.4
526	Aspergillus niger AB4.1	D-ribose	1		d3:1.7 d4:2.5 d5:3
526	Aspergillus niger AB4.1	D-xylose	5		d3:1.9 d4:2.5 d5:3
526	Aspergillus niger AB4.1	guar gum 1%	8		d3:2.8 d4:4.1 d5:4.7
526	Aspergillus niger AB4.1	inulin 1%	5		d3:1.5 d4:2.3 d5:2.8
526	Aspergillus niger AB4.1	L-arabinose	5		d3:1.9 d4:2.7 d5:3.1
526	Aspergillus niger AB4.1	L-rhamnose	3		d3:1.6 d4:2.3 d5:3.1
526	Aspergillus niger AB4.1	lactose	0		d3:1.7 d4:2.6 d5:3.2
526	Aspergillus niger AB4.1	maltose	4		d3:1.7 d4:2.4 d5:2.9
526	Aspergillus niger AB4.1	no carbon source	0		d3:1.3 d4:2.1 d5:2.7
526	Aspergillus niger AB4.1	raffinose	4		d3:1.5 d4:2.2 d5:2.7
526	Aspergillus niger AB4.1	rice bran 3%	10		d3:3.7 d4:5.3 d5:6.1
526	Aspergillus niger AB4.1	soluble starch 1%	4		d3:1.7 d4:2.3 d5:2.8
526	Aspergillus niger AB4.1	soybean hulls 3%	9		d3:3.6 d4:5.1 d5:6.1
526	Aspergillus niger AB4.1	sucrose	6		d3:1.9 d4:2.7 d5:3.3
526	Aspergillus niger AB4.1	wheat bran 3%	9		d3:3.8 d4:5.4 d5:6.6
527	Aspergillus niger CBS139.54	alfalfa meal 3%	10		d3:2.9
527	Aspergillus niger CBS139.54	apple pectin 1% pH=6	7		d3:2.1
527	Aspergillus niger CBS139.54	arabic gum 1%	1		d3:2.3
527	Aspergillus niger CBS139.54	arabinogalactan 1%			d3:2.5
527	Aspergillus niger CBS139.54	beechwood xylan 1%	4		d3:1.5
527	Aspergillus niger CBS139.54	birchwood xylan 1%	3		d3:1.3
527	Aspergillus niger CBS139.54	casein 3%	0		d3:1.3
527	Aspergillus niger CBS139.54	cellobiose	1		d3:1.4
527	Aspergillus niger CBS139.54	cellulose 3%	0		d3:1
527	Aspergillus niger CBS139.54	citrus pectin 1% pH=6	6		d3:1.4
527	Aspergillus niger CBS139.54	citrus pulp 3% pH=6	9		d3:2.6
527	Aspergillus niger CBS139.54	cotton seed pulp 3%	10		d3:2.6
527	Aspergillus niger CBS139.54	D-fructose	5		d3:1.4
527	Aspergillus niger CBS139.54	D-galactose	0		
527	Aspergillus niger CBS139.54	D-galacturonic acid	3		d3:1.5
527	Aspergillus niger CBS139.54	D-glucose	5		d3:1.4
527	Aspergillus niger CBS139.54	D-glucuronic acid	0		d3:1.3
527	Aspergillus niger CBS139.54	D-mannose	5		d3:1.3
527	Aspergillus niger CBS139.54	D-ribose	0		d3:1.3
527	Aspergillus niger CBS139.54	D-xylose	4		d3:1.3
527	Aspergillus niger CBS139.54	guar gum 1%	1		d3:1.4
527	Aspergillus niger CBS139.54	inulin 1%	5		d3:2.2
527	Aspergillus niger CBS139.54	L-arabinose	2		d3:1.2
527	Aspergillus niger CBS139.54	L-rhamnose	1		d3:1.3
527	Aspergillus niger CBS139.54	lactose	0		d3:1.3
527	Aspergillus niger CBS139.54	maltose	4		d3:1.3
527	Aspergillus niger CBS139.54	no carbon source	0		d3:1.2
527	Aspergillus niger CBS139.54	raffinose	3		d3:1.1
527	Aspergillus niger CBS139.54	rice bran 3%	7		d3:2.9
527	Aspergillus niger CBS139.54	soluble starch 1%	5		d3:2.6
527	Aspergillus niger CBS139.54	soybean hulls 3%	7		d3:1.9
527	Aspergillus niger CBS139.54	sucrose	5		d3:1.3
527	Aspergillus niger CBS139.54	wheat bran 3%	10		d3:3
528	Aspergillus novofumigatus CBS117520	alfalfa meal 3%	8		d4:2.6
528	Aspergillus novofumigatus CBS117520	apple pectin 1% pH=6	7		d4:2.9
528	Aspergillus novofumigatus CBS117520	arabic gum 1%	0		d4:2.7
528	Aspergillus novofumigatus CBS117520	arabinogalactan 1%			d4:2.6
528	Aspergillus novofumigatus CBS117520	beechwood xylan 1%	5		d4:2.4
528	Aspergillus novofumigatus CBS117520	birchwood xylan 1%	5		d4:2.1
528	Aspergillus novofumigatus CBS117520	casein 3%	5		d4:2.4
528	Aspergillus novofumigatus CBS117520	cellobiose	2		d4:2.3
528	Aspergillus novofumigatus CBS117520	cellulose 3%	0		d4:2.3
528	Aspergillus novofumigatus CBS117520	citrus pectin 1% pH=6	6		d4:2.4
528	Aspergillus novofumigatus CBS117520	citrus pulp 3% pH=6	8		d4:2.6
528	Aspergillus novofumigatus CBS117520	cotton seed pulp 3%	9		d4:2.7
528	Aspergillus novofumigatus CBS117520	D-fructose	6		d4:2.5
528	Aspergillus novofumigatus CBS117520	D-galactose	1		d4:0.8
528	Aspergillus novofumigatus CBS117520	D-galacturonic acid	1		d4:0.6
528	Aspergillus novofumigatus CBS117520	D-glucose	5		d4:1.9
528	Aspergillus novofumigatus CBS117520	D-glucuronic acid	0		d4:2
528	Aspergillus novofumigatus CBS117520	D-mannose	6		d4:2.1
528	Aspergillus novofumigatus CBS117520	D-ribose	6		d4:2.3
528	Aspergillus novofumigatus CBS117520	D-xylose	6		d4:2.2
528	Aspergillus novofumigatus CBS117520	guar gum 1%	3		d4:2.9
528	Aspergillus novofumigatus CBS117520	inulin 1%	6		d4:2.3
528	Aspergillus novofumigatus CBS117520	L-arabinose	6		d4:2.2
528	Aspergillus novofumigatus CBS117520	L-rhamnose	1		d4:2
528	Aspergillus novofumigatus CBS117520	lactose	0		d4:2.1
528	Aspergillus novofumigatus CBS117520	maltose	4		d4:1.7
528	Aspergillus novofumigatus CBS117520	no carbon source	0		d4:2
528	Aspergillus novofumigatus CBS117520	raffinose	5		d4:2.1
528	Aspergillus novofumigatus CBS117520	rice bran 3%	7		d4:2.6
528	Aspergillus novofumigatus CBS117520	soluble starch 1%	5		d4:2
528	Aspergillus novofumigatus CBS117520	soybean hulls 3%	7		d4:2.2
528	Aspergillus novofumigatus CBS117520	sucrose	5		d4:1.9
528	Aspergillus novofumigatus CBS117520	wheat bran 3%	9		d4:2.5
529	Aspergillus novoparasiticus CBS126849	alfalfa meal 3%	8		d3:3.2
529	Aspergillus novoparasiticus CBS126849	apple pectin 1% pH=6	4		d3:3
529	Aspergillus novoparasiticus CBS126849	arabic gum 1%	0		d3:3.3
529	Aspergillus novoparasiticus CBS126849	arabinogalactan 1%			d3:3
529	Aspergillus novoparasiticus CBS126849	beechwood xylan 1%	3		d3:2.6
529	Aspergillus novoparasiticus CBS126849	birchwood xylan 1%	3		d3:2.5
529	Aspergillus novoparasiticus CBS126849	casein 3%	5		d3:2.6
529	Aspergillus novoparasiticus CBS126849	cellobiose	2		d3:2.6
529	Aspergillus novoparasiticus CBS126849	cellulose 3%	0		d3:2.5
529	Aspergillus novoparasiticus CBS126849	citrus pectin 1% pH=6	4		d3:3.1
529	Aspergillus novoparasiticus CBS126849	citrus pulp 3% pH=6	9		d3:3
529	Aspergillus novoparasiticus CBS126849	cotton seed pulp 3%	9		d3:3.2
529	Aspergillus novoparasiticus CBS126849	D-fructose	4		d3:2.5
529	Aspergillus novoparasiticus CBS126849	D-galactose	1		d3:2.3
529	Aspergillus novoparasiticus CBS126849	D-galacturonic acid	1		d3:1.1
529	Aspergillus novoparasiticus CBS126849	D-glucose	5		d3:2.6
529	Aspergillus novoparasiticus CBS126849	D-glucuronic acid	0		d3:2.5
529	Aspergillus novoparasiticus CBS126849	D-mannose	4		d3:2.6
529	Aspergillus novoparasiticus CBS126849	D-ribose	3		d3:2.5
529	Aspergillus novoparasiticus CBS126849	D-xylose	3		d3:2.5
529	Aspergillus novoparasiticus CBS126849	guar gum 1%	3		d3:3.3
529	Aspergillus novoparasiticus CBS126849	inulin 1%	0		d3:2.5
529	Aspergillus novoparasiticus CBS126849	L-arabinose	2		d3:2.5
529	Aspergillus novoparasiticus CBS126849	L-rhamnose	1		d3:2.5
529	Aspergillus novoparasiticus CBS126849	lactose	0		d3:2
529	Aspergillus novoparasiticus CBS126849	maltose	4		d3:2.5
529	Aspergillus novoparasiticus CBS126849	no carbon source	0		d3:2.5
529	Aspergillus novoparasiticus CBS126849	raffinose	4		d3:2.5
529	Aspergillus novoparasiticus CBS126849	rice bran 3%	7		d3:3.1
529	Aspergillus novoparasiticus CBS126849	soluble starch 1%	6		d3:2.8
529	Aspergillus novoparasiticus CBS126849	soybean hulls 3%	9		d3:3
529	Aspergillus novoparasiticus CBS126849	sucrose	5		d3:2.6
529	Aspergillus novoparasiticus CBS126849	wheat bran 3%	10		d3:3.2
530	Aspergillus ochraceoroseus CBS550.77	alfalfa meal 3%	8		d5:2.5
530	Aspergillus ochraceoroseus CBS550.77	apple pectin 1% pH=6	6		d5:1.9
530	Aspergillus ochraceoroseus CBS550.77	arabic gum 1%	2		d5:1.5
530	Aspergillus ochraceoroseus CBS550.77	arabinogalactan 1%			d5:1.9
530	Aspergillus ochraceoroseus CBS550.77	beechwood xylan 1%	3		d5:1.8
530	Aspergillus ochraceoroseus CBS550.77	birchwood xylan 1%	2		d5:1.4
530	Aspergillus ochraceoroseus CBS550.77	casein 3%	1		d5:1.3
530	Aspergillus ochraceoroseus CBS550.77	cellobiose	5		d5:1.1
530	Aspergillus ochraceoroseus CBS550.77	cellulose 3%	1		d5:0.8
530	Aspergillus ochraceoroseus CBS550.77	citrus pectin 1% pH=6	2		d5:0.7
530	Aspergillus ochraceoroseus CBS550.77	citrus pulp 3% pH=6	9		d5:2.4
530	Aspergillus ochraceoroseus CBS550.77	cotton seed pulp 3%	8		d5:3.1
530	Aspergillus ochraceoroseus CBS550.77	D-fructose	5		d5:1.7
530	Aspergillus ochraceoroseus CBS550.77	D-galactose	0		d5:0.5
530	Aspergillus ochraceoroseus CBS550.77	D-galacturonic acid	7		d5:2.1
530	Aspergillus ochraceoroseus CBS550.77	D-glucose	5		d5:1.6
530	Aspergillus ochraceoroseus CBS550.77	D-glucuronic acid	1		d5:1.1
530	Aspergillus ochraceoroseus CBS550.77	D-mannose	3		d5:0.6
530	Aspergillus ochraceoroseus CBS550.77	D-ribose	2		d5:2.2
530	Aspergillus ochraceoroseus CBS550.77	D-xylose	5		d5:1.2
530	Aspergillus ochraceoroseus CBS550.77	guar gum 1%	4		d5:1.8
530	Aspergillus ochraceoroseus CBS550.77	inulin 1%	4		d5:1.4
530	Aspergillus ochraceoroseus CBS550.77	L-arabinose	5		d5:1.3
530	Aspergillus ochraceoroseus CBS550.77	L-rhamnose	1		d5:1.1
530	Aspergillus ochraceoroseus CBS550.77	lactose	4		d5:0.8
530	Aspergillus ochraceoroseus CBS550.77	maltose	1		d5:1.3
530	Aspergillus ochraceoroseus CBS550.77	no carbon source	1		d5:1.2
530	Aspergillus ochraceoroseus CBS550.77	raffinose	6		d5:1.4
530	Aspergillus ochraceoroseus CBS550.77	rice bran 3%	4		d5:1.5
530	Aspergillus ochraceoroseus CBS550.77	soluble starch 1%	3		d5:1.4
530	Aspergillus ochraceoroseus CBS550.77	soybean hulls 3%	9		d5:2.2
530	Aspergillus ochraceoroseus CBS550.77	sucrose	5		d5:1.4
530	Aspergillus ochraceoroseus CBS550.77	wheat bran 3%	10		d5:2.9
531	Aspergillus ochraceus CBS116.39	alfalfa meal 3%	4		d5:2.6 d7:3.1
531	Aspergillus ochraceus CBS116.39	apple pectin 1% pH=6	4		d5:2.1 d7:2.5
531	Aspergillus ochraceus CBS116.39	arabic gum 1%	1		d5:1.8 d7:2.6
531	Aspergillus ochraceus CBS116.39	arabinogalactan 1%			d5:1.5 d7:1.9
531	Aspergillus ochraceus CBS116.39	beechwood xylan 1%	1		d5:1.8 d7:2.5
531	Aspergillus ochraceus CBS116.39	birchwood xylan 1%	4		d5:1.5 d7:2.4
531	Aspergillus ochraceus CBS116.39	casein 3%	5		d5:2.4 d7:2.7
531	Aspergillus ochraceus CBS116.39	cellobiose	4		d5:1.4 d7:1.8
531	Aspergillus ochraceus CBS116.39	cellulose 3%	0		d5:1.2 d7:2
531	Aspergillus ochraceus CBS116.39	citrus pectin 1% pH=6	5		d5:1.8 d7:2.4
531	Aspergillus ochraceus CBS116.39	citrus pulp 3% pH=6	8		d5:2.1 d7:2.8
531	Aspergillus ochraceus CBS116.39	cotton seed pulp 3%	7		d5:2.8 d7:3
531	Aspergillus ochraceus CBS116.39	D-fructose	4		d5:1.9 d7:2.2
531	Aspergillus ochraceus CBS116.39	D-galactose	1		d5:0.8 d7:1
531	Aspergillus ochraceus CBS116.39	D-galacturonic acid	0		d5:0 d7:0.2
531	Aspergillus ochraceus CBS116.39	D-glucose	5		d5:1.5 d7:2.4
531	Aspergillus ochraceus CBS116.39	D-glucuronic acid	1		d5:1.5 d7:2.3
531	Aspergillus ochraceus CBS116.39	D-mannose	6		d5:1.8 d7:2.5
531	Aspergillus ochraceus CBS116.39	D-ribose	1		d5:2 d7:2.5
531	Aspergillus ochraceus CBS116.39	D-xylose	5		d5:2.3 d7:2.8
531	Aspergillus ochraceus CBS116.39	guar gum 1%	3		d5:2.5 d7:3
531	Aspergillus ochraceus CBS116.39	inulin 1%	5		d5:1.5 d7:2.1
531	Aspergillus ochraceus CBS116.39	L-arabinose	4		d5:2.2 d7:2.7
531	Aspergillus ochraceus CBS116.39	L-rhamnose	1		d5:1.5 d7:2.3
531	Aspergillus ochraceus CBS116.39	lactose	2		d5:0.9 d7:1
531	Aspergillus ochraceus CBS116.39	maltose	6		d5:1.8 d7:2.5
531	Aspergillus ochraceus CBS116.39	no carbon source	0		d5:1.7 d7:2.2
531	Aspergillus ochraceus CBS116.39	oat spelt xylan 1%	3		
531	Aspergillus ochraceus CBS116.39	raffinose	6		d5:1.8 d7:2.4
531	Aspergillus ochraceus CBS116.39	rice bran 3%	7		d5:2.3 d7:2.8
531	Aspergillus ochraceus CBS116.39	soluble starch 1%			d5:1.7 d7:2.3
531	Aspergillus ochraceus CBS116.39	soybean hulls 3%	6		d5:2.1 d7:2.6
531	Aspergillus ochraceus CBS116.39	sucrose	6		d5:2 d7:2.6
531	Aspergillus ochraceus CBS116.39	wheat bran 3%	6		d5:2.7 d7:2.9
532	Aspergillus ochraceus DTO 015-E7	alfalfa meal 3%	5		d3:1.2 d4:2.2
532	Aspergillus ochraceus DTO 015-E7	apple pectin 1% pH=6	4		d3:1 d4:2
532	Aspergillus ochraceus DTO 015-E7	arabic gum 1%	3		d3:1 d4:1.9
532	Aspergillus ochraceus DTO 015-E7	arabinogalactan 1%			d3:1 d4:1.8
532	Aspergillus ochraceus DTO 015-E7	beechwood xylan 1%	4		d3:1 d4:1.9
532	Aspergillus ochraceus DTO 015-E7	birchwood xylan 1%	3		d3:0.8 d4:1.7
532	Aspergillus ochraceus DTO 015-E7	casein 3%	4		d3:1.1 d4:1.8
532	Aspergillus ochraceus DTO 015-E7	cellobiose	2		d3:0.7 d4:1.2
532	Aspergillus ochraceus DTO 015-E7	cellulose 3%	1		d3:0 d4:1.2
532	Aspergillus ochraceus DTO 015-E7	citrus pectin 1% pH=6	4		d3:0.4 d4:1.5
532	Aspergillus ochraceus DTO 015-E7	citrus pulp 3% pH=6	8		d3:1.3 d4:2.4
532	Aspergillus ochraceus DTO 015-E7	cotton seed pulp 3%	4		d3:0.8 d4:2
532	Aspergillus ochraceus DTO 015-E7	D-fructose	4		d3:0.9 d4:2.3
532	Aspergillus ochraceus DTO 015-E7	D-galactose	3		d3:0.7 d4:1.4
532	Aspergillus ochraceus DTO 015-E7	D-galacturonic acid	2		d3:0.5 d4:1.1
532	Aspergillus ochraceus DTO 015-E7	D-glucose	5		d3:1.3 d4:2.5
532	Aspergillus ochraceus DTO 015-E7	D-glucuronic acid	1		d3:0.7 d4:1.3
532	Aspergillus ochraceus DTO 015-E7	D-mannose	2		d3:0.7 d4:1
532	Aspergillus ochraceus DTO 015-E7	D-ribose	1		d3:0.7 d4:1.3
532	Aspergillus ochraceus DTO 015-E7	D-xylose	4		d3:0.8 d4:1.6
532	Aspergillus ochraceus DTO 015-E7	guar gum 1%	5		d3:1.1 d4:2.3
532	Aspergillus ochraceus DTO 015-E7	inulin 1%	4		d3:1 d4:1.9
532	Aspergillus ochraceus DTO 015-E7	L-arabinose	2		d3:0.7 d4:1.4
532	Aspergillus ochraceus DTO 015-E7	L-rhamnose	1		d3:0.6 d4:1.4
532	Aspergillus ochraceus DTO 015-E7	lactose	1		d3:0.7 d4:1.3
532	Aspergillus ochraceus DTO 015-E7	maltose	3		d3:0.6 d4:1.3
532	Aspergillus ochraceus DTO 015-E7	no carbon source	1		d3:0.9 d4:1.5
532	Aspergillus ochraceus DTO 015-E7	raffinose	3		d3:0.7 d4:1.5
532	Aspergillus ochraceus DTO 015-E7	rice bran 3%	7		d3:1.3 d4:2.2
532	Aspergillus ochraceus DTO 015-E7	soluble starch 1%	3		d3:0.5 d4:1.4
532	Aspergillus ochraceus DTO 015-E7	soybean hulls 3%	9		d3:1.3 d4:2.5
532	Aspergillus ochraceus DTO 015-E7	sucrose	3		d3:0.5 d4:1.2
532	Aspergillus ochraceus DTO 015-E7	wheat bran 3%	10		d3:1.5 d4:2.7
533	Aspergillus olivicola CBS597.65	alfalfa meal 3%	2		d4:3.5
533	Aspergillus olivicola CBS597.65	apple pectin 1% pH=6	2		d4:3
533	Aspergillus olivicola CBS597.65	arabic gum 1%	0		d4:2.8
533	Aspergillus olivicola CBS597.65	arabinogalactan 1%			d4:3
533	Aspergillus olivicola CBS597.65	beechwood xylan 1%	3		d4:2
533	Aspergillus olivicola CBS597.65	birchwood xylan 1%	2		d4:1.5
533	Aspergillus olivicola CBS597.65	casein 3%	1		d4:1.3
533	Aspergillus olivicola CBS597.65	cellobiose	0		d4:1.3
533	Aspergillus olivicola CBS597.65	cellulose 3%	2		d4:1
533	Aspergillus olivicola CBS597.65	citrus pectin 1% pH=6	7		d4:1.6
533	Aspergillus olivicola CBS597.65	citrus pulp 3% pH=6	3		d4:3.5
533	Aspergillus olivicola CBS597.65	cotton seed pulp 3%	8		d4:2.8
533	Aspergillus olivicola CBS597.65	D-fructose	4		d4:0.8
533	Aspergillus olivicola CBS597.65	D-galactose	1		d4:0.9
533	Aspergillus olivicola CBS597.65	D-galacturonic acid	0		d4:2.6
533	Aspergillus olivicola CBS597.65	D-glucose	5		d4:1
533	Aspergillus olivicola CBS597.65	D-glucuronic acid	0		d4:1.3
533	Aspergillus olivicola CBS597.65	D-mannose	4		d4:0.8
533	Aspergillus olivicola CBS597.65	D-ribose	0		d4:1
533	Aspergillus olivicola CBS597.65	D-xylose	5		d4:1.2
533	Aspergillus olivicola CBS597.65	guar gum 1%	1		d4:2.5
533	Aspergillus olivicola CBS597.65	inulin 1%	0		d4:2.1
533	Aspergillus olivicola CBS597.65	L-arabinose	3		d4:0.9
533	Aspergillus olivicola CBS597.65	L-rhamnose	2		d4:1.1
533	Aspergillus olivicola CBS597.65	lactose	0		d4:1.2
533	Aspergillus olivicola CBS597.65	maltose	5		d4:1.1
533	Aspergillus olivicola CBS597.65	no carbon source	0		d4:1.3
533	Aspergillus olivicola CBS597.65	raffinose	0		d4:1.3
533	Aspergillus olivicola CBS597.65	rice bran 3%	2		d4:1.9
533	Aspergillus olivicola CBS597.65	soluble starch 1%	6		d4:1.6
533	Aspergillus olivicola CBS597.65	soybean hulls 3%	3		d4:2
533	Aspergillus olivicola CBS597.65	sucrose	0		d4:1.4
533	Aspergillus olivicola CBS597.65	wheat bran 3%	3		d4:2
534	Aspergillus ostianus CBS103.07	alfalfa meal 3%	8		d4:2.1
534	Aspergillus ostianus CBS103.07	apple pectin 1% pH=6	6		d4:2
534	Aspergillus ostianus CBS103.07	arabic gum 1%	1		d4:2
534	Aspergillus ostianus CBS103.07	arabinogalactan 1%			d4:1.7
534	Aspergillus ostianus CBS103.07	beechwood xylan 1%	6		d4:1.8
534	Aspergillus ostianus CBS103.07	birchwood xylan 1%	6		d4:1.7
534	Aspergillus ostianus CBS103.07	casein 3%	6		d4:2.1
534	Aspergillus ostianus CBS103.07	cellobiose	4		d4:1.4
534	Aspergillus ostianus CBS103.07	cellulose 3%	0		d4:1.6
534	Aspergillus ostianus CBS103.07	citrus pectin 1% pH=6	3		d4:1.5
534	Aspergillus ostianus CBS103.07	citrus pulp 3% pH=6	8		d4:2.3
534	Aspergillus ostianus CBS103.07	cotton seed pulp 3%	9		d4:2.6
534	Aspergillus ostianus CBS103.07	D-fructose	5		d4:1.6
534	Aspergillus ostianus CBS103.07	D-galactose	2		d4:1.1
534	Aspergillus ostianus CBS103.07	D-galacturonic acid	0		d4:0
534	Aspergillus ostianus CBS103.07	D-glucose	3		d4:1.2
534	Aspergillus ostianus CBS103.07	D-glucuronic acid	1		d4:1.5
534	Aspergillus ostianus CBS103.07	D-mannose	4		d4:1.7
534	Aspergillus ostianus CBS103.07	D-ribose	1		d4:1
534	Aspergillus ostianus CBS103.07	D-xylose	5		d4:1.8
534	Aspergillus ostianus CBS103.07	guar gum 1%	6		d4:2.6
534	Aspergillus ostianus CBS103.07	inulin 1%	2		d4:1.5
534	Aspergillus ostianus CBS103.07	L-arabinose	5		d4:1.8
534	Aspergillus ostianus CBS103.07	L-rhamnose	2		d4:1.5
534	Aspergillus ostianus CBS103.07	lactose	3		d4:1.5
534	Aspergillus ostianus CBS103.07	maltose	5		d4:1.5
534	Aspergillus ostianus CBS103.07	no carbon source	0		d4:1.7
534	Aspergillus ostianus CBS103.07	raffinose	6		d4:1.7
534	Aspergillus ostianus CBS103.07	rice bran 3%	7		d4:2.4
534	Aspergillus ostianus CBS103.07	soluble starch 1%	3		d4:1.2
534	Aspergillus ostianus CBS103.07	soybean hulls 3%	8		d4:2.4
534	Aspergillus ostianus CBS103.07	sucrose	5		d4:1.6
534	Aspergillus ostianus CBS103.07	wheat bran 3%	10		d4:2.6
535	Aspergillus parasiticus CBS117618	alfalfa meal 3%	9		d3:3
535	Aspergillus parasiticus CBS117618	apple pectin 1% pH=6	6		d3:2.9
535	Aspergillus parasiticus CBS117618	arabic gum 1%	1		d3:2.6
535	Aspergillus parasiticus CBS117618	arabinogalactan 1%			d3:2.9
535	Aspergillus parasiticus CBS117618	beechwood xylan 1%	5		d3:2.3
535	Aspergillus parasiticus CBS117618	birchwood xylan 1%	5		d3:2.4
535	Aspergillus parasiticus CBS117618	casein 3%	4		d3:2.4
535	Aspergillus parasiticus CBS117618	cellobiose	3		d3:2
535	Aspergillus parasiticus CBS117618	cellulose 3%	0		d3:2.7
535	Aspergillus parasiticus CBS117618	citrus pectin 1% pH=6	7		d3:2.8
535	Aspergillus parasiticus CBS117618	citrus pulp 3% pH=6	8		d3:2.9
535	Aspergillus parasiticus CBS117618	cotton seed pulp 3%	9		d3:3.3
535	Aspergillus parasiticus CBS117618	D-fructose	4		d3:2.1
535	Aspergillus parasiticus CBS117618	D-galactose	1		d3:2.2
535	Aspergillus parasiticus CBS117618	D-galacturonic acid	2		d3:1.1
535	Aspergillus parasiticus CBS117618	D-glucose	5		d3:2.4
535	Aspergillus parasiticus CBS117618	D-glucuronic acid	0		d3:2.1
535	Aspergillus parasiticus CBS117618	D-mannose	4		d3:2.1
535	Aspergillus parasiticus CBS117618	D-ribose	4		d3:2.3
535	Aspergillus parasiticus CBS117618	D-xylose	4		d3:2.4
535	Aspergillus parasiticus CBS117618	guar gum 1%	7		d3:2.9
535	Aspergillus parasiticus CBS117618	inulin 1%	0		d3:2.1
535	Aspergillus parasiticus CBS117618	L-arabinose	3		d3:2
535	Aspergillus parasiticus CBS117618	L-rhamnose	2		d3:2
535	Aspergillus parasiticus CBS117618	lactose	0		d3:2
535	Aspergillus parasiticus CBS117618	maltose	5		d3:2.2
535	Aspergillus parasiticus CBS117618	no carbon source	0		d3:2
535	Aspergillus parasiticus CBS117618	raffinose	4		d3:2.1
535	Aspergillus parasiticus CBS117618	rice bran 3%	8		d3:2.9
535	Aspergillus parasiticus CBS117618	soluble starch 1%	5		d3:2.4
535	Aspergillus parasiticus CBS117618	soybean hulls 3%	9		d3:3
535	Aspergillus parasiticus CBS117618	sucrose	5		d3:2.2
535	Aspergillus parasiticus CBS117618	wheat bran 3%	10		d3:3.3
536	Aspergillus flavus CBS121.62	alfalfa meal 3%	9		d3:3.1
536	Aspergillus flavus CBS121.62	apple pectin 1% pH=6	7		d3:3
536	Aspergillus flavus CBS121.62	arabic gum 1%	2		d3:2.8
536	Aspergillus flavus CBS121.62	arabinogalactan 1%			d3:3
536	Aspergillus flavus CBS121.62	beechwood xylan 1%	4		d3:2.8
536	Aspergillus flavus CBS121.62	birchwood xylan 1%	4		d3:2.5
536	Aspergillus flavus CBS121.62	casein 3%	5		d3:2.3
536	Aspergillus flavus CBS121.62	cellobiose	4		d3:2.2
536	Aspergillus flavus CBS121.62	cellulose 3%	0		d3:2.1
536	Aspergillus flavus CBS121.62	citrus pectin 1% pH=6	7		d3:2.9
536	Aspergillus flavus CBS121.62	citrus pulp 3% pH=6	8		d3:2.9
536	Aspergillus flavus CBS121.62	cotton seed pulp 3%	10		d3:3.3
536	Aspergillus flavus CBS121.62	D-fructose	6		d3:2.2
536	Aspergillus flavus CBS121.62	D-galactose	1		d3:2.1
536	Aspergillus flavus CBS121.62	D-galacturonic acid	2		d3:1
536	Aspergillus flavus CBS121.62	D-glucose	5		d3:2.2
536	Aspergillus flavus CBS121.62	D-glucuronic acid	1		d3:2.1
536	Aspergillus flavus CBS121.62	D-mannose	5		d3:2
536	Aspergillus flavus CBS121.62	D-ribose	2		d3:2.2
536	Aspergillus flavus CBS121.62	D-xylose	6		d3:2.6
536	Aspergillus flavus CBS121.62	guar gum 1%	7		d3:3.1
536	Aspergillus flavus CBS121.62	inulin 1%	1		d3:2.1
536	Aspergillus flavus CBS121.62	L-arabinose	4		d3:2.2
536	Aspergillus flavus CBS121.62	L-rhamnose	2		d3:2.1
536	Aspergillus flavus CBS121.62	lactose	1		d3:2
536	Aspergillus flavus CBS121.62	maltose	6		d3:2.4
536	Aspergillus flavus CBS121.62	no carbon source	0		d3:2
536	Aspergillus flavus CBS121.62	raffinose	5		d3:2.1
536	Aspergillus flavus CBS121.62	rice bran 3%	7		d3:2.8
536	Aspergillus flavus CBS121.62	soluble starch 1%	6		d3:2.6
536	Aspergillus flavus CBS121.62	soybean hulls 3%	9		d3:2.9
536	Aspergillus flavus CBS121.62	sucrose	5		d3:2
536	Aspergillus flavus CBS121.62	wheat bran 3%	10		d3:3.3
537	Aspergillus parvulus CBS136.61	alfalfa meal 3%	7		d4:1.1 d7:1.8
537	Aspergillus parvulus CBS136.61	apple pectin 1% pH=6	3		d4:2.2 d7:2.5
537	Aspergillus parvulus CBS136.61	arabic gum 1%	1		d4:1.6 d7:2.5
537	Aspergillus parvulus CBS136.61	arabinogalactan 1%			d4:1.5 d7:2.2
537	Aspergillus parvulus CBS136.61	beechwood xylan 1%	7		d4:1.2 d7:1.9
537	Aspergillus parvulus CBS136.61	birchwood xylan 1%	6		d4:1 d7:1.7
537	Aspergillus parvulus CBS136.61	casein 3%	0		d4:0.8 d7:1.5
537	Aspergillus parvulus CBS136.61	cellobiose	4		d4:0.9 d7:1.5
537	Aspergillus parvulus CBS136.61	cellulose 3%	1		d4:0.9 d7:1
537	Aspergillus parvulus CBS136.61	citrus pectin 1% pH=6	7		d4:1.3 d7:2.1
537	Aspergillus parvulus CBS136.61	citrus pulp 3% pH=6	9		d4:1.3 d7:1.9
537	Aspergillus parvulus CBS136.61	cotton seed pulp 3%	9		d4:1.3 d7:2
537	Aspergillus parvulus CBS136.61	D-fructose	2		d4:1 d7:1.9
537	Aspergillus parvulus CBS136.61	D-galactose	0		
537	Aspergillus parvulus CBS136.61	D-galacturonic acid	6		d4:1.5 d7:1.6
537	Aspergillus parvulus CBS136.61	D-glucose	5		d4:0.8 d7:1.5
537	Aspergillus parvulus CBS136.61	D-glucuronic acid	1		d4:1 d7:1.5
537	Aspergillus parvulus CBS136.61	D-mannose	3		d4:0.9 d7:1.8
537	Aspergillus parvulus CBS136.61	D-ribose	0		d4:1 d7:2
537	Aspergillus parvulus CBS136.61	D-xylose	3		d4:0.8 d7:1.6
537	Aspergillus parvulus CBS136.61	guar gum 1%	3		d4:1.1 d7:2
537	Aspergillus parvulus CBS136.61	inulin 1%	1		d4:1.2 d7:2.2
537	Aspergillus parvulus CBS136.61	L-arabinose	2		d4:0.9 d7:1.8
537	Aspergillus parvulus CBS136.61	L-rhamnose	0		d4:0.9 d7:1.8
537	Aspergillus parvulus CBS136.61	lactose	1		d4:1.1 d7:1.8
537	Aspergillus parvulus CBS136.61	maltose	6		d4:0.9 d7:1.6
537	Aspergillus parvulus CBS136.61	no carbon source	0		d4:1 d7:1.9
537	Aspergillus parvulus CBS136.61	raffinose	3		d4:1.1 d7:2
537	Aspergillus parvulus CBS136.61	rice bran 3%	8		d4:1.3 d7:2
537	Aspergillus parvulus CBS136.61	soluble starch 1%	7		d4:1.1 d7:2
537	Aspergillus parvulus CBS136.61	soybean hulls 3%	8		d4:1.2 d7:2
537	Aspergillus parvulus CBS136.61	sucrose	6		d4:1 d7:1.7
537	Aspergillus parvulus CBS136.61	wheat bran 3%	8		d4:1.2 d7:1.8
538	Aspergillus penicillioides CBS540.65	alfalfa meal 3%	9		d4:2.3
538	Aspergillus penicillioides CBS540.65	apple pectin 1% pH=6	5		d4:1.4
538	Aspergillus penicillioides CBS540.65	arabic gum 1%	1		d4:1.6
538	Aspergillus penicillioides CBS540.65	arabinogalactan 1%			d4:1.5
538	Aspergillus penicillioides CBS540.65	beechwood xylan 1%	1		d4:1
538	Aspergillus penicillioides CBS540.65	birchwood xylan 1%	1		d4:1.3
538	Aspergillus penicillioides CBS540.65	casein 3%	3		d4:1.6
538	Aspergillus penicillioides CBS540.65	cellobiose	3		d4:1.4
538	Aspergillus penicillioides CBS540.65	cellulose 3%	0		
538	Aspergillus penicillioides CBS540.65	citrus pectin 1% pH=6	6		d4:1.5
538	Aspergillus penicillioides CBS540.65	citrus pulp 3% pH=6	7		d4:2
538	Aspergillus penicillioides CBS540.65	cotton seed pulp 3%	10		d4:2.3
538	Aspergillus penicillioides CBS540.65	D-fructose	2		d4:1.5
538	Aspergillus penicillioides CBS540.65	D-galactose	0		d4:1
538	Aspergillus penicillioides CBS540.65	D-galacturonic acid	0		
538	Aspergillus penicillioides CBS540.65	D-glucose	5		d4:1.3
538	Aspergillus penicillioides CBS540.65	D-glucuronic acid	0		d4:1.3
538	Aspergillus penicillioides CBS540.65	D-mannose	3		d4:1.2
538	Aspergillus penicillioides CBS540.65	D-ribose	2		d4:1.5
538	Aspergillus penicillioides CBS540.65	D-xylose	2		d4:1.3
538	Aspergillus penicillioides CBS540.65	guar gum 1%	2		d4:2.1
538	Aspergillus penicillioides CBS540.65	inulin 1%	1		d4:1.5
538	Aspergillus penicillioides CBS540.65	L-arabinose	1		d4:1.3
538	Aspergillus penicillioides CBS540.65	L-rhamnose	0		d4:1.2
538	Aspergillus penicillioides CBS540.65	lactose	0		d4:1.2
538	Aspergillus penicillioides CBS540.65	maltose	3		d4:1.3
538	Aspergillus penicillioides CBS540.65	no carbon source	0		d4:1.1
538	Aspergillus penicillioides CBS540.65	raffinose	3		d4:1.4
538	Aspergillus penicillioides CBS540.65	rice bran 3%	8		d4:2
538	Aspergillus penicillioides CBS540.65	soluble starch 1%	6		d4:1.5
538	Aspergillus penicillioides CBS540.65	soybean hulls 3%	8		d4:2.3
538	Aspergillus penicillioides CBS540.65	sucrose	4		d4:1.2
538	Aspergillus penicillioides CBS540.65	wheat bran 3%	9		d4:2.2
539	Aspergillus persii CBS112795	alfalfa meal 3%	8		d4:2.5
539	Aspergillus persii CBS112795	apple pectin 1% pH=6	2		d4:1.9
539	Aspergillus persii CBS112795	arabic gum 1%	1		d4:1.7
539	Aspergillus persii CBS112795	arabinogalactan 1%			d4:1.6
539	Aspergillus persii CBS112795	beechwood xylan 1%	3		d4:1.5
539	Aspergillus persii CBS112795	birchwood xylan 1%	2		d4:1.7
539	Aspergillus persii CBS112795	casein 3%	4		d4:1.9
539	Aspergillus persii CBS112795	cellobiose	4		d4:1.5
539	Aspergillus persii CBS112795	cellulose 3%	0		d4:1.2
539	Aspergillus persii CBS112795	citrus pectin 1% pH=6	6		d4:1.9
539	Aspergillus persii CBS112795	citrus pulp 3% pH=6	6		d4:2.2
539	Aspergillus persii CBS112795	cotton seed pulp 3%	9		d4:2.8
539	Aspergillus persii CBS112795	D-fructose	5		d4:1.7
539	Aspergillus persii CBS112795	D-galactose	1		d4:0.9
539	Aspergillus persii CBS112795	D-galacturonic acid	1		d4:1.1
539	Aspergillus persii CBS112795	D-glucose	5		d4:1.8
539	Aspergillus persii CBS112795	D-glucuronic acid	1		d4:1.3
539	Aspergillus persii CBS112795	D-mannose	5		d4:1.8
539	Aspergillus persii CBS112795	D-ribose	4		d4:1.9
539	Aspergillus persii CBS112795	D-xylose	4		d4:1.7
539	Aspergillus persii CBS112795	guar gum 1%	4		d4:2.5
539	Aspergillus persii CBS112795	inulin 1%	1		d4:1.3
539	Aspergillus persii CBS112795	L-arabinose	3		d4:1.6
539	Aspergillus persii CBS112795	L-rhamnose	1		d4:1
539	Aspergillus persii CBS112795	lactose	1		d4:1.3
539	Aspergillus persii CBS112795	maltose	4		d4:1.6
539	Aspergillus persii CBS112795	no carbon source	0		d4:1.2
539	Aspergillus persii CBS112795	raffinose	5		d4:1.7
539	Aspergillus persii CBS112795	rice bran 3%	7		d4:2.2
539	Aspergillus persii CBS112795	soluble starch 1%	5		d4:1.8
539	Aspergillus persii CBS112795	soybean hulls 3%	10		d4:2.4
539	Aspergillus persii CBS112795	sucrose	5		d4:1.9
539	Aspergillus persii CBS112795	wheat bran 3%	9		d4:2.8
540	Aspergillus petrakii CBS105.57	alfalfa meal 3%	8		d4:2.4
540	Aspergillus petrakii CBS105.57	apple pectin 1% pH=6	5		d4:2
540	Aspergillus petrakii CBS105.57	arabic gum 1%	1		d4:1.6
540	Aspergillus petrakii CBS105.57	arabinogalactan 1%			d4:1.5
540	Aspergillus petrakii CBS105.57	beechwood xylan 1%	7		d4:1.9
540	Aspergillus petrakii CBS105.57	birchwood xylan 1%	5		d4:1.5
540	Aspergillus petrakii CBS105.57	casein 3%	8		d4:2.1
540	Aspergillus petrakii CBS105.57	cellobiose	4		d4:1.5
540	Aspergillus petrakii CBS105.57	cellulose 3%	1		d4:1.3
540	Aspergillus petrakii CBS105.57	citrus pectin 1% pH=6	5		d4:1.5
540	Aspergillus petrakii CBS105.57	citrus pulp 3% pH=6	8		d4:2.2
540	Aspergillus petrakii CBS105.57	cotton seed pulp 3%	10		d4:3
540	Aspergillus petrakii CBS105.57	D-fructose	7		d4:1.8
540	Aspergillus petrakii CBS105.57	D-galactose	1		d4:0.7
540	Aspergillus petrakii CBS105.57	D-galacturonic acid	0		d4:0
540	Aspergillus petrakii CBS105.57	D-glucose	5		d4:1.4
540	Aspergillus petrakii CBS105.57	D-glucuronic acid	1		d4:1.5
540	Aspergillus petrakii CBS105.57	D-mannose	7		d4:1.8
540	Aspergillus petrakii CBS105.57	D-ribose	1		d4:1.4
540	Aspergillus petrakii CBS105.57	D-xylose	6		d4:1.6
540	Aspergillus petrakii CBS105.57	guar gum 1%	5		d4:2.6
540	Aspergillus petrakii CBS105.57	inulin 1%	5		d4:1.7
540	Aspergillus petrakii CBS105.57	L-arabinose	5		d4:1.8
540	Aspergillus petrakii CBS105.57	L-rhamnose	2		d4:1.2
540	Aspergillus petrakii CBS105.57	lactose	2		d4:1.5
540	Aspergillus petrakii CBS105.57	maltose	5		d4:1.8
540	Aspergillus petrakii CBS105.57	no carbon source	0		d4:1.5
540	Aspergillus petrakii CBS105.57	raffinose	6		d4:1.9
540	Aspergillus petrakii CBS105.57	rice bran 3%	9		d4:2.5
540	Aspergillus petrakii CBS105.57	soluble starch 1%	5		d4:1.5
540	Aspergillus petrakii CBS105.57	soybean hulls 3%	9		d4:2.4
540	Aspergillus petrakii CBS105.57	sucrose	6		d4:1.7
540	Aspergillus petrakii CBS105.57	wheat bran 3%	9		d4:2.6
541	Aspergillus petrakii CBS640.78	alfalfa meal 3%	9		d3:2.7
541	Aspergillus petrakii CBS640.78	apple pectin 1% pH=6	4		d3:1.9
541	Aspergillus petrakii CBS640.78	arabic gum 1%	1		d3:1.7
541	Aspergillus petrakii CBS640.78	arabinogalactan 1%			d3:1.5
541	Aspergillus petrakii CBS640.78	beechwood xylan 1%	6		d3:1.7
541	Aspergillus petrakii CBS640.78	birchwood xylan 1%	6		d3:1.4
541	Aspergillus petrakii CBS640.78	casein 3%	5		d3:1.6
541	Aspergillus petrakii CBS640.78	cellobiose	3		d3:1.4
541	Aspergillus petrakii CBS640.78	cellulose 3%	0		d3:1.2
541	Aspergillus petrakii CBS640.78	citrus pectin 1% pH=6	3		d3:1.5
541	Aspergillus petrakii CBS640.78	citrus pulp 3% pH=6	7		d3:2.1
541	Aspergillus petrakii CBS640.78	cotton seed pulp 3%	10		d3:2.9
541	Aspergillus petrakii CBS640.78	D-fructose	5		d3:1.5
541	Aspergillus petrakii CBS640.78	D-galactose	2		d3:1.2
541	Aspergillus petrakii CBS640.78	D-galacturonic acid	1		d3:0.3
541	Aspergillus petrakii CBS640.78	D-glucose	1		d3:1.1
541	Aspergillus petrakii CBS640.78	D-glucuronic acid	0		d3:1.2
541	Aspergillus petrakii CBS640.78	D-mannose	4		d3:1.3
541	Aspergillus petrakii CBS640.78	D-ribose	1		d3:1.5
541	Aspergillus petrakii CBS640.78	D-xylose	6		d3:2
541	Aspergillus petrakii CBS640.78	guar gum 1%	2		d3:1.5
541	Aspergillus petrakii CBS640.78	inulin 1%	5		d3:1.5
541	Aspergillus petrakii CBS640.78	L-arabinose	5		d3:1.8
541	Aspergillus petrakii CBS640.78	L-rhamnose	0		d3:1.2
541	Aspergillus petrakii CBS640.78	lactose	0		d3:1.6
541	Aspergillus petrakii CBS640.78	maltose	4		d3:1.5
541	Aspergillus petrakii CBS640.78	no carbon source	0		d3:1.3
541	Aspergillus petrakii CBS640.78	raffinose	6		d3:1.7
541	Aspergillus petrakii CBS640.78	rice bran 3%	7		d3:2.3
541	Aspergillus petrakii CBS640.78	soluble starch 1%	0		d3:0.5
541	Aspergillus petrakii CBS640.78	soybean hulls 3%	8		d3:2.4
541	Aspergillus petrakii CBS640.78	sucrose	5		d3:1.5
541	Aspergillus petrakii CBS640.78	wheat bran 3%	9		d3:2.7
542	Aspergillus luchuensis CBS112811	alfalfa meal 3%	9		d3:3
542	Aspergillus luchuensis CBS112811	apple pectin 1% pH=6	7		d3:2.7
542	Aspergillus luchuensis CBS112811	arabic gum 1%	1		d3:2.5
542	Aspergillus luchuensis CBS112811	arabinogalactan 1%			d3:2.7
542	Aspergillus luchuensis CBS112811	beechwood xylan 1%	6		d3:2.3
542	Aspergillus luchuensis CBS112811	birchwood xylan 1%	6		d3:2
542	Aspergillus luchuensis CBS112811	casein 3%	1		d3:2.5
542	Aspergillus luchuensis CBS112811	cellobiose	4		d3:2.2
542	Aspergillus luchuensis CBS112811	cellulose 3%	1		d3:2
542	Aspergillus luchuensis CBS112811	citrus pectin 1% pH=6	7		d3:2.2
542	Aspergillus luchuensis CBS112811	citrus pulp 3% pH=6	8		d3:3.2
542	Aspergillus luchuensis CBS112811	cotton seed pulp 3%	9		d3:3.1
542	Aspergillus luchuensis CBS112811	D-fructose	6		d3:1.8
542	Aspergillus luchuensis CBS112811	D-galactose	1		d3:0.6
542	Aspergillus luchuensis CBS112811	D-galacturonic acid	3		d3:1.5
542	Aspergillus luchuensis CBS112811	D-glucose	5		d3:1.7
542	Aspergillus luchuensis CBS112811	D-glucuronic acid	2		d3:2.1
542	Aspergillus luchuensis CBS112811	D-mannose	6		d3:2
542	Aspergillus luchuensis CBS112811	D-ribose	1		d3:1.8
542	Aspergillus luchuensis CBS112811	D-xylose	5		d3:1.9
542	Aspergillus luchuensis CBS112811	guar gum 1%	4		d3:2.5
542	Aspergillus luchuensis CBS112811	inulin 1%	5		d3:2
542	Aspergillus luchuensis CBS112811	L-arabinose	4		d3:2
542	Aspergillus luchuensis CBS112811	L-rhamnose	2		d3:2.1
542	Aspergillus luchuensis CBS112811	lactose	1		d3:2.1
542	Aspergillus luchuensis CBS112811	maltose	6		d3:1.9
542	Aspergillus luchuensis CBS112811	no carbon source	0		d3:2.1
542	Aspergillus luchuensis CBS112811	raffinose	6		d3:1.9
542	Aspergillus luchuensis CBS112811	rice bran 3%	7		d3:1.5
542	Aspergillus luchuensis CBS112811	soluble starch 1%	5		d3:2
542	Aspergillus luchuensis CBS112811	soybean hulls 3%	8		d3:2.7
542	Aspergillus luchuensis CBS112811	sucrose	5		d3:2.1
542	Aspergillus luchuensis CBS112811	wheat bran 3%	10		d3:3.2
543	Aspergillus pseudocaelatus CBS117616	alfalfa meal 3%	9		d3:3
543	Aspergillus pseudocaelatus CBS117616	apple pectin 1% pH=6	6		d3:2.9
543	Aspergillus pseudocaelatus CBS117616	arabic gum 1%	2		d3:2.7
543	Aspergillus pseudocaelatus CBS117616	arabinogalactan 1%			d3:2.8
543	Aspergillus pseudocaelatus CBS117616	beechwood xylan 1%	3		d3:2.7
543	Aspergillus pseudocaelatus CBS117616	birchwood xylan 1%	3		d3:2.7
543	Aspergillus pseudocaelatus CBS117616	casein 3%	4		d3:2.6
543	Aspergillus pseudocaelatus CBS117616	cellobiose	3		d3:2.4
543	Aspergillus pseudocaelatus CBS117616	cellulose 3%	0		d3:2.2
543	Aspergillus pseudocaelatus CBS117616	citrus pectin 1% pH=6	6		d3:2.9
543	Aspergillus pseudocaelatus CBS117616	citrus pulp 3% pH=6	8		d3:2.9
543	Aspergillus pseudocaelatus CBS117616	cotton seed pulp 3%	10		d3:3.3
543	Aspergillus pseudocaelatus CBS117616	D-fructose	4		d3:2.4
543	Aspergillus pseudocaelatus CBS117616	D-galactose	1		d3:2.2
543	Aspergillus pseudocaelatus CBS117616	D-galacturonic acid	1		d3:1.1
543	Aspergillus pseudocaelatus CBS117616	D-glucose	5		d3:2.5
543	Aspergillus pseudocaelatus CBS117616	D-glucuronic acid	0		d3:2.1
543	Aspergillus pseudocaelatus CBS117616	D-mannose	5		d3:2.6
543	Aspergillus pseudocaelatus CBS117616	D-ribose	2		d3:2.2
543	Aspergillus pseudocaelatus CBS117616	D-xylose	3		d3:2.6
543	Aspergillus pseudocaelatus CBS117616	guar gum 1%	6		d3:2.9
543	Aspergillus pseudocaelatus CBS117616	inulin 1%	0		d3:2.2
543	Aspergillus pseudocaelatus CBS117616	L-arabinose	2		d3:2.4
543	Aspergillus pseudocaelatus CBS117616	L-rhamnose	1		d3:2.2
543	Aspergillus pseudocaelatus CBS117616	lactose	0		d3:2.2
543	Aspergillus pseudocaelatus CBS117616	maltose	6		d3:2.5
543	Aspergillus pseudocaelatus CBS117616	no carbon source	0		d3:2.4
543	Aspergillus pseudocaelatus CBS117616	raffinose	5		d3:2.4
543	Aspergillus pseudocaelatus CBS117616	rice bran 3%	7		d3:2.7
543	Aspergillus pseudocaelatus CBS117616	soluble starch 1%	5		d3:2.7
543	Aspergillus pseudocaelatus CBS117616	soybean hulls 3%	9		d3:2.8
543	Aspergillus pseudocaelatus CBS117616	sucrose	5		d3:2.5
543	Aspergillus pseudocaelatus CBS117616	wheat bran 3%	10		d3:3
544	Aspergillus pseudoelegans CBS112797	alfalfa meal 3%	8		d4:2.5
544	Aspergillus pseudoelegans CBS112797	apple pectin 1% pH=6	6		d4:1.7
544	Aspergillus pseudoelegans CBS112797	arabic gum 1%	3		d4:1.4
544	Aspergillus pseudoelegans CBS112797	arabinogalactan 1%			d4:1.2
544	Aspergillus pseudoelegans CBS112797	beechwood xylan 1%	5		d4:1.7
544	Aspergillus pseudoelegans CBS112797	birchwood xylan 1%	5		d4:1.6
544	Aspergillus pseudoelegans CBS112797	casein 3%	7		d4:2.1
544	Aspergillus pseudoelegans CBS112797	cellobiose	4		d4:1.4
544	Aspergillus pseudoelegans CBS112797	cellulose 3%	0		d4:1.5
544	Aspergillus pseudoelegans CBS112797	citrus pectin 1% pH=6	4		d4:1.4
544	Aspergillus pseudoelegans CBS112797	citrus pulp 3% pH=6	8		d4:2.2
544	Aspergillus pseudoelegans CBS112797	cotton seed pulp 3%	10		d4:3
544	Aspergillus pseudoelegans CBS112797	D-fructose	5		d4:1.5
544	Aspergillus pseudoelegans CBS112797	D-galactose	4		d4:1.6
544	Aspergillus pseudoelegans CBS112797	D-galacturonic acid	0		d4:0
544	Aspergillus pseudoelegans CBS112797	D-glucose	1		d4:0.6
544	Aspergillus pseudoelegans CBS112797	D-glucuronic acid	1		d4:1.5
544	Aspergillus pseudoelegans CBS112797	D-mannose	3		d4:1
544	Aspergillus pseudoelegans CBS112797	D-ribose	1		d4:1.2
544	Aspergillus pseudoelegans CBS112797	D-xylose	5		d4:1.8
544	Aspergillus pseudoelegans CBS112797	guar gum 1%	5		d4:2
544	Aspergillus pseudoelegans CBS112797	inulin 1%	2		d4:1.5
544	Aspergillus pseudoelegans CBS112797	L-arabinose	4		d4:1.6
544	Aspergillus pseudoelegans CBS112797	L-rhamnose	2		d4:1.5
544	Aspergillus pseudoelegans CBS112797	lactose	1		d4:1.6
544	Aspergillus pseudoelegans CBS112797	maltose	4		d4:1.5
544	Aspergillus pseudoelegans CBS112797	no carbon source	0		d4:1.6
544	Aspergillus pseudoelegans CBS112797	raffinose	7		d4:1.7
544	Aspergillus pseudoelegans CBS112797	rice bran 3%	9		d4:2.5
544	Aspergillus pseudoelegans CBS112797	soluble starch 1%	3		d4:1
544	Aspergillus pseudoelegans CBS112797	soybean hulls 3%	8		d4:2.5
544	Aspergillus pseudoelegans CBS112797	sucrose	6		d4:1.4
544	Aspergillus pseudoelegans CBS112797	wheat bran 3%	9		d4:2.7
545	Aspergillus pseudotamarii CBS117625	alfalfa meal 3%	7		d3:2.8
545	Aspergillus pseudotamarii CBS117625	apple pectin 1% pH=6	5		d3:3.1
545	Aspergillus pseudotamarii CBS117625	arabic gum 1%	1		d3:2.9
545	Aspergillus pseudotamarii CBS117625	arabinogalactan 1%			d3:3
545	Aspergillus pseudotamarii CBS117625	beechwood xylan 1%	3		d3:3
545	Aspergillus pseudotamarii CBS117625	birchwood xylan 1%	3		d3:2.8
545	Aspergillus pseudotamarii CBS117625	casein 3%	5		d3:3
545	Aspergillus pseudotamarii CBS117625	cellobiose	3		d3:2.5
545	Aspergillus pseudotamarii CBS117625	cellulose 3%	0		d3:2.8
545	Aspergillus pseudotamarii CBS117625	citrus pectin 1% pH=6	5		d3:3
545	Aspergillus pseudotamarii CBS117625	citrus pulp 3% pH=6	8		d3:2.7
545	Aspergillus pseudotamarii CBS117625	cotton seed pulp 3%	9		d3:3.2
545	Aspergillus pseudotamarii CBS117625	D-fructose	5		d3:2.7
545	Aspergillus pseudotamarii CBS117625	D-galactose	2		d3:2.2
545	Aspergillus pseudotamarii CBS117625	D-galacturonic acid	3		d3:2.4
545	Aspergillus pseudotamarii CBS117625	D-glucose	5		d3:2.8
545	Aspergillus pseudotamarii CBS117625	D-glucuronic acid	1		d3:2.6
545	Aspergillus pseudotamarii CBS117625	D-mannose	5		d3:2.9
545	Aspergillus pseudotamarii CBS117625	D-ribose	1		d3:2.6
545	Aspergillus pseudotamarii CBS117625	D-xylose	4		d3:2.8
545	Aspergillus pseudotamarii CBS117625	guar gum 1%	6		d3:2.9
545	Aspergillus pseudotamarii CBS117625	inulin 1%	1		d3:2.7
545	Aspergillus pseudotamarii CBS117625	L-arabinose	3		d3:2.6
545	Aspergillus pseudotamarii CBS117625	L-rhamnose	2		d3:2.4
545	Aspergillus pseudotamarii CBS117625	lactose	0		d3:2.5
545	Aspergillus pseudotamarii CBS117625	maltose	5		d3:2.9
545	Aspergillus pseudotamarii CBS117625	no carbon source	0		d3:2.7
545	Aspergillus pseudotamarii CBS117625	raffinose	5		d3:2.7
545	Aspergillus pseudotamarii CBS117625	rice bran 3%	9		d3:2.9
545	Aspergillus pseudotamarii CBS117625	soluble starch 1%	5		d3:2.8
545	Aspergillus pseudotamarii CBS117625	soybean hulls 3%	8		d3:2.6
545	Aspergillus pseudotamarii CBS117625	sucrose	5		d3:2.8
545	Aspergillus pseudotamarii CBS117625	wheat bran 3%	10		d3:3.5
546	Aspergillus purpureus CBS754.74	alfalfa meal 3%			d26:1.9
546	Aspergillus purpureus CBS754.74	apple pectin 1% pH=6			d26:1.5
546	Aspergillus purpureus CBS754.74	arabic gum 1%			d26:1.4
546	Aspergillus purpureus CBS754.74	arabinogalactan 1%			d26:1.2
546	Aspergillus purpureus CBS754.74	beechwood xylan 1%			d26:1.5
546	Aspergillus purpureus CBS754.74	birchwood xylan 1%			d26:1.7
546	Aspergillus purpureus CBS754.74	casein 3%			d26:1.3
546	Aspergillus purpureus CBS754.74	cellobiose			d26:1.4
546	Aspergillus purpureus CBS754.74	cellulose 3%			d26:1.3
546	Aspergillus purpureus CBS754.74	citrus pectin 1% pH=6			d26:1.4
546	Aspergillus purpureus CBS754.74	citrus pulp 3% pH=6			d26:1.7
546	Aspergillus purpureus CBS754.74	cotton seed pulp 3%			d26:1.9
546	Aspergillus purpureus CBS754.74	D-fructose			d26:1.3
546	Aspergillus purpureus CBS754.74	D-galactose			d26:1
546	Aspergillus purpureus CBS754.74	D-galacturonic acid			d26:0.1
546	Aspergillus purpureus CBS754.74	D-glucose			d26:1.4
546	Aspergillus purpureus CBS754.74	D-glucuronic acid			d26:1
546	Aspergillus purpureus CBS754.74	D-mannose			d26:1.2
546	Aspergillus purpureus CBS754.74	D-ribose			d26:1.2
546	Aspergillus purpureus CBS754.74	D-xylose			d26:1.2
546	Aspergillus purpureus CBS754.74	guar gum 1%			d26:2
546	Aspergillus purpureus CBS754.74	inulin 1%			d26:1.2
546	Aspergillus purpureus CBS754.74	L-arabinose			d26:1.3
546	Aspergillus purpureus CBS754.74	L-rhamnose			d26:0.7
546	Aspergillus purpureus CBS754.74	lactose			d26:1.5
546	Aspergillus purpureus CBS754.74	maltose			d26:1.3
546	Aspergillus purpureus CBS754.74	no carbon source			d26:1.2
546	Aspergillus purpureus CBS754.74	raffinose			d26:1.3
546	Aspergillus purpureus CBS754.74	rice bran 3%			d26:2.3
546	Aspergillus purpureus CBS754.74	soluble starch 1%			d26:1.5
546	Aspergillus purpureus CBS754.74	soybean hulls 3%			d26:1.5
546	Aspergillus purpureus CBS754.74	sucrose			d26:1.3
546	Aspergillus purpureus CBS754.74	wheat bran 3%			d26:2
547	Aspergillus quadrilineatus CBS591.65	alfalfa meal 3%	9		d3:2.5
547	Aspergillus quadrilineatus CBS591.65	apple pectin 1% pH=6	8		d3:2.6
547	Aspergillus quadrilineatus CBS591.65	arabic gum 1%	1		d3:2.3
547	Aspergillus quadrilineatus CBS591.65	arabinogalactan 1%			d3:2.4
547	Aspergillus quadrilineatus CBS591.65	beechwood xylan 1%	5		d3:1.9
547	Aspergillus quadrilineatus CBS591.65	birchwood xylan 1%	5		d3:1.7
547	Aspergillus quadrilineatus CBS591.65	casein 3%	3		d3:2.3
547	Aspergillus quadrilineatus CBS591.65	cellobiose	4		d3:2
547	Aspergillus quadrilineatus CBS591.65	cellulose 3%	1		d3:1.5
547	Aspergillus quadrilineatus CBS591.65	citrus pectin 1% pH=6	8		d3:2.5
547	Aspergillus quadrilineatus CBS591.65	citrus pulp 3% pH=6	9		d3:2.6
547	Aspergillus quadrilineatus CBS591.65	cotton seed pulp 3%	9		d3:3
547	Aspergillus quadrilineatus CBS591.65	D-fructose	5		d3:2.1
547	Aspergillus quadrilineatus CBS591.65	D-galactose	3		d3:2.1
547	Aspergillus quadrilineatus CBS591.65	D-galacturonic acid	0		
547	Aspergillus quadrilineatus CBS591.65	D-glucose	5		d3:2.1
547	Aspergillus quadrilineatus CBS591.65	D-glucuronic acid	4		d3:2
547	Aspergillus quadrilineatus CBS591.65	D-mannose	5		d3:2.1
547	Aspergillus quadrilineatus CBS591.65	D-ribose	1		d3:1.9
547	Aspergillus quadrilineatus CBS591.65	D-xylose	5		d3:2
547	Aspergillus quadrilineatus CBS591.65	guar gum 1%	8		d3:2.8
547	Aspergillus quadrilineatus CBS591.65	inulin 1%	5		d3:2.1
547	Aspergillus quadrilineatus CBS591.65	L-arabinose	3		d3:2
547	Aspergillus quadrilineatus CBS591.65	L-rhamnose	2		d3:1.9
547	Aspergillus quadrilineatus CBS591.65	lactose	2		d3:2
547	Aspergillus quadrilineatus CBS591.65	maltose	4		d3:1.5
547	Aspergillus quadrilineatus CBS591.65	no carbon source	0		d3:1.9
547	Aspergillus quadrilineatus CBS591.65	raffinose	5		d3:1.8
547	Aspergillus quadrilineatus CBS591.65	rice bran 3%	7		d3:1.7
547	Aspergillus quadrilineatus CBS591.65	soluble starch 1%	6		d3:2.3
547	Aspergillus quadrilineatus CBS591.65	soybean hulls 3%	8		d3:2.2
547	Aspergillus quadrilineatus CBS591.65	sucrose	5		d3:2
547	Aspergillus quadrilineatus CBS591.65	wheat bran 3%	10		d3:3
548	Aspergillus recurvatus CBS496.65	alfalfa meal 3%	8		d3:2.1
548	Aspergillus recurvatus CBS496.65	apple pectin 1% pH=6	5		d3:1.4
548	Aspergillus recurvatus CBS496.65	arabic gum 1%	2		d3:1.3
548	Aspergillus recurvatus CBS496.65	arabinogalactan 1%			d3:1
548	Aspergillus recurvatus CBS496.65	beechwood xylan 1%	7		d3:1.4
548	Aspergillus recurvatus CBS496.65	birchwood xylan 1%	7		d3:1.4
548	Aspergillus recurvatus CBS496.65	casein 3%	6		d3:1.8
548	Aspergillus recurvatus CBS496.65	cellobiose	5		d3:1.3
548	Aspergillus recurvatus CBS496.65	cellulose 3%	0		d3:1.5
548	Aspergillus recurvatus CBS496.65	citrus pectin 1% pH=6	4		d3:1
548	Aspergillus recurvatus CBS496.65	citrus pulp 3% pH=6	10		d3:2.3
548	Aspergillus recurvatus CBS496.65	cotton seed pulp 3%	10		d3:2.3
548	Aspergillus recurvatus CBS496.65	D-fructose	5		d3:1.1
548	Aspergillus recurvatus CBS496.65	D-galactose	4		d3:1.1
548	Aspergillus recurvatus CBS496.65	D-galacturonic acid	1		d3:0
548	Aspergillus recurvatus CBS496.65	D-glucose	5		d3:1.1
548	Aspergillus recurvatus CBS496.65	D-glucuronic acid	4		d3:1.2
548	Aspergillus recurvatus CBS496.65	D-mannose	5		d3:1.2
548	Aspergillus recurvatus CBS496.65	D-ribose	1		d3:1.1
548	Aspergillus recurvatus CBS496.65	D-xylose	5		d3:1.2
548	Aspergillus recurvatus CBS496.65	guar gum 1%	8		d3:1.6
548	Aspergillus recurvatus CBS496.65	inulin 1%	7		d3:1.5
548	Aspergillus recurvatus CBS496.65	L-arabinose	3		d3:1.1
548	Aspergillus recurvatus CBS496.65	L-rhamnose	2		d3:1.5
548	Aspergillus recurvatus CBS496.65	lactose	3		d3:1.1
548	Aspergillus recurvatus CBS496.65	maltose	3		d3:1
548	Aspergillus recurvatus CBS496.65	no carbon source	1		d3:1.8
548	Aspergillus recurvatus CBS496.65	raffinose	6		d3:1.1
548	Aspergillus recurvatus CBS496.65	rice bran 3%	8		d3:1.5
548	Aspergillus recurvatus CBS496.65	soluble starch 1%	4		d3:1.2
548	Aspergillus recurvatus CBS496.65	soybean hulls 3%	9		d3:1.8
548	Aspergillus recurvatus CBS496.65	sucrose	6		d3:1.2
548	Aspergillus recurvatus CBS496.65	wheat bran 3%	10		d3:2.3
549	Aspergillus restrictus CBS118.33	alfalfa meal 3%	4		d1:1.2 d2:1.3
549	Aspergillus restrictus CBS118.33	apple pectin 1% pH=6	3		d1:1.4 d2:1.5
549	Aspergillus restrictus CBS118.33	arabic gum 1%	3		d1:1.2 d2:1.2
549	Aspergillus restrictus CBS118.33	arabinogalactan 1%			d1:1.4 d2:1.5
549	Aspergillus restrictus CBS118.33	beechwood xylan 1%	2		d1:0.9 d2:1
549	Aspergillus restrictus CBS118.33	birchwood xylan 1%	1		d1:1 d2:1
549	Aspergillus restrictus CBS118.33	casein 3%	1		d1:1.2 d2:1.2
549	Aspergillus restrictus CBS118.33	cellobiose	3		d1:1.3 d2:1.4
549	Aspergillus restrictus CBS118.33	cellulose 3%	1		d1:1 d2:1
549	Aspergillus restrictus CBS118.33	citrus pectin 1% pH=6	3		d1:1.8 d2:1.8
549	Aspergillus restrictus CBS118.33	citrus pulp 3% pH=6	4		d1:1.1 d2:1.2
549	Aspergillus restrictus CBS118.33	cotton seed pulp 3%	3		d1:1.2 d2:1.4
549	Aspergillus restrictus CBS118.33	D-fructose	5		d1:1.6 d2:1.7
549	Aspergillus restrictus CBS118.33	D-galactose	4		d1:1.5 d2:1.6
549	Aspergillus restrictus CBS118.33	D-galacturonic acid	0		d1:0 d2:0
549	Aspergillus restrictus CBS118.33	D-glucose	5		d1:1.4 d2:1.4
549	Aspergillus restrictus CBS118.33	D-glucuronic acid	1		d1:1 d2:1.2
549	Aspergillus restrictus CBS118.33	D-mannose	5		d1:1.6 d2:1.6
549	Aspergillus restrictus CBS118.33	D-ribose	0		d1:0 d2:0
549	Aspergillus restrictus CBS118.33	D-xylose	3		d1:1.3 d2:1.5
549	Aspergillus restrictus CBS118.33	guar gum 1%	3		d1:1.4 d2:1.5
549	Aspergillus restrictus CBS118.33	inulin 1%	1		d1:1.1 d2:1.2
549	Aspergillus restrictus CBS118.33	L-arabinose	3		d1:1.2 d2:1.4
549	Aspergillus restrictus CBS118.33	L-rhamnose	3		d1:1.3 d2:1.5
549	Aspergillus restrictus CBS118.33	lactose	3		d1:1.8 d2:2
549	Aspergillus restrictus CBS118.33	maltose	2		d1:1.1 d2:1.3
549	Aspergillus restrictus CBS118.33	no carbon source	1		d1:1.1 d2:1.2
549	Aspergillus restrictus CBS118.33	raffinose	9		d1:2.2 d2:2.2
549	Aspergillus restrictus CBS118.33	rice bran 3%	3		d1:1 d2:1.3
549	Aspergillus restrictus CBS118.33	soluble starch 1%	3		d1:1.4 d2:1.5
549	Aspergillus restrictus CBS118.33	soybean hulls 3%	5		d1:1.1 d2:1.3
549	Aspergillus restrictus CBS118.33	sucrose	7		d1:1.7 d2:1.7
549	Aspergillus restrictus CBS118.33	wheat bran 3%	4		d1:1.4 d2:1.6
550	Aspergillus rhizopodus CBS450.75	alfalfa meal 3%	6		d4:2.9
550	Aspergillus rhizopodus CBS450.75	apple pectin 1% pH=6	6		d4:2.7
550	Aspergillus rhizopodus CBS450.75	arabic gum 1%	1		d4:3
550	Aspergillus rhizopodus CBS450.75	arabinogalactan 1%			d4:3
550	Aspergillus rhizopodus CBS450.75	beechwood xylan 1%	2		d4:2.6
550	Aspergillus rhizopodus CBS450.75	birchwood xylan 1%	2		d4:2.7
550	Aspergillus rhizopodus CBS450.75	casein 3%	0		d4:3.1
550	Aspergillus rhizopodus CBS450.75	cellobiose	5		d4:2.2
550	Aspergillus rhizopodus CBS450.75	cellulose 3%	0		d4:2.5
550	Aspergillus rhizopodus CBS450.75	citrus pectin 1% pH=6	6		d4:2.7
550	Aspergillus rhizopodus CBS450.75	citrus pulp 3% pH=6	8		d4:3.1
550	Aspergillus rhizopodus CBS450.75	cotton seed pulp 3%	6		d4:3.3
550	Aspergillus rhizopodus CBS450.75	D-fructose	3		d4:2.4
550	Aspergillus rhizopodus CBS450.75	D-galactose	1		d4:0.6
550	Aspergillus rhizopodus CBS450.75	D-galacturonic acid	0		d4:0
550	Aspergillus rhizopodus CBS450.75	D-glucose	5		d4:2.6
550	Aspergillus rhizopodus CBS450.75	D-glucuronic acid	2		d4:2.6
550	Aspergillus rhizopodus CBS450.75	D-mannose	3		d4:1.9
550	Aspergillus rhizopodus CBS450.75	D-ribose	0		d4:2.6
550	Aspergillus rhizopodus CBS450.75	D-xylose	2		d4:2.7
550	Aspergillus rhizopodus CBS450.75	guar gum 1%	2		d4:3.1
550	Aspergillus rhizopodus CBS450.75	inulin 1%	0		d4:2.6
550	Aspergillus rhizopodus CBS450.75	L-arabinose	0		d4:2.6
550	Aspergillus rhizopodus CBS450.75	L-rhamnose	0		d4:2.5
550	Aspergillus rhizopodus CBS450.75	lactose	1		d4:0.7
550	Aspergillus rhizopodus CBS450.75	maltose	5		d4:2.4
550	Aspergillus rhizopodus CBS450.75	no carbon source	0		d4:2.6
550	Aspergillus rhizopodus CBS450.75	raffinose	0		d4:1.5
550	Aspergillus rhizopodus CBS450.75	rice bran 3%	4		d4:3
550	Aspergillus rhizopodus CBS450.75	soluble starch 1%	5		d4:2.3
550	Aspergillus rhizopodus CBS450.75	soybean hulls 3%	5		d4:2.8
550	Aspergillus rhizopodus CBS450.75	sucrose	2		d4:2.7
550	Aspergillus rhizopodus CBS450.75	wheat bran 3%	7		d4:2.6
551	Aspergillus robustus CBS649.93	alfalfa meal 3%	8		d6:2.1
551	Aspergillus robustus CBS649.93	apple pectin 1% pH=6	7		d6:2.4
551	Aspergillus robustus CBS649.93	arabic gum 1%	3		d6:2.1
551	Aspergillus robustus CBS649.93	arabinogalactan 1%			d6:1.8
551	Aspergillus robustus CBS649.93	beechwood xylan 1%	7		d6:1.9
551	Aspergillus robustus CBS649.93	birchwood xylan 1%	6		d6:1.9
551	Aspergillus robustus CBS649.93	casein 3%	4		d6:1.8
551	Aspergillus robustus CBS649.93	cellobiose	4		d6:1.3
551	Aspergillus robustus CBS649.93	cellulose 3%	3		d6:1.5
551	Aspergillus robustus CBS649.93	citrus pectin 1% pH=6	7		d6:2.3
551	Aspergillus robustus CBS649.93	citrus pulp 3% pH=6	9		d6:2.2
551	Aspergillus robustus CBS649.93	cotton seed pulp 3%	8		d6:2.5
551	Aspergillus robustus CBS649.93	D-fructose	4		d6:1.6
551	Aspergillus robustus CBS649.93	D-galactose	1		d6:0.8
551	Aspergillus robustus CBS649.93	D-galacturonic acid	2		d6:0.6
551	Aspergillus robustus CBS649.93	D-glucose	5		d6:1.5
551	Aspergillus robustus CBS649.93	D-glucuronic acid	3		d6:1.6
551	Aspergillus robustus CBS649.93	D-mannose	5		d6:1.4
551	Aspergillus robustus CBS649.93	D-ribose	1		d6:1.5
551	Aspergillus robustus CBS649.93	D-xylose	5		d6:1.6
551	Aspergillus robustus CBS649.93	guar gum 1%	3		d6:2
551	Aspergillus robustus CBS649.93	inulin 1%	3		d6:1.8
551	Aspergillus robustus CBS649.93	L-arabinose	5		d6:1.6
551	Aspergillus robustus CBS649.93	L-rhamnose	4		d6:1.7
551	Aspergillus robustus CBS649.93	lactose	3		d6:1.5
551	Aspergillus robustus CBS649.93	maltose	5		d6:1.6
551	Aspergillus robustus CBS649.93	no carbon source	0		d6:1.2
551	Aspergillus robustus CBS649.93	raffinose	5		d6:1.6
551	Aspergillus robustus CBS649.93	rice bran 3%	10		d6:2.5
551	Aspergillus robustus CBS649.93	soluble starch 1%	6		d6:2
551	Aspergillus robustus CBS649.93	soybean hulls 3%	10		d6:2.5
551	Aspergillus robustus CBS649.93	sucrose	7		d6:2
551	Aspergillus robustus CBS649.93	wheat bran 3%	10		d6:3
552	Aspergillus roseoglobosus CBS112800	alfalfa meal 3%	9		d4:3
552	Aspergillus roseoglobosus CBS112800	apple pectin 1% pH=6	6		d4:2.6
552	Aspergillus roseoglobosus CBS112800	arabic gum 1%	1		d4:2.2
552	Aspergillus roseoglobosus CBS112800	arabinogalactan 1%			d4:2.2
552	Aspergillus roseoglobosus CBS112800	beechwood xylan 1%	6		d4:2.3
552	Aspergillus roseoglobosus CBS112800	birchwood xylan 1%	6		d4:2.2
552	Aspergillus roseoglobosus CBS112800	casein 3%	5		d4:2.4
552	Aspergillus roseoglobosus CBS112800	cellobiose	5		d4:2
552	Aspergillus roseoglobosus CBS112800	cellulose 3%	0		d4:1.6
552	Aspergillus roseoglobosus CBS112800	citrus pectin 1% pH=6	5		d4:1.8
552	Aspergillus roseoglobosus CBS112800	citrus pulp 3% pH=6	8		d4:2.7
552	Aspergillus roseoglobosus CBS112800	cotton seed pulp 3%	9		d4:3
552	Aspergillus roseoglobosus CBS112800	D-fructose	6		d4:2.2
552	Aspergillus roseoglobosus CBS112800	D-galactose	2		d4:2.2
552	Aspergillus roseoglobosus CBS112800	D-galacturonic acid	0		d4:0
552	Aspergillus roseoglobosus CBS112800	D-glucose	5		d4:1.8
552	Aspergillus roseoglobosus CBS112800	D-glucuronic acid	1		d4:1.9
552	Aspergillus roseoglobosus CBS112800	D-mannose	6		d4:2.2
552	Aspergillus roseoglobosus CBS112800	D-ribose	1		d4:2.1
552	Aspergillus roseoglobosus CBS112800	D-xylose	6		d4:2.3
552	Aspergillus roseoglobosus CBS112800	guar gum 1%	7		d4:2.7
552	Aspergillus roseoglobosus CBS112800	inulin 1%	5		d4:2.1
552	Aspergillus roseoglobosus CBS112800	L-arabinose	5		d4:2.2
552	Aspergillus roseoglobosus CBS112800	L-rhamnose	1		d4:2
552	Aspergillus roseoglobosus CBS112800	lactose	0		d4:2.1
552	Aspergillus roseoglobosus CBS112800	maltose	7		d4:2.2
552	Aspergillus roseoglobosus CBS112800	no carbon source	0		d4:2
552	Aspergillus roseoglobosus CBS112800	raffinose	7		d4:2.2
552	Aspergillus roseoglobosus CBS112800	rice bran 3%	7		d4:2.7
552	Aspergillus roseoglobosus CBS112800	soluble starch 1%	4		d4:1.9
552	Aspergillus roseoglobosus CBS112800	soybean hulls 3%	8		d4:2.4
552	Aspergillus roseoglobosus CBS112800	sucrose	7		d4:2.2
552	Aspergillus roseoglobosus CBS112800	wheat bran 3%	10		d4:2.7
553	Aspergillus rugulosus CBS171.71	alfalfa meal 3%	8		d4:2.9
553	Aspergillus rugulosus CBS171.71	apple pectin 1% pH=6	5		d4:1.7
553	Aspergillus rugulosus CBS171.71	arabic gum 1%	1		d4:2.1
553	Aspergillus rugulosus CBS171.71	arabinogalactan 1%			d4:1.8
553	Aspergillus rugulosus CBS171.71	beechwood xylan 1%	7		d4:2.4
553	Aspergillus rugulosus CBS171.71	birchwood xylan 1%	7		d4:2.1
553	Aspergillus rugulosus CBS171.71	casein 3%	7		d4:2.6
553	Aspergillus rugulosus CBS171.71	cellobiose	6		d4:1.6
553	Aspergillus rugulosus CBS171.71	cellulose 3%	0		d4:2.1
553	Aspergillus rugulosus CBS171.71	citrus pectin 1% pH=6	6		d4:1.6
553	Aspergillus rugulosus CBS171.71	citrus pulp 3% pH=6	8		d4:2.9
553	Aspergillus rugulosus CBS171.71	cotton seed pulp 3%	9		d4:3
553	Aspergillus rugulosus CBS171.71	D-fructose	6		d4:1.6
553	Aspergillus rugulosus CBS171.71	D-galactose	4		d4:1.5
553	Aspergillus rugulosus CBS171.71	D-galacturonic acid	3		d4:1.1
553	Aspergillus rugulosus CBS171.71	D-glucose	5		d4:1.5
553	Aspergillus rugulosus CBS171.71	D-glucuronic acid	1		d4:2.2
553	Aspergillus rugulosus CBS171.71	D-mannose	5		d4:1.5
553	Aspergillus rugulosus CBS171.71	D-ribose	1		d4:2.1
553	Aspergillus rugulosus CBS171.71	D-xylose	6		d4:1.7
553	Aspergillus rugulosus CBS171.71	guar gum 1%	7		d4:2.2
553	Aspergillus rugulosus CBS171.71	inulin 1%	6		d4:1.7
553	Aspergillus rugulosus CBS171.71	L-arabinose	6		d4:1.8
553	Aspergillus rugulosus CBS171.71	L-rhamnose	4		d4:2
553	Aspergillus rugulosus CBS171.71	lactose	5		d4:1.7
553	Aspergillus rugulosus CBS171.71	maltose	4		d4:1.4
553	Aspergillus rugulosus CBS171.71	no carbon source	0		d4:2.3
553	Aspergillus rugulosus CBS171.71	raffinose	5		d4:1.6
553	Aspergillus rugulosus CBS171.71	rice bran 3%	8		d4:3
553	Aspergillus rugulosus CBS171.71	soluble starch 1%	6		d4:1.7
553	Aspergillus rugulosus CBS171.71	soybean hulls 3%	9		d4:2.9
553	Aspergillus rugulosus CBS171.71	sucrose	5		d4:1.5
553	Aspergillus rugulosus CBS171.71	wheat bran 3%	10		d4:3.3
554	Aspergillus sclerotioniger CBS115572	alfalfa meal 3%	10		d3:2.6
554	Aspergillus sclerotioniger CBS115572	apple pectin 1% pH=6	7		d3:2.6
554	Aspergillus sclerotioniger CBS115572	arabic gum 1%	1		d3:1.7
554	Aspergillus sclerotioniger CBS115572	arabinogalactan 1%			d3:2
554	Aspergillus sclerotioniger CBS115572	beechwood xylan 1%	3		d3:1.6
554	Aspergillus sclerotioniger CBS115572	birchwood xylan 1%	3		d3:1.5
554	Aspergillus sclerotioniger CBS115572	casein 3%	0		d3:1.6
554	Aspergillus sclerotioniger CBS115572	cellobiose	5		d3:1.4
554	Aspergillus sclerotioniger CBS115572	cellulose 3%	1		d3:1
554	Aspergillus sclerotioniger CBS115572	citrus pectin 1% pH=6	7		d3:2.8
554	Aspergillus sclerotioniger CBS115572	citrus pulp 3% pH=6	10		d3:2.8
554	Aspergillus sclerotioniger CBS115572	cotton seed pulp 3%	10		d3:2.5
554	Aspergillus sclerotioniger CBS115572	D-fructose	5		d3:1.5
554	Aspergillus sclerotioniger CBS115572	D-galactose	1		d3:0.6
554	Aspergillus sclerotioniger CBS115572	D-galacturonic acid	3		d3:1.6
554	Aspergillus sclerotioniger CBS115572	D-glucose	5		d3:1.5
554	Aspergillus sclerotioniger CBS115572	D-glucuronic acid	0		d3:1.5
554	Aspergillus sclerotioniger CBS115572	D-mannose	4		d3:1.2
554	Aspergillus sclerotioniger CBS115572	D-ribose	1		d3:1.5
554	Aspergillus sclerotioniger CBS115572	D-xylose	4		d3:1.5
554	Aspergillus sclerotioniger CBS115572	guar gum 1%	2		d3:2
554	Aspergillus sclerotioniger CBS115572	inulin 1%	0		d3:1.5
554	Aspergillus sclerotioniger CBS115572	L-arabinose	3		d3:1.3
554	Aspergillus sclerotioniger CBS115572	L-rhamnose	0		d3:0.7
554	Aspergillus sclerotioniger CBS115572	lactose	0		d3:1.5
554	Aspergillus sclerotioniger CBS115572	maltose	5		d3:1.4
554	Aspergillus sclerotioniger CBS115572	no carbon source	0		d3:1.2
554	Aspergillus sclerotioniger CBS115572	raffinose	4		d3:1.3
554	Aspergillus sclerotioniger CBS115572	rice bran 3%	7		d3:1.7
554	Aspergillus sclerotioniger CBS115572	soluble starch 1%	6		d3:1.8
554	Aspergillus sclerotioniger CBS115572	soybean hulls 3%	8		d3:2.1
554	Aspergillus sclerotioniger CBS115572	sucrose	4		d3:1.4
554	Aspergillus sclerotioniger CBS115572	wheat bran 3%	10		d3:2.6
555	Aspergillus sclerotiorum CBS549.65	alfalfa meal 3%	9		d6:2.5
555	Aspergillus sclerotiorum CBS549.65	apple pectin 1% pH=6	3		d6:2.4
555	Aspergillus sclerotiorum CBS549.65	arabic gum 1%	2		d6:2.2
555	Aspergillus sclerotiorum CBS549.65	arabinogalactan 1%			d6:2
555	Aspergillus sclerotiorum CBS549.65	beechwood xylan 1%	3		d6:1.8
555	Aspergillus sclerotiorum CBS549.65	birchwood xylan 1%	3		d6:1.9
555	Aspergillus sclerotiorum CBS549.65	casein 3%	3		d6:2.6
555	Aspergillus sclerotiorum CBS549.65	cellobiose	4		d6:2.2
555	Aspergillus sclerotiorum CBS549.65	cellulose 3%	1		d6:2.5
555	Aspergillus sclerotiorum CBS549.65	citrus pectin 1% pH=6	8		d6:2.6
555	Aspergillus sclerotiorum CBS549.65	citrus pulp 3% pH=6	9		d6:2.3
555	Aspergillus sclerotiorum CBS549.65	cotton seed pulp 3%	3		d6:2.3
555	Aspergillus sclerotiorum CBS549.65	D-fructose	5		d6:2.4
555	Aspergillus sclerotiorum CBS549.65	D-galactose	1		d6:1.9
555	Aspergillus sclerotiorum CBS549.65	D-galacturonic acid	0		
555	Aspergillus sclerotiorum CBS549.65	D-glucose	5		d6:2.5
555	Aspergillus sclerotiorum CBS549.65	D-glucuronic acid	1		d6:2.2
555	Aspergillus sclerotiorum CBS549.65	D-mannose	5		d6:2.2
555	Aspergillus sclerotiorum CBS549.65	D-ribose	4		d6:2.3
555	Aspergillus sclerotiorum CBS549.65	D-xylose	5		d6:2.4
555	Aspergillus sclerotiorum CBS549.65	guar gum 1%	3		d6:3
555	Aspergillus sclerotiorum CBS549.65	inulin 1%	3		d6:2.5
555	Aspergillus sclerotiorum CBS549.65	L-arabinose	2		d6:2.3
555	Aspergillus sclerotiorum CBS549.65	L-rhamnose	1		d6:1.9
555	Aspergillus sclerotiorum CBS549.65	lactose	1		d6:2.1
555	Aspergillus sclerotiorum CBS549.65	maltose	4		d6:2.2
555	Aspergillus sclerotiorum CBS549.65	no carbon source	1		d6:2.3
555	Aspergillus sclerotiorum CBS549.65	raffinose	4		d6:2.1
555	Aspergillus sclerotiorum CBS549.65	rice bran 3%	9		d6:2.5
555	Aspergillus sclerotiorum CBS549.65	soluble starch 1%	6		d6:2.4
555	Aspergillus sclerotiorum CBS549.65	soybean hulls 3%	9		d6:2.5
555	Aspergillus sclerotiorum CBS549.65	sucrose	4		d6:1.9
555	Aspergillus sclerotiorum CBS549.65	wheat bran 3%	10		d6:2.6
556	Aspergillus sergii CBS130017	alfalfa meal 3%	9		d3:3
556	Aspergillus sergii CBS130017	apple pectin 1% pH=6	7		d3:3
556	Aspergillus sergii CBS130017	arabic gum 1%	1		d3:2.8
556	Aspergillus sergii CBS130017	arabinogalactan 1%			d3:3
556	Aspergillus sergii CBS130017	beechwood xylan 1%	4		d3:2.5
556	Aspergillus sergii CBS130017	birchwood xylan 1%	4		d3:2.4
556	Aspergillus sergii CBS130017	casein 3%	4		d3:2.3
556	Aspergillus sergii CBS130017	cellobiose	3		d3:2.4
556	Aspergillus sergii CBS130017	cellulose 3%	0		d3:2.3
556	Aspergillus sergii CBS130017	citrus pectin 1% pH=6	7		d3:2.9
556	Aspergillus sergii CBS130017	citrus pulp 3% pH=6	9		d3:2.8
556	Aspergillus sergii CBS130017	cotton seed pulp 3%	10		d3:3.3
556	Aspergillus sergii CBS130017	D-fructose	5		d3:2.3
556	Aspergillus sergii CBS130017	D-galactose	4		d3:1.6
556	Aspergillus sergii CBS130017	D-galacturonic acid	2		d3:1.3
556	Aspergillus sergii CBS130017	D-glucose	5		d3:2.5
556	Aspergillus sergii CBS130017	D-glucuronic acid	1		d3:2.5
556	Aspergillus sergii CBS130017	D-mannose	5		d3:2.5
556	Aspergillus sergii CBS130017	D-ribose	5		d3:2.5
556	Aspergillus sergii CBS130017	D-xylose	6		d3:2.7
556	Aspergillus sergii CBS130017	guar gum 1%	6		d3:3.2
556	Aspergillus sergii CBS130017	inulin 1%	1		d3:2.5
556	Aspergillus sergii CBS130017	L-arabinose	4		d3:2.4
556	Aspergillus sergii CBS130017	L-rhamnose	3		d3:2.4
556	Aspergillus sergii CBS130017	lactose	1		d3:1
556	Aspergillus sergii CBS130017	maltose	5		d3:2.8
556	Aspergillus sergii CBS130017	no carbon source	0		d3:2.6
556	Aspergillus sergii CBS130017	raffinose	5		d3:2.3
556	Aspergillus sergii CBS130017	rice bran 3%	7		d3:3
556	Aspergillus sergii CBS130017	soluble starch 1%	6		d3:2.9
556	Aspergillus sergii CBS130017	soybean hulls 3%	9		d3:3
556	Aspergillus sergii CBS130017	sucrose	4		d3:2.3
556	Aspergillus sergii CBS130017	wheat bran 3%	10		d3:3
557	Aspergillus violaceus CBS293.93	alfalfa meal 3%	10		d4:3.3
557	Aspergillus violaceus CBS293.93	apple pectin 1% pH=6	7		d4:2.7
557	Aspergillus violaceus CBS293.93	arabic gum 1%	0		d4:2.3
557	Aspergillus violaceus CBS293.93	arabinogalactan 1%			d4:2.8
557	Aspergillus violaceus CBS293.93	beechwood xylan 1%	7		d4:1.9
557	Aspergillus violaceus CBS293.93	birchwood xylan 1%	7		d4:2.1
557	Aspergillus violaceus CBS293.93	casein 3%	6		d4:2.3
557	Aspergillus violaceus CBS293.93	cellobiose	4		d4:1.3
557	Aspergillus violaceus CBS293.93	cellulose 3%	0		d4:2
557	Aspergillus violaceus CBS293.93	citrus pectin 1% pH=6	5		d4:1.5
557	Aspergillus violaceus CBS293.93	citrus pulp 3% pH=6	9		d4:3
557	Aspergillus violaceus CBS293.93	cotton seed pulp 3%	10		d4:3.3
557	Aspergillus violaceus CBS293.93	D-fructose	5		d4:1.3
557	Aspergillus violaceus CBS293.93	D-galactose	1		d4:1.4
557	Aspergillus violaceus CBS293.93	D-galacturonic acid	2		d4:1.5
557	Aspergillus violaceus CBS293.93	D-glucose	5		d4:1.2
557	Aspergillus violaceus CBS293.93	D-glucuronic acid	1		d4:1.8
557	Aspergillus violaceus CBS293.93	D-mannose	5		d4:1.4
557	Aspergillus violaceus CBS293.93	D-ribose	4		d4:1.6
557	Aspergillus violaceus CBS293.93	D-xylose	5		d4:1.5
557	Aspergillus violaceus CBS293.93	guar gum 1%	8		d4:2.6
557	Aspergillus violaceus CBS293.93	inulin 1%	6		d4:1.9
557	Aspergillus violaceus CBS293.93	L-arabinose	4		d4:1.6
557	Aspergillus violaceus CBS293.93	L-rhamnose	3		d4:1.8
557	Aspergillus violaceus CBS293.93	lactose	0		d4:1.8
557	Aspergillus violaceus CBS293.93	maltose	5		d4:1.5
557	Aspergillus violaceus CBS293.93	no carbon source	0		d4:1.7
557	Aspergillus violaceus CBS293.93	raffinose	5		d4:1.4
557	Aspergillus violaceus CBS293.93	rice bran 3%	7		d4:2.5
557	Aspergillus violaceus CBS293.93	soluble starch 1%	5		d4:1.5
557	Aspergillus violaceus CBS293.93	soybean hulls 3%	8		d4:3
557	Aspergillus violaceus CBS293.93	sucrose	5		d4:1.3
557	Aspergillus violaceus CBS293.93	wheat bran 3%	9		d4:3.2
559	Aspergillus spectabilis CBS429.77	alfalfa meal 3%	8		d4:1.6
559	Aspergillus spectabilis CBS429.77	apple pectin 1% pH=6	6		d4:1.9
559	Aspergillus spectabilis CBS429.77	arabic gum 1%	1		d4:1.7
559	Aspergillus spectabilis CBS429.77	arabinogalactan 1%			d4:1.6
559	Aspergillus spectabilis CBS429.77	beechwood xylan 1%	6		d4:1.7
559	Aspergillus spectabilis CBS429.77	birchwood xylan 1%	5		d4:1.5
559	Aspergillus spectabilis CBS429.77	casein 3%	7		d4:1.6
559	Aspergillus spectabilis CBS429.77	cellobiose	6		d4:1.4
559	Aspergillus spectabilis CBS429.77	cellulose 3%	0		d4:1
559	Aspergillus spectabilis CBS429.77	citrus pectin 1% pH=6	5		d4:1.2
559	Aspergillus spectabilis CBS429.77	citrus pulp 3% pH=6	10		d4:1.7
559	Aspergillus spectabilis CBS429.77	cotton seed pulp 3%	7		d4:1.6
559	Aspergillus spectabilis CBS429.77	D-fructose	7		d4:1.7
559	Aspergillus spectabilis CBS429.77	D-galactose	1		d4:0.9
559	Aspergillus spectabilis CBS429.77	D-galacturonic acid	0		d4:0
559	Aspergillus spectabilis CBS429.77	D-glucose	5		d4:1.1
559	Aspergillus spectabilis CBS429.77	D-glucuronic acid	3		d4:1.4
559	Aspergillus spectabilis CBS429.77	D-mannose	5		d4:1.3
559	Aspergillus spectabilis CBS429.77	D-ribose	2		d4:1.5
559	Aspergillus spectabilis CBS429.77	D-xylose	7		d4:1.7
559	Aspergillus spectabilis CBS429.77	guar gum 1%	7		d4:1.9
559	Aspergillus spectabilis CBS429.77	inulin 1%	1		d4:1.6
559	Aspergillus spectabilis CBS429.77	L-arabinose	6		d4:1.5
559	Aspergillus spectabilis CBS429.77	L-rhamnose	3		d4:1.6
559	Aspergillus spectabilis CBS429.77	lactose	6		d4:0.9
559	Aspergillus spectabilis CBS429.77	maltose	6		d4:1.5
559	Aspergillus spectabilis CBS429.77	no carbon source	0		d4:1.5
559	Aspergillus spectabilis CBS429.77	raffinose	4		d4:1.5
559	Aspergillus spectabilis CBS429.77	rice bran 3%	7		d4:1.5
559	Aspergillus spectabilis CBS429.77	soluble starch 1%	5		d4:1.3
559	Aspergillus spectabilis CBS429.77	soybean hulls 3%	8		d4:1.6
559	Aspergillus spectabilis CBS429.77	sucrose	3		d4:1.3
559	Aspergillus spectabilis CBS429.77	wheat bran 3%	9		d4:1.8
560	Aspergillus stella-maris CBS113639	alfalfa meal 3%	10		d5:2.1
560	Aspergillus stella-maris CBS113639	apple pectin 1% pH=6	6		d5:1.9
560	Aspergillus stella-maris CBS113639	arabic gum 1%	1		d5:1.8
560	Aspergillus stella-maris CBS113639	arabinogalactan 1%			d5:1.7
560	Aspergillus stella-maris CBS113639	beechwood xylan 1%	5		d5:1.4
560	Aspergillus stella-maris CBS113639	birchwood xylan 1%	5		d5:1.1
560	Aspergillus stella-maris CBS113639	casein 3%	6		d5:2
560	Aspergillus stella-maris CBS113639	cellobiose	3		d5:1.5
560	Aspergillus stella-maris CBS113639	cellulose 3%	0		d5:1.1
560	Aspergillus stella-maris CBS113639	citrus pectin 1% pH=6	6		d5:1.5
560	Aspergillus stella-maris CBS113639	citrus pulp 3% pH=6	8		d5:1.5
560	Aspergillus stella-maris CBS113639	cotton seed pulp 3%	10		d5:2.1
560	Aspergillus stella-maris CBS113639	D-fructose	5		d5:1.5
560	Aspergillus stella-maris CBS113639	D-galactose	3		d5:0.7
560	Aspergillus stella-maris CBS113639	D-galacturonic acid	1		d5:0
560	Aspergillus stella-maris CBS113639	D-glucose	5		d5:1.7
560	Aspergillus stella-maris CBS113639	D-glucuronic acid	2		d5:1.5
560	Aspergillus stella-maris CBS113639	D-mannose	5		d5:1.2
560	Aspergillus stella-maris CBS113639	D-ribose	3		d5:1.1
560	Aspergillus stella-maris CBS113639	D-xylose	5		d5:1.4
560	Aspergillus stella-maris CBS113639	guar gum 1%	7		d5:2
560	Aspergillus stella-maris CBS113639	inulin 1%	1		d5:1.5
560	Aspergillus stella-maris CBS113639	L-arabinose	5		d5:1.6
560	Aspergillus stella-maris CBS113639	L-rhamnose	4		d5:1.6
560	Aspergillus stella-maris CBS113639	lactose	4		d5:1.7
560	Aspergillus stella-maris CBS113639	maltose	1		d5:1.6
560	Aspergillus stella-maris CBS113639	no carbon source	0		d5:1.6
560	Aspergillus stella-maris CBS113639	raffinose	5		d5:1.5
560	Aspergillus stella-maris CBS113639	rice bran 3%	7		d5:1.5
560	Aspergillus stella-maris CBS113639	soluble starch 1%	4		d5:1.5
560	Aspergillus stella-maris CBS113639	soybean hulls 3%	9		d5:2
560	Aspergillus stella-maris CBS113639	sucrose	5		d5:1.6
560	Aspergillus stella-maris CBS113639	wheat bran 3%	10		d5:2
561	Aspergillus steynii CBS112812	alfalfa meal 3%	9		d4:2.2
561	Aspergillus steynii CBS112812	apple pectin 1% pH=6	5		d4:1.9
561	Aspergillus steynii CBS112812	arabic gum 1%	1		d4:1.6
561	Aspergillus steynii CBS112812	arabinogalactan 1%			d4:1.5
561	Aspergillus steynii CBS112812	beechwood xylan 1%	5		d4:1.6
561	Aspergillus steynii CBS112812	birchwood xylan 1%	4		d4:1.6
561	Aspergillus steynii CBS112812	casein 3%	6		d4:1.7
561	Aspergillus steynii CBS112812	cellobiose	4		d4:1.4
561	Aspergillus steynii CBS112812	cellulose 3%	0		d4:1.4
561	Aspergillus steynii CBS112812	citrus pectin 1% pH=6	4		d4:1.4
561	Aspergillus steynii CBS112812	citrus pulp 3% pH=6	8		d4:2
561	Aspergillus steynii CBS112812	cotton seed pulp 3%	10		d4:2.3
561	Aspergillus steynii CBS112812	D-fructose	6		d4:1.7
561	Aspergillus steynii CBS112812	D-galactose	1		d4:0.2
561	Aspergillus steynii CBS112812	D-galacturonic acid	0		
561	Aspergillus steynii CBS112812	D-glucose	5		d4:1.2
561	Aspergillus steynii CBS112812	D-glucuronic acid	1		d4:1.6
561	Aspergillus steynii CBS112812	D-mannose	6		d4:1.5
561	Aspergillus steynii CBS112812	D-ribose	1		d4:1.3
561	Aspergillus steynii CBS112812	D-xylose	5		d4:1.7
561	Aspergillus steynii CBS112812	guar gum 1%	5		d4:2.2
561	Aspergillus steynii CBS112812	inulin 1%	0		d4:1.6
561	Aspergillus steynii CBS112812	L-arabinose	4		d4:1.7
561	Aspergillus steynii CBS112812	L-rhamnose	2		d4:1.4
561	Aspergillus steynii CBS112812	lactose	0		d4:1.6
561	Aspergillus steynii CBS112812	maltose	5		d4:1.5
561	Aspergillus steynii CBS112812	no carbon source	0		d4:1.5
561	Aspergillus steynii CBS112812	raffinose	6		d4:1.6
561	Aspergillus steynii CBS112812	rice bran 3%	7		d4:1.9
561	Aspergillus steynii CBS112812	soluble starch 1%	5		d4:1.5
561	Aspergillus steynii CBS112812	soybean hulls 3%	7		d4:1.9
561	Aspergillus steynii CBS112812	sucrose	6		d4:1.6
561	Aspergillus steynii CBS112812	wheat bran 3%	10		d4:2.3
562	Aspergillus striatus CBS592.65	alfalfa meal 3%	7		d4:3
562	Aspergillus striatus CBS592.65	apple pectin 1% pH=6	7		d4:2.9
562	Aspergillus striatus CBS592.65	arabic gum 1%	0		d4:2.9
562	Aspergillus striatus CBS592.65	arabinogalactan 1%			d4:2.8
562	Aspergillus striatus CBS592.65	beechwood xylan 1%	6		d4:2.5
562	Aspergillus striatus CBS592.65	birchwood xylan 1%	6		d4:1.9
562	Aspergillus striatus CBS592.65	casein 3%	2		d4:2.1
562	Aspergillus striatus CBS592.65	cellobiose	5		d4:2
562	Aspergillus striatus CBS592.65	cellulose 3%	0		d4:1.9
562	Aspergillus striatus CBS592.65	citrus pectin 1% pH=6	6		d4:1.9
562	Aspergillus striatus CBS592.65	citrus pulp 3% pH=6	9		d4:2.8
562	Aspergillus striatus CBS592.65	cotton seed pulp 3%	9		d4:3.3
562	Aspergillus striatus CBS592.65	D-fructose	6		d4:2.4
562	Aspergillus striatus CBS592.65	D-galactose	1		d4:0.5
562	Aspergillus striatus CBS592.65	D-galacturonic acid	2		d4:0.9
562	Aspergillus striatus CBS592.65	D-glucose	5		d4:1.4
562	Aspergillus striatus CBS592.65	D-glucuronic acid	4		d4:2
562	Aspergillus striatus CBS592.65	D-mannose	6		d4:1.5
562	Aspergillus striatus CBS592.65	D-ribose	1		d4:1.7
562	Aspergillus striatus CBS592.65	D-xylose	6		d4:2.3
562	Aspergillus striatus CBS592.65	guar gum 1%	7		d4:2.7
562	Aspergillus striatus CBS592.65	inulin 1%	0		d4:2.2
562	Aspergillus striatus CBS592.65	L-arabinose	6		d4:2.2
562	Aspergillus striatus CBS592.65	L-rhamnose	4		d4:1.8
562	Aspergillus striatus CBS592.65	lactose	2		d4:2
562	Aspergillus striatus CBS592.65	maltose	6		d4:1.8
562	Aspergillus striatus CBS592.65	no carbon source	0		d4:1.9
562	Aspergillus striatus CBS592.65	raffinose	6		d4:2
562	Aspergillus striatus CBS592.65	rice bran 3%	8		d4:2.5
562	Aspergillus striatus CBS592.65	soluble starch 1%	6		d4:1.7
562	Aspergillus striatus CBS592.65	soybean hulls 3%	7		d4:2.8
562	Aspergillus striatus CBS592.65	sucrose	5		d4:1.5
562	Aspergillus striatus CBS592.65	wheat bran 3%	10		d4:2.7
563	Aspergillus stromatioides CBS500.65	alfalfa meal 3%	8		d5:1.6
563	Aspergillus stromatioides CBS500.65	apple pectin 1% pH=6	9		d5:2.4
563	Aspergillus stromatioides CBS500.65	arabic gum 1%	3		d5:2
563	Aspergillus stromatioides CBS500.65	arabinogalactan 1%			d5:1.9
563	Aspergillus stromatioides CBS500.65	beechwood xylan 1%	2		d5:1.5
563	Aspergillus stromatioides CBS500.65	birchwood xylan 1%	2		d5:2
563	Aspergillus stromatioides CBS500.65	casein 3%	1		d5:1.6
563	Aspergillus stromatioides CBS500.65	cellobiose	4		d5:1.3
563	Aspergillus stromatioides CBS500.65	cellulose 3%	1		d5:1
563	Aspergillus stromatioides CBS500.65	citrus pectin 1% pH=6	10		d5:2
563	Aspergillus stromatioides CBS500.65	citrus pulp 3% pH=6	8		d5:1.5
563	Aspergillus stromatioides CBS500.65	cotton seed pulp 3%	3		d5:1.8
563	Aspergillus stromatioides CBS500.65	D-fructose	5		d5:1.5
563	Aspergillus stromatioides CBS500.65	D-galactose	2		d5:1
563	Aspergillus stromatioides CBS500.65	D-galacturonic acid	7		d5:2.2
563	Aspergillus stromatioides CBS500.65	D-glucose	5		d5:1.5
563	Aspergillus stromatioides CBS500.65	D-glucuronic acid	2		d5:1.5
563	Aspergillus stromatioides CBS500.65	D-mannose	4		d5:1.5
563	Aspergillus stromatioides CBS500.65	D-ribose	1		d5:1.5
563	Aspergillus stromatioides CBS500.65	D-xylose	5		d5:1.5
563	Aspergillus stromatioides CBS500.65	guar gum 1%	3		d5:2.1
563	Aspergillus stromatioides CBS500.65	inulin 1%	2		d5:1.7
563	Aspergillus stromatioides CBS500.65	L-arabinose	4		d5:1.4
563	Aspergillus stromatioides CBS500.65	L-rhamnose	3		d5:1.3
563	Aspergillus stromatioides CBS500.65	lactose	1		d5:1.5
563	Aspergillus stromatioides CBS500.65	maltose	5		d5:1.6
563	Aspergillus stromatioides CBS500.65	no carbon source	1		d5:1.7
563	Aspergillus stromatioides CBS500.65	raffinose	5		d5:1.5
563	Aspergillus stromatioides CBS500.65	rice bran 3%	4		d5:1
563	Aspergillus stromatioides CBS500.65	soluble starch 1%	6		d5:1.6
563	Aspergillus stromatioides CBS500.65	soybean hulls 3%	4		d5:1.3
563	Aspergillus stromatioides CBS500.65	sucrose	6		d5:1.8
563	Aspergillus stromatioides CBS500.65	wheat bran 3%	8		d5:1.7
564	Aspergillus sublatus DTO 060-A2	alfalfa meal 3%	8		d3:2.8
564	Aspergillus sublatus DTO 060-A2	apple pectin 1% pH=6	6		d3:2.5
564	Aspergillus sublatus DTO 060-A2	arabic gum 1%	1		d3:2.9
564	Aspergillus sublatus DTO 060-A2	arabinogalactan 1%			d3:2.5
564	Aspergillus sublatus DTO 060-A2	beechwood xylan 1%	5		d3:2.5
564	Aspergillus sublatus DTO 060-A2	birchwood xylan 1%	6		d3:2.4
564	Aspergillus sublatus DTO 060-A2	casein 3%	4		d3:2.5
564	Aspergillus sublatus DTO 060-A2	cellobiose	4		d3:2.3
564	Aspergillus sublatus DTO 060-A2	cellulose 3%	0		d3:2.5
564	Aspergillus sublatus DTO 060-A2	citrus pectin 1% pH=6	7		d3:2.5
564	Aspergillus sublatus DTO 060-A2	citrus pulp 3% pH=6	9		d3:2.7
564	Aspergillus sublatus DTO 060-A2	cotton seed pulp 3%	10		d3:3.3
564	Aspergillus sublatus DTO 060-A2	D-fructose	6		d3:2.2
564	Aspergillus sublatus DTO 060-A2	D-galactose	5		d3:2.3
564	Aspergillus sublatus DTO 060-A2	D-galacturonic acid	2		d3:1.1
564	Aspergillus sublatus DTO 060-A2	D-glucose	5		d3:2.1
564	Aspergillus sublatus DTO 060-A2	D-glucuronic acid	1		d3:2.5
564	Aspergillus sublatus DTO 060-A2	D-mannose	6		d3:2.4
564	Aspergillus sublatus DTO 060-A2	D-ribose	1		d3:2.4
564	Aspergillus sublatus DTO 060-A2	D-xylose	6		d3:2.4
564	Aspergillus sublatus DTO 060-A2	guar gum 1%	6		d3:3.1
564	Aspergillus sublatus DTO 060-A2	inulin 1%	6		d3:2.4
564	Aspergillus sublatus DTO 060-A2	L-arabinose	4		d3:2.5
564	Aspergillus sublatus DTO 060-A2	L-rhamnose	3		d3:2.4
564	Aspergillus sublatus DTO 060-A2	lactose	4		d3:2.1
564	Aspergillus sublatus DTO 060-A2	maltose	5		d3:2
564	Aspergillus sublatus DTO 060-A2	no carbon source	0		d3:2.4
564	Aspergillus sublatus DTO 060-A2	raffinose	6		d3:2
564	Aspergillus sublatus DTO 060-A2	rice bran 3%	6		d3:2.3
564	Aspergillus sublatus DTO 060-A2	soluble starch 1%	6		d3:2.2
564	Aspergillus sublatus DTO 060-A2	soybean hulls 3%	7		d3:2.4
564	Aspergillus sublatus DTO 060-A2	sucrose	5		d3:2
564	Aspergillus sublatus DTO 060-A2	wheat bran 3%	9		d3:2.8
565	Aspergillus taichungensis DTO 031-C6	alfalfa meal 3%	8		d5:1.8
565	Aspergillus taichungensis DTO 031-C6	apple pectin 1% pH=6	3		d5:1
565	Aspergillus taichungensis DTO 031-C6	arabic gum 1%	2		d5:1.4
565	Aspergillus taichungensis DTO 031-C6	arabinogalactan 1%			d5:1
565	Aspergillus taichungensis DTO 031-C6	beechwood xylan 1%	3		d5:1
565	Aspergillus taichungensis DTO 031-C6	birchwood xylan 1%	3		d5:0.9
565	Aspergillus taichungensis DTO 031-C6	casein 3%	2		d5:1.6
565	Aspergillus taichungensis DTO 031-C6	cellobiose	4		d5:0.9
565	Aspergillus taichungensis DTO 031-C6	cellulose 3%	0		d5:1.1
565	Aspergillus taichungensis DTO 031-C6	citrus pectin 1% pH=6	5		d5:1.3
565	Aspergillus taichungensis DTO 031-C6	citrus pulp 3% pH=6	9		d5:2.2
565	Aspergillus taichungensis DTO 031-C6	cotton seed pulp 3%	8		d5:1.6
565	Aspergillus taichungensis DTO 031-C6	D-fructose	3		d5:1.1
565	Aspergillus taichungensis DTO 031-C6	D-galactose	1		d5:0.8
565	Aspergillus taichungensis DTO 031-C6	D-galacturonic acid	0		d5:0.2
565	Aspergillus taichungensis DTO 031-C6	D-glucose	5		d5:1.9
565	Aspergillus taichungensis DTO 031-C6	D-glucuronic acid	0		d5:1.5
565	Aspergillus taichungensis DTO 031-C6	D-mannose	4		d5:1.1
565	Aspergillus taichungensis DTO 031-C6	D-ribose	2		d5:1.1
565	Aspergillus taichungensis DTO 031-C6	D-xylose	5		d5:1.3
565	Aspergillus taichungensis DTO 031-C6	guar gum 1%	4		d5:1.4
565	Aspergillus taichungensis DTO 031-C6	inulin 1%	1		d5:1
565	Aspergillus taichungensis DTO 031-C6	L-arabinose	2		d5:1.2
565	Aspergillus taichungensis DTO 031-C6	L-rhamnose	1		d5:1
565	Aspergillus taichungensis DTO 031-C6	lactose	1		d5:1
565	Aspergillus taichungensis DTO 031-C6	maltose	4		d5:1
565	Aspergillus taichungensis DTO 031-C6	no carbon source	0		d5:0.9
565	Aspergillus taichungensis DTO 031-C6	raffinose	2		d5:1
565	Aspergillus taichungensis DTO 031-C6	rice bran 3%	4		d5:1.1
565	Aspergillus taichungensis DTO 031-C6	soluble starch 1%	4		d5:1.2
565	Aspergillus taichungensis DTO 031-C6	soybean hulls 3%	5		d5:2
565	Aspergillus taichungensis DTO 031-C6	sucrose	4		d5:1.1
565	Aspergillus taichungensis DTO 031-C6	wheat bran 3%	7		d5:1.7
566	Aspergillus thermomutatus CBS 138439	alfalfa meal 3%	8		d1:0.7 d2:3 d3:3.2
566	Aspergillus thermomutatus CBS 138439	apple pectin 1% pH=6	5		d1:0.4 d2:2.7 d3:3.2
566	Aspergillus thermomutatus CBS 138439	arabic gum 1%	1		d1:0.4 d2:3 d3:3.2
566	Aspergillus thermomutatus CBS 138439	arabinogalactan 1%			d1:0.3 d2:2.5 d3:3.2
566	Aspergillus thermomutatus CBS 138439	beechwood xylan 1%	5		d1:0 d2:1.9 d3:3.2
566	Aspergillus thermomutatus CBS 138439	birchwood xylan 1%	4		d1:0.4 d2:2.5 d3:3.2
566	Aspergillus thermomutatus CBS 138439	casein 3%	4		d1:0.7 d2:2.8 d3:3.2
566	Aspergillus thermomutatus CBS 138439	cellobiose	4		d1:0.3 d2:2 d3:3.2
566	Aspergillus thermomutatus CBS 138439	cellulose 3%	1		d1:0.5 d2:2.3 d3:3.2
566	Aspergillus thermomutatus CBS 138439	citrus pectin 1% pH=6	6		d1:0.4 d2:3 d3:3.2
566	Aspergillus thermomutatus CBS 138439	citrus pulp 3% pH=6	8		d1:0.6 d2:2.8 d3:3.2
566	Aspergillus thermomutatus CBS 138439	cotton seed pulp 3%	6		d1:0.5 d2:3 d3:3.2
566	Aspergillus thermomutatus CBS 138439	D-fructose	5		d1:0.3 d2:2.3 d3:3.2
566	Aspergillus thermomutatus CBS 138439	D-galactose	1		d1:0 d2:0.7 d3:1.5
566	Aspergillus thermomutatus CBS 138439	D-galacturonic acid	2		d1:0 d2:0.8 d3:1.7
566	Aspergillus thermomutatus CBS 138439	D-glucose	5		d1:0.4 d2:2.2 d3:3.2
566	Aspergillus thermomutatus CBS 138439	D-glucuronic acid	1		d1:0 d2:1.8 d3:3.2
566	Aspergillus thermomutatus CBS 138439	D-mannose	5		d1:0.3 d2:2 d3:3.2
566	Aspergillus thermomutatus CBS 138439	D-ribose	4		d1:0.3 d2:2.3 d3:3.2
566	Aspergillus thermomutatus CBS 138439	D-xylose	4		d1:0.3 d2:2.1 d3:3.2
566	Aspergillus thermomutatus CBS 138439	guar gum 1%	9		d1:0 d2:3 d3:3.2
566	Aspergillus thermomutatus CBS 138439	inulin 1%	4		d1:0.5 d2:2.6 d3:3.2
566	Aspergillus thermomutatus CBS 138439	L-arabinose	3		d1:0 d2:1.8 d3:3.2
566	Aspergillus thermomutatus CBS 138439	L-rhamnose	1		d1:0.2 d2:1.9 d3:3.2
566	Aspergillus thermomutatus CBS 138439	lactose	1		d1:0.3 d2:1.9 d3:3.2
566	Aspergillus thermomutatus CBS 138439	maltose	5		d1:0.3 d2:2.1 d3:3.2
566	Aspergillus thermomutatus CBS 138439	no carbon source	0		d1:0 d2:2 d3:3.2
566	Aspergillus thermomutatus CBS 138439	raffinose	5		d1:0.3 d2:2.2 d3:3.2
566	Aspergillus thermomutatus CBS 138439	rice bran 3%	9		d1:0.5 d2:3 d3:3.2
566	Aspergillus thermomutatus CBS 138439	soluble starch 1%	8		d1:0.4 d2:2.6 d3:3.2
566	Aspergillus thermomutatus CBS 138439	soybean hulls 3%	10		d1:0.7 d2:2.8 d3:3.2
566	Aspergillus thermomutatus CBS 138439	sucrose	5		d1:0.4 d2:2.3 d3:3.2
566	Aspergillus thermomutatus CBS 138439	wheat bran 3%	10		d1:0.7 d2:3.2 d3:3.2
567	Aspergillus transmontanensis CBS130015	alfalfa meal 3%	9		d3:2.8
567	Aspergillus transmontanensis CBS130015	apple pectin 1% pH=6	7		d3:2.9
567	Aspergillus transmontanensis CBS130015	arabic gum 1%	1		d3:2.8
567	Aspergillus transmontanensis CBS130015	arabinogalactan 1%			d3:2.6
567	Aspergillus transmontanensis CBS130015	beechwood xylan 1%	6		d3:2.4
567	Aspergillus transmontanensis CBS130015	birchwood xylan 1%	6		d3:2.3
567	Aspergillus transmontanensis CBS130015	casein 3%	6		d3:2.3
567	Aspergillus transmontanensis CBS130015	cellobiose	3		d3:2
567	Aspergillus transmontanensis CBS130015	cellulose 3%	0		d3:2.2
567	Aspergillus transmontanensis CBS130015	citrus pectin 1% pH=6	7		d3:2.6
567	Aspergillus transmontanensis CBS130015	citrus pulp 3% pH=6	8		d3:2.4
567	Aspergillus transmontanensis CBS130015	cotton seed pulp 3%	10		d3:3
567	Aspergillus transmontanensis CBS130015	D-fructose	5		d3:2
567	Aspergillus transmontanensis CBS130015	D-galactose	2		d3:2.1
567	Aspergillus transmontanensis CBS130015	D-galacturonic acid	3		d3:1.2
567	Aspergillus transmontanensis CBS130015	D-glucose	5		d3:2.1
567	Aspergillus transmontanensis CBS130015	D-glucuronic acid	1		d3:2.1
567	Aspergillus transmontanensis CBS130015	D-mannose	5		d3:2
567	Aspergillus transmontanensis CBS130015	D-ribose	4		d3:2.1
567	Aspergillus transmontanensis CBS130015	D-xylose	5		d3:2.2
567	Aspergillus transmontanensis CBS130015	guar gum 1%	8		d3:3
567	Aspergillus transmontanensis CBS130015	inulin 1%	0		d3:2
567	Aspergillus transmontanensis CBS130015	L-arabinose	4		d3:2
567	Aspergillus transmontanensis CBS130015	L-rhamnose	3		d3:2
567	Aspergillus transmontanensis CBS130015	lactose	2		d3:2
567	Aspergillus transmontanensis CBS130015	maltose	5		d3:2.1
567	Aspergillus transmontanensis CBS130015	no carbon source	0		d3:2.1
567	Aspergillus transmontanensis CBS130015	raffinose	6		d3:2.1
567	Aspergillus transmontanensis CBS130015	rice bran 3%	8		d3:3
567	Aspergillus transmontanensis CBS130015	soluble starch 1%	6		d3:2.5
567	Aspergillus transmontanensis CBS130015	soybean hulls 3%	9		d3:2.6
567	Aspergillus transmontanensis CBS130015	sucrose	5		d3:2
567	Aspergillus transmontanensis CBS130015	wheat bran 3%	10		d3:2.9
569	Aspergillus unguis CBS132.55	alfalfa meal 3%	8		d7:3
569	Aspergillus unguis CBS132.55	apple pectin 1% pH=6	8		d7:3.1
569	Aspergillus unguis CBS132.55	arabic gum 1%	0		d7:3
569	Aspergillus unguis CBS132.55	arabinogalactan 1%			d7:3.1
569	Aspergillus unguis CBS132.55	beechwood xylan 1%	8		d7:2.6
569	Aspergillus unguis CBS132.55	birchwood xylan 1%	8		d7:2.4
569	Aspergillus unguis CBS132.55	casein 3%	6		d7:2.6
569	Aspergillus unguis CBS132.55	cellobiose	7		d7:2.2
569	Aspergillus unguis CBS132.55	cellulose 3%	0		d7:2.5
569	Aspergillus unguis CBS132.55	citrus pectin 1% pH=6	7		d7:2.6
569	Aspergillus unguis CBS132.55	citrus pulp 3% pH=6	9		d7:2.7
569	Aspergillus unguis CBS132.55	cotton seed pulp 3%	9		d7:3
569	Aspergillus unguis CBS132.55	D-fructose	7		d7:2.2
569	Aspergillus unguis CBS132.55	D-galactose	6		d7:2.8
569	Aspergillus unguis CBS132.55	D-galacturonic acid	3		d7:1.3
569	Aspergillus unguis CBS132.55	D-glucose	5		d7:1.6
569	Aspergillus unguis CBS132.55	D-glucuronic acid	6		d7:2.5
569	Aspergillus unguis CBS132.55	D-mannose	7		d7:2.7
569	Aspergillus unguis CBS132.55	D-ribose	1		d7:2.5
569	Aspergillus unguis CBS132.55	D-xylose	8		d7:2.9
569	Aspergillus unguis CBS132.55	guar gum 1%	2		d7:3.1
569	Aspergillus unguis CBS132.55	inulin 1%	0		d7:2.7
569	Aspergillus unguis CBS132.55	L-arabinose	8		d7:2.9
569	Aspergillus unguis CBS132.55	L-rhamnose	6		d7:2.7
569	Aspergillus unguis CBS132.55	lactose	2		d7:2.3
569	Aspergillus unguis CBS132.55	maltose	9		d7:2.8
569	Aspergillus unguis CBS132.55	no carbon source	0		d7:2.6
569	Aspergillus unguis CBS132.55	raffinose	7		d7:2.4
569	Aspergillus unguis CBS132.55	rice bran 3%	9		d7:3.1
569	Aspergillus unguis CBS132.55	soluble starch 1%	9		d7:3
569	Aspergillus unguis CBS132.55	soybean hulls 3%	10		d7:3
569	Aspergillus unguis CBS132.55	sucrose	6		d7:1.8
569	Aspergillus unguis CBS132.55	wheat bran 3%	10		d7:3.3
571	Aspergillus venezuelensis CBS868.97	alfalfa meal 3%	7		d4:2.1
571	Aspergillus venezuelensis CBS868.97	apple pectin 1% pH=6	5		d4:2.3
571	Aspergillus venezuelensis CBS868.97	arabic gum 1%	1		d4:2.1
571	Aspergillus venezuelensis CBS868.97	arabinogalactan 1%			d4:2.2
571	Aspergillus venezuelensis CBS868.97	beechwood xylan 1%	6		d4:2.1
571	Aspergillus venezuelensis CBS868.97	birchwood xylan 1%	7		d4:2
571	Aspergillus venezuelensis CBS868.97	casein 3%	7		d4:2.2
571	Aspergillus venezuelensis CBS868.97	cellobiose	5		d4:1.5
571	Aspergillus venezuelensis CBS868.97	cellulose 3%	1		d4:1.9
571	Aspergillus venezuelensis CBS868.97	citrus pectin 1% pH=6	7		d4:2.2
571	Aspergillus venezuelensis CBS868.97	citrus pulp 3% pH=6	8		d4:2.2
571	Aspergillus venezuelensis CBS868.97	cotton seed pulp 3%	9		d4:2
571	Aspergillus venezuelensis CBS868.97	D-fructose	5		d4:1.7
571	Aspergillus venezuelensis CBS868.97	D-galactose	1		d4:1.4
571	Aspergillus venezuelensis CBS868.97	D-galacturonic acid	0		d4:0
571	Aspergillus venezuelensis CBS868.97	D-glucose	5		d4:1.7
571	Aspergillus venezuelensis CBS868.97	D-glucuronic acid	2		d4:1.7
571	Aspergillus venezuelensis CBS868.97	D-mannose	5		d4:1.4
571	Aspergillus venezuelensis CBS868.97	D-ribose	0		d4:1.6
571	Aspergillus venezuelensis CBS868.97	D-xylose	5		d4:1.7
571	Aspergillus venezuelensis CBS868.97	guar gum 1%	4		d4:2.6
571	Aspergillus venezuelensis CBS868.97	inulin 1%	0		d4:1.8
571	Aspergillus venezuelensis CBS868.97	L-arabinose	5		d4:1.7
571	Aspergillus venezuelensis CBS868.97	L-rhamnose	3		d4:1.6
571	Aspergillus venezuelensis CBS868.97	lactose	3		d4:1.8
571	Aspergillus venezuelensis CBS868.97	maltose	4		d4:1.3
571	Aspergillus venezuelensis CBS868.97	no carbon source	0		d4:1.8
571	Aspergillus venezuelensis CBS868.97	raffinose	2		d4:1.5
571	Aspergillus venezuelensis CBS868.97	rice bran 3%	8		d4:1.9
571	Aspergillus venezuelensis CBS868.97	soluble starch 1%	5		d4:1.8
571	Aspergillus venezuelensis CBS868.97	soybean hulls 3%	10		d4:2.2
571	Aspergillus venezuelensis CBS868.97	sucrose	0		d4:1.7
571	Aspergillus venezuelensis CBS868.97	wheat bran 3%	9		d4:2.2
572	Aspergillus versicolor CBS111.32	alfalfa meal 3%	8		d5:1.1 d8:2.1
572	Aspergillus versicolor CBS111.32	apple pectin 1% pH=6	7		d5:1 d8:2
572	Aspergillus versicolor CBS111.32	arabic gum 1%	2		d5:1.1 d8:2.1
572	Aspergillus versicolor CBS111.32	arabinogalactan 1%			d5:1 d8:2
572	Aspergillus versicolor CBS111.32	beechwood xylan 1%	7		d5:0.8 d8:1.9
572	Aspergillus versicolor CBS111.32	birchwood xylan 1%	5		d5:0.8 d8:1.7
572	Aspergillus versicolor CBS111.32	casein 3%	6		d5:1.4 d8:1.9
572	Aspergillus versicolor CBS111.32	cellobiose	5		d5:0.8 d8:1.6
572	Aspergillus versicolor CBS111.32	cellulose 3%	1		d5:0.6 d8:2
572	Aspergillus versicolor CBS111.32	citrus pectin 1% pH=6	7		d5:1 d8:1.9
572	Aspergillus versicolor CBS111.32	citrus pulp 3% pH=6	7		d5:1 d8:1.9
572	Aspergillus versicolor CBS111.32	cotton seed pulp 3%	9		d5:1.2 d8:2.1
572	Aspergillus versicolor CBS111.32	D-fructose	5		d5:1 d8:1.7
572	Aspergillus versicolor CBS111.32	D-galactose	5		d5:1 d8:1.9
572	Aspergillus versicolor CBS111.32	D-galacturonic acid	0		d5:0
572	Aspergillus versicolor CBS111.32	D-glucose	5		d5:1 d8:1.8
572	Aspergillus versicolor CBS111.32	D-glucuronic acid	5		d5:0.9 d8:1.6
572	Aspergillus versicolor CBS111.32	D-mannose	5		d5:1 d8:1.8
572	Aspergillus versicolor CBS111.32	D-ribose	4		d5:1.1 d8:1.9
572	Aspergillus versicolor CBS111.32	D-xylose	5		d5:1 d8:2
572	Aspergillus versicolor CBS111.32	guar gum 1%	3		d5:1.2 d8:2.4
572	Aspergillus versicolor CBS111.32	inulin 1%	1		d5:0.9 d8:1.9
572	Aspergillus versicolor CBS111.32	L-arabinose	5		d5:1 d8:1.9
572	Aspergillus versicolor CBS111.32	L-rhamnose	5		d5:0.7 d8:1.8
572	Aspergillus versicolor CBS111.32	lactose	6		d5:1 d8:1.7
572	Aspergillus versicolor CBS111.32	maltose	5		d5:1 d8:1.7
572	Aspergillus versicolor CBS111.32	no carbon source	1		d5:1 d8:1.9
572	Aspergillus versicolor CBS111.32	raffinose	6		d5:0.8 d8:1.6
572	Aspergillus versicolor CBS111.32	rice bran 3%	9		d5:1.1 d8:2.1
572	Aspergillus versicolor CBS111.32	soluble starch 1%	6		d5:1.1 d8:1.8
572	Aspergillus versicolor CBS111.32	soybean hulls 3%	8		d5:1.1 d8:2
572	Aspergillus versicolor CBS111.32	sucrose	6		d5:1 d8:1.8
572	Aspergillus versicolor CBS111.32	wheat bran 3%	10		d5:1.2 d8:2.1
573	Aspergillus japonicus CBS123.27	alfalfa meal 3%	8		d3:2.2
573	Aspergillus japonicus CBS123.27	apple pectin 1% pH=6	7		d3:2.7
573	Aspergillus japonicus CBS123.27	arabic gum 1%	3		d3:1
573	Aspergillus japonicus CBS123.27	arabinogalactan 1%			d3:1
573	Aspergillus japonicus CBS123.27	beechwood xylan 1%	2		d3:0.8
573	Aspergillus japonicus CBS123.27	birchwood xylan 1%	3		d3:0.5
573	Aspergillus japonicus CBS123.27	casein 3%	2		d3:0.9
573	Aspergillus japonicus CBS123.27	cellobiose	4		d3:0.6
573	Aspergillus japonicus CBS123.27	cellulose 3%	0		
573	Aspergillus japonicus CBS123.27	citrus pectin 1% pH=6	5		d3:1.7
573	Aspergillus japonicus CBS123.27	citrus pulp 3% pH=6	9		d3:2.5
573	Aspergillus japonicus CBS123.27	cotton seed pulp 3%	8		d3:2.3
573	Aspergillus japonicus CBS123.27	D-fructose	5		d3:0.8
573	Aspergillus japonicus CBS123.27	D-galactose	3		
573	Aspergillus japonicus CBS123.27	D-galacturonic acid	0		
573	Aspergillus japonicus CBS123.27	D-glucose	1		
573	Aspergillus japonicus CBS123.27	D-glucuronic acid	2		
573	Aspergillus japonicus CBS123.27	D-mannose	4		d3:0.7
573	Aspergillus japonicus CBS123.27	D-ribose	1		
573	Aspergillus japonicus CBS123.27	D-xylose	1		
573	Aspergillus japonicus CBS123.27	guar gum 1%	6		d3:1.5
573	Aspergillus japonicus CBS123.27	inulin 1%	1		
573	Aspergillus japonicus CBS123.27	L-arabinose	2		
573	Aspergillus japonicus CBS123.27	L-rhamnose	0		
573	Aspergillus japonicus CBS123.27	lactose	3		d3:0.5
573	Aspergillus japonicus CBS123.27	maltose	3		d3:0.5
573	Aspergillus japonicus CBS123.27	no carbon source	1		
573	Aspergillus japonicus CBS123.27	raffinose	3		d3:0.5
573	Aspergillus japonicus CBS123.27	rice bran 3%	6		d3:1.5
573	Aspergillus japonicus CBS123.27	soluble starch 1%	5		d3:1.9
573	Aspergillus japonicus CBS123.27	soybean hulls 3%	7		d3:2.1
573	Aspergillus japonicus CBS123.27	sucrose	4		d3:0.8
573	Aspergillus japonicus CBS123.27	wheat bran 3%	8		d3:2.1
574	Aspergillus westlandensis CBS123905	alfalfa meal 3%	9		d7:3
574	Aspergillus westlandensis CBS123905	apple pectin 1% pH=6	4		d7:2.3
574	Aspergillus westlandensis CBS123905	arabic gum 1%	1		d7:2.4
574	Aspergillus westlandensis CBS123905	arabinogalactan 1%			d7:2.4
574	Aspergillus westlandensis CBS123905	beechwood xylan 1%	6		d7:2.4
574	Aspergillus westlandensis CBS123905	birchwood xylan 1%	5		d7:2.1
574	Aspergillus westlandensis CBS123905	casein 3%	7		d7:2.3
574	Aspergillus westlandensis CBS123905	cellobiose	4		d7:1.8
574	Aspergillus westlandensis CBS123905	cellulose 3%	0		d7:1.9
574	Aspergillus westlandensis CBS123905	citrus pectin 1% pH=6	5		d7:2.3
574	Aspergillus westlandensis CBS123905	citrus pulp 3% pH=6	8		d7:2.6
574	Aspergillus westlandensis CBS123905	cotton seed pulp 3%	10		d7:3.2
574	Aspergillus westlandensis CBS123905	D-fructose	6		d7:2
574	Aspergillus westlandensis CBS123905	D-galactose	3		d7:1.1
574	Aspergillus westlandensis CBS123905	D-galacturonic acid	0		d7:0.2
574	Aspergillus westlandensis CBS123905	D-glucose	5		d7:2.1
574	Aspergillus westlandensis CBS123905	D-glucuronic acid	1		d7:1.7
574	Aspergillus westlandensis CBS123905	D-mannose	5		d7:2.1
574	Aspergillus westlandensis CBS123905	D-ribose	3		d7:1.5
574	Aspergillus westlandensis CBS123905	D-xylose	6		d7:2.2
574	Aspergillus westlandensis CBS123905	guar gum 1%	3		d7:2.8
574	Aspergillus westlandensis CBS123905	inulin 1%	1		d7:1.8
574	Aspergillus westlandensis CBS123905	L-arabinose	5		d7:2
574	Aspergillus westlandensis CBS123905	L-rhamnose	4		d7:1.9
574	Aspergillus westlandensis CBS123905	lactose	1		d7:1.9
574	Aspergillus westlandensis CBS123905	maltose	5		d7:2
574	Aspergillus westlandensis CBS123905	no carbon source	0		d7:1.8
574	Aspergillus westlandensis CBS123905	raffinose	5		d7:2
574	Aspergillus westlandensis CBS123905	rice bran 3%	9		d7:2.8
574	Aspergillus westlandensis CBS123905	soluble starch 1%	5		d7:2.3
574	Aspergillus westlandensis CBS123905	soybean hulls 3%	10		d7:2.9
574	Aspergillus westlandensis CBS123905	sucrose	5		d7:2.1
574	Aspergillus westlandensis CBS123905	wheat bran 3%	10		d7:3.2
575	Cerrena unicolor CBS107048	alfalfa meal 3%	7		d3:1.3 d4:2.5
575	Cerrena unicolor CBS107048	apple pectin 1% pH=6	5		d3:0.5 d4:0.8
575	Cerrena unicolor CBS107048	arabic gum 1%	0		d3:2 d4:3
575	Cerrena unicolor CBS107048	arabinogalactan 1%			d3:0.6 d4:1.1
575	Cerrena unicolor CBS107048	beechwood xylan 1%	1		d3:2.3 d4:3.2
575	Cerrena unicolor CBS107048	birchwood xylan 1%	1		d3:1.7 d4:2.2
575	Cerrena unicolor CBS107048	casein 3%	10		d3:2.2 d4:2.9
575	Cerrena unicolor CBS107048	cellobiose	0		d3:0.5 d4:0.8
575	Cerrena unicolor CBS107048	cellulose 3%	2		d3:1.6 d4:2.1
575	Cerrena unicolor CBS107048	citrus pectin 1% pH=6	3		d3:0.6 d4:0.9
575	Cerrena unicolor CBS107048	citrus pulp 3% pH=6	7		d3:1.1 d4:2
575	Cerrena unicolor CBS107048	cotton seed pulp 3%	7		d3:2.5 d4:3.3
575	Cerrena unicolor CBS107048	D-fructose	4		d3:1.3 d4:1.8
575	Cerrena unicolor CBS107048	D-galactose	0		d3:1.1 d4:1.8
575	Cerrena unicolor CBS107048	D-galacturonic acid	0		d3:0 d4:0
575	Cerrena unicolor CBS107048	D-glucose	5		d3:1.4 d4:1.9
575	Cerrena unicolor CBS107048	D-glucuronic acid	0		d3:0.2 d4:0.3
575	Cerrena unicolor CBS107048	D-mannose	3		d3:0.3 d4:0.5
575	Cerrena unicolor CBS107048	D-ribose	2		d3:1.8 d4:2.7
575	Cerrena unicolor CBS107048	D-xylose	4		d3:0.8 d4:1.4
575	Cerrena unicolor CBS107048	guar gum 1%	7		d3:2.2 d4:3.2
575	Cerrena unicolor CBS107048	inulin 1%	1		d3:0.5 d4:0.8
575	Cerrena unicolor CBS107048	L-arabinose	3		d3:1.3 d4:2.1
575	Cerrena unicolor CBS107048	L-rhamnose	0		d3:1.9 d4:2.7
575	Cerrena unicolor CBS107048	lactose	0		d3:1 d4:1.6
575	Cerrena unicolor CBS107048	maltose	0		d3:0.5 d4:0.6
575	Cerrena unicolor CBS107048	no carbon source	0		d3:1.9 d4:2.7
575	Cerrena unicolor CBS107048	raffinose	6		d3:1 d4:1.4
575	Cerrena unicolor CBS107048	rice bran 3%	9		d3:1.8 d4:3
575	Cerrena unicolor CBS107048	soluble starch 1%	0		d3:2.3 d4:3.1
575	Cerrena unicolor CBS107048	soybean hulls 3%	10		d3:2.5 d4:3.3
575	Cerrena unicolor CBS107048	sucrose	5		d3:1.1 d4:1.5
575	Cerrena unicolor CBS107048	wheat bran 3%	10		d3:2.2 d4:3.3
576	Cerrena unicolor FBCC378	alfalfa meal 3%	0		
576	Cerrena unicolor FBCC378	apple pectin 1% pH=6	0		d7:1.6
576	Cerrena unicolor FBCC378	arabic gum 1%	0		d7:3
576	Cerrena unicolor FBCC378	arabinogalactan 1%			d7:3
576	Cerrena unicolor FBCC378	beechwood xylan 1%	6		d7:3
576	Cerrena unicolor FBCC378	birchwood xylan 1%	0		d7:3
576	Cerrena unicolor FBCC378	casein 3%	1		d7:3
576	Cerrena unicolor FBCC378	cellobiose	3		d7:2.4
576	Cerrena unicolor FBCC378	cellulose 3%	1		d7:3
576	Cerrena unicolor FBCC378	citrus pectin 1% pH=6	0		d7:3
576	Cerrena unicolor FBCC378	citrus pulp 3% pH=6	0		d7:3
576	Cerrena unicolor FBCC378	cotton seed pulp 3%	9		d7:3
576	Cerrena unicolor FBCC378	D-fructose	4		d7:3
576	Cerrena unicolor FBCC378	D-galactose	0		d7:3
576	Cerrena unicolor FBCC378	D-galacturonic acid	0		
576	Cerrena unicolor FBCC378	D-glucose	5		d7:3
576	Cerrena unicolor FBCC378	D-glucuronic acid	0		d7:3
576	Cerrena unicolor FBCC378	D-mannose	1		d7:0.6
576	Cerrena unicolor FBCC378	D-ribose	0		d7:3
576	Cerrena unicolor FBCC378	D-xylose	1		d7:3
576	Cerrena unicolor FBCC378	guar gum 1%	2		d7:3
576	Cerrena unicolor FBCC378	inulin 1%	0		d7:3
576	Cerrena unicolor FBCC378	L-arabinose	0		d7:3
576	Cerrena unicolor FBCC378	L-rhamnose	0		d7:3
576	Cerrena unicolor FBCC378	lactose	0		d7:2.3
576	Cerrena unicolor FBCC378	maltose	1		d7:3
576	Cerrena unicolor FBCC378	no carbon source	0		d7:3
576	Cerrena unicolor FBCC378	raffinose	4		d7:3
576	Cerrena unicolor FBCC378	rice bran 3%	10		d7:3
576	Cerrena unicolor FBCC378	soluble starch 1%	6		d7:3
576	Cerrena unicolor FBCC378	soybean hulls 3%	9		d7:3
576	Cerrena unicolor FBCC378	sucrose	6		d7:3
576	Cerrena unicolor FBCC378	wheat bran 3%	8		d7:3
578	Chaetomium globosum CBS109449	alfalfa meal 3%	8		d2:1.3 d3:2.4
578	Chaetomium globosum CBS109449	apple pectin 1% pH=6	5		d2:1 d3:2.1
578	Chaetomium globosum CBS109449	arabic gum 1%	2		d2:1.7 d3:2.7
578	Chaetomium globosum CBS109449	arabinogalactan 1%			d2:1.7 d3:2.8
578	Chaetomium globosum CBS109449	beechwood xylan 1%	7		d2:1.4 d3:2.9
578	Chaetomium globosum CBS109449	birchwood xylan 1%	7		d2:1.1 d3:2.5
578	Chaetomium globosum CBS109449	casein 3%	6		d2:0.8 d3:1.7
578	Chaetomium globosum CBS109449	cellobiose	3		d2:1.3 d3:2.1
578	Chaetomium globosum CBS109449	cellulose 3%	1		d2:1.2 d3:2.3
578	Chaetomium globosum CBS109449	citrus pectin 1% pH=6	6		d2:1 d3:2.2
578	Chaetomium globosum CBS109449	citrus pulp 3% pH=6	8		d2:1.3 d3:2.5
578	Chaetomium globosum CBS109449	cotton seed pulp 3%	1		d2:1.5 d3:2.7
578	Chaetomium globosum CBS109449	D-fructose	5		d2:1.2 d3:2.1
578	Chaetomium globosum CBS109449	D-galactose	4		d2:0.4 d3:0.7
578	Chaetomium globosum CBS109449	D-galacturonic acid	2		d2:0.1 d3:0.1
578	Chaetomium globosum CBS109449	D-glucose	5		d2:0.6 d3:1.7
578	Chaetomium globosum CBS109449	D-glucuronic acid	1		d2:1 d3:1.8
578	Chaetomium globosum CBS109449	D-mannose	6		d2:1.3 d3:2.3
578	Chaetomium globosum CBS109449	D-ribose	2		d2:1.1 d3:2
578	Chaetomium globosum CBS109449	D-xylose	6		d2:1.4 d3:2.4
578	Chaetomium globosum CBS109449	guar gum 1%	2		d2:1.6 d3:2.8
578	Chaetomium globosum CBS109449	inulin 1%	1		d2:1 d3:2
578	Chaetomium globosum CBS109449	L-arabinose	2		d2:1.2 d3:2.4
578	Chaetomium globosum CBS109449	L-rhamnose	1		d2:1 d3:1.9
578	Chaetomium globosum CBS109449	lactose	1		d2:0.9 d3:1.8
578	Chaetomium globosum CBS109449	maltose	2		d2:1 d3:2.1
578	Chaetomium globosum CBS109449	no carbon source	1		d2:0.5 d3:1.9
578	Chaetomium globosum CBS109449	raffinose	1		d2:1 d3:1.8
578	Chaetomium globosum CBS109449	rice bran 3%	10		d2:1.8 d3:3.2
578	Chaetomium globosum CBS109449	soluble starch 1%	6		d2:1.5 d3:2.6
578	Chaetomium globosum CBS109449	soybean hulls 3%	9		d2:1.3 d3:2.8
578	Chaetomium globosum CBS109449	sucrose	6		d2:1.3 d3:2.2
578	Chaetomium globosum CBS109449	wheat bran 3%	9		d2:1.8 d3:3.2
579	Clavulina cristata CBS123.47	alfalfa meal 3%	4		d2:0 d3:0.1 d6:0.6 d8:1.2 d9:1.4 d10:1.7 d13:2.5 d14:2.9
579	Clavulina cristata CBS123.47	apple pectin 1% pH=6	1		d2:0.2 d3:0.2 d6:1 d8:1.9 d9:2.2 d10:2.6 d13:2.9 d14:3
579	Clavulina cristata CBS123.47	arabic gum 1%	1		d2:0.2 d3:0.3 d6:0.9 d8:1.6 d9:1.8 d10:2 d13:2.2 d14:2.5
579	Clavulina cristata CBS123.47	arabinogalactan 1%			d2:0.1 d3:0.1 d6:0.8 d8:1.5 d9:1.7 d10:1.9 d13:2.9 d14:2.9
579	Clavulina cristata CBS123.47	beechwood xylan 1%	2		d2:0 d3:0.3 d6:1 d8:1.6 d9:1.7 d10:1.7 d13:2.5 d14:2.5
579	Clavulina cristata CBS123.47	birchwood xylan 1%	1		d2:0.1 d3:0.3 d6:1 d8:1.6 d9:1.7 d10:1.7 d13:1.9 d14:2
579	Clavulina cristata CBS123.47	casein 3%	2		d2:0 d3:0.2 d6:0.5 d8:0.8 d9:0.9 d10:1.1 d13:1.4 d14:1.4
579	Clavulina cristata CBS123.47	cellobiose	3		d2:0.1 d3:0.2 d6:0.4 d8:0.7 d9:0.8 d10:0.8 d13:1.1 d14:1.1
579	Clavulina cristata CBS123.47	cellulose 3%	0		d2:0 d3:0.1 d6:0.6 d8:0.9 d9:1 d10:1.1 d13:1.3 d14:1.3
579	Clavulina cristata CBS123.47	citrus pectin 1% pH=6	6		d2:0.1 d3:0.2 d6:0.8 d8:1.4 d9:1.8 d10:2.1 d13:2.9 d14:3.2
579	Clavulina cristata CBS123.47	citrus pulp 3% pH=6	6		d2:0 d3:0.2 d6:0.4 d8:0.6 d9:0.7 d10:0.9 d13:1.2 d14:1.4
579	Clavulina cristata CBS123.47	cotton seed pulp 3%	1		d2:0.1 d3:0.1 d6:0.5 d8:0.7 d9:0.9 d10:1 d13:1.3 d14:1.5
579	Clavulina cristata CBS123.47	D-fructose	5		d2:0.2 d3:0.2 d6:0.6 d8:1 d9:1.1 d10:1.2 d13:1.4 d14:1.6
579	Clavulina cristata CBS123.47	D-galactose	1		d2:0.1 d3:0.1 d6:0.2 d8:0.6 d9:0.7 d10:0.7 d13:1.6 d14:1.7
579	Clavulina cristata CBS123.47	D-galacturonic acid	0		d2:0 d3:0 d6:0 d8:0 d9:0 d10:0 d13:0 d14:0
579	Clavulina cristata CBS123.47	D-glucose	5		d2:0.1 d3:0.2 d6:0.6 d8:1 d9:1.1 d10:1.4 d13:1.5 d14:1.7
579	Clavulina cristata CBS123.47	D-glucuronic acid	1		d2:0.1 d3:0.1 d6:0.9 d8:1.6 d9:1.8 d10:2.2 d13:2.5 d14:2.5
579	Clavulina cristata CBS123.47	D-mannose	7		d2:0.1 d3:0.2 d6:0.6 d8:1.1 d9:1.3 d10:1.6 d13:2 d14:2.3
579	Clavulina cristata CBS123.47	D-ribose	3		d2:0.1 d3:0.1 d6:0.5 d8:0.7 d9:0.9 d10:0.9 d13:1.6 d14:1.6
579	Clavulina cristata CBS123.47	D-xylose	1		d2:0 d3:0.1 d6:0.3 d8:0.8 d9:0.8 d10:0.9 d13:1.7 d14:1.8
579	Clavulina cristata CBS123.47	guar gum 1%	2		d2:0 d3:0.2 d6:0.7 d8:1 d9:1.2 d10:1.4 d13:2 d14:2.1
579	Clavulina cristata CBS123.47	inulin 1%	1		d2:0.1 d3:0.1 d6:0.6 d8:0.8 d9:1 d10:1 d13:1.1 d14:1.3
579	Clavulina cristata CBS123.47	L-arabinose	0		d2:0 d3:0.1 d6:0.8 d8:1.6 d9:1.8 d10:2.3 d13:2.6 d14:2.7
579	Clavulina cristata CBS123.47	L-rhamnose	1		d2:0.1 d3:0.1 d6:0.4 d8:0.6 d9:0.8 d10:0.8 d13:1.1 d14:1.1
579	Clavulina cristata CBS123.47	lactose	3		d2:0.1 d3:0.2 d6:0.8 d8:1.5 d9:1.7 d10:1.9 d13:2.6 d14:2.6
579	Clavulina cristata CBS123.47	maltose	4		d2:0.1 d3:0.1 d6:0.4 d8:0.7 d9:0.9 d10:1 d13:1.6 d14:1.7
579	Clavulina cristata CBS123.47	no carbon source	1		d2:0.1 d3:0.1 d6:0.3 d8:0.6 d9:0.7 d10:0.7 d13:1 d14:1.1
579	Clavulina cristata CBS123.47	raffinose	1		d2:0 d3:0.1 d6:0.3 d8:0.6 d9:0.6 d10:0.6 d13:0.8 d14:0.8
579	Clavulina cristata CBS123.47	rice bran 3%	5		d2:0.1 d3:0.3 d6:1 d8:1.5 d9:1.6 d10:2 d13:2.4 d14:2.6
579	Clavulina cristata CBS123.47	soluble starch 1%	7		d2:0.1 d3:0.1 d6:0.7 d8:1.1 d9:1.3 d10:1.4 d13:2 d14:2.3
579	Clavulina cristata CBS123.47	soybean hulls 3%	4		d2:0.1 d3:0.2 d6:0.9 d8:1.6 d9:1.9 d10:2.2 d13:2.8 d14:3.2
579	Clavulina cristata CBS123.47	sucrose	1		d2:0 d3:0.1 d6:0.4 d8:0.7 d9:0.8 d10:0.9 d13:1.2 d14:1.3
579	Clavulina cristata CBS123.47	wheat bran 3%	6		d2:0.1 d3:0.3 d6:0.7 d8:1.4 d9:1.7 d10:2 d13:2.9 d14:3.2
580	Colletotrichum acutatum CBS129915	alfalfa meal 3%	9		d2:1 d3:1.8
580	Colletotrichum acutatum CBS129915	apple pectin 1% pH=6	6		d2:0.9 d3:1.6
580	Colletotrichum acutatum CBS129915	arabic gum 1%	4		d2:1.2 d3:1.7
580	Colletotrichum acutatum CBS129915	arabinogalactan 1%			d2:1.1 d3:1.6
580	Colletotrichum acutatum CBS129915	beechwood xylan 1%	3		d2:1 d3:1.4
580	Colletotrichum acutatum CBS129915	birchwood xylan 1%	4		d2:0.9 d3:1.5
580	Colletotrichum acutatum CBS129915	casein 3%	7		d2:1 d3:2
580	Colletotrichum acutatum CBS129915	cellobiose	3		d2:1.1 d3:1.5
580	Colletotrichum acutatum CBS129915	cellulose 3%	1		d2:0.7 d3:1.5
580	Colletotrichum acutatum CBS129915	citrus pectin 1% pH=6	6		d2:1 d3:1.5
580	Colletotrichum acutatum CBS129915	citrus pulp 3% pH=6	7		d2:0.7 d3:1.6
580	Colletotrichum acutatum CBS129915	cotton seed pulp 3%	3		d2:0.8 d3:1.3
580	Colletotrichum acutatum CBS129915	D-fructose	5		d2:1.1 d3:1.5
580	Colletotrichum acutatum CBS129915	D-galactose	1		d2:0 d3:0.4
580	Colletotrichum acutatum CBS129915	D-galacturonic acid	1		d2:0.1 d3:0.3
580	Colletotrichum acutatum CBS129915	D-glucose	5		d2:1.2 d3:1.7
580	Colletotrichum acutatum CBS129915	D-glucuronic acid	2		d2:0.9 d3:1.5
580	Colletotrichum acutatum CBS129915	D-mannose	3		d2:1 d3:1.4
580	Colletotrichum acutatum CBS129915	D-ribose	2		d2:1.2 d3:1.4
580	Colletotrichum acutatum CBS129915	D-xylose	5		d2:1.1 d3:1.6
580	Colletotrichum acutatum CBS129915	guar gum 1%	6		d2:1.5 d3:2.3
580	Colletotrichum acutatum CBS129915	inulin 1%	2		d2:0.9 d3:1.4
580	Colletotrichum acutatum CBS129915	L-arabinose	4		d2:1 d3:1.7
580	Colletotrichum acutatum CBS129915	L-rhamnose	2		d2:1.1 d3:1.5
580	Colletotrichum acutatum CBS129915	lactose	3		d2:1.1 d3:1.6
580	Colletotrichum acutatum CBS129915	maltose	3		d2:0.9 d3:1.5
580	Colletotrichum acutatum CBS129915	no carbon source	2		d2:1.1 d3:1.8
580	Colletotrichum acutatum CBS129915	raffinose	2		d2:0.7 d3:1.5
580	Colletotrichum acutatum CBS129915	rice bran 3%	7		d2:1.4 d3:2
580	Colletotrichum acutatum CBS129915	soluble starch 1%	5		d2:1.1 d3:1.5
580	Colletotrichum acutatum CBS129915	soybean hulls 3%	8		d2:1 d3:1.6
580	Colletotrichum acutatum CBS129915	sucrose	4		d2:0.6 d3:1.5
580	Colletotrichum acutatum CBS129915	wheat bran 3%	10		d2:1.2 d3:2.1
581	Colletotrichum graminicola CBS130836	alfalfa meal 3%	7		d2:1 d3:1.3 d4:2.1
581	Colletotrichum graminicola CBS130836	apple pectin 1% pH=6	6		d2:1.1 d3:1.7 d4:2.5
581	Colletotrichum graminicola CBS130836	arabic gum 1%	2		d2:1.1 d3:2 d4:2.6
581	Colletotrichum graminicola CBS130836	arabinogalactan 1%			d2:0.8 d3:1.3 d4:1.9
581	Colletotrichum graminicola CBS130836	beechwood xylan 1%	4		d2:0.9 d3:1.4 d4:2
581	Colletotrichum graminicola CBS130836	birchwood xylan 1%	5		d2:0.9 d3:1.8 d4:2.4
581	Colletotrichum graminicola CBS130836	casein 3%	7		d2:1 d3:1.4 d4:2.4
581	Colletotrichum graminicola CBS130836	cellobiose	4		d2:1 d3:1.8 d4:2.3
581	Colletotrichum graminicola CBS130836	cellulose 3%	1		d2:0.2 d3:1.4 d4:2
581	Colletotrichum graminicola CBS130836	citrus pectin 1% pH=6	7		d2:0.8 d3:1.7 d4:2.5
581	Colletotrichum graminicola CBS130836	citrus pulp 3% pH=6	9		d2:0.9 d3:1.8 d4:2.5
581	Colletotrichum graminicola CBS130836	cotton seed pulp 3%	9		d2:1.2 d3:2.1 d4:2.9
581	Colletotrichum graminicola CBS130836	D-fructose	3		d2:1.4 d3:1.9 d4:2.6
581	Colletotrichum graminicola CBS130836	D-galactose	0		d2:0 d3:0 d4:0
581	Colletotrichum graminicola CBS130836	D-galacturonic acid	1		d2:0.3 d3:0.3 d4:0.7
581	Colletotrichum graminicola CBS130836	D-glucose	5		d2:1.3 d3:2 d4:2.6
581	Colletotrichum graminicola CBS130836	D-glucuronic acid	1		d2:1.1 d3:1.6 d4:2.4
581	Colletotrichum graminicola CBS130836	D-mannose	1		d2:0.5 d3:0.6 d4:1.2
581	Colletotrichum graminicola CBS130836	D-ribose	1		d2:1 d3:1.6 d4:2.3
581	Colletotrichum graminicola CBS130836	D-xylose	2		d2:1.2 d3:1.6 d4:2.3
581	Colletotrichum graminicola CBS130836	guar gum 1%	6		d2:1.2 d3:2.1 d4:3.2
581	Colletotrichum graminicola CBS130836	inulin 1%	1		d2:1.2 d3:1.8 d4:2.5
581	Colletotrichum graminicola CBS130836	L-arabinose	2		d2:1 d3:1.6 d4:2.1
581	Colletotrichum graminicola CBS130836	L-rhamnose	2		d2:1.2 d3:1.6 d4:2.5
581	Colletotrichum graminicola CBS130836	lactose	1		d2:1.2 d3:1.8 d4:2.2
581	Colletotrichum graminicola CBS130836	maltose	3		d2:1.1 d3:1.6 d4:2.4
581	Colletotrichum graminicola CBS130836	no carbon source	1		d2:1.2 d3:1.9 d4:2.6
581	Colletotrichum graminicola CBS130836	raffinose	2		d2:1.3 d3:1.8 d4:2.6
581	Colletotrichum graminicola CBS130836	rice bran 3%	8		d2:1.1 d3:2.3 d4:3.2
581	Colletotrichum graminicola CBS130836	soluble starch 1%	5		d2:1.2 d3:2 d4:2.8
581	Colletotrichum graminicola CBS130836	soybean hulls 3%	10		d2:1 d3:2 d4:3
581	Colletotrichum graminicola CBS130836	sucrose	6		d2:1.4 d3:2 d4:2.7
581	Colletotrichum graminicola CBS130836	wheat bran 3%	10		d2:1.2 d3:2.6 d4:3.2
582	Colletotrichum graminicola CBS130839	alfalfa meal 3%	7		d2:1 d3:1.4
582	Colletotrichum graminicola CBS130839	apple pectin 1% pH=6	6		d2:1.3 d3:2.1
582	Colletotrichum graminicola CBS130839	arabic gum 1%	6		d2:1.3 d3:2.2
582	Colletotrichum graminicola CBS130839	arabinogalactan 1%			d2:1.2 d3:1.4
582	Colletotrichum graminicola CBS130839	beechwood xylan 1%	5		d2:0.8 d3:1.6
582	Colletotrichum graminicola CBS130839	birchwood xylan 1%	5		d2:1 d3:1.7
582	Colletotrichum graminicola CBS130839	casein 3%	6		d2:0.6 d3:1.4
582	Colletotrichum graminicola CBS130839	cellobiose	1		d2:0.8 d3:1.6
582	Colletotrichum graminicola CBS130839	cellulose 3%	4		d2:0.3 d3:1.8
582	Colletotrichum graminicola CBS130839	citrus pectin 1% pH=6	5		d2:1.1 d3:1.8
582	Colletotrichum graminicola CBS130839	citrus pulp 3% pH=6	8		d2:1.4 d3:1.4
582	Colletotrichum graminicola CBS130839	cotton seed pulp 3%	9		d2:1.2 d3:2.3
582	Colletotrichum graminicola CBS130839	D-fructose	5		d2:1.2 d3:2
582	Colletotrichum graminicola CBS130839	D-galactose	0		d2:0 d3:0
582	Colletotrichum graminicola CBS130839	D-galacturonic acid	4		d2:0.5 d3:0.7
582	Colletotrichum graminicola CBS130839	D-glucose	5		d2:1.2 d3:1.8
582	Colletotrichum graminicola CBS130839	D-glucuronic acid	1		d2:0.9 d3:1.6
582	Colletotrichum graminicola CBS130839	D-mannose	1		d2:0.4 d3:0.4
582	Colletotrichum graminicola CBS130839	D-ribose	2		d2:1 d3:1.6
582	Colletotrichum graminicola CBS130839	D-xylose	5		d2:1 d3:1.5
582	Colletotrichum graminicola CBS130839	guar gum 1%	7		d2:1.4 d3:2.5
582	Colletotrichum graminicola CBS130839	inulin 1%	2		d2:1.2 d3:1.9
582	Colletotrichum graminicola CBS130839	L-arabinose	3		d2:1 d3:1.9
582	Colletotrichum graminicola CBS130839	L-rhamnose	2		d2:1 d3:1.7
582	Colletotrichum graminicola CBS130839	lactose	2		d2:0.9 d3:1.5
582	Colletotrichum graminicola CBS130839	maltose	3		d2:0.9 d3:1.7
582	Colletotrichum graminicola CBS130839	no carbon source	1		d2:1 d3:1.7
582	Colletotrichum graminicola CBS130839	raffinose	2		d2:1.2 d3:2
582	Colletotrichum graminicola CBS130839	rice bran 3%	2		d2:1.5 d3:3.2
582	Colletotrichum graminicola CBS130839	soluble starch 1%	5		d2:1.2 d3:1.9
582	Colletotrichum graminicola CBS130839	soybean hulls 3%	8		d2:0.9 d3:1.6
582	Colletotrichum graminicola CBS130839	sucrose	6		d2:1.3 d3:2.1
582	Colletotrichum graminicola CBS130839	wheat bran 3%	10		d2:1.5 d3:2.9
583	Colletotrichum higginsianum IMI349063	alfalfa meal 3%	9		d2:1.6 d3:2.4
583	Colletotrichum higginsianum IMI349063	apple pectin 1% pH=6	5		d2:1.3 d3:1.8
583	Colletotrichum higginsianum IMI349063	arabic gum 1%	2		d2:1.5 d3:2
583	Colletotrichum higginsianum IMI349063	arabinogalactan 1%			d2:1 d3:1.6
583	Colletotrichum higginsianum IMI349063	beechwood xylan 1%	0		d2:1.1 d3:1.5
583	Colletotrichum higginsianum IMI349063	birchwood xylan 1%	0		d2:1.2 d3:1.8
583	Colletotrichum higginsianum IMI349063	casein 3%	2		d2:1 d3:1.6
583	Colletotrichum higginsianum IMI349063	cellobiose	3		d2:0.8 d3:1.4
583	Colletotrichum higginsianum IMI349063	cellulose 3%	1		d2:0 d3:0
583	Colletotrichum higginsianum IMI349063	citrus pectin 1% pH=6	7		d2:1.4 d3:1.8
583	Colletotrichum higginsianum IMI349063	citrus pulp 3% pH=6	9		d2:1.4 d3:2.1
583	Colletotrichum higginsianum IMI349063	cotton seed pulp 3%	0		d2:1.1 d3:1.7
583	Colletotrichum higginsianum IMI349063	D-fructose	4		d2:0.6 d3:1.3
583	Colletotrichum higginsianum IMI349063	D-galactose	0		d2:0.2 d3:0.3
583	Colletotrichum higginsianum IMI349063	D-galacturonic acid	0		d2:0.8 d3:0.2
583	Colletotrichum higginsianum IMI349063	D-glucose	5		d2:1.1 d3:1.5
583	Colletotrichum higginsianum IMI349063	D-glucuronic acid	0		d2:1 d3:1.3
583	Colletotrichum higginsianum IMI349063	D-mannose	3		d2:0.8 d3:0.9
583	Colletotrichum higginsianum IMI349063	D-ribose	0		d2:0.9 d3:1.3
583	Colletotrichum higginsianum IMI349063	D-xylose	2		d2:0.5 d3:1
583	Colletotrichum higginsianum IMI349063	guar gum 1%	5		d2:1.8 d3:2.5
583	Colletotrichum higginsianum IMI349063	inulin 1%	0		d2:1.2 d3:1.6
583	Colletotrichum higginsianum IMI349063	L-arabinose	1		d2:0.9 d3:1.2
583	Colletotrichum higginsianum IMI349063	L-rhamnose	1		d2:1 d3:1.3
583	Colletotrichum higginsianum IMI349063	lactose	5		d2:1.4 d3:1.9
583	Colletotrichum higginsianum IMI349063	maltose	2		d2:0.9 d3:1.4
583	Colletotrichum higginsianum IMI349063	no carbon source	0		d2:1.1 d3:1.6
583	Colletotrichum higginsianum IMI349063	raffinose	2		d2:0.9 d3:1.5
583	Colletotrichum higginsianum IMI349063	rice bran 3%	8		d2:1.4 d3:2.4
583	Colletotrichum higginsianum IMI349063	soluble starch 1%	4		d2:1.1 d3:1.5
583	Colletotrichum higginsianum IMI349063	soybean hulls 3%	9		d2:1.2 d3:1.8
583	Colletotrichum higginsianum IMI349063	sucrose	4		d2:0.8 d3:1.4
583	Colletotrichum higginsianum IMI349063	wheat bran 3%	10		d2:1.8 d3:2.5
584	Colletotrichum higginsianum MAFF305635	alfalfa meal 3%	7		d2:1.6 d3:2.2
584	Colletotrichum higginsianum MAFF305635	apple pectin 1% pH=6	4		d2:1.1 d3:1.8
584	Colletotrichum higginsianum MAFF305635	arabic gum 1%	1		d2:1.5 d3:2.3
584	Colletotrichum higginsianum MAFF305635	arabinogalactan 1%			d2:1.2 d3:2.2
584	Colletotrichum higginsianum MAFF305635	beechwood xylan 1%	2		d2:1.3 d3:2.3
584	Colletotrichum higginsianum MAFF305635	birchwood xylan 1%	2		d2:1 d3:2.3
584	Colletotrichum higginsianum MAFF305635	casein 3%	4		d2:0.8 d3:2.1
584	Colletotrichum higginsianum MAFF305635	cellobiose	4		d2:1.2 d3:1.9
584	Colletotrichum higginsianum MAFF305635	cellulose 3%	1		d2:0 d3:0
584	Colletotrichum higginsianum MAFF305635	citrus pectin 1% pH=6	6		d2:1.2 d3:1.9
584	Colletotrichum higginsianum MAFF305635	citrus pulp 3% pH=6	8		d2:1.4 d3:1.8
584	Colletotrichum higginsianum MAFF305635	cotton seed pulp 3%	1		d2:1.6 d3:2.2
584	Colletotrichum higginsianum MAFF305635	D-fructose	5		d2:1 d3:1.7
584	Colletotrichum higginsianum MAFF305635	D-galactose	1		d2:0 d3:0.5
584	Colletotrichum higginsianum MAFF305635	D-galacturonic acid	0		d2:0 d3:0
584	Colletotrichum higginsianum MAFF305635	D-glucose	5		d2:1.2 d3:1.9
584	Colletotrichum higginsianum MAFF305635	D-glucuronic acid	1		d2:1.1 d3:1.9
584	Colletotrichum higginsianum MAFF305635	D-mannose	2		d2:0.7 d3:1.1
584	Colletotrichum higginsianum MAFF305635	D-ribose	2		d2:1.2 d3:2
584	Colletotrichum higginsianum MAFF305635	D-xylose	4		d2:1 d3:1.8
584	Colletotrichum higginsianum MAFF305635	guar gum 1%	1		d2:1.8 d3:3.1
584	Colletotrichum higginsianum MAFF305635	inulin 1%	1		d2:0.8 d3:1.5
584	Colletotrichum higginsianum MAFF305635	L-arabinose	3		d2:1.1 d3:1.7
584	Colletotrichum higginsianum MAFF305635	L-rhamnose	1		d2:1.1 d3:1.6
584	Colletotrichum higginsianum MAFF305635	lactose	4		d2:1.4 d3:2.4
584	Colletotrichum higginsianum MAFF305635	maltose	2		d2:1 d3:1.3
584	Colletotrichum higginsianum MAFF305635	no carbon source	1		d2:1.5 d3:2.4
584	Colletotrichum higginsianum MAFF305635	raffinose	5		d2:1.1 d3:2
584	Colletotrichum higginsianum MAFF305635	rice bran 3%	6		d2:1.5 d3:3.2
584	Colletotrichum higginsianum MAFF305635	soluble starch 1%	4		d2:1.2 d3:2
584	Colletotrichum higginsianum MAFF305635	soybean hulls 3%	8		d2:1.5 d3:2.3
584	Colletotrichum higginsianum MAFF305635	sucrose	6		d2:1 d3:1.8
584	Colletotrichum higginsianum MAFF305635	wheat bran 3%	8		d2:1.5 d3:2.5
585	Coniophora puteana CBS117469	alfalfa meal 3%	9		d6:3.4
585	Coniophora puteana CBS117469	apple pectin 1% pH=6	6		d6:3.4
585	Coniophora puteana CBS117469	arabic gum 1%	7		d6:2.4
585	Coniophora puteana CBS117469	arabinogalactan 1%			d6:2.3
585	Coniophora puteana CBS117469	beechwood xylan 1%	4		d6:1.9
585	Coniophora puteana CBS117469	birchwood xylan 1%	2		d6:0.9
585	Coniophora puteana CBS117469	casein 3%	1		d6:0.6
585	Coniophora puteana CBS117469	cellobiose	5		d6:3.4
585	Coniophora puteana CBS117469	cellulose 3%	2		d6:0.5
585	Coniophora puteana CBS117469	citrus pectin 1% pH=6	6		d6:3.4
585	Coniophora puteana CBS117469	citrus pulp 3% pH=6	8		d6:2.6
585	Coniophora puteana CBS117469	cotton seed pulp 3%	7		d6:2.8
585	Coniophora puteana CBS117469	D-fructose	4		d6:2.3
585	Coniophora puteana CBS117469	D-galactose	4		d6:2.1
585	Coniophora puteana CBS117469	D-galacturonic acid	1		d6:3.4
585	Coniophora puteana CBS117469	D-glucose	5		d6:3.2
585	Coniophora puteana CBS117469	D-glucuronic acid	2		d6:1.4
585	Coniophora puteana CBS117469	D-mannose	6		d6:3
585	Coniophora puteana CBS117469	D-ribose	1		d6:1.3
585	Coniophora puteana CBS117469	D-xylose	3		d6:1.6
585	Coniophora puteana CBS117469	guar gum 1%	4		d6:2.2
585	Coniophora puteana CBS117469	inulin 1%	2		d6:1
585	Coniophora puteana CBS117469	L-arabinose	1		d6:1
585	Coniophora puteana CBS117469	L-rhamnose	1		d6:1.1
585	Coniophora puteana CBS117469	lactose	2		d6:0.6
585	Coniophora puteana CBS117469	maltose	6		d6:3.4
585	Coniophora puteana CBS117469	no carbon source	1		d6:1.1
585	Coniophora puteana CBS117469	raffinose	3		d6:2.5
585	Coniophora puteana CBS117469	rice bran 3%	10		d6:3.4
585	Coniophora puteana CBS117469	soluble starch 1%	6		d6:3.4
585	Coniophora puteana CBS117469	soybean hulls 3%	8		d6:2.3
585	Coniophora puteana CBS117469	sucrose	1		d6:1
585	Coniophora puteana CBS117469	wheat bran 3%	10		d6:3.4
586	Dacryopinax spathularia CBS197.63	alfalfa meal 3%	6		d7:0.7 d16:1.5
586	Dacryopinax spathularia CBS197.63	apple pectin 1% pH=6	6		d7:1 d16:2
586	Dacryopinax spathularia CBS197.63	arabic gum 1%	2		d7:0.9 d16:1.5
586	Dacryopinax spathularia CBS197.63	arabinogalactan 1%			d7:0.9 d16:1.3
586	Dacryopinax spathularia CBS197.63	beechwood xylan 1%	6		d7:0.8 d16:1.9
586	Dacryopinax spathularia CBS197.63	birchwood xylan 1%	6		d7:0.8 d16:1.9
586	Dacryopinax spathularia CBS197.63	casein 3%	1		d7:0.7 d16:1.5
586	Dacryopinax spathularia CBS197.63	cellobiose	3		d7:0.4 d16:0.9
586	Dacryopinax spathularia CBS197.63	cellulose 3%	1		d7:0.6 d16:1.5
586	Dacryopinax spathularia CBS197.63	citrus pectin 1% pH=6	6		d7:0.9 d16:1.9
586	Dacryopinax spathularia CBS197.63	citrus pulp 3% pH=6	7		d7:0.6 d16:1.5
586	Dacryopinax spathularia CBS197.63	cotton seed pulp 3%	6		d7:0.9 d16:1.9
586	Dacryopinax spathularia CBS197.63	D-fructose	4		d7:0.8 d16:1.7
586	Dacryopinax spathularia CBS197.63	D-galactose	2		d7:0.5 d16:1.2
586	Dacryopinax spathularia CBS197.63	D-galacturonic acid	3		d7:0.7 d16:1.7
586	Dacryopinax spathularia CBS197.63	D-glucose	5		d7:0.8 d16:1.7
586	Dacryopinax spathularia CBS197.63	D-glucuronic acid	2		d7:0.7 d16:1.4
586	Dacryopinax spathularia CBS197.63	D-mannose	5		d7:0.9 d16:1.7
586	Dacryopinax spathularia CBS197.63	D-ribose	1		d7:0.7 d16:1.7
586	Dacryopinax spathularia CBS197.63	D-xylose	5		d7:0.8 d16:1.6
586	Dacryopinax spathularia CBS197.63	guar gum 1%	2		d7:0.9 d16:2
586	Dacryopinax spathularia CBS197.63	inulin 1%	2		d7:0.8 d16:1.8
586	Dacryopinax spathularia CBS197.63	L-arabinose	2		d7:0.7 d16:1.6
586	Dacryopinax spathularia CBS197.63	L-rhamnose	1		d7:0.8 d16:1.7
586	Dacryopinax spathularia CBS197.63	lactose	1		d7:0.4 d16:0.8
586	Dacryopinax spathularia CBS197.63	maltose	6		d7:0.8 d16:1.6
586	Dacryopinax spathularia CBS197.63	no carbon source	1		d7:0.6 d16:1.5
586	Dacryopinax spathularia CBS197.63	raffinose	1		d7:0.5 d16:0.7
586	Dacryopinax spathularia CBS197.63	rice bran 3%	10		d7:0.8 d16:2.9
586	Dacryopinax spathularia CBS197.63	soluble starch 1%	6		d7:0.9 d16:1.8
586	Dacryopinax spathularia CBS197.63	soybean hulls 3%	8		d7:0.7 d16:1.8
586	Dacryopinax spathularia CBS197.63	sucrose	6		d7:0.9 d16:1.8
586	Dacryopinax spathularia CBS197.63	wheat bran 3%	9		d7:0.9 d16:2.1
588	Dichomitus squalens CBS470.89	alfalfa meal 3%	4		d5:2.1
588	Dichomitus squalens CBS470.89	apple pectin 1% pH=6	0		d5:2.5
588	Dichomitus squalens CBS470.89	arabic gum 1%	0		d5:2.8
588	Dichomitus squalens CBS470.89	arabinogalactan 1%			d5:2.4
588	Dichomitus squalens CBS470.89	beechwood xylan 1%	0		d5:2.5
588	Dichomitus squalens CBS470.89	birchwood xylan 1%	0		d5:2.5
588	Dichomitus squalens CBS470.89	casein 3%	0		d5:1.3
588	Dichomitus squalens CBS470.89	cellobiose	3		d5:1.4
588	Dichomitus squalens CBS470.89	cellulose 3%	0		d5:2.7
588	Dichomitus squalens CBS470.89	citrus pectin 1% pH=6	3		d5:2.8
588	Dichomitus squalens CBS470.89	citrus pulp 3% pH=6	1		d5:1.4
588	Dichomitus squalens CBS470.89	cotton seed pulp 3%	3		d5:2.7
588	Dichomitus squalens CBS470.89	D-fructose	4		d5:2.5
588	Dichomitus squalens CBS470.89	D-galactose	0		d5:2.6
588	Dichomitus squalens CBS470.89	D-galacturonic acid	3		d5:1.9
588	Dichomitus squalens CBS470.89	D-glucose	5		d5:2.6
588	Dichomitus squalens CBS470.89	D-glucuronic acid	0		d5:1.9
588	Dichomitus squalens CBS470.89	D-mannose	6		d5:2.7
588	Dichomitus squalens CBS470.89	D-ribose	0		d5:2.6
588	Dichomitus squalens CBS470.89	D-xylose	0		d5:1.6
588	Dichomitus squalens CBS470.89	guar gum 1%	7		d5:2.5
588	Dichomitus squalens CBS470.89	inulin 1%	0		d5:2.4
588	Dichomitus squalens CBS470.89	L-arabinose	0		d5:2.3
588	Dichomitus squalens CBS470.89	L-rhamnose	0		d5:2.3
588	Dichomitus squalens CBS470.89	lactose	1		d5:1
588	Dichomitus squalens CBS470.89	maltose	0		d5:2.4
588	Dichomitus squalens CBS470.89	no carbon source	0		d5:2.4
588	Dichomitus squalens CBS470.89	raffinose	0		d5:2.5
588	Dichomitus squalens CBS470.89	rice bran 3%	3		d5:3.4
588	Dichomitus squalens CBS470.89	soluble starch 1%	5		d5:2.5
588	Dichomitus squalens CBS470.89	soybean hulls 3%	3		d5:2
588	Dichomitus squalens CBS470.89	sucrose	0		d5:2.4
588	Dichomitus squalens CBS470.89	wheat bran 3%	8		d5:3
589	Dichomitus squalens FBCC312	alfalfa meal 3%	6		d5:3.2
589	Dichomitus squalens FBCC312	apple pectin 1% pH=6	5		d5:3.4
589	Dichomitus squalens FBCC312	arabic gum 1%	2		d5:3
589	Dichomitus squalens FBCC312	arabinogalactan 1%			d5:3.4
589	Dichomitus squalens FBCC312	beechwood xylan 1%	5		d5:3.4
589	Dichomitus squalens FBCC312	birchwood xylan 1%	2		d5:2.8
589	Dichomitus squalens FBCC312	casein 3%	3		d5:2
589	Dichomitus squalens FBCC312	cellobiose	5		d5:1.6
589	Dichomitus squalens FBCC312	cellulose 3%	2		d5:3
589	Dichomitus squalens FBCC312	citrus pectin 1% pH=6	2		d5:3.2
589	Dichomitus squalens FBCC312	citrus pulp 3% pH=6	6		d5:3.4
589	Dichomitus squalens FBCC312	cotton seed pulp 3%	5		d5:3.4
589	Dichomitus squalens FBCC312	D-fructose	4		d5:3.1
589	Dichomitus squalens FBCC312	D-galactose	2		d5:2.6
589	Dichomitus squalens FBCC312	D-galacturonic acid	3		d5:2.6
589	Dichomitus squalens FBCC312	D-glucose	5		d5:3.4
589	Dichomitus squalens FBCC312	D-glucuronic acid	2		d5:2.6
589	Dichomitus squalens FBCC312	D-mannose	5		d5:3.4
589	Dichomitus squalens FBCC312	D-ribose	1		d5:2.7
589	Dichomitus squalens FBCC312	D-xylose	3		d5:1.6
589	Dichomitus squalens FBCC312	guar gum 1%	6		d5:3.4
589	Dichomitus squalens FBCC312	inulin 1%	2		d5:2.8
589	Dichomitus squalens FBCC312	L-arabinose	2		d5:2.5
589	Dichomitus squalens FBCC312	L-rhamnose	1		d5:2.9
589	Dichomitus squalens FBCC312	lactose	1		d5:0.7
589	Dichomitus squalens FBCC312	maltose	2		d5:3
589	Dichomitus squalens FBCC312	no carbon source	1		d5:2.9
589	Dichomitus squalens FBCC312	raffinose	1		d5:2.4
589	Dichomitus squalens FBCC312	rice bran 3%	10		d5:3.4
589	Dichomitus squalens FBCC312	soluble starch 1%	4		d5:3.1
589	Dichomitus squalens FBCC312	soybean hulls 3%	8		d5:3.4
589	Dichomitus squalens FBCC312	sucrose	1		d5:2.5
589	Dichomitus squalens FBCC312	wheat bran 3%	9		d5:3.4
590	Dichomitus squalens FBCC312i	alfalfa meal 3%	7		d7:3
590	Dichomitus squalens FBCC312i	apple pectin 1% pH=6	5		d7:3
590	Dichomitus squalens FBCC312i	arabic gum 1%	3		d7:3
590	Dichomitus squalens FBCC312i	arabinogalactan 1%			d7:3
590	Dichomitus squalens FBCC312i	beechwood xylan 1%	1		d7:3
590	Dichomitus squalens FBCC312i	birchwood xylan 1%	1		d7:3
590	Dichomitus squalens FBCC312i	casein 3%	1		d7:2.3
590	Dichomitus squalens FBCC312i	cellobiose	8		d7:2.7
590	Dichomitus squalens FBCC312i	cellulose 3%	1		d7:3
590	Dichomitus squalens FBCC312i	citrus pectin 1% pH=6	5		d7:3
590	Dichomitus squalens FBCC312i	citrus pulp 3% pH=6	9		d7:3
590	Dichomitus squalens FBCC312i	cotton seed pulp 3%	6		d7:3
590	Dichomitus squalens FBCC312i	D-fructose	3		d7:3
590	Dichomitus squalens FBCC312i	D-galactose	1		d7:3
590	Dichomitus squalens FBCC312i	D-galacturonic acid	2		d7:2.8
590	Dichomitus squalens FBCC312i	D-glucose	5		d7:3
590	Dichomitus squalens FBCC312i	D-glucuronic acid	2		d7:2.8
590	Dichomitus squalens FBCC312i	D-mannose	5		d7:3
590	Dichomitus squalens FBCC312i	D-ribose	1		d7:3
590	Dichomitus squalens FBCC312i	D-xylose	1		d7:2.4
590	Dichomitus squalens FBCC312i	guar gum 1%	3		d7:3
590	Dichomitus squalens FBCC312i	inulin 1%	0		d7:3
590	Dichomitus squalens FBCC312i	L-arabinose	1		d7:3
590	Dichomitus squalens FBCC312i	L-rhamnose	1		d7:3
590	Dichomitus squalens FBCC312i	lactose	1		
590	Dichomitus squalens FBCC312i	maltose	1		d7:2.6
590	Dichomitus squalens FBCC312i	no carbon source	1		d7:3
590	Dichomitus squalens FBCC312i	raffinose	1		d7:3
590	Dichomitus squalens FBCC312i	rice bran 3%	10		d7:3
590	Dichomitus squalens FBCC312i	soluble starch 1%	4		d7:3
590	Dichomitus squalens FBCC312i	soybean hulls 3%	9		d7:3
590	Dichomitus squalens FBCC312i	sucrose	1		d7:3
590	Dichomitus squalens FBCC312i	wheat bran 3%	10		d7:3
591	Dichomytes squalens FBCC184	alfalfa meal 3%	9		d7:3
591	Dichomytes squalens FBCC184	apple pectin 1% pH=6	8		d7:3
591	Dichomytes squalens FBCC184	arabic gum 1%	4		d7:3
591	Dichomytes squalens FBCC184	arabinogalactan 1%			d7:3
591	Dichomytes squalens FBCC184	beechwood xylan 1%	4		d7:2.5
591	Dichomytes squalens FBCC184	birchwood xylan 1%	3		d7:3
591	Dichomytes squalens FBCC184	casein 3%	1		d7:1.7
591	Dichomytes squalens FBCC184	cellobiose	3		d7:0.7
591	Dichomytes squalens FBCC184	cellulose 3%	1		d7:2.3
591	Dichomytes squalens FBCC184	citrus pectin 1% pH=6	8		d7:3
591	Dichomytes squalens FBCC184	citrus pulp 3% pH=6	4		d7:2.8
591	Dichomytes squalens FBCC184	cotton seed pulp 3%	8		d7:3
591	Dichomytes squalens FBCC184	D-fructose	3		d7:3
591	Dichomytes squalens FBCC184	D-galactose	1		d7:2.5
591	Dichomytes squalens FBCC184	D-galacturonic acid	2		d7:2.5
591	Dichomytes squalens FBCC184	D-glucose	5		d7:3
591	Dichomytes squalens FBCC184	D-glucuronic acid	1		d7:1.5
591	Dichomytes squalens FBCC184	D-mannose	4		d7:3
591	Dichomytes squalens FBCC184	D-ribose	0		d7:2.4
591	Dichomytes squalens FBCC184	D-xylose	2		d7:1.9
591	Dichomytes squalens FBCC184	guar gum 1%	4		d7:3
591	Dichomytes squalens FBCC184	inulin 1%	0		d7:3
591	Dichomytes squalens FBCC184	L-arabinose	0		d7:2.8
591	Dichomytes squalens FBCC184	L-rhamnose	0		d7:2.5
591	Dichomytes squalens FBCC184	lactose	2		
591	Dichomytes squalens FBCC184	maltose	2		d7:3
591	Dichomytes squalens FBCC184	no carbon source	0		d7:2.8
591	Dichomytes squalens FBCC184	raffinose	2		d7:2.5
591	Dichomytes squalens FBCC184	rice bran 3%	10		d7:3
591	Dichomytes squalens FBCC184	soluble starch 1%	3		d7:3
591	Dichomytes squalens FBCC184	soybean hulls 3%	0		d7:2.5
591	Dichomytes squalens FBCC184	sucrose	2		d7:2.5
591	Dichomytes squalens FBCC184	wheat bran 3%	10		d7:3
592	Aspergillus cejpii var. CBS157.66	alfalfa meal 3%	3		d6:1.8
592	Aspergillus cejpii var. CBS157.66	apple pectin 1% pH=6	2		d6:2.3
592	Aspergillus cejpii var. CBS157.66	arabic gum 1%	0		d6:1.5
592	Aspergillus cejpii var. CBS157.66	arabinogalactan 1%			d6:2.5
592	Aspergillus cejpii var. CBS157.66	beechwood xylan 1%	1		d6:2
592	Aspergillus cejpii var. CBS157.66	birchwood xylan 1%	1		d6:2.4
592	Aspergillus cejpii var. CBS157.66	casein 3%	8		d6:3
592	Aspergillus cejpii var. CBS157.66	cellobiose	0		d6:2.5
592	Aspergillus cejpii var. CBS157.66	cellulose 3%	2		d6:2
592	Aspergillus cejpii var. CBS157.66	citrus pectin 1% pH=6	5		d6:2.4
592	Aspergillus cejpii var. CBS157.66	citrus pulp 3% pH=6	4		d6:2.5
592	Aspergillus cejpii var. CBS157.66	cotton seed pulp 3%	0		d6:2.3
592	Aspergillus cejpii var. CBS157.66	D-fructose	0		d6:2.5
592	Aspergillus cejpii var. CBS157.66	D-galactose	0		d6:2.5
592	Aspergillus cejpii var. CBS157.66	D-galacturonic acid	1		d6:0.5
592	Aspergillus cejpii var. CBS157.66	D-glucose	5		d6:3
592	Aspergillus cejpii var. CBS157.66	D-glucuronic acid	0		d6:2.5
592	Aspergillus cejpii var. CBS157.66	D-mannose	1		d6:2.1
592	Aspergillus cejpii var. CBS157.66	D-ribose	0		d6:2
592	Aspergillus cejpii var. CBS157.66	D-xylose	0		d6:1.8
592	Aspergillus cejpii var. CBS157.66	guar gum 1%	1		d6:2
592	Aspergillus cejpii var. CBS157.66	inulin 1%	1		d6:3
592	Aspergillus cejpii var. CBS157.66	L-arabinose	0		d6:2
592	Aspergillus cejpii var. CBS157.66	L-rhamnose	0		d6:3
592	Aspergillus cejpii var. CBS157.66	lactose	0		d6:2
592	Aspergillus cejpii var. CBS157.66	maltose	0		d6:2.6
592	Aspergillus cejpii var. CBS157.66	no carbon source	0		d6:3
592	Aspergillus cejpii var. CBS157.66	raffinose	0		d6:2
592	Aspergillus cejpii var. CBS157.66	rice bran 3%	1		d6:2
592	Aspergillus cejpii var. CBS157.66	soluble starch 1%	1		d6:2.5
592	Aspergillus cejpii var. CBS157.66	soybean hulls 3%	2		d6:2.3
592	Aspergillus cejpii var. CBS157.66	sucrose	0		d6:1
592	Aspergillus cejpii var. CBS157.66	wheat bran 3%	2		d6:2.5
593	Dothistroma pini CBS116.87	alfalfa meal 3%	1		d8:0.4 d21:0.7
593	Dothistroma pini CBS116.87	apple pectin 1% pH=6	6		d8:0.6 d21:1
593	Dothistroma pini CBS116.87	arabic gum 1%	4		d8:0.5 d21:0.9
593	Dothistroma pini CBS116.87	arabinogalactan 1%			d8:0.5 d21:0.9
593	Dothistroma pini CBS116.87	beechwood xylan 1%	2		d8:0.5 d21:0.9
593	Dothistroma pini CBS116.87	birchwood xylan 1%	2		d8:0.4 d21:0.7
593	Dothistroma pini CBS116.87	casein 3%	3		d8:0.4 d21:0.7
593	Dothistroma pini CBS116.87	cellobiose	5		d8:0.4 d21:0.8
593	Dothistroma pini CBS116.87	cellulose 3%	2		d8:0.4 d21:0.7
593	Dothistroma pini CBS116.87	citrus pectin 1% pH=6	4		d8:0.5 d21:0.8
593	Dothistroma pini CBS116.87	citrus pulp 3% pH=6	3		d8:0.4 d21:0.6
593	Dothistroma pini CBS116.87	cotton seed pulp 3%	1		d8:0.4 d21:0.6
593	Dothistroma pini CBS116.87	D-fructose	3		d8:0.4 d21:0.7
593	Dothistroma pini CBS116.87	D-galactose	5		d8:0.5 d21:0.9
593	Dothistroma pini CBS116.87	D-galacturonic acid	0		d8:0 d21:0.2
593	Dothistroma pini CBS116.87	D-glucose	5		d8:0.4 d21:0.8
593	Dothistroma pini CBS116.87	D-glucuronic acid	2		d8:0.4 d21:0.7
593	Dothistroma pini CBS116.87	D-mannose	5		d8:0.3 d21:0.8
593	Dothistroma pini CBS116.87	D-ribose	1		d8:0.4 d21:0.7
593	Dothistroma pini CBS116.87	D-xylose	0		d8:0.2 d21:0.3
593	Dothistroma pini CBS116.87	guar gum 1%	6		d8:0.5 d21:0.9
593	Dothistroma pini CBS116.87	inulin 1%	3		d8:0.5 d21:0.9
593	Dothistroma pini CBS116.87	L-arabinose	1		d8:0.3 d21:0.7
593	Dothistroma pini CBS116.87	L-rhamnose	2		d8:0.4 d21:0.6
593	Dothistroma pini CBS116.87	lactose	5		d8:0.4 d21:0.8
593	Dothistroma pini CBS116.87	maltose	5		d8:0.3 d21:0.8
593	Dothistroma pini CBS116.87	no carbon source	1		d8:0.3 d21:0.7
593	Dothistroma pini CBS116.87	raffinose	5		d9:0.6 d21:0.8
593	Dothistroma pini CBS116.87	rice bran 3%	7		d8:0.4 d21:0.8
593	Dothistroma pini CBS116.87	soluble starch 1%	6		d8:0.5 d21:0.9
593	Dothistroma pini CBS116.87	soybean hulls 3%	3		d8:0.4 d21:0.6
593	Dothistroma pini CBS116.87	sucrose	4		d8:0.3 d21:0.7
593	Dothistroma pini CBS116.87	wheat bran 3%	5		d8:0.4 d21:0.7
594	Dothistroma pini CBS127873	alfalfa meal 3%	4		d8:0.4 d21:0.9
594	Dothistroma pini CBS127873	apple pectin 1% pH=6	7		d9:0.5 d21:1.3
594	Dothistroma pini CBS127873	arabic gum 1%	3		d8:0.3 d21:0.9
594	Dothistroma pini CBS127873	arabinogalactan 1%			d8:0.4 d21:1
594	Dothistroma pini CBS127873	beechwood xylan 1%	2		d8:0.4 d21:1
594	Dothistroma pini CBS127873	birchwood xylan 1%	2		d8:0.3 d21:0.9
594	Dothistroma pini CBS127873	casein 3%	1		d8:0.4 d21:0.7
594	Dothistroma pini CBS127873	cellobiose	6		d8:0.4 d21:0.9
594	Dothistroma pini CBS127873	cellulose 3%	2		d8:0.3 d21:0.8
594	Dothistroma pini CBS127873	citrus pectin 1% pH=6	6		d8:0.5 d21:1.3
594	Dothistroma pini CBS127873	citrus pulp 3% pH=6	6		d8:0.4 d21:1.1
594	Dothistroma pini CBS127873	cotton seed pulp 3%	6		d8:0.5 d21:1.2
594	Dothistroma pini CBS127873	D-fructose	3		d8:0.4 d21:0.8
594	Dothistroma pini CBS127873	D-galactose	5		d8:0.4 d21:0.9
594	Dothistroma pini CBS127873	D-galacturonic acid	0		d8:0 d21:0.3
594	Dothistroma pini CBS127873	D-glucose	5		d9:0.4 d21:1
594	Dothistroma pini CBS127873	D-glucuronic acid	2		d8:0.4 d21:0.7
594	Dothistroma pini CBS127873	D-mannose	4		d8:0.4 d21:0.9
594	Dothistroma pini CBS127873	D-ribose	2		d8:0.3 d21:0.6
594	Dothistroma pini CBS127873	D-xylose	0		d8:0.2 d21:0.3
594	Dothistroma pini CBS127873	guar gum 1%	4		d8:0.5 d21:1.1
594	Dothistroma pini CBS127873	inulin 1%	3		d8:0.4 d21:0.8
594	Dothistroma pini CBS127873	L-arabinose	1		d8:0.3 d21:0.7
594	Dothistroma pini CBS127873	L-rhamnose	3		d8:0.4 d21:0.8
594	Dothistroma pini CBS127873	lactose	6		d8:0.4 d21:0.9
594	Dothistroma pini CBS127873	maltose	5		d8:0.4 d21:0.9
594	Dothistroma pini CBS127873	no carbon source	1		d8:0.4 d21:0.7
594	Dothistroma pini CBS127873	raffinose	5		d9:0.5 d21:1
594	Dothistroma pini CBS127873	rice bran 3%	8		d8:0.5 d21:1.2
594	Dothistroma pini CBS127873	soluble starch 1%	7		d8:0.5 d21:1.1
594	Dothistroma pini CBS127873	soybean hulls 3%	8		d8:0.3 d21:1.3
594	Dothistroma pini CBS127873	sucrose	4		d8:0.4 d21:0.8
594	Dothistroma pini CBS127873	wheat bran 3%	7		d8:0.5 d21:1.1
596	Dothistroma septosporum	alfalfa meal 3%	8		d20:0.7 d25:0.8 d31:1
596	Dothistroma septosporum	apple pectin 1% pH=6	7		d20:0.7 d25:1 d31:1.1
596	Dothistroma septosporum	arabic gum 1%	5		d20:0.7 d25:0.9 d31:1.1
596	Dothistroma septosporum	arabinogalactan 1%			d20:0.7 d25:0.9 d31:1
596	Dothistroma septosporum	beechwood xylan 1%	5		d20:0.4 d31:0.6
596	Dothistroma septosporum	birchwood xylan 1%	3		d20:0.5 d31:0.6
596	Dothistroma septosporum	casein 3%	4		
596	Dothistroma septosporum	cellobiose	5		d20:0.4 d25:0.5 d31:0.5
596	Dothistroma septosporum	cellulose 3%	0		d20:0.4
596	Dothistroma septosporum	citrus pectin 1% pH=6	7		d20:0.6 d25:0.8 d31:1
596	Dothistroma septosporum	citrus pulp 3% pH=6	8		d20:0.7 d25:0.8 d31:1.1
596	Dothistroma septosporum	cotton seed pulp 3%	9		d20:0.9 d25:1 d31:1.2
596	Dothistroma septosporum	D-fructose	4		d25:0.4 d31:0.5
596	Dothistroma septosporum	D-galactose	4		d20:0.4 d25:0.6 d31:0.6
596	Dothistroma septosporum	D-galacturonic acid	0		
596	Dothistroma septosporum	D-glucose	5		d20:0.4 d25:0.6 d31:0.7
596	Dothistroma septosporum	D-glucuronic acid	2		d20:0.5 d25:0.6 d31:0.7
596	Dothistroma septosporum	D-mannose	5		d20:0.4 d25:0.6 d31:0.7
596	Dothistroma septosporum	D-ribose	2		
596	Dothistroma septosporum	D-xylose	3		d31:0.4
596	Dothistroma septosporum	guar gum 1%	3		d20:0.6 d25:0.7 d31:0.8
596	Dothistroma septosporum	inulin 1%	3		d20:0.4 d31:0.5
596	Dothistroma septosporum	L-arabinose	2		
596	Dothistroma septosporum	L-rhamnose	2		d31:0.4
596	Dothistroma septosporum	lactose	3		d25:0.5 d31:0.5
596	Dothistroma septosporum	maltose	5		d25:0.5 d31:0.7
596	Dothistroma septosporum	no carbon source	1		
596	Dothistroma septosporum	raffinose	6		d20:0.4 d25:0.6 d31:0.6
596	Dothistroma septosporum	rice bran 3%	9		d20:0.6 d25:1 d31:1
596	Dothistroma septosporum	soluble starch 1%	5		d20:0.4 d25:0.5 d31:0.6
596	Dothistroma septosporum	soybean hulls 3%	7		d20:0.7 d25:0.8 d31:0.9
596	Dothistroma septosporum	sucrose	6		d25:0.5 d31:0.5
596	Dothistroma septosporum	wheat bran 3%	7		d20:0.6 d25:0.7 d31:0.8
597	Aspergillus acristatulus CBS119.55	alfalfa meal 3%	8		d3:2.5
597	Aspergillus acristatulus CBS119.55	apple pectin 1% pH=6	6		d3:1.9
597	Aspergillus acristatulus CBS119.55	arabic gum 1%	2		d3:2.5
597	Aspergillus acristatulus CBS119.55	arabinogalactan 1%			d3:2.5
597	Aspergillus acristatulus CBS119.55	beechwood xylan 1%	5		d3:2.3
597	Aspergillus acristatulus CBS119.55	birchwood xylan 1%	4		d3:2
597	Aspergillus acristatulus CBS119.55	casein 3%	3		d3:2.4
597	Aspergillus acristatulus CBS119.55	cellobiose	4		d3:2.3
597	Aspergillus acristatulus CBS119.55	cellulose 3%	0		d3:2.5
597	Aspergillus acristatulus CBS119.55	citrus pectin 1% pH=6	6		d3:2.5
597	Aspergillus acristatulus CBS119.55	citrus pulp 3% pH=6	9		d3:2.2
597	Aspergillus acristatulus CBS119.55	cotton seed pulp 3%	10		d3:2.8
597	Aspergillus acristatulus CBS119.55	D-fructose	4		d3:2.3
597	Aspergillus acristatulus CBS119.55	D-galactose	3		d3:2.5
597	Aspergillus acristatulus CBS119.55	D-galacturonic acid	1		
597	Aspergillus acristatulus CBS119.55	D-glucose	5		d3:1.8
597	Aspergillus acristatulus CBS119.55	D-glucuronic acid	4		d3:2.2
597	Aspergillus acristatulus CBS119.55	D-mannose	5		d3:2.3
597	Aspergillus acristatulus CBS119.55	D-ribose	2		d3:2.5
597	Aspergillus acristatulus CBS119.55	D-xylose	5		d3:2.2
597	Aspergillus acristatulus CBS119.55	guar gum 1%	5		d3:2.8
597	Aspergillus acristatulus CBS119.55	inulin 1%	1		d3:2.4
597	Aspergillus acristatulus CBS119.55	L-arabinose	5		d3:2.3
597	Aspergillus acristatulus CBS119.55	L-rhamnose	3		d3:2.5
597	Aspergillus acristatulus CBS119.55	lactose	3		d3:2.3
597	Aspergillus acristatulus CBS119.55	maltose	5		d3:2.3
597	Aspergillus acristatulus CBS119.55	no carbon source	0		d3:2.2
597	Aspergillus acristatulus CBS119.55	raffinose	4		d3:2.4
597	Aspergillus acristatulus CBS119.55	rice bran 3%	8		d3:2.3
597	Aspergillus acristatulus CBS119.55	soluble starch 1%	5		d3:2.2
597	Aspergillus acristatulus CBS119.55	soybean hulls 3%	7		d3:2
597	Aspergillus acristatulus CBS119.55	sucrose	5		d3:2.4
597	Aspergillus acristatulus CBS119.55	wheat bran 3%	10		d3:2.8
598	Aspergillus cleistominutus CBS200.75	alfalfa meal 3%	9		d4:2.8
598	Aspergillus cleistominutus CBS200.75	apple pectin 1% pH=6	5		d4:1.4
598	Aspergillus cleistominutus CBS200.75	arabic gum 1%	1		d4:2
598	Aspergillus cleistominutus CBS200.75	arabinogalactan 1%			d4:1.7
598	Aspergillus cleistominutus CBS200.75	beechwood xylan 1%	7		d4:2
598	Aspergillus cleistominutus CBS200.75	birchwood xylan 1%	6		d4:1.7
598	Aspergillus cleistominutus CBS200.75	casein 3%	6		d4:2.5
598	Aspergillus cleistominutus CBS200.75	cellobiose	5		d4:1.3
598	Aspergillus cleistominutus CBS200.75	cellulose 3%	1		d4:2
598	Aspergillus cleistominutus CBS200.75	citrus pectin 1% pH=6	5		d4:1.5
598	Aspergillus cleistominutus CBS200.75	citrus pulp 3% pH=6	8		d4:2.4
598	Aspergillus cleistominutus CBS200.75	cotton seed pulp 3%	10		d4:3
598	Aspergillus cleistominutus CBS200.75	D-fructose	5		d4:1.5
598	Aspergillus cleistominutus CBS200.75	D-galactose	5		d4:1.4
598	Aspergillus cleistominutus CBS200.75	D-galacturonic acid	2		d4:0.6
598	Aspergillus cleistominutus CBS200.75	D-glucose	5		d4:1.3
598	Aspergillus cleistominutus CBS200.75	D-glucuronic acid	1		d4:1.9
598	Aspergillus cleistominutus CBS200.75	D-mannose	5		d4:1.4
598	Aspergillus cleistominutus CBS200.75	D-ribose	1		d4:1.9
598	Aspergillus cleistominutus CBS200.75	D-xylose	5		d4:1.3
598	Aspergillus cleistominutus CBS200.75	guar gum 1%	6		d4:2
598	Aspergillus cleistominutus CBS200.75	inulin 1%	6		d4:1.5
598	Aspergillus cleistominutus CBS200.75	L-arabinose	5		d4:1.4
598	Aspergillus cleistominutus CBS200.75	L-rhamnose	4		d4:1.7
598	Aspergillus cleistominutus CBS200.75	lactose	6		d4:1.4
598	Aspergillus cleistominutus CBS200.75	maltose	5		d4:1.3
598	Aspergillus cleistominutus CBS200.75	no carbon source	0		d4:2.1
598	Aspergillus cleistominutus CBS200.75	raffinose	5		d4:1.4
598	Aspergillus cleistominutus CBS200.75	rice bran 3%	8		d4:2.5
598	Aspergillus cleistominutus CBS200.75	soluble starch 1%	5		d4:1.5
598	Aspergillus cleistominutus CBS200.75	soybean hulls 3%	9		d4:2.7
598	Aspergillus cleistominutus CBS200.75	sucrose	4		d4:1.2
598	Aspergillus cleistominutus CBS200.75	wheat bran 3%	10		d4:2.9
599	Aspergillus quadrilineatus CBS853.96	alfalfa meal 3%	10		d3:2.5
599	Aspergillus quadrilineatus CBS853.96	apple pectin 1% pH=6	6		d3:2.4
599	Aspergillus quadrilineatus CBS853.96	arabic gum 1%	0		d3:2.5
599	Aspergillus quadrilineatus CBS853.96	arabinogalactan 1%			d3:2.2
599	Aspergillus quadrilineatus CBS853.96	beechwood xylan 1%	4		d3:2
599	Aspergillus quadrilineatus CBS853.96	birchwood xylan 1%	5		d3:2
599	Aspergillus quadrilineatus CBS853.96	casein 3%	3		d3:2.1
599	Aspergillus quadrilineatus CBS853.96	cellobiose	5		d3:1.7
599	Aspergillus quadrilineatus CBS853.96	cellulose 3%	0		d3:1.9
599	Aspergillus quadrilineatus CBS853.96	citrus pectin 1% pH=6	7		d3:2.5
599	Aspergillus quadrilineatus CBS853.96	citrus pulp 3% pH=6	9		d3:2.5
599	Aspergillus quadrilineatus CBS853.96	cotton seed pulp 3%	10		d3:2.7
599	Aspergillus quadrilineatus CBS853.96	D-fructose	4		d3:2
599	Aspergillus quadrilineatus CBS853.96	D-galactose	2		d3:1.7
599	Aspergillus quadrilineatus CBS853.96	D-galacturonic acid	1		
599	Aspergillus quadrilineatus CBS853.96	D-glucose	5		d3:2
599	Aspergillus quadrilineatus CBS853.96	D-glucuronic acid	4		d3:2
599	Aspergillus quadrilineatus CBS853.96	D-mannose	4		d3:1.9
599	Aspergillus quadrilineatus CBS853.96	D-ribose	0		d3:1.9
599	Aspergillus quadrilineatus CBS853.96	D-xylose	5		d3:2.1
599	Aspergillus quadrilineatus CBS853.96	guar gum 1%	6		d3:2.5
599	Aspergillus quadrilineatus CBS853.96	inulin 1%	0		d3:2
599	Aspergillus quadrilineatus CBS853.96	L-arabinose	3		d3:1.9
599	Aspergillus quadrilineatus CBS853.96	L-rhamnose	3		d3:1.7
599	Aspergillus quadrilineatus CBS853.96	lactose	2		d3:1.7
599	Aspergillus quadrilineatus CBS853.96	maltose	5		d3:1.8
599	Aspergillus quadrilineatus CBS853.96	no carbon source	0		d3:1.9
599	Aspergillus quadrilineatus CBS853.96	raffinose	5		d3:1.8
599	Aspergillus quadrilineatus CBS853.96	rice bran 3%	6		d3:2.7
599	Aspergillus quadrilineatus CBS853.96	soluble starch 1%	5		d3:2.1
599	Aspergillus quadrilineatus CBS853.96	soybean hulls 3%	9		d3:2.3
599	Aspergillus quadrilineatus CBS853.96	sucrose	5		d3:2
599	Aspergillus quadrilineatus CBS853.96	wheat bran 3%	8		d3:2.3
600	Aspergillus latus CBS492.65	alfalfa meal 3%	8		d3:2.3
600	Aspergillus latus CBS492.65	apple pectin 1% pH=6	7		d3:2.7
600	Aspergillus latus CBS492.65	arabic gum 1%	0		d3:2.6
600	Aspergillus latus CBS492.65	arabinogalactan 1%			d3:2.4
600	Aspergillus latus CBS492.65	beechwood xylan 1%	5		d3:2.4
600	Aspergillus latus CBS492.65	birchwood xylan 1%	5		d3:2.2
600	Aspergillus latus CBS492.65	casein 3%	4		d3:2.3
600	Aspergillus latus CBS492.65	cellobiose	5		d3:2
600	Aspergillus latus CBS492.65	cellulose 3%	0		d3:1.9
600	Aspergillus latus CBS492.65	citrus pectin 1% pH=6	7		d3:2.5
600	Aspergillus latus CBS492.65	citrus pulp 3% pH=6	9		d3:2.9
600	Aspergillus latus CBS492.65	cotton seed pulp 3%	10		d3:2.9
600	Aspergillus latus CBS492.65	D-fructose	5		d3:2.2
600	Aspergillus latus CBS492.65	D-galactose	4		d3:2
600	Aspergillus latus CBS492.65	D-galacturonic acid	2		d3:1.2
600	Aspergillus latus CBS492.65	D-glucose	5		d3:2.2
600	Aspergillus latus CBS492.65	D-glucuronic acid	3		d3:2
600	Aspergillus latus CBS492.65	D-mannose	6		d3:2.3
600	Aspergillus latus CBS492.65	D-ribose	1		d3:2
600	Aspergillus latus CBS492.65	D-xylose	5		d3:2.2
600	Aspergillus latus CBS492.65	guar gum 1%	7		d3:2.6
600	Aspergillus latus CBS492.65	inulin 1%	0		d3:2.6
600	Aspergillus latus CBS492.65	L-arabinose	5		d3:2.4
600	Aspergillus latus CBS492.65	L-rhamnose	4		d3:2
600	Aspergillus latus CBS492.65	lactose	4		d3:2.1
600	Aspergillus latus CBS492.65	maltose	4		d3:1.3
600	Aspergillus latus CBS492.65	no carbon source	0		d3:2.3
600	Aspergillus latus CBS492.65	raffinose	5		d3:1.7
600	Aspergillus latus CBS492.65	rice bran 3%	5		d3:2.1
600	Aspergillus latus CBS492.65	soluble starch 1%	5		d3:2
600	Aspergillus latus CBS492.65	soybean hulls 3%	6		d3:2.1
600	Aspergillus latus CBS492.65	sucrose	6		d3:2.4
600	Aspergillus latus CBS492.65	wheat bran 3%	8		d3:2.6
601	Aspergillus quadrilineatus CBS493.65	alfalfa meal 3%	8		d3:2.7
601	Aspergillus quadrilineatus CBS493.65	apple pectin 1% pH=6	7		d3:2.7
601	Aspergillus quadrilineatus CBS493.65	arabic gum 1%	1		d3:2.6
601	Aspergillus quadrilineatus CBS493.65	arabinogalactan 1%			d3:2.5
601	Aspergillus quadrilineatus CBS493.65	beechwood xylan 1%	6		d3:2.6
601	Aspergillus quadrilineatus CBS493.65	birchwood xylan 1%	6		d3:2.4
601	Aspergillus quadrilineatus CBS493.65	casein 3%	7		d3:2.8
601	Aspergillus quadrilineatus CBS493.65	cellobiose	5		d3:2.2
601	Aspergillus quadrilineatus CBS493.65	cellulose 3%	1		d3:2.3
601	Aspergillus quadrilineatus CBS493.65	citrus pectin 1% pH=6	7		d3:2.7
601	Aspergillus quadrilineatus CBS493.65	citrus pulp 3% pH=6	9		d3:2.8
601	Aspergillus quadrilineatus CBS493.65	cotton seed pulp 3%	10		d3:3
601	Aspergillus quadrilineatus CBS493.65	D-fructose	6		d3:2.4
601	Aspergillus quadrilineatus CBS493.65	D-galactose	4		d3:2.3
601	Aspergillus quadrilineatus CBS493.65	D-galacturonic acid	2		d3:1.1
601	Aspergillus quadrilineatus CBS493.65	D-glucose	5		d3:2.3
601	Aspergillus quadrilineatus CBS493.65	D-glucuronic acid	4		d3:2.4
601	Aspergillus quadrilineatus CBS493.65	D-mannose	6		d3:2.5
601	Aspergillus quadrilineatus CBS493.65	D-ribose	1		d3:2.2
601	Aspergillus quadrilineatus CBS493.65	D-xylose	5		d3:2.3
601	Aspergillus quadrilineatus CBS493.65	guar gum 1%	6		d3:2.9
601	Aspergillus quadrilineatus CBS493.65	inulin 1%	7		d3:2.7
601	Aspergillus quadrilineatus CBS493.65	L-arabinose	4		d3:2.3
601	Aspergillus quadrilineatus CBS493.65	L-rhamnose	3		d3:2.2
601	Aspergillus quadrilineatus CBS493.65	lactose	4		d3:2.1
601	Aspergillus quadrilineatus CBS493.65	maltose	5		d3:2.1
601	Aspergillus quadrilineatus CBS493.65	no carbon source	1		d3:2.3
601	Aspergillus quadrilineatus CBS493.65	raffinose	5		d3:2.2
601	Aspergillus quadrilineatus CBS493.65	rice bran 3%	6		d3:2
601	Aspergillus quadrilineatus CBS493.65	soluble starch 1%	6		d3:2.5
601	Aspergillus quadrilineatus CBS493.65	soybean hulls 3%	7		d3:2.3
601	Aspergillus quadrilineatus CBS493.65	sucrose	6		d3:2.4
601	Aspergillus quadrilineatus CBS493.65	wheat bran 3%	10		d3:2.9
602	Aspergillus striatus CBS592.65	alfalfa meal 3%	8		d4:2.9
602	Aspergillus striatus CBS592.65	apple pectin 1% pH=6	7		d4:2.9
602	Aspergillus striatus CBS592.65	arabic gum 1%	0		d4:3.2
602	Aspergillus striatus CBS592.65	arabinogalactan 1%			d4:2.9
602	Aspergillus striatus CBS592.65	beechwood xylan 1%	8		d4:2.9
602	Aspergillus striatus CBS592.65	birchwood xylan 1%	8		d4:3
602	Aspergillus striatus CBS592.65	casein 3%	5		d4:3
602	Aspergillus striatus CBS592.65	cellobiose	6		d4:2.5
602	Aspergillus striatus CBS592.65	cellulose 3%	0		d4:2.8
602	Aspergillus striatus CBS592.65	citrus pectin 1% pH=6	6		d4:2.4
602	Aspergillus striatus CBS592.65	citrus pulp 3% pH=6	10		d4:2.8
602	Aspergillus striatus CBS592.65	cotton seed pulp 3%	9		d4:3
602	Aspergillus striatus CBS592.65	D-fructose	6		d4:2.6
602	Aspergillus striatus CBS592.65	D-galactose	5		d4:2.7
602	Aspergillus striatus CBS592.65	D-galacturonic acid	3		d4:1.8
602	Aspergillus striatus CBS592.65	D-glucose	5		d4:2.2
602	Aspergillus striatus CBS592.65	D-glucuronic acid	1		d4:2.9
602	Aspergillus striatus CBS592.65	D-mannose	6		d4:2.5
602	Aspergillus striatus CBS592.65	D-ribose	1		d4:2.6
602	Aspergillus striatus CBS592.65	D-xylose	7		d4:2.6
602	Aspergillus striatus CBS592.65	guar gum 1%	2		d4:3.2
602	Aspergillus striatus CBS592.65	inulin 1%	1		d4:2.8
602	Aspergillus striatus CBS592.65	L-arabinose	6		d4:2.6
602	Aspergillus striatus CBS592.65	L-rhamnose	2		d4:2.8
602	Aspergillus striatus CBS592.65	lactose	5		d4:2.7
602	Aspergillus striatus CBS592.65	maltose	4		d4:1.9
602	Aspergillus striatus CBS592.65	no carbon source	0		d4:2.7
602	Aspergillus striatus CBS592.65	raffinose	5		d4:2.4
602	Aspergillus striatus CBS592.65	rice bran 3%	4		d4:2.2
602	Aspergillus striatus CBS592.65	soluble starch 1%	5		d4:2.2
602	Aspergillus striatus CBS592.65	soybean hulls 3%	7		d4:2.8
602	Aspergillus striatus CBS592.65	sucrose	4		d4:1.7
602	Aspergillus striatus CBS592.65	wheat bran 3%	9		d4:3
604	Fomes fomentarius CBS119934	alfalfa meal 3%	4		d2:0.1 d3:0.1 d6:1.6
604	Fomes fomentarius CBS119934	apple pectin 1% pH=6	7		d2:0.2 d3:0.4 d6:3.1
604	Fomes fomentarius CBS119934	arabic gum 1%	2		d2:0.2 d3:0.6 d6:3.2
604	Fomes fomentarius CBS119934	arabinogalactan 1%			d2:0.2 d3:0.5 d6:2.8
604	Fomes fomentarius CBS119934	beechwood xylan 1%	4		d2:0.2 d3:0.3 d6:2.7
604	Fomes fomentarius CBS119934	birchwood xylan 1%	4		d2:0.1 d3:0.3 d6:3.2
604	Fomes fomentarius CBS119934	casein 3%	2		d2:0.2 d3:0.4 d6:2.3
604	Fomes fomentarius CBS119934	cellobiose	6		d2:0.3 d3:0.6 d6:1.5
604	Fomes fomentarius CBS119934	cellulose 3%	1		d2:0.1 d3:0.2 d6:3.2
604	Fomes fomentarius CBS119934	citrus pectin 1% pH=6	7		d2:0.1 d3:0.4 d6:3.2
604	Fomes fomentarius CBS119934	citrus pulp 3% pH=6	8		d2:0.2 d3:0.8 d6:3.2
604	Fomes fomentarius CBS119934	cotton seed pulp 3%	9		d2:0.4 d3:1 d6:3.2
604	Fomes fomentarius CBS119934	D-fructose	4		d2:0.3 d3:0.6 d6:3
604	Fomes fomentarius CBS119934	D-galactose	1		d2:0.2 d3:0.4 d6:3
604	Fomes fomentarius CBS119934	D-galacturonic acid	1		d2:0.1 d3:0.1 d6:0.2
604	Fomes fomentarius CBS119934	D-glucose	5		d2:0.2 d3:0.4 d6:2.7
604	Fomes fomentarius CBS119934	D-glucuronic acid	1		d2:0.3 d3:0.9 d6:3.2
604	Fomes fomentarius CBS119934	D-mannose	5		d2:0.1 d3:0.3 d6:2.6
604	Fomes fomentarius CBS119934	D-ribose	0		d2:0.2 d3:0.6 d6:3.1
604	Fomes fomentarius CBS119934	D-xylose	1		d2:0.3 d3:0.6 d6:2.5
604	Fomes fomentarius CBS119934	guar gum 1%	5		d2:0.2 d3:0.3 d6:3.2
604	Fomes fomentarius CBS119934	inulin 1%	1		d2:0.2 d3:0.5 d6:3
604	Fomes fomentarius CBS119934	L-arabinose	2		d2:0.3 d3:0.5 d6:2.4
604	Fomes fomentarius CBS119934	L-rhamnose	0		d2:0.1 d3:0.5 d6:3.1
604	Fomes fomentarius CBS119934	lactose	2		d2:0.1 d3:0.4 d6:0.7
604	Fomes fomentarius CBS119934	maltose	1		d2:0.1 d3:0.6 d6:3.2
604	Fomes fomentarius CBS119934	no carbon source	0		d2:0.3 d3:0.6 d6:3.2
604	Fomes fomentarius CBS119934	raffinose	1		d2:0.2 d3:0.4 d6:2.5
604	Fomes fomentarius CBS119934	rice bran 3%	10		d2:0.3 d3:0.7 d6:3.2
604	Fomes fomentarius CBS119934	soluble starch 1%	4		d2:0.2 d3:0.7 d6:3.2
604	Fomes fomentarius CBS119934	soybean hulls 3%	10		d2:0.4 d3:0.8 d6:3.1
604	Fomes fomentarius CBS119934	sucrose	1		d2:0.1 d3:0.5 d6:3
604	Fomes fomentarius CBS119934	wheat bran 3%	9		d2:0.2 d3:0.8 d6:3.2
605	Fomitopsis pinicola FBCC1182	alfalfa meal 3%	7		d7:2.1
605	Fomitopsis pinicola FBCC1182	apple pectin 1% pH=6	10		d7:3
605	Fomitopsis pinicola FBCC1182	arabic gum 1%	7		d7:3
605	Fomitopsis pinicola FBCC1182	arabinogalactan 1%			d7:3
605	Fomitopsis pinicola FBCC1182	beechwood xylan 1%	5		d7:2.4
605	Fomitopsis pinicola FBCC1182	birchwood xylan 1%	3		d7:1.5
605	Fomitopsis pinicola FBCC1182	casein 3%	2		d7:1.1
605	Fomitopsis pinicola FBCC1182	cellobiose	5		d7:1.9
605	Fomitopsis pinicola FBCC1182	cellulose 3%	1		d7:1
605	Fomitopsis pinicola FBCC1182	citrus pectin 1% pH=6	7		d7:3
605	Fomitopsis pinicola FBCC1182	citrus pulp 3% pH=6	9		d7:3
605	Fomitopsis pinicola FBCC1182	cotton seed pulp 3%	8		d7:3
605	Fomitopsis pinicola FBCC1182	D-fructose	5		d7:2
605	Fomitopsis pinicola FBCC1182	D-galactose	1		d7:1.7
605	Fomitopsis pinicola FBCC1182	D-galacturonic acid	5		d7:2.6
605	Fomitopsis pinicola FBCC1182	D-glucose	5		d7:2
605	Fomitopsis pinicola FBCC1182	D-glucuronic acid	2		d7:1.5
605	Fomitopsis pinicola FBCC1182	D-mannose	5		d7:1.5
605	Fomitopsis pinicola FBCC1182	D-ribose	4		d7:1.9
605	Fomitopsis pinicola FBCC1182	D-xylose	2		d7:0.7
605	Fomitopsis pinicola FBCC1182	guar gum 1%	8		d7:3
605	Fomitopsis pinicola FBCC1182	inulin 1%	3		d7:1.6
605	Fomitopsis pinicola FBCC1182	L-arabinose	4		d7:1.8
605	Fomitopsis pinicola FBCC1182	L-rhamnose	1		d7:1.5
605	Fomitopsis pinicola FBCC1182	lactose	1		
605	Fomitopsis pinicola FBCC1182	maltose	4		d7:1.8
605	Fomitopsis pinicola FBCC1182	no carbon source	1		d7:1.3
605	Fomitopsis pinicola FBCC1182	raffinose	3		d7:1.7
605	Fomitopsis pinicola FBCC1182	rice bran 3%	9		d7:3
605	Fomitopsis pinicola FBCC1182	soluble starch 1%	6		d7:2.5
605	Fomitopsis pinicola FBCC1182	soybean hulls 3%	8		d7:2.8
605	Fomitopsis pinicola FBCC1182	sucrose	3		d7:1.6
605	Fomitopsis pinicola FBCC1182	wheat bran 3%	8		d7:3
606	Fusarium oxysporum f.so. vasinfectum CBS116867	alfalfa meal 3%	2		d2:1.5 d3:3
606	Fusarium oxysporum f.so. vasinfectum CBS116867	apple pectin 1% pH=6	2		d2:1.3 d3:3
606	Fusarium oxysporum f.so. vasinfectum CBS116867	arabic gum 1%	1		d2:1.7 d3:3.2
606	Fusarium oxysporum f.so. vasinfectum CBS116867	arabinogalactan 1%			d2:1.6 d3:3
606	Fusarium oxysporum f.so. vasinfectum CBS116867	beechwood xylan 1%	2		d2:1.5 d3:3.1
606	Fusarium oxysporum f.so. vasinfectum CBS116867	birchwood xylan 1%	2		d2:1.6 d3:3.1
606	Fusarium oxysporum f.so. vasinfectum CBS116867	casein 3%	2		d2:1.7 d3:3.2
606	Fusarium oxysporum f.so. vasinfectum CBS116867	cellobiose	6		d2:1.6 d3:3
606	Fusarium oxysporum f.so. vasinfectum CBS116867	cellulose 3%	1		d2:1.5 d3:3
606	Fusarium oxysporum f.so. vasinfectum CBS116867	citrus pectin 1% pH=6	6		d2:1.5 d3:2.9
606	Fusarium oxysporum f.so. vasinfectum CBS116867	citrus pulp 3% pH=6	4		d2:1.3 d3:2.7
606	Fusarium oxysporum f.so. vasinfectum CBS116867	cotton seed pulp 3%	1		d2:1.5 d3:3.1
606	Fusarium oxysporum f.so. vasinfectum CBS116867	D-fructose	2		d2:1.5 d3:3
606	Fusarium oxysporum f.so. vasinfectum CBS116867	D-galactose	4		d2:0.9 d3:1.6
606	Fusarium oxysporum f.so. vasinfectum CBS116867	D-galacturonic acid	3		d2:0.8 d3:1.4
606	Fusarium oxysporum f.so. vasinfectum CBS116867	D-glucose	5		d2:1.7 d3:3
606	Fusarium oxysporum f.so. vasinfectum CBS116867	D-glucuronic acid	1		d2:1.5 d3:3
606	Fusarium oxysporum f.so. vasinfectum CBS116867	D-mannose	6		d2:1.6 d3:2.9
606	Fusarium oxysporum f.so. vasinfectum CBS116867	D-ribose	5		d2:1.7 d3:3
606	Fusarium oxysporum f.so. vasinfectum CBS116867	D-xylose	6		d2:1.5 d3:2.9
606	Fusarium oxysporum f.so. vasinfectum CBS116867	guar gum 1%	1		d2:1.7 d3:3.2
606	Fusarium oxysporum f.so. vasinfectum CBS116867	inulin 1%	5		d2:1.6 d3:3.1
606	Fusarium oxysporum f.so. vasinfectum CBS116867	L-arabinose	5		d2:1.7 d3:2.9
606	Fusarium oxysporum f.so. vasinfectum CBS116867	L-rhamnose	5		d2:1.6 d3:2.9
606	Fusarium oxysporum f.so. vasinfectum CBS116867	lactose	1		d2:1.6 d3:3
606	Fusarium oxysporum f.so. vasinfectum CBS116867	maltose	6		d2:1.6 d3:3.1
606	Fusarium oxysporum f.so. vasinfectum CBS116867	no carbon source	0		d2:1.5 d3:2.9
606	Fusarium oxysporum f.so. vasinfectum CBS116867	raffinose	7		d2:1.6 d3:3
606	Fusarium oxysporum f.so. vasinfectum CBS116867	rice bran 3%	4		d2:1.5 d3:3
606	Fusarium oxysporum f.so. vasinfectum CBS116867	soluble starch 1%	5		d2:1.6 d3:3.1
606	Fusarium oxysporum f.so. vasinfectum CBS116867	soybean hulls 3%	2		d2:1.5 d3:2.6
606	Fusarium oxysporum f.so. vasinfectum CBS116867	sucrose	7		d2:1.6 d3:2.8
606	Fusarium oxysporum f.so. vasinfectum CBS116867	wheat bran 3%	8		d2:1.8 d3:3.2
607	Fusarium verticilliodes CBS119825	alfalfa meal 3%	4		d2:1.4 d3:2.9
607	Fusarium verticilliodes CBS119825	apple pectin 1% pH=6	7		d2:1.5 d3:2.8
607	Fusarium verticilliodes CBS119825	arabic gum 1%	2		d2:1.8 d3:3.1
607	Fusarium verticilliodes CBS119825	arabinogalactan 1%			d2:1.7 d3:3.1
607	Fusarium verticilliodes CBS119825	beechwood xylan 1%	4		d2:1.8 d3:3.1
607	Fusarium verticilliodes CBS119825	birchwood xylan 1%	4		d2:1.8 d3:3.1
607	Fusarium verticilliodes CBS119825	casein 3%	2		d2:1.9 d3:3.2
607	Fusarium verticilliodes CBS119825	cellobiose	6		d2:1.6 d3:3
607	Fusarium verticilliodes CBS119825	cellulose 3%	1		d2:2 d3:3.1
607	Fusarium verticilliodes CBS119825	citrus pectin 1% pH=6	7		d2:1.6 d3:3
607	Fusarium verticilliodes CBS119825	citrus pulp 3% pH=6	8		d2:1.5 d3:2.6
607	Fusarium verticilliodes CBS119825	cotton seed pulp 3%	9		d2:1.6 d3:3.1
607	Fusarium verticilliodes CBS119825	D-fructose	4		d2:1.6 d3:2.9
607	Fusarium verticilliodes CBS119825	D-galactose	1		d2:1.2 d3:1.7
607	Fusarium verticilliodes CBS119825	D-galacturonic acid	1		d2:0.9 d3:1.4
607	Fusarium verticilliodes CBS119825	D-glucose	5		d2:1.9 d3:3.1
607	Fusarium verticilliodes CBS119825	D-glucuronic acid	1		d2:1.6 d3:3
607	Fusarium verticilliodes CBS119825	D-mannose	5		d2:1.8 d3:3.1
607	Fusarium verticilliodes CBS119825	D-ribose	0		d2:1.7 d3:3
607	Fusarium verticilliodes CBS119825	D-xylose	1		d2:1.7 d3:2.9
607	Fusarium verticilliodes CBS119825	guar gum 1%	5		d2:1.8 d3:3.2
607	Fusarium verticilliodes CBS119825	inulin 1%	1		d2:1.8 d3:3.2
607	Fusarium verticilliodes CBS119825	L-arabinose	2		d2:1.8 d3:3
607	Fusarium verticilliodes CBS119825	L-rhamnose	0		d2:1.8 d3:3
607	Fusarium verticilliodes CBS119825	lactose	2		d2:1.6 d3:3
607	Fusarium verticilliodes CBS119825	maltose	1		d2:1.7 d3:2.9
607	Fusarium verticilliodes CBS119825	no carbon source	0		d2:1.6 d3:2.8
607	Fusarium verticilliodes CBS119825	raffinose	1		d2:1.7 d3:3.1
607	Fusarium verticilliodes CBS119825	rice bran 3%	10		d2:1.7 d3:3.1
607	Fusarium verticilliodes CBS119825	soluble starch 1%	4		d2:1.6 d3:3.1
607	Fusarium verticilliodes CBS119825	soybean hulls 3%	10		d2:1.3 d3:2.4
607	Fusarium verticilliodes CBS119825	sucrose	1		d2:1.6 d3:3
607	Fusarium verticilliodes CBS119825	wheat bran 3%	9		d2:1.7 d3:3
608	Gloeophyllum trabeum CBS318.50	alfalfa meal 3%	1		d7:0.9
608	Gloeophyllum trabeum CBS318.50	apple pectin 1% pH=6	2		d7:0.7
608	Gloeophyllum trabeum CBS318.50	arabic gum 1%	4		d7:1.9
608	Gloeophyllum trabeum CBS318.50	arabinogalactan 1%			d7:2.2
608	Gloeophyllum trabeum CBS318.50	beechwood xylan 1%	3		d7:1.7
608	Gloeophyllum trabeum CBS318.50	birchwood xylan 1%	2		d7:1.4
608	Gloeophyllum trabeum CBS318.50	casein 3%	2		d7:1.5
608	Gloeophyllum trabeum CBS318.50	cellobiose	3		d7:1.5
608	Gloeophyllum trabeum CBS318.50	cellulose 3%	0		d7:1.5
608	Gloeophyllum trabeum CBS318.50	citrus pectin 1% pH=6	3		d7:1.6
608	Gloeophyllum trabeum CBS318.50	citrus pulp 3% pH=6	0		d7:0.4
608	Gloeophyllum trabeum CBS318.50	cotton seed pulp 3%	2		d7:2.2
608	Gloeophyllum trabeum CBS318.50	D-fructose	3		d7:2.1
608	Gloeophyllum trabeum CBS318.50	D-galactose	1		d7:0.4
608	Gloeophyllum trabeum CBS318.50	D-galacturonic acid	2		d7:1.3
608	Gloeophyllum trabeum CBS318.50	D-glucose	5		d7:2.2
608	Gloeophyllum trabeum CBS318.50	D-glucuronic acid	1		d7:1.6
608	Gloeophyllum trabeum CBS318.50	D-mannose	5		d7:2
608	Gloeophyllum trabeum CBS318.50	D-ribose	1		d7:1.9
608	Gloeophyllum trabeum CBS318.50	D-xylose	2		d7:1.9
608	Gloeophyllum trabeum CBS318.50	guar gum 1%	3		d7:1.5
608	Gloeophyllum trabeum CBS318.50	inulin 1%	1		d7:2
608	Gloeophyllum trabeum CBS318.50	L-arabinose	0		d7:1.6
608	Gloeophyllum trabeum CBS318.50	L-rhamnose	0		d7:1.7
608	Gloeophyllum trabeum CBS318.50	lactose	3		d7:1.6
608	Gloeophyllum trabeum CBS318.50	maltose	2		d7:1.7
608	Gloeophyllum trabeum CBS318.50	no carbon source	0		d7:2
608	Gloeophyllum trabeum CBS318.50	raffinose	1		d7:1.5
608	Gloeophyllum trabeum CBS318.50	rice bran 3%	2		d7:2.1
608	Gloeophyllum trabeum CBS318.50	soluble starch 1%	2		d7:1.3
608	Gloeophyllum trabeum CBS318.50	soybean hulls 3%	1		d7:2.3
608	Gloeophyllum trabeum CBS318.50	sucrose	0		d7:2.5
608	Gloeophyllum trabeum CBS318.50	wheat bran 3%	1		d7:1.9
610	Gloeophyllum trabeum FBCC328	alfalfa meal 3%	7		d7:2.2
610	Gloeophyllum trabeum FBCC328	apple pectin 1% pH=6	9		d7:3
610	Gloeophyllum trabeum FBCC328	arabic gum 1%	1		d7:2.5
610	Gloeophyllum trabeum FBCC328	arabinogalactan 1%			d7:3
610	Gloeophyllum trabeum FBCC328	beechwood xylan 1%	6		d7:3
610	Gloeophyllum trabeum FBCC328	birchwood xylan 1%	2		d7:2.5
610	Gloeophyllum trabeum FBCC328	casein 3%	1		d7:2.5
610	Gloeophyllum trabeum FBCC328	cellobiose	3		d7:2
610	Gloeophyllum trabeum FBCC328	cellulose 3%	0		d7:2.8
610	Gloeophyllum trabeum FBCC328	citrus pectin 1% pH=6	8		d7:3
610	Gloeophyllum trabeum FBCC328	citrus pulp 3% pH=6	7		d7:2
610	Gloeophyllum trabeum FBCC328	cotton seed pulp 3%	1		d7:2.2
610	Gloeophyllum trabeum FBCC328	D-fructose	1		d7:2.5
610	Gloeophyllum trabeum FBCC328	D-galactose	1		d7:0.9
610	Gloeophyllum trabeum FBCC328	D-galacturonic acid	2		d7:1.6
610	Gloeophyllum trabeum FBCC328	D-glucose	5		d7:3
610	Gloeophyllum trabeum FBCC328	D-glucuronic acid	2		d7:3
610	Gloeophyllum trabeum FBCC328	D-mannose	4		d7:3
610	Gloeophyllum trabeum FBCC328	D-ribose	1		d7:3
610	Gloeophyllum trabeum FBCC328	D-xylose	3		d7:2.5
610	Gloeophyllum trabeum FBCC328	guar gum 1%	3		d7:1.9
610	Gloeophyllum trabeum FBCC328	inulin 1%	0		d7:3
610	Gloeophyllum trabeum FBCC328	L-arabinose	2		d7:1.5
610	Gloeophyllum trabeum FBCC328	L-rhamnose	0		d7:2.5
610	Gloeophyllum trabeum FBCC328	lactose	2		d7:2
610	Gloeophyllum trabeum FBCC328	maltose	2		d7:2.6
610	Gloeophyllum trabeum FBCC328	no carbon source	0		d7:3
610	Gloeophyllum trabeum FBCC328	raffinose	0		d7:2.4
610	Gloeophyllum trabeum FBCC328	rice bran 3%	10		d7:2
610	Gloeophyllum trabeum FBCC328	soluble starch 1%	3		d7:3
610	Gloeophyllum trabeum FBCC328	soybean hulls 3%	7		d7:2
610	Gloeophyllum trabeum FBCC328	sucrose	0		d7:3
610	Gloeophyllum trabeum FBCC328	wheat bran 3%	10		d7:2.2
611	Gymnopilus luteofolius FBCC466	alfalfa meal 3%	8		d6:3 d10:2.6
611	Gymnopilus luteofolius FBCC466	apple pectin 1% pH=6	5		d6:3 d10:2.5
611	Gymnopilus luteofolius FBCC466	arabic gum 1%	6		d6:3 d10:3
611	Gymnopilus luteofolius FBCC466	arabinogalactan 1%			d6:3 d10:2.6
611	Gymnopilus luteofolius FBCC466	beechwood xylan 1%	7		d6:2.9 d10:2.4
611	Gymnopilus luteofolius FBCC466	birchwood xylan 1%	7		d6:2.5 d10:2.5
611	Gymnopilus luteofolius FBCC466	casein 3%	1		d6:2 d10:1.9
611	Gymnopilus luteofolius FBCC466	cellobiose	4		d6:1.6 d10:1.8
611	Gymnopilus luteofolius FBCC466	cellulose 3%	4		d6:2 d10:2.3
611	Gymnopilus luteofolius FBCC466	citrus pectin 1% pH=6	9		d6:3 d10:2.2
611	Gymnopilus luteofolius FBCC466	citrus pulp 3% pH=6	7		d6:3 d10:2.3
611	Gymnopilus luteofolius FBCC466	cotton seed pulp 3%	9		d6:3 d10:2.8
611	Gymnopilus luteofolius FBCC466	D-fructose	3		d6:2.5 d10:2.1
611	Gymnopilus luteofolius FBCC466	D-galactose	3		d6:1.3 d10:1.9
611	Gymnopilus luteofolius FBCC466	D-galacturonic acid	1		d6:2.5 d10:2.1
611	Gymnopilus luteofolius FBCC466	D-glucose	1		d6:2.5 d10:1
611	Gymnopilus luteofolius FBCC466	D-glucuronic acid	2		d6:2.2 d10:3
611	Gymnopilus luteofolius FBCC466	D-mannose	5		d6:2.5 d10:2.4
611	Gymnopilus luteofolius FBCC466	D-ribose	2		d6:2.1 d10:2.6
611	Gymnopilus luteofolius FBCC466	D-xylose	4		d6:1.4 d10:2.4
611	Gymnopilus luteofolius FBCC466	guar gum 1%	5		d6:2.5 d10:2.6
611	Gymnopilus luteofolius FBCC466	inulin 1%	3		d6:2.4 d10:2.2
611	Gymnopilus luteofolius FBCC466	L-arabinose	4		d6:2.2 d10:2.5
611	Gymnopilus luteofolius FBCC466	L-rhamnose	1		d6:2.3 d10:2
611	Gymnopilus luteofolius FBCC466	lactose	1		d6:1 d10:1.6
611	Gymnopilus luteofolius FBCC466	maltose	4		d6:2.1 d10:2.4
611	Gymnopilus luteofolius FBCC466	no carbon source	1		d6:2 d10:2.4
611	Gymnopilus luteofolius FBCC466	raffinose	2		d6:2 d10:2.2
611	Gymnopilus luteofolius FBCC466	rice bran 3%	10		d6:2.5 d10:3
611	Gymnopilus luteofolius FBCC466	soluble starch 1%	9		d6:3 d10:2.4
611	Gymnopilus luteofolius FBCC466	soybean hulls 3%	8		d6:3 d10:2.5
611	Gymnopilus luteofolius FBCC466	sucrose	0		d6:2.3 d10:2
611	Gymnopilus luteofolius FBCC466	wheat bran 3%	10		d6:2.5 d10:3
612	Fusarium haematococcum CBS124636	alfalfa meal 3%	7		d1:0.2 d2:0.8 d5:1.8 d7:2.3 d8:2.4
612	Fusarium haematococcum CBS124636	apple pectin 1% pH=6	3		d1:0.2 d2:0.7 d5:1.8 d7:2.4 d8:2.6
612	Fusarium haematococcum CBS124636	arabic gum 1%	3		d1:0.4 d2:0.7 d5:1.8 d7:2.5 d8:2.7
612	Fusarium haematococcum CBS124636	arabinogalactan 1%			d1:0.3 d2:0.7 d5:1.9 d7:2.6 d8:2.7
612	Fusarium haematococcum CBS124636	beechwood xylan 1%	2		d1:0.3 d2:0.8 d5:1.9 d7:2.6 d8:2.8
612	Fusarium haematococcum CBS124636	birchwood xylan 1%	3		d1:0.3 d2:0.8 d5:1.8 d7:2.5 d8:2.7
612	Fusarium haematococcum CBS124636	casein 3%	7		d1:0.2 d2:0.7 d5:1.7 d7:2.1 d8:2.3
612	Fusarium haematococcum CBS124636	cellobiose	5		d1:0.3 d2:0.7 d5:1.4 d7:2 d8:2.2
612	Fusarium haematococcum CBS124636	cellulose 3%	1		d1:0.3 d2:0.7 d5:1.8 d7:2.7 d8:2.8
612	Fusarium haematococcum CBS124636	citrus pectin 1% pH=6	5		d1:0.1 d2:0.6 d5:1.3 d7:1.7 d8:1.9
612	Fusarium haematococcum CBS124636	citrus pulp 3% pH=6	5		d1:0.2 d2:0.6 d5:1.6 d7:2.1 d8:2.3
612	Fusarium haematococcum CBS124636	cotton seed pulp 3%	3		d1:0.3 d2:0.7 d5:1.8 d7:2.4 d8:2.4
612	Fusarium haematococcum CBS124636	D-fructose	6		d1:0.3 d2:0.7 d5:1.7 d7:2.4 d8:2.8
612	Fusarium haematococcum CBS124636	D-galactose	6		d1:0.2 d2:0.8 d5:1.6 d7:2 d8:2.3
612	Fusarium haematococcum CBS124636	D-galacturonic acid	4		d1:0.1 d2:0.4 d5:1 d7:1.3 d8:1.3
612	Fusarium haematococcum CBS124636	D-glucose	5		d1:0.2 d2:0.6 d5:1.4 d7:1.9 d8:2.2
612	Fusarium haematococcum CBS124636	D-glucuronic acid	2		d1:0.4 d2:0.8 d5:2 d7:2.7 d8:3
612	Fusarium haematococcum CBS124636	D-mannose	5		d1:0.1 d2:0.4 d5:1.1 d7:1.5 d8:1.8
612	Fusarium haematococcum CBS124636	D-ribose	2		d1:0.3 d2:0.7 d5:1.9 d7:2.7 d8:3
612	Fusarium haematococcum CBS124636	D-xylose	5		d1:0.2 d2:0.6 d5:1.4 d7:1.8 d8:2.1
612	Fusarium haematococcum CBS124636	guar gum 1%	4		d1:0.2 d2:0.7 d5:1.8 d7:2.4 d8:2.7
612	Fusarium haematococcum CBS124636	inulin 1%	2		d1:0.2 d2:0.6 d5:1.9 d7:2.6 d8:2.8
612	Fusarium haematococcum CBS124636	L-arabinose	6		d1:0.2 d2:0.7 d5:1.6 d7:2.3 d8:2.5
612	Fusarium haematococcum CBS124636	L-rhamnose	6		d1:0.2 d2:0.8 d5:1.7 d7:2.5 d8:2.8
612	Fusarium haematococcum CBS124636	lactose	7		d1:0.3 d2:0.8 d5:1.7 d7:2.2 d8:2.5
612	Fusarium haematococcum CBS124636	maltose	5		d1:0.1 d2:0.6 d5:1.3 d7:1.9 d8:2.2
612	Fusarium haematococcum CBS124636	no carbon source	1		d1:0.3 d2:0.7 d5:2.1 d7:2.7 d8:3.1
612	Fusarium haematococcum CBS124636	raffinose	4		d1:0.2 d2:0.7 d5:1.8 d7:2.3 d8:2.6
612	Fusarium haematococcum CBS124636	rice bran 3%	8		d1:0.2 d2:0.8 d5:1.9 d7:2.2 d8:2.3
612	Fusarium haematococcum CBS124636	soluble starch 1%	6		d1:0.1 d2:0.7 d5:1.7 d7:2.1 d8:2.4
612	Fusarium haematococcum CBS124636	soybean hulls 3%	7		d1:0.2 d2:0.7 d5:1.7 d7:2.3 d8:2.6
612	Fusarium haematococcum CBS124636	sucrose	5		d1:0.1 d2:0.6 d5:1.3 d7:2 d8:2.3
612	Fusarium haematococcum CBS124636	wheat bran 3%	8		d1:0.3 d2:0.8 d5:1.7 d7:2.3 d8:2.6
613	Hamigera ingelheimensis CBS163.42	alfalfa meal 3%	9		d3:1.6
613	Hamigera ingelheimensis CBS163.42	apple pectin 1% pH=6	3		d3:2.6
613	Hamigera ingelheimensis CBS163.42	arabic gum 1%	4		d3:2.5
613	Hamigera ingelheimensis CBS163.42	arabinogalactan 1%			d3:2.5
613	Hamigera ingelheimensis CBS163.42	beechwood xylan 1%	4		d3:2
613	Hamigera ingelheimensis CBS163.42	birchwood xylan 1%	4		d3:2.5
613	Hamigera ingelheimensis CBS163.42	casein 3%	1		d3:2.2
613	Hamigera ingelheimensis CBS163.42	cellobiose	1		d3:1.4
613	Hamigera ingelheimensis CBS163.42	cellulose 3%	0		d3:1.8
613	Hamigera ingelheimensis CBS163.42	citrus pectin 1% pH=6	4		d3:2.6
613	Hamigera ingelheimensis CBS163.42	citrus pulp 3% pH=6	8		d3:2.3
613	Hamigera ingelheimensis CBS163.42	cotton seed pulp 3%	4		d3:2.8
613	Hamigera ingelheimensis CBS163.42	D-fructose	1		d3:2
613	Hamigera ingelheimensis CBS163.42	D-galactose	0		d3:0.4
613	Hamigera ingelheimensis CBS163.42	D-galacturonic acid	0		d3:0.7
613	Hamigera ingelheimensis CBS163.42	D-glucose	5		d3:2.4
613	Hamigera ingelheimensis CBS163.42	D-glucuronic acid	1		d3:2
613	Hamigera ingelheimensis CBS163.42	D-mannose	4		d3:2
613	Hamigera ingelheimensis CBS163.42	D-ribose	1		d3:1.8
613	Hamigera ingelheimensis CBS163.42	D-xylose	3		d3:1.9
613	Hamigera ingelheimensis CBS163.42	guar gum 1%	3		d3:2.5
613	Hamigera ingelheimensis CBS163.42	inulin 1%	2		d3:3
613	Hamigera ingelheimensis CBS163.42	L-arabinose	1		d3:1.8
613	Hamigera ingelheimensis CBS163.42	L-rhamnose	1		d3:1.8
613	Hamigera ingelheimensis CBS163.42	lactose	1		d3:2
613	Hamigera ingelheimensis CBS163.42	maltose	1		d3:2
613	Hamigera ingelheimensis CBS163.42	no carbon source	1		d3:1.7
613	Hamigera ingelheimensis CBS163.42	raffinose	2		d3:2.2
613	Hamigera ingelheimensis CBS163.42	rice bran 3%	7		d3:2.4
613	Hamigera ingelheimensis CBS163.42	soluble starch 1%	6		d3:2.5
613	Hamigera ingelheimensis CBS163.42	soybean hulls 3%	8		d3:2.8
613	Hamigera ingelheimensis CBS163.42	sucrose	4		d3:2
613	Hamigera ingelheimensis CBS163.42	wheat bran 3%	10		d3:3
614	Hamigera ingelheimensis CBS622.67	alfalfa meal 3%	10		d4:2.5
614	Hamigera ingelheimensis CBS622.67	apple pectin 1% pH=6	6		d4:2.5
614	Hamigera ingelheimensis CBS622.67	arabic gum 1%	2		d4:2.5
614	Hamigera ingelheimensis CBS622.67	arabinogalactan 1%			d4:2.5
614	Hamigera ingelheimensis CBS622.67	beechwood xylan 1%	2		d4:2.5
614	Hamigera ingelheimensis CBS622.67	birchwood xylan 1%	2		d4:2.7
614	Hamigera ingelheimensis CBS622.67	casein 3%	2		d4:2.5
614	Hamigera ingelheimensis CBS622.67	cellobiose	2		d4:2.4
614	Hamigera ingelheimensis CBS622.67	cellulose 3%	1		d4:2.5
614	Hamigera ingelheimensis CBS622.67	citrus pectin 1% pH=6	7		d4:2.9
614	Hamigera ingelheimensis CBS622.67	citrus pulp 3% pH=6	8		d4:2.6
614	Hamigera ingelheimensis CBS622.67	cotton seed pulp 3%	7		d4:1.8
614	Hamigera ingelheimensis CBS622.67	D-fructose	4		d4:2.4
614	Hamigera ingelheimensis CBS622.67	D-galactose	0		
614	Hamigera ingelheimensis CBS622.67	D-galacturonic acid	1		d4:1
614	Hamigera ingelheimensis CBS622.67	D-glucose	5		d4:2.4
614	Hamigera ingelheimensis CBS622.67	D-glucuronic acid	1		d4:2.3
614	Hamigera ingelheimensis CBS622.67	D-mannose	5		d4:2.5
614	Hamigera ingelheimensis CBS622.67	D-ribose	1		d4:2
614	Hamigera ingelheimensis CBS622.67	D-xylose	2		d4:2.1
614	Hamigera ingelheimensis CBS622.67	guar gum 1%	6		d4:2.4
614	Hamigera ingelheimensis CBS622.67	inulin 1%	2		d4:2.3
614	Hamigera ingelheimensis CBS622.67	L-arabinose	1		d4:1.7
614	Hamigera ingelheimensis CBS622.67	L-rhamnose	1		d4:2.2
614	Hamigera ingelheimensis CBS622.67	lactose	1		d4:2.3
614	Hamigera ingelheimensis CBS622.67	maltose	1		d4:1.6
614	Hamigera ingelheimensis CBS622.67	no carbon source	1		d4:1.5
614	Hamigera ingelheimensis CBS622.67	raffinose	1		d4:2.5
614	Hamigera ingelheimensis CBS622.67	rice bran 3%	7		d4:3
614	Hamigera ingelheimensis CBS622.67	soluble starch 1%	3		d4:2.5
614	Hamigera ingelheimensis CBS622.67	soybean hulls 3%	10		d4:2.5
614	Hamigera ingelheimensis CBS622.67	sucrose	3		d4:2.4
614	Hamigera ingelheimensis CBS622.67	wheat bran 3%	10		d4:2.4
615	Hericium coralloides CBS125815	alfalfa meal 3%	7		d5:1.4
615	Hericium coralloides CBS125815	apple pectin 1% pH=6	4		d5:0.6
615	Hericium coralloides CBS125815	arabic gum 1%	2		d5:1.5
615	Hericium coralloides CBS125815	arabinogalactan 1%			d5:1.4
615	Hericium coralloides CBS125815	beechwood xylan 1%	1		d5:1.5
615	Hericium coralloides CBS125815	birchwood xylan 1%	0		d5:1.5
615	Hericium coralloides CBS125815	casein 3%	0		d5:0.9
615	Hericium coralloides CBS125815	cellobiose	6		d5:0.9
615	Hericium coralloides CBS125815	cellulose 3%	0		d5:1
615	Hericium coralloides CBS125815	citrus pectin 1% pH=6	3		d5:0.6
615	Hericium coralloides CBS125815	citrus pulp 3% pH=6	5		d5:0.9
615	Hericium coralloides CBS125815	cotton seed pulp 3%	5		d5:1.8
615	Hericium coralloides CBS125815	D-fructose	1		d5:0.7
615	Hericium coralloides CBS125815	D-galactose	0		d5:0
615	Hericium coralloides CBS125815	D-galacturonic acid	0		d5:0
615	Hericium coralloides CBS125815	D-glucose	5		d5:1.2
615	Hericium coralloides CBS125815	D-glucuronic acid	0		d5:0.8
615	Hericium coralloides CBS125815	D-mannose	1		d5:0.5
615	Hericium coralloides CBS125815	D-ribose	0		d5:0.4
615	Hericium coralloides CBS125815	D-xylose	0		d5:0.3
615	Hericium coralloides CBS125815	guar gum 1%	1		d5:0.6
615	Hericium coralloides CBS125815	inulin 1%	0		d5:0.7
615	Hericium coralloides CBS125815	L-arabinose	0		d5:0.2
615	Hericium coralloides CBS125815	L-rhamnose	0		d5:0.5
615	Hericium coralloides CBS125815	lactose	0		d5:0.2
615	Hericium coralloides CBS125815	maltose	0		d5:0.7
615	Hericium coralloides CBS125815	no carbon source	0		d5:0.6
615	Hericium coralloides CBS125815	raffinose	0		d5:0.7
615	Hericium coralloides CBS125815	rice bran 3%	5		d5:1.3
615	Hericium coralloides CBS125815	soluble starch 1%	3		d5:1
615	Hericium coralloides CBS125815	soybean hulls 3%	4		d5:0.9
615	Hericium coralloides CBS125815	sucrose	0		d5:0.5
615	Hericium coralloides CBS125815	wheat bran 3%	10		d5:1.5
616	Hydnomerulius pinastri MD-312 (2)	alfalfa meal 3%	5		d1:0.1 d4:0.6 d5:0.6 d6:0.8 d7:1 d8:1.2
616	Hydnomerulius pinastri MD-312 (2)	apple pectin 1% pH=6	7		d1:0.1 d4:1.6 d5:2.2 d6:2.7 d7:3 d8:3.2
616	Hydnomerulius pinastri MD-312 (2)	arabic gum 1%	6		d1:0.1 d4:0.8 d5:1.1 d6:1.4 d7:1.7 d8:2.3
616	Hydnomerulius pinastri MD-312 (2)	arabinogalactan 1%			d1:0.2 d4:1 d5:1.2 d6:1.7 d7:2.1 d8:2.6
616	Hydnomerulius pinastri MD-312 (2)	beechwood xylan 1%	2		d1:0.1 d4:1.1 d5:1.5 d6:1.8 d7:2.3 d8:2.7
616	Hydnomerulius pinastri MD-312 (2)	birchwood xylan 1%	1		d1:0.1 d4:0.2 d5:0.3 d6:0.4 d7:0.4 d8:0.4
616	Hydnomerulius pinastri MD-312 (2)	casein 3%	3		d1:0.1 d4:0.3 d5:0.4 d6:0.5 d7:0.6 d8:0.7
616	Hydnomerulius pinastri MD-312 (2)	cellobiose	1		d1:0 d4:0.5 d6:1.2 d7:1.6 d8:2.1
616	Hydnomerulius pinastri MD-312 (2)	cellulose 3%	1		d1:0 d4:0.6 d5:0.8 d6:0.9 d7:1.1 d8:1.6
616	Hydnomerulius pinastri MD-312 (2)	citrus pectin 1% pH=6	8		d1:0.2 d4:1.5 d5:2.1 d6:2.7 d7:3 d8:3.2
616	Hydnomerulius pinastri MD-312 (2)	citrus pulp 3% pH=6	7		d1:0 d4:0.6 d5:0.7 d6:1 d7:1.3 d8:1.6
616	Hydnomerulius pinastri MD-312 (2)	cotton seed pulp 3%	4		d1:0.1 d4:0.8 d5:1 d6:1.2 d7:1.5 d8:1.8
616	Hydnomerulius pinastri MD-312 (2)	D-fructose	5		d1:0.1 d4:0.4 d6:1 d7:1.1 d8:1.4
616	Hydnomerulius pinastri MD-312 (2)	D-galactose	2		d1:0 d4:0.1 d6:0.2 d7:0.3 d8:0.5
616	Hydnomerulius pinastri MD-312 (2)	D-galacturonic acid	1		d1:0 d4:0 d6:0 d7:0 d8:0
616	Hydnomerulius pinastri MD-312 (2)	D-glucose	5		d1:0 d4:0.4 d6:0.8 d7:0.9 d8:1.3
616	Hydnomerulius pinastri MD-312 (2)	D-glucuronic acid	1		d1:0.1 d4:0.2 d6:0.3 d7:0.4 d8:0.5
616	Hydnomerulius pinastri MD-312 (2)	D-mannose	5		d1:0 d4:0.4 d6:1.1 d7:1.3 d8:1.6
616	Hydnomerulius pinastri MD-312 (2)	D-ribose	1		d1:0 d4:0.4 d6:0.5 d7:0.6 d8:0.7
616	Hydnomerulius pinastri MD-312 (2)	D-xylose	2		d1:0 d4:0 d6:0.2 d7:0.2 d8:0.4
616	Hydnomerulius pinastri MD-312 (2)	guar gum 1%	5		d1:0.2 d4:0.5 d5:0.8 d6:1.1 d7:1.4 d8:1.6
616	Hydnomerulius pinastri MD-312 (2)	inulin 1%	1		d1:0.1 d4:0.6 d5:0.7 d6:0.8 d7:0.9 d8:1.1
616	Hydnomerulius pinastri MD-312 (2)	L-arabinose	2		d1:0.1 d4:0.3 d6:0.5 d7:0.5 d8:0.6
616	Hydnomerulius pinastri MD-312 (2)	L-rhamnose	6		d1:0 d4:0.3 d6:0.4 d7:0.5 d8:0.5
616	Hydnomerulius pinastri MD-312 (2)	lactose	1		d1:0 d4:0.1 d6:0.3 d7:0.3 d8:0.4
616	Hydnomerulius pinastri MD-312 (2)	maltose	4		d1:0.1 d4:0.5 d6:1 d7:1.3 d8:1.9
616	Hydnomerulius pinastri MD-312 (2)	no carbon source	1		d1:0 d4:0.2 d6:0.5 d7:0.5 d8:0.6
616	Hydnomerulius pinastri MD-312 (2)	raffinose	2		d1:0 d4:0.4 d6:0.6 d7:0.8 d8:1
616	Hydnomerulius pinastri MD-312 (2)	rice bran 3%	9		d1:0.2 d4:1.3 d5:1.8 d6:2.4 d7:2.5 d8:2.8
616	Hydnomerulius pinastri MD-312 (2)	soluble starch 1%	3		d1:0.2 d4:0.8 d5:1.1 d6:1.5 d7:1.7 d8:2
616	Hydnomerulius pinastri MD-312 (2)	soybean hulls 3%	9		d1:0.1 d4:0.8 d5:1.1 d6:1.5 d7:1.7 d8:2.3
616	Hydnomerulius pinastri MD-312 (2)	sucrose	1		d1:0.1 d4:0.2 d6:0.5 d7:0.5 d8:0.6
616	Hydnomerulius pinastri MD-312 (2)	wheat bran 3%	10		d1:0.2 d4:1.1 d5:1.6 d6:1.9 d7:2.3 d8:2.7
617	Jaapia argillacea MUCL-33604	alfalfa meal 3%	4		d1:1.9
617	Jaapia argillacea MUCL-33604	apple pectin 1% pH=6	3		d1:2
617	Jaapia argillacea MUCL-33604	arabic gum 1%	3		d1:1.8
617	Jaapia argillacea MUCL-33604	arabinogalactan 1%			d1:2.6
617	Jaapia argillacea MUCL-33604	beechwood xylan 1%	1		d1:1.2
617	Jaapia argillacea MUCL-33604	birchwood xylan 1%	1		d1:0.6
617	Jaapia argillacea MUCL-33604	casein 3%	1		
617	Jaapia argillacea MUCL-33604	cellobiose	4		d1:2
617	Jaapia argillacea MUCL-33604	cellulose 3%	1		d1:1
617	Jaapia argillacea MUCL-33604	citrus pectin 1% pH=6	6		d1:2.5
617	Jaapia argillacea MUCL-33604	citrus pulp 3% pH=6	7		d1:2.3
617	Jaapia argillacea MUCL-33604	cotton seed pulp 3%	4		d1:2.1
617	Jaapia argillacea MUCL-33604	D-fructose	4		d1:1.8
617	Jaapia argillacea MUCL-33604	D-galactose	1		d1:1
617	Jaapia argillacea MUCL-33604	D-galacturonic acid	6		d1:2
617	Jaapia argillacea MUCL-33604	D-glucose	5		d1:2
617	Jaapia argillacea MUCL-33604	D-glucuronic acid	2		d1:0.9
617	Jaapia argillacea MUCL-33604	D-mannose	3		d1:1.6
617	Jaapia argillacea MUCL-33604	D-ribose	1		d1:1.2
617	Jaapia argillacea MUCL-33604	D-xylose	0		
617	Jaapia argillacea MUCL-33604	guar gum 1%	3		d1:1.4
617	Jaapia argillacea MUCL-33604	inulin 1%	1		d1:1.1
617	Jaapia argillacea MUCL-33604	L-arabinose	1		d1:1.3
617	Jaapia argillacea MUCL-33604	L-rhamnose	1		d1:1.1
617	Jaapia argillacea MUCL-33604	lactose	0		
617	Jaapia argillacea MUCL-33604	maltose	1		d1:1.1
617	Jaapia argillacea MUCL-33604	no carbon source	1		d1:1.3
617	Jaapia argillacea MUCL-33604	raffinose	1		d1:1.1
617	Jaapia argillacea MUCL-33604	rice bran 3%	4		d1:1
617	Jaapia argillacea MUCL-33604	soluble starch 1%	2		d1:1.3
617	Jaapia argillacea MUCL-33604	soybean hulls 3%	6		d1:1.5
617	Jaapia argillacea MUCL-33604	sucrose	1		d1:1.2
617	Jaapia argillacea MUCL-33604	wheat bran 3%	8		d1:2
618	Laccaria bicolor CBS669.67	alfalfa meal 3%	1		d8:0 d14:0.4
618	Laccaria bicolor CBS669.67	apple pectin 1% pH=6	1		d8:0 d14:0.4
618	Laccaria bicolor CBS669.67	arabic gum 1%	1		d8:0.5 d14:1.3
618	Laccaria bicolor CBS669.67	arabinogalactan 1%			d8:0.1 d14:0.4
618	Laccaria bicolor CBS669.67	beechwood xylan 1%	1		d8:0.3 d14:0.8
618	Laccaria bicolor CBS669.67	birchwood xylan 1%	0		d8:0.3 d14:1.5
618	Laccaria bicolor CBS669.67	casein 3%	1		d8:0.6 d14:1.5
618	Laccaria bicolor CBS669.67	cellobiose	2		d8:0.6 d14:1.5
618	Laccaria bicolor CBS669.67	cellulose 3%	1		d8:0 d14:1.7
618	Laccaria bicolor CBS669.67	citrus pectin 1% pH=6	1		d8:0 d14:0.6
618	Laccaria bicolor CBS669.67	citrus pulp 3% pH=6	0		d8:0 d14:0.3
618	Laccaria bicolor CBS669.67	cotton seed pulp 3%	1		d8:1 d14:2
618	Laccaria bicolor CBS669.67	D-fructose	4		d8:1 d14:2
618	Laccaria bicolor CBS669.67	D-galactose	1		d8:0.3 d14:0.7
618	Laccaria bicolor CBS669.67	D-galacturonic acid	1		d8:0 d14:0.5
618	Laccaria bicolor CBS669.67	D-glucose	5		d8:0.8 d14:2
618	Laccaria bicolor CBS669.67	D-glucuronic acid	3		d8:0.5 d14:1.5
618	Laccaria bicolor CBS669.67	D-mannose	0		d8:0.1 d14:0.4
618	Laccaria bicolor CBS669.67	D-ribose	0		d8:0.6 d14:1.7
618	Laccaria bicolor CBS669.67	D-xylose	1		d8:0.3 d14:0.6
618	Laccaria bicolor CBS669.67	guar gum 1%	2		d8:0.6 d14:1.6
618	Laccaria bicolor CBS669.67	inulin 1%	1		d8:0.6 d14:1.7
618	Laccaria bicolor CBS669.67	L-arabinose	0		d8:0.7 d14:1.7
618	Laccaria bicolor CBS669.67	L-rhamnose	0		d8:0.7 d14:1.7
618	Laccaria bicolor CBS669.67	lactose	2		d8:0.7 d14:1.8
618	Laccaria bicolor CBS669.67	maltose	2		d8:0.6 d14:1.7
618	Laccaria bicolor CBS669.67	no carbon source	0		d8:0.8 d14:1.6
618	Laccaria bicolor CBS669.67	raffinose	0		d8:0 d14:0
618	Laccaria bicolor CBS669.67	rice bran 3%	4		d8:0.3 d14:1.5
618	Laccaria bicolor CBS669.67	soluble starch 1%	4		d8:0.6 d14:1.5
618	Laccaria bicolor CBS669.67	soybean hulls 3%	3		d8:0.4 d14:1.9
618	Laccaria bicolor CBS669.67	sucrose	2		d8:0.7 d14:1.3
618	Laccaria bicolor CBS669.67	wheat bran 3%	3		d8:0.7 d14:1.8
619	Laccaria bicolor CBS669.68	alfalfa meal 3%	6		d2:0.1 d3:0.1 d6:0.2 d8:0.3 d9:0.4 d10:0.5 d13:0.8 d15:1.1 d20:1.4
619	Laccaria bicolor CBS669.68	apple pectin 1% pH=6	1		d2:0.1 d3:0.1 d6:0.1 d8:0.2 d9:0.2 d10:0.2 d13:0.3 d15:0.3 d20:0.5
619	Laccaria bicolor CBS669.68	arabic gum 1%	2		d2:0.1 d3:0.1 d6:0.2 d8:0.5 d9:0.6 d10:0.8 d13:1.2 d15:1.4 d20:1.9
619	Laccaria bicolor CBS669.68	arabinogalactan 1%			d2:0.1 d3:0.1 d6:0.1 d8:0.1 d9:0.1 d10:0.1 d13:0.2 d15:0.2 d20:0.3
619	Laccaria bicolor CBS669.68	beechwood xylan 1%	1		d2:0.1 d3:0.1 d6:0.2 d8:0.1 d9:0.1 d10:0.2 d13:0.3 d15:0.6 d20:1.1
619	Laccaria bicolor CBS669.68	birchwood xylan 1%	2		d2:0.1 d3:0.1 d6:0.3 d8:0.5 d9:0.5 d10:0.6 d13:0.7 d15:0.9 d20:1.1
619	Laccaria bicolor CBS669.68	casein 3%	7		d2:0.1 d3:0.2 d6:0.6 d8:0.8 d9:0.9 d10:1 d13:1.1 d15:1.3 d20:1.5
619	Laccaria bicolor CBS669.68	cellobiose	10		d2:0.1 d3:0.2 d6:0.5 d8:0.6 d9:0.7 d10:0.8 d13:1 d15:1.3 d20:1.6
619	Laccaria bicolor CBS669.68	cellulose 3%	0		d2:0.1 d3:0.1 d6:0.5 d8:0.6 d9:0.7 d10:0.7 d13:1 d15:1.4 d20:1.5
619	Laccaria bicolor CBS669.68	citrus pectin 1% pH=6	2		d2:0.1 d3:0.1 d6:0.1 d8:0.2 d9:0.2 d10:0.2 d13:0.2 d15:0.4 d20:0.5
619	Laccaria bicolor CBS669.68	citrus pulp 3% pH=6	10		d2:0.1 d3:0.1 d6:0.2 d8:0.4 d9:0.5 d10:0.5 d13:0.7 d15:1 d20:1.4
619	Laccaria bicolor CBS669.68	cotton seed pulp 3%	1		d2:0.1 d3:0.1 d6:0.2 d8:0.2 d9:0.2 d10:0.3 d13:0.4 d15:0.5 d20:1
619	Laccaria bicolor CBS669.68	D-fructose	6		d2:0.1 d3:0.1 d6:0.2 d8:0.6 d9:0.6 d10:0.6 d13:0.7 d15:0.9 d20:1.3
619	Laccaria bicolor CBS669.68	D-galactose	1		d2:0.1 d3:0.1 d6:0.1 d8:0.1 d9:0.1 d10:0.2 d13:0.3 d15:0.3 d20:0.4
619	Laccaria bicolor CBS669.68	D-galacturonic acid	0		d2:0.1 d3:0.1 d6:0 d8:0 d9:0 d10:0 d13:0 d15:0 d20:0
619	Laccaria bicolor CBS669.68	D-glucose	5		d2:0.1 d3:0.2 d6:0.4 d8:0.6 d9:0.6 d10:0.7 d13:1 d15:1.1 d20:1.6
619	Laccaria bicolor CBS669.68	D-glucuronic acid	1		d2:0.1 d3:0.2 d6:0.5 d8:0.9 d9:1 d10:1.1 d13:1.6 d15:2 d20:2.8
619	Laccaria bicolor CBS669.68	D-mannose	6		d2:0.1 d3:0.1 d6:0.3 d8:0.5 d9:0.5 d10:0.6 d13:0.8 d15:0.9 d20:1.1
619	Laccaria bicolor CBS669.68	D-ribose	1		d2:0.1 d3:0.2 d6:0.6 d8:0.8 d9:0.9 d10:1 d13:1.3 d15:1.4 d20:1.6
619	Laccaria bicolor CBS669.68	D-xylose	1		d2:0 d3:0 d6:0.2 d8:0.4 d9:0.5 d10:0.6 d13:1 d15:1.3 d20:1.8
619	Laccaria bicolor CBS669.68	guar gum 1%	3		d2:0.1 d3:0.1 d6:0.5 d8:0.8 d9:1 d10:1 d13:1.6 d15:1.9 d20:2.6
619	Laccaria bicolor CBS669.68	inulin 1%	1		d2:0.1 d3:0.2 d6:0.6 d8:0.7 d9:0.8 d10:0.9 d13:1.2 d15:1.3 d20:1.7
619	Laccaria bicolor CBS669.68	L-arabinose	1		d2:0.1 d3:0.1 d6:0.3 d8:0.5 d9:0.5 d10:0.6 d13:0.7 d15:1 d20:1.4
619	Laccaria bicolor CBS669.68	L-rhamnose	0		d2:0.1 d3:0.2 d6:0.6 d8:0.8 d9:1 d10:1 d13:1.5 d15:1.9 d20:2.5
619	Laccaria bicolor CBS669.68	lactose	1		d2:0.1 d3:0.1 d6:0.2 d8:0.3 d9:0.4 d10:0.3 d13:0.3 d15:0.4 d20:0.6
619	Laccaria bicolor CBS669.68	maltose	3		d2:0.1 d3:0.1 d6:0.5 d8:0.6 d9:0.8 d10:1 d13:1.5 d15:1.8 d20:2.4
619	Laccaria bicolor CBS669.68	no carbon source	0		d2:0.2 d3:0.3 d6:0.8 d8:1.1 d9:1.3 d10:1.4 d13:1.9 d15:2.3 d20:3.2
619	Laccaria bicolor CBS669.68	raffinose	1		d2:0.2 d3:0.2 d6:0.3 d8:0.3 d9:0.3 d10:0.4 d13:0.5 d15:0.5 d20:0.5
619	Laccaria bicolor CBS669.68	rice bran 3%	1		d2:0.1 d3:0.1 d6:0.3 d8:0.5 d9:0.5 d10:0.5 d13:0.9 d15:1.1 d20:1.1
619	Laccaria bicolor CBS669.68	soluble starch 1%	3		d2:0.1 d3:0.2 d6:0.5 d8:0.7 d9:0.7 d10:0.9 d13:1.2 d15:1.4 d20:2.1
619	Laccaria bicolor CBS669.68	soybean hulls 3%	5		d2:0.1 d3:0.1 d6:0.4 d8:0.6 d9:0.6 d10:0.6 d13:0.7 d15:0.9 d20:1.2
619	Laccaria bicolor CBS669.68	sucrose	1		d2:0.2 d3:0.2 d6:0.7 d8:1 d9:1.1 d10:1.2 d13:1.5 d15:1.7 d20:2.6
619	Laccaria bicolor CBS669.68	wheat bran 3%	9		d2:0.1 d3:0.1 d6:0.5 d8:0.8 d9:1 d10:1.1 d13:1.5 d15:2.1 d20:2.6
620	Lyophyllum decastes CBS100293	alfalfa meal 3%	3		d7:0.6
620	Lyophyllum decastes CBS100293	apple pectin 1% pH=6	0		d7:0
620	Lyophyllum decastes CBS100293	arabic gum 1%	1		d7:2
620	Lyophyllum decastes CBS100293	arabinogalactan 1%			d7:1.7
620	Lyophyllum decastes CBS100293	beechwood xylan 1%	3		d7:2.8
620	Lyophyllum decastes CBS100293	birchwood xylan 1%	3		d7:2.6
620	Lyophyllum decastes CBS100293	casein 3%	1		d7:2.2
620	Lyophyllum decastes CBS100293	cellobiose	4		d7:2
620	Lyophyllum decastes CBS100293	cellulose 3%	2		d7:2.8
620	Lyophyllum decastes CBS100293	citrus pectin 1% pH=6	4		d7:1.9
620	Lyophyllum decastes CBS100293	citrus pulp 3% pH=6	2		d7:0.5
620	Lyophyllum decastes CBS100293	cotton seed pulp 3%	3		d7:2
620	Lyophyllum decastes CBS100293	D-fructose	5		d7:2.4
620	Lyophyllum decastes CBS100293	D-galactose	2		d7:1.8
620	Lyophyllum decastes CBS100293	D-galacturonic acid	0		d7:0
620	Lyophyllum decastes CBS100293	D-glucose	5		d7:2.3
620	Lyophyllum decastes CBS100293	D-glucuronic acid	0		d7:2.4
620	Lyophyllum decastes CBS100293	D-mannose	5		d7:1.2
620	Lyophyllum decastes CBS100293	D-ribose	1		d7:2.7
620	Lyophyllum decastes CBS100293	D-xylose	2		d7:1.6
620	Lyophyllum decastes CBS100293	guar gum 1%	3		d7:2.8
620	Lyophyllum decastes CBS100293	inulin 1%	3		d7:2.9
620	Lyophyllum decastes CBS100293	L-arabinose	1		d7:2.7
620	Lyophyllum decastes CBS100293	L-rhamnose	1		d7:2.2
620	Lyophyllum decastes CBS100293	lactose	3		d7:1.5
620	Lyophyllum decastes CBS100293	maltose	1		d7:2.6
620	Lyophyllum decastes CBS100293	no carbon source	0		d7:2.5
620	Lyophyllum decastes CBS100293	raffinose	5		d7:2.5
620	Lyophyllum decastes CBS100293	rice bran 3%	6		d7:3
620	Lyophyllum decastes CBS100293	soluble starch 1%	3		d7:2.9
620	Lyophyllum decastes CBS100293	soybean hulls 3%	5		d7:1.2
620	Lyophyllum decastes CBS100293	sucrose	5		d7:2.5
620	Lyophyllum decastes CBS100293	wheat bran 3%	7		d7:2.5
621	Meliniomyces bicolor	alfalfa meal 3%	7		d21:1.1
621	Meliniomyces bicolor	apple pectin 1% pH=6	7		d21:1.4
621	Meliniomyces bicolor	arabic gum 1%	4		d21:1.3
621	Meliniomyces bicolor	arabinogalactan 1%			d21:1.4
621	Meliniomyces bicolor	beechwood xylan 1%	5		d21:1.4
621	Meliniomyces bicolor	birchwood xylan 1%	5		d21:1
621	Meliniomyces bicolor	casein 3%	1		d21:1.1
621	Meliniomyces bicolor	cellobiose	6		d21:1.3
621	Meliniomyces bicolor	cellulose 3%	1		d21:2
621	Meliniomyces bicolor	citrus pectin 1% pH=6	6		d21:1.4
621	Meliniomyces bicolor	citrus pulp 3% pH=6	10		d21:1.5
621	Meliniomyces bicolor	cotton seed pulp 3%	4		d21:1.5
621	Meliniomyces bicolor	D-fructose	1		
621	Meliniomyces bicolor	D-galactose	0		
621	Meliniomyces bicolor	D-galacturonic acid	4		d21:1.2
621	Meliniomyces bicolor	D-glucose	5		d21:1.3
621	Meliniomyces bicolor	D-glucuronic acid	2		d21:0.8
621	Meliniomyces bicolor	D-mannose	8		d21:1.3
621	Meliniomyces bicolor	D-ribose	3		d21:0.9
621	Meliniomyces bicolor	D-xylose	5		d21:1.3
621	Meliniomyces bicolor	guar gum 1%	6		d21:1.4
621	Meliniomyces bicolor	inulin 1%	5		d21:1.2
621	Meliniomyces bicolor	L-arabinose	5		d21:1.2
621	Meliniomyces bicolor	L-rhamnose	7		d21:1.3
621	Meliniomyces bicolor	lactose	4		d21:0.9
621	Meliniomyces bicolor	maltose	3		d21:1.6
621	Meliniomyces bicolor	no carbon source	1		d21:1
621	Meliniomyces bicolor	raffinose	6		d21:1
621	Meliniomyces bicolor	rice bran 3%	6		d21:1.2
621	Meliniomyces bicolor	soluble starch 1%	6		d21:1.6
621	Meliniomyces bicolor	soybean hulls 3%	6		d21:1.1
621	Meliniomyces bicolor	sucrose	6		d21:1.2
621	Meliniomyces bicolor	wheat bran 3%	10		d21:1.4
622	Meliniomyces bicolor E	alfalfa meal 3%	5		d7:0.4 d15:1.1 d16:1.2
622	Meliniomyces bicolor E	apple pectin 1% pH=6	8		d7:0.5 d15:1.4 d16:1.6
622	Meliniomyces bicolor E	arabic gum 1%	1		d7:0.6 d15:1.3 d16:1.4
622	Meliniomyces bicolor E	arabinogalactan 1%			d7:0.5 d15:1.1 d16:1.2
622	Meliniomyces bicolor E	beechwood xylan 1%	3		d7:0.3 d15:0.9 d16:0.9
622	Meliniomyces bicolor E	birchwood xylan 1%	3		d7:0.5 d15:0.9 d16:1
622	Meliniomyces bicolor E	casein 3%	1		d7:0.5 d15:0.9 d16:1.1
622	Meliniomyces bicolor E	cellobiose	6		d7:0.5 d15:1.2 d16:1.3
622	Meliniomyces bicolor E	cellulose 3%	1		d7:0.3 d15:0.5 d16:0.6
622	Meliniomyces bicolor E	citrus pectin 1% pH=6	8		d7:0.5 d15:1.2 d16:1.4
622	Meliniomyces bicolor E	citrus pulp 3% pH=6	7		d7:0.5 d15:1.2 d16:1.4
622	Meliniomyces bicolor E	cotton seed pulp 3%	2		d7:0.5 d15:0.5 d16:1.3
622	Meliniomyces bicolor E	D-fructose	4		d7:0.4 d15:0.9 d16:1
622	Meliniomyces bicolor E	D-galactose	1		d7:0 d15:0.3 d16:0.3
622	Meliniomyces bicolor E	D-galacturonic acid	6		d7:0.5 d15:1.4 d16:1.4
622	Meliniomyces bicolor E	D-glucose	5		d7:0.5 d15:1.1 d16:1.2
622	Meliniomyces bicolor E	D-glucuronic acid	2		d7:0.4 d15:1 d16:1
622	Meliniomyces bicolor E	D-mannose	6		d7:0.5 d15:1.3 d16:1.4
622	Meliniomyces bicolor E	D-ribose	1		d7:0.5 d15:0.9 d16:0.8
622	Meliniomyces bicolor E	D-xylose	5		d7:0.4 d15:1.1 d16:1.2
622	Meliniomyces bicolor E	guar gum 1%	2		d7:0.5 d15:1.1 d16:1.1
622	Meliniomyces bicolor E	inulin 1%	6		d7:0.4 d15:1.2 d16:1.3
622	Meliniomyces bicolor E	L-arabinose	4		d7:0.5 d15:1.1 d16:1.2
622	Meliniomyces bicolor E	L-rhamnose	5		d7:0.4 d15:1.1 d16:1.1
622	Meliniomyces bicolor E	lactose	2		d7:0.4 d15:0.7 d16:0.7
622	Meliniomyces bicolor E	maltose	6		d7:0.5 d15:1.4 d16:1.5
622	Meliniomyces bicolor E	no carbon source	1		d7:0.4 d15:0.7 d16:0.7
622	Meliniomyces bicolor E	raffinose	3		d7:0.3 d15:0.8 d16:0.8
622	Meliniomyces bicolor E	rice bran 3%	8		d7:0.6 d15:1.3 d16:1.4
622	Meliniomyces bicolor E	soluble starch 1%	5		d7:0.5 d15:1.2 d16:1.3
622	Meliniomyces bicolor E	soybean hulls 3%	6		d7:0.4 d15:1 d16:1.2
622	Meliniomyces bicolor E	sucrose	5		d7:0.5 d15:1.2 d16:1.2
622	Meliniomyces bicolor E	wheat bran 3%	6		d7:0.4 d15:1 d16:1.2
623	Meliniomyces variabilis	alfalfa meal 3%	7		d1:1.4
623	Meliniomyces variabilis	apple pectin 1% pH=6	0		d1:0
623	Meliniomyces variabilis	arabic gum 1%	2		d1:1.4
623	Meliniomyces variabilis	arabinogalactan 1%			d1:2.4
623	Meliniomyces variabilis	beechwood xylan 1%	3		d1:2
623	Meliniomyces variabilis	birchwood xylan 1%	1		d1:0.5
623	Meliniomyces variabilis	casein 3%	0		d1:3
623	Meliniomyces variabilis	cellobiose	3		d1:3
623	Meliniomyces variabilis	cellulose 3%	1		d1:2
623	Meliniomyces variabilis	citrus pectin 1% pH=6	6		d1:2.4
623	Meliniomyces variabilis	citrus pulp 3% pH=6	10		d1:2.5
623	Meliniomyces variabilis	cotton seed pulp 3%	2		d1:1.8
623	Meliniomyces variabilis	D-fructose	4		d1:3
623	Meliniomyces variabilis	D-galactose	3		d1:1.6
623	Meliniomyces variabilis	D-galacturonic acid	0		d1:2.2
623	Meliniomyces variabilis	D-glucose	5		d1:2.7
623	Meliniomyces variabilis	D-glucuronic acid	1		d1:1.5
623	Meliniomyces variabilis	D-mannose	4		d1:3
623	Meliniomyces variabilis	D-ribose	0		d1:0.6
623	Meliniomyces variabilis	D-xylose	4		d1:1.6
623	Meliniomyces variabilis	guar gum 1%	3		d1:0.8
623	Meliniomyces variabilis	inulin 1%	3		d1:2.5
623	Meliniomyces variabilis	L-arabinose	4		d1:3
623	Meliniomyces variabilis	L-rhamnose	2		d1:3
623	Meliniomyces variabilis	lactose	4		d1:3
623	Meliniomyces variabilis	maltose	1		d1:2.5
623	Meliniomyces variabilis	no carbon source	0		d1:2.5
623	Meliniomyces variabilis	raffinose	6		d1:3
623	Meliniomyces variabilis	rice bran 3%	5		d1:1.5
623	Meliniomyces variabilis	soluble starch 1%	3		d1:2.5
623	Meliniomyces variabilis	soybean hulls 3%	6		d1:0.9
623	Meliniomyces variabilis	sucrose	3		d1:2.5
623	Meliniomyces variabilis	wheat bran 3%	8		d1:2.6
624	Meliniomyces variabilis F LMP-CLRS R&D	alfalfa meal 3%	3		d6:0.5 d13:1.4
624	Meliniomyces variabilis F LMP-CLRS R&D	apple pectin 1% pH=6	5		d6:0.9 d13:2.5
624	Meliniomyces variabilis F LMP-CLRS R&D	arabic gum 1%	2		d6:0.8 d13:1.7
624	Meliniomyces variabilis F LMP-CLRS R&D	arabinogalactan 1%			d6:0.8 d13:1.9
624	Meliniomyces variabilis F LMP-CLRS R&D	beechwood xylan 1%	4		d6:0.7 d13:2.2
624	Meliniomyces variabilis F LMP-CLRS R&D	birchwood xylan 1%	3		d6:0.7 d13:2
624	Meliniomyces variabilis F LMP-CLRS R&D	casein 3%	1		d6:0.6 d13:1.1
624	Meliniomyces variabilis F LMP-CLRS R&D	cellobiose	4		d6:0.9 d13:2.1
624	Meliniomyces variabilis F LMP-CLRS R&D	cellulose 3%	1		d6:0.4 d13:0.4
624	Meliniomyces variabilis F LMP-CLRS R&D	citrus pectin 1% pH=6	4		d6:0.9 d13:2.2
624	Meliniomyces variabilis F LMP-CLRS R&D	citrus pulp 3% pH=6	4		d6:0.5 d13:1.7
624	Meliniomyces variabilis F LMP-CLRS R&D	cotton seed pulp 3%	3		d6:0.6 d13:1.9
624	Meliniomyces variabilis F LMP-CLRS R&D	D-fructose	6		d6:1 d13:2.6
624	Meliniomyces variabilis F LMP-CLRS R&D	D-galactose	2		d6:0.3 d13:0.8
624	Meliniomyces variabilis F LMP-CLRS R&D	D-galacturonic acid	5		d6:1.1 d13:2.4
624	Meliniomyces variabilis F LMP-CLRS R&D	D-glucose	5		d6:0.9 d13:2.2
624	Meliniomyces variabilis F LMP-CLRS R&D	D-glucuronic acid	1		d6:0.7 d13:1.1
624	Meliniomyces variabilis F LMP-CLRS R&D	D-mannose	5		d6:0.9 d13:2.3
624	Meliniomyces variabilis F LMP-CLRS R&D	D-ribose	1		d6:0.8 d13:1.1
624	Meliniomyces variabilis F LMP-CLRS R&D	D-xylose	5		d6:0.9 d13:2.4
624	Meliniomyces variabilis F LMP-CLRS R&D	guar gum 1%	2		d6:0.7 d13:1.7
624	Meliniomyces variabilis F LMP-CLRS R&D	inulin 1%	5		d6:0.8 d13:2.1
624	Meliniomyces variabilis F LMP-CLRS R&D	L-arabinose	4		d6:0.8 d13:2
624	Meliniomyces variabilis F LMP-CLRS R&D	L-rhamnose	5		d6:1 d13:2.6
624	Meliniomyces variabilis F LMP-CLRS R&D	lactose	5		d6:0.8 d13:2.1
624	Meliniomyces variabilis F LMP-CLRS R&D	maltose	5		d6:0.9 d13:2.4
624	Meliniomyces variabilis F LMP-CLRS R&D	no carbon source	0		d6:0.7 d13:1.4
624	Meliniomyces variabilis F LMP-CLRS R&D	raffinose	4		d6:0.9 d13:2
624	Meliniomyces variabilis F LMP-CLRS R&D	rice bran 3%	6		d6:0.6 d13:2
624	Meliniomyces variabilis F LMP-CLRS R&D	soluble starch 1%	5		d6:0.9 d13:2.2
624	Meliniomyces variabilis F LMP-CLRS R&D	soybean hulls 3%	3		d6:0.5 d13:1.3
624	Meliniomyces variabilis F LMP-CLRS R&D	sucrose	5		d6:0.8 d13:2.1
624	Meliniomyces variabilis F LMP-CLRS R&D	wheat bran 3%	5		d6:0.7 d13:2
625	Meripilus giganteus CBS116142	alfalfa meal 3%	6		d6:1.2
625	Meripilus giganteus CBS116142	apple pectin 1% pH=6	2		d6:0.8
625	Meripilus giganteus CBS116142	arabic gum 1%	1		d6:2
625	Meripilus giganteus CBS116142	arabinogalactan 1%			d6:1
625	Meripilus giganteus CBS116142	beechwood xylan 1%	1		d6:1.3
625	Meripilus giganteus CBS116142	birchwood xylan 1%	3		d6:1.8
625	Meripilus giganteus CBS116142	casein 3%	2		d6:1.5
625	Meripilus giganteus CBS116142	cellobiose	4		d6:1.4
625	Meripilus giganteus CBS116142	cellulose 3%	2		d6:2
625	Meripilus giganteus CBS116142	citrus pectin 1% pH=6	2		d6:0.9
625	Meripilus giganteus CBS116142	citrus pulp 3% pH=6	1		d6:0.8
625	Meripilus giganteus CBS116142	cotton seed pulp 3%	3		d6:2.4
625	Meripilus giganteus CBS116142	D-fructose	5		d6:2.5
625	Meripilus giganteus CBS116142	D-galactose	2		d6:2
625	Meripilus giganteus CBS116142	D-galacturonic acid	0		d6:0
625	Meripilus giganteus CBS116142	D-glucose	5		d6:2.4
625	Meripilus giganteus CBS116142	D-glucuronic acid	1		d6:2.5
625	Meripilus giganteus CBS116142	D-mannose	5		d6:2.3
625	Meripilus giganteus CBS116142	D-ribose	1		d6:2.4
625	Meripilus giganteus CBS116142	D-xylose	3		d6:1.2
625	Meripilus giganteus CBS116142	guar gum 1%	2		d6:1.6
625	Meripilus giganteus CBS116142	inulin 1%	2		d6:1.6
625	Meripilus giganteus CBS116142	L-arabinose	2		d6:2.7
625	Meripilus giganteus CBS116142	L-rhamnose	2		d6:2.6
625	Meripilus giganteus CBS116142	lactose	2		d6:2.1
625	Meripilus giganteus CBS116142	maltose	3		d6:2.4
625	Meripilus giganteus CBS116142	no carbon source	1		d6:2.7
625	Meripilus giganteus CBS116142	raffinose	2		d6:2.6
625	Meripilus giganteus CBS116142	rice bran 3%	3		d6:1.8
625	Meripilus giganteus CBS116142	soluble starch 1%	3		d6:1.8
625	Meripilus giganteus CBS116142	soybean hulls 3%	5		d6:1.3
625	Meripilus giganteus CBS116142	sucrose	2		d6:2.4
625	Meripilus giganteus CBS116142	wheat bran 3%	7		d6:2.4
626	Mucor ciricinelloides CBS478.70	alfalfa meal 3%	8		d2:5.7 d3:7.3
626	Mucor ciricinelloides CBS478.70	apple pectin 1% pH=6	4		d2:4.1 d3:7.4
626	Mucor ciricinelloides CBS478.70	arabic gum 1%	1		d2:4.1 d3:7.1
626	Mucor ciricinelloides CBS478.70	arabinogalactan 1%			d2:3.6 d3:6.3
626	Mucor ciricinelloides CBS478.70	beechwood xylan 1%	1		d2:3.3 d3:5.9
626	Mucor ciricinelloides CBS478.70	birchwood xylan 1%	1		d2:3.8 d3:6.6
626	Mucor ciricinelloides CBS478.70	casein 3%	6		d2:3.8 d3:6.5
626	Mucor ciricinelloides CBS478.70	cellobiose	4		d2:3.6 d3:5.9
626	Mucor ciricinelloides CBS478.70	cellulose 3%	1		d2:3.4 d3:6.8
626	Mucor ciricinelloides CBS478.70	citrus pectin 1% pH=6	9		d2:5 d3:9
626	Mucor ciricinelloides CBS478.70	citrus pulp 3% pH=6	8		d2:5.6 d3:9
626	Mucor ciricinelloides CBS478.70	cotton seed pulp 3%	10		d2:5.1 d3:7.8
626	Mucor ciricinelloides CBS478.70	D-fructose	5		d2:3.8 d3:6.7
626	Mucor ciricinelloides CBS478.70	D-galactose	4		d2:3.5 d3:5.9
626	Mucor ciricinelloides CBS478.70	D-galacturonic acid	0		
626	Mucor ciricinelloides CBS478.70	D-glucose	5		d2:3.9 d3:6.8
626	Mucor ciricinelloides CBS478.70	D-glucuronic acid	0		d2:2.4 d3:3.7
626	Mucor ciricinelloides CBS478.70	D-mannose	4		d2:3.5 d3:5.7
626	Mucor ciricinelloides CBS478.70	D-ribose	0		d2:3.1 d3:5.2
626	Mucor ciricinelloides CBS478.70	D-xylose	2		d2:2 d3:3.7
626	Mucor ciricinelloides CBS478.70	guar gum 1%	3		d2:4.6 d3:7.2
626	Mucor ciricinelloides CBS478.70	inulin 1%	1		d2:3.7 d3:6.1
626	Mucor ciricinelloides CBS478.70	L-arabinose	3		d2:2.9 d3:4.8
626	Mucor ciricinelloides CBS478.70	L-rhamnose	0		d2:3.1 d3:5.3
626	Mucor ciricinelloides CBS478.70	lactose	0		d2:3.4 d3:5.5
626	Mucor ciricinelloides CBS478.70	maltose	5		d2:3.5 d3:6.1
626	Mucor ciricinelloides CBS478.70	no carbon source	0		d2:3.5 d3:5.6
626	Mucor ciricinelloides CBS478.70	raffinose	0		d2:3.4 d3:5.7
626	Mucor ciricinelloides CBS478.70	rice bran 3%	10		d2:3.6 d3:6
626	Mucor ciricinelloides CBS478.70	soluble starch 1%	6		d2:4 d3:6.7
626	Mucor ciricinelloides CBS478.70	soybean hulls 3%	10		d2:5.6 d3:8.8
626	Mucor ciricinelloides CBS478.70	sucrose	0		d2:3.2 d3:5.7
626	Mucor ciricinelloides CBS478.70	wheat bran 3%	10		d2:5.2 d3:7
627	Mycena galopus ATCC 62051	alfalfa meal 3%	9		d1:3
627	Mycena galopus ATCC 62051	apple pectin 1% pH=6	9		d1:3
627	Mycena galopus ATCC 62051	arabic gum 1%	6		d1:2.5
627	Mycena galopus ATCC 62051	arabinogalactan 1%			d1:2.8
627	Mycena galopus ATCC 62051	beechwood xylan 1%	6		d1:2.6
627	Mycena galopus ATCC 62051	birchwood xylan 1%	5		d1:1.6
627	Mycena galopus ATCC 62051	casein 3%	0		d1:1
627	Mycena galopus ATCC 62051	cellobiose	2		d1:0.8
627	Mycena galopus ATCC 62051	cellulose 3%	3		d1:0.9
627	Mycena galopus ATCC 62051	citrus pectin 1% pH=6	8		d1:2.6
627	Mycena galopus ATCC 62051	citrus pulp 3% pH=6	9		d1:3
627	Mycena galopus ATCC 62051	cotton seed pulp 3%	10		d1:3
627	Mycena galopus ATCC 62051	D-fructose	5		d1:1.4
627	Mycena galopus ATCC 62051	D-galactose	5		d1:1.4
627	Mycena galopus ATCC 62051	D-galacturonic acid	6		d1:2.3
627	Mycena galopus ATCC 62051	D-glucose	5		d1:1.3
627	Mycena galopus ATCC 62051	D-glucuronic acid	1		d1:0.5
627	Mycena galopus ATCC 62051	D-mannose	4		d1:1.1
627	Mycena galopus ATCC 62051	D-ribose	3		d1:1
627	Mycena galopus ATCC 62051	D-xylose	2		d1:0.9
627	Mycena galopus ATCC 62051	guar gum 1%	7		d1:2.5
627	Mycena galopus ATCC 62051	inulin 1%	3		d1:1
627	Mycena galopus ATCC 62051	L-arabinose	3		d1:1.4
627	Mycena galopus ATCC 62051	L-rhamnose	3		d1:1.3
627	Mycena galopus ATCC 62051	lactose	0		
627	Mycena galopus ATCC 62051	maltose	4		d1:1.3
627	Mycena galopus ATCC 62051	no carbon source	2		d1:0.7
627	Mycena galopus ATCC 62051	raffinose	3		d1:1
627	Mycena galopus ATCC 62051	rice bran 3%	10		d1:3
627	Mycena galopus ATCC 62051	soluble starch 1%	5		d1:1.5
627	Mycena galopus ATCC 62051	soybean hulls 3%	10		d1:3
627	Mycena galopus ATCC 62051	sucrose	3		d1:1
627	Mycena galopus ATCC 62051	wheat bran 3%	10		d1:3
628	Lecanosticta acicola CBS871.95	alfalfa meal 3%	8		d13:0.9 d20:1.2 d27:1.3
628	Lecanosticta acicola CBS871.95	apple pectin 1% pH=6	4		d13:1.2 d20:1.6 d27:1.7
628	Lecanosticta acicola CBS871.95	arabic gum 1%	1		d13:0.7 d20:0.9 d27:1.1
628	Lecanosticta acicola CBS871.95	arabinogalactan 1%			d13:0.6 d20:0.8 d27:1.1
628	Lecanosticta acicola CBS871.95	beechwood xylan 1%	2		d13:0.7 d20:1 d27:1.1
628	Lecanosticta acicola CBS871.95	birchwood xylan 1%	3		d13:0.5 d20:0.6 d27:0.7
628	Lecanosticta acicola CBS871.95	casein 3%	2		d13:0.4 d20:0.8 d27:0.9
628	Lecanosticta acicola CBS871.95	cellobiose	5		d13:0.5 d20:1 d27:1.3
628	Lecanosticta acicola CBS871.95	cellulose 3%	1		d13:0.4 d20:0.6 d27:0.6
628	Lecanosticta acicola CBS871.95	citrus pectin 1% pH=6	4		d13:0.7 d20:0.9 d27:1.2
628	Lecanosticta acicola CBS871.95	citrus pulp 3% pH=6	9		d13:1 d20:1.3 d27:1.4
628	Lecanosticta acicola CBS871.95	cotton seed pulp 3%	7		d13:0.7 d20:1 d27:1.2
628	Lecanosticta acicola CBS871.95	D-fructose	4		d13:0.5 d20:0.7 d27:0.9
628	Lecanosticta acicola CBS871.95	D-galactose	4		d13:0.4 d20:0.6 d27:0.9
628	Lecanosticta acicola CBS871.95	D-galacturonic acid	0		d13:0.3 d20:0.4 d27:0.4
628	Lecanosticta acicola CBS871.95	D-glucose	5		d13:0.5 d20:0.9 d27:1.2
628	Lecanosticta acicola CBS871.95	D-glucuronic acid	1		d13:0.4 d20:0.6 d27:0.7
628	Lecanosticta acicola CBS871.95	D-mannose	3		d13:0.4 d20:0.6 d27:0.8
628	Lecanosticta acicola CBS871.95	D-ribose	2		d13:0.4 d20:0.7 d27:1
628	Lecanosticta acicola CBS871.95	D-xylose	1		d13:0.3 d20:0.5 d27:0.8
628	Lecanosticta acicola CBS871.95	guar gum 1%	5		d13:0.6 d20:0.9 d27:1.1
628	Lecanosticta acicola CBS871.95	inulin 1%	2		d13:0.5 d20:0.7 d27:0.9
628	Lecanosticta acicola CBS871.95	L-arabinose	2		d13:0.3 d20:0.5 d27:0.8
628	Lecanosticta acicola CBS871.95	L-rhamnose	2		d13:0.4 d20:0.6 d27:0.8
628	Lecanosticta acicola CBS871.95	lactose	3		d13:0.4 d20:0.6 d27:0.9
628	Lecanosticta acicola CBS871.95	maltose	2		d13:0.4 d20:0.5 d27:0.7
628	Lecanosticta acicola CBS871.95	no carbon source	1		d13:0.5 d27:0.8
628	Lecanosticta acicola CBS871.95	raffinose	4		d13:0.4 d20:0.7 d27:0.9
628	Lecanosticta acicola CBS871.95	rice bran 3%	9		d13:0.7 d20:1.1 d27:1.4
628	Lecanosticta acicola CBS871.95	soluble starch 1%	5		d13:0.6 d20:0.8 d27:1.1
628	Lecanosticta acicola CBS871.95	soybean hulls 3%	9		d13:0.6 d20:0.7 d27:1.3
628	Lecanosticta acicola CBS871.95	sucrose	2		d13:0.4 d20:0.7 d27:0.9
628	Lecanosticta acicola CBS871.95	wheat bran 3%	10		d13:0.7 d20:1.1 d27:1.4
629	Lecanosticta acicola MD-012	alfalfa meal 3%	7		d15:1.1 d21:1.2
629	Lecanosticta acicola MD-012	apple pectin 1% pH=6	7		d15:1.2 d21:1.5
629	Lecanosticta acicola MD-012	arabic gum 1%	4		d15:0.8 d21:1
629	Lecanosticta acicola MD-012	arabinogalactan 1%			d15:0.9 d21:1.1
629	Lecanosticta acicola MD-012	beechwood xylan 1%	4		d15:0.7 d21:0.8
629	Lecanosticta acicola MD-012	birchwood xylan 1%	3		d15:0.6 d21:0.8
629	Lecanosticta acicola MD-012	casein 3%	2		d15:0.6 d21:0.8
629	Lecanosticta acicola MD-012	cellobiose	5		d15:0.7 d21:0.9
629	Lecanosticta acicola MD-012	cellulose 3%	1		d15:0.5 d21:0.6
629	Lecanosticta acicola MD-012	citrus pectin 1% pH=6	6		d15:1 d21:1.2
629	Lecanosticta acicola MD-012	citrus pulp 3% pH=6	10		d15:1.2 d21:1.3
629	Lecanosticta acicola MD-012	cotton seed pulp 3%	7		d15:1 d21:1.3
629	Lecanosticta acicola MD-012	D-fructose	2		d15:0.5 d21:0.6
629	Lecanosticta acicola MD-012	D-galactose	2		d15:0.5 d21:0.6
629	Lecanosticta acicola MD-012	D-galacturonic acid	2		d15:0.5 d21:0.6
629	Lecanosticta acicola MD-012	D-glucose	5		d15:0.5 d21:0.8
629	Lecanosticta acicola MD-012	D-glucuronic acid	1		d15:0.5 d21:0.6
629	Lecanosticta acicola MD-012	D-mannose	4		d15:0.6 d21:0.9
629	Lecanosticta acicola MD-012	D-ribose	3		d15:0.6 d21:0.8
629	Lecanosticta acicola MD-012	D-xylose	2		d15:0.4 d21:0.5
629	Lecanosticta acicola MD-012	guar gum 1%	5		d15:0.8 d21:1.3
629	Lecanosticta acicola MD-012	inulin 1%	2		d15:0.7 d21:0.8
629	Lecanosticta acicola MD-012	L-arabinose	1		d15:0.4 d21:0.5
629	Lecanosticta acicola MD-012	L-rhamnose	2		d15:0.6 d21:0.7
629	Lecanosticta acicola MD-012	lactose	6		d15:0.7 d21:0.9
629	Lecanosticta acicola MD-012	maltose	3		d15:0.6 d21:0.8
629	Lecanosticta acicola MD-012	no carbon source	1		d15:0.4 d21:0.5
629	Lecanosticta acicola MD-012	raffinose	3		d15:0.7 d21:0.9
629	Lecanosticta acicola MD-012	rice bran 3%	9		d15:0.8 d21:1.2
629	Lecanosticta acicola MD-012	soluble starch 1%	4		d15:0.8 d21:1
629	Lecanosticta acicola MD-012	soybean hulls 3%	8		d15:0.8 d21:1.1
629	Lecanosticta acicola MD-012	sucrose	2		d15:0.6 d21:0.7
629	Lecanosticta acicola MD-012	wheat bran 3%	10		d15:0.9 d21:1.3
631	Pseudocercospora pini-densiflorae CBS125138	alfalfa meal 3%	4		d6:0.6 d13:1.7 d15:1.9
631	Pseudocercospora pini-densiflorae CBS125138	apple pectin 1% pH=6	5		d6:0.7 d13:1.9 d15:2.2
631	Pseudocercospora pini-densiflorae CBS125138	arabic gum 1%	1		d6:0.7 d13:1.9 d15:2.1
631	Pseudocercospora pini-densiflorae CBS125138	arabinogalactan 1%			d6:0.8 d13:1.9 d15:2.1
631	Pseudocercospora pini-densiflorae CBS125138	beechwood xylan 1%	8		d6:0.7 d13:1.8 d15:2
631	Pseudocercospora pini-densiflorae CBS125138	birchwood xylan 1%	7		d6:0.6 d13:1.6 d15:1.9
631	Pseudocercospora pini-densiflorae CBS125138	casein 3%	4		d6:0.6 d13:1.6 d15:1.6
631	Pseudocercospora pini-densiflorae CBS125138	cellobiose	6		d6:0.7 d13:1.8 d15:2
631	Pseudocercospora pini-densiflorae CBS125138	cellulose 3%	2		d6:0.6 d13:1.6 d15:1.9
631	Pseudocercospora pini-densiflorae CBS125138	citrus pectin 1% pH=6	6		d6:0.6 d13:1.8 d15:2.1
631	Pseudocercospora pini-densiflorae CBS125138	citrus pulp 3% pH=6	4		d7:1 d14:1.8 d16:2
631	Pseudocercospora pini-densiflorae CBS125138	cotton seed pulp 3%	3		d6:0.8 d13:1.9 d15:2.2
631	Pseudocercospora pini-densiflorae CBS125138	D-fructose	6		d6:0.5 d13:1.8 d15:2
631	Pseudocercospora pini-densiflorae CBS125138	D-galactose	5		d6:0.6 d13:1.6 d15:1.9
631	Pseudocercospora pini-densiflorae CBS125138	D-galacturonic acid	3		d6:0.4 d13:1.3 d15:1.6
631	Pseudocercospora pini-densiflorae CBS125138	D-glucose	5		d6:0.7 d13:1.8 d15:2
631	Pseudocercospora pini-densiflorae CBS125138	D-glucuronic acid	2		d6:0.7 d13:1.6 d15:1.9
631	Pseudocercospora pini-densiflorae CBS125138	D-mannose	5		d6:0.7 d13:1.7 d15:2
631	Pseudocercospora pini-densiflorae CBS125138	D-ribose	2		d6:0.7 d13:1.6 d15:1.8
631	Pseudocercospora pini-densiflorae CBS125138	D-xylose	4		d6:0.6 d13:1.6 d15:1.9
631	Pseudocercospora pini-densiflorae CBS125138	guar gum 1%	3		d6:0.7 d13:1.9 d15:2.1
631	Pseudocercospora pini-densiflorae CBS125138	inulin 1%	2		d6:0.8 d13:1.8 d15:1.8
631	Pseudocercospora pini-densiflorae CBS125138	L-arabinose	3		d6:0.6 d13:1.5 d15:1.8
631	Pseudocercospora pini-densiflorae CBS125138	L-rhamnose	6		d6:0.7 d13:1.6 d15:1.9
631	Pseudocercospora pini-densiflorae CBS125138	lactose	5		d6:0.8 d13:1.7 d15:1.9
631	Pseudocercospora pini-densiflorae CBS125138	maltose	5		d6:0.7 d13:1.8 d15:1.9
631	Pseudocercospora pini-densiflorae CBS125138	no carbon source	1		d6:0.8 d13:1.7 d15:1.9
631	Pseudocercospora pini-densiflorae CBS125138	raffinose	4		d6:0.6 d13:1.6 d15:1.8
631	Pseudocercospora pini-densiflorae CBS125138	rice bran 3%	8		d6:0.6 d13:1.8 d15:2.1
631	Pseudocercospora pini-densiflorae CBS125138	soluble starch 1%	6		d6:0.6 d13:1.8 d15:2
631	Pseudocercospora pini-densiflorae CBS125138	soybean hulls 3%	9		d6:0.9 d13:1.9 d15:2.1
631	Pseudocercospora pini-densiflorae CBS125138	sucrose	5		d6:0.6 d13:1.6 d15:1.9
631	Pseudocercospora pini-densiflorae CBS125138	wheat bran 3%	7		d6:0.7 d13:1.7 d15:1.9
632	Pseudocercospora pini-densiflorae CBS125139	alfalfa meal 3%	5		d6:0.6 d13:1.4 d15:1.6
632	Pseudocercospora pini-densiflorae CBS125139	apple pectin 1% pH=6	7		d6:0.6 d13:1.6 d15:1.9
632	Pseudocercospora pini-densiflorae CBS125139	arabic gum 1%	3		d6:0.6 d13:1.7 d15:1.9
632	Pseudocercospora pini-densiflorae CBS125139	arabinogalactan 1%			d6:0.7 d13:1.4 d15:1.7
632	Pseudocercospora pini-densiflorae CBS125139	beechwood xylan 1%	7		d6:0.6 d13:1.5 d15:1.7
632	Pseudocercospora pini-densiflorae CBS125139	birchwood xylan 1%	6		d6:0.6 d13:1.3 d15:1.5
632	Pseudocercospora pini-densiflorae CBS125139	casein 3%	3		d6:0.5 d13:1 d15:1.1
632	Pseudocercospora pini-densiflorae CBS125139	cellobiose	5		d7:0.8 d14:1.4 d16:1.6
632	Pseudocercospora pini-densiflorae CBS125139	cellulose 3%	2		d6:0.7 d13:1.4 d15:1.6
632	Pseudocercospora pini-densiflorae CBS125139	citrus pectin 1% pH=6	6		d6:0.6 d13:1.4 d15:1.7
632	Pseudocercospora pini-densiflorae CBS125139	citrus pulp 3% pH=6	2		d6:0.6 d13:1.5 d15:1.8
632	Pseudocercospora pini-densiflorae CBS125139	cotton seed pulp 3%	4		d6:0.7 d13:1.7 d15:1.9
632	Pseudocercospora pini-densiflorae CBS125139	D-fructose	6		d6:0.7 d13:1.4 d15:1.5
632	Pseudocercospora pini-densiflorae CBS125139	D-galactose	6		d6:0.6 d13:1.4 d15:1.5
632	Pseudocercospora pini-densiflorae CBS125139	D-galacturonic acid	1		d7:0.4 d14:0.8 d16:0.9
632	Pseudocercospora pini-densiflorae CBS125139	D-glucose	5		d7:1.1 d14:1.5 d16:1.6
632	Pseudocercospora pini-densiflorae CBS125139	D-glucuronic acid	2		d7:0.9 d14:1.4 d16:1.5
632	Pseudocercospora pini-densiflorae CBS125139	D-mannose	5		d6:0.6 d13:1.3 d15:1.6
632	Pseudocercospora pini-densiflorae CBS125139	D-ribose	2		d6:0.7 d13:1.4 d15:1.5
632	Pseudocercospora pini-densiflorae CBS125139	D-xylose	4		d6:0.5 d13:1.3 d15:1.5
632	Pseudocercospora pini-densiflorae CBS125139	guar gum 1%	5		d6:0.7 d13:1.7 d15:1.9
632	Pseudocercospora pini-densiflorae CBS125139	inulin 1%	2		d6:0.6 d13:1.4 d15:1.6
632	Pseudocercospora pini-densiflorae CBS125139	L-arabinose	4		d6:0.6 d13:1.4 d15:1.6
632	Pseudocercospora pini-densiflorae CBS125139	L-rhamnose	6		d6:0.6 d13:1.4 d15:1.5
632	Pseudocercospora pini-densiflorae CBS125139	lactose	6		d6:0.6 d13:1.2 d15:1.5
632	Pseudocercospora pini-densiflorae CBS125139	maltose	6		d6:0.6 d13:1.3 d15:1.5
632	Pseudocercospora pini-densiflorae CBS125139	no carbon source	2		d6:0.6 d13:1.3 d15:1.4
632	Pseudocercospora pini-densiflorae CBS125139	raffinose	7		d6:0.6 d13:1.4 d15:1.6
632	Pseudocercospora pini-densiflorae CBS125139	rice bran 3%	10		d6:0.8 d13:1.7 d15:1.9
632	Pseudocercospora pini-densiflorae CBS125139	soluble starch 1%	6		d6:0.6 d13:1.3 d15:1.5
632	Pseudocercospora pini-densiflorae CBS125139	soybean hulls 3%	9		d6:0.7 d13:1.7 d15:1.9
632	Pseudocercospora pini-densiflorae CBS125139	sucrose	7		d6:0.6 d13:1.4 d15:1.7
632	Pseudocercospora pini-densiflorae CBS125139	wheat bran 3%	6		d7:0.9 d14:1.9 d16:2.1
633	Sphaerulina populi Pn04.02	alfalfa meal 3%	9		d6:0.4 d21:1.4
633	Sphaerulina populi Pn04.02	apple pectin 1% pH=6	1		d6:0.1 d21:0.3
633	Sphaerulina populi Pn04.02	arabic gum 1%	7		d6:0.5 d21:1.3
633	Sphaerulina populi Pn04.02	arabinogalactan 1%			d6:0.4 d21:1.5
633	Sphaerulina populi Pn04.02	beechwood xylan 1%	6		d6:0.1 d21:0.8
633	Sphaerulina populi Pn04.02	birchwood xylan 1%	5		d6:0.3 d21:1.2
633	Sphaerulina populi Pn04.02	casein 3%	4		d6:0.3 d21:0.8
633	Sphaerulina populi Pn04.02	cellobiose	6		d6:0.4 d21:1.1
633	Sphaerulina populi Pn04.02	cellulose 3%	5		d6:0.1 d21:0.7
633	Sphaerulina populi Pn04.02	citrus pectin 1% pH=6	5		d6:0.2 d21:0.8
633	Sphaerulina populi Pn04.02	citrus pulp 3% pH=6	8		d6:0.3 d21:0.8
633	Sphaerulina populi Pn04.02	cotton seed pulp 3%	7		d6:0.3 d21:1.1
633	Sphaerulina populi Pn04.02	D-fructose	5		d6:0.2 d21:0.7
633	Sphaerulina populi Pn04.02	D-galactose	2		d6:0.1 d21:0.5
633	Sphaerulina populi Pn04.02	D-galacturonic acid	0		d6:0.1 d21:0.2
633	Sphaerulina populi Pn04.02	D-glucose	5		d6:0.2 d21:0.7
633	Sphaerulina populi Pn04.02	D-glucuronic acid	2		d6:0.2 d21:0.6
633	Sphaerulina populi Pn04.02	D-mannose	2		d6:0.2 d21:0.7
633	Sphaerulina populi Pn04.02	D-ribose	1		d6:0.1 d21:0.5
633	Sphaerulina populi Pn04.02	D-xylose	2		d6:0.2 d21:0.6
633	Sphaerulina populi Pn04.02	guar gum 1%	7		d6:0.4 d21:1.1
633	Sphaerulina populi Pn04.02	inulin 1%	6		d6:0.2 d21:0.9
633	Sphaerulina populi Pn04.02	L-arabinose	4		d6:0.2 d21:0.6
633	Sphaerulina populi Pn04.02	L-rhamnose	2		d6:0.2 d21:0.6
633	Sphaerulina populi Pn04.02	lactose	5		d6:0.2 d21:0.7
633	Sphaerulina populi Pn04.02	maltose	4		d6:0.2 d21:0.6
633	Sphaerulina populi Pn04.02	no carbon source	1		d6:0.1 d21:0.5
633	Sphaerulina populi Pn04.02	raffinose	6		d6:0.3 d21:1.1
633	Sphaerulina populi Pn04.02	rice bran 3%	8		d6:0.3 d21:1.1
633	Sphaerulina populi Pn04.02	soluble starch 1%	6		d6:0.2 d21:0.8
633	Sphaerulina populi Pn04.02	soybean hulls 3%	10		d6:0.4 d21:1.5
633	Sphaerulina populi Pn04.02	sucrose	4		d6:0.2 d21:0.8
633	Sphaerulina populi Pn04.02	wheat bran 3%	9		d6:0.3 d21:1.3
634	Sphaerulina populicola CBS100042	alfalfa meal 3%	7		d12:0.3 d20:0.5 d27:0.6 d32:0.8
634	Sphaerulina populicola CBS100042	apple pectin 1% pH=6	4		d12:0.3 d20:0.5 d27:0.5 d32:0.7
634	Sphaerulina populicola CBS100042	arabic gum 1%	3		d12:0.4 d20:0.6 d27:0.7 d32:1.2
634	Sphaerulina populicola CBS100042	arabinogalactan 1%			d12:0.3 d20:0.4 d27:0.5 d32:0.8
634	Sphaerulina populicola CBS100042	beechwood xylan 1%	1		d12:0.2 d20:0.3 d27:0.4 d32:0.6
634	Sphaerulina populicola CBS100042	birchwood xylan 1%	1		d12:0.3 d20:0.4 d27:0.5 d32:0.7
634	Sphaerulina populicola CBS100042	casein 3%	1		d12:0.3 d20:0.5 d27:0.5 d32:0.8
634	Sphaerulina populicola CBS100042	cellobiose	5		d12:0.3 d20:0.5 d27:0.7 d32:0.9
634	Sphaerulina populicola CBS100042	cellulose 3%	1		d12:0.3 d20:0.3 d27:0.4 d32:0.4
634	Sphaerulina populicola CBS100042	citrus pectin 1% pH=6	6		d12:0.3 d20:0.4 d27:0.6 d32:0.8
634	Sphaerulina populicola CBS100042	citrus pulp 3% pH=6	8		d12:0.4 d20:0.7 d27:0.8 d32:1
634	Sphaerulina populicola CBS100042	cotton seed pulp 3%	2		d12:0.3 d20:0.4 d27:0.5 d32:0.8
634	Sphaerulina populicola CBS100042	D-fructose	5		d12:0.3 d20:0.4 d27:0.6 d32:0.8
634	Sphaerulina populicola CBS100042	D-galactose	5		d12:0.3 d20:0.6 d27:0.4 d32:1
634	Sphaerulina populicola CBS100042	D-galacturonic acid	0		d12:0.2 d20:0.2 d27:0.2 d32:0.2
634	Sphaerulina populicola CBS100042	D-glucose	5		d12:0.2 d20:0.3 d27:0.4 d32:0.6
634	Sphaerulina populicola CBS100042	D-glucuronic acid	1		d12:0.3 d20:0.5 d27:0.6 d32:0.7
634	Sphaerulina populicola CBS100042	D-mannose	5		d12:0.3 d20:0.5 d27:0.6 d32:0.8
634	Sphaerulina populicola CBS100042	D-ribose	4		d12:0.3 d20:0.5 d27:0.6 d32:0.7
634	Sphaerulina populicola CBS100042	D-xylose	5		d12:0.2 d20:0.3 d27:0.4 d32:0.5
634	Sphaerulina populicola CBS100042	guar gum 1%	2		d12:0.4 d20:0.7 d27:0.9 d32:1.1
634	Sphaerulina populicola CBS100042	inulin 1%	2		d12:0.4 d20:0.6 d27:0.8 d32:0.9
634	Sphaerulina populicola CBS100042	L-arabinose	5		d12:0.2 d20:0.4 d27:0.5 d32:0.7
634	Sphaerulina populicola CBS100042	L-rhamnose	3		d12:0.2 d20:0.4 d27:0.5 d32:0.7
634	Sphaerulina populicola CBS100042	lactose	7		d12:0.3 d20:0.5 d27:0.6 d32:0.9
634	Sphaerulina populicola CBS100042	maltose	7		d12:0.3 d20:0.5 d27:0.6 d32:0.8
634	Sphaerulina populicola CBS100042	no carbon source	1		d12:0.3 d20:0.5 d27:0.6 d32:0.7
634	Sphaerulina populicola CBS100042	raffinose	7		d12:0.3 d20:0.5 d27:0.7 d32:0.9
634	Sphaerulina populicola CBS100042	rice bran 3%	10		d12:0.4 d20:0.7 d27:0.9 d32:1.3
634	Sphaerulina populicola CBS100042	soluble starch 1%	8		d12:0.3 d20:0.5 d27:0.7 d32:0.9
634	Sphaerulina populicola CBS100042	soybean hulls 3%	6		d12:0.3 d20:0.5 d27:0.6 d32:0.8
634	Sphaerulina populicola CBS100042	sucrose	7		d12:0.3 d20:0.4 d27:0.5 d32:0.8
634	Sphaerulina populicola CBS100042	wheat bran 3%	7		d12:0.4 d20:0.6 d27:0.8 d32:0.8
635	Sphaerulina musiva CBS133247	alfalfa meal 3%	2		d7:0.3 d12:0.5 d20:0.6 d26:0.9
635	Sphaerulina musiva CBS133247	apple pectin 1% pH=6	7		d7:0.4 d12:0.8 d20:1.3 d26:1.5
635	Sphaerulina musiva CBS133247	arabic gum 1%	8		d7:0.4 d12:0.7 d20:1.1 d26:1.2
635	Sphaerulina musiva CBS133247	arabinogalactan 1%			d7:0.4 d12:0.7 d20:0.9 d26:1
635	Sphaerulina musiva CBS133247	beechwood xylan 1%	6		d7:0.4 d12:0.6 d20:0.7 d26:0.8
635	Sphaerulina musiva CBS133247	birchwood xylan 1%	6		d7:0.5 d12:0.7 d20:0.9 d26:0.9
635	Sphaerulina musiva CBS133247	casein 3%	7		d7:0.4 d12:0.7 d20:0.9 d26:1
635	Sphaerulina musiva CBS133247	cellobiose	5		d7:0.4 d12:0.5 d20:0.7 d26:0.7
635	Sphaerulina musiva CBS133247	cellulose 3%	2		d7:0.4 d12:0.7 d20:0.8 d26:1
635	Sphaerulina musiva CBS133247	citrus pectin 1% pH=6	7		d7:0.5 d12:0.7 d20:1.1 d26:1.1
635	Sphaerulina musiva CBS133247	citrus pulp 3% pH=6	7		d7:0.3 d12:0.5 d20:0.8 d26:1
635	Sphaerulina musiva CBS133247	cotton seed pulp 3%	6		d7:0.4 d12:0.5 d20:0.9 d26:1.2
635	Sphaerulina musiva CBS133247	D-fructose	5		d7:0.4 d12:0.6 d20:0.7 d26:0.7
635	Sphaerulina musiva CBS133247	D-galactose	5		d7:0.4 d12:0.5 d20:0.7 d26:0.8
635	Sphaerulina musiva CBS133247	D-galacturonic acid	3		d7:0.3 d12:0.4 d20:0.6 d26:0.6
635	Sphaerulina musiva CBS133247	D-glucose	5		d7:0.4 d12:0.5 d20:0.7 d26:0.7
635	Sphaerulina musiva CBS133247	D-glucuronic acid	6		d7:0.5 d12:0.7 d20:1 d26:1
635	Sphaerulina musiva CBS133247	D-mannose	4		d7:0.3 d12:0.4 d20:0.6 d26:0.6
635	Sphaerulina musiva CBS133247	D-ribose	6		d7:0.5 d12:0.7 d20:1 d26:1
635	Sphaerulina musiva CBS133247	D-xylose	3		d7:0.4 d12:0.4 d20:0.5 d26:0.5
635	Sphaerulina musiva CBS133247	guar gum 1%	8		d7:0.4 d12:0.6 d20:1.1 d26:1.4
635	Sphaerulina musiva CBS133247	inulin 1%	8		d7:0.5 d12:0.8 d20:1 d26:1
635	Sphaerulina musiva CBS133247	L-arabinose	5		d7:0.5 d12:0.6 d20:0.8 d26:0.8
635	Sphaerulina musiva CBS133247	L-rhamnose	5		d7:0.3 d12:0.5 d20:0.7 d26:0.7
635	Sphaerulina musiva CBS133247	lactose	7		d7:0.4 d12:0.6 d20:0.9 d26:1
635	Sphaerulina musiva CBS133247	maltose	6		d7:0.4 d12:0.6 d20:0.9 d26:0.9
635	Sphaerulina musiva CBS133247	no carbon source	6		d7:0.5 d12:0.7 d20:1 d26:1.1
635	Sphaerulina musiva CBS133247	raffinose	6		d7:0.4 d12:0.7 d20:0.9 d26:1.1
635	Sphaerulina musiva CBS133247	rice bran 3%	10		d7:0.4 d12:0.6 d20:0.9 d26:1.2
635	Sphaerulina musiva CBS133247	soluble starch 1%	7		d7:0.4 d12:0.7 d20:1 d26:1
635	Sphaerulina musiva CBS133247	soybean hulls 3%	6		d7:0.3 d12:0.5 d20:0.8 d26:0.9
635	Sphaerulina musiva CBS133247	sucrose	4		d7:0.3 d12:0.4 d20:0.6 d26:0.7
635	Sphaerulina musiva CBS133247	wheat bran 3%	9		d7:0.4 d12:0.5 d20:0.9 d26:1.1
636	Sphaerulina musiva var. salix Sal 03-02	alfalfa meal 3%	8		d6:0.4 d13:1.2 d20:1.6 d21:1.7
636	Sphaerulina musiva var. salix Sal 03-02	apple pectin 1% pH=6	4		d6:0.4 d13:0.9 d20:1.2 d21:1.4
636	Sphaerulina musiva var. salix Sal 03-02	arabic gum 1%	2		d6:0.4 d13:1.2 d20:1.4 d21:1.5
636	Sphaerulina musiva var. salix Sal 03-02	arabinogalactan 1%			d6:0.5 d13:1.1 d20:1.5 d21:1.5
636	Sphaerulina musiva var. salix Sal 03-02	beechwood xylan 1%	1		d6:0 d13:1.1 d20:1.5 d21:1.6
636	Sphaerulina musiva var. salix Sal 03-02	birchwood xylan 1%	2		d6:0.3 d13:0.7 d20:1.1 d21:1.1
636	Sphaerulina musiva var. salix Sal 03-02	casein 3%	3		d6:0 d13:0.5 d20:0.7 d21:0.8
636	Sphaerulina musiva var. salix Sal 03-02	cellobiose	5		d6:0.2 d13:0.8 d20:1.1 d21:1.3
636	Sphaerulina musiva var. salix Sal 03-02	cellulose 3%	1		d6:0 d13:0 d20:0.8 d21:0.9
636	Sphaerulina musiva var. salix Sal 03-02	citrus pectin 1% pH=6	5		d6:0.4 d13:0.9 d20:1.4 d21:1.4
636	Sphaerulina musiva var. salix Sal 03-02	citrus pulp 3% pH=6	7		d6:0.4 d13:1.3 d20:1.9 d21:2
636	Sphaerulina musiva var. salix Sal 03-02	cotton seed pulp 3%	3		d6:0.5 d13:1.1 d20:1.4 d21:1.5
636	Sphaerulina musiva var. salix Sal 03-02	D-fructose	5		d6:0.4 d13:0.8 d20:1.2 d21:1.3
636	Sphaerulina musiva var. salix Sal 03-02	D-galactose	2		d6:0.3 d13:0.4 d20:0.6 d21:0.7
636	Sphaerulina musiva var. salix Sal 03-02	D-galacturonic acid	1		d6:0 d13:0 d20:0 d21:0.2
636	Sphaerulina musiva var. salix Sal 03-02	D-glucose	5		d6:0.6 d13:0.7 d20:1.3 d21:1.3
636	Sphaerulina musiva var. salix Sal 03-02	D-glucuronic acid	3		d6:0 d13:0.5 d20:0.8 d21:0.9
636	Sphaerulina musiva var. salix Sal 03-02	D-mannose	5		d6:0.4 d13:0.8 d20:1.3 d21:1.3
636	Sphaerulina musiva var. salix Sal 03-02	D-ribose	3		d6:0 d13:0.7 d20:1 d21:1
636	Sphaerulina musiva var. salix Sal 03-02	D-xylose	4		d6:0.3 d13:0.7 d20:1.1 d21:1.2
636	Sphaerulina musiva var. salix Sal 03-02	guar gum 1%	6		d6:0.4 d13:1.1 d20:1.5 d21:1.6
636	Sphaerulina musiva var. salix Sal 03-02	inulin 1%	2		d6:0 d13:0.8 d20:1 d21:1.1
636	Sphaerulina musiva var. salix Sal 03-02	L-arabinose	4		d6:0.3 d13:0.8 d20:1.4 d21:1.5
636	Sphaerulina musiva var. salix Sal 03-02	L-rhamnose	3		d6:0 d13:0.5 d20:0.9 d21:1
636	Sphaerulina musiva var. salix Sal 03-02	lactose	4		d6:0 d13:0.6 d20:1 d21:1.1
636	Sphaerulina musiva var. salix Sal 03-02	maltose	5		d6:0 d13:0.6 d20:1.1 d21:1.1
636	Sphaerulina musiva var. salix Sal 03-02	no carbon source	1		d6:0.3 d13:0.8 d20:0.9 d21:0.9
636	Sphaerulina musiva var. salix Sal 03-02	raffinose	5		d6:0.4 d13:0.7 d20:1.2 d21:1.3
636	Sphaerulina musiva var. salix Sal 03-02	rice bran 3%	9		d6:0 d13:0.9 d20:1.4 d21:1.6
636	Sphaerulina musiva var. salix Sal 03-02	soluble starch 1%	6		d6:0.4 d13:0.9 d20:1.4 d21:1.5
636	Sphaerulina musiva var. salix Sal 03-02	soybean hulls 3%	9		d6:0.3 d13:1.1 d20:1.5 d21:1.7
636	Sphaerulina musiva var. salix Sal 03-02	sucrose	5		d6:0 d13:0.6 d20:1.2 d21:1.3
636	Sphaerulina musiva var. salix Sal 03-02	wheat bran 3%	10		d6:0.3 d13:1.3 d20:1.8 d21:1.9
637	Ramularia endophylla CBS113265	alfalfa meal 3%	7		d8:0.5 d16:1.1
637	Ramularia endophylla CBS113265	apple pectin 1% pH=6	8		d8:0.6 d16:1.4
637	Ramularia endophylla CBS113265	arabic gum 1%	2		d8:0.6 d16:1.1
637	Ramularia endophylla CBS113265	arabinogalactan 1%			d8:0.5 d16:1
637	Ramularia endophylla CBS113265	beechwood xylan 1%	8		d8:0.6 d16:1.2
637	Ramularia endophylla CBS113265	birchwood xylan 1%	7		d8:0.5 d16:1.1
637	Ramularia endophylla CBS113265	casein 3%	5		d8:0.4 d16:0.8
637	Ramularia endophylla CBS113265	cellobiose	5		d8:0.5 d16:1
637	Ramularia endophylla CBS113265	cellulose 3%	2		d8:0.5 d16:1
637	Ramularia endophylla CBS113265	citrus pectin 1% pH=6	8		d8:0.6 d16:1.2
637	Ramularia endophylla CBS113265	citrus pulp 3% pH=6	8		d8:0.7 d16:1.4
637	Ramularia endophylla CBS113265	cotton seed pulp 3%	8		d8:0.6 d16:1.2
637	Ramularia endophylla CBS113265	D-fructose	5		d8:0.4 d16:0.9
637	Ramularia endophylla CBS113265	D-galactose	5		d8:0.4 d16:0.9
637	Ramularia endophylla CBS113265	D-galacturonic acid	2		d8:0.4 d16:0.9
637	Ramularia endophylla CBS113265	D-glucose	5		d8:0.4 d16:0.9
637	Ramularia endophylla CBS113265	D-glucuronic acid	2		d8:0.4 d16:1
637	Ramularia endophylla CBS113265	D-mannose	5		d8:0.5 d16:0.9
637	Ramularia endophylla CBS113265	D-ribose	3		d8:0.5 d16:0.9
637	Ramularia endophylla CBS113265	D-xylose	6		d8:0.5 d16:1
637	Ramularia endophylla CBS113265	guar gum 1%	6		d8:0.6 d16:1.3
637	Ramularia endophylla CBS113265	inulin 1%	2		d8:0.5 d16:1
637	Ramularia endophylla CBS113265	L-arabinose	5		d8:0.5 d16:0.9
637	Ramularia endophylla CBS113265	L-rhamnose	6		d8:0.5 d16:1
637	Ramularia endophylla CBS113265	lactose	6		d8:0.5 d16:1
637	Ramularia endophylla CBS113265	maltose	2		d8:0.4 d16:1
637	Ramularia endophylla CBS113265	no carbon source	2		d8:0.6 d16:1.1
637	Ramularia endophylla CBS113265	raffinose	2		d9:0.6 d16:1
637	Ramularia endophylla CBS113265	rice bran 3%	10		d8:0.6 d16:1.4
637	Ramularia endophylla CBS113265	soluble starch 1%	7		d8:0.6 d16:1.3
637	Ramularia endophylla CBS113265	soybean hulls 3%	9		d8:0.6 d16:1.3
637	Ramularia endophylla CBS113265	sucrose	2		d8:0.4 d16:1
637	Ramularia endophylla CBS113265	wheat bran 3%	9		d8:0.6 d16:1.2
638	Mycosphaerella sp. Var. Mexican Mex1-1-3	alfalfa meal 3%	4		d13:0.9 d20:1.2 d27:1.4
638	Mycosphaerella sp. Var. Mexican Mex1-1-3	apple pectin 1% pH=6	3		d13:0.8 d20:1.3 d27:1.6
638	Mycosphaerella sp. Var. Mexican Mex1-1-3	arabic gum 1%	1		d13:0.9 d20:1.3 d27:1.5
638	Mycosphaerella sp. Var. Mexican Mex1-1-3	arabinogalactan 1%			d13:1.2 d20:1.7 d27:1.9
638	Mycosphaerella sp. Var. Mexican Mex1-1-3	beechwood xylan 1%	1		d13:0.7 d20:1.1 d27:1.3
638	Mycosphaerella sp. Var. Mexican Mex1-1-3	birchwood xylan 1%	2		d13:0.7 d20:0.9 d27:1
638	Mycosphaerella sp. Var. Mexican Mex1-1-3	casein 3%	3		d13:1 d20:1.1 d27:1.3
638	Mycosphaerella sp. Var. Mexican Mex1-1-3	cellobiose	5		d13:0.7 d20:1.2 d27:1.6
638	Mycosphaerella sp. Var. Mexican Mex1-1-3	cellulose 3%	1		d13:0.2 d20:0.5 d27:0.5
638	Mycosphaerella sp. Var. Mexican Mex1-1-3	citrus pectin 1% pH=6	4		d13:0.9 d20:1.4 d27:1.5
638	Mycosphaerella sp. Var. Mexican Mex1-1-3	citrus pulp 3% pH=6	5		d13:1 d27:1.5
638	Mycosphaerella sp. Var. Mexican Mex1-1-3	cotton seed pulp 3%	4		d13:0.9 d20:1.1 d27:1.2
638	Mycosphaerella sp. Var. Mexican Mex1-1-3	D-fructose	4		d13:0.7 d20:1.1 d27:1.4
638	Mycosphaerella sp. Var. Mexican Mex1-1-3	D-galactose	4		d13:0.6 d20:1 d27:1.4
638	Mycosphaerella sp. Var. Mexican Mex1-1-3	D-galacturonic acid	0		d13:0 d20:0.3 d27:0.3
638	Mycosphaerella sp. Var. Mexican Mex1-1-3	D-glucose	5		d13:0.9 d20:1.6 d27:1.8
638	Mycosphaerella sp. Var. Mexican Mex1-1-3	D-glucuronic acid	3		d13:0.7 d20:1.1 d27:1.2
638	Mycosphaerella sp. Var. Mexican Mex1-1-3	D-mannose	5		d13:0.9 d20:1.1 d27:1.4
638	Mycosphaerella sp. Var. Mexican Mex1-1-3	D-ribose	3		d13:0.8 d20:1.1 d27:1.6
638	Mycosphaerella sp. Var. Mexican Mex1-1-3	D-xylose	4		d13:0.7 d20:1.1 d27:1.3
638	Mycosphaerella sp. Var. Mexican Mex1-1-3	guar gum 1%	3		d13:0.8 d20:1 d27:1.1
638	Mycosphaerella sp. Var. Mexican Mex1-1-3	inulin 1%	2		d13:0.8 d20:1.1 d27:1.4
638	Mycosphaerella sp. Var. Mexican Mex1-1-3	L-arabinose	4		d13:0.6 d20:1.1 d27:1.4
638	Mycosphaerella sp. Var. Mexican Mex1-1-3	L-rhamnose	4		d13:0.8 d20:1.2 d27:1.4
638	Mycosphaerella sp. Var. Mexican Mex1-1-3	lactose	5		d13:0.7 d20:1.1 d27:1.5
638	Mycosphaerella sp. Var. Mexican Mex1-1-3	maltose	4		d13:0.6 d20:1.2 d27:1.7
638	Mycosphaerella sp. Var. Mexican Mex1-1-3	no carbon source	1		d13:0.7 d20:1.1 d27:1.4
638	Mycosphaerella sp. Var. Mexican Mex1-1-3	raffinose	5		d13:0.7 d20:1.4 d27:1.6
638	Mycosphaerella sp. Var. Mexican Mex1-1-3	rice bran 3%	7		d13:0.7 d20:1.2 d27:1.6
638	Mycosphaerella sp. Var. Mexican Mex1-1-3	soluble starch 1%	5		d13:0.9 d20:1.4 d27:1.7
638	Mycosphaerella sp. Var. Mexican Mex1-1-3	soybean hulls 3%	6		d13:1.1 d20:1.3 d27:1.2
638	Mycosphaerella sp. Var. Mexican Mex1-1-3	sucrose	5		d13:0.7 d20:1.3 d27:1.5
638	Mycosphaerella sp. Var. Mexican Mex1-1-3	wheat bran 3%	5		d13:1 d20:1.5 d27:1.7
639	Mycosphaerella sp. Var. Mexican Mex2-1-2	alfalfa meal 3%	4		d6:0.5 d14:1.1 d20:1.5
639	Mycosphaerella sp. Var. Mexican Mex2-1-2	apple pectin 1% pH=6	3		d6:0.6 d14:1.3 d20:1.8
639	Mycosphaerella sp. Var. Mexican Mex2-1-2	arabic gum 1%	1		d6:0.6 d14:1.3 d20:1.7
639	Mycosphaerella sp. Var. Mexican Mex2-1-2	arabinogalactan 1%			d6:0.6 d14:1.3 d20:1.8
639	Mycosphaerella sp. Var. Mexican Mex2-1-2	beechwood xylan 1%	2		d6:0.4 d14:1.2 d20:1.5
639	Mycosphaerella sp. Var. Mexican Mex2-1-2	birchwood xylan 1%	2		d6:0.4 d14:1 d20:1.4
639	Mycosphaerella sp. Var. Mexican Mex2-1-2	casein 3%	2		d6:0.9 d14:1 d20:1.2
639	Mycosphaerella sp. Var. Mexican Mex2-1-2	cellobiose	6		d6:0.5 d14:1.2 d20:1.7
639	Mycosphaerella sp. Var. Mexican Mex2-1-2	cellulose 3%	1		d6:0.3 d14:0.7 d20:0.4
639	Mycosphaerella sp. Var. Mexican Mex2-1-2	citrus pectin 1% pH=6	4		d6:0.4 d14:1.1 d20:1.4
639	Mycosphaerella sp. Var. Mexican Mex2-1-2	citrus pulp 3% pH=6	6		d6:0.6 d14:1.3 d20:1.7
639	Mycosphaerella sp. Var. Mexican Mex2-1-2	cotton seed pulp 3%	3		d6:0.6 d14:1.2 d20:1.3
639	Mycosphaerella sp. Var. Mexican Mex2-1-2	D-fructose	4		d6:0.4 d14:1.1 d20:1.5
639	Mycosphaerella sp. Var. Mexican Mex2-1-2	D-galactose	2		d6:0.3 d14:0.5 d20:0.8
639	Mycosphaerella sp. Var. Mexican Mex2-1-2	D-galacturonic acid	1		d6:0 d14:0 d20:0
639	Mycosphaerella sp. Var. Mexican Mex2-1-2	D-glucose	5		d6:0.4 d14:1.1 d20:1.5
639	Mycosphaerella sp. Var. Mexican Mex2-1-2	D-glucuronic acid	2		d6:0.3 d14:0.7 d20:0.9
639	Mycosphaerella sp. Var. Mexican Mex2-1-2	D-mannose	4		d6:0.4 d14:1 d20:1.4
639	Mycosphaerella sp. Var. Mexican Mex2-1-2	D-ribose	2		d6:0.3 d14:0.7 d20:1
639	Mycosphaerella sp. Var. Mexican Mex2-1-2	D-xylose	3		d6:0.4 d14:0.9 d20:1.2
639	Mycosphaerella sp. Var. Mexican Mex2-1-2	guar gum 1%	2		d6:0.6 d14:1.3 d20:1.7
639	Mycosphaerella sp. Var. Mexican Mex2-1-2	inulin 1%	1		d6:0.4 d14:1.1 d20:1.5
639	Mycosphaerella sp. Var. Mexican Mex2-1-2	L-arabinose	3		d6:0.4 d14:0.8 d20:1
639	Mycosphaerella sp. Var. Mexican Mex2-1-2	L-rhamnose	3		d6:0.4 d14:0.9 d20:1.1
639	Mycosphaerella sp. Var. Mexican Mex2-1-2	lactose	5		d6:0.4 d14:1 d20:1.5
639	Mycosphaerella sp. Var. Mexican Mex2-1-2	maltose	6		d6:0.5 d14:1.1 d20:1.6
639	Mycosphaerella sp. Var. Mexican Mex2-1-2	no carbon source	1		d6:0.3 d14:0.7 d20:1.1
639	Mycosphaerella sp. Var. Mexican Mex2-1-2	raffinose	3		d6:0.4 d14:1 d20:1.4
639	Mycosphaerella sp. Var. Mexican Mex2-1-2	rice bran 3%	8		d6:0.6 d14:1.3 d20:1.8
639	Mycosphaerella sp. Var. Mexican Mex2-1-2	soluble starch 1%	6		d6:0.5 d14:1.2 d20:1.6
639	Mycosphaerella sp. Var. Mexican Mex2-1-2	soybean hulls 3%	5		d6:0.5 d14:1.2 d20:1.4
639	Mycosphaerella sp. Var. Mexican Mex2-1-2	sucrose	5		d6:0.4 d14:1 d20:1.4
639	Mycosphaerella sp. Var. Mexican Mex2-1-2	wheat bran 3%	7		d6:0.6 d14:1.2 d20:1.7
640	Mycosphaerella sp. Var. Ston STON1	alfalfa meal 3%	3		d13:0.6 d20:0.8 d27:1
640	Mycosphaerella sp. Var. Ston STON1	apple pectin 1% pH=6	7		d13:0.7 d20:1 d27:1.6
640	Mycosphaerella sp. Var. Ston STON1	arabic gum 1%	3		d13:0.8 d20:1.1 d27:1.7
640	Mycosphaerella sp. Var. Ston STON1	arabinogalactan 1%			d13:0.9 d20:1.2 d27:1.5
640	Mycosphaerella sp. Var. Ston STON1	beechwood xylan 1%	0		d13:1 d20:1.4 d27:1.6
640	Mycosphaerella sp. Var. Ston STON1	birchwood xylan 1%	2		d13:0.9 d20:1.4 d27:1.7
640	Mycosphaerella sp. Var. Ston STON1	casein 3%	4		d13:0.7 d20:0.9 d27:1.2
640	Mycosphaerella sp. Var. Ston STON1	cellobiose	4		d13:0.6 d20:0.7 d27:0.9
640	Mycosphaerella sp. Var. Ston STON1	cellulose 3%	1		d13:0.7 d20:0.9 d27:1.4
640	Mycosphaerella sp. Var. Ston STON1	citrus pectin 1% pH=6	6		d13:0.6 d20:0.9 d27:1.1
640	Mycosphaerella sp. Var. Ston STON1	citrus pulp 3% pH=6	7		d13:0.6 d20:1 d27:1.2
640	Mycosphaerella sp. Var. Ston STON1	cotton seed pulp 3%	2		d13:1.1 d20:1.7 d27:2.1
640	Mycosphaerella sp. Var. Ston STON1	D-fructose	6		d13:0.5 d20:0.7 d27:0.9
640	Mycosphaerella sp. Var. Ston STON1	D-galactose	3		d13:0.3 d20:0.4 d27:0.6
640	Mycosphaerella sp. Var. Ston STON1	D-galacturonic acid	0		d13:0 d20:0.3 d27:0.3
640	Mycosphaerella sp. Var. Ston STON1	D-glucose	5		d13:0.5 d20:0.7 d27:0.8
640	Mycosphaerella sp. Var. Ston STON1	D-glucuronic acid	1		d13:0.7 d20:1.1 d27:1.3
640	Mycosphaerella sp. Var. Ston STON1	D-mannose	5		d13:0.6 d20:0.6 d27:0.8
640	Mycosphaerella sp. Var. Ston STON1	D-ribose	2		d13:0.7 d20:0.9 d27:1.1
640	Mycosphaerella sp. Var. Ston STON1	D-xylose	4		d13:0.5 d20:0.7 d27:0.8
640	Mycosphaerella sp. Var. Ston STON1	guar gum 1%	4		d13:0.8 d20:1.4 d27:1.7
640	Mycosphaerella sp. Var. Ston STON1	inulin 1%	2		d13:0.7 d20:1.1 d27:1.6
640	Mycosphaerella sp. Var. Ston STON1	L-arabinose	5		d13:0.5 d20:0.8 d27:1
640	Mycosphaerella sp. Var. Ston STON1	L-rhamnose	5		d13:0.6 d20:0.9 d27:1.1
640	Mycosphaerella sp. Var. Ston STON1	lactose	4		d13:0.6 d20:0.8 d27:1
640	Mycosphaerella sp. Var. Ston STON1	maltose	3		d13:0.5 d20:0.6 d27:0.7
640	Mycosphaerella sp. Var. Ston STON1	no carbon source	1		d13:0.6 d20:0.9 d27:1.1
640	Mycosphaerella sp. Var. Ston STON1	raffinose	3		d13:0.5 d20:0.5 d27:0.7
640	Mycosphaerella sp. Var. Ston STON1	rice bran 3%	9		d13:0.8 d20:1 d27:1.1
640	Mycosphaerella sp. Var. Ston STON1	soluble starch 1%	8		d13:0.8 d20:1 d27:1.2
640	Mycosphaerella sp. Var. Ston STON1	soybean hulls 3%	9		d13:0.6 d27:1.1
640	Mycosphaerella sp. Var. Ston STON1	sucrose	3		d13:0.4 d20:0.6 d27:0.7
640	Mycosphaerella sp. Var. Ston STON1	wheat bran 3%	10		d13:0.7 d20:1.1 d27:1.4
641	Mycosphaerella sp. Var. Ston STON4	alfalfa meal 3%	8		d6:0.5 d14:1.1 d20:1.5
641	Mycosphaerella sp. Var. Ston STON4	apple pectin 1% pH=6	6		d6:0.6 d14:1.5 d20:1.6
641	Mycosphaerella sp. Var. Ston STON4	arabic gum 1%	2		d6:0.6 d14:1.2 d20:1.1
641	Mycosphaerella sp. Var. Ston STON4	arabinogalactan 1%			d6:0.6 d14:1.2 d20:1
641	Mycosphaerella sp. Var. Ston STON4	beechwood xylan 1%	3		d6:0.5 d14:1.3 d20:1.4
641	Mycosphaerella sp. Var. Ston STON4	birchwood xylan 1%	3		d6:0.5 d14:1.4 d20:1.4
641	Mycosphaerella sp. Var. Ston STON4	casein 3%	2		d6:0.3 d14:0.9 d20:1.2
641	Mycosphaerella sp. Var. Ston STON4	cellobiose	7		d6:0.5 d14:1 d20:1.2
641	Mycosphaerella sp. Var. Ston STON4	cellulose 3%	1		d6:0.3 d14:1.1 d20:1.4
641	Mycosphaerella sp. Var. Ston STON4	citrus pectin 1% pH=6	7		d6:0.5 d14:1 d20:1.2
641	Mycosphaerella sp. Var. Ston STON4	citrus pulp 3% pH=6	9		d6:0.5 d14:0.9 d20:2
641	Mycosphaerella sp. Var. Ston STON4	cotton seed pulp 3%	4		d6:0.5 d14:1.1 d20:1.1
641	Mycosphaerella sp. Var. Ston STON4	D-fructose	6		d6:0.5 d14:0.9 d20:1.1
641	Mycosphaerella sp. Var. Ston STON4	D-galactose	3		d6:0.3 d14:0.6 d20:0.8
641	Mycosphaerella sp. Var. Ston STON4	D-galacturonic acid	1		d6:0 d14:0 d20:0
641	Mycosphaerella sp. Var. Ston STON4	D-glucose	5		d6:0.3 d14:0.8 d20:1
641	Mycosphaerella sp. Var. Ston STON4	D-glucuronic acid	2		d6:0.4 d14:0.9 d20:1.1
641	Mycosphaerella sp. Var. Ston STON4	D-mannose	5		d6:0.4 d14:0.9 d20:0.9
641	Mycosphaerella sp. Var. Ston STON4	D-ribose	4		d6:0.4 d14:0.9 d20:1.1
641	Mycosphaerella sp. Var. Ston STON4	D-xylose	5		d6:0.4 d14:0.8 d20:1
641	Mycosphaerella sp. Var. Ston STON4	guar gum 1%	4		d6:0.5 d14:1.3 d20:1.7
641	Mycosphaerella sp. Var. Ston STON4	inulin 1%	2		d6:0.6 d14:1.2 d20:1.4
641	Mycosphaerella sp. Var. Ston STON4	L-arabinose	6		d6:0.4 d14:0.9 d20:1.1
641	Mycosphaerella sp. Var. Ston STON4	L-rhamnose	6		d6:0.4 d14:0.9 d20:1.2
641	Mycosphaerella sp. Var. Ston STON4	lactose	7		d6:0.5 d14:1 d20:1.2
641	Mycosphaerella sp. Var. Ston STON4	maltose	6		d6:0.4 d14:0.9 d20:1.3
641	Mycosphaerella sp. Var. Ston STON4	no carbon source	1		d6:0.4 d14:0.9 d20:1.2
641	Mycosphaerella sp. Var. Ston STON4	raffinose	5		d6:0.5 d14:0.9 d20:1.2
641	Mycosphaerella sp. Var. Ston STON4	rice bran 3%	10		d6:0.5 d14:1.4 d20:1.8
641	Mycosphaerella sp. Var. Ston STON4	soluble starch 1%	8		d6:0.6 d14:1.2 d20:2
641	Mycosphaerella sp. Var. Ston STON4	soybean hulls 3%	9		d6:0.5 d14:1.2 d20:1.5
641	Mycosphaerella sp. Var. Ston STON4	sucrose	5		d6:0.5 d14:0.9 d20:1.1
641	Mycosphaerella sp. Var. Ston STON4	wheat bran 3%	10		d6:0.6 d14:1.3 d20:1.8
642	Mycospharella sp. TAIGA 319 07BC09	alfalfa meal 3%	7		d7:0.8 d13:1.3
642	Mycospharella sp. TAIGA 319 07BC09	apple pectin 1% pH=6	5		d7:1 d13:1.6
642	Mycospharella sp. TAIGA 319 07BC09	arabic gum 1%	3		d7:0.9 d13:1.5
642	Mycospharella sp. TAIGA 319 07BC09	arabinogalactan 1%			d7:0.8 d13:1.4
642	Mycospharella sp. TAIGA 319 07BC09	beechwood xylan 1%	3		d7:0.6 d13:1
642	Mycospharella sp. TAIGA 319 07BC09	birchwood xylan 1%	3		d7:0.7 d13:1.3
642	Mycospharella sp. TAIGA 319 07BC09	casein 3%	1		d7:0.7 d13:1
642	Mycospharella sp. TAIGA 319 07BC09	cellobiose	5		d7:0.6 d13:1.1
642	Mycospharella sp. TAIGA 319 07BC09	cellulose 3%	1		d7:0.5 d13:0.3
642	Mycospharella sp. TAIGA 319 07BC09	citrus pectin 1% pH=6	6		d7:0.8 d13:1.4
642	Mycospharella sp. TAIGA 319 07BC09	citrus pulp 3% pH=6	10		d7:1 d13:1.3
642	Mycospharella sp. TAIGA 319 07BC09	cotton seed pulp 3%	4		d7:0.8 d13:1.4
642	Mycospharella sp. TAIGA 319 07BC09	D-fructose	5		d7:0.5 d13:0.9
642	Mycospharella sp. TAIGA 319 07BC09	D-galactose	4		d7:0.3 d13:0.8
642	Mycospharella sp. TAIGA 319 07BC09	D-galacturonic acid	0		d7:0.1 d13:0.2
642	Mycospharella sp. TAIGA 319 07BC09	D-glucose	5		d7:0.5 d13:1
642	Mycospharella sp. TAIGA 319 07BC09	D-glucuronic acid	1		d7:0.5 d13:1
642	Mycospharella sp. TAIGA 319 07BC09	D-mannose	7		d7:0.6 d13:1.1
642	Mycospharella sp. TAIGA 319 07BC09	D-ribose	2		d7:0.5 d13:0.9
642	Mycospharella sp. TAIGA 319 07BC09	D-xylose	5		d7:0.4 d13:0.9
642	Mycospharella sp. TAIGA 319 07BC09	guar gum 1%	3		d7:0.8 d13:1.5
642	Mycospharella sp. TAIGA 319 07BC09	inulin 1%	2		d7:0.7 d13:1.2
642	Mycospharella sp. TAIGA 319 07BC09	L-arabinose	5		d7:0.5 d13:0.9
642	Mycospharella sp. TAIGA 319 07BC09	L-rhamnose	2		d7:0.4 d13:0.9
642	Mycospharella sp. TAIGA 319 07BC09	lactose	6		d7:0.7 d13:1.2
642	Mycospharella sp. TAIGA 319 07BC09	maltose	6		d7:0.6 d13:1.1
642	Mycospharella sp. TAIGA 319 07BC09	no carbon source	1		d7:0.5 d13:0.8
642	Mycospharella sp. TAIGA 319 07BC09	raffinose	6		d7:0.5 d13:1.1
642	Mycospharella sp. TAIGA 319 07BC09	rice bran 3%	9		d7:0.8 d13:1.4
642	Mycospharella sp. TAIGA 319 07BC09	soluble starch 1%	6		d7:0.7 d13:1.2
642	Mycospharella sp. TAIGA 319 07BC09	soybean hulls 3%	8		d7:0.8 d13:1.4
642	Mycospharella sp. TAIGA 319 07BC09	sucrose	4		d7:0.4 d13:1
642	Mycospharella sp. TAIGA 319 07BC09	wheat bran 3%	9		d7:0.7 d13:1.5
643	Oidiodendron maius	alfalfa meal 3%	7		d1:1.5
643	Oidiodendron maius	apple pectin 1% pH=6	8		d1:2.1
643	Oidiodendron maius	arabic gum 1%	1		d1:2
643	Oidiodendron maius	arabinogalactan 1%			d1:2
643	Oidiodendron maius	beechwood xylan 1%	6		d1:1.8
643	Oidiodendron maius	birchwood xylan 1%	3		d1:1.8
643	Oidiodendron maius	casein 3%	1		d1:1.9
643	Oidiodendron maius	cellobiose	7		d1:1.7
643	Oidiodendron maius	cellulose 3%	1		d1:1.4
643	Oidiodendron maius	citrus pectin 1% pH=6	8		d1:1.9
643	Oidiodendron maius	citrus pulp 3% pH=6	8		d1:1.6
643	Oidiodendron maius	cotton seed pulp 3%	4		d1:2
643	Oidiodendron maius	D-fructose	4		d1:1.7
643	Oidiodendron maius	D-galactose	4		d1:1.6
643	Oidiodendron maius	D-galacturonic acid	5		d1:1.5
643	Oidiodendron maius	D-glucose	5		d1:1.5
643	Oidiodendron maius	D-glucuronic acid	1		d1:0.8
643	Oidiodendron maius	D-mannose	5		d1:1.3
643	Oidiodendron maius	D-ribose	2		d1:1.6
643	Oidiodendron maius	D-xylose	5		d1:1.3
643	Oidiodendron maius	guar gum 1%	1		d1:2.5
643	Oidiodendron maius	inulin 1%	6		d1:1.8
643	Oidiodendron maius	L-arabinose	2		d1:1.6
643	Oidiodendron maius	L-rhamnose	4		d1:1.5
643	Oidiodendron maius	lactose	3		d1:2
643	Oidiodendron maius	maltose	6		d1:1.6
643	Oidiodendron maius	no carbon source	0		d1:1.3
643	Oidiodendron maius	raffinose	6		d1:1.7
643	Oidiodendron maius	rice bran 3%	10		d1:2.1
643	Oidiodendron maius	soluble starch 1%	7		d1:1.5
643	Oidiodendron maius	soybean hulls 3%	9		d1:1.7
643	Oidiodendron maius	sucrose	4		d1:1.5
643	Oidiodendron maius	wheat bran 3%	10		d1:1.8
644	Penicillium bilaiae P201	alfalfa meal 3%	8		d7:2.3
644	Penicillium bilaiae P201	apple pectin 1% pH=6	6		d7:2.2
644	Penicillium bilaiae P201	arabic gum 1%	1		d7:2.2
644	Penicillium bilaiae P201	arabinogalactan 1%			d7:2
644	Penicillium bilaiae P201	beechwood xylan 1%	6		d7:1.9
644	Penicillium bilaiae P201	birchwood xylan 1%	6		d7:2
644	Penicillium bilaiae P201	casein 3%	7		d7:2.2
644	Penicillium bilaiae P201	cellobiose	4		d7:2
644	Penicillium bilaiae P201	cellulose 3%	1		d7:2
644	Penicillium bilaiae P201	citrus pectin 1% pH=6	7		d7:2.2
644	Penicillium bilaiae P201	citrus pulp 3% pH=6	8		d7:2.3
644	Penicillium bilaiae P201	cotton seed pulp 3%	6		d7:2
644	Penicillium bilaiae P201	D-fructose	4		d7:2.2
644	Penicillium bilaiae P201	D-galactose	4		d7:2.1
644	Penicillium bilaiae P201	D-galacturonic acid	3		d7:1.7
644	Penicillium bilaiae P201	D-glucose	5		d7:2.1
644	Penicillium bilaiae P201	D-glucuronic acid	3		d7:1.8
644	Penicillium bilaiae P201	D-mannose	4		d7:1.9
644	Penicillium bilaiae P201	D-ribose	5		d7:2.1
644	Penicillium bilaiae P201	D-xylose	5		d7:2
644	Penicillium bilaiae P201	guar gum 1%	8		d7:2.1
644	Penicillium bilaiae P201	inulin 1%	5		d7:1.7
644	Penicillium bilaiae P201	L-arabinose	4		d7:1.8
644	Penicillium bilaiae P201	L-rhamnose	3		d7:1.8
644	Penicillium bilaiae P201	lactose	2		d7:2
644	Penicillium bilaiae P201	maltose	5		d7:2.3
644	Penicillium bilaiae P201	no carbon source	0		d7:2
644	Penicillium bilaiae P201	raffinose	5		d7:2.1
644	Penicillium bilaiae P201	rice bran 3%	6		d7:1.6
644	Penicillium bilaiae P201	soluble starch 1%	6		d7:2
644	Penicillium bilaiae P201	soybean hulls 3%	8		d7:2.3
644	Penicillium bilaiae P201	sucrose	5		d7:2.3
644	Penicillium bilaiae P201	wheat bran 3%	10		d7:2.3
645	Penicillium brasilianum CBS253.55	alfalfa meal 3%	7		d3:1.8
645	Penicillium brasilianum CBS253.55	apple pectin 1% pH=6	4		d3:1.3
645	Penicillium brasilianum CBS253.55	arabic gum 1%	2		d3:1.6
645	Penicillium brasilianum CBS253.55	arabinogalactan 1%			d3:1.2
645	Penicillium brasilianum CBS253.55	beechwood xylan 1%	5		d3:1.3
645	Penicillium brasilianum CBS253.55	birchwood xylan 1%	5		d3:1.4
645	Penicillium brasilianum CBS253.55	casein 3%	7		d3:1.4
645	Penicillium brasilianum CBS253.55	cellobiose	3		d3:1.3
645	Penicillium brasilianum CBS253.55	cellulose 3%	1		d3:1.1
645	Penicillium brasilianum CBS253.55	citrus pectin 1% pH=6	8		d3:1.1
645	Penicillium brasilianum CBS253.55	citrus pulp 3% pH=6	10		d3:1.8
645	Penicillium brasilianum CBS253.55	cotton seed pulp 3%	7		d3:1.7
645	Penicillium brasilianum CBS253.55	D-fructose	5		d3:0.9
645	Penicillium brasilianum CBS253.55	D-galactose	1		d3:1.3
645	Penicillium brasilianum CBS253.55	D-galacturonic acid	3		d3:1.4
645	Penicillium brasilianum CBS253.55	D-glucose	5		d3:0.9
645	Penicillium brasilianum CBS253.55	D-glucuronic acid	2		d3:1.3
645	Penicillium brasilianum CBS253.55	D-mannose	4		d3:1.2
645	Penicillium brasilianum CBS253.55	D-ribose	4		d3:1.3
645	Penicillium brasilianum CBS253.55	D-xylose	4		d3:1.3
645	Penicillium brasilianum CBS253.55	guar gum 1%	7		d3:1.5
645	Penicillium brasilianum CBS253.55	inulin 1%	6		d3:1.3
645	Penicillium brasilianum CBS253.55	L-arabinose	3		d3:1.2
645	Penicillium brasilianum CBS253.55	L-rhamnose	4		d3:1.3
645	Penicillium brasilianum CBS253.55	lactose	3		d3:1.1
645	Penicillium brasilianum CBS253.55	maltose	5		d3:1.3
645	Penicillium brasilianum CBS253.55	no carbon source	1		d3:1.5
645	Penicillium brasilianum CBS253.55	raffinose	5		d3:1.2
645	Penicillium brasilianum CBS253.55	rice bran 3%	5		d3:0.9
645	Penicillium brasilianum CBS253.55	soluble starch 1%	6		d3:1.4
645	Penicillium brasilianum CBS253.55	soybean hulls 3%	10		d3:2
645	Penicillium brasilianum CBS253.55	sucrose	5		d3:1.2
645	Penicillium brasilianum CBS253.55	wheat bran 3%	10		d3:2
646	Penicillium brasilianum DTO 078-A2	alfalfa meal 3%	6		d3:2.1 d4:2.9
646	Penicillium brasilianum DTO 078-A2	apple pectin 1% pH=6	4		d3:1.4 d4:2.1
646	Penicillium brasilianum DTO 078-A2	arabic gum 1%	3		d3:1.4 d4:2
646	Penicillium brasilianum DTO 078-A2	arabinogalactan 1%			d3:1.2 d4:1.8
646	Penicillium brasilianum DTO 078-A2	beechwood xylan 1%	4		d3:1.1 d4:1.6
646	Penicillium brasilianum DTO 078-A2	birchwood xylan 1%	3		d3:1.3 d4:1.7
646	Penicillium brasilianum DTO 078-A2	casein 3%	1		d3:1 d4:2.2
646	Penicillium brasilianum DTO 078-A2	cellobiose	4		d3:0.7 d4:1.7
646	Penicillium brasilianum DTO 078-A2	cellulose 3%	2		d3:1.2 d4:1.5
646	Penicillium brasilianum DTO 078-A2	citrus pectin 1% pH=6	5		d3:1.2 d4:1.6
646	Penicillium brasilianum DTO 078-A2	citrus pulp 3% pH=6	7		d3:1.8 d4:2.4
646	Penicillium brasilianum DTO 078-A2	cotton seed pulp 3%	4		d3:1.8 d4:2.5
646	Penicillium brasilianum DTO 078-A2	D-fructose	5		d4:1.4
646	Penicillium brasilianum DTO 078-A2	D-galactose	4		d3:0.4 d4:0.7
646	Penicillium brasilianum DTO 078-A2	D-galacturonic acid	1		d3:0.5 d4:1.3
646	Penicillium brasilianum DTO 078-A2	D-glucose	5		d3:1 d4:1.3
646	Penicillium brasilianum DTO 078-A2	D-glucuronic acid	3		d4:1.5
646	Penicillium brasilianum DTO 078-A2	D-mannose	5		d3:1 d4:1.4
646	Penicillium brasilianum DTO 078-A2	D-ribose	5		d3:1 d4:1.5
646	Penicillium brasilianum DTO 078-A2	D-xylose	4		d3:1 d4:1.5
646	Penicillium brasilianum DTO 078-A2	guar gum 1%	6		d4:2
646	Penicillium brasilianum DTO 078-A2	inulin 1%	5		d3:0.3 d4:1.7
646	Penicillium brasilianum DTO 078-A2	L-arabinose	3		d3:1 d4:1.5
646	Penicillium brasilianum DTO 078-A2	L-rhamnose	2		d4:1.4
646	Penicillium brasilianum DTO 078-A2	lactose	3		d3:1.2 d4:1.6
646	Penicillium brasilianum DTO 078-A2	maltose	5		d4:1.7
646	Penicillium brasilianum DTO 078-A2	no carbon source	0		d3:1.4 d4:1.5
646	Penicillium brasilianum DTO 078-A2	raffinose	5		d3:1.2 d4:1.7
646	Penicillium brasilianum DTO 078-A2	rice bran 3%	5		d3:1.6 d4:2.5
646	Penicillium brasilianum DTO 078-A2	soluble starch 1%	5		d3:1.3 d4:1.8
646	Penicillium brasilianum DTO 078-A2	soybean hulls 3%	6		d3:2 d4:2.6
646	Penicillium brasilianum DTO 078-A2	sucrose	5		d3:1.1 d4:1.6
646	Penicillium brasilianum DTO 078-A2	wheat bran 3%	8		d3:2 d4:2.8
647	Penicillium brevicompactum CBS256.31	alfalfa meal 3%	8		d3:1.1 d4:1.4 d5:1.6 d6:2
647	Penicillium brevicompactum CBS256.31	apple pectin 1% pH=6	6		d3:0.8 d4:1.2 d5:1.4 d6:1.7
647	Penicillium brevicompactum CBS256.31	arabic gum 1%	2		d3:0.7 d4:1.1 d5:1.3 d6:1.4
647	Penicillium brevicompactum CBS256.31	arabinogalactan 1%			d3:0.7 d4:0.9 d5:1.1 d6:1.4
647	Penicillium brevicompactum CBS256.31	beechwood xylan 1%	5		d3:0.6 d4:0.8 d5:1 d6:1.3
647	Penicillium brevicompactum CBS256.31	birchwood xylan 1%	5		d3:0.7 d4:0.8 d5:1.1 d6:1.4
647	Penicillium brevicompactum CBS256.31	casein 3%	7		d3:1 d4:1.5 d5:1.5 d6:1.7
647	Penicillium brevicompactum CBS256.31	cellobiose	4		d3:0.7 d4:0.9 d5:1.1 d6:1.3
647	Penicillium brevicompactum CBS256.31	cellulose 3%	1		d3:0.5 d4:0.7 d5:1.2 d6:0.7
647	Penicillium brevicompactum CBS256.31	citrus pectin 1% pH=6	7		d3:0.8 d4:1.1 d5:1.3 d6:1.7
647	Penicillium brevicompactum CBS256.31	citrus pulp 3% pH=6	8		d3:1.1 d4:1.2 d5:1.5 d6:2
647	Penicillium brevicompactum CBS256.31	cotton seed pulp 3%	6		d3:1 d4:1.3 d5:1.3 d6:2
647	Penicillium brevicompactum CBS256.31	D-fructose	5		d3:0.6 d4:0.9 d5:1.1 d6:1.3
647	Penicillium brevicompactum CBS256.31	D-galactose	3		d3:0.6 d4:0.7 d5:1 d6:1.2
647	Penicillium brevicompactum CBS256.31	D-galacturonic acid	3		d3:0.6 d4:0.6 d5:1.1 d6:1.2
647	Penicillium brevicompactum CBS256.31	D-glucose	5		d3:0.7 d4:0.9 d5:1.1 d6:1.3
647	Penicillium brevicompactum CBS256.31	D-glucuronic acid	2		d3:0.7 d4:0.8 d5:1 d6:1.4
647	Penicillium brevicompactum CBS256.31	D-mannose	4		d3:0.7 d4:0.9 d5:1.1 d6:1.3
647	Penicillium brevicompactum CBS256.31	D-ribose	4		d3:0.8 d4:0.9 d5:1.1 d6:1.3
647	Penicillium brevicompactum CBS256.31	D-xylose	5		d3:0.7 d4:0.9 d5:1.1 d6:1.3
647	Penicillium brevicompactum CBS256.31	guar gum 1%	4		d3:1 d4:1.4 d5:1.3 d6:2.3
647	Penicillium brevicompactum CBS256.31	inulin 1%	5		d3:0.7 d4:0.8 d5:1.1 d6:1.4
647	Penicillium brevicompactum CBS256.31	L-arabinose	4		d3:0.6 d4:0.9 d5:1.1 d6:1.3
647	Penicillium brevicompactum CBS256.31	L-rhamnose	2		d3:0.6 d4:0.9 d5:1 d6:1.3
647	Penicillium brevicompactum CBS256.31	lactose	2		d3:0.6 d4:0.9 d5:1.1 d6:1.3
647	Penicillium brevicompactum CBS256.31	maltose	5		d3:0.7 d4:1 d5:1 d6:1.4
647	Penicillium brevicompactum CBS256.31	no carbon source	1		d3:0.7 d4:1 d6:0.7
647	Penicillium brevicompactum CBS256.31	raffinose	5		d3:0.7 d4:0.9 d5:1 d6:1.4
647	Penicillium brevicompactum CBS256.31	rice bran 3%	9		d3:1.2 d4:1.3 d5:1.6 d6:2
647	Penicillium brevicompactum CBS256.31	soluble starch 1%	6		d3:0.8 d4:1 d5:1.2 d6:1.5
647	Penicillium brevicompactum CBS256.31	soybean hulls 3%	9		d3:1.1 d4:1.4 d5:1.6 d6:2
647	Penicillium brevicompactum CBS256.31	sucrose	5		d3:0.7 d4:0.9 d5:1.1 d6:1.4
647	Penicillium brevicompactum CBS256.31	wheat bran 3%	10		d3:1.2 d4:1.4 d5:1.7 d6:2.4
648	Penicillium brevicompactum CBS257.29	alfalfa meal 3%	8		d7:2
648	Penicillium brevicompactum CBS257.29	apple pectin 1% pH=6	5		d7:1.8
648	Penicillium brevicompactum CBS257.29	arabic gum 1%	2		d7:1.8
648	Penicillium brevicompactum CBS257.29	arabinogalactan 1%			d7:2.1
648	Penicillium brevicompactum CBS257.29	beechwood xylan 1%	4		d7:1.6
648	Penicillium brevicompactum CBS257.29	birchwood xylan 1%	4		d7:1.6
648	Penicillium brevicompactum CBS257.29	casein 3%	5		d7:1.6
648	Penicillium brevicompactum CBS257.29	cellobiose	3		d7:1.8
648	Penicillium brevicompactum CBS257.29	cellulose 3%	1		d7:2
648	Penicillium brevicompactum CBS257.29	citrus pectin 1% pH=6	8		d7:2.3
648	Penicillium brevicompactum CBS257.29	citrus pulp 3% pH=6	6		d7:1.5
648	Penicillium brevicompactum CBS257.29	cotton seed pulp 3%	4		d7:2.1
648	Penicillium brevicompactum CBS257.29	D-fructose	5		d7:2
648	Penicillium brevicompactum CBS257.29	D-galactose	3		d7:1.9
648	Penicillium brevicompactum CBS257.29	D-galacturonic acid	2		d7:1.1
648	Penicillium brevicompactum CBS257.29	D-glucose	5		d7:2.1
648	Penicillium brevicompactum CBS257.29	D-glucuronic acid	2		d7:1.7
648	Penicillium brevicompactum CBS257.29	D-mannose	5		d7:2
648	Penicillium brevicompactum CBS257.29	D-ribose	4		d7:1.9
648	Penicillium brevicompactum CBS257.29	D-xylose	5		d7:2
648	Penicillium brevicompactum CBS257.29	guar gum 1%	4		d7:2.4
648	Penicillium brevicompactum CBS257.29	inulin 1%	5		d7:2
648	Penicillium brevicompactum CBS257.29	L-arabinose	3		d7:1.7
648	Penicillium brevicompactum CBS257.29	L-rhamnose	2		d7:1.8
648	Penicillium brevicompactum CBS257.29	lactose	2		d7:1.8
648	Penicillium brevicompactum CBS257.29	maltose	5		d7:1.9
648	Penicillium brevicompactum CBS257.29	no carbon source	1		d7:1.8
648	Penicillium brevicompactum CBS257.29	raffinose	4		d7:2.1
648	Penicillium brevicompactum CBS257.29	rice bran 3%	9		d7:2.3
648	Penicillium brevicompactum CBS257.29	soluble starch 1%	5		d7:1.9
648	Penicillium brevicompactum CBS257.29	soybean hulls 3%	9		d7:2.2
648	Penicillium brevicompactum CBS257.29	sucrose	4		d7:1.9
648	Penicillium brevicompactum CBS257.29	wheat bran 3%	10		d7:2.4
649	Penicillium brevicompactum Pe302	alfalfa meal 3%	8		d7:2
649	Penicillium brevicompactum Pe302	apple pectin 1% pH=6	7		d7:1.7
649	Penicillium brevicompactum Pe302	arabic gum 1%	3		d7:1.8
649	Penicillium brevicompactum Pe302	arabinogalactan 1%			d7:1.5
649	Penicillium brevicompactum Pe302	beechwood xylan 1%	6		d7:1.6
649	Penicillium brevicompactum Pe302	birchwood xylan 1%	6		d7:1.7
649	Penicillium brevicompactum Pe302	casein 3%	7		d7:1.6
649	Penicillium brevicompactum Pe302	cellobiose	5		d7:1.5
649	Penicillium brevicompactum Pe302	cellulose 3%	1		d7:1.1
649	Penicillium brevicompactum Pe302	citrus pectin 1% pH=6	7		d7:1.7
649	Penicillium brevicompactum Pe302	citrus pulp 3% pH=6	8		d7:1.9
649	Penicillium brevicompactum Pe302	cotton seed pulp 3%	8		d7:2
649	Penicillium brevicompactum Pe302	D-fructose	5		d7:1.7
649	Penicillium brevicompactum Pe302	D-galactose	5		d7:1.7
649	Penicillium brevicompactum Pe302	D-galacturonic acid	4		d7:1.1
649	Penicillium brevicompactum Pe302	D-glucose	5		d7:1.7
649	Penicillium brevicompactum Pe302	D-glucuronic acid	4		d7:1.2
649	Penicillium brevicompactum Pe302	D-mannose	5		d7:1.4
649	Penicillium brevicompactum Pe302	D-ribose	5		d7:1.5
649	Penicillium brevicompactum Pe302	D-xylose	5		d7:1.5
649	Penicillium brevicompactum Pe302	guar gum 1%	6		d7:1.9
649	Penicillium brevicompactum Pe302	inulin 1%	6		d7:1.6
649	Penicillium brevicompactum Pe302	L-arabinose	5		d7:1.5
649	Penicillium brevicompactum Pe302	L-rhamnose	5		d7:1.6
649	Penicillium brevicompactum Pe302	lactose	3		d7:1.6
649	Penicillium brevicompactum Pe302	maltose	6		d7:1.6
649	Penicillium brevicompactum Pe302	no carbon source	1		d7:1.7
649	Penicillium brevicompactum Pe302	raffinose	5		d7:1.5
649	Penicillium brevicompactum Pe302	rice bran 3%	10		d7:2.2
649	Penicillium brevicompactum Pe302	soluble starch 1%	7		d7:1.8
649	Penicillium brevicompactum Pe302	soybean hulls 3%	10		d7:2.3
649	Penicillium brevicompactum Pe302	sucrose	5		d7:1.4
649	Penicillium brevicompactum Pe302	wheat bran 3%	10		d7:2.2
650	Penicillium canescens Pe239	alfalfa meal 3%	10		d6:2.5
650	Penicillium canescens Pe239	apple pectin 1% pH=6	5		d6:2.6
650	Penicillium canescens Pe239	arabic gum 1%	2		d6:2.5
650	Penicillium canescens Pe239	arabinogalactan 1%			d6:2.6
650	Penicillium canescens Pe239	beechwood xylan 1%	4		d6:1.9
650	Penicillium canescens Pe239	birchwood xylan 1%	4		d6:1.8
650	Penicillium canescens Pe239	casein 3%	4		d6:2.2
650	Penicillium canescens Pe239	cellobiose	3		d6:2
650	Penicillium canescens Pe239	cellulose 3%	1		d6:2
650	Penicillium canescens Pe239	citrus pectin 1% pH=6	6		d6:2.4
650	Penicillium canescens Pe239	citrus pulp 3% pH=6	8		d6:2.3
650	Penicillium canescens Pe239	cotton seed pulp 3%	7		d6:2.2
650	Penicillium canescens Pe239	D-fructose	5		d6:2.5
650	Penicillium canescens Pe239	D-galactose	3		d6:1.8
650	Penicillium canescens Pe239	D-galacturonic acid	2		d6:0.9
650	Penicillium canescens Pe239	D-glucose	5		d6:2.5
650	Penicillium canescens Pe239	D-glucuronic acid	2		d6:1.5
650	Penicillium canescens Pe239	D-mannose	5		d6:2.3
650	Penicillium canescens Pe239	D-ribose	4		d6:2.2
650	Penicillium canescens Pe239	D-xylose	5		d6:2.4
650	Penicillium canescens Pe239	guar gum 1%	9		d6:2.6
650	Penicillium canescens Pe239	inulin 1%	6		d6:2.4
650	Penicillium canescens Pe239	L-arabinose	4		d6:2.3
650	Penicillium canescens Pe239	L-rhamnose	4		d6:2.2
650	Penicillium canescens Pe239	lactose	1		d6:1.9
650	Penicillium canescens Pe239	maltose	6		d6:2.3
650	Penicillium canescens Pe239	no carbon source	1		d6:1.5
650	Penicillium canescens Pe239	raffinose	6		d6:2.2
650	Penicillium canescens Pe239	rice bran 3%	8		d6:2
650	Penicillium canescens Pe239	soluble starch 1%	6		d6:2.6
650	Penicillium canescens Pe239	soybean hulls 3%	10		d6:2.4
650	Penicillium canescens Pe239	sucrose	5		d6:2.3
650	Penicillium canescens Pe239	wheat bran 3%	9		d6:2.3
651	Penicillium chrysogenum CBS277.47	alfalfa meal 3%	9		d3:1.4 d4:2
651	Penicillium chrysogenum CBS277.47	apple pectin 1% pH=6	4		d3:1.1 d4:1.6
651	Penicillium chrysogenum CBS277.47	arabic gum 1%	2		d3:1.1 d4:1.7
651	Penicillium chrysogenum CBS277.47	arabinogalactan 1%			d3:1 d4:1.7
651	Penicillium chrysogenum CBS277.47	beechwood xylan 1%	4		d3:1 d4:1.4
651	Penicillium chrysogenum CBS277.47	birchwood xylan 1%	4		d3:1 d4:1.5
651	Penicillium chrysogenum CBS277.47	casein 3%	5		d3:1.2 d4:1.9
651	Penicillium chrysogenum CBS277.47	cellobiose	4		d3:1.1 d4:1.5
651	Penicillium chrysogenum CBS277.47	cellulose 3%	1		d3:1.1 d4:1.5
651	Penicillium chrysogenum CBS277.47	citrus pectin 1% pH=6	5		d3:1.2 d4:1.7
651	Penicillium chrysogenum CBS277.47	citrus pulp 3% pH=6	10		d3:1.4 d4:2
651	Penicillium chrysogenum CBS277.47	cotton seed pulp 3%	4		d3:1.4 d4:1.7
651	Penicillium chrysogenum CBS277.47	D-fructose	5		d3:1.1 d4:1.6
651	Penicillium chrysogenum CBS277.47	D-galactose	4		d3:1 d4:1.4
651	Penicillium chrysogenum CBS277.47	D-galacturonic acid	2		d3:0.4 d4:0.6
651	Penicillium chrysogenum CBS277.47	D-glucose	5		d3:0.9 d4:1.7
651	Penicillium chrysogenum CBS277.47	D-glucuronic acid	3		d3:1 d4:1.5
651	Penicillium chrysogenum CBS277.47	D-mannose	5		d3:1.3 d4:1.7
651	Penicillium chrysogenum CBS277.47	D-ribose	4		d3:1 d4:1.5
651	Penicillium chrysogenum CBS277.47	D-xylose	4		d3:1 d4:1.5
651	Penicillium chrysogenum CBS277.47	guar gum 1%	6		d3:1.3 d4:1.8
651	Penicillium chrysogenum CBS277.47	inulin 1%	5		d3:1.1 d4:1.2
651	Penicillium chrysogenum CBS277.47	L-arabinose	3		d3:1 d4:1.4
651	Penicillium chrysogenum CBS277.47	L-rhamnose	2		d3:1 d4:1.5
651	Penicillium chrysogenum CBS277.47	lactose	3		d3:1.2 d4:1.4
651	Penicillium chrysogenum CBS277.47	maltose	4		d3:1 d4:1.5
651	Penicillium chrysogenum CBS277.47	no carbon source	1		d3:1.1 d4:1.5
651	Penicillium chrysogenum CBS277.47	raffinose	5		d3:1 d4:1.5
651	Penicillium chrysogenum CBS277.47	rice bran 3%	7		d3:1.4 d4:1.9
651	Penicillium chrysogenum CBS277.47	soluble starch 1%	4		d3:1 d4:1.5
651	Penicillium chrysogenum CBS277.47	soybean hulls 3%	9		d3:1.5 d4:2
651	Penicillium chrysogenum CBS277.47	sucrose	5		d3:1 d4:1.7
651	Penicillium chrysogenum CBS277.47	wheat bran 3%	10		d3:1.6 d4:2.3
652	Penicillium chrysogenum CBS307.48	alfalfa meal 3%	10		d3:1.4 d4:2.2
652	Penicillium chrysogenum CBS307.48	apple pectin 1% pH=6	4		d3:1.1 d4:1.6
652	Penicillium chrysogenum CBS307.48	arabic gum 1%	2		d3:1 d4:1.5
652	Penicillium chrysogenum CBS307.48	arabinogalactan 1%			d3:1.1 d4:1.6
652	Penicillium chrysogenum CBS307.48	beechwood xylan 1%	4		d3:0.8 d4:1.3
652	Penicillium chrysogenum CBS307.48	birchwood xylan 1%	5		d3:0.9 d4:1.4
652	Penicillium chrysogenum CBS307.48	casein 3%	4		d3:1.3 d4:1.6
652	Penicillium chrysogenum CBS307.48	cellobiose	5		d3:0.8 d4:1.4
652	Penicillium chrysogenum CBS307.48	cellulose 3%	1		d3:0.8 d4:1.2
652	Penicillium chrysogenum CBS307.48	citrus pectin 1% pH=6	4		d3:0.9 d4:1.4
652	Penicillium chrysogenum CBS307.48	citrus pulp 3% pH=6	8		d3:1 d4:1.7
652	Penicillium chrysogenum CBS307.48	cotton seed pulp 3%	6		d3:1.2 d4:1.8
652	Penicillium chrysogenum CBS307.48	D-fructose	4		d3:1 d4:1.5
652	Penicillium chrysogenum CBS307.48	D-galactose	0		d3:1 d4:1.4
652	Penicillium chrysogenum CBS307.48	D-galacturonic acid	3		d3:0.3 d4:0.5
652	Penicillium chrysogenum CBS307.48	D-glucose	5		d3:1 d4:1.4
652	Penicillium chrysogenum CBS307.48	D-glucuronic acid	3		d3:0.9 d4:1.2
652	Penicillium chrysogenum CBS307.48	D-mannose	5		d3:1 d4:1.3
652	Penicillium chrysogenum CBS307.48	D-ribose	5		d3:1 d4:1.5
652	Penicillium chrysogenum CBS307.48	D-xylose	5		d3:1 d4:1.4
652	Penicillium chrysogenum CBS307.48	guar gum 1%	6		d3:1.2 d4:1.6
652	Penicillium chrysogenum CBS307.48	inulin 1%	5		d3:0.9 d4:1.4
652	Penicillium chrysogenum CBS307.48	L-arabinose	2		d3:0.7 d4:1.2
652	Penicillium chrysogenum CBS307.48	L-rhamnose	2		d3:1 d4:1.1
652	Penicillium chrysogenum CBS307.48	lactose	2		d3:1 d4:1.3
652	Penicillium chrysogenum CBS307.48	maltose	4		d3:1 d4:1.5
652	Penicillium chrysogenum CBS307.48	no carbon source	1		d3:0.7 d4:1.4
652	Penicillium chrysogenum CBS307.48	raffinose	6		d3:1 d4:1.4
652	Penicillium chrysogenum CBS307.48	rice bran 3%	7		d3:1 d4:1.5
652	Penicillium chrysogenum CBS307.48	soluble starch 1%	6		d3:1 d4:1.5
652	Penicillium chrysogenum CBS307.48	soybean hulls 3%	6		d3:1.4 d4:1.8
652	Penicillium chrysogenum CBS307.48	sucrose	5		d3:0.8 d4:1.3
652	Penicillium chrysogenum CBS307.48	wheat bran 3%	9		d3:1.4 d4:2.1
653	Penicillium citrinum CBS139.45	alfalfa meal 3%	8		d3:1.1 d4:1.2 d5:1.4 d6:1.6
653	Penicillium citrinum CBS139.45	apple pectin 1% pH=6	7		d3:1 d4:1.4 d5:1.6 d6:2
653	Penicillium citrinum CBS139.45	arabic gum 1%	1		d3:0.9 d4:1.5 d5:1.5 d6:1.9
653	Penicillium citrinum CBS139.45	arabinogalactan 1%			d3:0.8 d4:1.3 d5:1.4 d6:1.8
653	Penicillium citrinum CBS139.45	beechwood xylan 1%	5		d3:0.4 d4:1.1 d5:1.2 d6:1.5
653	Penicillium citrinum CBS139.45	birchwood xylan 1%	5		d3:0.4 d4:1.1 d5:1.3 d6:1.6
653	Penicillium citrinum CBS139.45	casein 3%	3		d3:0.7 d4:1.4 d5:1.6 d6:1.6
653	Penicillium citrinum CBS139.45	cellobiose	5		d3:0.9 d4:1.2 d5:1.5 d6:1.8
653	Penicillium citrinum CBS139.45	cellulose 3%	1		d3:0.4 d4:0.6 d5:0.8 d6:1.3
653	Penicillium citrinum CBS139.45	citrus pectin 1% pH=6	6		d3:0.8 d4:1.3 d5:1.5 d6:1.7
653	Penicillium citrinum CBS139.45	citrus pulp 3% pH=6	9		d3:0.9 d4:1.5 d5:1.7 d6:1.8
653	Penicillium citrinum CBS139.45	cotton seed pulp 3%	6		d3:0.6 d4:1.1 d5:1.3 d6:1.6
653	Penicillium citrinum CBS139.45	D-fructose	5		d3:0.3 d4:1.4 d5:1.6 d6:2.3
653	Penicillium citrinum CBS139.45	D-galactose	4		d3:0.9 d4:1.3 d5:1.5 d6:1.7
653	Penicillium citrinum CBS139.45	D-galacturonic acid	3		d3:0.7 d4:1.2 d5:1.2 d6:1.6
653	Penicillium citrinum CBS139.45	D-glucose	5		d3:0.6 d4:1.3 d5:1.6 d6:2
653	Penicillium citrinum CBS139.45	D-glucuronic acid	2		d3:0.8 d4:1.2 d5:1.3 d6:1.6
653	Penicillium citrinum CBS139.45	D-mannose	4		d3:1 d4:1.2 d5:1.5 d6:1.4
653	Penicillium citrinum CBS139.45	D-ribose	4		d3:0.6 d4:1.3 d5:1.4 d6:1.6
653	Penicillium citrinum CBS139.45	D-xylose	4		d3:0.6 d4:1.1 d5:1.3 d6:1.5
653	Penicillium citrinum CBS139.45	guar gum 1%	3		d3:0.9 d4:1.4 d5:1.5 d6:1.8
653	Penicillium citrinum CBS139.45	inulin 1%	6		d3:0.8 d4:1.3 d5:1.5 d6:1.6
653	Penicillium citrinum CBS139.45	L-arabinose	3		d3:0.7 d4:1.2 d5:1.4 d6:1.6
653	Penicillium citrinum CBS139.45	L-rhamnose	3		d3:0.8 d4:1.2 d5:1.1 d6:1.7
653	Penicillium citrinum CBS139.45	lactose	2		d3:0.8 d4:1.2 d5:1.1 d6:1.5
653	Penicillium citrinum CBS139.45	maltose	4		d3:0.8 d4:1 d5:1.1 d6:1.4
653	Penicillium citrinum CBS139.45	no carbon source	1		d3:1 d4:1.5 d5:1.5 d6:1.8
653	Penicillium citrinum CBS139.45	raffinose	4		d3:0.8 d4:1.1 d5:1.3 d6:1.6
653	Penicillium citrinum CBS139.45	rice bran 3%	10		d3:1 d4:1.6 d5:1.6 d6:2
653	Penicillium citrinum CBS139.45	soluble starch 1%	5		d3:0.9 d4:1.2 d5:1.3 d6:1.6
653	Penicillium citrinum CBS139.45	soybean hulls 3%	9		d3:1.1 d4:1.5 d5:1.8 d6:1.8
653	Penicillium citrinum CBS139.45	sucrose	4		d3:0.8 d4:1.1 d5:1.2 d6:1.5
653	Penicillium citrinum CBS139.45	wheat bran 3%	10		d3:1.1 d4:1.6 d5:1.8 d6:2.2
654	penicillium expansum Pe248	alfalfa meal 3%	10		d5:2.3
654	penicillium expansum Pe248	apple pectin 1% pH=6	8		d5:2.4
654	penicillium expansum Pe248	arabic gum 1%	1		d5:2.2
654	penicillium expansum Pe248	arabinogalactan 1%			d5:2.3
654	penicillium expansum Pe248	beechwood xylan 1%	4		d5:1.8
654	penicillium expansum Pe248	birchwood xylan 1%	4		d5:1.3
654	penicillium expansum Pe248	casein 3%	1		d5:2
654	penicillium expansum Pe248	cellobiose	3		d5:2
654	penicillium expansum Pe248	cellulose 3%	1		d5:1
654	penicillium expansum Pe248	citrus pectin 1% pH=6	5		d5:2.1
654	penicillium expansum Pe248	citrus pulp 3% pH=6	9		d5:2.5
654	penicillium expansum Pe248	cotton seed pulp 3%	4		d5:2.2
654	penicillium expansum Pe248	D-fructose	6		d5:2.2
654	penicillium expansum Pe248	D-galactose	2		d5:1.3
654	penicillium expansum Pe248	D-galacturonic acid	3		d5:1.4
654	penicillium expansum Pe248	D-glucose	5		d5:2.2
654	penicillium expansum Pe248	D-glucuronic acid	3		d5:1.9
654	penicillium expansum Pe248	D-mannose	4		d5:2
654	penicillium expansum Pe248	D-ribose	3		d5:2
654	penicillium expansum Pe248	D-xylose	6		d5:2.2
654	penicillium expansum Pe248	guar gum 1%	3		d5:2.8
654	penicillium expansum Pe248	inulin 1%	5		d5:2.1
654	penicillium expansum Pe248	L-arabinose	3		d5:2
654	penicillium expansum Pe248	L-rhamnose	3		d5:1.8
654	penicillium expansum Pe248	lactose	2		d5:1.8
654	penicillium expansum Pe248	maltose	6		d5:2.2
654	penicillium expansum Pe248	no carbon source	1		d5:1.8
654	penicillium expansum Pe248	raffinose	5		d5:1.9
654	penicillium expansum Pe248	rice bran 3%	9		d5:2.3
654	penicillium expansum Pe248	soluble starch 1%	6		d5:2.2
654	penicillium expansum Pe248	soybean hulls 3%	10		d5:2.5
654	penicillium expansum Pe248	sucrose	7		d5:2.3
654	penicillium expansum Pe248	wheat bran 3%	9		d5:2.4
655	Penicillium fellutanum Pe245	alfalfa meal 3%	8		d8:1.6
655	Penicillium fellutanum Pe245	apple pectin 1% pH=6	7		d8:1.7
655	Penicillium fellutanum Pe245	arabic gum 1%	3		d8:1.6
655	Penicillium fellutanum Pe245	arabinogalactan 1%			d8:1.2
655	Penicillium fellutanum Pe245	beechwood xylan 1%	5		d8:1.2
655	Penicillium fellutanum Pe245	birchwood xylan 1%	5		d8:1.2
655	Penicillium fellutanum Pe245	casein 3%	2		d8:1.8
655	Penicillium fellutanum Pe245	cellobiose	5		d8:1.3
655	Penicillium fellutanum Pe245	cellulose 3%	0		d8:1.5
655	Penicillium fellutanum Pe245	citrus pectin 1% pH=6	8		d8:1.7
655	Penicillium fellutanum Pe245	citrus pulp 3% pH=6	9		d8:1.7
655	Penicillium fellutanum Pe245	cotton seed pulp 3%	7		d8:1.6
655	Penicillium fellutanum Pe245	D-fructose	5		d8:1.3
655	Penicillium fellutanum Pe245	D-galactose	3		d8:1.2
655	Penicillium fellutanum Pe245	D-galacturonic acid	3		d8:1
655	Penicillium fellutanum Pe245	D-glucose	5		d8:1.4
655	Penicillium fellutanum Pe245	D-glucuronic acid	3		d8:1
655	Penicillium fellutanum Pe245	D-mannose	5		d8:1.3
655	Penicillium fellutanum Pe245	D-ribose	5		d8:1.3
655	Penicillium fellutanum Pe245	D-xylose	5		d8:1.3
655	Penicillium fellutanum Pe245	guar gum 1%	3		d8:1.9
655	Penicillium fellutanum Pe245	inulin 1%	6		d8:1.4
655	Penicillium fellutanum Pe245	L-arabinose	4		d8:1.3
655	Penicillium fellutanum Pe245	L-rhamnose	4		d8:1.2
655	Penicillium fellutanum Pe245	lactose	2		d8:1.2
655	Penicillium fellutanum Pe245	maltose	6		d8:1.5
655	Penicillium fellutanum Pe245	no carbon source	1		d8:1.3
655	Penicillium fellutanum Pe245	raffinose	6		d8:1.6
655	Penicillium fellutanum Pe245	rice bran 3%	8		d8:1.6
655	Penicillium fellutanum Pe245	soluble starch 1%	6		d8:1.4
655	Penicillium fellutanum Pe245	soybean hulls 3%	8		d8:1.6
655	Penicillium fellutanum Pe245	sucrose	6		d8:1.5
655	Penicillium fellutanum Pe245	wheat bran 3%	10		d8:1.8
656	Talaromyces funiculosus CBS170.91	alfalfa meal 3%	8		d4:1.7 d5:1.4 d6:1.8
656	Talaromyces funiculosus CBS170.91	apple pectin 1% pH=6	4		d4:1.6 d5:1.8 d6:2.2
656	Talaromyces funiculosus CBS170.91	arabic gum 1%	3		d4:1.4 d5:1.4 d6:2
656	Talaromyces funiculosus CBS170.91	arabinogalactan 1%			d4:1.1 d5:1.5 d6:2.2
656	Talaromyces funiculosus CBS170.91	beechwood xylan 1%	4		d4:1.1 d5:1.4 d6:1.8
656	Talaromyces funiculosus CBS170.91	birchwood xylan 1%	4		d4:1.2 d5:1.6 d6:1.6
656	Talaromyces funiculosus CBS170.91	casein 3%	1		d4:1.7 d5:2 d6:2.1
656	Talaromyces funiculosus CBS170.91	cellobiose	6		d4:1 d5:1.1 d6:1.5
656	Talaromyces funiculosus CBS170.91	cellulose 3%	2		d4:1 d5:1.4 d6:2.2
656	Talaromyces funiculosus CBS170.91	citrus pectin 1% pH=6	6		d4:0.3 d5:0.6 d6:0.8
656	Talaromyces funiculosus CBS170.91	citrus pulp 3% pH=6	9		d4:1.6 d5:2 d6:2.7
656	Talaromyces funiculosus CBS170.91	cotton seed pulp 3%	10		d4:1.6 d5:2 d6:2.5
656	Talaromyces funiculosus CBS170.91	D-fructose	4		d4:0.3 d5:0.4 d6:0.6
656	Talaromyces funiculosus CBS170.91	D-galactose	1		d4:1 d5:1 d6:1.4
656	Talaromyces funiculosus CBS170.91	D-galacturonic acid	2		d4:1.2 d5:1.5 d6:1.8
656	Talaromyces funiculosus CBS170.91	D-glucose	5		d4:0.1 d5:0.4 d6:0.7
656	Talaromyces funiculosus CBS170.91	D-glucuronic acid	2		d4:1 d5:1.1 d6:1.2
656	Talaromyces funiculosus CBS170.91	D-mannose	2		d4:0.6 d5:1.7 d6:0.9
656	Talaromyces funiculosus CBS170.91	D-ribose	1		d4:1 d5:1.1 d6:1.5
656	Talaromyces funiculosus CBS170.91	D-xylose	2		d4:1 d5:1.1 d6:1.2
656	Talaromyces funiculosus CBS170.91	guar gum 1%	8		d4:1.4 d5:1.9 d6:2
656	Talaromyces funiculosus CBS170.91	inulin 1%	2		d4:1.1 d5:1.8 d6:1.7
656	Talaromyces funiculosus CBS170.91	L-arabinose	3		d4:1 d5:1.1 d6:1.2
656	Talaromyces funiculosus CBS170.91	L-rhamnose	3		d4:1.1 d5:1.2 d6:1.2
656	Talaromyces funiculosus CBS170.91	lactose	2		d4:0.7 d5:1.1 d6:1.2
656	Talaromyces funiculosus CBS170.91	maltose	5		d4:1 d5:1.2 d6:1.4
656	Talaromyces funiculosus CBS170.91	no carbon source	1		d4:1 d5:1.1 d6:1.4
656	Talaromyces funiculosus CBS170.91	raffinose	2		d4:1 d5:1.1 d6:1.4
656	Talaromyces funiculosus CBS170.91	rice bran 3%	9		d4:1.7 d5:2 d6:2.6
656	Talaromyces funiculosus CBS170.91	soluble starch 1%	7		d4:0.8 d5:1.1 d6:1.3
656	Talaromyces funiculosus CBS170.91	soybean hulls 3%	9		d4:1.6 d5:2.1 d6:2.6
656	Talaromyces funiculosus CBS170.91	sucrose	4		d4:0.7 d5:0.9 d6:1.1
656	Talaromyces funiculosus CBS170.91	wheat bran 3%	10		d4:1.7 d5:2 d6:2.6
658	Penicillium glabrum CBS125543	alfalfa meal 3%	5		d2:0.8 d3:1 d4:1.5 d7:2.3
658	Penicillium glabrum CBS125543	apple pectin 1% pH=6	5		d2:0.6 d3:1 d4:1.4 d7:2.3
658	Penicillium glabrum CBS125543	arabic gum 1%	1		d2:0.8 d3:1 d4:1.4 d7:2.1
658	Penicillium glabrum CBS125543	arabinogalactan 1%			d2:0.7 d3:1.1 d4:1.4 d7:2.2
658	Penicillium glabrum CBS125543	beechwood xylan 1%	5		d2:0.6 d3:1 d4:1.3 d7:2.2
658	Penicillium glabrum CBS125543	birchwood xylan 1%	5		d2:0.6 d3:0.8 d4:1.3 d7:2.2
658	Penicillium glabrum CBS125543	casein 3%	3		d2:0.7 d3:0.9 d4:1.2 d7:1.9
658	Penicillium glabrum CBS125543	cellobiose	4		d2:0.6 d3:0.9 d4:1.3 d7:2
658	Penicillium glabrum CBS125543	cellulose 3%	1		d2:0.7 d3:0.8 d4:1.3 d7:1.9
658	Penicillium glabrum CBS125543	citrus pectin 1% pH=6	5		d2:0.4 d3:0.6 d4:0.9 d7:1.9
658	Penicillium glabrum CBS125543	citrus pulp 3% pH=6	9		d2:0.8 d3:1 d4:1.6 d7:2.3
658	Penicillium glabrum CBS125543	cotton seed pulp 3%	1		d2:0.4 d3:1 d4:1.4 d7:1.8
658	Penicillium glabrum CBS125543	D-fructose	5		d2:0.6 d3:1 d4:1.3 d7:2.2
658	Penicillium glabrum CBS125543	D-galactose	0		d2:0 d3:0 d4:0 d7:0
658	Penicillium glabrum CBS125543	D-galacturonic acid	2		d2:0.3 d3:0.6 d4:0.8 d7:1.5
658	Penicillium glabrum CBS125543	D-glucose	5		d2:0.6 d3:1 d4:1.3 d7:2.2
658	Penicillium glabrum CBS125543	D-glucuronic acid	2		d2:0.5 d3:0.8 d4:1.1 d7:1.6
658	Penicillium glabrum CBS125543	D-mannose	4		d2:0.6 d3:0.8 d4:1.2 d7:2
658	Penicillium glabrum CBS125543	D-ribose	4		d2:0.6 d3:0.8 d4:1.2 d7:2
658	Penicillium glabrum CBS125543	D-xylose	5		d2:0.5 d3:0.8 d4:1.2 d7:2
658	Penicillium glabrum CBS125543	guar gum 1%	2		d2:0.6 d3:1.1 d4:1.5 d7:2.6
658	Penicillium glabrum CBS125543	inulin 1%	1		d2:0.7 d3:1 d4:1.3 d7:1.9
658	Penicillium glabrum CBS125543	L-arabinose	3		d2:0.6 d3:0.9 d4:1.1 d7:2
658	Penicillium glabrum CBS125543	L-rhamnose	2		d2:0.5 d3:0.7 d4:1.1 d7:1.6
658	Penicillium glabrum CBS125543	lactose	1		d2:0.6 d3:0.9 d4:1.2 d7:1.6
658	Penicillium glabrum CBS125543	maltose	4		d2:0.6 d3:0.8 d4:1.2 d7:2
658	Penicillium glabrum CBS125543	no carbon source	1		d2:0.5 d3:0.8 d4:1.1 d7:1.7
658	Penicillium glabrum CBS125543	raffinose	5		d2:0.6 d3:0.9 d4:1.3 d7:2.1
658	Penicillium glabrum CBS125543	rice bran 3%	6		d2:0.7 d3:1.1 d4:1.6 d7:2.4
658	Penicillium glabrum CBS125543	soluble starch 1%	4		d2:0.7 d3:1 d4:1.4 d7:2.2
658	Penicillium glabrum CBS125543	soybean hulls 3%	7		d2:0.7 d3:0.9 d4:1.5 d7:2.2
658	Penicillium glabrum CBS125543	sucrose	5		d2:0.5 d3:0.9 d4:1.3 d7:2.1
658	Penicillium glabrum CBS125543	wheat bran 3%	9		d2:0.7 d3:1 d4:1.5 d7:2.5
659	Penicillium glabrum Pe215	alfalfa meal 3%	9		d5:1.9
659	Penicillium glabrum Pe215	apple pectin 1% pH=6	4		d5:2.3
659	Penicillium glabrum Pe215	arabic gum 1%	2		d5:1.7
659	Penicillium glabrum Pe215	arabinogalactan 1%			d5:1.8
659	Penicillium glabrum Pe215	beechwood xylan 1%	3		d5:1.4
659	Penicillium glabrum Pe215	birchwood xylan 1%	3		d5:1.3
659	Penicillium glabrum Pe215	casein 3%	2		d5:1.7
659	Penicillium glabrum Pe215	cellobiose	6		d5:1.8
659	Penicillium glabrum Pe215	cellulose 3%	1		d5:1
659	Penicillium glabrum Pe215	citrus pectin 1% pH=6	6		d5:1.7
659	Penicillium glabrum Pe215	citrus pulp 3% pH=6	9		d5:1.9
659	Penicillium glabrum Pe215	cotton seed pulp 3%	3		d5:1.6
659	Penicillium glabrum Pe215	D-fructose	6		d5:1.8
659	Penicillium glabrum Pe215	D-galactose	4		d5:1.1
659	Penicillium glabrum Pe215	D-galacturonic acid	6		d5:2.2
659	Penicillium glabrum Pe215	D-glucose	5		d5:1.6
659	Penicillium glabrum Pe215	D-glucuronic acid	3		d5:1.8
659	Penicillium glabrum Pe215	D-mannose	4		d5:1.3
659	Penicillium glabrum Pe215	D-ribose	2		d5:1
659	Penicillium glabrum Pe215	D-xylose	5		d5:1.6
659	Penicillium glabrum Pe215	guar gum 1%	2		d5:2
659	Penicillium glabrum Pe215	inulin 1%	1		d5:1.6
659	Penicillium glabrum Pe215	L-arabinose	3		d5:1.8
659	Penicillium glabrum Pe215	L-rhamnose	3		d5:1.6
659	Penicillium glabrum Pe215	lactose	1		d5:1.5
659	Penicillium glabrum Pe215	maltose	5		d5:1.6
659	Penicillium glabrum Pe215	no carbon source	1		d5:1.4
659	Penicillium glabrum Pe215	raffinose	6		d5:1.7
659	Penicillium glabrum Pe215	rice bran 3%	8		d5:1.7
659	Penicillium glabrum Pe215	soluble starch 1%	6		d5:1.8
659	Penicillium glabrum Pe215	soybean hulls 3%	7		d5:1.9
659	Penicillium glabrum Pe215	sucrose	5		d5:1.6
659	Penicillium glabrum Pe215	wheat bran 3%	10		d5:2.2
660	Penicillium groenlandense CBS102887	alfalfa meal 3%	10		d5:1.3 d6:1.5 d7:1.8
660	Penicillium groenlandense CBS102887	apple pectin 1% pH=6	5		d5:1.1 d6:1.3 d7:1.6
660	Penicillium groenlandense CBS102887	arabic gum 1%	4		d5:1 d6:1.2 d7:1.4
660	Penicillium groenlandense CBS102887	arabinogalactan 1%			d5:1 d6:1 d7:1.3
660	Penicillium groenlandense CBS102887	beechwood xylan 1%	3		d5:0.8 d6:0.9 d7:1.3
660	Penicillium groenlandense CBS102887	birchwood xylan 1%	3		d5:0.9 d6:0.9 d7:1.1
660	Penicillium groenlandense CBS102887	casein 3%	6		d5:1 d6:1.2 d7:1.5
660	Penicillium groenlandense CBS102887	cellobiose	4		d5:0.8 d6:0.9 d7:1
660	Penicillium groenlandense CBS102887	cellulose 3%	3		d5:0.7 d6:0.8 d7:0.7
660	Penicillium groenlandense CBS102887	citrus pectin 1% pH=6	5		d5:0.7 d6:1 d7:1.2
660	Penicillium groenlandense CBS102887	citrus pulp 3% pH=6	8		d5:1.1 d6:1.3 d7:1.6
660	Penicillium groenlandense CBS102887	cotton seed pulp 3%	6		d5:0.9 d6:1.4 d7:1.7
660	Penicillium groenlandense CBS102887	D-fructose	6		d5:0.6 d6:0.9 d7:1.2
660	Penicillium groenlandense CBS102887	D-galactose	4		d5:0.6 d6:0.9 d7:1.1
660	Penicillium groenlandense CBS102887	D-galacturonic acid	2		d5:0.3 d6:0.6 d7:0.6
660	Penicillium groenlandense CBS102887	D-glucose	5		d5:0.5 d6:0.9 d7:1
660	Penicillium groenlandense CBS102887	D-glucuronic acid	2		d5:0.6 d6:0.7 d7:0.9
660	Penicillium groenlandense CBS102887	D-mannose	6		
660	Penicillium groenlandense CBS102887	D-ribose	5		d5:0.7 d6:0.9 d7:1.1
660	Penicillium groenlandense CBS102887	D-xylose	5		d5:0.7 d6:0.9 d7:1
660	Penicillium groenlandense CBS102887	guar gum 1%	7		d5:1.1 d6:1.2 d7:1.6
660	Penicillium groenlandense CBS102887	inulin 1%	6		d5:0.7 d6:1 d7:1.2
660	Penicillium groenlandense CBS102887	L-arabinose	4		d5:0.6 d6:1 d7:1
660	Penicillium groenlandense CBS102887	L-rhamnose	3		d5:0.7 d6:0.8 d7:1
660	Penicillium groenlandense CBS102887	lactose	2		d5:0.7 d6:0.6 d7:1
660	Penicillium groenlandense CBS102887	maltose	5		d5:0.6 d6:0.9 d7:1
660	Penicillium groenlandense CBS102887	no carbon source	1		d5:0.6 d6:0.8 d7:1
660	Penicillium groenlandense CBS102887	raffinose	5		d5:0.7 d6:0.9 d7:1.1
660	Penicillium groenlandense CBS102887	rice bran 3%	7		d5:0.8 d6:1.2 d7:1.6
660	Penicillium groenlandense CBS102887	soluble starch 1%	5		d5:0.8 d6:1 d7:1.3
660	Penicillium groenlandense CBS102887	soybean hulls 3%	9		d5:1.2 d6:1.5 d7:1.7
660	Penicillium groenlandense CBS102887	sucrose	6		d5:0.7 d6:1 d7:1.1
660	Penicillium groenlandense CBS102887	wheat bran 3%	9		d5:1.3 d6:1.5 d7:1.8
661	Penicillium jamesonlandense CBS102888	alfalfa meal 3%	8		d5:1.3 d6:1.5 d7:1.7
661	Penicillium jamesonlandense CBS102888	apple pectin 1% pH=6	5		d5:1 d6:1.3 d7:1.5
661	Penicillium jamesonlandense CBS102888	arabic gum 1%	4		d5:0.9 d6:1.2 d7:1.4
661	Penicillium jamesonlandense CBS102888	arabinogalactan 1%			d5:0.8 d6:1 d7:1.3
661	Penicillium jamesonlandense CBS102888	beechwood xylan 1%	3		d5:0.8 d6:1 d7:1.2
661	Penicillium jamesonlandense CBS102888	birchwood xylan 1%	3		d5:0.8 d6:0.9 d7:1
661	Penicillium jamesonlandense CBS102888	casein 3%	6		d5:1.3 d6:1.4 d7:1.5
661	Penicillium jamesonlandense CBS102888	cellobiose	4		d5:0.7 d6:0.9 d7:1.1
661	Penicillium jamesonlandense CBS102888	cellulose 3%	3		d5:1 d6:0.8 d7:1.1
661	Penicillium jamesonlandense CBS102888	citrus pectin 1% pH=6	5		d5:0.8 d6:1.1 d7:1.2
661	Penicillium jamesonlandense CBS102888	citrus pulp 3% pH=6	7		d5:1.1 d6:1.3 d7:1.4
661	Penicillium jamesonlandense CBS102888	cotton seed pulp 3%	5		d5:1 d6:1.1 d7:1.5
661	Penicillium jamesonlandense CBS102888	D-fructose	5		d5:0.8 d6:1 d7:1.1
661	Penicillium jamesonlandense CBS102888	D-galactose	4		d5:0.7 d6:0.9 d7:1
661	Penicillium jamesonlandense CBS102888	D-galacturonic acid	1		d5:0.4 d6:0.5 d7:0.7
661	Penicillium jamesonlandense CBS102888	D-glucose	5		d5:0.7 d6:0.9 d7:1
661	Penicillium jamesonlandense CBS102888	D-glucuronic acid	2		d5:0.7 d6:0.9 d7:1
661	Penicillium jamesonlandense CBS102888	D-mannose	5		d5:0.7 d6:0.8 d7:1
661	Penicillium jamesonlandense CBS102888	D-ribose	4		d5:0.7 d6:0.9 d7:1.1
661	Penicillium jamesonlandense CBS102888	D-xylose	5		d5:0.7 d6:1 d7:1.1
661	Penicillium jamesonlandense CBS102888	guar gum 1%	6		d5:1.1 d6:1.3 d7:1.5
661	Penicillium jamesonlandense CBS102888	inulin 1%	5		d5:0.7 d6:1 d7:1.2
661	Penicillium jamesonlandense CBS102888	L-arabinose	4		d5:0.6 d6:1 d7:1.1
661	Penicillium jamesonlandense CBS102888	L-rhamnose	3		d5:0.5 d6:1 d7:1.1
661	Penicillium jamesonlandense CBS102888	lactose	2		d5:0.8 d6:0.9 d7:1
661	Penicillium jamesonlandense CBS102888	maltose	5		d5:0.8 d6:1 d7:1.1
661	Penicillium jamesonlandense CBS102888	no carbon source	1		d5:0.7 d6:1 d7:1.1
661	Penicillium jamesonlandense CBS102888	raffinose	5		d5:0.8 d6:0.9 d7:1
661	Penicillium jamesonlandense CBS102888	rice bran 3%	6		d5:1.4 d6:1.2 d7:1.5
661	Penicillium jamesonlandense CBS102888	soluble starch 1%	5		d5:0.8 d6:1 d7:1.1
661	Penicillium jamesonlandense CBS102888	soybean hulls 3%	8		d5:1.3 d6:1.3 d7:1.5
661	Penicillium jamesonlandense CBS102888	sucrose	5		d5:0.8 d6:1 d7:1.1
661	Penicillium jamesonlandense CBS102888	wheat bran 3%	10		d5:1.3 d6:1.5 d7:1.6
662	Penicillium janczewskii CBS221.28	alfalfa meal 3%	5		d3:1 d4:1.6
662	Penicillium janczewskii CBS221.28	apple pectin 1% pH=6	5		d3:1.2 d4:1.6
662	Penicillium janczewskii CBS221.28	arabic gum 1%	1		d3:0.9 d4:1.4
662	Penicillium janczewskii CBS221.28	arabinogalactan 1%			d3:0.9 d4:1.4
662	Penicillium janczewskii CBS221.28	beechwood xylan 1%	5		d3:0.7 d4:1.2
662	Penicillium janczewskii CBS221.28	birchwood xylan 1%	5		d3:0.8 d4:1.3
662	Penicillium janczewskii CBS221.28	casein 3%	5		d3:0.8 d4:1.1
662	Penicillium janczewskii CBS221.28	cellobiose	4		d3:0.7 d4:1.1
662	Penicillium janczewskii CBS221.28	cellulose 3%	1		d3:0.5 d4:1.1
662	Penicillium janczewskii CBS221.28	citrus pectin 1% pH=6	5		d3:0.9 d4:1.4
662	Penicillium janczewskii CBS221.28	citrus pulp 3% pH=6	10		d3:1.2 d4:1.6
662	Penicillium janczewskii CBS221.28	cotton seed pulp 3%	6		d3:1.1 d4:1.6
662	Penicillium janczewskii CBS221.28	D-fructose	5		d3:0.8 d4:1.1
662	Penicillium janczewskii CBS221.28	D-galactose	2		d3:0.7 d4:1
662	Penicillium janczewskii CBS221.28	D-galacturonic acid	3		d3:0.6 d4:1
662	Penicillium janczewskii CBS221.28	D-glucose	5		d3:0.8 d4:1.2
662	Penicillium janczewskii CBS221.28	D-glucuronic acid	3		d3:0.7 d4:1
662	Penicillium janczewskii CBS221.28	D-mannose	5		d3:0.7 d4:1.1
662	Penicillium janczewskii CBS221.28	D-ribose	5		d3:0.7 d4:1.2
662	Penicillium janczewskii CBS221.28	D-xylose	5		d3:0.7 d4:1.1
662	Penicillium janczewskii CBS221.28	guar gum 1%	2		d3:1.1 d4:1.6
662	Penicillium janczewskii CBS221.28	inulin 1%	6		d3:0.9 d4:1.3
662	Penicillium janczewskii CBS221.28	L-arabinose	4		d3:0.7 d4:1.1
662	Penicillium janczewskii CBS221.28	L-rhamnose	1		d3:0.3 d4:0.4
662	Penicillium janczewskii CBS221.28	lactose	1		d3:0.9 d4:1.1
662	Penicillium janczewskii CBS221.28	maltose	6		d3:0.8 d4:1.1
662	Penicillium janczewskii CBS221.28	no carbon source	0		d3:0.7 d4:1
662	Penicillium janczewskii CBS221.28	raffinose	6		d3:0.7 d4:1.1
662	Penicillium janczewskii CBS221.28	rice bran 3%	8		d3:1.1 d4:1.7
662	Penicillium janczewskii CBS221.28	soluble starch 1%	5		d3:0.9 d4:1.2
662	Penicillium janczewskii CBS221.28	soybean hulls 3%	7		d3:1.1 d4:1.7
662	Penicillium janczewskii CBS221.28	sucrose	5		d3:0.8 d4:1.2
662	Penicillium janczewskii CBS221.28	wheat bran 3%	9		d3:1.2 d4:1.6
663	Penicillium janthinellum Pe288	alfalfa meal 3%	4		d6:2.4
663	Penicillium janthinellum Pe288	apple pectin 1% pH=6	3		d6:2
663	Penicillium janthinellum Pe288	arabic gum 1%	2		d6:2.5
663	Penicillium janthinellum Pe288	arabinogalactan 1%			d6:2.6
663	Penicillium janthinellum Pe288	beechwood xylan 1%	5		d6:2.2
663	Penicillium janthinellum Pe288	birchwood xylan 1%	5		d6:2.1
663	Penicillium janthinellum Pe288	casein 3%	3		d6:2.6
663	Penicillium janthinellum Pe288	cellobiose	3		d6:1.9
663	Penicillium janthinellum Pe288	cellulose 3%	2		d6:1.5
663	Penicillium janthinellum Pe288	citrus pectin 1% pH=6	9		d6:2.5
663	Penicillium janthinellum Pe288	citrus pulp 3% pH=6	7		d6:2
663	Penicillium janthinellum Pe288	cotton seed pulp 3%	9		d6:2.7
663	Penicillium janthinellum Pe288	D-fructose	4		d6:2.3
663	Penicillium janthinellum Pe288	D-galactose	4		d6:2.3
663	Penicillium janthinellum Pe288	D-galacturonic acid	3		d6:2
663	Penicillium janthinellum Pe288	D-glucose	5		d6:2.3
663	Penicillium janthinellum Pe288	D-glucuronic acid	2		d6:2.5
663	Penicillium janthinellum Pe288	D-mannose	3		d6:2.1
663	Penicillium janthinellum Pe288	D-ribose	3		d6:2.2
663	Penicillium janthinellum Pe288	D-xylose	4		d6:2.5
663	Penicillium janthinellum Pe288	guar gum 1%	6		d6:2.7
663	Penicillium janthinellum Pe288	inulin 1%	4		d6:2.3
663	Penicillium janthinellum Pe288	L-arabinose	3		d6:2
663	Penicillium janthinellum Pe288	L-rhamnose	3		d6:2.7
663	Penicillium janthinellum Pe288	lactose	2		d6:2.6
663	Penicillium janthinellum Pe288	maltose	4		d6:2.3
663	Penicillium janthinellum Pe288	no carbon source	1		d6:2
663	Penicillium janthinellum Pe288	raffinose	4		d6:2.4
663	Penicillium janthinellum Pe288	rice bran 3%	9		d6:2.5
663	Penicillium janthinellum Pe288	soluble starch 1%	4		d6:2.4
663	Penicillium janthinellum Pe288	soybean hulls 3%	9		d6:2.5
663	Penicillium janthinellum Pe288	sucrose	4		d6:2.2
663	Penicillium janthinellum Pe288	wheat bran 3%	10		d6:2.5
664	Penicillium lanosocoerleum Pe249	alfalfa meal 3%	8		d6:2.2
664	Penicillium lanosocoerleum Pe249	apple pectin 1% pH=6	3		d6:1.7
664	Penicillium lanosocoerleum Pe249	arabic gum 1%	2		d6:2.3
664	Penicillium lanosocoerleum Pe249	arabinogalactan 1%			d6:2.3
664	Penicillium lanosocoerleum Pe249	beechwood xylan 1%	5		d6:2.1
664	Penicillium lanosocoerleum Pe249	birchwood xylan 1%	5		d6:2.1
664	Penicillium lanosocoerleum Pe249	casein 3%	3		d6:2.3
664	Penicillium lanosocoerleum Pe249	cellobiose	4		d6:1.9
664	Penicillium lanosocoerleum Pe249	cellulose 3%	1		d6:2
664	Penicillium lanosocoerleum Pe249	citrus pectin 1% pH=6	7		d6:2.3
664	Penicillium lanosocoerleum Pe249	citrus pulp 3% pH=6	9		d6:2.3
664	Penicillium lanosocoerleum Pe249	cotton seed pulp 3%	9		d6:2.3
664	Penicillium lanosocoerleum Pe249	D-fructose	4		d6:1.9
664	Penicillium lanosocoerleum Pe249	D-galactose	4		d6:1.9
664	Penicillium lanosocoerleum Pe249	D-galacturonic acid	3		d6:1.3
664	Penicillium lanosocoerleum Pe249	D-glucose	5		d6:2.1
664	Penicillium lanosocoerleum Pe249	D-glucuronic acid	3		d6:2
664	Penicillium lanosocoerleum Pe249	D-mannose	4		d6:1.6
664	Penicillium lanosocoerleum Pe249	D-ribose	4		d6:1.8
664	Penicillium lanosocoerleum Pe249	D-xylose	4		d6:1.7
664	Penicillium lanosocoerleum Pe249	guar gum 1%	10		d6:2.6
664	Penicillium lanosocoerleum Pe249	inulin 1%	6		d6:1.8
664	Penicillium lanosocoerleum Pe249	L-arabinose	5		d6:2.2
664	Penicillium lanosocoerleum Pe249	L-rhamnose	3		d6:2.1
664	Penicillium lanosocoerleum Pe249	lactose	3		d6:2
664	Penicillium lanosocoerleum Pe249	maltose	6		d6:1.7
664	Penicillium lanosocoerleum Pe249	no carbon source	1		d6:2.2
664	Penicillium lanosocoerleum Pe249	raffinose	6		d6:1.7
664	Penicillium lanosocoerleum Pe249	rice bran 3%	9		d6:2.4
664	Penicillium lanosocoerleum Pe249	soluble starch 1%	7		d6:2
664	Penicillium lanosocoerleum Pe249	soybean hulls 3%	10		d6:2.4
664	Penicillium lanosocoerleum Pe249	sucrose	6		d6:1.7
664	Penicillium lanosocoerleum Pe249	wheat bran 3%	10		d6:2.5
665	Penicillium oxalicum CBS219.30	alfalfa meal 3%	9		d4:2
665	Penicillium oxalicum CBS219.30	apple pectin 1% pH=6	2		d4:1.7
665	Penicillium oxalicum CBS219.30	arabic gum 1%	2		d4:2.5
665	Penicillium oxalicum CBS219.30	arabinogalactan 1%			d4:1.9
665	Penicillium oxalicum CBS219.30	beechwood xylan 1%	4		d4:2
665	Penicillium oxalicum CBS219.30	birchwood xylan 1%	3		d4:2
665	Penicillium oxalicum CBS219.30	casein 3%	6		d4:2.5
665	Penicillium oxalicum CBS219.30	cellobiose	4		d4:1.7
665	Penicillium oxalicum CBS219.30	cellulose 3%	0		d4:2
665	Penicillium oxalicum CBS219.30	citrus pectin 1% pH=6	1		
665	Penicillium oxalicum CBS219.30	citrus pulp 3% pH=6	9		d4:2
665	Penicillium oxalicum CBS219.30	cotton seed pulp 3%	2		d4:1.7
665	Penicillium oxalicum CBS219.30	D-fructose	4		d4:1.8
665	Penicillium oxalicum CBS219.30	D-galactose	1		d4:1
665	Penicillium oxalicum CBS219.30	D-galacturonic acid	2		d4:1.5
665	Penicillium oxalicum CBS219.30	D-glucose	5		d4:1.8
665	Penicillium oxalicum CBS219.30	D-glucuronic acid	2		d4:1.8
665	Penicillium oxalicum CBS219.30	D-mannose	3		d4:1.6
665	Penicillium oxalicum CBS219.30	D-ribose	4		d4:1.8
665	Penicillium oxalicum CBS219.30	D-xylose	4		d4:1.8
665	Penicillium oxalicum CBS219.30	guar gum 1%	2		d4:2.5
665	Penicillium oxalicum CBS219.30	inulin 1%	2		d4:2.2
665	Penicillium oxalicum CBS219.30	L-arabinose	4		d4:1.9
665	Penicillium oxalicum CBS219.30	L-rhamnose	1		d4:2
665	Penicillium oxalicum CBS219.30	lactose	3		d4:1.8
665	Penicillium oxalicum CBS219.30	maltose	4		d4:1.5
665	Penicillium oxalicum CBS219.30	no carbon source	0		d4:2
665	Penicillium oxalicum CBS219.30	raffinose	3		d4:1.9
665	Penicillium oxalicum CBS219.30	rice bran 3%	8		d4:1.8
665	Penicillium oxalicum CBS219.30	soluble starch 1%	3		d4:1.4
665	Penicillium oxalicum CBS219.30	soybean hulls 3%	10		d4:2.1
665	Penicillium oxalicum CBS219.30	sucrose	5		d4:1.9
665	Penicillium oxalicum CBS219.30	wheat bran 3%	10		d4:2.3
666	Penicillium oxalicum CBS358.48	alfalfa meal 3%	9		d4:2.7
666	Penicillium oxalicum CBS358.48	apple pectin 1% pH=6	3		d4:1.7
666	Penicillium oxalicum CBS358.48	arabic gum 1%	1		d4:2.6
666	Penicillium oxalicum CBS358.48	arabinogalactan 1%			d4:1.9
666	Penicillium oxalicum CBS358.48	beechwood xylan 1%	3		d4:1.8
666	Penicillium oxalicum CBS358.48	birchwood xylan 1%	3		d4:2
666	Penicillium oxalicum CBS358.48	casein 3%	4		d4:3
666	Penicillium oxalicum CBS358.48	cellobiose	4		d4:1.9
666	Penicillium oxalicum CBS358.48	cellulose 3%	1		d4:2
666	Penicillium oxalicum CBS358.48	citrus pectin 1% pH=6	1		d4:0.5
666	Penicillium oxalicum CBS358.48	citrus pulp 3% pH=6	7		d4:2.4
666	Penicillium oxalicum CBS358.48	cotton seed pulp 3%	3		d4:2
666	Penicillium oxalicum CBS358.48	D-fructose	4		d4:1.6
666	Penicillium oxalicum CBS358.48	D-galactose	1		d4:1
666	Penicillium oxalicum CBS358.48	D-galacturonic acid	3		d4:1.2
666	Penicillium oxalicum CBS358.48	D-glucose	5		d4:1.7
666	Penicillium oxalicum CBS358.48	D-glucuronic acid	2		d4:1.9
666	Penicillium oxalicum CBS358.48	D-mannose	2		d4:1
666	Penicillium oxalicum CBS358.48	D-ribose	4		d4:1.7
666	Penicillium oxalicum CBS358.48	D-xylose	4		d4:1.6
666	Penicillium oxalicum CBS358.48	guar gum 1%	2		d4:2.5
666	Penicillium oxalicum CBS358.48	inulin 1%	2		d4:2.5
666	Penicillium oxalicum CBS358.48	L-arabinose	4		d4:1.7
666	Penicillium oxalicum CBS358.48	L-rhamnose	2		d4:2
666	Penicillium oxalicum CBS358.48	lactose	3		d4:1.9
666	Penicillium oxalicum CBS358.48	maltose	4		d4:1.4
666	Penicillium oxalicum CBS358.48	no carbon source	0		d4:2.2
666	Penicillium oxalicum CBS358.48	raffinose	3		d4:1.8
666	Penicillium oxalicum CBS358.48	rice bran 3%	6		d4:1.9
666	Penicillium oxalicum CBS358.48	soluble starch 1%	3		d4:1.5
666	Penicillium oxalicum CBS358.48	soybean hulls 3%	10		d4:2.2
666	Penicillium oxalicum CBS358.48	sucrose	4		d4:1.5
666	Penicillium oxalicum CBS358.48	wheat bran 3%	8		d4:2.4
667	Penicillium raistrickii Pe240	alfalfa meal 3%	8		d5:1.7
667	Penicillium raistrickii Pe240	apple pectin 1% pH=6	3		d5:2.2
667	Penicillium raistrickii Pe240	arabic gum 1%	2		d5:1.8
667	Penicillium raistrickii Pe240	arabinogalactan 1%			d5:1.3
667	Penicillium raistrickii Pe240	beechwood xylan 1%	4		d5:1.5
667	Penicillium raistrickii Pe240	birchwood xylan 1%	4		d5:1.1
667	Penicillium raistrickii Pe240	casein 3%	6		d5:1.6
667	Penicillium raistrickii Pe240	cellobiose	6		d5:1.6
667	Penicillium raistrickii Pe240	cellulose 3%	2		d5:1
667	Penicillium raistrickii Pe240	citrus pectin 1% pH=6	6		d5:1.6
667	Penicillium raistrickii Pe240	citrus pulp 3% pH=6	6		d5:1.5
667	Penicillium raistrickii Pe240	cotton seed pulp 3%	4		d5:1.5
667	Penicillium raistrickii Pe240	D-fructose	6		d5:1.5
667	Penicillium raistrickii Pe240	D-galactose	3		d5:1.1
667	Penicillium raistrickii Pe240	D-galacturonic acid	2		
667	Penicillium raistrickii Pe240	D-glucose	5		d5:1.2
667	Penicillium raistrickii Pe240	D-glucuronic acid	2		d5:1.4
667	Penicillium raistrickii Pe240	D-mannose	6		d5:1.4
667	Penicillium raistrickii Pe240	D-ribose	6		d5:1.6
667	Penicillium raistrickii Pe240	D-xylose	5		d5:1.4
667	Penicillium raistrickii Pe240	guar gum 1%	3		d5:1.9
667	Penicillium raistrickii Pe240	inulin 1%	6		d5:1.7
667	Penicillium raistrickii Pe240	L-arabinose	3		d5:1.4
667	Penicillium raistrickii Pe240	L-rhamnose	3		d5:1.5
667	Penicillium raistrickii Pe240	lactose	2		d5:1.5
667	Penicillium raistrickii Pe240	maltose	6		d5:1.6
667	Penicillium raistrickii Pe240	no carbon source	1		d5:1.4
667	Penicillium raistrickii Pe240	raffinose	6		d5:1.6
667	Penicillium raistrickii Pe240	rice bran 3%	8		d5:1.4
667	Penicillium raistrickii Pe240	soluble starch 1%	6		d5:1.4
667	Penicillium raistrickii Pe240	soybean hulls 3%	9		d5:1.5
667	Penicillium raistrickii Pe240	sucrose	6		d5:1.5
667	Penicillium raistrickii Pe240	wheat bran 3%	10		d5:1.6
668	Penicillium sp. nov. CBS453.73	alfalfa meal 3%			d3:1.6 d4:2.2
668	Penicillium sp. nov. CBS453.73	apple pectin 1% pH=6			d3:1.4 d4:2.3
668	Penicillium sp. nov. CBS453.73	arabic gum 1%			d3:1.2 d4:2
668	Penicillium sp. nov. CBS453.73	arabinogalactan 1%			d3:1.2 d4:1.9
668	Penicillium sp. nov. CBS453.73	beechwood xylan 1%			d3:0.9 d4:1.7
668	Penicillium sp. nov. CBS453.73	birchwood xylan 1%			d3:1.2 d4:1.7
668	Penicillium sp. nov. CBS453.73	casein 3%			d3:1.8 d4:2.2
668	Penicillium sp. nov. CBS453.73	cellobiose			d3:1.1 d4:1.8
668	Penicillium sp. nov. CBS453.73	cellulose 3%			d3:0.8 d4:1.2
668	Penicillium sp. nov. CBS453.73	citrus pectin 1% pH=6			d3:0.7 d4:1.7
668	Penicillium sp. nov. CBS453.73	citrus pulp 3% pH=6			d3:1.5 d4:2.3
668	Penicillium sp. nov. CBS453.73	cotton seed pulp 3%			d3:1.4 d4:2.3
668	Penicillium sp. nov. CBS453.73	D-fructose			d3:0.7 d4:1.6
668	Penicillium sp. nov. CBS453.73	D-galactose			d3:1.2 d4:1.9
668	Penicillium sp. nov. CBS453.73	D-galacturonic acid			d3:1.1 d4:1.8
668	Penicillium sp. nov. CBS453.73	D-glucose			d3:0.7 d4:1.6
668	Penicillium sp. nov. CBS453.73	D-glucuronic acid			d3:1.1 d4:1.8
668	Penicillium sp. nov. CBS453.73	D-mannose			d3:1.1 d4:1.8
668	Penicillium sp. nov. CBS453.73	D-ribose			d3:1.2 d4:1.8
668	Penicillium sp. nov. CBS453.73	D-xylose			d3:1.2 d4:2
668	Penicillium sp. nov. CBS453.73	guar gum 1%			d3:1.5 d4:2.3
668	Penicillium sp. nov. CBS453.73	inulin 1%			d3:1.3 d4:1.9
668	Penicillium sp. nov. CBS453.73	L-arabinose			d3:1.1 d4:1.7
668	Penicillium sp. nov. CBS453.73	L-rhamnose			d3:1.1 d4:1.4
668	Penicillium sp. nov. CBS453.73	lactose			d3:1.1 d4:1.5
668	Penicillium sp. nov. CBS453.73	maltose			d3:1.1 d4:1.7
668	Penicillium sp. nov. CBS453.73	no carbon source			d3:1.2 d4:1.7
668	Penicillium sp. nov. CBS453.73	raffinose			d3:1.1 d4:1.8
668	Penicillium sp. nov. CBS453.73	rice bran 3%			d3:1.3 d4:2
668	Penicillium sp. nov. CBS453.73	soluble starch 1%			d3:1.1 d4:1.7
668	Penicillium sp. nov. CBS453.73	soybean hulls 3%			d3:1.6 d4:2.5
668	Penicillium sp. nov. CBS453.73	sucrose			d3:1.1 d4:1.8
668	Penicillium sp. nov. CBS453.73	wheat bran 3%			d3:1.7 d4:2.6
670	Peniophora incarnata CBS108394	alfalfa meal 3%	9		d5:2.7
670	Peniophora incarnata CBS108394	apple pectin 1% pH=6	5		d5:2.4
670	Peniophora incarnata CBS108394	arabic gum 1%	2		d5:2.4
670	Peniophora incarnata CBS108394	arabinogalactan 1%			d5:2.2
670	Peniophora incarnata CBS108394	beechwood xylan 1%	1		d5:2.5
670	Peniophora incarnata CBS108394	birchwood xylan 1%	3		d5:2.4
670	Peniophora incarnata CBS108394	casein 3%	5		d5:2.4
670	Peniophora incarnata CBS108394	cellobiose	5		d5:2.2
670	Peniophora incarnata CBS108394	cellulose 3%	3		d5:2
670	Peniophora incarnata CBS108394	citrus pectin 1% pH=6	4		d5:2.4
670	Peniophora incarnata CBS108394	citrus pulp 3% pH=6	6		d5:2.6
670	Peniophora incarnata CBS108394	cotton seed pulp 3%	3		d5:2.6
670	Peniophora incarnata CBS108394	D-fructose	5		d5:2.3
670	Peniophora incarnata CBS108394	D-galactose	1		d5:1.2
670	Peniophora incarnata CBS108394	D-galacturonic acid	1		d5:0.7
670	Peniophora incarnata CBS108394	D-glucose	5		d5:2.4
670	Peniophora incarnata CBS108394	D-glucuronic acid	2		d5:2.3
670	Peniophora incarnata CBS108394	D-mannose	4		d5:2.2
670	Peniophora incarnata CBS108394	D-ribose	1		d5:2.2
670	Peniophora incarnata CBS108394	D-xylose	1		d5:0.9
670	Peniophora incarnata CBS108394	guar gum 1%	5		d5:2.5
670	Peniophora incarnata CBS108394	inulin 1%	4		d5:2.3
670	Peniophora incarnata CBS108394	L-arabinose	3		d5:2.2
670	Peniophora incarnata CBS108394	L-rhamnose	1		d5:2.1
670	Peniophora incarnata CBS108394	lactose	4		d5:2.1
670	Peniophora incarnata CBS108394	maltose	4		d5:2.3
670	Peniophora incarnata CBS108394	no carbon source	2		d5:2.3
670	Peniophora incarnata CBS108394	raffinose	5		d5:2.3
670	Peniophora incarnata CBS108394	rice bran 3%	6		d5:2.9
670	Peniophora incarnata CBS108394	soluble starch 1%	6		d5:2.5
670	Peniophora incarnata CBS108394	soybean hulls 3%	6		d5:2.5
670	Peniophora incarnata CBS108394	sucrose	4		d5:2.4
670	Peniophora incarnata CBS108394	wheat bran 3%	8		d5:2.6
671	Nothophaeocryptopus gaeumannii CBS244.38	alfalfa meal 3%	6		d14:0.2 d20:0.3 d27:0.3 d32:0.5
671	Nothophaeocryptopus gaeumannii CBS244.38	apple pectin 1% pH=6	3		d14:0.3 d20:0.3 d27:0.4 d32:0.5
671	Nothophaeocryptopus gaeumannii CBS244.38	arabic gum 1%	4		d14:0.3 d20:0.3 d27:0.3 d32:0.4
671	Nothophaeocryptopus gaeumannii CBS244.38	arabinogalactan 1%			d14:0.3 d20:0.4 d27:0.4 d32:0.5
671	Nothophaeocryptopus gaeumannii CBS244.38	beechwood xylan 1%	2		d14:0.2 d20:0.2 d27:0.2 d32:0.2
671	Nothophaeocryptopus gaeumannii CBS244.38	birchwood xylan 1%	3		d14:0.2 d20:0.3 d27:0.3 d32:0.3
671	Nothophaeocryptopus gaeumannii CBS244.38	casein 3%	3		d14:0.2 d20:0.3 d27:0.3 d32:0.6
671	Nothophaeocryptopus gaeumannii CBS244.38	cellobiose	1		d14:0.2 d20:0.3 d27:0.3 d32:0.4
671	Nothophaeocryptopus gaeumannii CBS244.38	cellulose 3%	1		d14:0.2 d20:0.2 d27:0.2 d32:0.3
671	Nothophaeocryptopus gaeumannii CBS244.38	citrus pectin 1% pH=6	2		d14:0.2 d20:0.3 d27:0.3 d32:0.4
671	Nothophaeocryptopus gaeumannii CBS244.38	citrus pulp 3% pH=6	6		d14:0.2 d20:0.3 d27:0.4 d32:0.7
671	Nothophaeocryptopus gaeumannii CBS244.38	cotton seed pulp 3%	3		d14:0.2 d20:0.4 d27:0.5 d32:0.7
671	Nothophaeocryptopus gaeumannii CBS244.38	D-fructose	2		d14:0.2 d20:0.2 d27:0.3 d32:0.4
671	Nothophaeocryptopus gaeumannii CBS244.38	D-galactose	6		d14:0.2 d20:0.3 d27:0.4 d32:0.5
671	Nothophaeocryptopus gaeumannii CBS244.38	D-galacturonic acid	1		d14:0.2 d20:0.2 d27:0.2 d32:0.2
671	Nothophaeocryptopus gaeumannii CBS244.38	D-glucose	5		d14:0.1 d20:0.2 d27:0.4 d32:0.4
671	Nothophaeocryptopus gaeumannii CBS244.38	D-glucuronic acid	1		d14:0.2 d20:0.2 d27:0.3 d32:0.2
671	Nothophaeocryptopus gaeumannii CBS244.38	D-mannose	2		d14:0.2 d20:0.2 d27:0.2 d32:0.3
671	Nothophaeocryptopus gaeumannii CBS244.38	D-ribose	2		d14:0.2 d20:0.3 d27:0.3 d32:0.3
671	Nothophaeocryptopus gaeumannii CBS244.38	D-xylose	2		d14:0.3 d20:0.3 d27:0.4 d32:0.4
671	Nothophaeocryptopus gaeumannii CBS244.38	guar gum 1%	7		d14:0.2 d20:0.3 d27:0.5 d32:0.7
671	Nothophaeocryptopus gaeumannii CBS244.38	inulin 1%	3		d14:0.2 d20:0.3 d27:0.4 d32:0.5
671	Nothophaeocryptopus gaeumannii CBS244.38	L-arabinose	2		d14:0.2 d20:0.2 d27:0.3 d32:0.4
671	Nothophaeocryptopus gaeumannii CBS244.38	L-rhamnose	1		d14:0.2 d20:0.2 d27:0.2 d32:0.3
671	Nothophaeocryptopus gaeumannii CBS244.38	lactose	1		d14:0.2 d20:0.2 d27:0.3 d32:0.4
671	Nothophaeocryptopus gaeumannii CBS244.38	maltose	5		d14:0.2 d20:0.3 d27:0.4 d32:0.5
671	Nothophaeocryptopus gaeumannii CBS244.38	no carbon source	1		d14:0.1 d20:0.2 d27:0.3 d32:0.3
671	Nothophaeocryptopus gaeumannii CBS244.38	raffinose	2		d14:0.2 d20:0.3 d27:0.4 d32:0.5
671	Nothophaeocryptopus gaeumannii CBS244.38	rice bran 3%	9		d14:0.3 d20:0.5 d27:0.7 d32:0.8
671	Nothophaeocryptopus gaeumannii CBS244.38	soluble starch 1%	6		d14:0.3 d20:0.3 d27:0.4 d32:0.6
671	Nothophaeocryptopus gaeumannii CBS244.38	soybean hulls 3%	8		d14:0.3 d20:0.5 d27:0.6 d32:0.8
671	Nothophaeocryptopus gaeumannii CBS244.38	sucrose	5		d14:0.2 d20:0.3 d27:0.3 d32:0.5
671	Nothophaeocryptopus gaeumannii CBS244.38	wheat bran 3%	10		d14:0.4 d20:0.6 d27:0.8 d32:0.9
672	Nothophaeocryptopus gaeumannii CBS267.37	alfalfa meal 3%	5		d13:0.3 d20:0.4 d27:0.4
672	Nothophaeocryptopus gaeumannii CBS267.37	apple pectin 1% pH=6	5		d13:0.2 d20:0.3 d27:0.3
672	Nothophaeocryptopus gaeumannii CBS267.37	arabic gum 1%	3		d13:0.3 d20:0.2 d27:0.3
672	Nothophaeocryptopus gaeumannii CBS267.37	arabinogalactan 1%			d13:0.2 d20:0.2 d27:0.3
672	Nothophaeocryptopus gaeumannii CBS267.37	beechwood xylan 1%	2		d13:0.2 d20:0.2 d27:0.4
672	Nothophaeocryptopus gaeumannii CBS267.37	birchwood xylan 1%	5		d13:0.2 d20:0.3 d27:0.3
672	Nothophaeocryptopus gaeumannii CBS267.37	casein 3%	3		d13:0.2 d20:0.3 d27:0.3
672	Nothophaeocryptopus gaeumannii CBS267.37	cellobiose	5		d13:0.3 d20:0.3 d27:0.3
672	Nothophaeocryptopus gaeumannii CBS267.37	cellulose 3%	3		d13:0.2 d20:0.3 d27:0.3
672	Nothophaeocryptopus gaeumannii CBS267.37	citrus pectin 1% pH=6	2		d13:0.3 d20:0.3 d27:0.3
672	Nothophaeocryptopus gaeumannii CBS267.37	citrus pulp 3% pH=6	10		d13:0.3 d20:0.5 d27:0.7
672	Nothophaeocryptopus gaeumannii CBS267.37	cotton seed pulp 3%	2		d13:0.2 d20:0.3 d27:0.4
672	Nothophaeocryptopus gaeumannii CBS267.37	D-fructose	6		d13:0.3 d20:0.3 d27:0.4
672	Nothophaeocryptopus gaeumannii CBS267.37	D-galactose	5		d13:0.2 d20:0.2 d27:0.3
672	Nothophaeocryptopus gaeumannii CBS267.37	D-galacturonic acid	1		d13:0.1 d20:0.2 d27:0.1
672	Nothophaeocryptopus gaeumannii CBS267.37	D-glucose	5		d13:0.2 d20:0.2 d27:0.2
672	Nothophaeocryptopus gaeumannii CBS267.37	D-glucuronic acid	5		d13:0.2 d20:0.2 d27:0.3
672	Nothophaeocryptopus gaeumannii CBS267.37	D-mannose	2		d13:0.2 d20:0.2 d27:0.2
672	Nothophaeocryptopus gaeumannii CBS267.37	D-ribose	2		d13:0.2 d20:0.2 d27:0.3
672	Nothophaeocryptopus gaeumannii CBS267.37	D-xylose	5		d13:0.2 d20:0.3 d27:0.3
672	Nothophaeocryptopus gaeumannii CBS267.37	guar gum 1%	5		d13:0.3 d20:0.3 d27:0.5
672	Nothophaeocryptopus gaeumannii CBS267.37	inulin 1%	3		d13:0.3 d20:0.3 d27:0.4
672	Nothophaeocryptopus gaeumannii CBS267.37	L-arabinose	4		d13:0.2 d20:0.3 d27:0.3
672	Nothophaeocryptopus gaeumannii CBS267.37	L-rhamnose	2		d13:0.2 d20:0.2 d27:0.2
672	Nothophaeocryptopus gaeumannii CBS267.37	lactose	3		d13:0.2 d20:0.3 d27:0.3
672	Nothophaeocryptopus gaeumannii CBS267.37	maltose	4		d13:0.2 d20:0.3 d27:0.3
672	Nothophaeocryptopus gaeumannii CBS267.37	no carbon source	3		d13:0.1 d20:0.2 d27:0.2
672	Nothophaeocryptopus gaeumannii CBS267.37	raffinose	2		d13:0.3 d20:0.4 d27:0.4
672	Nothophaeocryptopus gaeumannii CBS267.37	rice bran 3%	8		d13:0.3 d20:0.4 d27:0.5
672	Nothophaeocryptopus gaeumannii CBS267.37	soluble starch 1%	4		d13:0.2 d20:0.3 d27:0.3
672	Nothophaeocryptopus gaeumannii CBS267.37	soybean hulls 3%	9		d13:0.3 d20:0.4 d27:0.6
672	Nothophaeocryptopus gaeumannii CBS267.37	sucrose	2		d13:0.2 d20:0.2 d27:0.2
672	Nothophaeocryptopus gaeumannii CBS267.37	wheat bran 3%	8		d13:0.3 d20:0.4 d27:0.6
673	Phanerochaete carnosa	alfalfa meal 3%	7		
673	Phanerochaete carnosa	apple pectin 1% pH=6	3		
673	Phanerochaete carnosa	arabic gum 1%	3		
673	Phanerochaete carnosa	beechwood xylan 1%	2		
673	Phanerochaete carnosa	birchwood xylan 1%	2		
673	Phanerochaete carnosa	casein 3%	7		
673	Phanerochaete carnosa	cellobiose	2		
673	Phanerochaete carnosa	cellulose 3%	0		
673	Phanerochaete carnosa	citrus pectin 1% pH=6	3		
673	Phanerochaete carnosa	citrus pulp 3% pH=6	6		
673	Phanerochaete carnosa	cotton seed pulp 3%	4		
673	Phanerochaete carnosa	D-fructose	6		
673	Phanerochaete carnosa	D-galactose	0		
673	Phanerochaete carnosa	D-galacturonic acid	3		
673	Phanerochaete carnosa	D-glucose	5		
673	Phanerochaete carnosa	D-glucuronic acid	2		
673	Phanerochaete carnosa	D-mannose	6		
673	Phanerochaete carnosa	D-ribose	2		
673	Phanerochaete carnosa	D-xylose	1		
673	Phanerochaete carnosa	guar gum 1%	6		
673	Phanerochaete carnosa	inulin 1%	2		
673	Phanerochaete carnosa	L-arabinose	1		
673	Phanerochaete carnosa	L-rhamnose	3		
673	Phanerochaete carnosa	lactose	0		
673	Phanerochaete carnosa	maltose	7		
673	Phanerochaete carnosa	no carbon source	0		
673	Phanerochaete carnosa	raffinose	1		
673	Phanerochaete carnosa	rice bran 3%	8		
673	Phanerochaete carnosa	soluble starch 1%	8		
673	Phanerochaete carnosa	soybean hulls 3%	6		
673	Phanerochaete carnosa	sucrose	1		
673	Phanerochaete carnosa	wheat bran 3%	8		
674	Phanerochaete chrysosporium CBS316.75	alfalfa meal 3%	10		d3:1.5
674	Phanerochaete chrysosporium CBS316.75	apple pectin 1% pH=6	7		d3:1.5
674	Phanerochaete chrysosporium CBS316.75	arabic gum 1%	4		d3:1.5
674	Phanerochaete chrysosporium CBS316.75	arabinogalactan 1%			d3:1.5
674	Phanerochaete chrysosporium CBS316.75	beechwood xylan 1%	5		d3:1.5
674	Phanerochaete chrysosporium CBS316.75	birchwood xylan 1%	5		d3:1.5
674	Phanerochaete chrysosporium CBS316.75	casein 3%	1		d3:0.6
674	Phanerochaete chrysosporium CBS316.75	cellobiose	7		d3:1.4
674	Phanerochaete chrysosporium CBS316.75	cellulose 3%	2		d3:1.5
674	Phanerochaete chrysosporium CBS316.75	citrus pectin 1% pH=6	7		d3:1.5
674	Phanerochaete chrysosporium CBS316.75	citrus pulp 3% pH=6	7		d3:1.5
674	Phanerochaete chrysosporium CBS316.75	cotton seed pulp 3%	9		d3:1.5
674	Phanerochaete chrysosporium CBS316.75	D-fructose	3		d3:1.5
674	Phanerochaete chrysosporium CBS316.75	D-galactose	1		d3:1.2
674	Phanerochaete chrysosporium CBS316.75	D-galacturonic acid	5		d3:0.9
674	Phanerochaete chrysosporium CBS316.75	D-glucose	5		d3:1.5
674	Phanerochaete chrysosporium CBS316.75	D-glucuronic acid	1		d3:1.5
674	Phanerochaete chrysosporium CBS316.75	D-mannose	5		d3:1.2
674	Phanerochaete chrysosporium CBS316.75	D-ribose	1		d3:1.5
674	Phanerochaete chrysosporium CBS316.75	D-xylose	4		d3:1.4
674	Phanerochaete chrysosporium CBS316.75	guar gum 1%	5		d3:1.5
674	Phanerochaete chrysosporium CBS316.75	inulin 1%	2		d3:1.4
674	Phanerochaete chrysosporium CBS316.75	L-arabinose	2		d3:1.4
674	Phanerochaete chrysosporium CBS316.75	L-rhamnose	2		d3:1.4
674	Phanerochaete chrysosporium CBS316.75	lactose	1		d3:1.5
674	Phanerochaete chrysosporium CBS316.75	maltose	4		d3:1.4
674	Phanerochaete chrysosporium CBS316.75	no carbon source	1		d3:1.5
674	Phanerochaete chrysosporium CBS316.75	raffinose	3		d3:1.5
674	Phanerochaete chrysosporium CBS316.75	rice bran 3%	8		d3:1.5
674	Phanerochaete chrysosporium CBS316.75	soluble starch 1%	7		d3:1.5
674	Phanerochaete chrysosporium CBS316.75	soybean hulls 3%	10		d3:1.5
674	Phanerochaete chrysosporium CBS316.75	sucrose	1		d3:1.5
674	Phanerochaete chrysosporium CBS316.75	wheat bran 3%	10		d3:1.5
675	Fuscoporia ferrea CBS100115	alfalfa meal 3%	6		d6:0.4 d8:0.6 d11:1 d13:1.2 d14:1.4 d15:1.4 d18:1.9 d19:1.9
675	Fuscoporia ferrea CBS100115	apple pectin 1% pH=6	3		d6:0.6 d8:1 d11:1.4 d13:2.1 d14:2.3 d15:2.6 d18:3.1 d19:3.2
675	Fuscoporia ferrea CBS100115	arabic gum 1%	2		d6:0.6 d8:0.9 d11:1.2 d13:1.4 d14:1.5 d15:1.5 d18:1.7 d19:1.8
675	Fuscoporia ferrea CBS100115	arabinogalactan 1%			d6:0.6 d8:1 d11:1.1 d13:1.6 d14:1.6 d15:1.8 d18:2 d19:2.2
675	Fuscoporia ferrea CBS100115	beechwood xylan 1%	1		d6:0.4 d8:0.7 d11:1 d13:1.3 d14:1.5 d15:1.8 d18:2 d19:2.1
675	Fuscoporia ferrea CBS100115	birchwood xylan 1%	1		d6:0.6 d8:0.8 d11:1.1 d13:1.4 d14:1.4 d15:1.6 d18:1.6 d19:1.6
675	Fuscoporia ferrea CBS100115	casein 3%	1		d6:0.3 d8:0.4 d11:0.6 d13:0.8 d14:0.9 d15:0.9 d18:1.1 d19:1.1
675	Fuscoporia ferrea CBS100115	cellobiose	6		d6:0.5 d8:0.6 d11:1.1 d13:1.5 d14:1.6 d15:1.8 d18:2.2 d19:2.6
675	Fuscoporia ferrea CBS100115	cellulose 3%	0		d6:0.3 d8:0.3 d11:0.6 d13:1 d14:1.1 d15:1.4 d18:1.3 d19:1.4
675	Fuscoporia ferrea CBS100115	citrus pectin 1% pH=6	6		d6:0.6 d8:0.9 d11:1.2 d13:1.5 d14:1.6 d15:1.8 d18:2.2 d19:2.5
675	Fuscoporia ferrea CBS100115	citrus pulp 3% pH=6	8		d6:0.6 d8:0.7 d11:1.4 d13:1.8 d14:1.8 d15:2 d18:2.4 d19:2.6
675	Fuscoporia ferrea CBS100115	cotton seed pulp 3%	2		d6:0.6 d8:0.8 d11:1.2 d13:1.6 d14:1.7 d15:1.9 d18:2.5 d19:2.7
675	Fuscoporia ferrea CBS100115	D-fructose	3		d6:0.6 d8:0.7 d11:1.2 d13:1.5 d14:1.8 d15:2 d18:2.5 d19:2.7
675	Fuscoporia ferrea CBS100115	D-galactose	0		d6:0.1 d8:0.1 d11:0.1 d13:0.2 d14:0.2 d15:0.2 d18:0.2 d19:0.3
675	Fuscoporia ferrea CBS100115	D-galacturonic acid	2		d6:0.4 d8:0.4 d11:0.5 d13:0.7 d14:0.7 d15:0.7 d18:0.9 d19:1
675	Fuscoporia ferrea CBS100115	D-glucose	5		d6:0.5 d8:0.7 d11:1.1 d13:1.4 d14:1.5 d15:1.7 d18:2.1 d19:2.3
675	Fuscoporia ferrea CBS100115	D-glucuronic acid	1		d6:0.5 d8:0.6 d11:0.9 d13:1.1 d14:1.1 d15:1.1 d18:1.3 d19:1.4
675	Fuscoporia ferrea CBS100115	D-mannose	4		d6:0.5 d8:0.7 d11:1 d13:1.3 d14:1.3 d15:1.5 d18:1.6 d19:1.8
675	Fuscoporia ferrea CBS100115	D-ribose	0		d6:0.3 d8:0.6 d11:0.8 d13:1.1 d14:1.1 d15:1.1 d18:1.3 d19:1.4
675	Fuscoporia ferrea CBS100115	D-xylose	4		d6:0.5 d8:0.7 d11:1.1 d13:1.3 d14:1.3 d15:1.3 d18:1.4 d19:1.6
675	Fuscoporia ferrea CBS100115	guar gum 1%			d6:0.6 d8:0.8 d11:1.1 d13:1.4 d14:1.5 d15:1.5
675	Fuscoporia ferrea CBS100115	inulin 1%	0		d6:0.3 d8:0.6 d11:0.9 d13:1.1 d14:1.1 d15:1.2 d18:1.4 d19:1.3
675	Fuscoporia ferrea CBS100115	L-arabinose	1		d6:0.4 d8:0.6 d11:0.9 d13:1 d14:1.1 d15:1.2 d18:1.4 d19:1.4
675	Fuscoporia ferrea CBS100115	L-rhamnose	0		d6:0.2 d8:0.5 d11:0.7 d13:1 d14:1 d15:1 d18:1.1 d19:1.2
675	Fuscoporia ferrea CBS100115	lactose	1		d6:0.2 d8:0.4 d11:0.5 d13:0.7 d14:0.6 d15:0.6 d18:0.6 d19:0.6
675	Fuscoporia ferrea CBS100115	maltose	1		d6:0.4 d8:0.6 d11:0.9 d13:1.1 d14:1.1 d15:1.3 d18:1.5 d19:1.5
675	Fuscoporia ferrea CBS100115	no carbon source	0		d6:0.3 d8:0.5 d11:0.7 d13:0.9 d14:1 d15:1 d18:1.2 d19:1.2
675	Fuscoporia ferrea CBS100115	raffinose	1		d6:0.2 d8:0.3 d11:0.5 d13:0.7 d14:0.6 d15:0.7 d18:0.5 d19:0.5
675	Fuscoporia ferrea CBS100115	rice bran 3%	2		d6:0.6 d8:0.9 d11:1.1 d13:1.5 d14:1.6 d15:1.7 d18:1.9 d19:2
675	Fuscoporia ferrea CBS100115	soluble starch 1%	2		d6:0.5 d8:0.7 d11:1.1 d13:1.3 d14:1.4 d15:1.7 d18:2 d19:2.2
675	Fuscoporia ferrea CBS100115	soybean hulls 3%	4		d6:0.3 d8:0.3 d11:0.6 d13:0.8 d14:0.9 d15:1 d18:1.4 d19:1.5
675	Fuscoporia ferrea CBS100115	sucrose	0		d6:0.4 d8:0.6 d11:0.8 d13:1 d14:1 d15:1.2 d18:1.2 d19:1.4
675	Fuscoporia ferrea CBS100115	wheat bran 3%	4		d6:0.5 d8:0.6 d11:0.9 d13:1 d14:1.1 d15:1.2 d18:1.5 d19:1.5
676	phlebia brevispora HHB-7030 SS6	alfalfa meal 3%	8		d2:0.2 d3:1.2
676	phlebia brevispora HHB-7030 SS6	apple pectin 1% pH=6	5		d2:0.9 d3:1.2
676	phlebia brevispora HHB-7030 SS6	arabic gum 1%	5		d2:0.5 d3:1.3
676	phlebia brevispora HHB-7030 SS6	arabinogalactan 1%			d2:0.3 d3:1.5
676	phlebia brevispora HHB-7030 SS6	beechwood xylan 1%	5		d2:0.4 d3:1
676	phlebia brevispora HHB-7030 SS6	birchwood xylan 1%	6		d2:0.5 d3:0.7
676	phlebia brevispora HHB-7030 SS6	casein 3%	1		d3:0.4
676	phlebia brevispora HHB-7030 SS6	cellobiose	3		d2:0.2 d3:0.4
676	phlebia brevispora HHB-7030 SS6	cellulose 3%	0		
676	phlebia brevispora HHB-7030 SS6	citrus pectin 1% pH=6	6		d2:0.9 d3:1.5
676	phlebia brevispora HHB-7030 SS6	citrus pulp 3% pH=6	8		d2:0.5 d3:1.2
676	phlebia brevispora HHB-7030 SS6	cotton seed pulp 3%	9		d2:0.5 d3:1.2
676	phlebia brevispora HHB-7030 SS6	D-fructose	4		d2:0.3 d3:0.8
676	phlebia brevispora HHB-7030 SS6	D-galactose	1		d2:0.2 d3:0.5
676	phlebia brevispora HHB-7030 SS6	D-galacturonic acid	1		d2:0.3 d3:1.5
676	phlebia brevispora HHB-7030 SS6	D-glucose	5		d2:0.4 d3:0.8
676	phlebia brevispora HHB-7030 SS6	D-glucuronic acid	2		d2:0.3 d3:0.5
676	phlebia brevispora HHB-7030 SS6	D-mannose	2		d2:0.3 d3:0.7
676	phlebia brevispora HHB-7030 SS6	D-ribose	2		d2:0.4 d3:0.9
676	phlebia brevispora HHB-7030 SS6	D-xylose	3		d2:0.2 d3:0.4
676	phlebia brevispora HHB-7030 SS6	guar gum 1%	2		d2:0.1 d3:0.4
676	phlebia brevispora HHB-7030 SS6	inulin 1%	1		d2:0.3 d3:0.7
676	phlebia brevispora HHB-7030 SS6	L-arabinose	1		d3:0.5
676	phlebia brevispora HHB-7030 SS6	L-rhamnose	5		d2:0.3 d3:0.8
676	phlebia brevispora HHB-7030 SS6	lactose	3		d2:0.4 d3:0.7
676	phlebia brevispora HHB-7030 SS6	maltose	6		d2:0.5 d3:0.9
676	phlebia brevispora HHB-7030 SS6	no carbon source	1		d2:0.4 d3:0.8
676	phlebia brevispora HHB-7030 SS6	raffinose	1		d2:0.1 d3:0.4
676	phlebia brevispora HHB-7030 SS6	rice bran 3%	5		d3:0.4
676	phlebia brevispora HHB-7030 SS6	soluble starch 1%	2		d2:0.2 d3:0.3
676	phlebia brevispora HHB-7030 SS6	soybean hulls 3%	5		d3:0.5
676	phlebia brevispora HHB-7030 SS6	sucrose	1		d2:0.1 d3:0.6
676	phlebia brevispora HHB-7030 SS6	wheat bran 3%	6		d2:0.7 d3:0.8
677	Phlebiopsis gigantea CBS429.72	alfalfa meal 3%	6		d3:2.3
677	Phlebiopsis gigantea CBS429.72	apple pectin 1% pH=6	4		d3:1.9
677	Phlebiopsis gigantea CBS429.72	arabic gum 1%	2		d3:2.3
677	Phlebiopsis gigantea CBS429.72	arabinogalactan 1%			d3:1.7
677	Phlebiopsis gigantea CBS429.72	beechwood xylan 1%	2		d3:2.2
677	Phlebiopsis gigantea CBS429.72	birchwood xylan 1%	2		d3:2.5
677	Phlebiopsis gigantea CBS429.72	casein 3%	4		d3:2.5
677	Phlebiopsis gigantea CBS429.72	cellobiose	1		d3:1.2
677	Phlebiopsis gigantea CBS429.72	cellulose 3%	1		d3:1.6
677	Phlebiopsis gigantea CBS429.72	citrus pectin 1% pH=6	2		d3:2.7
677	Phlebiopsis gigantea CBS429.72	citrus pulp 3% pH=6	6		d3:2.1
677	Phlebiopsis gigantea CBS429.72	cotton seed pulp 3%	5		d3:3.3
677	Phlebiopsis gigantea CBS429.72	D-fructose	2		d3:1.6
677	Phlebiopsis gigantea CBS429.72	D-galactose	0		d3:1.5
677	Phlebiopsis gigantea CBS429.72	D-galacturonic acid	1		d3:0.7
677	Phlebiopsis gigantea CBS429.72	D-glucose	2		d3:1.5
677	Phlebiopsis gigantea CBS429.72	D-glucuronic acid	0		d3:1.5
677	Phlebiopsis gigantea CBS429.72	D-mannose	1		d3:1.6
677	Phlebiopsis gigantea CBS429.72	D-ribose	1		d3:1.9
677	Phlebiopsis gigantea CBS429.72	D-xylose	2		d3:1.5
677	Phlebiopsis gigantea CBS429.72	guar gum 1%	3		d3:2.3
677	Phlebiopsis gigantea CBS429.72	inulin 1%	2		d3:2
677	Phlebiopsis gigantea CBS429.72	L-arabinose	2		d3:1.4
677	Phlebiopsis gigantea CBS429.72	L-rhamnose	2		d3:2.1
677	Phlebiopsis gigantea CBS429.72	lactose	1		d3:1.5
677	Phlebiopsis gigantea CBS429.72	maltose	2		d3:1.7
677	Phlebiopsis gigantea CBS429.72	no carbon source	2		d3:1.9
677	Phlebiopsis gigantea CBS429.72	raffinose	4		d3:2
677	Phlebiopsis gigantea CBS429.72	rice bran 3%	6		d3:2.2
677	Phlebiopsis gigantea CBS429.72	soluble starch 1%	1		d3:1.3
677	Phlebiopsis gigantea CBS429.72	soybean hulls 3%	6		d3:2.5
677	Phlebiopsis gigantea CBS429.72	sucrose	3		d3:2
677	Phlebiopsis gigantea CBS429.72	wheat bran 3%	3		d3:2.4
678	Phlebiopsis gigantea 11061	alfalfa meal 3%	1		d7:3
678	Phlebiopsis gigantea 11061	apple pectin 1% pH=6	6		d7:3
678	Phlebiopsis gigantea 11061	arabic gum 1%	0		d7:3
678	Phlebiopsis gigantea 11061	arabinogalactan 1%			d7:3
678	Phlebiopsis gigantea 11061	beechwood xylan 1%	2		d7:3
678	Phlebiopsis gigantea 11061	birchwood xylan 1%	1		d7:2.8
678	Phlebiopsis gigantea 11061	casein 3%	3		d7:2.6
678	Phlebiopsis gigantea 11061	cellobiose	4		d7:2.5
678	Phlebiopsis gigantea 11061	cellulose 3%	0		d7:2
678	Phlebiopsis gigantea 11061	citrus pectin 1% pH=6	7		d7:3
678	Phlebiopsis gigantea 11061	citrus pulp 3% pH=6	9		d7:3
678	Phlebiopsis gigantea 11061	cotton seed pulp 3%	2		d7:3
678	Phlebiopsis gigantea 11061	D-fructose	3		d7:3
678	Phlebiopsis gigantea 11061	D-galactose	1		d7:3
678	Phlebiopsis gigantea 11061	D-galacturonic acid	6		d7:2.5
678	Phlebiopsis gigantea 11061	D-glucose	5		d7:3
678	Phlebiopsis gigantea 11061	D-glucuronic acid	1		d7:3
678	Phlebiopsis gigantea 11061	D-mannose	5		d7:3
678	Phlebiopsis gigantea 11061	D-ribose	0		d7:3
678	Phlebiopsis gigantea 11061	D-xylose	1		d7:3
678	Phlebiopsis gigantea 11061	guar gum 1%	6		d7:3
678	Phlebiopsis gigantea 11061	inulin 1%	0		d7:1.8
678	Phlebiopsis gigantea 11061	L-arabinose	1		d7:3
678	Phlebiopsis gigantea 11061	L-rhamnose	0		d7:3
678	Phlebiopsis gigantea 11061	lactose	2		d7:2.6
678	Phlebiopsis gigantea 11061	maltose	5		d7:3
678	Phlebiopsis gigantea 11061	no carbon source	0		d7:3
678	Phlebiopsis gigantea 11061	raffinose	1		d7:3
678	Phlebiopsis gigantea 11061	rice bran 3%	10		d7:3
678	Phlebiopsis gigantea 11061	soluble starch 1%	7		d7:3
678	Phlebiopsis gigantea 11061	soybean hulls 3%	8		d7:3
678	Phlebiopsis gigantea 11061	sucrose	0		d7:3
678	Phlebiopsis gigantea 11061	wheat bran 3%	7		d7:2.6
679	Physisporinus rivulosus FBCC939	alfalfa meal 3%	4		d7:3
679	Physisporinus rivulosus FBCC939	apple pectin 1% pH=6	4		d7:3
679	Physisporinus rivulosus FBCC939	arabic gum 1%	0		d7:3
679	Physisporinus rivulosus FBCC939	arabinogalactan 1%			d7:3
679	Physisporinus rivulosus FBCC939	beechwood xylan 1%	2		d7:3
679	Physisporinus rivulosus FBCC939	birchwood xylan 1%	1		d7:3
679	Physisporinus rivulosus FBCC939	casein 3%	0		d7:2.5
679	Physisporinus rivulosus FBCC939	cellobiose	3		d7:1.6
679	Physisporinus rivulosus FBCC939	cellulose 3%	1		d7:3
679	Physisporinus rivulosus FBCC939	citrus pectin 1% pH=6	4		d7:3
679	Physisporinus rivulosus FBCC939	citrus pulp 3% pH=6	4		d7:3
679	Physisporinus rivulosus FBCC939	cotton seed pulp 3%	4		d7:3
679	Physisporinus rivulosus FBCC939	D-fructose	5		d7:3
679	Physisporinus rivulosus FBCC939	D-galactose	1		d7:1.5
679	Physisporinus rivulosus FBCC939	D-galacturonic acid	0		d7:3
679	Physisporinus rivulosus FBCC939	D-glucose	5		d7:3
679	Physisporinus rivulosus FBCC939	D-glucuronic acid	1		d7:2.9
679	Physisporinus rivulosus FBCC939	D-mannose	4		d7:3
679	Physisporinus rivulosus FBCC939	D-ribose	1		d7:3
679	Physisporinus rivulosus FBCC939	D-xylose	2		d7:1.4
679	Physisporinus rivulosus FBCC939	guar gum 1%	6		d7:3
679	Physisporinus rivulosus FBCC939	inulin 1%	1		d7:3
679	Physisporinus rivulosus FBCC939	L-arabinose	1		d7:3
679	Physisporinus rivulosus FBCC939	L-rhamnose	1		d7:3
679	Physisporinus rivulosus FBCC939	lactose	0		d7:1.2
679	Physisporinus rivulosus FBCC939	maltose	1		d7:3
679	Physisporinus rivulosus FBCC939	no carbon source	1		d7:3
679	Physisporinus rivulosus FBCC939	raffinose	1		d7:2.9
679	Physisporinus rivulosus FBCC939	rice bran 3%	4		d7:3
679	Physisporinus rivulosus FBCC939	soluble starch 1%	4		d7:3
679	Physisporinus rivulosus FBCC939	soybean hulls 3%	4		d7:3
679	Physisporinus rivulosus FBCC939	sucrose	1		d7:3
679	Physisporinus rivulosus FBCC939	wheat bran 3%	7		d7:3
680	Physisporinus rivulosus FBCC1024	alfalfa meal 3%	6		d4:3
680	Physisporinus rivulosus FBCC1024	apple pectin 1% pH=6	8		d4:3
680	Physisporinus rivulosus FBCC1024	arabic gum 1%	2		d4:2.9
680	Physisporinus rivulosus FBCC1024	arabinogalactan 1%			d4:3
680	Physisporinus rivulosus FBCC1024	beechwood xylan 1%	4		d4:2.6
680	Physisporinus rivulosus FBCC1024	birchwood xylan 1%	3		d4:2.4
680	Physisporinus rivulosus FBCC1024	casein 3%	1		d4:1.5
680	Physisporinus rivulosus FBCC1024	cellobiose	4		d4:1.2
680	Physisporinus rivulosus FBCC1024	cellulose 3%	2		d4:2
680	Physisporinus rivulosus FBCC1024	citrus pectin 1% pH=6	7		d4:2.5
680	Physisporinus rivulosus FBCC1024	citrus pulp 3% pH=6	10		d4:2.5
680	Physisporinus rivulosus FBCC1024	cotton seed pulp 3%	3		d4:3
680	Physisporinus rivulosus FBCC1024	D-fructose	4		d4:2.3
680	Physisporinus rivulosus FBCC1024	D-galactose	2		d4:1.4
680	Physisporinus rivulosus FBCC1024	D-galacturonic acid	1		d4:3
680	Physisporinus rivulosus FBCC1024	D-glucose	5		d4:2.5
680	Physisporinus rivulosus FBCC1024	D-glucuronic acid	2		d4:1.6
680	Physisporinus rivulosus FBCC1024	D-mannose	4		d4:2
680	Physisporinus rivulosus FBCC1024	D-ribose	2		d4:2
680	Physisporinus rivulosus FBCC1024	D-xylose	2		d4:1
680	Physisporinus rivulosus FBCC1024	guar gum 1%	4		d4:1.9
680	Physisporinus rivulosus FBCC1024	inulin 1%	2		d4:2.5
680	Physisporinus rivulosus FBCC1024	L-arabinose	2		d4:2.1
680	Physisporinus rivulosus FBCC1024	L-rhamnose	2		d4:2
680	Physisporinus rivulosus FBCC1024	lactose	1		d4:1.2
680	Physisporinus rivulosus FBCC1024	maltose	3		d4:2.1
680	Physisporinus rivulosus FBCC1024	no carbon source	2		d4:2
680	Physisporinus rivulosus FBCC1024	raffinose	1		d4:1.1
680	Physisporinus rivulosus FBCC1024	rice bran 3%	6		d4:3
680	Physisporinus rivulosus FBCC1024	soluble starch 1%	6		d4:2.6
680	Physisporinus rivulosus FBCC1024	soybean hulls 3%	10		d4:2.5
680	Physisporinus rivulosus FBCC1024	sucrose	2		d4:2
680	Physisporinus rivulosus FBCC1024	wheat bran 3%	9		d4:2.5
681	Physisporinus rivulosus FBCC1026	alfalfa meal 3%	6		d6:3
681	Physisporinus rivulosus FBCC1026	apple pectin 1% pH=6	7		d6:3
681	Physisporinus rivulosus FBCC1026	arabic gum 1%	2		d6:3
681	Physisporinus rivulosus FBCC1026	arabinogalactan 1%			d6:3
681	Physisporinus rivulosus FBCC1026	beechwood xylan 1%	4		d6:2.9
681	Physisporinus rivulosus FBCC1026	birchwood xylan 1%	3		d6:2.5
681	Physisporinus rivulosus FBCC1026	casein 3%	1		d6:2
681	Physisporinus rivulosus FBCC1026	cellobiose	3		d6:1.6
681	Physisporinus rivulosus FBCC1026	cellulose 3%	1		d6:2
681	Physisporinus rivulosus FBCC1026	citrus pectin 1% pH=6	8		d6:3
681	Physisporinus rivulosus FBCC1026	citrus pulp 3% pH=6	9		d6:3
681	Physisporinus rivulosus FBCC1026	cotton seed pulp 3%	4		d6:3
681	Physisporinus rivulosus FBCC1026	D-fructose	6		d6:2.5
681	Physisporinus rivulosus FBCC1026	D-galactose	1		d6:1.3
681	Physisporinus rivulosus FBCC1026	D-galacturonic acid	2		d6:2.5
681	Physisporinus rivulosus FBCC1026	D-glucose	5		d6:2.5
681	Physisporinus rivulosus FBCC1026	D-glucuronic acid	1		d6:2.2
681	Physisporinus rivulosus FBCC1026	D-mannose	6		d6:2.5
681	Physisporinus rivulosus FBCC1026	D-ribose	1		d6:2.1
681	Physisporinus rivulosus FBCC1026	D-xylose	3		d6:1.4
681	Physisporinus rivulosus FBCC1026	guar gum 1%	6		d6:2.5
681	Physisporinus rivulosus FBCC1026	inulin 1%	1		d6:2.4
681	Physisporinus rivulosus FBCC1026	L-arabinose	1		d6:2.2
681	Physisporinus rivulosus FBCC1026	L-rhamnose	1		d6:2.3
681	Physisporinus rivulosus FBCC1026	lactose	0		d6:1
681	Physisporinus rivulosus FBCC1026	maltose	1		d6:2.1
681	Physisporinus rivulosus FBCC1026	no carbon source	1		d6:2
681	Physisporinus rivulosus FBCC1026	raffinose	1		d6:2
681	Physisporinus rivulosus FBCC1026	rice bran 3%	8		d6:2.5
681	Physisporinus rivulosus FBCC1026	soluble starch 1%	5		d6:3
681	Physisporinus rivulosus FBCC1026	soybean hulls 3%	8		d6:3
681	Physisporinus rivulosus FBCC1026	sucrose	1		d6:2.3
681	Physisporinus rivulosus FBCC1026	wheat bran 3%	10		d6:2.5
682	Physisporinus rivulosus FBCC1029	alfalfa meal 3%	7		d4:3
682	Physisporinus rivulosus FBCC1029	apple pectin 1% pH=6	10		d4:3
682	Physisporinus rivulosus FBCC1029	arabic gum 1%	2		d4:3
682	Physisporinus rivulosus FBCC1029	arabinogalactan 1%			d4:3
682	Physisporinus rivulosus FBCC1029	beechwood xylan 1%	9		d4:3
682	Physisporinus rivulosus FBCC1029	birchwood xylan 1%	8		d4:2.5
682	Physisporinus rivulosus FBCC1029	casein 3%	1		d4:1.4
682	Physisporinus rivulosus FBCC1029	cellobiose	4		d4:2
682	Physisporinus rivulosus FBCC1029	cellulose 3%	2		d4:1.6
682	Physisporinus rivulosus FBCC1029	citrus pectin 1% pH=6	2		d4:2.9
682	Physisporinus rivulosus FBCC1029	citrus pulp 3% pH=6	4		d4:3
682	Physisporinus rivulosus FBCC1029	cotton seed pulp 3%	7		d4:3
682	Physisporinus rivulosus FBCC1029	D-fructose	4		d4:2.9
682	Physisporinus rivulosus FBCC1029	D-galactose	1		d4:1
682	Physisporinus rivulosus FBCC1029	D-galacturonic acid	1		d4:3
682	Physisporinus rivulosus FBCC1029	D-glucose	5		d4:3
682	Physisporinus rivulosus FBCC1029	D-glucuronic acid	2		d4:1.4
682	Physisporinus rivulosus FBCC1029	D-mannose	6		d4:3
682	Physisporinus rivulosus FBCC1029	D-ribose	2		d4:2
682	Physisporinus rivulosus FBCC1029	D-xylose	3		d4:1.5
682	Physisporinus rivulosus FBCC1029	guar gum 1%	4		d4:2.3
682	Physisporinus rivulosus FBCC1029	inulin 1%	2		d4:2.3
682	Physisporinus rivulosus FBCC1029	L-arabinose	2		d4:1.9
682	Physisporinus rivulosus FBCC1029	L-rhamnose	2		d4:1.7
682	Physisporinus rivulosus FBCC1029	lactose	1		d4:0.7
682	Physisporinus rivulosus FBCC1029	maltose	3		d4:2.5
682	Physisporinus rivulosus FBCC1029	no carbon source	2		d4:1.3
682	Physisporinus rivulosus FBCC1029	raffinose	1		d4:0.7
682	Physisporinus rivulosus FBCC1029	rice bran 3%	4		d4:2.5
682	Physisporinus rivulosus FBCC1029	soluble starch 1%	7		d4:2.5
682	Physisporinus rivulosus FBCC1029	soybean hulls 3%	8		d4:2.6
682	Physisporinus rivulosus FBCC1029	sucrose	2		d4:1.5
682	Physisporinus rivulosus FBCC1029	wheat bran 3%	4		d4:2.5
683	Physisporinus rivulosus FBCC1032	alfalfa meal 3%	7		d4:3
683	Physisporinus rivulosus FBCC1032	apple pectin 1% pH=6	8		d4:3
683	Physisporinus rivulosus FBCC1032	arabic gum 1%	2		d4:2.5
683	Physisporinus rivulosus FBCC1032	arabinogalactan 1%			d4:3
683	Physisporinus rivulosus FBCC1032	beechwood xylan 1%	6		d4:2.8
683	Physisporinus rivulosus FBCC1032	birchwood xylan 1%	6		d4:2.6
683	Physisporinus rivulosus FBCC1032	casein 3%	1		d4:1.4
683	Physisporinus rivulosus FBCC1032	cellobiose	3		d4:1.3
683	Physisporinus rivulosus FBCC1032	cellulose 3%	2		d4:2.1
683	Physisporinus rivulosus FBCC1032	citrus pectin 1% pH=6	8		d4:3
683	Physisporinus rivulosus FBCC1032	citrus pulp 3% pH=6	10		d4:3
683	Physisporinus rivulosus FBCC1032	cotton seed pulp 3%	7		d4:3
683	Physisporinus rivulosus FBCC1032	D-fructose	4		d4:2.1
683	Physisporinus rivulosus FBCC1032	D-galactose	1		d4:1.5
683	Physisporinus rivulosus FBCC1032	D-galacturonic acid	2		d4:3
683	Physisporinus rivulosus FBCC1032	D-glucose	5		d4:2.4
683	Physisporinus rivulosus FBCC1032	D-glucuronic acid	1		d4:1.8
683	Physisporinus rivulosus FBCC1032	D-mannose	6		d4:2.2
683	Physisporinus rivulosus FBCC1032	D-ribose	2		d4:2
683	Physisporinus rivulosus FBCC1032	D-xylose	1		d4:1.3
683	Physisporinus rivulosus FBCC1032	guar gum 1%	7		d4:2
683	Physisporinus rivulosus FBCC1032	inulin 1%	2		d4:2.4
683	Physisporinus rivulosus FBCC1032	L-arabinose	2		d4:2.2
683	Physisporinus rivulosus FBCC1032	L-rhamnose	2		d4:2
683	Physisporinus rivulosus FBCC1032	lactose	1		d4:1.4
683	Physisporinus rivulosus FBCC1032	maltose	3		d4:2.2
683	Physisporinus rivulosus FBCC1032	no carbon source	2		d4:2.1
683	Physisporinus rivulosus FBCC1032	raffinose	1		d4:1
683	Physisporinus rivulosus FBCC1032	rice bran 3%	7		d4:2.6
683	Physisporinus rivulosus FBCC1032	soluble starch 1%	6		d4:2.5
683	Physisporinus rivulosus FBCC1032	soybean hulls 3%	10		d4:2.4
683	Physisporinus rivulosus FBCC1032	sucrose	2		d4:2
683	Physisporinus rivulosus FBCC1032	wheat bran 3%	9		d4:2.5
684	Physisporinus rivulosus monokaryotic strains FBCC1022	alfalfa meal 3%	6		d6:3
684	Physisporinus rivulosus monokaryotic strains FBCC1022	apple pectin 1% pH=6	6		d6:3
684	Physisporinus rivulosus monokaryotic strains FBCC1022	arabic gum 1%	1		d6:3
684	Physisporinus rivulosus monokaryotic strains FBCC1022	arabinogalactan 1%			d6:3
684	Physisporinus rivulosus monokaryotic strains FBCC1022	beechwood xylan 1%	6		d6:3
684	Physisporinus rivulosus monokaryotic strains FBCC1022	birchwood xylan 1%	4		d6:2.6
684	Physisporinus rivulosus monokaryotic strains FBCC1022	casein 3%	0		d6:1.9
684	Physisporinus rivulosus monokaryotic strains FBCC1022	cellobiose	3		d6:2.3
684	Physisporinus rivulosus monokaryotic strains FBCC1022	cellulose 3%	1		d6:2.1
684	Physisporinus rivulosus monokaryotic strains FBCC1022	citrus pectin 1% pH=6	7		d6:3
684	Physisporinus rivulosus monokaryotic strains FBCC1022	citrus pulp 3% pH=6	7		d6:3
684	Physisporinus rivulosus monokaryotic strains FBCC1022	cotton seed pulp 3%	2		d6:3
684	Physisporinus rivulosus monokaryotic strains FBCC1022	D-fructose	4		d6:2.9
684	Physisporinus rivulosus monokaryotic strains FBCC1022	D-galactose	1		d6:1.3
684	Physisporinus rivulosus monokaryotic strains FBCC1022	D-galacturonic acid	2		d6:3
684	Physisporinus rivulosus monokaryotic strains FBCC1022	D-glucose	5		d6:3
684	Physisporinus rivulosus monokaryotic strains FBCC1022	D-glucuronic acid	2		d6:2.2
684	Physisporinus rivulosus monokaryotic strains FBCC1022	D-mannose	5		d6:3
684	Physisporinus rivulosus monokaryotic strains FBCC1022	D-ribose	1		d6:2.1
684	Physisporinus rivulosus monokaryotic strains FBCC1022	D-xylose	3		d6:1.3
684	Physisporinus rivulosus monokaryotic strains FBCC1022	guar gum 1%	3		d6:2.9
684	Physisporinus rivulosus monokaryotic strains FBCC1022	inulin 1%	1		d6:2.5
684	Physisporinus rivulosus monokaryotic strains FBCC1022	L-arabinose	2		d6:2.2
684	Physisporinus rivulosus monokaryotic strains FBCC1022	L-rhamnose	1		d6:2.2
684	Physisporinus rivulosus monokaryotic strains FBCC1022	lactose	0		d6:0.7
684	Physisporinus rivulosus monokaryotic strains FBCC1022	maltose	2		d6:2.5
684	Physisporinus rivulosus monokaryotic strains FBCC1022	no carbon source	1		d6:2.3
684	Physisporinus rivulosus monokaryotic strains FBCC1022	raffinose	2		d6:2.2
684	Physisporinus rivulosus monokaryotic strains FBCC1022	rice bran 3%	7		d6:2.5
684	Physisporinus rivulosus monokaryotic strains FBCC1022	soluble starch 1%	5		d6:3
684	Physisporinus rivulosus monokaryotic strains FBCC1022	soybean hulls 3%	4		d6:2.1
684	Physisporinus rivulosus monokaryotic strains FBCC1022	sucrose	1		d6:2.4
684	Physisporinus rivulosus monokaryotic strains FBCC1022	wheat bran 3%	8		d6:2.3
685	Plicaturopsis crispa Fd-325 SS-3	alfalfa meal 3%	7		d2:0.2 d5:0.7 d7:1 d8:1.2 d9:1.4 d12:1.9
685	Plicaturopsis crispa Fd-325 SS-3	apple pectin 1% pH=6	1		d2:0.1 d5:0.6 d7:1 d8:1.2 d9:1.5 d12:2.4
685	Plicaturopsis crispa Fd-325 SS-3	arabic gum 1%	1		d2:0.2 d5:1.1 d7:1.6 d8:2.2 d9:2.7 d12:3.2
685	Plicaturopsis crispa Fd-325 SS-3	arabinogalactan 1%			d2:0.1 d5:0.5 d7:1 d8:1.4 d9:1.6 d12:2.6
685	Plicaturopsis crispa Fd-325 SS-3	beechwood xylan 1%	1		d2:0.1 d5:0.8 d7:1.3 d8:1.6 d9:1.8 d12:2.1
685	Plicaturopsis crispa Fd-325 SS-3	birchwood xylan 1%	1		d2:0.2 d5:0.9 d7:1.4 d8:1.6 d9:1.8 d12:2.1
685	Plicaturopsis crispa Fd-325 SS-3	casein 3%	1		d2:0.2 d5:0.6 d7:0.8 d8:1 d9:1.1 d12:1.8
685	Plicaturopsis crispa Fd-325 SS-3	cellobiose	3		d2:0.2 d5:0.4 d7:0.6 d8:0.7 d9:0.7 d12:0.9
685	Plicaturopsis crispa Fd-325 SS-3	cellulose 3%	1		d2:0.2 d5:0.7 d7:1.3 d8:1.5 d9:2 d12:3
685	Plicaturopsis crispa Fd-325 SS-3	citrus pectin 1% pH=6	6		d2:0.2 d5:0.6 d7:0.9 d8:1 d9:1.2 d12:1.6
685	Plicaturopsis crispa Fd-325 SS-3	citrus pulp 3% pH=6	10		d2:0.3 d5:1 d7:1.4 d8:1.8 d9:2 d12:2.7
685	Plicaturopsis crispa Fd-325 SS-3	cotton seed pulp 3%	3		d2:0.3 d5:1.2 d7:1.7 d8:2.1 d9:2.4 d12:3.1
685	Plicaturopsis crispa Fd-325 SS-3	D-fructose	5		d2:0.2 d5:0.6 d7:0.6 d8:0.9 d9:0.9 d12:1.5
685	Plicaturopsis crispa Fd-325 SS-3	D-galactose	2		d2:0.1 d5:0.7 d7:0.9 d8:1 d9:1.4 d12:1.9
685	Plicaturopsis crispa Fd-325 SS-3	D-galacturonic acid	3		d2:0.1 d5:0.4 d7:0.5 d8:0.6 d9:0.6 d12:0.8
685	Plicaturopsis crispa Fd-325 SS-3	D-glucose	5		d2:0.2 d5:0.5 d7:0.7 d8:0.8 d9:1 d12:1.4
685	Plicaturopsis crispa Fd-325 SS-3	D-glucuronic acid	6		d2:0.2 d5:0.8 d7:1.3 d8:1.5 d9:1.6 d12:2
685	Plicaturopsis crispa Fd-325 SS-3	D-mannose	6		d2:0.2 d5:0.6 d7:0.7 d8:0.9 d9:1.2 d12:1.8
685	Plicaturopsis crispa Fd-325 SS-3	D-ribose	3		d2:0.1 d5:1 d7:1.4 d8:1.8 d9:2.3 d12:2.8
685	Plicaturopsis crispa Fd-325 SS-3	D-xylose	4		d2:0.2 d5:0.7 d7:0.7 d8:0.9 d9:1.4 d12:1.9
685	Plicaturopsis crispa Fd-325 SS-3	guar gum 1%	1		d2:0.3 d5:1 d7:1.6 d8:2 d9:2.3 d12:3.2
685	Plicaturopsis crispa Fd-325 SS-3	inulin 1%	1		d2:0.1 d5:0.9 d7:1.3 d8:1.7 d9:2.1 d12:2.9
685	Plicaturopsis crispa Fd-325 SS-3	L-arabinose	2		d2:0.2 d5:0.6 d7:0.9 d8:1.1 d9:1.4 d12:2
685	Plicaturopsis crispa Fd-325 SS-3	L-rhamnose	1		d2:0.1 d5:1 d7:1.5 d8:1.7 d9:2.1 d12:2.8
685	Plicaturopsis crispa Fd-325 SS-3	lactose	4		d2:0.2 d5:0.8 d7:0.9 d8:1.1 d9:1.4 d12:2
685	Plicaturopsis crispa Fd-325 SS-3	maltose	5		d2:0.2 d5:0.7 d7:0.8 d8:1.1 d9:1.2 d12:1.6
685	Plicaturopsis crispa Fd-325 SS-3	no carbon source	1		d2:0.2 d5:1 d7:1.5 d8:1.9 d9:2.1 d12:2.8
685	Plicaturopsis crispa Fd-325 SS-3	raffinose	2		d2:0.1 d5:0.9 d7:1.5 d8:1.7 d9:2 d12:2.6
685	Plicaturopsis crispa Fd-325 SS-3	rice bran 3%	6		d2:0.1 d5:0.6 d7:0.9 d8:1.1 d9:1.3 d12:1.7
685	Plicaturopsis crispa Fd-325 SS-3	soluble starch 1%	5		d2:0.1 d5:0.4 d7:0.7 d8:0.8 d9:1 d12:1.2
685	Plicaturopsis crispa Fd-325 SS-3	soybean hulls 3%	4		d2:0.1 d5:0.5 d7:0.6 d8:0.8 d9:0.9 d12:1.5
685	Plicaturopsis crispa Fd-325 SS-3	sucrose	1		d2:0.2 d5:1 d7:1.6 d8:1.9 d9:2.2 d12:2.9
685	Plicaturopsis crispa Fd-325 SS-3	wheat bran 3%	8		d2:0.2 d5:0.6 d7:0.9 d8:1 d9:1.2 d12:1.9
686	Polyporus arcularius HHB13444 SS-1	alfalfa meal 3%	7		d4:2.2
686	Polyporus arcularius HHB13444 SS-1	apple pectin 1% pH=6	2		d4:2.9
686	Polyporus arcularius HHB13444 SS-1	arabic gum 1%	0		d4:3
686	Polyporus arcularius HHB13444 SS-1	arabinogalactan 1%			d4:2.7
686	Polyporus arcularius HHB13444 SS-1	beechwood xylan 1%	0		d4:2.7
686	Polyporus arcularius HHB13444 SS-1	birchwood xylan 1%	2		d4:3
686	Polyporus arcularius HHB13444 SS-1	casein 3%	2		d4:2.9
686	Polyporus arcularius HHB13444 SS-1	cellobiose	4		d4:1.9
686	Polyporus arcularius HHB13444 SS-1	cellulose 3%	0		d4:2.3
686	Polyporus arcularius HHB13444 SS-1	citrus pectin 1% pH=6	2		d4:3
686	Polyporus arcularius HHB13444 SS-1	citrus pulp 3% pH=6	10		d4:2.9
686	Polyporus arcularius HHB13444 SS-1	cotton seed pulp 3%	9		d4:2.8
686	Polyporus arcularius HHB13444 SS-1	D-fructose	5		d4:2.9
686	Polyporus arcularius HHB13444 SS-1	D-galactose	1		d4:2.2
686	Polyporus arcularius HHB13444 SS-1	D-galacturonic acid	0		d4:0.5
686	Polyporus arcularius HHB13444 SS-1	D-glucose	5		d4:2.7
686	Polyporus arcularius HHB13444 SS-1	D-glucuronic acid	1		d4:2.9
686	Polyporus arcularius HHB13444 SS-1	D-mannose	5		d4:2.9
686	Polyporus arcularius HHB13444 SS-1	D-ribose	0		d4:2.7
686	Polyporus arcularius HHB13444 SS-1	D-xylose	0		d4:1.8
686	Polyporus arcularius HHB13444 SS-1	guar gum 1%	0		d4:2.5
686	Polyporus arcularius HHB13444 SS-1	inulin 1%	0		d4:2.8
686	Polyporus arcularius HHB13444 SS-1	L-arabinose	0		d4:2.6
686	Polyporus arcularius HHB13444 SS-1	L-rhamnose	1		d4:2.9
686	Polyporus arcularius HHB13444 SS-1	lactose	1		d4:2.9
686	Polyporus arcularius HHB13444 SS-1	maltose	2		d4:2.7
686	Polyporus arcularius HHB13444 SS-1	no carbon source	0		d4:2.9
686	Polyporus arcularius HHB13444 SS-1	raffinose	2		d4:3
686	Polyporus arcularius HHB13444 SS-1	rice bran 3%	7		d4:2.9
686	Polyporus arcularius HHB13444 SS-1	soluble starch 1%	4		d4:2.7
686	Polyporus arcularius HHB13444 SS-1	soybean hulls 3%	7		d4:3
686	Polyporus arcularius HHB13444 SS-1	sucrose	2		d4:2.9
686	Polyporus arcularius HHB13444 SS-1	wheat bran 3%	9		d4:3
687	Postia placenta FBCC112	alfalfa meal 3%	6		d8:2.1
687	Postia placenta FBCC112	apple pectin 1% pH=6	8		d8:2.8
687	Postia placenta FBCC112	arabic gum 1%	2		d8:2.6
687	Postia placenta FBCC112	arabinogalactan 1%			d8:2.2
687	Postia placenta FBCC112	beechwood xylan 1%	7		d8:2.9
687	Postia placenta FBCC112	birchwood xylan 1%	6		d8:2.6
687	Postia placenta FBCC112	casein 3%	1		d8:0.6
687	Postia placenta FBCC112	cellobiose	4		d8:2.7
687	Postia placenta FBCC112	cellulose 3%	1		d8:0
687	Postia placenta FBCC112	citrus pectin 1% pH=6	8		d8:3
687	Postia placenta FBCC112	citrus pulp 3% pH=6	7		d8:2.5
687	Postia placenta FBCC112	cotton seed pulp 3%	9		d8:3
687	Postia placenta FBCC112	D-fructose	5		d8:3
687	Postia placenta FBCC112	D-galactose	2		d8:2.5
687	Postia placenta FBCC112	D-galacturonic acid	4		d8:2.4
687	Postia placenta FBCC112	D-glucose	5		d8:2.8
687	Postia placenta FBCC112	D-glucuronic acid	2		d8:2
687	Postia placenta FBCC112	D-mannose	4		d8:2.5
687	Postia placenta FBCC112	D-ribose	2		d8:2.4
687	Postia placenta FBCC112	D-xylose	3		d8:2.7
687	Postia placenta FBCC112	guar gum 1%	3		d8:2.7
687	Postia placenta FBCC112	inulin 1%	2		d8:1.6
687	Postia placenta FBCC112	L-arabinose	3		d8:2.7
687	Postia placenta FBCC112	L-rhamnose	0		d8:2.5
687	Postia placenta FBCC112	lactose	3		d8:2.2
687	Postia placenta FBCC112	maltose	4		d8:2.7
687	Postia placenta FBCC112	no carbon source	1		d8:2.3
687	Postia placenta FBCC112	raffinose	3		d8:2.5
687	Postia placenta FBCC112	rice bran 3%	10		d8:3
687	Postia placenta FBCC112	soluble starch 1%	4		d8:2.5
687	Postia placenta FBCC112	soybean hulls 3%	8		d8:2.4
687	Postia placenta FBCC112	sucrose	2		d8:2.4
687	Postia placenta FBCC112	wheat bran 3%	10		d8:2.9
688	Punctularia strigosozonota CBS702.94	alfalfa meal 3%	9		d5:2.5
688	Punctularia strigosozonota CBS702.94	apple pectin 1% pH=6	4		d5:2.1
688	Punctularia strigosozonota CBS702.94	arabic gum 1%	5		d5:2.4
688	Punctularia strigosozonota CBS702.94	arabinogalactan 1%			d5:2
688	Punctularia strigosozonota CBS702.94	beechwood xylan 1%	5		d5:2.2
688	Punctularia strigosozonota CBS702.94	birchwood xylan 1%	6		d5:1.8
688	Punctularia strigosozonota CBS702.94	casein 3%	4		d5:1.1
688	Punctularia strigosozonota CBS702.94	cellobiose	3		d5:1.5
688	Punctularia strigosozonota CBS702.94	cellulose 3%	4		d5:1.9
688	Punctularia strigosozonota CBS702.94	citrus pectin 1% pH=6	4		d5:1.7
688	Punctularia strigosozonota CBS702.94	citrus pulp 3% pH=6	8		d5:2.4
688	Punctularia strigosozonota CBS702.94	cotton seed pulp 3%	5		d5:2.5
688	Punctularia strigosozonota CBS702.94	D-fructose	3		d5:2.7
688	Punctularia strigosozonota CBS702.94	D-galactose	1		d5:2.1
688	Punctularia strigosozonota CBS702.94	D-galacturonic acid	3		d5:1.5
688	Punctularia strigosozonota CBS702.94	D-glucose	5		d5:2.5
688	Punctularia strigosozonota CBS702.94	D-glucuronic acid	5		d5:2.6
688	Punctularia strigosozonota CBS702.94	D-mannose	2		d5:2.1
688	Punctularia strigosozonota CBS702.94	D-ribose	2		d5:2.4
688	Punctularia strigosozonota CBS702.94	D-xylose	0		d5:0.8
688	Punctularia strigosozonota CBS702.94	guar gum 1%	8		d5:2.1
688	Punctularia strigosozonota CBS702.94	inulin 1%	3		d5:2.3
688	Punctularia strigosozonota CBS702.94	L-arabinose	0		d5:2
688	Punctularia strigosozonota CBS702.94	L-rhamnose	2		d5:2.2
688	Punctularia strigosozonota CBS702.94	lactose	4		d5:2.2
688	Punctularia strigosozonota CBS702.94	maltose	4		d5:2.1
688	Punctularia strigosozonota CBS702.94	no carbon source	1		d5:2.5
688	Punctularia strigosozonota CBS702.94	raffinose	6		d5:2.1
688	Punctularia strigosozonota CBS702.94	rice bran 3%	6		d5:2.6
688	Punctularia strigosozonota CBS702.94	soluble starch 1%	6		d5:2.5
688	Punctularia strigosozonota CBS702.94	soybean hulls 3%	10		d5:2.5
688	Punctularia strigosozonota CBS702.94	sucrose	7		d5:2.4
688	Punctularia strigosozonota CBS702.94	wheat bran 3%	8		d5:2.3
689	Ramaria stricta var. concolor CBS153.74	alfalfa meal 3%	1		d12:0 d21:0.5
689	Ramaria stricta var. concolor CBS153.74	apple pectin 1% pH=6	6		d12:1.1 d21:2.6
689	Ramaria stricta var. concolor CBS153.74	arabic gum 1%	3		d12:0.5 d21:1.4
689	Ramaria stricta var. concolor CBS153.74	arabinogalactan 1%			d12:0.2 d21:0.4
689	Ramaria stricta var. concolor CBS153.74	beechwood xylan 1%	2		d12:0.5 d21:1.4
689	Ramaria stricta var. concolor CBS153.74	birchwood xylan 1%	2		d12:0.5 d21:1.4
689	Ramaria stricta var. concolor CBS153.74	casein 3%	2		d12:0.2 d21:1
689	Ramaria stricta var. concolor CBS153.74	cellobiose	3		d12:0.4 d21:1
689	Ramaria stricta var. concolor CBS153.74	cellulose 3%	3		d12:0.4 d21:1.3
689	Ramaria stricta var. concolor CBS153.74	citrus pectin 1% pH=6	7		d12:0.6 d21:2
689	Ramaria stricta var. concolor CBS153.74	citrus pulp 3% pH=6	0		d12:0 d21:0.2
689	Ramaria stricta var. concolor CBS153.74	cotton seed pulp 3%	2		d12:0.3 d21:1.1
689	Ramaria stricta var. concolor CBS153.74	D-fructose	4		d12:0.9 d21:1.7
689	Ramaria stricta var. concolor CBS153.74	D-galactose	0		d12:0.2 d21:0.2
689	Ramaria stricta var. concolor CBS153.74	D-galacturonic acid	0		d12:0 d21:0.2
689	Ramaria stricta var. concolor CBS153.74	D-glucose	5		d12:0.9 d21:1.6
689	Ramaria stricta var. concolor CBS153.74	D-glucuronic acid	1		d12:0.3 d21:0.7
689	Ramaria stricta var. concolor CBS153.74	D-mannose	4		d12:0.8 d21:1.6
689	Ramaria stricta var. concolor CBS153.74	D-ribose	1		d12:0.7 d21:1.2
689	Ramaria stricta var. concolor CBS153.74	D-xylose	0		d12:0.2 d21:0.2
689	Ramaria stricta var. concolor CBS153.74	guar gum 1%	3		d12:1.3 d21:2.5
689	Ramaria stricta var. concolor CBS153.74	inulin 1%	2		d12:0.7 d21:1.3
689	Ramaria stricta var. concolor CBS153.74	L-arabinose	0		d12:0.3 d21:0.7
689	Ramaria stricta var. concolor CBS153.74	L-rhamnose	0		d12:0.7 d21:1.4
689	Ramaria stricta var. concolor CBS153.74	lactose	2		d12:0.4 d21:0.8
689	Ramaria stricta var. concolor CBS153.74	maltose	3		d12:0.7 d21:1.3
689	Ramaria stricta var. concolor CBS153.74	no carbon source	1		d12:0.7 d21:1.3
689	Ramaria stricta var. concolor CBS153.74	raffinose	1		d12:0.6 d21:1.1
689	Ramaria stricta var. concolor CBS153.74	rice bran 3%	7		d12:1 d21:2.1
689	Ramaria stricta var. concolor CBS153.74	soluble starch 1%	4		d12:1.2 d21:2
689	Ramaria stricta var. concolor CBS153.74	soybean hulls 3%	4		d12:0.5 d21:1.3
689	Ramaria stricta var. concolor CBS153.74	sucrose	1		d12:0.6 d21:1.2
689	Ramaria stricta var. concolor CBS153.74	wheat bran 3%	7		d12:0.9 d21:2
690	Rasamsonia emersonii CBS393.64	alfalfa meal 3%	4		d3:1.9
690	Rasamsonia emersonii CBS393.64	apple pectin 1% pH=6	9		d3:2.8
690	Rasamsonia emersonii CBS393.64	arabic gum 1%	6		d3:2.6
690	Rasamsonia emersonii CBS393.64	arabinogalactan 1%			d3:2.8
690	Rasamsonia emersonii CBS393.64	beechwood xylan 1%	3		d3:2
690	Rasamsonia emersonii CBS393.64	birchwood xylan 1%	3		d3:2.2
690	Rasamsonia emersonii CBS393.64	casein 3%	1		d3:1
690	Rasamsonia emersonii CBS393.64	cellobiose	4		d3:1.6
690	Rasamsonia emersonii CBS393.64	cellulose 3%	1		d3:1.2
690	Rasamsonia emersonii CBS393.64	citrus pectin 1% pH=6	6		d3:2.6
690	Rasamsonia emersonii CBS393.64	citrus pulp 3% pH=6	7		d3:3
690	Rasamsonia emersonii CBS393.64	cotton seed pulp 3%	6		d3:2.9
690	Rasamsonia emersonii CBS393.64	D-fructose	1		d3:1.4
690	Rasamsonia emersonii CBS393.64	D-galactose	1		d3:1.7
690	Rasamsonia emersonii CBS393.64	D-galacturonic acid	3		d3:1.7
690	Rasamsonia emersonii CBS393.64	D-glucose	5		d3:1.6
690	Rasamsonia emersonii CBS393.64	D-glucuronic acid	0		d3:1.1
690	Rasamsonia emersonii CBS393.64	D-mannose	5		d3:1.5
690	Rasamsonia emersonii CBS393.64	D-ribose	2		d3:1.6
690	Rasamsonia emersonii CBS393.64	D-xylose	1		d3:1.7
690	Rasamsonia emersonii CBS393.64	guar gum 1%	6		d3:2.2
690	Rasamsonia emersonii CBS393.64	inulin 1%	1		d3:1.7
690	Rasamsonia emersonii CBS393.64	L-arabinose	1		d3:1.6
690	Rasamsonia emersonii CBS393.64	L-rhamnose	1		d3:1
690	Rasamsonia emersonii CBS393.64	lactose	1		d3:1.5
690	Rasamsonia emersonii CBS393.64	maltose	4		d3:1.6
690	Rasamsonia emersonii CBS393.64	no carbon source	1		d3:1
690	Rasamsonia emersonii CBS393.64	raffinose	2		d3:1.7
690	Rasamsonia emersonii CBS393.64	rice bran 3%	7		d3:2.8
690	Rasamsonia emersonii CBS393.64	soluble starch 1%	6		d3:1.8
690	Rasamsonia emersonii CBS393.64	soybean hulls 3%	7		d3:2.2
690	Rasamsonia emersonii CBS393.64	sucrose	1		d3:1.2
690	Rasamsonia emersonii CBS393.64	wheat bran 3%	10		d3:3.2
691	Rasamsonia emersonii CBS396.64	alfalfa meal 3%	8		d3:2.6
691	Rasamsonia emersonii CBS396.64	apple pectin 1% pH=6	5		d3:2.4
691	Rasamsonia emersonii CBS396.64	arabic gum 1%	5		d3:1.9
691	Rasamsonia emersonii CBS396.64	arabinogalactan 1%			d3:2.3
691	Rasamsonia emersonii CBS396.64	beechwood xylan 1%	4		d3:1.9
691	Rasamsonia emersonii CBS396.64	birchwood xylan 1%	4		d3:1.9
691	Rasamsonia emersonii CBS396.64	casein 3%	0		d3:1.1
691	Rasamsonia emersonii CBS396.64	cellobiose	5		d3:1.2
691	Rasamsonia emersonii CBS396.64	cellulose 3%	1		d3:0.7
691	Rasamsonia emersonii CBS396.64	citrus pectin 1% pH=6	6		d3:1.9
691	Rasamsonia emersonii CBS396.64	citrus pulp 3% pH=6	9		d3:2.3
691	Rasamsonia emersonii CBS396.64	cotton seed pulp 3%	4		d3:2.6
691	Rasamsonia emersonii CBS396.64	D-fructose	2		d3:1.1
691	Rasamsonia emersonii CBS396.64	D-galactose	2		d3:0.8
691	Rasamsonia emersonii CBS396.64	D-galacturonic acid	2		d3:1.7
691	Rasamsonia emersonii CBS396.64	D-glucose	5		d3:1
691	Rasamsonia emersonii CBS396.64	D-glucuronic acid	1		d3:0.9
691	Rasamsonia emersonii CBS396.64	D-mannose	5		d3:1.1
691	Rasamsonia emersonii CBS396.64	D-ribose	3		d3:1.2
691	Rasamsonia emersonii CBS396.64	D-xylose	4		d3:0.8
691	Rasamsonia emersonii CBS396.64	guar gum 1%	6		d3:1.9
691	Rasamsonia emersonii CBS396.64	inulin 1%	2		d3:1.3
691	Rasamsonia emersonii CBS396.64	L-arabinose	2		d3:1
691	Rasamsonia emersonii CBS396.64	L-rhamnose	1		d3:0.9
691	Rasamsonia emersonii CBS396.64	lactose	2		d3:1.3
691	Rasamsonia emersonii CBS396.64	maltose	4		d3:1.2
691	Rasamsonia emersonii CBS396.64	no carbon source	1		d3:0.7
691	Rasamsonia emersonii CBS396.64	raffinose	3		d3:1.4
691	Rasamsonia emersonii CBS396.64	rice bran 3%	6		d3:1.5
691	Rasamsonia emersonii CBS396.64	soluble starch 1%	6		d3:1.3
691	Rasamsonia emersonii CBS396.64	soybean hulls 3%	7		d3:2.2
691	Rasamsonia emersonii CBS396.64	sucrose	1		d3:0.9
691	Rasamsonia emersonii CBS396.64	wheat bran 3%	10		d3:2.9
692	Rhiziscyphus oriceae	alfalfa meal 3%	4		d17:1.5
692	Rhiziscyphus oriceae	apple pectin 1% pH=6	9		d17:2.2
692	Rhiziscyphus oriceae	arabic gum 1%	2		d17:1.5
692	Rhiziscyphus oriceae	arabinogalactan 1%			d17:1.2
692	Rhiziscyphus oriceae	beechwood xylan 1%	6		d17:1.3
692	Rhiziscyphus oriceae	birchwood xylan 1%	6		d17:0.9
692	Rhiziscyphus oriceae	casein 3%	0		d17:1.8
692	Rhiziscyphus oriceae	cellobiose	5		d17:1.2
692	Rhiziscyphus oriceae	cellulose 3%	1		d17:1.1
692	Rhiziscyphus oriceae	citrus pectin 1% pH=6	9		d17:2.4
692	Rhiziscyphus oriceae	citrus pulp 3% pH=6	7		d17:2
692	Rhiziscyphus oriceae	cotton seed pulp 3%	0		d17:1.9
692	Rhiziscyphus oriceae	D-fructose	4		d17:2.1
692	Rhiziscyphus oriceae	D-galactose	3		
692	Rhiziscyphus oriceae	D-galacturonic acid	6		d17:2
692	Rhiziscyphus oriceae	D-glucose	5		d17:1.7
692	Rhiziscyphus oriceae	D-glucuronic acid	1		d17:1
692	Rhiziscyphus oriceae	D-mannose	5		d17:1.4
692	Rhiziscyphus oriceae	D-ribose	1		d17:1.1
692	Rhiziscyphus oriceae	D-xylose	5		d17:1.3
692	Rhiziscyphus oriceae	guar gum 1%	6		d17:1.3
692	Rhiziscyphus oriceae	inulin 1%	6		d17:1.5
692	Rhiziscyphus oriceae	L-arabinose	6		d17:1.1
692	Rhiziscyphus oriceae	L-rhamnose	1		d17:1.2
692	Rhiziscyphus oriceae	lactose	2		d17:0.9
692	Rhiziscyphus oriceae	maltose	5		d17:1.2
692	Rhiziscyphus oriceae	no carbon source	1		d17:1.3
692	Rhiziscyphus oriceae	raffinose	5		d17:1.3
692	Rhiziscyphus oriceae	rice bran 3%	10		d17:2.2
692	Rhiziscyphus oriceae	soluble starch 1%	6		d17:1.2
692	Rhiziscyphus oriceae	soybean hulls 3%	7		d17:1.7
692	Rhiziscyphus oriceae	sucrose	5		d17:1.2
692	Rhiziscyphus oriceae	wheat bran 3%	8		d17:2.1
693	Postia placenta CBS384.82	alfalfa meal 3%	2		d4:0.3 d6:1.4 d7:1.9 d8:2.4
693	Postia placenta CBS384.82	apple pectin 1% pH=6	4		d4:0.3 d6:1.5 d7:1.9 d8:2.1
693	Postia placenta CBS384.82	arabic gum 1%	2		d4:0.5 d6:1.8 d7:2 d8:2.4
693	Postia placenta CBS384.82	arabinogalactan 1%			d4:0.5 d6:1.9 d7:2.3 d8:2.5
693	Postia placenta CBS384.82	beechwood xylan 1%	2		d4:0 d6:0.7 d7:1.2 d8:1.5
693	Postia placenta CBS384.82	birchwood xylan 1%	1		d4:0 d6:0.8 d7:1.2 d8:1.6
693	Postia placenta CBS384.82	casein 3%	1		d4:0 d6:0.5 d7:0.7 d8:1.1
693	Postia placenta CBS384.82	cellobiose	5		d4:0.1 d6:0.7 d7:1 d8:1.3
693	Postia placenta CBS384.82	cellulose 3%	1		d4:0 d6:1 d7:1.6 d8:1.8
693	Postia placenta CBS384.82	citrus pectin 1% pH=6	2		d4:0.1 d6:1.2 d7:1.7 d8:2
693	Postia placenta CBS384.82	citrus pulp 3% pH=6	3		d4:0.2 d6:1.8 d7:2.4 d8:3.2
693	Postia placenta CBS384.82	cotton seed pulp 3%	1		d4:1 d6:2.5 d7:3 d8:3.2
693	Postia placenta CBS384.82	D-fructose	4		d4:0.3 d6:1 d7:1.4 d8:1.7
693	Postia placenta CBS384.82	D-galactose	1		d4:0.1 d6:0.5 d7:0.7 d8:0.9
693	Postia placenta CBS384.82	D-galacturonic acid	1		d4:0.1 d6:0.2 d7:0.4 d8:0.7
693	Postia placenta CBS384.82	D-glucose	5		d4:0.3 d6:0.8 d7:1.2 d8:1.4
693	Postia placenta CBS384.82	D-glucuronic acid	2		d4:0.3 d6:0.7 d7:0.9 d8:1.1
693	Postia placenta CBS384.82	D-mannose	3		d4:0 d6:0.4 d7:0.6 d8:0.7
693	Postia placenta CBS384.82	D-ribose	1		d4:0.2 d6:0.7 d7:1 d8:1.2
693	Postia placenta CBS384.82	D-xylose	2		d4:0.2 d6:0.9 d7:1.1 d8:1.2
693	Postia placenta CBS384.82	guar gum 1%	1		d4:0 d6:0.6 d7:1 d8:1.2
693	Postia placenta CBS384.82	inulin 1%	1		d4:0.1 d6:0.8 d7:1.2 d8:1.6
693	Postia placenta CBS384.82	L-arabinose	1		d4:0.2 d6:0.8 d7:1.1 d8:1.3
693	Postia placenta CBS384.82	L-rhamnose	1		d4:0.3 d6:0.8 d7:1.1 d8:1.4
693	Postia placenta CBS384.82	lactose	1		d4:0 d6:0.2 d7:0.2 d8:0.2
693	Postia placenta CBS384.82	maltose	1		d4:0.3 d6:1.1 d7:1.4 d8:1.7
693	Postia placenta CBS384.82	no carbon source	1		d4:0.3 d6:0.6 d7:0.9 d8:1.2
693	Postia placenta CBS384.82	raffinose	1		d4:0.2 d6:0.4 d7:0.4 d8:0.5
693	Postia placenta CBS384.82	rice bran 3%	3		d4:0.7 d6:2 d7:2.9 d8:3.1
693	Postia placenta CBS384.82	soluble starch 1%	2		d4:0 d6:0.2 d7:0.6 d8:1
693	Postia placenta CBS384.82	soybean hulls 3%	2		d4:0 d6:0.3 d7:0.5 d8:0.8
693	Postia placenta CBS384.82	sucrose	1		d4:0.1 d6:0.8 d7:1 d8:1.5
693	Postia placenta CBS384.82	wheat bran 3%	3		d4:0.6 d6:1.6 d7:2.2 d8:2.5
694	Schizophyllum commune CBS109645	alfalfa meal 3%	3		d6:2.8
694	Schizophyllum commune CBS109645	apple pectin 1% pH=6	4		d6:2.7
694	Schizophyllum commune CBS109645	arabic gum 1%	4		d6:2.9
694	Schizophyllum commune CBS109645	arabinogalactan 1%			d6:2.7
694	Schizophyllum commune CBS109645	beechwood xylan 1%	7		d6:3.2
694	Schizophyllum commune CBS109645	birchwood xylan 1%	7		d6:3.4
694	Schizophyllum commune CBS109645	casein 3%	1		d6:2.5
694	Schizophyllum commune CBS109645	cellobiose	4		d6:2.2
694	Schizophyllum commune CBS109645	cellulose 3%	2		d6:2.5
694	Schizophyllum commune CBS109645	citrus pectin 1% pH=6	4		d6:2.2
694	Schizophyllum commune CBS109645	citrus pulp 3% pH=6	3		d6:2.9
694	Schizophyllum commune CBS109645	cotton seed pulp 3%	4		d6:3.4
694	Schizophyllum commune CBS109645	D-fructose	4		d6:2.9
694	Schizophyllum commune CBS109645	D-galactose	3		d6:2.3
694	Schizophyllum commune CBS109645	D-galacturonic acid	1		d6:1
694	Schizophyllum commune CBS109645	D-glucose	5		d6:2.9
694	Schizophyllum commune CBS109645	D-glucuronic acid	3		d6:2.7
694	Schizophyllum commune CBS109645	D-mannose	4		d6:2.7
694	Schizophyllum commune CBS109645	D-ribose	2		d6:2.7
694	Schizophyllum commune CBS109645	D-xylose	3		d6:2.3
694	Schizophyllum commune CBS109645	guar gum 1%	7		d6:3.2
694	Schizophyllum commune CBS109645	inulin 1%	3		d6:2.9
694	Schizophyllum commune CBS109645	L-arabinose	2		d6:2.7
694	Schizophyllum commune CBS109645	L-rhamnose	2		d6:2.8
694	Schizophyllum commune CBS109645	lactose	3		d6:2.6
694	Schizophyllum commune CBS109645	maltose	4		d6:2.7
694	Schizophyllum commune CBS109645	no carbon source	0		d6:2.9
694	Schizophyllum commune CBS109645	raffinose	3		d6:2.3
694	Schizophyllum commune CBS109645	rice bran 3%	10		d6:3.4
694	Schizophyllum commune CBS109645	soluble starch 1%	7		d6:3.4
694	Schizophyllum commune CBS109645	soybean hulls 3%	9		d6:3.4
694	Schizophyllum commune CBS109645	sucrose	5		d6:2.8
694	Schizophyllum commune CBS109645	wheat bran 3%	10		d6:3.4
695	Sclerotinia sclerotiorum CBS128069	alfalfa meal 3%	9		d1:0.1 d5:3.2
695	Sclerotinia sclerotiorum CBS128069	apple pectin 1% pH=6	6		d1:0.1 d5:3.2
695	Sclerotinia sclerotiorum CBS128069	arabic gum 1%	1		d1:0.1 d5:3.2
695	Sclerotinia sclerotiorum CBS128069	arabinogalactan 1%			d1:0.1 d5:3.2
695	Sclerotinia sclerotiorum CBS128069	beechwood xylan 1%	1		d1:0.1 d5:3.2
695	Sclerotinia sclerotiorum CBS128069	birchwood xylan 1%	1		d1:0.1 d5:3.2
695	Sclerotinia sclerotiorum CBS128069	casein 3%	2		d1:0.1 d5:1.5
695	Sclerotinia sclerotiorum CBS128069	cellobiose	4		d1:0.1 d5:3.2
695	Sclerotinia sclerotiorum CBS128069	cellulose 3%	0		d1:0.1 d5:3.2
695	Sclerotinia sclerotiorum CBS128069	citrus pectin 1% pH=6	7		d1:0.1 d5:3.2
695	Sclerotinia sclerotiorum CBS128069	citrus pulp 3% pH=6	10		d1:0.1 d5:3.2
695	Sclerotinia sclerotiorum CBS128069	cotton seed pulp 3%	7		d1:0.1 d5:3.2
695	Sclerotinia sclerotiorum CBS128069	D-fructose	3		d1:0.1 d5:3.2
695	Sclerotinia sclerotiorum CBS128069	D-galactose	1		d1:0.1 d5:2.6
695	Sclerotinia sclerotiorum CBS128069	D-galacturonic acid	2		d1:0.1 d5:1.4
695	Sclerotinia sclerotiorum CBS128069	D-glucose	5		d1:0.1 d5:3.2
695	Sclerotinia sclerotiorum CBS128069	D-glucuronic acid	0		d1:0.1 d5:2.2
695	Sclerotinia sclerotiorum CBS128069	D-mannose	5		d1:0.1 d5:3.2
695	Sclerotinia sclerotiorum CBS128069	D-ribose	1		d1:0.1 d5:2.6
695	Sclerotinia sclerotiorum CBS128069	D-xylose	2		d1:0.1 d5:3
695	Sclerotinia sclerotiorum CBS128069	guar gum 1%	4		d1:0.1 d5:3.2
695	Sclerotinia sclerotiorum CBS128069	inulin 1%	1		d1:0.1 d5:3.1
695	Sclerotinia sclerotiorum CBS128069	L-arabinose	1		d1:0.1 d5:3.2
695	Sclerotinia sclerotiorum CBS128069	L-rhamnose	1		d1:0.1 d5:3.1
695	Sclerotinia sclerotiorum CBS128069	lactose	3		d1:0.1 d5:3.2
695	Sclerotinia sclerotiorum CBS128069	maltose	2		d1:0.1 d5:2.9
695	Sclerotinia sclerotiorum CBS128069	no carbon source	0		d1:0.1 d5:2.5
695	Sclerotinia sclerotiorum CBS128069	raffinose	4		d1:0.1 d5:3.2
695	Sclerotinia sclerotiorum CBS128069	rice bran 3%	10		d1:0.1 d5:3.2
695	Sclerotinia sclerotiorum CBS128069	soluble starch 1%	5		d1:0.1 d5:3.2
695	Sclerotinia sclerotiorum CBS128069	soybean hulls 3%	8		d1:0.1 d5:3.2
695	Sclerotinia sclerotiorum CBS128069	sucrose	5		d1:0.1 d5:3.2
695	Sclerotinia sclerotiorum CBS128069	wheat bran 3%	9		d1:0.1 d5:3.2
696	Sordaria macrospora	alfalfa meal 3%	10		d7:3
696	Sordaria macrospora	apple pectin 1% pH=6	2		d7:1.1
696	Sordaria macrospora	arabic gum 1%	6		d7:3
696	Sordaria macrospora	arabinogalactan 1%			d7:3
696	Sordaria macrospora	beechwood xylan 1%	6		d7:2
696	Sordaria macrospora	birchwood xylan 1%	7		d7:2.7
696	Sordaria macrospora	casein 3%	2		d7:3
696	Sordaria macrospora	cellobiose	6		d7:2.4
696	Sordaria macrospora	cellulose 3%	0		d7:1.8
696	Sordaria macrospora	citrus pectin 1% pH=6	3		d7:1.2
696	Sordaria macrospora	citrus pulp 3% pH=6	10		d7:3
696	Sordaria macrospora	cotton seed pulp 3%	9		d7:3
696	Sordaria macrospora	D-fructose	5		d7:1.6
696	Sordaria macrospora	D-galactose	3		d7:1
696	Sordaria macrospora	D-galacturonic acid	0		d7:0
696	Sordaria macrospora	D-glucose	5		d7:1.3
696	Sordaria macrospora	D-glucuronic acid	1		d7:3
696	Sordaria macrospora	D-mannose	4		d7:1.4
696	Sordaria macrospora	D-ribose	0		d7:1.1
696	Sordaria macrospora	D-xylose	3		d7:1.5
696	Sordaria macrospora	guar gum 1%	6		d7:2.5
696	Sordaria macrospora	inulin 1%	0		d7:1.6
696	Sordaria macrospora	L-arabinose	3		d7:1.2
696	Sordaria macrospora	L-rhamnose	2		d7:2.1
696	Sordaria macrospora	lactose	4		d7:1.6
696	Sordaria macrospora	maltose	2		d7:1.6
696	Sordaria macrospora	no carbon source	0		d7:1.6
696	Sordaria macrospora	raffinose	1		d7:1.5
696	Sordaria macrospora	rice bran 3%	8		d7:3
696	Sordaria macrospora	soluble starch 1%	2		d7:1.7
696	Sordaria macrospora	soybean hulls 3%	9		d7:3
696	Sordaria macrospora	sucrose	1		d7:1.6
696	Sordaria macrospora	wheat bran 3%	9		d7:3
697	Sphaerobolus stellatus SS-14	alfalfa meal 3%	3		d2:0.3 d5:0.9 d6:1.2 d7:1 d8:1.5 d9:2 d12:2.7 d14:3
697	Sphaerobolus stellatus SS-14	apple pectin 1% pH=6	4		d2:0.2 d5:0.6 d6:0.8 d7:1.1 d8:1.3 d9:1.5 d12:2.1 d14:2.4
697	Sphaerobolus stellatus SS-14	arabic gum 1%	2		d2:0.3 d5:1.1 d6:1.1 d7:1.5 d8:1.6 d9:1.7 d12:2 d14:2.3
697	Sphaerobolus stellatus SS-14	arabinogalactan 1%			d2:0.2 d5:0.7 d6:0.9 d7:1 d8:1.1 d9:1.2 d12:1.7 d14:1.9
697	Sphaerobolus stellatus SS-14	beechwood xylan 1%	5		d2:0.1 d5:0.4 d6:0.4 d7:0.5 d8:0.5 d9:0.6 d12:0.7 d14:1
697	Sphaerobolus stellatus SS-14	birchwood xylan 1%	6		d2:0.2 d5:0.7 d6:0.8 d7:0.8 d8:0.9 d9:1.1 d12:1.6 d14:1.8
697	Sphaerobolus stellatus SS-14	casein 3%	3		d2:0.2 d5:0.3 d6:0.3 d7:0.4 d8:0.5 d9:0.5 d12:0.8 d14:0.9
697	Sphaerobolus stellatus SS-14	cellobiose	8		d2:0.3 d7:0.8 d8:1.2 d9:1.3 d12:2 d14:2.4
697	Sphaerobolus stellatus SS-14	cellulose 3%	1		d2:0.2 d5:0.5 d6:0.5 d7:0.6 d8:0.7 d9:0.8 d12:1.2 d14:1.4
697	Sphaerobolus stellatus SS-14	citrus pectin 1% pH=6	3		d2:0.2 d5:0.7 d6:0.8 d7:1 d8:1.2 d9:1.5 d12:2.1 d14:2.5
697	Sphaerobolus stellatus SS-14	citrus pulp 3% pH=6	8		d2:0.3 d5:0.8 d6:1 d7:1.1 d8:1.3 d9:1.5 d12:2.3 d14:2.5
697	Sphaerobolus stellatus SS-14	cotton seed pulp 3%	7		d2:0.2 d5:0.8 d6:1 d7:1.2 d8:1.5 d9:1.8 d12:2 d14:2.5
697	Sphaerobolus stellatus SS-14	D-fructose	1		d2:0.3 d7:1.2 d8:1.4 d9:1.4 d12:1.6 d14:1.9
697	Sphaerobolus stellatus SS-14	D-galactose	1		d2:0.2 d7:0.9 d8:1 d9:1.1 d12:1.3 d14:1.5
697	Sphaerobolus stellatus SS-14	D-galacturonic acid	5		d2:0.1 d7:0.2 d8:0.3 d9:0.4 d12:0.7 d14:0.9
697	Sphaerobolus stellatus SS-14	D-glucose	5		d2:0.3 d7:0.9 d8:1.2 d9:1.3 d12:1.7 d14:2.1
697	Sphaerobolus stellatus SS-14	D-glucuronic acid	2		d2:0.2 d7:0.7 d8:0.7 d9:0.8 d12:1.1 d14:1.4
697	Sphaerobolus stellatus SS-14	D-mannose	5		d2:0.3 d7:0.9 d8:1.1 d9:1.2 d12:1.5 d14:1.9
697	Sphaerobolus stellatus SS-14	D-ribose	3		d2:0.1 d7:1.1 d8:1.2 d9:1.3 d12:1.5 d14:1.9
697	Sphaerobolus stellatus SS-14	D-xylose	5		d2:0.3 d7:0.6 d8:0.8 d9:0.8 d12:1.3 d14:1.5
697	Sphaerobolus stellatus SS-14	guar gum 1%	7		d2:0.1 d5:0.8 d6:1.1 d7:1.3 d8:1.5 d9:1.8 d12:2.5 d14:2.7
697	Sphaerobolus stellatus SS-14	inulin 1%	1		d2:0.2 d5:0.7 d6:0.9 d7:1.1 d8:1.2 d9:1.5 d12:1.6 d14:2.2
697	Sphaerobolus stellatus SS-14	L-arabinose	4		d2:0.2 d7:0.5 d8:0.5 d9:0.6 d12:0.7 d14:0.8
697	Sphaerobolus stellatus SS-14	L-rhamnose	1		d2:0.2 d7:1 d8:1.1 d9:1.2 d12:1.7 d14:2
697	Sphaerobolus stellatus SS-14	lactose	1		d2:0.2 d7:0.8 d8:0.8 d9:0.8 d12:1.2 d14:1.5
697	Sphaerobolus stellatus SS-14	maltose	7		d2:0.2 d7:0.9 d8:1.2 d9:1.3 d12:1.6 d14:2.2
697	Sphaerobolus stellatus SS-14	no carbon source	1		d2:0.3 d7:0.9 d8:1 d9:1.1 d12:1.5 d14:1.8
697	Sphaerobolus stellatus SS-14	raffinose	1		d2:0.2 d7:0.9 d8:1.1 d9:1.2 d12:1.6 d14:1.7
697	Sphaerobolus stellatus SS-14	rice bran 3%	7		d2:0.2 d5:0.8 d6:1 d7:1.3 d8:1.6 d9:1.8 d12:2.6 d14:3.2
697	Sphaerobolus stellatus SS-14	soluble starch 1%	6		d2:0.3 d5:0.6 d6:0.7 d7:0.8 d8:0.8 d9:1 d12:1.5 d14:2
697	Sphaerobolus stellatus SS-14	soybean hulls 3%	4		d2:0.3 d5:1.1 d6:1.4 d7:1.7 d8:1.9 d9:2.3 d12:2.9 d14:3.2
697	Sphaerobolus stellatus SS-14	sucrose	6		d2:0.3 d7:1.1 d8:1.1 d9:1.3 d12:1.6 d14:1.7
697	Sphaerobolus stellatus SS-14	wheat bran 3%	10		d2:0.2 d5:1 d6:1.3 d7:1.7 d8:1.8 d9:2.1 d12:2.8 d14:3.2
698	Diplodia sapinea CBS136778	alfalfa meal 3%	6		d4:2.3
698	Diplodia sapinea CBS136778	apple pectin 1% pH=6	4		d4:3
698	Diplodia sapinea CBS136778	arabic gum 1%	2		d4:2.5
698	Diplodia sapinea CBS136778	arabinogalactan 1%			d4:3
698	Diplodia sapinea CBS136778	beechwood xylan 1%	5		d4:3
698	Diplodia sapinea CBS136778	birchwood xylan 1%	5		d4:3
698	Diplodia sapinea CBS136778	casein 3%	2		d4:2.5
698	Diplodia sapinea CBS136778	cellobiose	5		d4:3
698	Diplodia sapinea CBS136778	cellulose 3%	2		d4:2
698	Diplodia sapinea CBS136778	citrus pectin 1% pH=6	4		d4:3
698	Diplodia sapinea CBS136778	citrus pulp 3% pH=6	10		d4:3
698	Diplodia sapinea CBS136778	cotton seed pulp 3%	6		d4:3
698	Diplodia sapinea CBS136778	D-fructose	5		d4:3
698	Diplodia sapinea CBS136778	D-galactose	3		d4:3
698	Diplodia sapinea CBS136778	D-galacturonic acid	2		d4:2.1
698	Diplodia sapinea CBS136778	D-glucose	5		d4:3
698	Diplodia sapinea CBS136778	D-glucuronic acid	3		d4:3
698	Diplodia sapinea CBS136778	D-mannose	5		d4:3
698	Diplodia sapinea CBS136778	D-ribose	3		d4:3
698	Diplodia sapinea CBS136778	D-xylose	1		d4:0
698	Diplodia sapinea CBS136778	guar gum 1%	2		d4:3
698	Diplodia sapinea CBS136778	inulin 1%	3		d4:3
698	Diplodia sapinea CBS136778	L-arabinose	3		d4:3
698	Diplodia sapinea CBS136778	L-rhamnose	4		d4:3
698	Diplodia sapinea CBS136778	lactose	3		d4:3
698	Diplodia sapinea CBS136778	maltose	6		d4:3
698	Diplodia sapinea CBS136778	no carbon source	2		d4:3
698	Diplodia sapinea CBS136778	raffinose	7		d4:3
698	Diplodia sapinea CBS136778	rice bran 3%	9		d4:3
698	Diplodia sapinea CBS136778	soluble starch 1%	8		d4:3
698	Diplodia sapinea CBS136778	soybean hulls 3%	7		d4:2.6
698	Diplodia sapinea CBS136778	sucrose	7		d4:3
698	Diplodia sapinea CBS136778	wheat bran 3%	9		d4:3
699	Stereum hirsutum CBS116950	alfalfa meal 3%	4		d5:2.2
699	Stereum hirsutum CBS116950	apple pectin 1% pH=6	4		d5:2.4
699	Stereum hirsutum CBS116950	arabic gum 1%	3		d5:2.5
699	Stereum hirsutum CBS116950	arabinogalactan 1%			d5:2.2
699	Stereum hirsutum CBS116950	beechwood xylan 1%	1		d5:1.9
699	Stereum hirsutum CBS116950	birchwood xylan 1%	1		d5:2.1
699	Stereum hirsutum CBS116950	casein 3%	1		d5:1.8
699	Stereum hirsutum CBS116950	cellobiose	4		d5:1.9
699	Stereum hirsutum CBS116950	cellulose 3%	1		d5:2.2
699	Stereum hirsutum CBS116950	citrus pectin 1% pH=6	4		d5:2.5
699	Stereum hirsutum CBS116950	citrus pulp 3% pH=6	3		d5:1.7
699	Stereum hirsutum CBS116950	cotton seed pulp 3%	4		d5:2.5
699	Stereum hirsutum CBS116950	D-fructose	5		d5:2.6
699	Stereum hirsutum CBS116950	D-galactose	1		d5:2
699	Stereum hirsutum CBS116950	D-galacturonic acid	3		d5:1.3
699	Stereum hirsutum CBS116950	D-glucose	5		d5:2.5
699	Stereum hirsutum CBS116950	D-glucuronic acid	1		d5:1.7
699	Stereum hirsutum CBS116950	D-mannose	4		d5:2.4
699	Stereum hirsutum CBS116950	D-ribose	1		d5:2.4
699	Stereum hirsutum CBS116950	D-xylose	1		d5:1.5
699	Stereum hirsutum CBS116950	guar gum 1%	4		d5:2.5
699	Stereum hirsutum CBS116950	inulin 1%	3		d5:2.5
699	Stereum hirsutum CBS116950	L-arabinose	0		d5:2.1
699	Stereum hirsutum CBS116950	L-rhamnose	0		d5:2.3
699	Stereum hirsutum CBS116950	lactose	1		d5:1.5
699	Stereum hirsutum CBS116950	maltose	4		d5:2.5
699	Stereum hirsutum CBS116950	no carbon source	1		d5:2.1
699	Stereum hirsutum CBS116950	raffinose	5		d5:2.6
699	Stereum hirsutum CBS116950	rice bran 3%	6		d5:2.6
699	Stereum hirsutum CBS116950	soluble starch 1%	4		d5:2.1
699	Stereum hirsutum CBS116950	soybean hulls 3%	4		d5:2.1
699	Stereum hirsutum CBS116950	sucrose	5		d5:2.5
699	Stereum hirsutum CBS116950	wheat bran 3%	5		d5:2.3
700	Stropharia coronilla FBCC480	alfalfa meal 3%	9		
700	Stropharia coronilla FBCC480	apple pectin 1% pH=6	7		
700	Stropharia coronilla FBCC480	arabic gum 1%	2		
700	Stropharia coronilla FBCC480	beechwood xylan 1%	7		
700	Stropharia coronilla FBCC480	birchwood xylan 1%	6		
700	Stropharia coronilla FBCC480	casein 3%	2		
700	Stropharia coronilla FBCC480	cellobiose	5		
700	Stropharia coronilla FBCC480	cellulose 3%	2		
700	Stropharia coronilla FBCC480	citrus pectin 1% pH=6	7		
700	Stropharia coronilla FBCC480	citrus pulp 3% pH=6	9		
700	Stropharia coronilla FBCC480	cotton seed pulp 3%	8		
700	Stropharia coronilla FBCC480	D-fructose	4		
700	Stropharia coronilla FBCC480	D-galactose	2		
700	Stropharia coronilla FBCC480	D-galacturonic acid	2		
700	Stropharia coronilla FBCC480	D-glucose	5		
700	Stropharia coronilla FBCC480	D-glucuronic acid	1		
700	Stropharia coronilla FBCC480	D-mannose	6		
700	Stropharia coronilla FBCC480	D-ribose	1		
700	Stropharia coronilla FBCC480	D-xylose	3		
700	Stropharia coronilla FBCC480	guar gum 1%	2		
700	Stropharia coronilla FBCC480	inulin 1%	1		
700	Stropharia coronilla FBCC480	L-arabinose	1		
700	Stropharia coronilla FBCC480	L-rhamnose	1		
700	Stropharia coronilla FBCC480	lactose	0		
700	Stropharia coronilla FBCC480	maltose	1		
700	Stropharia coronilla FBCC480	no carbon source	0		
700	Stropharia coronilla FBCC480	raffinose	0		
700	Stropharia coronilla FBCC480	rice bran 3%	10		
700	Stropharia coronilla FBCC480	soluble starch 1%	7		
700	Stropharia coronilla FBCC480	soybean hulls 3%	8		
700	Stropharia coronilla FBCC480	sucrose	0		
700	Stropharia coronilla FBCC480	wheat bran 3%	10		
701	Talaromyces aculeatus Pe223	alfalfa meal 3%	9		d7:2.2
701	Talaromyces aculeatus Pe223	apple pectin 1% pH=6	9		d7:2.5
701	Talaromyces aculeatus Pe223	arabic gum 1%	4		d7:2.4
701	Talaromyces aculeatus Pe223	arabinogalactan 1%			d7:2.3
701	Talaromyces aculeatus Pe223	beechwood xylan 1%	6		d7:1.8
701	Talaromyces aculeatus Pe223	birchwood xylan 1%	6		d7:1.5
701	Talaromyces aculeatus Pe223	casein 3%	2		d7:2.2
701	Talaromyces aculeatus Pe223	cellobiose	5		d7:1.7
701	Talaromyces aculeatus Pe223	cellulose 3%	1		d7:1.6
701	Talaromyces aculeatus Pe223	citrus pectin 1% pH=6	6		d7:1.8
701	Talaromyces aculeatus Pe223	citrus pulp 3% pH=6	10		d7:2.4
701	Talaromyces aculeatus Pe223	cotton seed pulp 3%	9		d7:2.5
701	Talaromyces aculeatus Pe223	D-fructose	6		d7:1.6
701	Talaromyces aculeatus Pe223	D-galactose	4		d7:2
701	Talaromyces aculeatus Pe223	D-galacturonic acid	8		d7:2.5
701	Talaromyces aculeatus Pe223	D-glucose	5		d7:1.1
701	Talaromyces aculeatus Pe223	D-glucuronic acid	3		d7:1.7
701	Talaromyces aculeatus Pe223	D-mannose	5		d7:1.2
701	Talaromyces aculeatus Pe223	D-ribose	3		d7:1.7
701	Talaromyces aculeatus Pe223	D-xylose	4		d7:1.9
701	Talaromyces aculeatus Pe223	guar gum 1%	7		d7:2.4
701	Talaromyces aculeatus Pe223	inulin 1%	6		d7:1.8
701	Talaromyces aculeatus Pe223	L-arabinose	4		d7:2
701	Talaromyces aculeatus Pe223	L-rhamnose	4		d7:2
701	Talaromyces aculeatus Pe223	lactose	1		d7:2.1
701	Talaromyces aculeatus Pe223	maltose	6		d7:1.8
701	Talaromyces aculeatus Pe223	no carbon source	1		d7:1.9
701	Talaromyces aculeatus Pe223	raffinose	3		d7:1.9
701	Talaromyces aculeatus Pe223	rice bran 3%	8		d7:1.9
701	Talaromyces aculeatus Pe223	soluble starch 1%	7		d7:2
701	Talaromyces aculeatus Pe223	soybean hulls 3%	9		d7:2.2
701	Talaromyces aculeatus Pe223	sucrose	6		d7:1.7
701	Talaromyces aculeatus Pe223	wheat bran 3%	10		d7:2.3
702	Talaromyces funiculosus CBS272.86	alfalfa meal 3%	9		d2:0.9 d3:1.4 d4:1.8
702	Talaromyces funiculosus CBS272.86	apple pectin 1% pH=6	8		d2:0.8 d3:1.3 d4:2
702	Talaromyces funiculosus CBS272.86	arabic gum 1%	2		d2:0.8 d3:1.1 d4:1.6
702	Talaromyces funiculosus CBS272.86	arabinogalactan 1%			d2:0.6 d3:0.8 d4:1.3
702	Talaromyces funiculosus CBS272.86	beechwood xylan 1%	4		d2:0.6 d3:1 d4:1.4
702	Talaromyces funiculosus CBS272.86	birchwood xylan 1%	4		d2:0.3 d3:0.9 d4:1.1
702	Talaromyces funiculosus CBS272.86	casein 3%	4		d2:0.6 d3:1.2 d4:1.5
702	Talaromyces funiculosus CBS272.86	cellobiose	4		d2:0.5 d3:0.8 d4:1.2
702	Talaromyces funiculosus CBS272.86	cellulose 3%	0		d2:0.3 d3:0.6 d4:0.8
702	Talaromyces funiculosus CBS272.86	citrus pectin 1% pH=6	6		d2:0.6 d3:1 d4:1.4
702	Talaromyces funiculosus CBS272.86	citrus pulp 3% pH=6	10		d2:0.9 d3:1.3 d4:1.8
702	Talaromyces funiculosus CBS272.86	cotton seed pulp 3%	4		d2:0.8 d3:1.4 d4:2.1
702	Talaromyces funiculosus CBS272.86	D-fructose	5		d2:0.7 d3:1 d4:1.4
702	Talaromyces funiculosus CBS272.86	D-galactose	0		d2:0.4 d3:0.6 d4:0.9
702	Talaromyces funiculosus CBS272.86	D-galacturonic acid	3		d2:0.4 d3:0.9 d4:1.6
702	Talaromyces funiculosus CBS272.86	D-glucose	5		d2:0.6 d3:0.9 d4:1.4
702	Talaromyces funiculosus CBS272.86	D-glucuronic acid	2		d2:0.5 d3:0.8 d4:1
702	Talaromyces funiculosus CBS272.86	D-mannose	4		d2:0.5 d3:0.6 d4:0.9
702	Talaromyces funiculosus CBS272.86	D-ribose	2		d2:0.5 d3:0.8 d4:1
702	Talaromyces funiculosus CBS272.86	D-xylose	4		d2:0.6 d3:0.9 d4:1.1
702	Talaromyces funiculosus CBS272.86	guar gum 1%	1		d2:0.8 d3:1.3 d4:2
702	Talaromyces funiculosus CBS272.86	inulin 1%	3		d2:0.6 d3:0.9 d4:1.2
702	Talaromyces funiculosus CBS272.86	L-arabinose	4		d2:0.6 d3:0.9 d4:1.1
702	Talaromyces funiculosus CBS272.86	L-rhamnose	1		d2:0.6 d3:0.8 d4:1.1
702	Talaromyces funiculosus CBS272.86	lactose	0		d2:0.6 d3:1 d4:1.4
702	Talaromyces funiculosus CBS272.86	maltose	5		d2:0.7 d3:0.9 d4:1.4
702	Talaromyces funiculosus CBS272.86	no carbon source	1		d2:0.6 d3:1 d4:1.2
702	Talaromyces funiculosus CBS272.86	raffinose	5		d2:0.7 d3:0.9 d4:1.2
702	Talaromyces funiculosus CBS272.86	rice bran 3%	7		d2:0.6 d3:1.1 d4:1.5
702	Talaromyces funiculosus CBS272.86	soluble starch 1%	6		d2:0.7 d3:1.1 d4:1.5
702	Talaromyces funiculosus CBS272.86	soybean hulls 3%	8		d2:0.7 d3:1.4 d4:1.8
702	Talaromyces funiculosus CBS272.86	sucrose	5		d2:0.5 d3:0.8 d4:1.1
702	Talaromyces funiculosus CBS272.86	wheat bran 3%	10		d2:0.8 d3:1.5 d4:1.8
703	Termitomyces Ma102	alfalfa meal 3%	9		d5:0.8 d10:1.6
703	Termitomyces Ma102	apple pectin 1% pH=6	4		d5:0.7 d10:1.2
703	Termitomyces Ma102	arabic gum 1%	2		d5:0.9 d10:1.6
703	Termitomyces Ma102	arabinogalactan 1%			d5:0.5 d10:1.1
703	Termitomyces Ma102	beechwood xylan 1%	4		d5:0.9 d10:1.3
703	Termitomyces Ma102	birchwood xylan 1%	5		d5:0.9 d10:1.5
703	Termitomyces Ma102	casein 3%	1		d5:1 d10:1.2
703	Termitomyces Ma102	cellobiose	7		d5:0.9 d10:1.4
703	Termitomyces Ma102	cellulose 3%	7		d5:1 d10:1.6
703	Termitomyces Ma102	citrus pectin 1% pH=6	4		d5:0.7 d10:1.2
703	Termitomyces Ma102	citrus pulp 3% pH=6	7		d5:0.6 d10:1.2
703	Termitomyces Ma102	cotton seed pulp 3%	10		d5:0.8 d10:1.7
703	Termitomyces Ma102	D-fructose	4		d5:0.8 d10:1.4
703	Termitomyces Ma102	D-galactose	0		d5:0.5 d10:0.5
703	Termitomyces Ma102	D-galacturonic acid	2		d5:0.4 d10:0.4
703	Termitomyces Ma102	D-glucose	5		d5:0.9 d10:1.5
703	Termitomyces Ma102	D-glucuronic acid	0		d5:0.6 d10:0.7
703	Termitomyces Ma102	D-mannose	4		d5:0.7 d10:1
703	Termitomyces Ma102	D-ribose	1		d5:0.8 d10:1.4
703	Termitomyces Ma102	D-xylose	4		d5:0.7 d10:1
703	Termitomyces Ma102	guar gum 1%	3		d5:0.8 d10:1.6
703	Termitomyces Ma102	inulin 1%	1		d5:0.9 d10:1.3
703	Termitomyces Ma102	L-arabinose	3		d5:0.7 d10:1
703	Termitomyces Ma102	L-rhamnose	0		d5:0.8 d10:1.3
703	Termitomyces Ma102	lactose	2		d5:0.6 d10:0.6
703	Termitomyces Ma102	maltose	0		d5:0.9 d10:1.2
703	Termitomyces Ma102	no carbon source	0		d5:0.8 d10:1.2
703	Termitomyces Ma102	raffinose			d5:0.5
703	Termitomyces Ma102	rice bran 3%	5		d5:0.9 d10:1.6
703	Termitomyces Ma102	soluble starch 1%	5		d5:0.8 d10:1.4
703	Termitomyces Ma102	soybean hulls 3%	10		d5:0.8 d10:1.7
703	Termitomyces Ma102	sucrose	0		d5:0.8 d10:1.3
703	Termitomyces Ma102	wheat bran 3%	8		d5:0.8 d10:1.3
704	Termitomyces Ma105	alfalfa meal 3%	5		d10:0.6
704	Termitomyces Ma105	apple pectin 1% pH=6	2		d5:0.5 d10:0.5
704	Termitomyces Ma105	arabic gum 1%	3		d5:0.5 d10:1.1
704	Termitomyces Ma105	arabinogalactan 1%			d5:0.5 d10:0.5
704	Termitomyces Ma105	beechwood xylan 1%	3		d5:0.5 d10:0.9
704	Termitomyces Ma105	birchwood xylan 1%	4		d5:0.5 d10:1
704	Termitomyces Ma105	casein 3%	0		d5:0.8 d10:1
704	Termitomyces Ma105	cellobiose	10		d5:0.5 d10:1.1
704	Termitomyces Ma105	cellulose 3%	6		d5:0.5 d10:1
704	Termitomyces Ma105	citrus pectin 1% pH=6	6		d5:0.5 d10:1
704	Termitomyces Ma105	citrus pulp 3% pH=6	0		d10:0
704	Termitomyces Ma105	cotton seed pulp 3%	8		d10:0.9
704	Termitomyces Ma105	D-fructose	4		d5:0.5 d10:0.8
704	Termitomyces Ma105	D-galactose	0		d5:0.5 d10:0.5
704	Termitomyces Ma105	D-galacturonic acid	0		d5:0.4 d10:0.4
704	Termitomyces Ma105	D-glucose	5		d5:0.5 d10:1
704	Termitomyces Ma105	D-glucuronic acid	0		d5:0.5 d10:0.5
704	Termitomyces Ma105	D-mannose	0		d5:0.5 d10:0.5
704	Termitomyces Ma105	D-ribose	1		d5:0.5 d10:1.1
704	Termitomyces Ma105	D-xylose	3		d5:0.5 d10:0.5
704	Termitomyces Ma105	guar gum 1%	4		d5:0.5 d10:0.8
704	Termitomyces Ma105	inulin 1%	1		d5:0.5 d10:1
704	Termitomyces Ma105	L-arabinose	2		d5:0.5 d10:0.6
704	Termitomyces Ma105	L-rhamnose	1		d5:0.5 d10:0.8
704	Termitomyces Ma105	lactose	0		d5:0.5 d10:0.5
704	Termitomyces Ma105	maltose	1		d5:0.5 d10:0.8
704	Termitomyces Ma105	no carbon source	0		d5:0.5 d10:0.8
704	Termitomyces Ma105	rice bran 3%	7		d10:1.4
704	Termitomyces Ma105	soluble starch 1%	6		d5:0.6 d10:1.3
704	Termitomyces Ma105	soybean hulls 3%	6		d10:0.9
704	Termitomyces Ma105	sucrose	1		d5:0.5 d10:0.8
704	Termitomyces Ma105	wheat bran 3%	9		d5:0.5 d10:1
705	Termitomyces Ma105a	alfalfa meal 3%	8		d5:0.6 d10:1.2
705	Termitomyces Ma105a	apple pectin 1% pH=6	3		d5:0.5 d10:1
705	Termitomyces Ma105a	arabic gum 1%	3		d5:0.7 d10:1.5
705	Termitomyces Ma105a	arabinogalactan 1%			d5:0.4 d10:0.6
705	Termitomyces Ma105a	beechwood xylan 1%	2		d5:0.7 d10:1.3
705	Termitomyces Ma105a	birchwood xylan 1%	2		d5:0.6 d10:1.2
705	Termitomyces Ma105a	casein 3%	1		d5:0.8 d10:1.1
705	Termitomyces Ma105a	cellobiose	7		d5:0.7 d10:1.2
705	Termitomyces Ma105a	cellulose 3%	6		d5:0.7 d10:1.3
705	Termitomyces Ma105a	citrus pectin 1% pH=6	2		d5:0.6 d10:1.1
705	Termitomyces Ma105a	citrus pulp 3% pH=6	6		d10:1
705	Termitomyces Ma105a	cotton seed pulp 3%	10		d5:0.7 d10:1.3
705	Termitomyces Ma105a	D-fructose	5		d5:0.6 d10:1
705	Termitomyces Ma105a	D-galactose	0		d5:0.5 d10:0.5
705	Termitomyces Ma105a	D-galacturonic acid	0		d10:0
705	Termitomyces Ma105a	D-glucose	5		d5:0.7 d10:1
705	Termitomyces Ma105a	D-glucuronic acid	0		d5:0.5 d10:0.7
705	Termitomyces Ma105a	D-mannose	4		d5:0.5 d10:0.8
705	Termitomyces Ma105a	D-ribose	1		d5:0.7 d10:1.3
705	Termitomyces Ma105a	D-xylose	4		d5:0.5 d10:0.8
705	Termitomyces Ma105a	guar gum 1%	2		d5:0.7 d10:1.1
705	Termitomyces Ma105a	inulin 1%	1		d5:0.8 d10:1.3
705	Termitomyces Ma105a	L-arabinose	1		d5:0.5 d10:1
705	Termitomyces Ma105a	L-rhamnose	0		d5:0.8 d10:1.3
705	Termitomyces Ma105a	lactose	1		d5:0.5 d10:0.6
705	Termitomyces Ma105a	maltose	0		d5:0.7 d10:1.3
705	Termitomyces Ma105a	no carbon source	0		d5:0.7 d10:1.3
705	Termitomyces Ma105a	rice bran 3%	5		d5:0.8 d10:1.6
705	Termitomyces Ma105a	soluble starch 1%	4		d5:0.7 d10:1.4
705	Termitomyces Ma105a	soybean hulls 3%	9		d5:0.9 d10:1.5
705	Termitomyces Ma105a	sucrose	0		d5:0.7 d10:1.2
705	Termitomyces Ma105a	wheat bran 3%	9		d5:0.6 d10:1
706	Termitomyces Ma105b	alfalfa meal 3%	6		d10:0.8
706	Termitomyces Ma105b	apple pectin 1% pH=6	5		d5:0.5 d10:1.1
706	Termitomyces Ma105b	arabic gum 1%	4		d5:0.7 d10:1.4
706	Termitomyces Ma105b	arabinogalactan 1%			d5:0.4 d10:0.8
706	Termitomyces Ma105b	beechwood xylan 1%	4		d5:0.8 d10:1.2
706	Termitomyces Ma105b	birchwood xylan 1%	5		d5:0.8 d10:1.3
706	Termitomyces Ma105b	casein 3%	1		d5:0.8 d10:1.1
706	Termitomyces Ma105b	cellobiose	7		d5:0.8 d10:1.3
706	Termitomyces Ma105b	cellulose 3%	6		d5:0.9 d10:1.4
706	Termitomyces Ma105b	citrus pectin 1% pH=6	5		d5:0.6 d10:1.1
706	Termitomyces Ma105b	citrus pulp 3% pH=6	3		
706	Termitomyces Ma105b	cotton seed pulp 3%	9		d5:0.6 d10:1.4
706	Termitomyces Ma105b	D-fructose	3		d5:0.7 d10:1.2
706	Termitomyces Ma105b	D-galactose	0		d5:0.5 d10:0.6
706	Termitomyces Ma105b	D-galacturonic acid	0		d5:0.4 d10:0
706	Termitomyces Ma105b	D-glucose	5		d5:0.8 d10:1.3
706	Termitomyces Ma105b	D-glucuronic acid	0		d5:0.5 d10:0.7
706	Termitomyces Ma105b	D-mannose	3		d5:0.6 d10:0.8
706	Termitomyces Ma105b	D-ribose	1		d5:0.7 d10:1.1
706	Termitomyces Ma105b	D-xylose	4		d5:0.5 d10:0.7
706	Termitomyces Ma105b	guar gum 1%	4		d5:0.8 d10:1.4
706	Termitomyces Ma105b	inulin 1%	1		d5:0.8 d10:1.1
706	Termitomyces Ma105b	L-arabinose	2		d5:0.6 d10:1
706	Termitomyces Ma105b	L-rhamnose	1		d5:0.7 d10:1.2
706	Termitomyces Ma105b	lactose	1		d5:0.5 d10:0.7
706	Termitomyces Ma105b	maltose	0		d5:0.7 d10:1.1
706	Termitomyces Ma105b	no carbon source	0		d5:0.7 d10:1.1
706	Termitomyces Ma105b	raffinose			d5:0.5
706	Termitomyces Ma105b	rice bran 3%	5		d5:0.8 d10:1.5
706	Termitomyces Ma105b	soluble starch 1%	5		d5:0.8 d10:1.3
706	Termitomyces Ma105b	soybean hulls 3%	8		d5:0.9 d10:1.5
706	Termitomyces Ma105b	sucrose	0		d5:0.8 d10:1.2
706	Termitomyces Ma105b	wheat bran 3%	7		d5:0.7 d10:1.2
707	Thermomyces dupontii CBS161.71	alfalfa meal 3%	10		d4:1.5
707	Thermomyces dupontii CBS161.71	apple pectin 1% pH=6	6		d4:0.3
707	Thermomyces dupontii CBS161.71	arabic gum 1%	6		d4:1
707	Thermomyces dupontii CBS161.71	arabinogalactan 1%			d4:0.3
707	Thermomyces dupontii CBS161.71	beechwood xylan 1%	6		d4:0.3
707	Thermomyces dupontii CBS161.71	birchwood xylan 1%	6		d4:0.4
707	Thermomyces dupontii CBS161.71	casein 3%	1		d4:1.2
707	Thermomyces dupontii CBS161.71	cellobiose	6		d4:0.5
707	Thermomyces dupontii CBS161.71	cellulose 3%	1		d4:0.5
707	Thermomyces dupontii CBS161.71	citrus pectin 1% pH=6	6		d4:0.3
707	Thermomyces dupontii CBS161.71	citrus pulp 3% pH=6	6		d4:0.5
707	Thermomyces dupontii CBS161.71	cotton seed pulp 3%	7		d4:1
707	Thermomyces dupontii CBS161.71	D-fructose	5		d4:0.8
707	Thermomyces dupontii CBS161.71	D-galactose	5		d4:0.6
707	Thermomyces dupontii CBS161.71	D-galacturonic acid	0		d4:0
707	Thermomyces dupontii CBS161.71	D-glucose	5		d4:0.6
707	Thermomyces dupontii CBS161.71	D-glucuronic acid	5		d4:0.6
707	Thermomyces dupontii CBS161.71	D-mannose	5		d4:0.6
707	Thermomyces dupontii CBS161.71	D-ribose	5		d4:0.8
707	Thermomyces dupontii CBS161.71	D-xylose	5		d4:0.5
707	Thermomyces dupontii CBS161.71	guar gum 1%	7		d4:1
707	Thermomyces dupontii CBS161.71	inulin 1%	6		d4:0.6
707	Thermomyces dupontii CBS161.71	L-arabinose	5		d4:0.5
707	Thermomyces dupontii CBS161.71	L-rhamnose	5		d4:0.5
707	Thermomyces dupontii CBS161.71	lactose	5		d4:0.6
707	Thermomyces dupontii CBS161.71	maltose	5		d4:0.7
707	Thermomyces dupontii CBS161.71	no carbon source	0		d4:0.8
707	Thermomyces dupontii CBS161.71	raffinose	6		d4:0.6
707	Thermomyces dupontii CBS161.71	rice bran 3%	8		d4:1.3
707	Thermomyces dupontii CBS161.71	soluble starch 1%	6		d4:0.6
707	Thermomyces dupontii CBS161.71	soybean hulls 3%	8		d4:1.6
707	Thermomyces dupontii CBS161.71	sucrose	6		d4:0.5
707	Thermomyces dupontii CBS161.71	wheat bran 3%	9		d4:1.4
708	Thermomyces dupontii CBS236.58	alfalfa meal 3%	9		d4:2.2
708	Thermomyces dupontii CBS236.58	apple pectin 1% pH=6	7		d4:0.8
708	Thermomyces dupontii CBS236.58	arabic gum 1%	2		d4:1.9
708	Thermomyces dupontii CBS236.58	arabinogalactan 1%			d4:0.5
708	Thermomyces dupontii CBS236.58	beechwood xylan 1%	0		d4:1
708	Thermomyces dupontii CBS236.58	birchwood xylan 1%	0		d4:1.6
708	Thermomyces dupontii CBS236.58	casein 3%	0		d4:1.8
708	Thermomyces dupontii CBS236.58	cellobiose	4		d4:1.2
708	Thermomyces dupontii CBS236.58	cellulose 3%	0		d4:1.2
708	Thermomyces dupontii CBS236.58	citrus pectin 1% pH=6	4		d4:0.9
708	Thermomyces dupontii CBS236.58	citrus pulp 3% pH=6	9		d4:1.2
708	Thermomyces dupontii CBS236.58	cotton seed pulp 3%	8		d4:2
708	Thermomyces dupontii CBS236.58	D-fructose	6		d4:1.5
708	Thermomyces dupontii CBS236.58	D-galactose	0		d4:1.3
708	Thermomyces dupontii CBS236.58	D-galacturonic acid	0		d4:0
708	Thermomyces dupontii CBS236.58	D-glucose	5		d4:1.2
708	Thermomyces dupontii CBS236.58	D-glucuronic acid	5		d4:1.5
708	Thermomyces dupontii CBS236.58	D-mannose	0		d4:1.3
708	Thermomyces dupontii CBS236.58	D-ribose	0		d4:1.5
708	Thermomyces dupontii CBS236.58	D-xylose	5		d4:1.3
708	Thermomyces dupontii CBS236.58	guar gum 1%	6		d4:1.7
708	Thermomyces dupontii CBS236.58	inulin 1%	5		d4:1.3
708	Thermomyces dupontii CBS236.58	L-arabinose	0		d4:1.6
708	Thermomyces dupontii CBS236.58	L-rhamnose	0		d4:1.3
708	Thermomyces dupontii CBS236.58	lactose	5		d4:1.6
708	Thermomyces dupontii CBS236.58	maltose	5		d4:1.4
708	Thermomyces dupontii CBS236.58	no carbon source	0		d4:1.5
708	Thermomyces dupontii CBS236.58	raffinose	6		d4:1.4
708	Thermomyces dupontii CBS236.58	rice bran 3%	8		d4:1
708	Thermomyces dupontii CBS236.58	soluble starch 1%	6		d4:1.3
708	Thermomyces dupontii CBS236.58	soybean hulls 3%	8		d4:2
708	Thermomyces dupontii CBS236.58	sucrose	4		d4:1.1
708	Thermomyces dupontii CBS236.58	wheat bran 3%	10		d4:2
709	Trametes versicolor CBS122155	alfalfa meal 3%	9		d1:0.5 d2:1.5 d5:3.2
709	Trametes versicolor CBS122155	apple pectin 1% pH=6	5		d1:0.5 d2:1.2 d5:3.1
709	Trametes versicolor CBS122155	arabic gum 1%	2		d1:0.5 d2:1.3 d5:3.2
709	Trametes versicolor CBS122155	arabinogalactan 1%			d1:0.5 d2:1.3 d5:3.1
709	Trametes versicolor CBS122155	beechwood xylan 1%	7		d1:0.5 d2:1.4 d5:3.1
709	Trametes versicolor CBS122155	birchwood xylan 1%	6		d1:0.6 d2:1.4 d5:3.2
709	Trametes versicolor CBS122155	casein 3%	5		d1:0.6 d2:1.7 d5:3.2
709	Trametes versicolor CBS122155	cellobiose	4		d1:0.6 d2:1.4 d5:2.9
709	Trametes versicolor CBS122155	cellulose 3%	1		d1:0.5 d2:1.5 d5:3.2
709	Trametes versicolor CBS122155	citrus pectin 1% pH=6	4		d1:0.6 d2:1.3 d5:2.9
709	Trametes versicolor CBS122155	citrus pulp 3% pH=6	4		d1:0.6 d2:1.3 d5:3
709	Trametes versicolor CBS122155	cotton seed pulp 3%	6		d1:0.5 d2:1.3 d5:3.2
709	Trametes versicolor CBS122155	D-fructose	6		d1:0.7 d2:1.6 d5:3.1
709	Trametes versicolor CBS122155	D-galactose	4		d1:0.5 d2:1 d5:2.7
709	Trametes versicolor CBS122155	D-galacturonic acid	2		d1:0.2 d2:0.5 d5:1.4
709	Trametes versicolor CBS122155	D-glucose	5		d1:0.7 d2:1.6 d5:2.5
709	Trametes versicolor CBS122155	D-glucuronic acid	3		d1:0.6 d2:1.5 d5:3.1
709	Trametes versicolor CBS122155	D-mannose	4		d1:0.5 d2:1.2 d5:2.6
709	Trametes versicolor CBS122155	D-ribose	4		d1:0.6 d2:1.4 d5:2.8
709	Trametes versicolor CBS122155	D-xylose	4		d1:0.5 d2:1.3 d5:2.7
709	Trametes versicolor CBS122155	guar gum 1%	1		d1:0.7 d2:1.7 d5:3.2
709	Trametes versicolor CBS122155	inulin 1%	1		d1:0.6 d2:1.4 d5:3.1
709	Trametes versicolor CBS122155	L-arabinose	4		d1:0.5 d2:1.4 d5:2.9
709	Trametes versicolor CBS122155	L-rhamnose	5		d1:0.6 d2:1.4 d5:3
709	Trametes versicolor CBS122155	lactose	6		d1:0.5 d2:1.5 d5:3
709	Trametes versicolor CBS122155	maltose	5		d1:0.5 d2:1.5 d5:2.9
709	Trametes versicolor CBS122155	no carbon source	1		d1:0.6 d2:1.5 d5:3.1
709	Trametes versicolor CBS122155	raffinose	5		d1:0.5 d2:1.4 d5:2.7
709	Trametes versicolor CBS122155	rice bran 3%	4		d1:0.5 d2:0.9 d5:2.2
709	Trametes versicolor CBS122155	soluble starch 1%	6		d1:0.7 d2:1.6 d5:3.1
709	Trametes versicolor CBS122155	soybean hulls 3%	7		d1:0.6 d2:1.4 d5:3.1
709	Trametes versicolor CBS122155	sucrose	5		d1:0.6 d2:1.5 d5:3
709	Trametes versicolor CBS122155	wheat bran 3%	10		d1:0.8 d2:1.9 d5:3.2
710	Trechispora farinacea CBS103975	alfalfa meal 3%	6		d12:1.3
710	Trechispora farinacea CBS103975	apple pectin 1% pH=6	6		d12:2.1
710	Trechispora farinacea CBS103975	arabic gum 1%	5		d12:1.5
710	Trechispora farinacea CBS103975	arabinogalactan 1%			d12:1.6
710	Trechispora farinacea CBS103975	beechwood xylan 1%	2		d12:0.8
710	Trechispora farinacea CBS103975	birchwood xylan 1%	1		d12:0.4
710	Trechispora farinacea CBS103975	casein 3%	1		d12:0.3
710	Trechispora farinacea CBS103975	cellobiose	3		d12:0.4
710	Trechispora farinacea CBS103975	cellulose 3%	2		d12:0.5
710	Trechispora farinacea CBS103975	citrus pectin 1% pH=6	7		d12:1.7
710	Trechispora farinacea CBS103975	citrus pulp 3% pH=6	5		d12:1.6
710	Trechispora farinacea CBS103975	cotton seed pulp 3%	4		d12:1.5
710	Trechispora farinacea CBS103975	D-fructose	4		d12:0.7
710	Trechispora farinacea CBS103975	D-galactose	3		d12:0.6
710	Trechispora farinacea CBS103975	D-galacturonic acid	0		d12:2.5
710	Trechispora farinacea CBS103975	D-glucose	5		d12:1
710	Trechispora farinacea CBS103975	D-glucuronic acid	1		d12:0.4
710	Trechispora farinacea CBS103975	D-mannose	5		d12:1.1
710	Trechispora farinacea CBS103975	D-ribose	1		d12:0.5
710	Trechispora farinacea CBS103975	D-xylose	1		d12:0.4
710	Trechispora farinacea CBS103975	guar gum 1%	4		d12:0.7
710	Trechispora farinacea CBS103975	inulin 1%	1		d12:0.5
710	Trechispora farinacea CBS103975	L-arabinose	0		d12:0.3
710	Trechispora farinacea CBS103975	L-rhamnose	1		d12:0.5
710	Trechispora farinacea CBS103975	lactose	0		d12:0.3
710	Trechispora farinacea CBS103975	maltose	3		d12:0.7
710	Trechispora farinacea CBS103975	no carbon source	1		d12:0.5
710	Trechispora farinacea CBS103975	raffinose	2		d12:0.5
710	Trechispora farinacea CBS103975	rice bran 3%	5		d12:2.2
710	Trechispora farinacea CBS103975	soluble starch 1%	4		d12:0.9
710	Trechispora farinacea CBS103975	soybean hulls 3%	2		d12:0.5
710	Trechispora farinacea CBS103975	sucrose	1		d12:0.5
710	Trechispora farinacea CBS103975	wheat bran 3%	8		d12:1.3
711	Trichoderma atroviride CBS123783	alfalfa meal 3%	8		d2:1.1 d3:3
711	Trichoderma atroviride CBS123783	apple pectin 1% pH=6	2		d2:1.8 d3:3.2
711	Trichoderma atroviride CBS123783	arabic gum 1%	5		d2:2 d3:3.2
711	Trichoderma atroviride CBS123783	arabinogalactan 1%			d2:1.7 d3:3.2
711	Trichoderma atroviride CBS123783	beechwood xylan 1%	2		d2:1.3 d3:3.2
711	Trichoderma atroviride CBS123783	birchwood xylan 1%	2		d2:1.5 d3:3.2
711	Trichoderma atroviride CBS123783	casein 3%	1		d2:2.2 d3:3.2
711	Trichoderma atroviride CBS123783	cellobiose	5		d2:1.7 d3:3.2
711	Trichoderma atroviride CBS123783	cellulose 3%	0		d2:1.4 d3:3.2
711	Trichoderma atroviride CBS123783	citrus pectin 1% pH=6	6		d2:2 d3:3.2
711	Trichoderma atroviride CBS123783	citrus pulp 3% pH=6	9		d2:1.8 d3:3.2
711	Trichoderma atroviride CBS123783	cotton seed pulp 3%	6		d2:2.3 d3:3.2
711	Trichoderma atroviride CBS123783	D-fructose	4		d2:1.8 d3:3.2
711	Trichoderma atroviride CBS123783	D-galactose	2		d2:1.6 d3:3.2
711	Trichoderma atroviride CBS123783	D-galacturonic acid	1		d2:0.9 d3:2.5
711	Trichoderma atroviride CBS123783	D-glucose	5		d2:2 d3:3.2
711	Trichoderma atroviride CBS123783	D-glucuronic acid	0		d2:1.5 d3:3.2
711	Trichoderma atroviride CBS123783	D-mannose	4		d2:1.7 d3:3.2
711	Trichoderma atroviride CBS123783	D-ribose	2		d2:1.8 d3:3.2
711	Trichoderma atroviride CBS123783	D-xylose	4		d2:1.7 d3:3.2
711	Trichoderma atroviride CBS123783	guar gum 1%	7		d2:2.4 d3:3.2
711	Trichoderma atroviride CBS123783	inulin 1%	3		d2:1.6 d3:3.2
711	Trichoderma atroviride CBS123783	L-arabinose	1		d2:1.3 d3:2.9
711	Trichoderma atroviride CBS123783	L-rhamnose	0		d2:1.2 d3:3.1
711	Trichoderma atroviride CBS123783	lactose	0		d2:1.7 d3:3.2
711	Trichoderma atroviride CBS123783	maltose	0		d2:1.5 d3:3.1
711	Trichoderma atroviride CBS123783	no carbon source	0		d2:1.5 d3:3.1
711	Trichoderma atroviride CBS123783	raffinose	1		d2:1.6 d3:3.2
711	Trichoderma atroviride CBS123783	rice bran 3%	9		d2:2 d3:3.2
711	Trichoderma atroviride CBS123783	soluble starch 1%	4		d2:1.8 d3:3.2
711	Trichoderma atroviride CBS123783	soybean hulls 3%	10		d2:1.9 d3:3.2
711	Trichoderma atroviride CBS123783	sucrose	5		d2:1.8 d3:3.2
711	Trichoderma atroviride CBS123783	wheat bran 3%	10		d2:2.8 d3:3.2
712	Trichoderma harzianum CBS836.96	alfalfa meal 3%	3		d2:0.7 d3:2.3
712	Trichoderma harzianum CBS836.96	apple pectin 1% pH=6	3		d2:1.2 d3:3.2
712	Trichoderma harzianum CBS836.96	arabic gum 1%	6		d2:1.3 d3:3.2
712	Trichoderma harzianum CBS836.96	arabinogalactan 1%			d2:1.5 d3:3.2
712	Trichoderma harzianum CBS836.96	beechwood xylan 1%	0		d2:0.6 d3:2.5
712	Trichoderma harzianum CBS836.96	birchwood xylan 1%	0		d2:0 d3:3
712	Trichoderma harzianum CBS836.96	casein 3%	0		d2:1.5 d3:3
712	Trichoderma harzianum CBS836.96	cellobiose	1		d2:1.1 d3:3.1
712	Trichoderma harzianum CBS836.96	cellulose 3%	0		d2:1.1 d3:3.1
712	Trichoderma harzianum CBS836.96	citrus pectin 1% pH=6	3		d2:1.2 d3:3.2
712	Trichoderma harzianum CBS836.96	citrus pulp 3% pH=6	4		d2:1.2 d3:3.1
712	Trichoderma harzianum CBS836.96	cotton seed pulp 3%	4		d2:1.6 d3:3.2
712	Trichoderma harzianum CBS836.96	D-fructose	1		d2:1.3 d3:3.2
712	Trichoderma harzianum CBS836.96	D-galactose	0		d2:0.9 d3:2.5
712	Trichoderma harzianum CBS836.96	D-galacturonic acid	0		d2:0.5 d3:1.9
712	Trichoderma harzianum CBS836.96	D-glucose	5		d2:1.2 d3:3.2
712	Trichoderma harzianum CBS836.96	D-glucuronic acid	0		d2:1 d3:2.9
712	Trichoderma harzianum CBS836.96	D-mannose	0		d2:1.1 d3:3.1
712	Trichoderma harzianum CBS836.96	D-ribose	1		d2:1.2 d3:3.1
712	Trichoderma harzianum CBS836.96	D-xylose	0		d2:1 d3:3.1
712	Trichoderma harzianum CBS836.96	guar gum 1%	7		d2:1.4 d3:3.2
712	Trichoderma harzianum CBS836.96	inulin 1%	0		d2:1.5 d3:3.2
712	Trichoderma harzianum CBS836.96	L-arabinose	0		d2:1 d3:3
712	Trichoderma harzianum CBS836.96	L-rhamnose	0		d2:1.1 d3:3.1
712	Trichoderma harzianum CBS836.96	lactose	0		d2:1.2 d3:3.1
712	Trichoderma harzianum CBS836.96	maltose	0		d2:1.1 d3:3.1
712	Trichoderma harzianum CBS836.96	no carbon source	0		d2:1 d3:3
712	Trichoderma harzianum CBS836.96	raffinose	0		d2:0.9 d3:3
712	Trichoderma harzianum CBS836.96	rice bran 3%	4		d2:0.9 d3:2.9
712	Trichoderma harzianum CBS836.96	soluble starch 1%	5		d2:1.5 d3:3.2
712	Trichoderma harzianum CBS836.96	soybean hulls 3%	9		d2:1.5 d3:3.2
712	Trichoderma harzianum CBS836.96	sucrose	0		d2:1.1 d3:3.1
712	Trichoderma harzianum CBS836.96	wheat bran 3%	10		d2:1.7 d3:3.2
713	Ustilago maydis CBS127172	alfalfa meal 3%	6		
713	Ustilago maydis CBS127172	apple pectin 1% pH=6	3		
713	Ustilago maydis CBS127172	arabic gum 1%	3		
713	Ustilago maydis CBS127172	beechwood xylan 1%	6		
713	Ustilago maydis CBS127172	birchwood xylan 1%	7		
713	Ustilago maydis CBS127172	casein 3%	3		
713	Ustilago maydis CBS127172	cellobiose	9		
713	Ustilago maydis CBS127172	cellulose 3%	2		
713	Ustilago maydis CBS127172	citrus pectin 1% pH=6	5		
713	Ustilago maydis CBS127172	citrus pulp 3% pH=6	8		
713	Ustilago maydis CBS127172	cotton seed pulp 3%	5		
713	Ustilago maydis CBS127172	D-fructose	5		
713	Ustilago maydis CBS127172	D-galactose	1		
713	Ustilago maydis CBS127172	D-galacturonic acid	1		
713	Ustilago maydis CBS127172	D-glucose	5		
713	Ustilago maydis CBS127172	D-glucuronic acid	5		
713	Ustilago maydis CBS127172	D-mannose	5		
713	Ustilago maydis CBS127172	D-ribose	5		
713	Ustilago maydis CBS127172	D-xylose	6		
713	Ustilago maydis CBS127172	guar gum 1%	3		
713	Ustilago maydis CBS127172	inulin 1%	4		
713	Ustilago maydis CBS127172	L-arabinose	6		
713	Ustilago maydis CBS127172	L-rhamnose	6		
713	Ustilago maydis CBS127172	lactose	2		
713	Ustilago maydis CBS127172	maltose	6		
713	Ustilago maydis CBS127172	no carbon source	1		
713	Ustilago maydis CBS127172	raffinose	7		
713	Ustilago maydis CBS127172	rice bran 3%	3		
713	Ustilago maydis CBS127172	soluble starch 1%	3		
713	Ustilago maydis CBS127172	soybean hulls 3%	4		
713	Ustilago maydis CBS127172	sucrose	3		
713	Ustilago maydis CBS127172	wheat bran 3%	9		
714	Verticillium dahliae CBS128315	alfalfa meal 3%	2		d2:0.1 d3:0.6 d6:1.5 d8:2.1
714	Verticillium dahliae CBS128315	apple pectin 1% pH=6	2		d2:0.2 d3:0.5 d6:1.3 d8:1.6
714	Verticillium dahliae CBS128315	arabic gum 1%	0		d2:0.6 d3:0.8 d6:2.3 d8:3.1
714	Verticillium dahliae CBS128315	arabinogalactan 1%			d2:0.3 d3:0.7 d6:1.9 d8:2.8
714	Verticillium dahliae CBS128315	beechwood xylan 1%	5		d2:0.6 d3:0.8 d6:2.1 d8:3.2
714	Verticillium dahliae CBS128315	birchwood xylan 1%	5		d2:0.6 d3:0.7 d6:2.1 d8:3.1
714	Verticillium dahliae CBS128315	casein 3%	3		d2:0.7 d3:1.1 d6:2.4 d8:3.2
714	Verticillium dahliae CBS128315	cellobiose	5		d2:0.6 d3:0.9 d6:2.1 d8:2.8
714	Verticillium dahliae CBS128315	cellulose 3%	1		d2:0.4 d3:0.8 d6:2.3 d8:3
714	Verticillium dahliae CBS128315	citrus pectin 1% pH=6	3		d2:0.2 d3:0.7 d6:1.9 d8:2.5
714	Verticillium dahliae CBS128315	citrus pulp 3% pH=6	3		d2:0.2 d3:0.6 d6:1.2 d8:2
714	Verticillium dahliae CBS128315	cotton seed pulp 3%	2		d2:0.2 d3:0.8 d6:1.8 d8:2.6
714	Verticillium dahliae CBS128315	D-fructose	6		d2:0.7 d3:1 d6:2.3 d8:3.1
714	Verticillium dahliae CBS128315	D-galactose	5		d2:0.6 d3:0.8 d6:1.9 d8:2.8
714	Verticillium dahliae CBS128315	D-galacturonic acid	0		d2:0 d3:0 d6:0 d8:0
714	Verticillium dahliae CBS128315	D-glucose	5		d2:0.5 d3:0.8 d6:2.1 d8:3.1
714	Verticillium dahliae CBS128315	D-glucuronic acid	1		d2:0.6 d3:1 d6:2.2 d8:3.2
714	Verticillium dahliae CBS128315	D-mannose	5		d2:0.5 d3:0.8 d6:2 d8:2.8
714	Verticillium dahliae CBS128315	D-ribose	5		d2:0.6 d3:1 d6:2.3 d8:2.9
714	Verticillium dahliae CBS128315	D-xylose	5		d2:0.6 d3:0.9 d6:2.2 d8:2.9
714	Verticillium dahliae CBS128315	guar gum 1%	2		d2:0.4 d3:0.9 d6:2.3 d8:3.2
714	Verticillium dahliae CBS128315	inulin 1%	0		d2:0.6 d3:0.9 d6:2.2 d8:3
714	Verticillium dahliae CBS128315	L-arabinose	5		d2:0.6 d3:0.9 d6:2.3 d8:3.2
714	Verticillium dahliae CBS128315	L-rhamnose	5		d2:0.6 d3:1.1 d6:2.2 d8:3.1
714	Verticillium dahliae CBS128315	lactose	4		d2:0.5 d3:0.9 d6:2.2 d8:3.2
714	Verticillium dahliae CBS128315	maltose	6		d2:0.5 d3:1 d6:2.3 d8:3.1
714	Verticillium dahliae CBS128315	no carbon source	0		d2:0.5 d3:1 d6:2.1 d8:3.1
714	Verticillium dahliae CBS128315	raffinose	6		d2:0.5 d3:0.8 d6:2.1 d8:2.9
714	Verticillium dahliae CBS128315	rice bran 3%	4		d2:0.2 d3:0.6 d6:1.5 d8:2.5
714	Verticillium dahliae CBS128315	soluble starch 1%	5		d2:0.5 d3:0.9 d6:2.2 d8:2.9
714	Verticillium dahliae CBS128315	soybean hulls 3%	3		d2:0.3 d3:0.6 d6:1.4 d8:1.9
714	Verticillium dahliae CBS128315	sucrose	4		d2:0.4 d3:0.9 d6:2.1 d8:2.7
714	Verticillium dahliae CBS128315	wheat bran 3%	3		d2:0.2 d3:0.6 d6:1.5 d8:2.1
715	Verticillium dahliae Vd39	alfalfa meal 3%	9		d10:2.6
715	Verticillium dahliae Vd39	apple pectin 1% pH=6	8		d10:1.7
715	Verticillium dahliae Vd39	arabic gum 1%	6		d10:2.4
715	Verticillium dahliae Vd39	arabinogalactan 1%			d10:1.3
715	Verticillium dahliae Vd39	beechwood xylan 1%	7		d10:1.3
715	Verticillium dahliae Vd39	birchwood xylan 1%	8		d10:2.7
715	Verticillium dahliae Vd39	casein 3%	7		d10:1.2
715	Verticillium dahliae Vd39	cellobiose	6		d10:1
715	Verticillium dahliae Vd39	cellulose 3%	1		d10:2.5
715	Verticillium dahliae Vd39	citrus pectin 1% pH=6	6		d10:0.9
715	Verticillium dahliae Vd39	citrus pulp 3% pH=6	9		d10:2.7
715	Verticillium dahliae Vd39	cotton seed pulp 3%	9		d10:2.6
715	Verticillium dahliae Vd39	D-fructose	5		d10:0.9
715	Verticillium dahliae Vd39	D-galactose	5		d10:0.9
715	Verticillium dahliae Vd39	D-galacturonic acid	0		d10:0.1
715	Verticillium dahliae Vd39	D-glucose	5		d10:1
715	Verticillium dahliae Vd39	D-glucuronic acid	1		d10:1.4
715	Verticillium dahliae Vd39	D-mannose	4		d10:1
715	Verticillium dahliae Vd39	D-ribose	2		d10:1.4
715	Verticillium dahliae Vd39	D-xylose	4		d10:0.9
715	Verticillium dahliae Vd39	guar gum 1%	9		d10:2.3
715	Verticillium dahliae Vd39	inulin 1%	8		d10:2.2
715	Verticillium dahliae Vd39	L-arabinose	3		d10:1.1
715	Verticillium dahliae Vd39	L-rhamnose	5		d10:2
715	Verticillium dahliae Vd39	lactose	1		d10:2.4
715	Verticillium dahliae Vd39	maltose	5		d10:1.3
715	Verticillium dahliae Vd39	no carbon source	1		d10:1.3
715	Verticillium dahliae Vd39	raffinose	6		d10:1.2
715	Verticillium dahliae Vd39	rice bran 3%	10		d10:3.1
715	Verticillium dahliae Vd39	soluble starch 1%	8		d10:1.9
715	Verticillium dahliae Vd39	soybean hulls 3%	9		d10:2.3
715	Verticillium dahliae Vd39	sucrose	2		d10:1.2
715	Verticillium dahliae Vd39	wheat bran 3%	10		d10:3
716	Verticillium longisporum VL-PD589	alfalfa meal 3%	3		d10:1.7
716	Verticillium longisporum VL-PD589	apple pectin 1% pH=6	3		d10:1.3
716	Verticillium longisporum VL-PD589	arabic gum 1%	2		d10:1.6
716	Verticillium longisporum VL-PD589	arabinogalactan 1%			d10:1.6
716	Verticillium longisporum VL-PD589	beechwood xylan 1%	3		d10:1.8
716	Verticillium longisporum VL-PD589	birchwood xylan 1%	4		d10:1.6
716	Verticillium longisporum VL-PD589	casein 3%	5		d10:1.7
716	Verticillium longisporum VL-PD589	cellobiose	5		d10:2.2
716	Verticillium longisporum VL-PD589	cellulose 3%	0		d10:2.2
716	Verticillium longisporum VL-PD589	citrus pectin 1% pH=6	3		d10:1.3
716	Verticillium longisporum VL-PD589	citrus pulp 3% pH=6	2		d10:1.8
716	Verticillium longisporum VL-PD589	cotton seed pulp 3%	5		d10:2
716	Verticillium longisporum VL-PD589	D-fructose	3		d10:1.5
716	Verticillium longisporum VL-PD589	D-galactose	3		d10:1.4
716	Verticillium longisporum VL-PD589	D-galacturonic acid	0		d10:0.1
716	Verticillium longisporum VL-PD589	D-glucose	5		d10:2.3
716	Verticillium longisporum VL-PD589	D-glucuronic acid	1		d10:1.6
716	Verticillium longisporum VL-PD589	D-mannose	4		d10:1.7
716	Verticillium longisporum VL-PD589	D-ribose	4		d10:1.7
716	Verticillium longisporum VL-PD589	D-xylose	4		d10:1.7
716	Verticillium longisporum VL-PD589	guar gum 1%	4		d10:1.9
716	Verticillium longisporum VL-PD589	inulin 1%	4		d10:1.8
716	Verticillium longisporum VL-PD589	L-arabinose	3		d10:1.6
716	Verticillium longisporum VL-PD589	L-rhamnose	3		d10:1.6
716	Verticillium longisporum VL-PD589	lactose	2		d10:1.7
716	Verticillium longisporum VL-PD589	maltose	4		d10:1.9
716	Verticillium longisporum VL-PD589	no carbon source	0		d10:1.3
716	Verticillium longisporum VL-PD589	raffinose	4		d10:1.9
716	Verticillium longisporum VL-PD589	rice bran 3%	3		d10:1.6
716	Verticillium longisporum VL-PD589	soluble starch 1%	4		d10:1.7
716	Verticillium longisporum VL-PD589	soybean hulls 3%	3		d10:1.7
716	Verticillium longisporum VL-PD589	sucrose	6		d10:2.3
716	Verticillium longisporum VL-PD589	wheat bran 3%	4		d10:2
717	Penicillium subrubescens FBCC 1632	alfalfa meal 3%	9		d5:2.3
717	Penicillium subrubescens FBCC 1632	apple pectin 1% pH=6	7		d5:2.4
717	Penicillium subrubescens FBCC 1632	arabic gum 1%	2		d5:2.5
717	Penicillium subrubescens FBCC 1632	arabinogalactan 1%			d5:2.3
717	Penicillium subrubescens FBCC 1632	beechwood xylan 1%	4		d5:1.6
717	Penicillium subrubescens FBCC 1632	birchwood xylan 1%	4		d5:1.9
717	Penicillium subrubescens FBCC 1632	casein 3%	4		d5:2.7
717	Penicillium subrubescens FBCC 1632	cellobiose	3		d5:1.8
717	Penicillium subrubescens FBCC 1632	cellulose 3%	2		d5:2
717	Penicillium subrubescens FBCC 1632	citrus pectin 1% pH=6	7		d5:2.5
717	Penicillium subrubescens FBCC 1632	citrus pulp 3% pH=6	9		d5:2.3
717	Penicillium subrubescens FBCC 1632	cotton seed pulp 3%	9		d5:2.5
717	Penicillium subrubescens FBCC 1632	D-fructose	5		d5:2
717	Penicillium subrubescens FBCC 1632	D-galactose	3		d5:1.2
717	Penicillium subrubescens FBCC 1632	D-galacturonic acid	4		d5:1.6
717	Penicillium subrubescens FBCC 1632	D-glucose	5		d5:2
717	Penicillium subrubescens FBCC 1632	D-glucuronic acid	3		d5:2.3
717	Penicillium subrubescens FBCC 1632	D-mannose	5		d5:1.9
717	Penicillium subrubescens FBCC 1632	D-ribose	4		d5:1.9
717	Penicillium subrubescens FBCC 1632	D-xylose	5		d5:2
717	Penicillium subrubescens FBCC 1632	guar gum 1%	7		d5:2.7
717	Penicillium subrubescens FBCC 1632	inulin 1%	6		d5:2.1
717	Penicillium subrubescens FBCC 1632	L-arabinose	3		d5:1.5
717	Penicillium subrubescens FBCC 1632	L-rhamnose	3		d5:1.9
717	Penicillium subrubescens FBCC 1632	lactose	1		d5:1.7
717	Penicillium subrubescens FBCC 1632	maltose	5		d5:2
717	Penicillium subrubescens FBCC 1632	no carbon source	1		d5:2
717	Penicillium subrubescens FBCC 1632	raffinose	4		d5:1.9
717	Penicillium subrubescens FBCC 1632	rice bran 3%	6		d5:2
717	Penicillium subrubescens FBCC 1632	soluble starch 1%	7		d5:2.1
717	Penicillium subrubescens FBCC 1632	soybean hulls 3%	10		d5:2.4
717	Penicillium subrubescens FBCC 1632	sucrose	5		d5:2
717	Penicillium subrubescens FBCC 1632	wheat bran 3%	8		d5:2.4
718	Dendrothele bispora CBS962.96	alfalfa meal 3%	8		d3:0.4 d5:1.6 d6:2.6
718	Dendrothele bispora CBS962.96	apple pectin 1% pH=6	6		d3:0.5 d5:1 d6:1.3
718	Dendrothele bispora CBS962.96	arabic gum 1%	5		d3:0.5 d5:1.4 d6:2.2
718	Dendrothele bispora CBS962.96	arabinogalactan 1%			d3:0.5 d5:1.3 d6:2.1
718	Dendrothele bispora CBS962.96	beechwood xylan 1%	5		d3:0.8 d5:2.1 d6:2.9
718	Dendrothele bispora CBS962.96	birchwood xylan 1%	6		d3:0.4 d5:1.2 d6:1.9
718	Dendrothele bispora CBS962.96	casein 3%	5		d3:0.2 d5:0.6 d6:1.2
718	Dendrothele bispora CBS962.96	cellobiose	0		d3:0 d5:0 d6:0
718	Dendrothele bispora CBS962.96	cellulose 3%	2		d3:0.3 d5:0.6 d6:0.8
718	Dendrothele bispora CBS962.96	citrus pectin 1% pH=6	6		d3:0.6 d5:1.5 d6:1.8
718	Dendrothele bispora CBS962.96	citrus pulp 3% pH=6	7		d3:0.5 d5:1.4 d6:2.1
718	Dendrothele bispora CBS962.96	cotton seed pulp 3%	9		d3:1.1 d5:2.3 d6:3.1
718	Dendrothele bispora CBS962.96	D-fructose	5		d3:0.4 d5:0.7 d6:1
718	Dendrothele bispora CBS962.96	D-galactose	4		d3:0.2 d5:0.6 d6:0.9
718	Dendrothele bispora CBS962.96	D-galacturonic acid	1		d3:0.1 d5:0.3 d6:0.4
718	Dendrothele bispora CBS962.96	D-glucose	5		d3:0.3 d5:0.7 d6:1
718	Dendrothele bispora CBS962.96	D-glucuronic acid	1		d3:0.5 d5:0.7 d6:0.8
718	Dendrothele bispora CBS962.96	D-mannose	5		d3:0.3 d5:0.6 d6:0.9
718	Dendrothele bispora CBS962.96	D-ribose	0		d3:0 d5:0 d6:0
718	Dendrothele bispora CBS962.96	D-xylose	0		d3:0 d5:0 d6:0
718	Dendrothele bispora CBS962.96	guar gum 1%	8		d3:0.5 d5:1.3 d6:1.8
718	Dendrothele bispora CBS962.96	inulin 1%	1		d3:0 d5:0.1 d6:0.2
718	Dendrothele bispora CBS962.96	L-arabinose	4		d3:0.4 d5:0.4 d6:0.5
718	Dendrothele bispora CBS962.96	L-rhamnose	1		d3:0.6 d5:1.4 d6:1.9
718	Dendrothele bispora CBS962.96	lactose	3		d3:0.2 d5:0.3 d6:0.3
718	Dendrothele bispora CBS962.96	maltose	5		d3:0.3 d5:0.8 d6:1.3
718	Dendrothele bispora CBS962.96	no carbon source	1		d3:0.3 d5:0.9 d6:1.2
718	Dendrothele bispora CBS962.96	raffinose	2		d3:0.3 d5:0.9 d6:1.3
718	Dendrothele bispora CBS962.96	rice bran 3%	7		d3:0.4 d5:0.8 d6:1.3
718	Dendrothele bispora CBS962.96	soluble starch 1%	6		d3:0.6 d5:1.4 d6:2
718	Dendrothele bispora CBS962.96	soybean hulls 3%	10		d3:0.6 d5:1.9 d6:2.9
718	Dendrothele bispora CBS962.96	sucrose	2		d3:0.3 d5:0.9 d6:1.2
718	Dendrothele bispora CBS962.96	wheat bran 3%	9		d3:0.7 d5:2.1 d6:3.2
719	Aspergillus uvarum CBS121591	alfalfa meal 3%	9		d4:3.3
719	Aspergillus uvarum CBS121591	apple pectin 1% pH=6	7		d4:3
719	Aspergillus uvarum CBS121591	arabic gum 1%	0		d4:2.8
719	Aspergillus uvarum CBS121591	arabinogalactan 1%			d4:3
719	Aspergillus uvarum CBS121591	beechwood xylan 1%	6		d4:2.9
719	Aspergillus uvarum CBS121591	birchwood xylan 1%	4		d4:1.9
719	Aspergillus uvarum CBS121591	casein 3%	0		d4:2.6
719	Aspergillus uvarum CBS121591	cellobiose	6		d4:2.5
719	Aspergillus uvarum CBS121591	cellulose 3%	0		d4:1.4
719	Aspergillus uvarum CBS121591	citrus pectin 1% pH=6	7		d4:2.8
719	Aspergillus uvarum CBS121591	citrus pulp 3% pH=6	10		d4:3
719	Aspergillus uvarum CBS121591	cotton seed pulp 3%	10		d4:3
719	Aspergillus uvarum CBS121591	D-fructose	6		d4:2.8
719	Aspergillus uvarum CBS121591	D-galactose	1		d4:0.4
719	Aspergillus uvarum CBS121591	D-galacturonic acid	4		d4:2.2
719	Aspergillus uvarum CBS121591	D-glucose	5		d4:2.7
719	Aspergillus uvarum CBS121591	D-glucuronic acid	1		d4:2.2
719	Aspergillus uvarum CBS121591	D-mannose	5		d4:2.7
719	Aspergillus uvarum CBS121591	D-ribose	0		d4:2.4
719	Aspergillus uvarum CBS121591	D-xylose	6		d4:2.6
719	Aspergillus uvarum CBS121591	guar gum 1%	6		d4:2.7
719	Aspergillus uvarum CBS121591	inulin 1%	0		d4:2.4
719	Aspergillus uvarum CBS121591	L-arabinose	5		d4:2.6
719	Aspergillus uvarum CBS121591	L-rhamnose	3		d4:2.3
719	Aspergillus uvarum CBS121591	lactose	1		d4:2.4
719	Aspergillus uvarum CBS121591	maltose	6		d4:2.8
719	Aspergillus uvarum CBS121591	no carbon source	0		d4:2.3
719	Aspergillus uvarum CBS121591	raffinose	6		d4:2.7
719	Aspergillus uvarum CBS121591	rice bran 3%	8		d4:2.7
719	Aspergillus uvarum CBS121591	soluble starch 1%	6		d4:2.5
719	Aspergillus uvarum CBS121591	soybean hulls 3%	9		d4:2.8
719	Aspergillus uvarum CBS121591	sucrose	7		d4:3
719	Aspergillus uvarum CBS121591	wheat bran 3%	10		d4:3
720	Aspergillus undulatus CBS261.88	alfalfa meal 3%	9		d7:3.2
720	Aspergillus undulatus CBS261.88	apple pectin 1% pH=6	7		d7:2.4
720	Aspergillus undulatus CBS261.88	arabic gum 1%	0		d7:3
720	Aspergillus undulatus CBS261.88	arabinogalactan 1%			d7:2.5
720	Aspergillus undulatus CBS261.88	beechwood xylan 1%	6		d7:2.1
720	Aspergillus undulatus CBS261.88	birchwood xylan 1%	7		d7:2.2
720	Aspergillus undulatus CBS261.88	casein 3%	7		d7:2.4
720	Aspergillus undulatus CBS261.88	cellobiose	4		d7:0.9
720	Aspergillus undulatus CBS261.88	cellulose 3%	0		d7:2.2
720	Aspergillus undulatus CBS261.88	citrus pectin 1% pH=6	6		d7:1.6
720	Aspergillus undulatus CBS261.88	citrus pulp 3% pH=6	8		d7:3
720	Aspergillus undulatus CBS261.88	cotton seed pulp 3%	9		d7:3.3
720	Aspergillus undulatus CBS261.88	D-fructose	5		d7:1.4
720	Aspergillus undulatus CBS261.88	D-galactose	0		d7:0.5
720	Aspergillus undulatus CBS261.88	D-galacturonic acid	2		d7:0.9
720	Aspergillus undulatus CBS261.88	D-glucose	5		d7:1
720	Aspergillus undulatus CBS261.88	D-glucuronic acid	2		d7:2.1
720	Aspergillus undulatus CBS261.88	D-mannose	5		d7:1.2
720	Aspergillus undulatus CBS261.88	D-ribose	0		d7:1.7
720	Aspergillus undulatus CBS261.88	D-xylose	6		d7:1.6
720	Aspergillus undulatus CBS261.88	guar gum 1%	8		d7:3
720	Aspergillus undulatus CBS261.88	inulin 1%	0		d7:2.3
720	Aspergillus undulatus CBS261.88	L-arabinose	6		d7:1.6
720	Aspergillus undulatus CBS261.88	L-rhamnose	4		d7:1.9
720	Aspergillus undulatus CBS261.88	lactose	0		d7:0.5
720	Aspergillus undulatus CBS261.88	maltose	4		d7:1
720	Aspergillus undulatus CBS261.88	no carbon source	0		d7:2.3
720	Aspergillus undulatus CBS261.88	raffinose	5		d7:1.5
720	Aspergillus undulatus CBS261.88	rice bran 3%	8		d7:3
720	Aspergillus undulatus CBS261.88	soluble starch 1%	3		d7:1
720	Aspergillus undulatus CBS261.88	soybean hulls 3%	9		d7:3.3
720	Aspergillus undulatus CBS261.88	sucrose	5		d7:1.4
720	Aspergillus undulatus CBS261.88	wheat bran 3%	10		d7:3.3
721	Aspergillus melleus CBS112787	alfalfa meal 3%	9		d4:2.8
721	Aspergillus melleus CBS112787	apple pectin 1% pH=6	7		d4:1.9
721	Aspergillus melleus CBS112787	arabic gum 1%	1		d4:1.8
721	Aspergillus melleus CBS112787	arabinogalactan 1%			d4:1.9
721	Aspergillus melleus CBS112787	beechwood xylan 1%	7		d4:2.1
721	Aspergillus melleus CBS112787	birchwood xylan 1%	6		d4:1.8
721	Aspergillus melleus CBS112787	casein 3%	8		d4:2.3
721	Aspergillus melleus CBS112787	cellobiose	6		d4:1.5
721	Aspergillus melleus CBS112787	cellulose 3%	0		d4:1.7
721	Aspergillus melleus CBS112787	citrus pectin 1% pH=6	7		d4:1.8
721	Aspergillus melleus CBS112787	citrus pulp 3% pH=6	8		d4:2.4
721	Aspergillus melleus CBS112787	cotton seed pulp 3%	10		d4:3.1
721	Aspergillus melleus CBS112787	D-fructose	6		d4:1.5
721	Aspergillus melleus CBS112787	D-galactose	1		d4:1
721	Aspergillus melleus CBS112787	D-galacturonic acid	2		d4:0.4
721	Aspergillus melleus CBS112787	D-glucose	5		d4:1.3
721	Aspergillus melleus CBS112787	D-glucuronic acid	0		d4:2
721	Aspergillus melleus CBS112787	D-mannose	6		d4:1.6
721	Aspergillus melleus CBS112787	D-ribose	0		d4:1.3
721	Aspergillus melleus CBS112787	D-xylose	6		d4:1.7
721	Aspergillus melleus CBS112787	guar gum 1%	3		d4:2.1
721	Aspergillus melleus CBS112787	inulin 1%	6		d4:1.8
721	Aspergillus melleus CBS112787	L-arabinose	4		d4:1.7
721	Aspergillus melleus CBS112787	L-rhamnose	2		d4:1.7
721	Aspergillus melleus CBS112787	lactose	1		d4:1.6
721	Aspergillus melleus CBS112787	maltose	6		d4:1.6
721	Aspergillus melleus CBS112787	no carbon source	0		d4:1.5
721	Aspergillus melleus CBS112787	raffinose	7		d4:1.8
721	Aspergillus melleus CBS112787	rice bran 3%	9		d4:2.6
721	Aspergillus melleus CBS112787	soluble starch 1%	4		d4:1.3
721	Aspergillus melleus CBS112787	soybean hulls 3%	9		d4:2.5
721	Aspergillus melleus CBS112787	sucrose	6		d4:1.7
721	Aspergillus melleus CBS112787	wheat bran 3%	10		d4:3
722	Aspergillus bisporus CBS707.71	alfalfa meal 3%	8		d4:1.4 d7:2
722	Aspergillus bisporus CBS707.71	apple pectin 1% pH=6	6		d4:1.6 d7:2.2
722	Aspergillus bisporus CBS707.71	arabic gum 1%	1		d4:1.6 d7:2
722	Aspergillus bisporus CBS707.71	arabinogalactan 1%			d4:1.3 d7:2.5
722	Aspergillus bisporus CBS707.71	beechwood xylan 1%	6		d4:1 d7:2
722	Aspergillus bisporus CBS707.71	birchwood xylan 1%	6		d4:1.9 d7:2
722	Aspergillus bisporus CBS707.71	casein 3%	7		d4:1.8 d7:2.2
722	Aspergillus bisporus CBS707.71	cellobiose	4		d4:0.6 d7:1
722	Aspergillus bisporus CBS707.71	cellulose 3%	0		d4:1 d7:1.8
722	Aspergillus bisporus CBS707.71	citrus pectin 1% pH=6	8		d4:1.6 d7:3
722	Aspergillus bisporus CBS707.71	citrus pulp 3% pH=6	8		d4:1.1 d7:2.5
722	Aspergillus bisporus CBS707.71	cotton seed pulp 3%	8		d4:2 d7:2.5
722	Aspergillus bisporus CBS707.71	D-fructose	3		d4:1 d7:1.7
722	Aspergillus bisporus CBS707.71	D-galactose	1		d4:0 d7:0.5
722	Aspergillus bisporus CBS707.71	D-galacturonic acid	0		d4:0
722	Aspergillus bisporus CBS707.71	D-glucose	5		d4:1.1 d7:1.9
722	Aspergillus bisporus CBS707.71	D-glucuronic acid	1		d4:0.9 d7:1.8
722	Aspergillus bisporus CBS707.71	D-mannose	6		d4:1.3 d7:2.2
722	Aspergillus bisporus CBS707.71	D-ribose	0		d4:0.9 d7:1.8
722	Aspergillus bisporus CBS707.71	D-xylose	6		d4:1.2 d7:2.5
722	Aspergillus bisporus CBS707.71	guar gum 1%	1		d4:1.8 d7:3
722	Aspergillus bisporus CBS707.71	inulin 1%	6		d4:1.5 d7:2.1
722	Aspergillus bisporus CBS707.71	L-arabinose	0		d4:0.9 d7:1.8
722	Aspergillus bisporus CBS707.71	L-rhamnose	0		d4:0.9 d7:1.5
722	Aspergillus bisporus CBS707.71	lactose	0		d4:0.7 d7:1.5
722	Aspergillus bisporus CBS707.71	maltose	4		d4:1 d7:2
722	Aspergillus bisporus CBS707.71	no carbon source	0		d4:0.9 d7:1.7
722	Aspergillus bisporus CBS707.71	raffinose	7		d4:1.3 d7:2.2
722	Aspergillus bisporus CBS707.71	rice bran 3%	9		d4:1.6 d7:2.5
722	Aspergillus bisporus CBS707.71	soluble starch 1%	8		d4:1.7 d7:3
722	Aspergillus bisporus CBS707.71	soybean hulls 3%	10		d4:1.5 d7:2.5
722	Aspergillus bisporus CBS707.71	sucrose	7		d4:1.3 d7:2.2
722	Aspergillus bisporus CBS707.71	wheat bran 3%	10		d4:1.5 d7:3
723	Aspergillus cretensis CBS112802	alfalfa meal 3%	7		d7:2.9
723	Aspergillus cretensis CBS112802	apple pectin 1% pH=6	4		d7:2.1
723	Aspergillus cretensis CBS112802	arabic gum 1%	1		d7:1.9
723	Aspergillus cretensis CBS112802	arabinogalactan 1%			d7:2.1
723	Aspergillus cretensis CBS112802	beechwood xylan 1%	7		d7:2.3
723	Aspergillus cretensis CBS112802	birchwood xylan 1%	7		d7:2.3
723	Aspergillus cretensis CBS112802	casein 3%	6		d7:2.2
723	Aspergillus cretensis CBS112802	cellobiose	4		d7:1.7
723	Aspergillus cretensis CBS112802	cellulose 3%	1		d7:1.9
723	Aspergillus cretensis CBS112802	citrus pectin 1% pH=6	4		d7:1.4
723	Aspergillus cretensis CBS112802	citrus pulp 3% pH=6	8		d7:2.6
723	Aspergillus cretensis CBS112802	cotton seed pulp 3%	9		d7:3
723	Aspergillus cretensis CBS112802	D-fructose	4		d7:2.2
723	Aspergillus cretensis CBS112802	D-galactose	2		d7:1.2
723	Aspergillus cretensis CBS112802	D-galacturonic acid	0		d7:0
723	Aspergillus cretensis CBS112802	D-glucose	5		d7:2
723	Aspergillus cretensis CBS112802	D-glucuronic acid	3		d7:1.9
723	Aspergillus cretensis CBS112802	D-mannose	5		d7:2.2
723	Aspergillus cretensis CBS112802	D-ribose	1		d7:1.4
723	Aspergillus cretensis CBS112802	D-xylose	6		d7:2.3
723	Aspergillus cretensis CBS112802	guar gum 1%	6		d7:2.6
723	Aspergillus cretensis CBS112802	inulin 1%	5		d7:1.9
723	Aspergillus cretensis CBS112802	L-arabinose	5		d7:2
723	Aspergillus cretensis CBS112802	L-rhamnose	4		d7:1.9
723	Aspergillus cretensis CBS112802	lactose	3		d7:1.8
723	Aspergillus cretensis CBS112802	maltose	5		d7:1.9
723	Aspergillus cretensis CBS112802	no carbon source	1		d7:1.8
723	Aspergillus cretensis CBS112802	raffinose	7		d7:2.1
723	Aspergillus cretensis CBS112802	rice bran 3%	10		d7:3
723	Aspergillus cretensis CBS112802	soluble starch 1%	5		d7:1.9
723	Aspergillus cretensis CBS112802	soybean hulls 3%	9		d7:3
723	Aspergillus cretensis CBS112802	sucrose	6		d7:2.1
723	Aspergillus cretensis CBS112802	wheat bran 3%	10		d7:2.9
724	Aspergillus falconensis CBS989.72	alfalfa meal 3%	8		d3:2.4
724	Aspergillus falconensis CBS989.72	apple pectin 1% pH=6	6		d3:2.2
724	Aspergillus falconensis CBS989.72	arabic gum 1%	0		d3:2
724	Aspergillus falconensis CBS989.72	arabinogalactan 1%			d3:2.1
724	Aspergillus falconensis CBS989.72	beechwood xylan 1%	3		d3:1.9
724	Aspergillus falconensis CBS989.72	birchwood xylan 1%	3		d3:1.7
724	Aspergillus falconensis CBS989.72	casein 3%	3		d3:2
724	Aspergillus falconensis CBS989.72	cellobiose	4		d3:1.6
724	Aspergillus falconensis CBS989.72	cellulose 3%	0		d3:1.9
724	Aspergillus falconensis CBS989.72	citrus pectin 1% pH=6	5		d3:1.3
724	Aspergillus falconensis CBS989.72	citrus pulp 3% pH=6	10		d3:2.7
724	Aspergillus falconensis CBS989.72	cotton seed pulp 3%	9		d3:2.8
724	Aspergillus falconensis CBS989.72	D-fructose	5		d3:1.4
724	Aspergillus falconensis CBS989.72	D-galactose	1		d3:1.5
724	Aspergillus falconensis CBS989.72	D-galacturonic acid	0		d3:0.3
724	Aspergillus falconensis CBS989.72	D-glucose	3		d3:0.7
724	Aspergillus falconensis CBS989.72	D-glucuronic acid	1		d3:1.6
724	Aspergillus falconensis CBS989.72	D-mannose	5		d3:1.4
724	Aspergillus falconensis CBS989.72	D-ribose	1		d3:1.5
724	Aspergillus falconensis CBS989.72	D-xylose	6		d3:1.5
724	Aspergillus falconensis CBS989.72	guar gum 1%	6		d3:2.2
724	Aspergillus falconensis CBS989.72	inulin 1%	0		d3:1.9
724	Aspergillus falconensis CBS989.72	L-arabinose	2		d3:1.5
724	Aspergillus falconensis CBS989.72	L-rhamnose	1		d3:1.4
724	Aspergillus falconensis CBS989.72	lactose	1		d3:1.8
724	Aspergillus falconensis CBS989.72	maltose	3		d3:1.1
724	Aspergillus falconensis CBS989.72	no carbon source	0		d3:1.5
724	Aspergillus falconensis CBS989.72	raffinose	3		d3:1.5
724	Aspergillus falconensis CBS989.72	rice bran 3%	8		d3:2.1
724	Aspergillus falconensis CBS989.72	soluble starch 1%	4		d3:1.6
724	Aspergillus falconensis CBS989.72	soybean hulls 3%	8		d3:2.5
724	Aspergillus falconensis CBS989.72	sucrose	4		d3:1.2
724	Aspergillus falconensis CBS989.72	wheat bran 3%	7		d3:2.4
725	Aspergillus saccharolyticus IBT30881	alfalfa meal 3%	8		d2:0.5 d4:1.1
725	Aspergillus saccharolyticus IBT30881	apple pectin 1% pH=6	7		d2:0.2 d4:1.3
725	Aspergillus saccharolyticus IBT30881	arabic gum 1%	2		d2:0.4 d4:0.9
725	Aspergillus saccharolyticus IBT30881	arabinogalactan 1%			d2:0.3 d4:1
725	Aspergillus saccharolyticus IBT30881	beechwood xylan 1%	2		d2:0.2 d4:0.8
725	Aspergillus saccharolyticus IBT30881	birchwood xylan 1%	2		d4:0.5
725	Aspergillus saccharolyticus IBT30881	casein 3%	0		d4:0.7
725	Aspergillus saccharolyticus IBT30881	cellobiose	4		d2:0.3 d4:0.9
725	Aspergillus saccharolyticus IBT30881	cellulose 3%	0		d4:0.3
725	Aspergillus saccharolyticus IBT30881	citrus pectin 1% pH=6	6		d2:0.3 d4:1.4
725	Aspergillus saccharolyticus IBT30881	citrus pulp 3% pH=6	10		d2:0.6 d4:1.5
725	Aspergillus saccharolyticus IBT30881	cotton seed pulp 3%	4		d2:0.3 d4:1.1
725	Aspergillus saccharolyticus IBT30881	D-fructose	5		d2:0.3 d4:0.9
725	Aspergillus saccharolyticus IBT30881	D-galactose	1		d4:0.2
725	Aspergillus saccharolyticus IBT30881	D-galacturonic acid	2		d4:1
725	Aspergillus saccharolyticus IBT30881	D-glucose	5		d2:0.4 d4:1
725	Aspergillus saccharolyticus IBT30881	D-glucuronic acid	0		d4:0.6
725	Aspergillus saccharolyticus IBT30881	D-mannose	4		d2:0.3 d4:0.8
725	Aspergillus saccharolyticus IBT30881	D-ribose	0		d4:0.6
725	Aspergillus saccharolyticus IBT30881	D-xylose	4		d2:0.3 d4:0.9
725	Aspergillus saccharolyticus IBT30881	guar gum 1%	5		d2:0.4 d4:1.2
725	Aspergillus saccharolyticus IBT30881	inulin 1%	0		d2:0.3 d4:0.7
725	Aspergillus saccharolyticus IBT30881	L-arabinose	3		d2:0.2 d4:0.7
725	Aspergillus saccharolyticus IBT30881	L-rhamnose	3		d2:0.3 d4:0.7
725	Aspergillus saccharolyticus IBT30881	lactose	0		d4:0.7
725	Aspergillus saccharolyticus IBT30881	maltose	3		d4:0.8
725	Aspergillus saccharolyticus IBT30881	no carbon source	0		d4:0.6
725	Aspergillus saccharolyticus IBT30881	raffinose	1		d2:0.2 d4:0.6
725	Aspergillus saccharolyticus IBT30881	rice bran 3%	9		d2:0.4 d4:1.3
725	Aspergillus saccharolyticus IBT30881	soluble starch 1%	5		d2:0.4 d4:1.1
725	Aspergillus saccharolyticus IBT30881	soybean hulls 3%	7		d2:0.5 d4:1
725	Aspergillus saccharolyticus IBT30881	sucrose	5		d2:0.3 d4:0.9
725	Aspergillus saccharolyticus IBT30881	wheat bran 3%	9		d2:0.5 d4:1.4
