{
  "ptm": 0.723680853843689,
  "iptm": 0.6064661145210266,
  "confidence_score": 0.6064661145210266,
  "complex_plddt": 0.7701659202575684
}
