{
  "ptm": 0.6161512136459351,
  "iptm": 0.3624129593372345,
  "confidence_score": 0.3624129593372345,
  "complex_plddt": 0.8248530030250549
}
